trade_date,wind_code,open,high,low,close,volume,amt
2014-01-02,801970.SI,2320.06,2355.18,2295.01,2328.37,170850000,2393280000
2014-01-03,801970.SI,2326.08,2355.09,2291.17,2320.01,223440000,2828820000
2014-01-06,801970.SI,2315.96,2339.71,2257.41,2279.28,246580000,2861440000
2014-01-07,801970.SI,2266.56,2328.69,2245.38,2298.87,172190000,2329660000
2014-01-08,801970.SI,2312.01,2373.27,2292.96,2324.57,232100000,3252510000
2014-01-09,801970.SI,2321.39,2367.12,2286.94,2311.62,233890000,3123160000
2014-01-10,801970.SI,2309.18,2327.52,2230.56,2253.27,203530000,2480300000
2014-01-13,801970.SI,2245.23,2275.19,2178.33,2206.72,250610000,3034440000
2014-01-14,801970.SI,2208.15,2264.15,2187.47,2243.66,184900000,2403760000
2014-01-15,801970.SI,2244.1,2277.45,2196.54,2226.67,182490000,2691190000
2014-01-16,801970.SI,2235.58,2269.39,2192.58,2222.54,189770000,2487700000
2014-01-17,801970.SI,2204.91,2230.71,2156.24,2178.19,201640000,2458320000
2014-01-20,801970.SI,2176.63,2237.0,2140.14,2178.06,249870000,3316840000
2014-01-21,801970.SI,2176.27,2217.09,2149.0,2192.48,229680000,2701210000
2014-01-22,801970.SI,2192.06,2269.1,2175.48,2251.88,303570000,3704220000
2014-01-23,801970.SI,2251.9,2296.87,2229.87,2271.01,300590000,3679660000
2014-01-24,801970.SI,2269.75,2324.64,2249.77,2297.09,272470000,3741380000
2014-01-27,801970.SI,2287.78,2314.2,2238.12,2261.13,250490000,3361970000
2014-01-28,801970.SI,2265.72,2306.07,2224.22,2268.15,242580000,3086190000
2014-01-29,801970.SI,2269.43,2313.37,2243.88,2282.61,254350000,3309630000
2014-01-30,801970.SI,2278.24,2304.56,2233.1,2258.51,173140000,2493740000
2014-02-07,801970.SI,2247.61,2319.14,2229.13,2301.8,250810000,3388680000
2014-02-10,801970.SI,2309.42,2382.34,2292.17,2361.41,395890000,5318140000
2014-02-11,801970.SI,2365.94,2473.66,2337.43,2414.93,581390000,7729820000
2014-02-12,801970.SI,2439.38,2532.16,2416.18,2472.46,581700000,8307050000
2014-02-13,801970.SI,2493.3,2529.41,2419.3,2440.25,508960000,7477360000
2014-02-14,801970.SI,2442.15,2491.33,2414.19,2469.4,379520000,5438730000
2014-02-17,801970.SI,2480.98,2534.89,2458.0,2495.48,464930000,6683430000
2014-02-18,801970.SI,2497.28,2518.68,2431.07,2458.51,449220000,6198890000
2014-02-19,801970.SI,2465.55,2509.64,2421.2,2453.02,428680000,6097300000
2014-02-20,801970.SI,2452.17,2468.03,2366.5,2390.28,376140000,5283040000
2014-02-21,801970.SI,2388.31,2435.35,2351.23,2399.66,340570000,4836140000
2014-02-24,801970.SI,2413.24,2451.78,2367.2,2414.49,369500000,5496890000
2014-02-25,801970.SI,2414.92,2437.81,2267.31,2295.84,461130000,6641150000
2014-02-26,801970.SI,2281.92,2319.2,2211.95,2288.89,292530000,4269620000
2014-02-27,801970.SI,2294.4,2341.93,2236.35,2254.58,350070000,4664990000
2014-02-28,801970.SI,2249.14,2303.07,2211.29,2287.78,309070000,3830290000
2014-03-03,801970.SI,2288.16,2422.21,2274.38,2407.9,493760000,6785060000
2014-03-04,801970.SI,2396.29,2414.46,2337.19,2376.84,393940000,5730560000
2014-03-05,801970.SI,2390.69,2420.26,2330.93,2351.88,306600000,4261950000
2014-03-06,801970.SI,2349.01,2377.22,2289.65,2341.16,269810000,3811850000
2014-03-07,801970.SI,2338.02,2361.81,2284.69,2308.14,268670000,3730130000
2014-03-10,801970.SI,2302.95,2348.77,2239.03,2258.44,303880000,4343710000
2014-03-11,801970.SI,2248.99,2283.73,2210.27,2249.64,225490000,3251730000
2014-03-12,801970.SI,2242.7,2273.27,2190.87,2230.96,220880000,2908480000
2014-03-13,801970.SI,2229.6,2281.61,2219.2,2268.36,194230000,2820630000
2014-03-14,801970.SI,2256.67,2284.01,2215.53,2245.91,177410000,2445320000
2014-03-17,801970.SI,2249.04,2287.76,2229.09,2276.4,186200000,2523470000
2014-03-18,801970.SI,2276.23,2328.59,2256.13,2301.79,255690000,3649070000
2014-03-19,801970.SI,2287.26,2309.75,2222.09,2256.7,235890000,3638250000
2014-03-20,801970.SI,2249.38,2285.47,2175.08,2198.91,267030000,3863850000
2014-03-21,801970.SI,2181.42,2244.21,2141.61,2225.64,273800000,3483730000
2014-03-24,801970.SI,2230.87,2267.09,2197.98,2234.02,247350000,3077520000
2014-03-25,801970.SI,2220.29,2253.63,2190.29,2217.83,249270000,3115210000
2014-03-26,801970.SI,2232.88,2260.69,2195.0,2226.31,266030000,3171090000
2014-03-27,801970.SI,2230.4,2248.9,2168.89,2182.8,291080000,3445990000
2014-03-28,801970.SI,2176.31,2204.83,2096.9,2130.7,293690000,3546690000
2014-03-31,801970.SI,2128.27,2160.72,2086.23,2112.36,202120000,2296490000
2014-04-01,801970.SI,2116.9,2168.74,2104.8,2153.85,201030000,2353400000
2014-04-02,801970.SI,2156.81,2183.65,2117.85,2147.31,201950000,2381310000
2014-04-03,801970.SI,2148.42,2181.25,2117.07,2143.89,202060000,2384110000
2014-04-04,801970.SI,2142.62,2172.36,2122.74,2159.7,162260000,2012700000
2014-04-08,801970.SI,2149.55,2188.75,2121.88,2174.75,210200000,2616750000
2014-04-09,801970.SI,2175.41,2222.94,2159.87,2197.71,281170000,3157460000
2014-04-10,801970.SI,2203.96,2231.48,2177.29,2200.15,319550000,3639760000
2014-04-11,801970.SI,2189.99,2201.62,2149.65,2170.71,228070000,2854370000
2014-04-14,801970.SI,2182.59,2220.13,2167.49,2196.97,247230000,2828050000
2014-04-15,801970.SI,2192.42,2210.43,2156.41,2172.01,218260000,2560210000
2014-04-16,801970.SI,2166.63,2189.45,2141.3,2162.11,186160000,2203850000
2014-04-17,801970.SI,2164.86,2190.14,2142.87,2167.01,201860000,2369710000
2014-04-18,801970.SI,2166.65,2198.8,2144.42,2182.69,203260000,2484370000
2014-04-21,801970.SI,2166.46,2197.57,2132.1,2147.54,239610000,2697750000
2014-04-22,801970.SI,2146.31,2171.51,2090.48,2129.15,236390000,2812250000
2014-04-23,801970.SI,2126.58,2153.36,2099.4,2130.49,165680000,2073360000
2014-04-24,801970.SI,2129.59,2159.49,2103.96,2122.73,168610000,2158620000
2014-04-25,801970.SI,2130.9,2158.17,2078.7,2091.03,177480000,2114870000
2014-04-28,801970.SI,2085.17,2098.26,1985.07,2008.68,201580000,2437470000
2014-04-29,801970.SI,2008.3,2060.39,1996.1,2047.3,142990000,1736020000
2014-04-30,801970.SI,2047.73,2080.47,2025.94,2061.77,166790000,1808160000
2014-05-05,801970.SI,2058.62,2089.49,2035.93,2077.79,178620000,1895510000
2014-05-06,801970.SI,2078.98,2117.47,2063.56,2086.27,192920000,2146670000
2014-05-07,801970.SI,2078.94,2090.74,2027.34,2040.15,180030000,2033890000
2014-05-08,801970.SI,2032.89,2072.94,2009.35,2035.79,182130000,2011800000
2014-05-09,801970.SI,2037.09,2067.19,1995.37,2031.87,193190000,2187680000
2014-05-12,801970.SI,2043.1,2078.52,2018.57,2068.07,191120000,2142890000
2014-05-13,801970.SI,2069.18,2093.06,2047.54,2062.31,149470000,1703190000
2014-05-14,801970.SI,2066.8,2088.83,2040.81,2063.57,138500000,1591590000
2014-05-15,801970.SI,2061.36,2075.62,2000.65,2011.65,172460000,2083020000
2014-05-16,801970.SI,2007.74,2028.86,1965.57,1992.69,172690000,2125510000
2014-05-19,801970.SI,1993.17,2013.21,1958.33,1982.76,141830000,1721410000
2014-05-20,801970.SI,2000.25,2029.85,1977.21,1993.11,139980000,1861360000
2014-05-21,801970.SI,1987.94,2021.55,1965.11,2010.12,129070000,1620850000
2014-05-22,801970.SI,2015.3,2052.84,1995.01,2008.95,207570000,2411630000
2014-05-23,801970.SI,2004.83,2035.29,1987.87,2023.86,165920000,2097280000
2014-05-26,801970.SI,2029.96,2063.32,2012.71,2047.74,204050000,2793290000
2014-05-27,801970.SI,2048.35,2063.53,2015.14,2026.53,171160000,2182390000
2014-05-28,801970.SI,2030.53,2060.05,2009.43,2051.11,200790000,2603350000
2014-05-29,801970.SI,2052.32,2071.06,2016.31,2026.61,186330000,2371000000
2014-05-30,801970.SI,2027.42,2046.76,1996.28,2021.52,160520000,1898860000
2014-06-03,801970.SI,2024.81,2050.0,2002.46,2017.41,170420000,1884770000
2014-06-04,801970.SI,2017.45,2072.12,1998.03,2054.54,332720000,4361150000
2014-06-05,801970.SI,2052.86,2077.03,2026.05,2065.61,270630000,3647780000
2014-06-06,801970.SI,2065.95,2088.47,2032.88,2057.61,251770000,3052840000
2014-06-09,801970.SI,2054.77,2073.41,2019.53,2031.06,227010000,2421450000
2014-06-10,801970.SI,2031.85,2065.53,2017.53,2056.08,225130000,2546660000
2014-06-11,801970.SI,2065.98,2148.3,2057.92,2114.01,539030000,5802420000
2014-06-12,801970.SI,2102.45,2119.19,2071.17,2090.23,370840000,3628420000
2014-06-13,801970.SI,2085.15,2128.98,2074.13,2109.31,291200000,3264850000
2014-06-16,801970.SI,2110.28,2151.29,2098.78,2130.63,269720000,3282460000
2014-06-17,801970.SI,2127.25,2163.0,2089.69,2115.01,379100000,3843610000
2014-06-18,801970.SI,2116.03,2135.74,2074.03,2087.61,296550000,2953690000
2014-06-19,801970.SI,2086.71,2122.07,2022.2,2052.65,291090000,3235780000
2014-06-20,801970.SI,2049.78,2087.76,2029.39,2074.54,226240000,2333500000
2014-06-23,801970.SI,2075.72,2113.12,2062.61,2085.77,242490000,2595840000
2014-06-24,801970.SI,2086.55,2115.84,2064.9,2095.87,263580000,2710880000
2014-06-25,801970.SI,2094.16,2121.59,2062.67,2102.58,243360000,2845160000
2014-06-26,801970.SI,2106.94,2140.73,2092.01,2120.8,289850000,3444350000
2014-06-27,801970.SI,2118.08,2148.1,2100.14,2122.1,322090000,3328780000
2014-06-30,801970.SI,2120.58,2149.76,2101.04,2133.45,288010000,3090920000
2014-07-01,801970.SI,2134.5,2165.48,2115.54,2145.92,304200000,3399770000
2014-07-02,801970.SI,2150.79,2172.11,2119.31,2147.84,303990000,3360750000
2014-07-03,801970.SI,2149.2,2182.88,2129.43,2158.86,340580000,3723360000
2014-07-04,801970.SI,2156.42,2181.36,2124.72,2144.57,337540000,3716710000
2014-07-07,801970.SI,2146.66,2164.19,2099.84,2124.05,318320000,3600710000
2014-07-08,801970.SI,2118.36,2152.54,2097.42,2140.81,324750000,3982380000
2014-07-09,801970.SI,2139.99,2171.13,2099.43,2113.08,372940000,5014660000
2014-07-10,801970.SI,2109.75,2142.17,2085.46,2105.02,261740000,3718600000
2014-07-11,801970.SI,2101.86,2142.39,2089.22,2118.46,278960000,3565600000
2014-07-14,801970.SI,2121.39,2169.96,2107.73,2158.26,333100000,4186240000
2014-07-15,801970.SI,2155.56,2172.12,2115.6,2141.23,270120000,3492700000
2014-07-16,801970.SI,2136.88,2165.77,2109.57,2129.4,270780000,4024170000
2014-07-17,801970.SI,2123.49,2153.75,2098.95,2129.27,225270000,3123470000
2014-07-18,801970.SI,2125.77,2165.01,2098.76,2128.64,264290000,3586140000
2014-07-21,801970.SI,2118.16,2139.26,2071.23,2098.82,224850000,3162350000
2014-07-22,801970.SI,2093.49,2133.2,2079.97,2118.24,221490000,2955830000
2014-07-23,801970.SI,2112.37,2137.49,2069.9,2090.11,248770000,3235550000
2014-07-24,801970.SI,2086.24,2114.65,2046.26,2082.91,279340000,3373210000
2014-07-25,801970.SI,2081.89,2129.49,2068.19,2111.09,314700000,3668460000
2014-07-28,801970.SI,2119.52,2170.86,2106.7,2153.64,511090000,5201900000
2014-07-29,801970.SI,2153.61,2193.45,2133.8,2173.11,448460000,5104160000
2014-07-30,801970.SI,2170.67,2200.36,2147.45,2177.0,373030000,4666150000
2014-07-31,801970.SI,2175.33,2195.09,2153.87,2181.5,292520000,3338150000
2014-08-01,801970.SI,2174.57,2215.25,2149.09,2168.72,464720000,5004570000
2014-08-04,801970.SI,2169.68,2202.6,2157.54,2191.38,325560000,3682490000
2014-08-05,801970.SI,2190.49,2220.73,2164.59,2205.48,337810000,4109510000
2014-08-06,801970.SI,2199.89,2235.2,2179.45,2221.41,474750000,4529260000
2014-08-07,801970.SI,2222.61,2250.58,2188.15,2201.03,408770000,4284910000
2014-08-08,801970.SI,2204.39,2233.42,2187.57,2212.39,302150000,3181340000
2014-08-11,801970.SI,2217.99,2269.64,2207.77,2255.92,393800000,4418180000
2014-08-12,801970.SI,2255.05,2283.39,2234.12,2266.76,355670000,3994770000
2014-08-13,801970.SI,2268.62,2300.99,2233.57,2268.26,483040000,5719620000
2014-08-14,801970.SI,2266.08,2318.09,2241.93,2273.09,602550000,6756090000
2014-08-15,801970.SI,2278.06,2328.7,2258.1,2307.38,546290000,6233210000
2014-08-18,801970.SI,2307.65,2349.2,2291.37,2329.26,542920000,6210640000
2014-08-19,801970.SI,2331.46,2382.23,2309.76,2354.46,575460000,7078400000
2014-08-20,801970.SI,2353.84,2384.77,2317.76,2349.76,508980000,5947850000
2014-08-21,801970.SI,2355.39,2402.68,2325.32,2375.06,474940000,5971180000
2014-08-22,801970.SI,2377.58,2438.8,2353.02,2403.43,565850000,6851230000
2014-08-25,801970.SI,2403.43,2437.36,2355.09,2388.31,469880000,5886720000
2014-08-26,801970.SI,2381.46,2407.03,2308.02,2327.37,459630000,5496050000
2014-08-27,801970.SI,2325.85,2367.13,2309.97,2341.9,319580000,3800060000
2014-08-28,801970.SI,2351.01,2386.75,2311.18,2332.68,387620000,4769470000
2014-08-29,801970.SI,2332.28,2384.72,2313.34,2369.85,311860000,3919400000
2014-09-01,801970.SI,2372.91,2432.86,2357.04,2418.84,426960000,5593920000
2014-09-02,801970.SI,2421.6,2459.62,2399.42,2440.9,537660000,6615360000
2014-09-03,801970.SI,2445.05,2494.42,2424.64,2460.72,642360000,7315780000
2014-09-04,801970.SI,2457.83,2530.54,2434.53,2501.65,917270000,9287550000
2014-09-05,801970.SI,2503.82,2561.92,2472.83,2519.77,967750000,9519710000
2014-09-09,801970.SI,2525.08,2578.94,2496.43,2538.56,680230000,7838650000
2014-09-10,801970.SI,2544.07,2591.37,2509.72,2558.45,576770000,7047590000
2014-09-11,801970.SI,2562.71,2597.94,2511.54,2541.43,676090000,7661440000
2014-09-12,801970.SI,2541.53,2585.33,2510.11,2560.83,593530000,6629320000
2014-09-15,801970.SI,2559.22,2598.6,2520.03,2557.51,639570000,6870820000
2014-09-16,801970.SI,2566.61,2609.14,2470.36,2488.19,838470000,9299420000
2014-09-17,801970.SI,2495.08,2545.31,2448.72,2517.69,717870000,6624020000
2014-09-18,801970.SI,2522.56,2573.88,2491.07,2536.25,688210000,6019210000
2014-09-19,801970.SI,2545.35,2590.39,2517.36,2556.44,594020000,6054880000
2014-09-22,801970.SI,2546.62,2569.65,2478.96,2505.03,547570000,5789020000
2014-09-23,801970.SI,2509.35,2557.03,2487.2,2527.76,504260000,5393430000
2014-09-24,801970.SI,2525.16,2583.27,2504.38,2558.65,669630000,6592600000
2014-09-25,801970.SI,2562.19,2601.3,2515.28,2545.54,716660000,6945280000
2014-09-26,801970.SI,2540.63,2570.33,2504.66,2536.82,551200000,5002620000
2014-09-29,801970.SI,2538.04,2594.37,2513.23,2562.01,626470000,7499860000
2014-09-30,801970.SI,2553.62,2591.0,2527.66,2573.5,462170000,5530040000
2014-10-08,801970.SI,2568.64,2629.98,2548.34,2618.76,576310000,7042500000
2014-10-09,801970.SI,2622.61,2711.76,2602.71,2660.31,923260000,11979060000
2014-10-10,801970.SI,2644.37,2704.5,2601.58,2663.8,774390000,9973910000
2014-10-13,801970.SI,2653.61,2681.64,2591.46,2645.7,608940000,7666170000
2014-10-14,801970.SI,2632.01,2678.57,2592.64,2631.99,589010000,7089560000
2014-10-15,801970.SI,2621.6,2660.54,2579.99,2638.39,464540000,5974730000
2014-10-16,801970.SI,2612.3,2682.01,2582.66,2631.47,587830000,8090160000
2014-10-17,801970.SI,2617.91,2655.95,2525.93,2589.98,620190000,7891680000
2014-10-20,801970.SI,2589.59,2639.08,2562.96,2614.3,465490000,6157570000
2014-10-21,801970.SI,2601.62,2641.31,2559.79,2591.08,478850000,6193780000
2014-10-22,801970.SI,2585.95,2630.27,2538.01,2566.09,498050000,6251090000
2014-10-23,801970.SI,2550.55,2586.42,2481.77,2521.94,446940000,5555540000
2014-10-24,801970.SI,2510.52,2558.41,2474.79,2517.76,336590000,4309970000
2014-10-27,801970.SI,2505.06,2583.07,2487.15,2557.08,358870000,4872930000
2014-10-28,801970.SI,2551.8,2617.73,2538.28,2607.34,432260000,5684910000
2014-10-29,801970.SI,2605.66,2645.37,2572.68,2619.26,562800000,7426300000
2014-10-30,801970.SI,2609.67,2647.05,2575.97,2608.45,519570000,6432650000
2014-10-31,801970.SI,2603.42,2640.99,2551.5,2594.5,571000000,6819000000
2014-11-03,801970.SI,2588.31,2643.66,2571.74,2615.36,477360000,5883910000
2014-11-04,801970.SI,2606.74,2641.21,2562.1,2597.51,444920000,5515810000
2014-11-05,801970.SI,2585.69,2635.57,2555.61,2609.25,430760000,5395660000
2014-11-06,801970.SI,2598.19,2658.74,2568.89,2642.85,559290000,7119920000
2014-11-07,801970.SI,2643.17,2695.14,2580.79,2612.43,656760000,9112290000
2014-11-10,801970.SI,2604.7,2645.84,2569.93,2620.35,451730000,5985280000
2014-11-11,801970.SI,2616.48,2643.02,2500.37,2535.19,580110000,7656120000
2014-11-12,801970.SI,2521.39,2593.59,2501.2,2578.38,426560000,5781130000
2014-11-13,801970.SI,2567.71,2600.28,2493.82,2535.42,470290000,6645990000
2014-11-14,801970.SI,2527.07,2572.8,2492.28,2531.01,338320000,4975570000
2014-11-17,801970.SI,2522.93,2589.27,2497.15,2561.49,334590000,4390070000
2014-11-18,801970.SI,2555.68,2614.65,2532.41,2581.21,480370000,5476620000
2014-11-19,801970.SI,2569.9,2618.06,2547.69,2590.25,393870000,4836620000
2014-11-20,801970.SI,2574.27,2609.27,2539.07,2581.72,343530000,4113600000
2014-11-21,801970.SI,2576.55,2636.77,2557.85,2618.65,461570000,5528860000
2014-11-24,801970.SI,2639.05,2687.17,2599.73,2656.79,764190000,8911640000
2014-11-25,801970.SI,2653.07,2731.04,2632.84,2702.62,850130000,10497650000
2014-11-26,801970.SI,2704.07,2769.74,2665.4,2730.77,832880000,10511680000
2014-11-27,801970.SI,2746.07,2797.01,2696.76,2746.0,954850000,11729300000
2014-11-28,801970.SI,2740.99,2777.64,2682.73,2728.75,872380000,10735520000
2014-12-01,801970.SI,2720.32,2760.94,2654.09,2711.73,676170000,8104420000
2014-12-02,801970.SI,2729.86,2859.02,2700.72,2805.25,1389030000,17062740000
2014-12-03,801970.SI,2821.02,2900.37,2743.8,2853.97,1456320000,18007680000
2014-12-04,801970.SI,2853.1,2902.18,2812.66,2867.06,1132780000,14548010000
2014-12-05,801970.SI,2866.41,2891.67,2695.55,2775.78,1152030000,14715160000
2014-12-08,801970.SI,2754.98,2841.81,2699.78,2791.08,943360000,12225050000
2014-12-09,801970.SI,2773.15,2838.55,2634.72,2662.81,1134260000,14632670000
2014-12-10,801970.SI,2659.3,2884.69,2629.42,2872.03,1198990000,16365580000
2014-12-11,801970.SI,2953.18,3070.7,2902.42,2991.72,2033150000,26809150000
2014-12-12,801970.SI,3004.02,3106.66,2918.42,3055.81,1653620000,22445760000
2014-12-15,801970.SI,3042.95,3126.42,2993.41,3072.79,1080820000,15605780000
2014-12-16,801970.SI,3074.16,3157.36,3006.65,3082.95,1188330000,15482670000
2014-12-17,801970.SI,3059.74,3116.15,2971.24,3027.48,1007110000,13714440000
2014-12-18,801970.SI,3011.53,3194.8,2983.75,3086.57,1186640000,17133890000
2014-12-19,801970.SI,3056.32,3141.57,2941.26,3082.27,1070790000,14286200000
2014-12-22,801970.SI,3054.73,3136.91,2895.55,3004.67,1308110000,16087110000
2014-12-23,801970.SI,2993.97,3061.36,2889.3,2920.25,826690000,10690690000
2014-12-24,801970.SI,2942.03,3061.83,2912.57,3006.8,1137940000,13587360000
2014-12-25,801970.SI,3024.34,3070.32,2940.3,3039.34,1008320000,11875310000
2014-12-26,801970.SI,3044.57,3117.53,2998.21,3055.75,941750000,11629320000
2014-12-29,801970.SI,3067.96,3134.77,2976.09,3034.83,1079200000,13811670000
2014-12-30,801970.SI,3025.25,3064.26,2886.5,2930.19,844000000,11461150000
2014-12-31,801970.SI,2942.98,3008.85,2876.88,2963.32,865070000,10354480000
2015-01-05,801970.SI,2961.58,3022.02,2872.35,2961.52,956880000,11814220000
2015-01-06,801970.SI,2933.82,3126.8,2890.4,3096.64,1261030000,15711270000
2015-01-07,801970.SI,3063.03,3108.72,2994.7,3034.65,928960000,12413670000
2015-01-08,801970.SI,3023.26,3096.2,2979.24,3012.08,753710000,10406480000
2015-01-09,801970.SI,2996.82,3055.33,2938.29,2956.71,597680000,8590650000
2015-01-12,801970.SI,2944.16,2975.13,2857.68,2896.92,526600000,6984190000
2015-01-13,801970.SI,2887.57,2946.25,2863.01,2913.86,387270000,5326940000
2015-01-14,801970.SI,2913.91,2955.33,2858.63,2892.24,379620000,5301300000
2015-01-15,801970.SI,2904.19,3004.2,2888.43,2941.46,532720000,7827860000
2015-01-16,801970.SI,2940.69,3010.38,2900.27,2980.0,606220000,8170990000
2015-01-19,801970.SI,2890.88,2995.13,2792.37,2849.29,711960000,9623510000
2015-01-20,801970.SI,2862.57,2964.45,2846.53,2941.15,569350000,8360410000
2015-01-21,801970.SI,2963.83,3066.18,2947.76,3017.36,659880000,10355570000
2015-01-22,801970.SI,3018.91,3083.18,2984.46,3059.83,595540000,8833930000
2015-01-23,801970.SI,3060.38,3101.86,2987.76,3020.7,583470000,8147290000
2015-01-26,801970.SI,3023.87,3088.36,2999.67,3064.06,488520000,6992110000
2015-01-27,801970.SI,3067.12,3118.71,3001.57,3067.36,651160000,9173790000
2015-01-28,801970.SI,3052.89,3096.7,3006.51,3036.88,450600000,6393810000
2015-01-29,801970.SI,3011.25,3065.98,2962.99,3005.73,517990000,7020420000
2015-01-30,801970.SI,3007.39,3094.82,2981.34,3013.21,602350000,8927380000
2015-02-02,801970.SI,2960.37,3009.93,2913.86,2962.88,421820000,6494570000
2015-02-03,801970.SI,2969.95,3019.37,2933.17,2993.2,366730000,5857810000
2015-02-04,801970.SI,2994.56,3046.16,2932.99,2972.62,496520000,8489800000
2015-02-05,801970.SI,2993.47,3029.62,2922.28,2952.11,507210000,8750290000
2015-02-06,801970.SI,2938.47,2970.99,2844.41,2883.07,449230000,6742960000
2015-02-09,801970.SI,2868.24,2911.61,2810.56,2857.74,321360000,4848590000
2015-02-10,801970.SI,2849.16,2924.38,2826.84,2911.13,283280000,4612970000
2015-02-11,801970.SI,2915.91,2960.97,2878.55,2920.52,310210000,5068750000
2015-02-12,801970.SI,2914.47,2974.85,2895.19,2943.03,299960000,4782490000
2015-02-13,801970.SI,2960.78,3082.02,2940.72,3042.42,666400000,11244160000
2015-02-16,801970.SI,3061.9,3144.75,3039.65,3114.49,585200000,10114690000
2015-02-17,801970.SI,3125.36,3183.19,3074.29,3131.02,505760000,8430410000
2015-02-25,801970.SI,3154.2,3310.88,3126.1,3219.39,884900000,14640540000
2015-02-26,801970.SI,3226.45,3305.39,3161.31,3236.63,827250000,12341010000
2015-02-27,801970.SI,3229.47,3284.7,3179.48,3248.56,611060000,9752420000
2015-03-02,801970.SI,3393.78,3493.79,3348.89,3425.14,1190490000,22025260000
2015-03-03,801970.SI,3465.06,3619.65,3394.76,3501.97,1670070000,28795380000
2015-03-04,801970.SI,3481.16,3535.17,3394.59,3480.21,1093870000,19681120000
2015-03-05,801970.SI,3479.81,3591.13,3410.48,3485.1,1097670000,20264530000
2015-03-06,801970.SI,3479.27,3520.0,3354.14,3388.21,817800000,14491940000
2015-03-09,801970.SI,3380.34,3465.03,3329.27,3415.05,595650000,11962470000
2015-03-10,801970.SI,3408.76,3470.98,3358.63,3420.61,595240000,11294840000
2015-03-11,801970.SI,3408.72,3447.42,3325.5,3369.58,611620000,11003900000
2015-03-12,801970.SI,3368.43,3416.19,3291.9,3346.4,554730000,9963950000
2015-03-13,801970.SI,3349.67,3414.75,3311.71,3394.65,542100000,9497800000
2015-03-16,801970.SI,3421.67,3511.36,3398.92,3483.31,831160000,14964840000
2015-03-17,801970.SI,3499.41,3553.69,3439.04,3506.69,903510000,16497310000
2015-03-18,801970.SI,3506.61,3616.24,3472.05,3578.45,1040470000,19174130000
2015-03-19,801970.SI,3569.89,3627.55,3498.0,3571.73,907670000,16826030000
2015-03-20,801970.SI,3559.08,3662.07,3517.6,3587.2,973270000,17321450000
2015-03-23,801970.SI,3613.11,3716.47,3558.83,3681.89,1201870000,20789480000
2015-03-24,801970.SI,3704.38,3824.76,3570.38,3765.29,1557690000,27362950000
2015-03-25,801970.SI,3763.81,3924.21,3694.24,3829.29,1259530000,23383340000
2015-03-26,801970.SI,3780.46,3850.52,3652.96,3726.3,992570000,19448280000
2015-03-27,801970.SI,3706.1,3813.05,3657.55,3767.37,782450000,14839650000
2015-03-30,801970.SI,3772.68,3866.92,3710.82,3788.8,909620000,16599290000
2015-03-31,801970.SI,3802.34,3884.53,3745.37,3815.54,848040000,15103100000
2015-04-01,801970.SI,3829.1,3961.35,3801.52,3923.32,884380000,17251880000
2015-04-02,801970.SI,3958.08,4150.84,3912.54,4076.07,1285170000,24891720000
2015-04-03,801970.SI,4047.11,4225.98,3996.73,4170.92,1091190000,23975850000
2015-04-07,801970.SI,4198.04,4340.78,4115.11,4247.05,1151470000,25072050000
2015-04-08,801970.SI,4249.2,4319.85,4047.57,4156.97,1225790000,25489520000
2015-04-09,801970.SI,4147.1,4243.7,3918.12,4149.42,1111560000,24444480000
2015-04-10,801970.SI,4106.37,4275.69,4038.85,4218.85,891720000,19869380000
2015-04-13,801970.SI,4269.68,4423.47,4212.07,4337.88,1083240000,23435750000
2015-04-14,801970.SI,4360.24,4470.82,4248.25,4337.52,1197520000,24689130000
2015-04-15,801970.SI,4333.9,4432.29,4146.07,4221.69,1350660000,27205990000
2015-04-16,801970.SI,4162.59,4480.5,4063.0,4376.01,1711630000,32191650000
2015-04-17,801970.SI,4473.63,4565.17,4297.92,4376.07,2109920000,37672500000
2015-04-20,801970.SI,4345.49,4419.5,4151.86,4235.24,1531550000,29312270000
2015-04-21,801970.SI,4216.05,4430.09,4169.5,4396.79,1100440000,23180180000
2015-04-22,801970.SI,4439.25,4579.41,4373.72,4489.17,1312390000,28491400000
2015-04-23,801970.SI,4488.99,4593.87,4381.94,4475.71,1158900000,24799410000
2015-04-24,801970.SI,4400.4,4554.2,4319.37,4492.28,1135490000,23882280000
2015-04-27,801970.SI,4509.79,4640.39,4421.57,4513.23,1048540000,23023210000
2015-04-28,801970.SI,4508.66,4648.81,4330.08,4471.86,1512550000,30591200000
2015-04-29,801970.SI,4422.88,4569.33,4328.95,4493.14,972480000,20471200000
2015-04-30,801970.SI,4491.74,4606.09,4396.24,4464.04,892610000,19334730000
2015-05-04,801970.SI,4449.3,4588.4,4367.35,4505.16,781910000,17375500000
2015-05-05,801970.SI,4486.89,4569.13,4263.12,4335.32,881260000,17663740000
2015-05-06,801970.SI,4356.5,4482.58,4207.7,4279.94,743710000,15443370000
2015-05-07,801970.SI,4262.48,4365.68,4119.77,4208.07,653370000,13249990000
2015-05-08,801970.SI,4233.3,4384.05,4191.76,4359.06,671190000,14469090000
2015-05-11,801970.SI,4392.62,4576.85,4319.34,4542.07,943360000,22018120000
2015-05-12,801970.SI,4537.45,4685.28,4449.4,4617.39,983670000,21608780000
2015-05-13,801970.SI,4572.84,4719.41,4462.25,4608.35,939880000,21128420000
2015-05-14,801970.SI,4613.63,4755.15,4528.65,4646.79,941450000,19751510000
2015-05-15,801970.SI,4601.85,4704.35,4462.99,4592.96,801200000,17072640000
2015-05-18,801970.SI,4577.78,4783.7,4530.36,4682.51,794030000,18456350000
2015-05-19,801970.SI,4674.18,4868.86,4599.18,4814.07,827780000,18920680000
2015-05-20,801970.SI,4809.54,5048.12,4753.18,4903.05,1119990000,24662990000
2015-05-21,801970.SI,4918.08,5147.58,4851.27,5102.51,1146840000,25299440000
2015-05-22,801970.SI,5163.59,5367.02,5004.29,5255.8,1499850000,33456160000
2015-05-25,801970.SI,5202.0,5419.36,5086.95,5331.3,1327850000,29883680000
2015-05-26,801970.SI,5368.78,5591.04,5286.79,5512.04,1356120000,30963970000
2015-05-27,801970.SI,5552.61,5787.04,5380.67,5646.36,1861610000,43145520000
2015-05-28,801970.SI,5646.47,5807.28,5214.65,5281.81,1881870000,43172280000
2015-05-29,801970.SI,5248.62,5480.95,4950.52,5307.18,1424560000,32687910000
2015-06-01,801970.SI,5322.34,5603.38,5237.37,5544.46,1149480000,29083580000
2015-06-02,801970.SI,5580.95,5832.53,5459.19,5749.33,1443690000,36136930000
2015-06-03,801970.SI,5760.09,5895.6,5486.59,5718.04,1399430000,34623090000
2015-06-04,801970.SI,5713.49,5903.12,5291.18,5757.31,1695610000,37378290000
2015-06-05,801970.SI,5824.03,6020.51,5593.95,5817.02,1623630000,38896500000
2015-06-08,801970.SI,5775.95,5934.89,5512.94,5723.96,1564060000,37626600000
2015-06-09,801970.SI,5684.21,5876.02,5516.19,5712.44,1217390000,29061540000
2015-06-10,801970.SI,5648.9,5905.98,5541.08,5787.08,1122130000,28532850000
2015-06-11,801970.SI,5762.2,5980.19,5657.05,5895.28,1329120000,31968740000
2015-06-12,801970.SI,5871.73,6045.01,5734.47,5900.96,1361250000,33449480000
2015-06-15,801970.SI,5868.69,6025.79,5637.81,5756.69,1182790000,29142650000
2015-06-16,801970.SI,5671.66,5781.29,5351.04,5505.91,1016450000,25090670000
2015-06-17,801970.SI,5463.61,5687.9,5237.35,5615.46,947690000,22841500000
2015-06-18,801970.SI,5574.23,5739.05,5331.65,5424.08,1080880000,23685100000
2015-06-19,801970.SI,5283.48,5413.89,4956.23,5028.7,902850000,19008790000
2015-06-23,801970.SI,4999.79,5183.38,4652.52,5087.8,912300000,18434200000
2015-06-24,801970.SI,5116.16,5310.65,5008.66,5224.82,953650000,20376090000
2015-06-25,801970.SI,5271.27,5393.16,4926.6,5065.34,974430000,21357390000
2015-06-26,801970.SI,4893.61,5014.39,4610.88,4662.35,907030000,19598690000
2015-06-29,801970.SI,4761.44,4836.06,4230.31,4307.96,1118610000,21105160000
2015-06-30,801970.SI,4189.22,4612.09,3932.19,4544.96,1275310000,23157390000
2015-07-01,801970.SI,4460.62,4724.36,4193.43,4306.65,1134140000,23116920000
2015-07-02,801970.SI,4268.12,4417.27,3942.73,4043.94,1040410000,18372720000
2015-07-03,801970.SI,3895.51,4192.69,3681.2,3819.16,1035460000,15518870000
2015-07-06,801970.SI,4074.41,4135.2,3505.12,3698.07,1319430000,18858160000
2015-07-07,801970.SI,3593.65,3716.26,3384.86,3449.15,859770000,10955970000
2015-07-08,801970.SI,3394.39,3556.58,3269.33,3359.09,844080000,10710690000
2015-07-09,801970.SI,3413.37,3607.7,3282.0,3448.71,593240000,7233140000
2015-07-10,801970.SI,3594.27,3697.97,3464.38,3576.75,405970000,5481260000
2015-07-13,801970.SI,3761.57,3851.51,3674.2,3782.17,639260000,9791400000
2015-07-14,801970.SI,3935.63,4062.29,3826.92,3931.25,1009460000,15420820000
2015-07-15,801970.SI,3975.21,4058.04,3695.79,3764.97,1255760000,19208920000
2015-07-16,801970.SI,3719.75,3975.45,3549.7,3838.28,1113520000,17143690000
2015-07-17,801970.SI,3866.84,4101.31,3807.95,4029.92,1053010000,17155610000
2015-07-20,801970.SI,4066.51,4244.67,3964.73,4133.28,1375210000,24902980000
2015-07-21,801970.SI,4095.6,4306.15,4013.76,4224.34,1135770000,19424380000
2015-07-22,801970.SI,4225.21,4389.93,4109.88,4303.03,1465180000,24274830000
2015-07-23,801970.SI,4283.51,4496.72,4195.7,4428.25,1640580000,26149610000
2015-07-24,801970.SI,4411.86,4557.08,4232.48,4345.29,1739950000,28690770000
2015-07-27,801970.SI,4230.28,4440.55,3976.15,4031.43,1368960000,23461510000
2015-07-28,801970.SI,3832.02,4131.78,3707.06,3926.29,1394310000,20815340000
2015-07-29,801970.SI,3957.08,4153.82,3785.28,4118.71,1073370000,16706980000
2015-07-30,801970.SI,4079.5,4218.47,3906.75,4002.63,1098370000,17035650000
2015-07-31,801970.SI,3917.35,4091.63,3832.45,3974.74,863520000,13380510000
2015-08-03,801970.SI,3921.94,4101.5,3787.35,3968.44,975160000,15243170000
2015-08-04,801970.SI,3940.45,4199.08,3865.42,4162.5,1137760000,17829290000
2015-08-05,801970.SI,4120.38,4276.72,4022.19,4135.34,1166480000,19112220000
2015-08-06,801970.SI,4028.38,4222.21,3962.32,4124.53,818270000,13893610000
2015-08-07,801970.SI,4124.47,4289.63,4086.13,4237.06,996230000,17096610000
2015-08-10,801970.SI,4249.81,4450.72,4190.18,4403.69,1311940000,22271820000
2015-08-11,801970.SI,4384.84,4542.64,4291.81,4405.23,1489330000,24936380000
2015-08-12,801970.SI,4295.36,4488.59,4224.06,4340.46,1134850000,20115170000
2015-08-13,801970.SI,4271.99,4449.13,4186.71,4416.57,1090580000,19073050000
2015-08-14,801970.SI,4411.07,4540.24,4313.57,4427.78,1354040000,23323330000
2015-08-17,801970.SI,4437.51,4590.62,4354.13,4529.39,1211140000,21125590000
2015-08-18,801970.SI,4525.73,4635.54,4134.93,4194.67,1485710000,26472120000
2015-08-19,801970.SI,4037.31,4350.93,3888.98,4281.38,1163880000,19681970000
2015-08-20,801970.SI,4229.68,4335.02,4060.32,4120.05,744460000,13273790000
2015-08-21,801970.SI,4031.07,4154.81,3822.35,3904.71,1236340000,18333820000
2015-08-24,801970.SI,3702.4,3800.63,3534.97,3569.39,897500000,12763600000
2015-08-25,801970.SI,3294.36,3478.62,3249.49,3301.94,920100000,12823230000
2015-08-26,801970.SI,3294.84,3481.8,3105.93,3214.12,1288750000,16622520000
2015-08-27,801970.SI,3279.41,3415.49,3113.48,3357.11,1101430000,14183410000
2015-08-28,801970.SI,3406.54,3602.05,3317.64,3574.89,1225550000,16756410000
2015-08-31,801970.SI,3527.27,3628.4,3364.49,3475.82,1152870000,15385110000
2015-09-01,801970.SI,3407.4,3478.48,3187.75,3287.76,918540000,12115310000
2015-09-02,801970.SI,3103.18,3403.52,3045.12,3225.36,975030000,12400440000
2015-09-07,801970.SI,3254.72,3412.86,3133.42,3220.99,819510000,11364490000
2015-09-08,801970.SI,3190.64,3413.18,3116.81,3377.39,713720000,9515380000
2015-09-09,801970.SI,3406.09,3553.7,3340.65,3475.96,1090960000,15733460000
2015-09-10,801970.SI,3413.44,3541.09,3348.32,3424.09,794040000,10780640000
2015-09-11,801970.SI,3406.19,3503.8,3358.5,3456.14,664360000,8870470000
2015-09-14,801970.SI,3477.74,3544.63,3152.15,3192.9,966060000,12810130000
2015-09-15,801970.SI,3102.54,3210.76,2956.29,3017.85,690010000,8407800000
2015-09-16,801970.SI,3026.01,3280.0,2964.24,3254.65,808660000,10292210000
2015-09-17,801970.SI,3225.51,3374.25,3129.91,3187.16,1025260000,13530770000
2015-09-18,801970.SI,3206.34,3298.19,3126.07,3242.64,630970000,8606230000
2015-09-21,801970.SI,3197.36,3405.73,3144.27,3376.55,747880000,10207050000
2015-09-22,801970.SI,3376.5,3450.22,3300.67,3374.24,784880000,10777690000
2015-09-23,801970.SI,3304.58,3418.49,3258.2,3347.73,698940000,9606030000
2015-09-24,801970.SI,3348.78,3437.11,3306.14,3393.02,631210000,8785770000
2015-09-25,801970.SI,3366.38,3504.17,3241.39,3383.02,1047260000,14068520000
2015-09-28,801970.SI,3362.55,3468.48,3271.39,3432.9,767010000,10997040000
2015-09-29,801970.SI,3355.59,3437.38,3290.8,3349.05,666980000,9630860000
2015-09-30,801970.SI,3356.16,3415.54,3281.72,3342.95,472850000,6807040000
2015-10-08,801970.SI,3441.58,3531.47,3382.18,3476.79,784150000,11153710000
2015-10-09,801970.SI,3461.63,3582.34,3425.04,3528.05,808120000,11322510000
2015-10-12,801970.SI,3546.4,3755.09,3517.61,3703.16,1185850000,17028500000
2015-10-13,801970.SI,3663.1,3803.29,3620.08,3754.1,1052380000,15394080000
2015-10-14,801970.SI,3728.17,3826.4,3654.1,3706.54,1109130000,15961760000
2015-10-15,801970.SI,3677.34,3852.43,3652.04,3822.48,1058240000,15801160000
2015-10-16,801970.SI,3856.11,4004.09,3786.04,3938.19,1544400000,23296220000
2015-10-19,801970.SI,3968.62,4077.29,3845.17,3949.32,1822000000,26047840000
2015-10-20,801970.SI,3910.09,4010.75,3849.87,3971.3,1181060000,17862440000
2015-10-21,801970.SI,3959.03,4047.56,3644.38,3696.03,1546830000,23122940000
2015-10-22,801970.SI,3694.63,3881.66,3653.65,3854.22,1173100000,17232150000
2015-10-23,801970.SI,3854.88,4084.26,3791.61,4045.61,1492450000,23942590000
2015-10-26,801970.SI,4144.57,4232.27,3964.65,4063.67,1778840000,30889020000
2015-10-27,801970.SI,4001.76,4107.62,3826.64,4047.4,1210970000,20233740000
2015-10-28,801970.SI,4023.4,4193.01,3910.41,3986.97,1404500000,22276630000
2015-10-29,801970.SI,4004.08,4114.08,3907.24,4026.83,1045050000,16309780000
2015-10-30,801970.SI,3995.53,4111.86,3895.47,4007.21,961950000,15130690000
2015-11-02,801970.SI,3911.41,4095.7,3840.3,3924.07,968160000,14760860000
2015-11-03,801970.SI,3926.04,4012.79,3832.11,3915.68,777360000,12157730000
2015-11-04,801970.SI,3933.73,4135.76,3898.11,4105.41,1214610000,19409700000
2015-11-05,801970.SI,4103.53,4215.53,4001.03,4110.76,1511690000,24266010000
2015-11-06,801970.SI,4100.71,4248.91,4066.15,4194.52,1247620000,21244020000
2015-11-09,801970.SI,4205.48,4359.42,4120.95,4275.91,1461080000,24806860000
2015-11-10,801970.SI,4301.86,4469.03,4209.14,4322.42,1499790000,27209410000
2015-11-11,801970.SI,4327.71,4443.47,4242.49,4397.38,1376980000,24480050000
2015-11-12,801970.SI,4401.45,4517.45,4273.81,4420.95,1558080000,27896790000
2015-11-13,801970.SI,4372.42,4483.97,4230.46,4334.74,1436650000,25688490000
2015-11-16,801970.SI,4217.24,4478.67,4188.97,4448.75,1215680000,21364170000
2015-11-17,801970.SI,4498.71,4630.63,4378.26,4439.91,1840310000,32956820000
2015-11-18,801970.SI,4436.4,4492.82,4266.64,4311.02,1181620000,20707550000
2015-11-19,801970.SI,4314.44,4435.75,4261.14,4413.1,942530000,17004000000
2015-11-20,801970.SI,4413.87,4508.29,4348.94,4440.98,1155910000,20868300000
2015-11-23,801970.SI,4418.99,4504.68,4322.23,4363.94,1066080000,19533250000
2015-11-24,801970.SI,4347.43,4449.05,4281.63,4426.01,813540000,16309430000
2015-11-25,801970.SI,4417.67,4561.95,4373.58,4516.23,1087950000,21094860000
2015-11-26,801970.SI,4553.45,4632.41,4405.72,4458.63,1272690000,23049300000
2015-11-27,801970.SI,4430.96,4504.1,4082.25,4153.29,1190100000,21613420000
2015-11-30,801970.SI,4176.53,4290.73,3933.85,4228.43,992640000,17796410000
2015-12-01,801970.SI,4225.38,4419.77,4148.9,4291.08,1087180000,21469540000
2015-12-02,801970.SI,4256.52,4304.53,4013.9,4168.01,848090000,15824050000
2015-12-03,801970.SI,4184.14,4301.39,4144.5,4251.3,728000000,13624740000
2015-12-04,801970.SI,4239.59,4301.35,4141.57,4207.28,734780000,13425970000
2015-12-07,801970.SI,4227.5,4308.15,4176.71,4258.47,654180000,12025810000
2015-12-08,801970.SI,4269.48,4338.3,4161.36,4198.89,785810000,14713210000
2015-12-09,801970.SI,4154.4,4219.15,4050.02,4116.25,694090000,12749350000
2015-12-10,801970.SI,4100.23,4178.66,4052.69,4103.63,543530000,9821280000
2015-12-11,801970.SI,4084.46,4134.67,3999.65,4052.65,499350000,8592090000
2015-12-14,801970.SI,4023.47,4165.2,3974.44,4136.83,529700000,9453160000
2015-12-15,801970.SI,4161.62,4263.21,4116.56,4198.56,631150000,11512200000
2015-12-16,801970.SI,4200.73,4309.94,4159.45,4242.55,640570000,12550080000
2015-12-17,801970.SI,4246.32,4375.55,4218.72,4337.36,790160000,14976160000
2015-12-18,801970.SI,4323.55,4403.68,4247.17,4315.47,869090000,15379810000
2015-12-21,801970.SI,4277.69,4378.04,4230.64,4331.41,734460000,12709860000
2015-12-22,801970.SI,4328.71,4417.2,4265.94,4361.48,761050000,12797730000
2015-12-23,801970.SI,4350.52,4434.27,4257.13,4315.9,823140000,14909030000
2015-12-24,801970.SI,4292.66,4376.68,4204.98,4316.17,594620000,10968300000
2015-12-25,801970.SI,4324.56,4405.7,4258.29,4332.42,533770000,10604660000
2015-12-28,801970.SI,4340.18,4401.83,4191.53,4221.01,723270000,13819670000
2015-12-29,801970.SI,4209.76,4285.67,4148.08,4254.81,483530000,9264080000
2015-12-30,801970.SI,4253.58,4326.98,4193.23,4285.16,532340000,10284160000
2015-12-31,801970.SI,4289.05,4335.57,4194.64,4233.78,489230000,9778150000
2016-01-04,801970.SI,4232.27,4261.06,3863.45,3876.86,486780000,8411600000
2016-01-05,801970.SI,3717.98,3943.35,3642.36,3820.06,722940000,11894900000
2016-01-06,801970.SI,3837.84,3931.83,3768.75,3897.74,519380000,8836430000
2016-01-07,801970.SI,3833.15,3851.39,3555.94,3573.1,151830000,2440710000
2016-01-08,801970.SI,3666.92,3741.35,3416.5,3620.92,658030000,10263300000
2016-01-11,801970.SI,3550.9,3628.93,3345.18,3376.72,613930000,8885460000
2016-01-12,801970.SI,3377.67,3477.47,3285.15,3399.4,512270000,7359330000
2016-01-13,801970.SI,3422.5,3467.89,3245.43,3281.27,465490000,6535700000
2016-01-14,801970.SI,3179.95,3422.17,3138.85,3394.15,501840000,6989330000
2016-01-15,801970.SI,3368.71,3417.97,3207.64,3264.04,477670000,6591170000
2016-01-18,801970.SI,3204.14,3374.72,3164.66,3310.8,429470000,6047450000
2016-01-19,801970.SI,3299.73,3446.91,3263.87,3420.73,553930000,7864600000
2016-01-20,801970.SI,3401.42,3495.47,3339.55,3398.39,617900000,8290190000
2016-01-21,801970.SI,3338.11,3435.46,3228.39,3254.01,505340000,7007470000
2016-01-22,801970.SI,3291.23,3345.28,3196.55,3298.61,395400000,5677080000
2016-01-25,801970.SI,3328.07,3386.34,3277.91,3331.22,360590000,5303830000
2016-01-26,801970.SI,3299.61,3337.68,3049.6,3083.03,552100000,7584500000
2016-01-27,801970.SI,3096.64,3145.93,2899.62,3048.79,582930000,7492440000
2016-01-28,801970.SI,3013.79,3078.05,2889.64,2925.83,421660000,5197610000
2016-01-29,801970.SI,2924.67,3083.15,2882.42,3042.37,465450000,5747970000
2016-02-01,801970.SI,3038.13,3092.58,2953.49,3021.2,416450000,5065060000
2016-02-02,801970.SI,3026.57,3156.48,3005.15,3117.69,421730000,5344150000
2016-02-03,801970.SI,3079.48,3157.75,3026.81,3125.34,382270000,4798500000
2016-02-04,801970.SI,3133.63,3217.36,3108.81,3169.94,449610000,5724000000
2016-02-05,801970.SI,3172.82,3224.05,3118.18,3151.19,354260000,4521410000
2016-02-15,801970.SI,3046.5,3173.34,3009.92,3134.09,314680000,3910220000
2016-02-16,801970.SI,3152.15,3305.34,3136.25,3271.93,513730000,6727240000
2016-02-17,801970.SI,3261.47,3345.92,3218.5,3320.05,568640000,7343130000
2016-02-18,801970.SI,3329.75,3378.18,3264.18,3298.48,669010000,9071000000
2016-02-19,801970.SI,3287.09,3362.99,3249.25,3317.37,511550000,7401750000
2016-02-22,801970.SI,3356.59,3416.59,3312.01,3374.83,606030000,8635370000
2016-02-23,801970.SI,3376.89,3404.99,3270.63,3335.52,521260000,7396720000
2016-02-24,801970.SI,3323.17,3384.71,3249.73,3345.81,545010000,7584020000
2016-02-25,801970.SI,3345.57,3422.05,3101.3,3155.43,1116600000,13799730000
2016-02-26,801970.SI,3170.29,3259.73,3058.61,3185.71,888300000,10326550000
2016-02-29,801970.SI,3152.76,3179.5,2921.17,2983.33,706450000,8329160000
2016-03-01,801970.SI,2985.56,3098.5,2903.86,3058.31,705070000,8025930000
2016-03-02,801970.SI,3045.2,3224.63,3014.74,3194.36,917630000,10568430000
2016-03-03,801970.SI,3182.69,3293.59,3142.26,3196.19,922140000,11541920000
2016-03-04,801970.SI,3183.3,3236.85,3020.31,3075.88,783850000,9570350000
2016-03-07,801970.SI,3127.5,3205.47,3078.4,3139.82,527880000,6418010000
2016-03-08,801970.SI,3131.09,3173.57,2980.28,3145.96,555640000,6807620000
2016-03-09,801970.SI,3078.6,3140.79,3023.96,3070.26,416250000,5088490000
2016-03-10,801970.SI,3072.92,3119.24,3005.02,3026.02,336940000,4121280000
2016-03-11,801970.SI,2996.01,3072.23,2961.55,3034.24,317140000,3947630000
2016-03-14,801970.SI,3074.82,3190.19,3054.51,3138.36,568000000,7025880000
2016-03-15,801970.SI,3141.45,3210.44,3093.74,3138.38,610690000,6614290000
2016-03-16,801970.SI,3175.96,3211.97,3071.91,3101.2,562300000,6467250000
2016-03-17,801970.SI,3120.74,3223.96,3088.99,3200.27,647510000,8358780000
2016-03-18,801970.SI,3209.33,3335.72,3184.4,3297.45,943430000,11830940000
2016-03-21,801970.SI,3327.81,3399.1,3276.71,3349.67,902290000,11995490000
2016-03-22,801970.SI,3324.55,3394.02,3281.32,3339.18,709470000,9532210000
2016-03-23,801970.SI,3324.21,3392.43,3287.21,3363.89,579960000,8381880000
2016-03-24,801970.SI,3338.33,3427.01,3284.47,3336.4,729560000,10452030000
2016-03-25,801970.SI,3328.07,3387.98,3282.79,3340.97,473640000,6914220000
2016-03-28,801970.SI,3352.04,3414.96,3281.92,3313.61,515270000,7278090000
2016-03-29,801970.SI,3309.96,3346.7,3197.71,3243.16,499490000,6500780000
2016-03-30,801970.SI,3266.8,3371.69,3244.95,3352.07,596750000,7761480000
2016-03-31,801970.SI,3365.36,3421.4,3320.49,3360.96,601610000,8571240000
2016-04-01,801970.SI,3348.09,3401.91,3286.2,3359.5,535280000,7439860000
2016-04-05,801970.SI,3359.21,3468.98,3329.78,3437.89,726650000,9844830000
2016-04-06,801970.SI,3424.71,3502.48,3391.13,3455.21,670950000,9638750000
2016-04-07,801970.SI,3467.49,3527.76,3396.72,3425.07,693090000,10529380000
2016-04-08,801970.SI,3410.43,3472.16,3346.8,3416.58,599610000,9067970000
2016-04-11,801970.SI,3441.77,3542.81,3417.88,3497.51,633350000,9599240000
2016-04-12,801970.SI,3488.92,3539.29,3411.84,3473.74,556260000,8186190000
2016-04-13,801970.SI,3483.58,3571.97,3459.09,3502.39,781520000,11150920000
2016-04-14,801970.SI,3513.7,3583.87,3473.2,3551.22,660470000,9766420000
2016-04-15,801970.SI,3543.7,3593.5,3493.58,3542.59,571400000,8680610000
2016-04-18,801970.SI,3517.09,3558.64,3443.12,3495.08,534500000,8295250000
2016-04-19,801970.SI,3509.63,3563.92,3452.71,3509.75,497990000,8229440000
2016-04-20,801970.SI,3514.32,3549.18,3268.29,3346.8,802510000,11708310000
2016-04-21,801970.SI,3338.08,3410.26,3283.36,3319.94,481280000,7273540000
2016-04-22,801970.SI,3303.13,3373.75,3270.18,3345.23,352550000,5254720000
2016-04-25,801970.SI,3344.27,3386.21,3269.08,3340.56,365140000,5594120000
2016-04-26,801970.SI,3336.8,3400.85,3306.77,3377.94,350200000,5479960000
2016-04-27,801970.SI,3378.24,3437.01,3335.82,3383.5,410010000,6439720000
2016-04-28,801970.SI,3382.3,3420.18,3286.85,3361.05,429990000,6955220000
2016-04-29,801970.SI,3348.95,3393.34,3305.71,3343.98,286220000,4534980000
2016-05-03,801970.SI,3340.42,3463.12,3309.53,3442.0,521400000,7952920000
2016-05-04,801970.SI,3432.25,3480.74,3392.82,3428.52,477130000,7365140000
2016-05-05,801970.SI,3419.93,3472.62,3386.54,3444.69,392400000,6253740000
2016-05-06,801970.SI,3448.35,3485.74,3301.26,3321.68,632430000,9419790000
2016-05-09,801970.SI,3295.59,3324.12,3167.67,3205.9,487120000,6923270000
2016-05-10,801970.SI,3204.37,3248.48,3157.14,3198.1,294590000,4350130000
2016-05-11,801970.SI,3220.41,3253.84,3156.8,3180.41,289950000,4106400000
2016-05-12,801970.SI,3148.94,3198.07,3077.47,3168.25,296500000,4125240000
2016-05-13,801970.SI,3168.14,3225.9,3125.57,3162.79,280340000,3690860000
2016-05-16,801970.SI,3154.36,3211.38,3106.15,3191.22,297710000,4055430000
2016-05-17,801970.SI,3198.29,3243.75,3148.44,3189.82,337790000,4441560000
2016-05-18,801970.SI,3173.71,3192.84,3050.97,3105.42,378660000,5012510000
2016-05-19,801970.SI,3108.0,3170.84,3081.34,3104.13,266380000,3620090000
2016-05-20,801970.SI,3091.21,3169.24,3059.87,3143.93,272840000,3730180000
2016-05-23,801970.SI,3144.33,3223.95,3125.03,3189.21,322000000,4310820000
2016-05-24,801970.SI,3199.83,3229.67,3137.27,3179.78,299160000,3849930000
2016-05-25,801970.SI,3191.16,3232.92,3136.43,3165.4,258930000,3640880000
2016-05-26,801970.SI,3156.18,3202.46,3085.63,3174.38,305730000,4114200000
2016-05-27,801970.SI,3162.73,3212.68,3130.06,3175.73,267900000,3721840000
2016-05-30,801970.SI,3135.74,3195.67,3094.7,3152.79,281560000,3925060000
2016-05-31,801970.SI,3132.98,3270.64,3120.57,3254.0,619710000,8552840000
2016-06-01,801970.SI,3252.94,3315.08,3224.84,3267.34,547470000,8072280000
2016-06-02,801970.SI,3253.54,3305.56,3223.67,3282.97,444650000,6318710000
2016-06-03,801970.SI,3275.44,3324.75,3240.17,3288.52,480540000,6890930000
2016-06-06,801970.SI,3284.39,3324.64,3238.79,3281.79,366160000,5267650000
2016-06-07,801970.SI,3279.59,3312.64,3230.65,3278.83,353280000,4934570000
2016-06-08,801970.SI,3270.08,3311.42,3225.06,3273.21,393760000,5502980000
2016-06-13,801970.SI,3230.15,3263.3,3112.11,3134.09,403300000,5759460000
2016-06-14,801970.SI,3115.58,3181.1,3091.43,3152.25,340350000,4310780000
2016-06-15,801970.SI,3117.92,3255.21,3095.25,3225.35,507510000,6389980000
2016-06-16,801970.SI,3211.71,3254.64,3157.74,3193.66,408740000,5381130000
2016-06-17,801970.SI,3185.86,3254.29,3161.46,3204.79,351930000,4727460000
2016-06-20,801970.SI,3196.79,3238.0,3145.31,3206.37,336730000,4571680000
2016-06-21,801970.SI,3218.41,3276.45,3166.41,3203.54,446240000,6260830000
2016-06-22,801970.SI,3195.21,3270.35,3173.56,3253.44,401770000,5388420000
2016-06-23,801970.SI,3254.28,3313.53,3215.9,3264.3,453800000,6593250000
2016-06-24,801970.SI,3253.75,3289.77,3120.54,3215.74,493290000,6834140000
2016-06-27,801970.SI,3191.36,3284.44,3176.59,3266.84,411140000,5913510000
2016-06-28,801970.SI,3258.7,3322.98,3226.52,3299.4,581150000,8015100000
2016-06-29,801970.SI,3304.64,3340.83,3263.79,3292.9,486620000,6707790000
2016-06-30,801970.SI,3296.29,3338.66,3263.03,3307.36,430810000,6096820000
2016-07-01,801970.SI,3309.03,3351.47,3272.12,3308.59,400560000,5752450000
2016-07-04,801970.SI,3299.18,3400.18,3282.63,3370.44,617000000,8813050000
2016-07-05,801970.SI,3375.17,3416.47,3334.76,3373.74,581980000,8361160000
2016-07-06,801970.SI,3363.3,3413.84,3329.0,3384.05,565430000,7518850000
2016-07-07,801970.SI,3381.83,3430.11,3339.91,3394.81,546880000,7882080000
2016-07-08,801970.SI,3390.97,3427.28,3353.3,3389.72,450760000,6325300000
2016-07-11,801970.SI,3388.16,3440.73,3351.45,3382.37,493680000,7133470000
2016-07-12,801970.SI,3381.39,3444.18,3329.42,3421.45,630800000,8732910000
2016-07-13,801970.SI,3435.95,3504.93,3402.91,3452.66,678340000,9324630000
2016-07-14,801970.SI,3454.97,3502.45,3416.61,3466.75,486790000,6952900000
2016-07-15,801970.SI,3479.21,3515.12,3437.84,3465.12,447620000,6523470000
2016-07-18,801970.SI,3463.4,3500.66,3411.1,3443.75,458840000,6554490000
2016-07-19,801970.SI,3438.61,3472.9,3392.15,3441.84,413450000,6092210000
2016-07-20,801970.SI,3441.82,3474.62,3412.23,3435.3,374130000,5203650000
2016-07-21,801970.SI,3437.9,3506.05,3418.86,3462.82,547660000,7138730000
2016-07-22,801970.SI,3460.18,3479.1,3399.66,3416.79,452340000,5903850000
2016-07-25,801970.SI,3413.38,3467.24,3390.48,3432.03,381800000,5453650000
2016-07-26,801970.SI,3434.12,3516.29,3419.89,3502.78,494940000,6843570000
2016-07-27,801970.SI,3505.95,3532.91,3319.41,3369.51,751890000,10166160000
2016-07-28,801970.SI,3363.77,3435.69,3316.41,3388.18,478040000,6920160000
2016-07-29,801970.SI,3390.5,3434.59,3342.03,3376.02,391980000,5332060000
2016-08-01,801970.SI,3366.26,3398.11,3273.24,3336.73,389630000,5619340000
2016-08-02,801970.SI,3327.5,3385.56,3306.98,3366.7,309010000,4202670000
2016-08-03,801970.SI,3363.12,3408.06,3334.83,3380.38,355470000,4783680000
2016-08-04,801970.SI,3376.07,3426.69,3347.8,3408.19,329350000,4605290000
2016-08-05,801970.SI,3404.79,3444.3,3363.96,3394.15,308080000,4317670000
2016-08-08,801970.SI,3389.74,3442.96,3350.72,3429.02,341880000,4496130000
2016-08-09,801970.SI,3429.48,3529.53,3410.41,3492.1,676140000,8748980000
2016-08-10,801970.SI,3491.0,3520.14,3439.61,3459.44,429810000,6056110000
2016-08-11,801970.SI,3454.65,3486.58,3394.35,3407.06,384550000,5356060000
2016-08-12,801970.SI,3404.26,3462.01,3386.84,3444.92,340350000,4566580000
2016-08-15,801970.SI,3446.02,3549.68,3425.56,3517.26,682670000,8980240000
2016-08-16,801970.SI,3517.3,3589.24,3495.51,3548.59,643140000,8336220000
2016-08-17,801970.SI,3543.42,3618.7,3507.13,3582.42,601260000,7814140000
2016-08-18,801970.SI,3583.43,3614.57,3544.7,3573.58,453770000,6156890000
2016-08-19,801970.SI,3578.19,3622.73,3548.8,3593.51,409960000,5857660000
2016-08-22,801970.SI,3604.25,3653.87,3534.06,3550.87,941690000,10514220000
2016-08-23,801970.SI,3546.72,3614.25,3522.58,3579.39,765680000,8247570000
2016-08-24,801970.SI,3589.87,3639.6,3547.01,3579.72,803860000,8971770000
2016-08-25,801970.SI,3565.42,3601.81,3502.53,3567.27,746580000,8543160000
2016-08-26,801970.SI,3575.6,3681.49,3552.9,3638.49,713060000,9941610000
2016-08-29,801970.SI,3640.93,3804.59,3607.92,3726.39,1320620000,18258780000
2016-08-30,801970.SI,3739.43,3778.6,3664.58,3705.86,987310000,13514510000
2016-08-31,801970.SI,3695.27,3747.09,3649.39,3698.59,805790000,10413560000
2016-09-01,801970.SI,3699.73,3772.13,3653.72,3688.76,844930000,10869730000
2016-09-02,801970.SI,3679.61,3739.22,3630.44,3683.32,884040000,10501230000
2016-09-05,801970.SI,3693.78,3802.53,3668.63,3729.09,981040000,12655810000
2016-09-06,801970.SI,3731.74,3940.32,3677.61,3884.57,1730830000,23605830000
2016-09-07,801970.SI,3883.86,4060.53,3847.72,3936.48,2136210000,28499610000
2016-09-08,801970.SI,3937.47,4019.43,3867.12,3974.54,1452410000,19957290000
2016-09-09,801970.SI,3969.25,4025.53,3887.57,3922.53,1181680000,16755670000
2016-09-12,801970.SI,3843.88,3944.24,3787.7,3854.52,1260020000,17121790000
2016-09-13,801970.SI,3878.53,3934.09,3768.95,3827.67,1122570000,16264560000
2016-09-14,801970.SI,3802.31,3851.91,3724.22,3775.02,952670000,13650490000
2016-09-19,801970.SI,3785.92,3840.74,3747.09,3805.09,690320000,10067560000
2016-09-20,801970.SI,3806.68,3882.74,3759.94,3804.22,864300000,12134840000
2016-09-21,801970.SI,3793.79,3829.04,3731.3,3772.42,672950000,9824030000
2016-09-22,801970.SI,3791.59,3855.68,3751.48,3812.32,735740000,10878850000
2016-09-23,801970.SI,3816.27,3866.45,3753.15,3790.57,761030000,11484490000
2016-09-26,801970.SI,3775.12,3811.65,3664.48,3696.36,789000000,10905330000
2016-09-27,801970.SI,3683.52,3728.68,3600.08,3690.62,736860000,10086440000
2016-09-28,801970.SI,3679.58,3719.08,3627.02,3676.73,449980000,6647810000
2016-09-29,801970.SI,3676.66,3731.49,3651.83,3694.94,473790000,6655180000
2016-09-30,801970.SI,3698.0,3751.69,3665.34,3723.59,450330000,6299120000
2016-10-10,801970.SI,3758.47,3847.09,3723.48,3820.31,734240000,9907170000
2016-10-11,801970.SI,3812.3,3886.6,3776.42,3853.74,798590000,10239540000
2016-10-12,801970.SI,3832.87,3885.24,3787.96,3847.91,678410000,8613890000
2016-10-13,801970.SI,3845.97,3923.58,3813.17,3874.91,955490000,11755870000
2016-10-14,801970.SI,3862.68,3926.8,3811.86,3875.93,942960000,11461240000
2016-10-17,801970.SI,3894.48,3924.85,3775.88,3807.69,791390000,10398780000
2016-10-18,801970.SI,3798.12,3878.16,3767.77,3864.45,637400000,8858810000
2016-10-19,801970.SI,3868.9,3914.76,3817.71,3854.11,617680000,9013250000
2016-10-20,801970.SI,3855.82,3916.88,3814.56,3873.76,744010000,10577260000
2016-10-21,801970.SI,3867.83,3892.09,3784.02,3824.37,679250000,9252380000
2016-10-24,801970.SI,3823.27,3882.58,3793.04,3857.72,599050000,8260810000
2016-10-25,801970.SI,3855.21,3891.63,3819.12,3853.62,539270000,7562520000
2016-10-26,801970.SI,3848.84,3878.29,3789.08,3826.48,667200000,8403400000
2016-10-27,801970.SI,3831.45,3863.81,3787.42,3823.54,519600000,6952660000
2016-10-28,801970.SI,3819.28,3853.8,3764.62,3777.45,542700000,7285550000
2016-10-31,801970.SI,3760.77,3810.39,3714.34,3767.14,396010000,5802660000
2016-11-01,801970.SI,3769.81,3830.34,3744.14,3815.3,661730000,7871400000
2016-11-02,801970.SI,3808.28,3845.21,3739.01,3776.0,675440000,8422270000
2016-11-03,801970.SI,3763.81,3838.83,3738.48,3796.05,688510000,9087670000
2016-11-04,801970.SI,3794.71,3844.4,3756.44,3788.35,585130000,7532320000
2016-11-07,801970.SI,3811.08,3861.13,3770.74,3803.84,600330000,8882960000
2016-11-08,801970.SI,3811.84,3855.52,3783.99,3813.95,585270000,7553010000
2016-11-09,801970.SI,3812.12,3835.29,3709.1,3761.26,647510000,8447930000
2016-11-10,801970.SI,3793.19,3846.88,3774.51,3817.39,581110000,7810070000
2016-11-11,801970.SI,3821.17,3862.34,3783.32,3833.65,612900000,8369790000
2016-11-14,801970.SI,3829.15,3895.92,3806.2,3861.76,725960000,9383780000
2016-11-15,801970.SI,3864.56,3915.37,3825.56,3887.66,648070000,9535000000
2016-11-16,801970.SI,3894.88,3946.48,3859.29,3885.53,663460000,9911420000
2016-11-17,801970.SI,3880.01,3909.08,3821.37,3859.83,554320000,7415390000
2016-11-18,801970.SI,3863.75,3902.15,3824.79,3853.77,540550000,7078030000
2016-11-21,801970.SI,3849.72,3892.38,3817.69,3851.75,513770000,7497940000
2016-11-22,801970.SI,3858.4,3912.61,3821.91,3882.49,783390000,10200750000
2016-11-23,801970.SI,3883.93,3919.04,3830.03,3854.41,635880000,8716010000
2016-11-24,801970.SI,3848.39,3896.12,3799.65,3834.76,584930000,8252290000
2016-11-25,801970.SI,3835.08,3876.11,3768.74,3850.64,585050000,7301770000
2016-11-28,801970.SI,3854.23,3895.66,3813.49,3848.69,523310000,6933010000
2016-11-29,801970.SI,3845.61,3880.97,3788.74,3819.12,562550000,7578890000
2016-11-30,801970.SI,3810.82,3861.94,3777.25,3816.0,453680000,6260140000
2016-12-01,801970.SI,3814.92,3856.74,3779.27,3819.24,384020000,5534860000
2016-12-02,801970.SI,3814.82,3842.04,3731.75,3755.66,508970000,6852450000
2016-12-05,801970.SI,3731.99,3801.82,3700.54,3752.32,400040000,5427500000
2016-12-06,801970.SI,3763.08,3796.03,3714.95,3741.52,315830000,4707230000
2016-12-07,801970.SI,3739.47,3795.77,3711.65,3780.46,387730000,5135750000
2016-12-08,801970.SI,3783.99,3810.76,3734.13,3752.89,395000000,5031420000
2016-12-09,801970.SI,3754.88,3785.69,3717.5,3736.82,362900000,4868130000
2016-12-12,801970.SI,3735.92,3760.16,3533.38,3563.54,623240000,7659420000
2016-12-13,801970.SI,3566.26,3613.5,3519.12,3575.31,411950000,5134540000
2016-12-14,801970.SI,3571.06,3607.09,3510.81,3538.98,340450000,4712670000
2016-12-15,801970.SI,3524.19,3590.23,3502.74,3548.73,342300000,4427870000
2016-12-16,801970.SI,3558.88,3637.58,3535.06,3605.98,344140000,4856750000
2016-12-19,801970.SI,3614.14,3652.08,3574.4,3605.99,279330000,3945590000
2016-12-20,801970.SI,3608.91,3656.2,3574.61,3621.9,296810000,3953910000
2016-12-21,801970.SI,3626.6,3681.41,3607.4,3656.91,354080000,4652610000
2016-12-22,801970.SI,3657.31,3688.78,3618.27,3651.74,293010000,3933350000
2016-12-23,801970.SI,3657.06,3679.85,3588.43,3605.49,281050000,4072350000
2016-12-26,801970.SI,3599.09,3649.37,3531.87,3630.01,304590000,4450850000
2016-12-27,801970.SI,3638.87,3683.55,3615.14,3642.76,285060000,4213410000
2016-12-28,801970.SI,3644.29,3678.35,3596.06,3629.82,289560000,4040890000
2016-12-29,801970.SI,3622.55,3656.3,3585.82,3612.6,263410000,3764140000
2016-12-30,801970.SI,3616.73,3657.31,3587.02,3624.46,243020000,3730560000
2017-01-03,801970.SI,3629.52,3683.62,3607.73,3652.31,270550000,3985640000
2017-01-04,801970.SI,3654.06,3712.78,3632.95,3696.69,355620000,4924000000
2017-01-05,801970.SI,3698.52,3735.42,3664.87,3690.55,337480000,4708810000
2017-01-06,801970.SI,3698.17,3768.47,3653.17,3715.77,645950000,8516930000
2017-01-09,801970.SI,3709.75,3760.96,3677.12,3732.23,530550000,7020450000
2017-01-10,801970.SI,3725.67,3753.68,3683.46,3702.91,389570000,5119730000
2017-01-11,801970.SI,3696.7,3721.85,3637.17,3649.85,381180000,4899600000
2017-01-12,801970.SI,3648.01,3683.13,3593.85,3615.0,324180000,4345900000
2017-01-13,801970.SI,3616.65,3650.42,3550.21,3576.85,312990000,4157280000
2017-01-16,801970.SI,3568.21,3601.75,3354.88,3486.15,503220000,6157470000
2017-01-17,801970.SI,3476.52,3541.49,3418.52,3515.42,309240000,4158490000
2017-01-18,801970.SI,3510.92,3555.18,3470.17,3504.88,259870000,3396580000
2017-01-19,801970.SI,3498.71,3555.83,3467.43,3509.78,308660000,3837450000
2017-01-20,801970.SI,3506.4,3587.4,3490.04,3556.73,298070000,3992800000
2017-01-23,801970.SI,3555.16,3610.96,3539.75,3579.18,259810000,3430280000
2017-01-24,801970.SI,3572.19,3596.47,3508.6,3536.37,324130000,4655720000
2017-01-25,801970.SI,3531.82,3573.38,3503.53,3549.02,256290000,3618800000
2017-01-26,801970.SI,3551.14,3595.62,3534.78,3575.44,241820000,3402780000
2017-02-03,801970.SI,3575.26,3606.4,3537.03,3568.9,177310000,2647560000
2017-02-06,801970.SI,3567.29,3624.85,3547.33,3604.78,294900000,4245960000
2017-02-07,801970.SI,3599.46,3629.56,3560.43,3590.21,281850000,4086000000
2017-02-08,801970.SI,3581.53,3627.13,3550.55,3611.3,328080000,4388820000
2017-02-09,801970.SI,3614.46,3713.01,3602.89,3668.11,569550000,7734300000
2017-02-10,801970.SI,3666.91,3704.83,3627.38,3664.13,488450000,6730120000
2017-02-13,801970.SI,3660.54,3697.05,3627.7,3671.92,427710000,5751150000
2017-02-14,801970.SI,3670.1,3699.48,3635.16,3661.24,384260000,5131770000
2017-02-15,801970.SI,3657.45,3704.59,3611.66,3630.61,467810000,6135680000
2017-02-16,801970.SI,3624.52,3678.9,3603.05,3653.59,464140000,5728530000
2017-02-17,801970.SI,3651.69,3687.96,3598.1,3620.91,480320000,6207080000
2017-02-20,801970.SI,3626.35,3680.92,3604.69,3663.63,492100000,6236480000
2017-02-21,801970.SI,3661.42,3706.51,3638.53,3688.3,499100000,6249670000
2017-02-22,801970.SI,3687.23,3729.41,3660.6,3703.61,501030000,6506120000
2017-02-23,801970.SI,3702.77,3732.63,3658.55,3693.98,499060000,6308170000
2017-02-24,801970.SI,3689.23,3730.55,3662.75,3711.3,395810000,5622370000
2017-02-27,801970.SI,3716.47,3787.63,3689.9,3731.4,627790000,8831930000
2017-02-28,801970.SI,3735.12,3771.01,3697.27,3740.73,443800000,6135430000
2017-03-01,801970.SI,3738.43,3788.45,3714.83,3755.97,519510000,6501090000
2017-03-02,801970.SI,3762.25,3795.28,3710.76,3736.17,469440000,6675960000
2017-03-03,801970.SI,3733.36,3776.11,3698.46,3750.06,409820000,5957400000
2017-03-06,801970.SI,3760.28,3822.72,3734.77,3790.26,583030000,8519850000
2017-03-07,801970.SI,3804.78,3839.42,3763.71,3807.81,716840000,9069340000
2017-03-08,801970.SI,3808.94,3856.58,3763.57,3814.95,823170000,9142910000
2017-03-09,801970.SI,3810.97,3841.34,3753.93,3785.98,589780000,7685440000
2017-03-10,801970.SI,3786.63,3821.24,3753.6,3778.02,467500000,7182190000
2017-03-13,801970.SI,3776.27,3853.38,3736.66,3832.88,614910000,10529020000
2017-03-14,801970.SI,3831.59,3881.55,3786.92,3829.83,530820000,9258150000
2017-03-15,801970.SI,3816.1,3892.42,3781.61,3862.92,594850000,10642410000
2017-03-16,801970.SI,3874.89,3928.79,3837.02,3887.04,632950000,11687590000
2017-03-17,801970.SI,3885.01,3933.28,3830.43,3854.93,613240000,11605600000
2017-03-20,801970.SI,3849.68,3889.14,3810.51,3854.78,444440000,7985440000
2017-03-21,801970.SI,3852.04,3942.91,3824.91,3919.12,520360000,10344810000
2017-03-22,801970.SI,3894.3,3930.38,3843.1,3882.53,543400000,9329440000
2017-03-23,801970.SI,3882.16,3926.31,3821.36,3870.21,504850000,8937060000
2017-03-24,801970.SI,3866.7,3931.11,3833.11,3903.98,496500000,7915350000
2017-03-27,801970.SI,3904.05,3942.94,3842.68,3870.04,459550000,7376660000
2017-03-28,801970.SI,3870.64,3912.24,3825.09,3856.96,482620000,7566270000
2017-03-29,801970.SI,3856.63,3893.49,3799.5,3829.37,505090000,7958280000
2017-03-30,801970.SI,3824.3,3862.3,3738.8,3777.94,532220000,7933480000
2017-03-31,801970.SI,3780.4,3830.32,3745.19,3795.73,355450000,6227570000
2017-04-05,801970.SI,3908.03,3969.56,3840.31,3928.01,725490000,11929880000
2017-04-06,801970.SI,3966.91,4022.92,3907.36,3948.09,1219370000,13060800000
2017-04-07,801970.SI,3951.46,4149.24,3913.58,4092.27,1448330000,19583840000
2017-04-10,801970.SI,4129.85,4250.58,4074.15,4151.64,1300620000,23032150000
2017-04-11,801970.SI,4164.45,4283.07,4071.22,4190.24,1308500000,23417960000
2017-04-12,801970.SI,4204.96,4246.58,4067.59,4104.43,1567190000,23761040000
2017-04-13,801970.SI,4097.37,4326.91,4074.75,4252.14,2138690000,28281040000
2017-04-14,801970.SI,4251.63,4307.17,4111.26,4176.34,973360000,17586510000
2017-04-17,801970.SI,4125.16,4224.78,4037.96,4130.92,1019850000,19793090000
2017-04-18,801970.SI,4100.96,4210.69,4020.57,4068.95,1641550000,24715440000
2017-04-19,801970.SI,4036.94,4166.0,3953.1,4115.91,1656040000,25098990000
2017-04-20,801970.SI,4126.26,4211.88,4008.79,4089.73,1661810000,25726790000
2017-04-21,801970.SI,4061.62,4178.06,3958.49,4012.65,1487970000,21939100000
2017-04-24,801970.SI,4001.57,4070.6,3851.96,3914.18,1320630000,19538210000
2017-04-25,801970.SI,3910.58,4031.41,3841.49,3927.32,1572220000,23214550000
2017-04-26,801970.SI,3904.56,4073.28,3856.08,4024.97,1699780000,26763150000
2017-04-27,801970.SI,4027.69,4169.39,3923.42,4073.87,2513830000,37669940000
2017-04-28,801970.SI,4046.52,4177.08,4014.75,4111.3,1738510000,27082540000
2017-05-02,801970.SI,4102.45,4206.23,4041.36,4168.51,1672340000,26933640000
2017-05-03,801970.SI,4162.17,4221.08,4065.05,4110.41,1633160000,27506630000
2017-05-04,801970.SI,4084.03,4253.72,4048.66,4144.54,2132540000,33194030000
2017-05-05,801970.SI,4119.86,4179.46,4019.78,4050.28,1477820000,23163590000
2017-05-08,801970.SI,4035.43,4072.85,3861.95,3889.43,1287610000,20056830000
2017-05-09,801970.SI,3869.06,3955.04,3814.62,3917.36,1106310000,17179900000
2017-05-10,801970.SI,3914.94,3963.28,3761.1,3790.16,1298530000,19997850000
2017-05-11,801970.SI,3760.43,3862.15,3669.08,3832.5,1381760000,22082650000
2017-05-12,801970.SI,3824.55,3939.48,3765.2,3881.97,1469040000,24401580000
2017-05-15,801970.SI,3881.4,3962.65,3843.38,3894.86,1208000000,22129400000
2017-05-16,801970.SI,3875.88,4068.28,3827.67,4048.19,1653390000,28941210000
2017-05-17,801970.SI,4053.91,4127.75,3991.51,4050.73,1797190000,30084960000
2017-05-18,801970.SI,4007.31,4141.35,3933.19,4011.22,1733160000,30868400000
2017-05-19,801970.SI,3994.82,4056.51,3921.61,3996.03,1140920000,20229360000
2017-05-22,801970.SI,3986.07,4051.67,3875.49,3922.89,1145940000,19405550000
2017-05-23,801970.SI,3905.33,3970.85,3762.03,3807.84,1263590000,20123510000
2017-05-24,801970.SI,3774.12,3897.4,3694.6,3872.2,1071340000,17948210000
2017-05-25,801970.SI,3853.84,3931.72,3736.56,3874.36,1298260000,22596790000
2017-05-26,801970.SI,3866.52,3957.84,3782.2,3825.01,1194690000,21302610000
2017-05-31,801970.SI,3879.2,3920.96,3753.87,3806.13,967610000,17429760000
2017-06-01,801970.SI,3779.97,3820.23,3651.43,3686.37,978990000,15403730000
2017-06-02,801970.SI,3672.7,3796.13,3623.66,3756.3,903310000,14546710000
2017-06-05,801970.SI,3759.34,3843.53,3729.85,3792.09,853760000,14212230000
2017-06-06,801970.SI,3781.43,3832.87,3731.26,3789.99,767820000,12516410000
2017-06-07,801970.SI,3786.08,3915.7,3761.55,3886.95,1421600000,20860090000
2017-06-08,801970.SI,3879.86,3937.89,3828.77,3874.31,1122170000,17261810000
2017-06-09,801970.SI,3870.01,3929.85,3810.24,3878.29,972170000,15315830000
2017-06-12,801970.SI,3858.41,3911.45,3798.15,3836.26,932480000,14281900000
2017-06-13,801970.SI,3828.53,3901.29,3802.83,3876.4,741640000,12387020000
2017-06-14,801970.SI,3872.46,3895.69,3802.15,3832.78,684550000,11241620000
2017-06-15,801970.SI,3824.92,3903.92,3804.13,3861.54,691890000,11315070000
2017-06-16,801970.SI,3859.94,3939.11,3830.18,3879.23,1014370000,16034970000
2017-06-19,801970.SI,3873.87,3911.46,3825.7,3877.37,759980000,12238750000
2017-06-20,801970.SI,3882.45,3963.4,3859.26,3902.61,1054830000,17662480000
2017-06-21,801970.SI,3910.06,3948.0,3858.65,3920.2,800570000,13318880000
2017-06-22,801970.SI,3920.12,3956.25,3815.32,3838.99,973920000,15633370000
2017-06-23,801970.SI,3823.57,3868.57,3746.47,3834.26,806720000,12495800000
2017-06-26,801970.SI,3830.46,3887.93,3787.72,3870.06,629390000,9729020000
2017-06-27,801970.SI,3870.93,3936.2,3839.33,3886.27,671890000,10918680000
2017-06-28,801970.SI,3873.67,3899.59,3813.22,3852.72,589380000,9209530000
2017-06-29,801970.SI,3854.5,3903.81,3826.68,3858.25,544620000,8831530000
2017-06-30,801970.SI,3846.85,3884.56,3810.49,3858.83,498890000,7531000000
2017-07-03,801970.SI,3860.65,3932.59,3837.85,3905.25,521160000,8683250000
2017-07-04,801970.SI,3907.49,3935.9,3857.05,3888.45,547380000,8721060000
2017-07-05,801970.SI,3884.47,3920.77,3847.45,3899.17,547200000,8659610000
2017-07-06,801970.SI,3900.25,3934.45,3843.8,3887.07,602650000,9704990000
2017-07-07,801970.SI,3877.59,3916.31,3829.12,3886.14,605280000,10079120000
2017-07-10,801970.SI,3877.48,3902.5,3775.0,3820.27,652370000,10622230000
2017-07-11,801970.SI,3808.61,3840.67,3738.47,3766.64,622590000,8885070000
2017-07-12,801970.SI,3757.19,3804.0,3679.52,3765.29,733060000,10255480000
2017-07-13,801970.SI,3753.38,3787.0,3704.83,3732.34,464130000,6779310000
2017-07-14,801970.SI,3720.05,3749.74,3622.25,3652.96,555670000,8700060000
2017-07-17,801970.SI,3641.24,3665.14,3406.99,3445.31,832420000,11033520000
2017-07-18,801970.SI,3440.4,3510.67,3381.98,3460.98,530330000,7009420000
2017-07-19,801970.SI,3463.97,3517.67,3416.73,3494.17,501610000,6426210000
2017-07-20,801970.SI,3509.23,3569.11,3474.82,3503.47,492050000,6601870000
2017-07-21,801970.SI,3502.86,3571.08,3467.81,3511.51,540620000,7100250000
2017-07-24,801970.SI,3514.41,3589.08,3465.64,3538.73,680670000,9367780000
2017-07-25,801970.SI,3543.91,3568.71,3478.07,3508.08,455330000,6269970000
2017-07-26,801970.SI,3519.82,3550.51,3457.28,3490.66,435960000,5992490000
2017-07-27,801970.SI,3498.63,3587.05,3460.85,3552.07,578260000,8022020000
2017-07-28,801970.SI,3557.96,3589.79,3504.26,3525.82,428220000,6038040000
2017-07-31,801970.SI,3531.72,3574.94,3486.35,3533.01,458340000,6093280000
2017-08-01,801970.SI,3546.67,3615.48,3511.3,3571.18,741420000,9831760000
2017-08-02,801970.SI,3581.9,3619.5,3507.42,3543.15,752400000,10352920000
2017-08-03,801970.SI,3545.99,3612.21,3508.06,3544.8,604220000,8399440000
2017-08-04,801970.SI,3549.31,3585.73,3495.13,3518.29,518160000,6996070000
2017-08-07,801970.SI,3522.44,3595.21,3495.03,3554.3,463460000,6233340000
2017-08-08,801970.SI,3577.46,3622.98,3531.74,3565.73,543280000,7568010000
2017-08-09,801970.SI,3573.05,3660.85,3537.59,3606.57,633200000,9196530000
2017-08-10,801970.SI,3606.38,3640.81,3520.72,3553.67,645210000,9668150000
2017-08-11,801970.SI,3547.12,3609.86,3496.66,3534.38,606440000,8590640000
2017-08-14,801970.SI,3560.26,3669.03,3536.58,3630.78,992770000,12838840000
2017-08-15,801970.SI,3647.46,3684.56,3592.21,3630.26,928520000,11341600000
2017-08-16,801970.SI,3636.82,3691.55,3592.22,3645.18,739820000,10538310000
2017-08-17,801970.SI,3651.52,3712.78,3615.36,3669.8,842280000,11328950000
2017-08-18,801970.SI,3672.0,3753.5,3635.34,3676.78,908660000,13544010000
2017-08-21,801970.SI,3688.8,3734.5,3644.11,3696.98,617350000,9128190000
2017-08-22,801970.SI,3710.3,3742.26,3647.72,3671.51,587820000,8562690000
2017-08-23,801970.SI,3675.26,3770.56,3634.48,3698.94,812180000,11975100000
2017-08-24,801970.SI,3718.3,3802.22,3668.38,3717.22,891550000,13680900000
2017-08-25,801970.SI,3717.04,3763.61,3664.38,3733.12,779240000,11482660000
2017-08-28,801970.SI,3741.5,3805.23,3706.55,3761.69,856740000,12834210000
2017-08-29,801970.SI,3765.53,3800.24,3697.93,3737.99,724210000,11577010000
2017-08-30,801970.SI,3745.8,3790.74,3697.99,3729.83,657960000,10848660000
2017-08-31,801970.SI,3733.24,3766.93,3683.1,3727.64,591460000,9166000000
2017-09-01,801970.SI,3737.4,3797.81,3698.99,3747.65,771050000,12219350000
2017-09-04,801970.SI,3754.14,3853.42,3714.3,3807.72,1020080000,16101810000
2017-09-05,801970.SI,3812.71,3845.29,3752.14,3782.59,730170000,10733080000
2017-09-06,801970.SI,3783.46,3816.17,3729.32,3773.49,618970000,8897660000
2017-09-07,801970.SI,3786.28,3850.08,3738.94,3771.61,745740000,12234460000
2017-09-08,801970.SI,3785.95,3818.9,3721.6,3758.79,666430000,9827000000
2017-09-11,801970.SI,3762.37,3804.69,3719.32,3768.42,728380000,9831100000
2017-09-12,801970.SI,3781.49,3824.04,3723.48,3753.82,949020000,12551630000
2017-09-13,801970.SI,3759.72,3812.22,3722.34,3771.05,694730000,9264330000
2017-09-14,801970.SI,3781.55,3829.4,3731.14,3779.07,754890000,9910620000
2017-09-15,801970.SI,3783.85,3835.42,3736.45,3781.24,675780000,9342740000
2017-09-18,801970.SI,3783.55,3838.89,3739.33,3796.89,532220000,7993950000
2017-09-19,801970.SI,3809.96,3855.23,3755.7,3792.46,580220000,9157840000
2017-09-20,801970.SI,3802.21,3851.58,3758.18,3812.53,638850000,10423930000
2017-09-21,801970.SI,3822.69,3850.53,3745.3,3763.85,651120000,10859300000
2017-09-22,801970.SI,3765.68,3791.64,3692.86,3726.5,557700000,9046710000
2017-09-25,801970.SI,3734.43,3785.63,3680.55,3707.5,463610000,7950420000
2017-09-26,801970.SI,3713.45,3752.62,3662.21,3704.34,370410000,6446360000
2017-09-27,801970.SI,3715.49,3759.72,3682.4,3723.55,366610000,6078590000
2017-09-28,801970.SI,3736.0,3776.02,3677.2,3705.57,450010000,7507970000
2017-09-29,801970.SI,3722.43,3767.22,3679.27,3735.9,441170000,7468460000
2017-10-09,801970.SI,3773.94,3823.3,3718.45,3767.76,467190000,7907760000
2017-10-10,801970.SI,3780.15,3831.11,3740.52,3797.41,437960000,7239860000
2017-10-11,801970.SI,3804.03,3837.44,3742.54,3773.24,496100000,7695740000
2017-10-12,801970.SI,3779.9,3821.19,3720.08,3766.13,395460000,6780400000
2017-10-13,801970.SI,3770.3,3993.57,3727.12,3947.1,1390220000,22961880000
2017-10-16,801970.SI,3970.53,4002.78,3840.22,3874.8,1148570000,20945680000
2017-10-17,801970.SI,3864.21,3932.69,3812.52,3865.67,593010000,11149880000
2017-10-18,801970.SI,3874.88,3975.39,3817.94,3848.14,742430000,13931210000
2017-10-19,801970.SI,3839.28,3882.68,3755.12,3793.84,574240000,9927760000
2017-10-20,801970.SI,3791.09,3861.33,3759.26,3831.14,389920000,7169020000
2017-10-23,801970.SI,3842.78,3948.08,3807.29,3891.22,649110000,12083320000
2017-10-24,801970.SI,3889.78,3919.58,3808.49,3864.42,506510000,9491010000
2017-10-25,801970.SI,3884.45,3969.71,3839.27,3887.71,621180000,11363050000
2017-10-26,801970.SI,3887.09,3925.53,3802.57,3872.93,617960000,10792220000
2017-10-27,801970.SI,3879.09,3913.77,3812.06,3833.36,485770000,8321300000
2017-10-30,801970.SI,3840.65,3871.86,3699.39,3745.43,601940000,9687480000
2017-10-31,801970.SI,3750.31,3821.53,3712.5,3780.85,473000000,7875110000
2017-11-01,801970.SI,3788.82,3829.12,3731.14,3770.76,499200000,8146870000
2017-11-02,801970.SI,3781.23,3810.52,3679.05,3714.16,534500000,8825950000
2017-11-03,801970.SI,3719.96,3763.32,3637.37,3677.88,500400000,7811460000
2017-11-06,801970.SI,3682.35,3738.45,3631.66,3700.87,433670000,7170460000
2017-11-07,801970.SI,3711.22,3749.3,3650.32,3715.43,469230000,7521460000
2017-11-08,801970.SI,3720.31,3777.77,3683.43,3721.92,513450000,7831350000
2017-11-09,801970.SI,3727.83,3773.53,3679.65,3733.08,368210000,6341840000
2017-11-10,801970.SI,3734.52,3773.39,3682.57,3716.82,405780000,6804840000
2017-11-13,801970.SI,3724.36,3766.06,3660.58,3709.02,445850000,7712260000
2017-11-14,801970.SI,3718.8,3791.78,3674.31,3727.13,541170000,9419020000
2017-11-15,801970.SI,3723.67,3762.91,3644.51,3681.66,419000000,7536060000
2017-11-16,801970.SI,3677.18,3721.72,3622.84,3658.01,354310000,5984970000
2017-11-17,801970.SI,3663.48,3700.46,3503.04,3554.18,599310000,9122760000
2017-11-20,801970.SI,3545.18,3605.08,3458.29,3561.31,394280000,6060590000
2017-11-21,801970.SI,3565.36,3624.04,3507.8,3556.11,392190000,6303010000
2017-11-22,801970.SI,3567.96,3613.41,3506.21,3553.29,386090000,6031690000
2017-11-23,801970.SI,3561.1,3620.63,3474.06,3506.03,481830000,6740600000
2017-11-24,801970.SI,3501.63,3579.75,3463.04,3525.72,357660000,5140940000
2017-11-27,801970.SI,3529.47,3593.5,3476.91,3512.02,354290000,5324540000
2017-11-28,801970.SI,3508.31,3565.21,3476.88,3535.84,305640000,4262480000
2017-11-29,801970.SI,3538.97,3601.87,3495.6,3550.91,404980000,6387000000
2017-11-30,801970.SI,3544.57,3578.28,3482.41,3517.76,324070000,4926140000
2017-12-01,801970.SI,3519.81,3578.18,3490.82,3534.79,284990000,4462930000
2017-12-04,801970.SI,3533.26,3572.5,3458.04,3496.6,353160000,5287250000
2017-12-05,801970.SI,3497.44,3548.05,3409.53,3447.47,392210000,5780240000
2017-12-06,801970.SI,3443.41,3502.5,3382.94,3461.96,349550000,5415340000
2017-12-07,801970.SI,3460.67,3500.05,3420.47,3451.16,273900000,4015360000
2017-12-08,801970.SI,3451.0,3535.58,3429.06,3488.86,321730000,4893720000
2017-12-11,801970.SI,3493.1,3547.06,3464.57,3512.01,310980000,4681130000
2017-12-12,801970.SI,3517.94,3550.3,3451.39,3475.82,305390000,4585680000
2017-12-13,801970.SI,3473.97,3551.72,3450.83,3522.85,350350000,5415460000
2017-12-14,801970.SI,3522.83,3564.99,3486.27,3528.31,313500000,4776390000
2017-12-15,801970.SI,3526.48,3564.9,3481.1,3522.4,348690000,5061530000
2017-12-18,801970.SI,3527.51,3578.06,3477.5,3515.81,301760000,4934500000
2017-12-19,801970.SI,3517.33,3592.06,3493.88,3556.78,353570000,5769200000
2017-12-20,801970.SI,3558.04,3599.76,3498.42,3528.4,358110000,5437290000
2017-12-21,801970.SI,3541.91,3618.61,3510.96,3570.24,449730000,7489090000
2017-12-22,801970.SI,3575.25,3617.33,3528.23,3568.92,364680000,5773700000
2017-12-25,801970.SI,3566.57,3600.36,3486.5,3513.41,365390000,5476730000
2017-12-26,801970.SI,3516.04,3584.43,3471.77,3551.51,402730000,6592550000
2017-12-27,801970.SI,3552.54,3601.7,3498.54,3531.28,432000000,7396670000
2017-12-28,801970.SI,3527.38,3582.0,3490.6,3523.98,372550000,5967660000
2017-12-29,801970.SI,3531.06,3577.11,3481.53,3530.38,327320000,5507900000
2018-01-02,801970.SI,3545.62,3608.29,3507.72,3565.96,401850000,6092640000
2018-01-03,801970.SI,3573.44,3678.87,3539.18,3638.07,762220000,11320080000
2018-01-04,801970.SI,3644.08,3684.44,3590.65,3621.8,797710000,10158410000
2018-01-05,801970.SI,3619.36,3667.05,3567.84,3606.88,570700000,7977340000
2018-01-08,801970.SI,3605.37,3642.95,3547.07,3598.57,464010000,6787740000
2018-01-09,801970.SI,3601.41,3638.05,3546.8,3575.16,427750000,5825530000
2018-01-10,801970.SI,3576.92,3607.1,3498.26,3535.48,434140000,6451540000
2018-01-11,801970.SI,3529.94,3574.13,3490.21,3541.14,345350000,5134290000
2018-01-12,801970.SI,3536.56,3575.87,3472.23,3501.46,399770000,6139830000
2018-01-15,801970.SI,3505.2,3529.0,3386.4,3416.48,461250000,7008290000
2018-01-16,801970.SI,3419.64,3471.99,3366.32,3421.05,375550000,5982700000
2018-01-17,801970.SI,3404.98,3468.57,3340.51,3427.52,502920000,8037740000
2018-01-18,801970.SI,3412.11,3454.44,3377.79,3410.11,312510000,5189150000
2018-01-19,801970.SI,3400.72,3450.42,3362.22,3402.67,382420000,6399560000
2018-01-22,801970.SI,3402.03,3470.34,3366.39,3442.09,445040000,7087240000
2018-01-23,801970.SI,3439.1,3476.15,3388.88,3422.0,403180000,6407020000
2018-01-24,801970.SI,3410.38,3464.87,3358.05,3428.12,546970000,8787170000
2018-01-25,801970.SI,3419.77,3497.38,3397.7,3436.63,526760000,8782630000
2018-01-26,801970.SI,3429.61,3470.78,3396.08,3423.68,397390000,6440020000
2018-01-29,801970.SI,3431.02,3467.05,3364.74,3391.25,419640000,6647170000
2018-01-30,801970.SI,3380.98,3428.41,3349.77,3375.37,300040000,4928370000
2018-01-31,801970.SI,3338.12,3362.6,3231.56,3266.33,463230000,6775060000
2018-02-01,801970.SI,3244.69,3285.67,3108.47,3133.27,507460000,6944230000
2018-02-02,801970.SI,3105.47,3151.54,3011.49,3084.14,402210000,5446390000
2018-02-05,801970.SI,3053.84,3115.81,3015.55,3076.94,368570000,4185910000
2018-02-06,801970.SI,3027.72,3075.14,2889.35,2912.43,504630000,5963120000
2018-02-07,801970.SI,2962.22,3001.86,2827.82,2914.05,438550000,5649770000
2018-02-08,801970.SI,2906.26,2985.19,2884.43,2952.31,325560000,3889040000
2018-02-09,801970.SI,2895.28,2936.23,2802.93,2861.4,401240000,4594920000
2018-02-12,801970.SI,2881.68,2945.14,2862.24,2921.01,256470000,3217110000
2018-02-13,801970.SI,2933.84,2982.43,2898.29,2919.8,288790000,3599590000
2018-02-14,801970.SI,2920.71,2950.88,2887.54,2924.43,202150000,2415600000
2018-02-22,801970.SI,2946.22,3005.0,2920.35,2975.7,304550000,3566360000
2018-02-23,801970.SI,2991.35,3057.16,2969.08,3008.09,460720000,5637240000
2018-02-26,801970.SI,3027.11,3098.04,2992.05,3077.93,498020000,6271110000
2018-02-27,801970.SI,3079.87,3147.25,3048.54,3093.33,511160000,6591870000
2018-02-28,801970.SI,3079.9,3159.08,3041.18,3112.21,544000000,6696950000
2018-03-01,801970.SI,3092.95,3149.15,3069.01,3125.09,391580000,4897630000
2018-03-02,801970.SI,3106.25,3169.09,3074.03,3118.98,415770000,5396190000
2018-03-05,801970.SI,3121.72,3159.3,3082.31,3126.39,335430000,4460210000
2018-03-06,801970.SI,3128.34,3164.44,3094.25,3130.65,382200000,5036810000
2018-03-07,801970.SI,3126.77,3156.9,3076.6,3093.41,343900000,4257190000
2018-03-08,801970.SI,3091.8,3190.59,3073.22,3164.31,595960000,7207500000
2018-03-09,801970.SI,3164.37,3216.39,3132.78,3187.88,658790000,8531390000
2018-03-12,801970.SI,3196.4,3259.46,3171.39,3220.72,591830000,7678890000
2018-03-13,801970.SI,3219.05,3251.44,3166.12,3183.21,443000000,5718430000
2018-03-14,801970.SI,3173.3,3213.3,3133.54,3151.44,358600000,4540020000
2018-03-15,801970.SI,3144.91,3189.26,3090.55,3137.77,411070000,5230470000
2018-03-16,801970.SI,3131.91,3173.4,3100.04,3122.29,381450000,4387600000
2018-03-19,801970.SI,3126.12,3196.12,3101.51,3149.68,467820000,5691580000
2018-03-20,801970.SI,3114.89,3155.5,3065.73,3125.3,521500000,6178840000
2018-03-21,801970.SI,3127.9,3194.79,3089.33,3114.77,512570000,5861310000
2018-03-22,801970.SI,3120.35,3161.05,3077.61,3109.88,450120000,4939020000
2018-03-23,801970.SI,3036.98,3082.31,2906.0,2959.1,954430000,9400920000
2018-03-26,801970.SI,2918.49,3018.42,2877.08,3002.05,585180000,6372670000
2018-03-27,801970.SI,3032.99,3109.51,3010.59,3081.66,596400000,7098150000
2018-03-28,801970.SI,3053.42,3172.01,3025.66,3110.1,839400000,10558330000
2018-03-29,801970.SI,3118.1,3165.24,3074.62,3123.82,649470000,8395510000
2018-03-30,801970.SI,3134.98,3189.46,3112.22,3161.35,614410000,7648610000
2018-04-02,801970.SI,3165.07,3213.45,3122.87,3159.18,649210000,8555590000
2018-04-03,801970.SI,3125.26,3187.74,3082.46,3134.5,622380000,8570710000
2018-04-04,801970.SI,3141.15,3172.64,3082.93,3099.42,480350000,6707850000
2018-04-09,801970.SI,3096.76,3143.16,3053.88,3100.95,394140000,5443840000
2018-04-10,801970.SI,3102.83,3142.44,3063.48,3111.29,403380000,5518460000
2018-04-11,801970.SI,3120.62,3153.79,3082.32,3109.31,361380000,5186900000
2018-04-12,801970.SI,3110.38,3137.39,3067.83,3081.53,321320000,4282600000
2018-04-13,801970.SI,3100.98,3126.05,3053.39,3073.24,301010000,3927930000
2018-04-16,801970.SI,3078.58,3111.52,3026.33,3059.45,379150000,4251960000
2018-04-17,801970.SI,3068.2,3087.47,2966.95,2984.29,364500000,4766980000
2018-04-18,801970.SI,3005.49,3030.55,2913.96,2986.37,365250000,4847130000
2018-04-19,801970.SI,2988.4,3061.53,2962.7,3029.38,404060000,5506650000
2018-04-20,801970.SI,3028.47,3053.95,2949.03,2977.68,425420000,5590140000
2018-04-23,801970.SI,2983.95,3021.78,2924.56,2961.59,373840000,4496270000
2018-04-24,801970.SI,2969.33,3032.92,2947.0,3012.38,352130000,4471100000
2018-04-25,801970.SI,3001.65,3052.16,2971.98,3024.19,351470000,4867420000
2018-04-26,801970.SI,3023.65,3044.73,2950.68,2967.8,338920000,4269090000
2018-04-27,801970.SI,2982.32,3041.7,2954.37,3013.88,388760000,5466260000
2018-05-02,801970.SI,3026.03,3091.02,2992.94,3035.92,437830000,6646450000
2018-05-03,801970.SI,3032.49,3077.63,2987.37,3049.19,411290000,5709940000
2018-05-04,801970.SI,3049.62,3090.16,3018.39,3041.37,308180000,4281430000
2018-05-07,801970.SI,3050.11,3108.21,3031.56,3083.25,383610000,5428790000
2018-05-08,801970.SI,3094.45,3146.23,3067.01,3097.1,418230000,6182730000
2018-05-09,801970.SI,3095.91,3150.48,3065.44,3116.79,494810000,6815320000
2018-05-10,801970.SI,3121.48,3155.93,3081.21,3113.89,441090000,6260930000
2018-05-11,801970.SI,3112.77,3133.89,3046.09,3065.76,407900000,5759010000
2018-05-14,801970.SI,3065.96,3110.43,3030.84,3070.73,343980000,4968790000
2018-05-15,801970.SI,3071.97,3112.98,3044.86,3093.29,319780000,4671330000
2018-05-16,801970.SI,3089.66,3132.62,3059.92,3096.45,380910000,5429850000
2018-05-17,801970.SI,3105.14,3129.02,3055.66,3082.7,346850000,5283810000
2018-05-18,801970.SI,3079.9,3131.83,3047.17,3105.81,423620000,6245200000
2018-05-21,801970.SI,3156.3,3208.37,3095.03,3124.15,759160000,11535430000
2018-05-22,801970.SI,3122.69,3154.92,3073.22,3119.18,561210000,8860660000
2018-05-23,801970.SI,3109.85,3126.67,3047.55,3059.14,432220000,6803480000
2018-05-24,801970.SI,3058.83,3087.35,3012.68,3039.71,357240000,5362750000
2018-05-25,801970.SI,3035.66,3061.37,2965.01,2991.69,392320000,5593760000
2018-05-28,801970.SI,2989.54,3018.74,2935.59,2964.48,329360000,4640740000
2018-05-29,801970.SI,2968.06,3001.46,2909.52,2934.84,331780000,3976180000
2018-05-30,801970.SI,2914.72,2934.18,2811.0,2836.49,428350000,5003560000
2018-05-31,801970.SI,2859.96,2897.84,2824.35,2865.35,283400000,3386900000
2018-06-01,801970.SI,2866.16,2897.03,2812.27,2850.73,257770000,3121610000
2018-06-04,801970.SI,2866.61,2910.36,2833.18,2866.83,265990000,3839490000
2018-06-05,801970.SI,2866.07,2908.26,2844.58,2893.78,260760000,3257030000
2018-06-06,801970.SI,2892.15,2905.84,2837.21,2859.98,268440000,3537790000
2018-06-07,801970.SI,2866.56,2891.11,2825.22,2844.11,249200000,3084200000
2018-06-08,801970.SI,2839.11,2855.63,2761.47,2798.58,325060000,3746400000
2018-06-11,801970.SI,2794.91,2822.35,2757.73,2783.28,212390000,2641920000
2018-06-12,801970.SI,2789.75,2842.15,2773.19,2822.12,299480000,3877470000
2018-06-13,801970.SI,2817.41,2831.22,2759.79,2780.82,287240000,3556230000
2018-06-14,801970.SI,2782.82,2819.29,2751.89,2772.55,245840000,3209100000
2018-06-15,801970.SI,2769.35,2793.18,2671.44,2709.67,344120000,4280300000
2018-06-19,801970.SI,2699.73,2729.31,2535.67,2579.2,497280000,4663190000
2018-06-20,801970.SI,2588.68,2659.2,2537.57,2604.24,370500000,3418150000
2018-06-21,801970.SI,2624.57,2653.25,2525.35,2541.4,371150000,3328170000
2018-06-22,801970.SI,2556.81,2616.12,2506.2,2573.39,278510000,2707910000
2018-06-25,801970.SI,2618.72,2641.85,2545.8,2559.7,254350000,2608840000
2018-06-26,801970.SI,2556.11,2619.5,2507.85,2576.4,260670000,2666510000
2018-06-27,801970.SI,2607.29,2633.69,2541.87,2564.8,237100000,2364520000
2018-06-28,801970.SI,2584.79,2616.01,2519.7,2537.17,235020000,2288810000
2018-06-29,801970.SI,2563.01,2625.05,2520.71,2588.01,289380000,2887510000
2018-07-02,801970.SI,2603.92,2626.52,2520.91,2546.5,298570000,2881630000
2018-07-03,801970.SI,2565.15,2611.62,2516.53,2574.29,375070000,4215880000
2018-07-04,801970.SI,2585.77,2614.63,2507.53,2536.58,409200000,5027430000
2018-07-05,801970.SI,2546.1,2570.29,2456.36,2474.61,345980000,4042090000
2018-07-06,801970.SI,2487.9,2529.97,2401.32,2451.54,406310000,4709900000
2018-07-09,801970.SI,2467.15,2515.32,2431.05,2479.25,337900000,4164250000
2018-07-10,801970.SI,2485.74,2518.0,2454.47,2493.1,322920000,4219460000
2018-07-11,801970.SI,2468.61,2483.01,2398.1,2436.25,432340000,4166290000
2018-07-12,801970.SI,2435.62,2522.72,2419.31,2498.49,799840000,8319170000
2018-07-13,801970.SI,2488.43,2522.84,2464.54,2493.21,703040000,6669760000
2018-07-16,801970.SI,2490.56,2509.68,2441.08,2470.71,516570000,5331230000
2018-07-17,801970.SI,2481.27,2505.61,2450.67,2484.69,489860000,4752290000
2018-07-18,801970.SI,2485.02,2563.72,2469.23,2511.24,677410000,6584000000
2018-07-19,801970.SI,2512.03,2558.26,2478.06,2505.31,584350000,5552150000
2018-07-20,801970.SI,2502.77,2534.43,2464.56,2514.98,439100000,4326130000
2018-07-23,801970.SI,2507.78,2568.48,2482.73,2550.43,502290000,4886040000
2018-07-24,801970.SI,2557.51,2640.23,2542.76,2605.91,727100000,7100150000
2018-07-25,801970.SI,2609.61,2628.24,2567.11,2587.98,533570000,5138710000
2018-07-26,801970.SI,2590.94,2635.35,2557.37,2592.74,724540000,5805150000
2018-07-27,801970.SI,2592.98,2621.45,2557.14,2574.98,566130000,4622190000
2018-07-30,801970.SI,2569.99,2605.86,2527.34,2557.6,470290000,4270060000
2018-07-31,801970.SI,2551.0,2588.75,2521.01,2551.63,367040000,3510880000
2018-08-01,801970.SI,2558.1,2594.94,2506.66,2523.16,423760000,4078390000
2018-08-02,801970.SI,2512.14,2527.66,2392.91,2448.61,544860000,4898470000
2018-08-03,801970.SI,2440.95,2477.79,2402.39,2421.74,351680000,3200260000
2018-08-06,801970.SI,2414.39,2449.79,2356.14,2389.49,409420000,3398760000
2018-08-07,801970.SI,2392.87,2442.79,2365.95,2433.49,382660000,3323540000
2018-08-08,801970.SI,2427.6,2461.23,2372.44,2394.62,484330000,3966010000
2018-08-09,801970.SI,2388.09,2449.0,2372.81,2426.38,465620000,3769660000
2018-08-10,801970.SI,2422.51,2448.76,2394.96,2425.97,382580000,3213320000
2018-08-13,801970.SI,2401.5,2434.26,2363.69,2416.49,397010000,3694200000
2018-08-14,801970.SI,2416.12,2446.0,2391.96,2415.65,363140000,3312480000
2018-08-15,801970.SI,2419.25,2437.04,2342.64,2362.46,428720000,4069580000
2018-08-16,801970.SI,2339.19,2371.59,2295.52,2327.4,319670000,2844790000
2018-08-17,801970.SI,2338.94,2361.23,2268.37,2284.69,411250000,3406920000
2018-08-20,801970.SI,2279.54,2305.45,2206.53,2253.55,404860000,3519520000
2018-08-21,801970.SI,2252.09,2288.06,2227.5,2266.16,333180000,3008650000
2018-08-22,801970.SI,2262.9,2278.74,2221.01,2235.89,294380000,2797650000
2018-08-23,801970.SI,2233.62,2264.26,2213.24,2242.34,287310000,2538250000
2018-08-24,801970.SI,2237.98,2257.16,2215.39,2236.0,281750000,2425940000
2018-08-27,801970.SI,2244.83,2286.34,2230.99,2274.58,362350000,3094810000
2018-08-28,801970.SI,2273.78,2300.21,2251.75,2271.41,338790000,3043050000
2018-08-29,801970.SI,2273.45,2288.1,2241.12,2261.62,311050000,2691370000
2018-08-30,801970.SI,2265.02,2281.4,2221.69,2235.09,343660000,3136190000
2018-08-31,801970.SI,2231.14,2249.0,2196.49,2217.42,315920000,3040510000
2018-09-03,801970.SI,2210.57,2233.67,2173.47,2211.04,299960000,2705200000
2018-09-04,801970.SI,2206.76,2245.29,2190.21,2231.41,363880000,3037300000
2018-09-05,801970.SI,2227.17,2249.95,2191.63,2202.19,367610000,3106300000
2018-09-06,801970.SI,2199.95,2229.4,2172.85,2187.91,337520000,3162230000
2018-09-07,801970.SI,2194.49,2230.02,2169.14,2201.95,449390000,3945280000
2018-09-10,801970.SI,2203.84,2221.49,2152.02,2161.23,459440000,4228970000
2018-09-11,801970.SI,2157.98,2190.21,2139.29,2167.13,354960000,3082320000
2018-09-12,801970.SI,2165.0,2192.09,2148.59,2166.17,291120000,2536480000
2018-09-13,801970.SI,2179.58,2200.17,2153.13,2179.76,266570000,2368190000
2018-09-14,801970.SI,2180.41,2222.79,2158.34,2181.48,346810000,3187760000
2018-09-17,801970.SI,2172.08,2192.7,2121.01,2140.34,298200000,2587510000
2018-09-18,801970.SI,2131.41,2183.6,2119.13,2170.02,357140000,2848450000
2018-09-19,801970.SI,2162.23,2213.28,2150.88,2190.83,475790000,3884580000
2018-09-20,801970.SI,2189.84,2215.13,2168.29,2184.24,413710000,3076020000
2018-09-21,801970.SI,2186.2,2214.6,2162.66,2203.71,357040000,2800020000
2018-09-25,801970.SI,2198.67,2212.61,2174.31,2190.37,263420000,2056650000
2018-09-26,801970.SI,2193.69,2220.05,2177.48,2197.48,331810000,2636750000
2018-09-27,801970.SI,2195.24,2211.71,2152.93,2163.03,370710000,2960410000
2018-09-28,801970.SI,2166.14,2198.46,2149.23,2183.93,302120000,2365200000
2018-10-08,801970.SI,2153.32,2173.51,2100.66,2114.59,316960000,2421710000
2018-10-09,801970.SI,2121.68,2143.26,2088.48,2104.14,231210000,1971540000
2018-10-10,801970.SI,2109.96,2147.66,2094.35,2122.4,269780000,2353750000
2018-10-11,801970.SI,2052.8,2070.67,1936.7,1953.61,532760000,3933930000
2018-10-12,801970.SI,1929.74,1955.54,1837.08,1901.44,498040000,3527990000
2018-10-15,801970.SI,1882.16,1910.23,1841.4,1852.71,316740000,2344960000
2018-10-16,801970.SI,1847.71,1878.38,1792.0,1812.29,401010000,3033270000
2018-10-17,801970.SI,1837.65,1856.77,1771.48,1812.07,460410000,3130960000
2018-10-18,801970.SI,1808.53,1829.85,1753.34,1771.27,466610000,3005500000
2018-10-19,801970.SI,1747.1,1814.83,1713.88,1800.17,445530000,2917630000
2018-10-22,801970.SI,1815.99,1920.98,1805.19,1894.16,655010000,4423410000
2018-10-23,801970.SI,1895.14,1957.79,1857.55,1892.95,690150000,5064380000
2018-10-24,801970.SI,1880.72,1926.87,1857.59,1889.67,444460000,3319990000
2018-10-25,801970.SI,1836.91,1890.54,1812.21,1875.64,429740000,2993590000
2018-10-26,801970.SI,1886.23,1918.29,1858.97,1880.17,452500000,3001870000
2018-10-29,801970.SI,1878.22,1894.69,1837.46,1854.88,359230000,2357300000
2018-10-30,801970.SI,1850.38,1891.29,1824.47,1868.16,403090000,2711020000
2018-10-31,801970.SI,1873.89,1911.08,1862.57,1893.76,417340000,2934420000
2018-11-01,801970.SI,1903.33,1946.72,1890.06,1907.61,515040000,3866350000
2018-11-02,801970.SI,1940.51,1996.99,1926.91,1980.69,653100000,4982250000
2018-11-05,801970.SI,1983.08,2038.44,1957.2,2002.63,735010000,5421940000
2018-11-06,801970.SI,1994.77,2010.99,1953.68,1990.57,495560000,3466530000
2018-11-07,801970.SI,1992.11,2018.61,1963.67,1976.81,493820000,3601550000
2018-11-08,801970.SI,1989.17,2013.0,1955.05,1967.68,462850000,3148880000
2018-11-09,801970.SI,1962.99,1999.13,1946.69,1972.43,415230000,2907780000
2018-11-12,801970.SI,1978.59,2069.07,1967.85,2059.39,770410000,5593080000
2018-11-13,801970.SI,2036.14,2129.77,2025.31,2098.75,987260000,7047290000
2018-11-14,801970.SI,2097.74,2142.4,2066.57,2104.63,778810000,5643330000
2018-11-15,801970.SI,2103.5,2152.33,2082.1,2138.46,754120000,5909320000
2018-11-16,801970.SI,2147.04,2189.14,2120.09,2156.38,815310000,6265930000
2018-11-19,801970.SI,2155.38,2208.3,2110.62,2185.4,893810000,6895730000
2018-11-20,801970.SI,2162.82,2195.62,2092.41,2100.98,942670000,6841660000
2018-11-21,801970.SI,2069.02,2129.36,2048.66,2106.98,761940000,5071030000
2018-11-22,801970.SI,2111.28,2142.28,2082.98,2104.21,613110000,4075990000
2018-11-23,801970.SI,2104.88,2118.86,1989.07,2004.69,708250000,4883570000
2018-11-26,801970.SI,2002.16,2051.55,1979.38,2012.14,479800000,3408380000
2018-11-27,801970.SI,2029.55,2051.53,1993.85,2018.87,422970000,2914260000
2018-11-28,801970.SI,2018.72,2056.78,1977.34,2045.91,482080000,3377910000
2018-11-29,801970.SI,2054.81,2078.18,1983.71,1991.89,555240000,3785100000
2018-11-30,801970.SI,1985.59,2015.01,1947.59,1997.29,433520000,2931020000
2018-12-03,801970.SI,2045.05,2085.65,2029.28,2062.34,568360000,4165330000
2018-12-04,801970.SI,2061.68,2093.2,2041.11,2076.5,523790000,3691550000
2018-12-05,801970.SI,2038.88,2092.54,2020.62,2070.97,608450000,4306860000
2018-12-06,801970.SI,2059.49,2080.53,2018.29,2033.27,519220000,3650930000
2018-12-07,801970.SI,2037.96,2076.42,2016.88,2056.35,508170000,3596020000
2018-12-10,801970.SI,2035.69,2059.85,1998.48,2018.69,440540000,3133930000
2018-12-11,801970.SI,2022.46,2057.45,2004.87,2038.6,489540000,3148340000
2018-12-12,801970.SI,2043.21,2074.69,2023.68,2048.19,460710000,3220090000
2018-12-13,801970.SI,2049.35,2085.02,2025.77,2059.82,556520000,3831560000
2018-12-14,801970.SI,2060.73,2117.7,2021.88,2042.17,805470000,5725500000
2018-12-17,801970.SI,2032.28,2075.78,1981.81,2042.22,729360000,5209300000
2018-12-18,801970.SI,2028.45,2053.9,1984.8,2015.58,644290000,4402860000
2018-12-19,801970.SI,2021.29,2038.89,1973.59,1987.22,563550000,3766070000
2018-12-20,801970.SI,1980.61,2016.39,1964.69,1999.48,517400000,3411760000
2018-12-21,801970.SI,1990.87,2009.73,1952.98,1979.0,438200000,2920440000
2018-12-24,801970.SI,1975.63,2001.7,1955.31,1984.59,365140000,2561570000
2018-12-25,801970.SI,1963.48,1978.01,1890.34,1947.66,562870000,3814240000
2018-12-26,801970.SI,1946.18,1977.33,1925.09,1948.55,456820000,3317240000
2018-12-27,801970.SI,1971.38,1986.32,1907.49,1917.0,503980000,3383110000
2018-12-28,801970.SI,1923.16,1948.42,1896.53,1919.66,451300000,3084420000
2019-01-02,801970.SI,1933.21,1956.03,1900.86,1918.66,392090000,2724130000
2019-01-03,801970.SI,1920.99,1949.01,1884.45,1902.33,481960000,3239330000
2019-01-04,801970.SI,1880.36,1946.13,1855.92,1935.49,551240000,3712170000
2019-01-07,801970.SI,1944.95,1980.82,1927.19,1966.41,552770000,3724370000
2019-01-08,801970.SI,1963.07,1976.76,1935.31,1953.84,429830000,2900550000
2019-01-09,801970.SI,1955.2,1990.11,1940.56,1951.37,530360000,3570800000
2019-01-10,801970.SI,1950.49,1988.08,1934.45,1956.93,507540000,3364000000
2019-01-11,801970.SI,1954.83,1983.72,1929.66,1964.08,494800000,3396350000
2019-01-14,801970.SI,1966.32,1992.67,1938.8,1959.61,513070000,3511570000
2019-01-15,801970.SI,1953.92,1987.43,1922.65,1971.55,706640000,4483200000
2019-01-16,801970.SI,1968.75,2000.2,1943.14,1966.05,648080000,4381990000
2019-01-17,801970.SI,1963.6,1979.56,1925.92,1938.21,599900000,3929100000
2019-01-18,801970.SI,1940.91,1965.05,1920.35,1944.0,564040000,3577940000
2019-01-21,801970.SI,1947.75,1977.49,1931.44,1955.42,554400000,3537280000
2019-01-22,801970.SI,1958.98,1971.98,1916.0,1929.91,485690000,3150410000
2019-01-23,801970.SI,1926.88,1953.95,1898.82,1925.51,492520000,3401740000
2019-01-24,801970.SI,1928.85,1952.67,1903.09,1930.22,585610000,3912210000
2019-01-25,801970.SI,1932.27,1964.58,1903.98,1921.65,630640000,4411350000
2019-01-28,801970.SI,1930.12,1948.49,1883.62,1894.35,539300000,3619090000
2019-01-29,801970.SI,1893.46,1903.97,1817.5,1856.32,522480000,3374680000
2019-01-30,801970.SI,1846.67,1875.68,1820.08,1831.57,404710000,2475790000
2019-01-31,801970.SI,1821.61,1853.14,1781.01,1800.94,518800000,3222050000
2019-02-01,801970.SI,1810.64,1878.2,1803.55,1871.15,491980000,3139300000
2019-02-11,801970.SI,1875.47,1921.22,1867.17,1913.8,491900000,3284030000
2019-02-12,801970.SI,1915.95,1954.79,1902.59,1937.08,544830000,3689900000
2019-02-13,801970.SI,1939.52,1977.2,1923.19,1965.79,640970000,4363150000
2019-02-14,801970.SI,1964.64,1989.71,1944.96,1969.27,581050000,3806840000
2019-02-15,801970.SI,1969.98,2016.23,1956.77,1977.65,699340000,4681970000
2019-02-18,801970.SI,1987.51,2053.4,1977.27,2043.7,836060000,5779150000
2019-02-19,801970.SI,2051.87,2086.49,2014.4,2048.54,956770000,6362500000
2019-02-20,801970.SI,2047.4,2066.94,2010.69,2046.54,716440000,4681840000
2019-02-21,801970.SI,2045.61,2081.92,2013.81,2033.55,888060000,6059070000
2019-02-22,801970.SI,2030.22,2081.58,2017.33,2075.2,853960000,5696750000
2019-02-25,801970.SI,2094.96,2201.41,2080.64,2185.56,1441740000,10492210000
2019-02-26,801970.SI,2190.34,2256.23,2146.09,2194.69,1596180000,11834260000
2019-02-27,801970.SI,2184.24,2256.08,2151.25,2200.9,1447200000,10527100000
2019-02-28,801970.SI,2198.53,2252.35,2176.95,2212.16,1048970000,7607320000
2019-03-01,801970.SI,2224.78,2250.41,2175.62,2221.72,1024350000,7237000000
2019-03-04,801970.SI,2233.95,2356.31,2221.15,2312.65,1717400000,13970480000
2019-03-05,801970.SI,2308.75,2368.78,2282.37,2354.13,1448540000,11604980000
2019-03-06,801970.SI,2359.53,2405.07,2309.35,2376.07,1585210000,12517370000
2019-03-07,801970.SI,2378.1,2438.27,2336.9,2398.38,1671880000,13128840000
2019-03-08,801970.SI,2352.18,2390.5,2239.72,2253.33,1676000000,12903670000
2019-03-11,801970.SI,2257.96,2372.47,2247.51,2360.46,1365290000,10254790000
2019-03-12,801970.SI,2378.05,2441.38,2334.5,2391.72,1678660000,13184740000
2019-03-13,801970.SI,2394.51,2453.13,2331.03,2373.45,1541210000,12816080000
2019-03-14,801970.SI,2354.82,2392.26,2253.0,2291.27,1233330000,9450700000
2019-03-15,801970.SI,2297.18,2359.32,2272.2,2315.71,1024550000,7650800000
2019-03-18,801970.SI,2321.84,2378.39,2286.88,2364.18,947070000,7677270000
2019-03-19,801970.SI,2365.34,2412.54,2334.31,2372.25,916000000,7644460000
2019-03-20,801970.SI,2367.8,2418.76,2311.2,2395.23,1068300000,8839220000
2019-03-21,801970.SI,2405.83,2460.09,2378.27,2424.27,1456510000,11716150000
2019-03-22,801970.SI,2423.45,2465.22,2368.45,2433.53,1256740000,10878540000
2019-03-25,801970.SI,2389.43,2452.57,2356.05,2385.97,1083700000,9786860000
2019-03-26,801970.SI,2399.47,2425.25,2297.13,2316.6,980140000,8212050000
2019-03-27,801970.SI,2335.81,2360.97,2264.71,2317.26,802090000,6536170000
2019-03-28,801970.SI,2306.13,2343.34,2264.05,2285.35,705120000,5766470000
2019-03-29,801970.SI,2283.24,2363.84,2250.15,2349.81,952060000,7957600000
2019-04-01,801970.SI,2363.01,2437.53,2350.27,2417.26,1163240000,9991160000
2019-04-02,801970.SI,2429.55,2457.89,2393.85,2417.22,1127540000,9657540000
2019-04-03,801970.SI,2409.0,2452.48,2380.69,2434.62,1092020000,8683500000
2019-04-04,801970.SI,2444.18,2487.2,2411.16,2449.97,1134620000,9369880000
2019-04-08,801970.SI,2471.15,2518.91,2393.76,2450.5,1333050000,11346530000
2019-04-09,801970.SI,2452.57,2516.01,2421.32,2488.28,1196130000,9780460000
2019-04-10,801970.SI,2475.34,2538.35,2431.08,2498.57,1402900000,11487120000
2019-04-11,801970.SI,2493.33,2526.18,2419.6,2436.92,1176550000,9237340000
2019-04-12,801970.SI,2432.39,2472.71,2393.11,2435.22,881420000,6969740000
2019-04-15,801970.SI,2458.0,2491.19,2386.48,2398.04,910250000,7197040000
2019-04-16,801970.SI,2388.03,2459.24,2353.28,2447.79,885310000,7069550000
2019-04-17,801970.SI,2455.61,2500.94,2429.25,2464.39,962130000,8187920000
2019-04-18,801970.SI,2466.1,2511.22,2418.86,2465.13,1077950000,8605200000
2019-04-19,801970.SI,2456.7,2504.38,2421.36,2479.29,1034800000,7965660000
2019-04-22,801970.SI,2482.59,2521.22,2433.9,2460.26,961440000,7788480000
2019-04-23,801970.SI,2459.8,2490.22,2383.92,2418.08,1062190000,8304990000
2019-04-24,801970.SI,2421.19,2481.71,2393.53,2453.79,907730000,7654540000
2019-04-25,801970.SI,2448.57,2472.78,2329.48,2342.64,1115680000,8644030000
2019-04-26,801970.SI,2335.0,2370.05,2279.19,2302.0,817450000,6097590000
2019-04-29,801970.SI,2291.68,2318.37,2191.22,2221.29,710390000,5678960000
2019-04-30,801970.SI,2214.15,2267.24,2195.72,2237.44,554900000,4138150000
2019-05-06,801970.SI,2179.32,2209.57,2045.98,2078.68,852200000,6019650000
2019-05-07,801970.SI,2091.91,2132.22,2045.95,2096.33,640140000,4264780000
2019-05-08,801970.SI,2058.07,2119.98,2029.0,2075.13,678910000,4162140000
2019-05-09,801970.SI,2057.5,2101.71,2032.3,2062.04,558590000,3531120000
2019-05-10,801970.SI,2075.96,2130.31,2026.12,2115.43,799120000,5203490000
2019-05-13,801970.SI,2097.62,2133.01,2065.93,2101.76,639550000,4164600000
2019-05-14,801970.SI,2070.88,2115.58,2051.16,2076.26,577210000,3699660000
2019-05-15,801970.SI,2088.9,2122.66,2076.76,2107.96,563630000,3626660000
2019-05-16,801970.SI,2109.49,2136.21,2090.16,2121.55,541570000,3541650000
2019-05-17,801970.SI,2120.18,2132.88,2014.3,2034.6,680210000,4620370000
2019-05-20,801970.SI,2027.69,2048.52,1966.91,2022.84,471000000,3024520000
2019-05-21,801970.SI,2026.53,2068.4,2011.06,2049.59,430130000,2762470000
2019-05-22,801970.SI,2051.64,2072.04,2012.91,2036.05,475480000,2978710000
2019-05-23,801970.SI,2032.5,2046.1,1979.93,1995.82,542670000,3372800000
2019-05-24,801970.SI,1994.85,2027.04,1976.24,1998.49,434380000,2815140000
2019-05-27,801970.SI,2004.72,2054.58,1985.97,2041.66,645900000,4030690000
2019-05-28,801970.SI,2041.01,2069.04,2017.33,2033.82,539470000,3494090000
2019-05-29,801970.SI,2032.72,2063.78,2016.13,2042.31,467490000,2977270000
2019-05-30,801970.SI,2038.56,2052.86,2000.38,2033.31,481980000,3151200000
2019-05-31,801970.SI,2033.34,2067.15,2016.23,2040.43,444790000,3028930000
2019-06-03,801970.SI,2037.91,2079.02,1997.84,2034.32,514190000,3779340000
2019-06-04,801970.SI,2028.06,2050.71,1980.83,2005.38,493790000,4115750000
2019-06-05,801970.SI,2015.86,2050.45,1987.23,2012.99,553330000,4348970000
2019-06-06,801970.SI,2006.75,2022.86,1946.12,1962.81,482110000,3627090000
2019-06-10,801970.SI,1967.42,1995.48,1943.12,1973.52,395300000,2931010000
2019-06-11,801970.SI,1975.04,2048.58,1962.21,2037.86,661710000,4858610000
2019-06-12,801970.SI,2034.41,2058.76,2006.71,2022.88,576000000,4532860000
2019-06-13,801970.SI,2022.34,2050.19,1998.95,2029.65,521200000,3946400000
2019-06-14,801970.SI,2033.29,2058.26,1982.15,1995.43,645440000,4608290000
2019-06-17,801970.SI,1998.01,2024.62,1971.67,1995.46,411600000,2974700000
2019-06-18,801970.SI,1990.53,2027.09,1969.56,2001.0,453580000,3466480000
2019-06-19,801970.SI,2035.39,2092.1,2012.01,2058.58,814330000,6469310000
2019-06-20,801970.SI,2086.38,2192.0,2074.3,2177.26,1448160000,11989070000
2019-06-21,801970.SI,2215.72,2310.44,2193.95,2266.54,1630030000,13954960000
2019-06-24,801970.SI,2295.1,2322.07,2215.41,2246.73,1651570000,14701090000
2019-06-25,801970.SI,2242.44,2281.12,2177.74,2232.27,1542350000,14838330000
2019-06-26,801970.SI,2215.26,2267.69,2174.25,2206.38,1385640000,12566100000
2019-06-27,801970.SI,2204.06,2264.07,2177.6,2213.83,1325780000,11935560000
2019-06-28,801970.SI,2216.65,2253.41,2161.62,2208.27,1288260000,11938610000
2019-07-01,801970.SI,2264.86,2312.8,2235.66,2273.75,1412290000,13400670000
2019-07-02,801970.SI,2258.82,2290.63,2201.4,2243.42,1479750000,14149460000
2019-07-03,801970.SI,2227.05,2322.07,2205.83,2276.09,1532030000,14041730000
2019-07-04,801970.SI,2280.29,2350.53,2238.63,2287.71,1793030000,15962900000
2019-07-05,801970.SI,2270.84,2296.73,2221.16,2250.82,1247490000,10842590000
2019-07-08,801970.SI,2242.59,2262.05,2145.49,2171.91,1224230000,10518550000
2019-07-09,801970.SI,2168.98,2192.8,2118.53,2149.88,869080000,7727660000
2019-07-10,801970.SI,2147.13,2168.35,2101.62,2123.39,751650000,6482390000
2019-07-11,801970.SI,2131.42,2164.2,2095.07,2128.39,806360000,7196950000
2019-07-12,801970.SI,2127.79,2148.26,2094.8,2115.94,663340000,5658150000
2019-07-15,801970.SI,2105.87,2150.98,2060.4,2128.99,799260000,6685740000
2019-07-16,801970.SI,2128.08,2150.73,2105.51,2127.0,658560000,5658270000
2019-07-17,801970.SI,2121.49,2140.23,2093.73,2110.81,619890000,5176960000
2019-07-18,801970.SI,2097.68,2111.08,2051.88,2059.98,656490000,5523160000
2019-07-19,801970.SI,2067.47,2108.74,2056.36,2072.24,558260000,4593890000
2019-07-22,801970.SI,2073.47,2091.22,1997.46,2021.07,623550000,4852290000
2019-07-23,801970.SI,2025.19,2049.69,2005.65,2038.28,406240000,3236200000
2019-07-24,801970.SI,2043.08,2081.24,2034.4,2062.47,491940000,3991060000
2019-07-25,801970.SI,2060.86,2078.27,2040.5,2062.49,418590000,3328750000
2019-07-26,801970.SI,2059.94,2077.79,2041.84,2060.97,381780000,3086300000
2019-07-29,801970.SI,2061.54,2074.88,2034.14,2048.21,363150000,2844660000
2019-07-30,801970.SI,2048.9,2089.82,2039.57,2065.05,461410000,3810060000
2019-07-31,801970.SI,2058.48,2073.79,2031.69,2048.38,395940000,3197170000
2019-08-01,801970.SI,2040.07,2061.81,2020.77,2038.12,369850000,2909130000
2019-08-02,801970.SI,2000.09,2023.05,1968.81,1998.04,541210000,4352760000
2019-08-05,801970.SI,1992.84,2022.53,1962.28,1979.08,503650000,4162330000
2019-08-06,801970.SI,1943.22,1961.47,1861.97,1914.47,745090000,6227500000
2019-08-07,801970.SI,1926.88,1943.2,1888.83,1901.74,477960000,4189390000
2019-08-08,801970.SI,1903.97,1931.94,1887.97,1908.37,435770000,3688690000
2019-08-09,801970.SI,1917.83,1942.26,1875.61,1891.52,480350000,3974780000
2019-08-12,801970.SI,1891.65,1922.93,1870.84,1912.07,413460000,3279350000
2019-08-13,801970.SI,1898.66,1922.41,1877.41,1902.8,384490000,3032240000
2019-08-14,801970.SI,1923.33,1946.27,1899.69,1913.09,449720000,3658180000
2019-08-15,801970.SI,1873.86,1921.4,1853.91,1912.75,450980000,3583530000
2019-08-16,801970.SI,1911.73,1946.86,1899.37,1923.31,468520000,3758500000
2019-08-19,801970.SI,1938.54,1996.16,1926.74,1983.6,677610000,5292760000
2019-08-20,801970.SI,1988.71,2014.88,1968.41,1983.61,622710000,4829410000
2019-08-21,801970.SI,1983.63,2022.44,1968.63,2005.09,635110000,5111600000
2019-08-22,801970.SI,2008.34,2025.56,1981.24,2002.95,632520000,4852400000
2019-08-23,801970.SI,2001.34,2020.08,1973.92,1992.65,570010000,4295440000
2019-08-26,801970.SI,1949.21,1992.84,1932.41,1969.94,585710000,4237050000
2019-08-27,801970.SI,1980.06,2028.52,1967.5,2002.24,721160000,5242680000
2019-08-28,801970.SI,1998.36,2020.34,1975.22,1998.57,562480000,4356000000
2019-08-29,801970.SI,2001.21,2021.24,1975.65,1996.24,580510000,4320090000
2019-08-30,801970.SI,2003.52,2023.0,1947.53,1961.06,768940000,5675920000
2019-09-02,801970.SI,1959.62,2007.49,1947.26,1996.51,658750000,4740450000
2019-09-03,801970.SI,1996.23,2025.48,1976.97,2009.37,720980000,4937360000
2019-09-04,801970.SI,2005.69,2047.99,1990.18,2030.19,775740000,5525210000
2019-09-05,801970.SI,2039.74,2079.38,2025.36,2040.48,969930000,6945890000
2019-09-06,801970.SI,2046.38,2080.44,2026.01,2065.18,853000000,6727430000
2019-09-09,801970.SI,2077.16,2111.7,2056.23,2099.12,875030000,7256810000
2019-09-10,801970.SI,2103.47,2132.9,2070.4,2098.24,886560000,7132870000
2019-09-11,801970.SI,2102.66,2126.33,2073.38,2084.49,735410000,5861120000
2019-09-12,801970.SI,2089.42,2112.31,2069.07,2093.13,577760000,4673900000
2019-09-16,801970.SI,2099.82,2121.34,2072.28,2092.29,656390000,5445590000
2019-09-17,801970.SI,2088.23,2104.91,2032.19,2051.09,772330000,6546090000
2019-09-18,801970.SI,2056.99,2077.16,2025.74,2043.8,575450000,4920170000
2019-09-19,801970.SI,2046.09,2066.76,2013.38,2050.33,606880000,5054960000
2019-09-20,801970.SI,2052.13,2080.09,2031.97,2054.17,559790000,4953340000
2019-09-23,801970.SI,2053.9,2060.21,2000.21,2021.25,508760000,4319980000
2019-09-24,801970.SI,2021.05,2043.45,2002.82,2016.64,461680000,3621510000
2019-09-25,801970.SI,2011.11,2024.22,1970.91,1983.87,464270000,3626150000
2019-09-26,801970.SI,1987.41,2003.82,1929.09,1940.48,512880000,3823960000
2019-09-27,801970.SI,1941.43,1973.7,1927.11,1951.4,369690000,2723730000
2019-09-30,801970.SI,1951.98,1972.75,1919.79,1937.58,352540000,2628660000
2019-10-08,801970.SI,1939.43,1968.58,1919.9,1943.13,322910000,2486140000
2019-10-09,801970.SI,1935.87,1961.74,1913.64,1951.24,321390000,2422990000
2019-10-10,801970.SI,1957.41,1987.28,1944.96,1977.16,393180000,3042790000
2019-10-11,801970.SI,1983.83,2006.56,1962.22,1985.3,498760000,3466880000
2019-10-14,801970.SI,2001.0,2031.84,1988.32,2012.79,586980000,4088000000
2019-10-15,801970.SI,2010.78,2027.84,1978.38,1996.83,548000000,3829500000
2019-10-16,801970.SI,1999.06,2044.15,1982.76,2006.11,628300000,4688910000
2019-10-17,801970.SI,2003.5,2024.14,1977.0,1998.13,482390000,3657190000
2019-10-18,801970.SI,1999.99,2038.14,1973.9,1990.65,627130000,4908900000
2019-10-21,801970.SI,1988.42,2008.55,1940.37,1977.47,526800000,3971910000
2019-10-22,801970.SI,1976.94,2002.05,1956.09,1984.7,473830000,3481270000
2019-10-23,801970.SI,1985.45,2010.59,1962.91,1980.41,470420000,3625310000
2019-10-24,801970.SI,1978.19,2007.69,1956.73,1987.13,562560000,3846820000
2019-10-25,801970.SI,1985.37,2006.56,1959.55,1990.31,509850000,3604150000
2019-10-28,801970.SI,1986.65,2025.81,1975.4,2012.5,577730000,4172390000
2019-10-29,801970.SI,2012.29,2025.27,1972.35,1986.18,560120000,4162730000
2019-10-30,801970.SI,1981.31,1999.26,1935.95,1951.72,550430000,3929470000
2019-10-31,801970.SI,1952.66,1976.67,1918.12,1934.74,470380000,3421130000
2019-11-01,801970.SI,1931.18,1967.08,1918.47,1954.38,395840000,2851090000
2019-11-04,801970.SI,1959.54,1979.21,1936.12,1951.06,420960000,3053310000
2019-11-05,801970.SI,1952.28,1967.96,1925.17,1944.98,429140000,3170700000
2019-11-06,801970.SI,1944.3,1962.82,1917.65,1929.88,386710000,2784460000
2019-11-07,801970.SI,1927.28,1955.03,1914.44,1938.16,344050000,2515630000
2019-11-08,801970.SI,1947.76,1963.6,1924.12,1933.24,359410000,2749690000
2019-11-11,801970.SI,1928.94,1937.87,1874.19,1884.08,423390000,3090490000
2019-11-12,801970.SI,1884.13,1904.57,1854.72,1880.84,368330000,2603670000
2019-11-13,801970.SI,1881.2,1893.55,1854.01,1871.42,294270000,2136700000
2019-11-14,801970.SI,1870.5,1897.5,1856.9,1879.43,326140000,2292790000
2019-11-15,801970.SI,1880.44,1897.22,1847.04,1861.44,389250000,2776630000
2019-11-18,801970.SI,1860.05,1885.8,1844.86,1872.9,325190000,2266190000
2019-11-19,801970.SI,1875.45,1908.93,1865.11,1900.55,397110000,2867130000
2019-11-20,801970.SI,1899.7,1913.26,1875.33,1885.88,362620000,2606640000
2019-11-21,801970.SI,1881.49,1903.84,1864.16,1884.21,332210000,2420400000
2019-11-22,801970.SI,1886.42,1910.26,1857.94,1871.04,380080000,2840230000
2019-11-25,801970.SI,1873.0,1899.78,1850.06,1881.41,355320000,2504390000
2019-11-26,801970.SI,1885.47,1906.03,1863.13,1874.76,370910000,2468010000
2019-11-27,801970.SI,1870.34,1892.66,1850.13,1868.84,382390000,2568270000
2019-11-28,801970.SI,1867.77,1893.29,1849.71,1869.99,375150000,2547180000
2019-11-29,801970.SI,1869.21,1885.8,1849.52,1870.09,306900000,2183540000
2019-12-02,801970.SI,1872.49,1887.18,1849.88,1862.58,286320000,1952190000
2019-12-03,801970.SI,1857.56,1875.51,1837.06,1865.51,313920000,2291670000
2019-12-04,801970.SI,1857.55,1874.63,1845.23,1862.44,300770000,2192540000
2019-12-05,801970.SI,1863.91,1883.21,1852.39,1874.9,360200000,2527860000
2019-12-06,801970.SI,1875.0,1892.43,1861.25,1883.83,320280000,2290660000
2019-12-09,801970.SI,1883.09,1903.52,1870.87,1888.78,352340000,2537270000
2019-12-10,801970.SI,1886.11,1898.35,1867.54,1887.61,346300000,2487830000
2019-12-11,801970.SI,1886.93,1897.84,1864.41,1876.67,395890000,2622800000
2019-12-12,801970.SI,1873.97,1884.85,1851.56,1861.36,400620000,2669560000
2019-12-13,801970.SI,1868.83,1893.41,1857.58,1882.06,483130000,3410820000
2019-12-16,801970.SI,1889.21,1915.69,1873.39,1906.85,535750000,3836520000
2019-12-17,801970.SI,1908.3,1940.55,1896.72,1928.33,652860000,4607620000
2019-12-18,801970.SI,1929.44,1952.03,1914.98,1929.47,562980000,4133560000
2019-12-19,801970.SI,1930.69,1951.67,1916.01,1936.43,512660000,3776820000
2019-12-20,801970.SI,1939.68,1969.86,1918.96,1929.99,603800000,4640740000
2019-12-23,801970.SI,1925.17,1939.64,1879.2,1886.57,523170000,3957940000
2019-12-24,801970.SI,1891.55,1915.38,1878.55,1907.06,381980000,2902600000
2019-12-25,801970.SI,1906.79,1921.68,1886.96,1903.98,401110000,2993950000
2019-12-26,801970.SI,1904.13,1921.86,1889.23,1912.97,394110000,2967120000
2019-12-27,801970.SI,1917.92,1940.51,1899.18,1909.54,505550000,4195510000
2019-12-30,801970.SI,1905.84,1932.22,1875.11,1922.27,498130000,4137910000
2019-12-31,801970.SI,1920.97,1943.02,1907.45,1929.24,415380000,3394470000
2020-01-02,801970.SI,1941.55,1973.07,1928.23,1957.69,627840000,5157280000
2020-01-03,801970.SI,1961.15,1990.96,1945.1,1973.65,671640000,5353390000
2020-01-06,801970.SI,1963.15,1998.34,1948.98,1977.17,684510000,5442990000
2020-01-07,801970.SI,1983.33,2017.42,1972.13,2004.22,721200000,5606370000
2020-01-08,801970.SI,1994.18,2011.16,1957.23,1967.02,734950000,5688080000
2020-01-09,801970.SI,1982.54,2010.48,1968.16,1993.56,622940000,4928950000
2020-01-10,801970.SI,2001.04,2019.81,1975.23,1991.93,576950000,4611090000
2020-01-13,801970.SI,1992.48,2024.89,1965.29,2015.94,621700000,4971410000
2020-01-14,801970.SI,2019.67,2097.11,2004.6,2065.49,1204170000,10017730000
2020-01-15,801970.SI,2061.51,2091.68,2029.23,2053.63,833400000,7171290000
2020-01-16,801970.SI,2055.63,2078.9,2021.52,2042.09,665060000,5573750000
2020-01-17,801970.SI,2044.84,2065.23,2015.33,2024.44,552200000,4515680000
2020-01-20,801970.SI,2025.93,2056.49,2005.61,2041.95,529720000,4330070000
2020-01-21,801970.SI,2040.67,2058.48,1997.57,2017.49,604910000,5299630000
2020-01-22,801970.SI,2009.38,2036.22,1969.95,2016.68,534870000,4588030000
2020-01-23,801970.SI,1999.97,2017.68,1918.63,1946.29,664380000,5317260000
2020-02-03,801970.SI,1755.08,1784.55,1753.0,1762.4,400300000,2821360000
2020-02-04,801970.SI,1671.44,1792.89,1668.15,1761.82,934000000,6559140000
2020-02-05,801970.SI,1768.63,1827.78,1752.72,1796.43,742230000,5578710000
2020-02-06,801970.SI,1809.05,1900.42,1784.67,1884.25,975410000,7623060000
2020-02-07,801970.SI,1913.66,2001.54,1870.16,1987.25,1601020000,12753320000
2020-02-10,801970.SI,2016.19,2055.91,1943.41,1995.1,1681760000,15353490000
2020-02-11,801970.SI,1980.63,1990.54,1917.95,1930.9,1032020000,9229440000
2020-02-12,801970.SI,1929.32,1960.54,1910.99,1947.49,732940000,6805280000
2020-02-13,801970.SI,1944.36,1982.05,1898.47,1946.41,969370000,8663870000
2020-02-14,801970.SI,1940.77,1972.45,1914.5,1936.44,793570000,7297630000
2020-02-17,801970.SI,1941.56,1997.68,1928.67,1984.7,932680000,8366950000
2020-02-18,801970.SI,1987.26,2019.39,1962.62,2001.41,935840000,8499460000
2020-02-19,801970.SI,1997.81,2044.04,1968.3,2000.75,985220000,9333570000
2020-02-20,801970.SI,2003.29,2037.45,1975.47,2018.22,916870000,8181580000
2020-02-21,801970.SI,2019.81,2056.81,1998.98,2029.47,950010000,8111840000
2020-02-24,801970.SI,2028.11,2071.65,1996.28,2042.47,1048240000,9072480000
2020-02-25,801970.SI,1997.07,2030.48,1941.37,2006.63,1101520000,9354060000
2020-02-26,801970.SI,1979.73,2060.67,1961.64,2008.05,1166320000,9828760000
2020-02-27,801970.SI,2020.32,2099.79,2000.17,2070.75,1428500000,12914460000
2020-02-28,801970.SI,2014.28,2067.74,1951.99,1970.57,1374420000,12338010000
2020-03-02,801970.SI,1984.7,2097.34,1976.89,2071.21,1300200000,11807220000
2020-03-03,801970.SI,2096.1,2149.61,2053.36,2103.71,1595280000,14321060000
2020-03-04,801970.SI,2124.91,2200.06,2092.19,2152.1,1593970000,14440200000
2020-03-05,801970.SI,2168.4,2225.88,2130.0,2182.98,1564490000,14238260000
2020-03-06,801970.SI,2151.24,2196.79,2117.13,2151.94,1066460000,9275200000
2020-03-09,801970.SI,2119.9,2158.33,2059.17,2087.1,1057880000,9147780000
2020-03-10,801970.SI,2051.24,2134.0,2014.5,2112.45,1026860000,8912300000
2020-03-11,801970.SI,2113.01,2170.01,2076.95,2109.79,1127810000,9872030000
2020-03-12,801970.SI,2091.74,2134.73,2037.33,2074.69,1255380000,11012970000
2020-03-13,801970.SI,1961.33,2063.8,1936.83,2032.71,1209920000,9779180000
2020-03-16,801970.SI,2045.21,2078.01,1946.47,1960.08,1143970000,9016700000
2020-03-17,801970.SI,1961.97,2013.78,1887.17,1958.84,959190000,7507060000
2020-03-18,801970.SI,1976.66,2013.84,1906.66,1919.79,920380000,7592280000
2020-03-19,801970.SI,1913.15,1948.56,1862.98,1918.61,799510000,6389860000
2020-03-20,801970.SI,1935.81,1980.76,1912.4,1963.29,679310000,5759650000
2020-03-23,801970.SI,1917.24,1961.66,1879.46,1902.61,725430000,5940800000
2020-03-24,801970.SI,1932.68,1961.28,1876.51,1934.63,737640000,6028670000
2020-03-25,801970.SI,1965.05,1992.39,1935.06,1965.9,723180000,5828110000
2020-03-26,801970.SI,1954.58,1973.11,1915.01,1933.97,591490000,4813530000
2020-03-27,801970.SI,1948.97,1973.81,1915.75,1930.73,581300000,4690900000
2020-03-30,801970.SI,1906.33,1928.61,1855.48,1893.79,597050000,4762480000
2020-03-31,801970.SI,1909.0,1930.3,1871.79,1890.05,496940000,4132250000
2020-04-01,801970.SI,1888.07,1916.3,1857.3,1875.25,513620000,4097300000
2020-04-02,801970.SI,1862.86,1912.72,1844.31,1905.51,517560000,4096920000
2020-04-03,801970.SI,1904.37,1927.88,1873.83,1897.4,555060000,4394180000
2020-04-07,801970.SI,1919.36,1966.4,1908.79,1953.22,737690000,5760100000
2020-04-08,801970.SI,1948.96,1984.15,1930.47,1965.01,636660000,5587180000
2020-04-09,801970.SI,1974.67,2009.74,1953.85,1978.13,619140000,5659670000
2020-04-10,801970.SI,1971.85,1990.89,1922.08,1945.38,663280000,5266720000
2020-04-13,801970.SI,1936.73,1969.26,1912.41,1946.66,525070000,4215390000
2020-04-14,801970.SI,1951.48,1989.06,1935.49,1974.51,536910000,4355640000
2020-04-15,801970.SI,1975.75,2003.39,1947.94,1968.27,585590000,5074310000
2020-04-16,801970.SI,1960.18,2001.52,1939.75,1980.21,548090000,4871630000
2020-04-17,801970.SI,1986.54,2014.04,1955.26,1969.46,660500000,5858390000
2020-04-20,801970.SI,1974.02,2012.3,1949.75,1991.47,621330000,5508410000
2020-04-21,801970.SI,1983.77,2006.1,1947.74,1979.73,607600000,5060500000
2020-04-22,801970.SI,1970.53,2020.24,1954.04,2007.0,606380000,5077350000
2020-04-23,801970.SI,2010.79,2042.21,1980.78,2006.81,719790000,5999270000
2020-04-24,801970.SI,2003.93,2021.03,1952.39,1971.24,684420000,5404660000
2020-04-27,801970.SI,1972.32,2017.16,1942.22,1971.78,653450000,4986000000
2020-04-28,801970.SI,1979.19,2003.25,1890.72,1944.07,831180000,6269950000
2020-04-29,801970.SI,1937.88,1977.88,1900.36,1930.48,668520000,5204930000
2020-04-30,801970.SI,1939.0,1984.64,1923.18,1966.12,664400000,5405660000
2020-05-06,801970.SI,1959.32,2018.79,1946.97,2002.9,710060000,5772960000
2020-05-07,801970.SI,2002.46,2025.68,1970.99,1993.68,585270000,5108410000
2020-05-08,801970.SI,2000.34,2033.63,1984.78,2010.28,577890000,5329700000
2020-05-11,801970.SI,2017.2,2038.43,1981.11,2004.42,575110000,5169180000
2020-05-12,801970.SI,2006.1,2025.5,1970.29,2000.71,597620000,5231070000
2020-05-13,801970.SI,1994.57,2017.54,1969.26,1998.68,475300000,4647840000
2020-05-14,801970.SI,1992.33,2012.74,1960.41,1976.74,497970000,4564820000
2020-05-15,801970.SI,1986.43,2009.01,1958.6,1976.53,531300000,4829470000
2020-05-18,801970.SI,1980.02,2007.01,1945.49,1968.95,569220000,5021880000
2020-05-19,801970.SI,1981.46,2002.74,1956.77,1975.6,457310000,4163920000
2020-05-20,801970.SI,1974.56,1989.19,1931.19,1948.37,525960000,4844190000
2020-05-21,801970.SI,1954.19,1976.39,1916.27,1933.57,494810000,4318680000
2020-05-22,801970.SI,1935.01,1955.13,1887.12,1905.91,617230000,5131640000
2020-05-25,801970.SI,1906.55,1937.39,1870.44,1907.45,485250000,4480570000
2020-05-26,801970.SI,1913.05,1953.59,1896.91,1937.73,585250000,5128570000
2020-05-27,801970.SI,1943.97,1969.33,1914.78,1937.28,598050000,5674150000
2020-05-28,801970.SI,1933.13,1953.94,1890.63,1917.82,578630000,5633200000
2020-05-29,801970.SI,1909.68,1941.24,1893.21,1917.66,510560000,4837660000
2020-06-01,801970.SI,1923.95,1977.47,1913.62,1963.87,703430000,5839540000
2020-06-02,801970.SI,1968.36,1996.38,1945.63,1971.4,656000000,5436350000
2020-06-03,801970.SI,1978.07,1998.71,1950.08,1971.38,593210000,5097700000
2020-06-04,801970.SI,1981.44,2018.81,1955.09,1980.25,714300000,5833690000
2020-06-05,801970.SI,1981.1,2007.07,1951.07,1979.44,591440000,4996620000
2020-06-08,801970.SI,1978.9,1997.27,1944.71,1962.79,517400000,4747680000
2020-06-09,801970.SI,1961.8,1979.68,1938.18,1960.4,459590000,3902460000
2020-06-10,801970.SI,1960.56,1981.57,1929.55,1950.32,491810000,3995060000
2020-06-11,801970.SI,1953.65,1983.67,1923.73,1946.48,608010000,5204560000
2020-06-12,801970.SI,1918.74,1956.29,1897.67,1940.33,667430000,5611390000
2020-06-15,801970.SI,1940.62,1985.83,1917.84,1945.28,757590000,6339360000
2020-06-16,801970.SI,1954.87,1988.86,1936.82,1970.63,643010000,5577220000
2020-06-17,801970.SI,1971.35,1999.06,1944.29,1982.17,694660000,5988190000
2020-06-18,801970.SI,1983.23,2010.1,1958.86,1978.61,634600000,5698090000
2020-06-19,801970.SI,1980.96,2000.85,1954.3,1976.03,614120000,5594720000
2020-06-22,801970.SI,1975.66,1999.6,1947.11,1962.97,675010000,5738450000
2020-06-23,801970.SI,1964.36,1985.67,1934.68,1956.47,572520000,4715400000
2020-06-24,801970.SI,1961.72,1979.78,1931.58,1947.43,603520000,4774900000
2020-06-29,801970.SI,1946.08,1963.88,1908.51,1930.48,556400000,4557170000
2020-06-30,801970.SI,1936.17,1964.89,1924.05,1947.35,538720000,4586440000
2020-07-01,801970.SI,1951.9,1979.16,1927.68,1957.52,654560000,5210600000
2020-07-02,801970.SI,1957.36,2000.79,1943.14,1988.17,807090000,6466880000
2020-07-03,801970.SI,1994.86,2037.66,1977.17,2015.06,955710000,7394030000
2020-07-06,801970.SI,2026.66,2101.94,2010.97,2085.68,1473710000,11297730000
2020-07-07,801970.SI,2100.17,2137.15,2057.07,2088.31,1446850000,11825220000
2020-07-08,801970.SI,2085.73,2142.93,2063.69,2123.88,1249700000,10453180000
2020-07-09,801970.SI,2122.72,2186.68,2106.55,2165.02,1472860000,12404950000
2020-07-10,801970.SI,2168.32,2220.58,2125.2,2157.42,1545980000,12729630000
2020-07-13,801970.SI,2160.77,2245.21,2147.0,2226.04,1629500000,13158140000
2020-07-14,801970.SI,2230.45,2272.51,2158.47,2212.22,1660050000,14307160000
2020-07-15,801970.SI,2213.83,2248.72,2135.29,2167.16,1349020000,11688850000
2020-07-16,801970.SI,2184.61,2269.66,2108.81,2131.21,1761220000,15391140000
2020-07-17,801970.SI,2142.76,2234.52,2114.01,2174.95,1697430000,14948020000
2020-07-20,801970.SI,2202.43,2278.57,2162.87,2255.89,1871530000,16408380000
2020-07-21,801970.SI,2245.82,2268.86,2186.12,2219.83,1339590000,11991760000
2020-07-22,801970.SI,2207.95,2260.72,2175.42,2222.89,1231970000,10939290000
2020-07-23,801970.SI,2202.0,2233.03,2131.56,2192.89,1232860000,10932450000
2020-07-24,801970.SI,2185.84,2220.91,2083.66,2099.08,1285580000,11103390000
2020-07-27,801970.SI,2101.49,2145.12,2052.38,2095.23,893420000,7553990000
2020-07-28,801970.SI,2108.48,2157.57,2081.37,2121.25,970670000,8290050000
2020-07-29,801970.SI,2113.39,2163.3,2082.38,2153.62,986640000,8292910000
2020-07-30,801970.SI,2153.22,2195.27,2124.04,2153.55,998850000,8356820000
2020-07-31,801970.SI,2150.58,2191.7,2124.05,2164.02,941930000,8102060000
2020-08-03,801970.SI,2181.81,2243.83,2166.28,2219.81,1296710000,10896400000
2020-08-04,801970.SI,2225.77,2263.34,2187.41,2221.99,1267890000,10562190000
2020-08-05,801970.SI,2220.59,2256.14,2180.03,2229.75,1187120000,9805440000
2020-08-06,801970.SI,2232.14,2259.27,2179.8,2218.3,1189290000,9383710000
2020-08-07,801970.SI,2213.48,2234.97,2144.18,2182.86,1098640000,8622730000
2020-08-10,801970.SI,2175.18,2231.86,2154.02,2206.37,885240000,7106620000
2020-08-11,801970.SI,2208.91,2237.19,2158.24,2170.14,868310000,7423720000
2020-08-12,801970.SI,2161.96,2200.98,2110.23,2172.37,933760000,7458600000
2020-08-13,801970.SI,2173.68,2230.22,2153.62,2188.95,960560000,7226810000
2020-08-14,801970.SI,2188.75,2243.65,2161.26,2227.4,1014440000,7812500000
2020-08-17,801970.SI,2234.17,2296.01,2216.5,2272.06,1180860000,9855760000
2020-08-18,801970.SI,2274.97,2310.45,2245.75,2277.27,1074180000,8967740000
2020-08-19,801970.SI,2276.12,2319.23,2234.89,2265.33,1237610000,9967400000
2020-08-20,801970.SI,2257.87,2290.39,2214.84,2235.72,993180000,8252950000
2020-08-21,801970.SI,2246.19,2294.1,2212.62,2249.87,985380000,8220270000
2020-08-24,801970.SI,2258.1,2306.32,2222.27,2269.99,1017800000,8291330000
2020-08-25,801970.SI,2270.06,2319.44,2233.9,2275.46,1243410000,9420020000
2020-08-26,801970.SI,2278.73,2399.55,2254.46,2325.19,2117240000,17885230000
2020-08-27,801970.SI,2331.28,2372.18,2251.78,2317.23,1963460000,15991570000
2020-08-28,801970.SI,2305.13,2340.91,2248.59,2301.22,1575420000,12699490000
2020-08-31,801970.SI,2305.5,2350.8,2270.21,2300.17,1372900000,11954190000
2020-09-01,801970.SI,2297.05,2333.6,2257.34,2302.33,1273590000,11081210000
2020-09-02,801970.SI,2305.14,2399.57,2281.5,2349.59,1937210000,16977980000
2020-09-03,801970.SI,2350.72,2391.02,2291.94,2310.35,1575670000,13711740000
2020-09-04,801970.SI,2266.89,2324.67,2239.31,2302.45,1271180000,10741630000
2020-09-07,801970.SI,2303.63,2360.06,2247.82,2276.74,1627600000,13945670000
2020-09-08,801970.SI,2279.19,2367.17,2248.67,2348.04,1900990000,16372550000
2020-09-09,801970.SI,2321.41,2379.57,2236.94,2259.46,2091970000,17740320000
2020-09-10,801970.SI,2270.17,2289.39,2126.08,2146.17,1635800000,12942830000
2020-09-11,801970.SI,2131.64,2193.48,2105.62,2171.52,981650000,7824450000
2020-09-14,801970.SI,2179.86,2252.89,2153.82,2219.56,1297210000,11104930000
2020-09-15,801970.SI,2220.98,2246.88,2174.5,2205.04,1075380000,9544430000
2020-09-16,801970.SI,2205.41,2226.36,2153.37,2180.56,910430000,8146700000
2020-09-17,801970.SI,2175.41,2209.19,2139.36,2179.83,856120000,8291770000
2020-09-18,801970.SI,2178.29,2214.91,2150.33,2197.01,893310000,7719900000
2020-09-21,801970.SI,2198.55,2222.73,2162.83,2181.88,672180000,5975110000
2020-09-22,801970.SI,2164.11,2194.77,2129.42,2145.97,697330000,5777940000
2020-09-23,801970.SI,2155.67,2195.66,2133.74,2167.85,705410000,6486360000
2020-09-24,801970.SI,2154.9,2171.69,2090.3,2104.47,792860000,7039940000
2020-09-25,801970.SI,2112.85,2136.47,2072.63,2097.08,530890000,4823440000
2020-09-28,801970.SI,2105.16,2124.37,2057.12,2074.28,553910000,4737390000
2020-09-29,801970.SI,2083.06,2130.03,2062.77,2099.33,637360000,4920780000
2020-09-30,801970.SI,2102.09,2120.79,2062.34,2082.21,551390000,4386240000
2020-10-09,801970.SI,2107.42,2149.21,2092.06,2128.01,626720000,5329710000
2020-10-12,801970.SI,2138.04,2196.82,2125.1,2184.05,850480000,7307290000
2020-10-13,801970.SI,2187.79,2214.22,2157.24,2189.12,821760000,7177780000
2020-10-14,801970.SI,2190.51,2218.82,2152.92,2174.07,798760000,7712000000
2020-10-15,801970.SI,2172.28,2191.58,2135.68,2151.41,630200000,5959420000
2020-10-16,801970.SI,2148.41,2183.73,2125.7,2154.42,625500000,5933910000
2020-10-19,801970.SI,2159.49,2196.0,2126.73,2145.78,705040000,6314860000
2020-10-20,801970.SI,2142.61,2185.93,2116.78,2174.72,750320000,6792310000
2020-10-21,801970.SI,2173.01,2189.83,2110.34,2134.46,793010000,7907830000
2020-10-22,801970.SI,2127.49,2149.12,2092.14,2118.73,638690000,6130690000
2020-10-23,801970.SI,2120.86,2153.53,2080.95,2097.13,652260000,6801560000
2020-10-26,801970.SI,2095.32,2134.63,2065.33,2109.24,588900000,5939360000
2020-10-27,801970.SI,2094.16,2127.84,2061.25,2100.91,655460000,7064100000
2020-10-28,801970.SI,2101.93,2131.69,2059.77,2104.63,740250000,7975890000
2020-10-29,801970.SI,2077.76,2124.79,2057.92,2096.03,729060000,7264730000
2020-10-30,801970.SI,2101.86,2125.83,2026.4,2039.3,851480000,7961510000
2020-11-02,801970.SI,2042.42,2085.14,2010.09,2049.39,727030000,6406210000
2020-11-03,801970.SI,2057.63,2095.78,2035.32,2074.97,656960000,5894460000
2020-11-04,801970.SI,2077.59,2090.55,2032.98,2056.78,594480000,5330570000
2020-11-05,801970.SI,2070.45,2122.86,2057.2,2104.72,761860000,6732090000
2020-11-06,801970.SI,2108.51,2118.99,2061.47,2079.61,615450000,5558750000
2020-11-09,801970.SI,2087.41,2140.36,2073.64,2114.46,878870000,7723350000
2020-11-10,801970.SI,2121.05,2158.66,2080.91,2115.83,999800000,9033830000
2020-11-11,801970.SI,2112.86,2142.27,2077.96,2101.08,794430000,7118190000
2020-11-12,801970.SI,2105.06,2132.17,2074.28,2097.45,659600000,5824250000
2020-11-13,801970.SI,2095.22,2125.21,2060.1,2101.42,750020000,6235770000
2020-11-16,801970.SI,2100.85,2130.94,2065.47,2106.52,798600000,6897580000
2020-11-17,801970.SI,2103.86,2133.85,2068.53,2095.4,831300000,6880590000
2020-11-18,801970.SI,2092.83,2121.45,2066.85,2086.91,689190000,5961820000
2020-11-19,801970.SI,2084.48,2105.19,2054.36,2085.84,665240000,5466590000
2020-11-20,801970.SI,2082.6,2108.15,2060.64,2092.13,637010000,5279260000
2020-11-23,801970.SI,2093.43,2120.76,2060.12,2094.42,756710000,6186620000
2020-11-24,801970.SI,2096.26,2112.17,2067.54,2083.59,595380000,4953020000
2020-11-25,801970.SI,2087.25,2104.3,2049.08,2056.85,616610000,4956550000
2020-11-26,801970.SI,2057.26,2078.86,2030.85,2051.9,536940000,4215880000
2020-11-27,801970.SI,2054.33,2067.95,2016.2,2043.4,520070000,4172300000
2020-11-30,801970.SI,2043.94,2071.77,2022.23,2033.11,628070000,4579390000
2020-12-01,801970.SI,2032.59,2072.99,2021.75,2060.61,608730000,4582040000
2020-12-02,801970.SI,2063.93,2083.98,2040.83,2060.21,559740000,4458000000
2020-12-03,801970.SI,2062.28,2082.57,2037.95,2060.81,540660000,4520760000
2020-12-04,801970.SI,2058.99,2078.9,2039.03,2064.65,502030000,4032610000
2020-12-07,801970.SI,2065.56,2089.39,2036.39,2054.82,613410000,5039660000
2020-12-08,801970.SI,2055.66,2072.03,2032.92,2044.6,483600000,3926990000
2020-12-09,801970.SI,2044.24,2055.27,1984.4,1992.58,635950000,5085350000
2020-12-10,801970.SI,1989.57,2014.06,1966.14,1990.47,480660000,3692690000
2020-12-11,801970.SI,1993.2,2003.75,1935.11,1957.19,593470000,4557160000
2020-12-14,801970.SI,1957.97,1994.6,1938.5,1975.25,465250000,3790530000
2020-12-15,801970.SI,1974.09,1992.95,1954.38,1976.55,369920000,3114290000
2020-12-16,801970.SI,1977.28,1999.96,1942.69,1959.2,463370000,3829710000
2020-12-17,801970.SI,1955.85,1981.62,1920.58,1966.7,531550000,4004570000
2020-12-18,801970.SI,1964.74,1984.63,1934.04,1943.88,450500000,3567940000
2020-12-21,801970.SI,1946.05,1977.69,1926.38,1958.58,496720000,3932390000
2020-12-22,801970.SI,1955.02,1967.72,1905.06,1916.62,604980000,4948490000
2020-12-23,801970.SI,1915.19,1941.38,1884.78,1910.7,550540000,4416250000
2020-12-24,801970.SI,1912.46,1929.01,1857.67,1874.14,608400000,4718440000
2020-12-25,801970.SI,1873.99,1924.03,1857.97,1899.57,597230000,4750230000
2020-12-28,801970.SI,1901.27,1928.13,1853.41,1882.71,714580000,5652780000
2020-12-29,801970.SI,1879.59,1917.33,1858.58,1884.43,503740000,3713890000
2020-12-30,801970.SI,1884.25,1907.35,1856.87,1879.02,574800000,4088490000
2020-12-31,801970.SI,1882.74,1925.28,1865.85,1900.77,692160000,4923250000
2021-01-04,801970.SI,1897.58,1926.54,1870.53,1900.78,793960000,5770930000
2021-01-05,801970.SI,1895.06,1917.44,1852.97,1880.98,871980000,6359480000
2021-01-06,801970.SI,1880.49,1900.5,1836.17,1863.86,724210000,5454730000
2021-01-07,801970.SI,1863.65,1879.22,1788.77,1812.56,899120000,6474440000
2021-01-08,801970.SI,1806.28,1870.59,1767.86,1840.69,904930000,6180650000
2021-01-11,801970.SI,1835.29,1857.85,1784.73,1802.84,717920000,5054210000
2021-01-12,801970.SI,1801.47,1834.23,1771.03,1804.98,668980000,4678910000
2021-01-13,801970.SI,1802.71,1835.73,1757.18,1800.68,709980000,5222660000
2021-01-14,801970.SI,1800.09,1841.68,1780.5,1816.35,584600000,4236380000
2021-01-15,801970.SI,1812.77,1868.68,1798.09,1843.37,666940000,4704060000
2021-01-18,801970.SI,1842.53,1879.05,1824.2,1848.75,640550000,4610330000
2021-01-19,801970.SI,1846.39,1892.01,1826.73,1863.49,686880000,4812360000
2021-01-20,801970.SI,1861.27,1879.39,1826.24,1844.83,531620000,3912530000
2021-01-21,801970.SI,1843.02,1869.08,1822.5,1846.49,569260000,4393340000
2021-01-22,801970.SI,1842.66,1856.98,1796.54,1819.67,643490000,4781390000
2021-01-25,801970.SI,1822.8,1851.54,1778.71,1803.59,776310000,5805280000
2021-01-26,801970.SI,1797.42,1826.76,1765.53,1786.55,577720000,4299530000
2021-01-27,801970.SI,1786.3,1821.83,1765.58,1796.15,559580000,4036490000
2021-01-28,801970.SI,1788.27,1822.83,1763.45,1786.9,613170000,4631300000
2021-01-29,801970.SI,1790.21,1808.51,1736.38,1760.66,665890000,4822360000
2021-02-01,801970.SI,1753.68,1795.69,1726.1,1769.1,635850000,4869540000
2021-02-02,801970.SI,1767.55,1801.16,1744.67,1771.87,550250000,4524380000
2021-02-03,801970.SI,1769.88,1783.78,1720.91,1734.64,612540000,4490220000
2021-02-04,801970.SI,1730.3,1757.65,1679.27,1718.07,634190000,4478460000
2021-02-05,801970.SI,1723.04,1757.6,1689.68,1706.22,496300000,3655310000
2021-02-08,801970.SI,1711.27,1747.98,1689.6,1715.72,493060000,3465130000
2021-02-09,801970.SI,1722.99,1760.5,1702.98,1745.58,497680000,3499940000
2021-02-10,801970.SI,1746.41,1768.36,1723.67,1746.23,423500000,3038660000
2021-02-18,801970.SI,1766.12,1811.3,1754.13,1793.53,636400000,4413050000
2021-02-19,801970.SI,1793.78,1856.1,1782.35,1846.55,710960000,5125470000
2021-02-22,801970.SI,1856.89,1930.62,1845.8,1884.73,984350000,7606050000
2021-02-23,801970.SI,1887.26,1922.27,1851.3,1877.19,817080000,6300040000
2021-02-24,801970.SI,1876.5,1914.95,1854.92,1882.9,744960000,5670120000
2021-02-25,801970.SI,1891.56,1916.52,1853.29,1871.73,698850000,4901130000
2021-02-26,801970.SI,1854.04,1942.55,1838.12,1912.46,1021310000,7693020000
2021-03-01,801970.SI,1931.33,1992.39,1908.84,1955.74,1085920000,9060760000
2021-03-02,801970.SI,1965.36,2034.47,1939.36,1999.39,1295660000,11773210000
2021-03-03,801970.SI,1996.52,2041.91,1960.44,2014.74,1302350000,11488180000
2021-03-04,801970.SI,2006.57,2058.65,1980.01,2011.47,1205130000,10141830000
2021-03-05,801970.SI,2009.86,2053.1,1966.33,2000.15,1277580000,10861090000
2021-03-08,801970.SI,2003.9,2055.63,1969.31,1993.92,1239990000,10671510000
2021-03-09,801970.SI,1984.91,2010.37,1893.16,1934.48,1296610000,11029410000
2021-03-10,801970.SI,1939.65,1967.03,1886.42,1907.7,944240000,7701500000
2021-03-11,801970.SI,1909.58,1967.28,1888.66,1949.2,896200000,7377270000
2021-03-12,801970.SI,1950.6,2035.2,1923.8,2006.93,1326970000,11203110000
2021-03-15,801970.SI,2008.6,2064.61,1979.83,2023.81,1404320000,12264070000
2021-03-16,801970.SI,2024.8,2120.12,2006.45,2096.54,1722540000,15594880000
2021-03-17,801970.SI,2095.19,2112.54,2032.19,2056.71,1400830000,12730740000
2021-03-18,801970.SI,2052.18,2102.15,2027.46,2058.41,1363230000,11838420000
2021-03-19,801970.SI,2035.55,2100.91,2015.07,2055.5,1376800000,11890170000
2021-03-22,801970.SI,2057.78,2173.23,2047.43,2151.56,1846230000,16549980000
2021-03-23,801970.SI,2146.69,2176.49,2074.39,2104.79,1741110000,16745120000
2021-03-24,801970.SI,2088.32,2189.99,2063.16,2123.14,1864030000,18023260000
2021-03-25,801970.SI,2118.45,2141.86,2017.32,2058.41,1781690000,16999840000
2021-03-26,801970.SI,2060.74,2132.51,2037.54,2087.53,1739170000,15340060000
2021-03-29,801970.SI,2089.63,2135.35,2043.01,2080.92,1671060000,14463420000
2021-03-30,801970.SI,2070.86,2094.83,1996.11,2040.97,1638150000,14046490000
2021-03-31,801970.SI,2039.07,2140.67,2015.1,2108.14,2043350000,16893050000
2021-04-01,801970.SI,2094.97,2119.48,2042.27,2069.1,1668280000,14602200000
2021-04-02,801970.SI,2068.19,2101.49,2024.85,2043.04,1304280000,11572700000
2021-04-06,801970.SI,2044.5,2092.02,2022.1,2060.94,1139720000,10557200000
2021-04-07,801970.SI,2065.3,2112.37,2042.22,2082.13,1375670000,13066320000
2021-04-08,801970.SI,2077.68,2100.44,2013.57,2043.49,1426500000,14100380000
2021-04-09,801970.SI,2034.84,2073.11,2005.76,2037.97,1093490000,11099700000
2021-04-12,801970.SI,2050.17,2092.91,2013.81,2044.15,1271310000,11864590000
2021-04-13,801970.SI,2043.69,2089.9,1992.93,2042.33,1538880000,15005460000
2021-04-14,801970.SI,2028.95,2072.57,2001.69,2044.72,1184410000,11447510000
2021-04-15,801970.SI,2033.2,2058.69,1985.03,2009.14,1190060000,13958560000
2021-04-16,801970.SI,2007.36,2054.62,1992.15,2034.08,981900000,9650960000
2021-04-19,801970.SI,2032.53,2075.65,2015.34,2049.39,1103460000,12155170000
2021-04-20,801970.SI,2043.23,2074.39,2015.15,2036.15,1118200000,12922420000
2021-04-21,801970.SI,2025.24,2045.97,1993.94,2011.63,912110000,10243620000
2021-04-22,801970.SI,2015.27,2044.03,1993.71,2014.57,814850000,9105510000
2021-04-23,801970.SI,2019.78,2037.97,1968.65,1998.21,953420000,10386170000
2021-04-26,801970.SI,1988.74,2007.71,1945.5,1963.18,868080000,8750900000
2021-04-27,801970.SI,1959.91,1979.5,1916.89,1942.3,765340000,7645800000
2021-04-28,801970.SI,1940.68,1974.43,1915.11,1947.33,781800000,7439040000
2021-04-29,801970.SI,1943.89,1980.87,1919.01,1944.1,844480000,8946160000
2021-04-30,801970.SI,1942.61,1972.54,1905.71,1937.15,807990000,8720520000
2021-05-06,801970.SI,1939.22,1980.72,1917.89,1950.23,762560000,8136180000
2021-05-07,801970.SI,1951.19,1982.1,1927.07,1953.54,777760000,8250700000
2021-05-10,801970.SI,1951.51,1974.17,1905.89,1936.57,823000000,8691670000
2021-05-11,801970.SI,1929.46,1972.23,1907.97,1952.2,922020000,9070720000
2021-05-12,801970.SI,1944.32,1967.06,1912.69,1946.26,757520000,7347970000
2021-05-13,801970.SI,1937.09,1970.26,1919.5,1940.89,729520000,7310110000
2021-05-14,801970.SI,1961.79,2038.67,1950.75,2002.61,1389790000,13408860000
2021-05-17,801970.SI,1994.48,2018.99,1949.28,1973.51,1092900000,10600780000
2021-05-18,801970.SI,1969.04,2002.62,1944.12,1983.9,879250000,8811740000
2021-05-19,801970.SI,1985.04,2024.54,1964.68,1998.58,1027890000,11259370000
2021-05-20,801970.SI,1990.85,2018.27,1960.16,1982.99,965160000,10391840000
2021-05-21,801970.SI,1980.5,2003.96,1957.1,1978.23,767110000,7868810000
2021-05-24,801970.SI,1983.11,2020.46,1964.69,1989.84,859860000,8629870000
2021-05-25,801970.SI,1982.88,2005.13,1958.25,1988.5,776170000,7279370000
2021-05-26,801970.SI,1989.59,2029.83,1972.92,2008.22,889060000,8992970000
2021-05-27,801970.SI,2010.32,2045.64,1989.29,2020.67,961080000,10274540000
2021-05-28,801970.SI,2019.08,2037.5,1977.75,1995.05,959530000,11258700000
2021-05-31,801970.SI,1991.35,2017.88,1963.93,1996.66,876450000,9647210000
2021-06-01,801970.SI,1997.87,2035.59,1969.79,2008.32,1056700000,10990350000
2021-06-02,801970.SI,2006.71,2038.11,1977.88,2000.61,911550000,10470390000
2021-06-03,801970.SI,2001.9,2035.84,1976.92,2000.97,963760000,9872940000
2021-06-04,801970.SI,1996.65,2019.05,1966.33,1986.94,804410000,8053820000
2021-06-07,801970.SI,1987.22,2017.49,1960.88,1989.49,794730000,7490320000
2021-06-08,801970.SI,1987.92,2017.2,1957.65,1985.46,894130000,7924130000
2021-06-09,801970.SI,1985.62,2006.65,1960.51,1982.74,725300000,6855840000
2021-06-10,801970.SI,1982.51,2002.37,1959.0,1981.09,819390000,7062500000
2021-06-11,801970.SI,1984.69,2029.68,1965.3,1991.67,977180000,8698880000
2021-06-15,801970.SI,1990.5,2007.29,1937.48,1956.2,863500000,7867080000
2021-06-16,801970.SI,1953.51,1972.44,1914.52,1936.71,723680000,6583450000
2021-06-17,801970.SI,1933.17,1960.38,1907.28,1928.93,615350000,5644040000
2021-06-18,801970.SI,1929.18,1966.79,1906.91,1945.93,783430000,6112900000
2021-06-21,801970.SI,1945.45,1985.64,1924.11,1959.27,765280000,6360240000
2021-06-22,801970.SI,1958.24,2008.47,1941.4,1982.9,1002230000,8354760000
2021-06-23,801970.SI,1986.91,2032.86,1962.22,1994.76,1053600000,9218390000
2021-06-24,801970.SI,1992.69,2020.92,1962.3,1988.32,941520000,7888610000
2021-06-25,801970.SI,1986.26,2005.68,1956.32,1981.33,763750000,6327640000
2021-06-28,801970.SI,1983.35,2005.1,1956.05,1972.32,655780000,5877400000
2021-06-29,801970.SI,1971.98,1993.55,1936.45,1955.06,659450000,6199760000
2021-06-30,801970.SI,1954.71,1975.67,1928.89,1948.04,575660000,5447850000
2021-07-01,801970.SI,1948.21,1973.67,1916.06,1931.21,623530000,5646610000
2021-07-02,801970.SI,1927.9,1952.67,1898.07,1919.98,593440000,5593540000
2021-07-05,801970.SI,1920.62,1962.28,1901.92,1942.99,638910000,6063540000
2021-07-06,801970.SI,1945.67,1980.82,1922.04,1959.72,700970000,7265900000
2021-07-07,801970.SI,1958.31,2005.7,1942.69,1985.97,720990000,7384970000
2021-07-08,801970.SI,2004.06,2044.4,1970.18,1991.16,1034320000,10924610000
2021-07-09,801970.SI,1978.59,2048.43,1954.58,2025.36,1319600000,13053670000
2021-07-12,801970.SI,2034.32,2071.56,2000.43,2033.64,1258860000,12588570000
2021-07-13,801970.SI,2030.11,2088.4,2006.75,2071.93,1355590000,13819670000
2021-07-14,801970.SI,2075.26,2111.84,2029.14,2052.16,1358330000,13620790000
2021-07-15,801970.SI,2047.68,2075.52,2000.16,2037.67,1107610000,10583680000
2021-07-16,801970.SI,2042.37,2085.8,2012.6,2037.12,1067290000,10626880000
2021-07-19,801970.SI,2031.06,2058.61,1987.2,2020.81,937150000,8857570000
2021-07-20,801970.SI,2005.91,2031.38,1976.83,2013.52,776540000,7320270000
2021-07-21,801970.SI,2021.61,2079.36,2004.28,2052.66,1193390000,10604740000
2021-07-22,801970.SI,2052.35,2097.54,2021.96,2064.58,1132080000,11330450000
2021-07-23,801970.SI,2062.09,2089.89,2008.71,2034.89,1245400000,10977720000
2021-07-26,801970.SI,2027.11,2057.41,1976.27,2015.01,1044500000,9479030000
2021-07-27,801970.SI,2013.5,2045.65,1949.54,1970.72,1175500000,10157980000
2021-07-28,801970.SI,1959.17,1982.94,1859.99,1906.58,1085700000,8790490000
2021-07-29,801970.SI,1921.19,1969.0,1898.15,1941.19,946170000,8434670000
2021-07-30,801970.SI,1936.78,1983.61,1905.35,1953.37,911340000,8451090000
2021-08-02,801970.SI,1954.23,2028.65,1929.93,2003.31,1116600000,10872580000
2021-08-03,801970.SI,1994.76,2024.69,1961.89,1984.54,969780000,8977790000
2021-08-04,801970.SI,1983.46,2013.64,1957.14,1991.32,808970000,7901690000
2021-08-05,801970.SI,1988.56,2016.73,1952.75,1980.63,832540000,8121210000
2021-08-06,801970.SI,1979.4,2020.82,1949.01,1993.62,962940000,8991740000
2021-08-09,801970.SI,1990.61,2042.43,1965.33,2014.54,924070000,10169990000
2021-08-10,801970.SI,2012.08,2060.03,1988.35,2031.87,915120000,10464360000
2021-08-11,801970.SI,2030.18,2075.27,2005.78,2049.66,1037400000,10642070000
2021-08-12,801970.SI,2046.6,2084.73,2013.43,2046.51,991770000,10438590000
2021-08-13,801970.SI,2044.29,2086.65,2013.48,2050.0,1153620000,10968330000
2021-08-16,801970.SI,2049.34,2120.83,2026.11,2088.2,1372150000,12486440000
2021-08-17,801970.SI,2097.64,2151.69,2038.19,2065.53,1780530000,15812770000
2021-08-18,801970.SI,2056.29,2120.61,2029.91,2088.82,1479860000,14183420000
2021-08-19,801970.SI,2084.09,2111.39,2027.55,2060.85,1218250000,11784440000
2021-08-20,801970.SI,2050.17,2082.65,2001.34,2042.63,1061140000,10350580000
2021-08-23,801970.SI,2047.58,2102.01,2030.83,2077.29,1172770000,10865020000
2021-08-24,801970.SI,2077.36,2134.19,2050.51,2098.56,1456310000,13394570000
2021-08-25,801970.SI,2092.98,2149.11,2062.49,2125.7,1462080000,12827330000
2021-08-26,801970.SI,2121.56,2151.71,2081.98,2103.17,1305880000,11608430000
2021-08-27,801970.SI,2097.61,2140.36,2060.51,2097.05,1349090000,11167050000
2021-08-30,801970.SI,2094.01,2165.29,2068.79,2114.12,1494000000,12614330000
2021-08-31,801970.SI,2146.03,2234.22,2116.35,2182.42,2220770000,19866510000
2021-09-01,801970.SI,2184.65,2251.51,2130.33,2175.92,2350700000,20006300000
2021-09-02,801970.SI,2170.62,2250.39,2139.98,2217.05,1909780000,16623010000
2021-09-03,801970.SI,2217.62,2283.0,2171.32,2210.91,1745510000,15803700000
2021-09-06,801970.SI,2218.51,2275.58,2175.77,2231.12,1374660000,12696720000
2021-09-07,801970.SI,2223.74,2261.88,2195.12,2234.46,1277670000,11737580000
2021-09-08,801970.SI,2237.16,2292.01,2210.19,2259.53,1479020000,13643620000
2021-09-09,801970.SI,2256.73,2326.28,2224.78,2286.84,1697370000,15740000000
2021-09-10,801970.SI,2285.73,2337.78,2230.43,2263.34,1767530000,16204540000
2021-09-13,801970.SI,2283.57,2370.43,2257.14,2325.57,1893140000,17493790000
2021-09-14,801970.SI,2324.57,2369.05,2253.7,2282.61,1749910000,16607520000
2021-09-15,801970.SI,2284.1,2341.74,2244.49,2305.34,1440530000,13817790000
2021-09-16,801970.SI,2309.26,2345.56,2227.21,2243.73,1453420000,14083000000
2021-09-17,801970.SI,2245.41,2301.06,2190.92,2256.87,1411120000,13641420000
2021-09-22,801970.SI,2233.14,2325.72,2200.27,2294.05,1488170000,14009340000
2021-09-23,801970.SI,2302.37,2448.44,2276.71,2408.75,2907130000,26350040000
2021-09-24,801970.SI,2409.19,2447.62,2309.59,2338.95,2411470000,22612180000
2021-09-27,801970.SI,2338.79,2390.23,2215.74,2263.27,2069150000,18790790000
2021-09-28,801970.SI,2252.68,2328.48,2212.42,2293.57,1613250000,14836050000
2021-09-29,801970.SI,2259.89,2312.47,2191.17,2217.19,1605520000,15165970000
2021-09-30,801970.SI,2227.88,2286.88,2184.12,2238.04,1517590000,13941780000
2021-10-08,801970.SI,2278.02,2356.96,2224.47,2257.8,1992080000,16550280000
2021-10-11,801970.SI,2249.92,2269.0,2135.76,2158.19,1772140000,14603760000
2021-10-12,801970.SI,2143.82,2181.88,2068.46,2109.94,1605560000,12881040000
2021-10-13,801970.SI,2106.41,2125.38,2035.63,2078.3,1199260000,9067720000
2021-10-14,801970.SI,2073.31,2107.07,2040.94,2080.13,815130000,6802170000
2021-10-15,801970.SI,2082.38,2102.67,2030.09,2054.2,974280000,8042910000
2021-10-18,801970.SI,2053.62,2095.01,2035.06,2074.3,810180000,6930560000
2021-10-19,801970.SI,2072.7,2104.07,2046.74,2081.38,843130000,7451430000
2021-10-20,801970.SI,2079.08,2113.67,2047.42,2089.11,828740000,8016020000
2021-10-21,801970.SI,2086.57,2111.88,2050.12,2073.89,853570000,7905000000
2021-10-22,801970.SI,2071.79,2095.26,2025.4,2037.96,906570000,8288790000
2021-10-25,801970.SI,2037.35,2087.84,2018.88,2067.75,808990000,7769090000
2021-10-26,801970.SI,2065.69,2123.75,2038.31,2075.83,1014760000,9771730000
2021-10-27,801970.SI,2070.38,2105.35,2018.36,2065.62,1083040000,10573580000
2021-10-28,801970.SI,2052.55,2078.17,1983.05,2009.95,960020000,9463920000
2021-10-29,801970.SI,2009.85,2053.61,1977.0,2033.8,820190000,7953830000
2021-11-01,801970.SI,2028.06,2069.58,1993.21,2038.3,937730000,8188010000
2021-11-02,801970.SI,2038.43,2060.72,1964.6,1992.4,1099140000,9720170000
2021-11-03,801970.SI,1991.81,2027.19,1967.78,2007.2,663630000,6443800000
2021-11-04,801970.SI,2010.15,2049.74,1992.47,2033.09,679840000,6684140000
2021-11-05,801970.SI,2032.55,2054.38,1996.17,2015.2,761060000,8005270000
2021-11-08,801970.SI,2042.18,2129.47,2022.16,2090.04,1393550000,12768660000
2021-11-09,801970.SI,2100.73,2139.67,2054.08,2086.96,1375620000,12425220000
2021-11-10,801970.SI,2081.39,2122.55,2044.85,2103.14,1076130000,10661560000
2021-11-11,801970.SI,2102.52,2162.88,2076.48,2117.21,1268310000,13404570000
2021-11-12,801970.SI,2118.97,2154.32,2087.97,2126.41,1149170000,11933610000
2021-11-15,801970.SI,2132.02,2190.96,2099.86,2160.14,1285620000,13058880000
2021-11-16,801970.SI,2161.49,2190.2,2116.9,2140.45,1079570000,11381270000
2021-11-17,801970.SI,2137.43,2182.8,2114.28,2158.9,946180000,10548290000
2021-11-18,801970.SI,2157.94,2199.95,2121.61,2153.33,1092040000,12262710000
2021-11-19,801970.SI,2146.76,2187.0,2115.09,2163.04,1101070000,11427760000
2021-11-22,801970.SI,2163.15,2203.1,2137.36,2176.16,1004820000,11027280000
2021-11-23,801970.SI,2177.32,2222.13,2151.9,2189.72,1018600000,11609240000
2021-11-24,801970.SI,2190.04,2226.81,2154.73,2198.48,940440000,10685180000
2021-11-25,801970.SI,2199.37,2242.78,2168.72,2202.86,1054490000,12209430000
2021-11-26,801970.SI,2205.46,2291.75,2184.41,2246.12,1525980000,17279310000
2021-11-29,801970.SI,2210.51,2262.14,2177.64,2226.68,1226750000,14342530000
2021-11-30,801970.SI,2231.75,2278.41,2198.07,2232.4,1261830000,13713950000
2021-12-01,801970.SI,2235.61,2291.28,2197.58,2262.16,1473920000,14715040000
2021-12-02,801970.SI,2259.54,2294.83,2217.31,2233.36,1256570000,13060640000
2021-12-03,801970.SI,2234.19,2277.35,2198.73,2243.44,1115880000,11517600000
2021-12-06,801970.SI,2247.22,2282.42,2190.57,2208.72,1123570000,10993870000
2021-12-07,801970.SI,2216.26,2237.46,2153.82,2190.86,960780000,8917080000
2021-12-08,801970.SI,2193.65,2227.98,2170.92,2203.48,851150000,8072100000
2021-12-09,801970.SI,2203.11,2234.97,2175.47,2204.53,961820000,9325680000
2021-12-10,801970.SI,2199.14,2239.09,2173.03,2204.35,1011140000,9904050000
2021-12-13,801970.SI,2209.71,2231.07,2209.71,2226.74,1029730000,10623010000
2021-12-14,801970.SI,2223.88,2244.89,2216.01,2242.78,1016940000,10676970000
2021-12-15,801970.SI,2242.74,2274.88,2242.72,2264.18,1269410000,11816030000
2021-12-16,801970.SI,2269.81,2317.5,2269.81,2317.21,1616640000,15147280000
2021-12-17,801970.SI,2313.09,2331.79,2305.83,2313.04,1536240000,14057790000
2021-12-20,801970.SI,2310.11,2310.11,2282.5,2284.1,1374570000,12405840000
2021-12-21,801970.SI,2281.97,2316.53,2279.6,2316.07,1311570000,10881360000
2021-12-22,801970.SI,2323.09,2323.12,2295.43,2297.55,1235730000,10681550000
2021-12-23,801970.SI,2293.47,2302.31,2283.3,2296.15,1219650000,10805150000
2021-12-24,801970.SI,2295.52,2297.52,2250.0,2250.44,1219700000,11264670000
2021-12-27,801970.SI,2247.23,2282.35,2243.44,2272.03,1021030000,9323450000
2021-12-28,801970.SI,2280.22,2280.22,2257.72,2267.68,940840000,8802280000
2021-12-29,801970.SI,2264.82,2283.58,2259.62,2274.3,1048080000,9720120000
2021-12-30,801970.SI,2271.03,2284.86,2269.05,2273.42,951600000,8771460000
2021-12-31,801970.SI,2275.52,2301.41,2274.72,2293.17,1128900000,10194680000
2022-01-04,801970.SI,2305.25,2313.75,2297.7,2308.54,1425140000,12342470000
2022-01-05,801970.SI,2314.24,2315.99,2269.61,2285.24,1279520000,11802240000
2022-01-06,801970.SI,2276.44,2329.74,2275.87,2321.11,1453810000,13303100000
2022-01-07,801970.SI,2320.89,2322.28,2274.01,2274.01,1363820000,12779970000
2022-01-10,801970.SI,2270.95,2287.0,2256.58,2282.65,1106140000,10496050000
2022-01-11,801970.SI,2285.56,2301.86,2267.62,2270.71,1109400000,11223910000
2022-01-12,801970.SI,2277.96,2295.14,2270.54,2281.28,1088600000,10483100000
2022-01-13,801970.SI,2280.29,2280.32,2247.81,2248.12,1076980000,10034750000
2022-01-14,801970.SI,2242.66,2245.93,2214.95,2218.13,1094130000,9751280000
2022-01-17,801970.SI,2216.39,2239.24,2216.1,2237.88,947360000,8663050000
2022-01-18,801970.SI,2238.65,2239.0,2218.55,2224.74,1071820000,9221390000
2022-01-19,801970.SI,2218.07,2228.45,2204.81,2223.79,906850000,8038790000
2022-01-20,801970.SI,2225.6,2225.6,2173.69,2175.3,1032870000,9428610000
2022-01-21,801970.SI,2168.16,2174.17,2139.86,2143.49,797070000,6893650000
2022-01-24,801970.SI,2140.05,2149.76,2124.2,2141.4,695600000,6442220000
2022-01-25,801970.SI,2137.7,2138.77,2058.73,2058.73,1063890000,8147880000
2022-01-26,801970.SI,2058.75,2085.9,2058.62,2080.0,762580000,6000780000
2022-01-27,801970.SI,2084.67,2084.7,2036.49,2036.49,898330000,6751130000
2022-01-28,801970.SI,2051.25,2076.43,2023.52,2059.22,834690000,6083650000
2022-02-07,801970.SI,2086.04,2106.94,2082.51,2100.25,928350000,6906350000
2022-02-08,801970.SI,2096.93,2146.25,2095.02,2146.25,981260000,7325900000
2022-02-09,801970.SI,2142.56,2176.29,2137.74,2175.77,999600000,7761540000
2022-02-10,801970.SI,2202.52,2222.45,2181.15,2194.67,1374150000,11263100000
2022-02-11,801970.SI,2183.89,2197.5,2171.13,2174.36,1325630000,11184470000
2022-02-14,801970.SI,2159.07,2169.78,2142.98,2151.82,1006020000,8411900000
2022-02-15,801970.SI,2154.22,2154.22,2129.07,2145.17,858740000,6804330000
2022-02-16,801970.SI,2152.11,2177.94,2152.11,2177.58,913570000,7572250000
2022-02-17,801970.SI,2188.04,2246.99,2187.89,2226.41,1871920000,17017090000
2022-02-18,801970.SI,2203.88,2234.65,2198.99,2233.83,1520180000,14013120000
2022-02-21,801970.SI,2229.21,2237.23,2219.79,2237.23,1284950000,11104660000
2022-02-22,801970.SI,2221.91,2224.43,2198.86,2211.64,1178440000,10767940000
2022-02-23,801970.SI,2215.61,2226.71,2203.89,2225.69,1056680000,10160610000
2022-02-24,801970.SI,2218.68,2236.13,2143.04,2165.68,1607200000,13902120000
2022-02-25,801970.SI,2182.24,2204.2,2180.18,2195.05,1087750000,9550490000
2022-02-28,801970.SI,2199.31,2217.88,2172.96,2217.88,970230000,8951020000
2022-03-01,801970.SI,2220.22,2231.49,2216.7,2231.14,989640000,9084160000
2022-03-02,801970.SI,2219.85,2224.73,2211.1,2224.73,911910000,7850700000
2022-03-03,801970.SI,2234.03,2234.03,2214.64,2227.38,1096890000,9336550000
2022-03-04,801970.SI,2218.89,2227.47,2194.64,2200.13,1253650000,10034860000
2022-03-07,801970.SI,2193.09,2195.16,2146.97,2157.74,1115560000,9190690000
2022-03-08,801970.SI,2155.61,2155.67,2096.92,2098.09,1262810000,10607600000
2022-03-09,801970.SI,2102.11,2116.92,1998.05,2069.85,1637670000,12452960000
2022-03-10,801970.SI,2106.73,2136.42,2104.27,2116.95,1555710000,12352700000
2022-03-11,801970.SI,2094.61,2109.79,2041.58,2105.25,1256270000,10012450000
2022-03-14,801970.SI,2091.52,2091.69,2022.77,2022.77,1143550000,9372900000
2022-03-15,801970.SI,2008.56,2008.82,1904.98,1904.98,1423290000,10318700000
2022-03-16,801970.SI,1934.33,1972.11,1870.16,1964.84,1345980000,9879980000
2022-03-17,801970.SI,1986.2,2018.86,1983.46,1993.7,1267610000,10031400000
2022-03-18,801970.SI,1988.28,2025.53,1983.52,2021.99,1142760000,8541420000
2022-03-21,801970.SI,2026.57,2047.59,2009.9,2047.39,1317710000,10045660000
2022-03-22,801970.SI,2040.54,2049.67,2021.32,2037.02,1044380000,8615570000
2022-03-23,801970.SI,2040.86,2044.83,2023.16,2029.62,902060000,7116580000
2022-03-24,801970.SI,2017.92,2018.87,2000.74,2004.87,853270000,7088680000
2022-03-25,801970.SI,2006.16,2014.33,1988.85,1990.71,872500000,6866240000
2022-03-28,801970.SI,1979.77,1999.29,1956.85,1988.89,823860000,6243750000
2022-03-29,801970.SI,1991.73,1992.11,1961.94,1968.89,802310000,6627660000
2022-03-30,801970.SI,1978.57,2000.06,1973.13,2000.06,737160000,6338880000
2022-03-31,801970.SI,1999.78,2021.91,1999.78,2006.29,1058420000,8573000000
2022-04-01,801970.SI,1997.02,2005.97,1991.06,2003.8,1064940000,8169060000
2022-04-06,801970.SI,1997.23,2018.74,1991.71,2018.74,1015540000,7915790000
2022-04-07,801970.SI,2013.03,2015.51,1970.95,1970.95,867640000,6906420000
2022-04-08,801970.SI,1970.59,1981.93,1944.98,1973.03,1039070000,8323710000
2022-04-11,801970.SI,1971.51,1971.51,1902.54,1910.53,1051020000,8221240000
2022-04-12,801970.SI,1910.35,1936.62,1890.22,1936.62,910830000,7612180000
2022-04-13,801970.SI,1929.64,1929.88,1901.0,1901.0,850030000,8095230000
2022-04-14,801970.SI,1903.78,1928.05,1903.43,1912.4,707140000,6417650000
2022-04-15,801970.SI,1909.33,1909.43,1866.07,1870.52,900210000,7472360000
2022-04-18,801970.SI,1861.61,1870.93,1832.58,1868.81,766010000,5998040000
2022-04-19,801970.SI,1865.0,1890.89,1865.0,1887.57,750790000,5951550000
2022-04-20,801970.SI,1887.79,1889.47,1852.85,1871.35,922850000,7151040000
2022-04-21,801970.SI,1861.86,1863.38,1790.2,1794.27,1045530000,7584520000
2022-04-22,801970.SI,1779.25,1796.4,1762.19,1781.36,862000000,6277740000
2022-04-25,801970.SI,1759.8,1759.85,1651.93,1651.93,1173020000,7918210000
2022-04-26,801970.SI,1656.96,1675.35,1612.49,1617.11,975540000,6563050000
2022-04-27,801970.SI,1601.04,1663.08,1589.61,1663.05,1056040000,7408580000
2022-04-28,801970.SI,1652.15,1666.38,1612.83,1634.75,871550000,6279210000
2022-04-29,801970.SI,1644.16,1704.53,1643.79,1700.22,1004050000,7282740000
2022-05-05,801970.SI,1699.7,1729.0,1692.56,1719.43,983880000,7439220000
2022-05-06,801970.SI,1680.74,1698.91,1671.75,1687.69,829390000,6723580000
2022-05-09,801970.SI,1694.72,1733.29,1694.67,1732.26,844770000,6863740000
2022-05-10,801970.SI,1718.79,1767.2,1718.2,1767.2,960240000,7890150000
2022-05-11,801970.SI,1777.67,1805.39,1771.38,1771.38,1127120000,10418270000
2022-05-12,801970.SI,1767.34,1793.27,1761.36,1780.91,1130320000,9713150000
2022-05-13,801970.SI,1786.14,1790.21,1775.72,1786.61,903970000,7587340000
2022-05-16,801970.SI,1789.83,1794.54,1770.62,1777.83,843940000,6559880000
2022-05-17,801970.SI,1779.82,1781.44,1756.52,1781.44,815720000,6776050000
2022-05-18,801970.SI,1784.8,1805.65,1780.34,1789.57,897690000,6710070000
2022-05-19,801970.SI,1764.91,1812.77,1763.95,1812.77,942890000,6735610000
2022-05-20,801970.SI,1817.9,1833.19,1817.9,1828.86,831470000,6595610000
2022-05-23,801970.SI,1829.45,1841.37,1821.96,1841.13,822150000,6705570000
2022-05-24,801970.SI,1844.26,1844.32,1779.3,1779.3,1173450000,9186710000
2022-05-25,801970.SI,1781.1,1817.03,1781.1,1817.03,893520000,7384150000
2022-05-26,801970.SI,1823.53,1840.34,1813.65,1834.65,894230000,7453110000
2022-05-27,801970.SI,1838.01,1840.45,1817.26,1832.13,953980000,8013710000
2022-05-30,801970.SI,1840.24,1861.11,1836.01,1861.11,902410000,7668870000
2022-05-31,801970.SI,1863.38,1876.93,1848.07,1875.6,942290000,8522900000
2022-06-01,801970.SI,1869.39,1883.32,1862.76,1879.68,861190000,6738570000
2022-06-02,801970.SI,1878.15,1884.18,1862.88,1881.21,776110000,6424400000
2022-06-06,801970.SI,1881.44,1896.86,1880.55,1896.86,1028530000,8909690000
2022-06-07,801970.SI,1897.66,1898.4,1871.57,1883.61,1004860000,8208350000
2022-06-08,801970.SI,1883.82,1894.45,1852.86,1882.99,1047440000,8200790000
2022-06-09,801970.SI,1878.09,1878.24,1847.6,1855.12,924010000,7792900000
2022-06-10,801970.SI,1844.15,1875.69,1842.43,1873.6,938650000,8201280000
2022-06-13,801970.SI,1863.53,1880.2,1859.85,1878.26,957690000,8125430000
2022-06-14,801970.SI,1867.69,1875.66,1824.76,1875.66,969370000,8373560000
2022-06-15,801970.SI,1877.17,1890.84,1865.92,1868.59,1134730000,9563620000
2022-06-16,801970.SI,1868.16,1884.58,1863.28,1872.52,888760000,7907600000
2022-06-17,801970.SI,1863.45,1874.06,1847.0,1871.94,831050000,7425400000
2022-06-20,801970.SI,1873.58,1897.03,1873.53,1893.02,910220000,7939620000
2022-06-21,801970.SI,1892.58,1892.58,1859.71,1875.94,818790000,6825250000
2022-06-22,801970.SI,1876.19,1876.19,1849.12,1849.8,795800000,6533790000
2022-06-23,801970.SI,1849.15,1873.31,1839.56,1873.31,838890000,6515770000
2022-06-24,801970.SI,1877.17,1893.15,1871.92,1891.45,826550000,6548390000
2022-06-27,801970.SI,1901.14,1909.93,1894.89,1905.17,996940000,8329090000
2022-06-28,801970.SI,1907.68,1927.34,1905.04,1926.64,1024820000,8566670000
2022-06-29,801970.SI,1930.86,1935.88,1908.92,1908.92,1259200000,9953320000
2022-06-30,801970.SI,1908.94,1928.07,1908.77,1916.55,1138500000,8345160000
2022-07-01,801970.SI,1926.79,1962.96,1926.73,1954.94,1241990000,10817030000
2022-07-04,801970.SI,1957.28,1978.59,1947.24,1978.42,1458860000,10556950000
2022-07-05,801970.SI,1978.83,1980.15,1949.72,1967.08,1281990000,9600280000
2022-07-06,801970.SI,1965.36,1965.36,1924.6,1938.33,1061400000,7544560000
2022-07-07,801970.SI,1937.09,1948.82,1934.03,1944.85,986660000,7304770000
2022-07-08,801970.SI,1949.38,1954.86,1939.36,1940.51,922960000,6812870000
2022-07-11,801970.SI,1934.5,1945.67,1918.8,1930.59,839800000,6204050000
2022-07-12,801970.SI,1930.59,1946.09,1916.92,1917.9,909910000,7063780000
2022-07-13,801970.SI,1918.49,1955.18,1916.8,1954.94,1010230000,7546340000
2022-07-14,801970.SI,1956.06,1961.13,1940.76,1952.78,1054610000,7705500000
2022-07-15,801970.SI,1947.32,1956.43,1923.21,1932.92,1371380000,11332160000
2022-07-18,801970.SI,1937.5,2025.45,1937.5,2021.69,2033520000,16493300000
2022-07-19,801970.SI,2030.08,2030.08,2003.1,2011.24,1810030000,14077420000
2022-07-20,801970.SI,2013.17,2016.27,1999.11,2016.27,1436430000,11298040000
2022-07-21,801970.SI,2010.3,2012.37,1994.69,1994.7,1233490000,9616580000
2022-07-22,801970.SI,1995.66,2050.51,1995.63,2029.52,1897040000,14885640000
2022-07-25,801970.SI,2038.21,2045.74,1990.86,1994.66,1472650000,12446350000
2022-07-26,801970.SI,1994.89,2010.8,1968.69,2010.8,1295500000,10398600000
2022-07-27,801970.SI,2014.17,2034.71,2014.17,2025.19,1394010000,10806950000
2022-07-28,801970.SI,2032.51,2039.87,2022.16,2023.25,1520780000,11242460000
2022-07-29,801970.SI,2020.81,2039.21,2016.48,2018.61,1308050000,10214370000
2022-08-01,801970.SI,2013.88,2029.15,1996.49,2029.15,1202610000,9939360000
2022-08-02,801970.SI,2012.28,2012.56,1924.99,1938.04,1749950000,13005930000
2022-08-03,801970.SI,1937.46,1978.31,1913.47,1917.56,1287770000,10004850000
2022-08-04,801970.SI,1929.42,1937.26,1902.88,1936.88,987060000,7935980000
2022-08-05,801970.SI,1947.33,1947.95,1918.14,1947.28,1016300000,8335890000
2022-08-08,801970.SI,1942.02,1963.94,1933.36,1963.47,912840000,7835060000
2022-08-09,801970.SI,1961.59,1974.6,1958.71,1966.68,856950000,8092090000
2022-08-10,801970.SI,1967.59,1971.4,1958.57,1970.88,900990000,8640960000
2022-08-11,801970.SI,1978.37,1990.18,1976.63,1990.03,977910000,8879400000
2022-08-12,801970.SI,1988.78,2003.77,1983.91,1984.89,1074620000,9171000000
2022-08-15,801970.SI,1982.06,1989.76,1974.54,1988.48,945450000,8074480000
2022-08-16,801970.SI,1987.07,1998.06,1987.07,1996.59,980250000,8974800000
2022-08-17,801970.SI,2000.4,2007.92,1989.59,1998.84,1080330000,9150870000
2022-08-18,801970.SI,1997.04,1997.04,1985.8,1988.25,1070950000,9003700000
2022-08-19,801970.SI,1989.33,1999.27,1982.38,1989.57,1182530000,9748840000
2022-08-22,801970.SI,1986.16,1997.31,1977.81,1997.31,1155760000,8803650000
2022-08-23,801970.SI,1991.04,2005.79,1990.96,2001.87,1152160000,8601210000
2022-08-24,801970.SI,2004.93,2010.57,1947.79,1952.17,1632260000,11512290000
2022-08-25,801970.SI,1960.75,1964.45,1929.23,1953.98,1387860000,10480030000
2022-08-26,801970.SI,1955.12,1971.26,1944.21,1947.68,1268710000,9645070000
2022-08-29,801970.SI,1922.07,1956.15,1913.69,1955.36,1226670000,8719130000
2022-08-30,801970.SI,1952.06,1959.14,1932.68,1947.28,1114310000,8110740000
2022-08-31,801970.SI,1940.47,1940.58,1896.18,1896.76,1207310000,8598830000
2022-09-01,801970.SI,1899.49,1908.25,1879.93,1883.31,1029190000,7263410000
2022-09-02,801970.SI,1884.21,1892.33,1876.84,1890.79,868370000,6053520000
2022-09-05,801970.SI,1889.87,1910.11,1889.77,1907.92,948570000,6260120000
2022-09-06,801970.SI,1911.83,1930.05,1903.98,1929.82,957220000,6616480000
2022-09-07,801970.SI,1929.28,1946.19,1924.4,1943.82,1135180000,8210980000
2022-09-08,801970.SI,1945.21,1945.21,1924.12,1924.89,939730000,7026400000
2022-09-09,801970.SI,1933.57,1933.57,1915.18,1923.42,955470000,6852170000
2022-09-13,801970.SI,1924.59,1924.59,1905.79,1909.71,802910000,6004980000
2022-09-14,801970.SI,1884.55,1890.88,1876.01,1885.85,806470000,6036060000
2022-09-15,801970.SI,1893.0,1893.0,1820.96,1839.64,932570000,6966270000
2022-09-16,801970.SI,1832.24,1832.46,1789.74,1789.74,908510000,6050700000
2022-09-19,801970.SI,1787.33,1787.33,1763.33,1772.61,674370000,4788420000
2022-09-20,801970.SI,1779.53,1799.06,1778.61,1794.48,571440000,4221530000
2022-09-21,801970.SI,1792.87,1816.01,1772.44,1811.06,631070000,4686660000
2022-09-22,801970.SI,1802.41,1817.75,1801.72,1804.06,762640000,5458480000
2022-09-23,801970.SI,1803.24,1803.93,1763.28,1773.77,784130000,5712260000
2022-09-26,801970.SI,1766.42,1771.45,1743.74,1744.42,782840000,5900470000
2022-09-27,801970.SI,1750.52,1784.81,1750.37,1784.81,653890000,5143660000
2022-09-28,801970.SI,1784.41,1786.34,1748.85,1748.85,736940000,5912300000
2022-09-29,801970.SI,1762.71,1765.79,1731.37,1738.36,713210000,5988830000
2022-09-30,801970.SI,1738.56,1742.48,1722.37,1722.37,587520000,4557920000
2022-10-10,801970.SI,1727.95,1736.57,1696.43,1699.46,606350000,4560880000
2022-10-11,801970.SI,1705.19,1723.16,1688.87,1720.92,579120000,4579580000
2022-10-12,801970.SI,1716.77,1758.94,1697.03,1758.94,670800000,5172670000
2022-10-13,801970.SI,1753.84,1785.04,1752.36,1773.03,700900000,5699070000
2022-10-14,801970.SI,1782.24,1810.15,1781.25,1803.07,706520000,5876560000
2022-10-17,801970.SI,1801.91,1824.76,1801.91,1824.72,747530000,6326870000
2022-10-18,801970.SI,1830.24,1843.09,1822.75,1834.31,745520000,6444720000
2022-10-19,801970.SI,1831.31,1834.77,1820.74,1821.98,766180000,6349390000
2022-10-20,801970.SI,1813.44,1816.15,1785.32,1796.52,703740000,5688020000
2022-10-21,801970.SI,1800.35,1805.28,1782.02,1789.29,614590000,5389870000
2022-10-24,801970.SI,1794.09,1812.76,1751.33,1757.07,740530000,6475800000
2022-10-25,801970.SI,1750.74,1762.81,1730.17,1749.85,758130000,6183100000
2022-10-26,801970.SI,1751.03,1793.69,1750.9,1779.36,831340000,6499770000
2022-10-27,801970.SI,1782.31,1789.19,1776.39,1777.2,738430000,5956680000
2022-10-28,801970.SI,1775.55,1776.99,1717.36,1724.99,953720000,7833020000
2022-10-31,801970.SI,1719.36,1748.25,1718.09,1734.43,892730000,6230290000
2022-11-01,801970.SI,1740.83,1784.26,1740.66,1784.26,900860000,6588800000
2022-11-02,801970.SI,1782.41,1802.18,1781.01,1796.98,1117720000,8241080000
2022-11-03,801970.SI,1785.42,1814.93,1785.42,1804.35,912290000,6941570000
2022-11-04,801970.SI,1810.57,1857.03,1810.47,1855.25,1287380000,10561920000
2022-11-07,801970.SI,1855.75,1877.1,1854.98,1861.39,1359880000,11476960000
2022-11-08,801970.SI,1860.02,1867.55,1853.37,1867.55,1097270000,8435840000
2022-11-09,801970.SI,1871.71,1876.71,1865.71,1869.31,1003660000,7808570000
2022-11-10,801970.SI,1863.61,1870.09,1852.89,1861.38,962210000,8052240000
2022-11-11,801970.SI,1889.43,1895.88,1862.27,1862.27,1079570000,9027470000
2022-11-14,801970.SI,1861.05,1861.05,1835.82,1841.63,849380000,7205800000
2022-11-15,801970.SI,1841.61,1868.25,1838.61,1868.25,779600000,6600370000
2022-11-16,801970.SI,1869.32,1871.27,1859.2,1865.71,709250000,5767200000
2022-11-17,801970.SI,1861.1,1861.1,1848.18,1860.28,658320000,5428700000
2022-11-18,801970.SI,1861.66,1871.34,1854.76,1855.78,818930000,6463980000
2022-11-21,801970.SI,1848.36,1859.01,1835.79,1858.46,729030000,5893110000
2022-11-22,801970.SI,1854.99,1864.97,1838.67,1847.14,843990000,6872540000
2022-11-23,801970.SI,1849.46,1860.24,1833.99,1857.51,1087650000,8080120000
2022-11-24,801970.SI,1861.17,1867.35,1850.21,1858.01,945120000,7589800000
2022-11-25,801970.SI,1857.72,1860.55,1848.51,1850.48,851360000,6920750000
2022-11-28,801970.SI,1833.41,1848.04,1813.55,1847.89,976710000,7990590000
2022-11-29,801970.SI,1851.38,1862.07,1846.81,1862.07,949610000,7922990000
2022-11-30,801970.SI,1862.12,1869.33,1857.54,1863.98,911420000,7482080000
2022-12-01,801970.SI,1870.4,1872.93,1863.24,1864.16,897290000,7568290000
2022-12-02,801970.SI,1861.99,1871.0,1861.99,1869.84,715140000,6236250000
2022-12-05,801970.SI,1873.28,1881.02,1866.27,1880.21,1071810000,8167110000
2022-12-06,801970.SI,1876.93,1880.99,1869.17,1872.4,997810000,7206640000
2022-12-07,801970.SI,1872.57,1881.81,1869.33,1875.07,995730000,6789700000
2022-12-08,801970.SI,1874.48,1875.29,1861.94,1863.93,842580000,5988680000
2022-12-09,801970.SI,1864.35,1869.53,1855.88,1859.54,877550000,6563770000
2022-12-12,801970.SI,1858.63,1858.63,1839.01,1844.42,899900000,6632460000
2022-12-13,801970.SI,1840.9,1848.51,1838.38,1841.35,724930000,5520110000
2022-12-14,801970.SI,1839.66,1848.92,1831.36,1834.75,702540000,5122960000
2022-12-15,801970.SI,1833.99,1843.52,1832.39,1841.53,733520000,5029930000
2022-12-16,801970.SI,1838.71,1840.9,1817.06,1823.36,996180000,6115320000
2022-12-19,801970.SI,1822.34,1826.4,1772.64,1779.23,1083220000,6303580000
2022-12-20,801970.SI,1775.75,1788.15,1764.73,1781.29,750070000,5017230000
2022-12-21,801970.SI,1780.58,1780.58,1757.38,1764.62,604550000,4212960000
2022-12-22,801970.SI,1769.18,1770.48,1731.8,1733.2,679310000,4434520000
2022-12-23,801970.SI,1728.08,1742.68,1719.81,1728.29,585780000,4060030000
2022-12-26,801970.SI,1731.18,1763.76,1730.98,1763.76,625310000,4366670000
2022-12-27,801970.SI,1769.51,1776.55,1767.24,1775.36,705690000,4689510000
2022-12-28,801970.SI,1777.06,1777.37,1759.57,1763.19,674640000,4279670000
2022-12-29,801970.SI,1763.48,1765.88,1751.09,1751.25,545650000,3589830000
2022-12-30,801970.SI,1758.5,1770.59,1757.21,1769.44,1016080000,5315090000
2023-01-03,801970.SI,1773.4,1796.15,1773.4,1795.42,971940000,5593820000
2023-01-04,801970.SI,1797.52,1804.28,1792.72,1800.56,943210000,5640730000
2023-01-05,801970.SI,1802.83,1815.03,1800.61,1814.75,788940000,5282280000
2023-01-06,801970.SI,1815.57,1824.67,1808.51,1813.31,773930000,5699360000
2023-01-09,801970.SI,1819.7,1825.1,1813.37,1815.93,655120000,5289230000
2023-01-10,801970.SI,1816.77,1816.77,1804.44,1807.29,694650000,5308800000
2023-01-11,801970.SI,1807.48,1810.77,1798.95,1799.95,655270000,5149980000
2023-01-12,801970.SI,1801.97,1805.95,1792.03,1797.48,706710000,4908080000
2023-01-13,801970.SI,1799.9,1800.46,1790.98,1800.46,592560000,4690330000
2023-01-16,801970.SI,1801.64,1814.76,1801.48,1809.97,718570000,5533740000
2023-01-17,801970.SI,1812.32,1812.32,1801.47,1807.68,565840000,4270790000
2023-01-18,801970.SI,1811.61,1813.59,1806.03,1813.01,556120000,4192470000
2023-01-19,801970.SI,1812.09,1831.2,1807.85,1828.98,548180000,4127920000
2023-01-20,801970.SI,1831.41,1847.86,1831.36,1847.86,594770000,4579250000
2023-01-30,801970.SI,1862.94,1868.3,1861.25,1866.77,963590000,7523580000
2023-01-31,801970.SI,1862.51,1874.81,1859.98,1874.81,771460000,6612170000
2023-02-01,801970.SI,1876.92,1897.36,1875.1,1897.36,841910000,6741850000
2023-02-02,801970.SI,1898.9,1903.25,1890.85,1895.25,983530000,7963090000
2023-02-03,801970.SI,1897.11,1897.17,1875.78,1895.35,966060000,7914990000
2023-02-06,801970.SI,1895.83,1903.86,1891.3,1903.7,1018700000,7910020000
2023-02-07,801970.SI,1908.53,1930.98,1907.39,1929.92,1276280000,9641980000
2023-02-08,801970.SI,1933.69,1935.88,1921.87,1922.78,1022370000,8423210000
2023-02-09,801970.SI,1920.61,1933.57,1920.16,1933.57,978270000,8400710000
2023-02-10,801970.SI,1932.02,1945.13,1928.57,1940.51,1026530000,8592570000
2023-02-13,801970.SI,1940.24,1953.29,1940.24,1950.42,1030010000,8951120000
2023-02-14,801970.SI,1954.1,1954.1,1941.36,1950.3,909760000,8356130000
2023-02-15,801970.SI,1951.0,1951.0,1935.45,1937.97,790200000,7116130000
2023-02-16,801970.SI,1939.88,1941.13,1888.05,1897.55,1301000000,10245330000
2023-02-17,801970.SI,1898.97,1917.54,1898.97,1899.91,938830000,7503850000
2023-02-20,801970.SI,1902.32,1905.68,1887.35,1905.68,812040000,6730830000
2023-02-21,801970.SI,1907.8,1918.49,1904.42,1918.49,744400000,6474040000
2023-02-22,801970.SI,1914.45,1919.08,1907.17,1915.81,624410000,6059900000
2023-02-23,801970.SI,1918.19,1926.92,1913.61,1923.94,671470000,6031230000
2023-02-24,801970.SI,1924.58,1924.58,1903.02,1912.7,603890000,5232320000
2023-02-27,801970.SI,1909.92,1909.92,1890.61,1893.76,624770000,5088160000
2023-02-28,801970.SI,1896.86,1908.56,1888.52,1908.33,618850000,4923190000
2023-03-01,801970.SI,1909.32,1912.48,1903.81,1912.48,669600000,5144540000
2023-03-02,801970.SI,1912.05,1916.92,1905.22,1907.04,846580000,6786230000
2023-03-03,801970.SI,1907.51,1915.49,1902.84,1914.78,731550000,5791710000
2023-03-06,801970.SI,1919.34,1923.66,1915.81,1922.38,816490000,6759070000
2023-03-07,801970.SI,1923.85,1923.85,1893.84,1893.84,980010000,7964100000
2023-03-08,801970.SI,1889.28,1904.22,1886.86,1904.22,672760000,5647720000
2023-03-09,801970.SI,1907.56,1929.56,1898.75,1927.74,1078120000,9202380000
2023-03-10,801970.SI,1922.6,1927.37,1900.8,1901.65,1040690000,8512930000
2023-03-13,801970.SI,1895.4,1901.07,1876.58,1889.81,895430000,6951430000
2023-03-14,801970.SI,1888.71,1888.71,1853.92,1866.03,993920000,7766500000
2023-03-15,801970.SI,1872.32,1894.44,1871.8,1894.44,948100000,7240440000
2023-03-16,801970.SI,1889.81,1889.81,1863.25,1865.22,896850000,6737660000
2023-03-17,801970.SI,1875.86,1882.02,1865.74,1870.71,830440000,6470290000
2023-03-20,801970.SI,1871.62,1871.62,1852.46,1854.01,932660000,7376890000
2023-03-21,801970.SI,1859.3,1872.23,1854.67,1872.06,767010000,5857110000
2023-03-22,801970.SI,1876.37,1884.37,1867.98,1876.88,712540000,6217920000
2023-03-23,801970.SI,1875.92,1875.92,1866.01,1870.41,798590000,6714110000
2023-03-24,801970.SI,1873.34,1873.36,1860.22,1861.2,753030000,6194490000
2023-03-27,801970.SI,1859.81,1860.09,1838.92,1849.11,830330000,7157240000
2023-03-28,801970.SI,1851.53,1852.91,1843.4,1845.32,889790000,7102810000
2023-03-29,801970.SI,1844.23,1845.04,1828.6,1828.99,782070000,6451070000
2023-03-30,801970.SI,1828.11,1828.11,1813.22,1819.53,665420000,5363920000
2023-03-31,801970.SI,1820.34,1836.89,1818.89,1836.84,654550000,5748730000
2023-04-03,801970.SI,1837.74,1846.8,1837.74,1845.63,797250000,6520490000
2023-04-04,801970.SI,1845.18,1845.18,1824.78,1830.47,870720000,7043550000
2023-04-06,801970.SI,1831.8,1831.8,1818.97,1828.85,761980000,6408280000
2023-04-07,801970.SI,1830.72,1842.95,1829.09,1842.52,746860000,6435380000
2023-04-10,801970.SI,1839.9,1839.9,1822.98,1827.72,742620000,6078870000
2023-04-11,801970.SI,1825.61,1825.61,1808.9,1819.16,643810000,5406220000
2023-04-12,801970.SI,1819.45,1831.33,1819.02,1830.46,772410000,6045940000
2023-04-13,801970.SI,1827.27,1831.98,1821.91,1826.92,827410000,6096130000
2023-04-14,801970.SI,1830.65,1834.08,1825.33,1831.99,759390000,6126920000
2023-04-17,801970.SI,1831.75,1842.28,1831.63,1842.28,811140000,6724340000
2023-04-18,801970.SI,1843.28,1843.3,1829.54,1830.57,680660000,5575920000
2023-04-19,801970.SI,1828.4,1832.32,1817.89,1822.9,765360000,6079570000
2023-04-20,801970.SI,1820.05,1820.07,1790.52,1801.06,759020000,6128670000
2023-04-21,801970.SI,1802.75,1803.17,1768.04,1768.78,819680000,6448100000
2023-04-24,801970.SI,1766.45,1773.26,1748.48,1767.35,752180000,5798040000
2023-04-25,801970.SI,1767.19,1769.33,1720.1,1740.84,811840000,6701870000
2023-04-26,801970.SI,1737.65,1765.53,1737.14,1761.71,690010000,5973960000
2023-04-27,801970.SI,1763.81,1774.43,1752.15,1767.16,759960000,6096420000
2023-04-28,801970.SI,1766.24,1790.09,1766.2,1790.09,820670000,6288980000
2023-05-04,801970.SI,1785.96,1811.86,1785.92,1811.86,1172130000,7770360000
2023-05-05,801970.SI,1812.17,1812.2,1787.56,1801.76,918860000,6360090000
2023-05-08,801970.SI,1805.28,1811.3,1803.18,1808.9,1021710000,6944360000
2023-05-09,801970.SI,1812.38,1825.55,1800.75,1801.44,1411150000,9552980000
2023-05-10,801970.SI,1795.88,1813.71,1795.88,1809.68,1010330000,6906510000
2023-05-11,801970.SI,1814.19,1830.77,1813.71,1829.99,1096170000,7588000000
2023-05-12,801970.SI,1828.29,1833.66,1816.23,1817.71,959220000,6534480000
2023-05-15,801970.SI,1813.66,1826.88,1804.1,1826.88,919820000,6897970000
2023-05-16,801970.SI,1827.96,1831.14,1819.5,1825.71,842230000,6452530000
2023-05-17,801970.SI,1821.86,1838.36,1815.34,1838.36,784530000,5790520000
2023-05-18,801970.SI,1839.36,1839.45,1823.6,1827.76,679510000,5166780000
2023-05-19,801970.SI,1826.96,1827.01,1809.93,1814.7,660190000,4793450000
2023-05-22,801970.SI,1813.39,1832.01,1813.13,1831.62,652220000,5473230000
2023-05-23,801970.SI,1830.88,1835.14,1810.3,1810.3,787500000,5934440000
2023-05-24,801970.SI,1807.69,1818.24,1802.0,1803.92,751340000,5816580000
2023-05-25,801970.SI,1799.8,1808.98,1789.66,1807.11,743120000,6073450000
2023-05-26,801970.SI,1817.11,1821.6,1802.55,1818.97,956600000,6989180000
2023-05-29,801970.SI,1818.52,1826.15,1807.67,1810.02,908160000,7104260000
2023-05-30,801970.SI,1809.46,1823.84,1801.45,1821.84,917020000,7163380000
2023-05-31,801970.SI,1817.67,1817.73,1797.77,1798.65,907370000,7403230000
2023-06-01,801970.SI,1793.04,1795.8,1779.11,1782.74,880410000,6632800000
2023-06-02,801970.SI,1784.05,1795.41,1784.05,1793.88,743890000,5826370000
2023-06-05,801970.SI,1798.03,1803.32,1791.57,1802.2,691430000,5654470000
2023-06-06,801970.SI,1801.82,1801.84,1761.48,1763.02,785400000,6652410000
2023-06-07,801970.SI,1763.87,1766.44,1758.45,1762.22,587970000,4629520000
2023-06-08,801970.SI,1762.59,1771.2,1753.35,1764.85,714980000,5199080000
2023-06-09,801970.SI,1765.73,1769.42,1760.72,1765.89,735100000,5979360000
2023-06-12,801970.SI,1762.88,1763.72,1745.03,1758.17,750540000,5867710000
2023-06-13,801970.SI,1757.21,1763.16,1754.28,1755.83,624430000,5191530000
2023-06-14,801970.SI,1757.3,1761.54,1745.72,1756.12,816760000,5875170000
2023-06-15,801970.SI,1751.87,1763.09,1747.89,1763.09,762960000,5893180000
2023-06-16,801970.SI,1763.27,1771.66,1761.76,1765.01,736620000,5883370000
2023-06-19,801970.SI,1764.52,1766.84,1752.37,1752.88,711830000,5571170000
2023-06-20,801970.SI,1757.23,1757.23,1743.14,1747.38,739120000,5568440000
2023-06-21,801970.SI,1744.9,1752.01,1738.15,1741.13,718500000,5483160000
2023-06-26,801970.SI,1735.51,1742.83,1726.23,1734.94,803640000,6469030000
2023-06-27,801970.SI,1736.62,1763.24,1735.87,1762.45,742830000,5821800000
2023-06-28,801970.SI,1762.23,1768.12,1745.5,1767.92,674310000,5310810000
2023-06-29,801970.SI,1764.6,1776.74,1761.76,1772.19,635790000,5201220000
2023-06-30,801970.SI,1772.88,1794.93,1772.62,1790.78,710970000,5757780000
2023-07-03,801970.SI,1793.0,1803.62,1792.93,1797.26,707610000,5762640000
2023-07-04,801970.SI,1795.4,1797.78,1786.74,1791.18,610550000,5228780000
2023-07-05,801970.SI,1790.86,1802.04,1788.09,1796.2,713880000,5901430000
2023-07-06,801970.SI,1795.32,1795.42,1783.26,1787.31,555960000,4691760000
2023-07-07,801970.SI,1785.0,1795.94,1784.53,1789.88,597820000,4926700000
2023-07-10,801970.SI,1795.49,1798.93,1790.56,1798.47,649710000,5577480000
2023-07-11,801970.SI,1801.01,1808.63,1792.55,1808.47,628870000,5339800000
2023-07-12,801970.SI,1810.81,1810.96,1792.61,1793.9,614260000,5455500000
2023-07-13,801970.SI,1792.88,1806.74,1792.83,1804.64,725000000,5746090000
2023-07-14,801970.SI,1804.24,1804.24,1797.0,1799.77,775620000,5579030000
2023-07-17,801970.SI,1796.29,1817.04,1782.8,1813.91,1020570000,8312090000
2023-07-18,801970.SI,1813.34,1815.78,1800.64,1811.2,849470000,6970940000
2023-07-19,801970.SI,1812.85,1835.37,1808.88,1814.47,1014330000,8695830000
2023-07-20,801970.SI,1816.62,1817.79,1791.09,1793.64,823640000,7121860000
2023-07-21,801970.SI,1791.44,1801.12,1788.28,1794.16,792870000,6653410000
2023-07-24,801970.SI,1791.22,1795.01,1782.38,1792.15,657270000,5528420000
2023-07-25,801970.SI,1800.24,1810.53,1800.24,1810.53,716020000,5707020000
2023-07-26,801970.SI,1810.88,1839.77,1809.08,1835.46,1204390000,10283560000
2023-07-27,801970.SI,1833.96,1836.53,1822.88,1824.33,1088160000,8900660000
2023-07-28,801970.SI,1820.7,1826.49,1806.64,1823.86,1065210000,7895030000
2023-07-31,801970.SI,1823.56,1843.23,1822.86,1843.06,1141320000,8239960000
2023-08-01,801970.SI,1848.94,1848.94,1830.34,1841.97,1124110000,8093430000
2023-08-02,801970.SI,1840.29,1840.29,1829.13,1834.88,830550000,6146100000
2023-08-03,801970.SI,1831.63,1834.03,1823.48,1832.96,784920000,7001630000
2023-08-04,801970.SI,1836.39,1841.67,1827.69,1827.69,899420000,7402630000
2023-08-07,801970.SI,1827.17,1827.17,1813.23,1816.42,788810000,6616080000
2023-08-08,801970.SI,1815.94,1818.21,1805.52,1808.56,725010000,6163610000
2023-08-09,801970.SI,1808.07,1814.19,1798.55,1799.72,815700000,6632400000
2023-08-10,801970.SI,1797.28,1805.55,1796.68,1805.13,751370000,6120070000
2023-08-11,801970.SI,1807.6,1807.68,1771.63,1771.63,767130000,6145740000
2023-08-14,801970.SI,1760.8,1772.77,1752.44,1772.09,674250000,5148730000
2023-08-15,801970.SI,1772.69,1775.56,1754.08,1767.22,661050000,5388750000
2023-08-16,801970.SI,1764.15,1769.55,1757.41,1759.72,623420000,4798340000
2023-08-17,801970.SI,1757.2,1780.39,1744.19,1779.1,767010000,5699180000
2023-08-18,801970.SI,1779.62,1815.78,1779.56,1794.09,1426110000,12202660000
2023-08-21,801970.SI,1796.65,1831.24,1796.65,1821.0,1652090000,15349110000
2023-08-22,801970.SI,1820.72,1820.72,1767.18,1795.5,1949130000,16865120000
2023-08-23,801970.SI,1792.98,1825.66,1790.95,1809.84,2067610000,18316110000
2023-08-24,801970.SI,1796.74,1804.64,1767.26,1796.06,2250830000,19813910000
2023-08-25,801970.SI,1787.94,1853.38,1787.79,1809.33,3095690000,25167520000
2023-08-28,801970.SI,1878.56,1880.0,1819.67,1834.89,3231260000,26655850000
2023-08-29,801970.SI,1826.25,1848.36,1816.28,1843.09,2421470000,21390710000
2023-08-30,801970.SI,1834.35,1837.04,1796.69,1799.54,2083890000,17215880000
2023-08-31,801970.SI,1795.87,1801.57,1770.21,1771.91,1612970000,13137760000
2023-09-01,801970.SI,1769.58,1770.71,1751.63,1755.1,1334030000,10625440000
2023-09-04,801970.SI,1756.86,1780.46,1756.86,1780.46,1351670000,10774280000
2023-09-05,801970.SI,1775.99,1775.99,1756.53,1774.17,1368250000,11064650000
2023-09-06,801970.SI,1765.44,1767.28,1757.62,1765.17,1067080000,8950970000
2023-09-07,801970.SI,1760.63,1760.63,1733.24,1733.24,1117020000,8748770000
2023-09-08,801970.SI,1731.59,1739.01,1724.7,1728.53,828680000,6474280000
2023-09-11,801970.SI,1730.43,1750.51,1720.32,1748.65,994500000,7255040000
2023-09-12,801970.SI,1747.91,1758.2,1742.98,1755.09,854320000,6304070000
2023-09-13,801970.SI,1754.18,1762.51,1746.05,1762.51,1219400000,10034670000
2023-09-14,801970.SI,1758.76,1758.76,1738.1,1744.09,1140140000,8275850000
2023-09-15,801970.SI,1746.59,1746.59,1736.09,1738.83,943730000,6805050000
2023-09-18,801970.SI,1734.75,1742.77,1724.59,1741.37,959570000,6406360000
2023-09-19,801970.SI,1739.56,1743.19,1731.78,1734.65,874520000,6151450000
2023-09-20,801970.SI,1732.78,1734.59,1721.37,1721.37,775000000,5364490000
2023-09-21,801970.SI,1720.37,1726.32,1704.29,1704.29,818760000,5436870000
2023-09-22,801970.SI,1702.51,1719.97,1696.15,1719.55,789730000,5240010000
2023-09-25,801970.SI,1718.49,1723.19,1707.72,1711.78,707400000,5168180000
2023-09-26,801970.SI,1711.94,1723.65,1709.05,1714.46,685500000,5208170000
2023-09-27,801970.SI,1714.1,1727.67,1710.93,1721.23,695790000,5334640000
2023-09-28,801970.SI,1724.1,1731.59,1723.99,1731.36,616330000,4887520000
2023-10-09,801970.SI,1732.27,1732.48,1714.6,1717.1,830920000,6218060000
2023-10-10,801970.SI,1720.54,1725.8,1704.99,1705.84,700380000,5171850000
2023-10-11,801970.SI,1708.3,1713.06,1698.0,1701.14,693400000,5449030000
2023-10-12,801970.SI,1705.97,1708.97,1700.74,1708.21,639700000,5141600000
2023-10-13,801970.SI,1703.99,1704.08,1685.94,1686.64,679130000,5175620000
2023-10-16,801970.SI,1689.52,1689.62,1671.96,1677.36,654940000,4665790000
2023-10-17,801970.SI,1678.94,1678.99,1669.49,1673.76,562370000,4001100000
2023-10-18,801970.SI,1673.18,1673.37,1637.51,1637.51,679520000,4802980000
2023-10-19,801970.SI,1634.42,1653.05,1629.88,1632.32,608500000,4195640000
2023-10-20,801970.SI,1630.37,1641.21,1626.29,1627.14,595420000,4128290000
2023-10-23,801970.SI,1626.83,1626.86,1580.15,1585.27,673210000,4696650000
2023-10-24,801970.SI,1591.39,1626.34,1589.84,1626.02,752500000,5401340000
2023-10-25,801970.SI,1645.81,1669.16,1645.71,1666.17,1094290000,7897910000
2023-10-26,801970.SI,1659.87,1669.47,1652.39,1669.22,860760000,6993620000
2023-10-27,801970.SI,1668.75,1698.63,1667.61,1693.87,1233770000,10086730000
2023-10-30,801970.SI,1689.27,1696.35,1683.09,1693.4,1030520000,8575800000
2023-10-31,801970.SI,1694.18,1694.55,1683.88,1688.65,826540000,6722370000
2023-11-01,801970.SI,1690.24,1697.54,1687.79,1694.74,799920000,6203480000
2023-11-02,801970.SI,1694.28,1695.7,1685.23,1685.23,725150000,5793830000
2023-11-03,801970.SI,1689.09,1706.22,1689.08,1695.03,844540000,6597090000
2023-11-06,801970.SI,1702.83,1718.37,1702.68,1718.37,959000000,7351990000
2023-11-07,801970.SI,1723.21,1726.92,1710.26,1724.8,1009860000,8152140000
2023-11-08,801970.SI,1732.23,1732.24,1710.0,1717.44,1120830000,9202570000
2023-11-09,801970.SI,1715.91,1727.89,1708.71,1710.47,1064850000,9021890000
2023-11-10,801970.SI,1706.2,1709.02,1694.84,1705.89,866050000,6882000000
2023-11-13,801970.SI,1708.49,1719.16,1705.72,1719.16,765090000,6242840000
2023-11-14,801970.SI,1718.44,1721.84,1710.58,1719.43,741700000,6312070000
2023-11-15,801970.SI,1728.25,1738.87,1726.14,1735.49,924870000,8215520000
2023-11-16,801970.SI,1733.85,1733.91,1722.07,1722.07,798410000,6985330000
2023-11-17,801970.SI,1721.36,1724.36,1717.06,1723.4,716320000,5990360000
2023-11-20,801970.SI,1724.95,1741.05,1722.95,1740.65,915030000,7582540000
2023-11-21,801970.SI,1741.02,1745.18,1727.76,1728.93,963850000,7988220000
2023-11-22,801970.SI,1726.74,1734.64,1720.08,1720.08,799450000,6493860000
2023-11-23,801970.SI,1720.35,1735.16,1719.35,1735.16,748490000,6479990000
2023-11-24,801970.SI,1734.79,1735.05,1715.59,1719.84,762260000,6647320000
2023-11-27,801970.SI,1714.83,1716.03,1703.53,1712.12,768640000,6308640000
2023-11-28,801970.SI,1709.93,1726.67,1702.93,1726.67,744740000,6030900000
2023-11-29,801970.SI,1725.59,1728.43,1715.71,1717.12,682950000,5963410000
2023-11-30,801970.SI,1716.6,1720.61,1701.0,1711.23,754700000,6445540000
2023-12-01,801970.SI,1712.58,1718.28,1708.13,1714.32,739640000,6183700000
2023-12-04,801970.SI,1715.4,1718.64,1709.64,1713.72,763050000,6280930000
2023-12-05,801970.SI,1712.21,1712.22,1687.49,1687.49,730890000,6080150000
2023-12-06,801970.SI,1685.07,1699.67,1685.07,1692.22,675360000,5859570000
2023-12-07,801970.SI,1692.84,1692.86,1679.3,1685.24,677230000,5536840000
2023-12-08,801970.SI,1691.96,1697.18,1667.75,1667.75,921730000,7488910000
2023-12-11,801970.SI,1662.79,1681.23,1656.16,1680.44,964830000,7585340000
2023-12-12,801970.SI,1679.6,1683.2,1669.48,1683.2,684870000,5385860000
2023-12-13,801970.SI,1681.85,1687.37,1673.71,1673.71,789600000,6047360000
2023-12-14,801970.SI,1677.36,1686.6,1674.86,1677.62,796530000,5949640000
2023-12-15,801970.SI,1678.14,1679.3,1664.48,1667.44,710590000,5313690000
2023-12-18,801970.SI,1665.3,1665.64,1639.83,1642.04,766820000,5722960000
2023-12-19,801970.SI,1641.77,1641.8,1627.3,1637.15,729420000,5333680000
2023-12-20,801970.SI,1640.77,1649.1,1630.48,1630.48,746850000,5643690000
2023-12-21,801970.SI,1627.47,1643.89,1602.61,1641.14,832360000,6176610000
2023-12-22,801970.SI,1642.91,1642.92,1620.01,1623.99,734100000,5413460000
2023-12-25,801970.SI,1622.77,1622.78,1603.16,1608.34,657040000,4822420000
2023-12-26,801970.SI,1607.95,1615.24,1598.58,1608.97,993680000,7183590000
2023-12-27,801970.SI,1605.67,1614.39,1592.77,1610.05,917050000,6744190000
2023-12-28,801970.SI,1608.08,1636.1,1599.39,1632.06,944290000,7165870000
2023-12-29,801970.SI,1631.43,1645.61,1629.35,1644.91,837290000,6596120000
2024-01-02,801970.SI,1645.95,1672.09,1645.91,1666.37,1230400000,8974660000
2024-01-03,801970.SI,1663.26,1668.66,1657.36,1666.27,1059550000,7797130000
2024-01-04,801970.SI,1667.23,1674.47,1663.87,1670.91,1103570000,7906370000
2024-01-05,801970.SI,1670.61,1675.23,1644.88,1650.93,1099900000,8315300000
2024-01-08,801970.SI,1647.47,1647.51,1618.3,1618.3,885240000,6749720000
2024-01-09,801970.SI,1619.15,1635.7,1614.64,1625.5,787160000,6041080000
2024-01-10,801970.SI,1623.3,1631.96,1606.58,1615.63,766170000,5880140000
2024-01-11,801970.SI,1615.6,1640.67,1615.6,1637.77,866560000,6546400000
2024-01-12,801970.SI,1657.81,1679.94,1650.0,1650.0,1719250000,12089430000
2024-01-15,801970.SI,1640.99,1641.09,1622.67,1624.08,1127680000,8288380000
2024-01-16,801970.SI,1623.17,1623.68,1590.08,1610.47,923210000,6766580000
2024-01-17,801970.SI,1609.01,1609.17,1575.55,1575.55,889140000,5912600000
2024-01-18,801970.SI,1571.64,1571.9,1523.23,1560.98,1153460000,8224590000
2024-01-19,801970.SI,1561.95,1565.82,1543.24,1545.14,864280000,6351410000
2024-01-22,801970.SI,1541.79,1541.79,1454.17,1463.3,1213810000,8711020000
2024-01-23,801970.SI,1460.01,1480.27,1436.8,1475.73,1028850000,7558180000
2024-01-24,801970.SI,1479.31,1503.11,1451.79,1503.11,1207920000,8833220000
2024-01-25,801970.SI,1503.24,1564.81,1503.16,1564.81,1201840000,9896580000
2024-01-26,801970.SI,1568.91,1591.45,1568.21,1574.22,1305310000,10321690000
2024-01-29,801970.SI,1574.12,1574.74,1535.42,1535.42,1410000000,10823430000
2024-01-30,801970.SI,1527.97,1539.94,1492.13,1492.13,1237230000,9404120000
2024-01-31,801970.SI,1482.27,1497.85,1443.37,1447.87,1612100000,10980370000
2024-02-01,801970.SI,1441.11,1442.63,1401.64,1416.18,1601190000,10728440000
2024-02-02,801970.SI,1414.78,1425.77,1319.97,1353.25,1673360000,10294070000
2024-02-05,801970.SI,1339.26,1339.26,1229.87,1258.49,1788540000,10265980000
2024-02-06,801970.SI,1232.23,1328.81,1210.02,1302.56,1988610000,11037730000
2024-02-07,801970.SI,1303.37,1328.94,1288.34,1303.5,2088000000,11370470000
2024-02-08,801970.SI,1307.04,1369.08,1306.01,1367.16,2100460000,11747700000
2024-02-19,801970.SI,1377.47,1399.96,1370.61,1385.09,1633890000,9947580000
2024-02-20,801970.SI,1381.87,1395.85,1369.11,1393.33,1207540000,7277610000
2024-02-21,801970.SI,1384.31,1440.35,1382.27,1411.17,1547040000,9393130000
2024-02-22,801970.SI,1412.95,1432.53,1407.83,1432.53,1215580000,7535640000
2024-02-23,801970.SI,1436.48,1452.07,1424.73,1452.07,1390060000,9462870000
2024-02-26,801970.SI,1455.66,1485.21,1442.66,1466.77,1722920000,11687930000
2024-02-27,801970.SI,1459.73,1490.43,1457.84,1490.43,1365390000,9704680000
2024-02-28,801970.SI,1492.59,1522.49,1421.61,1421.61,2166160000,14270120000
2024-02-29,801970.SI,1414.93,1464.56,1413.85,1464.56,1589490000,10117350000
2024-03-01,801970.SI,1470.81,1480.4,1462.36,1477.46,1525520000,10018160000
2024-03-04,801970.SI,1477.21,1478.66,1448.87,1472.8,1411210000,10023370000
2024-03-05,801970.SI,1466.66,1466.77,1445.6,1448.19,1251990000,9089620000
2024-03-06,801970.SI,1446.28,1476.84,1446.28,1466.03,1072530000,7826230000
2024-03-07,801970.SI,1469.83,1483.85,1460.57,1460.57,1274140000,8781360000
2024-03-08,801970.SI,1461.56,1474.14,1454.12,1472.52,1034640000,7422400000
2024-03-11,801970.SI,1474.39,1500.51,1474.27,1500.51,1215420000,9060050000
2024-03-12,801970.SI,1503.03,1505.59,1488.68,1505.59,1224290000,9119850000
2024-03-13,801970.SI,1505.31,1506.43,1489.21,1497.87,975800000,7185470000
2024-03-14,801970.SI,1501.48,1524.71,1498.15,1510.18,1369900000,10005130000
2024-03-15,801970.SI,1506.32,1543.14,1502.82,1543.14,1583180000,11144960000
2024-03-18,801970.SI,1548.8,1560.31,1542.61,1560.31,1616470000,11561710000
2024-03-19,801970.SI,1557.49,1560.85,1544.51,1544.52,1306480000,10225910000
2024-03-20,801970.SI,1543.26,1552.89,1539.39,1552.89,1132010000,8815770000
2024-03-21,801970.SI,1552.93,1553.83,1534.74,1548.52,1253500000,9258080000
2024-03-22,801970.SI,1545.47,1545.58,1515.42,1526.53,1398250000,9612230000
2024-03-25,801970.SI,1520.65,1536.44,1506.12,1506.45,1337010000,9484290000
2024-03-26,801970.SI,1504.77,1526.59,1500.5,1526.59,1320770000,9791820000
2024-03-27,801970.SI,1523.14,1525.47,1485.83,1485.83,1245650000,9240600000
2024-03-28,801970.SI,1480.94,1514.78,1480.94,1505.16,1130660000,8222540000
2024-03-29,801970.SI,1504.4,1536.82,1504.35,1536.82,1333980000,9736350000
2024-04-01,801970.SI,1538.24,1570.99,1537.93,1570.99,1540700000,11469750000
2024-04-02,801970.SI,1569.4,1583.01,1568.28,1579.97,1517990000,11469560000
2024-04-03,801970.SI,1576.78,1584.22,1565.91,1583.9,1507390000,11557140000
2024-04-08,801970.SI,1579.78,1582.65,1554.92,1555.42,1479920000,11246510000
2024-04-09,801970.SI,1554.39,1565.1,1552.0,1561.14,1060450000,8118990000
2024-04-10,801970.SI,1560.91,1561.8,1525.69,1538.38,1127320000,8577680000
2024-04-11,801970.SI,1529.57,1570.09,1529.09,1559.51,1242200000,9655040000
2024-04-12,801970.SI,1557.78,1564.75,1536.57,1539.32,1193580000,9190060000
2024-04-15,801970.SI,1531.66,1537.75,1475.5,1493.9,1706160000,11772010000
2024-04-16,801970.SI,1482.7,1482.9,1417.85,1417.87,1706850000,10882200000
2024-04-17,801970.SI,1428.1,1498.23,1428.02,1498.23,1620140000,10704550000
2024-04-18,801970.SI,1497.9,1498.99,1481.04,1484.69,1416570000,9654680000
2024-04-19,801970.SI,1483.27,1506.12,1482.39,1498.47,1312780000,9613580000
2024-04-22,801970.SI,1495.94,1499.88,1474.59,1480.56,1128750000,8063130000
2024-04-23,801970.SI,1479.78,1493.21,1476.88,1479.81,970530000,6808350000
2024-04-24,801970.SI,1479.06,1497.23,1477.71,1497.23,876080000,6200210000
2024-04-25,801970.SI,1494.53,1512.37,1492.31,1504.34,921980000,6647490000
2024-04-26,801970.SI,1502.16,1516.79,1494.18,1516.43,1148960000,8202750000
2024-04-29,801970.SI,1516.56,1555.82,1516.56,1555.82,1417030000,10280150000
2024-04-30,801970.SI,1554.61,1556.76,1541.85,1552.66,1240520000,9598170000
2024-05-06,801970.SI,1563.92,1580.79,1563.74,1580.78,1326020000,10201990000
2024-05-07,801970.SI,1579.54,1582.19,1571.29,1581.79,1070700000,8445410000
2024-05-08,801970.SI,1579.85,1580.0,1566.02,1567.65,1155210000,8159910000
2024-05-09,801970.SI,1568.91,1593.73,1568.91,1588.81,1155490000,8813210000
2024-05-10,801970.SI,1590.26,1591.9,1574.22,1578.65,1081230000,8243220000
2024-05-13,801970.SI,1583.46,1587.71,1571.76,1576.32,1467570000,10570740000
2024-05-14,801970.SI,1572.08,1586.47,1572.08,1585.85,1134500000,8437570000
2024-05-15,801970.SI,1584.05,1584.1,1567.33,1568.09,999790000,7305160000
2024-05-16,801970.SI,1569.38,1583.28,1568.26,1571.86,968860000,7319470000
2024-05-17,801970.SI,1571.41,1579.31,1561.63,1579.31,939710000,7264560000
2024-05-20,801970.SI,1579.53,1583.55,1573.07,1577.39,1006110000,7877150000
2024-05-21,801970.SI,1573.72,1573.85,1556.62,1561.1,844010000,6055350000
2024-05-22,801970.SI,1559.7,1570.76,1559.66,1565.62,840770000,6484390000
2024-05-23,801970.SI,1562.69,1562.77,1527.74,1530.29,976730000,6972450000
2024-05-24,801970.SI,1531.98,1547.03,1529.64,1531.39,815350000,5668110000
2024-05-27,801970.SI,1535.47,1544.45,1523.38,1544.38,804490000,5788810000
2024-05-28,801970.SI,1541.48,1542.95,1530.05,1532.93,733440000,5217200000
2024-05-29,801970.SI,1530.99,1551.34,1527.88,1539.69,807310000,5776270000
2024-05-30,801970.SI,1540.16,1556.36,1537.18,1539.22,970070000,6822820000
2024-05-31,801970.SI,1538.41,1541.38,1532.87,1536.44,891090000,6224180000
2024-06-03,801970.SI,1532.32,1532.32,1493.25,1504.08,1083180000,7172930000
2024-06-04,801970.SI,1496.84,1497.39,1481.25,1496.01,1145810000,6657700000
2024-06-05,801970.SI,1490.64,1492.56,1470.02,1470.02,959700000,5489470000
2024-06-06,801970.SI,1467.51,1472.68,1415.21,1421.73,1354120000,7524260000
2024-06-07,801970.SI,1428.18,1458.13,1428.13,1456.8,1188110000,6770760000
2024-06-11,801970.SI,1454.4,1454.64,1432.06,1450.87,1025740000,6141180000
2024-06-12,801970.SI,1448.74,1467.78,1446.29,1465.08,874330000,5443470000
2024-06-13,801970.SI,1464.58,1467.71,1452.87,1455.8,932200000,5428080000
2024-06-14,801970.SI,1454.47,1459.73,1442.02,1450.94,856310000,5219360000
2024-06-17,801970.SI,1446.02,1464.13,1440.41,1447.25,874420000,5652200000
2024-06-18,801970.SI,1448.88,1460.84,1448.88,1460.84,857220000,5063350000
2024-06-19,801970.SI,1461.5,1462.67,1448.08,1451.26,628650000,4549760000
2024-06-20,801970.SI,1449.08,1449.17,1423.54,1425.22,746240000,5087680000
2024-06-21,801970.SI,1421.97,1438.4,1415.28,1431.25,660910000,4760580000
2024-06-24,801970.SI,1425.13,1426.58,1385.16,1388.21,914350000,6275270000
2024-06-25,801970.SI,1388.88,1402.13,1382.89,1389.56,806030000,5240930000
2024-06-26,801970.SI,1387.17,1412.16,1376.2,1411.99,777730000,4930400000
2024-06-27,801970.SI,1407.88,1411.38,1385.72,1385.72,708170000,4421450000
2024-06-28,801970.SI,1383.58,1407.4,1381.66,1392.33,678180000,4464920000
2024-07-01,801970.SI,1396.22,1418.78,1389.38,1417.7,745430000,4973430000
2024-07-02,801970.SI,1418.41,1424.71,1412.03,1419.72,776340000,4839810000
2024-07-03,801970.SI,1417.92,1425.16,1408.87,1409.62,791470000,4381460000
2024-07-04,801970.SI,1407.31,1409.01,1368.0,1371.63,793060000,4689040000
2024-07-05,801970.SI,1369.63,1381.5,1360.8,1379.09,703070000,4211660000
2024-07-08,801970.SI,1377.1,1378.07,1354.85,1358.4,754080000,4775600000
2024-07-09,801970.SI,1356.59,1378.2,1332.82,1377.09,863960000,5306800000
2024-07-10,801970.SI,1372.49,1376.5,1360.97,1362.56,722150000,4599230000
2024-07-11,801970.SI,1377.34,1395.8,1373.38,1395.66,887140000,5406430000
2024-07-12,801970.SI,1394.02,1404.39,1388.08,1391.7,842630000,4770540000
2024-07-15,801970.SI,1390.15,1390.36,1375.58,1378.4,709820000,4300840000
2024-07-16,801970.SI,1377.5,1381.06,1366.76,1373.73,723040000,4213710000
2024-07-17,801970.SI,1373.03,1373.18,1358.98,1361.43,678990000,4141240000
2024-07-18,801970.SI,1357.39,1371.26,1346.03,1370.08,745660000,5099330000
2024-07-19,801970.SI,1365.67,1375.74,1359.24,1369.16,699940000,4994760000
2024-07-22,801970.SI,1368.76,1372.57,1361.69,1367.25,726240000,4688680000
2024-07-23,801970.SI,1372.33,1385.17,1360.52,1360.52,884840000,5895370000
2024-07-24,801970.SI,1355.9,1371.55,1350.25,1353.74,998320000,6749580000
2024-07-25,801970.SI,1348.58,1375.27,1345.95,1367.78,837950000,5952490000
2024-07-26,801970.SI,1372.7,1382.92,1372.38,1381.08,1123590000,6063230000
2024-07-29,801970.SI,1380.6,1385.69,1371.29,1382.85,1031500000,6236320000
2024-07-30,801970.SI,1382.57,1395.94,1377.17,1393.98,946220000,5983800000
2024-07-31,801970.SI,1394.19,1419.05,1388.94,1418.8,1618530000,8884130000
2024-08-01,801970.SI,1417.31,1421.91,1409.67,1411.98,1215810000,7143490000
2024-08-02,801970.SI,1403.45,1417.0,1399.82,1401.72,1113280000,6285270000
2024-08-05,801970.SI,1393.74,1406.82,1369.1,1369.1,1157370000,6420830000
2024-08-06,801970.SI,1377.83,1387.58,1369.21,1385.34,999670000,5542890000
2024-08-07,801970.SI,1383.06,1389.84,1376.91,1383.73,844880000,4693340000
2024-08-08,801970.SI,1380.42,1392.65,1372.93,1389.7,906030000,4736950000
2024-08-09,801970.SI,1391.86,1396.79,1381.01,1381.01,906680000,4656270000
2024-08-12,801970.SI,1407.24,1418.61,1397.59,1401.99,1399080000,8110230000
2024-08-13,801970.SI,1391.86,1410.63,1383.43,1410.63,1429810000,8401290000
2024-08-14,801970.SI,1408.82,1420.75,1400.85,1400.85,1394250000,8408380000
2024-08-15,801970.SI,1395.41,1415.79,1392.92,1407.45,1394050000,7831660000
2024-08-16,801970.SI,1406.95,1407.01,1386.07,1390.16,1471150000,8610620000
2024-08-19,801970.SI,1386.3,1395.91,1378.89,1393.18,1135250000,7201650000
2024-08-20,801970.SI,1392.17,1392.18,1365.49,1369.46,1238660000,7137150000
2024-08-21,801970.SI,1366.11,1367.88,1355.81,1363.27,1086470000,6115890000
2024-08-22,801970.SI,1362.75,1366.17,1344.28,1344.5,1185750000,6562120000
2024-08-23,801970.SI,1342.53,1343.76,1327.97,1335.51,1180950000,6565830000
2024-08-26,801970.SI,1332.61,1338.52,1324.98,1335.36,841140000,5514730000
2024-08-27,801970.SI,1332.17,1332.5,1318.98,1325.16,770980000,4950050000
2024-08-28,801970.SI,1316.96,1328.4,1305.61,1314.56,1307340000,6307310000
2024-08-29,801970.SI,1310.34,1326.16,1305.67,1323.16,1086460000,5716170000
2024-08-30,801970.SI,1321.44,1349.61,1319.45,1335.74,1329100000,7180500000
2024-09-02,801970.SI,1334.64,1348.81,1324.19,1324.7,1401660000,7254890000
2024-09-03,801970.SI,1322.37,1329.8,1313.38,1324.7,1125100000,5976580000
2024-09-04,801970.SI,1318.01,1328.55,1314.98,1319.48,966270000,5321890000
2024-09-05,801970.SI,1321.09,1333.58,1320.99,1333.49,798260000,4764390000
2024-09-06,801970.SI,1331.27,1333.16,1312.31,1312.66,856950000,5286270000
2024-09-09,801970.SI,1311.49,1317.77,1303.23,1307.23,771140000,4491340000
2024-09-10,801970.SI,1309.97,1312.6,1289.21,1306.41,987570000,5124650000
2024-09-11,801970.SI,1301.51,1310.64,1297.04,1302.53,934320000,5118130000
2024-09-12,801970.SI,1302.9,1321.39,1302.69,1307.65,985760000,5445230000
2024-09-13,801970.SI,1309.49,1313.26,1300.26,1300.26,1144010000,6128310000
2024-09-18,801970.SI,1299.56,1299.56,1267.41,1283.6,961350000,5138670000
2024-09-19,801970.SI,1288.51,1316.54,1285.42,1310.27,972720000,5372930000
2024-09-20,801970.SI,1310.97,1311.09,1291.05,1298.49,1073300000,5708870000
2024-09-23,801970.SI,1295.88,1302.89,1290.41,1299.95,959120000,4990340000
2024-09-24,801970.SI,1305.3,1354.2,1305.23,1354.2,1694390000,9135220000
2024-09-25,801970.SI,1367.57,1397.87,1363.57,1372.06,1991680000,10933520000
2024-09-26,801970.SI,1369.28,1407.27,1364.9,1407.27,1861410000,9837320000
2024-09-27,801970.SI,1423.97,1473.22,1420.82,1462.75,2235950000,13075390000
2024-09-30,801970.SI,1512.65,1620.2,1494.65,1608.25,3977500000,25709570000
2024-10-08,801970.SI,1808.47,1808.47,1629.55,1711.7,4650110000,34570940000
2024-10-09,801970.SI,1669.71,1673.59,1577.97,1577.97,3649940000,25849320000
2024-10-10,801970.SI,1594.58,1643.8,1566.45,1605.29,3117760000,21734500000
2024-10-11,801970.SI,1596.16,1596.28,1533.29,1546.84,2315130000,15940230000
2024-10-14,801970.SI,1578.16,1609.39,1553.03,1609.39,2517200000,17687610000
2024-10-15,801970.SI,1597.37,1611.58,1570.1,1570.37,2374520000,16869440000
2024-10-16,801970.SI,1558.61,1599.23,1558.61,1584.84,2106000000,14607600000
2024-10-17,801970.SI,1589.92,1596.02,1566.05,1566.05,2131270000,15304640000
2024-10-18,801970.SI,1563.43,1632.97,1554.36,1609.89,2567670000,19010370000
2024-10-21,801970.SI,1620.45,1642.63,1612.29,1632.03,2437950000,20186530000
2024-10-22,801970.SI,1631.98,1653.1,1624.63,1653.1,2317320000,18753520000
2024-10-23,801970.SI,1653.4,1675.44,1652.22,1662.38,2304230000,18335520000
2024-10-24,801970.SI,1655.42,1665.52,1647.79,1661.41,2205270000,15557140000
2024-10-25,801970.SI,1667.45,1704.05,1667.44,1704.05,2630530000,20217980000
2024-10-28,801970.SI,1709.37,1749.99,1698.37,1749.99,3139190000,22821950000
2024-10-29,801970.SI,1757.44,1761.7,1711.37,1711.37,3203230000,22878140000
2024-10-30,801970.SI,1708.24,1717.6,1694.72,1717.36,2827740000,19415980000
2024-10-31,801970.SI,1723.85,1756.71,1723.85,1749.44,3251930000,23094660000
2024-11-01,801970.SI,1750.91,1761.6,1699.7,1707.84,3181630000,25145840000
2024-11-04,801970.SI,1693.43,1716.79,1686.8,1716.79,2067450000,15444590000
2024-11-05,801970.SI,1715.01,1753.26,1715.01,1753.26,2646300000,20347900000
2024-11-06,801970.SI,1758.82,1780.34,1752.46,1763.47,2885150000,21963950000
2024-11-07,801970.SI,1756.07,1823.63,1753.47,1823.63,3622380000,25107560000
2024-11-08,801970.SI,1843.42,1846.82,1810.63,1816.65,3495470000,25521720000
2024-11-11,801970.SI,1819.13,1849.3,1818.79,1849.13,3198700000,25365670000
2024-11-12,801970.SI,1848.49,1850.12,1803.21,1817.05,3015870000,23073520000
2024-11-13,801970.SI,1806.75,1826.03,1782.48,1816.25,2381680000,19010980000
2024-11-14,801970.SI,1813.59,1813.59,1763.26,1764.24,2061810000,16884150000
2024-11-15,801970.SI,1758.44,1780.51,1728.88,1729.17,2216910000,17772490000
2024-11-18,801970.SI,1741.96,1756.17,1710.58,1721.75,2482920000,18027130000
2024-11-19,801970.SI,1719.26,1757.88,1713.67,1757.88,2116830000,16729460000
2024-11-20,801970.SI,1753.71,1782.23,1749.67,1780.42,2012900000,16999980000
2024-11-21,801970.SI,1784.81,1798.2,1764.24,1778.85,2173440000,18679370000
2024-11-22,801970.SI,1772.3,1781.77,1723.94,1725.03,2348720000,19194020000
2024-11-25,801970.SI,1723.62,1736.4,1707.33,1735.75,1900870000,14955690000
2024-11-26,801970.SI,1731.78,1737.2,1708.66,1709.77,1579440000,11646020000
2024-11-27,801970.SI,1701.75,1726.87,1666.63,1726.87,1773320000,12953090000
2024-11-28,801970.SI,1726.69,1766.4,1726.69,1750.75,2253170000,17304550000
2024-11-29,801970.SI,1749.23,1770.28,1734.75,1763.36,2158060000,16800690000
2024-12-02,801970.SI,1767.7,1788.88,1765.13,1788.34,2211710000,16792020000
2024-12-03,801970.SI,1792.92,1801.93,1779.66,1797.96,2171270000,16740660000
2024-12-04,801970.SI,1799.44,1801.74,1766.7,1774.82,2313920000,20301390000
2024-12-05,801970.SI,1766.4,1784.36,1764.92,1781.23,1942680000,16531360000
2024-12-06,801970.SI,1783.65,1818.17,1783.65,1814.86,2654550000,20080070000
2024-12-09,801970.SI,1814.59,1821.37,1791.48,1803.85,2299610000,16986240000
2024-12-10,801970.SI,1846.75,1846.75,1795.71,1797.66,2603470000,19953060000
2024-12-11,801970.SI,1792.83,1819.78,1792.83,1819.78,2260500000,16493880000
2024-12-12,801970.SI,1818.22,1832.93,1805.1,1832.66,2320740000,17749220000
2024-12-13,801970.SI,1827.18,1827.23,1792.16,1792.67,2217830000,17345190000
2024-12-16,801970.SI,1794.48,1809.15,1782.68,1789.45,1856120000,13938960000
2024-12-17,801970.SI,1786.8,1786.83,1730.79,1734.81,2154990000,14791910000
2024-12-18,801970.SI,1740.2,1760.51,1732.31,1744.31,1828090000,12927610000
2024-12-19,801970.SI,1729.62,1744.1,1719.13,1739.41,1625180000,11411230000
2024-12-20,801970.SI,1738.32,1758.76,1737.57,1745.9,1641380000,11906700000
2024-12-23,801970.SI,1745.03,1745.22,1692.91,1696.09,2052940000,13950160000
2024-12-24,801970.SI,1696.28,1716.04,1695.73,1714.73,1657460000,11030310000
2024-12-25,801970.SI,1714.61,1714.61,1675.06,1691.25,1851280000,11609740000
2024-12-26,801970.SI,1689.34,1708.12,1689.32,1700.31,1502940000,9791240000
2024-12-27,801970.SI,1704.02,1727.52,1700.97,1719.19,1794150000,13289050000
2024-12-30,801970.SI,1712.2,1712.36,1697.02,1706.34,1350480000,9106060000
2024-12-31,801970.SI,1707.45,1714.3,1674.67,1675.45,1672850000,11620790000
2025-01-02,801970.SI,1672.04,1687.15,1627.82,1639.44,1768560000,12047600000
2025-01-03,801970.SI,1641.65,1641.66,1587.04,1588.96,1695650000,11286440000
2025-01-06,801970.SI,1585.68,1605.27,1562.12,1579.09,1313330000,8937600000
2025-01-07,801970.SI,1578.71,1590.63,1560.81,1590.59,1238320000,8355300000
2025-01-08,801970.SI,1586.6,1592.11,1547.34,1582.41,1420460000,9343110000
2025-01-09,801970.SI,1575.99,1584.77,1570.59,1574.84,1099880000,7460440000
2025-01-10,801970.SI,1573.48,1582.17,1540.66,1540.66,1143010000,7737680000
2025-01-13,801970.SI,1529.08,1550.93,1517.89,1547.28,1063670000,7200170000
2025-01-14,801970.SI,1552.14,1603.66,1551.94,1603.59,1494080000,10438000000
2025-01-15,801970.SI,1602.74,1606.75,1590.67,1597.45,1185570000,8603460000
2025-01-16,801970.SI,1606.25,1625.83,1600.65,1611.36,1417350000,9983360000
2025-01-17,801970.SI,1609.47,1614.38,1596.02,1608.46,1146650000,8467040000
2025-01-20,801970.SI,1615.96,1627.17,1605.66,1619.73,1277870000,9660800000
2025-01-21,801970.SI,1625.6,1626.8,1602.53,1611.06,1116710000,8311040000
2025-01-22,801970.SI,1605.81,1605.98,1590.35,1596.26,1088600000,7719120000
2025-01-23,801970.SI,1608.42,1626.16,1594.21,1594.21,1379940000,9159340000
2025-01-24,801970.SI,1590.17,1604.3,1583.66,1602.0,1252170000,8413160000
2025-01-27,801970.SI,1605.1,1625.79,1602.92,1604.61,1228190000,8470340000
2025-02-05,801970.SI,1612.85,1615.62,1599.29,1608.59,1239900000,8667830000
2025-02-06,801970.SI,1606.23,1623.13,1598.26,1623.04,1251390000,8837500000
2025-02-07,801970.SI,1623.93,1652.29,1622.11,1641.87,1629040000,11748900000
2025-02-10,801970.SI,1645.68,1656.82,1642.53,1656.25,1560270000,11234000000
2025-02-11,801970.SI,1657.54,1657.54,1641.03,1655.22,1432080000,11065690000
2025-02-12,801970.SI,1653.4,1669.8,1653.4,1669.8,1397860000,10962880000
2025-02-13,801970.SI,1670.98,1672.41,1655.39,1657.52,1463410000,10879370000
2025-02-14,801970.SI,1656.17,1662.47,1650.51,1655.7,1302740000,10146990000
2025-02-17,801970.SI,1657.23,1684.87,1657.0,1684.48,1844710000,13841480000
2025-02-18,801970.SI,1688.1,1689.4,1649.48,1654.64,1944790000,14068600000
2025-02-19,801970.SI,1655.76,1678.78,1655.48,1678.47,1627760000,11867170000
2025-02-20,801970.SI,1679.43,1684.28,1668.63,1682.78,1659590000,12493540000
2025-02-21,801970.SI,1685.82,1692.38,1670.74,1692.15,1880860000,14132440000
2025-02-24,801970.SI,1692.54,1724.22,1692.54,1717.26,2270480000,17340420000
2025-02-25,801970.SI,1705.26,1719.38,1702.86,1711.53,1827540000,14105550000
2025-02-26,801970.SI,1712.78,1731.35,1712.78,1728.27,1753860000,14122090000
2025-02-27,801970.SI,1728.2,1729.04,1696.87,1717.02,1696310000,13015040000
2025-02-28,801970.SI,1714.35,1714.42,1678.47,1680.78,1704000000,13391910000
2025-03-03,801970.SI,1684.46,1708.16,1682.67,1691.31,1504270000,12156860000
2025-03-04,801970.SI,1686.02,1708.78,1684.14,1707.7,1498590000,11745940000
2025-03-05,801970.SI,1707.09,1707.09,1683.41,1697.82,1476420000,11411280000
2025-03-06,801970.SI,1703.02,1726.29,1702.97,1725.69,1756210000,14986440000
2025-03-07,801970.SI,1725.01,1734.8,1711.7,1719.26,1823400000,16368610000
2025-03-10,801970.SI,1722.0,1738.17,1721.97,1737.62,1794550000,14651350000
2025-03-11,801970.SI,1722.98,1742.99,1719.37,1742.99,1803010000,14170540000
2025-03-12,801970.SI,1745.4,1757.12,1743.9,1752.49,1682020000,13723780000
2025-03-13,801970.SI,1753.85,1755.34,1726.99,1742.92,1691010000,13682790000
2025-03-14,801970.SI,1749.41,1763.95,1736.76,1762.68,1911510000,15033260000
2025-03-17,801970.SI,1766.34,1798.94,1766.34,1795.84,2293930000,19150500000
2025-03-18,801970.SI,1798.12,1812.48,1797.22,1806.17,1881500000,17880750000
2025-03-19,801970.SI,1802.21,1802.28,1787.64,1793.0,1760610000,15158820000
2025-03-20,801970.SI,1789.85,1799.67,1782.46,1785.88,1778600000,15833170000
2025-03-21,801970.SI,1780.18,1798.11,1773.95,1783.06,2007010000,16743740000
2025-03-24,801970.SI,1785.51,1786.37,1737.8,1762.4,2108410000,17017470000
2025-03-25,801970.SI,1762.02,1768.26,1746.54,1758.88,1738470000,14679690000
2025-03-26,801970.SI,1756.26,1774.2,1756.26,1771.13,1492000000,13152260000
2025-03-27,801970.SI,1766.41,1770.44,1745.2,1758.59,1556770000,13968130000
2025-03-28,801970.SI,1764.96,1774.78,1742.35,1747.84,1769570000,15450450000
2025-03-31,801970.SI,1736.82,1742.53,1710.85,1728.15,1769640000,14819420000
2025-04-01,801970.SI,1729.96,1754.48,1729.95,1750.46,1584600000,13739960000
2025-04-02,801970.SI,1749.15,1757.1,1741.41,1744.17,1270030000,11358920000
2025-04-03,801970.SI,1732.2,1757.03,1730.71,1743.49,1541420000,13175660000
2025-04-07,801970.SI,1661.99,1667.91,1534.54,1550.06,2487460000,19715150000
2025-04-08,801970.SI,1551.9,1596.3,1551.9,1581.08,2297200000,17703890000
2025-04-09,801970.SI,1571.04,1631.09,1508.91,1622.38,2259570000,17954190000
2025-04-10,801970.SI,1638.28,1668.79,1638.28,1651.3,2008210000,16562520000
2025-04-11,801970.SI,1643.25,1672.03,1643.25,1657.77,1637260000,14003310000
2025-04-14,801970.SI,1673.51,1687.33,1673.31,1681.38,1613490000,13606470000
2025-04-15,801970.SI,1684.4,1685.94,1670.72,1683.56,1459720000,12047230000
2025-04-16,801970.SI,1679.04,1684.19,1643.5,1666.24,1413610000,11308680000
2025-04-17,801970.SI,1658.94,1679.66,1658.94,1663.98,1182680000,10560320000
2025-04-18,801970.SI,1661.61,1664.35,1645.47,1658.38,1327270000,10286960000
2025-04-21,801970.SI,1654.96,1670.4,1649.97,1668.59,1323960000,10524710000
2025-04-22,801970.SI,1667.73,1681.85,1667.73,1676.35,1449610000,11372370000
2025-04-23,801970.SI,1676.22,1684.68,1675.89,1678.18,1278740000,10709880000
2025-04-24,801970.SI,1676.8,1683.74,1663.21,1671.86,1333960000,10669550000
2025-04-25,801970.SI,1671.56,1680.47,1663.83,1675.25,1689750000,11921350000
2025-04-28,801970.SI,1675.84,1675.86,1649.49,1656.19,1609900000,11704440000
2025-04-29,801970.SI,1650.62,1667.72,1650.57,1663.27,1349860000,10548300000
2025-04-30,801970.SI,1665.3,1682.85,1664.26,1674.85,1359550000,11064900000
2025-05-06,801970.SI,1682.81,1703.79,1682.81,1703.79,1618310000,12671120000
2025-05-07,801970.SI,1715.21,1720.51,1701.0,1712.15,1666420000,13130700000
2025-05-08,801970.SI,1709.52,1729.2,1709.49,1728.22,1532750000,11856840000
2025-05-09,801970.SI,1729.26,1729.29,1714.47,1723.97,1431900000,11211960000
2025-05-12,801970.SI,1731.55,1735.9,1721.87,1735.9,1465420000,11688180000
2025-05-13,801970.SI,1744.89,1744.89,1724.7,1734.08,1407500000,11467400000
2025-05-14,801970.SI,1735.85,1742.57,1723.97,1737.63,1510680000,11581220000
2025-05-15,801970.SI,1735.3,1735.43,1723.0,1723.52,1256450000,9953860000
2025-05-16,801970.SI,1722.1,1731.28,1722.1,1723.96,1221690000,9864830000
2025-05-19,801970.SI,1732.35,1756.25,1726.93,1756.25,1876100000,13947650000
2025-05-20,801970.SI,1757.51,1773.25,1754.01,1773.21,1770740000,14728510000
2025-05-21,801970.SI,1773.53,1773.53,1760.77,1766.49,1582670000,13484010000
2025-05-22,801970.SI,1763.63,1768.62,1739.43,1740.38,1457840000,11901850000
2025-05-23,801970.SI,1740.59,1753.39,1729.67,1730.0,1418520000,12105950000
2025-05-26,801970.SI,1736.69,1752.88,1736.49,1751.07,1331490000,11278010000
2025-05-27,801970.SI,1750.64,1765.5,1749.25,1764.34,1625600000,13340880000
2025-05-28,801970.SI,1767.49,1794.24,1767.48,1779.97,1977730000,16847620000
2025-05-29,801970.SI,1781.44,1805.2,1778.81,1803.06,1980520000,17327110000
2025-05-30,801970.SI,1812.35,1814.02,1787.94,1789.23,2472810000,21016580000
2025-06-03,801970.SI,1770.77,1784.14,1770.39,1782.12,1621770000,16432880000
2025-06-04,801970.SI,1780.29,1801.9,1780.29,1801.5,2059050000,15814730000
2025-06-05,801970.SI,1801.76,1803.71,1793.99,1799.48,1854930000,14358710000
2025-06-06,801970.SI,1798.73,1799.75,1789.73,1797.45,1545090000,12705000000
2025-06-09,801970.SI,1797.31,1812.39,1797.31,1812.39,1623660000,13818160000
2025-06-10,801970.SI,1815.73,1815.78,1783.95,1797.7,1992450000,15315060000
2025-06-11,801970.SI,1797.36,1807.31,1792.91,1802.79,1452270000,12487190000
2025-06-12,801970.SI,1801.31,1802.24,1795.27,1801.2,1510570000,12499030000
2025-06-13,801970.SI,1794.34,1796.65,1775.37,1776.07,1909070000,15515160000
2025-06-16,801970.SI,1770.52,1782.75,1769.24,1773.4,1377680000,11747970000
2025-06-17,801970.SI,1775.72,1778.76,1767.01,1776.91,1265330000,10676690000
2025-06-18,801970.SI,1773.07,1774.65,1760.5,1768.21,1250760000,10117380000
2025-06-19,801970.SI,1765.13,1766.38,1734.33,1738.27,1505760000,11550190000
2025-06-20,801970.SI,1736.79,1746.8,1730.12,1731.49,1148300000,9563630000
2025-06-23,801970.SI,1722.63,1753.01,1722.63,1752.31,1366050000,10818140000
2025-06-24,801970.SI,1755.63,1782.07,1755.63,1782.07,1551130000,13021240000
2025-06-25,801970.SI,1783.64,1794.75,1779.49,1794.66,1806660000,13799150000
2025-06-26,801970.SI,1792.99,1805.54,1789.6,1794.56,1549160000,13087040000
2025-06-27,801970.SI,1799.29,1809.59,1795.99,1799.88,1724720000,13371020000
2025-06-30,801970.SI,1804.0,1808.98,1798.92,1808.48,1724200000,13282210000
2025-07-01,801970.SI,1811.24,1819.92,1807.7,1819.86,1627810000,13219050000
2025-07-02,801970.SI,1823.47,1827.32,1815.64,1823.75,1930460000,14936480000
2025-07-03,801970.SI,1825.09,1833.34,1820.98,1833.34,1732520000,14982620000
2025-07-04,801970.SI,1825.05,1830.22,1813.91,1814.4,1921950000,15387120000
2025-07-07,801970.SI,1815.0,1834.36,1814.13,1834.36,1571180000,13396340000
2025-07-08,801970.SI,1838.2,1849.65,1828.23,1849.65,1564830000,14123550000
2025-07-09,801970.SI,1849.14,1863.19,1849.07,1857.25,1589440000,13871540000
2025-07-10,801970.SI,1858.38,1865.56,1848.07,1864.21,1553990000,12680990000
2025-07-11,801970.SI,1868.8,1878.23,1856.9,1871.86,1511600000,13562940000
2025-07-14,801970.SI,1874.95,1876.15,1858.44,1868.83,1676110000,16005760000
2025-07-15,801970.SI,1865.88,1871.7,1846.46,1858.31,1843720000,16270580000
2025-07-16,801970.SI,1859.48,1864.87,1848.24,1851.34,1536370000,14949700000
2025-07-17,801970.SI,1851.56,1851.56,1843.17,1846.51,1516630000,14131830000
2025-07-18,801970.SI,1850.63,1862.61,1848.18,1862.61,1555120000,15138520000
2025-07-21,801970.SI,1873.54,1888.9,1873.54,1882.78,2290490000,21263150000
2025-07-22,801970.SI,1884.69,1886.98,1868.41,1886.98,2330490000,19644090000
2025-07-23,801970.SI,1893.61,1904.97,1889.76,1893.97,2413580000,20592780000
2025-07-24,801970.SI,1896.66,1907.02,1896.51,1903.85,2821630000,22852560000
2025-07-25,801970.SI,1904.02,1904.02,1892.42,1893.5,2414260000,19484420000
2025-07-28,801970.SI,1891.92,1896.72,1884.1,1894.31,2085960000,17594610000
2025-07-29,801970.SI,1892.92,1894.21,1871.06,1882.99,1875230000,17570890000
2025-07-30,801970.SI,1879.02,1879.03,1860.14,1868.67,1772010000,16387810000
2025-07-31,801970.SI,1864.32,1865.0,1832.55,1837.43,1779580000,15762240000
2025-08-01,801970.SI,1840.19,1854.22,1839.74,1853.68,1496940000,13897220000
2025-08-04,801970.SI,1846.4,1868.43,1843.41,1867.92,1471580000,13312790000
2025-08-05,801970.SI,1870.53,1884.96,1870.53,1884.96,1479700000,14399640000
2025-08-06,801970.SI,1884.46,1894.24,1877.52,1893.82,1653780000,15310780000
2025-08-07,801970.SI,1895.78,1895.78,1883.62,1892.26,1708580000,15790400000
2025-08-08,801970.SI,1890.37,1902.18,1887.58,1901.43,1652550000,15300900000
2025-08-11,801970.SI,1903.66,1920.77,1898.05,1920.13,1824730000,17957100000
2025-08-12,801970.SI,1920.73,1924.81,1916.95,1924.32,1787300000,17544720000
2025-08-13,801970.SI,1926.74,1936.61,1922.43,1935.97,1913490000,19966490000
2025-08-14,801970.SI,1936.11,1936.13,1910.93,1912.87,2107320000,21253470000
2025-08-15,801970.SI,1910.95,1940.83,1910.95,1934.17,1711730000,17890700000
2025-08-18,801970.SI,1938.36,1954.14,1937.99,1947.03,2332390000,24273080000
2025-08-19,801970.SI,1945.9,1960.67,1939.52,1953.21,2019380000,22295230000
2025-08-20,801970.SI,1948.12,1957.08,1934.85,1957.08,1912690000,19732060000
2025-08-21,801970.SI,1960.0,1968.85,1948.62,1956.61,2009030000,19942170000
2025-08-22,801970.SI,1955.77,1959.86,1940.64,1959.86,1907100000,19436560000
2025-08-25,801970.SI,1967.72,1991.84,1967.72,1989.08,2250160000,25368280000
2025-08-26,801970.SI,1992.28,2010.24,1990.62,2003.01,2415220000,24041660000
2025-08-27,801970.SI,2001.8,2003.45,1948.36,1948.6,2912860000,26627020000
2025-08-28,801970.SI,1945.39,1961.1,1898.88,1946.88,2608400000,23557630000
2025-08-29,801970.SI,1944.01,1945.32,1929.9,1934.42,1998180000,18348240000
2025-09-01,801970.SI,1936.33,1962.18,1933.42,1950.93,2337880000,20104610000
2025-09-02,801970.SI,1955.36,1955.43,1917.26,1934.19,2964400000,24229400000
2025-09-03,801970.SI,1935.89,1935.89,1897.47,1902.11,2257940000,19283020000
2025-09-04,801970.SI,1903.28,1921.53,1882.03,1902.22,2727370000,22090510000
2025-09-05,801970.SI,1902.3,1929.16,1892.19,1929.16,2293850000,18537880000
2025-09-08,801970.SI,1931.62,1945.44,1928.66,1944.45,2344210000,19785010000
2025-09-09,801970.SI,1945.03,1956.76,1925.37,1935.43,1958580000,19950400000
2025-09-10,801970.SI,1930.33,1939.22,1922.5,1934.71,1612650000,16405680000
2025-09-11,801970.SI,1935.71,1954.58,1920.68,1954.58,1973150000,19346710000
2025-09-12,801970.SI,1955.01,1958.81,1945.6,1948.47,2146940000,19340340000
2025-09-15,801970.SI,1949.42,1949.93,1933.04,1942.66,1984350000,17412100000
2025-09-16,801970.SI,1947.69,1956.18,1934.07,1956.18,1955430000,18478970000
2025-09-17,801970.SI,1953.88,1959.84,1948.72,1955.4,2148840000,19189250000
2025-09-18,801970.SI,1957.16,1961.68,1911.38,1923.7,2521800000,23729220000
2025-09-19,801970.SI,1925.33,1936.72,1912.29,1920.88,2262280000,18633840000
2025-09-22,801970.SI,1921.74,1921.74,1903.13,1919.94,2095370000,17089930000
2025-09-23,801970.SI,1918.13,1918.13,1877.41,1917.98,2421080000,21898450000
2025-09-24,801970.SI,1918.93,1947.33,1916.07,1947.33,2158540000,22772190000
2025-09-25,801970.SI,1948.03,1956.91,1932.26,1933.97,2458340000,23346880000
2025-09-26,801970.SI,1930.97,1959.16,1930.21,1941.23,2449350000,21925190000
2025-09-29,801970.SI,1948.7,1968.06,1936.62,1964.67,2389390000,20839350000
2025-09-30,801970.SI,1966.41,1966.41,1935.9,1949.36,2068510000,21313820000
2025-10-09,801970.SI,1967.49,1981.92,1967.49,1973.06,2321470000,24035080000
2025-10-10,801970.SI,1974.35,1990.17,1966.12,1978.33,2977690000,28049730000
2025-10-13,801970.SI,1927.57,2011.86,1927.57,2010.98,2677040000,27245180000
2025-10-14,801970.SI,2024.96,2031.35,1992.37,2001.25,2584600000,26913200000
2025-10-15,801970.SI,1998.04,2013.14,1988.75,2012.6,2004980000,19579600000
2025-10-16,801970.SI,2010.62,2010.62,1981.78,1986.87,1989460000,18466050000
2025-10-17,801970.SI,1987.28,1992.18,1954.44,1956.36,1971540000,18440440000
2025-10-20,801970.SI,1973.17,1973.17,1950.12,1964.14,1860920000,18037630000
2025-10-21,801970.SI,1967.14,1997.79,1967.14,1996.05,1987970000,18647330000
2025-10-22,801970.SI,1994.17,2006.29,1992.92,1995.79,1893590000,18251610000
2025-10-23,801970.SI,1994.96,1994.96,1969.54,1990.29,2394610000,21069060000
2025-10-24,801970.SI,1990.6,1990.95,1978.03,1984.58,2205120000,19071670000
2025-10-27,801970.SI,1994.64,2002.68,1987.57,1995.15,2265440000,20787560000
2025-10-28,801970.SI,1990.17,2004.24,1989.25,1997.63,2219470000,20250630000
2025-10-29,801970.SI,2001.05,2006.98,1984.69,2006.85,2128230000,21134250000
2025-10-30,801970.SI,2006.19,2006.21,1983.44,1986.78,2209670000,22576480000
2025-10-31,801970.SI,1988.96,2005.96,1988.74,1999.72,2278540000,20384910000
2025-11-03,801970.SI,2009.17,2016.1,2000.98,2012.87,2960350000,26524200000
2025-11-04,801970.SI,2010.36,2018.85,2005.4,2015.88,2808200000,23105950000
2025-11-05,801970.SI,2002.77,2041.38,2002.77,2037.29,2688030000,26110860000
2025-11-06,801970.SI,2037.88,2043.91,2032.27,2040.93,2397660000,22122300000
2025-11-07,801970.SI,2035.98,2060.92,2035.98,2053.99,2548520000,24811370000
2025-11-10,801970.SI,2058.91,2058.94,2037.9,2049.47,2710280000,27830310000
2025-11-11,801970.SI,2047.77,2064.66,2045.18,2058.1,2659640000,25725090000
2025-11-12,801970.SI,2058.74,2058.79,2037.02,2042.98,2451800000,24613320000
2025-11-13,801970.SI,2044.15,2060.02,2035.97,2054.22,2307820000,24011950000
2025-11-14,801970.SI,2045.61,2073.07,2045.51,2052.16,2301100000,24621250000
2025-11-17,801970.SI,2057.19,2060.36,2046.05,2056.73,2153970000,22820260000
2025-11-18,801970.SI,2055.75,2055.75,2017.89,2024.62,2163860000,21333420000
2025-11-19,801970.SI,2022.71,2028.91,1998.55,2004.07,1933330000,18693870000
2025-11-20,801970.SI,2014.16,2029.01,2004.98,2008.9,2155430000,22262520000
2025-11-21,801970.SI,1991.99,2000.93,1928.6,1928.6,2362770000,22042580000
2025-11-24,801970.SI,1938.27,1944.15,1919.11,1933.57,1925380000,17283740000
2025-11-25,801970.SI,1940.01,1962.01,1938.7,1949.29,1758160000,17250530000
2025-11-26,801970.SI,1949.49,1955.07,1934.2,1935.99,1682240000,17599890000
2025-11-27,801970.SI,1937.57,1952.29,1937.45,1942.31,1495800000,15813630000
2025-11-28,801970.SI,1942.47,1959.26,1936.95,1959.26,1533030000,15727760000
2025-12-01,801970.SI,1964.13,1967.2,1949.5,1954.82,1693530000,18434700000
2025-12-02,801970.SI,1951.95,1951.95,1936.81,1949.1,1640400000,17588560000
2025-12-03,801970.SI,1949.21,1950.08,1933.12,1938.42,1630050000,17585320000
2025-12-04,801970.SI,1934.1,1937.09,1918.98,1928.62,1614010000,16129310000
2025-12-05,801970.SI,1928.7,1956.66,1922.14,1956.24,1676710000,16914250000
2025-12-08,801970.SI,1959.9,1968.84,1951.51,1965.3,1766130000,17796490000
2025-12-09,801970.SI,1963.24,1964.82,1949.61,1950.43,1692720000,17469140000
2025-12-10,801970.SI,1947.63,1954.31,1938.83,1952.72,1794150000,18108490000
2025-12-11,801970.SI,1955.52,1958.62,1937.1,1937.31,2106210000,19198050000
2025-12-12,801970.SI,1937.18,1954.69,1935.8,1944.37,2192070000,19467740000
2025-12-15,801970.SI,1938.61,1954.41,1934.31,1939.56,1841150000,16288650000
2025-12-16,801970.SI,1943.05,1943.05,1905.94,1907.98,1826170000,16356800000
2025-12-17,801970.SI,1903.66,1911.69,1880.93,1909.97,1845260000,16565680000
2025-12-18,801970.SI,1903.76,1924.47,1903.71,1909.87,1641720000,14646810000
2025-12-19,801970.SI,1912.3,1950.0,1912.29,1949.25,1816400000,15835240000
2025-12-22,801970.SI,1955.5,1964.51,1949.17,1950.22,1860770000,18215480000
2025-12-23,801970.SI,1947.19,1952.12,1940.95,1945.75,1597460000,16529730000
2025-12-24,801970.SI,1951.91,1976.06,1951.88,1972.67,1485400000,15616810000
2025-12-25,801970.SI,1973.01,1988.59,1970.02,1986.66,1639270000,17275930000
2025-12-26,801970.SI,1989.9,1995.09,1976.79,1986.67,2108170000,22154270000
2025-12-29,801970.SI,1988.09,1990.98,1967.7,1970.86,1840080000,20569800000
2025-12-30,801970.SI,1966.11,1966.18,1944.07,1955.74,1692950000,19658830000
2025-12-31,801970.SI,1958.51,1964.19,1947.02,1958.5,1618740000,17764980000
2026-01-05,801970.SI,1968.45,1990.1,1968.45,1989.01,1969980000,20380990000
2026-01-06,801970.SI,1989.98,2006.71,1989.98,2000.73,1971450000,20919510000
2026-01-07,801970.SI,2003.49,2016.8,2001.91,2004.4,2015680000,21975310000
2026-01-08,801970.SI,2001.97,2023.22,1998.9,2013.9,1986770000,21130530000
2026-01-09,801970.SI,2016.14,2034.56,2015.12,2034.56,2150250000,22493850000
2026-01-12,801970.SI,2040.22,2044.51,2023.56,2044.51,2573350000,27375380000
2026-01-13,801970.SI,2048.21,2048.21,2018.95,2023.62,2460830000,26562830000
2026-01-14,801970.SI,2024.99,2051.28,2009.19,2034.89,2702470000,28829590000
2026-01-15,801970.SI,2030.7,2045.81,2026.33,2036.92,1989950000,22227960000
2026-01-16,801970.SI,2044.9,2051.33,2037.36,2040.14,2035680000,22781830000
2026-01-19,801970.SI,2036.29,2062.02,2027.76,2061.43,2052560000,22398350000
2026-01-20,801970.SI,2061.37,2070.68,2050.55,2070.68,2138450000,22213900000
2026-01-21,801970.SI,2062.41,2078.89,2056.71,2077.71,1862670000,19214180000
2026-01-22,801970.SI,2078.45,2101.08,2076.58,2100.97,2013880000,20053560000
2026-01-23,801970.SI,2106.85,2134.42,2101.8,2134.17,2532440000,24352540000
2026-01-26,801970.SI,2137.27,2138.42,2102.98,2119.24,2544170000,24379730000
2026-01-27,801970.SI,2113.28,2117.2,2071.97,2106.86,2137220000,20146020000
2026-01-28,801970.SI,2106.7,2111.92,2087.45,2106.02,2176920000,20865080000
2026-01-29,801970.SI,2109.26,2116.73,2079.13,2086.43,2268710000,23196000000
2026-01-30,801970.SI,2067.54,2081.12,2037.76,2074.76,2465730000,21511300000
2026-02-02,801970.SI,2061.35,2079.78,2034.39,2034.39,2311250000,21011730000
2026-02-03,801970.SI,2054.85,2070.36,2044.42,2070.15,1919020000,18125800000
2026-02-04,801970.SI,2071.27,2091.32,2069.15,2084.24,1946880000,17803900000
2026-02-05,801970.SI,2077.86,2086.74,2061.2,2068.43,1776680000,17182800000
2026-02-06,801970.SI,2058.93,2092.87,2054.62,2076.56,1815810000,17136840000
2026-02-09,801970.SI,2095.81,2104.64,2092.81,2100.94,1682740000,17290170000
2026-02-10,801970.SI,2103.12,2103.12,2086.31,2087.82,1962360000,16271300000
2026-02-11,801970.SI,2089.23,2108.23,2086.62,2098.76,1831970000,16384860000
2026-02-12,801970.SI,2100.57,2112.82,2086.57,2100.61,1694950000,16788670000
2026-02-13,801970.SI,2101.02,2110.92,2088.0,2089.61,1748540000,16607960000
2026-02-24,801970.SI,2109.7,2134.36,2109.7,2131.12,1674890000,16812290000
2026-02-25,801970.SI,2137.61,2179.5,2137.61,2173.48,2274210000,21636750000
2026-02-26,801970.SI,2184.69,2199.64,2171.33,2198.73,2679990000,25236900000
2026-02-27,801970.SI,2196.93,2235.39,2194.56,2235.08,3036180000,28001110000
2026-03-02,801970.SI,2207.0,2226.91,2189.9,2209.26,2821990000,28453910000
2026-03-03,801970.SI,2208.13,2208.18,2132.11,2134.67,3329030000,31332140000
2026-03-04,801970.SI,2108.44,2153.18,2108.44,2135.22,2559630000,23638860000
2026-03-05,801970.SI,2162.06,2170.89,2148.74,2159.57,2355170000,22323260000
2026-03-06,801970.SI,2155.06,2204.7,2155.06,2203.58,2851030000,24678460000
2026-03-09,801970.SI,2183.82,2203.24,2164.71,2196.55,2897020000,27995350000
2026-03-10,801970.SI,2203.15,2230.38,2203.15,2227.94,2276930000,22948370000
2026-03-11,801970.SI,2231.68,2244.57,2225.13,2238.51,2630150000,26349460000
2026-03-12,801970.SI,2239.18,2249.96,2222.28,2231.95,2508630000,25430870000
2026-03-13,801970.SI,2231.5,2254.5,2217.31,2220.89,2410630000,25966600000
2026-03-16,801970.SI,2220.7,2220.7,2183.59,2207.19,2541460000,26045360000
2026-03-17,801970.SI,2211.31,2211.49,2165.48,2165.48,2071680000,21936220000
2026-03-18,801970.SI,2167.2,2174.6,2147.93,2174.05,1988870000,20106750000
2026-03-19,801970.SI,2153.78,2161.64,2122.51,2130.17,2054510000,20897020000
2026-03-20,801970.SI,2136.46,2147.76,2096.66,2096.66,2463220000,22747720000
2026-03-23,801970.SI,2055.78,2072.8,1981.14,1993.41,2775000000,24843760000
2026-03-24,801970.SI,2037.26,2078.86,2012.62,2078.86,2748230000,24427140000
2026-03-25,801970.SI,2088.72,2132.03,2087.47,2129.32,2722460000,26409430000
2026-03-26,801970.SI,2123.54,2123.54,2073.23,2079.69,2149640000,21078790000
2026-03-27,801970.SI,2056.31,2106.5,2056.31,2100.7,2117390000,19674390000
2026-03-30,801970.SI,2078.09,2095.96,2056.35,2095.52,2026730000,19686280000
2026-03-31,801970.SI,2094.86,2099.84,2052.31,2053.93,2091740000,21414280000
2026-04-01,801970.SI,2085.02,2085.02,2068.77,2082.68,2108680000,21215660000
2026-04-02,801970.SI,2074.91,2088.35,2042.05,2055.28,1984360000,19611000000
2026-04-03,801970.SI,2058.71,2058.71,2013.0,2015.2,1993230000,18199430000
2026-04-07,801970.SI,2019.0,2039.84,2015.53,2036.26,1641760000,16041440000
2026-04-08,801970.SI,2069.5,2117.2,2069.5,2117.2,2186100000,23168640000
2026-04-09,801970.SI,2108.11,2116.38,2096.29,2109.63,1965600000,22077830000
2026-04-10,801970.SI,2118.17,2135.38,2113.2,2113.61,2076110000,23750520000
2026-04-13,801970.SI,2100.79,2103.38,2090.47,2100.69,2060830000,21497330000
2026-04-14,801970.SI,2117.8,2122.45,2097.0,2115.47,2160340000,23361220000
2026-04-15,801970.SI,2119.73,2127.57,2109.03,2111.91,2087700000,23086550000
2026-04-16,801970.SI,2113.42,2152.38,2109.11,2150.36,1956550000,22969070000
2026-04-17,801970.SI,2152.03,2156.67,2141.01,2150.74,2215220000,26522310000
2026-04-20,801970.SI,2148.8,2165.32,2140.87,2165.31,2224330000,26868150000
2026-04-21,801970.SI,2158.96,2170.37,2148.96,2169.17,2101640000,24606250000
2026-04-22,801970.SI,2165.55,2179.43,2165.55,2177.76,2086060000,25745050000
2026-04-23,801970.SI,2185.57,2185.86,2148.49,2163.57,2380080000,27639350000
2026-04-24,801970.SI,2154.63,2164.96,2136.83,2149.91,2405180000,28235070000
2026-04-27,801970.SI,2149.84,2161.88,2137.06,2158.86,2514960000,26893970000
2026-04-28,801970.SI,2159.61,2160.84,2147.59,2157.99,2456420000,26092520000
2026-04-29,801970.SI,2158.46,2199.21,2158.46,2193.07,2816700000,29534060000
2026-04-30,801970.SI,2190.88,2198.59,2186.85,2195.25,3034500000,28682490000
2026-05-06,801970.SI,2210.44,2228.1,2210.35,2228.1,3116250000,33627710000
2026-05-07,801970.SI,2238.27,2273.81,2236.67,2273.02,2912270000,33665400000
2026-05-08,801970.SI,2266.01,2285.51,2261.02,2279.32,3011820000,32928850000
2026-05-11,801970.SI,2279.44,2279.44,2266.41,2275.21,3005250000,33523950000
2026-05-12,801970.SI,2280.24,2280.24,2248.17,2260.26,2802750000,31192950000
2026-05-13,801970.SI,2257.57,2303.12,2257.47,2302.96,3053290000,34001290000
2026-05-14,801970.SI,2303.98,2303.98,2256.64,2256.64,3025650000,33340570000
2026-05-15,801970.SI,2252.08,2252.08,2203.33,2216.78,2616280000,29322000000
2026-05-18,801970.SI,2210.48,2231.7,2209.58,2225.29,2489330000,26788300000
2026-05-19,801970.SI,2218.8,2236.42,2198.46,2234.16,2333120000,25372600000
2026-05-20,801970.SI,2221.06,2224.26,2194.67,2221.76,2329890000,24482100000
2026-05-21,801970.SI,2220.48,2236.48,2152.45,2154.78,2481560000,28274510000
2026-05-22,801970.SI,2162.33,2195.34,2156.82,2188.15,2047800000,24599540000
2026-05-25,801970.SI,2197.99,2199.97,2173.34,2191.1,2031600000,25187330000
2026-05-26,801970.SI,2186.94,2186.94,2158.45,2181.73,2106240000,25657120000
2026-05-27,801970.SI,2178.75,2190.99,2131.21,2138.97,2095650000,24518800000
2026-05-28,801970.SI,2137.67,2153.88,2110.8,2137.56,1808340000,21043500000
2026-05-29,801970.SI,2142.43,2145.63,2092.9,2100.75,2279160000,22558710000
2026-06-01,801970.SI,2098.66,2131.5,2096.63,2117.5,2159670000,21940840000
2026-06-02,801970.SI,2119.96,2120.68,2084.55,2103.96,1999610000,20875500000
2026-06-03,801970.SI,2102.15,2114.26,2084.31,2100.09,2076230000,23071220000
2026-06-04,801970.SI,2084.95,2091.63,2069.46,2081.1,2004240000,20493410000
2026-06-05,801970.SI,2076.9,2097.12,2059.35,2073.3,2128510000,22766160000
2026-06-08,801970.SI,2025.24,2065.15,1997.18,2019.29,2142830000,22091020000
2026-06-09,801970.SI,2035.97,2046.53,2012.88,2046.2,1843090000,19961580000
2026-06-10,801970.SI,2029.63,2038.41,2006.96,2034.63,1901320000,19294460000
2026-06-11,801970.SI,2022.68,2030.61,1993.19,2012.94,1843030000,19048350000
2026-06-12,801970.SI,2030.03,2051.78,2001.03,2033.7,2031050000,22349190000
2026-06-15,801970.SI,2043.44,2065.71,2043.44,2065.71,2001400000,22234980000
2026-06-16,801970.SI,2061.52,2081.3,2049.64,2073.64,1827960000,20696350000
2026-06-17,801970.SI,2066.03,2070.31,2054.18,2063.17,1894450000,21964710000
2026-06-18,801970.SI,2053.84,2070.95,2041.97,2057.55,1912550000,21505030000
2026-06-22,801970.SI,2063.03,2086.05,2028.28,2085.87,2420570000,27786710000
2026-06-23,801970.SI,2086.56,2104.22,2068.52,2077.37,2263260000,26185080000
2026-06-24,801970.SI,2071.19,2072.59,2030.11,2051.7,2231930000,25327930000
2026-06-25,801970.SI,2051.46,2068.69,2033.68,2041.94,2389130000,28852520000
2026-06-26,801970.SI,2033.53,2033.62,1984.0,1984.15,2082440000,25194810000
2026-06-29,801970.SI,1987.01,1987.01,1951.34,1968.5,2137910000,25760040000
2026-06-30,801970.SI,1960.98,1983.66,1945.61,1983.04,1807520000,21053320000
2026-07-01,801970.SI,1984.55,2024.82,1984.55,2015.75,2124270000,24061490000
2026-07-02,801970.SI,2002.83,2039.24,1997.19,1999.33,1942100000,21650160000
2026-07-03,801970.SI,2004.79,2047.56,1998.48,2035.81,1977470000,22720250000
2026-07-06,801970.SI,2045.9,2054.26,2002.21,2005.12,2117220000,22773530000
2026-07-07,801970.SI,2003.46,2012.05,1976.35,1982.92,2031000000,19465810000
2026-07-08,801970.SI,1977.21,1977.21,1942.13,1943.18,1862760000,17857370000
2026-07-09,801970.SI,1942.89,1951.08,1901.32,1932.94,1851480000,18028790000
2026-07-10,801970.SI,1931.28,1967.38,1931.28,1936.54,1928000000,19023970000
2026-07-13,801970.SI,1923.63,1923.73,1854.19,1857.11,1867270000,18000580000
2026-07-14,801970.SI,1854.87,1892.66,1842.96,1892.66,1719330000,16779180000
2026-07-15,801970.SI,1894.2,1912.13,1878.93,1888.7,1758790000,17064390000
2026-07-16,801970.SI,1881.31,1890.23,1852.84,1860.24,1738360000,16162960000
2026-07-17,801970.SI,1852.8,1857.01,1766.84,1772.84,2152658700,18439505200
