vendor,tool_name,query,result_index,api_name,title,score,table_markdown,retrieved_at
gildata,FinQuery,贵州茅台2016年1月至今每月末市盈率PE-TTM,1,股票价值分析,,,"|股票名称|股票代码|交易日|总市值（亿元）|流通市值（亿元）|市盈率PE(LYR)|市盈率PE(TTM)|市净率PB(MRQ)|市净率PB(LF)|市现率PCF(LYR)|市现率PCF(TTM)|市销率PS(LYR)|市销率PS(TTM)|股息率|滚动股息率|PEG|企业价值(含货币资金)EV1(亿元)|企业价值(剔除货币资金)EV2(亿元)|企业价值倍数EV2/EBITDA|
|----------|----------|----------|----------|----------|----------|----------|----------|----------|----------|----------|----------|----------|----------|----------|----------|----------|----------|----------|
|贵州茅台|600519.SH|2026-07-17|15663.52|15663.52|19.03|18.94|5.78|6.69|25.46|19.67|9.28|9.1|4.13|4.15|243.31|15831.23|15343.36|13.2|
|贵州茅台|600519.SH|2026-07-16|15738.4|15738.4|19.12|19.03|5.81|6.73|25.58|19.77|9.32|9.14|4.11|4.13|244.47|15906.11|15418.24|13.27|
|贵州茅台|600519.SH|2026-07-15|15639.27|15639.27|19|18.91|5.77|6.68|25.42|19.64|9.26|9.08|4.14|4.16|242.93|15806.98|15319.11|13.18|
|贵州茅台|600519.SH|2026-07-14|15186.99|15186.99|18.45|18.36|5.61|6.49|24.69|19.07|8.99|8.82|4.26|4.28|235.9|15354.7|14866.83|12.79|
|贵州茅台|600519.SH|2026-07-13|15138.36|15138.36|18.39|18.3|5.59|6.47|24.61|19.01|8.97|8.79|4.27|4.3|235.15|15306.07|14818.2|12.75|
|贵州茅台|600519.SH|2026-07-10|15063.23|15063.23|18.3|18.21|5.56|6.44|24.48|18.92|8.92|8.75|4.29|4.32|233.98|15230.94|14743.07|12.69|
|贵州茅台|600519.SH|2026-07-09|14778.34|14778.34|17.95|17.87|5.46|6.32|24.02|18.56|8.75|8.58|4.38|4.4|229.56|14946.05|14458.18|12.44|
|贵州茅台|600519.SH|2026-07-08|14992.23|14992.23|18.21|18.13|5.53|6.41|24.37|18.83|8.88|8.71|4.31|4.34|232.88|15159.93|14672.07|12.63|
|贵州茅台|600519.SH|2026-07-07|14860.97|14860.97|18.05|17.97|5.49|6.35|24.16|18.66|8.8|8.63|4.35|4.38|230.84|15028.68|14540.81|12.51|
|贵州茅台|600519.SH|2026-07-06|15087.36|15087.36|18.33|18.24|5.57|6.45|24.52|18.95|8.94|8.76|4.29|4.31|234.36|15255.07|14767.2|12.71|
|贵州茅台|600519.SH|2026-07-03|14931.6|14931.6|18.14|18.05|5.51|6.38|24.27|18.75|8.84|8.67|4.33|4.36|231.94|15099.31|14611.44|12.57|
|贵州茅台|600519.SH|2026-07-02|15038.48|15038.48|18.27|18.18|5.55|6.43|24.44|18.89|8.91|8.74|4.3|4.32|233.6|15206.19|14718.32|12.67|
|贵州茅台|600519.SH|2026-07-01|14913.6|14913.6|18.12|18.03|5.51|6.37|24.24|18.73|8.83|8.66|4.34|4.36|231.66|15081.3|14593.44|12.56|
|贵州茅台|600519.SH|2026-06-30|14819.59|14819.59|18|17.92|5.47|6.33|24.09|18.61|8.78|8.61|4.36|4.39|230.2|14987.3|14499.43|12.48|
|贵州茅台|600519.SH|2026-06-29|14937.98|14937.98|18.15|18.06|5.51|6.38|24.28|18.76|8.85|8.68|4.33|4.35|232.04|15105.68|14617.81|12.58|
|贵州茅台|600519.SH|2026-06-26|14608.83|14608.83|17.75|17.66|5.39|6.24|23.75|18.35|8.65|8.49|4.43|4.45|226.92|14776.53|14288.67|12.3|
|贵州茅台|600519.SH|2026-06-25|15152.24|15152.24|18.41|18.32|5.59|5.63|24.63|19.03|8.97|8.8|4.27|4.27|235.36|15319.94|14832.08|12.76|
|贵州茅台|600519.SH|2026-06-24|15096.99|15096.99|18.34|18.25|5.57|5.61|24.54|18.96|8.94|8.77|4.28|4.28|234.51|15264.69|14776.82|12.72|
|贵州茅台|600519.SH|2026-06-23|15281.62|15281.62|18.56|18.48|5.64|5.68|24.84|19.19|9.05|8.88|4.23|4.23|237.37|15449.33|14961.46|12.88|
|贵州茅台|600519.SH|2026-06-22|15518.64|15518.64|18.85|18.76|5.73|5.77|25.22|19.49|9.19|9.01|4.17|4.17|241.06|15686.34|15198.48|13.08|
|贵州茅台|600519.SH|2026-06-18|15188.49|15188.49|18.45|18.36|5.61|5.65|24.69|19.08|9|8.82|4.26|4.26|235.93|15356.2|14868.33|12.8|
|贵州茅台|600519.SH|2026-06-17|15501.01|15501.01|18.83|18.74|5.72|5.76|25.2|19.47|9.18|9|4.17|4.17|240.78|15668.72|15180.85|13.06|
|贵州茅台|600519.SH|2026-06-16|15696.9|15696.9|19.07|18.98|5.79|5.84|25.51|19.71|9.3|9.12|4.12|4.12|243.82|15864.61|15376.74|13.23|
|贵州茅台|600519.SH|2026-06-15|15889.79|15889.79|19.3|19.21|5.87|5.91|25.83|19.96|9.41|9.23|4.07|4.07|246.82|16057.49|15569.63|13.4|
|贵州茅台|600519.SH|2026-06-12|16149.93|16149.93|19.62|19.52|5.96|6|26.25|20.28|9.57|9.38|4|4|250.86|16317.63|15829.77|13.62|
|贵州茅台|600519.SH|2026-06-11|15988.54|15988.54|19.42|19.33|5.9|5.94|25.99|20.08|9.47|9.29|4.04|4.04|248.36|16156.25|15668.38|13.48|
|贵州茅台|600519.SH|2026-06-10|15949.54|15949.54|19.38|19.28|5.89|5.93|25.92|20.03|9.45|9.27|4.05|4.05|247.75|16117.25|15629.38|13.45|
|贵州茅台|600519.SH|2026-06-09|15701.02|15701.02|19.07|18.98|5.8|5.84|25.52|19.72|9.3|9.12|4.12|4.12|243.89|15868.73|15380.86|13.24|
|贵州茅台|600519.SH|2026-06-08|15788.28|15788.28|19.18|19.09|5.83|5.87|25.66|19.83|9.35|9.17|4.1|4.1|245.24|15955.99|15468.12|13.31|
|贵州茅台|600519.SH|2026-06-05|15911.79|15911.79|19.33|19.24|5.87|5.92|25.86|19.98|9.42|9.24|4.06|4.06|247.16|16079.49|15591.63|13.42|
|贵州茅台|600519.SH|2026-06-04|15851.03|15851.03|19.26|19.16|5.85|5.89|25.76|19.91|9.39|9.21|4.08|4.08|246.22|16018.74|15530.87|13.37|
|贵州茅台|600519.SH|2026-06-03|16024.92|16024.92|19.47|19.37|5.92|5.96|26.05|20.13|9.49|9.31|4.04|4.04|248.92|16192.63|15704.76|13.52|
|贵州茅台|600519.SH|2026-06-02|16341.32|16341.32|19.85|19.76|6.03|6.07|26.56|20.52|9.68|9.49|3.96|3.96|253.84|16509.02|16021.16|13.79|
|贵州茅台|600519.SH|2026-06-01|16371.07|16371.07|19.89|19.79|6.04|6.09|26.61|20.56|9.7|9.51|3.95|3.95|254.3|16538.77|16050.91|13.81|
|贵州茅台|600519.SH|2026-05-29|16576.08|16576.08|20.14|20.04|6.12|6.16|26.94|20.82|9.82|9.63|3.9|3.9|257.48|16743.79|16255.92|13.99|
|贵州茅台|600519.SH|2026-05-28|15950.79|15950.79|19.38|19.28|5.89|5.93|25.93|20.03|9.45|9.27|4.05|4.05|247.77|16118.5|15630.63|13.45|
|贵州茅台|600519.SH|2026-05-27|16317.08|16317.08|19.82|19.73|6.02|6.03|26.52|20.49|9.66|9.48|3.96|3.96|253.46|16484.79|15996.92|13.77|
|贵州茅台|600519.SH|2026-05-26|15946.16|15946.16|19.37|19.28|5.89|5.9|25.92|20.03|9.44|9.26|4.06|4.06|247.7|16113.86|15626|13.45|
|贵州茅台|600519.SH|2026-05-25|16102.69|16102.69|19.56|19.47|5.94|5.95|26.17|20.22|9.54|9.35|4.02|4.02|250.13|16270.4|15782.53|13.58|
|贵州茅台|600519.SH|2026-05-22|16156.79|16156.79|19.63|19.53|5.96|5.97|26.26|20.29|9.57|9.39|4|4|250.97|16324.5|15836.63|13.63|
|贵州茅台|600519.SH|2026-05-21|16417.26|16417.26|19.94|19.85|6.06|6.07|26.69|20.62|9.72|9.54|3.94|3.94|255.01|16584.97|16097.1|13.85|
|贵州茅台|600519.SH|2026-05-20|16467.35|16467.35|20|19.91|6.08|6.09|26.77|20.68|9.75|9.57|3.93|3.93|255.79|16635.06|16147.19|13.9|
|贵州茅台|600519.SH|2026-05-19|16583.81|16583.81|20.15|20.05|6.12|6.13|26.96|20.83|9.82|9.63|3.9|3.9|257.6|16751.52|16263.65|14|
|贵州茅台|600519.SH|2026-05-18|16567.53|16567.53|20.13|20.03|6.12|6.13|26.93|20.81|9.81|9.62|3.9|3.9|257.35|16735.24|16247.37|13.98|
|贵州茅台|600519.SH|2026-05-15|16692.14|16692.14|20.28|20.18|6.16|6.17|27.13|20.96|9.89|9.7|3.87|3.87|259.28|16859.84|16371.97|14.09|
|贵州茅台|600519.SH|2026-05-14|16807.6|16807.6|20.42|20.32|6.2|6.21|27.32|21.11|9.95|9.76|3.85|3.85|261.08|16975.3|16487.43|14.19|
|贵州茅台|600519.SH|2026-05-13|16831.64|16831.64|20.45|20.35|6.21|6.22|27.36|21.14|9.97|9.78|3.84|3.84|261.45|16999.34|16511.48|14.21|
|贵州茅台|600519.SH|2026-05-12|16962.63|16962.63|20.61|20.51|6.26|6.27|27.57|21.3|10.05|9.85|3.81|3.81|263.49|17130.33|16642.47|14.32|
|贵州茅台|600519.SH|2026-05-11|17047.53|17047.53|20.71|20.61|6.29|6.3|27.71|21.41|10.1|9.9|3.79|3.79|264.8|17215.24|16727.37|14.4|
|贵州茅台|600519.SH|2026-05-08|17193.54|17193.54|20.89|20.79|6.35|6.36|27.95|21.59|10.18|9.99|3.76|3.76|267.07|17361.25|16873.38|14.52|
|贵州茅台|600519.SH|2026-05-07|17169.25|17169.25|20.86|20.76|6.34|6.34|27.91|21.56|10.17|9.97|3.77|3.77|266.7|17336.96|16849.09|14.5|
|贵州茅台|600519.SH|2026-05-06|17218.72|17218.72|20.92|20.82|6.36|6.36|27.99|21.63|10.2|10|3.76|3.76|267.46|17386.42|16898.55|14.54|
|贵州茅台|600519.SH|2026-04-30|17341.31|17341.31|21.07|20.97|6.4|6.4|28.19|21.78|10.27|10.07|3.73|3.73|269.37|17509.02|17021.15|14.65|
|贵州茅台|600519.SH|2026-04-29|17546.43|17546.43|21.31|21.21|6.48|6.48|28.52|22.04|10.39|10.19|3.69|3.69|272.55|17714.14|17226.27|14.82|
|贵州茅台|600519.SH|2026-04-28|17594.4|17594.4|21.37|21.27|6.49|6.49|28.6|22.1|10.42|10.22|3.68|3.68|273.3|17762.1|17274.24|14.87|
|贵州茅台|600519.SH|2026-04-27|17571.86|17571.86|21.35|21.24|6.49|6.49|28.56|22.07|10.41|10.21|3.68|3.68|272.95|17739.56|17251.69|14.85|
|贵州茅台|600519.SH|2026-04-24|18264.24|18264.24|22.19|22.19|7.47|7.47|29.69|29.69|10.82|10.82|3.54|3.54|231.01|18445.06|17928.16|15.43|
|贵州茅台|600519.SH|2026-04-23|17769.71|17769.71|21.59|21.59|7.26|7.26|28.88|28.88|10.52|10.52|3.64|3.64|224.75|17950.54|17433.63|15|
|贵州茅台|600519.SH|2026-04-22|17650.75|17650.75|21.44|21.44|7.22|7.22|28.69|28.69|10.45|10.45|3.66|3.66|223.25|17831.57|17314.67|14.9|
|贵州茅台|600519.SH|2026-04-21|17682.18|17682.18|21.48|21.48|7.23|7.23|28.74|28.74|10.47|10.47|3.66|3.66|223.65|17863.01|17346.1|14.93|
|贵州茅台|600519.SH|2026-04-20|17668.16|17668.16|21.46|21.46|7.22|7.22|28.72|28.72|10.46|10.46|3.66|3.66|223.47|17848.98|17332.08|14.92|
|贵州茅台|600519.SH|2026-04-17|17622.45|17622.45|21.41|21.41|7.2|7.2|28.64|28.64|10.44|10.44|3.67|3.67|222.89|17803.27|17286.37|14.88|
|贵州茅台|600519.SH|2026-04-16|18318.71|18318.71|21.24|20.35|7.13|8.11|19.81|21.24|10.72|10.26|3.53|3.53|136.91|18464.02|17946.49|14.92|
|贵州茅台|600519.SH|2026-04-15|18377.07|18377.07|21.31|20.41|7.15|8.13|19.87|21.31|10.75|10.29|3.52|3.52|137.35|18522.37|18004.84|14.97|
|贵州茅台|600519.SH|2026-04-14|18119.1|18119.1|21.01|20.13|7.05|8.02|19.6|21.01|10.6|10.15|3.57|3.57|135.42|18264.41|17746.88|14.76|
|贵州茅台|600519.SH|2026-04-13|18074.14|18074.14|20.96|20.08|7.03|8|19.55|20.96|10.58|10.12|3.58|3.58|135.08|18219.45|17701.92|14.72|
|贵州茅台|600519.SH|2026-04-10|18207.51|18207.51|21.12|20.22|7.08|8.06|19.69|21.11|10.65|10.2|3.55|3.55|136.08|18352.82|17835.29|14.83|
|贵州茅台|600519.SH|2026-04-09|18289.28|18289.28|21.21|20.32|7.11|8.09|19.78|21.21|10.7|10.24|3.54|3.54|136.69|18434.59|17917.06|14.9|
|贵州茅台|600519.SH|2026-04-08|18346.01|18346.01|21.28|20.38|7.14|8.12|19.84|21.27|10.73|10.27|3.53|3.53|137.11|18491.32|17973.79|14.95|
|贵州茅台|600519.SH|2026-04-07|18032.94|18032.94|20.91|20.03|7.01|7.98|19.5|20.91|10.55|10.1|3.59|3.59|134.77|18178.25|17660.72|14.69|
|贵州茅台|600519.SH|2026-04-03|18283.15|18283.15|21.2|20.31|7.11|8.09|19.77|21.2|10.7|10.24|3.54|3.54|136.64|18428.45|17910.92|14.89|
|贵州茅台|600519.SH|2026-04-02|18281.64|18281.64|21.2|20.31|7.11|8.08|19.77|21.2|10.7|10.24|3.54|3.54|136.63|18426.95|17909.42|14.89|
|贵州茅台|600519.SH|2026-04-01|18276.13|18276.13|21.2|20.3|7.11|8.08|19.77|21.19|10.69|10.23|3.54|3.54|136.59|18421.44|17903.91|14.89|
|贵州茅台|600519.SH|2026-03-31|18157.92|18157.92|21.06|20.17|7.06|8.02|19.64|21.06|10.62|10.17|3.56|3.56|135.71|18303.23|17785.7|14.79|
|贵州茅台|600519.SH|2026-03-30|17782.24|17782.24|20.62|19.75|6.92|7.86|19.23|20.62|10.41|9.96|3.64|3.64|132.9|17927.55|17410.02|14.48|
|贵州茅台|600519.SH|2026-03-27|17732.4|17732.4|20.56|19.7|6.9|7.84|19.18|20.56|10.38|9.93|3.65|3.65|132.53|17877.71|17360.18|14.44|
|贵州茅台|600519.SH|2026-03-26|17546.56|17546.56|20.35|19.49|6.83|7.75|18.98|20.35|10.27|9.83|3.69|3.69|131.14|17691.87|17174.34|14.28|
|贵州茅台|600519.SH|2026-03-25|17660.39|17660.39|20.48|19.62|6.87|7.81|19.1|20.48|10.33|9.89|3.66|3.66|131.99|17805.7|17288.17|14.38|
|贵州茅台|600519.SH|2026-03-24|17623.57|17623.57|20.44|19.58|6.86|7.79|19.06|20.44|10.31|9.87|3.67|3.67|131.71|17768.88|17251.35|14.34|
|贵州茅台|600519.SH|2026-03-23|17632.84|17632.84|20.45|19.59|6.86|7.79|19.07|20.45|10.32|9.87|3.67|3.67|131.78|17778.15|17260.62|14.35|
|贵州茅台|600519.SH|2026-03-20|18095.3|18095.3|20.99|20.1|7.04|8|19.57|20.98|10.59|10.13|3.57|3.57|135.24|18240.61|17723.08|14.74|
|贵州茅台|600519.SH|2026-03-19|18193.86|18193.86|21.1|20.21|7.08|8.04|19.68|21.1|10.65|10.19|3.55|3.55|135.98|18339.17|17821.64|14.82|
|贵州茅台|600519.SH|2026-03-18|18393.34|18393.34|21.33|20.43|7.16|8.13|19.89|21.33|10.76|10.3|3.52|3.52|137.47|18538.65|18021.12|14.98|
|贵州茅台|600519.SH|2026-03-17|18596.21|18596.21|21.57|20.66|7.23|8.22|20.11|21.56|10.88|10.41|3.48|3.48|138.98|18741.52|18223.99|15.15|
|贵州茅台|600519.SH|2026-03-16|18285.4|18285.4|21.21|20.31|7.11|8.08|19.78|21.2|10.7|10.24|3.54|3.54|136.66|18430.71|17913.18|14.9|
|贵州茅台|600519.SH|2026-03-13|17702.59|17702.59|20.53|19.66|6.89|7.82|19.15|20.53|10.36|9.91|3.65|3.65|132.3|17847.9|17330.37|14.41|
|贵州茅台|600519.SH|2026-03-12|17431.6|17431.6|20.22|19.36|6.78|7.7|18.85|20.21|10.2|9.76|3.71|3.71|130.28|17576.91|17059.38|14.19|
|贵州茅台|600519.SH|2026-03-11|17531.78|17531.78|20.33|19.47|6.82|7.75|18.96|20.33|10.26|9.82|3.69|3.69|131.03|17677.09|17159.56|14.27|
|贵州茅台|600519.SH|2026-03-10|17555.33|17555.33|20.36|19.5|6.83|7.76|18.99|20.36|10.27|9.83|3.68|3.68|131.2|17700.63|17183.1|14.29|
|贵州茅台|600519.SH|2026-03-09|17494.21|17494.21|20.29|19.43|6.81|7.73|18.92|20.29|10.24|9.8|3.7|3.7|130.75|17639.52|17121.99|14.24|
|贵州茅台|600519.SH|2026-03-06|17556.83|17556.83|20.36|19.5|6.83|7.76|18.99|20.36|10.27|9.83|3.68|3.68|131.22|17702.14|17184.61|14.29|
|贵州茅台|600519.SH|2026-03-05|17519.76|17519.76|20.32|19.46|6.82|7.74|18.95|20.32|10.25|9.81|3.69|3.69|130.94|17665.07|17147.54|14.26|
|贵州茅台|600519.SH|2026-03-04|17546.56|17546.56|20.35|19.49|6.83|7.75|18.98|20.35|10.27|9.83|3.69|3.69|131.14|17691.87|17174.34|14.28|
|贵州茅台|600519.SH|2026-03-03|17859.75|17859.75|20.71|19.84|6.95|7.89|19.32|20.71|10.45|10|3.62|3.62|133.48|18005.06|17487.53|14.54|
|贵州茅台|600519.SH|2026-03-02|18034.07|18034.07|20.91|20.03|7.02|7.96|19.5|20.91|10.55|10.1|3.59|3.59|134.78|18179.38|17661.85|14.69|
|贵州茅台|600519.SH|2026-02-27|18220.78|18220.78|21.13|20.24|7.09|8.04|19.71|21.13|10.66|10.2|3.55|3.55|136.18|18366.09|17848.56|14.84|
|贵州茅台|600519.SH|2026-02-26|18360.91|18360.91|21.29|20.39|7.14|8.11|19.86|21.29|10.74|10.28|3.52|3.52|137.22|18506.22|17988.69|14.96|
|贵州茅台|600519.SH|2026-02-25|18679.61|18679.61|21.66|20.75|7.27|8.25|20.2|21.66|10.93|10.46|3.46|3.46|139.61|18824.92|18307.39|15.22|
|贵州茅台|600519.SH|2026-02-24|18368.3|18368.3|21.3|20.4|7.15|8.11|19.87|21.3|10.75|10.29|3.52|3.52|137.28|18513.61|17996.08|14.96|
|贵州茅台|600519.SH|2026-02-13|18599.97|18599.97|21.57|20.66|7.24|8.21|20.12|21.57|10.88|10.42|3.48|3.48|139.01|18745.28|18227.75|15.16|
|贵州茅台|600519.SH|2026-02-12|18616.25|18616.25|21.59|20.68|7.24|8.22|20.13|21.59|10.89|10.42|3.47|3.47|139.13|18761.56|18244.03|15.17|
|贵州茅台|600519.SH|2026-02-11|18838.28|18838.28|21.85|20.93|7.33|8.32|20.37|21.84|11.02|10.55|3.43|3.43|140.79|18983.59|18466.05|15.36|
|贵州茅台|600519.SH|2026-02-10|18844.16|18844.16|21.85|20.93|7.33|8.32|20.38|21.85|11.03|10.55|3.43|3.43|140.84|18989.47|18471.94|15.36|
|贵州茅台|600519.SH|2026-02-09|19096.62|19096.62|22.15|21.21|7.43|8.43|20.65|22.14|11.17|10.69|3.39|3.39|142.72|19241.93|18724.4|15.57|
|贵州茅台|600519.SH|2026-02-06|18972.02|18972.02|22|21.07|7.38|8.38|20.52|22|11.1|10.62|3.41|3.41|141.79|19117.33|18599.8|15.47|
|贵州茅台|600519.SH|2026-02-05|19472.8|19472.8|22.58|21.63|7.57|8.6|21.06|22.58|11.39|10.9|3.32|3.32|145.53|19618.11|19100.58|15.88|
|贵州茅台|600519.SH|2026-02-04|19097.12|19097.12|22.15|21.21|7.43|8.43|20.65|22.14|11.17|10.69|3.39|3.39|142.73|19242.43|18724.9|15.57|
|贵州茅台|600519.SH|2026-02-03|18469.98|18469.98|21.42|20.52|7.18|8.14|19.98|21.42|10.81|10.34|3.5|3.5|138.04|18615.29|18097.76|15.05|
|贵州茅台|600519.SH|2026-02-02|17869.9|17869.9|20.72|19.85|6.95|7.87|19.33|20.72|10.46|10.01|3.62|3.62|133.55|18015.2|17497.67|14.55|
|贵州茅台|600519.SH|2026-01-30|17544.31|17544.31|20.35|19.49|6.82|7.73|18.97|20.34|10.27|9.82|3.69|3.69|131.12|17689.61|17172.08|14.28|
|贵州茅台|600519.SH|2026-01-29|18004.14|18004.14|20.88|20|7|7.93|19.47|20.88|10.53|10.08|3.59|3.59|134.56|18149.45|17631.92|14.66|
|贵州茅台|600519.SH|2026-01-28|16576.18|16576.18|19.22|18.41|6.45|7.3|17.93|19.22|9.7|9.28|3.9|3.9|123.89|16721.48|16203.95|13.47|
|贵州茅台|600519.SH|2026-01-27|16818.11|16818.11|19.5|18.68|6.54|7.41|18.19|19.5|9.84|9.42|3.85|3.85|125.69|16963.42|16445.89|13.68|
|贵州茅台|600519.SH|2026-01-26|16805.47|16805.47|19.49|18.67|6.54|7.4|18.18|19.49|9.83|9.41|3.85|3.85|125.6|16950.78|16433.24|13.66|
|贵州茅台|600519.SH|2026-01-23|16742.85|16742.85|19.42|18.6|6.51|7.38|18.11|19.41|9.8|9.38|3.86|3.86|125.13|16888.16|16370.63|13.61|
|贵州茅台|600519.SH|2026-01-22|16781.17|16781.17|19.46|18.64|6.53|7.39|18.15|19.46|9.82|9.4|3.85|3.85|125.42|16926.48|16408.95|13.64|
|贵州茅台|600519.SH|2026-01-21|16918.92|16918.92|19.62|18.79|6.58|7.45|18.3|19.62|9.9|9.47|3.82|3.82|126.45|17064.23|16546.7|13.76|
|贵州茅台|600519.SH|2026-01-20|17200.56|17200.56|19.95|19.11|6.69|7.58|18.6|19.95|10.06|9.63|3.76|3.76|128.55|17345.87|16828.34|13.99|
|贵州茅台|600519.SH|2026-01-19|17231.24|17231.24|19.98|19.14|6.7|7.59|18.64|19.98|10.08|9.65|3.75|3.75|128.78|17376.55|16859.02|14.02|
|贵州茅台|600519.SH|2026-01-16|17306.37|17306.37|20.07|19.22|6.73|7.63|18.72|20.07|10.13|9.69|3.74|3.74|129.34|17451.68|16934.15|14.08|
|贵州茅台|600519.SH|2026-01-15|17392.66|17392.66|20.17|19.32|6.77|7.66|18.81|20.17|10.18|9.74|3.72|3.72|129.99|17537.96|17020.43|14.15|
|贵州茅台|600519.SH|2026-01-14|17506.86|17506.86|20.3|19.45|6.81|7.71|18.93|20.3|10.24|9.8|3.69|3.69|130.84|17652.17|17134.64|14.25|
|贵州茅台|600519.SH|2026-01-13|17669.53|17669.53|20.49|19.63|6.87|7.79|19.11|20.49|10.34|9.89|3.66|3.66|132.06|17814.84|17297.31|14.38|
|贵州茅台|600519.SH|2026-01-12|17822.69|17822.69|20.67|19.8|6.93|7.85|19.28|20.67|10.43|9.98|3.63|3.63|133.2|17967.99|17450.46|14.51|
|贵州茅台|600519.SH|2026-01-09|17770.97|17770.97|20.61|19.74|6.91|7.83|19.22|20.61|10.4|9.95|3.64|3.64|132.82|17916.28|17398.74|14.47|
|贵州茅台|600519.SH|2026-01-08|17685.81|17685.81|20.51|19.64|6.88|7.79|19.13|20.51|10.35|9.9|3.66|3.66|132.18|17831.12|17313.59|14.4|
|贵州茅台|600519.SH|2026-01-07|17824.31|17824.31|20.67|19.8|6.93|7.85|19.28|20.67|10.43|9.98|3.63|3.63|133.21|17969.62|17452.09|14.51|
|贵州茅台|600519.SH|2026-01-06|17882.54|17882.54|20.74|19.86|6.96|7.88|19.34|20.74|10.46|10.01|3.62|3.62|133.65|18027.85|17510.32|14.56|
|贵州茅台|600519.SH|2026-01-05|17857.37|17857.37|20.71|19.84|6.95|7.87|19.31|20.71|10.45|10|3.62|3.62|133.46|18002.68|17485.15|14.54|
|贵州茅台|600519.SH|2025-12-31|17246.01|17246.01|20|19.16|6.71|7.59|18.65|20|10.09|9.66|3.99|3.75|128.89|17391.32|16873.79|14.03|
|贵州茅台|600519.SH|2025-12-30|17403.05|17403.05|20.18|19.33|6.77|7.66|18.82|20.18|10.18|9.75|3.95|3.72|130.07|17548.36|17030.83|14.16|
|贵州茅台|600519.SH|2025-12-29|17556.83|17556.83|20.36|19.5|6.83|7.73|18.99|20.36|10.27|9.83|3.92|3.68|131.22|17702.14|17184.61|14.29|
|贵州茅台|600519.SH|2025-12-26|17708.73|17708.73|20.54|19.67|6.89|7.8|19.15|20.53|10.36|9.92|3.88|3.65|132.35|17854.04|17336.51|14.42|
|贵州茅台|600519.SH|2025-12-25|17709.23|17709.23|20.54|19.67|6.89|7.8|19.15|20.54|10.36|9.92|3.88|3.65|132.35|17854.54|17337.01|14.42|
|贵州茅台|600519.SH|2025-12-24|17543.05|17543.05|20.34|19.49|6.82|7.73|18.97|20.34|10.27|9.82|3.92|3.69|131.11|17688.36|17170.83|14.28|
|贵州茅台|600519.SH|2025-12-23|17630.21|17630.21|20.45|19.58|6.86|7.76|19.07|20.44|10.32|9.87|3.9|3.67|131.76|17775.52|17257.99|14.35|
|贵州茅台|600519.SH|2025-12-22|17635.22|17635.22|20.45|19.59|6.86|7.77|19.07|20.45|10.32|9.88|3.9|3.67|131.8|17780.53|17263|14.35|
|贵州茅台|600519.SH|2025-12-19|17657.01|17657.01|20.48|19.61|6.87|7.78|19.1|20.47|10.33|9.89|3.9|3.66|131.96|17802.32|17284.79|14.37|
|贵州茅台|600519.SH|2025-12-18|17919.99|17919.99|20.78|19.91|6.97|6.97|19.38|20.78|10.49|10.03|3.84|3.61|133.93|18065.3|17547.77|14.59|
|贵州茅台|600519.SH|2025-12-17|17946.28|17946.28|20.81|19.93|6.98|6.98|19.41|20.81|10.5|10.05|3.83|3.6|134.13|18091.59|17574.06|14.61|
|贵州茅台|600519.SH|2025-12-16|17807.28|17807.28|20.65|19.78|6.93|6.93|19.26|20.65|10.42|9.97|3.86|3.63|133.09|17952.59|17435.06|14.5|
|贵州茅台|600519.SH|2025-12-15|17857.37|17857.37|20.71|19.84|6.95|6.95|19.31|20.71|10.45|10|3.85|3.62|133.46|18002.68|17485.15|14.54|
|贵州茅台|600519.SH|2025-12-12|17790.38|17790.38|20.63|19.76|6.92|6.92|19.24|20.63|10.41|9.96|3.87|3.64|132.96|17935.69|17418.16|14.48|
|贵州茅台|600519.SH|2025-12-11|17681.93|17681.93|20.51|19.64|6.88|6.88|19.12|20.5|10.35|9.9|3.89|3.66|132.15|17827.24|17309.71|14.39|
|贵州茅台|600519.SH|2025-12-10|17566.85|17566.85|20.37|19.51|6.83|6.83|19|20.37|10.28|9.84|3.92|3.68|131.29|17712.16|17194.62|14.3|
|贵州茅台|600519.SH|2025-12-09|17544.43|17544.43|20.35|19.49|6.82|6.82|18.97|20.34|10.27|9.82|3.92|3.69|131.12|17689.74|17172.21|14.28|
|贵州茅台|600519.SH|2025-12-08|17759.95|17759.95|20.6|19.73|6.91|6.91|19.21|20.59|10.39|9.95|3.87|3.64|132.73|17905.26|17387.72|14.46|
|贵州茅台|600519.SH|2025-12-05|17907.59|17907.59|20.77|19.89|6.97|6.97|19.37|20.77|10.48|10.03|3.84|3.61|133.84|18052.9|17535.37|14.58|
|贵州茅台|600519.SH|2025-12-04|17832.08|17832.08|20.68|19.81|6.94|6.94|19.29|20.68|10.43|9.99|3.86|3.63|133.27|17977.39|17459.86|14.52|
|贵州茅台|600519.SH|2025-12-03|17896.19|17896.19|20.75|19.88|6.96|6.96|19.35|20.75|10.47|10.02|3.84|3.61|133.75|18041.5|17523.97|14.57|
|贵州茅台|600519.SH|2025-12-02|17982.98|17982.98|20.86|19.98|7|7|19.45|20.85|10.52|10.07|3.83|3.6|134.4|18128.28|17610.75|14.64|
|贵州茅台|600519.SH|2025-12-01|18132.87|18132.87|21.03|20.14|7.05|7.05|19.61|21.03|10.61|10.15|3.79|3.57|135.52|18278.18|17760.65|14.77|
|贵州茅台|600519.SH|2025-11-28|18164.18|18164.18|21.07|20.18|7.07|7.07|19.64|21.06|10.63|10.17|3.79|3.56|135.75|18309.49|17791.96|14.79|
|贵州茅台|600519.SH|2025-11-27|18124.11|18124.11|21.02|20.13|7.05|7.05|19.6|21.02|10.61|10.15|3.8|3.57|135.45|18269.42|17751.89|14.76|
|贵州茅台|600519.SH|2025-11-26|18147.27|18147.27|21.05|20.16|7.06|7.06|19.63|21.04|10.62|10.16|3.79|3.56|135.63|18292.58|17775.05|14.78|
|贵州茅台|600519.SH|2025-11-25|18090.92|18090.92|20.98|20.09|7.04|7.04|19.57|20.98|10.59|10.13|3.8|3.57|135.21|18236.23|17718.7|14.73|
|贵州茅台|600519.SH|2025-11-24|18182.96|18182.96|21.09|20.2|7.07|7.07|19.66|21.08|10.64|10.18|3.78|3.56|135.89|18328.27|17810.74|14.81|
|贵州茅台|600519.SH|2025-11-21|18365.79|18365.79|21.3|20.4|7.14|7.14|19.86|21.3|10.75|10.28|3.75|3.52|137.26|18511.1|17993.57|14.96|
|贵州茅台|600519.SH|2025-11-20|18372.18|18372.18|21.31|20.41|7.15|7.15|19.87|21.3|10.75|10.29|3.74|3.52|137.31|18517.49|17999.96|14.97|
|贵州茅台|600519.SH|2025-11-19|18421.02|18421.02|21.36|20.46|7.17|7.17|19.92|21.36|10.78|10.32|3.73|3.51|137.67|18566.33|18048.8|15.01|
|贵州茅台|600519.SH|2025-11-18|18483.51|18483.51|21.44|20.53|7.19|7.19|19.99|21.43|10.82|10.35|3.72|3.5|138.14|18628.82|18111.29|15.06|
|贵州茅台|600519.SH|2025-11-17|18420.89|18420.89|21.36|20.46|7.17|7.17|19.92|21.36|10.78|10.32|3.73|3.51|137.67|18566.2|18048.67|15.01|
|贵州茅台|600519.SH|2025-11-14|18240.57|18240.57|21.15|20.26|7.1|7.1|19.73|21.15|10.67|10.21|3.77|3.55|136.33|18385.88|17868.35|14.86|
|贵州茅台|600519.SH|2025-11-13|18413.13|18413.13|21.35|20.45|7.16|7.16|19.91|21.35|10.77|10.31|3.74|3.51|137.61|18558.44|18040.91|15|
|贵州茅台|600519.SH|2025-11-12|18347.64|18347.64|21.28|20.38|7.14|7.14|19.84|21.28|10.74|10.27|3.75|3.52|137.13|18492.95|17975.42|14.95|
|贵州茅台|600519.SH|2025-11-11|18270.5|18270.5|21.19|20.29|7.11|7.11|19.76|21.19|10.69|10.23|3.76|3.54|136.55|18415.81|17898.28|14.88|
|贵州茅台|600519.SH|2025-11-10|18311.95|18311.95|21.24|20.34|7.12|7.12|19.8|21.23|10.72|10.25|3.76|3.53|136.86|18457.26|17939.73|14.92|
|贵州茅台|600519.SH|2025-11-07|17949.16|17949.16|20.82|19.94|6.98|6.98|19.41|20.81|10.5|10.05|3.83|3.6|134.15|18094.47|17576.94|14.62|
|贵州茅台|600519.SH|2025-11-06|17971.71|17971.71|20.84|19.96|6.99|6.99|19.44|20.84|10.52|10.06|3.83|3.6|134.32|18117.01|17599.48|14.63|
|贵州茅台|600519.SH|2025-11-05|17783.24|17783.24|20.62|19.75|6.92|6.92|19.23|20.62|10.41|9.96|3.87|3.64|132.91|17928.55|17411.02|14.48|
|贵州茅台|600519.SH|2025-11-04|17894.94|17894.94|20.75|19.88|6.96|6.96|19.35|20.75|10.47|10.02|3.84|3.61|133.74|18040.25|17522.72|14.57|
|贵州茅台|600519.SH|2025-11-03|17970.08|17970.08|20.84|19.96|6.99|6.99|19.43|20.84|10.52|10.06|3.83|3.6|134.3|18115.39|17597.86|14.63|
|贵州茅台|600519.SH|2025-10-31|17907.59|17907.59|20.77|19.89|6.97|6.97|19.37|20.77|10.48|10.03|3.84|3.61|133.84|18052.9|17535.37|14.58|
|贵州茅台|600519.SH|2025-10-30|17866.64|17866.64|20.72|19.85|6.95|6.95|19.32|20.72|10.45|10.01|3.85|3.62|133.53|18011.95|17494.42|14.55|
|贵州茅台|600519.SH|2025-10-29|17931.26|17931.26|20.8|19.94|7.51|7.54|19.39|26|10.49|10.05|3.84|3.61|124.52|18138.15|17621.7|14.65|
|贵州茅台|600519.SH|2025-10-28|18095.3|18095.3|20.99|20.12|7.58|7.61|19.57|26.24|10.59|10.15|3.8|3.57|125.66|18302.2|17785.75|14.79|
|贵州茅台|600519.SH|2025-10-27|18037.83|18037.83|20.92|20.06|7.56|7.58|19.51|26.16|10.55|10.11|3.81|3.59|125.26|18244.72|17728.27|14.74|
|贵州茅台|600519.SH|2025-10-24|18157.92|18157.92|21.06|20.19|7.61|7.63|19.64|26.33|10.62|10.18|3.79|3.56|126.09|18364.81|17848.36|14.84|
|贵州茅台|600519.SH|2025-10-23|18383.08|18383.08|21.32|20.44|7.7|7.73|19.88|26.66|10.76|10.31|3.74|3.52|127.66|18589.97|18073.52|15.03|
|贵州茅台|600519.SH|2025-10-22|18266.87|18266.87|21.18|20.31|7.65|7.68|19.76|26.49|10.69|10.24|3.77|3.54|126.85|18473.76|17957.31|14.93|
|贵州茅台|600519.SH|2025-10-21|18311.45|18311.45|21.24|20.36|7.67|7.7|19.8|26.55|10.71|10.27|3.76|3.53|127.16|18518.34|18001.89|14.97|
|贵州茅台|600519.SH|2025-10-20|18257.22|18257.22|21.17|20.3|7.65|7.68|19.75|26.47|10.68|10.24|3.77|3.54|126.78|18464.12|17947.67|14.92|
|贵州茅台|600519.SH|2025-10-17|18220.53|18220.53|21.13|20.26|7.63|7.66|19.71|26.42|10.66|10.22|3.78|3.55|126.53|18427.43|17910.98|14.89|
|贵州茅台|600519.SH|2025-10-16|18595.09|18595.09|21.57|20.68|7.79|7.82|20.11|26.96|10.88|10.43|3.7|3.48|129.13|18801.98|18285.53|15.2|
|贵州茅台|600519.SH|2025-10-15|18308.19|18308.19|21.23|20.36|7.67|7.7|19.8|26.55|10.71|10.26|3.76|3.53|127.14|18515.08|17998.64|14.97|
|贵州茅台|600519.SH|2025-10-14|18170.69|18170.69|21.07|20.2|7.61|7.64|19.65|26.35|10.63|10.19|3.79|3.56|126.18|18377.59|17861.14|14.85|
|贵州茅台|600519.SH|2025-10-13|17772.22|17772.22|20.61|19.76|7.45|7.47|19.22|25.77|10.4|9.96|3.87|3.64|123.41|17979.11|17462.66|14.52|
|贵州茅台|600519.SH|2025-10-10|17907.46|17907.46|20.77|19.91|7.5|7.53|19.37|25.97|10.48|10.04|3.84|3.61|124.35|18114.36|17597.91|14.63|
|贵州茅台|600519.SH|2025-10-09|17992.37|17992.37|20.87|20.01|7.54|7.56|19.46|26.09|10.53|10.09|3.82|3.59|124.94|18199.26|17682.81|14.7|
|贵州茅台|600519.SH|2025-09-30|18082.66|18082.66|20.97|20.11|7.58|7.6|19.56|26.22|10.58|10.14|3.8|3.58|125.57|18289.55|17773.1|14.78|
|贵州茅台|600519.SH|2025-09-29|18293.91|18293.91|21.22|20.34|7.67|7.69|19.79|26.53|10.7|10.26|3.76|3.54|127.04|18500.81|17984.36|14.95|
|贵州茅台|600519.SH|2025-09-26|17970.08|17970.08|20.84|19.98|7.53|7.56|19.43|26.06|10.52|10.08|3.83|3.6|124.79|18176.97|17660.52|14.69|
|贵州茅台|600519.SH|2025-09-25|18020.17|18020.17|20.9|20.04|7.55|7.58|19.49|26.13|10.54|10.1|3.82|3.59|125.14|18227.06|17710.61|14.73|
|贵州茅台|600519.SH|2025-09-24|18057.74|18057.74|20.94|20.08|7.57|7.59|19.53|26.19|10.57|10.12|3.81|3.58|125.4|18264.63|17748.18|14.76|
|贵州茅台|600519.SH|2025-09-23|18125.61|18125.61|21.02|20.15|7.6|7.62|19.6|26.28|10.61|10.16|3.79|3.57|125.87|18332.5|17816.06|14.81|
|贵州茅台|600519.SH|2025-09-22|18199.87|18199.87|21.11|20.24|7.63|7.65|19.68|26.39|10.65|10.2|3.78|3.55|126.38|18406.76|17890.31|14.88|
|贵州茅台|600519.SH|2025-09-19|18382.95|18382.95|21.32|20.44|7.7|7.73|19.88|26.66|10.76|10.31|3.74|3.52|127.66|18589.85|18073.4|15.03|
|贵州茅台|600519.SH|2025-09-18|18382.83|18382.83|21.32|20.44|7.7|7.73|19.88|26.66|10.76|10.31|3.74|3.52|127.65|18589.72|18073.27|15.03|
|贵州茅台|600519.SH|2025-09-17|18696.39|18696.39|21.68|20.79|7.83|7.86|20.22|27.11|10.94|10.48|3.68|3.46|129.83|18903.29|18386.84|15.29|
|贵州茅台|600519.SH|2025-09-16|18783.8|18783.8|21.78|20.89|7.87|7.9|20.31|27.24|10.99|10.53|3.66|3.44|130.44|18990.7|18474.25|15.36|
|贵州茅台|600519.SH|2025-09-15|18973.15|18973.15|22|21.1|7.95|7.98|20.52|27.51|11.1|10.64|3.63|3.41|131.75|19180.04|18663.59|15.52|
|贵州茅台|600519.SH|2025-09-12|18984.42|18984.42|22.02|21.11|7.96|7.98|20.53|27.53|11.11|10.64|3.62|3.41|131.83|19191.31|18674.86|15.53|
|贵州茅台|600519.SH|2025-09-11|19078.34|19078.34|22.13|21.21|7.99|8.02|20.63|27.67|11.16|10.7|3.61|3.39|132.48|19285.23|18768.78|15.61|
|贵州茅台|600519.SH|2025-09-10|19059.68|19059.68|22.1|21.19|7.99|8.01|20.61|27.64|11.15|10.69|3.61|3.39|132.36|19266.57|18750.12|15.59|
|贵州茅台|600519.SH|2025-09-09|18846.67|18846.67|21.86|20.96|7.9|7.92|20.38|27.33|11.03|10.57|3.65|3.43|130.88|19053.56|18537.11|15.41|
|贵州茅台|600519.SH|2025-09-08|18799.46|18799.46|21.8|20.9|7.88|7.9|20.33|27.26|11|10.54|3.66|3.44|130.55|19006.35|18489.9|15.37|
|贵州茅台|600519.SH|2025-09-05|18571.17|18571.17|21.54|20.65|7.78|7.81|20.08|26.93|10.87|10.41|3.7|3.48|128.96|18778.06|18261.61|15.19|
|贵州茅台|600519.SH|2025-09-04|18441.68|18441.68|21.39|20.51|7.73|7.75|19.94|26.74|10.79|10.34|3.73|3.51|128.06|18648.58|18132.13|15.08|
|贵州茅台|600519.SH|2025-09-03|18540.49|18540.49|21.5|20.62|7.77|7.8|20.05|26.89|10.85|10.4|3.71|3.49|128.75|18747.38|18230.93|15.16|
|贵州茅台|600519.SH|2025-09-02|18675.11|18675.11|21.66|20.77|7.83|7.85|20.2|27.08|10.93|10.47|3.68|3.46|129.68|18882|18365.55|15.27|
|贵州茅台|600519.SH|2025-09-01|18484.76|18484.76|21.44|20.55|7.75|7.77|19.99|26.8|10.82|10.36|3.72|3.5|128.36|18691.66|18175.21|15.11|
|贵州茅台|600519.SH|2025-08-29|18591.73|18591.73|21.56|20.67|7.79|7.79|20.11|26.96|10.88|10.42|3.7|3.48|129.11|18798.62|18282.17|15.2|
|贵州茅台|600519.SH|2025-08-28|18165.88|18165.88|21.07|20.2|7.61|7.62|19.65|26.34|10.63|10.19|3.79|3.56|126.15|18372.77|17856.32|14.85|
|贵州茅台|600519.SH|2025-08-27|18189.74|18189.74|21.09|20.23|7.62|7.63|19.67|26.38|10.64|10.2|3.78|3.56|126.31|18396.64|17880.19|14.87|
|贵州茅台|600519.SH|2025-08-26|18611.95|18611.95|21.58|20.69|7.8|7.8|20.13|26.99|10.89|10.44|3.7|3.47|129.25|18818.85|18302.4|15.22|
|贵州茅台|600519.SH|2025-08-25|18721.49|18721.49|21.71|20.82|7.84|7.85|20.25|27.15|10.95|10.5|3.67|3.45|130.01|18928.39|18411.94|15.31|
|贵州茅台|600519.SH|2025-08-22|18390.11|18390.11|21.33|20.45|7.71|7.71|19.89|26.67|10.76|10.31|3.74|3.52|127.71|18597|18080.55|15.03|
|贵州茅台|600519.SH|2025-08-21|18192.88|18192.88|21.1|20.23|7.62|7.63|19.68|26.38|10.65|10.2|3.78|3.55|126.34|18399.78|17883.33|14.87|
|贵州茅台|600519.SH|2025-08-20|18214.87|18214.87|21.12|20.25|7.63|7.64|19.7|26.41|10.66|10.21|3.78|3.55|126.49|18421.76|17905.31|14.89|
|贵州茅台|600519.SH|2025-08-19|18064.12|18064.12|20.95|20.09|7.57|7.57|19.54|26.19|10.57|10.13|3.81|3.58|125.44|18271.02|17754.57|14.76|
|贵州茅台|600519.SH|2025-08-18|17944.79|17944.79|20.81|19.95|7.52|7.52|19.41|26.02|10.5|10.06|3.83|3.6|124.61|18151.68|17635.23|14.66|
|贵州茅台|600519.SH|2025-08-15|17864.14|17864.14|20.72|19.86|7.49|7.49|19.32|25.9|10.45|10.02|3.85|3.62|124.05|18071.03|17554.58|14.6|
|贵州茅台|600519.SH|2025-08-14|17925.82|17925.82|20.79|19.93|7.51|7.51|19.39|25.99|10.49|10.05|3.84|3.61|124.48|18132.71|17616.26|14.65|
|贵州茅台|600519.SH|2025-08-13|17838.64|17838.64|20.69|19.83|7.47|7.48|19.29|25.87|10.44|10|3.86|3.63|123.88|18045.53|17529.08|14.58|
|贵州茅台|600519.SH|2025-08-12|18052.06|18052.06|20.94|20.28|6.99|8.21|19.52|19.6|10.56|10.27|3.81|3.58|120.17|18203.55|17681.56|14.7|
|贵州茅台|600519.SH|2025-08-11|18152.06|18152.06|21.05|20.39|7.03|8.25|19.63|19.71|10.62|10.33|3.79|3.56|120.83|18303.54|17781.55|14.79|
|贵州茅台|600519.SH|2025-08-08|17850.19|17850.19|20.7|20.05|6.91|8.11|19.31|19.38|10.44|10.16|3.85|3.62|118.82|18001.68|17479.69|14.53|
|贵州茅台|600519.SH|2025-08-07|17867.53|17867.53|20.72|20.07|6.92|8.12|19.32|19.4|10.46|10.17|3.85|3.62|118.94|18019.02|17497.02|14.55|
|贵州茅台|600519.SH|2025-08-06|17886.75|17886.75|20.74|20.1|6.92|8.13|19.34|19.42|10.47|10.18|3.85|3.62|119.07|18038.24|17516.24|14.57|
|贵州茅台|600519.SH|2025-08-05|17935.24|17935.24|20.8|20.15|6.94|8.15|19.4|19.48|10.49|10.21|3.84|3.61|119.39|18086.72|17564.73|14.61|
|贵州茅台|600519.SH|2025-08-04|17825.45|17825.45|20.67|20.03|6.9|8.1|19.28|19.36|10.43|10.14|3.86|3.63|118.66|17976.93|17454.94|14.51|
|贵州茅台|600519.SH|2025-08-01|17800.32|17800.32|20.64|20|6.89|8.09|19.25|19.33|10.42|10.13|3.86|3.63|118.49|17951.81|17429.82|14.49|
|贵州茅台|600519.SH|2025-07-31|17858.99|17858.99|20.71|20.06|6.91|8.11|19.31|19.39|10.45|10.16|3.85|3.62|118.88|18010.47|17488.48|14.54|
|贵州茅台|600519.SH|2025-07-30|18207.83|18207.83|21.12|20.46|7.05|8.27|19.69|19.77|10.65|10.36|3.78|3.55|121.2|18359.32|17837.33|14.83|
|贵州茅台|600519.SH|2025-07-29|18076.69|18076.69|20.96|20.31|7|8.21|19.55|19.63|10.58|10.29|3.81|3.58|120.33|18228.17|17706.18|14.72|
|贵州茅台|600519.SH|2025-07-28|18072.42|18072.42|20.96|20.3|7|8.21|19.55|19.63|10.57|10.28|3.81|3.58|120.3|18223.9|17701.91|14.72|
|贵州茅台|600519.SH|2025-07-25|18277.68|18277.68|21.2|20.53|7.07|8.3|19.77|19.85|10.7|10.4|3.76|3.54|121.67|18429.16|17907.17|14.89|
|贵州茅台|600519.SH|2025-07-24|18736.19|18736.19|21.73|21.05|7.25|8.51|20.26|20.35|10.96|10.66|3.67|3.45|124.72|18887.68|18365.68|15.27|
|贵州茅台|600519.SH|2025-07-23|18535.2|18535.2|21.5|20.82|7.17|8.42|20.05|20.13|10.85|10.55|3.71|3.49|123.38|18686.68|18164.69|15.1|
|贵州茅台|600519.SH|2025-07-22|18403.05|18403.05|21.34|20.68|7.12|8.36|19.9|19.98|10.77|10.47|3.74|3.51|122.5|18554.53|18032.54|14.99|
|贵州茅台|600519.SH|2025-07-21|18126.93|18126.93|21.02|20.36|7.02|8.24|19.6|19.68|10.61|10.32|3.79|3.57|120.66|18278.42|17756.43|14.76|
|贵州茅台|600519.SH|2025-07-18|18051.56|18051.56|20.93|20.28|6.99|8.2|19.52|19.6|10.56|10.27|3.81|3.58|120.16|18203.05|17681.06|14.7|
|贵州茅台|600519.SH|2025-07-17|17792.16|17792.16|20.63|19.99|6.89|8.08|19.24|19.32|10.41|10.12|3.87|3.63|118.44|17943.64|17421.65|14.49|
|贵州茅台|600519.SH|2025-07-16|17725.33|17725.33|20.56|19.91|6.86|8.05|19.17|19.25|10.37|10.09|3.88|3.65|117.99|17876.81|17354.82|14.43|
|贵州茅台|600519.SH|2025-07-15|17724.95|17724.95|20.56|19.91|6.86|8.05|19.17|19.25|10.37|10.09|3.88|3.65|117.99|17876.44|17354.44|14.43|
|贵州茅台|600519.SH|2025-07-14|17883.23|17883.23|20.74|20.09|6.92|8.13|19.34|19.42|10.46|10.18|3.85|3.62|119.04|18034.72|17512.73|14.56|
|贵州茅台|600519.SH|2025-07-11|17925.94|17925.94|20.79|20.14|6.94|8.15|19.39|19.47|10.49|10.2|3.84|3.61|119.33|18077.43|17555.44|14.6|
|贵州茅台|600519.SH|2025-07-10|17919.66|17919.66|20.78|20.13|6.94|8.14|19.38|19.46|10.49|10.2|3.84|3.61|119.29|18071.15|17549.15|14.59|
|贵州茅台|600519.SH|2025-07-09|17823.94|17823.94|20.67|20.02|6.9|8.1|19.28|19.36|10.43|10.14|3.86|3.63|118.65|17975.43|17453.43|14.51|
|贵州茅台|600519.SH|2025-07-08|17789.14|17789.14|20.63|19.99|6.89|8.08|19.24|19.32|10.41|10.12|3.87|3.64|118.42|17940.63|17418.64|14.48|
|贵州茅台|600519.SH|2025-07-07|17721.18|17721.18|20.55|19.91|6.86|8.05|19.17|19.24|10.37|10.08|3.88|3.65|117.96|17872.67|17350.68|14.43|
|贵州茅台|600519.SH|2025-07-04|17865.9|17865.9|20.72|20.07|6.92|8.12|19.32|19.4|10.45|10.17|3.85|3.62|118.93|18017.38|17495.39|14.55|
|贵州茅台|600519.SH|2025-07-03|17782.74|17782.74|20.62|19.98|6.88|8.08|19.23|19.31|10.41|10.12|3.87|3.64|118.37|17934.22|17412.23|14.48|
|贵州茅台|600519.SH|2025-07-02|17707.36|17707.36|20.54|19.89|6.85|8.04|19.15|19.23|10.36|10.08|3.88|3.65|117.87|17858.85|17336.86|14.42|
|贵州茅台|600519.SH|2025-07-01|17650.84|17650.84|20.47|19.83|6.83|8.02|19.09|19.17|10.33|10.04|3.9|3.66|117.5|17802.32|17280.33|14.37|
|贵州茅台|600519.SH|2025-06-30|17706.36|17706.36|20.53|19.89|6.85|8.04|19.15|19.23|10.36|10.08|3.88|3.65|117.87|17857.85|17335.85|14.42|
|贵州茅台|600519.SH|2025-06-27|17625.59|17625.59|20.44|19.8|6.82|8|19.06|19.14|10.31|10.03|3.9|3.67|117.33|17777.07|17255.08|14.35|
|贵州茅台|600519.SH|2025-06-26|17838.01|17838.01|20.69|20.04|6.9|8.1|19.29|19.37|10.44|10.15|3.86|3.63|118.74|17989.49|17467.5|14.52|
|贵州茅台|600519.SH|2025-06-25|18037.24|18037.24|20.92|20.26|6.98|7.08|19.51|19.59|10.55|10.26|3.81|1.66|120.07|18188.73|17666.74|14.69|
|贵州茅台|600519.SH|2025-06-24|18054.07|18054.07|20.94|20.28|6.99|7.08|19.53|19.61|10.56|10.27|3.81|1.66|120.18|18205.56|17683.57|14.7|
|贵州茅台|600519.SH|2025-06-23|17838.01|17838.01|20.69|20.04|6.9|7|19.29|19.37|10.44|10.15|3.86|1.68|118.74|17989.49|17467.5|14.52|
|贵州茅台|600519.SH|2025-06-20|17946.8|17946.8|20.81|20.16|6.95|7.04|19.41|19.49|10.5|10.21|3.83|1.67|119.47|18098.28|17576.29|14.62|
|贵州茅台|600519.SH|2025-06-19|17913.38|17913.38|20.77|20.13|6.93|7.03|19.37|19.45|10.48|10.19|3.84|1.67|119.24|18064.87|17542.87|14.59|
|贵州茅台|600519.SH|2025-06-18|17900.82|17900.82|20.76|20.11|6.93|7.02|19.36|19.44|10.47|10.19|3.84|3.84|119.16|18052.3|17530.31|14.58|
|贵州茅台|600519.SH|2025-06-17|17925.94|17925.94|20.79|20.14|6.94|7.03|19.39|19.47|10.49|10.2|3.84|3.84|119.33|18077.43|17555.44|14.6|
|贵州茅台|600519.SH|2025-06-16|17866.78|17866.78|20.72|20.07|6.92|7.01|19.32|19.4|10.45|10.17|3.85|3.85|118.93|18018.26|17496.27|14.55|
|贵州茅台|600519.SH|2025-06-13|17925.31|17925.31|20.79|20.14|6.94|7.03|19.39|19.47|10.49|10.2|3.84|3.84|119.32|18076.8|17554.81|14.6|
|贵州茅台|600519.SH|2025-06-12|18327.93|18327.93|21.26|20.59|7.09|7.19|19.82|19.9|10.72|10.43|3.75|3.75|122|18479.41|17957.42|14.93|
|贵州茅台|600519.SH|2025-06-11|18591.73|18591.73|21.56|20.89|7.2|7.29|20.11|20.19|10.88|10.58|3.7|3.7|123.76|18743.21|18221.22|15.15|
|贵州茅台|600519.SH|2025-06-10|18529.04|18529.04|21.49|20.82|7.17|7.27|20.04|20.12|10.84|10.54|3.71|3.71|123.34|18680.53|18158.54|15.1|
|贵州茅台|600519.SH|2025-06-09|18668.48|18668.48|21.65|20.97|7.23|7.33|20.19|20.27|10.92|10.62|3.68|3.68|124.27|18819.97|18297.97|15.22|
|贵州茅台|600519.SH|2025-06-06|18923.24|18923.24|21.95|21.26|7.32|7.43|20.47|20.55|11.07|10.77|3.63|3.63|125.97|19074.72|18552.73|15.43|
|贵州茅台|600519.SH|2025-06-05|19018.83|19018.83|22.06|21.37|7.36|7.46|20.57|20.65|11.13|10.82|3.62|3.62|126.6|19170.32|18648.33|15.51|
|贵州茅台|600519.SH|2025-06-04|18968.08|18968.08|22|21.31|7.34|7.41|20.51|20.6|11.1|10.79|3.63|3.63|126.26|19119.57|18597.58|15.46|
|贵州茅台|600519.SH|2025-06-03|18956.02|18956.02|21.98|21.3|7.34|7.41|20.5|20.59|11.09|10.79|3.63|3.63|126.18|19107.51|18585.52|15.45|
|贵州茅台|600519.SH|2025-05-30|19119.33|19119.33|22.17|21.48|7.4|7.47|20.68|20.76|11.19|10.88|3.6|3.6|127.27|19270.82|18748.82|15.59|
|贵州茅台|600519.SH|2025-05-29|19345.45|19345.45|22.44|21.73|7.49|7.56|20.92|21.01|11.32|11.01|3.56|3.56|128.78|19496.93|18974.94|15.78|
|贵州茅台|600519.SH|2025-05-28|19307.76|19307.76|22.39|21.69|7.47|7.54|20.88|20.97|11.3|10.99|3.56|3.56|128.53|19459.25|18937.25|15.75|
|贵州茅台|600519.SH|2025-05-27|19394.44|19394.44|22.49|21.79|7.51|7.58|20.98|21.06|11.35|11.04|3.55|3.55|129.1|19545.92|19023.93|15.82|
|贵州茅台|600519.SH|2025-05-26|19477.35|19477.35|22.59|21.88|7.54|7.61|21.06|21.15|11.4|11.08|3.53|3.53|129.65|19628.83|19106.84|15.89|
|贵州茅台|600519.SH|2025-05-23|19754.97|19754.97|22.91|22.19|7.65|7.72|21.37|21.45|11.56|11.24|3.48|3.48|131.5|19906.45|19384.46|16.12|
|贵州茅台|600519.SH|2025-05-22|19847.93|19847.93|23.02|22.3|7.68|7.76|21.47|21.55|11.61|11.29|3.47|3.47|132.12|19999.41|19477.42|16.2|
|贵州茅台|600519.SH|2025-05-21|19860.11|19860.11|23.03|22.31|7.69|7.76|21.48|21.57|11.62|11.3|3.46|3.46|132.2|20011.6|19489.6|16.21|
|贵州茅台|600519.SH|2025-05-20|19923.3|19923.3|23.11|22.38|7.71|7.79|21.55|21.64|11.66|11.34|3.45|3.45|132.62|20074.78|19552.79|16.26|
|贵州茅台|600519.SH|2025-05-19|19835.11|19835.11|23|22.28|7.68|7.75|21.45|21.54|11.61|11.29|3.47|3.47|132.04|19986.6|19464.61|16.19|
|贵州茅台|600519.SH|2025-05-16|20276.67|20276.67|23.52|22.78|7.85|7.89|21.93|22.02|11.86|11.54|3.39|3.39|134.97|20428.15|19906.16|16.55|
|贵州茅台|600519.SH|2025-05-15|20501.27|20501.27|23.78|23.03|7.94|7.98|22.17|22.26|12|11.67|3.36|3.36|136.47|20652.76|20130.77|16.74|
|贵州茅台|600519.SH|2025-05-14|20538.71|20538.71|23.82|23.07|7.95|7.99|22.21|22.3|12.02|11.69|3.35|3.35|136.72|20690.19|20168.2|16.77|
|贵州茅台|600519.SH|2025-05-13|19977.31|19977.31|23.17|22.44|7.73|7.78|21.61|21.69|11.69|11.37|3.44|3.44|132.98|20128.8|19606.81|16.3|
|贵州茅台|600519.SH|2025-05-12|20155.69|20155.69|23.37|22.64|7.8|7.85|21.8|21.89|11.79|11.47|3.41|3.41|134.17|20307.18|19785.19|16.45|
|贵州茅台|600519.SH|2025-05-09|19988.37|19988.37|23.18|22.46|7.74|7.78|21.62|21.71|11.7|11.37|3.44|3.44|133.06|20139.85|19617.86|16.31|
|贵州茅台|600519.SH|2025-05-08|19825.19|19825.19|22.99|22.27|7.67|7.72|21.44|21.53|11.6|11.28|3.47|3.47|131.97|19976.67|19454.68|16.18|
|贵州茅台|600519.SH|2025-05-07|19533.88|19533.88|22.65|21.95|7.56|7.57|21.13|21.21|11.43|11.12|3.52|3.52|130.03|19685.36|19163.37|15.93|
|贵州茅台|600519.SH|2025-05-06|19473.58|19473.58|22.58|21.88|7.54|7.55|21.06|21.15|11.39|11.08|3.53|3.53|129.63|19625.06|19103.07|15.88|
|贵州茅台|600519.SH|2025-04-30|19433.38|19433.38|22.54|21.83|7.52|7.53|21.02|21.1|11.37|11.06|3.54|3.54|129.36|19584.87|19062.87|15.85|
|贵州茅台|600519.SH|2025-04-29|19395.69|19395.69|22.49|22.49|8.32|8.39|20.98|20.98|11.35|11.35|3.55|3.55|124.85|19627.84|19034.88|15.83|
|贵州茅台|600519.SH|2025-04-28|19471.07|19471.07|22.58|22.58|8.35|8.42|21.06|21.06|11.39|11.39|3.53|3.53|125.34|19703.21|19110.26|15.89|
|贵州茅台|600519.SH|2025-04-25|19471.07|19471.07|22.58|22.58|8.35|8.42|21.06|21.06|11.39|11.39|3.53|3.53|125.34|19703.21|19110.26|15.89|
|贵州茅台|600519.SH|2025-04-24|19499.33|19499.33|22.61|22.61|8.37|8.44|21.09|21.09|11.41|11.41|3.53|3.53|125.52|19731.48|19138.52|15.91|
|贵州茅台|600519.SH|2025-04-23|19496.19|19496.19|22.61|22.61|8.36|8.43|21.09|21.09|11.41|11.41|3.53|3.53|125.5|19728.34|19135.38|15.91|
|贵州茅台|600519.SH|2025-04-22|19455.99|19455.99|22.56|22.56|8.35|8.42|21.04|21.04|11.38|11.38|3.54|3.54|125.24|19688.14|19095.18|15.88|
|贵州茅台|600519.SH|2025-04-21|19483.63|19483.63|22.6|22.6|8.36|8.43|21.07|21.07|11.4|11.4|3.53|3.53|125.42|19715.78|19122.82|15.9|
|贵州茅台|600519.SH|2025-04-18|19671.3|19671.3|22.81|22.81|8.44|8.51|21.27|21.27|11.51|11.51|3.5|3.5|126.63|19903.45|19310.49|16.06|
|贵州茅台|600519.SH|2025-04-17|19722.31|19722.31|22.87|22.87|8.46|8.53|21.33|21.33|11.54|11.54|3.49|3.49|126.96|19954.45|19361.5|16.1|
|贵州茅台|600519.SH|2025-04-16|19586.26|19586.26|22.71|22.71|8.4|8.47|21.18|21.18|11.46|11.46|3.51|3.51|126.08|19818.41|19225.45|15.99|
|贵州茅台|600519.SH|2025-04-15|19571.56|19571.56|22.7|22.7|8.4|8.47|21.17|21.17|11.45|11.45|3.51|3.51|125.99|19803.71|19210.75|15.97|
|贵州茅台|600519.SH|2025-04-14|19496.06|19496.06|22.61|22.61|8.36|8.43|21.09|21.09|11.41|11.41|3.53|3.53|125.5|19728.21|19135.25|15.91|
|贵州茅台|600519.SH|2025-04-11|19709.49|19709.49|22.86|22.86|8.46|8.53|21.32|21.32|11.53|11.53|3.49|3.49|126.87|19941.64|19348.68|16.09|
|贵州茅台|600519.SH|2025-04-10|19458.5|19458.5|22.57|22.57|8.35|8.42|21.04|21.04|11.39|11.39|3.54|3.54|125.26|19690.65|19097.69|15.88|
|贵州茅台|600519.SH|2025-04-09|19358.51|19358.51|22.45|22.45|8.3|8.37|20.94|20.94|11.33|11.33|3.55|3.55|124.62|19590.66|18997.7|15.8|
|贵州茅台|600519.SH|2025-04-08|19408.26|19408.26|22.51|22.51|8.33|8.4|20.99|20.99|11.36|11.36|3.54|3.54|124.94|19640.4|19047.45|15.84|
|贵州茅台|600519.SH|2025-04-07|18842.97|18842.97|21.85|21.85|8.08|8.14|20.38|20.38|11.03|11.03|3.65|3.65|121.3|19075.12|18482.16|15.37|
|贵州茅台|600519.SH|2025-04-03|19708.24|19708.24|22.86|22.86|8.45|8.51|21.31|21.31|11.53|11.53|3.49|3.49|126.87|19940.38|19347.43|16.09|
|贵州茅台|600519.SH|2025-04-02|19458.76|19458.76|26.04|23.53|8.19|9.42|29.22|31.89|13.18|11.78|3.54|3.54|129.68|19583.58|18982.74|18.31|
|贵州茅台|600519.SH|2025-04-01|19546.69|19546.69|26.16|23.64|8.22|9.47|29.35|32.04|13.23|11.83|3.52|3.52|130.26|19671.52|19070.67|18.4|
|贵州茅台|600519.SH|2025-03-31|19609.25|19609.25|26.24|23.72|8.25|9.5|29.45|32.14|13.28|11.87|3.51|3.51|130.68|19734.08|19133.23|18.46|
|贵州茅台|600519.SH|2025-03-28|19913.37|19913.37|26.65|24.08|8.38|9.64|29.9|32.64|13.48|12.05|3.45|3.45|132.71|20038.2|19437.35|18.75|
|贵州茅台|600519.SH|2025-03-27|19960.98|19960.98|26.71|24.14|8.4|9.67|29.97|32.72|13.52|12.08|3.45|3.45|133.02|20085.81|19484.96|18.8|
|贵州茅台|600519.SH|2025-03-26|19797.68|19797.68|26.49|23.94|8.33|9.59|29.73|32.45|13.4|11.98|3.47|3.47|131.94|19922.51|19321.66|18.64|
|贵州茅台|600519.SH|2025-03-25|19791.4|19791.4|26.48|23.94|8.33|9.58|29.72|32.44|13.4|11.98|3.48|3.48|131.89|19916.23|19315.38|18.63|
|贵州茅台|600519.SH|2025-03-24|19885.61|19885.61|26.61|24.05|8.37|9.63|29.86|32.59|13.46|12.04|3.46|3.46|132.52|20010.44|19409.59|18.72|
|贵州茅台|600519.SH|2025-03-21|19769.41|19769.41|26.45|23.91|8.32|9.57|29.69|32.4|13.39|11.97|3.48|3.48|131.75|19894.24|19293.39|18.61|
|贵州茅台|600519.SH|2025-03-20|20149.41|20149.41|26.96|24.37|8.48|9.76|30.26|33.02|13.64|12.2|3.41|3.41|134.28|20274.24|19673.39|18.98|
|贵州茅台|600519.SH|2025-03-19|20547.75|20547.75|27.49|24.85|8.64|9.95|30.86|33.68|13.91|12.44|3.35|3.35|136.93|20672.58|20071.73|19.36|
|贵州茅台|600519.SH|2025-03-18|20400.65|20400.65|27.3|24.67|8.58|9.88|30.63|33.44|13.81|12.35|3.37|3.37|135.95|20525.48|19924.63|19.22|
|贵州茅台|600519.SH|2025-03-17|20574.76|20574.76|27.53|24.88|8.66|9.96|30.9|33.72|13.93|12.45|3.34|3.34|137.11|20699.59|20098.74|19.39|
|贵州茅台|600519.SH|2025-03-14|20451.03|20451.03|27.37|24.73|8.6|9.9|30.71|33.52|13.85|12.38|3.36|3.36|136.29|20575.85|19975.01|19.27|
|贵州茅台|600519.SH|2025-03-13|19317.43|19317.43|25.85|23.36|8.13|9.35|29.01|31.66|13.08|11.69|3.56|3.56|128.74|19442.26|18841.41|18.17|
|贵州茅台|600519.SH|2025-03-12|19377.86|19377.86|25.93|23.44|8.15|9.38|29.1|31.76|13.12|11.73|3.55|3.55|129.14|19502.69|18901.84|18.23|
|贵州茅台|600519.SH|2025-03-11|19454.48|19454.48|26.03|23.53|8.18|9.42|29.21|31.89|13.17|11.78|3.54|3.54|129.65|19579.31|18978.47|18.31|
|贵州茅台|600519.SH|2025-03-10|19130.64|19130.64|25.6|23.14|8.05|9.26|28.73|31.36|12.95|11.58|3.6|3.6|127.49|19255.47|18654.62|17.99|
|贵州茅台|600519.SH|2025-03-07|19106.77|19106.77|25.57|23.11|8.04|9.25|28.69|31.32|12.94|11.57|3.6|3.6|127.33|19231.6|18630.75|17.97|
|贵州茅台|600519.SH|2025-03-06|18918.09|18918.09|25.31|22.88|7.96|9.16|28.41|31.01|12.81|11.45|3.64|3.64|126.07|19042.92|18442.07|17.79|
|贵州茅台|600519.SH|2025-03-05|18420.51|18420.51|24.65|22.28|7.75|8.92|27.66|30.19|12.47|11.15|3.73|3.73|122.76|18545.34|17944.49|17.31|
|贵州茅台|600519.SH|2025-03-04|18467.49|18467.49|24.71|22.33|7.77|8.93|27.73|30.27|12.5|11.18|3.72|3.72|123.07|18592.32|17991.47|17.35|
|贵州茅台|600519.SH|2025-03-03|18679.91|18679.91|25|22.59|7.86|9.04|28.05|30.62|12.65|11.31|3.68|3.68|124.49|18804.74|18203.89|17.56|
|贵州茅台|600519.SH|2025-02-28|18852.89|18852.89|25.23|22.8|7.93|9.12|28.31|30.9|12.76|11.41|3.65|3.65|125.64|18977.72|18376.87|17.73|
|贵州茅台|600519.SH|2025-02-27|18661.57|18661.57|24.97|22.57|7.85|9.03|28.02|30.59|12.64|11.3|3.69|3.69|124.36|18786.4|18185.55|17.54|
|贵州茅台|600519.SH|2025-02-26|18340.61|18340.61|24.54|22.18|7.72|8.87|27.54|30.06|12.42|11.1|3.75|3.75|122.23|18465.44|17864.6|17.23|
|贵州茅台|600519.SH|2025-02-25|18265.12|18265.12|24.44|22.09|7.68|8.84|27.43|29.94|12.37|11.06|3.77|3.77|121.72|18389.95|17789.1|17.16|
|贵州茅台|600519.SH|2025-02-24|18580.04|18580.04|24.86|22.47|7.82|8.99|27.9|30.45|12.58|11.25|3.7|3.7|123.82|18704.87|18104.03|17.46|
|贵州茅台|600519.SH|2025-02-21|18694.86|18694.86|25.02|22.61|7.86|9.04|28.07|30.64|12.66|11.32|3.68|3.68|124.59|18819.69|18218.84|17.57|
|贵州茅台|600519.SH|2025-02-20|18516.36|18516.36|24.78|22.39|7.79|8.96|27.81|30.35|12.54|11.21|3.71|3.71|123.4|18641.18|18040.34|17.4|
|贵州茅台|600519.SH|2025-02-19|18729.91|18729.91|25.06|22.65|7.88|9.06|28.13|30.7|12.68|11.34|3.67|3.67|124.82|18854.74|18253.89|17.61|
|贵州茅台|600519.SH|2025-02-18|18528.92|18528.92|24.79|22.41|7.79|8.96|27.82|30.37|12.55|11.22|3.71|3.71|123.48|18653.75|18052.9|17.41|
|贵州茅台|600519.SH|2025-02-17|18486.46|18486.46|24.74|22.36|7.78|8.94|27.76|30.3|12.52|11.19|3.72|3.72|123.2|18611.29|18010.44|17.37|
|贵州茅台|600519.SH|2025-02-14|18528.92|18528.92|24.79|22.41|7.79|8.96|27.82|30.37|12.55|11.22|3.71|3.71|123.48|18653.75|18052.9|17.41|
|贵州茅台|600519.SH|2025-02-13|18404.05|18404.05|24.63|22.26|7.74|8.9|27.64|30.16|12.46|11.14|3.74|3.74|122.65|18528.88|17928.03|17.29|
|贵州茅台|600519.SH|2025-02-12|18126.93|18126.93|24.26|21.92|7.63|8.77|27.22|29.71|12.27|10.97|3.79|3.79|120.8|18251.76|17650.92|17.03|
|贵州茅台|600519.SH|2025-02-11|17812.88|17812.88|23.84|21.54|7.49|8.62|26.75|29.2|12.06|10.78|3.86|3.86|118.71|17937.71|17336.87|16.72|
|贵州茅台|600519.SH|2025-02-10|17982.6|17982.6|24.06|21.75|7.56|8.7|27|29.47|12.18|10.89|3.83|3.83|119.84|18107.43|17506.58|16.89|
|贵州茅台|600519.SH|2025-02-07|18039|18039|24.14|21.82|7.59|8.73|27.09|29.57|12.21|10.92|3.81|3.81|120.22|18163.83|17562.98|16.94|
|贵州茅台|600519.SH|2025-02-06|17748.06|17748.06|23.75|21.46|7.47|8.56|26.65|29.09|12.02|10.74|3.88|3.88|118.28|17872.89|17272.05|16.66|
|贵州茅台|600519.SH|2025-02-05|17634.5|17634.5|23.6|21.33|7.42|8.5|26.48|28.9|11.94|10.67|3.9|3.9|117.52|17759.33|17158.49|16.55|
|贵州茅台|600519.SH|2025-01-27|18026.31|18026.31|24.12|21.8|7.58|8.69|27.07|29.55|12.21|10.91|3.82|3.82|120.13|18151.14|17550.29|16.93|
|贵州茅台|600519.SH|2025-01-24|18039|18039|24.14|21.82|7.59|8.7|27.09|29.57|12.21|10.92|3.81|3.81|120.22|18163.83|17562.98|16.94|
|贵州茅台|600519.SH|2025-01-23|18126.93|18126.93|24.26|21.92|7.63|8.74|27.22|29.71|12.27|10.97|3.79|3.79|120.8|18251.76|17650.92|17.03|
|贵州茅台|600519.SH|2025-01-22|18101.81|18101.81|24.22|21.89|7.62|8.73|27.18|29.67|12.26|10.96|3.8|3.8|120.63|18226.64|17625.79|17|
|贵州茅台|600519.SH|2025-01-21|18442.87|18442.87|24.68|22.3|7.76|8.89|27.69|30.23|12.49|11.16|3.73|3.73|122.91|18567.7|17966.85|17.33|
|贵州茅台|600519.SH|2025-01-20|18526.41|18526.41|24.79|22.41|7.79|8.93|27.82|30.36|12.54|11.21|3.71|3.71|123.46|18651.23|18050.39|17.41|
|贵州茅台|600519.SH|2025-01-17|18274.54|18274.54|24.45|22.1|7.69|8.81|27.44|29.95|12.37|11.06|3.76|3.76|121.79|18399.37|17798.52|17.17|
|贵州茅台|600519.SH|2025-01-16|18169.39|18169.39|24.31|21.97|7.64|8.76|27.28|29.78|12.3|11|3.79|3.79|121.08|18294.22|17693.38|17.07|
|贵州茅台|600519.SH|2025-01-15|18482.06|18482.06|24.73|22.35|7.78|8.91|27.75|30.29|12.51|11.19|3.72|3.72|123.17|18606.89|18006.04|17.37|
|贵州茅台|600519.SH|2025-01-14|18497.51|18497.51|24.75|22.37|7.78|8.92|27.78|30.32|12.52|11.2|3.72|3.72|123.27|18622.34|18021.49|17.38|
|贵州茅台|600519.SH|2025-01-13|18139.24|18139.24|24.27|21.94|7.63|8.75|27.24|29.73|12.28|10.98|3.79|3.79|120.88|18264.07|17663.23|17.04|
|贵州茅台|600519.SH|2025-01-10|18039|18039|24.14|21.82|7.59|8.7|27.09|29.57|12.21|10.92|3.81|3.81|120.22|18163.83|17562.98|16.94|
|贵州茅台|600519.SH|2025-01-09|18139.5|18139.5|24.27|21.94|7.63|8.75|27.24|29.73|12.28|10.98|3.79|3.79|120.89|18264.33|17663.48|17.04|
|贵州茅台|600519.SH|2025-01-08|18120.65|18120.65|24.25|21.92|7.62|8.74|27.21|29.7|12.27|10.97|3.8|3.8|120.76|18245.48|17644.63|17.02|
|贵州茅台|600519.SH|2025-01-07|18091.76|18091.76|24.21|21.88|7.61|8.72|27.17|29.65|12.25|10.95|3.8|3.8|120.57|18216.59|17615.74|16.99|
|贵州茅台|600519.SH|2025-01-06|18089.25|18089.25|24.2|21.88|7.61|8.72|27.16|29.65|12.25|10.95|3.8|3.8|120.55|18214.08|17613.23|16.99|
|贵州茅台|600519.SH|2025-01-03|18528.92|18528.92|24.79|22.41|7.79|8.93|27.82|30.37|12.55|11.22|3.71|3.71|123.48|18653.75|18052.9|17.41|
|贵州茅台|600519.SH|2025-01-02|18692.22|18692.22|25.01|22.61|7.86|9|28.07|30.64|12.66|11.31|3.68|3.68|124.57|18817.05|18216.2|17.57|
|贵州茅台|600519.SH|2024-12-31|19144.45|19144.45|25.62|23.15|8.05|9.22|28.75|31.38|12.96|11.59|2.95|3.59|127.58|19269.28|18668.44|18.01|
|贵州茅台|600519.SH|2024-12-30|19157.02|19157.02|25.63|23.17|8.06|9.22|28.77|31.4|12.97|11.6|2.95|3.59|127.67|19281.85|18681|18.02|
|贵州茅台|600519.SH|2024-12-27|19206.89|19206.89|25.7|23.23|8.08|9.25|28.84|31.48|13|11.63|2.94|3.58|128|19331.72|18730.87|18.07|
|贵州茅台|600519.SH|2024-12-26|19192.06|19192.06|25.68|23.21|8.07|9.24|28.82|31.46|12.99|11.62|2.95|3.58|127.9|19316.89|18716.05|18.05|
|贵州茅台|600519.SH|2024-12-25|19219.83|19219.83|25.72|23.24|8.09|9.25|28.86|31.5|13.01|11.63|2.94|3.58|128.09|19344.66|18743.81|18.08|
|贵州茅台|600519.SH|2024-12-24|19330.62|19330.62|25.87|23.38|8.13|9.31|29.03|31.68|13.09|11.7|2.93|3.56|128.82|19455.45|18854.6|18.19|
|贵州茅台|600519.SH|2024-12-23|19175.23|19175.23|25.66|23.19|8.07|9.23|28.79|31.43|12.98|11.61|2.95|3.59|127.79|19300.06|18699.21|18.04|
|贵州茅台|600519.SH|2024-12-20|19119.33|19119.33|25.58|23.12|8.04|9.2|28.71|31.34|12.95|11.57|2.96|3.6|127.42|19244.16|18643.31|17.98|
|贵州茅台|600519.SH|2024-12-19|19483.75|19483.75|26.07|23.56|8.2|8.2|29.26|31.93|13.19|11.79|2.9|3.22|129.84|19608.58|19007.74|18.33|
|贵州茅台|600519.SH|2024-12-18|19741.15|19741.15|26.42|23.88|8.3|8.3|29.64|32.36|13.37|11.95|2.86|3.18|131.56|19865.98|19265.13|18.58|
|贵州茅台|600519.SH|2024-12-17|19571.56|19571.56|26.19|23.67|8.23|8.23|29.39|32.08|13.25|11.85|2.89|3.21|130.43|19696.39|19095.54|18.42|
|贵州茅台|600519.SH|2024-12-16|19184.65|19184.65|25.67|23.2|8.07|8.07|28.81|31.44|12.99|11.61|2.95|3.27|127.85|19309.48|18708.63|18.05|
|贵州茅台|600519.SH|2024-12-13|19081.64|19081.64|25.53|23.08|8.03|8.03|28.65|31.27|12.92|11.55|2.96|3.29|127.16|19206.47|18605.63|17.95|
|贵州茅台|600519.SH|2024-12-12|19669.55|19669.55|26.32|23.79|8.27|8.27|29.54|32.24|13.32|11.91|2.88|3.19|131.08|19794.37|19193.53|18.51|
|贵州茅台|600519.SH|2024-12-11|19290.17|19290.17|25.81|23.33|8.12|8.12|28.97|31.62|13.06|11.68|2.93|3.25|128.55|19415|18814.16|18.15|
|贵州茅台|600519.SH|2024-12-10|19428.23|19428.23|26|23.5|8.17|8.17|29.17|31.84|13.15|11.76|2.91|3.23|129.47|19553.06|18952.21|18.28|
|贵州茅台|600519.SH|2024-12-09|19079.13|19079.13|25.53|23.07|8.03|8.03|28.65|31.27|12.92|11.55|2.96|3.29|127.15|19203.96|18603.11|17.94|
|贵州茅台|600519.SH|2024-12-06|19106.89|19106.89|25.57|23.11|8.04|8.04|28.69|31.32|12.94|11.57|2.96|3.29|127.33|19231.72|18630.88|17.97|
|贵州茅台|600519.SH|2024-12-05|18981.15|18981.15|25.4|22.96|7.99|7.99|28.5|31.11|12.85|11.49|2.98|3.31|126.49|19105.98|18505.13|17.85|
|贵州茅台|600519.SH|2024-12-04|19094.21|19094.21|25.55|23.09|8.03|8.03|28.67|31.3|12.93|11.56|2.96|3.29|127.25|19219.04|18618.19|17.96|
|贵州茅台|600519.SH|2024-12-03|19178.87|19178.87|25.66|23.2|8.07|8.07|28.8|31.43|12.99|11.61|2.95|3.27|127.81|19303.7|18702.86|18.04|
|贵州茅台|600519.SH|2024-12-02|19157.02|19157.02|25.63|23.17|8.06|8.06|28.77|31.4|12.97|11.6|2.95|3.28|127.67|19281.85|18681|18.02|
|贵州茅台|600519.SH|2024-11-29|19166.31|19166.31|25.65|23.18|8.06|8.06|28.78|31.41|12.98|11.6|2.95|3.28|127.73|19291.14|18690.29|18.03|
|贵州茅台|600519.SH|2024-11-28|19069.08|19069.08|25.52|23.06|8.02|8.02|28.64|31.25|12.91|11.54|2.97|3.29|127.08|19193.91|18593.06|17.93|
|贵州茅台|600519.SH|2024-11-27|19082.27|19082.27|25.53|23.08|8.03|8.03|28.66|31.28|12.92|11.55|2.96|3.29|127.17|19207.1|18606.25|17.95|
|贵州茅台|600519.SH|2024-11-26|18956.02|18956.02|25.36|22.93|7.97|7.97|28.47|31.07|12.83|11.47|2.98|3.31|126.33|19080.85|18480.01|17.83|
|贵州茅台|600519.SH|2024-11-25|18825|18825|25.19|22.77|7.92|7.92|28.27|30.85|12.75|11.4|3|3.34|125.45|18949.83|18348.99|17.7|
|贵州茅台|600519.SH|2024-11-22|18941.2|18941.2|25.34|22.91|7.97|7.97|28.44|31.04|12.82|11.47|2.99|3.31|126.23|19066.03|18465.18|17.81|
|贵州茅台|600519.SH|2024-11-21|19409.89|19409.89|25.97|23.47|8.17|8.17|29.15|31.81|13.14|11.75|2.91|3.23|129.35|19534.72|18933.87|18.26|
|贵州茅台|600519.SH|2024-11-20|19405.87|19405.87|25.97|23.47|8.16|8.16|29.14|31.81|13.14|11.75|2.91|3.24|129.32|19530.7|18929.85|18.26|
|贵州茅台|600519.SH|2024-11-19|19369.57|19369.57|25.92|23.43|8.15|8.15|29.09|31.75|13.11|11.72|2.92|3.24|129.08|19494.39|18893.55|18.22|
|贵州茅台|600519.SH|2024-11-18|19584.12|19584.12|26.21|23.69|8.24|8.24|29.41|32.1|13.26|11.85|2.89|3.21|130.51|19708.95|19108.11|18.43|
|贵州茅台|600519.SH|2024-11-15|19584.12|19584.12|26.21|23.69|8.24|8.24|29.41|32.1|13.26|11.85|2.89|3.21|130.51|19708.95|19108.11|18.43|
|贵州茅台|600519.SH|2024-11-14|19770.04|19770.04|26.45|23.91|8.32|8.32|29.69|32.4|13.39|11.97|2.86|3.18|131.75|19894.87|19294.02|18.61|
|贵州茅台|600519.SH|2024-11-13|19829.08|19829.08|26.53|23.98|8.34|8.34|29.78|32.5|13.43|12|2.85|3.17|132.15|19953.91|19353.06|18.67|
|贵州茅台|600519.SH|2024-11-12|19812.75|19812.75|26.51|23.96|8.33|8.33|29.75|32.47|13.41|11.99|2.85|3.17|132.04|19937.58|19336.73|18.65|
|贵州茅台|600519.SH|2024-11-11|20074.17|20074.17|26.86|24.28|8.44|8.44|30.14|32.9|13.59|12.15|2.82|3.13|133.78|20199|19598.15|18.9|
|贵州茅台|600519.SH|2024-11-08|20224.41|20224.41|27.06|24.46|8.51|8.51|30.37|33.15|13.69|12.24|2.8|3.1|134.78|20349.24|19748.39|19.05|
|贵州茅台|600519.SH|2024-11-07|20716.46|20716.46|27.72|25.05|8.71|8.71|31.11|33.95|14.03|12.54|2.73|3.03|138.06|20841.29|20240.44|19.52|
|贵州茅台|600519.SH|2024-11-06|19734.87|19734.87|26.41|23.87|8.3|8.3|29.63|32.35|13.36|11.95|2.87|3.18|131.52|19859.7|19258.85|18.58|
|贵州茅台|600519.SH|2024-11-05|19810.11|19810.11|26.51|23.96|8.33|8.33|29.75|32.47|13.41|11.99|2.85|3.17|132.02|19934.94|19334.1|18.65|
|贵州茅台|600519.SH|2024-11-04|19448.45|19448.45|26.02|23.52|8.18|8.18|29.2|31.88|13.17|11.77|2.91|3.23|129.61|19573.28|18972.44|18.3|
|贵州茅台|600519.SH|2024-11-01|19266.93|19266.93|25.78|23.3|8.11|8.11|28.93|31.58|13.05|11.66|2.94|3.26|128.4|19391.76|18790.92|18.13|
|贵州茅台|600519.SH|2024-10-31|19192.06|19192.06|25.68|23.21|8.07|8.07|28.82|31.46|12.99|11.62|2.95|3.27|127.9|19316.89|18716.05|18.05|
|贵州茅台|600519.SH|2024-10-30|19244.95|19244.95|25.75|23.27|8.1|8.1|28.9|31.54|13.03|11.65|2.94|3.26|128.25|19369.78|18768.93|18.1|
|贵州茅台|600519.SH|2024-10-29|19240.18|19240.18|25.74|23.27|8.09|8.09|28.89|31.53|13.03|11.65|2.94|3.26|128.22|19365.01|18764.16|18.1|
|贵州茅台|600519.SH|2024-10-28|19659.5|19659.5|26.31|23.78|8.27|8.27|29.52|32.22|13.31|11.9|2.88|3.19|131.02|19784.32|19183.48|18.5|
|贵州茅台|600519.SH|2024-10-25|19582.24|19582.24|26.2|24.34|8.96|8.96|29.41|26.89|13.26|12.24|2.89|3.21|133.94|19818.22|19249.82|18.57|
|贵州茅台|600519.SH|2024-10-24|19498.7|19498.7|26.09|24.24|8.92|8.92|29.28|26.77|13.2|12.18|2.9|3.22|133.37|19734.68|19166.28|18.49|
|贵州茅台|600519.SH|2024-10-23|19690.9|19690.9|26.35|24.48|9.01|9.01|29.57|27.04|13.33|12.3|2.87|3.19|134.69|19926.88|19358.48|18.67|
|贵州茅台|600519.SH|2024-10-22|19383.13|19383.13|25.94|24.09|8.87|8.87|29.11|26.61|13.12|12.11|2.92|3.24|132.58|19619.11|19050.71|18.38|
|贵州茅台|600519.SH|2024-10-21|19204.75|19204.75|25.7|23.87|8.79|8.79|28.84|26.37|13|12|2.94|3.27|131.36|19440.73|18872.33|18.2|
|贵州茅台|600519.SH|2024-10-18|19358.01|19358.01|25.9|24.06|8.86|8.86|29.07|26.58|13.11|12.1|2.92|3.24|132.41|19593.99|19025.59|18.35|
|贵州茅台|600519.SH|2024-10-17|18775.13|18775.13|25.12|23.34|8.59|8.59|28.19|25.78|12.71|11.73|3.01|3.34|128.42|19011.11|18442.71|17.79|
|贵州茅台|600519.SH|2024-10-16|19125.61|19125.61|25.59|23.77|8.75|8.75|28.72|26.26|12.95|11.95|2.96|3.28|130.82|19361.59|18793.19|18.13|
|贵州茅台|600519.SH|2024-10-15|19524.45|19524.45|26.13|24.27|8.93|8.93|29.32|26.81|13.22|12.2|2.9|3.22|133.55|19760.44|19192.03|18.51|
|贵州茅台|600519.SH|2024-10-14|20124.16|20124.16|26.93|25.01|9.21|9.21|30.22|27.63|13.63|12.57|2.81|3.12|137.65|20360.15|19791.74|19.09|
|贵州茅台|600519.SH|2024-10-11|20161.85|20161.85|26.98|25.06|9.22|9.22|30.28|27.68|13.65|12.6|2.8|3.11|137.91|20397.83|19829.43|19.13|
|贵州茅台|600519.SH|2024-10-10|20601.64|20601.64|27.57|25.61|9.43|9.43|30.94|28.29|13.95|12.87|2.74|3.05|140.92|20837.63|20269.22|19.55|
|贵州茅台|600519.SH|2024-10-09|20038.24|20038.24|26.81|24.91|9.17|9.17|30.09|27.51|13.57|12.52|2.82|3.13|137.06|20274.22|19705.82|19.01|
|贵州茅台|600519.SH|2024-10-08|21644.29|21644.29|28.96|26.9|9.9|9.9|32.5|29.72|14.65|13.52|2.61|2.9|148.05|21880.27|21311.87|20.56|
|贵州茅台|600519.SH|2024-09-30|21958.34|21958.34|29.38|27.29|10.05|10.05|32.97|30.15|14.87|13.72|2.58|2.86|150.2|22194.32|21625.92|20.86|
|贵州茅台|600519.SH|2024-09-27|20465.97|20465.97|27.39|25.44|9.36|9.36|30.73|28.1|13.86|12.79|2.76|3.07|139.99|20701.96|20133.55|19.42|
|贵州茅台|600519.SH|2024-09-26|19207.26|19207.26|25.7|23.88|8.79|8.79|28.84|26.37|13|12|2.94|3.27|131.38|19443.25|18874.84|18.21|
|贵州茅台|600519.SH|2024-09-25|17574.21|17574.21|23.52|21.85|8.04|8.04|26.39|24.13|11.9|10.98|3.22|3.57|120.21|17810.19|17241.79|16.63|
|贵州茅台|600519.SH|2024-09-24|17242.57|17242.57|23.07|21.43|7.89|7.89|25.89|23.68|11.67|10.77|3.28|3.64|117.94|17478.55|16910.15|16.31|
|贵州茅台|600519.SH|2024-09-23|15847.44|15847.44|21.21|19.7|7.25|7.25|23.8|21.76|10.73|9.9|3.57|3.96|108.4|16083.42|15515.02|14.97|
|贵州茅台|600519.SH|2024-09-20|15877.34|15877.34|21.25|19.74|7.26|7.26|23.84|21.8|10.75|9.92|3.56|3.95|108.6|16113.32|15544.91|14.99|
|贵州茅台|600519.SH|2024-09-19|15840.65|15840.65|21.2|19.69|7.25|7.25|23.79|21.75|10.73|9.9|3.57|3.96|108.35|16076.64|15508.23|14.96|
|贵州茅台|600519.SH|2024-09-18|15914.77|15914.77|21.3|19.78|7.28|7.28|23.9|21.85|10.78|9.94|3.55|3.95|108.86|16150.75|15582.35|15.03|
|贵州茅台|600519.SH|2024-09-13|16382.45|16382.45|21.92|20.36|7.5|7.5|24.6|22.49|11.09|10.24|3.45|3.83|112.06|16618.43|16050.03|15.48|
|贵州茅台|600519.SH|2024-09-12|16770.99|16770.99|22.44|20.85|7.67|7.67|25.18|23.03|11.36|10.48|3.37|3.74|114.71|17006.98|16438.57|15.86|
|贵州茅台|600519.SH|2024-09-11|17335.53|17335.53|23.2|21.55|7.93|7.93|26.03|23.8|11.74|10.83|3.26|3.62|118.58|17571.51|17003.11|16.4|
|贵州茅台|600519.SH|2024-09-10|17310.41|17310.41|23.16|21.52|7.92|7.92|25.99|23.77|11.72|10.82|3.27|3.63|118.4|17546.39|16977.98|16.38|
|贵州茅台|600519.SH|2024-09-09|17272.72|17272.72|23.11|21.47|7.9|7.9|25.94|23.72|11.7|10.79|3.27|3.64|118.15|17508.7|16940.3|16.34|
|贵州茅台|600519.SH|2024-09-06|17561.65|17561.65|23.5|21.83|8.03|8.03|26.37|24.11|11.89|10.97|3.22|3.58|120.12|17797.63|17229.22|16.62|
|贵州茅台|600519.SH|2024-09-05|17648.07|17648.07|23.61|21.94|8.07|8.07|26.5|24.23|11.95|11.03|3.2|3.56|120.71|17884.05|17315.65|16.7|
|贵州茅台|600519.SH|2024-09-04|17586.77|17586.77|23.53|21.86|8.05|8.05|26.41|24.15|11.91|10.99|3.22|3.57|120.29|17822.75|17254.35|16.64|
|贵州茅台|600519.SH|2024-09-03|17712.39|17712.39|23.7|22.02|8.1|8.1|26.6|24.32|11.99|11.07|3.19|3.54|121.15|17948.37|17379.97|16.76|
|贵州茅台|600519.SH|2024-09-02|17523.96|17523.96|23.45|21.78|8.02|8.02|26.31|24.06|11.87|10.95|3.23|3.58|119.86|17759.94|17191.54|16.58|
|贵州茅台|600519.SH|2024-08-30|18129.32|18129.32|24.26|22.54|8.29|8.29|27.22|24.89|12.28|11.33|3.12|3.46|124.01|18365.3|17796.9|17.17|
|贵州茅台|600519.SH|2024-08-29|17753.84|17753.84|23.76|22.07|8.12|8.12|26.66|24.38|12.02|11.09|3.19|3.54|121.44|17989.83|17421.42|16.8|
|贵州茅台|600519.SH|2024-08-28|17448.59|17448.59|23.35|21.69|7.98|7.98|26.2|23.96|11.81|10.9|3.24|3.6|119.35|17684.57|17116.17|16.51|
|贵州茅台|600519.SH|2024-08-27|17637.9|17637.9|23.6|21.92|8.07|8.07|26.49|24.22|11.94|11.02|3.21|3.56|120.64|17873.88|17305.48|16.69|
|贵州茅台|600519.SH|2024-08-26|17737.51|17737.51|23.73|22.05|8.12|8.12|26.64|24.36|12.01|11.08|3.19|3.54|121.33|17973.5|17405.09|16.79|
|贵州茅台|600519.SH|2024-08-23|17775.07|17775.07|23.78|22.09|8.13|8.13|26.69|24.41|12.04|11.11|3.18|3.53|121.58|18011.06|17442.65|16.83|
|贵州茅台|600519.SH|2024-08-22|17713.02|17713.02|23.7|22.02|8.1|8.1|26.6|24.32|11.99|11.07|3.19|3.54|121.16|17949|17380.6|16.77|
|贵州茅台|600519.SH|2024-08-21|17807.61|17807.61|23.83|22.14|8.15|8.15|26.74|24.45|12.06|11.13|3.18|3.53|121.81|18043.59|17475.19|16.86|
|贵州茅台|600519.SH|2024-08-20|17872.18|17872.18|23.91|22.22|8.18|8.18|26.84|24.54|12.1|11.17|3.16|3.51|122.25|18108.16|17539.76|16.92|
|贵州茅台|600519.SH|2024-08-19|17906.35|17906.35|23.96|22.26|8.19|8.19|26.89|24.59|12.12|11.19|3.16|3.51|122.48|18142.33|17573.92|16.95|
|贵州茅台|600519.SH|2024-08-16|17978.7|17978.7|24.06|22.35|8.23|8.23|27|24.69|12.17|11.23|3.15|3.49|122.98|18214.69|17646.28|17.02|
|贵州茅台|600519.SH|2024-08-15|17924.56|17924.56|23.98|22.28|8.2|8.2|26.92|24.61|12.14|11.2|3.15|3.5|122.61|18160.54|17592.14|16.97|
|贵州茅台|600519.SH|2024-08-14|17753.84|17753.84|23.76|22.07|8.12|8.12|26.66|24.38|12.02|11.09|3.19|3.54|121.44|17989.83|17421.42|16.8|
|贵州茅台|600519.SH|2024-08-13|17875.82|17875.82|23.92|22.22|8.18|8.18|26.84|24.55|12.1|11.17|3.16|3.51|122.27|18111.8|17543.4|16.92|
|贵州茅台|600519.SH|2024-08-12|18040.26|18040.26|24.14|22.42|8.25|8.25|27.09|24.77|12.21|11.27|3.13|3.48|123.4|18276.24|17707.84|17.08|
|贵州茅台|600519.SH|2024-08-09|18049.05|18049.05|24.15|22.44|8.26|8.26|27.1|24.78|12.22|11.28|3.13|3.48|123.46|18285.03|17716.63|17.09|
|贵州茅台|600519.SH|2024-08-08|17972.3|17972.3|24.05|23.04|7.5|8.94|26.99|25.48|12.17|11.62|3.15|3.49|128.49|18056.67|17314.7|16.7|
|贵州茅台|600519.SH|2024-08-07|17781.48|17781.48|23.79|22.8|7.42|8.85|26.7|25.21|12.04|11.49|3.18|3.53|127.12|17865.86|17123.89|16.52|
|贵州茅台|600519.SH|2024-08-06|17645.81|17645.81|23.61|22.62|7.36|8.78|26.5|25.02|11.95|11.41|3.2|3.56|126.15|17730.19|16988.22|16.39|
|贵州茅台|600519.SH|2024-08-05|17712.51|17712.51|23.7|22.71|7.39|8.81|26.6|25.11|11.99|11.45|3.19|3.54|126.63|17796.89|17054.92|16.45|
|贵州茅台|600519.SH|2024-08-02|17403.99|17403.99|23.29|22.31|7.26|8.66|26.13|24.67|11.78|11.25|3.25|3.61|124.42|17488.37|16746.4|16.15|
|贵州茅台|600519.SH|2024-08-01|17412.91|17412.91|23.3|22.32|7.26|8.67|26.15|24.69|11.79|11.26|3.25|3.61|124.49|17497.29|16755.32|16.16|
|贵州茅台|600519.SH|2024-07-31|17854.09|17854.09|23.89|22.89|7.45|8.88|26.81|25.31|12.09|11.54|3.17|3.52|127.64|17938.46|17196.49|16.59|
|贵州茅台|600519.SH|2024-07-30|17335.4|17335.4|23.2|22.22|7.23|8.63|26.03|24.58|11.74|11.2|3.26|3.62|123.93|17419.78|16677.81|16.09|
|贵州茅台|600519.SH|2024-07-29|17561.9|17561.9|23.5|22.51|7.33|8.74|26.37|24.9|11.89|11.35|3.22|3.58|125.55|17646.27|16904.3|16.31|
|贵州茅台|600519.SH|2024-07-26|17865.52|17865.52|23.91|22.9|7.45|8.89|26.83|25.33|12.1|11.55|3.17|3.51|127.72|17949.9|17207.92|16.6|
|贵州茅台|600519.SH|2024-07-25|17969.78|17969.78|24.05|23.04|7.5|8.94|26.98|25.48|12.17|11.61|3.15|3.49|128.47|18054.16|17312.19|16.7|
|贵州茅台|600519.SH|2024-07-24|18089.5|18089.5|24.21|23.19|7.55|9|27.16|25.65|12.25|11.69|3.13|3.47|129.32|18173.88|17431.91|16.81|
|贵州茅台|600519.SH|2024-07-23|18277.68|18277.68|24.46|23.43|7.62|9.1|27.45|25.91|12.38|11.81|3.09|3.44|130.67|18362.05|17620.08|17|
|贵州茅台|600519.SH|2024-07-22|18830.41|18830.41|25.2|24.14|7.85|9.37|28.28|26.7|12.75|12.17|3|3.33|134.62|18914.78|18172.81|17.53|
|贵州茅台|600519.SH|2024-07-19|19164.8|19164.8|25.64|24.57|7.99|9.54|28.78|27.17|12.98|12.39|2.95|3.28|137.01|19249.18|18507.21|17.85|
|贵州茅台|600519.SH|2024-07-18|18811.69|18811.69|25.17|24.12|7.85|9.36|28.25|26.67|12.74|12.16|3.01|3.34|134.49|18896.06|18154.09|17.51|
|贵州茅台|600519.SH|2024-07-17|18860.55|18860.55|25.24|24.18|7.87|9.39|28.32|26.74|12.77|12.19|3|3.33|134.84|18944.93|18202.96|17.56|
|贵州茅台|600519.SH|2024-07-16|18541.48|18541.48|24.81|23.77|7.73|9.23|27.84|26.29|12.55|11.98|3.05|3.39|132.55|18625.86|17883.88|17.25|
|贵州茅台|600519.SH|2024-07-15|18527.66|18527.66|24.79|23.75|7.73|9.22|27.82|26.27|12.54|11.98|3.05|3.39|132.46|18612.04|17870.07|17.24|
|贵州茅台|600519.SH|2024-07-12|18576.9|18576.9|24.86|23.82|7.75|9.24|27.9|26.34|12.58|12.01|3.04|3.38|132.81|18661.28|17919.31|17.28|
|贵州茅台|600519.SH|2024-07-11|18366.74|18366.74|24.58|23.55|7.66|9.14|27.58|26.04|12.44|11.87|3.08|3.42|131.31|18451.12|17709.15|17.08|
|贵州茅台|600519.SH|2024-07-10|18058.97|18058.97|24.16|23.15|7.53|8.99|27.12|25.6|12.23|11.67|3.13|3.48|129.1|18143.35|17401.38|16.79|
|贵州茅台|600519.SH|2024-07-09|18064.5|18064.5|24.17|23.16|7.54|8.99|27.13|25.61|12.23|11.68|3.13|3.48|129.14|18148.88|17406.91|16.79|
|贵州茅台|600519.SH|2024-07-08|17838.01|17838.01|23.87|22.87|7.44|8.88|26.79|25.29|12.08|11.53|3.17|3.52|127.53|17922.39|17180.41|16.57|
|贵州茅台|600519.SH|2024-07-05|18252.55|18252.55|24.42|23.4|7.61|9.08|27.41|25.88|12.36|11.8|3.1|3.44|130.49|18336.93|17594.96|16.97|
|贵州茅台|600519.SH|2024-07-04|18663.83|18663.83|24.97|23.93|7.79|9.29|28.03|26.46|12.64|12.06|3.03|3.36|133.43|18748.21|18006.24|17.37|
|贵州茅台|600519.SH|2024-07-03|18842.97|18842.97|25.21|24.16|7.86|9.38|28.3|26.71|12.76|12.18|3|3.33|134.71|18927.34|18185.37|17.54|
|贵州茅台|600519.SH|2024-07-02|18726.14|18726.14|25.06|24.01|7.81|9.32|28.12|26.55|12.68|12.1|3.02|3.35|133.87|18810.52|18068.55|17.43|
|贵州茅台|600519.SH|2024-07-01|18094.02|18094.02|24.21|23.2|7.55|9|27.17|25.65|12.25|11.7|3.13|3.47|129.36|18178.4|17436.43|16.82|
|贵州茅台|600519.SH|2024-06-28|18433.32|18433.32|24.67|23.63|7.69|9.17|27.68|26.13|12.48|11.91|3.07|3.41|131.78|18517.7|17775.73|17.15|
|贵州茅台|600519.SH|2024-06-27|18723.5|18723.5|25.05|24|7.81|9.32|28.12|26.54|12.68|12.1|3.02|3.35|133.86|18807.88|18065.91|17.43|
|贵州茅台|600519.SH|2024-06-26|18707.55|18707.55|25.03|23.98|7.8|9.31|28.09|26.52|12.67|12.09|3.02|3.36|133.74|18791.93|18049.95|17.41|
|贵州茅台|600519.SH|2024-06-25|18675.26|18675.26|24.99|23.94|7.79|9.29|28.04|26.48|12.64|12.07|3.03|3.36|133.51|18759.64|18017.67|17.38|
|贵州茅台|600519.SH|2024-06-24|18548.39|18548.39|24.82|23.78|7.74|9.23|27.85|26.3|12.56|11.99|3.05|3.39|132.6|18632.77|17890.79|17.26|
|贵州茅台|600519.SH|2024-06-21|18478.67|18478.67|24.73|23.69|7.71|9.2|27.75|26.2|12.51|11.94|3.06|3.4|132.11|18563.05|17821.08|17.19|
|贵州茅台|600519.SH|2024-06-20|18844.22|18844.22|25.21|24.16|7.86|9.38|28.3|26.72|12.76|12.18|3|3.33|134.72|18928.6|18186.63|17.54|
|贵州茅台|600519.SH|2024-06-19|18855.53|18855.53|25.23|24.17|7.87|9.38|28.31|26.73|12.77|12.19|3|3.33|134.8|18939.91|18197.93|17.55|
|贵州茅台|600519.SH|2024-06-18|19113.05|19113.05|25.57|24.5|7.97|7.97|28.7|27.1|12.94|12.35|2.96|2.96|136.64|19197.43|18455.45|17.8|
|贵州茅台|600519.SH|2024-06-17|19364.29|19364.29|25.91|24.82|8.08|8.08|29.08|27.45|13.11|12.52|2.92|2.92|138.44|19448.67|18706.69|18.04|
|贵州茅台|600519.SH|2024-06-14|19533.88|19533.88|26.14|25.04|8.15|8.15|29.33|27.69|13.23|12.63|2.9|2.9|139.65|19618.25|18876.28|18.21|
|贵州茅台|600519.SH|2024-06-13|19534|19534|26.14|25.04|8.15|8.15|29.33|27.69|13.23|12.63|2.9|2.9|139.65|19618.38|18876.41|18.21|
|贵州茅台|600519.SH|2024-06-12|19743.41|19743.41|26.42|25.31|8.24|8.24|29.65|27.99|13.37|12.76|2.86|2.86|141.15|19827.79|19085.82|18.41|
|贵州茅台|600519.SH|2024-06-11|19709.74|19709.74|26.37|25.27|8.22|8.22|29.6|27.94|13.35|12.74|2.87|2.87|140.91|19794.12|19052.15|18.38|
|贵州茅台|600519.SH|2024-06-07|20340.1|20340.1|27.22|26.08|8.48|8.48|30.54|28.84|13.77|13.15|2.78|2.78|145.41|20424.48|19682.51|18.99|
|贵州茅台|600519.SH|2024-06-06|20599.26|20599.26|27.56|26.41|8.59|8.59|30.93|29.2|13.95|13.31|2.75|2.75|147.27|20683.63|19941.66|19.24|
|贵州茅台|600519.SH|2024-06-05|20651.89|20651.89|27.63|26.48|8.61|8.61|31.01|29.28|13.98|13.35|2.74|2.74|147.64|20736.27|19994.3|19.29|
|贵州茅台|600519.SH|2024-06-04|20767.46|20767.46|27.79|26.62|8.66|8.66|31.19|29.44|14.06|13.42|2.72|2.72|148.47|20851.84|20109.87|19.4|
|贵州茅台|600519.SH|2024-06-03|20593.98|20593.98|27.56|26.4|8.59|8.59|30.93|29.2|13.94|13.31|2.75|2.75|147.23|20678.36|19936.39|19.23|
|贵州茅台|600519.SH|2024-05-31|20707.79|20707.79|27.71|26.55|8.64|8.64|31.1|29.36|14.02|13.38|2.73|2.73|148.04|20792.17|20050.2|19.34|
|贵州茅台|600519.SH|2024-05-30|20714.7|20714.7|27.72|26.56|8.64|8.64|31.11|29.37|14.03|13.39|2.73|2.73|148.09|20799.08|20057.11|19.35|
|贵州茅台|600519.SH|2024-05-29|21028.75|21028.75|28.14|26.96|8.77|8.77|31.58|29.81|14.24|13.59|2.69|2.69|150.34|21113.13|20371.16|19.65|
|贵州茅台|600519.SH|2024-05-28|20911.17|20911.17|27.98|26.81|8.72|8.72|31.4|29.65|14.16|13.52|2.7|2.7|149.5|20995.55|20253.58|19.54|
|贵州茅台|600519.SH|2024-05-27|20980.01|20980.01|28.07|26.9|8.75|8.75|31.5|29.74|14.21|13.56|2.7|2.7|149.99|21064.39|20322.42|19.6|
|贵州茅台|600519.SH|2024-05-24|21067.44|21067.44|28.19|27.01|8.79|8.79|31.64|29.87|14.26|13.62|2.68|2.68|150.61|21151.82|20409.85|19.69|
|贵州茅台|600519.SH|2024-05-23|21254.99|21254.99|28.44|27.25|8.87|8.87|31.92|30.13|14.39|13.74|2.66|2.66|151.95|21339.37|20597.4|19.87|
|贵州茅台|600519.SH|2024-05-22|21326.6|21326.6|28.54|27.34|8.9|8.9|32.03|30.24|14.44|13.78|2.65|2.65|152.47|21410.97|20669|19.94|
|贵州茅台|600519.SH|2024-05-21|21418.17|21418.17|28.66|27.46|8.93|8.93|32.16|30.36|14.5|13.84|2.64|2.64|153.12|21502.55|20760.58|20.03|
|贵州茅台|600519.SH|2024-05-20|21468.42|21468.42|28.73|27.52|8.96|8.96|32.24|30.44|14.54|13.88|2.63|2.63|153.48|21552.8|20810.83|20.07|
|贵州茅台|600519.SH|2024-05-17|21543.79|21543.79|28.83|27.62|8.99|8.99|32.35|30.54|14.59|13.93|2.62|2.62|154.02|21628.17|20886.2|20.15|
|贵州茅台|600519.SH|2024-05-16|21411.89|21411.89|28.65|27.45|8.93|8.93|32.15|30.36|14.5|13.84|2.64|2.64|153.08|21496.27|20754.3|20.02|
|贵州茅台|600519.SH|2024-05-15|21355.36|21355.36|28.58|27.38|8.91|8.91|32.07|30.28|14.46|13.8|2.65|2.65|152.67|21439.74|20697.77|19.96|
|贵州茅台|600519.SH|2024-05-14|21380.24|21380.24|28.61|27.41|8.92|8.92|32.11|30.31|14.48|13.82|2.65|2.65|152.85|21464.61|20722.64|19.99|
|贵州茅台|600519.SH|2024-05-13|21430.73|21430.73|28.68|27.47|8.94|8.94|32.18|30.38|14.51|13.85|2.64|2.64|153.21|21515.11|20773.14|20.04|
|贵州茅台|600519.SH|2024-05-10|21845.03|21845.03|29.23|28|9.11|9.11|32.8|30.97|14.79|14.12|2.59|2.59|156.17|21929.41|21187.43|20.44|
|贵州茅台|600519.SH|2024-05-09|22058.83|22058.83|29.52|28.28|9.2|9.2|33.12|31.27|14.94|14.26|2.56|2.56|157.7|22143.21|21401.24|20.64|
|贵州茅台|600519.SH|2024-05-08|22158.95|22158.95|29.65|28.41|9.24|9.24|33.28|31.42|15|14.32|2.55|2.55|158.42|22243.33|21501.36|20.74|
|贵州茅台|600519.SH|2024-05-07|22234.7|22234.7|29.75|28.5|9.27|9.27|33.39|31.52|15.05|14.37|2.54|2.54|158.96|22319.08|21577.11|20.81|
|贵州茅台|600519.SH|2024-05-06|22111.59|22111.59|29.59|28.35|9.22|9.22|33.2|31.35|14.97|14.29|2.56|2.56|158.08|22195.97|21454|20.69|
|贵州茅台|600519.SH|2024-04-30|21418.17|21418.17|28.66|27.46|8.93|8.93|32.16|30.36|14.5|13.84|2.64|2.64|153.12|21502.55|20760.58|20.03|
|贵州茅台|600519.SH|2024-04-29|21405.61|21405.61|28.64|27.44|8.93|8.93|32.14|30.35|14.49|13.84|2.64|2.64|153.03|21489.99|20748.02|20.01|
|贵州茅台|600519.SH|2024-04-26|21473.82|21473.82|28.73|28.73|9.96|9.96|32.25|32.25|14.54|14.54|2.63|2.63|169.32|21594.74|20904.04|20.16|
|贵州茅台|600519.SH|2024-04-25|21267.93|21267.93|28.46|28.46|9.86|9.86|31.94|31.94|14.4|14.4|2.66|2.66|167.69|21388.85|20698.15|19.97|
|贵州茅台|600519.SH|2024-04-24|21274.97|21274.97|28.47|28.47|9.86|9.86|31.95|31.95|14.4|14.4|2.66|2.66|167.75|21395.88|20705.18|19.97|
|贵州茅台|600519.SH|2024-04-23|21258.38|21258.38|28.45|28.45|9.86|9.86|31.92|31.92|14.39|14.39|2.66|2.66|167.62|21379.3|20688.6|19.96|
|贵州茅台|600519.SH|2024-04-22|21042.07|21042.07|28.16|28.16|9.76|9.76|31.6|31.6|14.25|14.25|2.69|2.69|165.91|21162.98|20472.28|19.75|
|贵州茅台|600519.SH|2024-04-19|20685.06|20685.06|27.68|27.68|9.59|9.59|31.06|31.06|14.01|14.01|2.73|2.73|163.1|20805.97|20115.27|19.4|
|贵州茅台|600519.SH|2024-04-18|20988.3|20988.3|28.08|28.08|9.73|9.73|31.52|31.52|14.21|14.21|2.69|2.69|165.49|21109.22|20418.52|19.7|
|贵州茅台|600519.SH|2024-04-17|20940.82|20940.82|28.02|28.02|9.71|9.71|31.45|31.45|14.18|14.18|2.7|2.7|165.11|21061.73|20371.03|19.65|
|贵州茅台|600519.SH|2024-04-16|20978.5|20978.5|28.07|28.07|9.73|9.73|31.5|31.5|14.2|14.2|2.7|2.7|165.41|21099.42|20408.72|19.69|
|贵州茅台|600519.SH|2024-04-15|21015.94|21015.94|28.12|28.12|9.74|9.74|31.56|31.56|14.23|14.23|2.69|2.69|165.71|21136.85|20446.15|19.72|
|贵州茅台|600519.SH|2024-04-12|20526.65|20526.65|27.47|27.47|9.52|9.52|30.82|30.82|13.9|13.9|2.75|2.75|161.85|20647.56|19956.86|19.25|
|贵州茅台|600519.SH|2024-04-11|20702.14|20702.14|27.7|27.7|9.6|9.6|31.09|31.09|14.02|14.02|2.73|2.73|163.23|20823.06|20132.35|19.42|
|贵州茅台|600519.SH|2024-04-10|20701.89|20701.89|27.7|27.7|9.6|9.6|31.09|31.09|14.02|14.02|2.73|2.73|163.23|20822.8|20132.1|19.42|
|贵州茅台|600519.SH|2024-04-09|20880.77|20880.77|27.94|27.94|9.68|9.68|31.36|31.36|14.14|14.14|2.71|2.71|164.64|21001.69|20310.99|19.59|
|贵州茅台|600519.SH|2024-04-08|20936.55|20936.55|28.01|28.01|9.71|9.71|31.44|31.44|14.18|14.18|2.7|2.7|165.08|21057.46|20366.76|19.65|
|贵州茅台|600519.SH|2024-04-03|21545.17|21545.17|28.83|28.83|9.99|9.99|32.35|32.35|14.59|14.59|2.62|2.62|169.88|21666.09|20975.39|20.23|
|贵州茅台|600519.SH|2024-04-02|21531.1|21531.1|34.33|30.24|9.89|11.11|58.67|27.86|17.35|15.36|2.63|2.63|179.08|21626.98|20920.57|23.79|
|贵州茅台|600519.SH|2024-04-01|21623.31|21623.31|34.48|30.37|9.93|11.16|58.92|27.97|17.42|15.42|2.62|2.62|179.85|21719.19|21012.78|23.9|
|贵州茅台|600519.SH|2024-03-29|21391.79|21391.79|34.11|30.05|9.82|11.04|58.29|27.68|17.24|15.26|2.64|2.64|177.92|21487.67|20781.26|23.63|
|贵州茅台|600519.SH|2024-03-28|21375.96|21375.96|34.08|30.03|9.81|11.03|58.25|27.65|17.22|15.25|2.65|2.65|177.79|21471.84|20765.43|23.62|
|贵州茅台|600519.SH|2024-03-27|21367.92|21367.92|34.07|30.01|9.81|11.03|58.23|27.64|17.22|15.24|2.65|2.65|177.73|21463.8|20757.39|23.61|
|贵州茅台|600519.SH|2024-03-26|21472.06|21472.06|34.24|30.16|9.86|11.08|58.51|27.78|17.3|15.31|2.63|2.63|178.59|21567.94|20861.53|23.73|
|贵州茅台|600519.SH|2024-03-25|21217.31|21217.31|33.83|29.8|9.74|10.95|57.81|27.45|17.1|15.13|2.67|2.67|176.47|21313.19|20606.78|23.44|
|贵州茅台|600519.SH|2024-03-22|21372.32|21372.32|34.08|30.02|9.81|11.03|58.24|27.65|17.22|15.24|2.65|2.65|177.76|21468.2|20761.79|23.61|
|贵州茅台|600519.SH|2024-03-21|21468.42|21468.42|34.23|30.16|9.86|11.08|58.5|27.77|17.3|15.31|2.63|2.63|178.56|21564.3|20857.89|23.72|
|贵州茅台|600519.SH|2024-03-20|21475.96|21475.96|34.24|30.17|9.86|11.08|58.52|27.78|17.31|15.32|2.63|2.63|178.62|21571.84|20865.43|23.73|
|贵州茅台|600519.SH|2024-03-19|21456.11|21456.11|34.21|30.14|9.85|11.07|58.47|27.76|17.29|15.3|2.64|2.64|178.46|21551.99|20845.58|23.71|
|贵州茅台|600519.SH|2024-03-18|21459.12|21459.12|34.22|30.14|9.85|11.07|58.47|27.76|17.29|15.31|2.64|2.64|178.48|21555|20848.59|23.71|
|贵州茅台|600519.SH|2024-03-15|21575.07|21575.07|34.4|30.31|9.91|11.13|58.79|27.91|17.39|15.39|2.62|2.62|179.45|21670.95|20964.54|23.84|
|贵州茅台|600519.SH|2024-03-14|21564.27|21564.27|34.38|30.29|9.9|11.13|58.76|27.9|17.38|15.38|2.62|2.62|179.36|21660.15|20953.74|23.83|
|贵州茅台|600519.SH|2024-03-13|21700.19|21700.19|34.6|30.48|9.96|11.2|59.13|28.07|17.49|15.48|2.61|2.61|180.49|21796.07|21089.66|23.99|
|贵州茅台|600519.SH|2024-03-12|21920.65|21920.65|34.95|30.79|10.06|11.31|59.73|28.36|17.66|15.63|2.58|2.58|182.32|22016.53|21310.12|24.24|
|贵州茅台|600519.SH|2024-03-11|21286.15|21286.15|33.94|29.9|9.77|10.98|58|27.54|17.15|15.18|2.66|2.66|177.05|21382.03|20675.62|23.51|
|贵州茅台|600519.SH|2024-03-08|20996.47|20996.47|33.48|29.49|9.64|10.83|57.21|27.16|16.92|14.98|2.69|2.69|174.64|21092.35|20385.94|23.19|
|贵州茅台|600519.SH|2024-03-07|21149.72|21149.72|33.72|29.71|9.71|10.91|57.63|27.36|17.04|15.08|2.67|2.67|175.91|21245.6|20539.19|23.36|
|贵州茅台|600519.SH|2024-03-06|21111.03|21111.03|33.66|29.65|9.69|10.89|57.53|27.31|17.01|15.06|2.68|2.68|175.59|21206.91|20500.5|23.32|
|贵州茅台|600519.SH|2024-03-05|21293.81|21293.81|33.95|29.91|9.78|10.99|58.02|27.55|17.16|15.19|2.66|2.66|177.11|21389.69|20683.28|23.52|
|贵州茅台|600519.SH|2024-03-04|21057.64|21057.64|33.58|29.58|9.67|10.87|57.38|27.24|16.97|15.02|2.69|2.69|175.15|21153.52|20447.11|23.25|
|贵州茅台|600519.SH|2024-03-01|21167.69|21167.69|33.75|29.73|9.72|10.92|57.68|27.39|17.06|15.1|2.67|2.67|176.06|21263.57|20557.16|23.38|
|贵州茅台|600519.SH|2024-02-29|21292.55|21292.55|33.95|29.91|9.78|10.99|58.02|27.55|17.16|15.19|2.66|2.66|177.1|21388.43|20682.02|23.52|
|贵州茅台|600519.SH|2024-02-28|21123.59|21123.59|33.68|29.67|9.7|10.9|57.56|27.33|17.02|15.07|2.68|2.68|175.69|21219.47|20513.06|23.33|
|贵州茅台|600519.SH|2024-02-27|21223.46|21223.46|33.84|29.81|9.74|10.95|57.83|27.46|17.1|15.14|2.66|2.66|176.52|21319.34|20612.93|23.44|
|贵州茅台|600519.SH|2024-02-26|21292.3|21292.3|33.95|29.91|9.78|10.99|58.02|27.55|17.16|15.19|2.66|2.66|177.1|21388.18|20681.77|23.52|
|贵州茅台|600519.SH|2024-02-23|21532.36|21532.36|34.33|30.25|9.89|11.11|58.67|27.86|17.35|15.36|2.63|2.63|179.09|21628.24|20921.83|23.79|
|贵州茅台|600519.SH|2024-02-22|21586.25|21586.25|34.42|30.32|9.91|11.14|58.82|27.93|17.39|15.4|2.62|2.62|179.54|21682.13|20975.72|23.86|
|贵州茅台|600519.SH|2024-02-21|21577.21|21577.21|34.4|30.31|9.91|11.13|58.8|27.92|17.39|15.39|2.62|2.62|179.47|21673.09|20966.68|23.85|
|贵州茅台|600519.SH|2024-02-20|20978.5|20978.5|33.45|29.47|9.63|10.82|57.16|27.14|16.9|14.96|2.7|2.7|174.49|21074.38|20367.97|23.16|
|贵州茅台|600519.SH|2024-02-19|21297.95|21297.95|33.96|29.92|9.78|10.99|58.03|27.55|17.16|15.19|2.66|2.66|177.14|21393.83|20687.42|23.53|
|贵州茅台|600519.SH|2024-02-08|21430.73|21430.73|34.17|30.1|9.84|11.06|58.4|27.73|17.27|15.29|2.64|2.64|178.25|21526.61|20820.2|23.68|
|贵州茅台|600519.SH|2024-02-07|21493.42|21493.42|34.27|30.19|9.87|11.09|58.57|27.81|17.32|15.33|2.63|2.63|178.77|21589.3|20882.89|23.75|
|贵州茅台|600519.SH|2024-02-06|21053.88|21053.88|33.57|29.57|9.67|10.86|57.37|27.24|16.97|15.02|2.69|2.69|175.11|21149.75|20443.34|23.25|
|贵州茅台|600519.SH|2024-02-05|20476.15|20476.15|32.65|28.76|9.4|10.57|55.8|26.49|16.5|14.6|2.76|2.76|170.31|20572.03|19865.62|22.59|
|贵州茅台|600519.SH|2024-02-02|20048.92|20048.92|31.97|28.16|9.2|10.34|54.63|25.94|16.16|14.3|2.82|2.82|166.76|20144.8|19438.39|22.11|
|贵州茅台|600519.SH|2024-02-01|20225.16|20225.16|32.25|28.41|9.29|10.44|55.11|26.17|16.3|14.43|2.8|2.8|168.22|20321.04|19614.63|22.31|
|贵州茅台|600519.SH|2024-01-31|20160.84|20160.84|32.15|28.32|9.26|10.4|54.94|26.08|16.25|14.38|2.81|2.81|167.69|20256.72|19550.31|22.23|
|贵州茅台|600519.SH|2024-01-30|20262.47|20262.47|32.31|28.46|9.3|10.45|55.21|26.21|16.33|14.45|2.79|2.79|168.53|20358.35|19651.94|22.35|
|贵州茅台|600519.SH|2024-01-29|20727.26|20727.26|33.05|29.11|9.52|10.69|56.48|26.82|16.7|14.78|2.73|2.73|172.4|20823.14|20116.73|22.88|
|贵州茅台|600519.SH|2024-01-26|20567.98|20567.98|32.8|28.89|9.44|10.61|56.05|26.61|16.57|14.67|2.75|2.75|171.07|20663.86|19957.45|22.7|
|贵州茅台|600519.SH|2024-01-25|20576.52|20576.52|32.81|28.9|9.45|10.62|56.07|26.62|16.58|14.68|2.75|2.75|171.14|20672.4|19965.99|22.71|
|贵州茅台|600519.SH|2024-01-24|20425.78|20425.78|32.57|28.69|9.38|10.54|55.66|26.43|16.46|14.57|2.77|2.77|169.89|20521.66|19815.25|22.54|
|贵州茅台|600519.SH|2024-01-23|20337.84|20337.84|32.43|28.57|9.34|10.49|55.42|26.31|16.39|14.51|2.78|2.78|169.16|20433.72|19727.31|22.44|
|贵州茅台|600519.SH|2024-01-22|20626.77|20626.77|32.89|28.97|9.47|10.64|56.21|26.69|16.62|14.71|2.74|2.74|171.56|20722.65|20016.24|22.76|
|贵州茅台|600519.SH|2024-01-19|20538.83|20538.83|32.75|28.85|9.43|10.6|55.97|26.57|16.55|14.65|2.75|2.75|170.83|20634.71|19928.3|22.66|
|贵州茅台|600519.SH|2024-01-18|20235.71|20235.71|32.27|28.42|9.29|10.44|55.14|26.18|16.31|14.43|2.79|2.79|168.31|20331.59|19625.18|22.32|
|贵州茅台|600519.SH|2024-01-17|19810.24|19810.24|31.59|27.83|9.1|10.22|53.98|25.63|15.96|14.13|2.85|2.85|164.77|19906.12|19199.71|21.84|
|贵州茅台|600519.SH|2024-01-16|20594.48|20594.48|32.84|28.93|9.46|10.63|56.12|26.64|16.6|14.69|2.75|2.75|171.29|20690.36|19983.95|22.73|
|贵州茅台|600519.SH|2024-01-15|20601.64|20601.64|32.85|28.94|9.46|10.63|56.14|26.65|16.6|14.69|2.74|2.74|171.35|20697.52|19991.11|22.74|
|贵州茅台|600519.SH|2024-01-12|20640.08|20640.08|32.91|28.99|9.48|10.65|56.24|26.7|16.63|14.72|2.74|2.74|171.67|20735.96|20029.55|22.78|
|贵州茅台|600519.SH|2024-01-11|20684.18|20684.18|32.98|29.05|9.5|10.67|56.36|26.76|16.67|14.75|2.73|2.73|172.04|20780.06|20073.65|22.83|
|贵州茅台|600519.SH|2024-01-10|20620.49|20620.49|32.88|28.96|9.47|10.64|56.19|26.68|16.62|14.71|2.74|2.74|171.51|20716.37|20009.96|22.76|
|贵州茅台|600519.SH|2024-01-09|20614.21|20614.21|32.87|28.96|9.46|10.64|56.17|26.67|16.61|14.7|2.74|2.74|171.46|20710.09|20003.68|22.75|
|贵州茅台|600519.SH|2024-01-08|20651.77|20651.77|32.93|29.01|9.48|10.66|56.27|26.72|16.64|14.73|2.74|2.74|171.77|20747.65|20041.24|22.79|
|贵州茅台|600519.SH|2024-01-05|20895.09|20895.09|33.32|29.35|9.59|10.78|56.94|27.03|16.84|14.9|2.71|2.71|173.79|20990.97|20284.56|23.07|
|贵州茅台|600519.SH|2024-01-04|20965.94|20965.94|33.43|29.45|9.63|10.82|57.13|27.12|16.89|14.95|2.7|2.7|174.38|21061.82|20355.41|23.15|
|贵州茅台|600519.SH|2024-01-03|21279.99|21279.99|33.93|29.89|9.77|10.98|57.99|27.53|17.15|15.18|2.66|2.66|176.99|21375.87|20669.46|23.51|
|贵州茅台|600519.SH|2024-01-02|21167.06|21167.06|33.75|29.73|9.72|10.92|57.68|27.38|17.06|15.1|2.67|2.67|176.06|21262.94|20556.53|23.38|
|贵州茅台|600519.SH|2023-12-29|21681.97|21681.97|34.57|30.46|9.95|11.19|59.08|28.05|17.47|15.46|2.53|2.61|180.34|21777.85|21071.44|23.96|
|贵州茅台|600519.SH|2023-12-28|21669.29|21669.29|34.55|30.44|9.95|11.18|59.05|28.03|17.46|15.46|2.53|2.61|180.23|21765.17|21058.76|23.95|
|贵州茅台|600519.SH|2023-12-27|20941.57|20941.57|33.39|29.42|9.61|10.81|57.06|27.09|16.87|14.94|2.61|2.7|174.18|21037.45|20331.04|23.12|
|贵州茅台|600519.SH|2023-12-26|20978.5|20978.5|33.45|29.47|9.63|10.82|57.16|27.14|16.9|14.96|2.61|4.01|174.49|21074.38|20367.97|23.16|
|贵州茅台|600519.SH|2023-12-25|21003.63|21003.63|33.49|29.5|9.64|10.84|57.23|27.17|16.92|14.98|2.61|4|174.7|21099.51|20393.1|23.19|
|贵州茅台|600519.SH|2023-12-22|20986.67|20986.67|33.46|29.48|9.64|10.83|57.19|27.15|16.91|14.97|2.61|4.01|174.55|21082.55|20376.14|23.17|
|贵州茅台|600519.SH|2023-12-21|20978.5|20978.5|33.45|29.47|9.63|10.82|57.16|27.14|16.9|14.96|2.61|4.01|174.49|21074.38|20367.97|23.16|
|贵州茅台|600519.SH|2023-12-20|20724.63|20724.63|33.05|29.11|9.52|10.69|56.47|26.81|16.7|14.78|2.64|4.06|172.38|20820.51|20114.09|22.88|
|贵州茅台|600519.SH|2023-12-19|21041.31|21041.31|33.55|29.56|9.66|9.66|57.34|27.22|16.96|15.01|2.6|2.85|175.01|21137.19|20430.78|23.24|
|贵州茅台|600519.SH|2023-12-18|20878.01|20878.01|33.29|29.33|9.59|9.59|56.89|27.01|16.82|14.89|2.62|2.88|173.65|20973.89|20267.48|23.05|
|贵州茅台|600519.SH|2023-12-15|20664.45|20664.45|32.95|29.03|9.49|9.49|56.31|26.73|16.65|14.74|2.65|2.91|171.87|20760.33|20053.92|22.81|
|贵州茅台|600519.SH|2023-12-14|20550.14|20550.14|32.77|28.87|9.44|9.44|56|26.59|16.56|14.66|2.66|2.92|170.92|20646.02|19939.61|22.68|
|贵州茅台|600519.SH|2023-12-13|20852.88|20852.88|33.25|29.29|9.57|9.57|56.82|26.98|16.8|14.87|2.63|2.88|173.44|20948.76|20242.35|23.02|
|贵州茅台|600519.SH|2023-12-12|21480.86|21480.86|34.25|30.17|9.86|9.86|58.53|27.79|17.31|15.32|2.55|2.8|178.67|21576.74|20870.33|23.74|
|贵州茅台|600519.SH|2023-12-11|21330.24|21330.24|34.01|29.96|9.79|9.79|58.12|27.6|17.19|15.21|2.57|2.82|177.41|21426.12|20719.71|23.56|
|贵州茅台|600519.SH|2023-12-08|21417.17|21417.17|34.15|30.08|9.83|9.83|58.36|27.71|17.26|15.28|2.56|2.8|178.14|21513.05|20806.64|23.66|
|贵州茅台|600519.SH|2023-12-07|21355.36|21355.36|34.05|30|9.8|9.8|58.19|27.63|17.21|15.23|2.56|2.81|177.62|21451.24|20744.83|23.59|
|贵州茅台|600519.SH|2023-12-06|21393.05|21393.05|34.11|30.05|9.82|9.82|58.29|27.68|17.24|15.26|2.56|2.81|177.93|21488.93|20782.52|23.64|
|贵州茅台|600519.SH|2023-12-05|21468.42|21468.42|34.23|30.16|9.86|9.86|58.5|27.77|17.3|15.31|2.55|2.8|178.56|21564.3|20857.89|23.72|
|贵州茅台|600519.SH|2023-12-04|21992.38|21992.38|35.07|30.89|10.1|10.1|59.93|28.45|17.72|15.69|2.49|2.73|182.92|22088.26|21381.85|24.32|
|贵州茅台|600519.SH|2023-12-01|22112.6|22112.6|35.26|31.06|10.15|10.15|60.25|28.61|17.82|15.77|2.48|2.72|183.92|22208.48|21502.07|24.45|
|贵州茅台|600519.SH|2023-11-30|22504.78|22504.78|35.88|31.61|10.33|10.33|61.32|29.12|18.13|16.05|2.43|2.67|187.18|22600.66|21894.25|24.9|
|贵州茅台|600519.SH|2023-11-29|22293.87|22293.87|35.55|31.31|10.24|10.24|60.75|28.84|17.96|15.9|2.46|2.69|185.43|22389.75|21683.34|24.66|
|贵州茅台|600519.SH|2023-11-28|22222.64|22222.64|35.43|31.21|10.2|10.2|60.55|28.75|17.91|15.85|2.46|2.7|184.83|22318.52|21612.11|24.58|
|贵州茅台|600519.SH|2023-11-27|22146.77|22146.77|35.31|31.11|10.17|10.17|60.35|28.65|17.85|15.8|2.47|2.71|184.2|22242.65|21536.24|24.49|
|贵州茅台|600519.SH|2023-11-24|22322.63|22322.63|35.59|31.36|10.25|10.25|60.83|28.88|17.99|15.92|2.45|2.69|185.67|22418.51|21712.1|24.69|
|贵州茅台|600519.SH|2023-11-23|22435.69|22435.69|35.77|31.51|10.3|10.3|61.13|29.03|18.08|16|2.44|2.68|186.61|22531.57|21825.16|24.82|
|贵州茅台|600519.SH|2023-11-22|22379.29|22379.29|35.68|31.43|10.27|10.27|60.98|28.95|18.03|15.96|2.45|2.68|186.14|22475.17|21768.76|24.76|
|贵州茅台|600519.SH|2023-11-21|22485.94|22485.94|35.85|31.58|10.32|10.32|61.27|29.09|18.12|16.04|2.43|2.67|187.02|22581.82|21875.41|24.88|
|贵州茅台|600519.SH|2023-11-20|22140.49|22140.49|35.3|31.1|10.17|10.17|60.33|28.64|17.84|15.79|2.47|2.71|184.15|22236.37|21529.96|24.49|
|贵州茅台|600519.SH|2023-11-17|22026.42|22026.42|35.12|30.94|10.11|10.11|60.02|28.5|17.75|15.71|2.49|2.73|183.2|22122.3|21415.89|24.36|
|贵州茅台|600519.SH|2023-11-16|22109.71|22109.71|35.25|31.06|10.15|10.15|60.25|28.6|17.82|15.77|2.48|2.72|183.9|22205.59|21499.18|24.45|
|贵州茅台|600519.SH|2023-11-15|22271.51|22271.51|35.51|31.28|10.23|10.23|60.69|28.81|17.95|15.88|2.46|2.7|185.24|22367.39|21660.98|24.64|
|贵州茅台|600519.SH|2023-11-14|22175.28|22175.28|35.36|31.15|10.18|10.18|60.43|28.69|17.87|15.82|2.47|2.71|184.44|22271.16|21564.75|24.53|
|贵州茅台|600519.SH|2023-11-13|22159.33|22159.33|35.33|31.13|10.17|10.17|60.38|28.67|17.86|15.8|2.47|2.71|184.31|22255.21|21548.8|24.51|
|贵州茅台|600519.SH|2023-11-10|22308.06|22308.06|35.57|31.33|10.24|10.24|60.79|28.86|17.98|15.91|2.45|2.69|185.55|22403.94|21697.53|24.68|
|贵州茅台|600519.SH|2023-11-09|22537.57|22537.57|35.94|31.66|10.35|10.35|61.41|29.16|18.16|16.07|2.43|2.67|187.45|22633.45|21927.04|24.94|
|贵州茅台|600519.SH|2023-11-08|22590.71|22590.71|36.02|31.73|10.37|10.37|61.56|29.23|18.2|16.11|2.42|2.66|187.9|22686.59|21980.18|25|
|贵州茅台|600519.SH|2023-11-07|22500.64|22500.64|35.88|31.61|10.33|10.33|61.31|29.11|18.13|16.05|2.43|2.67|187.15|22596.52|21890.11|24.9|
|贵州茅台|600519.SH|2023-11-06|22762.3|22762.3|36.29|31.97|10.45|10.45|62.02|29.45|18.34|16.23|2.41|2.64|189.32|22858.18|22151.77|25.19|
|贵州茅台|600519.SH|2023-11-03|22752.76|22752.76|36.28|31.96|10.45|10.45|62|29.44|18.33|16.23|2.41|2.64|189.24|22848.64|22142.23|25.18|
|贵州茅台|600519.SH|2023-11-02|22354.04|22354.04|35.64|31.4|10.26|10.26|60.91|28.92|18.01|15.94|2.45|2.69|185.93|22449.92|21743.51|24.73|
|贵州茅台|600519.SH|2023-11-01|22372.76|22372.76|35.67|31.43|10.27|10.27|60.96|28.94|18.03|15.96|2.45|2.69|186.08|22468.64|21762.23|24.75|
|贵州茅台|600519.SH|2023-10-31|21161.66|21161.66|33.74|29.72|9.72|9.72|57.66|27.38|17.05|15.09|2.59|2.84|176.01|21257.54|20551.13|23.37|
|贵州茅台|600519.SH|2023-10-30|21116.69|21116.69|33.67|29.66|9.7|9.7|57.54|27.32|17.02|15.06|2.59|2.84|175.64|21212.56|20506.15|23.32|
|贵州茅台|600519.SH|2023-10-27|21062.79|21062.79|33.58|29.59|9.67|9.67|57.39|27.25|16.97|15.02|2.6|2.85|175.19|21158.67|20452.26|23.26|
|贵州茅台|600519.SH|2023-10-26|21006.52|21006.52|33.49|29.51|9.64|9.64|57.24|27.18|16.93|14.98|2.61|2.86|174.72|21102.4|20395.99|23.2|
|贵州茅台|600519.SH|2023-10-25|21072.72|21072.72|33.6|29.6|9.67|9.67|57.42|27.26|16.98|15.03|2.6|2.85|175.27|21168.6|20462.19|23.27|
|贵州茅台|600519.SH|2023-10-24|20638.7|20638.7|32.91|28.99|9.48|9.48|56.24|26.7|16.63|14.72|2.65|2.91|171.66|20734.58|20028.17|22.78|
|贵州茅台|600519.SH|2023-10-23|20651.64|20651.64|32.93|29.01|9.48|9.48|56.27|26.72|16.64|14.73|2.65|2.91|171.77|20747.52|20041.11|22.79|
|贵州茅台|600519.SH|2023-10-20|20664.45|20664.45|32.95|29.99|10.29|10.29|56.31|30.8|16.65|15.19|2.65|2.91|184.54|20758.09|20052.87|22.81|
|贵州茅台|600519.SH|2023-10-19|20476.02|20476.02|32.65|29.72|10.19|10.19|55.8|30.52|16.5|15.05|2.67|2.93|182.86|20569.66|19864.44|22.59|
|贵州茅台|600519.SH|2023-10-18|21707.1|21707.1|34.61|31.5|10.8|10.8|59.15|32.35|17.49|15.95|2.52|2.77|193.85|21800.73|21095.52|23.99|
|贵州茅台|600519.SH|2023-10-17|21681.97|21681.97|34.57|31.47|10.79|10.79|59.08|32.31|17.47|15.94|2.53|2.77|193.63|21775.61|21070.39|23.96|
|贵州茅台|600519.SH|2023-10-16|21730.97|21730.97|34.65|31.54|10.82|10.82|59.21|32.39|17.51|15.97|2.52|2.76|194.06|21824.6|21119.38|24.02|
|贵州茅台|600519.SH|2023-10-13|21996.02|21996.02|35.07|31.92|10.95|10.95|59.94|32.78|17.72|16.17|2.49|2.73|196.43|22089.66|21384.44|24.32|
|贵州茅台|600519.SH|2023-10-12|22435.69|22435.69|35.77|32.56|11.17|11.17|61.13|33.44|18.08|16.49|2.44|2.68|200.36|22529.32|21824.11|24.82|
|贵州茅台|600519.SH|2023-10-11|22341.48|22341.48|35.62|32.42|11.12|11.12|60.88|33.3|18|16.42|2.45|2.69|199.52|22435.11|21729.9|24.71|
|贵州茅台|600519.SH|2023-10-10|22234.7|22234.7|35.45|32.27|11.07|11.07|60.59|33.14|17.92|16.34|2.46|2.7|198.56|22328.33|21623.12|24.59|
|贵州茅台|600519.SH|2023-10-09|22322.63|22322.63|35.59|32.4|11.11|11.11|60.83|33.27|17.99|16.41|2.45|2.69|199.35|22416.27|21711.05|24.69|
|贵州茅台|600519.SH|2023-09-28|22593.35|22593.35|36.02|32.79|11.25|11.25|61.56|33.67|18.21|16.61|2.42|2.66|201.76|22686.98|21981.76|25|
|贵州茅台|600519.SH|2023-09-27|22787.43|22787.43|36.33|33.07|11.34|11.34|62.09|33.96|18.36|16.75|2.4|2.64|203.5|22881.06|22175.85|25.22|
|贵州茅台|600519.SH|2023-09-26|22812.55|22812.55|36.37|33.11|11.35|11.35|62.16|34|18.38|16.77|2.4|2.63|203.72|22906.18|22200.97|25.25|
|贵州茅台|600519.SH|2023-09-25|23018.32|23018.32|36.7|33.41|11.46|11.46|62.72|34.31|18.55|16.92|2.38|2.61|205.56|23111.95|22406.74|25.48|
|贵州茅台|600519.SH|2023-09-22|23227.1|23227.1|37.04|33.71|11.56|11.56|63.29|34.62|18.72|17.07|2.36|2.59|207.42|23320.73|22615.52|25.72|
|贵州茅台|600519.SH|2023-09-21|22591.34|22591.34|36.02|32.79|11.24|11.24|61.56|33.67|18.2|16.6|2.42|2.66|201.75|22684.97|21979.75|25|
|贵州茅台|600519.SH|2023-09-20|22913.05|22913.05|36.53|33.25|11.4|11.4|62.44|34.15|18.46|16.84|2.39|2.62|204.62|23006.68|22301.47|25.36|
|贵州茅台|600519.SH|2023-09-19|22949.98|22949.98|36.59|33.31|11.42|11.42|62.54|34.2|18.49|16.87|2.39|2.62|204.95|23043.61|22338.4|25.41|
|贵州茅台|600519.SH|2023-09-18|22978.37|22978.37|36.64|33.35|11.44|11.44|62.61|34.25|18.52|16.89|2.38|2.61|205.2|23072|22366.79|25.44|
|贵州茅台|600519.SH|2023-09-15|22385.32|22385.32|35.69|32.49|11.14|11.14|61|33.36|18.04|16.45|2.45|2.68|199.91|22478.95|21773.74|24.76|
|贵州茅台|600519.SH|2023-09-14|22846.34|22846.34|36.43|33.16|11.37|11.37|62.25|34.05|18.41|16.79|2.4|2.63|204.02|22939.98|22234.76|25.29|
|贵州茅台|600519.SH|2023-09-13|22861.67|22861.67|36.45|33.18|11.38|11.38|62.3|34.07|18.42|16.8|2.39|2.63|204.16|22955.3|22250.09|25.31|
|贵州茅台|600519.SH|2023-09-12|22862.3|22862.3|36.45|33.18|11.38|11.38|62.3|34.07|18.42|16.8|2.39|2.63|204.17|22955.93|22250.72|25.31|
|贵州茅台|600519.SH|2023-09-11|22890.06|22890.06|36.5|33.22|11.39|11.39|62.37|34.11|18.44|16.82|2.39|2.62|204.41|22983.69|22278.48|25.34|
|贵州茅台|600519.SH|2023-09-08|22843.96|22843.96|36.42|33.15|11.37|11.37|62.25|34.05|18.41|16.79|2.4|2.63|204|22937.59|22232.38|25.29|
|贵州茅台|600519.SH|2023-09-07|23088.92|23088.92|36.81|33.51|11.49|11.49|62.91|34.41|18.61|16.97|2.37|2.6|206.19|23182.55|22477.33|25.56|
|贵州茅台|600519.SH|2023-09-06|23377.84|23377.84|37.28|33.93|11.64|11.64|63.7|34.84|18.84|17.18|2.34|2.57|208.77|23471.47|22766.26|25.89|
|贵州茅台|600519.SH|2023-09-05|23348.95|23348.95|37.23|33.89|11.62|11.62|63.62|34.8|18.81|17.16|2.34|2.57|208.51|23442.58|22737.37|25.86|
|贵州茅台|600519.SH|2023-09-04|23440.65|23440.65|37.38|34.02|11.67|11.67|63.87|34.94|18.89|17.23|2.34|2.56|209.33|23534.28|22829.07|25.96|
|贵州茅台|600519.SH|2023-09-01|23252.85|23252.85|37.08|33.75|11.57|11.57|63.36|34.66|18.74|17.09|2.35|2.58|207.65|23346.48|22641.27|25.75|
|贵州茅台|600519.SH|2023-08-31|23201.97|23201.97|36.99|33.67|11.55|11.55|63.22|34.58|18.7|17.05|2.36|2.59|207.2|23295.61|22590.39|25.69|
|贵州茅台|600519.SH|2023-08-30|23315.03|23315.03|37.18|33.84|11.6|11.6|63.53|34.75|18.79|17.14|2.35|2.58|208.21|23408.66|22703.45|25.82|
|贵州茅台|600519.SH|2023-08-29|23256.37|23256.37|37.08|33.75|11.58|11.58|63.37|34.66|18.74|17.09|2.35|2.58|207.69|23350|22644.79|25.75|
|贵州茅台|600519.SH|2023-08-28|23050.85|23050.85|36.75|33.45|11.47|11.47|62.81|34.35|18.57|16.94|2.38|2.61|205.85|23144.48|22439.27|25.52|
|贵州茅台|600519.SH|2023-08-25|22925.36|22925.36|36.55|33.27|11.41|11.41|62.47|34.17|18.47|16.85|2.39|2.62|204.73|23018.99|22313.78|25.38|
|贵州茅台|600519.SH|2023-08-24|22816.32|22816.32|36.38|33.11|11.36|11.36|62.17|34.01|18.39|16.77|2.4|2.63|203.76|22909.95|22204.74|25.25|
|贵州茅台|600519.SH|2023-08-23|22284.95|22284.95|35.53|32.34|11.09|11.09|60.72|33.21|17.96|16.38|2.46|2.7|199.01|22378.58|21673.37|24.65|
|贵州茅台|600519.SH|2023-08-22|22460.82|22460.82|35.81|32.6|11.18|11.18|61.2|33.48|18.1|16.51|2.44|2.67|200.58|22554.45|21849.24|24.85|
|贵州茅台|600519.SH|2023-08-21|22498.5|22498.5|35.87|32.65|11.2|11.2|61.31|33.53|18.13|16.54|2.43|2.67|200.92|22592.13|21886.92|24.89|
|贵州茅台|600519.SH|2023-08-18|22644.1|22644.1|36.11|32.86|11.27|11.27|61.7|33.75|18.25|16.64|2.42|2.65|202.22|22737.73|22032.52|25.06|
|贵州茅台|600519.SH|2023-08-17|22963.92|22963.92|36.62|33.33|11.43|11.43|62.57|34.23|18.5|16.88|2.38|2.62|205.07|23057.56|22352.34|25.42|
|贵州茅台|600519.SH|2023-08-16|22862.8|22862.8|36.45|33.18|11.38|11.38|62.3|34.07|18.42|16.8|2.39|2.63|204.17|22956.43|22251.22|25.31|
|贵州茅台|600519.SH|2023-08-15|22774.61|22774.61|36.31|33.05|11.34|11.34|62.06|33.94|18.35|16.74|2.4|2.64|203.38|22868.25|22163.03|25.21|
|贵州茅台|600519.SH|2023-08-14|22649.25|22649.25|36.11|32.87|11.27|11.27|61.72|33.76|18.25|16.65|2.42|2.65|202.26|22742.88|22037.67|25.06|
|贵州茅台|600519.SH|2023-08-11|23038.67|23038.67|36.73|33.44|11.47|11.47|62.78|34.34|18.56|16.93|2.38|2.61|205.74|23132.3|22427.09|25.51|
|贵州茅台|600519.SH|2023-08-10|23553.71|23553.71|37.56|34.18|11.72|11.72|64.18|35.1|18.98|17.31|2.32|2.55|210.34|23647.34|22942.13|26.09|
|贵州茅台|600519.SH|2023-08-09|23745.66|23745.66|37.86|34.46|11.82|11.82|64.7|35.39|19.13|17.45|2.31|2.53|212.05|23839.29|23134.07|26.31|
|贵州茅台|600519.SH|2023-08-08|23742.14|23742.14|37.86|34.46|11.82|11.82|64.69|35.38|19.13|17.45|2.31|2.53|212.02|23835.77|23130.56|26.31|
|贵州茅台|600519.SH|2023-08-07|23716.14|23716.14|37.81|34.42|11.8|11.8|64.62|35.35|19.11|17.43|2.31|2.53|211.79|23809.77|23104.55|26.28|
|贵州茅台|600519.SH|2023-08-04|23785.73|23785.73|37.93|34.52|11.84|11.84|64.81|35.45|19.17|17.48|2.3|2.53|212.41|23879.36|23174.15|26.36|
|贵州茅台|600519.SH|2023-08-03|23597.3|23597.3|37.63|34.25|11.74|11.74|64.3|35.17|19.01|17.34|2.32|2.55|210.73|23690.93|22985.72|26.14|
|贵州茅台|600519.SH|2023-08-02|23616.52|23616.52|37.66|35.64|10.82|12.72|64.35|48.38|19.03|18.09|2.32|2.54|230.87|23696.05|22971.54|26.13|
|贵州茅台|600519.SH|2023-08-01|23729.58|23729.58|37.84|35.81|10.87|12.78|64.66|48.61|19.12|18.18|2.31|2.53|231.98|23809.11|23084.6|26.25|
|贵州茅台|600519.SH|2023-07-31|23623.8|23623.8|37.67|35.65|10.82|12.72|64.37|48.39|19.04|18.09|2.32|2.54|230.94|23703.34|22978.83|26.13|
|贵州茅台|600519.SH|2023-07-28|23830.07|23830.07|38|35.96|10.92|12.83|64.93|48.81|19.2|18.25|2.3|2.52|232.96|23909.6|23185.1|26.37|
|贵州茅台|600519.SH|2023-07-27|23089.29|23089.29|36.82|34.84|10.58|12.43|62.92|47.3|18.61|17.68|2.37|2.6|225.72|23168.82|22444.32|25.53|
|贵州茅台|600519.SH|2023-07-26|22970.2|22970.2|36.63|34.66|10.52|12.37|62.59|47.05|18.51|17.59|2.38|2.62|224.56|23049.74|22325.23|25.39|
|贵州茅台|600519.SH|2023-07-25|22970.2|22970.2|36.63|34.66|10.52|12.37|62.59|47.05|18.51|17.59|2.38|2.62|224.56|23049.74|22325.23|25.39|
|贵州茅台|600519.SH|2023-07-24|22249.15|22249.15|35.48|33.58|10.19|11.98|60.63|45.57|17.93|17.04|2.46|2.7|217.51|22328.68|21604.17|24.57|
|贵州茅台|600519.SH|2023-07-21|22251.03|22251.03|35.48|33.58|10.19|11.98|60.63|45.58|17.93|17.04|2.46|2.7|217.52|22330.56|21606.06|24.57|
|贵州茅台|600519.SH|2023-07-20|21656.85|21656.85|34.53|32.68|9.92|11.66|59.01|44.36|17.45|16.59|2.53|2.77|211.72|21736.38|21011.87|23.9|
|贵州茅台|600519.SH|2023-07-19|21644.29|21644.29|34.51|32.66|9.92|11.65|58.98|44.34|17.44|16.58|2.53|2.78|211.59|21723.82|20999.31|23.88|
|贵州茅台|600519.SH|2023-07-18|21641.78|21641.78|34.51|32.66|9.91|11.65|58.97|44.33|17.44|16.58|2.53|2.78|211.57|21721.31|20996.8|23.88|
|贵州茅台|600519.SH|2023-07-17|21731.85|21731.85|34.65|32.79|9.96|11.7|59.22|44.51|17.51|16.65|2.52|2.76|212.45|21811.38|21086.87|23.98|
|贵州茅台|600519.SH|2023-07-14|22021.15|22021.15|35.11|33.23|10.09|11.86|60.01|45.11|17.74|16.87|2.49|2.73|215.28|22100.68|21376.17|24.31|
|贵州茅台|600519.SH|2023-07-13|21837.74|21837.74|34.82|32.95|10|11.76|59.51|44.73|17.6|16.73|2.51|2.75|213.48|21917.27|21192.77|24.1|
|贵州茅台|600519.SH|2023-07-12|21528.72|21528.72|34.33|32.49|9.86|11.59|58.66|44.1|17.35|16.49|2.54|2.79|210.46|21608.25|20883.74|23.75|
|贵州茅台|600519.SH|2023-07-11|21480.98|21480.98|34.25|32.42|9.84|11.57|58.53|44|17.31|16.45|2.55|2.8|210|21560.51|20836.01|23.7|
|贵州茅台|600519.SH|2023-07-10|21366.67|21366.67|34.07|32.24|9.79|11.5|58.22|43.77|17.22|16.37|2.56|2.81|208.88|21446.2|20721.69|23.57|
|贵州茅台|600519.SH|2023-07-07|21230.12|21230.12|33.85|32.04|9.73|11.43|57.85|43.49|17.11|16.26|2.58|2.83|207.54|21309.65|20585.14|23.41|
|贵州茅台|600519.SH|2023-07-06|21392.8|21392.8|34.11|32.28|9.8|11.52|58.29|43.82|17.24|16.39|2.56|2.81|209.13|21472.33|20747.82|23.6|
|贵州茅台|600519.SH|2023-07-05|21548.57|21548.57|34.36|32.52|9.87|11.6|58.72|44.14|17.36|16.5|2.54|2.79|210.66|21628.1|20903.59|23.77|
|贵州茅台|600519.SH|2023-07-04|21739.76|21739.76|34.66|32.81|9.96|11.71|59.24|44.53|17.52|16.65|2.52|2.76|212.53|21819.29|21094.78|23.99|
|贵州茅台|600519.SH|2023-07-03|21658.11|21658.11|34.53|32.68|9.92|11.66|59.02|44.36|17.45|16.59|2.53|2.77|211.73|21737.64|21013.13|23.9|
|贵州茅台|600519.SH|2023-06-30|21242.3|21242.3|33.87|32.06|9.73|11.44|57.88|43.51|17.12|16.27|2.58|2.83|207.66|21321.84|20597.33|23.43|
|贵州茅台|600519.SH|2023-06-29|21527.59|21527.59|34.33|32.49|9.86|9.86|58.66|44.1|17.35|16.49|2.54|2.54|210.45|21607.12|20882.61|23.75|
|贵州茅台|600519.SH|2023-06-28|21711.87|21711.87|34.62|32.76|9.95|9.95|59.16|44.47|17.5|16.63|2.52|2.52|212.25|21791.4|21066.9|23.96|
|贵州茅台|600519.SH|2023-06-27|21494.17|21494.17|34.27|32.44|9.85|9.85|58.57|44.03|17.32|16.46|2.55|2.55|210.13|21573.7|20849.2|23.71|
|贵州茅台|600519.SH|2023-06-26|21468.42|21468.42|34.23|32.4|9.84|9.84|58.5|43.98|17.3|16.44|2.55|2.55|209.87|21547.95|20823.45|23.68|
|贵州茅台|600519.SH|2023-06-21|21805.46|21805.46|34.77|32.91|9.99|9.99|59.42|44.67|17.57|16.7|2.51|2.51|213.17|21884.99|21160.48|24.07|
|贵州茅台|600519.SH|2023-06-20|21901.31|21901.31|34.92|33.05|10.03|10.03|59.68|44.86|17.65|16.77|2.5|2.5|214.11|21980.84|21256.33|24.18|
|贵州茅台|600519.SH|2023-06-19|21908.09|21908.09|34.93|33.06|10.04|10.04|59.7|44.88|17.65|16.78|2.5|2.5|214.17|21987.62|21263.11|24.18|
|贵州茅台|600519.SH|2023-06-16|22582.54|22582.54|36.01|34.08|10.35|10.35|61.54|46.26|18.2|17.3|2.42|2.42|220.77|22662.07|21937.57|24.95|
|贵州茅台|600519.SH|2023-06-15|22046.27|22046.27|35.15|33.27|10.1|10.1|60.07|45.16|17.76|16.89|2.48|2.48|215.52|22125.8|21401.3|24.34|
|贵州茅台|600519.SH|2023-06-14|21693.03|21693.03|34.59|32.74|9.94|9.94|59.11|44.44|17.48|16.62|2.52|2.52|212.07|21772.56|21048.05|23.94|
|贵州茅台|600519.SH|2023-06-13|21342.8|21342.8|34.03|32.21|9.78|9.78|58.16|43.72|17.2|16.35|2.57|2.57|208.65|21422.33|20697.83|23.54|
|贵州茅台|600519.SH|2023-06-12|21305.11|21305.11|33.97|32.15|9.76|9.76|58.05|43.64|17.17|16.32|2.57|2.57|208.28|21384.65|20660.14|23.5|
|贵州茅台|600519.SH|2023-06-09|20928.26|20928.26|33.37|31.58|9.59|9.59|57.03|42.87|16.86|16.03|2.62|2.62|204.59|21007.79|20283.28|23.07|
|贵州茅台|600519.SH|2023-06-08|20953.38|20953.38|33.41|31.62|9.6|9.6|57.1|42.92|16.88|16.05|2.61|2.61|204.84|21032.91|20308.4|23.1|
|贵州茅台|600519.SH|2023-06-07|20738.57|20738.57|33.07|31.3|9.5|9.5|56.51|42.48|16.71|15.88|2.64|2.64|202.74|20818.1|20093.59|22.85|
|贵州茅台|600519.SH|2023-06-06|20940.69|20940.69|33.39|31.6|9.59|9.59|57.06|42.89|16.87|16.04|2.61|2.61|204.72|21020.22|20295.72|23.08|
|贵州茅台|600519.SH|2023-06-05|20915.69|20915.69|33.35|31.56|9.58|9.58|56.99|42.84|16.85|16.02|2.62|2.62|204.47|20995.23|20270.72|23.05|
|贵州茅台|600519.SH|2023-06-02|20986.04|20986.04|33.46|31.67|9.61|9.61|57.18|42.99|16.91|16.07|2.61|2.61|205.16|21065.57|20341.07|23.13|
|贵州茅台|600519.SH|2023-06-01|20550.39|20550.39|32.77|31.01|9.41|9.41|56|42.09|16.56|15.74|2.66|2.66|200.9|20629.92|19905.42|22.64|
|贵州茅台|600519.SH|2023-05-31|20462.21|20462.21|32.63|30.88|9.37|9.37|55.76|41.91|16.49|15.67|2.68|2.68|200.04|20541.74|19817.23|22.54|
|贵州茅台|600519.SH|2023-05-30|20957.02|20957.02|33.42|31.63|9.6|9.6|57.11|42.93|16.89|16.05|2.61|2.61|204.87|21036.55|20312.05|23.1|
|贵州茅台|600519.SH|2023-05-29|21217.18|21217.18|33.83|32.02|9.72|9.72|57.81|43.46|17.1|16.25|2.58|2.58|207.42|21296.71|20572.21|23.4|
|贵州茅台|600519.SH|2023-05-26|21236.78|21236.78|33.86|32.05|9.73|9.73|57.87|43.5|17.11|16.27|2.58|2.58|207.61|21316.31|20591.8|23.42|
|贵州茅台|600519.SH|2023-05-25|21367.92|21367.92|34.07|32.25|9.79|9.79|58.23|43.77|17.22|16.37|2.56|2.56|208.89|21447.46|20722.95|23.57|
|贵州茅台|600519.SH|2023-05-24|21492.29|21492.29|34.27|32.43|9.85|9.85|58.56|44.02|17.32|16.46|2.55|2.55|210.11|21571.82|20847.31|23.71|
|贵州茅台|600519.SH|2023-05-23|21663.76|21663.76|34.54|32.69|9.93|9.93|59.03|44.38|17.46|16.59|2.53|2.53|211.78|21743.29|21018.78|23.9|
|贵州茅台|600519.SH|2023-05-22|21933.21|21933.21|34.97|33.1|10.05|10.05|59.77|44.93|17.67|16.8|2.5|2.5|214.42|22012.75|21288.24|24.21|
|贵州茅台|600519.SH|2023-05-19|21349.08|21349.08|34.04|32.22|9.78|9.78|58.17|43.73|17.2|16.35|2.56|2.56|208.71|21428.61|20704.11|23.55|
|贵州茅台|600519.SH|2023-05-18|21242.3|21242.3|33.87|32.06|9.73|9.73|57.88|43.51|17.12|16.27|2.58|2.58|207.66|21321.84|20597.33|23.43|
|贵州茅台|600519.SH|2023-05-17|21367.92|21367.92|34.07|32.25|9.79|9.79|58.23|43.77|17.22|16.37|2.56|2.56|208.89|21447.46|20722.95|23.57|
|贵州茅台|600519.SH|2023-05-16|21396.69|21396.69|34.12|32.29|9.8|9.8|58.3|43.83|17.24|16.39|2.56|2.56|209.17|21476.22|20751.72|23.6|
|贵州茅台|600519.SH|2023-05-15|21560.12|21560.12|34.38|32.54|9.88|9.88|58.75|44.16|17.37|16.51|2.54|2.54|210.77|21639.65|20915.15|23.79|
|贵州茅台|600519.SH|2023-05-12|21435.76|21435.76|34.18|32.35|9.82|9.82|58.41|43.91|17.27|16.42|2.55|2.55|209.55|21515.29|20790.78|23.65|
|贵州茅台|600519.SH|2023-05-11|21569.8|21569.8|34.39|32.55|9.88|9.88|58.78|44.18|17.38|16.52|2.54|2.54|210.87|21649.33|20924.82|23.8|
|贵州茅台|600519.SH|2023-05-10|21669.41|21669.41|34.55|32.7|9.93|9.93|59.05|44.39|17.46|16.6|2.53|2.53|211.84|21748.94|21024.44|23.91|
|贵州茅台|600519.SH|2023-05-09|21631.73|21631.73|34.49|32.64|9.91|9.91|58.94|44.31|17.43|16.57|2.53|2.53|211.47|21711.26|20986.75|23.87|
|贵州茅台|600519.SH|2023-05-08|21613.13|21613.13|34.46|32.62|9.9|9.9|58.89|44.27|17.42|16.55|2.53|2.53|211.29|21692.67|20968.16|23.85|
|贵州茅台|600519.SH|2023-05-05|21983.46|21983.46|35.05|33.17|10.07|10.07|59.9|45.03|17.71|16.84|2.49|2.49|214.91|22062.99|21338.49|24.27|
|贵州茅台|600519.SH|2023-05-04|21982.21|21982.21|35.05|33.17|10.07|10.07|59.9|45.03|17.71|16.84|2.49|2.49|214.9|22061.74|21337.23|24.27|
|贵州茅台|600519.SH|2023-04-28|22115.61|22115.61|35.26|33.37|10.13|10.13|60.26|45.3|17.82|16.94|2.48|2.48|216.2|22195.15|21470.64|24.42|
|贵州茅台|600519.SH|2023-04-27|22082.95|22082.95|35.21|33.32|10.12|10.12|60.17|45.23|17.79|16.91|2.48|2.48|215.88|22162.48|21437.98|24.38|
|贵州茅台|600519.SH|2023-04-26|21906.96|21906.96|34.93|33.06|10.04|10.04|59.69|44.87|17.65|16.78|2.5|2.5|214.16|21986.49|21261.98|24.18|
|贵州茅台|600519.SH|2023-04-25|21737|21737|34.66|34.66|11.01|11.01|59.23|59.23|17.52|17.52|2.52|2.52|230.62|21866.83|21284.09|24.21|
|贵州茅台|600519.SH|2023-04-24|21418.17|21418.17|34.15|34.15|10.84|10.84|58.36|58.36|17.26|17.26|2.56|2.56|227.24|21548.01|20965.26|23.84|
|贵州茅台|600519.SH|2023-04-21|21675.32|21675.32|34.56|34.56|10.97|10.97|59.06|59.06|17.47|17.47|2.53|2.53|229.97|21805.15|21222.41|24.14|
|贵州茅台|600519.SH|2023-04-20|21881.46|21881.46|34.89|34.89|11.08|11.08|59.62|59.62|17.63|17.63|2.5|2.5|232.16|22011.29|21428.55|24.37|
|贵州茅台|600519.SH|2023-04-19|22096.52|22096.52|35.23|35.23|11.19|11.19|60.21|60.21|17.81|17.81|2.48|2.48|234.44|22226.35|21643.61|24.62|
|贵州茅台|600519.SH|2023-04-18|22083.96|22083.96|35.21|35.21|11.18|11.18|60.18|60.18|17.8|17.8|2.48|2.48|234.3|22213.79|21631.05|24.6|
|贵州茅台|600519.SH|2023-04-17|22021.15|22021.15|35.11|35.11|11.15|11.15|60.01|60.01|17.74|17.74|2.49|2.49|233.64|22150.98|21568.24|24.53|
|贵州茅台|600519.SH|2023-04-14|21523.94|21523.94|34.32|34.32|10.9|10.9|58.65|58.65|17.34|17.34|2.54|2.54|228.36|21653.78|21071.04|23.96|
|贵州茅台|600519.SH|2023-04-13|21644.29|21644.29|34.51|34.51|10.96|10.96|58.98|58.98|17.44|17.44|2.53|2.53|229.64|21774.12|21191.38|24.1|
|贵州茅台|600519.SH|2023-04-12|21281.25|21281.25|33.93|33.93|10.78|10.78|57.99|57.99|17.15|17.15|2.57|2.57|225.79|21411.08|20828.34|23.69|
|贵州茅台|600519.SH|2023-04-11|21926.93|21926.93|34.96|34.96|11.1|11.1|59.75|59.75|17.67|17.67|2.5|2.5|232.64|22056.77|21474.02|24.42|
|贵州茅台|600519.SH|2023-04-10|22256.06|22256.06|35.49|35.49|11.27|11.27|60.65|60.65|17.93|17.93|2.46|2.46|236.13|22385.89|21803.15|24.8|
|贵州茅台|600519.SH|2023-04-07|22498.38|22498.38|35.87|35.87|11.39|11.39|61.31|61.31|18.13|18.13|2.43|2.43|238.7|22628.21|22045.47|25.07|
|贵州茅台|600519.SH|2023-04-06|22573.37|22573.37|35.99|35.99|11.43|11.43|61.51|61.51|18.19|18.19|2.43|2.43|239.5|22703.21|22120.46|25.16|
|贵州茅台|600519.SH|2023-04-04|22794.84|22794.84|36.35|36.35|11.54|11.54|62.11|62.11|18.37|18.37|2.4|2.4|241.85|22924.67|22341.93|25.41|
|贵州茅台|600519.SH|2023-04-03|22637.56|22637.56|36.1|36.1|11.46|11.46|61.69|61.69|18.24|18.24|2.42|2.42|240.18|22767.4|22184.65|25.23|
|贵州茅台|600519.SH|2023-03-31|22862.8|22862.8|36.45|36.45|11.58|11.58|62.3|62.3|18.42|18.42|2.39|2.39|242.57|22992.63|22409.89|25.49|
|贵州茅台|600519.SH|2023-03-30|22611.56|22611.56|43.1|37.94|10.94|12.62|35.31|61.64|21.29|19.05|2.42|2.42|284.31|22696.76|22115.31|29.42|
|贵州茅台|600519.SH|2023-03-29|22485.94|22485.94|42.86|37.73|10.88|12.55|35.12|61.3|21.18|18.94|2.43|2.43|282.73|22571.14|21989.69|29.25|
|贵州茅台|600519.SH|2023-03-28|22382.93|22382.93|42.67|37.56|10.83|12.49|34.96|61.02|21.08|18.86|2.45|2.45|281.44|22468.14|21886.69|29.11|
|贵州茅台|600519.SH|2023-03-27|22206.94|22206.94|42.33|37.26|10.74|12.39|34.68|60.54|20.91|18.71|2.47|2.47|279.22|22292.14|21710.69|28.88|
|贵州茅台|600519.SH|2023-03-24|22342.99|22342.99|42.59|37.49|10.81|12.47|34.9|60.91|21.04|18.82|2.45|2.45|280.93|22428.19|21846.74|29.06|
|贵州茅台|600519.SH|2023-03-23|22295.75|22295.75|42.5|37.41|10.79|12.44|34.82|60.78|21|18.78|2.46|2.46|280.34|22380.96|21799.51|29|
|贵州茅台|600519.SH|2023-03-22|22276.78|22276.78|42.46|37.38|10.78|12.43|34.79|60.73|20.98|18.77|2.46|2.46|280.1|22361.99|21780.54|28.97|
|贵州茅台|600519.SH|2023-03-21|22297.51|22297.51|42.5|37.42|10.79|12.44|34.82|60.79|21|18.78|2.46|2.46|280.36|22382.71|21801.26|29|
|贵州茅台|600519.SH|2023-03-20|21727.2|21727.2|41.42|36.46|10.51|12.13|33.93|59.23|20.46|18.3|2.52|2.52|273.19|21812.4|21230.95|28.24|
|贵州茅台|600519.SH|2023-03-17|21882.97|21882.97|41.71|36.72|10.59|12.21|34.18|59.66|20.61|18.43|2.5|2.5|275.15|21968.17|21386.72|28.45|
|贵州茅台|600519.SH|2023-03-16|22008.46|22008.46|41.95|36.93|10.65|12.28|34.37|60|20.73|18.54|2.49|2.49|276.73|22093.66|21512.21|28.61|
|贵州茅台|600519.SH|2023-03-15|21995.02|21995.02|41.93|36.91|10.64|12.28|34.35|59.96|20.71|18.53|2.49|2.49|276.56|22080.22|21498.77|28.6|
|贵州茅台|600519.SH|2023-03-14|22184.45|22184.45|42.29|37.23|10.73|12.38|34.65|60.48|20.89|18.69|2.47|2.47|278.94|22269.66|21688.21|28.85|
|贵州茅台|600519.SH|2023-03-13|22134.21|22134.21|42.19|37.14|10.71|12.35|34.57|60.34|20.84|18.65|2.47|2.47|278.31|22219.41|21637.96|28.78|
|贵州茅台|600519.SH|2023-03-10|21983.46|21983.46|41.91|36.89|10.63|12.27|34.33|59.93|20.7|18.52|2.49|2.49|276.41|22068.67|21487.21|28.58|
|贵州茅台|600519.SH|2023-03-09|22234.95|22234.95|42.38|37.31|10.76|12.41|34.73|60.62|20.94|18.73|2.46|2.46|279.58|22320.16|21738.71|28.92|
|贵州茅台|600519.SH|2023-03-08|22239.98|22239.98|42.39|37.32|10.76|12.41|34.73|60.63|20.94|18.73|2.46|2.46|279.64|22325.18|21743.73|28.92|
|贵州茅台|600519.SH|2023-03-07|22464.59|22464.59|42.82|37.7|10.87|12.54|35.09|61.24|21.16|18.92|2.44|2.44|282.46|22549.79|21968.34|29.22|
|贵州茅台|600519.SH|2023-03-06|22701.25|22701.25|43.27|38.09|10.98|12.67|35.45|61.89|21.38|19.12|2.41|2.41|285.44|22786.46|22205.01|29.54|
|贵州茅台|600519.SH|2023-03-03|22838.18|22838.18|43.53|38.32|11.05|12.75|35.67|62.26|21.51|19.24|2.4|2.4|287.16|22923.38|22341.93|29.72|
|贵州茅台|600519.SH|2023-03-02|22963.3|22963.3|43.77|38.53|11.11|12.82|35.86|62.6|21.62|19.34|2.38|2.38|288.73|23048.5|22467.05|29.89|
|贵州茅台|600519.SH|2023-03-01|23095.57|23095.57|44.02|38.76|11.17|12.89|36.07|62.96|21.75|19.46|2.37|2.37|290.4|23180.78|22599.33|30.06|
|贵州茅台|600519.SH|2023-02-28|22784.16|22784.16|43.43|38.23|11.02|12.72|35.58|62.11|21.46|19.19|2.4|2.4|286.48|22869.37|22287.92|29.65|
|贵州茅台|600519.SH|2023-02-27|22742.33|22742.33|43.35|38.16|11|12.69|35.52|62|21.42|19.16|2.41|2.41|285.96|22827.53|22246.08|29.59|
|贵州茅台|600519.SH|2023-02-24|22460.82|22460.82|42.81|37.69|10.87|12.54|35.08|61.23|21.15|18.92|2.44|2.44|282.42|22546.02|21964.57|29.22|
|贵州茅台|600519.SH|2023-02-23|22837.68|22837.68|43.53|38.32|11.05|12.75|35.67|62.26|21.51|19.24|2.4|2.4|287.15|22922.88|22341.43|29.72|
|贵州茅台|600519.SH|2023-02-22|23063.79|23063.79|43.96|38.7|11.16|12.87|36.02|62.88|21.72|19.43|2.37|2.37|290|23149|22567.54|30.02|
|贵州茅台|600519.SH|2023-02-21|23453.21|23453.21|44.71|39.36|11.35|13.09|36.63|63.94|22.09|19.76|2.33|2.33|294.89|23538.42|22956.97|30.54|
|贵州茅台|600519.SH|2023-02-20|23553.71|23553.71|44.9|39.52|11.39|13.14|36.79|64.21|22.18|19.84|2.32|2.32|296.16|23638.91|23057.46|30.67|
|贵州茅台|600519.SH|2023-02-17|22872.6|22872.6|43.6|38.38|11.07|12.76|35.72|62.35|21.54|19.27|2.39|2.39|287.59|22957.8|22376.35|29.76|
|贵州茅台|600519.SH|2023-02-16|23388.14|23388.14|44.58|39.25|11.31|13.05|36.53|63.76|22.02|19.7|2.34|2.34|294.08|23473.35|22891.9|30.45|
|贵州茅台|600519.SH|2023-02-15|23126.6|23126.6|44.08|38.81|11.19|12.91|36.12|63.05|21.78|19.48|2.37|2.37|290.79|23211.81|22630.35|30.1|
|贵州茅台|600519.SH|2023-02-14|23161.65|23161.65|44.15|38.87|11.21|12.93|36.17|63.14|21.81|19.51|2.36|2.36|291.23|23246.85|22665.4|30.15|
|贵州茅台|600519.SH|2023-02-13|23319.43|23319.43|44.45|39.13|11.28|13.01|36.42|63.57|21.96|19.64|2.35|2.35|293.21|23404.63|22823.18|30.36|
|贵州茅台|600519.SH|2023-02-10|22737.18|22737.18|43.34|38.15|11|12.69|35.51|61.99|21.41|19.15|2.41|2.41|285.89|22822.38|22240.93|29.58|
|贵州茅台|600519.SH|2023-02-09|22837.68|22837.68|43.53|38.32|11.05|12.75|35.67|62.26|21.51|19.24|2.4|2.4|287.15|22922.88|22341.43|29.72|
|贵州茅台|600519.SH|2023-02-08|22410.57|22410.57|42.72|37.61|10.84|12.51|35|61.09|21.1|18.88|2.44|2.44|281.78|22495.77|21914.32|29.15|
|贵州茅台|600519.SH|2023-02-07|22573.87|22573.87|43.03|37.88|10.92|12.6|35.26|61.54|21.26|19.02|2.43|2.43|283.84|22659.08|22077.63|29.37|
|贵州茅台|600519.SH|2023-02-06|22548.75|22548.75|42.98|37.84|10.91|12.58|35.22|61.47|21.23|19|2.43|2.43|283.52|22633.95|22052.5|29.33|
|贵州茅台|600519.SH|2023-02-03|22837.68|22837.68|43.53|38.32|11.05|12.75|35.67|62.26|21.51|19.24|2.4|2.4|287.15|22922.88|22341.43|29.72|
|贵州茅台|600519.SH|2023-02-02|23065.17|23065.17|43.97|38.7|11.16|12.87|36.02|62.88|21.72|19.43|2.37|2.37|290.02|23150.38|22568.93|30.02|
|贵州茅台|600519.SH|2023-02-01|23176.47|23176.47|44.18|38.89|11.21|12.93|36.2|63.18|21.83|19.52|2.36|2.36|291.41|23261.68|22680.23|30.17|
|贵州茅台|600519.SH|2023-01-31|23186.4|23186.4|44.2|38.91|11.22|12.94|36.21|63.21|21.83|19.53|2.36|2.36|291.54|23271.6|22690.15|30.18|
|贵州茅台|600519.SH|2023-01-30|23717.01|23717.01|45.21|39.8|11.47|13.24|37.04|64.66|22.33|19.98|2.31|2.31|298.21|23802.22|23220.77|30.89|
|贵州茅台|600519.SH|2023-01-20|23365.4|23365.4|44.54|39.21|11.3|13.04|36.49|63.7|22|19.68|2.34|2.34|293.79|23450.61|22869.16|30.42|
|贵州茅台|600519.SH|2023-01-19|23619.16|23619.16|45.02|39.63|11.43|13.18|36.89|64.39|22.24|19.9|2.32|2.32|296.98|23704.36|23122.91|30.76|
|贵州茅台|600519.SH|2023-01-18|23779.82|23779.82|45.33|39.9|11.5|13.27|37.14|64.83|22.39|20.03|2.3|2.3|299|23865.03|23283.58|30.97|
|贵州茅台|600519.SH|2023-01-17|23968.25|23968.25|45.69|40.22|11.6|13.38|37.43|65.34|22.57|20.19|2.28|2.28|301.37|24053.46|23472.01|31.22|
|贵州茅台|600519.SH|2023-01-16|24029.81|24029.81|45.81|40.32|11.62|13.41|37.53|65.51|22.63|20.24|2.28|2.28|302.14|24115.01|23533.56|31.3|
|贵州茅台|600519.SH|2023-01-13|23704.45|23704.45|45.19|39.78|11.47|13.23|37.02|64.62|22.32|19.97|2.31|2.31|298.05|23789.66|23208.21|30.87|
|贵州茅台|600519.SH|2023-01-12|23038.67|23038.67|43.92|38.66|11.15|12.86|35.98|62.81|21.7|19.41|2.38|2.38|289.68|23123.87|22542.42|29.99|
|贵州茅台|600519.SH|2023-01-11|23176.22|23176.22|44.18|38.89|11.21|12.93|36.2|63.18|21.83|19.52|2.36|2.36|291.41|23261.42|22679.97|30.17|
|贵州茅台|600519.SH|2023-01-10|23295.56|23295.56|44.41|39.09|11.27|13|36.38|63.51|21.94|19.62|2.35|2.35|292.91|23380.76|22799.31|30.33|
|贵州茅台|600519.SH|2023-01-09|23129.11|23129.11|44.09|38.81|11.19|12.91|36.12|63.05|21.78|19.48|2.37|2.37|290.82|23214.32|22632.87|30.11|
|贵州茅台|600519.SH|2023-01-06|22658.92|22658.92|43.19|38.02|10.96|12.65|35.39|61.77|21.34|19.09|2.42|2.42|284.91|22744.12|22162.67|29.48|
|贵州茅台|600519.SH|2023-01-05|22624.12|22624.12|43.13|37.96|10.94|12.63|35.33|61.68|21.31|19.06|2.42|2.42|284.47|22709.33|22127.88|29.43|
|贵州茅台|600519.SH|2023-01-04|21669.54|21669.54|41.31|36.36|10.48|12.09|33.84|59.07|20.41|18.25|2.53|2.53|272.47|21754.74|21173.29|28.16|
|贵州茅台|600519.SH|2023-01-03|21732.35|21732.35|41.43|36.47|10.51|12.13|33.94|59.25|20.47|18.31|2.52|2.52|273.26|21817.55|21236.1|28.25|
|贵州茅台|600519.SH|2022-12-30|21694.54|21694.54|41.35|36.4|10.5|12.11|33.88|59.14|20.43|18.28|1.12|2.52|272.78|21779.74|21198.29|28.2|
|贵州茅台|600519.SH|2022-12-29|21594.04|21594.04|41.16|36.24|10.45|12.05|33.73|58.87|20.34|18.19|1.12|2.54|271.52|21679.24|21097.79|28.06|
|贵州茅台|600519.SH|2022-12-28|21769.91|21769.91|41.5|36.53|10.53|12.15|34|59.35|20.5|18.34|1.11|2.52|273.73|21855.11|21273.66|28.3|
|贵州茅台|600519.SH|2022-12-27|21769.91|21769.91|41.5|36.53|10.53|12.15|34|59.35|20.5|18.34|1.11|2.52|273.73|21855.11|21273.66|28.3|
|贵州茅台|600519.SH|2022-12-26|21883.72|21883.72|41.71|36.72|10.59|10.59|34.18|59.66|20.61|18.43|1.11|1.24|275.16|21968.92|21387.47|28.45|
|贵州茅台|600519.SH|2022-12-23|22247.26|22247.26|42.41|37.33|10.76|10.76|34.75|60.65|20.95|18.74|1.09|1.22|279.73|22332.47|21751.02|28.93|
|贵州茅台|600519.SH|2022-12-22|22209.58|22209.58|42.34|37.27|10.74|10.74|34.69|60.55|20.91|18.71|1.09|1.23|279.26|22294.78|21713.33|28.88|
|贵州茅台|600519.SH|2022-12-21|21845.28|21845.28|41.64|36.66|10.57|10.57|34.12|59.55|20.57|18.4|1.11|1.25|274.68|21930.48|21349.03|28.4|
|贵州茅台|600519.SH|2022-12-20|21543.79|21543.79|41.07|36.15|10.42|10.42|33.65|58.73|20.29|18.15|1.12|1.26|270.89|21629|21047.55|28|
|贵州茅台|600519.SH|2022-12-19|22272.39|22272.39|42.46|37.37|10.77|10.77|34.78|60.72|20.97|18.76|1.09|1.22|280.05|22357.59|21776.14|28.97|
|贵州茅台|600519.SH|2022-12-16|22446.62|22446.62|42.79|37.67|10.86|10.86|35.06|61.19|21.14|18.91|1.08|1.21|282.24|22531.83|21950.37|29.2|
|贵州茅台|600519.SH|2022-12-15|22448.13|22448.13|42.79|37.67|10.86|10.86|35.06|61.2|21.14|18.91|1.08|1.21|282.26|22533.33|21951.88|29.2|
|贵州茅台|600519.SH|2022-12-14|22245.63|22245.63|42.4|37.33|10.76|10.76|34.74|60.65|20.95|18.74|1.09|1.22|279.71|22330.83|21749.38|28.93|
|贵州茅台|600519.SH|2022-12-13|21983.46|21983.46|41.91|36.89|10.63|10.63|34.33|59.93|20.7|18.52|1.1|1.24|276.41|22068.67|21487.21|28.58|
|贵州茅台|600519.SH|2022-12-12|21845.53|21845.53|41.64|36.66|10.57|10.57|34.12|59.55|20.57|18.4|1.11|1.25|274.68|21930.73|21349.28|28.4|
|贵州茅台|600519.SH|2022-12-09|21732.22|21732.22|41.43|36.47|10.51|10.51|33.94|59.25|20.47|18.31|1.12|1.25|273.25|21817.43|21235.98|28.25|
|贵州茅台|600519.SH|2022-12-08|21192.31|21192.31|40.4|35.56|10.25|10.25|33.1|57.77|19.96|17.85|1.14|1.28|266.47|21277.51|20696.06|27.53|
|贵州茅台|600519.SH|2022-12-07|21154.37|21154.37|40.32|35.5|10.23|10.23|33.04|57.67|19.92|17.82|1.15|1.29|265.99|21239.57|20658.12|27.48|
|贵州茅台|600519.SH|2022-12-06|21204.62|21204.62|40.42|35.58|10.26|10.26|33.12|57.81|19.97|17.86|1.14|1.28|266.62|21289.82|20708.37|27.55|
|贵州茅台|600519.SH|2022-12-05|20914.44|20914.44|39.87|35.09|10.12|10.12|32.66|57.02|19.7|17.62|1.16|1.3|262.97|20999.64|20418.19|27.16|
|贵州茅台|600519.SH|2022-12-02|20524.76|20524.76|39.12|34.44|9.93|9.93|32.06|55.95|19.33|17.29|1.18|1.33|258.07|20609.97|20028.52|26.64|
|贵州茅台|600519.SH|2022-12-01|20486.07|20486.07|39.05|34.38|9.91|9.91|32|55.85|19.29|17.26|1.18|1.33|257.59|20571.28|19989.83|26.59|
|贵州茅台|600519.SH|2022-11-30|20086.6|20086.6|38.29|33.71|9.72|9.72|31.37|54.76|18.92|16.92|1.21|1.36|252.56|20171.81|19590.36|26.06|
|贵州茅台|600519.SH|2022-11-29|20086.6|20086.6|38.29|33.71|9.72|9.72|31.37|54.76|18.92|16.92|1.21|1.36|252.56|20171.81|19590.36|26.06|
|贵州茅台|600519.SH|2022-11-28|18967.08|18967.08|36.16|31.83|9.18|9.18|29.62|51.71|17.86|15.98|1.28|1.44|238.49|19052.28|18470.83|24.57|
|贵州茅台|600519.SH|2022-11-25|19119.46|19119.46|36.45|32.08|9.25|9.25|29.86|52.12|18|16.11|1.27|1.42|240.4|19204.66|18623.21|24.77|
|贵州茅台|600519.SH|2022-11-24|19094.08|19094.08|36.4|32.04|9.24|9.24|29.82|52.05|17.98|16.08|1.27|1.43|240.08|19179.28|18597.83|24.74|
|贵州茅台|600519.SH|2022-11-23|19458.5|19458.5|37.09|32.65|9.41|9.41|30.39|53.05|18.32|16.39|1.25|1.4|244.67|19543.71|18962.26|25.22|
|贵州茅台|600519.SH|2022-11-22|19344.82|19344.82|36.88|32.46|9.36|9.36|30.21|52.74|18.22|16.3|1.25|1.41|243.24|19430.02|18848.57|25.07|
|贵州茅台|600519.SH|2022-11-21|19093.96|19093.96|36.4|32.04|9.24|9.24|29.82|52.05|17.98|16.08|1.27|1.43|240.08|19179.16|18597.71|24.74|
|贵州茅台|600519.SH|2022-11-18|19686.25|19686.25|37.53|33.03|9.52|9.52|30.75|53.67|18.54|16.58|1.23|1.38|247.53|19771.46|19190.01|25.53|
|贵州茅台|600519.SH|2022-11-17|19684.62|19684.62|37.52|33.03|9.52|9.52|30.74|53.66|18.54|16.58|1.23|1.38|247.51|19769.82|19188.37|25.52|
|贵州茅台|600519.SH|2022-11-16|19913.88|19913.88|37.96|33.42|9.63|9.63|31.1|54.29|18.75|16.78|1.22|1.37|250.39|19999.08|19417.63|25.83|
|贵州茅台|600519.SH|2022-11-15|19948.42|19948.42|38.03|33.47|9.65|9.65|31.16|54.38|18.79|16.8|1.21|1.36|250.83|20033.62|19452.17|25.87|
|贵州茅台|600519.SH|2022-11-14|19257.51|19257.51|36.71|32.31|9.32|9.32|30.08|52.5|18.13|16.22|1.26|1.41|242.14|19342.72|18761.27|24.96|
|贵州茅台|600519.SH|2022-11-11|19196.59|19196.59|36.59|32.21|9.29|9.29|29.98|52.33|18.08|16.17|1.26|1.42|241.37|19281.79|18700.34|24.87|
|贵州茅台|600519.SH|2022-11-10|18528.92|18528.92|35.32|31.09|8.96|8.96|28.94|50.51|17.45|15.61|1.31|1.47|232.98|18614.12|18032.67|23.99|
|贵州茅台|600519.SH|2022-11-09|18339.23|18339.23|34.96|30.77|8.87|8.87|28.64|50|17.27|15.45|1.32|1.48|230.59|18424.44|17842.98|23.73|
|贵州茅台|600519.SH|2022-11-08|18653.03|18653.03|35.56|31.3|9.02|9.02|29.13|50.85|17.57|15.71|1.3|1.46|234.54|18738.23|18156.78|24.15|
|贵州茅台|600519.SH|2022-11-07|18932.28|18932.28|36.09|31.77|9.16|9.16|29.57|51.61|17.83|15.95|1.28|1.44|238.05|19017.49|18436.04|24.52|
|贵州茅台|600519.SH|2022-11-04|19051.12|19051.12|36.32|31.97|9.22|9.22|29.75|51.94|17.94|16.05|1.27|1.43|239.54|19136.32|18554.87|24.68|
|贵州茅台|600519.SH|2022-11-03|18082.97|18082.97|34.47|30.34|8.75|8.75|28.24|49.3|17.03|15.23|1.34|1.51|227.37|18168.17|17586.72|23.39|
|贵州茅台|600519.SH|2022-11-02|18490.73|18490.73|35.25|31.03|8.95|8.95|28.88|50.41|17.41|15.58|1.31|1.47|232.5|18575.93|17994.48|23.94|
|贵州茅台|600519.SH|2022-11-01|18365.74|18365.74|35.01|30.82|8.88|8.88|28.68|50.07|17.3|15.47|1.32|1.48|230.93|18450.94|17869.49|23.77|
|贵州茅台|600519.SH|2022-10-31|16958.67|16958.67|32.33|28.46|8.2|8.2|26.49|46.23|15.97|14.29|1.43|1.61|213.23|17043.87|16462.42|21.9|
|贵州茅台|600519.SH|2022-10-28|17084.29|17084.29|32.57|28.67|8.26|8.26|26.68|46.57|16.09|14.39|1.42|1.59|214.81|17169.49|16588.04|22.07|
|贵州茅台|600519.SH|2022-10-27|17599.33|17599.33|33.55|29.53|8.51|8.51|27.49|47.98|16.57|14.83|1.38|1.55|221.29|17684.53|17103.08|22.75|
|贵州茅台|600519.SH|2022-10-26|18391.74|18391.74|35.06|30.86|8.9|8.9|28.72|50.14|17.32|15.49|1.32|1.48|231.25|18476.94|17895.49|23.8|
|贵州茅台|600519.SH|2022-10-25|18588.59|18588.59|35.43|31.19|8.99|8.99|29.03|50.68|17.5|15.66|1.3|1.46|233.73|18673.79|18092.34|24.07|
|贵州茅台|600519.SH|2022-10-24|18859.05|18859.05|35.95|31.65|9.12|9.12|29.45|51.41|17.76|15.89|1.29|1.44|237.13|18944.25|18362.8|24.43|
|贵州茅台|600519.SH|2022-10-21|20400.65|20400.65|38.89|34.23|9.87|9.87|31.86|55.62|19.21|17.19|1.19|1.33|256.51|20485.86|19904.41|26.48|
|贵州茅台|600519.SH|2022-10-20|20645.61|20645.61|39.35|34.64|9.99|9.99|32.24|56.28|19.44|17.39|1.17|1.32|259.59|20730.81|20149.36|26.8|
|贵州茅台|600519.SH|2022-10-19|20702.14|20702.14|39.46|34.74|10.02|10.02|32.33|56.44|19.5|17.44|1.17|1.32|260.3|20787.34|20205.89|26.88|
|贵州茅台|600519.SH|2022-10-18|21428.6|21428.6|40.85|35.96|10.37|10.37|33.47|58.42|20.18|18.05|1.13|1.27|269.44|21513.8|20932.35|27.84|
|贵州茅台|600519.SH|2022-10-17|21587.76|21587.76|41.15|36.22|10.44|10.44|33.72|58.85|20.33|18.19|1.12|1.26|271.44|21672.96|21091.51|28.06|
|贵州茅台|600519.SH|2022-10-14|21827.82|21827.82|41.61|37.9|11.36|11.36|34.09|51.6|20.56|19.03|1.11|1.25|280.63|21996.13|21415.64|28.49|
|贵州茅台|600519.SH|2022-10-13|21355.24|21355.24|40.71|37.08|11.12|11.12|33.35|50.49|20.11|18.62|1.13|1.27|274.55|21523.54|20943.06|27.86|
|贵州茅台|600519.SH|2022-10-12|22109.08|22109.08|42.14|38.38|11.51|11.51|34.53|52.27|20.82|19.27|1.1|1.23|284.24|22277.39|21696.91|28.86|
|贵州茅台|600519.SH|2022-10-11|22360.2|22360.2|42.62|38.82|11.64|11.64|34.92|52.86|21.06|19.49|1.08|1.22|287.47|22528.5|21948.02|29.19|
|贵州茅台|600519.SH|2022-10-10|22435.69|22435.69|42.77|38.95|11.68|11.68|35.04|53.04|21.13|19.56|1.08|1.21|288.44|22604|22023.52|29.3|
|贵州茅台|600519.SH|2022-09-30|23522.3|23522.3|44.84|40.84|12.24|12.24|36.74|55.61|22.15|20.5|1.03|1.16|302.41|23690.61|23110.13|30.74|
|贵州茅台|600519.SH|2022-09-29|23620.92|23620.92|45.03|41.01|12.3|12.3|36.89|55.84|22.24|20.59|1.03|1.15|303.68|23789.22|23208.74|30.87|
|贵州茅台|600519.SH|2022-09-28|23654.2|23654.2|45.09|41.07|12.31|12.31|36.94|55.92|22.28|20.62|1.02|1.15|304.11|23822.51|23242.03|30.92|
|贵州茅台|600519.SH|2022-09-27|23717.01|23717.01|45.21|41.18|12.35|12.35|37.04|56.07|22.33|20.67|1.02|1.15|304.92|23885.32|23304.84|31|
|贵州茅台|600519.SH|2022-09-26|23402.97|23402.97|44.61|40.63|12.18|12.18|36.55|55.33|22.04|20.4|1.04|1.16|300.88|23571.27|22990.79|30.58|
|贵州茅台|600519.SH|2022-09-23|23044.07|23044.07|43.93|40.01|12|12|35.99|54.48|21.7|20.09|1.05|1.18|296.26|23212.38|22631.89|30.1|
|贵州茅台|600519.SH|2022-09-22|22872.98|22872.98|43.6|39.71|11.91|11.91|35.72|54.08|21.54|19.94|1.06|1.19|294.06|23041.28|22460.8|29.88|
|贵州茅台|600519.SH|2022-09-21|23214.54|23214.54|44.25|40.3|12.08|12.08|36.26|54.88|21.86|20.24|1.04|1.17|298.46|23382.84|22802.36|30.33|
|贵州茅台|600519.SH|2022-09-20|23591.39|23591.39|44.97|40.96|12.28|12.28|36.84|55.77|22.22|20.56|1.03|1.15|303.3|23759.7|23179.22|30.83|
|贵州茅台|600519.SH|2022-09-19|23511.5|23511.5|44.82|40.82|12.24|12.24|36.72|55.59|22.14|20.49|1.03|1.16|302.27|23679.81|23099.32|30.73|
|贵州茅台|600519.SH|2022-09-16|23352.72|23352.72|44.52|40.54|12.16|12.16|36.47|55.21|21.99|20.36|1.04|1.17|300.23|23521.02|22940.54|30.51|
|贵州茅台|600519.SH|2022-09-15|23616.52|23616.52|45.02|41|12.29|12.29|36.88|55.83|22.24|20.59|1.03|1.15|303.62|23784.83|23204.34|30.87|
|贵州茅台|600519.SH|2022-09-14|23478.34|23478.34|44.75|40.76|12.22|12.22|36.67|55.51|22.11|20.47|1.03|1.16|301.85|23646.64|23066.16|30.68|
|贵州茅台|600519.SH|2022-09-13|23603.96|23603.96|44.99|40.98|12.29|12.29|36.86|55.8|22.23|20.58|1.03|1.15|303.46|23772.26|23191.78|30.85|
|贵州茅台|600519.SH|2022-09-09|23174.21|23174.21|44.17|40.23|12.06|12.06|36.19|54.79|21.82|20.2|1.05|1.17|297.94|23342.52|22762.04|30.28|
|贵州茅台|600519.SH|2022-09-08|22799.99|22799.99|43.46|39.58|11.87|11.87|35.61|53.9|21.47|19.87|1.06|1.19|293.13|22968.3|22387.81|29.78|
|贵州茅台|600519.SH|2022-09-07|22837.8|22837.8|43.53|39.65|11.89|11.89|35.67|53.99|21.51|19.91|1.06|1.19|293.61|23006.11|22425.63|29.83|
|贵州茅台|600519.SH|2022-09-06|23176.85|23176.85|44.18|40.24|12.06|12.06|36.2|54.79|21.83|20.2|1.05|1.17|297.97|23345.16|22764.67|30.28|
|贵州茅台|600519.SH|2022-09-05|23051.23|23051.23|43.94|40.02|12|12|36|54.5|21.71|20.09|1.05|1.18|296.36|23219.54|22639.05|30.11|
|贵州茅台|600519.SH|2022-09-02|23553.71|23553.71|44.9|40.89|12.26|12.26|36.79|55.69|22.18|20.53|1.03|1.16|302.82|23722.02|23141.53|30.78|
|贵州茅台|600519.SH|2022-09-01|23627.7|23627.7|45.04|41.02|12.3|12.3|36.9|55.86|22.25|20.6|1.03|1.15|303.77|23796.01|23215.52|30.88|
|贵州茅台|600519.SH|2022-08-31|24169.25|24169.25|46.07|41.96|12.58|12.58|37.75|57.14|22.76|21.07|1|1.13|310.73|24337.55|23757.07|31.6|
|贵州茅台|600519.SH|2022-08-30|23490.9|23490.9|44.78|40.78|12.23|12.23|36.69|55.54|22.12|20.48|1.03|1.16|302.01|23659.21|23078.72|30.7|
|贵州茅台|600519.SH|2022-08-29|23601.7|23601.7|44.99|40.98|12.29|12.29|36.86|55.8|22.23|20.57|1.03|1.15|303.43|23770|23189.52|30.85|
|贵州茅台|600519.SH|2022-08-26|23842.63|23842.63|45.45|41.39|12.41|12.41|37.24|56.37|22.45|20.78|1.02|1.14|306.53|24010.94|23430.46|31.17|
|贵州茅台|600519.SH|2022-08-25|23679.33|23679.33|45.14|41.11|12.33|12.33|36.98|55.98|22.3|20.64|1.02|1.15|304.43|23847.64|23267.15|30.95|
|贵州茅台|600519.SH|2022-08-24|23292.42|23292.42|44.4|40.44|12.12|12.12|36.38|55.07|21.93|20.3|1.04|1.17|299.46|23460.73|22880.24|30.43|
|贵州茅台|600519.SH|2022-08-23|23491.02|23491.02|44.78|40.78|12.23|12.23|36.69|55.54|22.12|20.48|1.03|1.16|302.01|23659.33|23078.85|30.7|
|贵州茅台|600519.SH|2022-08-22|23792.14|23792.14|45.35|41.31|12.39|12.39|37.16|56.25|22.41|20.74|1.02|1.14|305.88|23960.44|23379.96|31.1|
|贵州茅台|600519.SH|2022-08-19|23805.07|23805.07|45.38|41.33|12.39|12.39|37.18|56.28|22.42|20.75|1.02|1.14|306.05|23973.38|23392.9|31.12|
|贵州茅台|600519.SH|2022-08-18|23811.23|23811.23|45.39|41.34|12.39|12.39|37.19|56.29|22.42|20.76|1.02|1.14|306.13|23979.54|23399.05|31.12|
|贵州茅台|600519.SH|2022-08-17|24093.87|24093.87|45.93|41.83|12.54|12.54|37.63|56.96|22.69|21|1.01|1.13|309.76|24262.18|23681.7|31.5|
|贵州茅台|600519.SH|2022-08-16|24091.86|24091.86|45.92|41.83|12.54|12.54|37.63|56.96|22.69|21|1.01|1.13|309.73|24260.17|23679.69|31.5|
|贵州茅台|600519.SH|2022-08-15|24117.62|24117.62|45.97|41.87|12.55|12.55|37.67|57.02|22.71|21.02|1|1.13|310.07|24285.92|23705.44|31.53|
|贵州茅台|600519.SH|2022-08-12|24219.49|24219.49|46.17|42.05|12.61|12.61|37.83|57.26|22.81|21.11|1|1.12|311.38|24387.8|23807.32|31.67|
|贵州茅台|600519.SH|2022-08-11|23954.44|23954.44|45.66|41.59|12.47|12.47|37.41|56.63|22.56|20.88|1.01|1.14|307.97|24122.74|23542.26|31.32|
|贵州茅台|600519.SH|2022-08-10|23566.27|23566.27|44.92|40.91|12.27|12.27|36.81|55.71|22.19|20.54|1.03|1.16|302.98|23734.58|23154.09|30.8|
|贵州茅台|600519.SH|2022-08-09|23993.38|23993.38|45.74|41.66|12.49|12.49|37.47|56.72|22.59|20.91|1.01|1.13|308.47|24161.68|23581.2|31.37|
|贵州茅台|600519.SH|2022-08-08|24012.6|24012.6|45.77|41.69|12.5|12.5|37.5|56.77|22.61|20.93|1.01|1.13|308.72|24180.9|23600.42|31.39|
|贵州茅台|600519.SH|2022-08-05|24168.74|24168.74|46.07|41.96|12.58|12.58|37.75|57.14|22.76|21.07|1|1.13|310.72|24337.05|23756.57|31.6|
|贵州茅台|600519.SH|2022-08-04|24068.88|24068.88|45.88|41.79|12.53|12.53|37.59|56.9|22.67|20.98|1.01|1.13|309.44|24237.18|23656.7|31.47|
|贵州茅台|600519.SH|2022-08-03|23679.33|23679.33|45.14|41.11|12.33|12.33|36.98|55.98|22.3|20.64|1.02|1.15|304.43|23847.64|23267.15|30.95|
|贵州茅台|600519.SH|2022-08-02|23616.27|23616.27|45.02|42.36|11.42|13.15|36.88|40.27|22.24|21.23|1.03|1.15|308.96|23736.53|23172.77|30.82|
|贵州茅台|600519.SH|2022-08-01|23745.91|23745.91|45.26|42.59|11.48|13.22|37.09|40.5|22.36|21.35|1.02|1.15|310.66|23866.17|23302.41|31|
|贵州茅台|600519.SH|2022-07-29|23848.16|23848.16|45.46|42.78|11.53|13.28|37.25|40.67|22.46|21.44|1.02|1.14|312|23968.42|23404.66|31.13|
|贵州茅台|600519.SH|2022-07-28|23842.63|23842.63|45.45|42.77|11.53|13.28|37.24|40.66|22.45|21.44|1.02|1.14|311.92|23962.9|23399.14|31.12|
|贵州茅台|600519.SH|2022-07-27|24113.97|24113.97|45.97|43.25|11.66|13.43|37.66|41.12|22.71|21.68|1.01|1.13|315.47|24234.23|23670.48|31.49|
|贵州茅台|600519.SH|2022-07-26|24498.5|24498.5|46.7|43.94|11.85|13.64|38.26|41.78|23.07|22.03|0.99|1.11|320.5|24618.76|24055|32|
|贵州茅台|600519.SH|2022-07-25|24428.65|24428.65|46.57|43.82|11.81|13.61|38.15|41.66|23|21.97|0.99|1.11|319.59|24548.91|23985.15|31.9|
|贵州茅台|600519.SH|2022-07-22|24458.17|24458.17|46.62|43.87|11.83|13.62|38.2|41.71|23.03|21.99|0.99|1.11|319.98|24578.43|24014.67|31.94|
|贵州茅台|600519.SH|2022-07-21|24357.68|24357.68|46.43|43.69|11.78|13.57|38.04|41.54|22.94|21.9|0.99|1.12|318.66|24477.94|23914.18|31.81|
|贵州茅台|600519.SH|2022-07-20|24497.11|24497.11|46.7|43.94|11.85|13.64|38.26|41.78|23.07|22.03|0.99|1.11|320.49|24617.37|24053.62|32|
|贵州茅台|600519.SH|2022-07-19|24409.18|24409.18|46.53|43.78|11.8|13.59|38.12|41.63|22.99|21.95|0.99|1.12|319.34|24529.44|23965.68|31.88|
|贵州茅台|600519.SH|2022-07-18|24516.71|24516.71|46.73|43.98|11.86|13.65|38.29|41.81|23.09|22.04|0.99|1.11|320.74|24636.97|24073.21|32.02|
|贵州茅台|600519.SH|2022-07-15|24489.58|24489.58|46.68|43.93|11.84|13.64|38.25|41.76|23.06|22.02|0.99|1.11|320.39|24609.84|24046.08|31.99|
|贵州茅台|600519.SH|2022-07-14|24533.54|24533.54|46.77|44.01|11.86|13.66|38.32|41.84|23.1|22.06|0.99|1.11|320.96|24653.8|24090.05|32.04|
|贵州茅台|600519.SH|2022-07-13|24607.53|24607.53|46.91|44.14|11.9|13.7|38.43|41.97|23.17|22.13|0.98|1.11|321.93|24727.79|24164.04|32.14|
|贵州茅台|600519.SH|2022-07-12|24475.88|24475.88|46.66|43.9|11.84|13.63|38.23|41.74|23.05|22.01|0.99|1.11|320.21|24596.14|24032.39|31.97|
|贵州茅台|600519.SH|2022-07-11|24666.7|24666.7|47.02|44.24|11.93|13.74|38.52|42.07|23.23|22.18|0.98|1.1|322.7|24786.96|24223.2|32.22|
|贵州茅台|600519.SH|2022-07-08|25111.39|25111.39|47.87|45.04|12.14|13.99|39.22|42.82|23.65|22.58|0.97|1.08|328.52|25231.66|24667.9|32.81|
|贵州茅台|600519.SH|2022-07-07|24998.34|24998.34|47.65|44.84|12.09|13.92|39.04|42.63|23.54|22.48|0.97|1.09|327.04|25118.6|24554.84|32.66|
|贵州茅台|600519.SH|2022-07-06|25149.08|25149.08|47.94|45.11|12.16|14.01|39.28|42.89|23.68|22.61|0.96|1.08|329.02|25269.34|24705.58|32.86|
|贵州茅台|600519.SH|2022-07-05|25538.63|25538.63|48.68|45.81|12.35|14.22|39.89|43.55|24.05|22.96|0.95|1.07|334.11|25658.89|25095.13|33.38|
|贵州茅台|600519.SH|2022-07-04|25350.07|25350.07|48.32|45.47|12.26|14.12|39.59|43.23|23.87|22.79|0.96|1.07|331.64|25470.33|24906.57|33.13|
|贵州茅台|600519.SH|2022-07-01|25488.88|25488.88|48.59|45.72|12.33|14.2|39.81|43.47|24|22.92|0.95|1.07|333.46|25609.14|25045.38|33.31|
|贵州茅台|600519.SH|2022-06-30|25689.25|25689.25|48.97|46.08|12.42|14.31|40.12|43.81|24.19|23.1|0.94|1.06|336.08|25809.51|25245.75|33.58|
|贵州茅台|600519.SH|2022-06-29|25500.82|25500.82|48.61|45.74|12.33|12.33|39.83|43.49|24.01|22.93|0.95||333.62|25621.08|25057.32|33.33|
|贵州茅台|600519.SH|2022-06-28|25576.19|25576.19|48.75|45.88|12.37|12.37|39.94|43.62|24.09|23|0.95||334.6|25696.45|25132.69|33.43|
|贵州茅台|600519.SH|2022-06-27|25256.48|25256.48|48.14|45.3|12.21|12.21|39.45|43.07|23.78|22.71|0.96||330.42|25376.75|24812.99|33.01|
|贵州茅台|600519.SH|2022-06-24|25237.14|25237.14|48.11|45.27|12.2|12.2|39.42|43.04|23.77|22.69|0.96|0.96|330.17|25357.4|24793.64|32.98|
|贵州茅台|600519.SH|2022-06-23|24585.05|24585.05|46.86|44.1|11.89|11.89|38.4|41.93|23.15|22.11|0.99|0.99|321.64|24705.31|24141.55|32.11|
|贵州茅台|600519.SH|2022-06-22|24319.99|24319.99|46.36|43.62|11.76|11.76|37.98|41.48|22.9|21.87|1|1|318.17|24440.25|23876.49|31.76|
|贵州茅台|600519.SH|2022-06-21|24442.34|24442.34|46.59|43.84|11.82|11.82|38.17|41.68|23.02|21.98|0.99|0.99|319.77|24562.6|23998.85|31.92|
|贵州茅台|600519.SH|2022-06-20|24395.61|24395.61|46.5|43.76|11.8|11.8|38.1|41.6|22.97|21.94|0.99|0.99|319.16|24515.87|23952.11|31.86|
|贵州茅台|600519.SH|2022-06-17|24508.42|24508.42|46.72|43.96|11.85|11.85|38.28|41.8|23.08|22.04|0.99|0.99|320.63|24628.68|24064.92|32.01|
|贵州茅台|600519.SH|2022-06-16|23578.83|23578.83|44.95|42.29|11.4|11.4|36.83|40.21|22.2|21.2|1.03|1.03|308.47|23699.09|23135.34|30.77|
|贵州茅台|600519.SH|2022-06-15|23554.96|23554.96|44.9|42.25|11.39|11.39|36.79|40.17|22.18|21.18|1.03|1.03|308.16|23675.23|23111.47|30.74|
|贵州茅台|600519.SH|2022-06-14|23503.46|23503.46|44.8|42.16|11.37|11.37|36.71|40.08|22.13|21.13|1.03|1.03|307.49|23623.72|23059.96|30.67|
|贵州茅台|600519.SH|2022-06-13|23315.03|23315.03|44.44|41.82|11.28|11.28|36.41|39.76|21.96|20.96|1.04|1.04|305.02|23435.29|22871.53|30.42|
|贵州茅台|600519.SH|2022-06-10|23875.3|23875.3|45.51|42.83|11.55|11.55|37.29|40.72|22.48|21.47|1.02|1.02|312.35|23995.56|23431.8|31.17|
|贵州茅台|600519.SH|2022-06-09|23277.35|23277.35|44.37|41.75|11.26|11.26|36.35|39.7|21.92|20.93|1.04|1.04|304.53|23397.61|22833.85|30.37|
|贵州茅台|600519.SH|2022-06-08|23435.63|23435.63|44.67|42.04|11.33|11.33|36.6|39.97|22.07|21.07|1.03|1.03|306.6|23555.89|22992.13|30.58|
|贵州茅台|600519.SH|2022-06-07|22836.42|22836.42|43.53|40.96|11.04|11.04|35.67|38.95|21.51|20.53|1.06|1.06|298.76|22956.68|22392.92|29.79|
|贵州茅台|600519.SH|2022-06-06|22460.82|22460.82|42.81|40.29|10.86|10.86|35.08|38.3|21.15|20.2|1.08|1.08|293.85|22581.08|22017.32|29.29|
|贵州茅台|600519.SH|2022-06-02|22435.69|22435.69|42.77|40.24|10.85|10.85|35.04|38.26|21.13|20.17|1.08|1.08|293.52|22555.95|21992.2|29.25|
|贵州茅台|600519.SH|2022-06-01|22463.96|22463.96|42.82|40.29|10.86|10.86|35.08|38.31|21.15|20.2|1.08|1.08|293.89|22584.22|22020.46|29.29|
|贵州茅台|600519.SH|2022-05-31|22662.19|22662.19|43.2|40.65|10.96|10.96|35.39|38.65|21.34|20.38|1.07|1.07|296.48|22782.45|22218.69|29.55|
|贵州茅台|600519.SH|2022-05-30|22340.35|22340.35|42.59|40.07|10.8|10.8|34.89|38.1|21.04|20.09|1.08|1.08|292.27|22460.61|21896.85|29.13|
|贵州茅台|600519.SH|2022-05-27|22048.28|22048.28|42.03|39.55|10.66|10.66|34.44|37.6|20.76|19.82|1.1|1.1|288.45|22168.54|21604.78|28.74|
|贵州茅台|600519.SH|2022-05-26|21893.02|21893.02|41.73|39.27|10.59|10.59|34.19|37.34|20.62|19.69|1.11|1.11|286.42|22013.28|21449.52|28.53|
|贵州茅台|600519.SH|2022-05-25|22052.68|22052.68|42.04|39.56|10.66|10.66|34.44|37.61|20.77|19.83|1.1|1.1|288.51|22172.94|21609.18|28.74|
|贵州茅台|600519.SH|2022-05-24|22109.08|22109.08|42.14|39.66|10.69|10.69|34.53|37.7|20.82|19.88|1.1|1.1|289.24|22229.34|21665.58|28.82|
|贵州茅台|600519.SH|2022-05-23|22372.88|22372.88|42.65|40.13|10.82|10.82|34.94|38.15|21.07|20.12|1.08|1.08|292.7|22493.14|21929.39|29.17|
|贵州茅台|600519.SH|2022-05-20|22611.69|22611.69|43.1|40.56|10.94|10.94|35.31|38.56|21.29|20.33|1.07|1.07|295.82|22731.95|22168.19|29.49|
|贵州茅台|600519.SH|2022-05-19|22058.83|22058.83|42.05|39.57|10.67|10.67|34.45|37.62|20.77|19.83|1.1|1.1|288.59|22179.09|21615.34|28.75|
|贵州茅台|600519.SH|2022-05-18|22121.64|22121.64|42.17|39.68|10.7|10.7|34.55|37.73|20.83|19.89|1.1|1.1|289.41|22241.9|21678.15|28.84|
|贵州茅台|600519.SH|2022-05-17|22209.58|22209.58|42.34|39.84|10.74|10.74|34.69|37.88|20.91|19.97|1.09|1.09|290.56|22329.84|21766.08|28.95|
|贵州茅台|600519.SH|2022-05-16|22083.96|22083.96|42.1|39.61|10.68|10.68|34.49|37.66|20.8|19.86|1.1|1.1|288.92|22204.22|21640.46|28.79|
|贵州茅台|600519.SH|2022-05-13|22338.21|22338.21|42.58|40.07|10.8|10.8|34.89|38.1|21.04|20.09|1.08|1.08|292.24|22458.47|21894.71|29.12|
|贵州茅台|600519.SH|2022-05-12|22142.62|22142.62|42.21|39.72|10.71|10.71|34.58|37.76|20.85|19.91|1.09|1.09|289.68|22262.88|21699.12|28.86|
|贵州茅台|600519.SH|2022-05-11|22209.58|22209.58|42.34|39.84|10.74|10.74|34.69|37.88|20.91|19.97|1.09|1.09|290.56|22329.84|21766.08|28.95|
|贵州茅台|600519.SH|2022-05-10|22186.84|22186.84|42.29|39.8|10.73|10.73|34.65|37.84|20.89|19.95|1.09|1.09|290.26|22307.1|21743.34|28.92|
|贵州茅台|600519.SH|2022-05-09|22008.59|22008.59|41.95|39.48|10.64|10.64|34.37|37.53|20.73|19.79|1.1|1.1|287.93|22128.85|21565.09|28.69|
|贵州茅台|600519.SH|2022-05-06|22523.63|22523.63|42.93|40.4|10.89|10.89|35.18|38.41|21.21|20.25|1.08|1.08|294.67|22643.89|22080.13|29.37|
|贵州茅台|600519.SH|2022-05-05|23076.35|23076.35|43.99|41.39|11.16|11.16|36.04|39.35|21.73|20.75|1.05|1.05|301.9|23196.61|22632.86|30.11|
|贵州茅台|600519.SH|2022-04-29|22968.07|22968.07|43.78|41.2|11.11|11.11|35.87|39.17|21.63|20.65|1.06|1.06|300.48|23088.33|22524.57|29.96|
|贵州茅台|600519.SH|2022-04-28|23051.23|23051.23|43.94|41.35|11.15|11.15|36|39.31|21.71|20.73|1.05|1.05|301.57|23171.49|22607.73|30.07|
|贵州茅台|600519.SH|2022-04-27|22547.75|22547.75|42.98|40.44|10.9|10.9|35.22|38.45|21.23|20.27|1.07|1.07|294.98|22668.01|22104.25|29.4|
|贵州茅台|600519.SH|2022-04-26|21763.38|21763.38|41.49|41.49|11.48|11.48|33.99|33.99|20.49|20.49|1.11|1.11|291.71|21982.05|21463.95|28.55|
|贵州茅台|600519.SH|2022-04-25|21455.86|21455.86|40.9|40.9|11.32|11.32|33.51|33.51|20.21|20.21|1.13|1.13|287.59|21674.54|21156.43|28.14|
|贵州茅台|600519.SH|2022-04-22|22272.39|22272.39|42.46|42.46|11.75|11.75|34.78|34.78|20.97|20.97|1.09|1.09|298.54|22491.07|21972.96|29.23|
|贵州茅台|600519.SH|2022-04-21|22360.07|22360.07|42.62|42.62|11.8|11.8|34.92|34.92|21.06|21.06|1.08|1.08|299.71|22578.75|22060.65|29.34|
|贵州茅台|600519.SH|2022-04-20|22573.87|22573.87|43.03|43.03|11.91|11.91|35.26|35.26|21.26|21.26|1.07|1.07|302.58|22792.55|22274.45|29.63|
|贵州茅台|600519.SH|2022-04-19|22489.71|22489.71|42.87|42.87|11.87|11.87|35.12|35.12|21.18|21.18|1.08|1.08|301.45|22708.39|22190.29|29.52|
|贵州茅台|600519.SH|2022-04-18|22496.24|22496.24|42.88|42.88|11.87|11.87|35.13|35.13|21.18|21.18|1.08|1.08|301.54|22714.92|22196.82|29.53|
|贵州茅台|600519.SH|2022-04-15|22686.81|22686.81|43.25|43.25|11.97|11.97|35.43|35.43|21.36|21.36|1.07|1.07|304.09|22905.49|22387.38|29.78|
|贵州茅台|600519.SH|2022-04-14|22724.62|22724.62|43.32|43.32|11.99|11.99|35.49|35.49|21.4|21.4|1.07|1.07|304.6|22943.3|22425.19|29.83|
|贵州茅台|600519.SH|2022-04-13|22222.14|22222.14|42.36|42.36|11.72|11.72|34.71|34.71|20.93|20.93|1.09|1.09|297.86|22440.82|21922.72|29.16|
|贵州茅台|600519.SH|2022-04-12|22385.44|22385.44|42.67|42.67|11.81|11.81|34.96|34.96|21.08|21.08|1.08|1.08|300.05|22604.12|22086.02|29.38|
|贵州茅台|600519.SH|2022-04-11|21606.6|21606.6|41.19|41.19|11.4|11.4|33.75|33.75|20.35|20.35|1.12|1.12|289.61|21825.28|21307.18|28.34|
|贵州茅台|600519.SH|2022-04-08|22410.57|22410.57|42.72|42.72|11.82|11.82|35|35|21.1|21.1|1.08|1.08|300.39|22629.25|22111.15|29.41|
|贵州茅台|600519.SH|2022-04-07|22171.89|22171.89|42.26|42.26|11.7|11.7|34.63|34.63|20.88|20.88|1.09|1.09|297.19|22390.57|21872.47|29.09|
|贵州茅台|600519.SH|2022-04-06|22171.89|22171.89|42.26|42.26|11.7|11.7|34.63|34.63|20.88|20.88|1.09|1.09|297.19|22390.57|21872.47|29.09|
|贵州茅台|600519.SH|2022-04-01|22360.45|22360.45|42.62|42.62|11.8|11.8|34.92|34.92|21.06|21.06|1.08|1.08|299.72|22579.13|22061.02|29.34|
|贵州茅台|600519.SH|2022-03-31|21594.04|21594.04|41.16|41.16|11.39|11.39|33.73|33.73|20.34|20.34|1.12|1.12|289.44|21812.72|21294.62|28.33|
|贵州茅台|600519.SH|2022-03-30|21733.48|21733.48|46.54|41.43|12.47|11.47|42.06|34.33|22.9|19.85|1.12|1.12|291.31|21952.55|21445.53|31.9|
|贵州茅台|600519.SH|2022-03-29|20940.82|20940.82|44.84|39.92|12.01|11.05|40.53|33.08|22.06|19.13|1.16|1.16|280.69|21159.89|20652.87|30.72|
|贵州茅台|600519.SH|2022-03-28|20862.93|20862.93|44.68|41.61|11.97|11.97|40.38|32.95|21.98|20.39|1.16|1.16|254.47|21082|20574.98|30.6|
|贵州茅台|600519.SH|2022-03-25|21229.74|21229.74|45.46|42.34|12.18|12.18|41.09|33.53|22.37|20.74|1.14|1.14|258.94|21448.81|20941.79|31.15|
|贵州茅台|600519.SH|2022-03-24|21618.28|21618.28|46.29|43.12|12.4|12.4|41.84|34.15|22.78|21.12|1.12|1.12|263.68|21837.36|21330.34|31.73|
|贵州茅台|600519.SH|2022-03-23|22010.97|22010.97|47.14|43.9|12.62|12.62|42.6|34.77|23.19|21.51|1.1|1.1|268.47|22230.04|21723.02|32.31|
|贵州茅台|600519.SH|2022-03-22|21292.55|21292.55|45.6|42.47|12.21|12.21|41.21|33.63|22.43|20.81|1.14|1.14|259.71|21511.62|21004.6|31.24|
|贵州茅台|600519.SH|2022-03-21|21409.38|21409.38|45.85|42.7|12.28|12.28|41.44|33.82|22.56|20.92|1.13|1.13|261.13|21628.45|21121.43|31.41|
|贵州茅台|600519.SH|2022-03-18|21453.22|21453.22|45.94|42.79|12.3|12.3|41.52|33.89|22.6|20.96|1.13|1.13|261.67|21672.29|21165.27|31.48|
|贵州茅台|600519.SH|2022-03-17|21608.49|21608.49|46.27|43.1|12.39|12.39|41.82|34.13|22.77|21.11|1.12|1.12|263.56|21827.56|21320.54|31.71|
|贵州茅台|600519.SH|2022-03-16|21040.69|21040.69|45.06|41.97|12.07|12.07|40.72|33.23|22.17|20.56|1.15|1.15|256.64|21259.76|20752.74|30.87|
|贵州茅台|600519.SH|2022-03-15|20136.85|20136.85|43.12|40.16|11.55|11.55|38.97|31.81|21.22|19.68|1.2|1.2|245.61|20355.92|19848.9|29.52|
|贵州茅台|600519.SH|2022-03-14|21355.36|21355.36|45.73|42.59|12.25|12.25|41.33|33.73|22.5|20.87|1.13|1.13|260.48|21574.43|21067.41|31.33|
|贵州茅台|600519.SH|2022-03-11|22222.26|22222.26|47.59|44.32|12.75|12.75|43.01|35.1|23.41|21.71|1.09|1.09|271.05|22441.34|21934.32|32.62|
|贵州茅台|600519.SH|2022-03-10|22541.59|22541.59|48.27|44.96|12.93|12.93|43.63|35.6|23.75|22.03|1.08|1.08|274.94|22760.66|22253.64|33.1|
|贵州茅台|600519.SH|2022-03-09|22350.02|22350.02|47.86|44.58|12.82|12.82|43.26|35.3|23.55|21.84|1.08|1.08|272.61|22569.09|22062.07|32.81|
|贵州茅台|600519.SH|2022-03-08|22023.66|22023.66|47.16|43.93|12.63|12.63|42.62|34.79|23.2|21.52|1.1|1.1|268.63|22242.73|21735.71|32.33|
|贵州茅台|600519.SH|2022-03-07|21443.3|21443.3|45.92|42.77|12.3|12.3|41.5|33.87|22.59|20.95|1.13|1.13|261.55|21662.37|21155.35|31.46|
|贵州茅台|600519.SH|2022-03-04|22366.6|22366.6|47.9|44.61|12.83|12.83|43.29|35.33|23.56|21.85|1.08|1.08|272.81|22585.67|22078.65|32.84|
|贵州茅台|600519.SH|2022-03-03|22611.56|22611.56|48.42|45.1|12.97|12.97|43.76|35.72|23.82|22.09|1.07|1.07|275.8|22830.63|22323.61|33.2|
|贵州茅台|600519.SH|2022-03-02|23175.34|23175.34|49.63|46.22|13.29|13.29|44.85|36.61|24.42|22.64|1.05|1.05|282.67|23394.41|22887.39|34.04|
|贵州茅台|600519.SH|2022-03-01|23346.18|23346.18|49.99|46.57|13.39|13.39|45.18|36.88|24.6|22.81|1.04|1.04|284.76|23565.26|23058.24|34.29|
|贵州茅台|600519.SH|2022-02-28|22490.97|22490.97|48.16|44.86|12.9|12.9|43.53|35.52|23.7|21.98|1.08|1.08|274.33|22710.04|22203.02|33.02|
|贵州茅台|600519.SH|2022-02-25|22599.75|22599.75|48.4|45.08|12.96|12.96|43.74|35.7|23.81|22.08|1.07|1.07|275.65|22818.82|22311.8|33.18|
|贵州茅台|600519.SH|2022-02-24|22160.71|22160.71|47.46|44.2|12.71|12.71|42.89|35|23.35|21.65|1.09|1.09|270.3|22379.78|21872.76|32.53|
|贵州茅台|600519.SH|2022-02-23|22950.86|22950.86|49.15|45.78|13.16|13.16|44.42|36.25|24.18|22.43|1.06|1.06|279.94|23169.93|22662.91|33.71|
|贵州茅台|600519.SH|2022-02-22|22710.42|22710.42|48.63|45.3|13.03|13.03|43.95|35.87|23.93|22.19|1.07|1.07|277|22929.49|22422.47|33.35|
|贵州茅台|600519.SH|2022-02-21|23578.71|23578.71|50.49|47.03|13.52|13.52|45.63|37.24|24.84|23.04|1.03|1.03|287.59|23797.78|23290.76|34.64|
|贵州茅台|600519.SH|2022-02-18|23955.69|23955.69|51.3|47.78|13.74|13.74|46.36|37.84|25.24|23.41|1.01|1.01|292.19|24174.76|23667.74|35.2|
|贵州茅台|600519.SH|2022-02-17|23704.33|23704.33|50.76|47.28|13.6|13.6|45.88|37.44|24.97|23.16|1.02|1.02|289.13|23923.4|23416.38|34.83|
|贵州茅台|600519.SH|2022-02-16|23774.17|23774.17|50.91|47.42|13.64|13.64|46.01|37.55|25.05|23.23|1.02|1.02|289.98|23993.24|23486.22|34.93|
|贵州茅台|600519.SH|2022-02-15|23749.93|23749.93|50.86|47.37|13.62|13.62|45.97|37.51|25.02|23.21|1.02|1.02|289.68|23969|23461.98|34.9|
|贵州茅台|600519.SH|2022-02-14|23474.19|23474.19|50.27|46.82|13.46|13.46|45.43|37.08|24.73|22.94|1.03|1.03|286.32|23693.26|23186.24|34.49|
|贵州茅台|600519.SH|2022-02-11|23239.28|23239.28|49.77|46.35|13.33|13.33|44.98|36.71|24.48|22.71|1.04|1.04|283.45|23458.35|22951.33|34.14|
|贵州茅台|600519.SH|2022-02-10|23528.58|23528.58|50.39|46.93|13.5|13.5|45.54|37.16|24.79|22.99|1.03|1.03|286.98|23747.66|23240.64|34.57|
|贵州茅台|600519.SH|2022-02-09|23817.26|23817.26|51|47.51|13.66|13.66|46.1|37.62|25.09|23.27|1.02|1.02|290.5|24036.33|23529.31|35|
|贵州茅台|600519.SH|2022-02-08|23101.48|23101.48|49.47|46.08|13.25|13.25|44.71|36.49|24.34|22.57|1.05|1.05|281.77|23320.55|22813.53|33.93|
|贵州茅台|600519.SH|2022-02-07|23465.27|23465.27|50.25|46.8|13.46|13.46|45.41|37.06|24.72|22.93|1.03|1.03|286.21|23684.34|23177.32|34.47|
|贵州茅台|600519.SH|2022-01-28|23704.45|23704.45|50.76|47.28|13.6|13.6|45.88|37.44|24.97|23.16|1.02|1.02|289.13|23923.52|23416.5|34.83|
|贵州茅台|600519.SH|2022-01-27|24684.29|24684.29|52.86|49.23|14.16|14.16|47.77|38.99|26.01|24.12|0.98|0.98|301.08|24903.36|24396.34|36.29|
|贵州茅台|600519.SH|2022-01-26|24558.67|24558.67|52.59|48.98|14.09|14.09|47.53|38.79|25.87|24|0.99|0.99|299.55|24777.74|24270.72|36.1|
|贵州茅台|600519.SH|2022-01-25|24407.92|24407.92|52.27|48.68|14|14|47.24|38.55|25.72|23.85|0.99|0.99|297.71|24626.99|24119.98|35.87|
|贵州茅台|600519.SH|2022-01-24|24498.37|24498.37|52.46|48.86|14.05|14.05|47.41|38.7|25.81|23.94|0.99|0.99|298.81|24717.44|24210.42|36.01|
|贵州茅台|600519.SH|2022-01-21|24935.4|24935.4|53.4|49.74|14.3|14.3|48.26|39.39|26.27|24.36|0.97|0.97|304.14|25154.47|24647.45|36.66|
|贵州茅台|600519.SH|2022-01-20|24741.07|24741.07|52.98|49.35|14.19|14.19|47.88|39.08|26.07|24.17|0.98|0.98|301.77|24960.14|24453.12|36.37|
|贵州茅台|600519.SH|2022-01-19|24018.5|24018.5|51.43|47.91|13.78|13.78|46.49|37.94|25.31|23.47|1.01|1.01|292.96|24237.57|23730.55|35.29|
|贵州茅台|600519.SH|2022-01-18|23770.65|23770.65|50.9|47.41|13.63|13.63|46.01|37.55|25.04|23.23|1.02|1.02|289.94|23989.73|23482.71|34.93|
|贵州茅台|600519.SH|2022-01-17|23385.5|23385.5|50.08|46.64|13.41|13.41|45.26|36.94|24.64|22.85|1.04|1.04|285.24|23604.58|23097.56|34.35|
|贵州茅台|600519.SH|2022-01-14|23453.21|23453.21|50.22|46.78|13.45|13.45|45.39|37.04|24.71|22.92|1.03|1.03|286.06|23672.28|23165.26|34.45|
|贵州茅台|600519.SH|2022-01-13|23583.73|23583.73|50.5|47.04|13.53|13.53|45.64|37.25|24.85|23.04|1.03|1.03|287.66|23802.8|23295.78|34.65|
|贵州茅台|600519.SH|2022-01-12|24709.41|24709.41|52.91|49.28|14.17|14.17|47.82|39.03|26.03|24.14|0.98|0.98|301.39|24928.48|24421.46|36.32|
|贵州茅台|600519.SH|2022-01-11|24377.15|24377.15|52.2|48.62|13.98|13.98|47.18|38.5|25.68|23.82|0.99|0.99|297.33|24596.22|24089.2|35.83|
|贵州茅台|600519.SH|2022-01-10|24696.85|24696.85|52.89|49.26|14.17|14.17|47.8|39.01|26.02|24.13|0.98|0.98|301.23|24915.92|24408.9|36.3|
|贵州茅台|600519.SH|2022-01-07|24395.36|24395.36|52.24|48.66|13.99|13.99|47.21|38.53|25.7|23.84|0.99|0.99|297.55|24614.43|24107.41|35.86|
|贵州茅台|600519.SH|2022-01-06|24900.6|24900.6|53.32|49.67|14.28|14.28|48.19|39.33|26.23|24.33|0.97|0.97|303.72|25119.68|24612.66|36.61|
|贵州茅台|600519.SH|2022-01-05|25425.44|25425.44|54.45|50.71|14.58|14.58|49.21|40.16|26.79|24.84|0.95|0.95|310.12|25644.52|25137.5|37.39|
|贵州茅台|600519.SH|2022-01-04|25767.51|25767.51|55.18|51.39|14.78|14.78|49.87|40.7|27.15|25.18|0.94|0.94|314.29|25986.58|25479.56|37.9|
|贵州茅台|600519.SH|2021-12-31|25752.05|25752.05|55.15|51.36|14.77|14.77|49.84|40.68|27.13|25.16|0.83|0.94|314.1|25971.13|25464.11|37.87|
|贵州茅台|600519.SH|2021-12-30|26066.1|26066.1|55.82|51.99|14.95|14.95|50.45|41.17|27.46|25.47|0.82|0.93|317.93|26285.18|25778.16|38.34|
|贵州茅台|600519.SH|2021-12-29|25639|25639|54.9|51.14|14.71|14.71|49.62|40.5|27.01|25.05|0.83|0.95|312.72|25858.07|25351.05|37.71|
|贵州茅台|600519.SH|2021-12-28|26859.77|26859.77|57.52|53.57|15.41|15.41|51.98|42.43|28.3|26.24|0.8|0.9|327.61|27078.84|26571.82|39.52|
|贵州茅台|600519.SH|2021-12-27|26779.88|26779.88|57.35|53.41|15.36|15.36|51.83|42.3|28.21|26.17|0.8|0.91|326.64|26998.95|26491.93|39.4|
|贵州茅台|600519.SH|2021-12-24|27562.11|27562.11|59.02|54.97|15.81|15.81|53.34|43.53|29.04|26.93|0.78|0.88|336.18|27781.18|27274.16|40.57|
|贵州茅台|600519.SH|2021-12-23|26631.39|26631.39|57.03|53.12|15.27|15.27|51.54|42.06|28.06|26.02|0.8|0.91|324.83|26850.46|26343.45|39.18|
|贵州茅台|600519.SH|2021-12-22|25726.93|25726.93|55.09|51.31|14.76|14.76|49.79|40.64|27.11|25.14|0.83|0.94|313.8|25946|25438.98|37.84|
|贵州茅台|600519.SH|2021-12-21|25603.82|25603.82|54.83|51.07|14.69|14.69|49.55|40.44|26.98|25.02|0.84|0.95|312.29|25822.9|25315.88|37.65|
|贵州茅台|600519.SH|2021-12-20|25864.61|25864.61|55.39|51.59|14.84|14.84|50.06|40.85|27.25|25.27|0.83|0.94|315.48|26083.68|25576.66|38.04|
|贵州茅台|600519.SH|2021-12-17|25760.85|25760.85|55.17|51.38|14.78|14.78|49.86|40.69|27.14|25.17|0.83|0.94|314.21|25979.92|25472.9|37.89|
|贵州茅台|600519.SH|2021-12-16|26618.71|26618.71|57|53.09|15.27|15.27|51.52|42.04|28.04|26.01|0.8|0.91|324.67|26837.78|26330.76|39.16|
|贵州茅台|600519.SH|2021-12-15|26819.82|26819.82|57.43|53.49|15.38|15.38|51.91|42.36|28.26|26.21|0.8|0.9|327.13|27038.89|26531.87|39.46|
|贵州茅台|600519.SH|2021-12-14|27008.25|27008.25|57.84|53.87|15.49|15.49|52.27|42.66|28.46|26.39|0.79|0.9|329.42|27227.32|26720.3|39.74|
|贵州茅台|600519.SH|2021-12-13|26608.78|26608.78|56.98|53.07|15.26|15.26|51.5|42.03|28.03|26|0.8|0.91|324.55|26827.85|26320.83|39.15|
|贵州茅台|600519.SH|2021-12-10|26254.53|26254.53|56.22|52.37|15.06|15.06|50.81|41.47|27.66|25.65|0.81|0.92|320.23|26473.61|25966.59|38.62|
|贵州茅台|600519.SH|2021-12-09|26211.2|26211.2|56.13|52.28|15.03|15.03|50.73|41.4|27.62|25.61|0.82|0.92|319.7|26430.27|25923.25|38.56|
|贵州茅台|600519.SH|2021-12-08|25664.12|25664.12|54.96|51.19|14.72|14.72|49.67|40.54|27.04|25.08|0.83|0.94|313.03|25883.19|25376.17|37.74|
|贵州茅台|600519.SH|2021-12-07|24569.6|24569.6|52.61|49.01|14.09|14.09|47.55|38.81|25.89|24.01|0.87|0.99|299.68|24788.67|24281.65|36.11|
|贵州茅台|600519.SH|2021-12-06|24713.18|24713.18|52.92|49.29|14.17|14.17|47.83|39.03|26.04|24.15|0.87|0.98|301.43|24932.25|24425.23|36.33|
|贵州茅台|600519.SH|2021-12-03|24770.71|24770.71|53.05|49.41|14.21|14.21|47.94|39.13|26.1|24.2|0.86|0.98|302.13|24989.78|24482.76|36.41|
|贵州茅台|600519.SH|2021-12-02|24294.87|24294.87|52.03|48.46|13.93|13.93|47.02|38.37|25.6|23.74|0.88|1|296.33|24513.94|24006.92|35.71|
|贵州茅台|600519.SH|2021-12-01|24282.18|24282.18|52|48.43|13.93|13.93|47|38.35|25.58|23.73|0.88|1|296.17|24501.25|23994.23|35.69|
|贵州茅台|600519.SH|2021-11-30|24254.29|24254.29|51.94|48.38|13.91|13.91|46.94|38.31|25.55|23.7|0.88|1|295.83|24473.36|23966.34|35.65|
|贵州茅台|600519.SH|2021-11-29|24935.53|24935.53|53.4|49.74|14.3|14.3|48.26|39.39|26.27|24.36|0.86|0.97|304.14|25154.6|24647.58|36.66|
|贵州茅台|600519.SH|2021-11-26|24382.92|24382.92|52.21|48.63|13.99|13.99|47.19|38.51|25.69|23.82|0.88|0.99|297.4|24602|24094.98|35.84|
|贵州茅台|600519.SH|2021-11-25|24571.61|24571.61|52.62|49.01|14.09|14.09|47.56|38.81|25.89|24.01|0.87|0.99|299.7|24790.68|24283.66|36.12|
|贵州茅台|600519.SH|2021-11-24|24382.8|24382.8|52.21|48.63|13.99|13.99|47.19|38.51|25.69|23.82|0.88|0.99|297.4|24601.87|24094.85|35.84|
|贵州茅台|600519.SH|2021-11-23|23822.91|23822.91|51.02|47.52|13.66|13.66|46.11|37.63|25.1|23.28|0.9|1.02|290.57|24041.98|23534.96|35|
|贵州茅台|600519.SH|2021-11-22|23293.3|23293.3|49.88|46.46|13.36|13.36|45.08|36.79|24.54|22.76|0.92|1.04|284.11|23512.37|23005.35|34.22|
|贵州茅台|600519.SH|2021-11-19|22968.45|22968.45|49.19|45.81|13.17|13.17|44.45|36.28|24.2|22.44|0.93|1.06|280.15|23187.52|22680.5|33.73|
|贵州茅台|600519.SH|2021-11-18|22511.06|22511.06|48.21|44.9|12.91|12.91|43.57|35.56|23.72|22|0.95|1.08|274.57|22730.14|22223.12|33.05|
|贵州茅台|600519.SH|2021-11-17|22548.75|22548.75|48.29|44.97|12.93|12.93|43.64|35.62|23.76|22.03|0.95|1.07|275.03|22767.82|22260.8|33.11|
|贵州茅台|600519.SH|2021-11-16|22712.06|22712.06|48.64|45.3|13.03|13.03|43.96|35.87|23.93|22.19|0.94|1.07|277.02|22931.13|22424.11|33.35|
|贵州茅台|600519.SH|2021-11-15|22123.4|22123.4|47.38|44.13|12.69|12.69|42.82|34.94|23.31|21.62|0.97|1.1|269.84|22342.47|21835.45|32.48|
|贵州茅台|600519.SH|2021-11-12|22282.19|22282.19|47.72|44.44|12.78|12.78|43.12|35.2|23.48|21.77|0.96|1.09|271.78|22501.26|21994.24|32.71|
|贵州茅台|600519.SH|2021-11-11|22229.68|22229.68|47.6|44.34|12.75|12.75|43.02|35.11|23.42|21.72|0.96|1.09|271.14|22448.75|21941.73|32.63|
|贵州茅台|600519.SH|2021-11-10|22033.58|22033.58|47.18|43.95|12.64|12.64|42.64|34.8|23.21|21.53|0.97|1.1|268.75|22252.66|21745.64|32.34|
|贵州茅台|600519.SH|2021-11-09|22486.07|22486.07|48.15|44.85|12.9|12.9|43.52|35.52|23.69|21.97|0.95|1.08|274.27|22705.14|22198.12|33.02|
|贵州茅台|600519.SH|2021-11-08|22864.06|22864.06|48.96|45.6|13.11|13.11|44.25|36.11|24.09|22.34|0.94|1.06|278.88|23083.13|22576.11|33.58|
|贵州茅台|600519.SH|2021-11-05|22862.05|22862.05|48.96|45.6|13.11|13.11|44.25|36.11|24.09|22.34|0.94|1.06|278.85|23081.12|22574.1|33.57|
|贵州茅台|600519.SH|2021-11-04|22664.32|22664.32|48.53|45.21|13|13|43.86|35.8|23.88|22.15|0.94|1.07|276.44|22883.39|22376.37|33.28|
|贵州茅台|600519.SH|2021-11-03|22171.89|22171.89|47.48|44.22|12.72|12.72|42.91|35.02|23.36|21.66|0.96|1.09|270.43|22390.96|21883.94|32.55|
|贵州茅台|600519.SH|2021-11-02|22669.85|22669.85|48.55|45.22|13|13|43.88|35.81|23.88|22.15|0.94|1.07|276.51|22888.92|22381.9|33.29|
|贵州茅台|600519.SH|2021-11-01|22649.25|22649.25|48.5|45.18|12.99|12.99|43.84|35.77|23.86|22.13|0.94|1.07|276.26|22868.32|22361.3|33.26|
|贵州茅台|600519.SH|2021-10-29|22939.18|22939.18|49.12|45.75|13.16|13.16|44.4|36.23|24.17|22.41|0.93|1.06|279.79|23158.25|22651.23|33.69|
|贵州茅台|600519.SH|2021-10-28|22931.77|22931.77|49.11|45.74|13.15|13.15|44.38|36.22|24.16|22.41|0.93|1.06|279.7|23150.84|22643.82|33.68|
|贵州茅台|600519.SH|2021-10-27|22850.24|22850.24|48.93|45.58|13.11|13.11|44.22|36.09|24.07|22.33|0.94|1.06|278.71|23069.31|22562.29|33.56|
|贵州茅台|600519.SH|2021-10-26|23378.47|23378.47|50.06|46.63|13.41|13.41|45.25|36.93|24.63|22.84|0.91|1.04|285.15|23597.54|23090.52|34.34|
|贵州茅台|600519.SH|2021-10-25|23528.96|23528.96|50.39|46.93|13.5|13.5|45.54|37.16|24.79|22.99|0.91|1.03|286.99|23748.03|23241.01|34.57|
|贵州茅台|600519.SH|2021-10-22|23880.32|23880.32|51.14|48.99|14.76|14.76|46.22|39.3|25.16|23.87|0.9|1.01|314.89|24117.61|23575.63|35.06|
|贵州茅台|600519.SH|2021-10-21|23164.29|23164.29|49.61|47.52|14.32|14.32|44.83|38.12|24.41|23.15|0.92|1.05|305.44|23401.57|22859.6|34|
|贵州茅台|600519.SH|2021-10-20|23126.6|23126.6|49.52|47.44|14.3|14.3|44.76|38.06|24.37|23.12|0.92|1.05|304.95|23363.89|22821.91|33.94|
|贵州茅台|600519.SH|2021-10-19|22764.57|22764.57|48.75|46.7|14.07|14.07|44.06|37.46|23.98|22.75|0.94|1.06|300.17|23001.85|22459.87|33.41|
|贵州茅台|600519.SH|2021-10-18|22611.56|22611.56|48.42|46.38|13.98|13.98|43.76|37.21|23.82|22.6|0.95|1.07|298.16|22848.85|22306.87|33.18|
|贵州茅台|600519.SH|2021-10-15|24080.93|24080.93|51.57|49.4|14.89|14.89|46.61|39.63|25.37|24.07|0.89|1.01|317.53|24318.22|23776.24|35.36|
|贵州茅台|600519.SH|2021-10-14|24005.94|24005.94|51.41|49.24|14.84|14.84|46.46|39.5|25.29|23.99|0.89|1.01|316.54|24243.23|23701.25|35.25|
|贵州茅台|600519.SH|2021-10-13|24243.36|24243.36|51.92|49.73|14.99|14.99|46.92|39.9|25.54|24.23|0.88|1|319.67|24480.65|23938.67|35.6|
|贵州茅台|600519.SH|2021-10-12|23503.34|23503.34|50.33|48.21|14.53|14.53|45.49|38.68|24.76|23.49|0.91|1.03|309.92|23740.62|23198.64|34.5|
|贵州茅台|600519.SH|2021-10-11|23454.72|23454.72|50.23|48.11|14.5|14.5|45.39|38.6|24.71|23.44|0.91|1.03|309.27|23692.01|23150.03|34.43|
|贵州茅台|600519.SH|2021-10-08|23109.01|23109.01|49.49|47.4|14.29|14.29|44.73|38.03|24.35|23.1|0.93|1.05|304.72|23346.3|22804.32|33.92|
|贵州茅台|600519.SH|2021-09-30|22988.42|22988.42|49.23|47.16|14.21|14.21|44.49|37.83|24.22|22.98|0.93|1.05|303.13|23225.71|22683.73|33.74|
|贵州茅台|600519.SH|2021-09-29|22862.8|22862.8|48.96|46.9|14.14|14.14|44.25|37.62|24.09|22.85|0.94|1.06|301.47|23100.09|22558.11|33.55|
|贵州茅台|600519.SH|2021-09-28|22888.68|22888.68|49.02|46.95|14.15|14.15|44.3|37.67|24.11|22.88|0.93|1.06|301.81|23125.96|22583.99|33.59|
|贵州茅台|600519.SH|2021-09-27|23302.47|23302.47|49.9|47.8|14.41|14.41|45.1|38.35|24.55|23.29|0.92|1.04|307.27|23539.76|22997.78|34.2|
|贵州茅台|600519.SH|2021-09-24|21279.99|21279.99|45.57|43.65|13.16|13.16|41.19|35.02|22.42|21.27|1|1.14|280.6|21517.28|20975.3|31.2|
|贵州茅台|600519.SH|2021-09-23|20538.83|20538.83|43.98|42.13|12.7|12.7|39.75|33.8|21.64|20.53|1.04|1.18|270.83|20776.12|20234.14|30.09|
|贵州茅台|600519.SH|2021-09-22|20572.63|20572.63|44.06|42.2|12.72|12.72|39.82|33.85|21.67|20.56|1.04|1.18|271.27|20809.91|20267.94|30.14|
|贵州茅台|600519.SH|2021-09-17|21179.49|21179.49|45.35|43.45|13.1|13.1|40.99|34.85|22.31|21.17|1.01|1.14|279.27|21416.78|20874.8|31.05|
|贵州茅台|600519.SH|2021-09-16|20577.4|20577.4|44.07|42.21|12.72|12.72|39.83|33.86|21.68|20.57|1.04|1.18|271.33|20814.69|20272.71|30.15|
|贵州茅台|600519.SH|2021-09-15|20296.89|20296.89|43.46|41.63|12.55|12.55|39.28|33.4|21.38|20.29|1.05|1.19|267.64|20534.18|19992.2|29.73|
|贵州茅台|600519.SH|2021-09-14|20815.2|20815.2|44.57|42.7|12.87|12.87|40.29|34.25|21.93|20.8|1.03|1.16|274.47|21052.48|20510.51|30.51|
|贵州茅台|600519.SH|2021-09-13|20777.51|20777.51|44.49|42.62|12.85|12.85|40.21|34.19|21.89|20.77|1.03|1.17|273.97|21014.8|20472.82|30.45|
|贵州茅台|600519.SH|2021-09-10|20885.29|20885.29|44.72|42.84|12.91|12.91|40.42|34.37|22|20.87|1.02|1.16|275.39|21122.58|20580.6|30.61|
|贵州茅台|600519.SH|2021-09-09|20527.28|20527.28|43.96|42.11|12.69|12.69|39.73|33.78|21.63|20.52|1.04|1.18|270.67|20764.56|20222.59|30.08|
|贵州茅台|600519.SH|2021-09-08|20514.97|20514.97|43.93|42.08|12.68|12.68|39.7|33.76|21.61|20.5|1.04|1.18|270.51|20752.25|20210.28|30.06|
|贵州茅台|600519.SH|2021-09-07|20965.94|20965.94|44.9|43.01|12.96|12.96|40.58|34.5|22.09|20.96|1.02|1.16|276.46|21203.23|20661.25|30.73|
|贵州茅台|600519.SH|2021-09-06|20986.92|20986.92|44.94|43.05|12.98|12.98|40.62|34.54|22.11|20.98|1.02|1.15|276.73|21224.21|20682.23|30.76|
|贵州茅台|600519.SH|2021-09-03|20830.52|20830.52|44.61|42.73|12.88|12.88|40.32|34.28|21.95|20.82|1.03|1.16|274.67|21067.81|20525.83|30.53|
|贵州茅台|600519.SH|2021-09-02|20335.33|20335.33|43.55|41.71|12.57|12.57|39.36|33.46|21.42|20.33|1.05|1.19|268.14|20572.62|20030.64|29.79|
|贵州茅台|600519.SH|2021-09-01|20375.65|20375.65|43.63|41.8|12.6|12.6|39.43|33.53|21.47|20.37|1.05|1.19|268.67|20612.94|20070.96|29.85|
|贵州茅台|600519.SH|2021-08-31|19571.56|19571.56|41.91|40.15|12.1|12.1|37.88|32.21|20.62|19.56|1.09|1.24|258.07|19808.85|19266.87|28.66|
|贵州茅台|600519.SH|2021-08-30|19923.3|19923.3|42.66|40.87|12.32|12.32|38.56|32.79|20.99|19.91|1.07|1.22|262.71|20160.58|19618.61|29.18|
|贵州茅台|600519.SH|2021-08-27|20049.29|20049.29|42.93|41.13|12.4|12.4|38.8|32.99|21.12|20.04|1.07|1.21|264.37|20286.58|19744.6|29.37|
|贵州茅台|600519.SH|2021-08-26|20036.35|20036.35|42.91|41.1|12.39|12.39|38.78|32.97|21.11|20.03|1.07|1.21|264.2|20273.64|19731.66|29.35|
|贵州茅台|600519.SH|2021-08-25|20915.94|20915.94|44.79|42.9|12.93|12.93|40.48|34.42|22.04|20.91|1.02|1.16|275.8|21153.23|20611.25|30.66|
|贵州茅台|600519.SH|2021-08-24|20415.48|20415.48|43.72|41.88|12.62|12.62|39.51|33.6|21.51|20.41|1.05|1.19|269.2|20652.76|20110.78|29.91|
|贵州茅台|600519.SH|2021-08-23|19724.69|19724.69|42.24|40.46|12.2|12.2|38.17|32.46|20.78|19.71|1.08|1.23|260.09|19961.98|19420|28.88|
|贵州茅台|600519.SH|2021-08-20|19445.94|19445.94|41.64|39.89|12.02|12.02|37.64|32|20.49|19.44|1.1|1.25|256.41|19683.23|19141.25|28.47|
|贵州茅台|600519.SH|2021-08-19|20350.03|20350.03|43.58|41.74|12.58|12.58|39.39|33.49|21.44|20.34|1.05|1.19|268.34|20587.31|20045.34|29.81|
|贵州茅台|600519.SH|2021-08-18|20350.4|20350.4|43.58|41.74|12.58|12.58|39.39|33.49|21.44|20.34|1.05|1.19|268.34|20587.69|20045.71|29.81|
|贵州茅台|600519.SH|2021-08-17|20538.83|20538.83|43.98|42.13|12.7|12.7|39.75|33.8|21.64|20.53|1.04|1.18|270.83|20776.12|20234.14|30.09|
|贵州茅台|600519.SH|2021-08-16|21345.31|21345.31|45.71|43.79|13.2|13.2|41.31|35.13|22.49|21.33|1|1.14|281.46|21582.6|21040.62|31.29|
|贵州茅台|600519.SH|2021-08-13|21355.87|21355.87|45.73|43.81|13.2|13.2|41.33|35.14|22.5|21.35|1|1.13|281.6|21593.15|21051.17|31.31|
|贵州茅台|600519.SH|2021-08-12|21229.74|21229.74|45.46|43.55|13.13|13.13|41.09|34.94|22.37|21.22|1.01|1.14|279.94|21467.03|20925.05|31.12|
|贵州茅台|600519.SH|2021-08-11|21989.74|21989.74|47.09|45.11|13.6|13.6|42.56|36.19|23.17|21.98|0.97|1.1|289.96|22227.03|21685.05|32.25|
|贵州茅台|600519.SH|2021-08-10|22599|22599|48.39|46.36|13.97|13.97|43.74|37.19|23.81|22.59|0.95|1.07|297.99|22836.28|22294.31|33.16|
|贵州茅台|600519.SH|2021-08-09|21277.48|21277.48|45.56|43.65|13.16|13.16|41.18|35.01|22.42|21.27|1.01|1.14|280.57|21514.76|20972.79|31.19|
|贵州茅台|600519.SH|2021-08-06|20991.07|20991.07|44.95|43.06|12.98|12.98|40.63|34.54|22.12|20.98|1.02|1.15|276.79|21228.35|20686.37|30.77|
|贵州茅台|600519.SH|2021-08-05|21342.8|21342.8|45.7|43.78|13.2|13.2|41.31|35.12|22.49|21.33|1|1.14|281.43|21580.09|21038.11|31.29|
|贵州茅台|600519.SH|2021-08-04|21656.85|21656.85|46.38|44.42|13.39|13.39|41.91|35.64|22.82|21.65|0.99|1.12|285.57|21894.14|21352.16|31.76|
|贵州茅台|600519.SH|2021-08-03|21974.67|21974.67|47.06|45.08|13.59|13.59|42.53|36.16|23.15|21.96|0.97|1.1|289.76|22211.95|21669.98|32.23|
|贵州茅台|600519.SH|2021-08-02|22046.27|22046.27|47.21|45.22|13.63|13.63|42.67|36.28|23.23|22.04|0.97|1.1|290.7|22283.56|21741.58|32.34|
|贵州茅台|600519.SH|2021-07-30|21091.44|21091.44|45.17|44.35|12.03|13.96|40.82|44.05|22.22|21.57|1.01|1.15|256.29|21244.31|20736.88|30.84|
|贵州茅台|600519.SH|2021-07-29|21980.82|21980.82|47.07|46.22|12.54|14.55|42.54|45.91|23.16|22.48|0.97|1.1|267.09|22133.7|21626.27|32.17|
|贵州茅台|600519.SH|2021-07-28|22220.88|22220.88|47.59|46.72|12.68|14.71|43.01|46.41|23.41|22.73|0.96|1.09|270.01|22373.76|21866.33|32.52|
|贵州茅台|600519.SH|2021-07-27|21517.29|21517.29|46.08|45.24|12.28|14.25|41.64|44.94|22.67|22.01|0.99|1.13|261.46|21670.16|21162.73|31.48|
|贵州茅台|600519.SH|2021-07-26|22663.19|22663.19|48.53|47.65|12.93|15|43.86|47.33|23.88|23.18|0.94|1.07|275.38|22816.06|22308.63|33.18|
|贵州茅台|600519.SH|2021-07-23|23867.76|23867.76|51.11|50.19|13.62|15.8|46.19|49.85|25.15|24.41|0.9|1.02|290.02|24020.63|23513.2|34.97|
|贵州茅台|600519.SH|2021-07-22|24370.36|24370.36|52.19|51.24|13.9|16.14|47.17|50.9|25.68|24.92|0.88|0.99|296.13|24523.24|24015.81|35.72|
|贵州茅台|600519.SH|2021-07-21|24734.53|24734.53|52.97|52.01|14.11|16.38|47.87|51.66|26.06|25.3|0.86|0.98|300.55|24887.41|24379.98|36.26|
|贵州茅台|600519.SH|2021-07-20|24872.72|24872.72|53.26|52.3|14.19|16.47|48.14|51.95|26.21|25.44|0.86|0.97|302.23|25025.59|24518.16|36.47|
|贵州茅台|600519.SH|2021-07-19|24809.91|24809.91|53.13|52.17|14.15|16.43|48.02|51.82|26.14|25.37|0.86|0.98|301.47|24962.78|24455.35|36.37|
|贵州茅台|600519.SH|2021-07-16|24569.97|24569.97|52.62|51.66|14.02|16.27|47.55|51.31|25.89|25.13|0.87|0.99|298.55|24722.85|24215.42|36.02|
|贵州茅台|600519.SH|2021-07-15|25098.71|25098.71|53.75|52.77|14.32|16.62|48.58|52.42|26.44|25.67|0.85|0.97|304.98|25251.58|24744.15|36.8|
|贵州茅台|600519.SH|2021-07-14|24646.6|24646.6|52.78|51.82|14.06|16.32|47.7|51.47|25.97|25.21|0.87|0.98|299.48|24799.48|24292.04|36.13|
|贵州茅台|600519.SH|2021-07-13|24909.15|24909.15|53.34|52.38|14.21|16.49|48.21|52.02|26.24|25.47|0.86|0.97|302.67|25062.02|24554.59|36.52|
|贵州茅台|600519.SH|2021-07-12|24634.04|24634.04|52.75|51.8|14.05|16.31|47.68|51.45|25.95|25.19|0.87|0.98|299.33|24786.91|24279.48|36.11|
|贵州茅台|600519.SH|2021-07-09|24773.6|24773.6|53.05|52.09|14.13|16.4|47.95|51.74|26.1|25.34|0.86|0.98|301.03|24926.48|24419.04|36.32|
|贵州茅台|600519.SH|2021-07-08|24935.53|24935.53|53.4|52.43|14.23|16.51|48.26|52.08|26.27|25.5|0.86|0.97|303|25088.4|24580.97|36.56|
|贵州茅台|600519.SH|2021-07-07|25174.2|25174.2|53.91|52.93|14.36|16.67|48.72|52.58|26.52|25.75|0.85|0.96|305.9|25327.08|24819.65|36.91|
|贵州茅台|600519.SH|2021-07-06|25286.01|25286.01|54.15|53.17|14.43|16.74|48.94|52.81|26.64|25.86|0.85|0.96|307.25|25438.88|24931.45|37.08|
|贵州茅台|600519.SH|2021-07-05|25048.58|25048.58|53.64|52.67|14.29|16.58|48.48|52.31|26.39|25.62|0.85|0.97|304.37|25201.46|24694.03|36.73|
|贵州茅台|600519.SH|2021-07-02|25287.26|25287.26|54.15|53.17|14.43|16.74|48.94|52.81|26.64|25.86|0.85|0.96|307.27|25440.14|24932.7|37.08|
|贵州茅台|600519.SH|2021-07-01|26442.96|26442.96|56.63|55.6|15.09|17.51|51.18|55.23|27.86|27.04|0.81|0.92|321.31|26595.84|26088.41|38.8|
|贵州茅台|600519.SH|2021-06-30|25836.22|25836.22|55.33|54.33|14.74|17.11|50|53.96|27.22|26.42|0.83|0.94|313.94|25989.1|25481.66|37.9|
|贵州茅台|600519.SH|2021-06-29|25902.8|25902.8|55.47|54.47|14.78|17.15|50.13|54.1|27.29|26.49|0.83|0.94|314.75|26055.67|25548.24|38|
|贵州茅台|600519.SH|2021-06-28|26417.97|26417.97|56.57|55.55|15.07|17.49|51.13|55.17|27.83|27.02|0.81|0.92|321.01|26570.84|26063.41|38.76|
|贵州茅台|600519.SH|2021-06-25|26279.66|26279.66|56.28|55.26|14.99|17.4|50.86|54.89|27.69|26.88|0.81|0.92|319.33|26432.53|25925.1|38.56|
|贵州茅台|600519.SH|2021-06-24|25978.8|25978.8|55.63|54.63|14.82|14.82|50.28|54.26|27.37|26.57|0.82||315.67|26131.67|25624.24|38.11|
|贵州茅台|600519.SH|2021-06-23|25601.31|25601.31|54.82|53.83|14.61|14.61|49.55|53.47|26.97|26.18|0.84|0.84|311.09|25754.19|25246.75|37.55|
|贵州茅台|600519.SH|2021-06-22|26065.73|26065.73|55.82|54.81|14.87|14.87|50.45|54.44|27.46|26.66|0.82|0.82|316.73|26218.6|25711.17|38.24|
|贵州茅台|600519.SH|2021-06-21|26149.52|26149.52|56|54.98|14.92|14.92|50.61|54.61|27.55|26.74|0.82|0.82|317.75|26302.39|25794.96|38.37|
|贵州茅台|600519.SH|2021-06-18|26266.34|26266.34|56.25|55.23|14.99|14.99|50.84|54.86|27.67|26.86|0.81|0.81|319.17|26419.22|25911.78|38.54|
|贵州茅台|600519.SH|2021-06-17|27095.06|27095.06|58.02|56.97|15.46|15.46|52.44|56.59|28.55|27.71|0.79|0.79|329.24|27247.93|26740.5|39.77|
|贵州茅台|600519.SH|2021-06-16|27108.75|27108.75|58.05|57|15.47|15.47|52.47|56.62|28.56|27.72|0.79|0.79|329.4|27261.62|26754.19|39.79|
|贵州茅台|600519.SH|2021-06-15|27548.42|27548.42|58.99|57.93|15.72|15.72|53.32|57.54|29.02|28.17|0.78|0.78|334.75|27701.29|27193.86|40.45|
|贵州茅台|600519.SH|2021-06-11|27370.16|27370.16|58.61|57.55|15.62|15.62|52.97|57.16|28.84|27.99|0.78|0.78|332.58|27523.04|27015.61|40.18|
|贵州茅台|600519.SH|2021-06-10|28119.74|28119.74|60.22|59.13|16.04|16.04|54.42|58.73|29.63|28.76|0.76|0.76|341.69|28272.61|27765.18|41.3|
|贵州茅台|600519.SH|2021-06-09|27630.07|27630.07|59.17|58.1|15.76|15.76|53.48|57.71|29.11|28.26|0.77|0.77|335.74|27782.95|27275.51|40.57|
|贵州茅台|600519.SH|2021-06-08|27523.29|27523.29|58.94|57.87|15.7|15.7|53.27|57.48|29|28.15|0.78|0.78|334.44|27676.17|27168.74|40.41|
|贵州茅台|600519.SH|2021-06-07|28528.25|28528.25|61.09|59.99|16.28|16.28|55.21|59.58|30.06|29.18|0.75|0.75|346.65|28681.13|28173.69|41.9|
|贵州茅台|600519.SH|2021-06-04|28283.29|28283.29|60.57|59.47|16.14|16.14|54.74|59.07|29.8|28.93|0.76|0.76|343.67|28436.17|27928.74|41.54|
|贵州茅台|600519.SH|2021-06-03|27915.48|27915.48|59.78|58.7|15.93|15.93|54.03|58.3|29.41|28.55|0.77|0.77|339.21|28068.35|27560.92|40.99|
|贵州茅台|600519.SH|2021-06-02|27912.72|27912.72|59.77|58.69|15.93|15.93|54.02|58.3|29.41|28.55|0.77|0.77|339.17|28065.59|27558.16|40.99|
|贵州茅台|600519.SH|2021-06-01|28150.76|28150.76|60.28|59.19|16.06|16.06|54.48|58.79|29.66|28.79|0.76|0.76|342.06|28303.64|27796.21|41.34|
|贵州茅台|600519.SH|2021-05-31|27862.47|27862.47|59.67|58.59|15.9|15.9|53.92|58.19|29.36|28.49|0.77|0.77|338.56|28015.34|27507.91|40.91|
|贵州茅台|600519.SH|2021-05-28|28013.21|28013.21|59.99|58.9|15.98|15.98|54.22|58.51|29.51|28.65|0.76|0.76|340.39|28166.09|27658.65|41.14|
|贵州茅台|600519.SH|2021-05-27|28201.64|28201.64|60.39|59.3|16.09|16.09|54.58|58.9|29.71|28.84|0.76|0.76|342.68|28354.52|27847.08|41.42|
|贵州茅台|600519.SH|2021-05-26|27887.59|27887.59|59.72|58.64|15.91|15.91|53.97|58.24|29.38|28.52|0.77|0.77|338.87|28040.47|27533.03|40.95|
|贵州茅台|600519.SH|2021-05-25|27567.26|27567.26|59.03|57.97|15.73|15.73|53.35|57.57|29.04|28.19|0.78|0.78|334.97|27720.14|27212.7|40.47|
|贵州茅台|600519.SH|2021-05-24|26019.5|26019.5|55.72|54.71|14.85|14.85|50.36|54.34|27.41|26.61|0.82|0.82|316.17|26172.37|25664.94|38.17|
|贵州茅台|600519.SH|2021-05-21|25652.82|25652.82|54.93|53.94|14.64|14.64|49.65|53.58|27.03|26.23|0.83|0.83|311.71|25805.69|25298.26|37.63|
|贵州茅台|600519.SH|2021-05-20|25863.61|25863.61|55.39|54.38|14.76|14.76|50.06|54.02|27.25|26.45|0.83|0.83|314.27|26016.48|25509.05|37.94|
|贵州茅台|600519.SH|2021-05-19|25739.49|25739.49|55.12|54.12|14.69|14.69|49.82|53.76|27.12|26.32|0.83|0.83|312.76|25892.37|25384.94|37.76|
|贵州茅台|600519.SH|2021-05-18|25869.01|25869.01|55.4|54.39|14.76|14.76|50.07|54.03|27.25|26.46|0.83|0.83|314.34|26021.88|25514.45|37.95|
|贵州茅台|600519.SH|2021-05-17|25852.05|25852.05|55.36|54.36|14.75|14.75|50.03|53.99|27.24|26.44|0.83|0.83|314.13|26004.92|25497.49|37.92|
|贵州茅台|600519.SH|2021-05-14|25247.69|25247.69|54.07|53.09|14.4|14.4|48.86|52.73|26.6|25.82|0.85|0.85|306.79|25400.57|24893.13|37.02|
|贵州茅台|600519.SH|2021-05-13|24765.94|24765.94|53.04|52.08|14.13|14.13|47.93|51.72|26.09|25.33|0.86|0.86|300.93|24918.81|24411.38|36.31|
|贵州茅台|600519.SH|2021-05-12|24922.96|24922.96|53.37|52.41|14.22|14.22|48.24|52.05|26.26|25.49|0.86|0.86|302.84|25075.84|24568.41|36.54|
|贵州茅台|600519.SH|2021-05-11|24608.91|24608.91|52.7|51.75|14.04|14.04|47.63|51.4|25.93|25.17|0.87|0.87|299.03|24761.79|24254.36|36.07|
|贵州茅台|600519.SH|2021-05-10|23604.33|23604.33|50.55|49.63|13.47|13.47|45.68|49.3|24.87|24.14|0.91|0.91|286.82|23757.21|23249.78|34.58|
|贵州茅台|600519.SH|2021-05-07|23905.44|23905.44|51.19|50.27|13.64|13.64|46.27|49.93|25.19|24.45|0.89|0.89|290.48|24058.32|23550.89|35.03|
|贵州茅台|600519.SH|2021-05-06|24608.91|24608.91|52.7|51.75|14.04|14.04|47.63|51.4|25.93|25.17|0.87|0.87|299.03|24761.79|24254.36|36.07|
|贵州茅台|600519.SH|2021-04-30|25209.13|25209.13|53.98|53.01|14.38|14.38|48.79|52.65|26.56|25.78|0.85|0.85|306.32|25362|24854.57|36.97|
|贵州茅台|600519.SH|2021-04-29|25455.09|25455.09|54.51|53.52|14.52|14.52|49.27|53.16|26.82|26.03|0.84|0.84|309.31|25607.96|25100.53|37.33|
|贵州茅台|600519.SH|2021-04-28|25651.56|25651.56|54.93|53.94|14.64|14.64|49.65|53.57|27.03|26.23|0.83|0.83|311.7|25804.43|25297|37.62|
|贵州茅台|600519.SH|2021-04-27|26310.31|26310.31|56.34|56.34|16.31|16.31|50.92|50.92|27.72|27.72|0.81|0.81|282.87|26452.73|26091.82|38.81|
|贵州茅台|600519.SH|2021-04-26|26101.53|26101.53|55.9|55.9|16.18|16.18|50.52|50.52|27.5|27.5|0.82|0.82|280.63|26243.95|25883.04|38.5|
|贵州茅台|600519.SH|2021-04-23|26492.46|26492.46|56.73|56.73|16.42|16.42|51.27|51.27|27.91|27.91|0.81|0.81|284.83|26634.88|26273.97|39.08|
|贵州茅台|600519.SH|2021-04-22|25821.15|25821.15|55.29|55.29|16.01|16.01|49.97|49.97|27.2|27.2|0.83|0.83|277.61|25963.56|25602.65|38.08|
|贵州茅台|600519.SH|2021-04-21|26128.91|26128.91|55.95|55.95|16.2|16.2|50.57|50.57|27.53|27.53|0.82|0.82|280.92|26271.33|25910.42|38.54|
|贵州茅台|600519.SH|2021-04-20|26314.83|26314.83|56.35|56.35|16.31|16.31|50.93|50.93|27.72|27.72|0.81|0.81|282.92|26457.25|26096.34|38.81|
|贵州茅台|600519.SH|2021-04-19|26229.41|26229.41|56.17|56.17|16.26|16.26|50.76|50.76|27.63|27.63|0.82|0.82|282|26371.83|26010.92|38.69|
|贵州茅台|600519.SH|2021-04-16|25814.61|25814.61|55.28|55.28|16|16|49.96|49.96|27.2|27.2|0.83|0.83|277.54|25957.03|25596.12|38.07|
|贵州茅台|600519.SH|2021-04-15|25319.92|25319.92|54.22|54.22|15.7|15.7|49|49|26.68|26.68|0.84|0.84|272.22|25462.34|25101.43|37.33|
|贵州茅台|600519.SH|2021-04-14|25714.37|25714.37|55.07|55.07|15.94|15.94|49.77|49.77|27.09|27.09|0.83|0.83|276.46|25856.79|25495.88|37.92|
|贵州茅台|600519.SH|2021-04-13|25387.76|25387.76|54.37|54.37|15.74|15.74|49.14|49.14|26.75|26.75|0.84|0.84|272.95|25530.18|25169.27|37.43|
|贵州茅台|600519.SH|2021-04-12|25235.63|25235.63|54.04|54.04|15.64|15.64|48.84|48.84|26.59|26.59|0.85|0.85|271.32|25378.05|25017.14|37.21|
|贵州茅台|600519.SH|2021-04-09|25375.2|25375.2|54.34|54.34|15.73|15.73|49.11|49.11|26.73|26.73|0.84|0.84|272.82|25517.61|25156.7|37.42|
|贵州茅台|600519.SH|2021-04-08|26003.29|26003.29|55.68|55.68|16.12|16.12|50.33|50.33|27.4|27.4|0.82|0.82|279.57|26145.71|25784.8|38.35|
|贵州茅台|600519.SH|2021-04-07|25890.24|25890.24|55.44|55.44|16.05|16.05|50.11|50.11|27.28|27.28|0.83|0.83|278.35|26032.66|25671.74|38.18|
|贵州茅台|600519.SH|2021-04-06|26707.14|26707.14|57.19|57.19|16.56|16.56|51.69|51.69|28.14|28.14|0.8|0.8|287.14|26849.56|26488.65|39.4|
|贵州茅台|600519.SH|2021-04-02|27159|27159|58.16|58.16|16.84|16.84|52.56|52.56|28.61|28.61|0.79|0.79|292|27301.42|26940.5|40.07|
|贵州茅台|600519.SH|2021-04-01|25682.96|25682.96|55|55|15.92|15.92|49.71|49.71|27.06|27.06|0.83|0.83|276.13|25825.38|25464.47|37.87|
|贵州茅台|600519.SH|2021-03-31|25237.01|25237.01|54.04|54.04|15.64|15.64|48.84|48.84|26.59|26.59|0.85|0.85|271.33|25379.43|25018.52|37.21|
|贵州茅台|600519.SH|2021-03-30|25828.05|25828.05|62.68|57.94|17.4|17.4|57.13|60.06|30.23|28.16|0.83|0.83|257.24|25932.32|25661.57|42.77|
|贵州茅台|600519.SH|2021-03-29|25552.32|25552.32|62.01|57.32|17.21|17.21|56.52|59.42|29.91|27.86|0.84|0.84|254.49|25656.59|25385.84|42.31|
|贵州茅台|600519.SH|2021-03-26|25287.26|25287.26|61.37|56.73|17.03|17.03|55.93|58.8|29.6|27.57|0.85|0.85|251.85|25391.53|25120.78|41.86|
|贵州茅台|600519.SH|2021-03-25|24759.66|24759.66|60.09|55.54|16.68|16.68|54.77|57.57|28.98|27|0.86|0.86|246.6|24863.93|24593.17|40.98|
|贵州茅台|600519.SH|2021-03-24|24985.77|24985.77|60.64|56.05|16.83|16.83|55.27|58.1|29.25|27.24|0.86|0.86|248.85|25090.04|24819.29|41.36|
|贵州茅台|600519.SH|2021-03-23|25073.71|25073.71|60.85|56.25|16.89|16.89|55.46|58.3|29.35|27.34|0.85|0.85|249.72|25177.98|24907.22|41.51|
|贵州茅台|600519.SH|2021-03-22|24998.21|24998.21|60.67|56.08|16.84|16.84|55.29|58.13|29.26|27.26|0.86|0.86|248.97|25102.48|24831.73|41.38|
|贵州茅台|600519.SH|2021-03-19|25249.58|25249.58|61.28|56.64|17.01|17.01|55.85|58.71|29.56|27.53|0.85|0.85|251.48|25353.84|25083.09|41.8|
|贵州茅台|600519.SH|2021-03-18|25999.53|25999.53|63.1|58.32|17.51|17.51|57.51|60.46|30.43|28.35|0.82|0.82|258.95|26103.79|25833.04|43.05|
|贵州茅台|600519.SH|2021-03-17|25505.34|25505.34|61.9|57.21|17.18|17.18|56.41|59.31|29.86|27.81|0.84|0.84|254.02|25609.61|25338.85|42.23|
|贵州茅台|600519.SH|2021-03-16|25255.86|25255.86|61.29|56.65|17.01|17.01|55.86|58.73|29.56|27.54|0.85|0.85|251.54|25360.13|25089.37|41.81|
|贵州茅台|600519.SH|2021-03-15|24815.56|24815.56|60.22|55.67|16.72|16.72|54.89|57.7|29.05|27.06|0.86|0.86|247.15|24919.83|24649.08|41.08|
|贵州茅台|600519.SH|2021-03-12|25450.57|25450.57|61.76|57.09|17.14|17.14|56.29|59.18|29.79|27.75|0.84|0.84|253.48|25554.84|25284.08|42.14|
|贵州茅台|600519.SH|2021-03-11|25726.93|25726.93|62.43|57.71|17.33|17.33|56.9|59.82|30.11|28.05|0.83|0.83|256.23|25831.2|25560.45|42.6|
|贵州茅台|600519.SH|2021-03-10|24747.22|24747.22|60.06|55.51|16.67|16.67|54.74|57.54|28.97|26.98|0.86|0.86|246.47|24851.49|24580.74|40.96|
|贵州茅台|600519.SH|2021-03-09|24332.43|24332.43|59.05|54.58|16.39|16.39|53.82|56.58|28.48|26.53|0.88|0.88|242.34|24436.69|24165.94|40.27|
|贵州茅台|600519.SH|2021-03-08|24621.48|24621.48|59.75|55.23|16.59|16.59|54.46|57.25|28.82|26.85|0.87|0.87|245.22|24725.75|24454.99|40.75|
|贵州茅台|600519.SH|2021-03-05|25879.06|25879.06|62.8|58.05|17.43|17.43|57.24|60.18|30.29|28.22|0.83|0.83|257.75|25983.33|25712.57|42.85|
|贵州茅台|600519.SH|2021-03-04|25538.5|25538.5|61.98|57.29|17.2|17.2|56.49|59.38|29.89|27.85|0.84|0.84|254.35|25642.77|25372.02|42.28|
|贵州茅台|600519.SH|2021-03-03|26882.63|26882.63|65.24|60.3|18.11|18.11|59.46|62.51|31.47|29.31|0.8|0.8|267.74|26986.9|26716.15|44.52|
|贵州茅台|600519.SH|2021-03-02|25852.55|25852.55|62.74|57.99|17.41|17.41|57.18|60.11|30.26|28.19|0.83|0.83|257.48|25956.82|25686.07|42.81|
|贵州茅台|600519.SH|2021-03-01|27108.75|27108.75|65.79|60.81|18.26|18.26|59.96|63.03|31.73|29.56|0.79|0.79|269.99|27213.02|26942.26|44.9|
|贵州茅台|600519.SH|2021-02-26|26666.32|26666.32|64.71|59.82|17.96|17.96|58.98|62.01|31.21|29.08|0.8|0.8|265.59|26770.58|26499.83|44.16|
|贵州茅台|600519.SH|2021-02-25|27008.25|27008.25|65.54|60.59|18.19|18.19|59.74|62.8|31.61|29.45|0.79|0.79|268.99|27112.52|26841.77|44.73|
|贵州茅台|600519.SH|2021-02-24|27498.17|27498.17|66.73|61.68|18.52|18.52|60.82|63.94|32.19|29.98|0.78|0.78|273.87|27602.44|27331.69|45.55|
|贵州茅台|600519.SH|2021-02-23|28980.48|28980.48|70.33|65.01|19.52|19.52|64.1|67.39|33.92|31.6|0.74|0.74|288.63|29084.75|28814|48.02|
|贵州茅台|600519.SH|2021-02-22|28742.06|28742.06|69.75|64.47|19.36|19.36|63.57|66.83|33.64|31.34|0.74|0.74|286.26|28846.33|28575.57|47.62|
|贵州茅台|600519.SH|2021-02-19|30902.47|30902.47|74.99|69.32|20.82|20.82|68.35|71.86|36.17|33.7|0.69|0.69|307.78|31006.73|30735.98|51.22|
|贵州茅台|600519.SH|2021-02-18|31040.65|31040.65|75.33|69.63|20.91|20.91|68.66|72.18|36.33|33.85|0.69|0.69|309.15|31144.92|30874.16|51.45|
|贵州茅台|600519.SH|2021-02-10|32673.7|32673.7|79.29|73.29|22.01|22.01|72.27|75.97|38.25|35.63|0.65|0.65|325.42|32777.97|32507.22|54.17|
|贵州茅台|600519.SH|2021-02-09|30857.62|30857.62|74.89|69.22|20.79|20.79|68.25|71.75|36.12|33.65|0.69|0.69|307.33|30961.89|30691.14|51.15|
|贵州茅台|600519.SH|2021-02-08|29756.81|29756.81|72.21|66.75|20.04|20.04|65.82|69.19|34.83|32.45|0.72|0.72|296.37|29861.08|29590.33|49.31|
|贵州茅台|600519.SH|2021-02-05|29055.86|29055.86|70.51|65.18|19.57|19.57|64.27|67.56|34.01|31.68|0.74|0.74|289.38|29160.12|28889.37|48.14|
|贵州茅台|600519.SH|2021-02-04|29154.47|29154.47|70.75|65.4|19.64|19.64|64.49|67.79|34.13|31.79|0.73|0.73|290.37|29258.74|28987.98|48.31|
|贵州茅台|600519.SH|2021-02-03|27509.6|27509.6|66.76|61.71|18.53|18.53|60.85|63.97|32.2|30|0.78|0.78|273.98|27613.87|27343.12|45.57|
|贵州茅台|600519.SH|2021-02-02|26945.44|26945.44|65.39|60.44|18.15|18.15|59.6|62.65|31.54|29.38|0.79|0.79|268.37|27049.71|26778.96|44.63|
|贵州茅台|600519.SH|2021-02-01|26497.23|26497.23|64.3|59.44|17.85|17.85|58.61|61.61|31.02|28.89|0.81|0.81|263.9|26601.5|26330.75|43.88|
|贵州茅台|600519.SH|2021-01-29|26583.41|26583.41|64.51|59.63|17.91|17.91|58.8|61.81|31.12|28.99|0.8|0.8|264.76|26687.68|26416.92|44.02|
|贵州茅台|600519.SH|2021-01-28|26229.41|26229.41|63.65|58.84|17.67|17.67|58.02|60.99|30.7|28.6|0.82|0.82|261.23|26333.68|26062.93|43.43|
|贵州茅台|600519.SH|2021-01-27|26241.97|26241.97|63.68|58.87|17.68|17.68|58.04|61.02|30.72|28.61|0.81|0.81|261.36|26346.24|26075.49|43.46|
|贵州茅台|600519.SH|2021-01-26|26906.38|26906.38|65.3|60.36|18.12|18.12|59.51|62.56|31.5|29.34|0.79|0.79|267.98|27010.64|26739.89|44.56|
|贵州茅台|600519.SH|2021-01-25|27322.3|27322.3|66.31|61.29|18.4|18.4|60.43|63.53|31.98|29.79|0.78|0.78|272.12|27426.57|27155.82|45.26|
|贵州茅台|600519.SH|2021-01-22|26128.29|26128.29|63.41|58.61|17.6|17.6|57.79|60.75|30.58|28.49|0.82|0.82|260.23|26232.55|25961.8|43.27|
|贵州茅台|600519.SH|2021-01-21|26003.29|26003.29|63.1|58.33|17.52|17.52|57.52|60.46|30.44|28.35|0.82|0.82|258.98|26107.56|25836.81|43.06|
|贵州茅台|600519.SH|2021-01-20|25634.35|25634.35|62.21|57.5|17.27|17.27|56.7|59.61|30.01|27.95|0.83|0.83|255.31|25738.62|25467.86|42.44|
|贵州茅台|600519.SH|2021-01-19|25242.16|25242.16|61.26|56.62|17|17|55.83|58.69|29.55|27.52|0.85|0.85|251.4|25346.43|25075.68|41.79|
|贵州茅台|600519.SH|2021-01-18|25915.36|25915.36|62.89|58.13|17.46|17.46|57.32|60.26|30.34|28.26|0.83|0.83|258.11|26019.63|25748.88|42.91|
|贵州茅台|600519.SH|2021-01-15|26154.04|26154.04|63.47|58.67|17.62|17.62|57.85|60.81|30.61|28.52|0.82|0.82|260.48|26258.31|25987.55|43.31|
|贵州茅台|600519.SH|2021-01-14|26807.26|26807.26|65.06|60.13|18.06|18.06|59.29|62.33|31.38|29.23|0.8|0.8|266.99|26911.53|26640.78|44.4|
|贵州茅台|600519.SH|2021-01-13|27184.12|27184.12|65.97|60.98|18.31|18.31|60.13|63.21|31.82|29.64|0.79|0.79|270.74|27288.39|27017.64|45.03|
|贵州茅台|600519.SH|2021-01-12|27145.18|27145.18|65.88|60.89|18.29|18.29|60.04|63.12|31.77|29.6|0.79|0.79|270.36|27249.45|26978.69|44.96|
|贵州茅台|600519.SH|2021-01-11|26376.76|26376.76|64.01|59.17|17.77|17.77|58.34|61.33|30.88|28.76|0.81|0.81|262.7|26481.03|26210.28|43.68|
|贵州茅台|600519.SH|2021-01-08|26254.53|26254.53|63.71|58.89|17.69|17.69|58.07|61.05|30.73|28.63|0.81|0.81|261.48|26358.8|26088.05|43.48|
|贵州茅台|600519.SH|2021-01-07|26882.63|26882.63|65.24|60.3|18.11|18.11|59.46|62.51|31.47|29.31|0.8|0.8|267.74|26986.9|26716.15|44.52|
|贵州茅台|600519.SH|2021-01-06|26380.15|26380.15|64.02|59.18|17.77|17.77|58.35|61.34|30.88|28.76|0.81|0.81|262.74|26484.42|26213.67|43.69|
|贵州茅台|600519.SH|2021-01-05|25870.77|25870.77|62.78|58.03|17.43|17.43|57.22|60.16|30.28|28.21|0.83|0.83|257.66|25975.03|25704.28|42.84|
|贵州茅台|600519.SH|2021-01-04|25086.27|25086.27|60.88|56.27|16.9|16.9|55.49|58.33|29.36|27.35|0.85|0.85|249.85|25190.54|24919.79|41.53|
|贵州茅台|600519.SH|2020-12-31|25098.83|25098.83|60.91|56.3|16.91|16.91|55.52|58.36|29.38|27.37|0.73|0.85|249.97|25203.1|24932.35|41.55|
|贵州茅台|600519.SH|2020-12-30|24282.3|24282.3|58.93|54.47|16.36|16.36|53.71|56.46|28.42|26.48|0.75|0.88|241.84|24386.57|24115.82|40.19|
|贵州茅台|600519.SH|2020-12-29|23453.21|23453.21|56.92|52.61|15.8|15.8|51.88|54.53|27.45|25.57|0.78|0.91|233.58|23557.48|23286.73|38.81|
|贵州茅台|600519.SH|2020-12-28|23528.58|23528.58|57.1|52.78|15.85|15.85|52.04|54.71|27.54|25.66|0.78|0.91|234.34|23632.85|23362.1|38.93|
|贵州茅台|600519.SH|2020-12-25|22988.42|22988.42|55.79|51.57|15.49|15.49|50.85|53.45|26.91|25.07|0.79|0.93|228.96|23092.69|22821.94|38.03|
|贵州茅台|600519.SH|2020-12-24|22992.69|22992.69|55.8|51.58|15.49|15.49|50.86|53.46|26.91|25.07|0.79|0.93|229|23096.96|22826.21|38.04|
|贵州茅台|600519.SH|2020-12-23|23134.77|23134.77|56.14|51.9|15.58|15.58|51.17|53.79|27.08|25.23|0.79|0.92|230.41|23239.04|22968.28|38.28|
|贵州茅台|600519.SH|2020-12-22|23629.08|23629.08|57.34|53.01|15.92|15.92|52.26|54.94|27.66|25.77|0.77|0.91|235.34|23733.35|23462.6|39.1|
|贵州茅台|600519.SH|2020-12-21|23145.44|23145.44|56.17|51.92|15.59|15.59|51.19|53.82|27.09|25.24|0.79|0.92|230.52|23249.71|22978.96|38.29|
|贵州茅台|600519.SH|2020-12-18|23176.85|23176.85|56.25|51.99|15.61|15.61|51.26|53.89|27.13|25.27|0.79|0.92|230.83|23281.12|23010.37|38.35|
|贵州茅台|600519.SH|2020-12-17|23434.5|23434.5|56.87|52.57|15.79|15.79|51.83|54.49|27.43|25.55|0.78|0.91|233.4|23538.76|23268.01|38.78|
|贵州茅台|600519.SH|2020-12-16|23114.04|23114.04|56.09|51.85|15.57|15.57|51.13|53.75|27.06|25.2|0.79|0.93|230.21|23218.31|22947.56|38.24|
|贵州茅台|600519.SH|2020-12-15|22812.68|22812.68|55.36|51.17|15.37|15.37|50.46|53.05|26.7|24.87|0.8|0.94|227.21|22916.95|22646.19|37.74|
|贵州茅台|600519.SH|2020-12-14|22975.86|22975.86|55.76|51.54|15.48|15.48|50.82|53.42|26.89|25.05|0.79|0.93|228.83|23080.13|22809.37|38.01|
|贵州茅台|600519.SH|2020-12-11|22862.8|22862.8|55.48|51.29|15.4|15.4|50.57|53.16|26.76|24.93|0.8|0.94|227.7|22967.07|22696.32|37.82|
|贵州茅台|600519.SH|2020-12-10|23024.85|23024.85|55.88|51.65|15.51|15.51|50.93|53.54|26.95|25.11|0.79|0.93|229.32|23129.12|22858.37|38.09|
|贵州茅台|600519.SH|2020-12-09|23114.04|23114.04|56.09|51.85|15.57|15.57|51.13|53.75|27.06|25.2|0.79|0.93|230.21|23218.31|22947.56|38.24|
|贵州茅台|600519.SH|2020-12-08|23239.66|23239.66|56.4|52.13|15.65|15.65|51.4|54.04|27.2|25.34|0.79|0.92|231.46|23343.93|23073.18|38.45|
|贵州茅台|600519.SH|2020-12-07|22767.33|22767.33|55.25|51.07|15.34|15.34|50.36|52.94|26.65|24.83|0.8|0.94|226.75|22871.6|22600.84|37.66|
|贵州茅台|600519.SH|2020-12-04|22525.01|22525.01|54.66|50.53|15.17|15.17|49.82|52.38|26.37|24.56|0.81|0.95|224.34|22629.28|22358.52|37.26|
|贵州茅台|600519.SH|2020-12-03|21970.9|21970.9|53.32|49.29|14.8|14.8|48.6|51.09|25.72|23.96|0.83|0.97|218.82|22075.17|21804.42|36.34|
|贵州茅台|600519.SH|2020-12-02|21832.84|21832.84|52.98|48.98|14.71|14.71|48.29|50.77|25.56|23.81|0.84|0.98|217.45|21937.11|21666.36|36.11|
|贵州茅台|600519.SH|2020-12-01|21820.16|21820.16|52.95|48.95|14.7|14.7|48.26|50.74|25.54|23.79|0.84|0.98|217.32|21924.42|21653.67|36.09|
|贵州茅台|600519.SH|2020-11-30|21530.1|21530.1|52.25|48.3|14.5|14.5|47.62|50.06|25.2|23.48|0.85|0.99|214.43|21634.37|21363.62|35.6|
|贵州茅台|600519.SH|2020-11-27|21831.46|21831.46|52.98|48.97|14.71|14.71|48.29|50.76|25.55|23.8|0.84|0.98|217.43|21935.73|21664.98|36.11|
|贵州茅台|600519.SH|2020-11-26|21787.37|21787.37|52.87|48.87|14.68|14.68|48.19|50.66|25.5|23.76|0.84|0.98|216.99|21891.64|21620.88|36.03|
|贵州茅台|600519.SH|2020-11-25|21693.03|21693.03|52.64|48.66|14.61|14.61|47.98|50.44|25.39|23.65|0.84|0.99|216.05|21797.3|21526.54|35.87|
|贵州茅台|600519.SH|2020-11-24|22153.05|22153.05|53.76|49.69|14.92|14.92|49|51.51|25.93|24.16|0.82|0.97|220.64|22257.32|21986.56|36.64|
|贵州茅台|600519.SH|2020-11-23|22488.58|22488.58|54.58|50.45|15.15|15.15|49.74|52.29|26.32|24.52|0.81|0.95|223.98|22592.85|22322.09|37.2|
|贵州茅台|600519.SH|2020-11-20|21606.1|21606.1|52.43|48.47|14.55|14.55|47.79|50.24|25.29|23.56|0.85|0.99|215.19|21710.37|21439.62|35.73|
|贵州茅台|600519.SH|2020-11-19|21608.99|21608.99|52.44|48.47|14.56|14.56|47.8|50.25|25.29|23.56|0.85|0.99|215.22|21713.26|21442.5|35.73|
|贵州茅台|600519.SH|2020-11-18|21275.59|21275.59|51.63|47.73|14.33|14.33|47.06|49.47|24.9|23.2|0.86|1.01|211.9|21379.86|21109.11|35.18|
|贵州茅台|600519.SH|2020-11-17|21553.84|21553.84|52.31|48.35|14.52|14.52|47.67|50.12|25.23|23.5|0.85|0.99|214.67|21658.11|21387.36|35.64|
|贵州茅台|600519.SH|2020-11-16|21732.85|21732.85|52.74|48.75|14.64|14.64|48.07|50.53|25.44|23.7|0.84|0.98|216.45|21837.12|21566.37|35.94|
|贵州茅台|600519.SH|2020-11-13|21418.17|21418.17|51.98|48.05|14.43|14.43|47.37|49.8|25.07|23.35|0.85|1|213.32|21522.44|21251.69|35.42|
|贵州茅台|600519.SH|2020-11-12|21792.39|21792.39|52.89|48.89|14.68|14.68|48.2|50.67|25.51|23.76|0.84|0.98|217.04|21896.66|21625.91|36.04|
|贵州茅台|600519.SH|2020-11-11|21749.18|21749.18|52.78|48.79|14.65|14.65|48.11|50.57|25.46|23.72|0.84|0.98|216.61|21853.45|21582.7|35.97|
|贵州茅台|600519.SH|2020-11-10|21920.65|21920.65|53.2|49.17|14.77|14.77|48.49|50.97|25.66|23.9|0.83|0.98|218.32|22024.92|21754.17|36.25|
|贵州茅台|600519.SH|2020-11-09|21890.13|21890.13|53.12|49.1|14.75|14.75|48.42|50.9|25.62|23.87|0.83|0.98|218.02|21994.39|21723.64|36.2|
|贵州茅台|600519.SH|2020-11-06|21363.15|21363.15|51.84|47.92|14.39|14.39|47.25|49.67|25.01|23.29|0.85|1|212.77|21467.42|21196.67|35.32|
|贵州茅台|600519.SH|2020-11-05|21630.47|21630.47|52.49|48.52|14.57|14.57|47.84|50.3|25.32|23.59|0.84|0.99|215.43|21734.74|21463.99|35.77|
|贵州茅台|600519.SH|2020-11-04|21350.09|21350.09|51.81|47.89|14.38|14.38|47.22|49.64|24.99|23.28|0.86|1|212.64|21454.36|21183.6|35.3|
|贵州茅台|600519.SH|2020-11-03|21292.55|21292.55|51.67|47.76|14.34|14.34|47.1|49.51|24.92|23.22|0.86|1|212.07|21396.82|21126.07|35.21|
|贵州茅台|600519.SH|2020-11-02|21028.88|21028.88|51.03|47.17|14.17|14.17|46.51|48.9|24.62|22.93|0.87|1.02|209.44|21133.15|20862.39|34.77|
|贵州茅台|600519.SH|2020-10-30|20978.75|20978.75|50.91|47.06|14.13|14.13|46.4|48.78|24.56|22.88|0.87|1.02|208.94|21083.02|20812.27|34.68|
|贵州茅台|600519.SH|2020-10-29|21053.88|21053.88|51.09|47.23|14.18|14.18|46.57|48.96|24.64|22.96|0.87|1.02|209.69|21158.14|20887.39|34.81|
|贵州茅台|600519.SH|2020-10-28|20913.31|20913.31|50.75|46.91|14.09|14.09|46.26|48.63|24.48|22.8|0.87|1.02|208.29|21017.58|20746.82|34.57|
|贵州茅台|600519.SH|2020-10-27|20413.21|20413.21|49.54|45.79|13.75|13.75|45.15|47.47|23.89|22.26|0.89|1.05|203.31|20517.48|20246.73|33.74|
|贵州茅台|600519.SH|2020-10-26|20639.33|20639.33|50.09|46.3|13.9|13.9|45.65|47.99|24.16|22.5|0.88|1.04|205.56|20743.6|20472.85|34.12|
|贵州茅台|600519.SH|2020-10-23|21547.94|21547.94|52.29|49.13|15.7|15.7|47.66|63.86|25.22|23.97|0.85|0.99|154.63|21644.6|21390.08|35.65|
|贵州茅台|600519.SH|2020-10-22|21889.25|21889.25|53.12|49.91|15.95|15.95|48.42|64.87|25.62|24.35|0.83|0.98|157.08|21985.91|21731.38|36.22|
|贵州茅台|600519.SH|2020-10-21|21774.05|21774.05|52.84|49.65|15.87|15.87|48.16|64.53|25.49|24.22|0.84|0.98|156.25|21870.71|21616.19|36.02|
|贵州茅台|600519.SH|2020-10-20|21782.47|21782.47|52.86|49.67|15.87|15.87|48.18|64.55|25.5|24.23|0.84|0.98|156.31|21879.13|21624.61|36.04|
|贵州茅台|600519.SH|2020-10-19|21342.8|21342.8|51.79|48.66|15.55|15.55|47.21|63.25|24.98|23.74|0.86|1|153.16|21439.46|21184.94|35.31|
|贵州茅台|600519.SH|2020-10-16|21506.11|21506.11|52.19|49.04|15.67|15.67|47.57|63.73|25.17|23.92|0.85|0.99|154.33|21602.77|21348.24|35.58|
|贵州茅台|600519.SH|2020-10-15|21669.41|21669.41|52.59|49.41|15.79|15.79|47.93|64.22|25.37|24.11|0.84|0.99|155.5|21766.07|21511.55|35.85|
|贵州茅台|600519.SH|2020-10-14|21719.66|21719.66|52.71|49.52|15.83|15.83|48.04|64.36|25.42|24.16|0.84|0.98|155.86|21816.32|21561.8|35.93|
|贵州茅台|600519.SH|2020-10-13|21845.28|21845.28|53.01|49.81|15.92|15.92|48.32|64.74|25.57|24.3|0.84|0.98|156.76|21941.94|21687.42|36.14|
|贵州茅台|600519.SH|2020-10-12|21991.12|21991.12|53.37|50.14|16.03|16.03|48.64|65.17|25.74|24.46|0.83|0.97|157.81|22087.79|21833.26|36.39|
|贵州茅台|600519.SH|2020-10-09|21305.11|21305.11|51.7|48.58|15.53|15.53|47.12|63.14|24.94|23.7|0.86|1|152.88|21401.78|21147.25|35.24|
|贵州茅台|600519.SH|2020-09-30|20959.66|20959.66|50.87|47.79|15.27|15.27|46.36|62.11|24.53|23.32|0.87|1.02|150.41|21056.32|20801.8|34.67|
|贵州茅台|600519.SH|2020-09-29|20756.16|20756.16|50.37|47.33|15.13|15.13|45.91|61.51|24.3|23.09|0.88|1.03|148.95|20852.82|20598.29|34.33|
|贵州茅台|600519.SH|2020-09-28|20865.45|20865.45|50.64|47.58|15.21|15.21|46.15|61.83|24.42|23.21|0.88|1.02|149.73|20962.11|20707.58|34.51|
|贵州茅台|600519.SH|2020-09-25|20540.22|20540.22|49.85|46.83|14.97|14.97|45.43|60.87|24.04|22.85|0.89|1.04|147.4|20636.88|20382.35|33.97|
|贵州茅台|600519.SH|2020-09-24|20467.48|20467.48|49.67|46.67|14.92|14.92|45.27|60.65|23.96|22.77|0.89|1.04|146.87|20564.14|20309.62|33.85|
|贵州茅台|600519.SH|2020-09-23|20727.01|20727.01|50.3|47.26|15.1|15.1|45.85|61.42|24.26|23.06|0.88|1.03|148.74|20823.67|20569.15|34.28|
|贵州茅台|600519.SH|2020-09-22|20924.36|20924.36|50.78|47.71|15.25|15.25|46.28|62.01|24.49|23.28|0.87|1.02|150.15|21021.02|20766.5|34.61|
|贵州茅台|600519.SH|2020-09-21|20938.3|20938.3|50.81|47.74|15.26|15.26|46.31|62.05|24.51|23.29|0.87|1.02|150.25|21034.97|20780.44|34.63|
|贵州茅台|600519.SH|2020-09-18|21292.55|21292.55|51.67|48.55|15.52|15.52|47.1|63.1|24.92|23.69|0.86|1|152.79|21389.21|21134.69|35.22|
|贵州茅台|600519.SH|2020-09-17|20985.04|20985.04|50.93|47.85|15.29|15.29|46.42|62.19|24.56|23.34|0.87|1.02|150.59|21081.7|20827.17|34.71|
|贵州茅台|600519.SH|2020-09-16|21670.67|21670.67|52.59|49.41|15.79|15.79|47.93|64.22|25.37|24.11|0.84|0.99|155.51|21767.33|21512.81|35.85|
|贵州茅台|600519.SH|2020-09-15|22109.08|22109.08|53.65|50.41|16.11|16.11|48.9|65.52|25.88|24.59|0.83|0.97|158.65|22205.74|21951.22|36.58|
|贵州茅台|600519.SH|2020-09-14|22184.45|22184.45|53.84|50.58|16.17|16.17|49.07|65.74|25.97|24.68|0.82|0.96|159.19|22281.11|22026.59|36.71|
|贵州茅台|600519.SH|2020-09-11|21769.91|21769.91|52.83|49.64|15.86|15.86|48.15|64.51|25.48|24.22|0.84|0.98|156.22|21866.57|21612.05|36.02|
|贵州茅台|600519.SH|2020-09-10|21428.22|21428.22|52|48.86|15.62|15.62|47.4|63.5|25.08|23.84|0.85|1|153.77|21524.88|21270.36|35.45|
|贵州茅台|600519.SH|2020-09-09|21204.62|21204.62|51.46|48.35|15.45|15.45|46.9|62.84|24.82|23.59|0.86|1.01|152.16|21301.28|21046.76|35.07|
|贵州茅台|600519.SH|2020-09-08|21498.57|21498.57|52.17|49.02|15.67|15.67|47.55|63.71|25.17|23.92|0.85|0.99|154.27|21595.23|21340.71|35.56|
|贵州茅台|600519.SH|2020-09-07|21650.57|21650.57|52.54|49.37|15.78|15.78|47.89|64.16|25.34|24.08|0.84|0.99|155.36|21747.23|21492.71|35.82|
|贵州茅台|600519.SH|2020-09-04|22234.7|22234.7|53.96|50.7|16.2|16.2|49.18|65.89|26.03|24.73|0.82|0.96|159.56|22331.36|22076.84|36.79|
|贵州茅台|600519.SH|2020-09-03|22523.63|22523.63|54.66|51.36|16.41|16.41|49.82|66.75|26.37|25.06|0.81|0.95|161.63|22620.29|22365.76|37.27|
|贵州茅台|600519.SH|2020-09-02|22548.75|22548.75|54.72|51.41|16.43|16.43|49.87|66.82|26.39|25.08|0.81|0.95|161.81|22645.41|22390.89|37.31|
|贵州茅台|600519.SH|2020-09-01|22636.43|22636.43|54.93|51.61|16.5|16.5|50.07|67.08|26.5|25.18|0.81|0.94|162.44|22733.09|22478.57|37.46|
|贵州茅台|600519.SH|2020-08-31|22441.97|22441.97|54.46|51.17|16.35|16.35|49.64|66.51|26.27|24.96|0.81|0.95|161.04|22538.64|22284.11|37.14|
|贵州茅台|600519.SH|2020-08-28|22071.4|22071.4|53.56|50.33|16.08|16.08|48.82|65.41|25.84|24.55|0.83|0.97|158.38|22168.06|21913.53|36.52|
|贵州茅台|600519.SH|2020-08-27|21744.78|21744.78|52.77|49.58|15.85|15.85|48.1|64.44|25.45|24.19|0.84|0.98|156.04|21841.45|21586.92|35.98|
|贵州茅台|600519.SH|2020-08-26|21694.54|21694.54|52.65|49.47|15.81|15.81|47.99|64.29|25.39|24.13|0.84|0.99|155.68|21791.2|21536.67|35.89|
|贵州茅台|600519.SH|2020-08-25|21694.54|21694.54|52.65|49.47|15.81|15.81|47.99|64.29|25.39|24.13|0.84|0.99|155.68|21791.2|21536.67|35.89|
|贵州茅台|600519.SH|2020-08-24|21309.51|21309.51|51.71|48.59|15.53|15.53|47.13|63.15|24.94|23.7|0.86|1|152.92|21406.17|21151.65|35.25|
|贵州茅台|600519.SH|2020-08-21|21053.88|21053.88|51.09|48.01|15.34|15.34|46.57|62.39|24.64|23.42|0.87|1.02|151.08|21150.54|20896.01|34.82|
|贵州茅台|600519.SH|2020-08-20|20903.13|20903.13|50.73|47.66|15.23|15.23|46.23|61.95|24.47|23.25|0.87|1.02|150|20999.79|20745.27|34.57|
|贵州茅台|600519.SH|2020-08-19|21192.06|21192.06|51.43|48.32|15.44|15.44|46.87|62.8|24.81|23.57|0.86|1.01|152.07|21288.72|21034.19|35.05|
|贵州茅台|600519.SH|2020-08-18|21418.17|21418.17|51.98|48.84|15.61|15.61|47.37|63.47|25.07|23.83|0.85|1|153.7|21514.83|21260.31|35.43|
|贵州茅台|600519.SH|2020-08-17|21229.74|21229.74|51.52|48.41|15.47|15.47|46.96|62.91|24.85|23.62|0.86|1.01|152.34|21326.4|21071.88|35.12|
|贵州茅台|600519.SH|2020-08-14|20865.45|20865.45|50.64|47.58|15.21|15.21|46.15|61.83|24.42|23.21|0.88|1.02|149.73|20962.11|20707.58|34.51|
|贵州茅台|600519.SH|2020-08-13|20538.83|20538.83|49.84|46.83|14.97|14.97|45.43|60.87|24.04|22.85|0.89|1.04|147.39|20635.5|20380.97|33.97|
|贵州茅台|600519.SH|2020-08-12|20437.71|20437.71|49.6|46.6|14.89|14.89|45.21|60.57|23.92|22.74|0.89|1.05|146.66|20534.37|20279.85|33.8|
|贵州茅台|600519.SH|2020-08-11|20633.17|20633.17|50.07|47.05|15.04|15.04|45.64|61.15|24.15|22.95|0.89|1.04|148.06|20729.84|20475.31|34.12|
|贵州茅台|600519.SH|2020-08-10|20526.15|20526.15|49.81|46.8|14.96|14.96|45.4|60.83|24.03|22.83|0.89|1.04|147.29|20622.81|20368.28|33.94|
|贵州茅台|600519.SH|2020-08-07|20488.59|20488.59|49.72|46.72|14.93|14.93|45.32|60.72|23.98|22.79|0.89|1.04|147.03|20585.25|20330.72|33.88|
|贵州茅台|600519.SH|2020-08-06|20576.02|20576.02|49.93|46.92|14.99|14.99|45.51|60.98|24.09|22.89|0.89|1.04|147.65|20672.68|20418.16|34.03|
|贵州茅台|600519.SH|2020-08-05|20953.38|20953.38|50.85|47.78|15.27|15.27|46.35|62.09|24.53|23.31|0.87|1.02|150.36|21050.04|20795.52|34.66|
|贵州茅台|600519.SH|2020-08-04|20978.38|20978.38|50.91|47.83|15.29|15.29|46.4|62.17|24.56|23.34|0.87|1.02|150.54|21075.04|20820.52|34.7|
|贵州茅台|600519.SH|2020-08-03|20953.38|20953.38|50.85|47.78|15.27|15.27|46.35|62.09|24.53|23.31|0.87|1.02|150.36|21050.04|20795.52|34.66|
|贵州茅台|600519.SH|2020-07-31|21081.26|21081.26|51.16|48.07|15.36|15.36|46.63|62.47|24.68|23.45|0.87|1.01|151.28|21177.92|20923.4|34.87|
|贵州茅台|600519.SH|2020-07-30|21104.12|21104.12|51.22|48.12|15.38|15.38|46.68|62.54|24.7|23.48|0.87|1.01|151.44|21200.78|20946.26|34.91|
|贵州茅台|600519.SH|2020-07-29|21003.63|21003.63|50.97|47.89|15.31|15.31|46.46|62.24|24.59|23.36|0.87|1.02|150.72|21100.29|20845.76|34.74|
|贵州茅台|600519.SH|2020-07-28|20978.5|20978.5|50.91|48.7|14.07|16.43|46.4|45.29|24.56|23.79|0.87|1.02|143.74|21058.93|20862.1|34.77|
|贵州茅台|600519.SH|2020-07-27|20382.44|20382.44|49.46|47.31|13.67|15.96|45.08|44|23.86|23.11|0.9|1.05|139.65|20462.86|20266.03|33.77|
|贵州茅台|600519.SH|2020-07-24|20040.12|20040.12|48.63|46.52|13.44|15.69|44.33|43.26|23.46|22.72|0.91|1.07|137.31|20120.55|19923.72|33.2|
|贵州茅台|600519.SH|2020-07-23|21053.88|21053.88|51.09|48.87|14.12|16.48|46.57|45.45|24.64|23.87|0.87|1.02|144.25|21134.3|20937.47|34.89|
|贵州茅台|600519.SH|2020-07-22|21080|21080|51.16|48.93|14.14|16.51|46.63|45.51|24.68|23.9|0.87|1.01|144.43|21160.43|20963.6|34.94|
|贵州茅台|600519.SH|2020-07-21|20953.38|20953.38|50.85|48.64|14.05|16.41|46.35|45.23|24.53|23.76|0.87|1.02|143.57|21033.81|20836.98|34.73|
|贵州茅台|600519.SH|2020-07-20|20563.46|20563.46|49.9|47.73|13.79|16.1|45.48|44.39|24.07|23.32|0.89|1.04|140.89|20643.88|20447.05|34.08|
|贵州茅台|600519.SH|2020-07-17|20702.77|20702.77|50.24|48.06|13.88|16.21|45.79|44.69|24.23|23.47|0.88|1.03|141.85|20783.19|20586.36|34.31|
|贵州茅台|600519.SH|2020-07-16|20275.03|20275.03|49.2|47.06|13.6|15.87|44.85|43.77|23.73|22.99|0.9|1.05|138.92|20355.46|20158.63|33.59|
|贵州茅台|600519.SH|2020-07-15|22015.24|22015.24|53.43|51.1|14.77|17.24|48.69|47.52|25.77|24.96|0.83|0.97|150.84|22095.67|21898.84|36.49|
|贵州茅台|600519.SH|2020-07-14|22134.21|22134.21|53.72|51.38|14.84|17.33|48.96|47.78|25.91|25.1|0.83|0.97|151.66|22214.63|22017.8|36.69|
|贵州茅台|600519.SH|2020-07-13|22385.32|22385.32|54.32|51.96|15.01|17.53|49.51|48.32|26.2|25.38|0.82|0.96|153.38|22465.75|22268.92|37.11|
|贵州茅台|600519.SH|2020-07-10|21529.35|21529.35|52.25|49.98|14.44|16.86|47.62|46.48|25.2|24.41|0.85|0.99|147.51|21609.77|21412.94|35.69|
|贵州茅台|600519.SH|2020-07-09|21430.73|21430.73|52.01|49.75|14.37|16.78|47.4|46.26|25.09|24.3|0.85|1|146.84|21511.16|21314.33|35.52|
|贵州茅台|600519.SH|2020-07-08|21120.96|21120.96|51.26|49.03|14.17|16.54|46.72|45.59|24.72|23.95|0.86|1.01|144.71|21201.38|21004.55|35|
|贵州茅台|600519.SH|2020-07-07|21204.62|21204.62|51.46|49.22|14.22|16.6|46.9|45.77|24.82|24.04|0.86|1.01|145.29|21285.05|21088.22|35.14|
|贵州茅台|600519.SH|2020-07-06|20099.16|20099.16|48.78|46.66|13.48|15.74|44.46|43.39|23.53|22.79|0.91|1.06|137.71|20179.59|19982.76|33.3|
|贵州茅台|600519.SH|2020-07-03|19367.93|19367.93|47|44.96|12.99|15.16|42.84|41.81|22.67|21.96|0.94|1.1|132.7|19448.36|19251.53|32.08|
|贵州茅台|600519.SH|2020-07-02|19395.69|19395.69|47.07|45.02|13.01|15.19|42.9|41.87|22.7|21.99|0.94|1.1|132.89|19476.12|19279.29|32.13|
|贵州茅台|600519.SH|2020-07-01|18770.99|18770.99|45.55|43.57|12.59|14.7|41.52|40.52|21.97|21.28|0.97|1.14|128.61|18851.41|18654.58|31.09|
|贵州茅台|600519.SH|2020-06-30|18376.67|18376.67|44.6|42.66|12.32|14.39|40.65|39.67|21.51|20.84|0.99|1.16|125.91|18457.09|18260.26|30.43|
|贵州茅台|600519.SH|2020-06-29|18380.31|18380.31|44.61|42.67|12.33|14.39|40.65|39.68|21.52|20.84|0.99|1.16|125.94|18460.74|18263.91|30.44|
|贵州茅台|600519.SH|2020-06-24|18340.61|18340.61|44.51|42.57|12.3|14.36|40.57|39.59|21.47|20.8|1|1.17|125.66|18421.04|18224.21|30.37|
|贵州茅台|600519.SH|2020-06-23|18522.64|18522.64|44.95|43|12.42|12.42|40.97|39.98|21.68|21|0.99|0.99|126.91|18603.06|18406.23|30.67|
|贵州茅台|600519.SH|2020-06-22|18076.69|18076.69|43.87|41.96|12.12|12.12|39.98|39.02|21.16|20.5|1.01|1.01|123.86|18157.11|17960.28|29.93|
|贵州茅台|600519.SH|2020-06-19|18087.24|18087.24|43.89|41.99|12.13|12.13|40.01|39.04|21.17|20.51|1.01|1.01|123.93|18167.67|17970.84|29.95|
|贵州茅台|600519.SH|2020-06-18|17750.07|17750.07|43.08|41.2|11.9|11.9|39.26|38.32|20.78|20.13|1.03|1.03|121.62|17830.5|17633.67|29.39|
|贵州茅台|600519.SH|2020-06-17|17649.58|17649.58|42.83|40.97|11.84|11.84|39.04|38.1|20.66|20.01|1.03|1.03|120.93|17730.01|17533.18|29.22|
|贵州茅台|600519.SH|2020-06-16|17635.51|17635.51|42.8|40.94|11.83|11.83|39.01|38.07|20.64|20|1.04|1.04|120.83|17715.94|17519.11|29.2|
|贵州茅台|600519.SH|2020-06-15|17373.22|17373.22|42.16|40.33|11.65|11.65|38.43|37.5|20.34|19.7|1.05|1.05|119.04|17453.64|17256.81|28.76|
|贵州茅台|600519.SH|2020-06-12|17792.41|17792.41|43.18|41.3|11.93|11.93|39.35|38.41|20.83|20.17|1.03|1.03|121.91|17872.84|17676.01|29.46|
|贵州茅台|600519.SH|2020-06-11|17592.55|17592.55|42.69|40.84|11.8|11.8|38.91|37.98|20.59|19.95|1.04|1.04|120.54|17672.97|17476.14|29.12|
|贵州茅台|600519.SH|2020-06-10|17883.99|17883.99|43.4|41.51|11.99|11.99|39.56|38.61|20.93|20.28|1.02|1.02|122.53|17964.41|17767.58|29.61|
|贵州茅台|600519.SH|2020-06-09|17794.67|17794.67|43.18|41.31|11.93|11.93|39.36|38.41|20.83|20.18|1.03|1.03|121.92|17875.1|17678.27|29.46|
|贵州茅台|600519.SH|2020-06-08|17663.4|17663.4|42.87|41|11.85|11.85|39.07|38.13|20.68|20.03|1.03|1.03|121.02|17743.82|17546.99|29.24|
|贵州茅台|600519.SH|2020-06-05|17900.82|17900.82|43.44|41.55|12.01|12.01|39.59|38.64|20.95|20.3|1.02|1.02|122.65|17981.25|17784.42|29.64|
|贵州茅台|600519.SH|2020-06-04|17687.14|17687.14|42.92|41.06|11.86|11.86|39.12|38.18|20.7|20.06|1.03|1.03|121.19|17767.57|17570.74|29.28|
|贵州茅台|600519.SH|2020-06-03|17577.98|17577.98|42.66|40.8|11.79|11.79|38.88|37.95|20.58|19.93|1.04|1.04|120.44|17658.4|17461.57|29.1|
|贵州茅台|600519.SH|2020-06-02|17721.31|17721.31|43.01|41.14|11.89|11.89|39.2|38.25|20.74|20.09|1.03|1.03|121.42|17801.73|17604.91|29.34|
|贵州茅台|600519.SH|2020-06-01|17831.73|17831.73|43.27|41.39|11.96|11.96|39.44|38.49|20.87|20.22|1.02|1.02|122.18|17912.15|17715.32|29.52|
|贵州茅台|600519.SH|2020-05-29|17167.2|17167.2|41.66|39.85|11.51|11.51|37.97|37.06|20.1|19.47|1.06|1.06|117.62|17247.63|17050.8|28.42|
|贵州茅台|600519.SH|2020-05-28|16883.3|16883.3|40.97|39.19|11.32|11.32|37.34|36.45|19.76|19.14|1.08|1.08|115.68|16963.73|16766.9|27.94|
|贵州茅台|600519.SH|2020-05-27|16807.93|16807.93|40.79|39.02|11.27|11.27|37.18|36.28|19.67|19.06|1.09|1.09|115.16|16888.35|16691.52|27.82|
|贵州茅台|600519.SH|2020-05-26|17059.17|17059.17|41.4|39.6|11.44|11.44|37.73|36.83|19.97|19.34|1.07|1.07|116.88|17139.59|16942.76|28.24|
|贵州茅台|600519.SH|2020-05-25|17120.72|17120.72|41.55|39.74|11.48|11.48|37.87|36.96|20.04|19.41|1.07|1.07|117.31|17201.15|17004.32|28.34|
|贵州茅台|600519.SH|2020-05-22|16684.82|16684.82|40.49|38.73|11.19|11.19|36.9|36.02|19.53|18.92|1.09|1.09|114.32|16765.25|16568.42|27.61|
|贵州茅台|600519.SH|2020-05-21|17160.92|17160.92|41.65|39.84|11.51|11.51|37.96|37.05|20.09|19.46|1.06|1.06|117.58|17241.35|17044.52|28.41|
|贵州茅台|600519.SH|2020-05-20|16971.23|16971.23|41.19|39.4|11.38|11.38|37.54|36.64|19.87|19.24|1.08|1.08|116.28|17051.66|16854.83|28.09|
|贵州茅台|600519.SH|2020-05-19|16909.8|16909.8|41.04|39.25|11.34|11.34|37.4|36.5|19.79|19.17|1.08|1.08|115.86|16990.23|16793.4|27.99|
|贵州茅台|600519.SH|2020-05-18|16911.06|16911.06|41.04|39.26|11.34|11.34|37.41|36.51|19.8|19.18|1.08|1.08|115.87|16991.49|16794.66|27.99|
|贵州茅台|600519.SH|2020-05-15|16493.88|16493.88|40.03|38.29|11.06|11.06|36.48|35.61|19.31|18.7|1.11|1.11|113.01|16574.3|16377.47|27.29|
|贵州茅台|600519.SH|2020-05-14|16664.59|16664.59|40.44|38.68|11.18|11.18|36.86|35.97|19.51|18.9|1.1|1.1|114.18|16745.02|16548.19|27.58|
|贵州茅台|600519.SH|2020-05-13|16782.17|16782.17|40.73|38.96|11.26|11.26|37.12|36.23|19.64|19.03|1.09|1.09|114.99|16862.6|16665.77|27.77|
|贵州茅台|600519.SH|2020-05-12|16745.12|16745.12|40.64|38.87|11.23|11.23|37.04|36.15|19.6|18.99|1.09|1.09|114.73|16825.54|16628.71|27.71|
|贵州茅台|600519.SH|2020-05-11|16619.62|16619.62|40.33|38.58|11.15|11.15|36.76|35.88|19.45|18.84|1.1|1.1|113.87|16700.05|16503.22|27.5|
|贵州茅台|600519.SH|2020-05-08|16514.1|16514.1|40.08|38.33|11.08|11.08|36.53|35.65|19.33|18.73|1.11|1.11|113.15|16594.53|16397.7|27.33|
|贵州茅台|600519.SH|2020-05-07|16481.32|16481.32|40|38.26|11.05|11.05|36.45|35.58|19.29|18.69|1.11|1.11|112.92|16561.74|16364.91|27.27|
|贵州茅台|600519.SH|2020-05-06|16330.57|16330.57|39.63|37.91|10.95|10.95|36.12|35.25|19.12|18.52|1.12|1.12|111.89|16411|16214.17|27.02|
|贵州茅台|600519.SH|2020-04-30|15899.7|15899.7|38.59|36.91|10.66|10.66|35.17|34.32|18.61|18.03|1.15|1.15|108.94|15980.12|15783.29|26.3|
|贵州茅台|600519.SH|2020-04-29|16015.27|16015.27|38.87|37.18|10.74|10.74|35.42|34.57|18.75|18.16|1.14|1.14|109.73|16095.69|15898.86|26.5|
|贵州茅台|600519.SH|2020-04-28|16068.4|16068.4|38.99|37.3|10.78|10.78|35.54|34.69|18.81|18.22|1.14|1.14|110.1|16148.83|15952|26.58|
|贵州茅台|600519.SH|2020-04-27|16029.08|16029.08|38.9|38.9|11.79|11.79|35.45|35.45|18.76|18.76|1.14|1.14|110.89|16139.57|16007.05|26.68|
|贵州茅台|600519.SH|2020-04-24|15709.51|15709.51|38.12|38.12|11.55|11.55|34.75|34.75|18.39|18.39|1.16|1.16|108.68|15819.99|15687.48|26.14|
|贵州茅台|600519.SH|2020-04-23|15730.86|15730.86|38.18|38.18|11.57|11.57|34.79|34.79|18.41|18.41|1.16|1.16|108.83|15841.35|15708.83|26.18|
|贵州茅台|600519.SH|2020-04-22|15633.38|15633.38|37.94|37.94|11.49|11.49|34.58|34.58|18.3|18.3|1.17|1.17|108.15|15743.87|15611.35|26.02|
|贵州茅台|600519.SH|2020-04-21|15074.37|15074.37|42.82|36.83|12.03|12.03|36.42|37.24|20.47|18.31|1.21|1.21|104.51|15181.33|14054.05|27.03|
|贵州茅台|600519.SH|2020-04-20|15417.32|15417.32|43.79|37.67|12.31|12.31|37.25|38.09|20.94|18.73|1.18|1.18|106.89|15524.28|14396.99|27.69|
|贵州茅台|600519.SH|2020-04-17|15400.99|15400.99|43.75|37.63|12.3|12.3|37.21|38.05|20.91|18.71|1.19|1.19|106.78|15507.95|14380.66|27.66|
|贵州茅台|600519.SH|2020-04-16|15037.94|15037.94|42.72|36.75|12.01|12.01|36.34|37.15|20.42|18.27|1.21|1.21|104.26|15144.9|14017.62|26.96|
|贵州茅台|600519.SH|2020-04-15|14943.73|14943.73|42.45|36.52|11.93|11.93|36.11|36.92|20.29|18.15|1.22|1.22|103.61|15050.69|13923.4|26.78|
|贵州茅台|600519.SH|2020-04-14|14887.2|14887.2|42.29|36.38|11.89|11.89|35.97|36.78|20.22|18.08|1.23|1.23|103.22|14994.16|13866.87|26.67|
|贵州茅台|600519.SH|2020-04-13|14600.79|14600.79|41.48|35.68|11.66|11.66|35.28|36.07|19.83|17.73|1.25|1.25|101.23|14707.75|13580.46|26.12|
|贵州茅台|600519.SH|2020-04-10|14634.7|14634.7|41.57|35.76|11.68|11.68|35.36|36.15|19.87|17.78|1.25|1.25|101.47|14741.66|13614.38|26.19|
|贵州茅台|600519.SH|2020-04-09|14553.05|14553.05|41.34|35.56|11.62|11.62|35.16|35.95|19.76|17.68|1.25|1.25|100.9|14660.01|13532.72|26.03|
|贵州茅台|600519.SH|2020-04-08|14568.88|14568.88|41.38|35.6|11.63|11.63|35.2|35.99|19.78|17.7|1.25|1.25|101.01|14675.84|13548.55|26.06|
|贵州茅台|600519.SH|2020-04-07|14571.27|14571.27|41.39|35.6|11.63|11.63|35.21|36|19.79|17.7|1.25|1.25|101.03|14678.23|13550.94|26.07|
|贵州茅台|600519.SH|2020-04-03|14318.02|14318.02|40.67|34.99|11.43|11.43|34.6|35.37|19.44|17.39|1.28|1.28|99.27|14424.98|13297.69|25.58|
|贵州茅台|600519.SH|2020-04-02|14383.46|14383.46|40.86|35.15|11.48|11.48|34.76|35.53|19.53|17.47|1.27|1.27|99.72|14490.43|13363.14|25.7|
|贵州茅台|600519.SH|2020-04-01|13855.86|13855.86|39.36|33.86|11.06|11.06|33.48|34.23|18.82|16.83|1.32|1.32|96.07|13962.82|12835.53|24.69|
|贵州茅台|600519.SH|2020-03-31|13956.36|13956.36|39.64|34.1|11.14|11.14|33.72|34.48|18.95|16.95|1.31|1.31|96.76|14063.32|12936.03|24.88|
|贵州茅台|600519.SH|2020-03-30|13466.44|13466.44|38.25|32.91|10.75|10.75|32.54|33.27|18.29|16.36|1.36|1.36|93.37|13573.4|12446.11|23.94|
|贵州茅台|600519.SH|2020-03-27|13510.41|13510.41|38.38|33.01|10.79|10.79|32.65|33.38|18.35|16.41|1.35|1.35|93.67|13617.37|12490.08|24.02|
|贵州茅台|600519.SH|2020-03-26|13377.5|13377.5|38|32.69|10.68|10.68|32.32|33.05|18.17|16.25|1.37|1.37|92.75|13484.46|12357.17|23.77|
|贵州茅台|600519.SH|2020-03-25|13568.19|13568.19|38.54|33.15|10.83|10.83|32.79|33.52|18.43|16.48|1.35|1.35|94.07|13675.15|12547.86|24.14|
|贵州茅台|600519.SH|2020-03-24|13265.45|13265.45|37.68|32.41|10.59|10.59|32.05|32.77|18.01|16.11|1.38|1.38|91.97|13372.41|12245.12|23.55|
|贵州茅台|600519.SH|2020-03-23|12800.66|12800.66|36.36|31.28|10.22|10.22|30.93|31.62|17.38|15.55|1.43|1.43|88.75|12907.62|11780.33|22.66|
|贵州茅台|600519.SH|2020-03-20|13005.16|13005.16|36.94|31.78|10.38|10.38|31.42|32.13|17.66|15.8|1.4|1.4|90.17|13112.12|11984.84|23.05|
|贵州茅台|600519.SH|2020-03-19|12511.73|12511.73|35.54|30.57|9.99|9.99|30.23|30.91|16.99|15.2|1.46|1.46|86.75|12618.69|11491.4|22.1|
|贵州茅台|600519.SH|2020-03-18|12662.35|12662.35|35.97|30.94|10.11|10.11|30.6|31.28|17.2|15.38|1.44|1.44|87.79|12769.31|11642.02|22.39|
|贵州茅台|600519.SH|2020-03-17|13128.52|13128.52|37.29|32.08|10.48|10.48|31.72|32.43|17.83|15.95|1.39|1.39|91.02|13235.48|12108.19|23.29|
|贵州茅台|600519.SH|2020-03-16|13403.63|13403.63|38.07|32.75|10.7|10.7|32.39|33.11|18.2|16.28|1.36|1.36|92.93|13510.59|12383.3|23.82|
|贵州茅台|600519.SH|2020-03-13|13969.3|13969.3|39.68|34.13|11.15|11.15|33.75|34.51|18.97|16.97|1.31|1.31|96.85|14076.26|12948.97|24.91|
|贵州茅台|600519.SH|2020-03-12|14301.81|14301.81|40.63|34.95|11.42|11.42|34.56|35.33|19.42|17.37|1.28|1.28|99.16|14408.77|13281.48|25.55|
|贵州茅台|600519.SH|2020-03-11|14553.3|14553.3|41.34|35.56|11.62|11.62|35.17|35.95|19.76|17.68|1.25|1.25|100.9|14660.26|13532.97|26.03|
|贵州茅台|600519.SH|2020-03-10|14521.65|14521.65|41.25|35.48|11.59|11.59|35.09|35.87|19.72|17.64|1.26|1.26|100.68|14628.61|13501.32|25.97|
|贵州茅台|600519.SH|2020-03-09|13994.17|13994.17|39.75|34.19|11.17|11.17|33.81|34.57|19|17|1.31|1.31|97.03|14101.13|12973.84|24.96|
|贵州茅台|600519.SH|2020-03-06|14515.37|14515.37|41.23|35.47|11.59|11.59|35.07|35.86|19.71|17.63|1.26|1.26|100.64|14622.33|13495.04|25.96|
|贵州茅台|600519.SH|2020-03-05|14710.08|14710.08|41.79|35.94|11.74|11.74|35.54|36.34|19.98|17.87|1.24|1.24|101.99|14817.04|13689.75|26.33|
|贵州茅台|600519.SH|2020-03-04|14181.47|14181.47|40.28|34.65|11.32|11.32|34.27|35.03|19.26|17.22|1.29|1.29|98.32|14288.43|13161.14|25.32|
|贵州茅台|600519.SH|2020-03-03|13981.48|13981.48|39.72|34.16|11.16|11.16|33.78|34.54|18.99|16.98|1.31|1.31|96.94|14088.44|12961.15|24.93|
|贵州茅台|600519.SH|2020-03-02|13642.43|13642.43|38.75|33.34|10.89|10.89|32.96|33.7|18.53|16.57|1.34|1.34|94.59|13749.39|12622.11|24.28|
|贵州茅台|600519.SH|2020-02-28|13278.01|13278.01|37.72|32.44|10.6|10.6|32.08|32.8|18.03|16.13|1.38|1.38|92.06|13384.97|12257.68|23.58|
|贵州茅台|600519.SH|2020-02-27|13659.77|13659.77|38.8|33.38|10.91|10.91|33.01|33.74|18.55|16.59|1.34|1.34|94.71|13766.73|12639.44|24.31|
|贵州茅台|600519.SH|2020-02-26|13487.8|13487.8|38.31|32.96|10.77|10.77|32.59|33.32|18.32|16.38|1.35|1.35|93.51|13594.76|12467.47|23.98|
|贵州茅台|600519.SH|2020-02-25|13501.74|13501.74|38.35|32.99|10.78|10.78|32.62|33.35|18.34|16.4|1.35|1.35|93.61|13608.7|12481.41|24.01|
|贵州茅台|600519.SH|2020-02-24|13657.13|13657.13|38.79|33.37|10.9|10.9|33|33.74|18.55|16.59|1.34|1.34|94.69|13764.09|12636.8|24.31|
|贵州茅台|600519.SH|2020-02-21|13979.97|13979.97|39.71|34.16|11.16|11.16|33.78|34.54|18.98|16.98|1.31|1.31|96.93|14086.93|12959.65|24.93|
|贵州茅台|600519.SH|2020-02-20|14044.29|14044.29|39.89|34.32|11.21|11.21|33.94|34.7|19.07|17.06|1.3|1.3|97.37|14151.25|13023.96|25.05|
|贵州茅台|600519.SH|2020-02-19|13774.21|13774.21|39.13|33.66|11|11|33.28|34.03|18.71|16.73|1.33|1.33|95.5|13881.17|12753.88|24.53|
|贵州茅台|600519.SH|2020-02-18|13617.18|13617.18|38.68|33.27|10.87|10.87|32.9|33.64|18.49|16.54|1.34|1.34|94.41|13724.14|12596.86|24.23|
|贵州茅台|600519.SH|2020-02-17|13740.54|13740.54|39.03|33.58|10.97|10.97|33.2|33.94|18.66|16.69|1.33|1.33|95.27|13847.5|12720.21|24.47|
|贵州茅台|600519.SH|2020-02-14|13667.43|13667.43|38.82|33.4|10.91|10.91|33.02|33.76|18.56|16.6|1.34|1.34|94.76|13774.39|12647.1|24.33|
|贵州茅台|600519.SH|2020-02-13|13705.12|13705.12|38.93|33.49|10.94|10.94|33.12|33.86|18.61|16.65|1.33|1.33|95.02|13812.08|12684.79|24.4|
|贵州茅台|600519.SH|2020-02-12|13783.88|13783.88|39.15|33.68|11|11|33.31|34.05|18.72|16.74|1.32|1.32|95.57|13890.84|12763.55|24.55|
|贵州茅台|600519.SH|2020-02-11|13793.05|13793.05|39.18|33.7|11.01|11.01|33.33|34.07|18.73|16.75|1.32|1.32|95.63|13900.01|12772.72|24.57|
|贵州茅台|600519.SH|2020-02-10|13397.22|13397.22|38.06|32.74|10.7|10.7|32.37|33.1|18.19|16.27|1.36|1.36|92.89|13504.18|12376.9|23.81|
|贵州茅台|600519.SH|2020-02-07|13516.69|13516.69|38.4|33.03|10.79|10.79|32.66|33.39|18.36|16.42|1.35|1.35|93.71|13623.65|12496.36|24.04|
|贵州茅台|600519.SH|2020-02-06|13453.88|13453.88|38.22|32.87|10.74|10.74|32.51|33.24|18.27|16.34|1.36|1.36|93.28|13560.84|12433.55|23.92|
|贵州茅台|600519.SH|2020-02-05|13189.95|13189.95|37.47|32.23|10.53|10.53|31.87|32.58|17.91|16.02|1.38|1.38|91.45|13296.91|12169.62|23.41|
|贵州茅台|600519.SH|2020-02-04|13039.46|13039.46|37.04|31.86|10.41|10.41|31.51|32.21|17.71|15.84|1.4|1.4|90.41|13146.42|12019.13|23.12|
|贵州茅台|600519.SH|2020-02-03|12611.22|12611.22|35.82|30.82|10.07|10.07|30.47|31.15|17.13|15.32|1.45|1.45|87.44|12718.18|11590.89|22.3|
|贵州茅台|600519.SH|2020-01-23|13225.25|13225.25|37.57|32.32|10.56|10.56|31.96|32.67|17.96|16.06|1.38|1.38|91.69|13332.21|12204.92|23.48|
|贵州茅台|600519.SH|2020-01-22|13510.53|13510.53|38.38|33.01|10.79|10.79|32.65|33.38|18.35|16.41|1.35|1.35|93.67|13617.49|12490.2|24.02|
|贵州茅台|600519.SH|2020-01-21|13507.89|13507.89|38.37|33.01|10.78|10.78|32.64|33.37|18.34|16.41|1.35|1.35|93.65|13614.86|12487.57|24.02|
|贵州茅台|600519.SH|2020-01-20|13705.12|13705.12|38.93|33.49|10.94|10.94|33.12|33.86|18.61|16.65|1.33|1.33|95.02|13812.08|12684.79|24.4|
|贵州茅台|600519.SH|2020-01-17|13912.39|13912.39|39.52|33.99|11.11|11.11|33.62|34.37|18.89|16.9|1.31|1.31|96.46|14019.35|12892.06|24.8|
|贵州茅台|600519.SH|2020-01-16|13906.11|13906.11|39.5|33.98|11.1|11.1|33.6|34.35|18.88|16.89|1.31|1.31|96.41|14013.07|12885.78|24.79|
|贵州茅台|600519.SH|2020-01-15|13970.55|13970.55|39.69|34.14|11.15|11.15|33.76|34.51|18.97|16.97|1.31|1.31|96.86|14077.51|12950.22|24.91|
|贵州茅台|600519.SH|2020-01-14|13911.13|13911.13|39.52|33.99|11.11|11.11|33.61|34.37|18.89|16.9|1.31|1.31|96.45|14018.09|12890.81|24.8|
|贵州茅台|600519.SH|2020-01-13|14123.06|14123.06|40.12|34.51|11.28|11.28|34.13|34.89|19.18|17.15|1.29|1.29|97.92|14230.02|13102.73|25.2|
|贵州茅台|600519.SH|2020-01-10|13975.2|13975.2|39.7|34.15|11.16|11.16|33.77|34.52|18.98|16.97|1.31|1.31|96.89|14082.16|12954.87|24.92|
|贵州茅台|600519.SH|2020-01-09|13852.09|13852.09|39.35|33.85|11.06|11.06|33.47|34.22|18.81|16.82|1.32|1.32|96.04|13959.05|12831.76|24.68|
|贵州茅台|600519.SH|2020-01-08|13669.19|13669.19|38.83|33.4|10.91|10.91|33.03|33.77|18.56|16.6|1.34|1.34|94.77|13776.15|12648.86|24.33|
|贵州茅台|600519.SH|2020-01-07|13749.46|13749.46|39.06|33.6|10.98|10.98|33.22|33.97|18.67|16.7|1.33|1.33|95.33|13856.42|12729.13|24.48|
|贵州茅台|600519.SH|2020-01-06|13541.69|13541.69|38.47|33.09|10.81|10.81|32.72|33.45|18.39|16.45|1.35|1.35|93.89|13648.65|12521.36|24.08|
|贵州茅台|600519.SH|2020-01-03|13548.85|13548.85|38.49|33.11|10.82|10.82|32.74|33.47|18.4|16.46|1.35|1.35|93.94|13655.81|12528.52|24.1|
|贵州茅台|600519.SH|2020-01-02|14195.04|14195.04|40.32|34.69|11.33|11.33|34.3|35.07|19.28|17.24|1.29|1.29|98.42|14302|13174.71|25.34|
|贵州茅台|600519.SH|2019-12-31|14860.82|14860.82|42.21|36.31|11.86|11.86|35.91|36.71|20.18|18.05|0.93|1.23|103.03|14967.78|13840.49|26.62|
|贵州茅台|600519.SH|2019-12-30|14895.99|14895.99|42.31|36.4|11.89|11.89|35.99|36.8|20.23|18.09|0.93|1.23|103.28|15002.95|13875.67|26.69|
|贵州茅台|600519.SH|2019-12-27|14609.58|14609.58|41.5|35.7|11.66|11.66|35.3|36.09|19.84|17.74|0.95|1.25|101.29|14716.54|13589.25|26.14|
|贵州茅台|600519.SH|2019-12-26|14259.1|14259.1|40.5|34.84|11.38|11.38|34.45|35.23|19.36|17.32|0.97|1.28|98.86|14366.06|13238.77|25.46|
|贵州茅台|600519.SH|2019-12-25|14241.51|14241.51|40.45|34.8|11.37|11.37|34.41|35.18|19.34|17.3|0.97|1.28|98.74|14348.47|13221.19|25.43|
|贵州茅台|600519.SH|2019-12-24|14421.15|14421.15|40.97|35.24|11.51|11.51|34.85|35.63|19.58|17.52|0.96|1.27|99.99|14528.11|13400.82|25.78|
|贵州茅台|600519.SH|2019-12-23|14437.48|14437.48|41.01|35.28|11.53|11.53|34.89|35.67|19.61|17.54|0.96|1.26|100.1|14544.44|13417.15|25.81|
|贵州茅台|600519.SH|2019-12-20|14399.8|14399.8|40.9|35.19|11.5|11.5|34.79|35.57|19.55|17.49|0.96|1.27|99.84|14506.76|13379.47|25.74|
|贵州茅台|600519.SH|2019-12-19|14539.23|14539.23|41.3|35.53|11.61|11.61|35.13|35.92|19.74|17.66|0.95|1.26|100.8|14646.19|13518.9|26|
|贵州茅台|600519.SH|2019-12-18|14672.39|14672.39|41.68|35.85|11.71|11.71|35.45|36.25|19.92|17.82|0.94|1.24|101.73|14779.35|13652.06|26.26|
|贵州茅台|600519.SH|2019-12-17|14697.26|14697.26|41.75|35.91|11.73|11.73|35.51|36.31|19.96|17.85|0.94|1.24|101.9|14804.22|13676.93|26.31|
|贵州茅台|600519.SH|2019-12-16|14420.15|14420.15|40.96|35.24|11.51|11.51|34.84|35.62|19.58|17.51|0.96|1.27|99.98|14527.11|13399.82|25.77|
|贵州茅台|600519.SH|2019-12-13|14609.58|14609.58|41.5|35.7|11.66|11.66|35.3|36.09|19.84|17.74|0.95|1.25|101.29|14716.54|13589.25|26.14|
|贵州茅台|600519.SH|2019-12-12|14282.97|14282.97|40.57|34.9|11.4|11.4|34.51|35.28|19.4|17.35|0.97|1.28|99.03|14389.93|13262.64|25.51|
|贵州茅台|600519.SH|2019-12-11|14559.08|14559.08|41.36|35.58|11.62|11.62|35.18|35.97|19.77|17.68|0.95|1.25|100.94|14666.04|13538.75|26.04|
|贵州茅台|600519.SH|2019-12-10|14627.17|14627.17|41.55|35.74|11.68|11.68|35.34|36.13|19.86|17.77|0.94|1.25|101.41|14734.13|13606.84|26.17|
|贵州茅台|600519.SH|2019-12-09|14555.56|14555.56|41.35|35.57|11.62|11.62|35.17|35.96|19.77|17.68|0.95|1.25|100.92|14662.52|13535.24|26.04|
|贵州茅台|600519.SH|2019-12-06|14697.51|14697.51|41.75|35.91|11.73|11.73|35.51|36.31|19.96|17.85|0.94|1.24|101.9|14804.47|13677.19|26.31|
|贵州茅台|600519.SH|2019-12-05|14192.52|14192.52|40.32|34.68|11.33|11.33|34.29|35.06|19.27|17.24|0.97|1.29|98.4|14299.48|13172.19|25.34|
|贵州茅台|600519.SH|2019-12-04|14098.68|14098.68|40.05|34.45|11.26|11.26|34.07|34.83|19.15|17.12|0.98|1.3|97.75|14205.65|13078.36|25.16|
|贵州茅台|600519.SH|2019-12-03|14044.29|14044.29|39.89|34.32|11.21|11.21|33.94|34.7|19.07|17.06|0.98|1.3|97.37|14151.25|13023.96|25.05|
|贵州茅台|600519.SH|2019-12-02|14232.72|14232.72|40.43|34.78|11.36|11.36|34.39|35.16|19.33|17.29|0.97|1.28|98.68|14339.68|13212.39|25.41|
|贵州茅台|600519.SH|2019-11-29|14182.47|14182.47|40.29|34.65|11.32|11.32|34.27|35.04|19.26|17.23|0.97|1.29|98.33|14289.43|13162.14|25.32|
|贵州茅台|600519.SH|2019-11-28|14770.37|14770.37|41.96|36.09|11.79|11.79|35.69|36.49|20.06|17.94|0.94|1.24|102.41|14877.33|13750.05|26.45|
|贵州茅台|600519.SH|2019-11-27|14948.13|14948.13|42.46|36.53|11.93|11.93|36.12|36.93|20.3|18.16|0.92|1.22|103.64|15055.09|13927.8|26.79|
|贵州茅台|600519.SH|2019-11-26|14885.94|14885.94|42.29|36.37|11.88|11.88|35.97|36.77|20.21|18.08|0.93|1.23|103.21|14992.9|13865.62|26.67|
|贵州茅台|600519.SH|2019-11-25|14849.01|14849.01|42.18|36.28|11.85|11.85|35.88|36.68|20.16|18.04|0.93|1.23|102.95|14955.97|13828.68|26.6|
|贵州茅台|600519.SH|2019-11-22|14999|14999|42.61|36.65|11.97|11.97|36.24|37.05|20.37|18.22|0.92|1.22|103.99|15105.96|13978.67|26.89|
|贵州茅台|600519.SH|2019-11-21|15467.56|15467.56|43.94|37.8|12.35|12.35|37.37|38.21|21|18.79|0.89|1.18|107.24|15574.52|14447.24|27.79|
|贵州茅台|600519.SH|2019-11-20|15498.34|15498.34|44.02|37.87|12.37|12.37|37.45|38.29|21.05|18.82|0.89|1.18|107.45|15605.3|14478.01|27.85|
|贵州茅台|600519.SH|2019-11-19|15480.38|15480.38|43.97|37.83|12.36|12.36|37.41|38.24|21.02|18.8|0.89|1.18|107.33|15587.34|14460.05|27.81|
|贵州茅台|600519.SH|2019-11-18|15417.06|15417.06|43.79|37.67|12.31|12.31|37.25|38.09|20.94|18.73|0.9|1.18|106.89|15524.02|14396.74|27.69|
|贵州茅台|600519.SH|2019-11-15|15387.17|15387.17|43.71|37.6|12.28|12.28|37.18|38.01|20.9|18.69|0.9|1.19|106.68|15494.13|14366.84|27.63|
|贵州茅台|600519.SH|2019-11-14|15451.23|15451.23|43.89|37.76|12.34|12.34|37.34|38.17|20.98|18.77|0.89|1.18|107.13|15558.19|14430.9|27.76|
|贵州茅台|600519.SH|2019-11-13|15375.86|15375.86|43.68|37.57|12.28|12.28|37.15|37.98|20.88|18.68|0.9|1.19|106.6|15482.82|14355.53|27.61|
|贵州茅台|600519.SH|2019-11-12|15094.47|15094.47|42.88|36.88|12.05|12.05|36.47|37.29|20.5|18.33|0.92|1.21|104.65|15201.43|14074.14|27.07|
|贵州茅台|600519.SH|2019-11-11|15061.81|15061.81|42.78|36.8|12.02|12.02|36.39|37.21|20.45|18.29|0.92|1.21|104.43|15168.77|14041.48|27.01|
|贵州茅台|600519.SH|2019-11-08|15137.18|15137.18|43|36.99|12.08|12.08|36.58|37.39|20.56|18.39|0.91|1.21|104.95|15244.14|14116.86|27.15|
|贵州茅台|600519.SH|2019-11-07|15091.58|15091.58|42.87|36.88|12.05|12.05|36.47|37.28|20.49|18.33|0.92|1.21|104.63|15198.54|14071.26|27.07|
|贵州茅台|600519.SH|2019-11-06|14986.44|14986.44|42.57|36.62|11.96|11.96|36.21|37.02|20.35|18.2|0.92|1.22|103.9|15093.4|13966.11|26.86|
|贵州茅台|600519.SH|2019-11-05|15061.81|15061.81|42.78|36.8|12.02|12.02|36.39|37.21|20.45|18.29|0.92|1.21|104.43|15168.77|14041.48|27.01|
|贵州茅台|600519.SH|2019-11-04|15069.22|15069.22|42.81|36.82|12.03|12.03|36.41|37.23|20.46|18.3|0.92|1.21|104.48|15176.18|14048.89|27.02|
|贵州茅台|600519.SH|2019-11-01|14885.94|14885.94|42.29|36.37|11.88|11.88|35.97|36.77|20.21|18.08|0.93|1.23|103.21|14992.9|13865.62|26.67|
|贵州茅台|600519.SH|2019-10-31|14823.26|14823.26|42.11|36.22|11.83|11.83|35.82|36.62|20.13|18|0.93|1.23|102.77|14930.22|13802.93|26.55|
|贵州茅台|600519.SH|2019-10-30|14870.87|14870.87|42.24|36.34|11.87|11.87|35.93|36.74|20.19|18.06|0.93|1.23|103.1|14977.83|13850.54|26.64|
|贵州茅台|600519.SH|2019-10-29|14986.44|14986.44|42.57|36.62|11.96|11.96|36.21|37.02|20.35|18.2|0.92|1.22|103.9|15093.4|13966.11|26.86|
|贵州茅台|600519.SH|2019-10-28|14801.65|14801.65|42.05|36.17|11.82|11.82|35.77|36.57|20.1|17.98|0.93|1.23|102.62|14908.61|13781.32|26.51|
|贵州茅台|600519.SH|2019-10-25|14714.47|14714.47|41.8|35.95|11.75|11.75|35.55|36.35|19.98|17.87|0.94|1.24|102.02|14821.43|13694.14|26.34|
|贵州茅台|600519.SH|2019-10-24|14449.67|14449.67|41.05|35.31|11.54|11.54|34.91|35.7|19.62|17.55|0.96|1.26|100.18|14556.63|13429.34|25.83|
|贵州茅台|600519.SH|2019-10-23|14558.2|14558.2|41.35|35.57|11.62|11.62|35.18|35.96|19.77|17.68|0.95|1.25|100.94|14665.16|13537.87|26.04|
|贵州茅台|600519.SH|2019-10-22|14707.56|14707.56|41.78|35.94|11.74|11.74|35.54|36.33|19.97|17.86|0.94|1.24|101.97|14814.52|13687.24|26.33|
|贵州茅台|600519.SH|2019-10-21|14678.67|14678.67|41.7|35.87|11.72|11.72|35.47|36.26|19.93|17.83|0.94|1.24|101.77|14785.63|13658.34|26.27|
|贵州茅台|600519.SH|2019-10-18|14770.25|14770.25|41.96|36.09|11.79|11.79|35.69|36.49|20.06|17.94|0.94|1.24|102.41|14877.21|13749.92|26.45|
|贵州茅台|600519.SH|2019-10-17|14864.97|14864.97|42.23|36.32|11.87|11.87|35.92|36.72|20.19|18.05|0.93|1.23|103.06|14971.93|13844.64|26.63|
|贵州茅台|600519.SH|2019-10-16|14697.51|14697.51|41.75|35.91|11.73|11.73|35.51|36.31|19.96|17.85|0.94|1.24|101.9|14804.47|13677.19|26.31|
|贵州茅台|600519.SH|2019-10-15|15212.56|15212.56|43.21|38.62|13.26|13.26|36.76|31.87|20.66|19.08|0.91|1.2|114.01|15448.22|14292.64|27.49|
|贵州茅台|600519.SH|2019-10-14|14823.13|14823.13|42.11|37.63|12.92|12.92|35.82|31.05|20.13|18.59|0.93|1.23|111.09|15058.8|13903.22|26.74|
|贵州茅台|600519.SH|2019-10-11|14755.3|14755.3|41.91|37.46|12.86|12.86|35.65|30.91|20.04|18.51|0.94|1.24|110.59|14990.96|13835.38|26.61|
|贵州茅台|600519.SH|2019-10-10|14509.08|14509.08|41.21|36.83|12.64|12.64|35.06|30.39|19.7|18.2|0.95|1.26|108.74|14744.75|13589.17|26.14|
|贵州茅台|600519.SH|2019-10-09|14406.2|14406.2|40.92|36.57|12.55|12.55|34.81|30.18|19.56|18.07|0.96|1.27|107.97|14641.86|13486.28|25.94|
|贵州茅台|600519.SH|2019-10-08|14661.08|14661.08|41.65|37.22|12.78|12.78|35.43|30.71|19.91|18.39|0.94|1.25|109.88|14896.75|13741.17|26.43|
|贵州茅台|600519.SH|2019-09-30|14446.27|14446.27|41.04|36.67|12.59|12.59|34.91|30.26|19.62|18.12|0.96|1.26|108.27|14681.94|13526.36|26.02|
|贵州茅台|600519.SH|2019-09-27|14757.18|14757.18|41.92|37.46|12.86|12.86|35.66|30.91|20.04|18.51|0.94|1.24|110.6|14992.84|13837.27|26.62|
|贵州茅台|600519.SH|2019-09-26|14659.83|14659.83|41.64|37.22|12.77|12.77|35.42|30.71|19.91|18.39|0.94|1.25|109.87|14895.49|13739.91|26.43|
|贵州茅台|600519.SH|2019-09-25|14747.76|14747.76|41.89|37.44|12.85|12.85|35.64|30.89|20.03|18.5|0.94|1.24|110.53|14983.42|13827.84|26.6|
|贵州茅台|600519.SH|2019-09-24|14873.38|14873.38|42.25|37.76|12.96|12.96|35.94|31.16|20.2|18.65|0.93|1.23|111.47|15109.04|13953.46|26.84|
|贵州茅台|600519.SH|2019-09-23|14433.71|14433.71|41|36.64|12.58|12.58|34.88|30.24|19.6|18.1|0.96|1.27|108.17|14669.37|13513.8|25.99|
|贵州茅台|600519.SH|2019-09-20|14539.48|14539.48|41.3|36.91|12.67|12.67|35.13|30.46|19.74|18.24|0.95|1.26|108.97|14775.15|13619.57|26.2|
|贵州茅台|600519.SH|2019-09-19|14383.46|14383.46|40.86|36.52|12.53|12.53|34.76|30.13|19.53|18.04|0.96|1.27|107.8|14619.13|13463.55|25.9|
|贵州茅台|600519.SH|2019-09-18|14432.46|14432.46|41|36.64|12.58|12.58|34.87|30.23|19.6|18.1|0.96|1.27|108.17|14668.12|13512.54|25.99|
|贵州茅台|600519.SH|2019-09-17|13742.93|13742.93|39.04|34.89|11.98|11.98|33.21|28.79|18.66|17.24|1.01|1.33|103|13978.59|12823.01|24.66|
|贵州茅台|600519.SH|2019-09-16|13805.61|13805.61|39.22|35.05|12.03|12.03|33.36|28.92|18.75|17.32|1|1.32|103.47|14041.28|12885.7|24.79|
|贵州茅台|600519.SH|2019-09-12|13805.61|13805.61|39.22|35.05|12.03|12.03|33.36|28.92|18.75|17.32|1|1.32|103.47|14041.28|12885.7|24.79|
|贵州茅台|600519.SH|2019-09-11|13435.29|13435.29|38.16|34.11|11.71|11.71|32.46|28.14|18.24|16.85|1.03|1.36|100.69|13670.95|12515.37|24.07|
|贵州茅台|600519.SH|2019-09-10|14117.78|14117.78|40.1|35.84|12.3|12.3|34.11|29.57|19.17|17.71|0.98|1.29|105.81|14353.44|13197.86|25.39|
|贵州茅台|600519.SH|2019-09-09|14276.94|14276.94|40.56|36.24|12.44|12.44|34.5|29.91|19.39|17.91|0.97|1.28|107|14512.6|13357.02|25.69|
|贵州茅台|600519.SH|2019-09-06|14351.93|14351.93|40.77|36.44|12.51|12.51|34.68|30.06|19.49|18|0.96|1.27|107.56|14587.6|13432.02|25.84|
|贵州茅台|600519.SH|2019-09-05|14370.9|14370.9|40.82|36.48|12.52|12.52|34.72|30.1|19.52|18.02|0.96|1.27|107.7|14606.56|13450.99|25.87|
|贵州茅台|600519.SH|2019-09-04|14132.35|14132.35|40.14|35.88|12.32|12.32|34.15|29.6|19.19|17.73|0.98|1.29|105.92|14368.01|13212.43|25.41|
|贵州茅台|600519.SH|2019-09-03|14320.65|14320.65|40.68|36.36|12.48|12.48|34.6|30|19.45|17.96|0.96|1.28|107.33|14556.32|13400.74|25.78|
|贵州茅台|600519.SH|2019-09-02|14305.08|14305.08|40.64|36.32|12.47|12.47|34.57|29.97|19.43|17.94|0.97|1.28|107.21|14540.74|13385.16|25.75|
|贵州茅台|600519.SH|2019-08-30|14345.78|14345.78|40.75|36.42|12.5|12.5|34.66|30.05|19.48|17.99|0.96|1.27|107.52|14581.44|13425.86|25.82|
|贵州茅台|600519.SH|2019-08-29|13982.74|13982.74|39.72|35.5|12.18|12.18|33.79|29.29|18.99|17.54|0.99|1.31|104.8|14218.4|13062.82|25.13|
|贵州茅台|600519.SH|2019-08-28|13819.56|13819.56|39.26|35.08|12.04|12.04|33.39|28.95|18.77|17.33|1|1.32|103.57|14055.22|12899.64|24.81|
|贵州茅台|600519.SH|2019-08-27|13931.23|13931.23|39.57|35.37|12.14|12.14|33.66|29.18|18.92|17.47|0.99|1.31|104.41|14166.89|13011.32|25.03|
|贵州茅台|600519.SH|2019-08-26|13855.23|13855.23|39.36|35.17|12.07|12.07|33.48|29.02|18.82|17.38|1|1.32|103.84|14090.89|12935.32|24.88|
|贵州茅台|600519.SH|2019-08-23|14196.29|14196.29|40.33|36.04|12.37|12.37|34.3|29.74|19.28|17.81|0.97|1.29|106.4|14431.95|13276.37|25.54|
|贵州茅台|600519.SH|2019-08-22|13868.42|13868.42|39.39|35.21|12.09|12.09|33.51|29.05|18.83|17.39|1|1.32|103.94|14104.08|12948.51|24.91|
|贵州茅台|600519.SH|2019-08-21|13391.07|13391.07|38.04|34|11.67|11.67|32.36|28.05|18.18|16.8|1.03|1.36|100.36|13626.73|12471.15|23.99|
|贵州茅台|600519.SH|2019-08-20|13441.32|13441.32|38.18|34.12|11.71|11.71|32.48|28.16|18.25|16.86|1.03|1.36|100.74|13676.98|12521.4|24.08|
|贵州茅台|600519.SH|2019-08-19|13263.94|13263.94|37.68|33.67|11.56|11.56|32.05|27.79|18.01|16.64|1.04|1.38|99.41|13499.6|12344.02|23.74|
|贵州茅台|600519.SH|2019-08-16|13247.86|13247.86|37.63|33.63|11.54|11.54|32.01|27.75|17.99|16.62|1.04|1.38|99.29|13483.52|12327.94|23.71|
|贵州茅台|600519.SH|2019-08-15|13126.01|13126.01|37.29|33.32|11.44|11.44|31.72|27.5|17.82|16.46|1.05|1.39|98.37|13361.67|12206.09|23.48|
|贵州茅台|600519.SH|2019-08-14|13106.29|13106.29|37.23|33.27|11.42|11.42|31.67|27.46|17.8|16.44|1.05|1.39|98.23|13341.95|12186.37|23.44|
|贵州茅台|600519.SH|2019-08-13|12787.47|12787.47|36.32|32.46|11.14|11.14|30.9|26.79|17.37|16.04|1.08|1.43|95.84|13023.13|11867.55|22.83|
|贵州茅台|600519.SH|2019-08-12|12796.01|12796.01|36.35|32.48|11.15|11.15|30.92|26.81|17.38|16.05|1.08|1.43|95.9|13031.67|11876.09|22.84|
|贵州茅台|600519.SH|2019-08-09|12085|12085|34.33|30.68|10.53|10.53|29.2|25.32|16.41|15.16|1.14|1.51|90.57|12320.66|11165.08|21.48|
|贵州茅台|600519.SH|2019-08-08|12206.22|12206.22|34.67|30.99|10.64|10.64|29.49|25.57|16.58|15.31|1.13|1.5|91.48|12441.88|11286.31|21.71|
|贵州茅台|600519.SH|2019-08-07|11871.07|11871.07|33.72|30.14|10.34|10.34|28.68|24.87|16.12|14.89|1.16|1.54|88.97|12106.73|10951.15|21.06|
|贵州茅台|600519.SH|2019-08-06|11887.4|11887.4|33.77|30.18|10.36|10.36|28.72|24.9|16.14|14.91|1.16|1.54|89.09|12123.06|10967.48|21.1|
|贵州茅台|600519.SH|2019-08-05|11838.78|11838.78|33.63|30.05|10.32|10.32|28.61|24.8|16.08|14.85|1.17|1.54|88.73|12074.45|10918.87|21|
|贵州茅台|600519.SH|2019-08-02|11989.78|11989.78|34.06|30.44|10.45|10.45|28.97|25.12|16.28|15.04|1.15|1.52|89.86|12225.44|11069.86|21.29|
|贵州茅台|600519.SH|2019-08-01|12050.71|12050.71|34.23|30.59|10.5|10.5|29.12|25.24|16.36|15.11|1.15|1.52|90.32|12286.37|11130.79|21.41|
|贵州茅台|600519.SH|2019-07-31|12217.78|12217.78|34.71|31.02|10.65|10.65|29.52|25.59|16.59|15.32|1.13|1.49|91.57|12453.44|11297.86|21.73|
|贵州茅台|600519.SH|2019-07-30|12297.3|12297.3|34.93|31.22|10.72|10.72|29.71|25.76|16.7|15.42|1.12|1.49|92.16|12532.96|11377.38|21.88|
|贵州茅台|600519.SH|2019-07-29|12265.64|12265.64|34.84|31.14|10.69|10.69|29.64|25.69|16.66|15.38|1.13|1.49|91.93|12501.3|11345.72|21.82|
|贵州茅台|600519.SH|2019-07-26|12122.69|12122.69|34.44|30.78|10.56|10.56|29.29|25.39|16.46|15.2|1.14|1.51|90.85|12358.35|11202.77|21.55|
|贵州茅台|600519.SH|2019-07-25|12097.18|12097.18|34.36|30.71|10.54|10.54|29.23|25.34|16.43|15.17|1.14|1.51|90.66|12332.85|11177.27|21.5|
|贵州茅台|600519.SH|2019-07-24|11888.15|11888.15|33.77|30.18|10.36|10.36|28.73|24.9|16.14|14.91|1.16|1.54|89.1|12123.81|10968.24|21.1|
|贵州茅台|600519.SH|2019-07-23|11983.88|11983.88|34.04|30.42|10.44|10.44|28.96|25.1|16.27|15.03|1.15|1.52|89.81|12219.54|11063.96|21.28|
|贵州茅台|600519.SH|2019-07-22|12022.06|12022.06|34.15|30.52|10.48|10.48|29.05|25.18|16.33|15.08|1.15|1.52|90.1|12257.73|11102.15|21.36|
|贵州茅台|600519.SH|2019-07-19|12007.62|12007.62|34.11|30.48|10.46|10.46|29.01|25.15|16.31|15.06|1.15|1.52|89.99|12243.28|11087.7|21.33|
|贵州茅台|600519.SH|2019-07-18|11902.47|11902.47|33.81|30.22|10.37|10.37|28.76|24.93|16.16|14.93|1.16|1.53|89.2|12138.14|10982.56|21.12|
|贵州茅台|600519.SH|2019-07-17|12103.47|12103.47|34.38|31.92|9.76|11.44|29.25|32.16|16.44|15.55|1.14|1.51|96.01|12216.11|11099.27|21.35|
|贵州茅台|600519.SH|2019-07-16|12159.99|12159.99|34.54|32.07|9.8|11.49|29.38|32.31|16.51|15.63|1.14|1.5|96.45|12272.64|11155.8|21.46|
|贵州茅台|600519.SH|2019-07-15|12259.61|12259.61|34.82|32.33|9.88|11.59|29.62|32.57|16.65|15.75|1.13|1.49|97.24|12372.26|11255.41|21.65|
|贵州茅台|600519.SH|2019-07-12|12387.24|12387.24|35.19|32.67|9.99|11.71|29.93|32.91|16.82|15.92|1.12|1.47|98.26|12499.89|11383.04|21.9|
|贵州茅台|600519.SH|2019-07-11|12329.58|12329.58|35.02|32.52|9.94|11.65|29.79|32.76|16.74|15.84|1.12|1.48|97.8|12442.23|11325.38|21.78|
|贵州茅台|600519.SH|2019-07-10|12342.39|12342.39|35.06|32.55|9.95|11.67|29.82|32.79|16.76|15.86|1.12|1.48|97.9|12455.04|11338.2|21.81|
|贵州茅台|600519.SH|2019-07-09|12261.24|12261.24|34.83|32.34|9.88|11.59|29.63|32.58|16.65|15.76|1.13|1.49|97.26|12373.89|11257.05|21.65|
|贵州茅台|600519.SH|2019-07-08|12371.79|12371.79|35.14|32.63|9.97|11.69|29.89|32.87|16.8|15.9|1.12|1.48|98.13|12484.44|11367.59|21.87|
|贵州茅台|600519.SH|2019-07-05|12559.72|12559.72|35.68|33.12|10.12|11.87|30.35|33.37|17.06|16.14|1.1|1.45|99.62|12672.36|11555.52|22.23|
|贵州茅台|600519.SH|2019-07-04|12325.81|12325.81|35.01|32.51|9.94|11.65|29.78|32.75|16.74|15.84|1.12|1.48|97.77|12438.46|11321.62|21.78|
|贵州茅台|600519.SH|2019-07-03|12409.98|12409.98|35.25|32.73|10|11.73|29.99|32.97|16.85|15.95|1.11|1.47|98.44|12522.62|11405.78|21.94|
|贵州茅台|600519.SH|2019-07-02|12876.03|12876.03|36.58|33.96|10.38|12.17|31.11|34.21|17.49|16.55|1.07|1.42|102.13|12988.67|11871.83|22.84|
|贵州茅台|600519.SH|2019-07-01|12962.2|12962.2|36.82|34.18|10.45|12.25|31.32|34.44|17.6|16.66|1.07|1.41|102.82|13074.85|11958|23|
|贵州茅台|600519.SH|2019-06-28|12360.99|12360.99|35.11|32.6|9.96|11.68|29.87|32.84|16.79|15.88|1.12|1.48|98.05|12473.63|11356.79|21.84|
|贵州茅台|600519.SH|2019-06-27|12516.13|12516.13|35.55|33.01|10.09|10.09|30.24|33.25|17|16.08|1.1||99.28|12628.77|11511.93|22.14|
|贵州茅台|600519.SH|2019-06-26|12308.98|12308.98|34.97|32.46|9.92|9.92|29.74|32.7|16.72|15.82|1.12||97.64|12421.63|11304.78|21.74|
|贵州茅台|600519.SH|2019-06-25|12348.17|12348.17|35.08|32.57|9.95|9.95|29.84|32.81|16.77|15.87|1.12||97.95|12460.82|11343.98|21.82|
|贵州茅台|600519.SH|2019-06-24|12399.93|12399.93|35.22|32.7|10|10|29.96|32.94|16.84|15.93|1.11||98.36|12512.58|11395.73|21.92|
|贵州茅台|600519.SH|2019-06-21|12264.26|12264.26|34.84|32.34|9.89|9.89|29.63|32.58|16.65|15.76|1.13||97.28|12376.91|11260.06|21.66|
|贵州茅台|600519.SH|2019-06-20|12247.93|12247.93|34.79|32.3|9.87|9.87|29.59|32.54|16.63|15.74|1.13||97.15|12360.58|11243.73|21.63|
|贵州茅台|600519.SH|2019-06-19|11707.89|11707.89|33.26|30.88|9.44|9.44|28.29|31.11|15.9|15.05|1.18||92.87|11820.54|10703.69|20.59|
|贵州茅台|600519.SH|2019-06-18|11519.33|11519.33|32.72|30.38|9.29|9.29|27.83|30.6|15.64|14.8|1.2||91.37|11631.98|10515.14|20.23|
|贵州茅台|600519.SH|2019-06-17|11451.5|11451.5|32.53|30.2|9.23|9.23|27.67|30.42|15.55|14.72|1.21||90.83|11564.15|10447.3|20.1|
|贵州茅台|600519.SH|2019-06-14|11469.09|11469.09|32.58|30.25|9.24|9.24|27.71|30.47|15.57|14.74|1.2|1.2|90.97|11581.73|10464.89|20.13|
|贵州茅台|600519.SH|2019-06-13|11431.4|11431.4|32.47|30.15|9.21|9.21|27.62|30.37|15.52|14.69|1.21|1.21|90.67|11544.05|10427.2|20.06|
|贵州茅台|600519.SH|2019-06-12|11389.95|11389.95|32.35|30.04|9.18|9.18|27.52|30.26|15.47|14.64|1.21|1.21|90.35|11502.59|10385.75|19.98|
|贵州茅台|600519.SH|2019-06-11|11442.58|11442.58|32.5|30.18|9.22|9.22|27.65|30.4|15.54|14.7|1.21|1.21|90.76|11555.23|10438.38|20.08|
|贵州茅台|600519.SH|2019-06-10|10942.49|10942.49|31.08|28.86|8.82|8.82|26.44|29.07|14.86|14.06|1.26|1.26|86.8|11055.13|9938.29|19.12|
|贵州茅台|600519.SH|2019-06-06|10830.06|10830.06|30.76|28.56|8.73|8.73|26.17|28.77|14.71|13.92|1.28|1.28|85.9|10942.7|9825.86|18.9|
|贵州茅台|600519.SH|2019-06-05|10949.02|10949.02|31.1|28.88|8.83|8.83|26.46|29.09|14.87|14.07|1.26|1.26|86.85|11061.67|9944.82|19.13|
|贵州茅台|600519.SH|2019-06-04|10995.5|10995.5|31.23|29|8.86|8.86|26.57|29.21|14.93|14.13|1.26|1.26|87.22|11108.15|9991.3|19.22|
|贵州茅台|600519.SH|2019-06-03|11205.28|11205.28|31.83|29.55|9.03|9.03|27.08|29.77|15.22|14.4|1.23|1.23|88.88|11317.93|10201.09|19.62|
|贵州茅台|600519.SH|2019-05-31|11180.16|11180.16|31.76|29.48|9.01|9.01|27.01|29.7|15.18|14.37|1.24|1.24|88.68|11292.81|10175.96|19.57|
|贵州茅台|600519.SH|2019-05-30|11372.36|11372.36|32.3|29.99|9.17|9.17|27.48|30.21|15.44|14.61|1.22|1.22|90.21|11485.01|10368.16|19.94|
|贵州茅台|600519.SH|2019-05-29|11455.39|11455.39|32.54|30.21|9.23|9.23|27.68|30.43|15.56|14.72|1.21|1.21|90.87|11568.04|10451.2|20.1|
|贵州茅台|600519.SH|2019-05-28|11155.04|11155.04|31.69|29.42|8.99|8.99|26.95|29.64|15.15|14.34|1.24|1.24|88.48|11267.68|10150.84|19.53|
|贵州茅台|600519.SH|2019-05-27|11041.98|11041.98|31.37|29.12|8.9|8.9|26.68|29.34|14.99|14.19|1.25|1.25|87.59|11154.63|10037.78|19.31|
|贵州茅台|600519.SH|2019-05-24|11035.7|11035.7|31.35|29.1|8.9|8.9|26.67|29.32|14.99|14.18|1.25|1.25|87.54|11148.34|10031.5|19.3|
|贵州茅台|600519.SH|2019-05-23|10815.86|10815.86|30.72|28.52|8.72|8.72|26.13|28.74|14.69|13.9|1.28|1.28|85.79|10928.51|9811.67|18.87|
|贵州茅台|600519.SH|2019-05-22|11155.04|11155.04|31.69|29.42|8.99|8.99|26.95|29.64|15.15|14.34|1.24|1.24|88.48|11267.68|10150.84|19.53|
|贵州茅台|600519.SH|2019-05-21|11242.97|11242.97|31.94|29.65|9.06|9.06|27.17|29.87|15.27|14.45|1.23|1.23|89.18|11355.62|10238.77|19.69|
|贵州茅台|600519.SH|2019-05-20|11116.85|11116.85|31.58|29.32|8.96|8.96|26.86|29.54|15.1|14.29|1.24|1.24|88.18|11229.49|10112.65|19.45|
|贵州茅台|600519.SH|2019-05-17|11391.08|11391.08|32.36|30.04|9.18|9.18|27.52|30.26|15.47|14.64|1.21|1.21|90.36|11503.72|10386.88|19.98|
|贵州茅台|600519.SH|2019-05-16|11681.51|11681.51|33.18|30.81|9.42|9.42|28.23|31.04|15.86|15.01|1.18|1.18|92.66|11794.16|10677.31|20.54|
|贵州茅台|600519.SH|2019-05-15|11644.95|11644.95|33.08|30.71|9.39|9.39|28.14|30.94|15.81|14.96|1.19|1.19|92.37|11757.6|10640.76|20.47|
|贵州茅台|600519.SH|2019-05-14|11137.07|11137.07|31.64|29.37|8.98|8.98|26.91|29.59|15.12|14.31|1.24|1.24|88.34|11249.72|10132.88|19.49|
|贵州茅台|600519.SH|2019-05-13|11205.28|11205.28|31.83|29.55|9.03|9.03|27.08|29.77|15.22|14.4|1.23|1.23|88.88|11317.93|10201.09|19.62|
|贵州茅台|600519.SH|2019-05-10|11395.22|11395.22|32.37|30.05|9.19|9.19|27.53|30.28|15.47|14.64|1.21|1.21|90.39|11507.87|10391.02|19.99|
|贵州茅台|600519.SH|2019-05-09|10788.35|10788.35|30.65|28.45|8.7|8.7|26.07|28.66|14.65|13.86|1.28|1.28|85.57|10901|9784.15|18.82|
|贵州茅台|600519.SH|2019-05-08|11109.81|11109.81|31.56|29.3|8.96|8.96|26.84|29.52|15.09|14.28|1.24|1.24|88.12|11222.46|10105.62|19.44|
|贵州茅台|600519.SH|2019-05-07|11180.16|11180.16|31.76|29.48|9.01|9.01|27.01|29.7|15.18|14.37|1.24|1.24|88.68|11292.81|10175.96|19.57|
|贵州茅台|600519.SH|2019-05-06|11381.15|11381.15|32.33|30.02|9.17|9.17|27.5|30.24|15.46|14.63|1.21|1.21|90.28|11493.8|10376.95|19.96|
|贵州茅台|600519.SH|2019-04-30|12235.37|12235.37|34.76|32.27|9.86|9.86|29.56|32.51|16.62|15.72|1.13|1.13|97.05|12348.01|11231.17|21.6|
|贵州茅台|600519.SH|2019-04-29|12209.87|12209.87|34.68|32.2|9.84|9.84|29.5|32.44|16.58|15.69|1.13|1.13|96.85|12322.51|11205.67|21.55|
|贵州茅台|600519.SH|2019-04-26|11871.07|11871.07|33.72|31.31|9.57|9.57|28.68|31.54|16.12|15.26|1.16|1.16|94.16|11983.72|10866.87|20.9|
|贵州茅台|600519.SH|2019-04-25|11963.65|11963.65|33.98|31.55|9.64|9.64|28.91|31.79|16.25|15.37|1.15|1.15|94.9|12076.3|10959.45|21.08|
|贵州茅台|600519.SH|2019-04-24|12185.12|12185.12|34.61|34.61|10.8|10.8|29.44|29.44|16.55|16.55|1.13|1.13|110.1|12299.85|11179.1|21.5|
|贵州茅台|600519.SH|2019-04-23|12247.3|12247.3|34.79|34.79|10.85|10.85|29.59|29.59|16.63|16.63|1.13|1.13|110.66|12362.03|11241.28|21.62|
|贵州茅台|600519.SH|2019-04-22|11923.83|11923.83|33.87|33.87|10.57|10.57|28.81|28.81|16.19|16.19|1.16|1.16|107.74|12038.56|10917.81|21|
|贵州茅台|600519.SH|2019-04-19|11966.04|11966.04|33.99|33.99|10.6|10.6|28.91|28.91|16.25|16.25|1.15|1.15|108.12|12080.77|10960.02|21.08|
|贵州茅台|600519.SH|2019-04-18|11877.35|11877.35|33.74|33.74|10.53|10.53|28.7|28.7|16.13|16.13|1.16|1.16|107.32|11992.08|10871.33|20.91|
|贵州茅台|600519.SH|2019-04-17|11959|11959|33.97|33.97|10.6|10.6|28.9|28.9|16.24|16.24|1.16|1.16|108.05|12073.73|10952.99|21.07|
|贵州茅台|600519.SH|2019-04-16|11807|11807|33.54|33.54|10.46|10.46|28.53|28.53|16.03|16.03|1.17|1.17|106.68|11921.73|10800.99|20.78|
|贵州茅台|600519.SH|2019-04-15|11393.71|11393.71|32.37|32.37|10.1|10.1|27.53|27.53|15.47|15.47|1.21|1.21|102.95|11508.44|10387.7|19.98|
|贵州茅台|600519.SH|2019-04-12|11481.65|11481.65|32.62|32.62|10.18|10.18|27.74|27.74|15.59|15.59|1.2|1.2|103.74|11596.38|10475.63|20.15|
|贵州茅台|600519.SH|2019-04-11|11622.34|11622.34|33.01|33.01|10.3|10.3|28.08|28.08|15.78|15.78|1.19|1.19|105.01|11737.07|10616.32|20.42|
|贵州茅台|600519.SH|2019-04-10|11908.63|11908.63|33.83|33.83|10.55|10.55|28.78|28.78|16.17|16.17|1.16|1.16|107.6|12023.36|10902.61|20.97|
|贵州茅台|600519.SH|2019-04-09|11368.59|11368.59|32.29|32.29|10.08|10.08|27.47|27.47|15.44|15.44|1.22|1.22|102.72|11483.32|10362.57|19.93|
|贵州茅台|600519.SH|2019-04-08|11308.29|11308.29|32.12|32.12|10.02|10.02|27.32|27.32|15.36|15.36|1.22|1.22|102.18|11423.02|10302.27|19.82|
|贵州茅台|600519.SH|2019-04-04|10866.11|10866.11|30.87|30.87|9.63|9.63|26.26|26.26|14.76|14.76|1.27|1.27|98.18|10980.84|9860.09|18.97|
|贵州茅台|600519.SH|2019-04-03|10608.59|10608.59|30.13|30.13|9.4|9.4|25.63|25.63|14.41|14.41|1.3|1.3|95.85|10723.32|9602.57|18.47|
|贵州茅台|600519.SH|2019-04-02|10677.68|10677.68|30.33|30.33|9.46|9.46|25.8|25.8|14.5|14.5|1.29|1.29|96.48|10792.41|9671.66|18.6|
|贵州茅台|600519.SH|2019-04-01|10790.74|10790.74|30.65|30.65|9.56|9.56|26.07|26.07|14.65|14.65|1.28|1.28|97.5|10905.47|9784.72|18.82|
|贵州茅台|600519.SH|2019-03-29|10727.8|10727.8|30.47|30.47|9.51|9.51|25.92|25.92|14.57|14.57|1.29|1.29|96.93|10842.53|9721.79|18.7|
|贵州茅台|600519.SH|2019-03-28|10135|10135|37.43|31.84|9.9|9.9|45.75|36.74|17.41|14.9|1.36|1.36|124.6|10321.93|9314.42|23.4|
|贵州茅台|600519.SH|2019-03-27|9905.12|9905.12|36.58|31.12|9.68|9.68|44.71|35.9|17.01|14.56|1.39|1.39|121.77|10092.04|9084.54|22.82|
|贵州茅台|600519.SH|2019-03-26|9710.41|9710.41|35.86|30.51|9.49|9.49|43.83|35.2|16.68|14.28|1.42|1.42|119.38|9897.33|8889.83|22.33|
|贵州茅台|600519.SH|2019-03-25|9743.07|9743.07|35.98|30.61|9.52|9.52|43.98|35.32|16.74|14.33|1.42|1.42|119.78|9930|8922.49|22.41|
|贵州茅台|600519.SH|2019-03-22|9974.21|9974.21|36.83|31.34|9.74|9.74|45.02|36.15|17.13|14.67|1.39|1.39|122.62|10161.14|9153.63|23|
|贵州茅台|600519.SH|2019-03-21|9870.57|9870.57|36.45|31.01|9.64|9.64|44.56|35.78|16.95|14.51|1.4|1.4|121.35|10057.5|9049.99|22.74|
|贵州茅台|600519.SH|2019-03-20|9959.14|9959.14|36.78|31.29|9.73|9.73|44.96|36.1|17.11|14.64|1.39|1.39|122.44|10146.06|9138.55|22.96|
|贵州茅台|600519.SH|2019-03-19|9956.75|9956.75|36.77|31.28|9.73|9.73|44.95|36.09|17.1|14.64|1.39|1.39|122.41|10143.67|9136.17|22.95|
|贵州茅台|600519.SH|2019-03-18|10176.33|10176.33|37.58|31.97|9.94|9.94|45.94|36.89|17.48|14.96|1.36|1.36|125.11|10363.26|9355.75|23.5|
|贵州茅台|600519.SH|2019-03-15|9764.43|9764.43|36.06|30.68|9.54|9.54|44.08|35.39|16.77|14.36|1.42|1.42|120.04|9951.35|8943.84|22.47|
|贵州茅台|600519.SH|2019-03-14|9773.22|9773.22|36.09|30.71|9.55|9.55|44.12|35.43|16.79|14.37|1.41|1.41|120.15|9960.14|8952.64|22.49|
|贵州茅台|600519.SH|2019-03-13|9471.73|9471.73|34.98|29.76|9.25|9.25|42.76|34.33|16.27|13.93|1.46|1.46|116.44|9658.66|8651.15|21.73|
|贵州茅台|600519.SH|2019-03-12|9358.8|9358.8|34.56|29.4|9.14|9.14|42.25|33.92|16.08|13.76|1.48|1.48|115.06|9545.72|8538.22|21.45|
|贵州茅台|600519.SH|2019-03-11|9528.76|9528.76|35.19|29.94|9.31|9.31|43.01|34.54|16.37|14.01|1.45|1.45|117.15|9715.69|8708.18|21.88|
|贵州茅台|600519.SH|2019-03-08|9264.46|9264.46|34.21|29.11|9.05|9.05|41.82|33.58|15.91|13.62|1.49|1.49|113.9|9451.38|8443.88|21.21|
|贵州茅台|600519.SH|2019-03-07|9403.9|9403.9|34.73|29.55|9.19|9.19|42.45|34.09|16.15|13.83|1.47|1.47|115.61|9590.82|8583.31|21.56|
|贵州茅台|600519.SH|2019-03-06|9647.6|9647.6|35.63|30.31|9.42|9.42|43.55|34.97|16.57|14.19|1.43|1.43|118.61|9834.52|8827.02|22.18|
|贵州茅台|600519.SH|2019-03-05|9795.58|9795.58|36.17|30.78|9.57|9.57|44.22|35.51|16.83|14.4|1.41|1.41|120.43|9982.5|8975|22.55|
|贵州茅台|600519.SH|2019-03-04|9821.71|9821.71|36.27|30.86|9.59|9.59|44.34|35.6|16.87|14.44|1.41|1.41|120.75|10008.63|9001.12|22.61|
|贵州茅台|600519.SH|2019-03-01|9915.17|9915.17|36.62|31.15|9.69|9.69|44.76|35.94|17.03|14.58|1.39|1.39|121.9|10102.09|9094.59|22.85|
|贵州茅台|600519.SH|2019-02-28|9484.42|9484.42|35.02|29.8|9.26|9.26|42.81|34.38|16.29|13.95|1.46|1.46|116.6|9671.34|8663.84|21.77|
|贵州茅台|600519.SH|2019-02-27|9304.66|9304.66|34.36|29.23|9.09|9.09|42|33.73|15.98|13.68|1.48|1.48|114.39|9491.58|8484.07|21.31|
|贵州茅台|600519.SH|2019-02-26|9136.95|9136.95|33.74|28.71|8.93|8.93|41.24|33.12|15.69|13.43|1.51|1.51|112.33|9323.88|8316.37|20.89|
|贵州茅台|600519.SH|2019-02-25|9325.13|9325.13|34.44|29.3|9.11|9.11|42.09|33.8|16.02|13.71|1.48|1.48|114.64|9512.06|8504.55|21.36|
|贵州茅台|600519.SH|2019-02-22|9120.12|9120.12|33.68|28.65|8.91|8.91|41.17|33.06|15.67|13.41|1.51|1.51|112.12|9307.05|8299.54|20.85|
|贵州茅台|600519.SH|2019-02-21|9047.76|9047.76|33.41|28.43|8.84|8.84|40.84|32.8|15.54|13.3|1.53|1.53|111.23|9234.69|8227.18|20.67|
|贵州茅台|600519.SH|2019-02-20|9069.75|9069.75|33.49|28.5|8.86|8.86|40.94|32.88|15.58|13.34|1.52|1.52|111.5|9256.67|8249.16|20.72|
|贵州茅台|600519.SH|2019-02-19|9179.79|9179.79|33.9|28.84|8.97|8.97|41.44|33.28|15.77|13.5|1.51|1.51|112.86|9366.72|8359.21|21|
|贵州茅台|600519.SH|2019-02-18|9295.86|9295.86|34.33|29.21|9.08|9.08|41.96|33.7|15.97|13.67|1.49|1.49|114.28|9482.79|8475.28|21.29|
|贵州茅台|600519.SH|2019-02-15|9104.67|9104.67|33.62|28.6|8.89|8.89|41.1|33|15.64|13.39|1.52|1.52|111.93|9291.6|8284.09|20.81|
|贵州茅台|600519.SH|2019-02-14|9260.19|9260.19|34.2|29.09|9.05|9.05|41.8|33.57|15.91|13.62|1.49|1.49|113.84|9447.11|8439.6|21.2|
|贵州茅台|600519.SH|2019-02-13|9236.19|9236.19|34.11|29.02|9.02|9.02|41.69|33.48|15.86|13.58|1.5|1.5|113.55|9423.12|8415.61|21.14|
|贵州茅台|600519.SH|2019-02-12|9018.5|9018.5|33.3|28.33|8.81|8.81|40.71|32.69|15.49|13.26|1.53|1.53|110.87|9205.42|8197.91|20.59|
|贵州茅台|600519.SH|2019-02-11|9111.2|9111.2|33.65|28.63|8.9|8.9|41.13|33.03|15.65|13.4|1.52|1.52|112.01|9298.13|8290.62|20.83|
|贵州茅台|600519.SH|2019-02-01|8701.31|8701.31|32.13|27.34|8.5|8.5|39.28|31.54|14.95|12.79|1.59|1.59|106.97|8888.23|7880.72|19.8|
|贵州茅台|600519.SH|2019-01-31|8662.74|8662.74|31.99|27.22|8.46|8.46|39.1|31.4|14.88|12.74|1.59|1.59|106.5|8849.66|7842.16|19.7|
|贵州茅台|600519.SH|2019-01-30|8491.9|8491.9|31.36|26.68|8.3|8.3|38.33|30.78|14.59|12.49|1.63|1.63|104.4|8678.82|7671.31|19.27|
|贵州茅台|600519.SH|2019-01-29|8604.95|8604.95|31.78|27.03|8.41|8.41|38.84|31.19|14.78|12.65|1.61|1.61|105.79|8791.88|7784.37|19.56|
|贵州茅台|600519.SH|2019-01-28|8504.46|8504.46|31.41|26.72|8.31|8.31|38.39|30.83|14.61|12.5|1.62|1.62|104.55|8691.38|7683.88|19.3|
|贵州茅台|600519.SH|2019-01-25|8538.38|8538.38|31.53|26.83|8.34|8.34|38.54|30.95|14.67|12.55|1.62|1.62|104.97|8725.3|7717.79|19.39|
|贵州茅台|600519.SH|2019-01-24|8447.93|8447.93|31.2|26.54|8.25|8.25|38.13|30.62|14.51|12.42|1.64|1.64|103.86|8634.86|7627.35|19.16|
|贵州茅台|600519.SH|2019-01-23|8362.01|8362.01|30.88|26.27|8.17|8.17|37.75|30.31|14.36|12.3|1.65|1.65|102.8|8548.93|7541.42|18.95|
|贵州茅台|600519.SH|2019-01-22|8429.09|8429.09|31.13|26.48|8.23|8.23|38.05|30.55|14.48|12.39|1.64|1.64|103.63|8616.01|7608.5|19.11|
|贵州茅台|600519.SH|2019-01-21|8629.83|8629.83|31.87|27.11|8.43|8.43|38.96|31.28|14.82|12.69|1.6|1.6|106.09|8816.75|7809.24|19.62|
|贵州茅台|600519.SH|2019-01-18|8587.49|8587.49|31.71|26.98|8.39|8.39|38.76|31.13|14.75|12.63|1.61|1.61|105.57|8774.42|7766.91|19.51|
|贵州茅台|600519.SH|2019-01-17|8281.48|8281.48|30.58|26.02|8.09|8.09|37.38|30.02|14.22|12.18|1.67|1.67|101.81|8468.41|7460.9|18.74|
|贵州茅台|600519.SH|2019-01-16|8304.72|8304.72|30.67|26.09|8.11|8.11|37.49|30.1|14.26|12.21|1.66|1.66|102.1|8491.65|7484.14|18.8|
|贵州茅台|600519.SH|2019-01-15|8290.65|8290.65|30.62|26.05|8.1|8.1|37.42|30.05|14.24|12.19|1.67|1.67|101.92|8477.58|7470.07|18.77|
|贵州茅台|600519.SH|2019-01-14|7846.21|7846.21|28.97|24.65|7.66|7.66|35.42|28.44|13.48|11.54|1.76|1.76|96.46|8033.14|7025.63|17.65|
|贵州茅台|600519.SH|2019-01-11|7987.91|7987.91|29.5|25.1|7.8|7.8|36.06|28.95|13.72|11.75|1.73|1.73|98.2|8174.84|7167.33|18.01|
|贵州茅台|600519.SH|2019-01-10|7772.98|7772.98|28.7|24.42|7.59|7.59|35.09|28.18|13.35|11.43|1.78|1.78|95.56|7959.9|6952.39|17.47|
|贵州茅台|600519.SH|2019-01-09|7739.69|7739.69|28.58|24.32|7.56|7.56|34.94|28.05|13.29|11.38|1.79|1.79|95.15|7926.61|6919.1|17.38|
|贵州茅台|600519.SH|2019-01-08|7597.36|7597.36|28.06|23.87|7.42|7.42|34.29|27.54|13.05|11.17|1.82|1.82|93.4|7784.28|6776.78|17.02|
|贵州茅台|600519.SH|2019-01-07|7606.15|7606.15|28.09|23.9|7.43|7.43|34.33|27.57|13.06|11.18|1.82|1.82|93.51|7793.08|6785.57|17.05|
|贵州茅台|600519.SH|2019-01-04|7562.31|7562.31|27.93|23.76|7.39|7.39|34.14|27.41|12.99|11.12|1.83|1.83|92.97|7749.24|6741.73|16.94|
|贵州茅台|600519.SH|2019-01-03|7411.57|7411.57|27.37|23.29|7.24|7.24|33.46|26.87|12.73|10.9|1.86|1.86|91.12|7598.49|6590.98|16.56|
|贵州茅台|600519.SH|2019-01-02|7524.37|7524.37|27.79|23.64|7.35|7.35|33.97|27.27|12.92|11.06|1.84|1.84|92.5|7711.3|6703.79|16.84|
|贵州茅台|600519.SH|2018-12-28|7411.69|7411.69|27.37|23.29|7.24|7.24|33.46|26.87|12.73|10.9|1.15|1.86|91.12|7598.62|6591.11|16.56|
|贵州茅台|600519.SH|2018-12-27|7072.39|7072.39|26.12|22.22|6.91|6.91|31.93|25.64|12.15|10.4|1.21|1.95|86.95|7259.32|6251.81|15.71|
|贵州茅台|600519.SH|2018-12-26|7035.71|7035.71|25.98|22.1|6.87|6.87|31.76|25.5|12.09|10.35|1.21|1.96|86.5|7222.64|6215.13|15.61|
|贵州茅台|600519.SH|2018-12-25|7107.44|7107.44|26.25|22.33|6.94|6.94|32.08|25.76|12.21|10.45|1.2|1.94|87.38|7294.37|6286.86|15.79|
|贵州茅台|600519.SH|2018-12-24|7135.2|7135.2|26.35|22.42|6.97|6.97|32.21|25.86|12.26|10.49|1.19|1.94|87.72|7322.13|6314.62|15.86|
|贵州茅台|600519.SH|2018-12-21|7127.79|7127.79|26.32|22.39|6.96|6.96|32.18|25.84|12.24|10.48|1.2|1.94|87.63|7314.72|6307.21|15.84|
|贵州茅台|600519.SH|2018-12-20|7216.86|7216.86|26.65|22.67|7.05|7.05|32.58|26.16|12.4|10.61|1.18|1.91|88.72|7403.78|6396.27|16.07|
|贵州茅台|600519.SH|2018-12-19|7258.31|7258.31|26.8|22.8|7.09|7.09|32.76|26.31|12.47|10.67|1.17|1.9|89.23|7445.24|6437.73|16.17|
|贵州茅台|600519.SH|2018-12-18|7423.38|7423.38|27.41|23.32|7.25|7.25|33.51|26.91|12.75|10.92|1.15|1.86|91.26|7610.3|6602.79|16.59|
|贵州茅台|600519.SH|2018-12-17|7418.1|7418.1|27.39|23.31|7.25|7.25|33.49|26.89|12.74|10.91|1.15|1.86|91.2|7605.02|6597.52|16.57|
|贵州茅台|600519.SH|2018-12-14|7448.75|7448.75|27.51|23.4|7.28|7.28|33.62|27|12.79|10.95|1.14|1.85|91.57|7635.68|6628.17|16.65|
|贵州茅台|600519.SH|2018-12-13|7559.17|7559.17|27.91|23.75|7.38|7.38|34.12|27.4|12.98|11.11|1.13|1.83|92.93|7746.1|6738.59|16.93|
|贵州茅台|600519.SH|2018-12-12|7399.01|7399.01|27.32|23.25|7.23|7.23|33.4|26.82|12.71|10.88|1.15|1.87|90.96|7585.93|6578.42|16.53|
|贵州茅台|600519.SH|2018-12-11|7323.51|7323.51|27.04|23.01|7.15|7.15|33.06|26.55|12.58|10.77|1.16|1.89|90.03|7510.43|6502.92|16.34|
|贵州茅台|600519.SH|2018-12-10|7251.15|7251.15|26.78|22.78|7.08|7.08|32.73|26.28|12.46|10.66|1.18|1.91|89.15|7438.08|6430.57|16.15|
|贵州茅台|600519.SH|2018-12-07|7373.88|7373.88|27.23|23.17|7.2|7.2|33.29|26.73|12.67|10.84|1.16|1.87|90.65|7560.81|6553.3|16.46|
|贵州茅台|600519.SH|2018-12-06|7434.18|7434.18|27.45|23.36|7.26|7.26|33.56|26.95|12.77|10.93|1.15|1.86|91.4|7621.1|6613.59|16.61|
|贵州茅台|600519.SH|2018-12-05|7664.06|7664.06|28.3|24.08|7.49|7.49|34.6|27.78|13.16|11.27|1.11|1.8|94.22|7850.99|6843.48|17.19|
|贵州茅台|600519.SH|2018-12-04|7565.2|7565.2|27.94|23.77|7.39|7.39|34.15|27.42|12.99|11.12|1.13|1.83|93.01|7752.12|6744.62|16.94|
|贵州茅台|600519.SH|2018-12-03|7552.26|7552.26|27.89|23.73|7.38|7.38|34.09|27.38|12.97|11.1|1.13|1.83|92.85|7739.19|6731.68|16.91|
|贵州茅台|600519.SH|2018-11-30|7097.52|7097.52|26.21|22.3|6.93|6.93|32.04|25.73|12.19|10.44|1.2|1.95|87.26|7284.44|6276.93|15.77|
|贵州茅台|600519.SH|2018-11-29|6929.19|6929.19|25.59|21.77|6.77|6.77|31.28|25.12|11.9|10.19|1.23|1.99|85.19|7116.11|6108.6|15.35|
|贵州茅台|600519.SH|2018-11-28|6997.02|6997.02|25.84|21.98|6.84|6.84|31.58|25.36|12.02|10.29|1.22|1.97|86.02|7183.95|6176.44|15.52|
|贵州茅台|600519.SH|2018-11-27|6885.22|6885.22|25.43|21.63|6.73|6.73|31.08|24.96|11.83|10.12|1.24|2.01|84.65|7072.15|6064.64|15.24|
|贵州茅台|600519.SH|2018-11-26|6935.59|6935.59|25.61|21.79|6.78|6.78|31.31|25.14|11.91|10.2|1.23|1.99|85.27|7122.52|6115.01|15.36|
|贵州茅台|600519.SH|2018-11-23|6995.77|6995.77|25.83|21.98|6.83|6.83|31.58|25.36|12.02|10.29|1.22|1.98|86.01|7182.69|6175.18|15.51|
|贵州茅台|600519.SH|2018-11-22|7091.24|7091.24|26.19|22.28|6.93|6.93|32.01|25.7|12.18|10.43|1.2|1.95|87.18|7278.16|6270.65|15.75|
|贵州茅台|600519.SH|2018-11-21|7093.75|7093.75|26.2|22.29|6.93|6.93|32.02|25.71|12.18|10.43|1.2|1.95|87.21|7280.67|6273.17|15.76|
|贵州茅台|600519.SH|2018-11-20|7054.81|7054.81|26.05|22.16|6.89|6.89|31.85|25.57|12.12|10.37|1.21|1.96|86.73|7241.73|6234.22|15.66|
|贵州茅台|600519.SH|2018-11-19|7148.02|7148.02|26.4|22.46|6.98|6.98|32.27|25.91|12.28|10.51|1.19|1.93|87.88|7334.94|6327.43|15.9|
|贵州茅台|600519.SH|2018-11-16|7034.71|7034.71|25.98|22.1|6.87|6.87|31.75|25.5|12.08|10.34|1.21|1.96|86.48|7221.63|6214.12|15.61|
|贵州茅台|600519.SH|2018-11-15|7030.94|7030.94|25.96|22.09|6.87|6.87|31.74|25.49|12.08|10.34|1.21|1.97|86.44|7217.86|6210.36|15.6|
|贵州茅台|600519.SH|2018-11-14|6973.15|6973.15|25.75|21.91|6.81|6.81|31.48|25.28|11.98|10.25|1.22|1.98|85.73|7160.08|6152.57|15.46|
|贵州茅台|600519.SH|2018-11-13|7160.33|7160.33|26.44|22.5|6.99|6.99|32.32|25.95|12.3|10.53|1.19|1.93|88.03|7347.25|6339.74|15.93|
|贵州茅台|600519.SH|2018-11-12|6934.21|6934.21|25.61|21.79|6.77|6.77|31.3|25.14|11.91|10.2|1.23|1.99|85.25|7121.14|6113.63|15.36|
|贵州茅台|600519.SH|2018-11-09|7059.83|7059.83|26.07|22.18|6.9|6.9|31.87|25.59|12.13|10.38|1.21|1.96|86.79|7246.76|6239.25|15.67|
|贵州茅台|600519.SH|2018-11-08|7164.6|7164.6|26.46|22.51|7|7|32.34|25.97|12.31|10.53|1.19|1.93|88.08|7351.52|6344.01|15.94|
|贵州茅台|600519.SH|2018-11-07|7115.1|7115.1|26.27|22.35|6.95|6.95|32.12|25.79|12.22|10.46|1.2|1.94|87.47|7302.03|6294.52|15.81|
|贵州茅台|600519.SH|2018-11-06|7110.08|7110.08|26.26|22.34|6.95|6.95|32.1|25.77|12.21|10.45|1.2|1.94|87.41|7297|6289.5|15.8|
|贵州茅台|600519.SH|2018-11-05|7233.19|7233.19|26.71|22.73|7.07|7.07|32.65|26.22|12.42|10.64|1.18|1.91|88.92|7420.11|6412.6|16.11|
|贵州茅台|600519.SH|2018-11-02|7535.93|7535.93|27.83|23.68|7.36|7.36|34.02|27.32|12.94|11.08|1.13|1.83|92.65|7722.86|6715.35|16.87|
|贵州茅台|600519.SH|2018-11-01|7072.39|7072.39|26.12|22.22|6.91|6.91|31.93|25.64|12.15|10.4|1.21|1.95|86.95|7259.32|6251.81|15.71|
|贵州茅台|600519.SH|2018-10-31|6895.27|6895.27|25.46|21.66|6.74|6.74|31.13|24.99|11.84|10.14|1.24|2|84.77|7082.19|6074.69|15.26|
|贵州茅台|600519.SH|2018-10-30|6582.48|6582.48|24.31|20.68|6.43|6.43|29.71|23.86|11.31|9.68|1.3|2.1|80.92|6769.4|5761.89|14.47|
|贵州茅台|600519.SH|2018-10-29|6897.66|6897.66|25.47|21.67|6.74|6.74|31.14|25|11.85|10.14|1.24|2|84.8|7084.58|6077.07|15.27|
|贵州茅台|600519.SH|2018-10-26|7664.06|7664.06|28.3|24.26|8.21|8.21|34.6|23.26|13.16|11.37|1.11|1.8|112.77|7794.02|6957.42|17.48|
|贵州茅台|600519.SH|2018-10-25|7775.86|7775.86|28.72|24.61|8.33|8.33|35.1|23.6|13.36|11.53|1.1|1.78|114.42|7905.82|7069.22|17.76|
|贵州茅台|600519.SH|2018-10-24|8001.85|8001.85|29.55|25.33|8.57|8.57|36.12|24.28|13.74|11.87|1.07|1.73|117.74|8131.81|7295.21|18.33|
|贵州茅台|600519.SH|2018-10-23|8061.52|8061.52|29.77|25.52|8.63|8.63|36.39|24.46|13.85|11.96|1.06|1.71|118.62|8191.48|7354.88|18.48|
|贵州茅台|600519.SH|2018-10-22|8705.45|8705.45|32.15|27.56|9.32|9.32|39.3|26.42|14.95|12.91|0.98|1.59|128.1|8835.41|7998.81|20.09|
|贵州茅台|600519.SH|2018-10-19|8416.53|8416.53|31.08|26.64|9.01|9.01|37.99|25.54|14.46|12.48|1.01|1.64|123.84|8546.48|7709.88|19.37|
|贵州茅台|600519.SH|2018-10-18|8114.28|8114.28|29.96|25.68|8.69|8.69|36.63|24.62|13.94|12.03|1.05|1.7|119.4|8244.24|7407.64|18.61|
|贵州茅台|600519.SH|2018-10-17|8362.76|8362.76|30.88|26.47|8.95|8.95|37.75|25.38|14.36|12.4|1.02|1.65|123.05|8492.72|7656.12|19.23|
|贵州茅台|600519.SH|2018-10-16|8380.6|8380.6|30.95|26.53|8.97|8.97|37.83|25.43|14.4|12.43|1.02|1.65|123.32|8510.56|7673.95|19.28|
|贵州茅台|600519.SH|2018-10-15|8377.58|8377.58|30.94|26.52|8.97|8.97|37.82|25.42|14.39|12.43|1.02|1.65|123.27|8507.54|7670.94|19.27|
|贵州茅台|600519.SH|2018-10-12|8391.4|8391.4|30.99|26.56|8.98|8.98|37.88|25.46|14.41|12.45|1.02|1.65|123.47|8521.36|7684.76|19.31|
|贵州茅台|600519.SH|2018-10-11|8102.35|8102.35|29.92|25.65|8.68|8.68|36.57|24.59|13.92|12.02|1.05|1.71|119.22|8232.31|7395.71|18.58|
|贵州茅台|600519.SH|2018-10-10|8428.08|8428.08|31.12|26.68|9.02|9.02|38.04|25.58|14.48|12.5|1.01|1.64|124.01|8558.04|7721.44|19.4|
|贵州茅台|600519.SH|2018-10-09|8730.57|8730.57|32.24|27.63|9.35|9.35|39.41|26.49|15|12.95|0.98|1.58|128.47|8860.53|8023.93|20.16|
|贵州茅台|600519.SH|2018-10-08|8619.4|8619.4|31.83|27.28|9.23|9.23|38.91|26.16|14.81|12.78|0.99|1.6|126.83|8749.36|7912.76|19.88|
|贵州茅台|600519.SH|2018-09-28|9170.24|9170.24|33.86|29.03|9.82|9.82|41.4|27.83|15.75|13.6|0.93|1.51|134.94|9300.2|8463.6|21.26|
|贵州茅台|600519.SH|2018-09-27|9094.87|9094.87|33.59|28.79|9.74|9.74|41.05|27.6|15.62|13.49|0.94|1.52|133.83|9224.83|8388.23|21.07|
|贵州茅台|600519.SH|2018-09-26|9106.55|9106.55|33.63|28.82|9.75|9.75|41.11|27.64|15.64|13.51|0.94|1.52|134|9236.51|8399.91|21.1|
|贵州茅台|600519.SH|2018-09-25|8755.95|8755.95|32.33|27.72|9.37|9.37|39.52|26.57|15.04|12.99|0.97|1.58|128.84|8885.91|8049.31|20.22|
|贵州茅台|600519.SH|2018-09-21|8793.51|8793.51|32.47|27.83|9.42|9.42|39.69|26.69|15.1|13.04|0.97|1.57|129.39|8923.47|8086.87|20.32|
|贵州茅台|600519.SH|2018-09-20|8523.93|8523.93|31.48|26.98|9.13|9.13|38.48|25.87|14.64|12.64|1|1.62|125.42|8653.89|7817.29|19.64|
|贵州茅台|600519.SH|2018-09-19|8559.98|8559.98|31.61|27.09|9.17|9.17|38.64|25.98|14.7|12.7|1|1.61|125.96|8689.94|7853.34|19.73|
|贵州茅台|600519.SH|2018-09-18|8375.07|8375.07|30.93|26.51|8.97|8.97|37.81|25.42|14.39|12.42|1.02|1.65|123.23|8505.03|7668.43|19.26|
|贵州茅台|600519.SH|2018-09-17|8112.65|8112.65|29.96|25.68|8.69|8.69|36.62|24.62|13.94|12.03|1.05|1.7|119.37|8242.61|7406.01|18.61|
|贵州茅台|600519.SH|2018-09-14|8076.1|8076.1|29.82|25.56|8.65|8.65|36.46|24.51|13.87|11.98|1.06|1.71|118.84|8206.05|7369.45|18.51|
|贵州茅台|600519.SH|2018-09-13|7938.92|7938.92|29.32|25.13|8.5|8.5|35.84|24.09|13.64|11.77|1.07|1.74|116.82|8068.88|7232.27|18.17|
|贵州茅台|600519.SH|2018-09-12|7914.05|7914.05|29.23|25.05|8.47|8.47|35.72|24.02|13.59|11.74|1.08|1.75|116.45|8044|7207.4|18.11|
|贵州茅台|600519.SH|2018-09-11|8115.04|8115.04|29.97|25.69|8.69|8.69|36.63|24.63|13.94|12.04|1.05|1.7|119.41|8245|7408.39|18.61|
|贵州茅台|600519.SH|2018-09-10|8099.96|8099.96|29.91|25.64|8.67|8.67|36.56|24.58|13.91|12.01|1.05|1.71|119.19|8229.92|7393.32|18.57|
|贵州茅台|600519.SH|2018-09-07|8177.47|8177.47|30.2|25.88|8.76|8.76|36.91|24.82|14.05|12.13|1.04|1.69|120.33|8307.43|7470.83|18.77|
|贵州茅台|600519.SH|2018-09-06|8089.91|8089.91|29.87|25.61|8.66|8.66|36.52|24.55|13.9|12|1.05|1.71|119.04|8219.87|7383.27|18.55|
|贵州茅台|600519.SH|2018-09-05|8263.14|8263.14|30.51|26.16|8.85|8.85|37.3|25.08|14.19|12.26|1.03|1.67|121.59|8393.1|7556.5|18.98|
|贵州茅台|600519.SH|2018-09-04|8479.84|8479.84|31.31|26.84|9.08|9.08|38.28|25.73|14.57|12.58|1.01|1.63|124.78|8609.79|7773.19|19.53|
|贵州茅台|600519.SH|2018-09-03|8368.92|8368.92|30.91|26.49|8.96|8.96|37.78|25.4|14.38|12.41|1.02|1.65|123.14|8498.87|7662.27|19.25|
|贵州茅台|600519.SH|2018-08-31|8280.73|8280.73|30.58|26.21|8.87|8.87|37.38|25.13|14.22|12.28|1.03|1.67|121.85|8410.69|7574.09|19.03|
|贵州茅台|600519.SH|2018-08-30|8547.17|8547.17|31.56|27.05|9.15|9.15|38.58|25.94|14.68|12.68|1|1.62|125.77|8677.13|7840.53|19.7|
|贵州茅台|600519.SH|2018-08-29|8615.63|8615.63|31.82|27.27|9.22|9.22|38.89|26.15|14.8|12.78|0.99|1.6|126.77|8745.59|7908.99|19.87|
|贵州茅台|600519.SH|2018-08-28|8554.71|8554.71|31.59|27.08|9.16|9.16|38.62|25.96|14.69|12.69|1|1.62|125.88|8684.66|7848.06|19.72|
|贵州茅台|600519.SH|2018-08-27|8633.85|8633.85|31.88|27.33|9.24|9.24|38.97|26.2|14.83|12.81|0.99|1.6|127.04|8763.8|7927.2|19.91|
|贵州茅台|600519.SH|2018-08-24|8294.67|8294.67|30.63|26.25|8.88|8.88|37.44|25.17|14.25|12.3|1.03|1.67|122.05|8424.63|7588.03|19.06|
|贵州茅台|600519.SH|2018-08-23|8419.16|8419.16|31.09|26.65|9.01|9.01|38|25.55|14.46|12.49|1.01|1.64|123.88|8549.12|7712.52|19.38|
|贵州茅台|600519.SH|2018-08-22|8387.63|8387.63|30.97|26.55|8.98|8.98|37.86|25.45|14.41|12.44|1.02|1.65|123.42|8517.59|7680.99|19.3|
|贵州茅台|600519.SH|2018-08-21|8435.24|8435.24|31.15|26.7|9.03|9.03|38.08|25.6|14.49|12.51|1.01|1.64|124.12|8565.2|7728.6|19.42|
|贵州茅台|600519.SH|2018-08-20|8099.84|8099.84|29.91|25.64|8.67|8.67|36.56|24.58|13.91|12.01|1.05|1.71|119.18|8229.8|7393.19|18.57|
|贵州茅台|600519.SH|2018-08-17|7975.1|7975.1|29.45|25.24|8.54|8.54|36|24.2|13.7|11.83|1.07|1.73|117.35|8105.05|7268.45|18.26|
|贵州茅台|600519.SH|2018-08-16|8145.69|8145.69|30.08|25.78|8.72|8.72|36.77|24.72|13.99|12.08|1.05|1.7|119.86|8275.65|7439.04|18.69|
|贵州茅台|600519.SH|2018-08-15|8326.08|8326.08|30.75|26.35|8.91|8.91|37.58|25.27|14.3|12.35|1.02|1.66|122.51|8456.04|7619.43|19.14|
|贵州茅台|600519.SH|2018-08-14|8543.78|8543.78|31.55|27.04|9.15|9.15|38.57|25.93|14.68|12.67|1|1.62|125.72|8673.74|7837.13|19.69|
|贵州茅台|600519.SH|2018-08-13|8532.35|8532.35|31.51|27.01|9.14|9.14|38.52|25.89|14.66|12.65|1|1.62|125.55|8662.3|7825.7|19.66|
|贵州茅台|600519.SH|2018-08-10|8632.34|8632.34|31.88|27.32|9.24|9.24|38.97|26.2|14.83|12.8|0.99|1.6|127.02|8762.3|7925.7|19.91|
|贵州茅台|600519.SH|2018-08-09|8691.38|8691.38|32.1|27.51|9.31|9.31|39.23|26.38|14.93|12.89|0.98|1.59|127.89|8821.34|7984.74|20.06|
|贵州茅台|600519.SH|2018-08-08|8494.66|8494.66|31.37|26.89|9.1|9.1|38.35|25.78|14.59|12.6|1|1.63|124.99|8624.62|7788.02|19.56|
|贵州茅台|600519.SH|2018-08-07|8621.03|8621.03|31.84|27.29|9.23|9.23|38.92|26.16|14.81|12.79|0.99|1.6|126.85|8750.99|7914.39|19.88|
|贵州茅台|600519.SH|2018-08-06|8412.51|8412.51|31.07|26.63|9.01|9.01|37.97|25.53|14.45|12.48|1.01|1.64|123.79|8542.46|7705.86|19.36|
|贵州茅台|600519.SH|2018-08-03|8529.46|8529.46|31.5|27|9.13|9.13|38.5|25.88|14.65|12.65|1|1.62|125.51|8659.41|7822.81|19.65|
|贵州茅台|600519.SH|2018-08-02|8741.13|8741.13|32.28|27.67|9.36|9.36|39.46|26.53|15.01|12.96|0.98|1.58|128.62|8871.08|8034.48|20.18|
|贵州茅台|600519.SH|2018-08-01|8981.06|8981.06|33.17|30.48|8.98|10.43|40.54|42.81|15.43|14.4|0.95|1.54|163.01|9067.59|8195.47|20.59|
|贵州茅台|600519.SH|2018-07-31|9125.52|9125.52|33.7|30.97|9.13|10.59|41.19|43.5|15.67|14.63|0.93|1.51|165.63|9212.05|8339.94|20.95|
|贵州茅台|600519.SH|2018-07-30|9034.7|9034.7|33.36|30.66|9.04|10.49|40.78|43.06|15.52|14.48|0.94|1.53|163.98|9121.23|8249.11|20.72|
|贵州茅台|600519.SH|2018-07-27|9277.77|9277.77|34.26|31.49|9.28|10.77|41.88|44.22|15.94|14.87|0.92|1.49|168.39|9364.3|8492.19|21.33|
|贵州茅台|600519.SH|2018-07-26|9240.84|9240.84|34.12|31.36|9.24|10.73|41.71|44.05|15.87|14.81|0.92|1.5|167.72|9327.37|8455.25|21.24|
|贵州茅台|600519.SH|2018-07-25|9343.72|9343.72|34.51|31.71|9.35|10.85|42.18|44.54|16.05|14.98|0.91|1.48|169.59|9430.25|8558.14|21.5|
|贵州茅台|600519.SH|2018-07-24|9363.7|9363.7|34.58|31.78|9.37|10.87|42.27|44.63|16.08|15.01|0.91|1.48|169.95|9450.22|8578.11|21.55|
|贵州茅台|600519.SH|2018-07-23|9196.25|9196.25|33.96|31.21|9.2|10.68|41.51|43.83|15.8|14.74|0.93|1.5|166.91|9282.77|8410.66|21.13|
|贵州茅台|600519.SH|2018-07-20|9310.06|9310.06|34.38|31.6|9.31|10.81|42.03|44.38|15.99|14.93|0.92|1.48|168.98|9396.59|8524.47|21.41|
|贵州茅台|600519.SH|2018-07-19|9307.8|9307.8|34.37|31.59|9.31|10.81|42.02|44.37|15.99|14.92|0.92|1.48|168.94|9394.32|8522.21|21.41|
|贵州茅台|600519.SH|2018-07-18|9263.71|9263.71|34.21|31.44|9.27|10.75|41.82|44.16|15.91|14.85|0.92|1.49|168.14|9350.23|8478.12|21.3|
|贵州茅台|600519.SH|2018-07-17|9326.39|9326.39|34.44|31.65|9.33|10.83|42.1|44.45|16.02|14.95|0.91|1.48|169.28|9412.92|8540.8|21.46|
|贵州茅台|600519.SH|2018-07-16|9480.27|9480.27|35.01|32.18|9.48|11.01|42.79|45.19|16.28|15.2|0.9|1.46|172.07|9566.8|8694.69|21.84|
|贵州茅台|600519.SH|2018-07-13|9383.67|9383.67|34.65|31.85|9.39|10.89|42.36|44.73|16.12|15.04|0.91|1.47|170.32|9470.2|8598.08|21.6|
|贵州茅台|600519.SH|2018-07-12|9264.96|9264.96|34.21|31.45|9.27|10.76|41.82|44.16|15.91|14.85|0.92|1.49|168.16|9351.49|8479.37|21.3|
|贵州茅台|600519.SH|2018-07-11|9039.35|9039.35|33.38|30.68|9.04|10.49|40.8|43.09|15.53|14.49|0.94|1.53|164.07|9125.87|8253.76|20.73|
|贵州茅台|600519.SH|2018-07-10|9116.98|9116.98|33.67|30.94|9.12|10.58|41.15|43.46|15.66|14.62|0.94|1.52|165.48|9203.51|8331.39|20.93|
|贵州茅台|600519.SH|2018-07-09|9135.57|9135.57|33.74|31.01|9.14|10.61|41.24|43.55|15.69|14.65|0.93|1.51|165.81|9222.1|8349.99|20.98|
|贵州茅台|600519.SH|2018-07-06|8970.76|8970.76|33.13|30.45|8.97|10.41|40.49|42.76|15.41|14.38|0.95|1.54|162.82|9057.29|8185.17|20.56|
|贵州茅台|600519.SH|2018-07-05|8823.41|8823.41|32.58|29.95|8.83|10.24|39.83|42.06|15.16|14.15|0.97|1.57|160.15|8909.93|8037.82|20.19|
|贵州茅台|600519.SH|2018-07-04|8679.2|8679.2|32.05|29.46|8.68|10.08|39.18|41.37|14.91|13.91|0.98|1.59|157.53|8765.72|7893.61|19.83|
|贵州茅台|600519.SH|2018-07-03|8729.57|8729.57|32.24|29.63|8.73|10.13|39.41|41.61|14.99|14|0.98|1.58|158.44|8816.1|7943.98|19.96|
|贵州茅台|600519.SH|2018-07-02|8938.48|8938.48|33.01|30.34|8.94|10.38|40.35|42.61|15.35|14.33|0.95|1.55|162.24|9025|8152.89|20.48|
|贵州茅台|600519.SH|2018-06-29|9188.58|9188.58|33.93|31.19|9.19|10.67|41.48|43.8|15.78|14.73|0.93|1.5|166.78|9275.11|8403|21.11|
|贵州茅台|600519.SH|2018-06-28|8930.69|8930.69|32.98|30.31|8.93|10.37|40.31|42.57|15.34|14.32|0.95|1.55|162.09|9017.21|8145.1|20.46|
|贵州茅台|600519.SH|2018-06-27|9075.28|9075.28|33.51|30.8|9.08|10.54|40.97|43.26|15.59|14.55|0.94|1.52|164.72|9161.8|8289.69|20.83|
|贵州茅台|600519.SH|2018-06-26|9481.78|9481.78|35.01|32.18|9.49|11.01|42.8|45.2|16.29|15.2|0.9|1.46|172.1|9568.31|8696.19|21.85|
|贵州茅台|600519.SH|2018-06-25|9616.95|9616.95|35.51|32.64|9.62|11.16|43.41|45.84|16.52|15.42|0.89|1.44|174.55|9703.47|8831.36|22.19|
|贵州茅台|600519.SH|2018-06-22|9629.13|9629.13|35.56|32.68|9.63|11.18|43.47|45.9|16.54|15.44|0.89|1.43|174.77|9715.66|8843.55|22.22|
|贵州茅台|600519.SH|2018-06-21|9538.56|9538.56|35.22|32.37|9.54|11.07|43.06|45.47|16.38|15.29|0.89|1.45|173.13|9625.09|8752.97|21.99|
|贵州茅台|600519.SH|2018-06-20|9592.2|9592.2|35.42|32.56|9.6|11.14|43.3|45.72|16.48|15.38|0.89|1.44|174.1|9678.73|8806.61|22.12|
|贵州茅台|600519.SH|2018-06-19|9270.74|9270.74|34.24|31.47|9.27|10.76|41.85|44.19|15.92|14.86|0.92|1.49|168.27|9357.27|8485.15|21.32|
|贵州茅台|600519.SH|2018-06-15|9714.55|9714.55|35.87|32.97|9.72|11.28|43.85|46.3|16.69|15.57|0.88|1.42|176.32|9801.08|8928.97|22.43|
|贵州茅台|600519.SH|2018-06-14|9875.35|9875.35|36.47|33.52|9.88|9.88|44.58|47.07|16.96|15.83|0.86|0.86|179.24|9961.87|9089.76|22.84|
|贵州茅台|600519.SH|2018-06-13|9928.11|9928.11|36.66|33.7|9.93|9.93|44.82|47.32|17.05|15.92|0.86|0.86|180.2|10014.63|9142.52|22.97|
|贵州茅台|600519.SH|2018-06-12|10039.41|10039.41|37.07|34.07|10.04|10.04|45.32|47.85|17.24|16.1|0.85|0.85|182.22|10125.93|9253.82|23.25|
|贵州茅台|600519.SH|2018-06-11|9744.7|9744.7|35.99|33.07|9.75|9.75|43.99|46.45|16.74|15.62|0.87|0.87|176.87|9831.23|8959.12|22.51|
|贵州茅台|600519.SH|2018-06-08|9772.59|9772.59|36.09|33.17|9.78|9.78|44.11|46.58|16.79|15.67|0.87|0.87|177.37|9859.12|8987|22.58|
|贵州茅台|600519.SH|2018-06-07|9810.53|9810.53|36.23|33.3|9.81|9.81|44.29|46.76|16.85|15.73|0.87|0.87|178.06|9897.05|9024.94|22.67|
|贵州茅台|600519.SH|2018-06-06|9870.57|9870.57|36.45|33.5|9.87|9.87|44.56|47.05|16.95|15.82|0.86|0.86|179.15|9957.1|9084.99|22.82|
|贵州茅台|600519.SH|2018-06-05|9899.47|9899.47|36.56|33.6|9.9|9.9|44.69|47.19|17|15.87|0.86|0.86|179.68|9985.99|9113.88|22.9|
|贵州茅台|600519.SH|2018-06-04|9823.09|9823.09|36.28|33.34|9.83|9.83|44.34|46.82|16.87|15.75|0.87|0.87|178.29|9909.62|9037.5|22.7|
|贵州茅台|600519.SH|2018-06-01|9360.06|9360.06|34.57|31.77|9.36|9.36|42.25|44.62|16.08|15.01|0.91|0.91|169.89|9446.58|8574.47|21.54|
|贵州茅台|600519.SH|2018-05-31|9435.68|9435.68|34.84|32.03|9.44|9.44|42.59|44.98|16.21|15.13|0.9|0.9|171.26|9522.2|8650.09|21.73|
|贵州茅台|600519.SH|2018-05-30|9118.36|9118.36|33.67|30.95|9.12|9.12|41.16|43.46|15.66|14.62|0.94|0.94|165.5|9204.89|8332.78|20.93|
|贵州茅台|600519.SH|2018-05-29|9188.21|9188.21|33.93|31.19|9.19|9.19|41.48|43.8|15.78|14.73|0.93|0.93|166.77|9274.73|8402.62|21.11|
|贵州茅台|600519.SH|2018-05-28|9300.89|9300.89|34.35|31.57|9.3|9.3|41.98|44.33|15.98|14.91|0.92|0.92|168.81|9387.41|8515.3|21.39|
|贵州茅台|600519.SH|2018-05-25|9005.18|9005.18|33.25|30.56|9.01|9.01|40.65|42.92|15.47|14.44|0.95|0.95|163.45|9091.71|8219.59|20.65|
|贵州茅台|600519.SH|2018-05-24|8986.84|8986.84|33.19|30.5|8.99|8.99|40.57|42.84|15.44|14.41|0.95|0.95|163.11|9073.37|8201.25|20.6|
|贵州茅台|600519.SH|2018-05-23|9092.11|9092.11|33.58|30.86|9.1|9.1|41.04|43.34|15.62|14.58|0.94|0.94|165.02|9178.63|8306.52|20.87|
|贵州茅台|600519.SH|2018-05-22|9290.46|9290.46|34.31|31.53|9.29|9.29|41.94|44.28|15.96|14.89|0.92|0.92|168.62|9376.99|8504.87|21.37|
|贵州茅台|600519.SH|2018-05-21|9230.79|9230.79|34.09|31.33|9.23|9.23|41.67|44|15.86|14.8|0.92|0.92|167.54|9317.32|8445.21|21.22|
|贵州茅台|600519.SH|2018-05-18|9287.32|9287.32|34.3|31.52|9.29|9.29|41.92|44.27|15.95|14.89|0.92|0.92|168.57|9373.85|8501.73|21.36|
|贵州茅台|600519.SH|2018-05-17|9137.33|9137.33|33.74|31.01|9.14|9.14|41.25|43.55|15.7|14.65|0.93|0.93|165.84|9223.86|8351.74|20.98|
|贵州茅台|600519.SH|2018-05-16|9227.02|9227.02|34.07|31.32|9.23|9.23|41.65|43.98|15.85|14.79|0.92|0.92|167.47|9313.55|8441.44|21.21|
|贵州茅台|600519.SH|2018-05-15|9334.3|9334.3|34.47|31.68|9.34|9.34|42.14|44.49|16.03|14.96|0.91|0.91|169.42|9420.83|8548.72|21.48|
|贵州茅台|600519.SH|2018-05-14|9326.14|9326.14|34.44|31.65|9.33|9.33|42.1|44.45|16.02|14.95|0.91|0.91|169.27|9412.66|8540.55|21.46|
|贵州茅台|600519.SH|2018-05-11|9019.75|9019.75|33.31|30.61|9.02|9.02|40.72|42.99|15.49|14.46|0.95|0.95|163.71|9106.28|8234.16|20.69|
|贵州茅台|600519.SH|2018-05-10|8971.64|8971.64|33.13|30.45|8.98|8.98|40.5|42.76|15.41|14.38|0.95|0.95|162.84|9058.17|8186.05|20.56|
|贵州茅台|600519.SH|2018-05-09|8817.88|8817.88|32.56|29.93|8.82|8.82|39.8|42.03|15.15|14.14|0.97|0.97|160.05|8904.41|8032.29|20.18|
|贵州茅台|600519.SH|2018-05-08|8904.31|8904.31|32.88|30.22|8.91|8.91|40.19|42.44|15.29|14.28|0.96|0.96|161.62|8990.83|8118.72|20.4|
|贵州茅台|600519.SH|2018-05-07|8770.4|8770.4|32.39|29.77|8.77|8.77|39.59|41.8|15.06|14.06|0.97|0.97|159.18|8856.92|7984.81|20.06|
|贵州茅台|600519.SH|2018-05-04|8326.96|8326.96|30.75|28.26|8.33|8.33|37.59|39.69|14.3|13.35|1.02|1.02|151.14|8413.48|7541.37|18.95|
|贵州茅台|600519.SH|2018-05-03|8427.58|8427.58|31.12|28.6|8.43|8.43|38.04|40.17|14.48|13.51|1.01|1.01|152.96|8514.11|7641.99|19.2|
|贵州茅台|600519.SH|2018-05-02|8389.27|8389.27|30.98|28.47|8.39|8.39|37.87|39.99|14.41|13.45|1.02|1.02|152.27|8475.79|7603.68|19.1|
|贵州茅台|600519.SH|2018-04-27|8322.69|8322.69|30.73|30.73|9.1|9.1|37.57|37.57|14.3|14.3|1.02|1.02|180.23|8427.31|7548.62|18.96|
|贵州茅台|600519.SH|2018-04-26|8519.91|8519.91|31.46|31.46|9.32|9.32|38.46|38.46|14.63|14.63|1|1|184.5|8624.54|7745.85|19.46|
|贵州茅台|600519.SH|2018-04-25|8679.95|8679.95|32.05|32.05|9.49|9.49|39.18|39.18|14.91|14.91|0.98|0.98|187.97|8784.58|7905.89|19.86|
|贵州茅台|600519.SH|2018-04-24|8666.26|8666.26|32|32|9.48|9.48|39.12|39.12|14.89|14.89|0.98|0.98|187.67|8770.88|7892.19|19.83|
|贵州茅台|600519.SH|2018-04-23|8466.9|8466.9|31.27|31.27|9.26|9.26|38.22|38.22|14.54|14.54|1.01|1.01|183.36|8571.52|7692.84|19.33|
|贵州茅台|600519.SH|2018-04-20|8419.79|8419.79|31.09|31.09|9.21|9.21|38.01|38.01|14.46|14.46|1.01|1.01|182.34|8524.42|7645.73|19.21|
|贵州茅台|600519.SH|2018-04-19|8541.64|8541.64|31.54|31.54|9.34|9.34|38.56|38.56|14.67|14.67|1|1|184.98|8646.27|7767.58|19.51|
|贵州茅台|600519.SH|2018-04-18|8236.14|8236.14|30.41|30.41|9.01|9.01|37.18|37.18|14.15|14.15|1.04|1.04|178.36|8340.76|7462.07|18.75|
|贵州茅台|600519.SH|2018-04-17|8368.79|8368.79|30.9|30.9|9.15|9.15|37.78|37.78|14.38|14.38|1.02|1.02|181.23|8473.42|7594.73|19.08|
|贵州茅台|600519.SH|2018-04-16|8559.48|8559.48|31.61|31.61|9.36|9.36|38.64|38.64|14.7|14.7|1|1|185.36|8664.11|7785.42|19.56|
|贵州茅台|600519.SH|2018-04-13|8628.32|8628.32|31.86|31.86|9.43|9.43|38.95|38.95|14.82|14.82|0.99|0.99|186.85|8732.95|7854.26|19.73|
|贵州茅台|600519.SH|2018-04-12|8720.53|8720.53|32.2|32.2|9.54|9.54|39.36|39.36|14.98|14.98|0.98|0.98|188.85|8825.15|7946.46|19.96|
|贵州茅台|600519.SH|2018-04-11|8860.72|8860.72|32.72|32.72|9.69|9.69|40|40|15.22|15.22|0.96|0.96|191.88|8965.34|8086.65|20.32|
|贵州茅台|600519.SH|2018-04-10|8894.13|8894.13|32.84|32.84|9.73|9.73|40.15|40.15|15.28|15.28|0.96|0.96|192.61|8998.76|8120.07|20.4|
|贵州茅台|600519.SH|2018-04-09|8772.03|8772.03|32.39|32.39|9.59|9.59|39.6|39.6|15.07|15.07|0.97|0.97|189.96|8876.66|7997.97|20.09|
|贵州茅台|600519.SH|2018-04-04|8718.14|8718.14|32.19|32.19|9.53|9.53|39.35|39.35|14.97|14.97|0.98|0.98|188.8|8822.76|7944.08|19.96|
|贵州茅台|600519.SH|2018-04-03|8515.89|8515.89|31.45|31.45|9.31|9.31|38.44|38.44|14.63|14.63|1|1|184.42|8620.52|7741.83|19.45|
|贵州茅台|600519.SH|2018-04-02|8542.9|8542.9|31.55|31.55|9.34|9.34|38.56|38.56|14.67|14.67|1|1|185|8647.52|7768.84|19.52|
|贵州茅台|600519.SH|2018-03-30|8587.62|8587.62|31.71|31.71|9.39|9.39|38.77|38.77|14.75|14.75|0.99|0.99|185.97|8692.25|7813.56|19.63|
|贵州茅台|600519.SH|2018-03-29|8656.46|8656.46|31.97|31.97|9.47|9.47|39.08|39.08|14.87|14.87|0.98|0.98|187.46|8761.09|7882.4|19.8|
|贵州茅台|600519.SH|2018-03-28|8567.9|8567.9|31.64|31.64|9.37|9.37|38.68|38.68|14.72|14.72|1|1|185.54|8672.52|7793.83|19.58|
|贵州茅台|600519.SH|2018-03-27|8978.55|8978.55|53.7|37.05|10.64|10.64|23.97|32.41|23.1|16.42|0.95|0.95|259.28|9097.53|8287.89|33.34|
|贵州茅台|600519.SH|2018-03-26|8962.85|8962.85|53.61|36.98|10.62|10.62|23.93|32.35|23.06|16.39|0.95|0.95|258.83|9081.83|8272.19|33.28|
|贵州茅台|600519.SH|2018-03-23|8932.32|8932.32|53.43|36.85|10.59|10.59|23.85|32.24|22.98|16.34|0.95|0.95|257.94|9051.31|8241.66|33.15|
|贵州茅台|600519.SH|2018-03-22|9121|9121|54.56|37.63|10.81|10.81|24.35|32.92|23.47|16.68|0.93|0.93|263.39|9239.99|8430.34|33.91|
|贵州茅台|600519.SH|2018-03-21|9320.99|9320.99|55.75|38.46|11.05|11.05|24.89|33.65|23.98|17.05|0.91|0.91|269.17|9439.97|8630.33|34.72|
|贵州茅台|600519.SH|2018-03-20|9392.97|9392.97|56.18|38.76|11.13|11.13|25.08|33.91|24.17|17.18|0.91|0.91|271.25|9511.95|8702.31|35.01|
|贵州茅台|600519.SH|2018-03-19|9465.2|9465.2|56.62|39.05|11.22|11.22|25.27|34.17|24.36|17.31|0.9|0.9|273.33|9584.19|8774.54|35.3|
|贵州茅台|600519.SH|2018-03-16|9293.98|9293.98|55.59|38.35|11.02|11.02|24.82|33.55|23.92|17|0.92|0.92|268.39|9412.97|8603.32|34.61|
|贵州茅台|600519.SH|2018-03-15|9377.14|9377.14|56.09|38.69|11.12|11.12|25.04|33.85|24.13|17.15|0.91|0.91|270.79|9496.13|8686.48|34.94|
|贵州茅台|600519.SH|2018-03-14|9131.05|9131.05|54.62|37.67|10.82|10.82|24.38|32.96|23.5|16.7|0.93|0.93|263.68|9250.04|8440.39|33.95|
|贵州茅台|600519.SH|2018-03-13|8923.4|8923.4|53.37|36.82|10.58|10.58|23.83|32.21|22.96|16.32|0.96|0.96|257.69|9042.39|8232.74|33.12|
|贵州茅台|600519.SH|2018-03-12|9094.24|9094.24|54.4|37.52|10.78|10.78|24.28|32.83|23.4|16.63|0.94|0.94|262.62|9213.23|8403.58|33.81|
|贵州茅台|600519.SH|2018-03-09|9147.63|9147.63|54.72|37.74|10.84|10.84|24.43|33.02|23.54|16.73|0.93|0.93|264.16|9266.62|8456.97|34.02|
|贵州茅台|600519.SH|2018-03-08|9079.3|9079.3|54.31|37.46|10.76|10.76|24.24|32.77|23.36|16.6|0.94|0.94|262.19|9198.28|8388.63|33.75|
|贵州茅台|600519.SH|2018-03-07|8919.51|8919.51|53.35|36.8|10.57|10.57|23.82|32.2|22.95|16.31|0.96|0.96|257.57|9038.49|8228.85|33.1|
|贵州茅台|600519.SH|2018-03-06|9022.77|9022.77|53.97|37.23|10.7|10.7|24.09|32.57|23.22|16.5|0.94|0.94|260.56|9141.75|8332.11|33.52|
|贵州茅台|600519.SH|2018-03-05|9046.01|9046.01|54.11|37.32|10.72|10.72|24.15|32.65|23.28|16.54|0.94|0.94|261.23|9164.99|8355.35|33.61|
|贵州茅台|600519.SH|2018-03-02|9250.77|9250.77|55.33|38.17|10.97|10.97|24.7|33.39|23.8|16.92|0.92|0.92|267.14|9369.75|8560.11|34.44|
|贵州茅台|600519.SH|2018-03-01|9320.61|9320.61|55.75|38.46|11.05|11.05|24.89|33.65|23.98|17.05|0.91|0.91|269.16|9439.6|8629.95|34.72|
|贵州茅台|600519.SH|2018-02-28|9115.22|9115.22|54.52|37.61|10.81|10.81|24.34|32.9|23.46|16.67|0.94|0.94|263.23|9234.21|8424.56|33.89|
|贵州茅台|600519.SH|2018-02-27|9270.49|9270.49|55.45|38.25|10.99|10.99|24.75|33.46|23.85|16.95|0.92|0.92|267.71|9389.48|8579.83|34.52|
|贵州茅台|600519.SH|2018-02-26|9339.96|9339.96|55.87|38.54|11.07|11.07|24.94|33.72|24.03|17.08|0.91|0.91|269.72|9458.94|8649.3|34.79|
|贵州茅台|600519.SH|2018-02-23|9327.02|9327.02|55.79|38.48|11.06|11.06|24.9|33.67|24|17.06|0.91|0.91|269.34|9446|8636.36|34.74|
|贵州茅台|600519.SH|2018-02-22|9326.64|9326.64|55.79|38.48|11.06|11.06|24.9|33.67|24|17.06|0.91|0.91|269.33|9445.63|8635.98|34.74|
|贵州茅台|600519.SH|2018-02-14|9025.15|9025.15|53.98|37.24|10.7|10.7|24.1|32.58|23.22|16.51|0.94|0.94|260.63|9144.14|8334.49|33.53|
|贵州茅台|600519.SH|2018-02-13|8943.88|8943.88|53.5|36.9|10.6|10.6|23.88|32.29|23.01|16.36|0.95|0.95|258.28|9062.86|8253.22|33.2|
|贵州茅台|600519.SH|2018-02-12|8761.73|8761.73|52.41|36.15|10.39|10.39|23.39|31.63|22.55|16.02|0.97|0.97|253.02|8880.71|8071.07|32.47|
|贵州茅台|600519.SH|2018-02-09|8585.23|8585.23|51.35|35.42|10.18|10.18|22.92|30.99|22.09|15.7|0.99|0.99|247.92|8704.22|7894.57|31.76|
|贵州茅台|600519.SH|2018-02-08|8805.82|8805.82|52.67|36.33|10.44|10.44|23.51|31.79|22.66|16.1|0.97|0.97|254.29|8924.81|8115.16|32.65|
|贵州茅台|600519.SH|2018-02-07|8585.23|8585.23|51.35|35.42|10.18|10.18|22.92|30.99|22.09|15.7|0.99|0.99|247.92|8704.22|7894.57|31.76|
|贵州茅台|600519.SH|2018-02-06|8904.68|8904.68|53.26|36.74|10.56|10.56|23.78|32.14|22.91|16.28|0.96|0.96|257.15|9023.67|8214.02|33.04|
|贵州茅台|600519.SH|2018-02-05|9022.39|9022.39|53.97|37.23|10.7|10.7|24.09|32.57|23.22|16.5|0.94|0.94|260.55|9141.38|8331.73|33.52|
|贵州茅台|600519.SH|2018-02-02|9300.89|9300.89|55.63|38.38|11.03|11.03|24.83|33.57|23.93|17.01|0.92|0.92|268.59|9419.87|8610.23|34.64|
|贵州茅台|600519.SH|2018-02-01|9518.59|9518.59|56.93|39.27|11.28|11.28|25.42|34.36|24.49|17.41|0.9|0.9|274.87|9637.57|8827.93|35.51|
|贵州茅台|600519.SH|2018-01-31|9604.13|9604.13|57.45|39.63|11.39|11.39|25.64|34.67|24.71|17.56|0.89|0.89|277.35|9723.12|8913.47|35.86|
|贵州茅台|600519.SH|2018-01-30|9321.99|9321.99|55.76|38.46|11.05|11.05|24.89|33.65|23.99|17.05|0.91|0.91|269.2|9440.98|8631.33|34.72|
|贵州茅台|600519.SH|2018-01-29|9249.64|9249.64|55.33|38.16|10.96|10.96|24.7|33.39|23.8|16.92|0.92|0.92|267.11|9368.62|8558.98|34.43|
|贵州茅台|600519.SH|2018-01-26|9763.42|9763.42|58.4|40.28|11.57|11.57|26.07|35.24|25.12|17.86|0.87|0.87|281.94|9882.41|9072.76|36.5|
|贵州茅台|600519.SH|2018-01-25|9662.17|9662.17|57.79|39.87|11.45|11.45|25.8|34.88|24.86|17.67|0.88|0.88|279.02|9781.16|8971.51|36.09|
|贵州茅台|600519.SH|2018-01-24|9603.13|9603.13|57.44|39.62|11.38|11.38|25.64|34.66|24.71|17.56|0.89|0.89|277.32|9722.12|8912.47|35.85|
|贵州茅台|600519.SH|2018-01-23|9720.21|9720.21|58.14|40.11|11.52|11.52|25.95|35.09|25.01|17.78|0.88|0.88|280.7|9839.19|9029.55|36.32|
|贵州茅台|600519.SH|2018-01-22|9718.45|9718.45|58.13|40.1|11.52|11.52|25.95|35.08|25.01|17.77|0.88|0.88|280.65|9837.44|9027.79|36.32|
|贵州茅台|600519.SH|2018-01-19|9423.74|9423.74|56.37|38.88|11.17|11.17|25.16|34.02|24.25|17.23|0.9|0.9|272.14|9542.73|8733.08|35.13|
|贵州茅台|600519.SH|2018-01-18|9430.78|9430.78|56.41|38.91|11.18|11.18|25.18|34.04|24.27|17.25|0.9|0.9|272.34|9549.77|8740.12|35.16|
|贵州茅台|600519.SH|2018-01-17|9395.48|9395.48|56.2|38.77|11.14|11.14|25.09|33.92|24.18|17.18|0.91|0.91|271.32|9514.47|8704.82|35.02|
|贵州茅台|600519.SH|2018-01-16|9709.66|9709.66|58.08|40.06|11.51|11.51|25.93|35.05|24.98|17.76|0.88|0.88|280.39|9828.64|9018.99|36.28|
|贵州茅台|600519.SH|2018-01-15|9865.8|9865.8|59.01|40.71|11.7|11.7|26.34|35.61|25.39|18.04|0.86|0.86|284.9|9984.79|9175.14|36.91|
|贵州茅台|600519.SH|2018-01-12|9904.11|9904.11|59.24|40.86|11.74|11.74|26.45|35.75|25.49|18.11|0.86|0.86|286.01|10023.1|9213.45|37.06|
|贵州茅台|600519.SH|2018-01-11|9733.15|9733.15|58.22|40.16|11.54|11.54|25.99|35.13|25.05|17.8|0.88|0.88|281.07|9852.13|9042.49|36.38|
|贵州茅台|600519.SH|2018-01-10|9870.07|9870.07|59.04|40.72|11.7|11.7|26.35|35.63|25.4|18.05|0.86|0.86|285.02|9989.06|9179.41|36.93|
|贵州茅台|600519.SH|2018-01-09|9830|9830|58.8|40.56|11.65|11.65|26.25|35.48|25.29|17.98|0.87|0.87|283.87|9948.99|9139.34|36.77|
|贵州茅台|600519.SH|2018-01-08|9448.24|9448.24|56.51|38.98|11.2|11.2|25.23|34.11|24.31|17.28|0.9|0.9|272.84|9567.23|8757.58|35.23|
|贵州茅台|600519.SH|2018-01-05|9275.26|9275.26|55.48|38.27|11|11|24.77|33.48|23.87|16.96|0.92|0.92|267.85|9394.25|8584.6|34.53|
|贵州茅台|600519.SH|2018-01-04|9259.06|9259.06|55.38|38.2|10.98|10.98|24.72|33.42|23.83|16.93|0.92|0.92|267.38|9378.04|8568.4|34.47|
|贵州茅台|600519.SH|2018-01-03|8992.62|8992.62|53.79|37.1|10.66|10.66|24.01|32.46|23.14|16.45|0.95|0.95|259.69|9111.6|8301.96|33.4|
|贵州茅台|600519.SH|2018-01-02|8841.75|8841.75|52.89|36.48|10.48|10.48|23.61|31.92|22.75|16.17|0.96|0.96|255.33|8960.73|8151.09|32.79|
|贵州茅台|600519.SH|2017-12-29|8761.85|8761.85|52.41|36.15|10.39|10.39|23.4|31.63|22.55|16.02|0.88|0.97|253.02|8880.84|8071.19|32.47|
|贵州茅台|600519.SH|2017-12-28|9028.17|9028.17|54|37.25|10.7|10.7|24.11|32.59|23.23|16.51|0.86|0.94|260.71|9147.15|8337.51|33.54|
|贵州茅台|600519.SH|2017-12-27|8343.41|8343.41|49.91|34.42|9.89|9.89|22.28|30.12|21.47|15.26|0.93|1.02|240.94|8462.4|7652.75|30.79|
|贵州茅台|600519.SH|2017-12-26|8552.32|8552.32|51.16|35.29|10.14|10.14|22.84|30.87|22.01|15.64|0.91|1|246.97|8671.31|7861.66|31.63|
|贵州茅台|600519.SH|2017-12-25|8644.15|8644.15|51.7|35.67|10.25|10.25|23.08|31.2|22.24|15.81|0.9|0.99|249.62|8763.13|7953.49|32|
|贵州茅台|600519.SH|2017-12-22|8578.83|8578.83|51.31|35.4|10.17|10.17|22.91|30.97|22.07|15.69|0.9|0.99|247.74|8697.81|7888.17|31.73|
|贵州茅台|600519.SH|2017-12-21|8564|8564|51.23|35.34|10.15|10.15|22.87|30.91|22.04|15.66|0.91|1|247.31|8682.99|7873.34|31.67|
|贵州茅台|600519.SH|2017-12-20|8603.82|8603.82|51.46|35.5|10.2|10.2|22.97|31.06|22.14|15.73|0.9|0.99|248.46|8722.81|7913.16|31.83|
|贵州茅台|600519.SH|2017-12-19|8379.97|8379.97|50.12|34.58|9.93|9.93|22.38|30.25|21.56|15.33|0.93|1.02|241.99|8498.96|7689.31|30.93|
|贵州茅台|600519.SH|2017-12-18|8363.39|8363.39|50.03|34.51|9.91|9.91|22.33|30.19|21.52|15.29|0.93|1.02|241.52|8482.37|7672.73|30.87|
|贵州茅台|600519.SH|2017-12-15|8212.9|8212.9|49.12|33.89|9.74|9.74|21.93|29.65|21.13|15.02|0.94|1.04|237.17|8331.88|7522.24|30.26|
|贵州茅台|600519.SH|2017-12-14|8348.06|8348.06|49.93|34.44|9.9|9.9|22.29|30.13|21.48|15.27|0.93|1.02|241.07|8467.05|7657.4|30.8|
|贵州茅台|600519.SH|2017-12-13|8394.04|8394.04|50.21|34.63|9.95|9.95|22.41|30.3|21.6|15.35|0.92|1.02|242.4|8513.03|7703.38|30.99|
|贵州茅台|600519.SH|2017-12-12|8181.87|8181.87|48.94|33.76|9.7|9.7|21.85|29.53|21.05|14.96|0.95|1.04|236.27|8300.85|7491.21|30.14|
|贵州茅台|600519.SH|2017-12-11|8177.72|8177.72|48.91|33.74|9.69|9.69|21.84|29.52|21.04|14.96|0.95|1.04|236.15|8296.71|7487.06|30.12|
|贵州茅台|600519.SH|2017-12-08|7879.88|7879.88|47.13|32.51|9.34|9.34|21.04|28.44|20.28|14.41|0.98|1.08|227.55|7998.86|7189.22|28.92|
|贵州茅台|600519.SH|2017-12-07|7746.85|7746.85|46.34|31.96|9.18|9.18|20.69|27.96|19.93|14.17|1|1.1|223.71|7865.83|7056.19|28.39|
|贵州茅台|600519.SH|2017-12-06|7851.36|7851.36|46.96|32.39|9.31|9.31|20.96|28.34|20.2|14.36|0.99|1.09|226.73|7970.35|7160.7|28.81|
|贵州茅台|600519.SH|2017-12-05|7951.23|7951.23|47.56|32.81|9.43|9.43|21.23|28.7|20.46|14.54|0.97|1.07|229.61|8070.22|7260.57|29.21|
|贵州茅台|600519.SH|2017-12-04|8011.9|8011.9|47.92|33.06|9.5|9.5|21.39|28.92|20.62|14.65|0.97|1.06|231.37|8130.89|7321.24|29.45|
|贵州茅台|600519.SH|2017-12-01|7817.95|7817.95|46.76|32.26|9.27|9.27|20.88|28.22|20.12|14.3|0.99|1.09|225.76|7936.93|7127.29|28.67|
|贵州茅台|600519.SH|2017-11-30|7926.61|7926.61|47.41|32.71|9.4|9.4|21.17|28.61|20.4|14.5|0.98|1.08|228.9|8045.59|7235.95|29.11|
|贵州茅台|600519.SH|2017-11-29|8016.05|8016.05|47.95|33.07|9.5|9.5|21.4|28.94|20.63|14.66|0.97|1.06|231.48|8135.04|7325.39|29.47|
|贵州茅台|600519.SH|2017-11-28|8143.05|8143.05|48.71|33.6|9.65|9.65|21.74|29.39|20.95|14.89|0.95|1.05|235.15|8262.04|7452.39|29.98|
|贵州茅台|600519.SH|2017-11-27|7804.63|7804.63|46.68|32.2|9.25|9.25|20.84|28.17|20.08|14.27|0.99|1.09|225.38|7923.62|7113.97|28.62|
|贵州茅台|600519.SH|2017-11-24|7914.55|7914.55|47.34|32.66|9.38|9.38|21.13|28.57|20.37|14.47|0.98|1.08|228.55|8033.54|7223.89|29.06|
|贵州茅台|600519.SH|2017-11-23|7960.9|7960.9|47.62|32.85|9.44|9.44|21.26|28.74|20.48|14.56|0.97|1.07|229.89|8079.89|7270.24|29.25|
|贵州茅台|600519.SH|2017-11-22|8171.82|8171.82|48.88|33.72|9.69|9.69|21.82|29.5|21.03|14.94|0.95|1.04|235.98|8290.8|7481.16|30.1|
|贵州茅台|600519.SH|2017-11-21|8507.6|8507.6|50.89|35.1|10.09|10.09|22.72|30.71|21.89|15.56|0.91|1|245.68|8626.59|7816.94|31.45|
|贵州茅台|600519.SH|2017-11-20|8531.47|8531.47|51.03|35.2|10.11|10.11|22.78|30.8|21.95|15.6|0.91|1|246.37|8650.45|7840.81|31.54|
|贵州茅台|600519.SH|2017-11-17|8670.91|8670.91|51.86|35.78|10.28|10.28|23.15|31.3|22.31|15.86|0.89|0.98|250.4|8789.89|7980.25|32.1|
|贵州茅台|600519.SH|2017-11-16|9033.44|9033.44|54.03|37.27|10.71|10.71|24.12|32.61|23.24|16.52|0.86|0.94|260.86|9152.43|8342.78|33.56|
|贵州茅台|600519.SH|2017-11-15|8643.65|8643.65|51.7|35.66|10.25|10.25|23.08|31.2|22.24|15.81|0.9|0.99|249.61|8762.63|7952.99|31.99|
|贵州茅台|600519.SH|2017-11-14|8526.44|8526.44|51|35.18|10.11|10.11|22.77|30.78|21.94|15.59|0.91|1|246.22|8645.43|7835.78|31.52|
|贵州茅台|600519.SH|2017-11-13|8641.13|8641.13|51.69|35.65|10.24|10.24|23.07|31.19|22.24|15.8|0.9|0.99|249.54|8760.12|7950.47|31.98|
|贵州茅台|600519.SH|2017-11-10|8516.39|8516.39|50.94|35.14|10.1|10.1|22.74|30.74|21.91|15.57|0.91|1|245.93|8635.38|7825.73|31.48|
|贵州茅台|600519.SH|2017-11-09|8166.17|8166.17|48.85|33.69|9.68|9.68|21.8|29.48|21.01|14.93|0.95|1.04|235.82|8285.15|7475.5|30.07|
|贵州茅台|600519.SH|2017-11-08|8170.06|8170.06|48.87|33.71|9.69|9.69|21.82|29.49|21.02|14.94|0.95|1.04|235.93|8289.05|7479.4|30.09|
|贵州茅台|600519.SH|2017-11-07|8065.67|8065.67|48.24|33.28|9.56|9.56|21.54|29.12|20.75|14.75|0.96|1.06|232.92|8184.66|7375.01|29.67|
|贵州茅台|600519.SH|2017-11-06|8203.73|8203.73|49.07|33.85|9.73|9.73|21.91|29.61|21.11|15|0.94|1.04|236.9|8322.71|7513.07|30.22|
|贵州茅台|600519.SH|2017-11-03|8029.24|8029.24|48.03|33.13|9.52|9.52|21.44|28.98|20.66|14.68|0.97|1.06|231.87|8148.23|7338.58|29.52|
|贵州茅台|600519.SH|2017-11-02|7875.36|7875.36|47.11|32.49|9.34|9.34|21.03|28.43|20.26|14.4|0.98|1.08|227.42|7994.34|7184.69|28.9|
|贵州茅台|600519.SH|2017-11-01|7826.24|7826.24|46.81|32.29|9.28|9.28|20.9|28.25|20.14|14.31|0.99|1.09|226|7945.22|7135.58|28.71|
|贵州茅台|600519.SH|2017-10-31|7763.68|7763.68|46.44|32.03|9.2|9.2|20.73|28.02|19.98|14.2|1|1.1|224.2|7882.67|7073.02|28.45|
|贵州茅台|600519.SH|2017-10-30|7814.56|7814.56|46.74|32.24|9.26|9.26|20.87|28.21|20.11|14.29|0.99|1.09|225.67|7933.54|7123.89|28.66|
|贵州茅台|600519.SH|2017-10-27|8160.64|8160.64|48.81|33.67|9.67|9.67|21.79|29.46|21|14.92|0.95|1.04|235.66|8279.62|7469.98|30.05|
|贵州茅台|600519.SH|2017-10-26|7601.13|7601.13|45.47|31.36|9.01|9.01|20.3|27.44|19.56|13.9|1.02|1.12|219.5|7720.11|6910.47|27.8|
|贵州茅台|600519.SH|2017-10-25|7105.93|7105.93|42.5|37.07|9.4|9.4|18.97|23.08|18.29|15.83|1.09|1.2|765.23|7193.83|6457.47|25.98|
|贵州茅台|600519.SH|2017-10-24|7126.79|7126.79|42.63|37.18|9.42|9.42|19.03|23.15|18.34|15.88|1.09|1.2|767.48|7214.68|6478.33|26.06|
|贵州茅台|600519.SH|2017-10-23|7203.16|7203.16|43.09|37.58|9.53|9.53|19.23|23.4|18.54|16.05|1.08|1.18|775.7|7291.06|6554.7|26.37|
|贵州茅台|600519.SH|2017-10-20|7214.72|7214.72|43.15|37.64|9.54|9.54|19.26|23.44|18.56|16.08|1.07|1.18|776.94|7302.61|6566.26|26.41|
|贵州茅台|600519.SH|2017-10-19|7318.61|7318.61|43.78|38.18|9.68|9.68|19.54|23.78|18.83|16.31|1.06|1.17|788.13|7406.5|6670.15|26.83|
|贵州茅台|600519.SH|2017-10-18|7043.75|7043.75|42.13|36.75|9.31|9.31|18.81|22.88|18.12|15.7|1.1|1.21|758.53|7131.64|6395.29|25.73|
|贵州茅台|600519.SH|2017-10-17|6993.63|6993.63|41.83|36.49|9.25|9.25|18.67|22.72|18|15.58|1.11|1.22|753.14|7081.52|6345.17|25.53|
|贵州茅台|600519.SH|2017-10-16|7043.38|7043.38|42.13|36.75|9.31|9.31|18.81|22.88|18.12|15.69|1.1|1.21|758.49|7131.27|6394.91|25.73|
|贵州茅台|600519.SH|2017-10-13|6986.34|6986.34|41.79|36.45|9.24|9.24|18.65|22.7|17.98|15.57|1.11|1.22|752.35|7074.24|6337.88|25.5|
|贵州茅台|600519.SH|2017-10-12|6834.85|6834.85|40.88|35.66|9.04|9.04|18.25|22.2|17.59|15.23|1.13|1.25|736.04|6922.74|6186.38|24.89|
|贵州茅台|600519.SH|2017-10-11|6853.06|6853.06|40.99|35.76|9.06|9.06|18.3|22.26|17.63|15.27|1.13|1.24|738|6940.95|6204.6|24.96|
|贵州茅台|600519.SH|2017-10-10|6784.22|6784.22|40.58|35.4|8.97|8.97|18.11|22.04|17.46|15.12|1.14|1.26|730.58|6872.11|6135.76|24.68|
|贵州茅台|600519.SH|2017-10-09|6629.84|6629.84|39.66|34.59|8.77|8.77|17.7|21.54|17.06|14.77|1.17|1.29|713.96|6717.73|5981.37|24.06|
|贵州茅台|600519.SH|2017-09-29|6502.58|6502.58|38.89|33.93|8.6|8.6|17.36|21.12|16.73|14.49|1.19|1.31|700.26|6590.47|5854.12|23.55|
|贵州茅台|600519.SH|2017-09-28|6512.88|6512.88|38.96|33.98|8.61|8.61|17.39|21.16|16.76|14.51|1.19|1.31|701.36|6600.77|5864.42|23.59|
|贵州茅台|600519.SH|2017-09-27|6384.12|6384.12|38.19|33.31|8.44|8.44|17.05|20.74|16.43|14.23|1.21|1.34|687.5|6472.01|5735.66|23.07|
|贵州茅台|600519.SH|2017-09-26|6397.69|6397.69|38.27|33.38|8.46|8.46|17.08|20.78|16.46|14.26|1.21|1.33|688.96|6485.58|5749.23|23.13|
|贵州茅台|600519.SH|2017-09-25|6371.94|6371.94|38.11|33.24|8.43|8.43|17.01|20.7|16.4|14.2|1.22|1.34|686.19|6459.83|5723.48|23.02|
|贵州茅台|600519.SH|2017-09-22|6280.11|6280.11|37.56|32.77|8.3|8.3|16.77|20.4|16.16|13.99|1.23|1.36|676.3|6368|5631.65|22.66|
|贵州茅台|600519.SH|2017-09-21|6265.54|6265.54|37.48|32.69|8.29|8.29|16.73|20.35|16.12|13.96|1.24|1.36|674.73|6353.43|5617.08|22.6|
|贵州茅台|600519.SH|2017-09-20|6233.25|6233.25|37.28|32.52|8.24|8.24|16.64|20.25|16.04|13.89|1.24|1.37|671.25|6321.15|5584.79|22.47|
|贵州茅台|600519.SH|2017-09-19|6242.67|6242.67|37.34|32.57|8.26|8.26|16.67|20.28|16.06|13.91|1.24|1.37|672.27|6330.57|5594.21|22.5|
|贵州茅台|600519.SH|2017-09-18|6268.05|6268.05|37.49|32.7|8.29|8.29|16.74|20.36|16.13|13.97|1.24|1.36|675|6355.94|5619.59|22.61|
|贵州茅台|600519.SH|2017-09-15|6153.36|6153.36|36.81|32.1|8.14|8.14|16.43|19.99|15.83|13.71|1.26|1.39|662.65|6241.25|5504.9|22.15|
|贵州茅台|600519.SH|2017-09-14|6164.29|6164.29|36.87|32.16|8.15|8.15|16.46|20.03|15.86|13.74|1.26|1.38|663.82|6252.18|5515.83|22.19|
|贵州茅台|600519.SH|2017-09-13|6175.85|6175.85|36.94|32.22|8.17|8.17|16.49|20.06|15.89|13.76|1.26|1.38|665.07|6263.74|5527.38|22.24|
|贵州茅台|600519.SH|2017-09-12|6091.43|6091.43|36.44|31.78|8.05|8.05|16.27|19.79|15.67|13.57|1.27|1.4|655.98|6179.32|5442.97|21.9|
|贵州茅台|600519.SH|2017-09-11|6008.65|6008.65|35.94|31.35|7.95|7.95|16.04|19.52|15.46|13.39|1.29|1.42|647.06|6096.54|5360.18|21.56|
|贵州茅台|600519.SH|2017-09-08|5959.03|5959.03|35.64|31.09|7.88|7.88|15.91|19.36|15.33|13.28|1.3|1.43|641.72|6046.92|5310.56|21.36|
|贵州茅台|600519.SH|2017-09-07|6045.7|6045.7|36.16|31.54|7.99|7.99|16.14|19.64|15.56|13.47|1.28|1.41|651.05|6133.59|5397.24|21.71|
|贵州茅台|600519.SH|2017-09-06|6092.31|6092.31|36.44|31.79|8.06|8.06|16.27|19.79|15.68|13.57|1.27|1.4|656.07|6180.2|5443.85|21.9|
|贵州茅台|600519.SH|2017-09-05|6155.24|6155.24|36.82|32.11|8.14|8.14|16.44|20|15.84|13.72|1.26|1.39|662.85|6243.14|5506.78|22.15|
|贵州茅台|600519.SH|2017-09-04|6185.77|6185.77|37|32.27|8.18|8.18|16.52|20.09|15.92|13.78|1.25|1.38|666.14|6273.66|5537.31|22.28|
|贵州茅台|600519.SH|2017-09-01|6220.44|6220.44|37.21|32.45|8.23|8.23|16.61|20.21|16.01|13.86|1.25|1.37|669.87|6308.33|5571.98|22.42|
|贵州茅台|600519.SH|2017-08-31|6169.82|6169.82|36.9|32.19|8.16|8.16|16.47|20.04|15.88|13.75|1.26|1.38|664.42|6257.71|5521.35|22.21|
|贵州茅台|600519.SH|2017-08-30|6192.68|6192.68|37.04|32.31|8.19|8.19|16.54|20.12|15.94|13.8|1.25|1.38|666.88|6280.57|5544.22|22.3|
|贵州茅台|600519.SH|2017-08-29|6148.33|6148.33|36.78|32.08|8.13|8.13|16.42|19.97|15.82|13.7|1.26|1.39|662.11|6236.23|5499.87|22.13|
|贵州茅台|600519.SH|2017-08-28|6181|6181|36.97|32.25|8.17|8.17|16.5|20.08|15.9|13.77|1.25|1.38|665.62|6268.89|5532.53|22.26|
|贵州茅台|600519.SH|2017-08-25|6192.93|6192.93|37.04|32.31|8.19|8.19|16.54|20.12|15.94|13.8|1.25|1.38|666.91|6280.82|5544.47|22.3|
|贵州茅台|600519.SH|2017-08-24|6190.67|6190.67|37.03|32.3|8.19|8.19|16.53|20.11|15.93|13.79|1.25|1.38|666.67|6278.56|5542.21|22.3|
|贵州茅台|600519.SH|2017-08-23|6205.74|6205.74|37.12|32.38|8.21|8.21|16.57|20.16|15.97|13.83|1.25|1.37|668.29|6293.63|5557.28|22.36|
|贵州茅台|600519.SH|2017-08-22|6120.45|6120.45|36.61|31.93|8.09|8.09|16.34|19.88|15.75|13.64|1.27|1.39|659.1|6208.34|5471.99|22.01|
|贵州茅台|600519.SH|2017-08-21|6151.98|6151.98|36.8|32.1|8.14|8.14|16.43|19.99|15.83|13.71|1.26|1.39|662.5|6239.87|5503.52|22.14|
|贵州茅台|600519.SH|2017-08-18|6150.97|6150.97|36.79|32.09|8.13|8.13|16.42|19.98|15.83|13.71|1.26|1.39|662.39|6238.86|5502.51|22.14|
|贵州茅台|600519.SH|2017-08-17|6189.16|6189.16|37.02|32.29|8.18|8.18|16.53|20.11|15.93|13.79|1.25|1.38|666.5|6277.05|5540.7|22.29|
|贵州茅台|600519.SH|2017-08-16|6236.9|6236.9|37.31|32.54|8.25|8.25|16.65|20.26|16.05|13.9|1.24|1.37|671.64|6324.79|5588.43|22.48|
|贵州茅台|600519.SH|2017-08-15|6230.36|6230.36|37.27|32.51|8.24|8.24|16.64|20.24|16.03|13.88|1.24|1.37|670.94|6318.26|5581.9|22.46|
|贵州茅台|600519.SH|2017-08-14|6278.85|6278.85|37.56|32.76|8.3|8.3|16.77|20.4|16.16|13.99|1.23|1.36|676.16|6366.75|5630.39|22.65|
|贵州茅台|600519.SH|2017-08-11|6080.75|6080.75|36.37|31.73|8.04|8.04|16.24|19.75|15.65|13.55|1.27|1.4|654.83|6168.64|5432.29|21.85|
|贵州茅台|600519.SH|2017-08-10|6175.85|6175.85|36.94|32.22|8.17|8.17|16.49|20.06|15.89|13.76|1.26|1.38|665.07|6263.74|5527.38|22.24|
|贵州茅台|600519.SH|2017-08-09|6166.05|6166.05|36.88|32.17|8.15|8.15|16.46|20.03|15.87|13.74|1.26|1.38|664.01|6253.94|5517.59|22.2|
|贵州茅台|600519.SH|2017-08-08|6062.16|6062.16|36.26|31.63|8.02|8.02|16.19|19.69|15.6|13.51|1.28|1.41|652.83|6150.05|5413.7|21.78|
|贵州茅台|600519.SH|2017-08-07|6049.35|6049.35|36.18|31.56|8|8|16.15|19.65|15.57|13.48|1.28|1.41|651.45|6137.24|5400.88|21.73|
|贵州茅台|600519.SH|2017-08-04|5949.86|5949.86|35.59|31.04|7.87|7.87|15.89|19.33|15.31|13.26|1.3|1.43|640.73|6037.75|5301.39|21.33|
|贵州茅台|600519.SH|2017-08-03|5994.83|5994.83|35.86|31.28|7.93|7.93|16.01|19.47|15.43|13.36|1.29|1.42|645.58|6082.72|5346.37|21.51|
|贵州茅台|600519.SH|2017-08-02|6065.43|6065.43|36.28|31.65|8.02|8.02|16.2|19.7|15.61|13.52|1.28|1.41|653.18|6153.32|5416.96|21.79|
|贵州茅台|600519.SH|2017-08-01|6032.76|6032.76|36.08|31.48|7.98|7.98|16.11|19.6|15.52|13.44|1.28|1.41|649.66|6120.66|5384.3|21.66|
|贵州茅台|600519.SH|2017-07-31|6045.08|6045.08|36.16|31.54|7.99|7.99|16.14|19.64|15.56|13.47|1.28|1.41|650.99|6132.97|5396.61|21.71|
|贵州茅台|600519.SH|2017-07-28|6078.99|6078.99|36.36|31.72|8.04|8.04|16.23|19.75|15.64|13.55|1.28|1.4|654.64|6166.88|5430.53|21.85|
|贵州茅台|600519.SH|2017-07-27|5952.74|5952.74|35.61|33.16|7.53|8.44|15.89|16.48|15.32|14.11|1.3|1.43|-3697.82|6058.2|5331.12|21.45|
|贵州茅台|600519.SH|2017-07-26|5924.61|5924.61|35.44|33|7.5|8.4|15.82|16.4|15.25|14.05|1.31|1.44|-3680.34|6030.06|5302.98|21.33|
|贵州茅台|600519.SH|2017-07-25|6004.12|6004.12|35.91|33.45|7.6|8.52|16.03|16.62|15.45|14.23|1.29|1.42|-3729.74|6109.58|5382.49|21.65|
|贵州茅台|600519.SH|2017-07-24|6002.11|6002.11|35.9|33.43|7.6|8.51|16.03|16.62|15.44|14.23|1.29|1.42|-3728.49|6107.57|5380.48|21.64|
|贵州茅台|600519.SH|2017-07-21|5944.33|5944.33|35.56|33.11|7.52|8.43|15.87|16.46|15.3|14.09|1.3|1.43|-3692.59|6049.78|5322.7|21.41|
|贵州茅台|600519.SH|2017-07-20|5859.79|5859.79|35.05|32.64|7.42|8.31|15.65|16.22|15.08|13.89|1.32|1.46|-3640.07|5965.24|5238.16|21.07|
|贵州茅台|600519.SH|2017-07-19|5739.07|5739.07|34.33|31.97|7.26|8.14|15.32|15.89|14.77|13.61|1.35|1.49|-3565.08|5844.52|5117.44|20.59|
|贵州茅台|600519.SH|2017-07-18|5684.92|5684.92|34|31.67|7.19|8.06|15.18|15.74|14.63|13.48|1.36|1.5|-3531.45|5790.38|5063.29|20.37|
|贵州茅台|600519.SH|2017-07-17|5653.77|5653.77|33.82|31.49|7.16|8.02|15.1|15.65|14.55|13.4|1.37|1.51|-3512.1|5759.22|5032.14|20.24|
|贵州茅台|600519.SH|2017-07-14|5733.41|5733.41|34.29|31.94|7.26|8.13|15.31|15.87|14.75|13.59|1.35|1.49|-3561.57|5838.87|5111.78|20.56|
|贵州茅台|600519.SH|2017-07-13|5730.27|5730.27|34.28|31.92|7.25|8.13|15.3|15.86|14.75|13.58|1.35|1.49|-3559.62|5835.73|5108.64|20.55|
|贵州茅台|600519.SH|2017-07-12|5746.73|5746.73|34.37|32.01|7.27|8.15|15.34|15.91|14.79|13.62|1.35|1.48|-3569.84|5852.18|5125.1|20.62|
|贵州茅台|600519.SH|2017-07-11|5817.83|5817.83|34.8|32.41|7.36|8.25|15.53|16.11|14.97|13.79|1.33|1.47|-3614.01|5923.28|5196.2|20.9|
|贵州茅台|600519.SH|2017-07-10|5709.04|5709.04|34.15|31.8|7.22|8.1|15.24|15.8|14.69|13.53|1.36|1.49|-3546.43|5814.5|5087.41|20.47|
|贵州茅台|600519.SH|2017-07-07|5602.27|5602.27|33.51|31.21|7.09|7.95|14.96|15.51|14.42|13.28|1.38|1.52|-3480.1|5707.72|4980.64|20.04|
|贵州茅台|600519.SH|2017-07-06|5728.01|5728.01|34.26|31.91|7.25|7.25|15.29|15.86|14.74|13.58|1.35||-3558.22|5833.47|5106.38|20.54|
|贵州茅台|600519.SH|2017-07-05|5780.14|5780.14|34.57|32.2|7.32|7.32|15.43|16|14.87|13.7|1.34||-3590.6|5885.6|5158.51|20.75|
|贵州茅台|600519.SH|2017-07-04|5677.01|5677.01|33.96|31.62|7.18|7.18|15.16|15.72|14.61|13.46|1.37||-3526.53|5782.46|5055.38|20.34|
|贵州茅台|600519.SH|2017-07-03|5783.16|5783.16|34.59|32.21|7.32|7.32|15.44|16.01|14.88|13.71|1.34||-3592.47|5888.61|5161.53|20.76|
|贵州茅台|600519.SH|2017-06-30|5927.37|5927.37|35.45|33.02|7.5|7.5|15.83|16.41|15.25|14.05|1.31|1.31|-3682.06|6032.82|5305.74|21.34|
|贵州茅台|600519.SH|2017-06-29|5941.94|5941.94|35.54|33.1|7.52|7.52|15.87|16.45|15.29|14.09|1.3|1.3|-3691.11|6047.4|5320.31|21.4|
|贵州茅台|600519.SH|2017-06-28|5970.71|5970.71|35.71|33.26|7.56|7.56|15.94|16.53|15.36|14.15|1.3|1.3|-3708.98|6076.16|5349.08|21.52|
|贵州茅台|600519.SH|2017-06-27|6081.25|6081.25|36.37|33.87|7.7|7.7|16.24|16.83|15.65|14.42|1.27|1.27|-3777.65|6186.71|5459.62|21.96|
|贵州茅台|600519.SH|2017-06-26|6088.54|6088.54|36.42|33.92|7.71|7.71|16.26|16.85|15.67|14.43|1.27|1.27|-3782.18|6193.99|5466.91|21.99|
|贵州茅台|600519.SH|2017-06-23|5938.42|5938.42|35.52|33.08|7.52|7.52|15.86|16.44|15.28|14.08|1.31|1.31|-3688.92|6043.88|5316.79|21.39|
|贵州茅台|600519.SH|2017-06-22|5938.68|5938.68|35.52|33.08|7.52|7.52|15.86|16.44|15.28|14.08|1.31|1.31|-3689.08|6044.13|5317.05|21.39|
|贵州茅台|600519.SH|2017-06-21|5938.17|5938.17|35.52|33.08|7.51|7.51|15.86|16.44|15.28|14.08|1.31|1.31|-3688.77|6043.63|5316.54|21.39|
|贵州茅台|600519.SH|2017-06-20|5857.65|5857.65|35.04|32.63|7.41|7.41|15.64|16.22|15.07|13.89|1.32|1.32|-3638.75|5963.1|5236.02|21.06|
|贵州茅台|600519.SH|2017-06-19|5906.27|5906.27|35.33|32.9|7.47|7.47|15.77|16.35|15.2|14|1.31|1.31|-3668.95|6011.72|5284.64|21.26|
|贵州茅台|600519.SH|2017-06-16|5811.55|5811.55|34.76|32.37|7.35|7.35|15.52|16.09|14.95|13.78|1.33|1.33|-3610.11|5917|5189.92|20.88|
|贵州茅台|600519.SH|2017-06-15|5832.53|5832.53|34.89|32.49|7.38|7.38|15.57|16.15|15.01|13.83|1.33|1.33|-3623.14|5937.98|5210.9|20.96|
|贵州茅台|600519.SH|2017-06-14|5959.28|5959.28|35.65|33.2|7.54|7.54|15.91|16.5|15.33|14.13|1.3|1.3|-3701.88|6064.73|5337.65|21.47|
|贵州茅台|600519.SH|2017-06-13|5942.32|5942.32|35.54|33.1|7.52|7.52|15.87|16.45|15.29|14.09|1.3|1.3|-3691.34|6047.77|5320.69|21.4|
|贵州茅台|600519.SH|2017-06-12|5940.31|5940.31|35.53|33.09|7.52|7.52|15.86|16.44|15.29|14.08|1.3|1.3|-3690.09|6045.76|5318.68|21.4|
|贵州茅台|600519.SH|2017-06-09|5850.62|5850.62|35|32.59|7.4|7.4|15.62|16.2|15.05|13.87|1.32|1.32|-3634.38|5956.07|5228.99|21.04|
|贵州茅台|600519.SH|2017-06-08|5832.65|5832.65|34.89|32.49|7.38|7.38|15.57|16.15|15.01|13.83|1.33|1.33|-3623.22|5938.11|5211.02|20.96|
|贵州茅台|600519.SH|2017-06-07|5770.6|5770.6|34.52|32.14|7.3|7.3|15.41|15.97|14.85|13.68|1.34|1.34|-3584.67|5876.05|5148.97|20.71|
|贵州茅台|600519.SH|2017-06-06|5638.07|5638.07|33.72|31.41|7.14|7.14|15.05|15.61|14.51|13.37|1.37|1.37|-3502.34|5743.52|5016.44|20.18|
|贵州茅台|600519.SH|2017-06-05|5582.67|5582.67|33.39|31.1|7.07|7.07|14.91|15.45|14.37|13.23|1.39|1.39|-3467.93|5688.12|4961.04|19.96|
|贵州茅台|600519.SH|2017-06-02|5619.1|5619.1|33.61|31.3|7.11|7.11|15|15.55|14.46|13.32|1.38|1.38|-3490.56|5724.55|4997.47|20.1|
|贵州茅台|600519.SH|2017-06-01|5643.85|5643.85|33.76|31.44|7.14|7.14|15.07|15.62|14.52|13.38|1.37|1.37|-3505.93|5749.3|5022.22|20.2|
|贵州茅台|600519.SH|2017-05-31|5564.2|5564.2|33.28|30.99|7.04|7.04|14.86|15.4|14.32|13.19|1.39|1.39|-3456.46|5669.66|4942.57|19.88|
|贵州茅台|600519.SH|2017-05-26|5677.01|5677.01|33.96|31.62|7.18|7.18|15.16|15.72|14.61|13.46|1.37|1.37|-3526.53|5782.46|5055.38|20.34|
|贵州茅台|600519.SH|2017-05-25|5660.43|5660.43|33.86|31.53|7.16|7.16|15.11|15.67|14.57|13.42|1.37|1.37|-3516.23|5765.88|5038.8|20.27|
|贵州茅台|600519.SH|2017-05-24|5656.91|5656.91|33.84|31.51|7.16|7.16|15.1|15.66|14.56|13.41|1.37|1.37|-3514.05|5762.36|5035.28|20.26|
|贵州茅台|600519.SH|2017-05-23|5705.65|5705.65|34.13|31.78|7.22|7.22|15.23|15.79|14.68|13.53|1.36|1.36|-3544.33|5811.1|5084.02|20.45|
|贵州茅台|600519.SH|2017-05-22|5549.63|5549.63|33.19|30.91|7.02|7.02|14.82|15.36|14.28|13.16|1.4|1.4|-3447.41|5655.08|4928|19.82|
|贵州茅台|600519.SH|2017-05-19|5537.57|5537.57|33.12|30.85|7.01|7.01|14.79|15.33|14.25|13.13|1.4|1.4|-3439.92|5643.03|4915.94|19.78|
|贵州茅台|600519.SH|2017-05-18|5395.87|5395.87|32.28|30.06|6.83|6.83|14.41|14.94|13.88|12.79|1.44|1.44|-3351.89|5501.33|4774.24|19.21|
|贵州茅台|600519.SH|2017-05-17|5358.94|5358.94|32.05|29.85|6.78|6.78|14.31|14.83|13.79|12.7|1.45|1.45|-3328.95|5464.39|4737.31|19.06|
|贵州茅台|600519.SH|2017-05-16|5403.16|5403.16|32.32|30.1|6.84|6.84|14.43|14.96|13.9|12.81|1.43|1.43|-3356.42|5508.61|4781.53|19.24|
|贵州茅台|600519.SH|2017-05-15|5270.38|5270.38|31.52|29.36|6.67|6.67|14.07|14.59|13.56|12.49|1.47|1.47|-3273.94|5375.83|4648.75|18.7|
|贵州茅台|600519.SH|2017-05-12|5194|5194|31.07|28.93|6.57|6.57|13.87|14.38|13.37|12.31|1.49|1.49|-3226.49|5299.46|4572.37|18.39|
|贵州茅台|600519.SH|2017-05-11|5177.54|5177.54|30.97|28.84|6.55|6.55|13.82|14.33|13.32|12.27|1.5|1.5|-3216.27|5283|4555.92|18.33|
|贵州茅台|600519.SH|2017-05-10|5151.54|5151.54|30.81|28.7|6.52|6.52|13.76|14.26|13.26|12.21|1.5|1.5|-3200.12|5257|4529.91|18.22|
|贵州茅台|600519.SH|2017-05-09|5134.83|5134.83|30.71|28.6|6.5|6.5|13.71|14.21|13.21|12.17|1.51|1.51|-3189.74|5240.29|4513.21|18.16|
|贵州茅台|600519.SH|2017-05-08|5093.63|5093.63|30.47|28.37|6.45|6.45|13.6|14.1|13.11|12.08|1.52|1.52|-3164.14|5199.09|4472|17.99|
|贵州茅台|600519.SH|2017-05-05|5228.17|5228.17|31.27|29.12|6.62|6.62|13.96|14.47|13.45|12.39|1.48|1.48|-3247.72|5333.62|4606.54|18.53|
|贵州茅台|600519.SH|2017-05-04|5225.78|5225.78|31.26|29.11|6.61|6.61|13.95|14.47|13.45|12.39|1.48|1.48|-3246.23|5331.24|4604.15|18.52|
|贵州茅台|600519.SH|2017-05-03|5246.01|5246.01|31.38|29.22|6.64|6.64|14.01|14.52|13.5|12.44|1.48|1.48|-3258.8|5351.46|4624.38|18.6|
|贵州茅台|600519.SH|2017-05-02|5176.54|5176.54|30.96|28.84|6.55|6.55|13.82|14.33|13.32|12.27|1.5|1.5|-3215.65|5281.99|4554.91|18.32|
|贵州茅台|600519.SH|2017-04-28|5194.13|5194.13|31.07|28.93|6.57|6.57|13.87|14.38|13.37|12.31|1.49|1.49|-3226.57|5299.58|4572.5|18.39|
|贵州茅台|600519.SH|2017-04-27|5294.12|5294.12|31.67|29.49|6.7|6.7|14.14|14.66|13.62|12.55|1.46|1.46|-3288.69|5399.57|4672.49|18.8|
|贵州茅台|600519.SH|2017-04-26|5250.4|5250.4|31.41|29.25|6.64|6.64|14.02|14.53|13.51|12.45|1.48|1.48|-3261.53|5355.86|4628.78|18.62|
|贵州茅台|600519.SH|2017-04-25|5262.09|5262.09|31.47|29.31|6.66|6.66|14.05|14.57|13.54|12.47|1.47|1.47|-3268.79|5367.54|4640.46|18.67|
|贵州茅台|600519.SH|2017-04-24|5006.58|5006.58|29.95|29.95|6.87|6.87|13.37|13.37|12.88|12.88|1.55|1.55|-999.8|5114.36|4445.81|17.88|
|贵州茅台|600519.SH|2017-04-21|5031.45|5031.45|30.1|30.1|6.9|6.9|13.43|13.43|12.95|12.95|1.54|1.54|-1004.77|5139.24|4470.69|17.98|
|贵州茅台|600519.SH|2017-04-20|5217.12|5217.12|31.21|31.21|7.16|7.16|13.93|13.93|13.42|13.42|1.49|1.49|-1041.84|5324.9|4656.35|18.73|
|贵州茅台|600519.SH|2017-04-19|5096.9|5096.9|30.49|30.49|6.99|6.99|13.61|13.61|13.12|13.12|1.52|1.52|-1017.84|5204.69|4536.14|18.25|
|贵州茅台|600519.SH|2017-04-18|5083.2|5083.2|30.4|30.4|6.97|6.97|13.57|13.57|13.08|13.08|1.52|1.52|-1015.1|5190.99|4522.44|18.19|
|贵州茅台|600519.SH|2017-04-17|4971.91|4971.91|29.74|29.74|6.82|6.82|13.28|13.28|12.79|12.79|1.56|1.56|-992.88|5079.69|4411.14|17.75|
|贵州茅台|600519.SH|2017-04-14|4967.63|4967.63|32.04|30.03|7.24|7.24|28.49|12.89|15.21|13.74|1.56|1.56|-4374.48|5092.45|4472.45|19.63|
|贵州茅台|600519.SH|2017-04-13|5004.57|5004.57|32.28|30.25|7.29|7.29|28.7|12.98|15.32|13.85|1.55|1.55|-4407|5129.38|4509.38|19.79|
|贵州茅台|600519.SH|2017-04-12|4902.06|4902.06|31.62|29.63|7.14|7.14|28.11|12.72|15.01|13.56|1.58|1.58|-4316.73|5026.87|4406.87|19.34|
|贵州茅台|600519.SH|2017-04-11|4840|4840|31.22|29.26|7.05|7.05|27.76|12.56|14.82|13.39|1.6|1.6|-4262.09|4964.82|4344.82|19.07|
|贵州茅台|600519.SH|2017-04-10|4889.12|4889.12|31.54|29.55|7.12|7.12|28.04|12.68|14.97|13.53|1.59|1.59|-4305.34|5013.93|4393.94|19.29|
|贵州茅台|600519.SH|2017-04-07|4935.22|4935.22|31.83|29.83|7.19|7.19|28.3|12.8|15.11|13.65|1.57|1.57|-4345.94|5060.04|4440.04|19.49|
|贵州茅台|600519.SH|2017-04-06|4923.16|4923.16|31.76|29.76|7.17|7.17|28.24|12.77|15.07|13.62|1.57|1.57|-4335.32|5047.98|4427.98|19.44|
|贵州茅台|600519.SH|2017-04-05|4894.9|4894.9|31.57|29.59|7.13|7.13|28.07|12.7|14.99|13.54|1.58|1.58|-4310.43|5019.71|4399.71|19.31|
|贵州茅台|600519.SH|2017-03-31|4853.45|4853.45|31.31|29.34|7.07|7.07|27.84|12.59|14.86|13.43|1.6|1.6|-4273.92|4978.26|4358.26|19.13|
|贵州茅台|600519.SH|2017-03-30|4850.68|4850.68|31.29|29.32|7.07|7.07|27.82|12.58|14.85|13.42|1.6|1.6|-4271.49|4975.49|4355.5|19.12|
|贵州茅台|600519.SH|2017-03-29|4819.4|4819.4|31.09|29.13|7.02|7.02|27.64|12.5|14.76|13.33|1.61|1.61|-4243.95|4944.21|4324.22|18.98|
|贵州茅台|600519.SH|2017-03-28|4776.82|4776.82|30.81|28.87|6.96|6.96|27.4|12.39|14.63|13.22|1.62|1.62|-4206.45|4901.63|4281.63|18.79|
|贵州茅台|600519.SH|2017-03-27|4758.73|4758.73|30.7|28.76|6.93|6.93|27.29|12.34|14.57|13.17|1.63|1.63|-4190.52|4883.54|4263.54|18.72|
|贵州茅台|600519.SH|2017-03-24|4859.22|4859.22|31.34|29.37|7.08|7.08|27.87|12.61|14.88|13.44|1.6|1.6|-4279.01|4984.04|4364.04|19.16|
|贵州茅台|600519.SH|2017-03-23|4896.53|4896.53|31.58|29.6|7.13|7.13|28.08|12.7|14.99|13.55|1.58|1.58|-4311.87|5021.34|4401.35|19.32|
|贵州茅台|600519.SH|2017-03-22|4955.45|4955.45|31.96|29.95|7.22|7.22|28.42|12.86|15.17|13.71|1.56|1.56|-4363.75|5080.26|4460.26|19.58|
|贵州茅台|600519.SH|2017-03-21|4949.54|4949.54|31.93|29.92|7.21|7.21|28.39|12.84|15.15|13.69|1.57|1.57|-4358.55|5074.36|4454.36|19.55|
|贵州茅台|600519.SH|2017-03-20|4854.07|4854.07|31.31|29.34|7.07|7.07|27.84|12.59|14.86|13.43|1.6|1.6|-4274.48|4978.89|4358.89|19.13|
|贵州茅台|600519.SH|2017-03-17|4754.46|4754.46|30.67|28.74|6.93|6.93|27.27|12.33|14.56|13.15|1.63|1.63|-4186.75|4879.27|4259.27|18.7|
|贵州茅台|600519.SH|2017-03-16|4707.85|4707.85|30.37|28.46|6.86|6.86|27|12.21|14.41|13.03|1.65|1.65|-4145.71|4832.66|4212.67|18.49|
|贵州茅台|600519.SH|2017-03-15|4706.72|4706.72|30.36|28.45|6.86|6.86|26.99|12.21|14.41|13.02|1.65|1.65|-4144.72|4831.53|4211.54|18.49|
|贵州茅台|600519.SH|2017-03-14|4641.65|4641.65|29.94|28.06|6.76|6.76|26.62|12.04|14.21|12.84|1.67|1.67|-4087.42|4766.46|4146.46|18.2|
|贵州茅台|600519.SH|2017-03-13|4667.4|4667.4|30.11|28.21|6.8|6.8|26.77|12.11|14.29|12.91|1.66|1.66|-4110.1|4792.21|4172.22|18.31|
|贵州茅台|600519.SH|2017-03-10|4646.05|4646.05|29.97|28.08|6.77|6.77|26.65|12.05|14.23|12.85|1.67|1.67|-4091.29|4770.86|4150.86|18.22|
|贵州茅台|600519.SH|2017-03-09|4646.68|4646.68|29.97|28.09|6.77|6.77|26.65|12.05|14.23|12.86|1.67|1.67|-4091.84|4771.49|4151.49|18.22|
|贵州茅台|600519.SH|2017-03-08|4613.76|4613.76|29.76|27.89|6.72|6.72|26.46|11.97|14.13|12.77|1.68|1.68|-4062.86|4738.57|4118.58|18.08|
|贵州茅台|600519.SH|2017-03-07|4612.76|4612.76|29.75|27.88|6.72|6.72|26.45|11.97|14.12|12.76|1.68|1.68|-4061.98|4737.57|4117.57|18.07|
|贵州茅台|600519.SH|2017-03-06|4509.25|4509.25|29.09|27.26|6.57|6.57|25.86|11.7|13.81|12.48|1.72|1.72|-3970.82|4634.06|4014.06|17.62|
|贵州茅台|600519.SH|2017-03-03|4478.85|4478.85|28.89|27.07|6.52|6.52|25.69|11.62|13.71|12.39|1.73|1.73|-3944.05|4603.66|3983.66|17.49|
|贵州茅台|600519.SH|2017-03-02|4482.36|4482.36|28.91|27.09|6.53|6.53|25.71|11.63|13.72|12.4|1.73|1.73|-3947.15|4607.18|3987.18|17.5|
|贵州茅台|600519.SH|2017-03-01|4479.73|4479.73|28.9|27.08|6.53|6.53|25.69|11.62|13.72|12.39|1.73|1.73|-3944.83|4604.54|3984.54|17.49|
|贵州茅台|600519.SH|2017-02-28|4455.23|4455.23|28.74|26.93|6.49|6.49|25.55|11.56|13.64|12.33|1.74|1.74|-3923.26|4580.04|3960.04|17.38|
|贵州茅台|600519.SH|2017-02-27|4487.14|4487.14|28.94|27.12|6.54|6.54|25.73|11.64|13.74|12.41|1.73|1.73|-3951.36|4611.95|3991.95|17.52|
|贵州茅台|600519.SH|2017-02-24|4555.22|4555.22|29.38|27.53|6.64|6.64|26.12|11.82|13.95|12.6|1.7|1.7|-4011.31|4680.04|4060.04|17.82|
|贵州茅台|600519.SH|2017-02-23|4543.67|4543.67|29.31|27.46|6.62|6.62|26.06|11.79|13.91|12.57|1.71|1.71|-4001.13|4668.48|4048.48|17.77|
|贵州茅台|600519.SH|2017-02-22|4546.05|4546.05|29.32|27.48|6.62|6.62|26.07|11.79|13.92|12.58|1.71|1.71|-4003.24|4670.87|4050.87|17.78|
|贵州茅台|600519.SH|2017-02-21|4506.48|4506.48|29.07|27.24|6.57|6.57|25.85|11.69|13.8|12.47|1.72|1.72|-3968.39|4631.3|4011.3|17.61|
|贵州茅台|600519.SH|2017-02-20|4538.52|4538.52|29.27|27.43|6.61|6.61|26.03|11.77|13.9|12.56|1.71|1.71|-3996.6|4663.33|4043.33|17.75|
|贵州茅台|600519.SH|2017-02-17|4403.73|4403.73|28.41|26.62|6.42|6.42|25.26|11.42|13.48|12.18|1.76|1.76|-3877.9|4528.54|3908.54|17.16|
|贵州茅台|600519.SH|2017-02-16|4372.7|4372.7|28.21|26.43|6.37|6.37|25.08|11.34|13.39|12.1|1.77|1.77|-3850.58|4497.51|3877.51|17.02|
|贵州茅台|600519.SH|2017-02-15|4378.23|4378.23|28.24|26.46|6.38|6.38|25.11|11.36|13.41|12.11|1.77|1.77|-3855.45|4503.04|3883.04|17.05|
|贵州茅台|600519.SH|2017-02-14|4399.33|4399.33|28.38|26.59|6.41|6.41|25.23|11.41|13.47|12.17|1.76|1.76|-3874.03|4524.14|3904.14|17.14|
|贵州茅台|600519.SH|2017-02-13|4393.55|4393.55|28.34|26.56|6.4|6.4|25.2|11.4|13.45|12.16|1.76|1.76|-3868.94|4518.36|3898.37|17.11|
|贵州茅台|600519.SH|2017-02-10|4334.89|4334.89|27.96|26.2|6.32|6.32|24.86|11.25|13.27|11.99|1.79|1.79|-3817.28|4459.7|3839.7|16.85|
|贵州茅台|600519.SH|2017-02-09|4366.67|4366.67|28.17|26.39|6.36|6.36|25.04|11.33|13.37|12.08|1.78|1.78|-3845.27|4491.48|3871.48|16.99|
|贵州茅台|600519.SH|2017-02-08|4323.96|4323.96|27.89|26.14|6.3|6.3|24.8|11.22|13.24|11.96|1.79|1.79|-3807.66|4448.77|3828.77|16.81|
|贵州茅台|600519.SH|2017-02-07|4316.04|4316.04|27.84|26.09|6.29|6.29|24.75|11.2|13.22|11.94|1.8|1.8|-3800.69|4440.86|3820.86|16.77|
|贵州茅台|600519.SH|2017-02-06|4357.12|4357.12|28.1|26.34|6.35|6.35|24.99|11.3|13.34|12.06|1.78|1.78|-3836.86|4481.93|3861.94|16.95|
|贵州茅台|600519.SH|2017-02-03|4357.12|4357.12|28.1|26.34|6.35|6.35|24.99|11.3|13.34|12.06|1.78|1.78|-3836.86|4481.93|3861.94|16.95|
|贵州茅台|600519.SH|2017-01-26|4326.6|4326.6|27.91|26.15|6.3|6.3|24.81|11.22|13.25|11.97|1.79|1.79|-3809.98|4451.41|3831.41|16.82|
|贵州茅台|600519.SH|2017-01-25|4366.92|4366.92|28.17|26.4|6.36|6.36|25.04|11.33|13.37|12.08|1.78|1.78|-3845.49|4491.73|3871.73|17|
|贵州茅台|600519.SH|2017-01-24|4400.59|4400.59|28.39|26.6|6.41|6.41|25.24|11.42|13.47|12.18|1.76|1.76|-3875.14|4525.4|3905.4|17.14|
|贵州茅台|600519.SH|2017-01-23|4412.02|4412.02|28.46|26.67|6.43|6.43|25.3|11.45|13.51|12.21|1.76|1.76|-3885.2|4536.83|3916.83|17.19|
|贵州茅台|600519.SH|2017-01-20|4459.38|4459.38|28.76|26.95|6.5|6.5|25.58|11.57|13.65|12.34|1.74|1.74|-3926.91|4584.19|3964.19|17.4|
|贵州茅台|600519.SH|2017-01-19|4455.98|4455.98|28.74|26.93|6.49|6.49|25.56|11.56|13.64|12.33|1.74|1.74|-3923.92|4580.8|3960.8|17.39|
|贵州茅台|600519.SH|2017-01-18|4460.51|4460.51|28.77|26.96|6.5|6.5|25.58|11.57|13.66|12.34|1.74|1.74|-3927.9|4585.32|3965.32|17.41|
|贵州茅台|600519.SH|2017-01-17|4385.76|4385.76|28.29|26.51|6.39|6.39|25.15|11.38|13.43|12.13|1.77|1.77|-3862.08|4510.57|3890.58|17.08|
|贵州茅台|600519.SH|2017-01-16|4289.54|4289.54|27.67|25.93|6.25|6.25|24.6|11.13|13.13|11.87|1.81|1.81|-3777.35|4414.35|3794.35|16.66|
|贵州茅台|600519.SH|2017-01-13|4332.25|4332.25|27.94|26.19|6.31|6.31|24.85|11.24|13.26|11.99|1.79|1.79|-3814.96|4457.06|3837.06|16.84|
|贵州茅台|600519.SH|2017-01-12|4359.63|4359.63|28.12|26.35|6.35|6.35|25|11.31|13.35|12.06|1.78|1.78|-3839.08|4484.45|3864.45|16.96|
|贵州茅台|600519.SH|2017-01-11|4339.54|4339.54|27.99|26.23|6.32|6.32|24.89|11.26|13.29|12.01|1.79|1.79|-3821.38|4464.35|3844.35|16.88|
|贵州茅台|600519.SH|2017-01-10|4384.13|4384.13|28.28|26.5|6.39|6.39|25.14|11.37|13.42|12.13|1.77|1.77|-3860.65|4508.94|3888.94|17.07|
|贵州茅台|600519.SH|2017-01-09|4377.97|4377.97|28.24|26.46|6.38|6.38|25.11|11.36|13.4|12.11|1.77|1.77|-3855.23|4502.79|3882.79|17.04|
|贵州茅台|600519.SH|2017-01-06|4406.24|4406.24|28.42|26.63|6.42|6.42|25.27|11.43|13.49|12.19|1.76|1.76|-3880.12|4531.05|3911.05|17.17|
|贵州茅台|600519.SH|2017-01-05|4355.74|4355.74|28.1|26.33|6.35|6.35|24.98|11.3|13.34|12.05|1.78|1.78|-3835.65|4480.55|3860.55|16.95|
|贵州茅台|600519.SH|2017-01-04|4420.69|4420.69|28.51|26.72|6.44|6.44|25.35|11.47|13.54|12.23|1.75|1.75|-3892.84|4545.5|3925.5|17.23|
|贵州茅台|600519.SH|2017-01-03|4202.74|4202.74|27.11|25.4|6.12|6.12|24.1|10.9|12.87|11.63|1.84|1.84|-3700.91|4327.55|3707.55|16.27|
|贵州茅台|600519.SH|2016-12-30|4197.58|4197.58|27.08|25.37|6.12|6.12|24.07|10.89|12.85|11.61|1.19|1.85|-3696.38|4322.4|3702.4|16.25|
|贵州茅台|600519.SH|2016-12-29|4111.66|4111.66|26.52|24.85|5.99|5.99|23.58|10.67|12.59|11.38|1.21|1.89|-3620.71|4236.47|3616.47|15.88|
|贵州茅台|600519.SH|2016-12-28|4066.56|4066.56|26.23|24.58|5.92|5.92|23.32|10.55|12.45|11.25|1.23|1.91|-3581|4191.37|3571.38|15.68|
|贵州茅台|600519.SH|2016-12-27|4097.21|4097.21|26.43|24.77|5.97|5.97|23.5|10.63|12.55|11.34|1.22|1.89|-3607.99|4222.03|3602.03|15.81|
|贵州茅台|600519.SH|2016-12-26|4076.11|4076.11|26.29|24.64|5.94|5.94|23.38|10.57|12.48|11.28|1.23|1.9|-3589.41|4200.92|3580.92|15.72|
|贵州茅台|600519.SH|2016-12-23|4020.21|4020.21|25.93|24.3|5.86|5.86|23.06|10.43|12.31|11.12|1.24|1.93|-3540.18|4145.02|3525.02|15.47|
|贵州茅台|600519.SH|2016-12-22|4085.16|4085.16|26.35|24.69|5.95|5.95|23.43|10.6|12.51|11.3|1.22|1.9|-3597.37|4209.97|3589.97|15.76|
|贵州茅台|600519.SH|2016-12-21|4128.62|4128.62|26.63|24.96|6.01|6.01|23.68|10.71|12.64|11.42|1.21|1.88|-3635.64|4253.43|3633.43|15.95|
|贵州茅台|600519.SH|2016-12-20|4101.23|4101.23|26.45|24.79|5.97|5.97|23.52|10.64|12.56|11.35|1.22|1.89|-3611.53|4226.05|3606.05|15.83|
|贵州茅台|600519.SH|2016-12-19|4094.7|4094.7|26.41|24.75|5.97|5.97|23.48|10.62|12.54|11.33|1.22|1.89|-3605.78|4219.51|3599.52|15.8|
|贵州茅台|600519.SH|2016-12-16|4115.05|4115.05|26.54|24.87|5.99|5.99|23.6|10.68|12.6|11.39|1.21|1.88|-3623.7|4239.86|3619.87|15.89|
|贵州茅台|600519.SH|2016-12-15|4120.96|4120.96|26.58|24.91|6|6|23.63|10.69|12.62|11.4|1.21|1.88|-3628.9|4245.77|3625.77|15.92|
|贵州茅台|600519.SH|2016-12-14|4173.97|4173.97|26.92|25.23|6.08|6.08|23.94|10.83|12.78|11.55|1.2|1.86|-3675.58|4298.78|3678.78|16.15|
|贵州茅台|600519.SH|2016-12-13|4183.26|4183.26|26.98|25.29|6.09|6.09|23.99|10.85|12.81|11.57|1.19|1.85|-3683.76|4308.08|3688.08|16.19|
|贵州茅台|600519.SH|2016-12-12|4106.01|4106.01|26.49|24.82|5.98|5.98|23.55|10.65|12.57|11.36|1.22|1.89|-3615.73|4230.82|3610.82|15.85|
|贵州茅台|600519.SH|2016-12-09|4242.93|4242.93|27.37|25.65|6.18|6.18|24.33|11.01|12.99|11.74|1.18|1.83|-3736.31|4367.74|3747.75|16.45|
|贵州茅台|600519.SH|2016-12-08|4242.31|4242.31|27.36|25.64|6.18|6.18|24.33|11.01|12.99|11.74|1.18|1.83|-3735.76|4367.12|3747.12|16.45|
|贵州茅台|600519.SH|2016-12-07|4113.42|4113.42|26.53|24.86|5.99|5.99|23.59|10.67|12.59|11.38|1.21|1.88|-3622.26|4238.23|3618.23|15.88|
|贵州茅台|600519.SH|2016-12-06|4100.48|4100.48|26.45|24.79|5.97|5.97|23.52|10.64|12.56|11.35|1.22|1.89|-3610.87|4225.29|3605.29|15.83|
|贵州茅台|600519.SH|2016-12-05|3968.71|3968.71|25.6|23.99|5.78|5.78|22.76|10.3|12.15|10.98|1.26|1.95|-3494.83|4093.52|3473.52|15.25|
|贵州茅台|600519.SH|2016-12-02|4042.07|4042.07|26.07|24.43|5.89|5.89|23.18|10.49|12.38|11.18|1.24|1.92|-3559.43|4166.88|3546.88|15.57|
|贵州茅台|600519.SH|2016-12-01|4032.65|4032.65|26.01|24.38|5.87|5.87|23.13|10.46|12.35|11.16|1.24|1.92|-3551.13|4157.46|3537.46|15.53|
|贵州茅台|600519.SH|2016-11-30|4008.28|4008.28|25.85|24.23|5.84|5.84|22.99|10.4|12.27|11.09|1.25|1.93|-3529.67|4133.09|3513.09|15.42|
|贵州茅台|600519.SH|2016-11-29|4069.58|4069.58|26.25|24.6|5.93|5.93|23.34|10.56|12.46|11.26|1.23|1.9|-3583.65|4194.39|3574.39|15.69|
|贵州茅台|600519.SH|2016-11-28|4013.55|4013.55|25.89|24.26|5.85|5.85|23.02|10.41|12.29|11.1|1.24|1.93|-3534.32|4138.36|3518.37|15.44|
|贵州茅台|600519.SH|2016-11-25|3980.77|3980.77|25.68|24.06|5.8|5.8|22.83|10.33|12.19|11.01|1.25|1.95|-3505.44|4105.58|3485.58|15.3|
|贵州茅台|600519.SH|2016-11-24|3981.27|3981.27|25.68|24.06|5.8|5.8|22.83|10.33|12.19|11.02|1.25|1.95|-3505.89|4106.08|3486.08|15.3|
|贵州茅台|600519.SH|2016-11-23|3931.27|3931.27|25.36|23.76|5.73|5.73|22.55|10.2|12.04|10.88|1.27|1.97|-3461.86|4056.08|3436.08|15.08|
|贵州茅台|600519.SH|2016-11-22|3880.02|3880.02|25.03|23.45|5.65|5.65|22.25|10.07|11.88|10.74|1.29|2|-3416.73|4004.83|3384.83|14.86|
|贵州茅台|600519.SH|2016-11-21|3887.93|3887.93|25.08|23.5|5.66|5.66|22.3|10.09|11.9|10.76|1.28|1.99|-3423.7|4012.74|3392.75|14.89|
|贵州茅台|600519.SH|2016-11-18|3894.21|3894.21|25.12|23.54|5.67|5.67|22.33|10.1|11.92|10.77|1.28|1.99|-3429.23|4019.02|3399.03|14.92|
|贵州茅台|600519.SH|2016-11-17|3907.28|3907.28|25.2|23.62|5.69|5.69|22.41|10.14|11.96|10.81|1.28|1.98|-3440.73|4032.09|3412.09|14.98|
|贵州茅台|600519.SH|2016-11-16|3933.78|3933.78|25.37|23.78|5.73|5.73|22.56|10.2|12.04|10.88|1.27|1.97|-3464.07|4058.59|3438.6|15.09|
|贵州茅台|600519.SH|2016-11-15|3944.59|3944.59|25.44|23.84|5.75|5.75|22.62|10.23|12.08|10.91|1.27|1.97|-3473.59|4069.4|3449.4|15.14|
|贵州茅台|600519.SH|2016-11-14|3906.65|3906.65|25.2|23.61|5.69|5.69|22.41|10.13|11.96|10.81|1.28|1.98|-3440.18|4031.46|3411.46|14.98|
|贵州茅台|600519.SH|2016-11-11|3958.03|3958.03|25.53|23.92|5.77|5.77|22.7|10.27|12.12|10.95|1.26|1.96|-3485.42|4082.84|3462.84|15.2|
|贵州茅台|600519.SH|2016-11-10|4008.9|4008.9|25.86|24.23|5.84|5.84|22.99|10.4|12.27|11.09|1.25|1.93|-3530.22|4133.72|3513.72|15.42|
|贵州茅台|600519.SH|2016-11-09|3979.76|3979.76|25.67|24.06|5.8|5.8|22.82|10.32|12.19|11.01|1.26|1.95|-3504.56|4104.57|3484.57|15.3|
|贵州茅台|600519.SH|2016-11-08|4019.83|4019.83|25.93|24.3|5.86|5.86|23.05|10.43|12.31|11.12|1.24|1.93|-3539.85|4144.64|3524.65|15.47|
|贵州茅台|600519.SH|2016-11-07|3961.17|3961.17|25.55|23.94|5.77|5.77|22.72|10.28|12.13|10.96|1.26|1.96|-3488.19|4085.98|3465.98|15.21|
|贵州茅台|600519.SH|2016-11-04|3954.76|3954.76|25.51|23.9|5.76|5.76|22.68|10.26|12.11|10.94|1.26|1.96|-3482.55|4079.57|3459.58|15.19|
|贵州茅台|600519.SH|2016-11-03|3967.83|3967.83|25.59|23.98|5.78|5.78|22.76|10.29|12.15|10.98|1.26|1.95|-3494.05|4092.64|3472.64|15.24|
|贵州茅台|600519.SH|2016-11-02|3959.28|3959.28|25.54|23.93|5.77|5.77|22.71|10.27|12.12|10.95|1.26|1.96|-3486.53|4084.1|3464.1|15.21|
|贵州茅台|600519.SH|2016-11-01|3978.13|3978.13|25.66|24.05|5.8|5.8|22.82|10.32|12.18|11.01|1.26|1.95|-3503.12|4102.94|3482.94|15.29|
|贵州茅台|600519.SH|2016-10-31|3994.08|3994.08|25.76|24.14|5.82|5.82|22.91|10.36|12.23|11.05|1.25|1.94|-3517.17|4118.89|3498.89|15.36|
|贵州茅台|600519.SH|2016-10-28|3982.78|3982.78|25.69|24.26|6.13|6.13|22.84|15.24|12.19|11.36|1.25|1.95|125343.12|4059.57|3584.29|15.73|
|贵州茅台|600519.SH|2016-10-27|3980.51|3980.51|25.68|24.25|6.13|6.13|22.83|15.23|12.19|11.36|1.25|1.95|125271.96|4057.31|3582.03|15.72|
|贵州茅台|600519.SH|2016-10-26|3940.44|3940.44|25.42|24|6.06|6.06|22.6|15.08|12.07|11.24|1.27|1.97|124010.82|4017.24|3541.96|15.55|
|贵州茅台|600519.SH|2016-10-25|3931.15|3931.15|25.36|23.94|6.05|6.05|22.55|15.04|12.04|11.21|1.27|1.97|123718.26|4007.94|3532.66|15.51|
|贵州茅台|600519.SH|2016-10-24|3855.65|3855.65|24.87|23.48|5.93|5.93|22.11|14.75|11.81|11|1.3|2.01|121342.26|3932.44|3457.16|15.18|
|贵州茅台|600519.SH|2016-10-21|3821.23|3821.23|24.65|23.28|5.88|5.88|21.92|14.62|11.7|10.9|1.31|2.03|120259.02|3898.03|3422.74|15.02|
|贵州茅台|600519.SH|2016-10-20|3837.43|3837.43|24.75|23.37|5.91|5.91|22.01|14.68|11.75|10.95|1.3|2.02|120769.02|3914.23|3438.95|15.1|
|贵州茅台|600519.SH|2016-10-19|3849.62|3849.62|24.83|23.45|5.92|5.92|22.08|14.73|11.79|10.98|1.3|2.01|121152.5|3926.42|3451.13|15.15|
|贵州茅台|600519.SH|2016-10-18|3858.54|3858.54|24.89|23.5|5.94|5.94|22.13|14.76|11.81|11.01|1.29|2.01|121433.19|3935.33|3460.05|15.19|
|贵州茅台|600519.SH|2016-10-17|3799.37|3799.37|24.51|23.14|5.85|5.85|21.79|14.54|11.63|10.84|1.31|2.04|119571.13|3876.17|3400.89|14.93|
|贵州茅台|600519.SH|2016-10-14|3838.94|3838.94|24.76|23.38|5.91|5.91|22.02|14.69|11.75|10.95|1.3|2.02|120816.46|3915.74|3440.46|15.1|
|贵州茅台|600519.SH|2016-10-13|3817.46|3817.46|24.62|23.25|5.87|5.87|21.89|14.6|11.69|10.89|1.31|2.03|120140.42|3894.26|3418.98|15.01|
|贵州茅台|600519.SH|2016-10-12|3841.7|3841.7|24.78|23.4|5.91|5.91|22.03|14.7|11.76|10.96|1.3|2.02|120903.43|3918.5|3443.22|15.11|
|贵州茅台|600519.SH|2016-10-11|3880.65|3880.65|25.03|23.64|5.97|5.97|22.26|14.85|11.88|11.07|1.29|2|122128.99|3957.44|3482.16|15.29|
|贵州茅台|600519.SH|2016-10-10|3805.78|3805.78|24.55|23.18|5.86|5.86|21.83|14.56|11.65|10.86|1.31|2.04|119772.75|3882.57|3407.29|14.96|
|贵州茅台|600519.SH|2016-09-30|3742.34|3742.34|24.14|22.79|5.76|5.76|21.46|14.32|11.46|10.68|1.33|2.07|117776.28|3819.14|3343.86|14.68|
|贵州茅台|600519.SH|2016-09-29|3655.28|3655.28|23.58|22.26|5.63|5.63|20.96|13.98|11.19|10.43|1.37|2.12|115036.56|3732.08|3256.8|14.3|
|贵州茅台|600519.SH|2016-09-28|3623|3623|23.37|22.07|5.58|5.58|20.78|13.86|11.09|10.34|1.38|2.14|114020.53|3699.8|3224.52|14.15|
|贵州茅台|600519.SH|2016-09-27|3657.67|3657.67|23.59|22.28|5.63|5.63|20.98|13.99|11.2|10.43|1.37|2.12|115111.67|3734.47|3259.19|14.31|
|贵州茅台|600519.SH|2016-09-26|3627.02|3627.02|23.4|22.09|5.58|5.58|20.8|13.88|11.11|10.35|1.38|2.14|114147.04|3703.82|3228.54|14.17|
|贵州茅台|600519.SH|2016-09-23|3739.45|3739.45|24.12|22.78|5.75|5.75|21.45|14.31|11.45|10.67|1.34|2.07|117685.35|3816.25|3340.97|14.67|
|贵州茅台|600519.SH|2016-09-22|3730.66|3730.66|24.06|22.72|5.74|5.74|21.4|14.27|11.42|10.64|1.34|2.08|117408.61|3807.45|3332.17|14.63|
|贵州茅台|600519.SH|2016-09-21|3693.85|3693.85|23.83|22.5|5.68|5.68|21.18|14.13|11.31|10.54|1.35|2.1|116250.26|3770.65|3295.37|14.47|
|贵州茅台|600519.SH|2016-09-20|3705.28|3705.28|23.9|22.57|5.7|5.7|21.25|14.18|11.35|10.57|1.35|2.09|116610.02|3782.08|3306.8|14.52|
|贵州茅台|600519.SH|2016-09-19|3770.23|3770.23|24.32|22.96|5.8|5.8|21.62|14.42|11.54|10.76|1.32|2.06|118653.94|3847.02|3371.74|14.8|
|贵州茅台|600519.SH|2016-09-14|3763.19|3763.19|24.27|22.92|5.79|5.79|21.58|14.4|11.52|10.74|1.33|2.06|118432.55|3839.99|3364.71|14.77|
|贵州茅台|600519.SH|2016-09-13|3774|3774|24.34|22.99|5.81|5.81|21.64|14.44|11.56|10.77|1.32|2.05|118772.54|3850.79|3375.51|14.82|
|贵州茅台|600519.SH|2016-09-12|3744.22|3744.22|24.15|22.81|5.76|5.76|21.47|14.32|11.46|10.68|1.33|2.07|117835.58|3821.02|3345.74|14.69|
|贵州茅台|600519.SH|2016-09-09|3826.76|3826.76|24.68|23.31|5.89|5.89|21.95|14.64|11.72|10.92|1.31|2.03|120432.97|3903.55|3428.27|15.05|
|贵州茅台|600519.SH|2016-09-08|3841.7|3841.7|24.78|23.4|5.91|5.91|22.03|14.7|11.76|10.96|1.3|2.02|120903.43|3918.5|3443.22|15.11|
|贵州茅台|600519.SH|2016-09-07|3851.5|3851.5|24.84|23.46|5.93|5.93|22.09|14.73|11.79|10.99|1.3|2.01|121211.8|3928.3|3453.02|15.16|
|贵州茅台|600519.SH|2016-09-06|3893.46|3893.46|25.11|23.72|5.99|5.99|22.33|14.9|11.92|11.11|1.28|1.99|122532.24|3970.26|3494.98|15.34|
|贵州茅台|600519.SH|2016-09-05|3875.37|3875.37|25|23.61|5.96|5.96|22.23|14.83|11.87|11.06|1.29|2|121962.95|3952.17|3476.89|15.26|
|贵州茅台|600519.SH|2016-09-02|3841.2|3841.2|24.78|23.4|5.91|5.91|22.03|14.7|11.76|10.96|1.3|2.02|120887.62|3918|3442.72|15.11|
|贵州茅台|600519.SH|2016-09-01|3878.01|3878.01|25.01|23.62|5.97|5.97|22.24|14.84|11.87|11.06|1.29|2|122045.97|3954.81|3479.52|15.27|
|贵州茅台|600519.SH|2016-08-31|3896.6|3896.6|25.13|23.73|6|6|22.35|14.91|11.93|11.12|1.28|1.99|122631.08|3973.4|3498.12|15.36|
|贵州茅台|600519.SH|2016-08-30|3842.21|3842.21|24.78|23.4|5.91|5.91|22.04|14.7|11.76|10.96|1.3|2.02|120919.25|3919|3443.72|15.12|
|贵州茅台|600519.SH|2016-08-29|3863.19|3863.19|24.92|23.53|5.95|5.95|22.16|14.78|11.83|11.02|1.29|2.01|121579.47|3939.98|3464.7|15.21|
|贵州茅台|600519.SH|2016-08-26|3786.81|3786.81|24.43|23.63|5.5|6.2|21.72|16.64|11.59|11.1|1.32|2.05|-1415.36|3856.39|3418.64|15.01|
|贵州茅台|600519.SH|2016-08-25|3806.4|3806.4|24.55|23.75|5.53|6.23|21.83|16.72|11.65|11.16|1.31|2.04|-1422.69|3875.99|3438.23|15.09|
|贵州茅台|600519.SH|2016-08-24|3834.92|3834.92|24.74|23.93|5.57|6.28|21.99|16.85|11.74|11.24|1.3|2.02|-1433.35|3904.51|3466.75|15.22|
|贵州茅台|600519.SH|2016-08-23|3855.02|3855.02|24.87|24.05|5.6|6.31|22.11|16.94|11.8|11.3|1.3|2.01|-1440.86|3924.61|3486.85|15.31|
|贵州茅台|600519.SH|2016-08-22|3860.55|3860.55|24.9|24.09|5.61|6.32|22.14|16.96|11.82|11.32|1.29|2.01|-1442.92|3930.13|3492.38|15.33|
|贵州茅台|600519.SH|2016-08-19|3850|3850|24.83|24.02|5.59|6.3|22.08|16.92|11.79|11.29|1.3|2.01|-1438.98|3919.58|3481.82|15.28|
|贵州茅台|600519.SH|2016-08-18|3849.37|3849.37|24.83|24.02|5.59|6.3|22.08|16.91|11.79|11.29|1.3|2.01|-1438.75|3918.95|3481.2|15.28|
|贵州茅台|600519.SH|2016-08-17|3871.1|3871.1|24.97|24.15|5.63|6.34|22.2|17.01|11.85|11.35|1.29|2|-1446.87|3940.69|3502.93|15.38|
|贵州茅台|600519.SH|2016-08-16|3888.18|3888.18|25.08|24.26|5.65|6.37|22.3|17.08|11.91|11.4|1.28|1.99|-1453.25|3957.77|3520.01|15.45|
|贵州茅台|600519.SH|2016-08-15|4004.51|4004.51|25.83|24.99|5.82|6.56|22.97|17.59|12.26|11.74|1.25|1.94|-1496.73|4074.09|3636.34|15.96|
|贵州茅台|600519.SH|2016-08-12|3981.77|3981.77|25.68|24.84|5.79|6.52|22.84|17.49|12.19|11.68|1.25|1.95|-1488.23|4051.36|3613.6|15.86|
|贵州茅台|600519.SH|2016-08-11|3979.26|3979.26|25.67|24.83|5.78|6.52|22.82|17.48|12.18|11.67|1.26|1.95|-1487.29|4048.84|3611.09|15.85|
|贵州茅台|600519.SH|2016-08-10|3942.07|3942.07|25.43|24.6|5.73|6.46|22.61|17.32|12.07|11.56|1.27|1.97|-1473.4|4011.66|3573.9|15.69|
|贵州茅台|600519.SH|2016-08-09|3966.44|3966.44|25.58|24.75|5.76|6.5|22.75|17.43|12.14|11.63|1.26|1.95|-1482.5|4036.03|3598.27|15.8|
|贵州茅台|600519.SH|2016-08-08|3870.35|3870.35|24.96|24.15|5.62|6.34|22.2|17|11.85|11.35|1.29|2|-1446.59|3939.93|3502.17|15.37|
|贵州茅台|600519.SH|2016-08-05|3843.09|3843.09|24.79|23.98|5.58|6.29|22.04|16.88|11.77|11.27|1.3|2.02|-1436.4|3912.67|3474.92|15.25|
|贵州茅台|600519.SH|2016-08-04|3847.73|3847.73|24.82|24.01|5.59|6.3|22.07|16.91|11.78|11.28|1.3|2.01|-1438.14|3917.32|3479.56|15.27|
|贵州茅台|600519.SH|2016-08-03|3854.27|3854.27|24.86|24.05|5.6|6.31|22.1|16.93|11.8|11.3|1.3|2.01|-1440.58|3923.85|3486.1|15.3|
|贵州茅台|600519.SH|2016-08-02|3846.6|3846.6|24.81|24|5.59|6.3|22.06|16.9|11.78|11.28|1.3|2.02|-1437.71|3916.19|3478.43|15.27|
|贵州茅台|600519.SH|2016-08-01|3856.02|3856.02|24.87|24.06|5.6|6.31|22.11|16.94|11.81|11.31|1.3|2.01|-1441.23|3925.61|3487.85|15.31|
|贵州茅台|600519.SH|2016-07-29|3933.78|3933.78|25.37|24.54|5.72|6.44|22.56|17.28|12.04|11.53|1.27|1.97|-1470.3|4003.37|3565.61|15.65|
|贵州茅台|600519.SH|2016-07-28|3970.21|3970.21|25.61|24.77|5.77|6.5|22.77|17.44|12.16|11.64|1.26|1.95|-1483.91|4039.8|3602.04|15.81|
|贵州茅台|600519.SH|2016-07-27|3944.59|3944.59|25.44|24.61|5.73|6.46|22.62|17.33|12.08|11.57|1.27|1.97|-1474.34|4014.17|3576.42|15.7|
|贵州茅台|600519.SH|2016-07-26|4007.77|4007.77|25.85|25.01|5.82|6.56|22.99|17.61|12.27|11.75|1.25|1.93|-1497.95|4077.36|3639.6|15.98|
|贵州茅台|600519.SH|2016-07-25|3910.04|3910.04|25.22|24.4|5.68|6.4|22.42|17.18|11.97|11.46|1.28|1.98|-1461.42|3979.63|3541.87|15.55|
|贵州茅台|600519.SH|2016-07-22|3868.08|3868.08|24.95|24.13|5.62|6.33|22.18|16.99|11.84|11.34|1.29|2|-1445.74|3937.67|3499.91|15.36|
|贵州茅台|600519.SH|2016-07-21|3949.23|3949.23|25.47|24.64|5.74|6.47|22.65|17.35|12.09|11.58|1.26|1.96|-1476.07|4018.82|3581.06|15.72|
|贵州茅台|600519.SH|2016-07-20|3876.12|3876.12|25|24.18|5.63|6.35|22.23|17.03|11.87|11.37|1.29|2|-1448.75|3945.71|3507.95|15.4|
|贵州茅台|600519.SH|2016-07-19|3870.47|3870.47|24.97|24.15|5.62|6.34|22.2|17|11.85|11.35|1.29|2|-1446.63|3940.06|3502.3|15.37|
|贵州茅台|600519.SH|2016-07-18|3972.22|3972.22|25.62|24.78|5.77|6.5|22.78|17.45|12.16|11.65|1.26|1.95|-1484.66|4041.81|3604.05|15.82|
|贵州茅台|600519.SH|2016-07-15|3988.68|3988.68|25.73|24.89|5.8|6.53|22.88|17.52|12.21|11.7|1.25|1.94|-1490.82|4058.27|3620.51|15.89|
|贵州茅台|600519.SH|2016-07-14|3983.28|3983.28|25.69|24.85|5.79|6.52|22.84|17.5|12.2|11.68|1.25|1.95|-1488.8|4052.86|3615.11|15.87|
|贵州茅台|600519.SH|2016-07-13|3984.53|3984.53|25.7|24.86|5.79|6.52|22.85|17.51|12.2|11.68|1.25|1.95|-1489.27|4054.12|3616.36|15.87|
|贵州茅台|600519.SH|2016-07-12|4079.25|4079.25|26.31|25.45|5.93|6.68|23.4|17.92|12.49|11.96|1.22|1.9|-1524.67|4148.84|3711.08|16.29|
|贵州茅台|600519.SH|2016-07-11|3958.78|3958.78|25.54|24.7|5.75|6.48|22.7|17.39|12.12|11.61|1.26|1.96|-1479.64|4028.37|3590.61|15.76|
|贵州茅台|600519.SH|2016-07-08|3893.08|3893.08|25.11|24.29|5.66|6.38|22.33|17.1|11.92|11.42|1.28|1.99|-1455.08|3962.67|3524.91|15.47|
|贵州茅台|600519.SH|2016-07-07|3981.02|3981.02|25.68|24.84|5.78|6.52|22.83|17.49|12.19|11.67|1.25|1.95|-1487.95|4050.6|3612.85|15.86|
|贵州茅台|600519.SH|2016-07-06|3984.53|3984.53|25.7|24.86|5.79|6.52|22.85|17.51|12.2|11.68|1.25|1.95|-1489.27|4054.12|3616.36|15.87|
|贵州茅台|600519.SH|2016-07-05|3775.88|3775.88|24.36|23.56|5.49|6.18|21.66|16.59|11.56|11.07|1.32|2.05|-1411.28|3845.47|3407.71|14.96|
|贵州茅台|600519.SH|2016-07-04|3691.97|3691.97|23.81|23.04|5.36|6.05|21.17|16.22|11.3|10.83|1.35|2.1|-1379.91|3761.55|3323.79|14.59|
|贵州茅台|600519.SH|2016-07-01|3594.86|3594.86|23.19|22.43|5.22|5.89|20.62|15.79|11.01|10.54|1.39|2.16|-1343.62|3664.45|3226.69|14.16|
|贵州茅台|600519.SH|2016-06-30|3667.09|3667.09|23.65|22.88|5.33|5.33|21.03|16.11|11.23|10.75|1.36|1.36|-1370.62|3736.68|3298.92|14.48|
|贵州茅台|600519.SH|2016-06-29|3620.11|3620.11|23.35|22.59|5.26|5.26|20.76|15.91|11.08|10.61|1.38|1.38|-1353.06|3689.7|3251.94|14.27|
|贵州茅台|600519.SH|2016-06-28|3620.49|3620.49|23.35|22.59|5.26|5.26|20.76|15.91|11.09|10.62|1.38|1.38|-1353.2|3690.07|3252.32|14.28|
|贵州茅台|600519.SH|2016-06-27|3613.83|3613.83|23.31|22.55|5.25|5.25|20.73|15.88|11.07|10.6|1.38|1.38|-1350.71|3683.42|3245.66|14.25|
|贵州茅台|600519.SH|2016-06-24|3439.09|3439.09|22.18|21.46|5|5|19.72|15.11|10.53|10.08|1.45|1.45|-1285.4|3508.68|3070.92|13.48|
|贵州茅台|600519.SH|2016-06-23|3472.63|3472.63|22.4|21.67|5.05|5.05|19.92|15.26|10.63|10.18|1.44|1.44|-1297.94|3542.22|3104.46|13.63|
|贵州茅台|600519.SH|2016-06-22|3497.76|3497.76|22.56|21.82|5.08|5.08|20.06|15.37|10.71|10.26|1.43|1.43|-1307.33|3567.34|3129.59|13.74|
|贵州茅台|600519.SH|2016-06-21|3439.6|3439.6|22.19|21.46|5|5|19.73|15.11|10.53|10.09|1.45|1.45|-1285.59|3509.18|3071.42|13.48|
|贵州茅台|600519.SH|2016-06-20|3468.49|3468.49|22.37|21.64|5.04|5.04|19.89|15.24|10.62|10.17|1.44|1.44|-1296.39|3538.07|3100.32|13.61|
|贵州茅台|600519.SH|2016-06-17|3495.5|3495.5|22.55|21.81|5.08|5.08|20.05|15.36|10.7|10.25|1.43|1.43|-1306.48|3565.08|3127.33|13.73|
|贵州茅台|600519.SH|2016-06-16|3442.23|3442.23|22.2|21.48|5|5|19.74|15.12|10.54|10.09|1.45|1.45|-1286.57|3511.82|3074.06|13.49|
|贵州茅台|600519.SH|2016-06-15|3473.26|3473.26|22.4|21.67|5.05|5.05|19.92|15.26|10.63|10.18|1.44|1.44|-1298.17|3542.85|3105.09|13.63|
|贵州茅台|600519.SH|2016-06-14|3426.28|3426.28|22.1|21.38|4.98|4.98|19.65|15.05|10.49|10.05|1.46|1.46|-1280.61|3495.87|3058.11|13.42|
|贵州茅台|600519.SH|2016-06-13|3354.8|3354.8|21.64|20.93|4.87|4.87|19.24|14.74|10.27|9.84|1.49|1.49|-1253.9|3424.39|2986.63|13.11|
|贵州茅台|600519.SH|2016-06-08|3445.5|3445.5|22.22|21.5|5.01|5.01|19.76|15.14|10.55|10.1|1.45|1.45|-1287.8|3515.09|3077.33|13.51|
|贵州茅台|600519.SH|2016-06-07|3490.35|3490.35|22.51|21.78|5.07|5.07|20.02|15.33|10.69|10.23|1.43|1.43|-1304.56|3559.93|3122.17|13.71|
|贵州茅台|600519.SH|2016-06-06|3467.73|3467.73|22.37|21.64|5.04|5.04|19.89|15.24|10.62|10.17|1.44|1.44|-1296.11|3537.32|3099.56|13.61|
|贵州茅台|600519.SH|2016-06-03|3566.22|3566.22|23|22.25|5.18|5.18|20.45|15.67|10.92|10.46|1.4|1.4|-1332.92|3635.81|3198.05|14.04|
|贵州茅台|600519.SH|2016-06-02|3363.34|3363.34|21.69|20.98|4.89|4.89|19.29|14.78|10.3|9.86|1.49|1.49|-1257.09|3432.93|2995.17|13.15|
|贵州茅台|600519.SH|2016-06-01|3313.72|3313.72|21.37|20.68|4.82|4.82|19|14.56|10.15|9.72|1.51|1.51|-1238.54|3383.31|2945.55|12.93|
|贵州茅台|600519.SH|2016-05-31|3322.27|3322.27|21.43|20.73|4.83|4.83|19.05|14.6|10.17|9.74|1.5|1.5|-1241.74|3391.85|2954.1|12.97|
|贵州茅台|600519.SH|2016-05-30|3217.5|3217.5|20.75|20.07|4.68|4.68|18.45|14.14|9.85|9.43|1.55|1.55|-1202.58|3287.09|2849.33|12.51|
|贵州茅台|600519.SH|2016-05-27|3171.15|3171.15|20.45|19.79|4.61|4.61|18.19|13.93|9.71|9.3|1.58|1.58|-1185.25|3240.73|2802.97|12.3|
|贵州茅台|600519.SH|2016-05-26|3174.54|3174.54|20.48|19.81|4.61|4.61|18.21|13.95|9.72|9.31|1.57|1.57|-1186.52|3244.12|2806.37|12.32|
|贵州茅台|600519.SH|2016-05-25|3163.86|3163.86|20.41|19.74|4.6|4.6|18.15|13.9|9.69|9.28|1.58|1.58|-1182.53|3233.45|2795.69|12.27|
|贵州茅台|600519.SH|2016-05-24|3164.86|3164.86|20.41|19.75|4.6|4.6|18.15|13.9|9.69|9.28|1.58|1.58|-1182.9|3234.45|2796.69|12.28|
|贵州茅台|600519.SH|2016-05-23|3193.25|3193.25|20.6|19.92|4.64|4.64|18.31|14.03|9.78|9.36|1.56|1.56|-1193.52|3262.84|2825.08|12.4|
|贵州茅台|600519.SH|2016-05-20|3156.32|3156.32|20.36|19.69|4.59|4.59|18.1|13.87|9.66|9.26|1.58|1.58|-1179.71|3225.91|2788.15|12.24|
|贵州茅台|600519.SH|2016-05-19|3087.36|3087.36|19.91|19.26|4.49|4.49|17.71|13.56|9.45|9.05|1.62|1.62|-1153.94|3156.94|2719.19|11.94|
|贵州茅台|600519.SH|2016-05-18|3070.65|3070.65|19.81|19.16|4.46|4.46|17.61|13.49|9.4|9|1.63|1.63|-1147.69|3140.24|2702.48|11.86|
|贵州茅台|600519.SH|2016-05-17|3140.87|3140.87|20.26|19.6|4.56|4.56|18.01|13.8|9.62|9.21|1.59|1.59|-1173.94|3210.46|2772.7|12.17|
|贵州茅台|600519.SH|2016-05-16|3160.97|3160.97|20.39|19.72|4.59|4.59|18.13|13.89|9.68|9.27|1.58|1.58|-1181.45|3230.56|2792.8|12.26|
|贵州茅台|600519.SH|2016-05-13|3152.55|3152.55|20.34|19.67|4.58|4.58|18.08|13.85|9.65|9.24|1.58|1.58|-1178.3|3222.14|2784.38|12.22|
|贵州茅台|600519.SH|2016-05-12|3215.36|3215.36|20.74|20.06|4.67|4.67|18.44|14.13|9.85|9.43|1.55|1.55|-1201.78|3284.95|2847.19|12.5|
|贵州茅台|600519.SH|2016-05-11|3226.8|3226.8|20.81|20.13|4.69|4.69|18.51|14.18|9.88|9.46|1.55|1.55|-1206.05|3296.38|2858.62|12.55|
|贵州茅台|600519.SH|2016-05-10|3166.62|3166.62|20.43|19.76|4.6|4.6|18.16|13.91|9.7|9.29|1.58|1.58|-1183.56|3236.21|2798.45|12.28|
|贵州茅台|600519.SH|2016-05-09|3150.8|3150.8|20.32|19.66|4.58|4.58|18.07|13.84|9.65|9.24|1.59|1.59|-1177.65|3220.38|2782.62|12.21|
|贵州茅台|600519.SH|2016-05-06|3168.38|3168.38|20.44|19.77|4.6|4.6|18.17|13.92|9.7|9.29|1.58|1.58|-1184.22|3237.97|2800.21|12.29|
|贵州茅台|600519.SH|2016-05-05|3238.1|3238.1|20.89|20.2|4.71|4.71|18.57|14.23|9.91|9.49|1.54|1.54|-1210.28|3307.69|2869.93|12.6|
|贵州茅台|600519.SH|2016-05-04|3218.5|3218.5|20.76|20.08|4.68|4.68|18.46|14.14|9.85|9.44|1.55|1.55|-1202.95|3288.09|2850.33|12.51|
|贵州茅台|600519.SH|2016-05-03|3266.11|3266.11|21.07|20.38|4.75|4.75|18.73|14.35|10|9.58|1.53|1.53|-1220.75|3335.7|2897.94|12.72|
|贵州茅台|600519.SH|2016-04-29|3155.57|3155.57|20.35|19.69|4.59|4.59|18.1|13.86|9.66|9.25|1.58|1.58|-1179.43|3225.16|2787.4|12.24|
|贵州茅台|600519.SH|2016-04-28|3095.77|3095.77|19.97|19.32|4.5|4.5|17.75|13.6|9.48|9.08|1.61|1.61|-1157.08|3165.36|2727.6|11.97|
|贵州茅台|600519.SH|2016-04-27|3076.18|3076.18|19.84|19.19|4.47|4.47|17.64|13.52|9.42|9.02|1.62|1.62|-1149.76|3145.76|2708.01|11.89|
|贵州茅台|600519.SH|2016-04-26|3063.36|3063.36|19.76|19.11|4.45|4.45|17.57|13.46|9.38|8.98|1.63|1.63|-1144.97|3132.95|2695.19|11.83|
|贵州茅台|600519.SH|2016-04-25|3071.65|3071.65|19.81|19.16|4.46|4.46|17.62|13.5|9.41|9.01|1.63|1.63|-1148.07|3141.24|2703.48|11.87|
|贵州茅台|600519.SH|2016-04-22|3107.83|3107.83|20.05|19.39|4.52|4.52|17.82|13.65|9.52|9.11|1.61|1.61|-1161.59|3177.42|2739.66|12.03|
|贵州茅台|600519.SH|2016-04-21|3019.52|3019.52|19.48|18.84|4.39|4.39|17.32|13.27|9.25|8.85|1.65|1.65|-1128.58|3089.11|2651.35|11.64|
|贵州茅台|600519.SH|2016-04-20|2995.28|2995.28|19.32|19.32|4.69|4.69|17.18|17.18|9.17|9.17|1.67|1.67|-1536.9|3054.95|2686.95|11.79|
|贵州茅台|600519.SH|2016-04-19|3054.82|3054.82|19.7|19.7|4.78|4.78|17.52|17.52|9.35|9.35|1.64|1.64|-1567.46|3114.5|2746.49|12.06|
|贵州茅台|600519.SH|2016-04-18|3061.1|3061.1|19.75|19.75|4.79|4.79|17.56|17.56|9.37|9.37|1.63|1.63|-1570.68|3120.78|2752.77|12.08|
|贵州茅台|600519.SH|2016-04-15|3076.43|3076.43|19.84|19.84|4.81|4.81|17.64|17.64|9.42|9.42|1.62|1.62|-1578.54|3136.1|2768.1|12.15|
|贵州茅台|600519.SH|2016-04-14|3049.55|3049.55|19.67|19.67|4.77|4.77|17.49|17.49|9.34|9.34|1.64|1.64|-1564.75|3109.22|2741.21|12.03|
|贵州茅台|600519.SH|2016-04-13|3043.01|3043.01|19.63|19.63|4.76|4.76|17.45|17.45|9.32|9.32|1.64|1.64|-1561.4|3102.69|2734.68|12|
|贵州茅台|600519.SH|2016-04-12|3076.68|3076.68|19.85|19.85|4.81|4.81|17.65|17.65|9.42|9.42|1.62|1.62|-1578.67|3136.36|2768.35|12.15|
|贵州茅台|600519.SH|2016-04-11|3061.61|3061.61|19.75|19.75|4.79|4.79|17.56|17.56|9.37|9.37|1.63|1.63|-1570.94|3121.28|2753.27|12.09|
|贵州茅台|600519.SH|2016-04-08|3138.74|3138.74|20.25|20.25|4.91|4.91|18|18|9.61|9.61|1.59|1.59|-1610.51|3198.41|2830.4|12.42|
|贵州茅台|600519.SH|2016-04-07|3192.12|3192.12|20.59|20.59|4.99|4.99|18.31|18.31|9.77|9.77|1.56|1.56|-1637.91|3251.8|2883.79|12.66|
|贵州茅台|600519.SH|2016-04-06|3231.07|3231.07|20.84|20.84|5.05|5.05|18.53|18.53|9.89|9.89|1.55|1.55|-1657.89|3290.74|2922.74|12.83|
|贵州茅台|600519.SH|2016-04-05|3084.22|3084.22|19.89|19.89|4.82|4.82|17.69|17.69|9.44|9.44|1.62|1.62|-1582.54|3143.89|2775.89|12.19|
|贵州茅台|600519.SH|2016-04-01|3078.82|3078.82|19.86|19.86|4.82|4.82|17.66|17.66|9.43|9.43|1.62|1.62|-1579.77|3138.49|2770.48|12.16|
|贵州茅台|600519.SH|2016-03-31|3110.85|3110.85|20.07|20.07|4.87|4.87|17.84|17.84|9.53|9.53|1.61|1.61|-1596.2|3170.52|2802.52|12.3|
|贵州茅台|600519.SH|2016-03-30|3123.66|3123.66|20.15|20.15|4.89|4.89|17.91|17.91|9.56|9.56|1.6|1.6|-1602.78|3183.34|2815.33|12.36|
|贵州茅台|600519.SH|2016-03-29|3116.75|3116.75|20.1|20.1|4.88|4.88|17.88|17.88|9.54|9.54|1.6|1.6|-1599.23|3176.43|2808.42|12.33|
|贵州茅台|600519.SH|2016-03-28|3135.22|3135.22|20.22|20.22|4.9|4.9|17.98|17.98|9.6|9.6|1.59|1.59|-1608.71|3194.89|2826.89|12.41|
|贵州茅台|600519.SH|2016-03-25|3077.43|3077.43|19.85|19.85|4.81|4.81|17.65|17.65|9.42|9.42|1.62|1.62|-1579.06|3137.11|2769.1|12.16|
|贵州茅台|600519.SH|2016-03-24|3048.29|3048.29|19.66|19.66|4.77|4.77|17.48|17.48|9.33|9.33|1.64|1.64|-1564.1|3107.97|2739.96|12.03|
|贵州茅台|600519.SH|2016-03-23|2951.69|2951.69|19.23|18.36|4.93|4.93|23.37|18.02|9.35|8.94|1.69|1.69|1045.57|3015.35|2709.99|12.04|
|贵州茅台|600519.SH|2016-03-22|2945.66|2945.66|19.19|18.32|4.92|4.92|23.32|17.99|9.33|8.93|1.7|1.7|1043.43|3009.32|2703.96|12.01|
|贵州茅台|600519.SH|2016-03-21|2914.13|2914.13|18.98|18.12|4.87|4.87|23.07|17.79|9.23|8.83|1.71|1.71|1032.26|2977.79|2672.43|11.87|
|贵州茅台|600519.SH|2016-03-18|2839.01|2839.01|18.5|17.65|4.74|4.74|22.47|17.34|8.99|8.6|1.76|1.76|1005.65|2902.67|2597.31|11.54|
|贵州茅台|600519.SH|2016-03-17|2883.73|2883.73|18.79|17.93|4.82|4.82|22.83|17.61|9.13|8.74|1.73|1.73|1021.5|2947.39|2642.03|11.73|
|贵州茅台|600519.SH|2016-03-16|2871.79|2871.79|18.71|17.86|4.8|4.8|22.73|17.54|9.1|8.7|1.74|1.74|1017.27|2935.46|2630.1|11.68|
|贵州茅台|600519.SH|2016-03-15|2913.37|2913.37|18.98|18.12|4.87|4.87|23.06|17.79|9.23|8.83|1.71|1.71|1032|2977.04|2671.68|11.87|
|贵州茅台|600519.SH|2016-03-14|2821.04|2821.04|18.38|17.54|4.71|4.71|22.33|17.23|8.93|8.55|1.77|1.77|999.29|2884.71|2579.35|11.46|
|贵州茅台|600519.SH|2016-03-11|2864.76|2864.76|18.66|17.81|4.79|4.79|22.68|17.49|9.07|8.68|1.74|1.74|1014.78|2928.42|2623.06|11.65|
|贵州茅台|600519.SH|2016-03-10|2864.88|2864.88|18.66|17.82|4.79|4.79|22.68|17.49|9.07|8.68|1.74|1.74|1014.82|2928.55|2623.19|11.65|
|贵州茅台|600519.SH|2016-03-09|2857.1|2857.1|18.61|17.77|4.77|4.77|22.62|17.45|9.05|8.66|1.75|1.75|1012.06|2920.76|2615.4|11.62|
|贵州茅台|600519.SH|2016-03-08|2879.33|2879.33|18.76|17.91|4.81|4.81|22.79|17.58|9.12|8.72|1.73|1.73|1019.94|2943|2637.63|11.71|
|贵州茅台|600519.SH|2016-03-07|2934.98|2934.98|19.12|18.25|4.9|4.9|23.23|17.92|9.3|8.89|1.7|1.7|1039.65|2998.64|2693.28|11.96|
|贵州茅台|600519.SH|2016-03-04|2999.55|2999.55|19.54|18.65|5.01|5.01|23.74|18.32|9.5|9.09|1.67|1.67|1062.52|3063.21|2757.85|12.25|
|贵州茅台|600519.SH|2016-03-03|2861.74|2861.74|18.64|17.8|4.78|4.78|22.65|17.47|9.06|8.67|1.75|1.75|1013.71|2925.41|2620.05|11.64|
|贵州茅台|600519.SH|2016-03-02|2816.65|2816.65|18.35|17.52|4.71|4.71|22.3|17.2|8.92|8.53|1.77|1.77|997.73|2880.31|2574.95|11.44|
|贵州茅台|600519.SH|2016-03-01|2743.79|2743.79|17.88|17.06|4.58|4.58|21.72|16.75|8.69|8.31|1.82|1.82|971.92|2807.45|2502.09|11.11|
|贵州茅台|600519.SH|2016-02-29|2699.69|2699.69|17.59|16.79|4.51|4.51|21.37|16.49|8.55|8.18|1.85|1.85|956.31|2763.36|2458|10.92|
|贵州茅台|600519.SH|2016-02-26|2723.94|2723.94|17.75|16.94|4.55|4.55|21.56|16.63|8.63|8.25|1.83|1.83|964.89|2787.6|2482.24|11.02|
|贵州茅台|600519.SH|2016-02-25|2668.29|2668.29|17.38|16.59|4.46|4.46|21.12|16.29|8.45|8.08|1.87|1.87|945.18|2731.95|2426.59|10.78|
|贵州茅台|600519.SH|2016-02-24|2735.25|2735.25|17.82|17.01|4.57|4.57|21.65|16.7|8.66|8.29|1.83|1.83|968.9|2798.91|2493.55|11.07|
|贵州茅台|600519.SH|2016-02-23|2668.29|2668.29|17.38|16.59|4.46|4.46|21.12|16.29|8.45|8.08|1.87|1.87|945.18|2731.95|2426.59|10.78|
|贵州茅台|600519.SH|2016-02-22|2610.38|2610.38|17.01|16.23|4.36|4.36|20.66|15.94|8.27|7.91|1.91|1.91|924.67|2674.04|2368.68|10.52|
|贵州茅台|600519.SH|2016-02-19|2551.46|2551.46|16.62|15.87|4.26|4.26|20.2|15.58|8.08|7.73|1.96|1.96|903.8|2615.13|2309.77|10.26|
|贵州茅台|600519.SH|2016-02-18|2533.88|2533.88|16.51|15.76|4.23|4.23|20.06|15.47|8.03|7.68|1.97|1.97|897.57|2597.54|2292.18|10.18|
|贵州茅台|600519.SH|2016-02-17|2541.29|2541.29|16.56|15.8|4.25|4.25|20.12|15.52|8.05|7.7|1.97|1.97|900.19|2604.95|2299.59|10.21|
|贵州茅台|600519.SH|2016-02-16|2561.64|2561.64|16.69|15.93|4.28|4.28|20.28|15.64|8.11|7.76|1.95|1.95|907.4|2625.3|2319.94|10.3|
|贵州茅台|600519.SH|2016-02-15|2517.55|2517.55|16.4|15.66|4.21|4.21|19.93|15.37|7.97|7.63|1.98|1.98|891.78|2581.21|2275.85|10.11|
|贵州茅台|600519.SH|2016-02-05|2561.01|2561.01|16.68|15.93|4.28|4.28|20.27|15.64|8.11|7.76|1.95|1.95|907.18|2624.67|2319.31|10.3|
|贵州茅台|600519.SH|2016-02-04|2575.08|2575.08|16.78|16.01|4.3|4.3|20.38|15.72|8.16|7.8|1.94|1.94|912.16|2638.74|2333.38|10.36|
|贵州茅台|600519.SH|2016-02-03|2558.37|2558.37|16.67|15.91|4.27|4.27|20.25|15.62|8.1|7.75|1.95|1.95|906.25|2622.04|2316.68|10.29|
|贵州茅台|600519.SH|2016-02-02|2569.55|2569.55|16.74|15.98|4.29|4.29|20.34|15.69|8.14|7.79|1.94|1.94|910.21|2633.22|2327.86|10.34|
|贵州茅台|600519.SH|2016-02-01|2528.6|2528.6|16.47|15.72|4.22|4.22|20.02|15.44|8.01|7.66|1.98|1.98|895.7|2592.26|2286.9|10.16|
|贵州茅台|600519.SH|2016-01-29|2520.56|2520.56|16.42|15.67|4.21|4.21|19.95|15.39|7.98|7.64|1.98|1.98|892.85|2584.23|2278.86|10.12|
|贵州茅台|600519.SH|2016-01-28|2470.19|2470.19|16.09|15.36|4.13|4.13|19.55|15.08|7.82|7.48|2.02|2.02|875.01|2533.85|2228.49|9.9|
|贵州茅台|600519.SH|2016-01-27|2511.52|2511.52|16.36|15.62|4.2|4.2|19.88|15.34|7.95|7.61|1.99|1.99|889.65|2575.18|2269.82|10.08|
|贵州茅台|600519.SH|2016-01-26|2499.96|2499.96|16.29|15.55|4.18|4.18|19.79|15.27|7.92|7.57|2|2|885.55|2563.62|2258.26|10.03|
|贵州茅台|600519.SH|2016-01-25|2547.19|2547.19|16.59|15.84|4.26|4.26|20.16|15.55|8.07|7.72|1.96|1.96|902.28|2610.86|2305.5|10.24|
|贵州茅台|600519.SH|2016-01-22|2546.82|2546.82|16.59|15.84|4.26|4.26|20.16|15.55|8.07|7.72|1.96|1.96|902.15|2610.48|2305.12|10.24|
|贵州茅台|600519.SH|2016-01-21|2515.66|2515.66|16.39|15.64|4.2|4.2|19.91|15.36|7.97|7.62|1.99|1.99|891.12|2579.33|2273.96|10.1|
|贵州茅台|600519.SH|2016-01-20|2541.54|2541.54|16.56|15.8|4.25|4.25|20.12|15.52|8.05|7.7|1.97|1.97|900.28|2605.2|2299.84|10.21|
|贵州茅台|600519.SH|2016-01-19|2641.03|2641.03|17.21|16.42|4.41|4.41|20.91|16.13|8.36|8|1.89|1.89|935.52|2704.69|2399.33|10.66|
|贵州茅台|600519.SH|2016-01-18|2505.24|2505.24|16.32|15.58|4.19|4.19|19.83|15.3|7.93|7.59|1.99|1.99|887.42|2568.9|2263.54|10.05|
|贵州茅台|600519.SH|2016-01-15|2499.83|2499.83|16.29|15.55|4.18|4.18|19.79|15.26|7.92|7.57|2|2|885.51|2563.5|2258.14|10.03|
|贵州茅台|600519.SH|2016-01-14|2572.94|2572.94|16.76|16|4.3|4.3|20.37|15.71|8.15|7.8|1.94|1.94|911.41|2636.61|2331.25|10.35|
|贵州茅台|600519.SH|2016-01-13|2509.63|2509.63|16.35|15.61|4.19|4.19|19.87|15.32|7.95|7.6|1.99|1.99|888.98|2573.3|2267.94|10.07|
|贵州茅台|600519.SH|2016-01-12|2472.07|2472.07|16.1|15.37|4.13|4.13|19.57|15.1|7.83|7.49|2.02|2.02|875.68|2535.74|2230.37|9.91|
|贵州茅台|600519.SH|2016-01-11|2510.64|2510.64|16.36|15.61|4.2|4.2|19.87|15.33|7.95|7.61|1.99|1.99|889.34|2574.3|2268.94|10.08|
|贵州茅台|600519.SH|2016-01-08|2570.56|2570.56|16.75|15.98|4.3|4.3|20.35|15.7|8.14|7.79|1.94|1.94|910.56|2634.22|2328.86|10.34|
|贵州茅台|600519.SH|2016-01-07|2540.41|2540.41|16.55|15.8|4.24|4.24|20.11|15.51|8.05|7.7|1.97|1.97|899.88|2604.07|2298.71|10.21|
|贵州茅台|600519.SH|2016-01-06|2665.4|2665.4|17.36|16.57|4.45|4.45|21.1|16.28|8.44|8.08|1.87|1.87|944.16|2729.06|2423.7|10.76|
|贵州茅台|600519.SH|2016-01-05|2673.44|2673.44|17.42|16.62|4.47|4.47|21.16|16.32|8.47|8.1|1.87|1.87|947.01|2737.1|2431.74|10.8|
|贵州茅台|600519.SH|2016-01-04|2638.27|2638.27|17.19|16.41|4.41|4.41|20.88|16.11|8.36|7.99|1.89|1.89|934.55|2701.93|2396.57|10.64|",2026-07-18T11:35:46.781912+08:00
