vendor,tool_name,query,result_index,api_name,title,score,table_markdown,retrieved_at
gildata,FinQuery,五粮液2016年1月至今每月末市盈率PE-TTM,1,股票价值分析,,,"|股票名称|股票代码|交易日|总市值（亿元）|流通市值（亿元）|市盈率PE(LYR)|市盈率PE(TTM)|市净率PB(MRQ)|市净率PB(LF)|市现率PCF(LYR)|市现率PCF(TTM)|市销率PS(LYR)|市销率PS(TTM)|股息率|滚动股息率|PEG|企业价值(含货币资金)EV1(亿元)|企业价值(剔除货币资金)EV2(亿元)|企业价值倍数EV2/EBITDA|
|----------|----------|----------|----------|----------|----------|----------|----------|----------|----------|----------|----------|----------|----------|----------|----------|----------|----------|----------|
|五粮液|000858.SZ|2026-07-17|2824.26|2824.19|31.54|22.41|2.21|2.4|9.51|24.94|6.97|6.1|11.44|7.09|-94.42|2827.65|1585.06|14.66|
|五粮液|000858.SZ|2026-07-16|2868.51|2868.44|32.04|22.76|2.24|2.44|9.66|25.34|7.08|6.2|11.26|6.98|-95.9|2871.9|1629.31|15.07|
|五粮液|000858.SZ|2026-07-15|2965.55|2965.48|33.12|23.53|2.32|2.32|9.98|26.19|7.32|6.41|10.89|7.52|-99.14|2968.94|1726.35|15.97|
|五粮液|000858.SZ|2026-07-14|2849.1|2849.03|31.82|22.61|2.23|2.23|9.59|25.16|7.03|6.16|11.34|7.83|-95.25|2852.49|1609.9|14.89|
|五粮液|000858.SZ|2026-07-13|2826.59|2826.52|31.57|22.43|2.21|2.21|9.52|24.97|6.97|6.11|11.43|7.89|-94.5|2829.98|1587.39|14.69|
|五粮液|000858.SZ|2026-07-10|2860.36|2860.29|31.94|22.7|2.23|2.24|9.63|25.26|7.06|6.18|11.29|7.8|-95.63|2863.75|1621.16|15|
|五粮液|000858.SZ|2026-07-09|2752.06|2751.99|30.73|21.84|2.15|2.15|9.26|24.31|6.79|5.95|11.74|8.11|-92.01|2755.45|1512.86|14|
|五粮液|000858.SZ|2026-07-08|2774.57|2774.51|30.99|22.02|2.17|2.17|9.34|24.51|6.85|6|11.64|8.04|-92.76|2777.96|1535.37|14.2|
|五粮液|000858.SZ|2026-07-07|2783.89|2783.82|31.09|22.09|2.17|2.18|9.37|24.59|6.87|6.02|11.6|8.01|-93.07|2787.28|1544.69|14.29|
|五粮液|000858.SZ|2026-07-06|2863.07|2863|31.97|22.72|2.24|2.24|9.64|25.29|7.06|6.19|11.28|7.79|-95.72|2866.46|1623.87|15.02|
|五粮液|000858.SZ|2026-07-03|2841.73|2841.66|31.74|22.55|2.22|2.22|9.57|25.1|7.01|6.14|11.37|7.85|-95|2845.11|1602.52|14.83|
|五粮液|000858.SZ|2026-07-02|2852.98|2852.91|31.86|22.64|2.23|2.23|9.6|25.2|7.04|6.16|11.32|7.82|-95.38|2856.37|1613.78|14.93|
|五粮液|000858.SZ|2026-07-01|2892.57|2892.5|32.3|22.96|2.26|2.26|9.74|25.55|7.14|6.25|11.17|7.71|-96.7|2895.96|1653.37|15.3|
|五粮液|000858.SZ|2026-06-30|2872.39|2872.32|32.08|22.8|2.24|2.25|9.67|25.37|7.09|6.21|11.25|7.77|-96.03|2875.78|1633.19|15.11|
|五粮液|000858.SZ|2026-06-29|2872.39|2872.32|32.08|22.8|2.24|2.25|9.67|25.37|7.09|6.21|11.25|7.77|-96.03|2875.78|1633.19|15.11|
|五粮液|000858.SZ|2026-06-26|2840.17|2840.1|31.72|22.54|2.22|2.22|9.56|25.09|7.01|6.14|11.37|7.85|-94.95|2843.56|1600.97|14.81|
|五粮液|000858.SZ|2026-06-25|2911.21|2911.14|32.51|23.1|2.27|2.28|9.8|25.71|7.18|6.29|11.1|7.66|-97.33|2914.6|1672.01|15.47|
|五粮液|000858.SZ|2026-06-24|2845.22|2845.15|31.77|22.58|2.22|2.22|9.58|25.13|7.02|6.15|11.35|7.84|-95.12|2848.61|1606.02|14.86|
|五粮液|000858.SZ|2026-06-23|2901.89|2901.82|32.41|23.03|2.27|2.27|9.77|25.63|7.16|6.27|11.13|7.69|-97.02|2905.28|1662.69|15.38|
|五粮液|000858.SZ|2026-06-22|2971.37|2971.3|33.18|23.58|2.32|2.32|10|26.24|7.33|6.42|10.87|7.51|-99.34|2974.76|1732.17|16.02|
|五粮液|000858.SZ|2026-06-18|2944.2|2944.13|32.88|23.37|2.3|2.3|9.91|26|7.26|6.36|10.97|7.58|-98.43|2947.59|1705|15.77|
|五粮液|000858.SZ|2026-06-17|3007.86|3007.78|33.59|23.87|2.35|2.35|10.13|26.57|7.42|6.5|10.74|7.42|-100.56|3011.25|1768.66|16.36|
|五粮液|000858.SZ|2026-06-16|3040.46|3040.39|33.96|24.13|2.38|2.38|10.24|26.85|7.5|6.57|10.63|7.34|-101.65|3043.85|1801.26|16.66|
|五粮液|000858.SZ|2026-06-15|3090.92|3090.85|34.52|24.53|2.41|2.42|10.4|27.3|7.63|6.68|10.45|7.22|-103.34|3094.31|1851.72|17.13|
|五粮液|000858.SZ|2026-06-12|3102.18|3102.11|34.64|24.62|2.42|2.43|10.44|27.4|7.65|6.7|10.41|7.19|-103.71|3105.57|1862.98|17.24|
|五粮液|000858.SZ|2026-06-11|3097.14|3097.06|34.59|24.58|2.42|2.42|10.43|27.35|7.64|6.69|10.43|7.2|-103.54|3100.52|1857.93|17.19|
|五粮液|000858.SZ|2026-06-10|3071.9|3071.83|34.31|24.38|2.4|2.4|10.34|27.13|7.58|6.64|10.52|7.26|-102.7|3075.29|1832.7|16.95|
|五粮液|000858.SZ|2026-06-09|3070.74|3070.67|34.29|24.37|2.4|2.4|10.34|27.12|7.58|6.63|10.52|7.26|-102.66|3074.13|1831.54|16.94|
|五粮液|000858.SZ|2026-06-08|3103.73|3103.66|34.66|24.63|2.42|2.43|10.45|27.41|7.66|6.71|10.41|7.19|-103.76|3107.12|1864.53|17.25|
|五粮液|000858.SZ|2026-06-05|3147.21|3147.13|35.15|24.98|2.46|2.46|10.59|27.8|7.77|6.8|10.27|7.09|-105.22|3150.6|1908.01|17.65|
|五粮液|000858.SZ|2026-06-04|3147.98|3147.91|35.16|24.98|2.46|2.46|10.6|27.8|7.77|6.8|10.26|7.09|-105.24|3151.37|1908.78|17.66|
|五粮液|000858.SZ|2026-06-03|3196.5|3196.43|35.7|25.37|2.5|2.5|10.76|28.23|7.89|6.91|10.11|6.98|-106.87|3199.89|1957.3|18.11|
|五粮液|000858.SZ|2026-06-02|3210.48|3210.4|35.85|25.48|2.51|2.51|10.81|28.36|7.92|6.94|10.06|6.95|-107.33|3213.87|1971.28|18.24|
|五粮液|000858.SZ|2026-06-01|3237.65|3237.57|36.16|25.69|2.53|2.53|10.9|28.6|7.99|7|9.98|6.89|-108.24|3241.04|1998.45|18.49|
|五粮液|000858.SZ|2026-05-29|3295.1|3295.02|36.8|26.15|2.57|2.57|11.09|29.1|8.13|7.12|9.8|6.77|-110.16|3298.49|2055.9|19.02|
|五粮液|000858.SZ|2026-05-28|3163.12|3163.05|35.33|25.1|2.47|2.47|10.65|27.94|7.8|6.83|10.21|7.05|-105.75|3166.51|1923.92|17.8|
|五粮液|000858.SZ|2026-05-27|3256.28|3256.2|36.37|25.84|2.54|2.54|10.96|28.76|8.03|7.04|9.92|6.85|-108.86|3259.67|2017.08|18.66|
|五粮液|000858.SZ|2026-05-26|3235.71|3235.63|36.14|25.68|2.53|2.53|10.89|28.58|7.98|6.99|9.98|6.89|-108.18|3239.1|1996.51|18.47|
|五粮液|000858.SZ|2026-05-25|3265.98|3265.91|36.47|25.92|2.55|2.55|10.99|28.85|8.06|7.06|9.89|6.83|-109.19|3269.37|2026.78|18.75|
|五粮液|000858.SZ|2026-05-22|3261.72|3261.64|36.43|25.89|2.55|2.55|10.98|28.81|8.05|7.05|9.9|6.84|-109.05|3265.1|2022.51|18.71|
|五粮液|000858.SZ|2026-05-21|3312.95|3312.87|37|26.29|2.59|2.59|11.15|29.26|8.17|7.16|9.75|6.73|-110.76|3316.34|2073.75|19.18|
|五粮液|000858.SZ|2026-05-20|3317.61|3317.53|37.05|26.33|2.59|2.59|11.17|29.3|8.19|7.17|9.74|6.72|-110.91|3321|2078.41|19.23|
|五粮液|000858.SZ|2026-05-19|3329.64|3329.56|37.19|26.42|2.6|2.6|11.21|29.41|8.22|7.19|9.7|6.7|-111.32|3333.03|2090.44|19.34|
|五粮液|000858.SZ|2026-05-18|3321.49|3321.41|37.09|26.36|2.6|2.6|11.18|29.34|8.2|7.18|9.73|6.72|-111.04|3324.88|2082.29|19.26|
|五粮液|000858.SZ|2026-05-15|3371.95|3371.87|37.66|26.76|2.63|2.63|11.35|29.78|8.32|7.29|9.58|6.62|-112.73|3375.34|2132.75|19.73|
|五粮液|000858.SZ|2026-05-14|3454.24|3454.16|38.58|27.41|2.7|2.7|11.63|30.51|8.52|7.46|9.35|6.46|-115.48|3457.63|2215.04|20.49|
|五粮液|000858.SZ|2026-05-13|3460.45|3460.37|38.65|27.46|2.7|2.7|11.65|30.56|8.54|7.48|9.34|6.45|-115.69|3463.84|2221.25|20.55|
|五粮液|000858.SZ|2026-05-12|3515.18|3515.1|39.26|27.9|2.75|2.75|11.83|31.05|8.67|7.6|9.19|6.35|-117.52|3518.57|2275.98|21.06|
|五粮液|000858.SZ|2026-05-11|3563.7|3563.62|39.8|28.28|2.78|2.78|12|31.48|8.79|7.7|9.07|6.26|-119.14|3567.09|2324.5|21.5|
|五粮液|000858.SZ|2026-05-08|3576.13|3576.04|39.94|28.38|2.79|2.79|12.04|31.59|8.82|7.73|9.03|6.24|-119.56|3579.51|2336.92|21.62|
|五粮液|000858.SZ|2026-05-07|3594.37|3594.28|40.14|28.53|2.81|2.81|12.1|31.75|8.87|7.77|8.99|6.21|-120.17|3597.76|2355.17|21.79|
|五粮液|000858.SZ|2026-05-06|3581.17|3581.08|39.99|28.42|2.8|2.8|12.06|31.63|8.84|7.74|9.02|6.23|-119.73|3584.56|2341.97|21.67|
|五粮液|000858.SZ|2026-04-30|3768.27|3768.17|42.08|29.91|2.94|2.94|12.69|33.28|9.3|8.14|8.57|5.92|-125.98|3771.65|2529.06|23.4|
|五粮液|000858.SZ|2026-04-29|3817.17|3817.01|11.98|13.42|2.68|2.88|11.25|11.78|4.28|4.64|8.46|5.84|451.09|3820.86|2457.8|5.78|
|五粮液|000858.SZ|2026-04-28|3889.37|3889.21|12.21|13.68|2.73|2.94|11.46|12.01|4.36|4.73|8.31|5.74|459.62|3893.06|2530|5.95|
|五粮液|000858.SZ|2026-04-27|3889.37|3889.21|12.21|13.68|2.73|2.94|11.46|12.01|4.36|4.73|8.31|5.74|459.62|3893.06|2530|5.95|
|五粮液|000858.SZ|2026-04-24|3930.9|3930.74|12.34|13.82|2.76|2.97|11.58|12.13|4.41|4.78|8.22|5.67|464.53|3934.59|2571.53|6.04|
|五粮液|000858.SZ|2026-04-23|3927.41|3927.25|12.33|13.81|2.76|2.96|11.57|12.12|4.4|4.78|8.23|5.68|464.12|3931.1|2568.04|6.04|
|五粮液|000858.SZ|2026-04-22|3906.45|3906.29|12.26|13.74|2.74|2.95|11.51|12.06|4.38|4.75|8.27|5.71|461.64|3910.14|2547.08|5.99|
|五粮液|000858.SZ|2026-04-21|3927.41|3927.25|12.33|13.81|2.76|2.96|11.57|12.12|4.4|4.78|8.23|5.68|464.12|3931.1|2568.04|6.04|
|五粮液|000858.SZ|2026-04-20|3934.01|3933.84|12.35|13.84|2.76|2.97|11.59|12.14|4.41|4.79|8.21|5.67|464.9|3937.7|2574.64|6.05|
|五粮液|000858.SZ|2026-04-17|3953.81|3953.64|12.41|13.91|2.77|2.98|11.65|12.21|4.43|4.81|8.17|5.64|467.24|3957.5|2594.44|6.1|
|五粮液|000858.SZ|2026-04-16|4015.14|4014.97|12.61|14.12|2.82|3.03|11.83|12.39|4.5|4.88|8.05|5.56|474.49|4018.83|2655.77|6.24|
|五粮液|000858.SZ|2026-04-15|4019.41|4019.24|12.62|14.14|2.82|3.03|11.84|12.41|4.51|4.89|8.04|5.55|474.99|4023.09|2660.04|6.25|
|五粮液|000858.SZ|2026-04-14|4001.94|4001.77|12.56|14.07|2.81|3.02|11.79|12.35|4.49|4.87|8.07|5.57|472.93|4005.63|2642.57|6.21|
|五粮液|000858.SZ|2026-04-13|3975.54|3975.38|12.48|13.98|2.79|3|11.71|12.27|4.46|4.84|8.13|5.61|469.81|3979.23|2616.17|6.15|
|五粮液|000858.SZ|2026-04-10|3961.96|3961.79|12.44|13.93|2.78|2.99|11.67|12.23|4.44|4.82|8.15|5.63|468.2|3965.65|2602.59|6.12|
|五粮液|000858.SZ|2026-04-09|3982.53|3982.36|12.5|14.01|2.79|3.01|11.73|12.29|4.47|4.84|8.11|5.6|470.63|3986.22|2623.16|6.17|
|五粮液|000858.SZ|2026-04-08|4044.25|4044.08|12.7|14.22|2.84|3.05|11.92|12.48|4.54|4.92|7.99|5.52|477.93|4047.94|2684.88|6.31|
|五粮液|000858.SZ|2026-04-07|4002.33|4002.16|12.56|14.08|2.81|3.02|11.79|12.36|4.49|4.87|8.07|5.57|472.97|4006.02|2642.96|6.21|
|五粮液|000858.SZ|2026-04-03|4017.08|4016.91|12.61|14.13|2.82|3.03|11.84|12.4|4.5|4.89|8.04|5.55|474.71|4020.77|2657.71|6.25|
|五粮液|000858.SZ|2026-04-02|4075.69|4075.52|12.8|14.33|2.86|3.08|12.01|12.58|4.57|4.96|7.93|5.47|481.64|4079.38|2716.32|6.38|
|五粮液|000858.SZ|2026-04-01|4052.01|4051.84|12.72|14.25|2.84|3.06|11.94|12.51|4.54|4.93|7.97|5.51|478.84|4055.7|2692.64|6.33|
|五粮液|000858.SZ|2026-03-31|4008.54|4008.37|12.58|14.1|2.81|3.03|11.81|12.37|4.5|4.88|8.06|5.57|473.71|4012.23|2649.17|6.23|
|五粮液|000858.SZ|2026-03-30|4015.91|4015.74|12.61|14.12|2.82|3.03|11.83|12.4|4.5|4.89|8.04|5.55|474.58|4019.6|2656.54|6.24|
|五粮液|000858.SZ|2026-03-27|3984.47|3984.3|12.51|14.01|2.8|3.01|11.74|12.3|4.47|4.85|8.11|5.6|470.86|3988.16|2625.1|6.17|
|五粮液|000858.SZ|2026-03-26|3931.29|3931.13|12.34|13.83|2.76|2.97|11.58|12.14|4.41|4.78|8.22|5.67|464.58|3934.98|2571.92|6.04|
|五粮液|000858.SZ|2026-03-25|3976.71|3976.54|12.48|13.99|2.79|3|11.72|12.28|4.46|4.84|8.12|5.61|469.94|3980.4|2617.34|6.15|
|五粮液|000858.SZ|2026-03-24|3933.62|3933.46|12.35|13.83|2.76|2.97|11.59|12.14|4.41|4.79|8.21|5.67|464.85|3937.31|2574.25|6.05|
|五粮液|000858.SZ|2026-03-23|3890.54|3890.37|12.21|13.68|2.73|2.94|11.46|12.01|4.36|4.73|8.3|5.73|459.76|3894.23|2531.17|5.95|
|五粮液|000858.SZ|2026-03-20|3974.77|3974.6|12.48|13.98|2.79|3|11.71|12.27|4.46|4.84|8.13|5.61|469.71|3978.46|2615.4|6.15|
|五粮液|000858.SZ|2026-03-19|3979.81|3979.65|12.49|14|2.79|3|11.73|12.29|4.46|4.84|8.12|5.61|470.31|3983.5|2620.44|6.16|
|五粮液|000858.SZ|2026-03-18|4026|4025.83|12.64|14.16|2.83|3.04|11.86|12.43|4.51|4.9|8.02|5.54|475.77|4029.69|2666.63|6.27|
|五粮液|000858.SZ|2026-03-17|4067.54|4067.37|12.77|14.31|2.85|3.07|11.98|12.56|4.56|4.95|7.94|5.48|480.68|4071.23|2708.17|6.37|
|五粮液|000858.SZ|2026-03-16|4057.83|4057.66|12.74|14.27|2.85|3.06|11.96|12.53|4.55|4.94|7.96|5.5|479.53|4061.52|2698.46|6.34|
|五粮液|000858.SZ|2026-03-13|3996.12|3995.95|12.55|14.05|2.8|3.02|11.77|12.34|4.48|4.86|8.08|5.58|472.24|3999.81|2636.75|6.2|
|五粮液|000858.SZ|2026-03-12|3969.72|3969.55|12.46|13.96|2.79|3|11.7|12.25|4.45|4.83|8.14|5.62|469.12|3973.41|2610.35|6.14|
|五粮液|000858.SZ|2026-03-11|3966.23|3966.06|12.45|13.95|2.78|2.99|11.69|12.24|4.45|4.82|8.15|5.62|468.71|3969.92|2606.86|6.13|
|五粮液|000858.SZ|2026-03-10|3961.18|3961.01|12.44|13.93|2.78|2.99|11.67|12.23|4.44|4.82|8.16|5.63|468.11|3964.87|2601.81|6.12|
|五粮液|000858.SZ|2026-03-09|3940.61|3940.44|12.37|13.86|2.77|2.97|11.61|12.16|4.42|4.79|8.2|5.66|465.68|3944.3|2581.24|6.07|
|五粮液|000858.SZ|2026-03-06|3974.77|3974.6|12.48|13.98|2.79|3|11.71|12.27|4.46|4.84|8.13|5.61|469.71|3978.46|2615.4|6.15|
|五粮液|000858.SZ|2026-03-05|3937.89|3937.73|12.36|13.85|2.76|2.97|11.6|12.16|4.42|4.79|8.2|5.66|465.36|3941.58|2578.52|6.06|
|五粮液|000858.SZ|2026-03-04|3921.2|3921.04|12.31|13.79|2.75|2.96|11.55|12.11|4.4|4.77|8.24|5.69|463.38|3924.89|2561.83|6.02|
|五粮液|000858.SZ|2026-03-03|3980.59|3980.42|12.5|14|2.79|3|11.73|12.29|4.46|4.84|8.12|5.6|470.4|3984.28|2621.22|6.16|
|五粮液|000858.SZ|2026-03-02|4006.6|4006.43|12.58|14.09|2.81|3.02|11.8|12.37|4.49|4.87|8.06|5.57|473.48|4010.29|2647.23|6.22|
|五粮液|000858.SZ|2026-02-27|4038.81|4038.64|12.68|14.2|2.83|3.05|11.9|12.47|4.53|4.91|8|5.52|477.28|4042.5|2679.44|6.3|
|五粮液|000858.SZ|2026-02-26|4032.21|4032.04|12.66|14.18|2.83|3.04|11.88|12.45|4.52|4.91|8.01|5.53|476.5|4035.9|2672.84|6.28|
|五粮液|000858.SZ|2026-02-25|4082.29|4082.12|12.82|14.36|2.86|3.08|12.03|12.6|4.58|4.97|7.91|5.46|482.42|4085.98|2722.92|6.4|
|五粮液|000858.SZ|2026-02-24|4081.9|4081.73|12.81|14.36|2.86|3.08|12.03|12.6|4.58|4.97|7.91|5.46|482.38|4085.59|2722.53|6.4|
|五粮液|000858.SZ|2026-02-13|4116.83|4116.66|12.92|14.48|2.89|3.11|12.13|12.71|4.62|5.01|7.85|5.42|486.5|4120.52|2757.46|6.48|
|五粮液|000858.SZ|2026-02-12|4060.94|4060.77|12.75|14.28|2.85|3.07|11.97|12.54|4.55|4.94|7.96|5.49|479.9|4064.63|2701.57|6.35|
|五粮液|000858.SZ|2026-02-11|4116.06|4115.88|12.92|14.48|2.89|3.11|12.13|12.71|4.62|5.01|7.85|5.42|486.41|4119.75|2756.69|6.48|
|五粮液|000858.SZ|2026-02-10|4133.91|4133.74|12.98|14.54|2.9|3.12|12.18|12.76|4.64|5.03|7.82|5.4|488.52|4137.6|2774.54|6.52|
|五粮液|000858.SZ|2026-02-09|4167.29|4167.12|13.08|14.66|2.92|3.15|12.28|12.86|4.67|5.07|7.75|5.35|492.47|4170.98|2807.92|6.6|
|五粮液|000858.SZ|2026-02-06|4153.32|4153.15|13.04|14.61|2.91|3.13|12.24|12.82|4.66|5.05|7.78|5.37|490.82|4157.01|2793.95|6.57|
|五粮液|000858.SZ|2026-02-05|4226.68|4226.5|13.27|14.87|2.97|3.19|12.45|13.05|4.74|5.14|7.64|5.28|499.49|4230.37|2867.31|6.74|
|五粮液|000858.SZ|2026-02-04|4212.32|4212.14|13.22|14.81|2.96|3.18|12.41|13|4.72|5.12|7.67|5.3|497.79|4216.01|2852.95|6.71|
|五粮液|000858.SZ|2026-02-03|4164.19|4164.01|13.07|14.65|2.92|3.14|12.27|12.86|4.67|5.07|7.76|5.36|492.1|4167.88|2804.82|6.59|
|五粮液|000858.SZ|2026-02-02|4164.58|4164.4|13.07|14.65|2.92|3.14|12.27|12.86|4.67|5.07|7.76|5.36|492.15|4168.27|2805.21|6.59|
|五粮液|000858.SZ|2026-01-30|4075.69|4075.52|12.8|14.33|2.86|3.08|12.01|12.58|4.57|4.96|7.93|5.47|481.64|4079.38|2716.32|6.38|
|五粮液|000858.SZ|2026-01-29|4299.66|4299.48|13.5|15.12|3.02|3.25|12.67|13.27|4.82|5.23|7.51|5.19|508.11|4303.35|2940.29|6.91|
|五粮液|000858.SZ|2026-01-28|3908.78|3908.61|12.27|13.75|2.74|2.95|11.52|12.07|4.38|4.75|8.27|5.71|461.92|3912.47|2549.41|5.99|
|五粮液|000858.SZ|2026-01-27|3921.2|3921.04|12.31|13.79|2.75|2.96|11.55|12.11|4.4|4.77|8.24|5.69|463.38|3924.89|2561.83|6.02|
|五粮液|000858.SZ|2026-01-26|3972.44|3972.27|12.47|13.97|2.79|3|11.7|12.26|4.45|4.83|8.13|5.62|469.44|3976.13|2613.07|6.14|
|五粮液|000858.SZ|2026-01-23|3997.67|3997.5|12.55|14.06|2.81|3.02|11.78|12.34|4.48|4.86|8.08|5.58|472.42|4001.36|2638.3|6.2|
|五粮液|000858.SZ|2026-01-22|3988.74|3988.57|12.52|14.03|2.8|3.01|11.75|12.31|4.47|4.85|8.1|5.59|471.37|3992.43|2629.37|6.18|
|五粮液|000858.SZ|2026-01-21|4000|3999.83|12.56|14.07|2.81|3.02|11.79|12.35|4.49|4.87|8.08|5.58|472.7|4003.69|2640.63|6.21|
|五粮液|000858.SZ|2026-01-20|4072.19|4072.02|12.78|14.32|2.86|3.07|12|12.57|4.57|4.95|7.93|5.48|481.23|4075.88|2712.82|6.38|
|五粮液|000858.SZ|2026-01-19|4058.22|4058.05|12.74|14.27|2.85|3.06|11.96|12.53|4.55|4.94|7.96|5.5|479.58|4061.91|2698.85|6.34|
|五粮液|000858.SZ|2026-01-16|4081.9|4081.73|12.81|14.36|2.86|3.08|12.03|12.6|4.58|4.97|7.91|5.46|482.38|4085.59|2722.53|6.4|
|五粮液|000858.SZ|2026-01-15|4118|4117.82|12.93|14.48|2.89|3.11|12.13|12.71|4.62|5.01|7.85|5.42|486.64|4121.69|2758.63|6.48|
|五粮液|000858.SZ|2026-01-14|4154.87|4154.7|13.04|14.61|2.92|3.14|12.24|12.83|4.66|5.05|7.78|5.37|491|4158.56|2795.5|6.57|
|五粮液|000858.SZ|2026-01-13|4192.14|4191.96|13.16|14.74|2.94|3.16|12.35|12.94|4.7|5.1|7.71|5.32|495.4|4195.83|2832.77|6.66|
|五粮液|000858.SZ|2026-01-12|4213.49|4213.31|13.23|14.82|2.96|3.18|12.41|13.01|4.72|5.13|7.67|5.29|497.93|4217.18|2854.12|6.71|
|五粮液|000858.SZ|2026-01-09|4158.75|4158.58|13.06|14.63|2.92|3.14|12.25|12.84|4.66|5.06|7.77|5.36|491.46|4162.44|2799.38|6.58|
|五粮液|000858.SZ|2026-01-08|4149.44|4149.26|13.03|14.59|2.91|3.13|12.23|12.81|4.65|5.05|7.79|5.38|490.36|4153.13|2790.07|6.56|
|五粮液|000858.SZ|2026-01-07|4173.5|4173.33|13.1|14.68|2.93|3.15|12.3|12.88|4.68|5.08|7.74|5.35|493.2|4177.19|2814.13|6.61|
|五粮液|000858.SZ|2026-01-06|4198.74|4198.56|13.18|14.77|2.95|3.17|12.37|12.96|4.71|5.11|7.69|5.31|496.18|4202.43|2839.37|6.67|
|五粮液|000858.SZ|2026-01-05|4188.26|4188.08|13.15|14.73|2.94|3.16|12.34|12.93|4.7|5.09|7.71|5.33|494.94|4191.94|2828.89|6.65|
|五粮液|000858.SZ|2025-12-31|4112.18|4112|12.91|14.46|2.89|3.1|12.12|12.69|4.61|5|4.41|5.42|485.95|4115.87|2752.81|6.47|
|五粮液|000858.SZ|2025-12-30|4167.29|4167.12|13.08|14.66|2.92|3.15|12.28|12.86|4.67|5.07|4.35|5.35|492.47|4170.98|2807.92|6.6|
|五粮液|000858.SZ|2025-12-29|4194.47|4194.29|13.17|14.75|2.94|3.17|12.36|12.95|4.7|5.1|4.32|5.32|495.68|4198.16|2835.1|6.66|
|五粮液|000858.SZ|2025-12-26|4261.23|4261.05|13.38|14.99|2.99|3.22|12.56|13.15|4.78|5.18|4.25|5.24|503.57|4264.92|2901.86|6.82|
|五粮液|000858.SZ|2025-12-25|4293.06|4292.88|13.48|15.1|3.01|3.24|12.65|13.25|4.81|5.22|4.22|5.2|507.33|4296.75|2933.69|6.9|
|五粮液|000858.SZ|2025-12-24|4241.82|4241.64|13.32|14.92|2.98|3.2|12.5|13.09|4.76|5.16|4.27|5.26|501.27|4245.51|2882.45|6.77|
|五粮液|000858.SZ|2025-12-23|4258.9|4258.72|13.37|14.98|2.99|3.21|12.55|13.15|4.78|5.18|4.26|5.24|503.29|4262.59|2899.53|6.81|
|五粮液|000858.SZ|2025-12-22|4282.58|4282.4|13.44|15.06|3.01|3.23|12.62|13.22|4.8|5.21|4.23|5.21|506.09|4286.27|2923.21|6.87|
|五粮液|000858.SZ|2025-12-19|4290.34|4290.16|13.47|15.09|3.01|3.24|12.64|13.24|4.81|5.22|4.23|5.2|507.01|4294.03|2930.97|6.89|
|五粮液|000858.SZ|2025-12-18|4286.46|4286.28|13.46|15.08|3.01|3.24|12.63|13.23|4.81|5.21|4.23|5.2|506.55|4290.15|2927.09|6.88|
|五粮液|000858.SZ|2025-12-17|4401.74|4401.56|13.82|15.48|3.09|3.09|12.97|13.59|4.94|5.35|4.12|5.07|520.17|4405.43|3042.37|7.15|
|五粮液|000858.SZ|2025-12-16|4386.22|4386.03|13.77|15.43|3.08|3.08|12.92|13.54|4.92|5.34|4.13|5.08|518.34|4389.91|3026.85|7.11|
|五粮液|000858.SZ|2025-12-15|4364.87|4364.68|13.7|15.35|3.06|3.06|12.86|13.47|4.89|5.31|4.15|5.11|515.81|4368.56|3005.5|7.06|
|五粮液|000858.SZ|2025-12-12|4331.87|4331.69|13.6|15.23|3.04|3.04|12.76|13.37|4.86|5.27|4.18|5.15|511.92|4335.56|2972.5|6.99|
|五粮液|000858.SZ|2025-12-11|4343.52|4343.34|13.64|15.28|3.05|3.05|12.8|13.41|4.87|5.28|4.17|5.13|513.29|4347.21|2984.15|7.01|
|五粮液|000858.SZ|2025-12-10|4332.65|4332.47|13.6|15.24|3.04|3.04|12.77|13.38|4.86|5.27|4.18|5.15|512.01|4336.34|2973.28|6.99|
|五粮液|000858.SZ|2025-12-09|4303.93|4303.75|13.51|15.14|3.02|3.02|12.68|13.29|4.83|5.24|4.21|5.18|508.61|4307.62|2944.56|6.92|
|五粮液|000858.SZ|2025-12-08|4396.7|4396.51|13.8|15.46|3.09|3.09|12.95|13.57|4.93|5.35|4.12|5.07|519.58|4400.39|3037.33|7.14|
|五粮液|000858.SZ|2025-12-05|4462.3|4462.11|14.01|15.69|3.13|3.13|13.15|13.78|5|5.43|4.06|5|527.33|4465.99|3102.93|7.29|
|五粮液|000858.SZ|2025-12-04|4442.5|4442.31|13.95|15.62|3.12|3.12|13.09|13.71|4.98|5.4|4.08|5.02|524.99|4446.19|3083.13|7.25|
|五粮液|000858.SZ|2025-12-03|4487.14|4486.95|14.09|15.78|3.15|3.15|13.22|13.85|5.03|5.46|4.04|4.97|530.26|4490.83|3127.77|7.35|
|五粮液|000858.SZ|2025-12-02|4524.79|4524.6|14.21|15.91|3.18|3.18|13.33|13.97|5.07|5.5|4.01|4.93|534.71|4528.48|3165.42|7.44|
|五粮液|000858.SZ|2025-12-01|4566.71|4566.52|14.34|16.06|3.2|3.2|13.46|14.1|5.12|5.56|3.97|4.88|539.67|4570.4|3207.34|7.54|
|五粮液|000858.SZ|2025-11-28|4574.48|4574.28|14.36|16.09|3.21|3.21|13.48|14.12|5.13|5.56|3.96|4.87|540.59|4578.16|3215.11|7.56|
|五粮液|000858.SZ|2025-11-27|4577.97|4577.78|14.37|16.1|3.21|3.21|13.49|14.13|5.13|5.57|3.96|4.87|541|4581.66|3218.6|7.56|
|五粮液|000858.SZ|2025-11-26|4590.39|4590.2|14.41|16.14|3.22|3.22|13.53|14.17|5.15|5.58|3.95|4.86|542.47|4594.08|3231.02|7.59|
|五粮液|000858.SZ|2025-11-25|4600.09|4599.9|14.44|16.18|3.23|3.23|13.55|14.2|5.16|5.6|3.94|4.85|543.61|4603.78|3240.72|7.62|
|五粮液|000858.SZ|2025-11-24|4600.48|4600.29|14.44|16.18|3.23|3.23|13.55|14.2|5.16|5.6|3.94|4.85|543.66|4604.17|3241.11|7.62|
|五粮液|000858.SZ|2025-11-21|4645.51|4645.31|14.58|16.34|3.26|3.26|13.69|14.34|5.21|5.65|3.9|4.8|548.98|4649.2|3286.14|7.72|
|五粮液|000858.SZ|2025-11-20|4667.63|4667.44|14.65|16.42|3.28|3.28|13.75|14.41|5.23|5.68|3.88|4.78|551.59|4671.32|3308.26|7.78|
|五粮液|000858.SZ|2025-11-19|4653.66|4653.46|14.61|16.37|3.27|3.27|13.71|14.37|5.22|5.66|3.9|4.79|549.94|4657.35|3294.29|7.74|
|五粮液|000858.SZ|2025-11-18|4671.9|4671.71|14.67|16.43|3.28|3.28|13.77|14.42|5.24|5.68|3.88|4.77|552.1|4675.59|3312.53|7.79|
|五粮液|000858.SZ|2025-11-17|4663.75|4663.56|14.64|16.4|3.27|3.27|13.74|14.4|5.23|5.67|3.89|4.78|551.14|4667.44|3304.38|7.77|
|五粮液|000858.SZ|2025-11-14|4666.08|4665.88|14.65|16.41|3.27|3.27|13.75|14.4|5.23|5.68|3.88|4.78|551.41|4669.77|3306.71|7.77|
|五粮液|000858.SZ|2025-11-13|4704.51|4704.31|14.77|16.55|3.3|3.3|13.86|14.52|5.28|5.72|3.85|4.74|555.95|4708.2|3345.14|7.86|
|五粮液|000858.SZ|2025-11-12|4672.68|4672.48|14.67|16.43|3.28|3.28|13.77|14.42|5.24|5.68|3.88|4.77|552.19|4676.37|3313.31|7.79|
|五粮液|000858.SZ|2025-11-11|4688.21|4688.01|14.72|16.49|3.29|3.29|13.81|14.47|5.26|5.7|3.87|4.76|554.03|4691.9|3328.84|7.82|
|五粮液|000858.SZ|2025-11-10|4688.98|4688.78|14.72|16.49|3.29|3.29|13.82|14.48|5.26|5.7|3.87|4.76|554.12|4692.67|3329.61|7.83|
|五粮液|000858.SZ|2025-11-07|4531.78|4531.59|14.23|15.94|3.18|3.18|13.35|13.99|5.08|5.51|4|4.92|535.54|4535.47|3172.41|7.46|
|五粮液|000858.SZ|2025-11-06|4509.26|4509.07|14.16|15.86|3.16|3.16|13.29|13.92|5.06|5.49|4.02|4.95|532.88|4512.95|3149.89|7.4|
|五粮液|000858.SZ|2025-11-05|4509.65|4509.46|14.16|15.86|3.16|3.16|13.29|13.92|5.06|5.49|4.02|4.94|532.92|4513.34|3150.28|7.4|
|五粮液|000858.SZ|2025-11-04|4547.69|4547.5|14.28|15.99|3.19|3.19|13.4|14.04|5.1|5.53|3.99|4.9|537.42|4551.38|3188.32|7.49|
|五粮液|000858.SZ|2025-11-03|4618.34|4618.14|14.5|16.24|3.24|3.24|13.61|14.26|5.18|5.62|3.92|4.83|545.77|4622.03|3258.97|7.66|
|五粮液|000858.SZ|2025-10-31|4618.73|4618.53|14.5|16.24|3.24|3.24|13.61|14.26|5.18|5.62|3.92|4.83|545.81|4622.42|3259.36|7.66|
|五粮液|000858.SZ|2025-10-30|4598.54|4598.35|14.44|14.24|3.27|3.27|13.55|8.9|5.16|5.04|3.94|4.85|167.47|4602.4|3119.2|7.33|
|五粮液|000858.SZ|2025-10-29|4612.51|4612.32|14.48|14.29|3.28|3.28|13.59|8.93|5.17|5.05|3.93|4.83|167.98|4616.37|3133.18|7.36|
|五粮液|000858.SZ|2025-10-28|4661.81|4661.61|14.64|14.44|3.32|3.32|13.74|9.03|5.23|5.11|3.89|4.78|169.77|4665.67|3182.47|7.48|
|五粮液|000858.SZ|2025-10-27|4669.19|4668.99|14.66|14.46|3.32|3.32|13.76|9.04|5.24|5.11|3.88|4.78|170.04|4673.05|3189.85|7.5|
|五粮液|000858.SZ|2025-10-24|4669.19|4668.99|14.66|14.46|3.32|3.32|13.76|9.04|5.24|5.11|3.88|4.78|170.04|4673.05|3189.85|7.5|
|五粮液|000858.SZ|2025-10-23|4709.55|4709.36|14.79|14.59|3.35|3.35|13.88|9.12|5.28|5.16|3.85|4.74|171.51|4713.42|3230.22|7.59|
|五粮液|000858.SZ|2025-10-22|4661.81|4661.61|14.64|14.44|3.32|3.32|13.74|9.03|5.23|5.11|3.89|4.78|169.77|4665.67|3182.47|7.48|
|五粮液|000858.SZ|2025-10-21|4678.11|4677.92|14.69|14.49|3.33|3.33|13.78|9.06|5.25|5.12|3.87|4.77|170.36|4681.97|3198.77|7.52|
|五粮液|000858.SZ|2025-10-20|4675.79|4675.59|14.68|14.48|3.33|3.33|13.78|9.05|5.24|5.12|3.88|4.77|170.28|4679.65|3196.45|7.51|
|五粮液|000858.SZ|2025-10-17|4699.46|4699.26|14.75|14.55|3.35|3.35|13.85|9.1|5.27|5.15|3.86|4.75|171.14|4703.32|3220.12|7.57|
|五粮液|000858.SZ|2025-10-16|4764.29|4764.08|14.96|14.76|3.39|3.39|14.04|9.22|5.34|5.22|3.8|4.68|173.5|4768.15|3284.95|7.72|
|五粮液|000858.SZ|2025-10-15|4738.28|4738.08|14.88|14.67|3.37|3.37|13.96|9.17|5.31|5.19|3.83|4.71|172.56|4742.14|3258.94|7.66|
|五粮液|000858.SZ|2025-10-14|4738.28|4738.08|14.88|14.67|3.37|3.37|13.96|9.17|5.31|5.19|3.83|4.71|172.56|4742.14|3258.94|7.66|
|五粮液|000858.SZ|2025-10-13|4652.11|4651.91|14.6|14.41|3.31|3.31|13.71|9.01|5.22|5.1|3.9|4.79|169.42|4655.97|3172.77|7.46|
|五粮液|000858.SZ|2025-10-10|4686.27|4686.07|14.71|14.51|3.34|3.34|13.81|9.07|5.26|5.13|3.87|4.76|170.66|4690.13|3206.93|7.54|
|五粮液|000858.SZ|2025-10-09|4702.96|4702.76|14.76|14.57|3.35|3.35|13.86|9.11|5.27|5.15|3.85|4.74|171.27|4706.82|3223.62|7.58|
|五粮液|000858.SZ|2025-09-30|4715.38|4715.18|14.8|14.6|3.36|3.36|13.89|9.13|5.29|5.16|3.84|4.73|171.72|4719.24|3236.04|7.61|
|五粮液|000858.SZ|2025-09-29|4732.46|4732.26|14.86|14.66|3.37|3.37|13.94|9.16|5.31|5.18|3.83|4.71|172.34|4736.32|3253.12|7.65|
|五粮液|000858.SZ|2025-09-26|4664.53|4664.33|14.64|14.45|3.32|3.32|13.74|9.03|5.23|5.11|3.89|4.78|169.87|4668.39|3185.19|7.49|
|五粮液|000858.SZ|2025-09-25|4716.93|4716.73|14.81|14.61|3.36|3.36|13.9|9.13|5.29|5.17|3.84|4.73|171.78|4720.79|3237.59|7.61|
|五粮液|000858.SZ|2025-09-24|4749.92|4749.72|14.91|14.71|3.38|3.38|14|9.2|5.33|5.2|3.82|4.69|172.98|4753.78|3270.58|7.69|
|五粮液|000858.SZ|2025-09-23|4742.94|4742.74|14.89|14.69|3.38|3.38|13.97|9.18|5.32|5.2|3.82|4.7|172.73|4746.8|3263.6|7.67|
|五粮液|000858.SZ|2025-09-22|4754.97|4754.77|14.93|14.73|3.38|3.38|14.01|9.21|5.33|5.21|3.81|4.69|173.16|4758.83|3275.63|7.7|
|五粮液|000858.SZ|2025-09-19|4816.3|4816.1|15.12|14.92|3.43|3.43|14.19|9.33|5.4|5.28|3.76|4.63|175.4|4820.16|3336.96|7.84|
|五粮液|000858.SZ|2025-09-18|4810.86|4810.66|15.1|14.9|3.42|3.42|14.17|9.31|5.39|5.27|3.77|4.64|175.2|4814.73|3331.53|7.83|
|五粮液|000858.SZ|2025-09-17|4889.27|4889.07|15.35|15.14|3.48|3.48|14.41|9.47|5.48|5.36|3.71|4.56|178.05|4893.13|3409.93|8.01|
|五粮液|000858.SZ|2025-09-16|4883.06|4882.86|15.33|15.12|3.48|3.48|14.39|9.45|5.48|5.35|3.71|4.57|177.83|4886.92|3403.72|8|
|五粮液|000858.SZ|2025-09-15|4916.06|4915.85|15.43|15.23|3.5|3.5|14.48|9.52|5.51|5.38|3.69|4.54|179.03|4919.92|3436.72|8.08|
|五粮液|000858.SZ|2025-09-12|4937.02|4936.81|15.5|15.29|3.51|3.51|14.55|9.56|5.54|5.41|3.67|4.52|179.79|4940.88|3457.68|8.13|
|五粮液|000858.SZ|2025-09-11|4988.64|4988.43|15.66|15.45|3.55|3.55|14.7|9.66|5.59|5.46|3.63|4.47|181.67|4992.5|3509.3|8.25|
|五粮液|000858.SZ|2025-09-10|4970.79|4970.58|15.61|15.39|3.54|3.54|14.65|9.62|5.57|5.44|3.65|4.49|181.02|4974.65|3491.45|8.21|
|五粮液|000858.SZ|2025-09-09|4999.51|4999.3|15.7|15.48|3.56|3.56|14.73|9.68|5.61|5.48|3.63|4.46|182.07|5003.37|3520.17|8.27|
|五粮液|000858.SZ|2025-09-08|5010.77|5010.56|15.73|15.52|3.57|3.57|14.76|9.7|5.62|5.49|3.62|4.45|182.48|5014.63|3531.43|8.3|
|五粮液|000858.SZ|2025-09-05|4922.27|4922.06|15.45|15.24|3.5|3.5|14.5|9.53|5.52|5.39|3.68|4.53|179.26|4926.13|3442.93|8.09|
|五粮液|000858.SZ|2025-09-04|4871.81|4871.6|15.29|15.09|3.47|3.47|14.35|9.43|5.46|5.34|3.72|4.58|177.42|4875.67|3392.47|7.97|
|五粮液|000858.SZ|2025-09-03|4914.89|4914.69|15.43|15.22|3.5|3.5|14.48|9.52|5.51|5.38|3.69|4.54|178.99|4918.75|3435.55|8.07|
|五粮液|000858.SZ|2025-09-02|4990.2|4989.99|15.67|15.46|3.55|3.55|14.7|9.66|5.6|5.47|3.63|4.47|181.73|4994.06|3510.86|8.25|
|五粮液|000858.SZ|2025-09-01|5002.23|5002.02|15.7|15.49|3.56|3.56|14.74|9.69|5.61|5.48|3.62|4.46|182.17|5006.09|3522.89|8.28|
|五粮液|000858.SZ|2025-08-29|5027.85|5027.64|15.78|15.57|3.58|3.58|14.81|9.73|5.64|5.51|3.61|4.44|183.1|5031.71|3548.51|8.34|
|五粮液|000858.SZ|2025-08-28|4870.25|4870.05|15.29|15.08|3.47|3.47|14.35|9.43|5.46|5.33|3.72|4.58|177.36|4874.11|3390.91|7.97|
|五粮液|000858.SZ|2025-08-27|4914.89|4914.7|15.43|15.04|3.32|3.62|14.48|9.97|5.51|5.38|3.69|4.54|158.23|4918.93|3533.42|8.3|
|五粮液|000858.SZ|2025-08-26|5036|5035.81|15.81|15.42|3.4|3.71|14.84|10.22|5.65|5.52|3.6|4.43|162.13|5040.03|3654.53|8.59|
|五粮液|000858.SZ|2025-08-25|5043.37|5043.18|15.83|15.44|3.4|3.71|14.86|10.24|5.66|5.53|3.59|4.42|162.37|5047.41|3661.91|8.61|
|五粮液|000858.SZ|2025-08-22|4882.67|4882.49|15.33|14.95|3.3|3.59|14.39|9.91|5.48|5.35|3.71|4.57|157.19|4886.71|3501.21|8.23|
|五粮液|000858.SZ|2025-08-21|4869.48|4869.29|15.29|14.91|3.29|3.58|14.35|9.88|5.46|5.33|3.72|4.58|156.77|4873.51|3488.01|8.2|
|五粮液|000858.SZ|2025-08-20|4882.29|4882.1|15.33|14.95|3.3|3.59|14.39|9.91|5.47|5.35|3.71|4.57|157.18|4886.32|3500.82|8.23|
|五粮液|000858.SZ|2025-08-19|4829.11|4828.92|15.16|14.78|3.26|3.55|14.23|9.8|5.42|5.29|3.75|4.62|155.47|4833.14|3447.64|8.1|
|五粮液|000858.SZ|2025-08-18|4803.49|4803.31|15.08|14.7|3.24|3.54|14.15|9.75|5.39|5.26|3.77|4.64|154.64|4807.53|3422.02|8.04|
|五粮液|000858.SZ|2025-08-15|4778.26|4778.08|15|14.63|3.23|3.52|14.08|9.7|5.36|5.23|3.79|4.67|153.83|4782.3|3396.79|7.98|
|五粮液|000858.SZ|2025-08-14|4768.17|4767.98|14.97|14.6|3.22|3.51|14.05|9.68|5.35|5.22|3.8|4.68|153.51|4772.2|3386.7|7.96|
|五粮液|000858.SZ|2025-08-13|4781.75|4781.57|15.01|14.64|3.23|3.52|14.09|9.7|5.36|5.24|3.79|4.66|153.94|4785.79|3400.29|7.99|
|五粮液|000858.SZ|2025-08-12|4781.75|4781.57|15.01|14.64|3.23|3.52|14.09|9.7|5.36|5.24|3.79|4.66|153.94|4785.79|3400.29|7.99|
|五粮液|000858.SZ|2025-08-11|4810.86|4810.68|15.1|14.73|3.25|3.54|14.17|9.76|5.39|5.27|3.77|4.64|154.88|4814.9|3429.4|8.06|
|五粮液|000858.SZ|2025-08-08|4744.1|4743.92|14.89|14.52|3.2|3.49|13.98|9.63|5.32|5.2|3.82|4.7|152.73|4748.14|3362.63|7.9|
|五粮液|000858.SZ|2025-08-07|4756.91|4756.73|14.93|14.56|3.21|3.5|14.02|9.65|5.33|5.21|3.81|4.69|153.14|4760.95|3375.44|7.93|
|五粮液|000858.SZ|2025-08-06|4741.77|4741.59|14.89|14.51|3.2|3.49|13.97|9.62|5.32|5.19|3.82|4.7|152.66|4745.81|3360.3|7.9|
|五粮液|000858.SZ|2025-08-05|4733.62|4733.44|14.86|14.49|3.2|3.48|13.95|9.61|5.31|5.19|3.83|4.71|152.39|4737.66|3352.15|7.88|
|五粮液|000858.SZ|2025-08-04|4693.64|4693.46|14.74|14.37|3.17|3.46|13.83|9.53|5.26|5.14|3.86|4.75|151.11|4697.68|3312.17|7.78|
|五粮液|000858.SZ|2025-08-01|4696.75|4696.57|14.74|14.38|3.17|3.46|13.84|9.53|5.27|5.15|3.86|4.75|151.21|4700.78|3315.28|7.79|
|五粮液|000858.SZ|2025-07-31|4702.57|4702.39|14.76|14.39|3.17|3.46|13.86|9.54|5.27|5.15|3.85|4.74|151.39|4706.6|3321.1|7.81|
|五粮液|000858.SZ|2025-07-30|4833.38|4833.19|15.17|14.8|3.26|3.56|14.24|9.81|5.42|5.29|3.75|4.61|155.61|4837.41|3451.91|8.11|
|五粮液|000858.SZ|2025-07-29|4794.56|4794.38|15.05|14.68|3.24|3.53|14.13|9.73|5.38|5.25|3.78|4.65|154.36|4798.6|3413.09|8.02|
|五粮液|000858.SZ|2025-07-28|4815.52|4815.34|15.12|14.74|3.25|3.54|14.19|9.77|5.4|5.28|3.76|4.63|155.03|4819.56|3434.06|8.07|
|五粮液|000858.SZ|2025-07-25|4795.34|4795.16|15.05|14.68|3.24|3.53|14.13|9.73|5.38|5.25|3.78|4.65|154.38|4799.37|3413.87|8.02|
|五粮液|000858.SZ|2025-07-24|4873.36|4873.17|15.3|14.92|3.29|3.59|14.36|9.89|5.46|5.34|3.72|4.58|156.89|4877.39|3491.89|8.21|
|五粮液|000858.SZ|2025-07-23|4859.77|4859.59|15.26|14.88|3.28|3.58|14.32|9.86|5.45|5.32|3.73|4.59|156.46|4863.81|3478.31|8.18|
|五粮液|000858.SZ|2025-07-22|4872.58|4872.4|15.3|14.92|3.29|3.59|14.36|9.89|5.46|5.34|3.72|4.58|156.87|4876.62|3491.12|8.21|
|五粮液|000858.SZ|2025-07-21|4757.3|4757.12|14.94|14.56|3.21|3.5|14.02|9.66|5.33|5.21|3.81|4.69|153.16|4761.33|3375.83|7.93|
|五粮液|000858.SZ|2025-07-18|4804.65|4804.47|15.08|14.71|3.24|3.54|14.16|9.75|5.39|5.26|3.77|4.64|154.68|4808.69|3423.19|8.05|
|五粮液|000858.SZ|2025-07-17|4883.84|4883.65|15.33|14.95|3.3|3.3|14.39|9.91|5.48|5.35|3.71|2.05|157.23|4887.88|3502.37|8.23|
|五粮液|000858.SZ|2025-07-16|4862.88|4862.69|15.27|14.89|3.28|3.28|14.33|9.87|5.45|5.33|3.73|2.06|156.56|4866.91|3481.41|8.18|
|五粮液|000858.SZ|2025-07-15|4852.01|4851.82|15.23|14.85|3.28|3.28|14.3|9.85|5.44|5.32|3.74|2.06|156.21|4856.05|3470.54|8.16|
|五粮液|000858.SZ|2025-07-14|4867.92|4867.74|15.28|14.9|3.29|3.29|14.34|9.88|5.46|5.33|3.72|2.05|156.72|4871.96|3486.46|8.19|
|五粮液|000858.SZ|2025-07-11|4824.84|4824.65|15.15|14.77|3.26|3.26|14.22|9.79|5.41|5.29|3.76|5.83|155.33|4828.87|3443.37|8.09|
|五粮液|000858.SZ|2025-07-10|4758.08|4757.89|14.94|14.56|3.21|3.21|14.02|9.66|5.34|5.21|3.81|5.91|153.18|4762.11|3376.61|7.94|
|五粮液|000858.SZ|2025-07-09|4720.04|4719.85|14.82|14.45|3.19|3.19|13.91|9.58|5.29|5.17|3.84|5.96|151.96|4724.07|3338.57|7.85|
|五粮液|000858.SZ|2025-07-08|4688.21|4688.03|14.72|14.35|3.16|3.16|13.81|9.51|5.26|5.14|3.87|6|150.93|4692.24|3306.74|7.77|
|五粮液|000858.SZ|2025-07-07|4654.44|4654.26|14.61|14.25|3.14|3.14|13.71|9.45|5.22|5.1|3.89|6.04|149.84|4658.47|3272.97|7.69|
|五粮液|000858.SZ|2025-07-04|4673.07|4672.89|14.67|14.3|3.15|3.15|13.77|9.48|5.24|5.12|3.88|6.02|150.44|4677.1|3291.6|7.74|
|五粮液|000858.SZ|2025-07-03|4643.18|4643|14.58|14.21|3.13|3.13|13.68|9.42|5.21|5.09|3.9|6.06|149.48|4647.22|3261.71|7.67|
|五粮液|000858.SZ|2025-07-02|4626.1|4625.92|14.52|14.16|3.12|3.12|13.63|9.39|5.19|5.07|3.92|6.08|148.93|4630.14|3244.63|7.63|
|五粮液|000858.SZ|2025-07-01|4604.75|4604.58|14.46|14.1|3.11|3.11|13.57|9.35|5.16|5.04|3.94|6.11|148.25|4608.79|3223.28|7.58|
|五粮液|000858.SZ|2025-06-30|4615.23|4615.06|14.49|14.13|3.12|3.12|13.6|9.37|5.18|5.06|3.93|6.09|148.58|4619.27|3233.76|7.6|
|五粮液|000858.SZ|2025-06-27|4626.1|4625.92|14.52|14.16|3.12|3.12|13.63|9.39|5.19|5.07|3.92|6.08|148.93|4630.14|3244.63|7.63|
|五粮液|000858.SZ|2025-06-26|4647.45|4647.27|14.59|14.23|3.14|3.14|13.69|9.43|5.21|5.09|3.9|6.05|149.62|4651.49|3265.98|7.68|
|五粮液|000858.SZ|2025-06-25|4664.92|4664.74|14.65|14.28|3.15|3.15|13.74|9.47|5.23|5.11|3.89|6.03|150.18|4668.95|3283.45|7.72|
|五粮液|000858.SZ|2025-06-24|4648.23|4648.05|14.59|14.23|3.14|3.14|13.7|9.43|5.21|5.09|3.9|6.05|149.64|4652.26|3266.76|7.68|
|五粮液|000858.SZ|2025-06-23|4591.17|4590.99|14.41|14.05|3.1|3.1|13.53|9.32|5.15|5.03|3.95|6.13|147.81|4595.2|3209.7|7.54|
|五粮液|000858.SZ|2025-06-20|4640.85|4640.67|14.57|14.21|3.13|3.13|13.67|9.42|5.2|5.08|3.91|6.06|149.41|4644.89|3259.38|7.66|
|五粮液|000858.SZ|2025-06-19|4552.35|4552.18|14.29|13.94|3.07|3.07|13.41|9.24|5.11|4.99|3.98|6.18|146.56|4556.39|3170.88|7.45|
|五粮液|000858.SZ|2025-06-18|4593.11|4592.93|14.42|14.06|3.1|3.1|13.53|9.32|5.15|5.03|3.95|6.12|147.87|4597.14|3211.64|7.55|
|五粮液|000858.SZ|2025-06-17|4569.04|4568.87|14.34|13.99|3.08|3.08|13.46|9.27|5.12|5.01|3.97|6.16|147.1|4573.08|3187.57|7.49|
|五粮液|000858.SZ|2025-06-16|4590.78|4590.6|14.41|14.05|3.1|3.1|13.53|9.32|5.15|5.03|3.95|6.13|147.8|4594.81|3209.31|7.54|
|五粮液|000858.SZ|2025-06-13|4623.77|4623.59|14.52|14.15|3.12|3.12|13.62|9.38|5.18|5.07|3.92|6.08|148.86|4627.81|3242.3|7.62|
|五粮液|000858.SZ|2025-06-12|4754.97|4754.79|14.93|14.56|3.21|3.21|14.01|9.65|5.33|5.21|3.81|5.92|153.08|4759.01|3373.5|7.93|
|五粮液|000858.SZ|2025-06-11|4840.37|4840.18|15.2|14.82|3.27|3.27|14.26|9.82|5.43|5.3|3.75|5.81|155.83|4844.4|3458.9|8.13|
|五粮液|000858.SZ|2025-06-10|4828.33|4828.15|15.16|14.78|3.26|3.26|14.23|9.8|5.41|5.29|3.75|5.83|155.44|4832.37|3446.86|8.1|
|五粮液|000858.SZ|2025-06-09|4850.46|4850.27|15.23|14.85|3.27|3.27|14.29|9.84|5.44|5.31|3.74|5.8|156.16|4854.49|3468.99|8.15|
|五粮液|000858.SZ|2025-06-06|4855.5|4855.32|15.24|14.86|3.28|3.28|14.31|9.85|5.44|5.32|3.73|5.79|156.32|4859.54|3474.04|8.17|
|五粮液|000858.SZ|2025-06-05|4853.17|4852.99|15.24|14.86|3.28|3.28|14.3|9.85|5.44|5.32|3.74|5.8|156.24|4857.21|3471.71|8.16|
|五粮液|000858.SZ|2025-06-04|4834.54|4834.36|15.18|14.8|3.26|3.26|14.24|9.81|5.42|5.3|3.75|5.82|155.64|4838.58|3453.08|8.12|
|五粮液|000858.SZ|2025-06-03|4839.59|4839.4|15.19|14.81|3.27|3.27|14.26|9.82|5.43|5.3|3.75|5.81|155.81|4843.62|3458.12|8.13|
|五粮液|000858.SZ|2025-05-30|4907.91|4907.72|15.41|15.02|3.31|3.31|14.46|9.96|5.5|5.38|3.69|5.73|158|4911.94|3526.44|8.29|
|五粮液|000858.SZ|2025-05-29|4942.06|4941.87|15.52|15.13|3.34|3.34|14.56|10.03|5.54|5.41|3.67|5.69|159.1|4946.1|3560.6|8.37|
|五粮液|000858.SZ|2025-05-28|4926.54|4926.35|15.47|15.08|3.33|3.33|14.52|10|5.52|5.4|3.68|5.71|158.6|4930.57|3545.07|8.33|
|五粮液|000858.SZ|2025-05-27|4897.04|4896.85|15.37|14.99|3.31|3.31|14.43|9.94|5.49|5.36|3.7|5.74|157.66|4901.07|3515.57|8.26|
|五粮液|000858.SZ|2025-05-26|4906.74|4906.55|15.4|15.02|3.31|3.31|14.46|9.96|5.5|5.38|3.69|5.73|157.97|4910.78|3525.27|8.29|
|五粮液|000858.SZ|2025-05-23|4974.28|4974.09|15.62|15.23|3.36|3.36|14.66|10.1|5.58|5.45|3.64|5.65|160.14|4978.32|3592.81|8.44|
|五粮液|000858.SZ|2025-05-22|5010.77|5010.58|15.73|15.34|3.38|3.38|14.76|10.17|5.62|5.49|3.62|5.61|161.32|5014.8|3629.3|8.53|
|五粮液|000858.SZ|2025-05-21|5017.37|5017.17|15.75|15.36|3.39|3.39|14.78|10.18|5.63|5.5|3.61|5.61|161.53|5021.4|3635.9|8.55|
|五粮液|000858.SZ|2025-05-20|5012.32|5012.13|15.74|15.34|3.38|3.38|14.77|10.17|5.62|5.49|3.62|5.61|161.37|5016.36|3630.85|8.53|
|五粮液|000858.SZ|2025-05-19|5018.92|5018.73|15.76|15.36|3.39|3.39|14.79|10.19|5.63|5.5|3.61|5.6|161.58|5022.96|3637.45|8.55|
|五粮液|000858.SZ|2025-05-16|5088.01|5087.82|15.97|15.57|3.43|3.43|14.99|10.33|5.71|5.57|3.56|5.53|163.8|5092.05|3706.54|8.71|
|五粮液|000858.SZ|2025-05-15|5188.55|5188.35|16.29|15.88|3.5|3.5|15.29|10.53|5.82|5.68|3.49|5.42|167.04|5192.58|3807.08|8.95|
|五粮液|000858.SZ|2025-05-14|5250.26|5250.06|16.48|16.07|3.54|3.54|15.47|10.66|5.89|5.75|3.45|5.36|169.03|5254.3|3868.8|9.09|
|五粮液|000858.SZ|2025-05-13|5162.15|5161.95|16.21|15.8|3.48|3.48|15.21|10.48|5.79|5.66|3.51|5.45|166.19|5166.19|3780.68|8.89|
|五粮液|000858.SZ|2025-05-12|5161.37|5161.18|16.2|15.8|3.48|3.48|15.21|10.48|5.79|5.65|3.51|5.45|166.17|5165.41|3779.91|8.88|
|五粮液|000858.SZ|2025-05-09|5107.42|5107.22|16.03|15.63|3.45|3.45|15.05|10.37|5.73|5.6|3.55|5.51|164.43|5111.46|3725.95|8.76|
|五粮液|000858.SZ|2025-05-08|5115.96|5115.76|16.06|15.66|3.45|3.45|15.07|10.38|5.74|5.6|3.54|5.5|164.7|5120|3734.49|8.78|
|五粮液|000858.SZ|2025-05-07|5045.7|5045.51|15.84|15.45|3.41|3.41|14.87|10.24|5.66|5.53|3.59|5.57|162.44|5049.74|3664.23|8.61|
|五粮液|000858.SZ|2025-05-06|5026.29|5026.1|15.78|15.39|3.39|3.39|14.81|10.2|5.64|5.51|3.61|5.6|161.82|5030.33|3644.83|8.57|
|五粮液|000858.SZ|2025-04-30|4995.63|4995.44|15.68|15.29|3.37|3.37|14.72|10.14|5.6|5.47|3.63|5.63|160.83|4999.67|3614.16|8.49|
|五粮液|000858.SZ|2025-04-29|5028.62|5028.43|15.79|15.39|3.39|3.39|14.82|10.21|5.64|5.51|3.6|5.59|161.89|5032.66|3647.16|8.57|
|五粮液|000858.SZ|2025-04-28|5079.08|5078.89|15.95|15.55|3.43|3.43|14.96|10.31|5.7|5.56|3.57|5.54|163.52|5083.12|3697.62|8.69|
|五粮液|000858.SZ|2025-04-25|5009.22|5009.11|16.58|15.5|3.67|3.96|12|10.19|6.02|5.65|3.62|5.61|124.79|5012.79|3761.67|9.31|
|五粮液|000858.SZ|2025-04-24|5009.6|5009.5|16.58|15.51|3.67|3.96|12|10.19|6.02|5.65|3.62|5.61|124.8|5013.18|3762.06|9.31|
|五粮液|000858.SZ|2025-04-23|5044.93|5044.82|16.7|15.61|3.7|3.99|12.09|10.26|6.06|5.69|3.59|5.58|125.67|5048.5|3797.38|9.4|
|五粮液|000858.SZ|2025-04-22|5049.97|5049.87|16.72|15.63|3.7|4|12.1|10.28|6.06|5.7|3.59|5.57|125.8|5053.55|3802.43|9.41|
|五粮液|000858.SZ|2025-04-21|5059.29|5059.18|16.75|15.66|3.71|4|12.12|10.29|6.08|5.71|3.58|5.56|126.03|5062.86|3811.74|9.43|
|五粮液|000858.SZ|2025-04-18|5114.02|5113.91|16.93|15.83|3.75|4.05|12.25|10.41|6.14|5.77|3.54|5.5|127.4|5117.59|3866.47|9.57|
|五粮液|000858.SZ|2025-04-17|5144.3|5144.19|17.03|15.92|3.77|4.07|12.32|10.47|6.18|5.8|3.52|5.47|128.15|5147.87|3896.75|9.64|
|五粮液|000858.SZ|2025-04-16|5135.37|5135.26|17|15.89|3.77|4.06|12.3|10.45|6.17|5.79|3.53|5.48|127.93|5138.94|3887.82|9.62|
|五粮液|000858.SZ|2025-04-15|5098.49|5098.38|16.88|15.78|3.74|4.03|12.21|10.37|6.12|5.75|3.56|5.52|127.01|5102.07|3850.95|9.53|
|五粮液|000858.SZ|2025-04-14|5086.46|5086.35|16.84|15.74|3.73|4.03|12.19|10.35|6.11|5.74|3.56|5.53|126.71|5090.04|3838.91|9.5|
|五粮液|000858.SZ|2025-04-11|5108.2|5108.09|16.91|15.81|3.75|4.04|12.24|10.39|6.13|5.76|3.55|5.51|127.25|5111.77|3860.65|9.55|
|五粮液|000858.SZ|2025-04-10|5168.36|5168.25|17.11|16|3.79|4.09|12.38|10.52|6.21|5.83|3.51|5.44|128.75|5171.94|3920.82|9.7|
|五粮液|000858.SZ|2025-04-09|5133.43|5133.32|16.99|15.89|3.76|4.06|12.3|10.44|6.16|5.79|3.53|5.48|127.88|5137|3885.88|9.61|
|五粮液|000858.SZ|2025-04-08|5075.59|5075.48|16.8|15.71|3.72|4.02|12.16|10.33|6.1|5.73|3.57|5.54|126.44|5079.17|3828.04|9.47|
|五粮液|000858.SZ|2025-04-07|4921.1|4921|16.29|15.23|3.61|3.89|11.79|10.01|5.91|5.55|3.68|5.72|122.59|4924.68|3673.56|9.09|
|五粮液|000858.SZ|2025-04-03|5123.72|5123.61|16.96|15.86|3.76|4.05|12.27|10.43|6.15|5.78|3.54|5.49|127.64|5127.3|3876.18|9.59|
|五粮液|000858.SZ|2025-04-02|5090.73|5090.62|16.85|15.76|3.73|4.03|12.2|10.36|6.11|5.74|3.56|5.53|126.82|5094.31|3843.18|9.51|
|五粮液|000858.SZ|2025-04-01|5115.57|5115.46|16.93|15.83|3.75|4.05|12.26|10.41|6.14|5.77|3.54|5.5|127.43|5119.15|3868.03|9.57|
|五粮液|000858.SZ|2025-03-31|5098.49|5098.38|16.88|15.78|3.74|4.03|12.21|10.37|6.12|5.75|3.56|5.52|127.01|5102.07|3850.95|9.53|
|五粮液|000858.SZ|2025-03-28|5171.47|5171.36|17.12|16.01|3.79|4.09|12.39|10.52|6.21|5.83|3.51|5.44|128.83|5175.04|3923.92|9.71|
|五粮液|000858.SZ|2025-03-27|5197.47|5197.36|17.2|16.09|3.81|4.11|12.45|10.58|6.24|5.86|3.49|5.41|129.48|5201.05|3949.93|9.77|
|五粮液|000858.SZ|2025-03-26|5176.12|5176.01|17.13|16.02|3.8|4.1|12.4|10.53|6.22|5.84|3.5|5.43|128.94|5179.7|3928.58|9.72|
|五粮液|000858.SZ|2025-03-25|5184.28|5184.17|17.16|16.05|3.8|4.1|12.42|10.55|6.23|5.85|3.5|5.43|129.15|5187.85|3936.73|9.74|
|五粮液|000858.SZ|2025-03-24|5213.39|5213.28|17.26|16.14|3.82|4.13|12.49|10.61|6.26|5.88|3.48|5.39|129.87|5216.96|3965.84|9.81|
|五粮液|000858.SZ|2025-03-21|5224.64|5224.53|17.29|16.17|3.83|4.13|12.52|10.63|6.27|5.89|3.47|5.38|130.15|5228.22|3977.1|9.84|
|五粮液|000858.SZ|2025-03-20|5278.6|5278.49|17.47|16.34|3.87|4.18|12.65|10.74|6.34|5.95|3.43|5.33|131.5|5282.18|4031.05|9.97|
|五粮液|000858.SZ|2025-03-19|5392.33|5392.22|17.85|16.69|3.95|4.27|12.92|10.97|6.48|6.08|3.36|5.22|134.33|5395.91|4144.78|10.25|
|五粮液|000858.SZ|2025-03-18|5416.78|5416.67|17.93|16.77|3.97|4.29|12.98|11.02|6.5|6.11|3.35|5.19|134.94|5420.36|4169.24|10.32|
|五粮液|000858.SZ|2025-03-17|5428.04|5427.93|17.97|16.8|3.98|4.3|13|11.04|6.52|6.12|3.34|5.18|135.22|5431.62|4180.49|10.34|
|五粮液|000858.SZ|2025-03-14|5465.3|5465.19|18.09|16.92|4.01|4.33|13.09|11.12|6.56|6.16|3.32|5.15|136.15|5468.88|4217.76|10.44|
|五粮液|000858.SZ|2025-03-13|5138.86|5138.75|17.01|15.91|3.77|4.07|12.31|10.46|6.17|5.8|3.53|5.47|128.01|5142.44|3891.31|9.63|
|五粮液|000858.SZ|2025-03-12|5161.37|5161.26|17.08|15.98|3.79|4.08|12.36|10.5|6.2|5.82|3.51|5.45|128.58|5164.95|3913.83|9.68|
|五粮液|000858.SZ|2025-03-11|5247.93|5247.82|17.37|16.24|3.85|4.15|12.57|10.68|6.3|5.92|3.45|5.36|130.73|5251.51|4000.39|9.9|
|五粮液|000858.SZ|2025-03-10|5150.51|5150.4|17.05|15.94|3.78|4.08|12.34|10.48|6.19|5.81|3.52|5.46|128.31|5154.08|3902.96|9.66|
|五粮液|000858.SZ|2025-03-07|5232.41|5232.3|17.32|16.2|3.84|4.14|12.54|10.65|6.28|5.9|3.46|5.38|130.35|5235.98|3984.86|9.86|
|五粮液|000858.SZ|2025-03-06|5111.3|5111.19|16.92|15.82|3.75|4.04|12.24|10.4|6.14|5.77|3.55|5.5|127.33|5114.88|3863.76|9.56|
|五粮液|000858.SZ|2025-03-05|4992.14|4992.03|16.52|15.45|3.66|3.95|11.96|10.16|6|5.63|3.63|5.63|124.36|4995.71|3744.59|9.26|
|五粮液|000858.SZ|2025-03-04|5036.39|5036.28|16.67|15.59|3.69|3.99|12.07|10.25|6.05|5.68|3.6|5.58|125.46|5039.96|3788.84|9.37|
|五粮液|000858.SZ|2025-03-03|5078.7|5078.59|16.81|15.72|3.72|4.02|12.17|10.33|6.1|5.73|3.57|5.54|126.52|5082.27|3831.15|9.48|
|五粮液|000858.SZ|2025-02-28|5107.42|5107.31|16.91|15.81|3.75|4.04|12.24|10.39|6.13|5.76|3.55|5.51|127.23|5111|3859.87|9.55|
|五粮液|000858.SZ|2025-02-27|5152.83|5152.73|17.06|15.95|3.78|4.08|12.34|10.48|6.19|5.81|3.52|5.46|128.36|5156.41|3905.29|9.66|
|五粮液|000858.SZ|2025-02-26|5038.33|5038.22|16.68|15.59|3.69|3.99|12.07|10.25|6.05|5.68|3.6|5.58|125.51|5041.9|3790.78|9.38|
|五粮液|000858.SZ|2025-02-25|4997.57|4997.46|16.54|15.47|3.66|3.95|11.97|10.17|6|5.64|3.63|5.63|124.5|5001.15|3750.02|9.28|
|五粮液|000858.SZ|2025-02-24|5119.84|5119.73|16.95|15.85|3.75|4.05|12.27|10.42|6.15|5.78|3.54|5.49|127.54|5123.42|3872.29|9.58|
|五粮液|000858.SZ|2025-02-21|5089.56|5089.46|16.85|15.75|3.73|4.03|12.19|10.36|6.11|5.74|3.56|5.53|126.79|5093.14|3842.02|9.51|
|五粮液|000858.SZ|2025-02-20|5065.5|5065.39|16.77|15.68|3.71|4.01|12.14|10.31|6.08|5.71|3.58|5.55|126.19|5069.07|3817.95|9.45|
|五粮液|000858.SZ|2025-02-19|5089.18|5089.07|16.85|15.75|3.73|4.03|12.19|10.35|6.11|5.74|3.56|5.53|126.78|5092.75|3841.63|9.5|
|五粮液|000858.SZ|2025-02-18|5053.85|5053.75|16.73|15.64|3.71|4|12.11|10.28|6.07|5.7|3.59|5.57|125.9|5057.43|3806.31|9.42|
|五粮液|000858.SZ|2025-02-17|5106.26|5106.15|16.9|15.8|3.74|4.04|12.23|10.39|6.13|5.76|3.55|5.51|127.2|5109.83|3858.71|9.55|
|五粮液|000858.SZ|2025-02-14|5093.83|5093.73|16.86|15.77|3.74|4.03|12.2|10.36|6.12|5.75|3.56|5.52|126.89|5097.41|3846.29|9.52|
|五粮液|000858.SZ|2025-02-13|5104.7|5104.59|16.9|15.8|3.74|4.04|12.23|10.39|6.13|5.76|3.55|5.51|127.16|5108.28|3857.16|9.54|
|五粮液|000858.SZ|2025-02-12|4956.81|4956.71|16.41|15.34|3.63|3.92|11.87|10.09|5.95|5.59|3.66|5.67|123.48|4960.39|3709.27|9.18|
|五粮液|000858.SZ|2025-02-11|4900.92|4900.81|16.22|15.17|3.59|3.88|11.74|9.97|5.89|5.53|3.7|5.74|122.09|4904.49|3653.37|9.04|
|五粮液|000858.SZ|2025-02-10|4950.21|4950.11|16.39|15.32|3.63|3.92|11.86|10.07|5.94|5.58|3.66|5.68|123.32|4953.79|3702.67|9.16|
|五粮液|000858.SZ|2025-02-07|4954.1|4953.99|16.4|15.33|3.63|3.92|11.87|10.08|5.95|5.59|3.66|5.68|123.41|4957.67|3706.55|9.17|
|五粮液|000858.SZ|2025-02-06|4886.94|4886.84|16.18|15.13|3.58|3.87|11.71|9.94|5.87|5.51|3.71|5.76|121.74|4890.52|3639.4|9|
|五粮液|000858.SZ|2025-02-05|4852.4|4852.3|16.06|15.02|3.56|3.84|11.62|9.87|5.83|5.47|3.74|5.8|120.88|4855.97|3604.85|8.92|
|五粮液|000858.SZ|2025-01-27|4937.41|4937.3|16.34|15.28|3.62|3.91|11.83|10.05|5.93|5.57|3.67|5.7|123|4940.98|3689.86|9.13|
|五粮液|000858.SZ|2025-01-24|4957.59|4957.48|16.41|15.34|3.64|3.92|11.88|10.09|5.95|5.59|3.66|5.67|123.5|4961.17|3710.04|9.18|
|五粮液|000858.SZ|2025-01-23|4993.69|4993.58|16.53|15.46|3.66|3.95|11.96|10.16|6|5.63|3.63|5.63|124.4|4997.27|3746.14|9.27|
|五粮液|000858.SZ|2025-01-22|5059.68|5059.57|16.75|15.66|3.71|3.71|12.12|10.29|6.08|5.71|3.58|3.58|126.04|5063.25|3812.13|9.43|
|五粮液|000858.SZ|2025-01-21|5177.68|5177.57|17.14|16.03|3.8|3.8|12.4|10.53|6.22|5.84|3.5|3.5|128.98|5181.25|3930.13|9.72|
|五粮液|000858.SZ|2025-01-20|5213|5212.89|17.26|16.14|3.82|3.82|12.49|10.61|6.26|5.88|3.48|3.48|129.86|5216.58|3965.45|9.81|
|五粮液|000858.SZ|2025-01-17|5135.37|5135.26|17|15.89|3.77|3.77|12.3|10.45|6.17|5.79|3.53|3.53|127.93|5138.94|3887.82|9.62|
|五粮液|000858.SZ|2025-01-16|5103.54|5103.43|16.89|15.8|3.74|3.74|12.23|10.38|6.13|5.76|3.55|3.55|127.14|5107.11|3855.99|9.54|
|五粮液|000858.SZ|2025-01-15|5153.61|5153.5|17.06|15.95|3.78|3.78|12.35|10.49|6.19|5.81|3.52|3.52|128.38|5157.19|3906.06|9.66|
|五粮液|000858.SZ|2025-01-14|5163.31|5163.21|17.09|15.98|3.79|3.79|12.37|10.51|6.2|5.82|3.51|3.51|128.62|5166.89|3915.77|9.69|
|五粮液|000858.SZ|2025-01-13|5015.04|5014.93|16.6|15.52|3.68|3.68|12.01|10.2|6.02|5.66|3.61|3.61|124.93|5018.61|3767.49|9.32|
|五粮液|000858.SZ|2025-01-10|4991.75|4991.64|16.52|15.45|3.66|3.66|11.96|10.16|5.99|5.63|3.63|3.63|124.35|4995.32|3744.2|9.26|
|五粮液|000858.SZ|2025-01-09|5068.6|5068.5|16.78|15.69|3.72|3.72|12.14|10.31|6.09|5.72|3.58|3.58|126.26|5072.18|3821.06|9.45|
|五粮液|000858.SZ|2025-01-08|5034.45|5034.34|16.66|15.58|3.69|3.69|12.06|10.24|6.05|5.68|3.6|3.6|125.41|5038.02|3786.9|9.37|
|五粮液|000858.SZ|2025-01-07|5079.08|5078.98|16.81|15.72|3.72|3.72|12.17|10.33|6.1|5.73|3.57|3.57|126.53|5082.66|3831.54|9.48|
|五粮液|000858.SZ|2025-01-06|5078.31|5078.2|16.81|15.72|3.72|3.72|12.17|10.33|6.1|5.73|3.57|3.57|126.51|5081.88|3830.76|9.48|
|五粮液|000858.SZ|2025-01-03|5255.7|5255.59|17.4|16.27|3.85|3.85|12.59|10.69|6.31|5.93|3.45|3.45|130.93|5259.27|4008.15|9.92|
|五粮液|000858.SZ|2025-01-02|5317.41|5317.3|17.6|16.46|3.9|3.9|12.74|10.82|6.39|6|3.41|3.41|132.46|5320.99|4069.87|10.07|
|五粮液|000858.SZ|2024-12-31|5435.8|5435.69|17.99|16.82|3.99|3.99|13.02|11.06|6.53|6.13|2.7|3.33|135.41|5439.38|4188.26|10.36|
|五粮液|000858.SZ|2024-12-30|5481.22|5481.1|18.14|16.97|4.02|4.02|13.13|11.15|6.58|6.18|2.68|3.31|136.54|5484.79|4233.67|10.47|
|五粮液|000858.SZ|2024-12-27|5532.07|5531.95|18.31|17.12|4.06|4.06|13.25|11.26|6.64|6.24|2.65|3.28|137.81|5535.64|4284.52|10.6|
|五粮液|000858.SZ|2024-12-26|5530.9|5530.79|18.31|17.12|4.06|4.06|13.25|11.25|6.64|6.24|2.65|3.28|137.78|5534.48|4283.36|10.6|
|五粮液|000858.SZ|2024-12-25|5553.8|5553.69|18.38|17.19|4.07|4.07|13.3|11.3|6.67|6.26|2.64|3.26|138.35|5557.38|4306.26|10.65|
|五粮液|000858.SZ|2024-12-24|5569.33|5569.21|18.43|17.24|4.08|4.08|13.34|11.33|6.69|6.28|2.64|3.25|138.74|5572.91|4321.79|10.69|
|五粮液|000858.SZ|2024-12-23|5529.35|5529.23|18.3|17.11|4.05|4.05|13.25|11.25|6.64|6.24|2.65|3.28|137.74|5532.93|4281.8|10.59|
|五粮液|000858.SZ|2024-12-20|5558.85|5558.73|18.4|17.21|4.08|4.08|13.32|11.31|6.68|6.27|2.64|3.26|138.48|5562.43|4311.3|10.67|
|五粮液|000858.SZ|2024-12-19|5572.05|5571.93|18.44|17.25|4.09|4.09|13.35|11.34|6.69|6.29|2.63|3.25|138.81|5575.62|4324.5|10.7|
|五粮液|000858.SZ|2024-12-18|5636.09|5635.98|18.66|17.44|4.13|4.13|13.5|11.47|6.77|6.36|2.6|3.22|140.4|5639.67|4388.55|10.86|
|五粮液|000858.SZ|2024-12-17|5624.06|5623.94|18.62|17.41|4.12|4.12|13.47|11.44|6.75|6.34|2.61|3.22|140.1|5627.64|4376.52|10.83|
|五粮液|000858.SZ|2024-12-16|5612.42|5612.3|18.58|17.37|4.12|4.12|13.45|11.42|6.74|6.33|2.62|3.23|139.81|5615.99|4364.87|10.8|
|五粮液|000858.SZ|2024-12-13|5746.33|5746.21|19.02|17.79|4.21|4.21|13.77|11.69|6.9|6.48|2.55|3.15|143.15|5749.91|4498.79|11.13|
|五粮液|000858.SZ|2024-12-12|5893.06|5892.93|19.51|18.24|4.32|4.32|14.12|11.99|7.08|6.65|2.49|3.08|146.8|5896.63|4645.51|11.49|
|五粮液|000858.SZ|2024-12-11|5799.12|5799|19.2|17.95|4.25|4.25|13.89|11.8|6.96|6.54|2.53|3.13|144.46|5802.7|4551.58|11.26|
|五粮液|000858.SZ|2024-12-10|5787.48|5787.36|19.16|17.91|4.24|4.24|13.86|11.78|6.95|6.53|2.54|3.13|144.17|5791.05|4539.93|11.23|
|五粮液|000858.SZ|2024-12-09|5657.83|5657.71|18.73|17.51|4.15|4.15|13.55|11.51|6.79|6.38|2.59|3.2|140.94|5661.41|4410.29|10.91|
|五粮液|000858.SZ|2024-12-06|5684.23|5684.11|18.82|17.59|4.17|4.17|13.62|11.57|6.83|6.41|2.58|3.19|141.6|5687.8|4436.68|10.98|
|五粮液|000858.SZ|2024-12-05|5629.5|5629.38|18.63|17.42|4.13|4.13|13.49|11.45|6.76|6.35|2.61|3.22|140.24|5633.07|4381.95|10.84|
|五粮液|000858.SZ|2024-12-04|5656.67|5656.55|18.72|17.51|4.15|4.15|13.55|11.51|6.79|6.38|2.6|3.2|140.91|5660.24|4409.12|10.91|
|五粮液|000858.SZ|2024-12-03|5705.58|5705.45|18.89|17.66|4.18|4.18|13.67|11.61|6.85|6.44|2.57|3.18|142.13|5709.15|4458.03|11.03|
|五粮液|000858.SZ|2024-12-02|5721.49|5721.37|18.94|17.71|4.2|4.2|13.71|11.64|6.87|6.45|2.57|3.17|142.53|5725.07|4473.94|11.07|
|五粮液|000858.SZ|2024-11-29|5697.04|5696.92|18.86|17.63|4.18|4.18|13.65|11.59|6.84|6.43|2.58|3.18|141.92|5700.61|4449.49|11.01|
|五粮液|000858.SZ|2024-11-28|5589.52|5589.4|18.5|17.3|4.1|4.1|13.39|11.37|6.71|6.31|2.63|3.24|139.24|5593.09|4341.97|10.74|
|五粮液|000858.SZ|2024-11-27|5707.9|5707.78|18.89|17.67|4.19|4.19|13.67|11.61|6.85|6.44|2.57|3.18|142.19|5711.48|4460.36|11.04|
|五粮液|000858.SZ|2024-11-26|5620.57|5620.45|18.6|17.4|4.12|4.12|13.46|11.44|6.75|6.34|2.61|3.23|140.01|5624.14|4373.02|10.82|
|五粮液|000858.SZ|2024-11-25|5581.75|5581.63|18.48|17.28|4.09|4.09|13.37|11.36|6.7|6.3|2.63|3.25|139.05|5585.33|4334.21|10.72|
|五粮液|000858.SZ|2024-11-22|5624.06|5623.94|18.62|17.41|4.12|4.12|13.47|11.44|6.75|6.34|2.61|3.22|140.1|5627.64|4376.52|10.83|
|五粮液|000858.SZ|2024-11-21|5803|5802.88|19.21|17.96|4.26|4.26|13.9|11.81|6.97|6.55|2.53|3.12|144.56|5806.58|4555.46|11.27|
|五粮液|000858.SZ|2024-11-20|5806.89|5806.76|19.22|17.97|4.26|4.26|13.91|11.82|6.97|6.55|2.53|3.12|144.66|5810.46|4559.34|11.28|
|五粮液|000858.SZ|2024-11-19|5762.25|5762.13|19.07|17.84|4.23|4.23|13.8|11.72|6.92|6.5|2.55|3.15|143.54|5765.82|4514.7|11.17|
|五粮液|000858.SZ|2024-11-18|5796.41|5796.28|19.19|17.94|4.25|4.25|13.89|11.79|6.96|6.54|2.53|3.13|144.4|5799.98|4548.86|11.25|
|五粮液|000858.SZ|2024-11-15|5872.48|5872.36|19.44|18.18|4.31|4.31|14.07|11.95|7.05|6.62|2.5|3.09|146.29|5876.06|4624.94|11.44|
|五粮液|000858.SZ|2024-11-14|5957.88|5957.75|19.72|18.44|4.37|4.37|14.27|12.12|7.15|6.72|2.46|3.04|148.42|5961.46|4710.33|11.65|
|五粮液|000858.SZ|2024-11-13|5975.35|5975.22|19.78|18.49|4.38|4.38|14.31|12.16|7.18|6.74|2.46|3.03|148.85|5978.92|4727.8|11.7|
|五粮液|000858.SZ|2024-11-12|5989.32|5989.19|19.83|18.54|4.39|4.39|14.35|12.19|7.19|6.76|2.45|3.03|149.2|5992.9|4741.78|11.73|
|五粮液|000858.SZ|2024-11-11|6009.51|6009.38|19.89|18.6|4.41|4.41|14.4|12.23|7.22|6.78|2.44|3.02|149.7|6013.08|4761.96|11.78|
|五粮液|000858.SZ|2024-11-08|6073.55|6073.42|20.1|18.8|4.45|4.45|14.55|12.36|7.29|6.85|2.42|2.98|151.3|6077.13|4826.01|11.94|
|五粮液|000858.SZ|2024-11-07|6297.52|6297.39|20.85|19.49|4.62|4.62|15.09|12.81|7.56|7.1|2.33|2.88|156.88|6301.1|5049.97|12.49|
|五粮液|000858.SZ|2024-11-06|5870.93|5870.81|19.43|18.17|4.31|4.31|14.06|11.95|7.05|6.62|2.5|3.09|146.25|5874.51|4623.39|11.44|
|五粮液|000858.SZ|2024-11-05|5931.1|5930.97|19.63|18.36|4.35|4.35|14.21|12.07|7.12|6.69|2.48|3.06|147.75|5934.67|4683.55|11.59|
|五粮液|000858.SZ|2024-11-04|5768.07|5767.95|19.09|17.85|4.23|4.23|13.82|11.74|6.93|6.51|2.55|3.14|143.69|5771.65|4520.52|11.18|
|五粮液|000858.SZ|2024-11-01|5741.67|5741.55|19.01|17.77|4.21|4.21|13.76|11.68|6.9|6.48|2.56|3.16|143.03|5745.25|4494.13|11.12|
|五粮液|000858.SZ|2024-10-31|5699.37|5699.24|18.87|17.64|4.18|4.18|13.65|11.6|6.84|6.43|2.58|3.18|141.98|5702.94|4451.82|11.01|
|五粮液|000858.SZ|2024-10-30|5775.83|5775.71|19.12|17.92|4.43|4.43|13.84|13.17|6.94|6.53|2.54|3.14|137.18|5779.57|4492.42|11.11|
|五粮液|000858.SZ|2024-10-29|5853.46|5853.34|19.38|18.16|4.49|4.49|14.02|13.35|7.03|6.62|2.51|3.1|139.02|5857.2|4570.06|11.31|
|五粮液|000858.SZ|2024-10-28|5976.51|5976.39|19.78|18.54|4.58|4.58|14.32|13.63|7.18|6.76|2.46|3.03|141.94|5980.25|4693.1|11.61|
|五粮液|000858.SZ|2024-10-25|5749.05|5748.93|19.03|17.84|4.41|4.41|13.77|13.11|6.9|6.5|2.55|3.15|136.54|5752.79|4465.64|11.05|
|五粮液|000858.SZ|2024-10-24|5685|5684.88|18.82|17.64|4.36|4.36|13.62|12.97|6.83|6.43|2.58|3.19|135.02|5688.74|4401.59|10.89|
|五粮液|000858.SZ|2024-10-23|5765.35|5765.23|19.08|17.89|4.42|4.42|13.81|13.15|6.92|6.52|2.55|3.14|136.93|5769.09|4481.94|11.09|
|五粮液|000858.SZ|2024-10-22|5645.41|5645.29|18.69|17.52|4.33|4.33|13.52|12.88|6.78|6.39|2.6|3.21|134.08|5649.15|4362|10.79|
|五粮液|000858.SZ|2024-10-21|5551.09|5550.97|18.37|17.22|4.25|4.25|13.3|12.66|6.67|6.28|2.64|3.27|131.84|5554.83|4267.68|10.56|
|五粮液|000858.SZ|2024-10-18|5550.7|5550.58|18.37|17.22|4.25|4.25|13.3|12.66|6.67|6.28|2.64|3.27|131.83|5554.44|4267.29|10.56|
|五粮液|000858.SZ|2024-10-17|5354.68|5354.56|17.72|16.61|4.1|4.1|12.83|12.21|6.43|6.06|2.74|3.39|127.17|5358.42|4071.27|10.07|
|五粮液|000858.SZ|2024-10-16|5498.3|5498.18|18.2|17.06|4.21|4.21|13.17|12.54|6.6|6.22|2.67|3.3|130.59|5502.04|4214.89|10.43|
|五粮液|000858.SZ|2024-10-15|5589.52|5589.4|18.5|17.34|4.28|4.28|13.39|12.75|6.71|6.32|2.63|3.24|132.75|5593.25|4306.11|10.65|
|五粮液|000858.SZ|2024-10-14|5813.1|5812.97|19.24|18.04|4.45|4.45|13.93|13.26|6.98|6.57|2.53|3.12|138.06|5816.84|4529.69|11.21|
|五粮液|000858.SZ|2024-10-11|5808.83|5808.7|19.23|18.02|4.45|4.45|13.92|13.25|6.98|6.57|2.53|3.12|137.96|5812.57|4525.42|11.2|
|五粮液|000858.SZ|2024-10-10|5899.27|5899.14|19.53|18.3|4.52|4.52|14.13|13.46|7.08|6.67|2.49|3.07|140.11|5903.01|4615.86|11.42|
|五粮液|000858.SZ|2024-10-09|5732.36|5732.24|18.97|17.79|4.39|4.39|13.73|13.08|6.88|6.48|2.56|3.16|136.14|5736.1|4448.95|11.01|
|五粮液|000858.SZ|2024-10-08|6367.78|6367.64|21.08|19.76|4.88|4.88|15.25|14.52|7.65|7.2|2.31|2.85|151.24|6371.52|5084.37|12.58|
|五粮液|000858.SZ|2024-09-30|6308|6307.87|20.88|19.57|4.83|4.83|15.11|14.39|7.58|7.13|2.33|2.87|149.82|6311.74|5024.59|12.43|
|五粮液|000858.SZ|2024-09-27|5734.69|5734.57|18.98|17.79|4.39|4.39|13.74|13.08|6.89|6.49|2.56|3.16|136.2|5738.43|4451.28|11.01|
|五粮液|000858.SZ|2024-09-26|5213.39|5213.28|17.26|16.18|4|4|12.49|11.89|6.26|5.9|2.82|3.48|123.82|5217.13|3929.98|9.72|
|五粮液|000858.SZ|2024-09-25|4739.44|4739.34|15.69|14.7|3.63|3.63|11.35|10.81|5.69|5.36|3.1|3.82|112.56|4743.18|3456.03|8.55|
|五粮液|000858.SZ|2024-09-24|4671.9|4671.8|15.46|14.5|3.58|3.58|11.19|10.66|5.61|5.28|3.14|3.88|110.96|4675.64|3388.49|8.38|
|五粮液|000858.SZ|2024-09-23|4358.66|4358.57|14.43|13.52|3.34|3.34|10.44|9.94|5.23|4.93|3.37|4.16|103.52|4362.4|3075.25|7.61|
|五粮液|000858.SZ|2024-09-20|4280.64|4280.55|14.17|13.28|3.28|3.28|10.25|9.76|5.14|4.84|3.43|4.23|101.67|4284.38|2997.23|7.42|
|五粮液|000858.SZ|2024-09-19|4304.7|4304.61|14.25|13.36|3.3|3.3|10.31|9.82|5.17|4.87|3.41|4.21|102.24|4308.44|3021.29|7.47|
|五粮液|000858.SZ|2024-09-18|4180.1|4180.02|13.84|12.97|3.2|3.2|10.01|9.53|5.02|4.73|3.51|4.34|99.28|4183.84|2896.69|7.17|
|五粮液|000858.SZ|2024-09-13|4238.72|4238.63|14.03|13.15|3.25|3.25|10.15|9.67|5.09|4.79|3.46|4.28|100.67|4242.46|2955.31|7.31|
|五粮液|000858.SZ|2024-09-12|4400.19|4400.1|14.57|13.65|3.37|3.37|10.54|10.04|5.28|4.98|3.34|4.12|104.51|4403.93|3116.78|7.71|
|五粮液|000858.SZ|2024-09-11|4503.05|4502.96|14.91|13.97|3.45|3.45|10.79|10.27|5.41|5.09|3.26|4.03|106.95|4506.79|3219.64|7.97|
|五粮液|000858.SZ|2024-09-10|4519.36|4519.26|14.96|14.02|3.46|3.46|10.83|10.31|5.43|5.11|3.25|4.01|107.34|4523.1|3235.95|8.01|
|五粮液|000858.SZ|2024-09-09|4511.2|4511.11|14.93|14|3.46|3.46|10.81|10.29|5.42|5.1|3.25|4.02|107.14|4514.94|3227.8|7.99|
|五粮液|000858.SZ|2024-09-06|4562.05|4561.96|15.1|14.15|3.5|3.5|10.93|10.41|5.48|5.16|3.22|3.97|108.35|4565.79|3278.64|8.11|
|五粮液|000858.SZ|2024-09-05|4640.46|4640.36|15.36|14.4|3.56|3.56|11.12|10.58|5.57|5.25|3.16|3.91|110.21|4644.2|3357.05|8.31|
|五粮液|000858.SZ|2024-09-04|4623.38|4623.29|15.3|14.34|3.54|3.54|11.08|10.55|5.55|5.23|3.18|3.92|109.81|4627.12|3339.97|8.26|
|五粮液|000858.SZ|2024-09-03|4670.35|4670.25|15.46|14.49|3.58|3.58|11.19|10.65|5.61|5.28|3.14|3.88|110.92|4674.09|3386.94|8.38|
|五粮液|000858.SZ|2024-09-02|4619.11|4619.02|15.29|14.33|3.54|3.54|11.07|10.54|5.55|5.22|3.18|3.92|109.7|4622.85|3335.7|8.25|
|五粮液|000858.SZ|2024-08-30|4775.54|4775.44|15.81|14.82|3.66|3.66|11.44|10.89|5.73|5.4|3.07|3.8|113.42|4779.28|3492.13|8.64|
|五粮液|000858.SZ|2024-08-29|4610.57|4610.48|15.26|14.3|3.53|3.53|11.05|10.52|5.54|5.21|3.18|3.93|109.5|4614.31|3327.16|8.23|
|五粮液|000858.SZ|2024-08-28|4425.03|4424.94|14.65|13.95|3.08|3.53|10.6|13.52|5.31|5.09|3.32|4.1|101.83|4428.3|3270.04|8.09|
|五粮液|000858.SZ|2024-08-27|4568.65|4568.56|15.12|14.41|3.18|3.64|10.94|13.96|5.49|5.25|3.21|3.97|105.13|4571.92|3413.66|8.45|
|五粮液|000858.SZ|2024-08-26|4584.96|4584.86|15.18|14.46|3.19|3.65|10.98|14.01|5.51|5.27|3.2|3.95|105.51|4588.22|3429.96|8.49|
|五粮液|000858.SZ|2024-08-23|4701.02|4700.92|15.56|14.82|3.27|3.75|11.26|14.37|5.65|5.41|3.12|3.86|108.18|4704.28|3546.02|8.77|
|五粮液|000858.SZ|2024-08-22|4696.36|4696.26|15.55|14.81|3.27|3.74|11.25|14.35|5.64|5.4|3.13|3.86|108.07|4699.62|3541.36|8.76|
|五粮液|000858.SZ|2024-08-21|4743.32|4743.22|15.7|14.96|3.3|3.78|11.36|14.5|5.7|5.45|3.09|3.82|109.15|4746.59|3588.33|8.88|
|五粮液|000858.SZ|2024-08-20|4780.2|4780.1|15.82|15.07|3.33|3.81|11.45|14.61|5.74|5.5|3.07|3.79|110|4783.46|3625.2|8.97|
|五粮液|000858.SZ|2024-08-19|4811.25|4811.15|15.93|15.17|3.35|3.83|11.53|14.7|5.78|5.53|3.05|3.77|110.71|4814.52|3656.26|9.05|
|五粮液|000858.SZ|2024-08-16|4852.4|4852.3|16.06|15.3|3.38|3.87|11.62|14.83|5.83|5.58|3.03|3.74|111.66|4855.66|3697.4|9.15|
|五粮液|000858.SZ|2024-08-15|4850.07|4849.97|16.05|15.29|3.38|3.87|11.62|14.82|5.82|5.58|3.03|3.74|111.61|4853.33|3695.07|9.14|
|五粮液|000858.SZ|2024-08-14|4826|4825.9|15.97|15.22|3.36|3.85|11.56|14.75|5.8|5.55|3.04|3.76|111.05|4829.27|3671.01|9.08|
|五粮液|000858.SZ|2024-08-13|4875.3|4875.2|16.14|15.37|3.4|3.89|11.68|14.9|5.85|5.61|3.01|3.72|112.19|4878.56|3720.3|9.2|
|五粮液|000858.SZ|2024-08-12|4957.2|4957.1|16.41|15.63|3.45|3.95|11.88|15.15|5.95|5.7|2.96|3.66|114.07|4960.46|3802.2|9.41|
|五粮液|000858.SZ|2024-08-09|4971.56|4971.46|16.46|15.68|3.46|3.96|11.91|15.19|5.97|5.72|2.95|3.65|114.4|4974.83|3816.57|9.44|
|五粮液|000858.SZ|2024-08-08|4982.04|4981.94|16.49|15.71|3.47|3.97|11.94|15.22|5.98|5.73|2.95|3.64|114.64|4985.31|3827.05|9.47|
|五粮液|000858.SZ|2024-08-07|4929.64|4929.54|16.32|15.54|3.43|3.93|11.81|15.06|5.92|5.67|2.98|3.68|113.44|4932.91|3774.64|9.34|
|五粮液|000858.SZ|2024-08-06|4886.94|4886.84|16.18|15.41|3.4|3.89|11.71|14.93|5.87|5.62|3|3.71|112.46|4890.21|3731.95|9.23|
|五粮液|000858.SZ|2024-08-05|4890.83|4890.72|16.19|15.42|3.41|3.9|11.72|14.95|5.87|5.62|3|3.71|112.55|4894.09|3735.83|9.24|
|五粮液|000858.SZ|2024-08-02|4801.55|4801.45|15.89|15.14|3.34|3.83|11.5|14.67|5.77|5.52|3.06|3.78|110.49|4804.81|3646.55|9.02|
|五粮液|000858.SZ|2024-08-01|4813.19|4813.09|15.93|15.18|3.35|3.84|11.53|14.71|5.78|5.53|3.05|3.77|110.76|4816.46|3658.2|9.05|
|五粮液|000858.SZ|2024-07-31|4924.21|4924.1|16.3|15.53|3.43|3.92|11.8|15.05|5.91|5.66|2.98|3.68|113.31|4927.47|3769.21|9.33|
|五粮液|000858.SZ|2024-07-30|4785.63|4785.53|15.84|15.09|3.33|3.81|11.46|14.62|5.75|5.5|3.07|3.79|110.13|4788.9|3630.64|8.98|
|五粮液|000858.SZ|2024-07-29|4817.08|4816.97|15.95|15.19|3.35|3.84|11.54|14.72|5.78|5.54|3.05|3.76|110.85|4820.34|3662.08|9.06|
|五粮液|000858.SZ|2024-07-26|4898.59|4898.49|16.21|15.45|3.41|3.9|11.74|14.97|5.88|5.63|3|3.7|112.72|4901.85|3743.59|9.26|
|五粮液|000858.SZ|2024-07-25|4882.29|4882.18|16.16|15.39|3.4|3.89|11.7|14.92|5.86|5.61|3.01|3.71|112.35|4885.55|3727.29|9.22|
|五粮液|000858.SZ|2024-07-24|4893.16|4893.05|16.2|15.43|3.41|3.9|11.72|14.95|5.88|5.63|3|3.7|112.6|4896.42|3738.16|9.25|
|五粮液|000858.SZ|2024-07-23|4921.88|4921.77|16.29|15.52|3.43|3.92|11.79|15.04|5.91|5.66|2.98|3.68|113.26|4925.14|3766.88|9.32|
|五粮液|000858.SZ|2024-07-22|5093.45|5093.34|16.86|16.06|3.55|4.06|12.2|15.57|6.12|5.86|2.88|3.56|117.21|5096.71|3938.45|9.74|
|五粮液|000858.SZ|2024-07-19|5178.84|5178.73|17.14|16.33|3.61|4.13|12.41|15.83|6.22|5.96|2.83|3.5|119.17|5182.1|4023.84|9.96|
|五粮液|000858.SZ|2024-07-18|5088.79|5088.68|16.84|16.05|3.54|4.06|12.19|15.55|6.11|5.85|2.88|3.56|117.1|5092.05|3933.79|9.73|
|五粮液|000858.SZ|2024-07-17|5075.59|5075.48|16.8|16|3.53|4.05|12.16|15.51|6.1|5.84|2.89|3.57|116.8|5078.85|3920.59|9.7|
|五粮液|000858.SZ|2024-07-16|4948.27|4948.17|16.38|15.6|3.45|3.94|11.85|15.12|5.94|5.69|2.97|3.66|113.87|4951.54|3793.28|9.38|
|五粮液|000858.SZ|2024-07-15|4949.05|4948.95|16.38|15.61|3.45|3.94|11.86|15.12|5.94|5.69|2.97|3.66|113.89|4952.31|3794.05|9.39|
|五粮液|000858.SZ|2024-07-12|4945.17|4945.06|16.37|15.59|3.44|3.94|11.85|15.11|5.94|5.69|2.97|3.67|113.8|4948.43|3790.17|9.38|
|五粮液|000858.SZ|2024-07-11|5064.72|5064.62|16.76|15.97|3.53|3.53|12.13|15.48|6.08|5.82|2.9||116.55|5067.99|3909.72|9.67|
|五粮液|000858.SZ|2024-07-10|4911.79|4911.68|16.26|15.49|3.42|3.42|11.77|15.01|5.9|5.65|2.99||113.03|4915.05|3756.79|9.29|
|五粮液|000858.SZ|2024-07-09|4932.36|4932.25|16.33|15.55|3.43|3.43|11.82|15.07|5.92|5.67|2.98||113.5|4935.62|3777.36|9.35|
|五粮液|000858.SZ|2024-07-08|4887.33|4887.23|16.18|15.41|3.4|3.4|11.71|14.94|5.87|5.62|3||112.47|4890.6|3732.34|9.23|
|五粮液|000858.SZ|2024-07-05|5005.33|5005.23|16.57|15.78|3.49|3.49|11.99|15.3|6.01|5.76|2.93||115.18|5008.6|3850.34|9.53|
|五粮液|000858.SZ|2024-07-04|5068.99|5068.88|16.78|15.98|3.53|3.53|12.14|15.49|6.09|5.83|2.9||116.65|5072.25|3913.99|9.68|
|五粮液|000858.SZ|2024-07-03|5084.91|5084.8|16.83|16.03|3.54|3.54|12.18|15.54|6.11|5.85|2.89||117.01|5088.17|3929.91|9.72|
|五粮液|000858.SZ|2024-07-02|5106.64|5106.54|16.9|16.1|3.56|3.56|12.23|15.61|6.13|5.87|2.87||117.51|5109.91|3951.65|9.78|
|五粮液|000858.SZ|2024-07-01|4980.1|4980|16.48|15.7|3.47|3.47|11.93|15.22|5.98|5.73|2.95||114.6|4983.37|3825.11|9.46|
|五粮液|000858.SZ|2024-06-28|4970.01|4969.91|16.45|15.67|3.46|3.46|11.91|15.19|5.97|5.71|2.95||114.37|4973.27|3815.01|9.44|
|五粮液|000858.SZ|2024-06-27|5032.5|5032.4|16.66|15.87|3.5|3.5|12.06|15.38|6.04|5.79|2.92||115.81|5035.77|3877.51|9.59|
|五粮液|000858.SZ|2024-06-26|5096.55|5096.44|16.87|16.07|3.55|3.55|12.21|15.57|6.12|5.86|2.88|2.88|117.28|5099.81|3941.55|9.75|
|五粮液|000858.SZ|2024-06-25|5104.7|5104.59|16.9|16.1|3.55|3.55|12.23|15.6|6.13|5.87|2.88|2.88|117.47|5107.97|3949.71|9.77|
|五粮液|000858.SZ|2024-06-24|5086.07|5085.96|16.84|16.04|3.54|3.54|12.18|15.54|6.11|5.85|2.89|2.89|117.04|5089.33|3931.07|9.73|
|五粮液|000858.SZ|2024-06-21|5053.85|5053.75|16.73|15.94|3.52|3.52|12.11|15.44|6.07|5.81|2.9|2.9|116.3|5057.12|3898.86|9.65|
|五粮液|000858.SZ|2024-06-20|5131.49|5131.38|16.99|16.18|3.57|3.57|12.29|15.68|6.16|5.9|2.86|2.86|118.08|5134.75|3976.49|9.84|
|五粮液|000858.SZ|2024-06-19|5209.89|5209.78|17.25|16.43|3.63|3.63|12.48|15.92|6.26|5.99|2.82|2.82|119.89|5213.16|4054.9|10.03|
|五粮液|000858.SZ|2024-06-18|5197.08|5196.98|17.2|16.39|3.62|3.62|12.45|15.88|6.24|5.98|2.82|2.82|119.59|5200.35|4042.09|10|
|五粮液|000858.SZ|2024-06-17|5268.51|5268.4|17.44|16.61|3.67|3.67|12.62|16.1|6.33|6.06|2.79|2.79|121.24|5271.77|4113.51|10.18|
|五粮液|000858.SZ|2024-06-14|5266.57|5266.45|17.43|16.61|3.67|3.67|12.62|16.09|6.32|6.06|2.79|2.79|121.19|5269.83|4111.57|10.17|
|五粮液|000858.SZ|2024-06-13|5223.09|5222.98|17.29|16.47|3.64|3.64|12.51|15.96|6.27|6.01|2.81|2.81|120.19|5226.35|4068.09|10.06|
|五粮液|000858.SZ|2024-06-12|5352.74|5352.62|17.72|16.88|3.73|3.73|12.82|16.36|6.43|6.16|2.74|2.74|123.18|5356|4197.74|10.39|
|五粮液|000858.SZ|2024-06-11|5375.25|5375.14|17.79|16.95|3.74|3.74|12.88|16.43|6.46|6.18|2.73|2.73|123.69|5378.51|4220.25|10.44|
|五粮液|000858.SZ|2024-06-07|5525.08|5524.96|18.29|17.42|3.85|3.85|13.24|16.88|6.63|6.35|2.66|2.66|127.14|5528.34|4370.08|10.81|
|五粮液|000858.SZ|2024-06-06|5624.45|5624.33|18.62|17.74|3.92|3.92|13.47|17.19|6.75|6.47|2.61|2.61|129.43|5627.71|4469.45|11.06|
|五粮液|000858.SZ|2024-06-05|5657.83|5657.71|18.73|17.84|3.94|3.94|13.55|17.29|6.79|6.51|2.59|2.59|130.2|5661.09|4502.83|11.14|
|五粮液|000858.SZ|2024-06-04|5736.24|5736.12|18.99|18.09|3.99|3.99|13.74|17.53|6.89|6.6|2.56|2.56|132|5739.5|4581.24|11.33|
|五粮液|000858.SZ|2024-06-03|5666.37|5666.25|18.76|17.87|3.95|3.95|13.57|17.32|6.8|6.52|2.59|2.59|130.39|5669.63|4511.37|11.16|
|五粮液|000858.SZ|2024-05-31|5694.32|5694.2|18.85|17.96|3.97|3.97|13.64|17.4|6.84|6.55|2.58|2.58|131.04|5697.58|4539.32|11.23|
|五粮液|000858.SZ|2024-05-30|5677.24|5677.12|18.79|17.9|3.95|3.95|13.6|17.35|6.82|6.53|2.59|2.59|130.64|5680.5|4522.24|11.19|
|五粮液|000858.SZ|2024-05-29|5791.75|5791.62|19.17|18.26|4.03|4.03|13.87|17.7|6.96|6.66|2.53|2.53|133.28|5795.01|4636.75|11.47|
|五粮液|000858.SZ|2024-05-28|5823.58|5823.45|19.28|18.36|4.06|4.06|13.95|17.8|6.99|6.7|2.52|2.52|134.01|5826.84|4668.58|11.55|
|五粮液|000858.SZ|2024-05-27|5883.74|5883.62|19.48|18.55|4.1|4.1|14.1|17.98|7.07|6.77|2.5|2.5|135.39|5887|4728.74|11.7|
|五粮液|000858.SZ|2024-05-24|5867.05|5866.93|19.42|18.5|4.09|4.09|14.06|17.93|7.05|6.75|2.5|2.5|135.01|5870.31|4712.05|11.66|
|五粮液|000858.SZ|2024-05-23|5962.15|5962.02|19.74|18.8|4.15|4.15|14.28|18.22|7.16|6.86|2.46|2.46|137.2|5965.41|4807.15|11.89|
|五粮液|000858.SZ|2024-05-22|6021.15|6021.02|19.93|18.99|4.19|4.19|14.42|18.4|7.23|6.92|2.44|2.44|138.56|6024.41|4866.15|12.04|
|五粮液|000858.SZ|2024-05-21|6076.27|6076.14|20.11|19.16|4.23|4.23|14.56|18.57|7.3|6.99|2.42|2.42|139.82|6079.53|4921.27|12.18|
|五粮液|000858.SZ|2024-05-20|6105.77|6105.64|20.21|19.25|4.25|4.25|14.63|18.66|7.33|7.02|2.4|2.4|140.5|6109.03|4950.77|12.25|
|五粮液|000858.SZ|2024-05-17|6071.22|6071.09|20.1|19.14|4.23|4.23|14.54|18.55|7.29|6.98|2.42|2.42|139.71|6074.49|4916.23|12.16|
|五粮液|000858.SZ|2024-05-16|5979.62|5979.49|19.79|18.86|4.16|4.16|14.32|18.27|7.18|6.88|2.46|2.46|137.6|5982.88|4824.62|11.94|
|五粮液|000858.SZ|2024-05-15|5875.59|5875.47|19.45|18.53|4.09|4.09|14.08|17.96|7.06|6.76|2.5|2.5|135.21|5878.85|4720.59|11.68|
|五粮液|000858.SZ|2024-05-14|5874.43|5874.3|19.44|18.52|4.09|4.09|14.07|17.95|7.05|6.75|2.5|2.5|135.18|5877.69|4719.43|11.68|
|五粮液|000858.SZ|2024-05-13|5865.11|5864.99|19.41|18.49|4.08|4.08|14.05|17.92|7.04|6.74|2.5|2.5|134.97|5868.37|4710.11|11.65|
|五粮液|000858.SZ|2024-05-10|5994.37|5994.24|19.84|18.9|4.17|4.17|14.36|18.32|7.2|6.89|2.45|2.45|137.94|5997.63|4839.37|11.97|
|五粮液|000858.SZ|2024-05-09|6010.28|6010.15|19.89|18.95|4.19|4.19|14.4|18.37|7.22|6.91|2.44|2.44|138.31|6013.54|4855.28|12.01|
|五粮液|000858.SZ|2024-05-08|6016.49|6016.37|19.92|18.97|4.19|4.19|14.41|18.39|7.23|6.92|2.44|2.44|138.45|6019.76|4861.5|12.03|
|五粮液|000858.SZ|2024-05-07|6052.98|6052.85|20.04|19.09|4.22|4.22|14.5|18.5|7.27|6.96|2.43|2.43|139.29|6056.24|4897.98|12.12|
|五粮液|000858.SZ|2024-05-06|6016.88|6016.75|19.92|18.97|4.19|4.19|14.41|18.39|7.23|6.92|2.44|2.44|138.46|6020.14|4861.88|12.03|
|五粮液|000858.SZ|2024-04-30|5839.1|5838.98|19.33|18.41|4.07|4.07|13.99|17.84|7.01|6.71|2.51|2.51|134.37|5842.37|4684.11|11.59|
|五粮液|000858.SZ|2024-04-29|5890.34|5890.22|19.5|18.57|4.1|4.1|14.11|18|7.07|6.77|2.49|2.49|135.55|5893.6|4735.34|11.72|
|五粮液|000858.SZ|2024-04-26|5909.75|5909.62|22.14|20.01|4.84|4.84|24.19|16.4|7.99|7.32|2.48|2.48|133.13|5910.77|4929.29|13.68|
|五粮液|000858.SZ|2024-04-25|5782.82|5782.7|21.67|19.58|4.73|4.73|23.67|16.05|7.82|7.16|2.54|2.54|130.27|5783.84|4802.36|13.32|
|五粮液|000858.SZ|2024-04-24|5782.82|5782.7|21.67|19.58|4.73|4.73|23.67|16.05|7.82|7.16|2.54|2.54|130.27|5783.84|4802.36|13.32|
|五粮液|000858.SZ|2024-04-23|5707.13|5707.01|21.38|19.32|4.67|4.67|23.36|15.84|7.72|7.07|2.57|2.57|128.57|5708.15|4726.67|13.11|
|五粮液|000858.SZ|2024-04-22|5611.25|5611.13|21.02|19|4.59|4.59|22.97|15.57|7.59|6.95|2.62|2.62|126.41|5612.27|4630.79|12.85|
|五粮液|000858.SZ|2024-04-19|5546.82|5546.7|20.78|18.78|4.54|4.54|22.7|15.39|7.5|6.87|2.65|2.65|124.96|5547.84|4566.36|12.67|
|五粮液|000858.SZ|2024-04-18|5627.56|5627.44|21.08|19.05|4.61|4.61|23.03|15.62|7.61|6.97|2.61|2.61|126.78|5628.57|4647.1|12.89|
|五粮液|000858.SZ|2024-04-17|5639.98|5639.86|21.13|19.1|4.62|4.62|23.09|15.65|7.62|6.99|2.6|2.6|127.06|5640.99|4659.52|12.93|
|五粮液|000858.SZ|2024-04-16|5627.17|5627.05|21.08|19.05|4.61|4.61|23.03|15.62|7.61|6.97|2.61|2.61|126.77|5628.19|4646.71|12.89|
|五粮液|000858.SZ|2024-04-15|5718.38|5718.26|21.42|19.36|4.68|4.68|23.41|15.87|7.73|7.08|2.57|2.57|128.82|5719.4|4737.93|13.15|
|五粮液|000858.SZ|2024-04-12|5453.27|5453.16|20.43|18.46|4.46|4.46|22.32|15.13|7.37|6.76|2.69|2.69|122.85|5454.29|4472.81|12.41|
|五粮液|000858.SZ|2024-04-11|5525.08|5524.96|20.7|18.71|4.52|4.52|22.61|15.33|7.47|6.84|2.66|2.66|124.47|5526.1|4544.62|12.61|
|五粮液|000858.SZ|2024-04-10|5555.36|5555.24|20.81|18.81|4.55|4.55|22.74|15.42|7.51|6.88|2.64|2.64|125.15|5556.38|4574.9|12.69|
|五粮液|000858.SZ|2024-04-09|5685.78|5685.66|21.3|19.25|4.65|4.65|23.27|15.78|7.69|7.04|2.58|2.58|128.09|5686.8|4705.32|13.06|
|五粮液|000858.SZ|2024-04-08|5717.22|5717.1|21.42|19.36|4.68|4.68|23.4|15.87|7.73|7.08|2.57|2.57|128.8|5718.24|4736.76|13.14|
|五粮液|000858.SZ|2024-04-03|6000.97|6000.84|22.48|20.32|4.91|4.91|24.56|16.65|8.11|7.43|2.45|2.45|135.19|6001.98|5020.51|13.93|
|五粮液|000858.SZ|2024-04-02|6035.9|6035.77|22.61|20.44|4.94|4.94|24.71|16.75|8.16|7.48|2.43|2.43|135.97|6036.92|5055.44|14.03|
|五粮液|000858.SZ|2024-04-01|6104.99|6104.86|22.87|20.67|5|5|24.99|16.94|8.25|7.56|2.4|2.4|137.53|6106.01|5124.53|14.22|
|五粮液|000858.SZ|2024-03-29|5958.66|5958.53|22.32|20.18|4.88|4.88|24.39|16.54|8.06|7.38|2.46|2.46|134.23|5959.67|4978.2|13.81|
|五粮液|000858.SZ|2024-03-28|5942.74|5942.62|22.27|20.12|4.86|4.86|24.32|16.49|8.03|7.36|2.47|2.47|133.88|5943.76|4962.28|13.77|
|五粮液|000858.SZ|2024-03-27|5925.66|5925.54|22.2|20.06|4.85|4.85|24.25|16.44|8.01|7.34|2.48|2.48|133.49|5926.68|4945.2|13.72|
|五粮液|000858.SZ|2024-03-26|6025.03|6024.9|22.57|20.4|4.93|4.93|24.66|16.72|8.15|7.46|2.44|2.44|135.73|6026.05|5044.57|14|
|五粮液|000858.SZ|2024-03-25|5889.18|5889.05|22.06|19.94|4.82|4.82|24.11|16.34|7.96|7.3|2.49|2.49|132.67|5890.19|4908.72|13.62|
|五粮液|000858.SZ|2024-03-22|5955.55|5955.43|22.31|20.16|4.87|4.87|24.38|16.53|8.05|7.38|2.46|2.46|134.16|5956.57|4975.09|13.8|
|五粮液|000858.SZ|2024-03-21|6078.99|6078.86|22.78|20.58|4.98|4.98|24.88|16.87|8.22|7.53|2.41|2.41|136.95|6080|5098.53|14.15|
|五粮液|000858.SZ|2024-03-20|6092.18|6092.05|22.83|20.63|4.99|4.99|24.94|16.91|8.24|7.55|2.41|2.41|137.24|6093.2|5111.72|14.18|
|五粮液|000858.SZ|2024-03-19|6108.49|6108.36|22.89|20.68|5|5|25|16.95|8.26|7.57|2.4|2.4|137.61|6109.5|5128.03|14.23|
|五粮液|000858.SZ|2024-03-18|5958.27|5958.14|22.32|20.17|4.88|4.88|24.39|16.53|8.06|7.38|2.46|2.46|134.23|5959.29|4977.81|13.81|
|五粮液|000858.SZ|2024-03-15|5919.06|5918.94|22.18|20.04|4.84|4.84|24.23|16.43|8|7.33|2.48|2.48|133.34|5920.08|4938.61|13.7|
|五粮液|000858.SZ|2024-03-14|5805.33|5805.21|21.75|19.66|4.75|4.75|23.76|16.11|7.85|7.19|2.53|2.53|130.78|5806.35|4824.87|13.39|
|五粮液|000858.SZ|2024-03-13|5735.46|5735.34|21.49|19.42|4.69|4.69|23.48|15.92|7.75|7.1|2.56|2.56|129.21|5736.48|4755.01|13.19|
|五粮液|000858.SZ|2024-03-12|5756.81|5756.69|21.57|19.49|4.71|4.71|23.56|15.98|7.78|7.13|2.55|2.55|129.69|5757.83|4776.35|13.25|
|五粮液|000858.SZ|2024-03-11|5479.28|5479.16|20.53|18.55|4.48|4.48|22.43|15.21|7.41|6.79|2.68|2.68|123.44|5480.3|4498.82|12.48|
|五粮液|000858.SZ|2024-03-08|5372.92|5372.81|20.13|18.19|4.4|4.4|21.99|14.91|7.26|6.66|2.73|2.73|121.04|5373.94|4392.46|12.19|
|五粮液|000858.SZ|2024-03-07|5366.32|5366.21|20.11|18.17|4.39|4.39|21.97|14.89|7.25|6.65|2.74|2.74|120.89|5367.34|4385.86|12.17|
|五粮液|000858.SZ|2024-03-06|5397.76|5397.65|20.22|18.28|4.42|4.42|22.09|14.98|7.3|6.69|2.72|2.72|121.6|5398.78|4417.31|12.26|
|五粮液|000858.SZ|2024-03-05|5495.97|5495.85|20.59|18.61|4.5|4.5|22.5|15.25|7.43|6.81|2.67|2.67|123.81|5496.99|4515.51|12.53|
|五粮液|000858.SZ|2024-03-04|5447.06|5446.95|20.41|18.44|4.46|4.46|22.3|15.12|7.36|6.75|2.7|2.7|122.71|5448.08|4466.6|12.39|
|五粮液|000858.SZ|2024-03-01|5534.78|5534.67|20.74|18.74|4.53|4.53|22.65|15.36|7.48|6.86|2.65|2.65|124.69|5535.8|4554.33|12.64|
|五粮液|000858.SZ|2024-02-29|5521.59|5521.47|20.69|18.7|4.52|4.52|22.6|15.32|7.46|6.84|2.66|2.66|124.39|5522.61|4541.13|12.6|
|五粮液|000858.SZ|2024-02-28|5416.01|5415.89|20.29|18.34|4.43|4.43|22.17|15.03|7.32|6.71|2.71|2.71|122.01|5417.03|4435.55|12.31|
|五粮液|000858.SZ|2024-02-27|5424.94|5424.82|20.33|18.37|4.44|4.44|22.2|15.05|7.33|6.72|2.71|2.71|122.21|5425.95|4444.48|12.33|
|五粮液|000858.SZ|2024-02-26|5424.94|5424.82|20.33|18.37|4.44|4.44|22.2|15.05|7.33|6.72|2.71|2.71|122.21|5425.95|4444.48|12.33|
|五粮液|000858.SZ|2024-02-23|5500.63|5500.51|20.61|18.62|4.5|4.5|22.51|15.26|7.44|6.81|2.67|2.67|123.92|5501.65|4520.17|12.54|
|五粮液|000858.SZ|2024-02-22|5476.95|5476.83|20.52|18.54|4.48|4.48|22.42|15.2|7.4|6.78|2.68|2.68|123.38|5477.97|4496.49|12.48|
|五粮液|000858.SZ|2024-02-21|5473.84|5473.73|20.51|18.53|4.48|4.48|22.41|15.19|7.4|6.78|2.68|2.68|123.31|5474.86|4493.38|12.47|
|五粮液|000858.SZ|2024-02-20|5216.1|5215.99|19.54|17.66|4.27|4.27|21.35|14.48|7.05|6.46|2.81|2.81|117.51|5217.12|4235.65|11.75|
|五粮液|000858.SZ|2024-02-19|5284.81|5284.7|19.8|17.89|4.33|4.33|21.63|14.67|7.14|6.55|2.78|2.78|119.05|5285.83|4304.35|11.94|
|五粮液|000858.SZ|2024-02-08|5185.44|5185.33|19.43|17.56|4.24|4.24|21.22|14.39|7.01|6.42|2.83|2.83|116.82|5186.46|4204.98|11.67|
|五粮液|000858.SZ|2024-02-07|5196.31|5196.2|19.47|17.59|4.25|4.25|21.27|14.42|7.03|6.44|2.83|2.83|117.06|5197.33|4215.85|11.7|
|五粮液|000858.SZ|2024-02-06|5162.15|5162.04|19.34|17.48|4.22|4.22|21.13|14.33|6.98|6.39|2.84|2.84|116.29|5163.17|4181.69|11.6|
|五粮液|000858.SZ|2024-02-05|4912.95|4912.85|18.41|16.63|4.02|4.02|20.11|13.63|6.64|6.09|2.99|2.99|110.68|4913.97|3932.49|10.91|
|五粮液|000858.SZ|2024-02-02|4806.21|4806.11|18.01|16.27|3.93|3.93|19.67|13.34|6.5|5.95|3.05|3.05|108.27|4807.23|3825.75|10.62|
|五粮液|000858.SZ|2024-02-01|4910.23|4910.13|18.4|16.63|4.02|4.02|20.1|13.63|6.64|6.08|2.99|2.99|110.62|4911.25|3929.78|10.9|
|五粮液|000858.SZ|2024-01-31|4902.47|4902.37|18.37|16.6|4.01|4.01|20.07|13.61|6.63|6.07|2.99|2.99|110.44|4903.49|3922.01|10.88|
|五粮液|000858.SZ|2024-01-30|4957.2|4957.1|18.57|16.78|4.06|4.06|20.29|13.76|6.7|6.14|2.96|2.96|111.67|4958.22|3976.74|11.03|
|五粮液|000858.SZ|2024-01-29|5115.18|5115.07|19.16|17.32|4.19|4.19|20.94|14.2|6.92|6.34|2.87|2.87|115.23|5116.2|4134.72|11.47|
|五粮液|000858.SZ|2024-01-26|5084.91|5084.8|19.05|17.22|4.16|4.16|20.81|14.11|6.87|6.3|2.89|2.89|114.55|5085.92|4104.45|11.39|
|五粮液|000858.SZ|2024-01-25|5089.18|5089.07|19.07|17.23|4.17|4.17|20.83|14.12|6.88|6.3|2.88|2.88|114.65|5090.19|4108.72|11.4|
|五粮液|000858.SZ|2024-01-24|4970.4|4970.29|18.62|16.83|4.07|4.07|20.34|13.79|6.72|6.16|2.95|2.95|111.97|4971.42|3989.94|11.07|
|五粮液|000858.SZ|2024-01-23|4944.39|4944.29|18.52|16.74|4.05|4.05|20.24|13.72|6.68|6.12|2.97|2.97|111.39|4945.41|3963.93|11|
|五粮液|000858.SZ|2024-01-22|4929.64|4929.54|18.47|16.69|4.03|4.03|20.18|13.68|6.66|6.11|2.98|2.98|111.05|4930.66|3949.18|10.96|
|五粮液|000858.SZ|2024-01-19|5003|5002.9|18.74|16.94|4.09|4.09|20.48|13.88|6.76|6.2|2.93|2.93|112.71|5004.02|4022.55|11.16|
|五粮液|000858.SZ|2024-01-18|4964.58|4964.47|18.6|16.81|4.06|4.06|20.32|13.78|6.71|6.15|2.96|2.96|111.84|4965.59|3984.12|11.05|
|五粮液|000858.SZ|2024-01-17|4857.44|4857.34|18.2|16.45|3.98|3.98|19.88|13.48|6.57|6.02|3.02|3.02|109.43|4858.46|3876.99|10.76|
|五粮液|000858.SZ|2024-01-16|4984.37|4984.27|18.67|16.88|4.08|4.08|20.4|13.83|6.74|6.17|2.95|2.95|112.29|4985.39|4003.91|11.11|
|五粮液|000858.SZ|2024-01-15|4994.85|4994.75|18.71|16.91|4.09|4.09|20.44|13.86|6.75|6.19|2.94|2.94|112.52|4995.87|4014.39|11.14|
|五粮液|000858.SZ|2024-01-12|4997.57|4997.46|18.72|16.92|4.09|4.09|20.46|13.87|6.76|6.19|2.94|2.94|112.58|4998.59|4017.11|11.15|
|五粮液|000858.SZ|2024-01-11|5031.34|5031.23|18.85|17.04|4.12|4.12|20.59|13.96|6.8|6.23|2.92|2.92|113.34|5032.36|4050.88|11.24|
|五粮液|000858.SZ|2024-01-10|4999.51|4999.41|18.73|16.93|4.09|4.09|20.46|13.87|6.76|6.19|2.94|2.94|112.63|5000.53|4019.05|11.15|
|五粮液|000858.SZ|2024-01-09|4961.08|4960.98|18.59|16.8|4.06|4.06|20.31|13.77|6.71|6.15|2.96|2.96|111.76|4962.1|3980.62|11.04|
|五粮液|000858.SZ|2024-01-08|4972.34|4972.23|18.63|16.84|4.07|4.07|20.35|13.8|6.72|6.16|2.95|2.95|112.02|4973.36|3991.88|11.08|
|五粮液|000858.SZ|2024-01-05|5094.22|5094.11|19.09|17.25|4.17|4.17|20.85|14.14|6.89|6.31|2.88|2.88|114.76|5095.24|4113.76|11.41|
|五粮液|000858.SZ|2024-01-04|5136.14|5136.04|19.24|17.39|4.2|4.2|21.02|14.25|6.94|6.36|2.86|2.86|115.71|5137.16|4155.68|11.53|
|五粮液|000858.SZ|2024-01-03|5235.51|5235.4|19.62|17.73|4.29|4.29|21.43|14.53|7.08|6.49|2.8|2.8|117.94|5236.53|4255.05|11.81|
|五粮液|000858.SZ|2024-01-02|5278.99|5278.88|19.78|17.87|4.32|4.32|21.61|14.65|7.14|6.54|2.78|2.78|118.92|5280.01|4298.53|11.93|
|五粮液|000858.SZ|2023-12-29|5446.28|5446.17|20.41|18.44|4.46|4.46|22.29|15.11|7.36|6.75|2.15|2.7|122.69|5447.3|4465.83|12.39|
|五粮液|000858.SZ|2023-12-28|5438.13|5438.02|20.37|18.41|4.45|4.45|22.26|15.09|7.35|6.74|2.16|2.7|122.51|5439.15|4457.67|12.37|
|五粮液|000858.SZ|2023-12-27|5194.76|5194.65|19.46|17.59|4.25|4.25|21.26|14.42|7.02|6.44|2.26|2.83|117.03|5195.77|4214.3|11.69|
|五粮液|000858.SZ|2023-12-26|5213.78|5213.67|19.53|17.65|4.27|4.27|21.34|14.47|7.05|6.46|2.25|2.82|117.45|5214.79|4233.32|11.75|
|五粮液|000858.SZ|2023-12-25|5222.7|5222.59|19.57|17.68|4.27|4.27|21.38|14.49|7.06|6.47|2.25|2.81|117.66|5223.72|4242.24|11.77|
|五粮液|000858.SZ|2023-12-22|5178.84|5178.73|19.4|17.54|4.24|4.24|21.2|14.37|7|6.42|2.27|2.83|116.67|5179.86|4198.38|11.65|
|五粮液|000858.SZ|2023-12-21|5205.24|5205.13|19.5|17.62|4.26|4.26|21.31|14.45|7.04|6.45|2.25|2.82|117.26|5206.25|4224.78|11.72|
|五粮液|000858.SZ|2023-12-20|5128.77|5128.66|19.22|17.37|4.2|4.2|20.99|14.23|6.93|6.35|2.29|2.86|115.54|5129.79|4148.31|11.51|
|五粮液|000858.SZ|2023-12-19|5175.35|5175.24|19.39|17.52|4.24|4.24|21.18|14.36|7|6.41|2.27|2.84|116.59|5176.37|4194.89|11.64|
|五粮液|000858.SZ|2023-12-18|5201.35|5201.24|19.49|17.61|4.26|4.26|21.29|14.43|7.03|6.44|2.26|2.82|117.17|5202.37|4220.9|11.71|
|五粮液|000858.SZ|2023-12-15|5189.71|5189.6|19.44|17.57|4.25|4.25|21.24|14.4|7.02|6.43|2.26|2.83|116.91|5190.73|4209.25|11.68|
|五粮液|000858.SZ|2023-12-14|5148.95|5148.84|19.29|17.43|4.21|4.21|21.08|14.29|6.96|6.38|2.28|2.85|115.99|5149.97|4168.49|11.57|
|五粮液|000858.SZ|2023-12-13|5192.82|5192.71|19.46|17.58|4.25|4.25|21.25|14.41|7.02|6.43|2.26|2.83|116.98|5193.83|4212.36|11.69|
|五粮液|000858.SZ|2023-12-12|5407.08|5406.97|20.26|18.31|4.43|4.43|22.13|15.01|7.31|6.7|2.17|2.71|121.81|5408.1|4426.62|12.28|
|五粮液|000858.SZ|2023-12-11|5403.2|5403.08|20.24|18.29|4.42|4.42|22.12|14.99|7.3|6.69|2.17|2.72|121.72|5404.22|4422.74|12.27|
|五粮液|000858.SZ|2023-12-08|5547.98|5547.86|20.79|18.78|4.54|4.54|22.71|15.4|7.5|6.87|2.12|2.65|124.98|5549|4567.52|12.67|
|五粮液|000858.SZ|2023-12-07|5532.07|5531.95|20.73|18.73|4.53|4.53|22.64|15.35|7.48|6.85|2.12|2.65|124.62|5533.09|4551.61|12.63|
|五粮液|000858.SZ|2023-12-06|5593.4|5593.28|20.96|18.94|4.58|4.58|22.89|15.52|7.56|6.93|2.1|2.62|126.01|5594.42|4612.94|12.8|
|五粮液|000858.SZ|2023-12-05|5537.89|5537.77|20.75|18.75|4.53|4.53|22.67|15.37|7.49|6.86|2.12|2.65|124.76|5538.91|4557.43|12.65|
|五粮液|000858.SZ|2023-12-04|5661.33|5661.21|21.21|19.17|4.63|4.63|23.17|15.71|7.65|7.01|2.07|2.59|127.54|5662.34|4680.87|12.99|
|五粮液|000858.SZ|2023-12-01|5714.12|5713.99|21.41|19.35|4.68|4.68|23.39|15.86|7.73|7.08|2.05|2.57|128.73|5715.13|4733.66|13.13|
|五粮液|000858.SZ|2023-11-30|5789.42|5789.3|21.69|19.6|4.74|4.74|23.7|16.07|7.83|7.17|2.03|2.54|130.42|5790.44|4808.96|13.34|
|五粮液|000858.SZ|2023-11-29|5756.42|5756.3|21.57|19.49|4.71|4.71|23.56|15.97|7.78|7.13|2.04|2.55|129.68|5757.44|4775.97|13.25|
|五粮液|000858.SZ|2023-11-28|5773.89|5773.77|21.63|19.55|4.73|4.73|23.63|16.02|7.81|7.15|2.03|2.54|130.07|5774.91|4793.43|13.3|
|五粮液|000858.SZ|2023-11-27|5793.3|5793.18|21.71|19.62|4.74|4.74|23.71|16.08|7.83|7.18|2.03|2.53|130.51|5794.32|4812.84|13.35|
|五粮液|000858.SZ|2023-11-24|5947.79|5947.66|22.28|20.14|4.87|4.87|24.35|16.51|8.04|7.37|1.97|2.47|133.99|5948.81|4967.33|13.78|
|五粮液|000858.SZ|2023-11-23|5941.58|5941.45|22.26|20.12|4.86|4.86|24.32|16.49|8.03|7.36|1.97|2.47|133.85|5942.6|4961.12|13.77|
|五粮液|000858.SZ|2023-11-22|5958.66|5958.53|22.32|20.18|4.88|4.88|24.39|16.54|8.06|7.38|1.97|2.46|134.23|5959.67|4978.2|13.81|
|五粮液|000858.SZ|2023-11-21|6028.14|6028.01|22.59|20.41|4.93|4.93|24.67|16.73|8.15|7.47|1.95|2.44|135.8|6029.16|5047.68|14.01|
|五粮液|000858.SZ|2023-11-20|5993.2|5993.08|22.45|20.29|4.91|4.91|24.53|16.63|8.1|7.42|1.96|2.45|135.01|5994.22|5012.74|13.91|
|五粮液|000858.SZ|2023-11-17|6016.49|6016.37|22.54|20.37|4.92|4.92|24.63|16.7|8.13|7.45|1.95|2.44|135.54|6017.51|5036.03|13.97|
|五粮液|000858.SZ|2023-11-16|6069.67|6069.54|22.74|20.55|4.97|4.97|24.84|16.84|8.21|7.52|1.93|2.42|136.74|6070.69|5089.21|14.12|
|五粮液|000858.SZ|2023-11-15|6103.83|6103.7|22.87|20.67|5|5|24.98|16.94|8.25|7.56|1.92|2.41|137.5|6104.85|5123.37|14.22|
|五粮液|000858.SZ|2023-11-14|6051.43|6051.3|22.67|20.49|4.95|4.95|24.77|16.79|8.18|7.5|1.94|2.43|136.32|6052.45|5070.97|14.07|
|五粮液|000858.SZ|2023-11-13|6011.83|6011.71|22.52|20.36|4.92|4.92|24.61|16.68|8.13|7.45|1.95|2.44|135.43|6012.85|5031.38|13.96|
|五粮液|000858.SZ|2023-11-10|6090.24|6090.11|22.82|20.62|4.98|4.98|24.93|16.9|8.23|7.54|1.93|2.41|137.2|6091.26|5109.78|14.18|
|五粮液|000858.SZ|2023-11-09|6154.29|6154.16|23.06|20.84|5.04|5.04|25.19|17.08|8.32|7.62|1.91|2.39|138.64|6155.31|5173.83|14.36|
|五粮液|000858.SZ|2023-11-08|6157.39|6157.26|23.07|20.85|5.04|5.04|25.2|17.09|8.32|7.63|1.91|2.38|138.71|6158.41|5176.94|14.36|
|五粮液|000858.SZ|2023-11-07|6183.79|6183.66|23.17|20.94|5.06|5.06|25.31|17.16|8.36|7.66|1.9|2.37|139.31|6184.81|5203.33|14.44|
|五粮液|000858.SZ|2023-11-06|6204.36|6204.23|23.25|21.01|5.08|5.08|25.4|17.22|8.39|7.69|1.89|2.37|139.77|6205.38|5223.9|14.49|
|五粮液|000858.SZ|2023-11-03|6197.76|6197.63|23.22|20.98|5.07|5.07|25.37|17.2|8.38|7.68|1.89|2.37|139.62|6198.78|5217.3|14.48|
|五粮液|000858.SZ|2023-11-02|6129.06|6128.93|22.96|20.75|5.02|5.02|25.09|17.01|8.29|7.59|1.91|2.4|138.07|6130.08|5148.6|14.29|
|五粮液|000858.SZ|2023-11-01|6210.57|6210.44|23.27|21.03|5.08|5.08|25.42|17.24|8.4|7.69|1.89|2.36|139.91|6211.59|5230.11|14.51|
|五粮液|000858.SZ|2023-10-31|6055.31|6055.18|22.69|20.5|4.96|4.96|24.79|16.8|8.19|7.5|1.94|2.42|136.41|6056.33|5074.85|14.08|
|五粮液|000858.SZ|2023-10-30|6078.6|6078.47|22.77|20.58|4.98|4.98|24.88|16.87|8.22|7.53|1.93|2.42|136.94|6079.62|5098.14|14.15|
|五粮液|000858.SZ|2023-10-27|5938.47|5938.35|22.25|20.74|5.1|5.1|24.31|17.53|8.03|7.59|1.98|2.47|140.15|5940.49|5014.92|13.91|
|五粮液|000858.SZ|2023-10-26|5863.17|5863.04|21.97|20.48|5.04|5.04|24|17.31|7.93|7.49|2|2.5|138.37|5865.19|4939.61|13.71|
|五粮液|000858.SZ|2023-10-25|5796.79|5796.67|21.72|20.25|4.98|4.98|23.73|17.11|7.84|7.41|2.02|2.53|136.81|5798.81|4873.24|13.52|
|五粮液|000858.SZ|2023-10-24|5591.46|5591.34|20.95|19.53|4.8|4.8|22.89|16.51|7.56|7.15|2.1|2.63|131.96|5593.47|4667.9|12.95|
|五粮液|000858.SZ|2023-10-23|5579.81|5579.69|20.91|19.49|4.79|4.79|22.84|16.47|7.54|7.13|2.1|2.63|131.69|5581.83|4656.26|12.92|
|五粮液|000858.SZ|2023-10-20|5577.87|5577.75|20.9|19.48|4.79|4.79|22.83|16.47|7.54|7.13|2.1|2.63|131.64|5579.89|4654.31|12.91|
|五粮液|000858.SZ|2023-10-19|5599.22|5599.1|20.98|19.56|4.81|4.81|22.92|16.53|7.57|7.16|2.1|2.62|132.15|5601.24|4675.66|12.97|
|五粮液|000858.SZ|2023-10-18|5792.91|5792.79|21.7|20.23|4.98|4.98|23.71|17.1|7.83|7.4|2.03|2.53|136.72|5794.93|4869.36|13.51|
|五粮液|000858.SZ|2023-10-17|5838.33|5838.2|21.87|20.39|5.02|5.02|23.9|17.24|7.89|7.46|2.01|2.51|137.79|5840.34|4914.77|13.64|
|五粮液|000858.SZ|2023-10-16|5827.85|5827.72|21.83|20.36|5.01|5.01|23.85|17.2|7.88|7.45|2.01|2.52|137.54|5829.86|4904.29|13.61|
|五粮液|000858.SZ|2023-10-13|5963.31|5963.19|22.34|20.83|5.12|5.12|24.41|17.6|8.06|7.62|1.97|2.46|140.74|5965.33|5039.76|13.98|
|五粮液|000858.SZ|2023-10-12|6044.83|6044.7|22.65|21.11|5.19|5.19|24.74|17.85|8.17|7.72|1.94|2.43|142.66|6046.85|5121.27|14.21|
|五粮液|000858.SZ|2023-10-11|5966.03|5965.91|22.35|20.84|5.13|5.13|24.42|17.61|8.07|7.62|1.97|2.46|140.8|5968.05|5042.48|13.99|
|五粮液|000858.SZ|2023-10-10|5954.77|5954.65|22.31|20.8|5.12|5.12|24.37|17.58|8.05|7.61|1.97|2.47|140.54|5956.79|5031.22|13.96|
|五粮液|000858.SZ|2023-10-09|5988.16|5988.03|22.44|20.92|5.15|5.15|24.51|17.68|8.1|7.65|1.96|2.45|141.32|5990.17|5064.6|14.05|
|五粮液|000858.SZ|2023-09-28|6059.19|6059.06|22.7|21.16|5.21|5.21|24.8|17.89|8.19|7.74|1.94|2.42|143|6061.21|5135.63|14.25|
|五粮液|000858.SZ|2023-09-27|6078.21|6078.08|22.77|21.23|5.22|5.22|24.88|17.94|8.22|7.77|1.93|2.42|143.45|6080.23|5154.65|14.3|
|五粮液|000858.SZ|2023-09-26|6080.54|6080.41|22.78|21.24|5.22|5.22|24.89|17.95|8.22|7.77|1.93|2.41|143.5|6082.56|5156.98|14.31|
|五粮液|000858.SZ|2023-09-25|6167.88|6167.74|23.11|21.54|5.3|5.3|25.25|18.21|8.34|7.88|1.9|2.38|145.57|6169.89|5244.32|14.55|
|五粮液|000858.SZ|2023-09-22|6207.47|6207.34|23.26|21.68|5.33|5.33|25.41|18.33|8.39|7.93|1.89|2.36|146.5|6209.48|5283.91|14.66|
|五粮液|000858.SZ|2023-09-21|6119.74|6119.61|22.93|21.38|5.26|5.26|25.05|18.07|8.27|7.82|1.92|2.4|144.43|6121.76|5196.19|14.42|
|五粮液|000858.SZ|2023-09-20|6204.36|6204.23|23.25|21.67|5.33|5.33|25.4|18.32|8.39|7.93|1.89|2.37|146.43|6206.38|5280.81|14.65|
|五粮液|000858.SZ|2023-09-19|6245.9|6245.76|23.4|21.82|5.37|5.37|25.57|18.44|8.44|7.98|1.88|2.35|147.41|6247.91|5322.34|14.77|
|五粮液|000858.SZ|2023-09-18|6319.26|6319.12|23.68|22.07|5.43|5.43|25.87|18.66|8.54|8.08|1.86|2.32|149.14|6321.27|5395.7|14.97|
|五粮液|000858.SZ|2023-09-15|6199.32|6199.19|23.23|21.65|5.33|5.33|25.37|18.3|8.38|7.92|1.89|2.37|146.31|6201.33|5275.76|14.64|
|五粮液|000858.SZ|2023-09-14|6288.2|6288.07|23.56|21.96|5.4|5.4|25.74|18.56|8.5|8.04|1.87|2.33|148.41|6290.22|5364.65|14.88|
|五粮液|000858.SZ|2023-09-13|6352.25|6352.12|23.8|22.19|5.46|5.46|26|18.75|8.59|8.12|1.85|2.31|149.92|6354.27|5428.7|15.06|
|五粮液|000858.SZ|2023-09-12|6326.24|6326.11|23.7|22.1|5.44|5.44|25.89|18.68|8.55|8.08|1.85|2.32|149.3|6328.26|5402.69|14.99|
|五粮液|000858.SZ|2023-09-11|6379.42|6379.29|23.9|22.28|5.48|5.48|26.11|18.83|8.62|8.15|1.84|2.3|150.56|6381.44|5455.87|15.14|
|五粮液|000858.SZ|2023-09-08|6285.1|6284.97|23.55|21.95|5.4|5.4|25.73|18.55|8.5|8.03|1.87|2.34|148.33|6287.12|5361.54|14.88|
|五粮液|000858.SZ|2023-09-07|6330.9|6330.77|23.72|22.11|5.44|5.44|25.91|18.69|8.56|8.09|1.85|2.32|149.41|6332.92|5407.35|15|
|五粮液|000858.SZ|2023-09-06|6431.44|6431.3|24.1|22.47|5.53|5.53|26.32|18.99|8.69|8.22|1.82|2.28|151.79|6433.45|5507.88|15.28|
|五粮液|000858.SZ|2023-09-05|6432.6|6432.46|24.1|22.47|5.53|5.53|26.33|18.99|8.7|8.22|1.82|2.28|151.81|6434.62|5509.04|15.29|
|五粮液|000858.SZ|2023-09-04|6518.38|6518.25|24.42|22.77|5.6|5.6|26.68|19.24|8.81|8.33|1.8|2.25|153.84|6520.4|5594.83|15.52|
|五粮液|000858.SZ|2023-09-01|6200.48|6200.35|23.23|21.66|5.33|5.33|25.38|18.3|8.38|7.92|1.89|2.37|146.34|6202.5|5276.92|14.64|
|五粮液|000858.SZ|2023-08-31|6051.82|6051.69|22.67|21.14|5.2|5.2|24.77|17.87|8.18|7.73|1.94|2.43|142.83|6053.83|5128.26|14.23|
|五粮液|000858.SZ|2023-08-30|6125.95|6125.82|22.95|21.4|5.26|5.26|25.07|18.08|8.28|7.83|1.92|2.4|144.58|6127.97|5202.4|14.43|
|五粮液|000858.SZ|2023-08-29|6187.28|6187.15|23.18|21.61|5.32|5.32|25.33|18.27|8.36|7.91|1.9|2.37|146.02|6189.3|5263.73|14.6|
|五粮液|000858.SZ|2023-08-28|6113.14|6113.02|22.9|21.35|5.25|5.25|25.02|18.05|8.26|7.81|1.92|2.4|144.27|6115.16|5189.59|14.4|
|五粮液|000858.SZ|2023-08-25|6270.74|6270.61|23.49|22.07|4.95|5.6|25.67|16.78|8.48|8.09|1.87|2.34|146.18|6273.7|5262.41|14.6|
|五粮液|000858.SZ|2023-08-24|6298.3|6298.16|23.6|22.17|4.98|5.63|25.78|16.85|8.51|8.12|1.86|2.33|146.82|6301.26|5289.97|14.68|
|五粮液|000858.SZ|2023-08-23|6210.96|6210.83|23.27|21.86|4.91|5.55|25.42|16.62|8.4|8.01|1.89|2.36|144.78|6213.92|5202.64|14.44|
|五粮液|000858.SZ|2023-08-22|6294.03|6293.89|23.58|22.15|4.97|5.63|25.76|16.84|8.51|8.12|1.86|2.33|146.72|6296.99|5285.7|14.67|
|五粮液|000858.SZ|2023-08-21|6287.04|6286.91|23.56|22.13|4.97|5.62|25.73|16.82|8.5|8.11|1.87|2.33|146.56|6290|5278.72|14.65|
|五粮液|000858.SZ|2023-08-18|6347.59|6347.46|23.78|22.34|5.02|5.67|25.98|16.99|8.58|8.18|1.85|2.31|147.97|6350.55|5339.27|14.81|
|五粮液|000858.SZ|2023-08-17|6538.18|6538.04|24.5|23.01|5.17|5.84|26.76|17.5|8.84|8.43|1.79|2.25|152.41|6541.14|5529.86|15.34|
|五粮液|000858.SZ|2023-08-16|6470.64|6470.5|24.24|22.78|5.11|5.78|26.49|17.32|8.75|8.34|1.81|2.27|150.84|6473.6|5462.32|15.16|
|五粮液|000858.SZ|2023-08-15|6462.88|6462.74|24.21|22.75|5.11|5.78|26.45|17.3|8.74|8.33|1.82|2.27|150.65|6465.84|5454.55|15.13|
|五粮液|000858.SZ|2023-08-14|6545.17|6545.03|24.52|23.04|5.17|5.85|26.79|17.52|8.85|8.44|1.79|2.24|152.57|6548.13|5536.84|15.36|
|五粮液|000858.SZ|2023-08-11|6690.34|6690.2|25.07|23.55|5.29|5.98|27.38|17.9|9.04|8.63|1.75|2.19|155.96|6693.3|5682.01|15.77|
|五粮液|000858.SZ|2023-08-10|6843.66|6843.52|25.64|24.09|5.41|6.12|28.01|18.31|9.25|8.82|1.71|2.15|159.53|6846.62|5835.34|16.19|
|五粮液|000858.SZ|2023-08-09|6877.43|6877.29|25.77|24.21|5.43|6.15|28.15|18.4|9.3|8.87|1.71|2.13|160.32|6880.39|5869.11|16.28|
|五粮液|000858.SZ|2023-08-08|6865.79|6865.64|25.72|24.17|5.42|6.14|28.1|18.37|9.28|8.85|1.71|2.14|160.05|6868.75|5857.46|16.25|
|五粮液|000858.SZ|2023-08-07|6882.48|6882.33|25.79|24.23|5.44|6.15|28.17|18.42|9.3|8.87|1.7|2.13|160.44|6885.44|5874.15|16.3|
|五粮液|000858.SZ|2023-08-04|6958.95|6958.8|26.07|24.49|5.5|6.22|28.48|18.62|9.41|8.97|1.69|2.11|162.22|6961.91|5950.62|16.51|
|五粮液|000858.SZ|2023-08-03|6932.55|6932.41|25.97|24.4|5.48|6.2|28.38|18.55|9.37|8.94|1.69|2.12|161.6|6935.51|5924.23|16.44|
|五粮液|000858.SZ|2023-08-02|6908.49|6908.34|25.88|24.32|5.46|6.17|28.28|18.49|9.34|8.91|1.7|2.12|161.04|6911.44|5900.16|16.37|
|五粮液|000858.SZ|2023-08-01|6982.24|6982.09|26.16|24.58|5.52|6.24|28.58|18.69|9.44|9|1.68|2.1|162.76|6985.19|5973.91|16.58|
|五粮液|000858.SZ|2023-07-31|7025.71|7025.56|26.32|24.73|5.55|6.28|28.76|18.8|9.5|9.06|1.67|2.09|163.77|7028.67|6017.39|16.7|
|五粮液|000858.SZ|2023-07-28|7032.7|7032.55|26.35|24.75|5.56|6.29|28.79|18.82|9.51|9.07|1.67|2.09|163.94|7035.66|6024.37|16.72|
|五粮液|000858.SZ|2023-07-27|6927.12|6926.97|25.95|24.38|5.47|6.19|28.35|18.54|9.36|8.93|1.69|2.12|161.48|6930.08|5918.79|16.42|
|五粮液|000858.SZ|2023-07-26|6901.5|6901.35|25.86|24.29|5.45|6.17|28.25|18.47|9.33|8.9|1.7|2.13|160.88|6904.46|5893.17|16.35|
|五粮液|000858.SZ|2023-07-25|6967.49|6967.34|26.1|24.52|5.5|6.23|28.52|18.65|9.42|8.98|1.68|2.11|162.42|6970.44|5959.16|16.53|
|五粮液|000858.SZ|2023-07-24|6573.89|6573.75|24.63|23.14|5.19|5.88|26.91|17.59|8.89|8.48|1.78|2.23|153.24|6576.85|5565.57|15.44|
|五粮液|000858.SZ|2023-07-21|6648.03|6647.89|24.91|23.4|5.25|5.94|27.21|17.79|8.99|8.57|1.76|2.21|154.97|6650.99|5639.71|15.65|
|五粮液|000858.SZ|2023-07-20|6542.84|6542.7|24.51|23.03|5.17|5.85|26.78|17.51|8.85|8.44|1.79|2.24|152.52|6545.8|5534.51|15.36|
|五粮液|000858.SZ|2023-07-19|6533.52|6533.38|24.48|23|5.16|5.84|26.74|17.48|8.83|8.42|1.8|2.25|152.3|6536.48|5525.2|15.33|
|五粮液|000858.SZ|2023-07-18|6536.63|6536.49|24.49|23.01|5.16|5.84|26.76|17.49|8.84|8.43|1.8|2.25|152.37|6539.59|5528.3|15.34|
|五粮液|000858.SZ|2023-07-17|6585.54|6585.4|24.67|23.18|5.2|5.89|26.96|17.62|8.9|8.49|1.78|2.23|153.51|6588.49|5577.21|15.47|
|五粮液|000858.SZ|2023-07-14|6675.98|6675.84|25.01|23.5|5.27|5.97|27.33|17.87|9.03|8.61|1.76|2.2|155.62|6678.94|5667.65|15.73|
|五粮液|000858.SZ|2023-07-13|6701.6|6701.45|25.11|23.59|5.29|5.99|27.43|17.93|9.06|8.64|1.75|2.19|156.22|6704.55|5693.27|15.8|
|五粮液|000858.SZ|2023-07-12|6422.51|6422.37|24.06|22.61|5.07|5.74|26.29|17.19|8.68|8.28|1.83|2.29|149.71|6425.47|5414.18|15.02|
|五粮液|000858.SZ|2023-07-11|6410.09|6409.95|24.02|22.56|5.06|5.73|26.24|17.15|8.67|8.26|1.83|2.29|149.42|6413.05|5401.76|14.99|
|五粮液|000858.SZ|2023-07-10|6389.13|6388.99|23.94|22.49|5.05|5.71|26.15|17.1|8.64|8.24|1.84|2.3|148.94|6392.09|5380.8|14.93|
|五粮液|000858.SZ|2023-07-07|6352.64|6352.51|23.8|22.36|5.02|5.68|26|17|8.59|8.19|1.85|2.31|148.08|6355.6|5344.31|14.83|
|五粮液|000858.SZ|2023-07-06|6377.48|6377.35|23.89|22.45|5.04|5.7|26.1|17.07|8.62|8.22|1.84|2.3|148.66|6380.44|5369.16|14.9|
|五粮液|000858.SZ|2023-07-05|6419.4|6419.27|24.05|22.6|5.07|5.74|26.28|17.18|8.68|8.28|1.83|2.29|149.64|6422.36|5411.08|15.01|
|五粮液|000858.SZ|2023-07-04|6529.64|6529.5|24.46|22.98|5.16|5.84|26.73|17.47|8.83|8.42|1.8|2.25|152.21|6532.6|5521.32|15.32|
|五粮液|000858.SZ|2023-07-03|6496.26|6496.12|24.34|22.87|5.13|5.81|26.59|17.38|8.78|8.38|1.81|2.26|151.43|6499.22|5487.93|15.23|
|五粮液|000858.SZ|2023-06-30|6349.15|6349.01|23.79|22.35|5.02|5.67|25.99|16.99|8.58|8.19|1.85|2.31|148|6352.1|5340.82|14.82|
|五粮液|000858.SZ|2023-06-29|6358.46|6358.33|23.82|22.38|5.02|5.68|26.03|17.02|8.6|8.2|1.85|2.31|148.22|6361.42|5350.14|14.84|
|五粮液|000858.SZ|2023-06-28|6469.48|6469.34|24.24|22.77|5.11|5.78|26.48|17.31|8.75|8.34|1.81|2.27|150.81|6472.43|5461.15|15.15|
|五粮液|000858.SZ|2023-06-27|6448.13|6447.99|24.16|22.7|5.09|5.76|26.39|17.26|8.72|8.31|1.82|2.28|150.31|6451.09|5439.8|15.09|
|五粮液|000858.SZ|2023-06-26|6469.09|6468.95|24.24|22.77|5.11|5.11|26.48|17.31|8.75|8.34|1.81|1.81|150.8|6472.05|5460.76|15.15|
|五粮液|000858.SZ|2023-06-21|6653.08|6652.94|24.93|23.42|5.26|5.26|27.23|17.8|8.99|8.58|1.76|1.76|155.09|6656.03|5644.75|15.66|
|五粮液|000858.SZ|2023-06-20|6754.39|6754.24|25.31|23.77|5.34|5.34|27.65|18.08|9.13|8.71|1.74|1.74|157.45|6757.34|5746.06|15.94|
|五粮液|000858.SZ|2023-06-19|6891.41|6891.26|25.82|24.26|5.44|5.44|28.21|18.44|9.32|8.89|1.7|1.7|160.64|6894.37|5883.08|16.32|
|五粮液|000858.SZ|2023-06-16|7145.26|7145.11|26.77|25.15|5.65|5.65|29.25|19.12|9.66|9.21|1.64|1.64|166.56|7148.22|6136.94|17.03|
|五粮液|000858.SZ|2023-06-15|7064.53|7064.38|26.47|24.87|5.58|5.58|28.92|18.91|9.55|9.11|1.66|1.66|164.68|7067.48|6056.2|16.8|
|五粮液|000858.SZ|2023-06-14|6896.84|6896.7|25.84|24.28|5.45|5.45|28.23|18.46|9.32|8.89|1.7|1.7|160.77|6899.8|5888.52|16.34|
|五粮液|000858.SZ|2023-06-13|6718.29|6718.15|25.17|23.65|5.31|5.31|27.5|17.98|9.08|8.66|1.75|1.75|156.61|6721.25|5709.96|15.84|
|五粮液|000858.SZ|2023-06-12|6614.65|6614.51|24.78|23.28|5.23|5.23|27.07|17.7|8.94|8.53|1.77|1.77|154.19|6617.61|5606.32|15.56|
|五粮液|000858.SZ|2023-06-09|6388.74|6388.6|23.94|22.49|5.05|5.05|26.15|17.1|8.64|8.24|1.84|1.84|148.93|6391.7|5380.41|14.93|
|五粮液|000858.SZ|2023-06-08|6397.67|6397.53|23.97|22.52|5.05|5.05|26.19|17.12|8.65|8.25|1.83|1.83|149.13|6400.62|5389.34|14.95|
|五粮液|000858.SZ|2023-06-07|6365.84|6365.7|23.85|22.41|5.03|5.03|26.06|17.04|8.61|8.21|1.84|1.84|148.39|6368.8|5357.51|14.87|
|五粮液|000858.SZ|2023-06-06|6428.72|6428.58|24.09|22.63|5.08|5.08|26.31|17.2|8.69|8.29|1.83|1.83|149.86|6431.68|5420.39|15.04|
|五粮液|000858.SZ|2023-06-05|6412.42|6412.28|24.02|22.57|5.07|5.07|26.25|17.16|8.67|8.27|1.83|1.83|149.48|6415.37|5404.09|14.99|
|五粮液|000858.SZ|2023-06-02|6517.22|6517.08|24.42|22.94|5.15|5.15|26.68|17.44|8.81|8.4|1.8|1.8|151.92|6520.18|5508.89|15.29|
|五粮液|000858.SZ|2023-06-01|6339.44|6339.31|23.75|22.31|5.01|5.01|25.95|16.96|8.57|8.17|1.85|1.85|147.78|6342.4|5331.12|14.79|
|五粮液|000858.SZ|2023-05-31|6256.38|6256.24|23.44|22.02|4.94|4.94|25.61|16.74|8.46|8.07|1.88|1.88|145.84|6259.33|5248.05|14.56|
|五粮液|000858.SZ|2023-05-30|6411.25|6411.12|24.02|22.57|5.07|5.07|26.24|17.16|8.67|8.27|1.83|1.83|149.45|6414.21|5402.93|14.99|
|五粮液|000858.SZ|2023-05-29|6531.19|6531.06|24.47|22.99|5.16|5.16|26.73|17.48|8.83|8.42|1.8|1.8|152.25|6534.15|5522.87|15.32|
|五粮液|000858.SZ|2023-05-26|6602.62|6602.48|24.74|23.24|5.22|5.22|27.03|17.67|8.93|8.51|1.78|1.78|153.91|6605.57|5594.29|15.52|
|五粮液|000858.SZ|2023-05-25|6528.86|6528.73|24.46|22.98|5.16|5.16|26.72|17.47|8.83|8.42|1.8|1.8|152.19|6531.82|5520.54|15.32|
|五粮液|000858.SZ|2023-05-24|6612.32|6612.18|24.77|23.27|5.22|5.22|27.07|17.7|8.94|8.53|1.77|1.77|154.14|6615.28|5603.99|15.55|
|五粮液|000858.SZ|2023-05-23|6754|6753.86|25.3|23.77|5.34|5.34|27.64|18.07|9.13|8.71|1.74|1.74|157.44|6756.96|5745.67|15.94|
|五粮液|000858.SZ|2023-05-22|6894.12|6893.98|25.83|24.27|5.45|5.45|28.22|18.45|9.32|8.89|1.7|1.7|160.71|6897.08|5885.8|16.33|
|五粮液|000858.SZ|2023-05-19|6629.79|6629.65|24.84|23.34|5.24|5.24|27.14|17.74|8.96|8.55|1.77|1.77|154.55|6632.74|5621.46|15.6|
|五粮液|000858.SZ|2023-05-18|6546.72|6546.58|24.53|23.04|5.17|5.17|26.8|17.52|8.85|8.44|1.79|1.79|152.61|6549.68|5538.4|15.37|
|五粮液|000858.SZ|2023-05-17|6573.11|6572.98|24.63|23.14|5.19|5.19|26.9|17.59|8.89|8.47|1.79|1.79|153.22|6576.07|5564.79|15.44|
|五粮液|000858.SZ|2023-05-16|6617.75|6617.61|24.79|23.29|5.23|5.23|27.09|17.71|8.95|8.53|1.77|1.77|154.26|6620.71|5609.43|15.56|
|五粮液|000858.SZ|2023-05-15|6693.44|6693.3|25.08|23.56|5.29|5.29|27.4|17.91|9.05|8.63|1.75|1.75|156.03|6696.4|5685.12|15.77|
|五粮液|000858.SZ|2023-05-12|6574.28|6574.14|24.63|23.14|5.19|5.19|26.91|17.59|8.89|8.48|1.78|1.78|153.25|6577.24|5565.95|15.44|
|五粮液|000858.SZ|2023-05-11|6698.49|6698.35|25.1|23.58|5.29|5.29|27.42|17.93|9.06|8.64|1.75|1.75|156.15|6701.45|5690.17|15.79|
|五粮液|000858.SZ|2023-05-10|6727.6|6727.46|25.21|23.68|5.32|5.32|27.54|18|9.1|8.67|1.74|1.74|156.83|6730.56|5719.28|15.87|
|五粮液|000858.SZ|2023-05-09|6783.89|6783.74|25.42|23.88|5.36|5.36|27.77|18.15|9.17|8.75|1.73|1.73|158.14|6786.84|5775.56|16.02|
|五粮液|000858.SZ|2023-05-08|6653.08|6652.94|24.93|23.42|5.26|5.26|27.23|17.8|8.99|8.58|1.76|1.76|155.09|6656.03|5644.75|15.66|
|五粮液|000858.SZ|2023-05-05|6742.74|6742.6|25.26|23.73|5.33|5.33|27.6|18.04|9.12|8.69|1.74|1.74|157.18|6745.7|5734.42|15.91|
|五粮液|000858.SZ|2023-05-04|6557.98|6557.84|24.57|23.08|5.18|5.18|26.84|17.55|8.87|8.46|1.79|1.79|152.87|6560.93|5549.65|15.4|
|五粮液|000858.SZ|2023-04-28|6559.92|6559.64|28.06|25.19|6.11|6.11|24.5|29.6|9.91|9.08|1.79|1.79|151.93|6563.75|5770.49|18.24|
|五粮液|000858.SZ|2023-04-27|6566.52|6566.24|28.09|25.22|6.12|6.12|24.52|29.63|9.92|9.09|1.79|1.79|152.08|6570.34|5777.09|18.26|
|五粮液|000858.SZ|2023-04-26|6544.78|6544.5|28|25.13|6.1|6.1|24.44|29.53|9.88|9.06|1.79|1.79|151.58|6548.61|5755.35|18.19|
|五粮液|000858.SZ|2023-04-25|6590.97|6590.69|28.19|25.31|6.14|6.14|24.62|29.74|9.95|9.12|1.78|1.78|152.65|6594.8|5801.54|18.34|
|五粮液|000858.SZ|2023-04-24|6521.1|6520.83|27.9|25.04|6.08|6.08|24.36|29.42|9.85|9.02|1.8|1.8|151.03|6524.93|5731.67|18.12|
|五粮液|000858.SZ|2023-04-21|6676.37|6676.09|28.56|25.64|6.22|6.22|24.94|30.12|10.08|9.24|1.76|1.76|154.62|6680.19|5886.94|18.61|
|五粮液|000858.SZ|2023-04-20|6734.59|6734.31|28.81|25.86|6.28|6.28|25.15|30.39|10.17|9.32|1.74|1.74|155.97|6738.42|5945.16|18.79|
|五粮液|000858.SZ|2023-04-19|6842.89|6842.6|29.27|26.28|6.38|6.38|25.56|30.88|10.34|9.47|1.71|1.71|158.48|6846.71|6053.46|19.14|
|五粮液|000858.SZ|2023-04-18|6921.68|6921.39|29.61|26.58|6.45|6.45|25.85|31.23|10.45|9.58|1.7|1.7|160.3|6925.51|6132.25|19.38|
|五粮液|000858.SZ|2023-04-17|6916.25|6915.96|29.59|26.56|6.44|6.44|25.83|31.21|10.45|9.57|1.7|1.7|160.18|6920.08|6126.82|19.37|
|五粮液|000858.SZ|2023-04-14|6815.72|6815.43|29.16|26.18|6.35|6.35|25.46|30.75|10.29|9.43|1.72|1.72|157.85|6819.54|6026.28|19.05|
|五粮液|000858.SZ|2023-04-13|6904.6|6904.31|29.54|26.52|6.43|6.43|25.79|31.15|10.43|9.55|1.7|1.7|159.91|6908.43|6115.17|19.33|
|五粮液|000858.SZ|2023-04-12|6824.64|6824.36|29.19|26.21|6.36|6.36|25.49|30.79|10.31|9.44|1.72|1.72|158.06|6828.47|6035.21|19.08|
|五粮液|000858.SZ|2023-04-11|7007.47|7007.17|29.98|26.91|6.53|6.53|26.17|31.62|10.58|9.7|1.67|1.67|162.29|7011.29|6218.04|19.66|
|五粮液|000858.SZ|2023-04-10|7167.39|7167.09|30.66|27.53|6.68|6.68|26.77|32.34|10.83|9.92|1.64|1.64|166|7171.22|6377.96|20.16|
|五粮液|000858.SZ|2023-04-07|7338.57|7338.26|31.39|28.18|6.84|6.84|27.41|33.11|11.08|10.15|1.6|1.6|169.96|7342.4|6549.14|20.7|
|五粮液|000858.SZ|2023-04-06|7396.02|7395.71|31.64|28.4|6.89|6.89|27.62|33.37|11.17|10.23|1.59|1.59|171.29|7399.84|6606.59|20.88|
|五粮液|000858.SZ|2023-04-04|7613.77|7613.45|32.57|29.24|7.09|7.09|28.44|34.35|11.5|10.54|1.54|1.54|176.33|7617.6|6824.34|21.57|
|五粮液|000858.SZ|2023-04-03|7576.51|7576.19|32.41|29.1|7.06|7.06|28.3|34.19|11.44|10.48|1.55|1.55|175.47|7580.34|6787.08|21.45|
|五粮液|000858.SZ|2023-03-31|7646.77|7646.45|32.71|29.37|7.12|7.12|28.56|34.5|11.55|10.58|1.53|1.53|177.1|7650.6|6857.34|21.68|
|五粮液|000858.SZ|2023-03-30|7700.72|7700.4|32.94|29.57|7.18|7.18|28.76|34.75|11.63|10.66|1.52|1.52|178.35|7704.55|6911.29|21.85|
|五粮液|000858.SZ|2023-03-29|7580|7579.69|32.42|29.11|7.06|7.06|28.31|34.2|11.45|10.49|1.55|1.55|175.55|7583.83|6790.57|21.46|
|五粮液|000858.SZ|2023-03-28|7472.1|7471.78|31.96|28.7|6.96|6.96|27.91|33.72|11.29|10.34|1.57|1.57|173.05|7475.92|6682.66|21.12|
|五粮液|000858.SZ|2023-03-27|7390.97|7390.66|31.62|28.38|6.89|6.89|27.6|33.35|11.16|10.23|1.59|1.59|171.17|7394.8|6601.54|20.87|
|五粮液|000858.SZ|2023-03-24|7492.28|7491.97|32.05|28.77|6.98|6.98|27.98|33.81|11.32|10.37|1.57|1.57|173.52|7496.11|6702.85|21.19|
|五粮液|000858.SZ|2023-03-23|7552.83|7552.52|32.31|29.01|7.04|7.04|28.21|34.08|11.41|10.45|1.55|1.55|174.92|7556.66|6763.4|21.38|
|五粮液|000858.SZ|2023-03-22|7443.76|7443.45|31.84|28.59|6.94|6.94|27.8|33.59|11.24|10.3|1.58|1.58|172.4|7447.59|6654.33|21.03|
|五粮液|000858.SZ|2023-03-21|7462|7461.69|31.92|28.66|6.95|6.95|27.87|33.67|11.27|10.33|1.57|1.57|172.82|7465.83|6672.57|21.09|
|五粮液|000858.SZ|2023-03-20|7215.91|7215.61|30.87|27.71|6.72|6.72|26.95|32.56|10.9|9.98|1.63|1.63|167.12|7219.74|6426.48|20.31|
|五粮液|000858.SZ|2023-03-17|7316.83|7316.52|31.3|28.1|6.82|6.82|27.33|33.01|11.05|10.12|1.6|1.6|169.46|7320.66|6527.4|20.63|
|五粮液|000858.SZ|2023-03-16|7421.63|7421.32|31.75|28.5|6.92|6.92|27.72|33.49|11.21|10.27|1.58|1.58|171.88|7425.46|6632.2|20.96|
|五粮液|000858.SZ|2023-03-15|7465.11|7464.8|31.93|28.67|6.96|6.96|27.88|33.68|11.28|10.33|1.57|1.57|172.89|7468.94|6675.68|21.1|
|五粮液|000858.SZ|2023-03-14|7580|7579.69|32.42|29.11|7.06|7.06|28.31|34.2|11.45|10.49|1.55|1.55|175.55|7583.83|6790.57|21.46|
|五粮液|000858.SZ|2023-03-13|7708.87|7708.55|32.98|29.61|7.18|7.18|28.79|34.78|11.64|10.67|1.52|1.52|178.54|7712.7|6919.44|21.87|
|五粮液|000858.SZ|2023-03-10|7578.45|7578.13|32.42|29.1|7.06|7.06|28.3|34.19|11.45|10.49|1.55|1.55|175.52|7582.28|6789.02|21.46|
|五粮液|000858.SZ|2023-03-09|7685.58|7685.26|32.88|29.52|7.16|7.16|28.7|34.68|11.61|10.63|1.53|1.53|178|7689.41|6896.15|21.8|
|五粮液|000858.SZ|2023-03-08|7736.04|7735.72|33.09|29.71|7.21|7.21|28.89|34.91|11.68|10.7|1.52|1.52|179.16|7739.87|6946.61|21.96|
|五粮液|000858.SZ|2023-03-07|7780.68|7780.36|33.28|29.88|7.25|7.25|29.06|35.11|11.75|10.77|1.51|1.51|180.2|7784.51|6991.25|22.1|
|五粮液|000858.SZ|2023-03-06|7940.99|7940.66|33.97|30.5|7.4|7.4|29.66|35.83|11.99|10.99|1.48|1.48|183.91|7944.82|7151.56|22.61|
|五粮液|000858.SZ|2023-03-03|7986.8|7986.46|34.17|30.67|7.44|7.44|29.83|36.04|12.06|11.05|1.47|1.47|184.97|7990.62|7197.37|22.75|
|五粮液|000858.SZ|2023-03-02|8005.43|8005.09|34.24|30.74|7.46|7.46|29.9|36.12|12.09|11.08|1.47|1.47|185.4|8009.26|7216|22.81|
|五粮液|000858.SZ|2023-03-01|8049.68|8049.34|34.43|30.91|7.5|7.5|30.06|36.32|12.16|11.14|1.46|1.46|186.43|8053.51|7260.25|22.95|
|五粮液|000858.SZ|2023-02-28|7934.78|7934.45|33.94|30.47|7.39|7.39|29.64|35.8|11.98|10.98|1.48|1.48|183.77|7938.61|7145.35|22.59|
|五粮液|000858.SZ|2023-02-27|7949.92|7949.59|34.01|30.53|7.41|7.41|29.69|35.87|12.01|11|1.48|1.48|184.12|7953.75|7160.49|22.63|
|五粮液|000858.SZ|2023-02-24|7805.91|7805.59|33.39|29.98|7.27|7.27|29.15|35.22|11.79|10.8|1.5|1.5|180.78|7809.74|7016.48|22.18|
|五粮液|000858.SZ|2023-02-23|7961.18|7960.84|34.06|30.57|7.42|7.42|29.73|35.92|12.02|11.02|1.47|1.47|184.38|7965.01|7171.75|22.67|
|五粮液|000858.SZ|2023-02-22|8054.34|8054|34.45|30.93|7.5|7.5|30.08|36.34|12.16|11.15|1.46|1.46|186.54|8058.16|7264.91|22.96|
|五粮液|000858.SZ|2023-02-21|8154.48|8154.14|34.88|31.32|7.6|7.6|30.46|36.79|12.32|11.28|1.44|1.44|188.86|8158.31|7365.05|23.28|
|五粮液|000858.SZ|2023-02-20|8265.88|8265.54|35.36|31.74|7.7|7.7|30.87|37.3|12.48|11.44|1.42|1.42|191.44|8269.71|7476.45|23.63|
|五粮液|000858.SZ|2023-02-17|8079.57|8079.23|34.56|31.03|7.53|7.53|30.18|36.46|12.2|11.18|1.45|1.45|187.12|8083.39|7290.14|23.04|
|五粮液|000858.SZ|2023-02-16|8182.04|8181.7|35|31.42|7.62|7.62|30.56|36.92|12.36|11.32|1.43|1.43|189.49|8185.87|7392.61|23.37|
|五粮液|000858.SZ|2023-02-15|8190.19|8189.85|35.04|31.45|7.63|7.63|30.59|36.96|12.37|11.33|1.43|1.43|189.68|8194.02|7400.76|23.39|
|五粮液|000858.SZ|2023-02-14|8121.88|8121.54|34.74|31.19|7.57|7.57|30.33|36.65|12.27|11.24|1.44|1.44|188.1|8125.7|7332.45|23.18|
|五粮液|000858.SZ|2023-02-13|8244.54|8244.19|35.27|31.66|7.68|7.68|30.79|37.2|12.45|11.41|1.42|1.42|190.94|8248.36|7455.1|23.57|
|五粮液|000858.SZ|2023-02-10|7945.65|7945.32|33.99|30.51|7.4|7.4|29.68|35.85|12|10.99|1.48|1.48|184.02|7949.48|7156.22|22.62|
|五粮液|000858.SZ|2023-02-09|8050.07|8049.73|34.44|30.92|7.5|7.5|30.07|36.32|12.16|11.14|1.46|1.46|186.44|8053.89|7260.64|22.95|
|五粮液|000858.SZ|2023-02-08|7745.75|7745.42|33.13|29.75|7.22|7.22|28.93|34.95|11.7|10.72|1.51|1.51|179.39|7749.58|6956.32|21.99|
|五粮液|000858.SZ|2023-02-07|7886.26|7885.93|33.73|30.29|7.35|7.35|29.45|35.58|11.91|10.91|1.49|1.49|182.64|7890.09|7096.83|22.43|
|五粮液|000858.SZ|2023-02-06|7829.2|7828.88|33.49|30.07|7.29|7.29|29.24|35.33|11.82|10.83|1.5|1.5|181.32|7833.03|7039.77|22.25|
|五粮液|000858.SZ|2023-02-03|8151.38|8151.04|34.87|31.3|7.6|7.6|30.44|36.78|12.31|11.28|1.44|1.44|188.78|8155.2|7361.95|23.27|
|五粮液|000858.SZ|2023-02-02|8248.81|8248.46|35.29|31.68|7.69|7.69|30.81|37.22|12.46|11.41|1.42|1.42|191.04|8252.63|7459.37|23.58|
|五粮液|000858.SZ|2023-02-01|8153.71|8153.36|34.88|31.31|7.6|7.6|30.45|36.79|12.32|11.28|1.44|1.44|188.84|8157.53|7364.28|23.28|
|五粮液|000858.SZ|2023-01-31|8112.56|8112.22|34.7|31.16|7.56|7.56|30.3|36.6|12.25|11.23|1.45|1.45|187.88|8116.39|7323.13|23.15|
|五粮液|000858.SZ|2023-01-30|8446.38|8446.02|36.13|32.44|7.87|7.87|31.55|38.11|12.76|11.69|1.39|1.39|195.62|8450.21|7656.95|24.2|
|五粮液|000858.SZ|2023-01-20|8101.69|8101.35|34.66|31.11|7.55|7.55|30.26|36.56|12.24|11.21|1.45|1.45|187.63|8105.52|7312.26|23.11|
|五粮液|000858.SZ|2023-01-19|7968.94|7968.61|34.09|30.6|7.43|7.43|29.76|35.96|12.04|11.03|1.47|1.47|184.56|7972.77|7179.51|22.69|
|五粮液|000858.SZ|2023-01-18|7988.35|7988.01|34.17|30.68|7.44|7.44|29.84|36.04|12.07|11.05|1.47|1.47|185.01|7992.18|7198.92|22.76|
|五粮液|000858.SZ|2023-01-17|7874.23|7873.9|33.68|30.24|7.34|7.34|29.41|35.53|11.89|10.9|1.49|1.49|182.37|7878.06|7084.8|22.4|
|五粮液|000858.SZ|2023-01-16|8016.3|8015.96|34.29|30.79|7.47|7.47|29.94|36.17|12.11|11.09|1.46|1.46|185.66|8020.12|7226.87|22.84|
|五粮液|000858.SZ|2023-01-13|7708.1|7707.77|32.97|29.6|7.18|7.18|28.79|34.78|11.64|10.67|1.52|1.52|178.52|7711.92|6918.67|21.87|
|五粮液|000858.SZ|2023-01-12|7506.64|7506.33|32.11|28.83|6.99|6.99|28.04|33.87|11.34|10.39|1.56|1.56|173.85|7510.47|6717.21|21.23|
|五粮液|000858.SZ|2023-01-11|7534.2|7533.89|32.23|28.93|7.02|7.02|28.14|34|11.38|10.43|1.56|1.56|174.49|7538.03|6744.77|21.32|
|五粮液|000858.SZ|2023-01-10|7578.45|7578.13|32.42|29.1|7.06|7.06|28.3|34.19|11.45|10.49|1.55|1.55|175.52|7582.28|6789.02|21.46|
|五粮液|000858.SZ|2023-01-09|7603.29|7602.97|32.52|29.2|7.08|7.08|28.4|34.31|11.48|10.52|1.54|1.54|176.09|7607.12|6813.86|21.54|
|五粮液|000858.SZ|2023-01-06|7392.91|7392.6|31.62|28.39|6.89|6.89|27.61|33.36|11.17|10.23|1.59|1.59|171.22|7396.74|6603.48|20.87|
|五粮液|000858.SZ|2023-01-05|7336.24|7335.93|31.38|28.17|6.84|6.84|27.4|33.1|11.08|10.15|1.6|1.6|169.91|7340.07|6546.81|20.69|
|五粮液|000858.SZ|2023-01-04|6933.33|6933.04|29.66|26.63|6.46|6.46|25.89|31.28|10.47|9.59|1.69|1.69|160.57|6937.16|6143.9|19.42|
|五粮液|000858.SZ|2023-01-03|6917.03|6916.74|29.59|26.56|6.45|6.45|25.83|31.21|10.45|9.57|1.7|1.7|160.2|6920.85|6127.59|19.37|
|五粮液|000858.SZ|2022-12-30|7013.68|7013.38|30|26.94|6.54|6.54|26.19|31.65|10.59|9.71|1.43|1.67|162.44|7017.5|6224.25|19.67|
|五粮液|000858.SZ|2022-12-29|6938.37|6938.08|29.68|26.65|6.46|6.46|25.91|31.31|10.48|9.6|1.44|1.69|160.69|6942.2|6148.94|19.44|
|五粮液|000858.SZ|2022-12-28|6993.88|6993.59|29.92|26.86|6.52|6.52|26.12|31.56|10.56|9.68|1.43|1.68|161.98|6997.71|6204.45|19.61|
|五粮液|000858.SZ|2022-12-27|7027.65|7027.36|30.06|26.99|6.55|6.55|26.25|31.71|10.61|9.72|1.43|1.67|162.76|7031.48|6238.22|19.72|
|五粮液|000858.SZ|2022-12-26|6932.55|6932.26|29.66|26.62|6.46|6.46|25.89|31.28|10.47|9.59|1.44|1.69|160.56|6936.38|6143.12|19.42|
|五粮液|000858.SZ|2022-12-23|6998.15|6997.86|29.94|26.88|6.52|6.52|26.14|31.58|10.57|9.68|1.43|1.68|162.08|7001.98|6208.72|19.63|
|五粮液|000858.SZ|2022-12-22|6967.49|6967.19|29.8|26.76|6.49|6.49|26.02|31.44|10.52|9.64|1.44|1.68|161.37|6971.31|6178.06|19.53|
|五粮液|000858.SZ|2022-12-21|6773.02|6772.73|28.97|26.01|6.31|6.31|25.3|30.56|10.23|9.37|1.48|1.73|156.86|6776.85|5983.59|18.91|
|五粮液|000858.SZ|2022-12-20|6696.16|6695.88|28.64|25.72|6.24|6.24|25.01|30.21|10.11|9.27|1.5|1.75|155.08|6699.99|5906.73|18.67|
|五粮液|000858.SZ|2022-12-19|6984.95|6984.66|29.88|26.82|6.51|6.51|26.09|31.52|10.55|9.67|1.43|1.68|161.77|6988.78|6195.52|19.58|
|五粮液|000858.SZ|2022-12-16|7084.71|7084.41|30.31|27.21|6.6|6.6|26.46|31.97|10.7|9.8|1.41|1.66|164.08|7088.54|6295.28|19.9|
|五粮液|000858.SZ|2022-12-15|7062.97|7062.68|30.21|27.12|6.58|6.58|26.38|31.87|10.67|9.77|1.42|1.66|163.58|7066.8|6273.54|19.83|
|五粮液|000858.SZ|2022-12-14|7145.26|7144.96|30.57|27.44|6.66|6.66|26.69|32.24|10.79|9.89|1.4|1.64|165.48|7149.09|6355.83|20.09|
|五粮液|000858.SZ|2022-12-13|6966.32|6966.03|29.8|26.75|6.49|6.49|26.02|31.43|10.52|9.64|1.44|1.68|161.34|6970.15|6176.89|19.53|
|五粮液|000858.SZ|2022-12-12|6922.85|6922.56|29.61|26.59|6.45|6.45|25.86|31.24|10.46|9.58|1.45|1.7|160.33|6926.68|6133.42|19.39|
|五粮液|000858.SZ|2022-12-09|7113.82|7113.52|30.43|27.32|6.63|6.63|26.57|32.1|10.74|9.84|1.41|1.65|164.75|7117.65|6324.39|19.99|
|五粮液|000858.SZ|2022-12-08|6783.5|6783.21|29.02|26.05|6.32|6.32|25.34|30.61|10.25|9.39|1.48|1.73|157.1|6787.33|5994.07|18.95|
|五粮液|000858.SZ|2022-12-07|6741.58|6741.29|28.84|25.89|6.28|6.28|25.18|30.42|10.18|9.33|1.49|1.74|156.13|6745.4|5952.15|18.81|
|五粮液|000858.SZ|2022-12-06|6808.34|6808.05|29.12|26.15|6.34|6.34|25.43|30.72|10.28|9.42|1.47|1.72|157.68|6812.17|6018.91|19.03|
|五粮液|000858.SZ|2022-12-05|6540.9|6540.62|27.98|25.12|6.09|6.09|24.43|29.51|9.88|9.05|1.53|1.79|151.49|6544.73|5751.47|18.18|
|五粮液|000858.SZ|2022-12-02|6329.35|6329.08|27.07|24.31|5.9|5.9|23.64|28.56|9.56|8.76|1.58|1.85|146.59|6333.18|5539.92|17.51|
|五粮液|000858.SZ|2022-12-01|6388.74|6388.47|27.33|24.54|5.95|5.95|23.86|28.83|9.65|8.84|1.57|1.84|147.96|6392.57|5599.31|17.7|
|五粮液|000858.SZ|2022-11-30|6088.69|6088.44|26.05|23.38|5.67|5.67|22.74|27.47|9.2|8.43|1.64|1.93|141.01|6092.52|5299.26|16.75|
|五粮液|000858.SZ|2022-11-29|6018.43|6018.18|25.75|23.11|5.61|5.61|22.48|27.16|9.09|8.33|1.66|1.95|139.39|6022.26|5229|16.53|
|五粮液|000858.SZ|2022-11-28|5731.19|5730.95|24.52|22.01|5.34|5.34|21.41|25.86|8.66|7.93|1.75|2.05|132.73|5735.02|4941.76|15.62|
|五粮液|000858.SZ|2022-11-25|5720.71|5720.47|24.47|21.97|5.33|5.33|21.37|25.81|8.64|7.92|1.75|2.05|132.49|5724.54|4931.28|15.59|
|五粮液|000858.SZ|2022-11-24|5737.4|5737.16|24.54|22.03|5.35|5.35|21.43|25.89|8.67|7.94|1.75|2.05|132.88|5741.23|4947.97|15.64|
|五粮液|000858.SZ|2022-11-23|5813.48|5813.24|24.87|22.33|5.42|5.42|21.71|26.23|8.78|8.04|1.72|2.02|134.64|5817.31|5024.05|15.88|
|五粮液|000858.SZ|2022-11-22|5831.34|5831.1|24.94|22.39|5.43|5.43|21.78|26.31|8.81|8.07|1.72|2.01|135.05|5835.17|5041.91|15.94|
|五粮液|000858.SZ|2022-11-21|5780.88|5780.64|24.73|22.2|5.39|5.39|21.59|26.08|8.73|8|1.73|2.03|133.88|5784.71|4991.45|15.78|
|五粮液|000858.SZ|2022-11-18|5962.54|5962.29|25.51|22.9|5.56|5.56|22.27|26.9|9.01|8.25|1.68|1.97|138.09|5966.37|5173.11|16.35|
|五粮液|000858.SZ|2022-11-17|5923.33|5923.09|25.34|22.75|5.52|5.52|22.12|26.73|8.95|8.2|1.69|1.98|137.18|5927.16|5133.9|16.23|
|五粮液|000858.SZ|2022-11-16|5985.83|5985.58|25.61|22.99|5.58|5.58|22.36|27.01|9.04|8.28|1.67|1.96|138.63|5989.66|5196.4|16.43|
|五粮液|000858.SZ|2022-11-15|5983.5|5983.25|25.6|22.98|5.58|5.58|22.35|27|9.04|8.28|1.67|1.96|138.58|5987.33|5194.07|16.42|
|五粮液|000858.SZ|2022-11-14|5834.06|5833.81|24.96|22.41|5.44|5.44|21.79|26.32|8.81|8.07|1.72|2.01|135.12|5837.88|5044.63|15.95|
|五粮液|000858.SZ|2022-11-11|5823.19|5822.94|24.91|22.36|5.43|5.43|21.75|26.27|8.8|8.06|1.72|2.02|134.86|5827.02|5033.76|15.91|
|五粮液|000858.SZ|2022-11-10|5657.83|5657.59|24.2|21.73|5.27|5.27|21.13|25.53|8.55|7.83|1.77|2.07|131.03|5661.66|4868.4|15.39|
|五粮液|000858.SZ|2022-11-09|5643.86|5643.62|24.14|21.67|5.26|5.26|21.08|25.47|8.52|7.81|1.77|2.08|130.71|5647.69|4854.43|15.34|
|五粮液|000858.SZ|2022-11-08|5724.98|5724.74|24.49|21.99|5.33|5.33|21.38|25.83|8.65|7.92|1.75|2.05|132.59|5728.81|4935.55|15.6|
|五粮液|000858.SZ|2022-11-07|5866.66|5866.42|25.1|22.53|5.47|5.47|21.91|26.47|8.86|8.12|1.71|2|135.87|5870.49|5077.23|16.05|
|五粮液|000858.SZ|2022-11-04|5822.41|5822.17|24.91|22.36|5.43|5.43|21.75|26.27|8.79|8.06|1.72|2.02|134.85|5826.24|5032.98|15.91|
|五粮液|000858.SZ|2022-11-03|5469.96|5469.73|23.4|21.01|5.1|5.1|20.43|24.68|8.26|7.57|1.83|2.15|126.68|5473.79|4680.53|14.8|
|五粮液|000858.SZ|2022-11-02|5574.77|5574.53|23.85|21.41|5.19|5.19|20.82|25.15|8.42|7.71|1.8|2.1|129.11|5578.59|4785.33|15.13|
|五粮液|000858.SZ|2022-11-01|5534.4|5534.16|23.67|21.25|5.16|5.16|20.67|24.97|8.36|7.66|1.81|2.12|128.18|5538.22|4744.97|15|
|五粮液|000858.SZ|2022-10-31|5181.95|5181.73|22.17|19.9|4.83|4.83|19.35|23.38|7.83|7.17|1.93|2.26|120.01|5185.77|4392.52|13.88|
|五粮液|000858.SZ|2022-10-28|5337.21|5336.99|22.83|20.5|4.97|4.97|19.93|24.08|8.06|7.39|1.88|2.2|123.61|5341.04|4547.78|14.38|
|五粮液|000858.SZ|2022-10-27|5321.68|5321.46|22.76|21.05|5.2|5.2|19.88|26.67|8.04|7.53|1.88|2.21|120.81|5325.53|4572.31|14.45|
|五粮液|000858.SZ|2022-10-26|5566.23|5565.99|23.81|22.02|5.43|5.43|20.79|27.89|8.41|7.88|1.8|2.11|126.36|5570.07|4816.85|15.23|
|五粮液|000858.SZ|2022-10-25|5516.54|5516.31|23.6|21.83|5.39|5.39|20.6|27.65|8.33|7.8|1.82|2.13|125.24|5520.38|4767.17|15.07|
|五粮液|000858.SZ|2022-10-24|5559.63|5559.39|23.78|22|5.43|5.43|20.76|27.86|8.4|7.87|1.8|2.11|126.21|5563.47|4810.25|15.21|
|五粮液|000858.SZ|2022-10-21|5905.87|5905.62|25.26|23.37|5.77|5.77|22.06|29.6|8.92|8.36|1.7|1.99|134.07|5909.71|5156.49|16.3|
|五粮液|000858.SZ|2022-10-20|5983.5|5983.25|25.6|23.67|5.84|5.84|22.35|29.99|9.04|8.47|1.67|1.96|135.84|5987.34|5234.13|16.55|
|五粮液|000858.SZ|2022-10-19|5997.08|5996.83|25.65|23.73|5.85|5.85|22.4|30.05|9.06|8.48|1.67|1.96|136.15|6000.93|5247.71|16.59|
|五粮液|000858.SZ|2022-10-18|6160.11|6159.85|26.35|24.37|6.01|6.01|23.01|30.87|9.3|8.72|1.63|1.9|139.85|6163.95|5410.74|17.1|
|五粮液|000858.SZ|2022-10-17|6119.36|6119.1|26.18|24.21|5.97|5.97|22.85|30.67|9.24|8.66|1.64|1.92|138.92|6123.2|5369.98|16.97|
|五粮液|000858.SZ|2022-10-14|6176.41|6176.16|26.42|24.44|6.03|6.03|23.07|30.95|9.33|8.74|1.62|1.9|140.22|6180.26|5427.04|17.15|
|五粮液|000858.SZ|2022-10-13|5960.99|5960.74|25.5|23.58|5.82|5.82|22.26|29.87|9|8.43|1.68|1.97|135.33|5964.83|5211.61|16.47|
|五粮液|000858.SZ|2022-10-12|6078.6|6078.34|26|24.05|5.93|5.93|22.7|30.46|9.18|8.6|1.65|1.93|138|6082.44|5329.23|16.85|
|五粮液|000858.SZ|2022-10-11|6155.84|6155.58|26.33|24.35|6.01|6.01|22.99|30.85|9.3|8.71|1.63|1.91|139.75|6159.68|5406.47|17.09|
|五粮液|000858.SZ|2022-10-10|6167.88|6167.62|26.38|24.4|6.02|6.02|23.04|30.91|9.32|8.73|1.62|1.9|140.02|6171.72|5418.5|17.13|
|五粮液|000858.SZ|2022-09-30|6568.85|6568.57|28.1|25.99|6.41|6.41|24.53|32.92|9.92|9.29|1.52|1.79|149.13|6572.69|5819.47|18.4|
|五粮液|000858.SZ|2022-09-29|6540.9|6540.62|27.98|25.88|6.39|6.39|24.43|32.78|9.88|9.25|1.53|1.79|148.49|6544.74|5791.53|18.31|
|五粮液|000858.SZ|2022-09-28|6583.21|6582.93|28.16|26.05|6.43|6.43|24.59|32.99|9.94|9.31|1.52|1.78|149.45|6587.05|5833.83|18.44|
|五粮液|000858.SZ|2022-09-27|6630.95|6630.67|28.37|26.23|6.47|6.47|24.77|33.23|10.02|9.38|1.51|1.77|150.54|6634.79|5881.58|18.59|
|五粮液|000858.SZ|2022-09-26|6292.47|6292.21|26.92|24.9|6.14|6.14|23.5|31.53|9.5|8.9|1.59|1.86|142.85|6296.32|5543.1|17.52|
|五粮液|000858.SZ|2022-09-23|6176.8|6176.54|26.42|24.44|6.03|6.03|23.07|30.95|9.33|8.74|1.62|1.9|140.23|6180.65|5427.43|17.16|
|五粮液|000858.SZ|2022-09-22|6167.88|6167.62|26.38|24.4|6.02|6.02|23.04|30.91|9.32|8.73|1.62|1.9|140.02|6171.72|5418.5|17.13|
|五粮液|000858.SZ|2022-09-21|6344.49|6344.22|27.14|25.1|6.19|6.19|23.7|31.79|9.58|8.98|1.58|1.85|144.03|6348.33|5595.12|17.69|
|五粮液|000858.SZ|2022-09-20|6435.32|6435.05|27.53|25.46|6.28|6.28|24.03|32.25|9.72|9.1|1.56|1.82|146.09|6439.16|5685.95|17.97|
|五粮液|000858.SZ|2022-09-19|6327.8|6327.53|27.07|25.04|6.18|6.18|23.63|31.71|9.56|8.95|1.58|1.85|143.65|6331.64|5578.43|17.63|
|五粮液|000858.SZ|2022-09-16|6252.49|6252.23|26.75|24.74|6.1|6.1|23.35|31.33|9.44|8.85|1.6|1.88|141.94|6256.34|5503.12|17.4|
|五粮液|000858.SZ|2022-09-15|6381.36|6381.1|27.3|25.25|6.23|6.23|23.83|31.98|9.64|9.03|1.57|1.84|144.87|6385.21|5631.99|17.8|
|五粮液|000858.SZ|2022-09-14|6303.73|6303.47|26.97|24.94|6.15|6.15|23.54|31.59|9.52|8.92|1.59|1.86|143.11|6307.57|5554.36|17.56|
|五粮液|000858.SZ|2022-09-13|6351.48|6351.21|27.17|25.13|6.2|6.2|23.72|31.83|9.59|8.99|1.58|1.85|144.19|6355.32|5602.1|17.71|
|五粮液|000858.SZ|2022-09-09|6267.24|6266.98|26.81|24.8|6.12|6.12|23.41|31.41|9.47|8.87|1.6|1.87|142.28|6271.09|5517.87|17.44|
|五粮液|000858.SZ|2022-09-08|6174.47|6174.21|26.41|24.43|6.03|6.03|23.06|30.94|9.33|8.74|1.62|1.9|140.17|6178.32|5425.1|17.15|
|五粮液|000858.SZ|2022-09-07|6169.43|6169.17|26.39|24.41|6.02|6.02|23.04|30.92|9.32|8.73|1.62|1.9|140.06|6173.27|5420.06|17.13|
|五粮液|000858.SZ|2022-09-06|6231.15|6230.88|26.65|24.65|6.08|6.08|23.27|31.23|9.41|8.82|1.61|1.88|141.46|6234.99|5481.77|17.33|
|五粮液|000858.SZ|2022-09-05|6172.53|6172.27|26.4|24.42|6.03|6.03|23.05|30.93|9.32|8.73|1.62|1.9|140.13|6176.38|5423.16|17.14|
|五粮液|000858.SZ|2022-09-02|6281.99|6281.73|26.87|24.85|6.13|6.13|23.46|31.48|9.49|8.89|1.59|1.87|142.61|6285.84|5532.62|17.49|
|五粮液|000858.SZ|2022-09-01|6348.76|6348.49|27.16|25.12|6.2|6.2|23.71|31.82|9.59|8.98|1.58|1.85|144.13|6352.6|5599.39|17.7|
|五粮液|000858.SZ|2022-08-31|6489.66|6489.39|27.76|25.68|6.34|6.34|24.24|32.52|9.8|9.18|1.54|1.81|147.33|6493.5|5740.29|18.15|
|五粮液|000858.SZ|2022-08-30|6367|6366.73|27.24|25.19|6.22|6.22|23.78|31.91|9.62|9.01|1.57|1.84|144.54|6370.84|5617.63|17.76|
|五粮液|000858.SZ|2022-08-29|6418.24|6417.97|27.46|25.39|6.27|6.27|23.97|32.16|9.69|9.08|1.56|1.83|145.71|6422.08|5668.87|17.92|
|五粮液|000858.SZ|2022-08-26|6602.62|6602.34|28.24|26.12|6.45|6.45|24.66|33.09|9.97|9.34|1.52|1.78|149.89|6606.46|5853.24|18.5|
|五粮液|000858.SZ|2022-08-25|6575.83|6575.65|28.13|26.43|5.98|6.7|24.56|36.8|9.93|9.47|1.52|1.78|141.64|6579.46|5793.95|18.31|
|五粮液|000858.SZ|2022-08-24|6491.6|6491.42|27.77|26.1|5.91|6.61|24.25|36.33|9.8|9.35|1.54|1.81|139.83|6495.23|5709.72|18.05|
|五粮液|000858.SZ|2022-08-23|6521.1|6520.92|27.9|26.21|5.93|6.64|24.36|36.5|9.85|9.39|1.54|1.8|140.46|6524.73|5739.22|18.14|
|五粮液|000858.SZ|2022-08-22|6656.96|6656.77|28.48|26.76|6.06|6.78|24.86|37.26|10.05|9.59|1.5|1.76|143.39|6660.58|5875.07|18.57|
|五粮液|000858.SZ|2022-08-19|6740.8|6740.61|28.84|27.1|6.13|6.87|25.18|37.72|10.18|9.71|1.49|1.74|145.2|6744.43|5958.91|18.84|
|五粮液|000858.SZ|2022-08-18|6731.87|6731.68|28.8|27.06|6.13|6.86|25.14|37.67|10.17|9.7|1.49|1.74|145|6735.5|5949.99|18.81|
|五粮液|000858.SZ|2022-08-17|6839.39|6839.2|29.26|27.49|6.22|6.97|25.54|38.28|10.33|9.85|1.46|1.72|147.32|6843.02|6057.51|19.15|
|五粮液|000858.SZ|2022-08-16|6801.74|6801.55|29.1|27.34|6.19|6.93|25.4|38.07|10.27|9.8|1.47|1.73|146.51|6805.37|6019.86|19.03|
|五粮液|000858.SZ|2022-08-15|6831.63|6831.44|29.22|27.46|6.22|6.96|25.52|38.23|10.32|9.84|1.47|1.72|147.15|6835.26|6049.74|19.12|
|五粮液|000858.SZ|2022-08-12|6936.43|6936.24|29.67|27.88|6.31|7.07|25.91|38.82|10.48|9.99|1.44|1.69|149.41|6940.06|6154.55|19.45|
|五粮液|000858.SZ|2022-08-11|6905.77|6905.57|29.54|27.76|6.28|7.04|25.79|38.65|10.43|9.95|1.45|1.7|148.75|6909.39|6123.88|19.36|
|五粮液|000858.SZ|2022-08-10|6754|6753.81|28.89|27.15|6.15|6.88|25.23|37.8|10.2|9.73|1.48|1.74|145.48|6757.62|5972.11|18.88|
|五粮液|000858.SZ|2022-08-09|6869.67|6869.47|29.39|27.62|6.25|7|25.66|38.45|10.38|9.89|1.46|1.71|147.97|6873.29|6087.78|19.24|
|五粮液|000858.SZ|2022-08-08|6905.77|6905.57|29.54|27.76|6.28|7.04|25.79|38.65|10.43|9.95|1.45|1.7|148.75|6909.39|6123.88|19.36|
|五粮液|000858.SZ|2022-08-05|6955.07|6954.87|29.75|27.96|6.33|7.09|25.98|38.92|10.5|10.02|1.44|1.69|149.81|6958.69|6173.18|19.51|
|五粮液|000858.SZ|2022-08-04|6861.91|6861.71|29.35|27.58|6.24|6.99|25.63|38.4|10.36|9.88|1.46|1.71|147.81|6865.53|6080.02|19.22|
|五粮液|000858.SZ|2022-08-03|6776.9|6776.71|28.99|27.24|6.17|6.9|25.31|37.93|10.24|9.76|1.48|1.73|145.97|6780.52|5995.01|18.95|
|五粮液|000858.SZ|2022-08-02|6818.43|6818.24|29.17|27.41|6.2|6.95|25.47|38.16|10.3|9.82|1.47|1.72|146.87|6822.06|6036.55|19.08|
|五粮液|000858.SZ|2022-08-01|6931.78|6931.58|29.65|27.86|6.31|7.06|25.89|38.79|10.47|9.98|1.44|1.69|149.31|6935.4|6149.89|19.44|
|五粮液|000858.SZ|2022-07-29|6924.79|6924.59|29.62|27.84|6.3|7.05|25.86|38.75|10.46|9.97|1.45|1.69|149.16|6928.41|6142.9|19.42|
|五粮液|000858.SZ|2022-07-28|7263.26|7263.06|31.07|29.2|6.61|7.4|27.13|40.65|10.97|10.46|1.38|1.62|156.45|7266.89|6481.38|20.49|
|五粮液|000858.SZ|2022-07-27|7301.3|7301.1|31.23|29.35|6.64|7.44|27.27|40.86|11.03|10.52|1.37|1.61|157.27|7304.93|6519.42|20.61|
|五粮液|000858.SZ|2022-07-26|7413.48|7413.27|31.71|29.8|6.75|7.55|27.69|41.49|11.2|10.68|1.35|1.58|159.69|7417.11|6631.6|20.96|
|五粮液|000858.SZ|2022-07-25|7300.53|7300.32|31.23|29.35|6.64|7.44|27.27|40.86|11.03|10.51|1.37|1.61|157.25|7304.15|6518.64|20.61|
|五粮液|000858.SZ|2022-07-22|7216.3|7216.09|30.87|29.01|6.57|7.35|26.95|40.39|10.9|10.39|1.39|1.63|155.44|7219.92|6434.41|20.34|
|五粮液|000858.SZ|2022-07-21|7246.96|7246.76|31|29.13|6.59|7.38|27.07|40.56|10.95|10.44|1.38|1.62|156.1|7250.59|6465.08|20.44|
|五粮液|000858.SZ|2022-07-20|7340.51|7340.3|31.4|29.51|6.68|7.48|27.42|41.08|11.09|10.57|1.36|1.6|158.11|7344.13|6558.62|20.73|
|五粮液|000858.SZ|2022-07-19|7332.36|7332.15|31.37|29.48|6.67|7.47|27.39|41.04|11.07|10.56|1.37|1.6|157.94|7335.98|6550.47|20.71|
|五粮液|000858.SZ|2022-07-18|7271.42|7271.21|31.1|29.23|6.62|7.41|27.16|40.69|10.98|10.47|1.38|1.61|156.63|7275.04|6489.53|20.51|
|五粮液|000858.SZ|2022-07-15|7371.17|7370.96|31.53|29.63|6.71|7.51|27.53|41.25|11.13|10.62|1.36|1.59|158.78|7374.8|6589.29|20.83|
|五粮液|000858.SZ|2022-07-14|7380.1|7379.89|31.57|29.67|6.72|7.52|27.56|41.3|11.15|10.63|1.36|1.59|158.97|7383.73|6598.22|20.86|
|五粮液|000858.SZ|2022-07-13|7495.39|7495.17|32.06|30.13|6.82|7.64|27.99|41.95|11.32|10.8|1.34|1.57|161.45|7499.01|6713.5|21.22|
|五粮液|000858.SZ|2022-07-12|7375.06|7374.85|31.55|29.65|6.71|7.51|27.54|41.27|11.14|10.62|1.36|1.59|158.86|7378.68|6593.17|20.84|
|五粮液|000858.SZ|2022-07-11|7350.99|7350.78|31.45|29.55|6.69|7.49|27.45|41.14|11.1|10.59|1.36|1.6|158.34|7354.61|6569.1|20.76|
|五粮液|000858.SZ|2022-07-08|7479.86|7479.65|32|30.07|6.81|7.62|27.94|41.86|11.3|10.77|1.34|1.57|161.12|7483.48|6697.97|21.17|
|五粮液|000858.SZ|2022-07-07|7436.77|7436.56|31.81|29.89|6.77|7.58|27.78|41.62|11.23|10.71|1.35|1.58|160.19|7440.4|6654.89|21.04|
|五粮液|000858.SZ|2022-07-06|7559.04|7558.83|32.34|30.39|6.88|7.7|28.23|42.3|11.42|10.89|1.32|1.55|162.82|7562.67|6777.16|21.42|
|五粮液|000858.SZ|2022-07-05|7709.26|7709.04|32.98|30.99|7.02|7.85|28.79|43.14|11.64|11.1|1.3|1.52|166.06|7712.89|6927.38|21.9|
|五粮液|000858.SZ|2022-07-04|7803.58|7803.36|33.38|31.37|7.1|7.95|29.15|43.67|11.79|11.24|1.28|1.5|168.09|7807.21|7021.7|22.2|
|五粮液|000858.SZ|2022-07-01|7879.66|7879.44|33.71|31.68|7.17|8.03|29.43|44.1|11.9|11.35|1.27|1.49|169.73|7883.29|7097.78|22.44|
|五粮液|000858.SZ|2022-06-30|7838.13|7837.91|33.53|31.51|7.13|7.99|29.27|43.87|11.84|11.29|1.28|1.5|168.83|7841.76|7056.25|22.3|
|五粮液|000858.SZ|2022-06-29|7452.69|7452.48|31.88|29.96|6.78|7.59|27.83|41.71|11.26|10.73|1.34|1.57|160.53|7456.31|6670.8|21.09|
|五粮液|000858.SZ|2022-06-28|7749.63|7749.41|33.15|31.15|7.05|7.05|28.94|43.37|11.7|11.16|1.29|1.29|166.93|7753.26|6967.74|22.03|
|五粮液|000858.SZ|2022-06-27|7491.5|7491.29|32.05|30.11|6.82|6.82|27.98|41.93|11.31|10.79|1.34|1.34|161.37|7495.13|6709.62|21.21|
|五粮液|000858.SZ|2022-06-24|7180.97|7180.77|30.72|28.87|6.53|6.53|26.82|40.19|10.85|10.34|1.39|1.39|154.68|7184.6|6399.09|20.23|
|五粮液|000858.SZ|2022-06-23|7002.42|7002.22|29.95|28.15|6.37|6.37|26.15|39.19|10.58|10.09|1.43|1.43|150.83|7006.05|6220.53|19.66|
|五粮液|000858.SZ|2022-06-22|6911.98|6911.78|29.57|27.79|6.29|6.29|25.82|38.68|10.44|9.96|1.45|1.45|148.88|6915.6|6130.09|19.38|
|五粮液|000858.SZ|2022-06-21|7051.33|7051.13|30.16|28.35|6.42|6.42|26.34|39.46|10.65|10.16|1.42|1.42|151.89|7054.95|6269.44|19.82|
|五粮液|000858.SZ|2022-06-20|7122.36|7122.16|30.47|28.63|6.48|6.48|26.6|39.86|10.76|10.26|1.41|1.41|153.42|7125.99|6340.48|20.04|
|五粮液|000858.SZ|2022-06-17|7032.7|7032.5|30.08|28.27|6.4|6.4|26.27|39.36|10.62|10.13|1.42|1.42|151.48|7036.32|6250.81|19.76|
|五粮液|000858.SZ|2022-06-16|6893.74|6893.54|29.49|27.71|6.27|6.27|25.75|38.58|10.41|9.93|1.45|1.45|148.49|6897.36|6111.85|19.32|
|五粮液|000858.SZ|2022-06-15|6881.31|6881.12|29.44|27.66|6.26|6.26|25.7|38.51|10.39|9.91|1.46|1.46|148.22|6884.94|6099.43|19.28|
|五粮液|000858.SZ|2022-06-14|6746.23|6746.04|28.86|27.12|6.14|6.14|25.2|37.76|10.19|9.72|1.48|1.48|145.31|6749.86|5964.35|18.85|
|五粮液|000858.SZ|2022-06-13|6696.16|6695.97|28.64|26.92|6.09|6.09|25.01|37.47|10.11|9.64|1.5|1.5|144.24|6699.79|5914.28|18.7|
|五粮液|000858.SZ|2022-06-10|6886.75|6886.55|29.46|27.68|6.27|6.27|25.72|38.54|10.4|9.92|1.45|1.45|148.34|6890.37|6104.86|19.3|
|五粮液|000858.SZ|2022-06-09|6832.02|6831.82|29.23|27.46|6.22|6.22|25.52|38.24|10.32|9.84|1.47|1.47|147.16|6835.64|6050.13|19.12|
|五粮液|000858.SZ|2022-06-08|6914.31|6914.11|29.58|27.79|6.29|6.29|25.82|38.7|10.44|9.96|1.45|1.45|148.93|6917.93|6132.42|19.38|
|五粮液|000858.SZ|2022-06-07|6758.66|6758.46|28.91|27.17|6.15|6.15|25.24|37.82|10.21|9.73|1.48|1.48|145.58|6762.28|5976.77|18.89|
|五粮液|000858.SZ|2022-06-06|6712.85|6712.66|28.72|26.98|6.11|6.11|25.07|37.57|10.14|9.67|1.49|1.49|144.59|6716.48|5930.97|18.75|
|五粮液|000858.SZ|2022-06-02|6589.03|6588.84|28.19|26.49|6|6|24.61|36.88|9.95|9.49|1.52|1.52|141.93|6592.65|5807.14|18.36|
|五粮液|000858.SZ|2022-06-01|6614.65|6614.46|28.3|26.59|6.02|6.02|24.7|37.02|9.99|9.53|1.51|1.51|142.48|6618.27|5832.76|18.44|
|五粮液|000858.SZ|2022-05-31|6653.08|6652.89|28.46|26.74|6.05|6.05|24.85|37.23|10.05|9.58|1.51|1.51|143.31|6656.7|5871.19|18.56|
|五粮液|000858.SZ|2022-05-30|6450.46|6450.27|27.59|25.93|5.87|5.87|24.09|36.1|9.74|9.29|1.55|1.55|138.94|6454.08|5668.57|17.92|
|五粮液|000858.SZ|2022-05-27|6131|6130.83|26.23|24.65|5.58|5.58|22.9|34.31|9.26|8.83|1.63|1.63|132.06|6134.62|5349.11|16.91|
|五粮液|000858.SZ|2022-05-26|6102.66|6102.49|26.11|24.53|5.55|5.55|22.79|34.15|9.22|8.79|1.64|1.64|131.45|6106.29|5320.78|16.82|
|五粮液|000858.SZ|2022-05-25|6111.59|6111.42|26.14|24.57|5.56|5.56|22.83|34.2|9.23|8.8|1.64|1.64|131.64|6115.22|5329.71|16.85|
|五粮液|000858.SZ|2022-05-24|6077.43|6077.26|26|24.43|5.53|5.53|22.7|34.01|9.18|8.75|1.65|1.65|130.91|6081.06|5295.55|16.74|
|五粮液|000858.SZ|2022-05-23|6188.45|6188.27|26.47|24.88|5.63|5.63|23.11|34.63|9.35|8.91|1.62|1.62|133.3|6192.07|5406.56|17.09|
|五粮液|000858.SZ|2022-05-20|6306.45|6306.27|26.98|25.35|5.74|5.74|23.55|35.29|9.53|9.08|1.59|1.59|135.84|6310.07|5524.56|17.46|
|五粮液|000858.SZ|2022-05-19|5959.04|5958.88|25.49|23.95|5.42|5.42|22.26|33.35|9|8.58|1.68|1.68|128.36|5962.67|5177.16|16.36|
|五粮液|000858.SZ|2022-05-18|6000.19|6000.02|25.67|24.12|5.46|5.46|22.41|33.58|9.06|8.64|1.67|1.67|129.24|6003.81|5218.3|16.5|
|五粮液|000858.SZ|2022-05-17|6061.13|6060.96|25.93|24.37|5.52|5.52|22.64|33.92|9.15|8.73|1.65|1.65|130.56|6064.76|5279.24|16.69|
|五粮液|000858.SZ|2022-05-16|6023.48|6023.31|25.77|24.21|5.48|5.48|22.5|33.71|9.1|8.68|1.66|1.66|129.75|6027.1|5241.59|16.57|
|五粮液|000858.SZ|2022-05-13|6091.8|6091.62|26.06|24.49|5.54|5.54|22.75|34.09|9.2|8.77|1.64|1.64|131.22|6095.42|5309.91|16.78|
|五粮液|000858.SZ|2022-05-12|6136.05|6135.87|26.25|24.67|5.58|5.58|22.92|34.34|9.27|8.84|1.63|1.63|132.17|6139.67|5354.16|16.92|
|五粮液|000858.SZ|2022-05-11|6113.92|6113.75|26.15|24.58|5.56|5.56|22.83|34.22|9.23|8.81|1.64|1.64|131.69|6117.55|5332.03|16.85|
|五粮液|000858.SZ|2022-05-10|6029.3|6029.13|25.79|24.24|5.49|5.49|22.52|33.74|9.11|8.68|1.66|1.66|129.87|6032.93|5247.42|16.59|
|五粮液|000858.SZ|2022-05-09|6007.95|6007.78|25.7|24.15|5.47|5.47|22.44|33.62|9.07|8.65|1.67|1.67|129.41|6011.58|5226.07|16.52|
|五粮液|000858.SZ|2022-05-06|6096.45|6096.28|26.08|24.51|5.55|5.55|22.77|34.12|9.21|8.78|1.64|1.64|131.32|6100.08|5314.57|16.8|
|五粮液|000858.SZ|2022-05-05|6270.35|6270.17|26.82|25.21|5.71|5.71|23.42|35.09|9.47|9.03|1.6|1.6|135.06|6273.97|5488.46|17.35|
|五粮液|000858.SZ|2022-04-29|6293.25|6293.07|26.92|25.3|5.73|5.73|23.5|35.22|9.51|9.06|1.59|1.59|135.56|6296.88|5511.37|17.42|
|五粮液|000858.SZ|2022-04-28|6437.65|6437.48|32.26|28.31|6.92|6.92|43.8|24.62|11.23|9.97|1.56|1.56|122.83|6437.65|5706.09|21.4|
|五粮液|000858.SZ|2022-04-27|6264.53|6264.37|31.39|27.55|6.73|6.73|42.62|23.95|10.93|9.71|1.6|1.6|119.53|6264.53|5532.97|20.75|
|五粮液|000858.SZ|2022-04-26|6152.35|6152.19|30.83|27.06|6.61|6.61|41.86|23.52|10.73|9.53|1.63|1.63|117.39|6152.35|5420.79|20.33|
|五粮液|000858.SZ|2022-04-25|6016.49|6016.34|30.15|26.46|6.47|6.47|40.93|23.01|10.5|9.32|1.66|1.66|114.8|6016.49|5284.93|19.82|
|五粮液|000858.SZ|2022-04-22|6421.34|6421.18|32.18|28.24|6.9|6.9|43.69|24.55|11.2|9.95|1.56|1.56|122.52|6421.34|5689.78|21.34|
|五粮液|000858.SZ|2022-04-21|6310.72|6310.56|31.62|27.76|6.78|6.78|42.93|24.13|11.01|9.78|1.59|1.59|120.41|6310.72|5579.16|20.92|
|五粮液|000858.SZ|2022-04-20|6439.59|6439.42|32.27|28.32|6.92|6.92|43.81|24.62|11.23|9.98|1.56|1.56|122.87|6439.59|5708.03|21.4|
|五粮液|000858.SZ|2022-04-19|6404.65|6404.49|32.1|28.17|6.89|6.89|43.57|24.49|11.17|9.92|1.56|1.56|122.2|6404.65|5673.09|21.27|
|五粮液|000858.SZ|2022-04-18|6489.27|6489.11|32.52|28.54|6.98|6.98|44.15|24.81|11.32|10.05|1.54|1.54|123.82|6489.27|5757.71|21.59|
|五粮液|000858.SZ|2022-04-15|6594.85|6594.68|33.05|29.01|7.09|7.09|44.87|25.22|11.51|10.22|1.52|1.52|125.83|6594.85|5863.29|21.99|
|五粮液|000858.SZ|2022-04-14|6659.67|6659.5|33.37|29.29|7.16|7.16|45.31|25.46|11.62|10.32|1.5|1.5|127.07|6659.67|5928.11|22.23|
|五粮液|000858.SZ|2022-04-13|6300.63|6300.46|31.57|27.71|6.77|6.77|42.87|24.09|10.99|9.76|1.59|1.59|120.22|6300.63|5569.07|20.88|
|五粮液|000858.SZ|2022-04-12|6361.18|6361.02|31.88|27.98|6.84|6.84|43.28|24.32|11.1|9.85|1.57|1.57|121.38|6361.18|5629.62|21.11|
|五粮液|000858.SZ|2022-04-11|5964.48|5964.33|29.89|26.23|6.41|6.41|40.58|22.81|10.41|9.24|1.68|1.68|113.81|5964.48|5232.92|19.62|
|五粮液|000858.SZ|2022-04-08|6233.47|6233.31|31.24|27.42|6.7|6.7|42.41|23.83|10.87|9.66|1.61|1.61|118.94|6233.47|5501.91|20.63|
|五粮液|000858.SZ|2022-04-07|6228.04|6227.88|31.21|27.39|6.7|6.7|42.37|23.81|10.87|9.65|1.61|1.61|118.83|6228.04|5496.48|20.61|
|五粮液|000858.SZ|2022-04-06|6210.96|6210.8|31.13|27.32|6.68|6.68|42.26|23.75|10.84|9.62|1.61|1.61|118.51|6210.96|5479.4|20.55|
|五粮液|000858.SZ|2022-04-01|6206.69|6206.53|31.1|27.3|6.67|6.67|42.23|23.73|10.83|9.62|1.61|1.61|118.43|6206.69|5475.13|20.53|
|五粮液|000858.SZ|2022-03-31|6018.82|6018.67|30.16|26.47|6.47|6.47|40.95|23.01|10.5|9.32|1.66|1.66|114.84|6018.82|5287.26|19.83|
|五粮液|000858.SZ|2022-03-30|6092.18|6092.03|30.53|26.79|6.55|6.55|41.45|23.29|10.63|9.44|1.64|1.64|116.24|6092.18|5360.62|20.1|
|五粮液|000858.SZ|2022-03-29|5790.58|5790.43|29.02|25.47|6.23|6.23|39.4|22.14|10.1|8.97|1.73|1.73|110.49|5790.58|5059.02|18.97|
|五粮液|000858.SZ|2022-03-28|5868.99|5868.84|29.41|25.81|6.31|6.31|39.93|22.44|10.24|9.09|1.71|1.71|111.98|5868.99|5137.43|19.26|
|五粮液|000858.SZ|2022-03-25|6101.5|6101.34|30.58|26.84|6.56|6.56|41.51|23.33|10.64|9.45|1.64|1.64|116.42|6101.5|5369.94|20.14|
|五粮液|000858.SZ|2022-03-24|6263.36|6263.2|31.39|27.55|6.73|6.73|42.61|23.95|10.93|9.7|1.6|1.6|119.51|6263.36|5531.8|20.74|
|五粮液|000858.SZ|2022-03-23|6441.14|6440.97|32.28|28.33|6.92|6.92|43.82|24.63|11.24|9.98|1.55|1.55|122.9|6441.14|5709.58|21.41|
|五粮液|000858.SZ|2022-03-22|6377.48|6377.32|31.96|28.05|6.86|6.86|43.39|24.39|11.13|9.88|1.57|1.57|121.69|6377.48|5645.92|21.17|
|五粮液|000858.SZ|2022-03-21|6432.21|6432.05|32.23|28.29|6.92|6.92|43.76|24.59|11.22|9.96|1.56|1.56|122.73|6432.21|5700.65|21.38|
|五粮液|000858.SZ|2022-03-18|6517.22|6517.05|32.66|28.66|7.01|7.01|44.34|24.92|11.37|10.1|1.54|1.54|124.35|6517.22|5785.66|21.7|
|五粮液|000858.SZ|2022-03-17|6530.42|6530.25|32.73|28.72|7.02|7.02|44.43|24.97|11.39|10.12|1.53|1.53|124.6|6530.42|5798.86|21.74|
|五粮液|000858.SZ|2022-03-16|6396.89|6396.73|32.06|28.13|6.88|6.88|43.52|24.46|11.16|9.91|1.57|1.57|122.06|6396.89|5665.33|21.24|
|五粮液|000858.SZ|2022-03-15|6099.95|6099.79|30.57|26.83|6.56|6.56|41.5|23.32|10.64|9.45|1.64|1.64|116.39|6099.95|5368.39|20.13|
|五粮液|000858.SZ|2022-03-14|6453.95|6453.78|32.34|28.39|6.94|6.94|43.91|24.68|11.26|10|1.55|1.55|123.15|6453.95|5722.39|21.46|
|五粮液|000858.SZ|2022-03-11|6667.44|6667.27|33.41|29.32|7.17|7.17|45.36|25.49|11.63|10.33|1.5|1.5|127.22|6667.44|5935.88|22.26|
|五粮液|000858.SZ|2022-03-10|6682.19|6682.02|33.49|29.39|7.18|7.18|45.46|25.55|11.66|10.35|1.5|1.5|127.5|6682.19|5950.63|22.31|
|五粮液|000858.SZ|2022-03-09|6322.36|6322.2|31.68|27.81|6.8|6.8|43.01|24.17|11.03|9.79|1.58|1.58|120.63|6322.36|5590.8|20.96|
|五粮液|000858.SZ|2022-03-08|6453.17|6453.01|32.34|28.38|6.94|6.94|43.9|24.67|11.26|10|1.55|1.55|123.13|6453.17|5721.61|21.45|
|五粮液|000858.SZ|2022-03-07|6443.47|6443.3|32.29|28.34|6.93|6.93|43.84|24.64|11.24|9.98|1.55|1.55|122.95|6443.47|5711.91|21.42|
|五粮液|000858.SZ|2022-03-04|6845.99|6845.82|34.31|30.11|7.36|7.36|46.58|26.18|11.94|10.61|1.46|1.46|130.63|6845.99|6114.43|22.93|
|五粮液|000858.SZ|2022-03-03|7067.24|7067.06|35.42|31.08|7.6|7.6|48.08|27.02|12.33|10.95|1.42|1.42|134.85|7067.24|6335.68|23.76|
|五粮液|000858.SZ|2022-03-02|7344|7343.81|36.8|32.3|7.9|7.9|49.96|28.08|12.81|11.38|1.36|1.36|140.13|7344|6612.44|24.8|
|五粮液|000858.SZ|2022-03-01|7498.88|7498.69|37.58|32.98|8.06|8.06|51.02|28.67|13.08|11.62|1.34|1.34|143.08|7498.88|6767.32|25.38|
|五粮液|000858.SZ|2022-02-28|7375.06|7374.87|36.96|32.44|7.93|7.93|50.18|28.2|12.87|11.43|1.36|1.36|140.72|7375.06|6643.5|24.91|
|五粮液|000858.SZ|2022-02-25|7393.69|7393.5|37.05|32.52|7.95|7.95|50.3|28.27|12.9|11.45|1.35|1.35|141.08|7393.69|6662.13|24.98|
|五粮液|000858.SZ|2022-02-24|7324.21|7324.02|36.7|32.21|7.87|7.87|49.83|28.01|12.78|11.35|1.37|1.37|139.75|7324.21|6592.65|24.72|
|五粮液|000858.SZ|2022-02-23|7615.71|7615.52|38.16|33.5|8.19|8.19|51.81|29.12|13.29|11.8|1.31|1.31|145.31|7615.71|6884.15|25.81|
|五粮液|000858.SZ|2022-02-22|7507.03|7506.84|37.62|33.02|8.07|8.07|51.07|28.7|13.1|11.63|1.33|1.33|143.24|7507.03|6775.47|25.41|
|五粮液|000858.SZ|2022-02-21|7732.16|7731.96|38.75|34.01|8.31|8.31|52.61|29.57|13.49|11.98|1.3|1.3|147.53|7732.16|7000.6|26.25|
|五粮液|000858.SZ|2022-02-18|7724.4|7724.2|38.71|33.97|8.3|8.3|52.55|29.54|13.48|11.97|1.3|1.3|147.39|7724.4|6992.84|26.22|
|五粮液|000858.SZ|2022-02-17|7663.85|7663.65|38.41|33.71|8.24|8.24|52.14|29.3|13.37|11.87|1.31|1.31|146.23|7663.85|6932.29|25.99|
|五粮液|000858.SZ|2022-02-16|7740.31|7740.12|38.79|34.04|8.32|8.32|52.66|29.6|13.5|11.99|1.29|1.29|147.69|7740.31|7008.75|26.28|
|五粮液|000858.SZ|2022-02-15|7755.45|7755.25|38.87|34.11|8.34|8.34|52.76|29.65|13.53|12.01|1.29|1.29|147.98|7755.45|7023.89|26.34|
|五粮液|000858.SZ|2022-02-14|7685.97|7685.77|38.52|33.8|8.26|8.26|52.29|29.39|13.41|11.91|1.3|1.3|146.65|7685.97|6954.41|26.08|
|五粮液|000858.SZ|2022-02-11|7540.8|7540.61|37.79|33.17|8.11|8.11|51.3|28.83|13.16|11.68|1.33|1.33|143.88|7540.8|6809.24|25.53|
|五粮液|000858.SZ|2022-02-10|7493.06|7492.86|37.55|32.96|8.06|8.06|50.98|28.65|13.07|11.61|1.34|1.34|142.97|7493.06|6761.5|25.35|
|五粮液|000858.SZ|2022-02-09|7607.18|7606.98|38.12|33.46|8.18|8.18|51.76|29.09|13.27|11.79|1.32|1.32|145.15|7607.18|6875.62|25.78|
|五粮液|000858.SZ|2022-02-08|7375.06|7374.87|36.96|32.44|7.93|7.93|50.18|28.2|12.87|11.43|1.36|1.36|140.72|7375.06|6643.5|24.91|
|五粮液|000858.SZ|2022-02-07|7593.2|7593.01|38.05|33.4|8.16|8.16|51.66|29.03|13.25|11.76|1.32|1.32|144.88|7593.2|6861.64|25.73|
|五粮液|000858.SZ|2022-01-28|7700.33|7700.14|38.59|33.87|8.28|8.28|52.39|29.44|13.43|11.93|1.3|1.3|146.93|7700.33|6968.77|26.13|
|五粮液|000858.SZ|2022-01-27|7895.19|7894.99|39.57|34.72|8.49|8.49|53.71|30.19|13.77|12.23|1.27|1.27|150.65|7895.19|7163.63|26.86|
|五粮液|000858.SZ|2022-01-26|7998.05|7997.85|40.08|35.18|8.6|8.6|54.41|30.58|13.95|12.39|1.25|1.25|152.61|7998.05|7266.49|27.25|
|五粮液|000858.SZ|2022-01-25|8087.72|8087.51|40.53|35.57|8.69|8.69|55.02|30.92|14.11|12.53|1.24|1.24|154.32|8087.72|7356.16|27.58|
|五粮液|000858.SZ|2022-01-24|8348.17|8347.96|41.84|36.72|8.97|8.97|56.8|31.92|14.56|12.93|1.2|1.2|159.29|8348.17|7616.61|28.56|
|五粮液|000858.SZ|2022-01-21|8433.18|8432.96|42.26|37.09|9.07|9.07|57.38|32.25|14.71|13.06|1.19|1.19|160.91|8433.18|7701.62|28.88|
|五粮液|000858.SZ|2022-01-20|8276.36|8276.15|41.48|36.4|8.9|8.9|56.31|31.65|14.44|12.82|1.21|1.21|157.92|8276.36|7544.8|28.29|
|五粮液|000858.SZ|2022-01-19|8182.43|8182.22|41|35.99|8.8|8.8|55.67|31.29|14.27|12.68|1.22|1.22|156.13|8182.43|7450.87|27.94|
|五粮液|000858.SZ|2022-01-18|8209.21|8209|41.14|36.11|8.83|8.83|55.85|31.39|14.32|12.72|1.22|1.22|156.64|8209.21|7477.65|28.04|
|五粮液|000858.SZ|2022-01-17|8106.35|8106.14|40.62|35.65|8.71|8.71|55.15|31|14.14|12.56|1.24|1.24|154.67|8106.35|7374.79|27.65|
|五粮液|000858.SZ|2022-01-14|8042.69|8042.48|40.3|35.37|8.65|8.65|54.72|30.75|14.03|12.46|1.25|1.25|153.46|8042.69|7311.13|27.42|
|五粮液|000858.SZ|2022-01-13|8108.68|8108.47|40.64|35.66|8.72|8.72|55.17|31.01|14.15|12.56|1.24|1.24|154.72|8108.68|7377.12|27.66|
|五粮液|000858.SZ|2022-01-12|8458.8|8458.58|42.39|37.2|9.09|9.09|57.55|32.34|14.76|13.1|1.18|1.18|161.4|8458.8|7727.24|28.98|
|五粮液|000858.SZ|2022-01-11|8281.8|8281.59|41.5|36.42|8.9|8.9|56.35|31.67|14.45|12.83|1.21|1.21|158.02|8281.8|7550.24|28.31|
|五粮液|000858.SZ|2022-01-10|8343.9|8343.69|41.81|36.7|8.97|8.97|56.77|31.9|14.56|12.93|1.2|1.2|159.21|8343.9|7612.34|28.54|
|五粮液|000858.SZ|2022-01-07|8448.71|8448.49|42.34|37.16|9.08|9.08|57.48|32.31|14.74|13.09|1.19|1.19|161.21|8448.71|7717.15|28.94|
|五粮液|000858.SZ|2022-01-06|8519.35|8519.13|42.69|37.47|9.16|9.16|57.96|32.58|14.86|13.2|1.18|1.18|162.55|8519.35|7787.79|29.2|
|五粮液|000858.SZ|2022-01-05|8685.1|8684.87|43.52|38.2|9.34|9.34|59.09|33.21|15.15|13.46|1.15|1.15|165.72|8685.1|7953.54|29.82|
|五粮液|000858.SZ|2022-01-04|8677.72|8677.5|43.49|38.17|9.33|9.33|59.04|33.18|15.14|13.44|1.15|1.15|165.58|8677.72|7946.16|29.8|
|五粮液|000858.SZ|2021-12-31|8642.79|8642.57|43.31|38.01|9.29|9.29|58.8|33.05|15.08|13.39|0.99|1.16|164.91|8642.79|7911.23|29.67|
|五粮液|000858.SZ|2021-12-30|8753.03|8752.8|43.86|38.5|9.41|9.41|59.55|33.47|15.27|13.56|0.98|1.14|167.01|8753.03|8021.47|30.08|
|五粮液|000858.SZ|2021-12-29|8760.79|8760.56|43.9|38.53|9.42|9.42|59.6|33.5|15.28|13.57|0.97|1.14|167.16|8760.79|8029.23|30.11|
|五粮液|000858.SZ|2021-12-28|9221.92|9221.69|46.21|40.56|9.91|9.91|62.74|35.26|16.09|14.29|0.93|1.09|175.96|9221.92|8490.36|31.84|
|五粮液|000858.SZ|2021-12-27|9168.75|9168.51|45.95|40.33|9.86|9.86|62.38|35.06|16|14.2|0.93|1.09|174.95|9168.75|8437.19|31.64|
|五粮液|000858.SZ|2021-12-24|9391.16|9390.92|47.06|41.3|10.1|10.1|63.89|35.91|16.38|14.55|0.91|1.07|179.19|9391.16|8659.6|32.47|
|五粮液|000858.SZ|2021-12-23|9199.8|9199.56|46.1|40.46|9.89|9.89|62.59|35.18|16.05|14.25|0.93|1.09|175.54|9199.8|8468.24|31.75|
|五粮液|000858.SZ|2021-12-22|9009.99|9009.76|45.15|39.63|9.69|9.69|61.3|34.45|15.72|13.96|0.95|1.11|171.92|9009.99|8278.43|31.04|
|五粮液|000858.SZ|2021-12-21|8991.74|8991.51|45.06|39.55|9.67|9.67|61.18|34.38|15.69|13.93|0.95|1.11|171.57|8991.74|8260.18|30.97|
|五粮液|000858.SZ|2021-12-20|9160.59|9160.36|45.91|40.29|9.85|9.85|62.32|35.03|15.98|14.19|0.93|1.09|174.79|9160.59|8429.03|31.61|
|五粮液|000858.SZ|2021-12-17|9127.99|9127.75|45.74|40.15|9.81|9.81|62.1|34.9|15.92|14.14|0.94|1.1|174.17|9127.99|8396.43|31.49|
|五粮液|000858.SZ|2021-12-16|9451.72|9451.47|47.37|41.57|10.16|10.16|64.3|36.14|16.49|14.64|0.9|1.06|180.34|9451.72|8720.16|32.7|
|五粮液|000858.SZ|2021-12-15|9463.36|9463.12|47.42|41.62|10.17|10.17|64.38|36.19|16.51|14.66|0.9|1.06|180.57|9463.36|8731.8|32.74|
|五粮液|000858.SZ|2021-12-14|9704.02|9703.77|48.63|42.68|10.43|10.43|66.02|37.11|16.93|15.03|0.88|1.03|185.16|9704.02|8972.46|33.65|
|五粮液|000858.SZ|2021-12-13|9703.24|9702.99|48.63|42.68|10.43|10.43|66.02|37.1|16.93|15.03|0.88|1.03|185.14|9703.24|8971.68|33.64|
|五粮液|000858.SZ|2021-12-10|9587.57|9587.33|48.05|42.17|10.31|10.31|65.23|36.66|16.73|14.85|0.89|1.04|182.94|9587.57|8856.01|33.21|
|五粮液|000858.SZ|2021-12-09|9742.84|9742.59|48.82|42.85|10.47|10.47|66.29|37.25|17|15.09|0.88|1.03|185.9|9742.84|9011.28|33.79|
|五粮液|000858.SZ|2021-12-08|9471.12|9470.88|47.46|41.66|10.18|10.18|64.44|36.21|16.52|14.67|0.9|1.06|180.71|9471.12|8739.56|32.77|
|五粮液|000858.SZ|2021-12-07|9082.96|9082.73|45.52|39.95|9.76|9.76|61.8|34.73|15.85|14.07|0.94|1.1|173.31|9082.96|8351.4|31.32|
|五粮液|000858.SZ|2021-12-06|9016.98|9016.74|45.19|39.66|9.69|9.69|61.35|34.48|15.73|13.97|0.95|1.11|172.05|9016.98|8285.42|31.07|
|五粮液|000858.SZ|2021-12-03|8906.35|8906.12|44.63|39.17|9.57|9.57|60.59|34.06|15.54|13.8|0.96|1.12|169.94|8906.35|8174.79|30.65|
|五粮液|000858.SZ|2021-12-02|8646.28|8646.06|43.33|38.03|9.3|9.3|58.82|33.06|15.08|13.39|0.99|1.16|164.98|8646.28|7914.72|29.68|
|五粮液|000858.SZ|2021-12-01|8561.27|8561.05|42.9|37.65|9.2|9.2|58.25|32.74|14.94|13.26|1|1.17|163.35|8561.27|7829.71|29.36|
|五粮液|000858.SZ|2021-11-30|8461.91|8461.69|42.41|37.22|9.1|9.1|57.57|32.36|14.76|13.11|1.01|1.18|161.46|8461.91|7730.35|28.99|
|五粮液|000858.SZ|2021-11-29|8723.14|8722.91|43.71|38.37|9.38|9.38|59.35|33.35|15.22|13.51|0.98|1.15|166.44|8723.14|7991.58|29.97|
|五粮液|000858.SZ|2021-11-26|8650.55|8650.33|43.35|38.05|9.3|9.3|58.85|33.08|15.09|13.4|0.99|1.16|165.06|8650.55|7918.99|29.69|
|五粮液|000858.SZ|2021-11-25|8654.05|8653.82|43.37|38.06|9.3|9.3|58.88|33.09|15.1|13.41|0.99|1.16|165.12|8654.05|7922.49|29.71|
|五粮液|000858.SZ|2021-11-24|8711.1|8710.88|43.65|38.31|9.36|9.36|59.27|33.31|15.2|13.5|0.98|1.15|166.21|8711.1|7979.54|29.92|
|五粮液|000858.SZ|2021-11-23|8337.69|8337.48|41.78|36.67|8.96|8.96|56.73|31.88|14.55|12.92|1.02|1.2|159.09|8337.69|7606.13|28.52|
|五粮液|000858.SZ|2021-11-22|8383.11|8382.89|42.01|36.87|9.01|9.01|57.03|32.05|14.62|12.99|1.02|1.19|159.95|8383.11|7651.55|28.69|
|五粮液|000858.SZ|2021-11-19|8252.3|8252.09|41.35|36.29|8.87|8.87|56.14|31.55|14.4|12.78|1.03|1.21|157.46|8252.3|7520.74|28.2|
|五粮液|000858.SZ|2021-11-18|8097.81|8097.6|40.58|35.62|8.71|8.71|55.09|30.96|14.13|12.55|1.05|1.24|154.51|8097.81|7366.25|27.62|
|五粮液|000858.SZ|2021-11-17|8209.99|8209.78|41.14|36.11|8.83|8.83|55.86|31.39|14.32|12.72|1.04|1.22|156.65|8209.99|7478.43|28.04|
|五粮液|000858.SZ|2021-11-16|8229.01|8228.8|41.24|36.19|8.85|8.85|55.99|31.47|14.36|12.75|1.04|1.22|157.01|8229.01|7497.45|28.11|
|五粮液|000858.SZ|2021-11-15|7945.65|7945.45|39.82|34.95|8.54|8.54|54.06|30.38|13.86|12.31|1.07|1.26|151.61|7945.65|7214.09|27.05|
|五粮液|000858.SZ|2021-11-12|7912.66|7912.45|39.65|34.8|8.51|8.51|53.83|30.26|13.8|12.26|1.08|1.27|150.98|7912.66|7181.1|26.93|
|五粮液|000858.SZ|2021-11-11|8015.91|8015.7|40.17|35.26|8.62|8.62|54.54|30.65|13.98|12.42|1.07|1.25|152.95|8015.91|7284.35|27.32|
|五粮液|000858.SZ|2021-11-10|7984.47|7984.26|40.01|35.12|8.58|8.58|54.32|30.53|13.93|12.37|1.07|1.25|152.35|7984.47|7252.91|27.2|
|五粮液|000858.SZ|2021-11-09|8103.63|8103.42|40.61|35.64|8.71|8.71|55.13|30.99|14.14|12.55|1.05|1.24|154.62|8103.63|7372.07|27.64|
|五粮液|000858.SZ|2021-11-08|8189.8|8189.59|41.04|36.02|8.8|8.8|55.72|31.32|14.29|12.69|1.04|1.22|156.27|8189.8|7458.24|27.97|
|五粮液|000858.SZ|2021-11-05|8163.41|8163.2|40.91|35.9|8.78|8.78|55.54|31.21|14.24|12.65|1.05|1.23|155.76|8163.41|7431.85|27.87|
|五粮液|000858.SZ|2021-11-04|8027.94|8027.74|40.23|35.31|8.63|8.63|54.62|30.7|14.01|12.44|1.06|1.25|153.18|8027.94|7296.38|27.36|
|五粮液|000858.SZ|2021-11-03|7729.45|7729.25|38.73|34|8.31|8.31|52.59|29.55|13.48|11.97|1.1|1.3|147.48|7729.45|6997.89|26.24|
|五粮液|000858.SZ|2021-11-02|7814.45|7814.25|39.16|34.37|8.4|8.4|53.17|29.88|13.63|12.11|1.09|1.28|149.1|7814.45|7082.89|26.56|
|五粮液|000858.SZ|2021-11-01|7954.97|7954.76|39.86|34.99|8.55|8.55|54.12|30.42|13.88|12.32|1.07|1.26|151.79|7954.97|7223.41|27.09|
|五粮液|000858.SZ|2021-10-29|8404.07|8403.85|42.12|37.69|9.45|9.45|57.18|37.79|14.66|13.28|1.02|1.19|159.75|8404.07|7637.59|28.64|
|五粮液|000858.SZ|2021-10-28|8356.71|8356.5|41.88|37.47|9.4|9.4|56.85|37.58|14.58|13.2|1.02|1.2|158.85|8356.71|7590.23|28.46|
|五粮液|000858.SZ|2021-10-27|8384.27|8384.06|42.02|37.6|9.43|9.43|57.04|37.7|14.63|13.24|1.02|1.19|159.37|8384.27|7617.79|28.57|
|五粮液|000858.SZ|2021-10-26|8565.16|8564.94|42.92|38.41|9.64|9.64|58.27|38.52|14.94|13.53|1|1.17|162.81|8565.16|7798.67|29.24|
|五粮液|000858.SZ|2021-10-25|8553.51|8553.29|42.86|38.36|9.62|9.62|58.19|38.46|14.92|13.51|1|1.17|162.59|8553.51|7787.03|29.2|
|五粮液|000858.SZ|2021-10-22|8734.78|8734.56|43.77|39.17|9.83|9.83|59.43|39.28|15.24|13.8|0.98|1.15|166.04|8734.78|7968.3|29.88|
|五粮液|000858.SZ|2021-10-21|8577.97|8577.74|42.99|38.47|9.65|9.65|58.36|38.57|14.96|13.55|1|1.17|163.06|8577.97|7811.48|29.29|
|五粮液|000858.SZ|2021-10-20|8537.21|8536.99|42.78|38.28|9.6|9.6|58.08|38.39|14.89|13.49|1|1.17|162.28|8537.21|7770.73|29.14|
|五粮液|000858.SZ|2021-10-19|8499.56|8499.34|42.59|38.12|9.56|9.56|57.83|38.22|14.83|13.43|1|1.18|161.57|8499.56|7733.07|29|
|五粮液|000858.SZ|2021-10-18|8357.88|8357.66|41.88|37.48|9.4|9.4|56.86|37.58|14.58|13.2|1.02|1.2|158.87|8357.88|7591.4|28.47|
|五粮液|000858.SZ|2021-10-15|9095.38|9095.15|45.58|40.79|10.23|10.23|61.88|40.9|15.87|14.37|0.94|1.1|172.89|9095.38|8328.9|31.23|
|五粮液|000858.SZ|2021-10-14|9315.86|9315.62|46.68|41.78|10.48|10.48|63.38|41.89|16.25|14.72|0.92|1.07|177.08|9315.86|8549.38|32.06|
|五粮液|000858.SZ|2021-10-13|9296.06|9295.82|46.59|41.69|10.46|10.46|63.25|41.8|16.22|14.68|0.92|1.08|176.71|9296.06|8529.58|31.98|
|五粮液|000858.SZ|2021-10-12|8902.08|8901.85|44.61|39.92|10.01|10.01|60.57|40.03|15.53|14.06|0.96|1.12|169.22|8902.08|8135.6|30.51|
|五粮液|000858.SZ|2021-10-11|8842.3|8842.08|44.31|39.65|9.95|9.95|60.16|39.76|15.43|13.97|0.97|1.13|168.08|8842.3|8075.82|30.28|
|五粮液|000858.SZ|2021-10-08|8858.61|8858.38|44.39|39.73|9.97|9.97|60.27|39.84|15.45|13.99|0.96|1.13|168.39|8858.61|8092.12|30.34|
|五粮液|000858.SZ|2021-09-30|8515.86|8515.64|42.68|38.19|9.58|9.58|57.94|38.29|14.86|13.45|1|1.18|161.88|8515.86|7749.38|29.06|
|五粮液|000858.SZ|2021-09-29|8488.3|8488.08|42.54|38.06|9.55|9.55|57.75|38.17|14.81|13.41|1.01|1.18|161.35|8488.3|7721.82|28.96|
|五粮液|000858.SZ|2021-09-28|8420.76|8420.54|42.2|37.76|9.47|9.47|57.29|37.87|14.69|13.3|1.01|1.19|160.07|8420.76|7654.28|28.7|
|五粮液|000858.SZ|2021-09-27|8561.66|8561.44|42.91|38.39|9.63|9.63|58.25|38.5|14.94|13.52|1|1.17|162.75|8561.66|7795.18|29.23|
|五粮液|000858.SZ|2021-09-24|7783.4|7783.2|39.01|34.9|8.76|8.76|52.95|35|13.58|12.3|1.1|1.29|147.95|7783.4|7016.92|26.31|
|五粮液|000858.SZ|2021-09-23|7546.62|7546.43|37.82|33.84|8.49|8.49|51.34|33.94|13.17|11.92|1.13|1.33|143.45|7546.62|6780.14|25.42|
|五粮液|000858.SZ|2021-09-22|7527.6|7527.41|37.72|33.76|8.47|8.47|51.21|33.85|13.13|11.89|1.13|1.33|143.09|7527.6|6761.12|25.35|
|五粮液|000858.SZ|2021-09-17|7838.91|7838.71|39.28|35.15|8.82|8.82|53.33|35.25|13.68|12.38|1.09|1.28|149.01|7838.91|7072.43|26.52|
|五粮液|000858.SZ|2021-09-16|7646.77|7646.57|38.32|34.29|8.6|8.6|52.02|34.39|13.34|12.08|1.12|1.31|145.36|7646.77|6880.29|25.8|
|五粮液|000858.SZ|2021-09-15|7704.99|7704.79|38.61|34.55|8.67|8.67|52.42|34.65|13.44|12.17|1.11|1.3|146.46|7704.99|6938.51|26.02|
|五粮液|000858.SZ|2021-09-14|7985.63|7985.43|40.02|35.81|8.98|8.98|54.33|35.91|13.93|12.61|1.07|1.25|151.8|7985.63|7219.15|27.07|
|五粮液|000858.SZ|2021-09-13|8065.59|8065.39|40.42|36.17|9.07|9.07|54.87|36.27|14.07|12.74|1.06|1.24|153.32|8065.59|7299.11|27.37|
|五粮液|000858.SZ|2021-09-10|8295|8294.78|41.57|37.2|9.33|9.33|56.44|37.3|14.47|13.1|1.03|1.21|157.68|8295|7528.51|28.23|
|五粮液|000858.SZ|2021-09-09|8047.74|8047.53|40.33|36.09|9.05|9.05|54.75|36.19|14.04|12.71|1.06|1.24|152.98|8047.74|7281.26|27.3|
|五粮液|000858.SZ|2021-09-08|8062.88|8062.67|40.41|36.16|9.07|9.07|54.86|36.26|14.07|12.74|1.06|1.24|153.27|8062.88|7296.39|27.36|
|五粮液|000858.SZ|2021-09-07|8227.84|8227.63|41.23|36.9|9.26|9.26|55.98|37|14.35|13|1.04|1.22|156.4|8227.84|7461.36|27.98|
|五粮液|000858.SZ|2021-09-06|8208.05|8207.84|41.13|36.81|9.23|9.23|55.84|36.91|14.32|12.97|1.04|1.22|156.03|8208.05|7441.57|27.9|
|五粮液|000858.SZ|2021-09-03|7991.84|7991.64|40.05|35.84|8.99|8.99|54.37|35.94|13.94|12.62|1.07|1.25|151.92|7991.84|7225.36|27.09|
|五粮液|000858.SZ|2021-09-02|7810.96|7810.76|39.14|35.03|8.79|8.79|53.14|35.12|13.63|12.34|1.09|1.28|148.48|7810.96|7044.48|26.42|
|五粮液|000858.SZ|2021-09-01|8062.49|8062.28|40.4|36.16|9.07|9.07|54.85|36.26|14.07|12.74|1.06|1.24|153.26|8062.49|7296.01|27.36|
|五粮液|000858.SZ|2021-08-31|7828.82|7828.61|39.23|35.11|8.81|8.81|53.26|35.21|13.66|12.37|1.09|1.28|148.82|7828.82|7062.33|26.48|
|五粮液|000858.SZ|2021-08-30|8034.93|8034.72|40.27|36.03|9.04|9.04|54.67|36.13|14.02|12.69|1.06|1.25|152.73|8034.93|7268.45|27.26|
|五粮液|000858.SZ|2021-08-27|7983.69|7983.33|40.01|37.01|8.4|9.39|54.32|37.3|13.93|13|1.07|1.25|153.85|7983.69|7249.89|27.19|
|五粮液|000858.SZ|2021-08-26|8041.53|8041.17|40.3|37.27|8.46|9.46|54.71|37.57|14.03|13.1|1.06|1.25|154.97|8041.53|7307.73|27.4|
|五粮液|000858.SZ|2021-08-25|8442.5|8442.12|42.31|39.13|8.88|9.93|57.44|39.44|14.73|13.75|1.01|1.19|162.7|8442.5|7708.7|28.91|
|五粮液|000858.SZ|2021-08-24|8151.38|8151.01|40.85|37.78|8.58|9.59|55.46|38.08|14.22|13.27|1.05|1.23|157.09|8151.38|7417.58|27.81|
|五粮液|000858.SZ|2021-08-23|7997.67|7997.3|40.08|37.07|8.42|9.41|54.41|37.36|13.95|13.02|1.07|1.25|154.12|7997.67|7263.87|27.24|
|五粮液|000858.SZ|2021-08-20|8010.86|8010.5|40.15|37.13|8.43|9.42|54.5|37.42|13.98|13.05|1.07|1.25|154.38|8010.86|7277.07|27.29|
|五粮液|000858.SZ|2021-08-19|8642.4|8642.01|43.31|40.06|9.09|10.17|58.8|40.37|15.08|14.07|0.99|1.16|166.55|8642.4|7908.6|29.66|
|五粮液|000858.SZ|2021-08-18|8888.88|8888.48|44.55|41.2|9.35|10.46|60.48|41.53|15.51|14.48|0.96|1.13|171.3|8888.88|8155.09|30.58|
|五粮液|000858.SZ|2021-08-17|8925.76|8925.36|44.73|41.37|9.39|10.5|60.73|41.7|15.57|14.54|0.96|1.12|172.01|8925.76|8191.96|30.72|
|五粮液|000858.SZ|2021-08-16|9343.03|9342.61|46.82|43.31|9.83|10.99|63.57|43.65|16.3|15.21|0.91|1.07|180.05|9343.03|8609.23|32.28|
|五粮液|000858.SZ|2021-08-13|9346.91|9346.49|46.84|43.32|9.84|10.99|63.59|43.67|16.31|15.22|0.91|1.07|180.12|9346.91|8613.11|32.3|
|五粮液|000858.SZ|2021-08-12|9235.12|9234.71|46.28|42.81|9.72|10.86|62.83|43.14|16.11|15.04|0.92|1.08|177.97|9235.12|8501.32|31.88|
|五粮液|000858.SZ|2021-08-11|9556.52|9556.09|47.89|44.3|10.06|11.24|65.02|44.65|16.67|15.56|0.89|1.05|184.16|9556.52|8822.72|33.08|
|五粮液|000858.SZ|2021-08-10|9661.32|9660.89|48.42|44.78|10.17|11.36|65.73|45.13|16.85|15.73|0.88|1.04|186.18|9661.32|8927.52|33.48|
|五粮液|000858.SZ|2021-08-09|8928.09|8927.68|44.74|41.38|9.4|10.5|60.74|41.71|15.58|14.54|0.96|1.12|172.05|8928.09|8194.29|30.73|
|五粮液|000858.SZ|2021-08-06|8772.43|8772.04|43.96|40.66|9.23|10.32|59.68|40.98|15.3|14.29|0.97|1.14|169.05|8772.43|8038.64|30.14|
|五粮液|000858.SZ|2021-08-05|8817.85|8817.45|44.19|40.87|9.28|10.37|59.99|41.19|15.38|14.36|0.97|1.14|169.93|8817.85|8084.05|30.31|
|五粮液|000858.SZ|2021-08-04|9102.37|9101.96|45.61|42.19|9.58|10.71|61.93|42.52|15.88|14.82|0.94|1.1|175.41|9102.37|8368.57|31.38|
|五粮液|000858.SZ|2021-08-03|9317.8|9317.38|46.69|43.19|9.81|10.96|63.39|43.53|16.26|15.17|0.92|1.07|179.56|9317.8|8584|32.19|
|五粮液|000858.SZ|2021-08-02|9100.43|9100.02|45.61|42.18|9.58|10.7|61.91|42.51|15.88|14.82|0.94|1.1|175.37|9100.43|8366.63|31.37|
|五粮液|000858.SZ|2021-07-30|8568.65|8568.26|42.94|39.72|9.02|10.08|58.3|40.03|14.95|13.95|1|1.17|165.13|8568.65|7834.85|29.38|
|五粮液|000858.SZ|2021-07-29|9123.72|9123.31|45.72|42.29|9.6|10.73|62.07|42.62|15.92|14.86|0.94|1.1|175.82|9123.72|8389.92|31.46|
|五粮液|000858.SZ|2021-07-28|9186.99|9186.58|46.04|42.58|9.67|10.81|62.5|42.92|16.03|14.96|0.93|1.09|177.04|9186.99|8453.19|31.7|
|五粮液|000858.SZ|2021-07-27|8972.34|8971.93|44.96|41.59|9.44|10.55|61.04|41.92|15.65|14.61|0.95|1.12|172.91|8972.34|8238.54|30.89|
|五粮液|000858.SZ|2021-07-26|9686.16|9685.73|48.54|44.9|10.19|11.39|65.9|45.25|16.9|15.77|0.88|1.03|186.66|9686.16|8952.37|33.57|
|五粮液|000858.SZ|2021-07-23|10527.31|10526.83|52.76|48.8|11.08|12.38|71.62|49.18|18.37|17.14|0.81|0.95|202.87|10527.31|9793.51|36.72|
|五粮液|000858.SZ|2021-07-22|10872.38|10871.89|54.48|50.4|11.44|12.79|73.97|50.79|18.97|17.71|0.79|0.92|209.52|10872.38|10138.59|38.02|
|五粮液|000858.SZ|2021-07-21|10915.86|10915.37|54.7|50.6|11.49|12.84|74.27|51|19.04|17.78|0.78|0.92|210.36|10915.86|10182.06|38.18|
|五粮液|000858.SZ|2021-07-20|10957.78|10957.29|54.91|50.79|11.53|12.89|74.55|51.19|19.12|17.84|0.78|0.91|211.17|10957.78|10223.98|38.34|
|五粮液|000858.SZ|2021-07-19|10903.05|10902.56|54.64|50.54|11.47|12.82|74.18|50.94|19.02|17.76|0.78|0.92|210.11|10903.05|10169.25|38.13|
|五粮液|000858.SZ|2021-07-16|10772.24|10771.75|53.98|49.93|11.34|12.67|73.29|50.32|18.79|17.54|0.79|0.93|207.59|10772.24|10038.44|37.64|
|五粮液|000858.SZ|2021-07-15|10900.72|10900.23|54.63|50.53|11.47|12.82|74.16|50.92|19.02|17.75|0.78|0.92|210.07|10900.72|10166.92|38.12|
|五粮液|000858.SZ|2021-07-14|10686.07|10685.59|53.55|49.53|11.24|12.57|72.7|49.92|18.64|17.4|0.8|0.94|205.93|10686.07|9952.27|37.32|
|五粮液|000858.SZ|2021-07-13|10713.24|10712.76|53.69|49.66|11.27|12.6|72.89|50.05|18.69|17.45|0.8|0.93|206.45|10713.24|9979.44|37.42|
|五粮液|000858.SZ|2021-07-12|10517.22|10516.74|52.71|48.75|11.07|12.37|71.55|49.13|18.35|17.13|0.81|0.95|202.68|10517.22|9783.42|36.69|
|五粮液|000858.SZ|2021-07-09|10374.76|10374.29|51.99|48.09|10.92|12.2|70.58|48.47|18.1|16.89|0.82|0.97|199.93|10374.76|9640.96|36.15|
|五粮液|000858.SZ|2021-07-08|10474.13|10473.66|52.49|48.55|11.02|11.02|71.26|48.93|18.27|17.06|0.82||201.85|10474.13|9740.33|36.52|
|五粮液|000858.SZ|2021-07-07|11046.67|11046.17|55.36|51.2|11.62|11.62|75.16|51.61|19.27|17.99|0.77||212.88|11046.67|10312.87|38.67|
|五粮液|000858.SZ|2021-07-06|10761.76|10761.27|53.93|49.88|11.32|11.32|73.22|50.28|18.77|17.53|0.79||207.39|10761.76|10027.96|37.6|
|五粮液|000858.SZ|2021-07-05|10911.2|10910.71|54.68|50.58|11.48|11.48|74.23|50.97|19.04|17.77|0.78||210.27|10911.2|10177.4|38.16|
|五粮液|000858.SZ|2021-07-02|11102.56|11102.06|55.64|51.46|11.68|11.68|75.54|51.87|19.37|18.08|0.77||213.96|11102.56|10368.77|38.88|
|五粮液|000858.SZ|2021-07-01|11574.96|11574.43|58.01|53.65|12.18|12.18|78.75|54.07|20.19|18.85|0.74||223.06|11574.96|10841.16|40.65|
|五粮液|000858.SZ|2021-06-30|11562.92|11562.4|57.95|53.6|12.17|12.17|78.67|54.02|20.17|18.83|0.74||222.83|11562.92|10829.12|40.61|
|五粮液|000858.SZ|2021-06-29|11588.54|11588.02|58.07|53.72|12.19|12.19|78.84|54.14|20.22|18.87|0.74||223.32|11588.54|10854.74|40.7|
|五粮液|000858.SZ|2021-06-28|11889.75|11889.22|59.58|55.11|12.51|12.51|80.89|55.55|20.74|19.36|0.72||229.13|11889.75|11155.96|41.83|
|五粮液|000858.SZ|2021-06-25|11641.72|11641.19|58.34|53.96|12.25|12.25|79.2|54.39|20.31|18.96|0.73||224.35|11641.72|10907.92|40.9|
|五粮液|000858.SZ|2021-06-24|11361.47|11360.95|56.94|52.66|11.96|11.96|77.3|53.08|19.82|18.5|0.75||218.95|11361.47|10627.67|39.85|
|五粮液|000858.SZ|2021-06-23|11293.15|11292.64|56.59|52.35|11.88|11.88|76.83|52.76|19.7|18.39|0.76||217.63|11293.15|10559.35|39.6|
|五粮液|000858.SZ|2021-06-22|11640.55|11640.03|58.33|53.96|12.25|12.25|79.2|54.38|20.31|18.96|0.73||224.33|11640.55|10906.76|40.9|
|五粮液|000858.SZ|2021-06-21|11523.33|11522.81|57.75|53.41|12.13|12.13|78.4|53.83|20.1|18.77|0.74|0.74|222.07|11523.33|10789.53|40.46|
|五粮液|000858.SZ|2021-06-18|11295.48|11294.97|56.61|52.36|11.89|11.89|76.85|52.77|19.71|18.39|0.76|0.76|217.68|11295.48|10561.68|39.6|
|五粮液|000858.SZ|2021-06-17|11420.47|11419.95|57.23|52.94|12.02|12.02|77.7|53.35|19.92|18.6|0.75|0.75|220.08|11420.47|10686.67|40.07|
|五粮液|000858.SZ|2021-06-16|11346.72|11346.21|56.86|52.59|11.94|11.94|77.2|53.01|19.8|18.48|0.75|0.75|218.66|11346.72|10612.92|39.8|
|五粮液|000858.SZ|2021-06-15|11616.1|11615.58|58.21|53.84|12.22|12.22|79.03|54.27|20.27|18.92|0.74|0.74|223.85|11616.1|10882.3|40.81|
|五粮液|000858.SZ|2021-06-11|11705.77|11705.24|58.66|54.26|12.32|12.32|79.64|54.69|20.42|19.06|0.73|0.73|225.58|11705.77|10971.97|41.14|
|五粮液|000858.SZ|2021-06-10|11763.21|11762.68|58.95|54.52|12.38|12.38|80.03|54.95|20.52|19.16|0.73|0.73|226.69|11763.21|11029.42|41.36|
|五粮液|000858.SZ|2021-06-09|11508.97|11508.45|57.68|53.35|12.11|12.11|78.3|53.77|20.08|18.74|0.74|0.74|221.79|11508.97|10775.17|40.4|
|五粮液|000858.SZ|2021-06-08|11565.25|11564.73|57.96|53.61|12.17|12.17|78.68|54.03|20.18|18.83|0.74|0.74|222.87|11565.25|10831.45|40.62|
|五粮液|000858.SZ|2021-06-07|12145.94|12145.39|60.87|56.3|12.78|12.78|82.63|56.74|21.19|19.78|0.7|0.7|234.06|12145.94|11412.14|42.79|
|五粮液|000858.SZ|2021-06-04|12238.71|12238.16|61.33|56.73|12.88|12.88|83.27|57.18|21.35|19.93|0.7|0.7|235.85|12238.71|11504.91|43.14|
|五粮液|000858.SZ|2021-06-03|12173.11|11903.98|61|56.42|12.81|12.81|82.82|56.87|21.24|19.82|0.7|0.7|234.59|12173.11|11439.31|42.9|
|五粮液|000858.SZ|2021-06-02|12104.41|11836.78|60.66|56.11|12.74|12.74|82.35|56.55|21.12|19.71|0.71|0.71|233.26|12104.41|11370.61|42.64|
|五粮液|000858.SZ|2021-06-01|12254.24|11983.3|61.41|56.8|12.9|12.9|83.37|57.25|21.38|19.96|0.7|0.7|236.15|12254.24|11520.44|43.2|
|五粮液|000858.SZ|2021-05-31|12231.72|11961.28|61.3|56.7|12.87|12.87|83.22|57.14|21.34|19.92|0.7|0.7|235.72|12231.72|11497.93|43.12|
|五粮液|000858.SZ|2021-05-28|12300.82|12028.85|61.64|57.02|12.94|12.94|83.69|57.47|21.46|20.03|0.69|0.69|237.05|12300.82|11567.02|43.37|
|五粮液|000858.SZ|2021-05-27|12350.5|12077.43|61.89|57.25|13|13|84.03|57.7|21.55|20.11|0.69|0.69|238.01|12350.5|11616.7|43.56|
|五粮液|000858.SZ|2021-05-26|12382.33|12108.56|62.05|57.39|13.03|13.03|84.24|57.85|21.6|20.16|0.69|0.69|238.62|12382.33|11648.53|43.68|
|五粮液|000858.SZ|2021-05-25|12538.76|12261.53|62.84|58.12|13.19|13.19|85.31|58.58|21.87|20.42|0.68|0.68|241.63|12538.76|11804.96|44.27|
|五粮液|000858.SZ|2021-05-24|11839.29|11577.53|59.33|54.88|12.46|12.46|80.55|55.31|20.65|19.28|0.72|0.72|228.16|11839.29|11105.5|41.64|
|五粮液|000858.SZ|2021-05-21|11512.85|11258.3|57.69|53.36|12.12|12.12|78.33|53.78|20.08|18.75|0.74|0.74|221.86|11512.85|10779.05|40.42|
|五粮液|000858.SZ|2021-05-20|11781.07|11520.59|59.04|54.61|12.4|12.4|80.15|55.04|20.55|19.18|0.72|0.72|227.03|11781.07|11047.27|41.43|
|五粮液|000858.SZ|2021-05-19|11753.12|11493.26|58.9|54.48|12.37|12.37|79.96|54.91|20.5|19.14|0.73|0.73|226.49|11753.12|11019.32|41.32|
|五粮液|000858.SZ|2021-05-18|11625.42|11368.38|58.26|53.89|12.23|12.23|79.09|54.31|20.28|18.93|0.73|0.73|224.03|11625.42|10891.62|40.84|
|五粮液|000858.SZ|2021-05-17|11535.75|11280.7|57.81|53.47|12.14|12.14|78.48|53.89|20.12|18.79|0.74|0.74|222.31|11535.75|10801.95|40.51|
|五粮液|000858.SZ|2021-05-14|11140.21|10893.91|55.83|51.64|11.72|11.72|75.79|52.04|19.43|18.14|0.77|0.77|214.68|11140.21|10406.42|39.02|
|五粮液|000858.SZ|2021-05-13|10713.24|10476.37|53.69|49.66|11.27|11.27|72.89|50.05|18.69|17.45|0.8|0.8|206.45|10713.24|9979.44|37.42|
|五粮液|000858.SZ|2021-05-12|10771.85|10533.69|53.98|49.93|11.34|11.34|73.29|50.32|18.79|17.54|0.79|0.79|207.58|10771.85|10038.05|37.64|
|五粮液|000858.SZ|2021-05-11|10691.89|10455.49|53.58|49.56|11.25|11.25|72.74|49.95|18.65|17.41|0.8|0.8|206.04|10691.89|9958.09|37.34|
|五粮液|000858.SZ|2021-05-10|10247.45|10020.88|51.35|47.5|10.78|10.78|69.72|47.87|17.88|16.69|0.83|0.83|197.48|10247.45|9513.65|35.67|
|五粮液|000858.SZ|2021-05-07|10561.86|10328.33|52.93|48.96|11.11|11.11|71.86|49.34|18.43|17.2|0.81|0.81|203.54|10561.86|9828.06|36.85|
|五粮液|000858.SZ|2021-05-06|10730.32|10493.07|53.77|49.74|11.29|11.29|73|50.13|18.72|17.47|0.8|0.8|206.78|10730.32|9996.52|37.49|
|五粮液|000858.SZ|2021-04-30|11062.58|10817.99|55.44|51.28|11.64|11.64|75.26|51.68|19.3|18.02|0.77|0.77|213.19|11062.58|10328.79|38.73|
|五粮液|000858.SZ|2021-04-29|11237.26|10988.8|56.31|52.09|11.82|11.82|76.45|52.5|19.6|18.3|0.76|0.76|216.55|11237.26|10503.46|39.39|
|五粮液|000858.SZ|2021-04-28|11085.87|10840.77|55.55|51.38|11.67|11.67|75.42|51.79|19.34|18.05|0.77|0.77|213.64|11085.87|10352.08|38.82|
|五粮液|000858.SZ|2021-04-27|10939.15|10697.35|62.86|56.38|13.62|13.62|47.33|100.69|21.83|19.71|0.78|0.78|188.26|10939.15|10364.27|44.71|
|五粮液|000858.SZ|2021-04-26|10674.42|10438.48|61.34|55.01|13.29|13.29|46.19|98.25|21.3|19.23|0.8|0.8|183.7|10674.42|10099.54|43.57|
|五粮液|000858.SZ|2021-04-23|10868.5|10628.27|62.45|56.01|13.54|13.54|47.03|100.04|21.69|19.58|0.79|0.79|187.04|10868.5|10293.62|44.41|
|五粮液|000858.SZ|2021-04-22|10526.53|10293.86|60.49|54.25|13.11|13.11|45.55|96.89|21|18.96|0.81|0.81|181.16|10526.53|9951.65|42.93|
|五粮液|000858.SZ|2021-04-21|10513.34|10280.95|60.41|54.18|13.09|13.09|45.49|96.77|20.98|18.94|0.81|0.81|180.93|10513.34|9938.46|42.88|
|五粮液|000858.SZ|2021-04-20|10393.01|10163.28|59.72|53.56|12.94|12.94|44.97|95.66|20.74|18.72|0.82|0.82|178.86|10393.01|9818.13|42.36|
|五粮液|000858.SZ|2021-04-19|10312.27|10084.33|59.26|53.14|12.84|12.84|44.62|94.92|20.58|18.58|0.83|0.83|177.47|10312.27|9737.39|42.01|
|五粮液|000858.SZ|2021-04-16|10162.05|9937.43|58.4|52.37|12.66|12.66|43.97|93.54|20.28|18.31|0.84|0.84|174.88|10162.05|9587.17|41.36|
|五粮液|000858.SZ|2021-04-15|9929.15|9709.68|57.06|51.17|12.37|12.37|42.96|91.39|19.81|17.89|0.86|0.86|170.88|9929.15|9354.28|40.36|
|五粮液|000858.SZ|2021-04-14|10238.91|10012.59|58.84|52.77|12.75|12.75|44.3|94.24|20.43|18.45|0.83|0.83|176.21|10238.91|9664.03|41.69|
|五粮液|000858.SZ|2021-04-13|10204.75|9979.19|58.64|52.59|12.71|12.71|44.15|93.93|20.36|18.38|0.84|0.84|175.62|10204.75|9629.87|41.55|
|五粮液|000858.SZ|2021-04-12|10130.61|9906.69|58.21|52.21|12.62|12.62|43.83|93.25|20.21|18.25|0.84|0.84|174.34|10130.61|9555.73|41.23|
|五粮液|000858.SZ|2021-04-09|10297.91|10070.29|59.18|53.07|12.82|12.82|44.56|94.79|20.55|18.55|0.83|0.83|177.22|10297.91|9723.03|41.95|
|五粮液|000858.SZ|2021-04-08|10599.9|10365.6|60.91|54.63|13.2|13.2|45.86|97.57|21.15|19.1|0.81|0.81|182.42|10599.9|10025.02|43.25|
|五粮液|000858.SZ|2021-04-07|10513.34|10280.95|60.41|54.18|13.09|13.09|45.49|96.77|20.98|18.94|0.81|0.81|180.93|10513.34|9938.46|42.88|
|五粮液|000858.SZ|2021-04-06|11053.27|10808.95|63.52|56.96|13.77|13.77|47.82|101.74|22.05|19.91|0.77|0.77|190.22|11053.27|10478.39|45.21|
|五粮液|000858.SZ|2021-04-02|11045.5|10801.36|63.47|56.92|13.76|13.76|47.79|101.67|22.04|19.9|0.77|0.77|190.09|11045.5|10470.63|45.17|
|五粮液|000858.SZ|2021-04-01|10599.9|10365.6|60.91|54.63|13.2|13.2|45.86|97.57|21.15|19.1|0.81|0.81|182.42|10599.9|10025.02|43.25|
|五粮液|000858.SZ|2021-03-31|10401.93|10172.01|59.77|53.61|12.95|12.95|45.01|95.74|20.75|18.74|0.82|0.82|179.01|10401.93|9827.06|42.4|
|五粮液|000858.SZ|2021-03-30|10614.65|10380.03|61|54.7|13.22|13.22|45.93|97.7|21.18|19.12|0.8|0.8|182.67|10614.65|10039.77|43.31|
|五粮液|000858.SZ|2021-03-29|10561.47|10328.02|60.69|54.43|13.15|13.15|45.7|97.21|21.07|19.03|0.81|0.81|181.76|10561.47|9986.59|43.08|
|五粮液|000858.SZ|2021-03-26|10323.14|10094.96|59.32|53.2|12.86|12.86|44.67|95.02|20.6|18.6|0.83|0.83|177.66|10323.14|9748.26|42.06|
|五粮液|000858.SZ|2021-03-25|9936.14|9716.52|57.1|51.21|12.37|12.37|42.99|91.46|19.83|17.9|0.86|0.86|171|9936.14|9361.26|40.39|
|五粮液|000858.SZ|2021-03-24|10123.23|9899.48|58.17|52.17|12.61|12.61|43.8|93.18|20.2|18.24|0.84|0.84|174.22|10123.23|9548.36|41.19|
|五粮液|000858.SZ|2021-03-23|10179.52|9954.51|58.5|52.46|12.68|12.68|44.04|93.7|20.31|18.34|0.84|0.84|175.18|10179.52|9604.64|41.44|
|五粮液|000858.SZ|2021-03-22|10072.77|9850.13|57.88|51.91|12.54|12.54|43.58|92.72|20.1|18.15|0.85|0.85|173.35|10072.77|9497.89|40.98|
|五粮液|000858.SZ|2021-03-19|10122.85|9899.1|58.17|52.17|12.61|12.61|43.8|93.18|20.2|18.24|0.84|0.84|174.21|10122.85|9547.97|41.19|
|五粮液|000858.SZ|2021-03-18|10495.48|10263.49|60.31|54.09|13.07|13.07|45.41|96.61|20.94|18.91|0.81|0.81|180.62|10495.48|9920.6|42.8|
|五粮液|000858.SZ|2021-03-17|10259.48|10032.71|58.96|52.87|12.78|12.78|44.39|94.43|20.47|18.48|0.83|0.83|176.56|10259.48|9684.6|41.78|
|五粮液|000858.SZ|2021-03-16|10185.73|9960.59|58.53|52.49|12.69|12.69|44.07|93.75|20.32|18.35|0.84|0.84|175.29|10185.73|9610.85|41.46|
|五粮液|000858.SZ|2021-03-15|9743.22|9527.87|55.99|50.21|12.13|12.13|42.16|89.68|19.44|17.55|0.88|0.88|167.68|9743.22|9168.35|39.55|
|五粮液|000858.SZ|2021-03-12|10264.91|10038.02|58.99|52.9|12.78|12.78|44.41|94.48|20.48|18.49|0.83|0.83|176.65|10264.91|9690.03|41.8|
|五粮液|000858.SZ|2021-03-11|10287.81|10060.42|59.12|53.02|12.81|12.81|44.51|94.69|20.53|18.53|0.83|0.83|177.05|10287.81|9712.94|41.9|
|五粮液|000858.SZ|2021-03-10|9804.94|9588.22|56.34|50.53|12.21|12.21|42.42|90.25|19.56|17.66|0.87|0.87|168.74|9804.94|9230.06|39.82|
|五粮液|000858.SZ|2021-03-09|9412.9|9204.84|54.09|48.51|11.72|11.72|40.73|86.64|18.78|16.96|0.91|0.91|161.99|9412.9|8838.02|38.13|
|五粮液|000858.SZ|2021-03-08|9490.53|9280.76|54.54|48.91|11.82|11.82|41.06|87.36|18.94|17.1|0.9|0.9|163.33|9490.53|8915.65|38.46|
|五粮液|000858.SZ|2021-03-05|10344.49|10115.84|59.44|53.31|12.88|12.88|44.76|95.22|20.64|18.64|0.83|0.83|178.02|10344.49|9769.61|42.15|
|五粮液|000858.SZ|2021-03-04|10337.11|10108.62|59.4|53.27|12.87|12.87|44.73|95.15|20.63|18.62|0.83|0.83|177.9|10337.11|9762.23|42.12|
|五粮液|000858.SZ|2021-03-03|11074.23|10829.45|63.64|57.07|13.79|13.79|47.92|101.93|22.1|19.95|0.77|0.77|190.58|11074.23|10499.35|45.3|
|五粮液|000858.SZ|2021-03-02|10895.67|10654.84|62.61|56.15|13.57|13.57|47.14|100.29|21.74|19.63|0.78|0.78|187.51|10895.67|10320.8|44.53|
|五粮液|000858.SZ|2021-03-01|11218.62|10970.65|64.47|57.82|13.97|13.97|48.54|103.26|22.38|20.21|0.76|0.76|193.07|11218.62|10643.75|45.92|
|五粮液|000858.SZ|2021-02-26|10868.5|10628.27|62.45|56.01|13.54|13.54|47.03|100.04|21.69|19.58|0.79|0.79|187.04|10868.5|10293.62|44.41|
|五粮液|000858.SZ|2021-02-25|11213.97|10966.1|64.44|57.79|13.97|13.97|48.52|103.22|22.38|20.2|0.76|0.76|192.99|11213.97|10639.09|45.9|
|五粮液|000858.SZ|2021-02-24|11376.22|11124.76|65.37|58.63|14.17|14.17|49.22|104.71|22.7|20.49|0.75|0.75|195.78|11376.22|10801.34|46.6|
|五粮液|000858.SZ|2021-02-23|12227.07|11956.81|70.26|63.01|15.23|15.23|52.9|112.54|24.4|22.03|0.7|0.7|210.42|12227.07|11652.19|50.27|
|五粮液|000858.SZ|2021-02-22|12151.76|11883.17|69.83|62.62|15.13|15.13|52.58|111.85|24.25|21.89|0.7|0.7|209.13|12151.76|11576.88|49.94|
|五粮液|000858.SZ|2021-02-19|13368.26|13072.77|76.82|68.89|16.65|16.65|57.84|123.05|26.67|24.08|0.64|0.64|230.06|13368.26|12793.38|55.19|
|五粮液|000858.SZ|2021-02-18|12945.16|12659.03|74.39|66.71|16.12|16.12|56.01|119.15|25.83|23.32|0.66|0.66|222.78|12945.16|12370.28|53.37|
|五粮液|000858.SZ|2021-02-10|13300.33|13006.35|76.43|68.54|16.56|16.56|57.55|122.42|26.54|23.96|0.64|0.64|228.89|13300.33|12725.45|54.9|
|五粮液|000858.SZ|2021-02-09|12789.9|12507.2|73.5|65.91|15.93|15.93|55.34|117.72|25.52|23.04|0.67|0.67|220.11|12789.9|12215.02|52.7|
|五粮液|000858.SZ|2021-02-08|12421.15|12146.6|71.38|64.01|15.47|15.47|53.74|114.33|24.78|22.38|0.69|0.69|213.76|12421.15|11846.27|51.11|
|五粮液|000858.SZ|2021-02-05|12411.83|12137.49|71.32|63.97|15.46|15.46|53.7|114.25|24.77|22.36|0.69|0.69|213.6|12411.83|11836.95|51.07|
|五粮液|000858.SZ|2021-02-04|12172.72|11903.66|69.95|62.73|15.16|15.16|52.67|112.04|24.29|21.93|0.7|0.7|209.49|12172.72|11597.84|50.04|
|五粮液|000858.SZ|2021-02-03|11984.46|11719.57|68.87|61.76|14.93|14.93|51.85|110.31|23.91|21.59|0.71|0.71|206.25|11984.46|11409.59|49.22|
|五粮液|000858.SZ|2021-02-02|11804.75|11543.82|67.83|60.84|14.7|14.7|51.08|108.66|23.55|21.27|0.72|0.72|203.15|11804.75|11229.87|48.45|
|五粮液|000858.SZ|2021-02-01|11345.55|11094.78|65.2|58.47|14.13|14.13|49.09|104.43|22.64|20.44|0.75|0.75|195.25|11345.55|10770.67|46.47|
|五粮液|000858.SZ|2021-01-29|11300.91|11051.12|64.94|58.24|14.07|14.07|48.9|104.02|22.55|20.36|0.76|0.76|194.48|11300.91|10726.04|46.27|
|五粮液|000858.SZ|2021-01-28|11101.4|10856.02|63.79|57.21|13.83|13.83|48.03|102.18|22.15|20|0.77|0.77|191.05|11101.4|10526.52|45.41|
|五粮液|000858.SZ|2021-01-27|11356.81|11105.78|65.26|58.53|14.14|14.14|49.14|104.53|22.66|20.46|0.75|0.75|195.45|11356.81|10781.93|46.52|
|五粮液|000858.SZ|2021-01-26|11869.18|11606.83|68.21|61.17|14.78|14.78|51.35|109.25|23.68|21.38|0.72|0.72|204.26|11869.18|11294.3|48.73|
|五粮液|000858.SZ|2021-01-25|12253.85|11983|70.42|63.15|15.26|15.26|53.02|112.79|24.45|22.08|0.7|0.7|210.88|12253.85|11678.97|50.39|
|五粮液|000858.SZ|2021-01-22|11472.48|11218.9|65.93|59.12|14.29|14.29|49.64|105.6|22.89|20.67|0.74|0.74|197.44|11472.48|10897.6|47.01|
|五粮液|000858.SZ|2021-01-21|11526.43|11271.66|66.24|59.4|14.35|14.35|49.87|106.1|23|20.76|0.74|0.74|198.36|11526.43|10951.56|47.25|
|五粮液|000858.SZ|2021-01-20|11056.76|10812.37|63.54|56.98|13.77|13.77|47.84|101.77|22.06|19.92|0.77|0.77|190.28|11056.76|10481.88|45.22|
|五粮液|000858.SZ|2021-01-19|10926.73|10685.21|62.79|56.31|13.61|13.61|47.28|100.58|21.8|19.68|0.78|0.78|188.04|10926.73|10351.85|44.66|
|五粮液|000858.SZ|2021-01-18|11045.12|10800.98|63.47|56.92|13.76|13.76|47.79|101.67|22.04|19.9|0.77|0.77|190.08|11045.12|10470.24|45.17|
|五粮液|000858.SZ|2021-01-15|11167.39|10920.55|64.17|57.55|13.91|13.91|48.32|102.79|22.28|20.12|0.76|0.76|192.19|11167.39|10592.51|45.7|
|五粮液|000858.SZ|2021-01-14|11233.37|10985.08|64.55|57.89|13.99|13.99|48.6|103.4|22.41|20.24|0.76|0.76|193.32|11233.37|10658.5|45.98|
|五粮液|000858.SZ|2021-01-13|11851.71|11589.75|68.1|61.08|14.76|14.76|51.28|109.09|23.65|21.35|0.72|0.72|203.96|11851.71|11276.84|48.65|
|五粮液|000858.SZ|2021-01-12|12032.98|11767.01|69.15|62.01|14.99|14.99|52.06|110.76|24.01|21.68|0.71|0.71|207.08|12032.98|11458.11|49.43|
|五粮液|000858.SZ|2021-01-11|11691.4|11432.98|67.18|60.25|14.56|14.56|50.59|107.61|23.33|21.06|0.73|0.73|201.2|11691.4|11116.53|47.96|
|五粮液|000858.SZ|2021-01-08|12304.7|12032.72|70.71|63.41|15.32|15.32|53.24|113.26|24.55|22.17|0.69|0.69|211.76|12304.7|11729.82|50.6|
|五粮液|000858.SZ|2021-01-07|12809.31|12526.18|73.61|66.01|15.95|15.95|55.42|117.9|25.56|23.08|0.67|0.67|220.44|12809.31|12234.43|52.78|
|五粮液|000858.SZ|2021-01-06|12743.32|12461.65|73.23|65.67|15.87|15.87|55.14|117.3|25.43|22.96|0.67|0.67|219.31|12743.32|12168.44|52.5|
|五粮液|000858.SZ|2021-01-05|12420.37|12145.84|71.37|64.01|15.47|15.47|53.74|114.32|24.78|22.38|0.69|0.69|213.75|12420.37|11845.49|51.1|
|五粮液|000858.SZ|2021-01-04|11569.13|11313.42|66.48|59.62|14.41|14.41|50.06|106.49|23.08|20.84|0.74|0.74|199.1|11569.13|10994.25|47.43|
|五粮液|000858.SZ|2020-12-31|11328.47|11078.07|65.1|58.38|14.11|14.11|49.02|104.27|22.6|20.41|0.58|0.75|194.96|11328.47|10753.59|46.39|
|五粮液|000858.SZ|2020-12-30|11135.56|10889.42|63.99|57.39|13.87|13.87|48.18|102.5|22.22|20.06|0.59|0.77|191.64|11135.56|10560.68|45.56|
|五粮液|000858.SZ|2020-12-29|10907.32|10666.23|62.68|56.21|13.58|13.58|47.19|100.4|21.76|19.65|0.6|0.78|187.71|10907.32|10332.44|44.58|
|五粮液|000858.SZ|2020-12-28|11099.46|10854.12|63.78|57.2|13.82|13.82|48.02|102.17|22.15|20|0.59|0.77|191.02|11099.46|10524.58|45.41|
|五粮液|000858.SZ|2020-12-25|10710.13|10473.4|61.54|55.2|13.34|13.34|46.34|98.58|21.37|19.29|0.62|0.8|184.32|10710.13|10135.25|43.73|
|五粮液|000858.SZ|2020-12-24|10686.84|10450.63|61.41|55.08|13.31|13.31|46.24|98.37|21.32|19.25|0.62|0.8|183.92|10686.84|10111.97|43.62|
|五粮液|000858.SZ|2020-12-23|10802.13|10563.36|62.07|55.67|13.45|13.45|46.74|99.43|21.55|19.46|0.61|0.79|185.9|10802.13|10227.25|44.12|
|五粮液|000858.SZ|2020-12-22|10960.88|10718.61|62.99|56.49|13.65|13.65|47.42|100.89|21.87|19.75|0.6|0.78|188.63|10960.88|10386.01|44.81|
|五粮液|000858.SZ|2020-12-21|10942.64|10700.77|62.88|56.39|13.63|13.63|47.35|100.72|21.83|19.71|0.6|0.78|188.32|10942.64|10367.76|44.73|
|五粮液|000858.SZ|2020-12-18|10746.62|10509.08|61.75|55.38|13.38|13.38|46.5|98.92|21.44|19.36|0.61|0.79|184.94|10746.62|10171.74|43.88|
|五粮液|000858.SZ|2020-12-17|10783.5|10545.14|61.97|55.57|13.43|13.43|46.66|99.26|21.52|19.43|0.61|0.79|185.58|10783.5|10208.62|44.04|
|五粮液|000858.SZ|2020-12-16|10648.42|10413.05|61.19|54.88|13.26|13.26|46.07|98.01|21.25|19.18|0.62|0.8|183.25|10648.42|10073.54|43.46|
|五粮液|000858.SZ|2020-12-15|10511.39|10279.06|60.4|54.17|13.09|13.09|45.48|96.75|20.97|18.94|0.63|0.81|180.9|10511.39|9936.52|42.87|
|五粮液|000858.SZ|2020-12-14|10602.61|10368.26|60.93|54.64|13.2|13.2|45.87|97.59|21.16|19.1|0.62|0.81|182.47|10602.61|10027.73|43.26|
|五粮液|000858.SZ|2020-12-11|10384.08|10154.55|59.67|53.51|12.93|12.93|44.93|95.58|20.72|18.71|0.64|0.82|178.71|10384.08|9809.2|42.32|
|五粮液|000858.SZ|2020-12-10|10389.9|10160.25|59.7|53.54|12.94|12.94|44.95|95.63|20.73|18.72|0.64|0.82|178.81|10389.9|9815.02|42.34|
|五粮液|000858.SZ|2020-12-09|10469.47|10238.06|60.16|53.95|13.04|13.04|45.3|96.37|20.89|18.86|0.63|0.82|180.17|10469.47|9894.6|42.69|
|五粮液|000858.SZ|2020-12-08|10557.97|10324.61|60.67|54.41|13.15|13.15|45.68|97.18|21.07|19.02|0.62|0.81|181.7|10557.97|9983.1|43.07|
|五粮液|000858.SZ|2020-12-07|10489.66|10257.8|60.28|54.06|13.06|13.06|45.39|96.55|20.93|18.9|0.63|0.81|180.52|10489.66|9914.78|42.77|
|五粮液|000858.SZ|2020-12-04|10371.27|10142.03|59.6|53.45|12.92|12.92|44.87|95.46|20.69|18.68|0.64|0.82|178.48|10371.27|9796.39|42.26|
|五粮液|000858.SZ|2020-12-03|10155.45|9930.98|58.36|52.34|12.65|12.65|43.94|93.48|20.26|18.3|0.65|0.84|174.77|10155.45|9580.57|41.33|
|五粮液|000858.SZ|2020-12-02|10113.53|9889.99|58.12|52.12|12.6|12.6|43.76|93.09|20.18|18.22|0.65|0.84|174.05|10113.53|9538.65|41.15|
|五粮液|000858.SZ|2020-12-01|10014.16|9792.81|57.55|51.61|12.47|12.47|43.33|92.18|19.98|18.04|0.66|0.85|172.34|10014.16|9439.28|40.72|
|五粮液|000858.SZ|2020-11-30|9859.28|9641.36|56.66|50.81|12.28|12.28|42.66|90.75|19.67|17.76|0.67|0.87|169.67|9859.28|9284.41|40.05|
|五粮液|000858.SZ|2020-11-27|10181.46|9956.41|58.51|52.47|12.68|12.68|44.05|93.72|20.31|18.34|0.65|0.84|175.22|10181.46|9606.58|41.44|
|五粮液|000858.SZ|2020-11-26|10114.69|9891.12|58.12|52.13|12.6|12.6|43.76|93.1|20.18|18.22|0.65|0.84|174.07|10114.69|9539.82|41.16|
|五粮液|000858.SZ|2020-11-25|10207.46|9981.84|58.66|52.6|12.71|12.71|44.17|93.95|20.37|18.39|0.65|0.84|175.67|10207.46|9632.59|41.56|
|五粮液|000858.SZ|2020-11-24|10549.82|10316.64|60.62|54.37|13.14|13.14|45.65|97.11|21.05|19.01|0.63|0.81|181.56|10549.82|9974.94|43.03|
|五粮液|000858.SZ|2020-11-23|10580.49|10346.62|60.8|54.53|13.18|13.18|45.78|97.39|21.11|19.06|0.62|0.81|182.09|10580.49|10005.61|43.17|
|五粮液|000858.SZ|2020-11-20|10420.95|10190.61|59.88|53.7|12.98|12.98|45.09|95.92|20.79|18.77|0.63|0.82|179.34|10420.95|9846.08|42.48|
|五粮液|000858.SZ|2020-11-19|10274.62|10047.51|59.04|52.95|12.8|12.8|44.46|94.57|20.5|18.51|0.64|0.83|176.82|10274.62|9699.74|41.85|
|五粮液|000858.SZ|2020-11-18|10236.58|10010.31|58.82|52.75|12.75|12.75|44.29|94.22|20.42|18.44|0.64|0.83|176.17|10236.58|9661.7|41.68|
|五粮液|000858.SZ|2020-11-17|10445.41|10214.53|60.02|53.83|13.01|13.01|45.19|96.14|20.84|18.82|0.63|0.82|179.76|10445.41|9870.53|42.58|
|五粮液|000858.SZ|2020-11-16|10596.79|10362.56|60.89|54.61|13.2|13.2|45.85|97.54|21.14|19.09|0.62|0.81|182.37|10596.79|10021.91|43.24|
|五粮液|000858.SZ|2020-11-13|10286.26|10058.9|59.11|53.01|12.81|12.81|44.51|94.68|20.52|18.53|0.64|0.83|177.02|10286.26|9711.38|41.9|
|五粮液|000858.SZ|2020-11-12|10389.12|10159.49|59.7|53.54|12.94|12.94|44.95|95.63|20.73|18.72|0.64|0.82|178.79|10389.12|9814.25|42.34|
|五粮液|000858.SZ|2020-11-11|10437.64|10206.94|59.98|53.79|13|13|45.16|96.07|20.83|18.8|0.63|0.82|179.63|10437.64|9862.77|42.55|
|五粮液|000858.SZ|2020-11-10|10589.03|10354.97|60.85|54.57|13.19|13.19|45.82|97.47|21.13|19.08|0.62|0.81|182.23|10589.03|10014.15|43.2|
|五粮液|000858.SZ|2020-11-09|10480.34|10248.69|60.22|54.01|13.05|13.05|45.35|96.47|20.91|18.88|0.63|0.81|180.36|10480.34|9905.46|42.73|
|五粮液|000858.SZ|2020-11-06|10065.01|9842.54|57.84|51.87|12.53|12.53|43.55|92.64|20.08|18.13|0.66|0.85|173.21|10065.01|9490.13|40.94|
|五粮液|000858.SZ|2020-11-05|10069.28|9846.71|57.86|51.89|12.54|12.54|43.57|92.68|20.09|18.14|0.66|0.85|173.29|10069.28|9494.4|40.96|
|五粮液|000858.SZ|2020-11-04|9820.47|9603.4|56.43|50.61|12.23|12.23|42.49|90.39|19.59|17.69|0.67|0.87|169.01|9820.47|9245.59|39.89|
|五粮液|000858.SZ|2020-11-03|9719.55|9504.71|55.85|50.09|12.1|12.1|42.05|89.46|19.39|17.51|0.68|0.88|167.27|9719.55|9144.67|39.45|
|五粮液|000858.SZ|2020-11-02|9537.11|9326.31|54.8|49.15|11.88|11.88|41.26|87.78|19.03|17.18|0.69|0.9|164.13|9537.11|8962.23|38.66|
|五粮液|000858.SZ|2020-10-30|9484.71|9275.06|54.5|48.88|11.81|11.81|41.04|87.3|18.92|17.09|0.7|0.9|163.23|9484.71|8909.83|38.44|
|五粮液|000858.SZ|2020-10-29|9704.02|9489.53|55.76|51.28|12.67|12.67|41.99|60.98|19.36|18.06|0.68|0.88|155.51|9704.02|9147.29|39.46|
|五粮液|000858.SZ|2020-10-28|9315.08|9109.19|53.53|49.23|12.16|12.16|40.3|58.53|18.59|17.34|0.71|0.92|149.28|9315.08|8758.35|37.79|
|五粮液|000858.SZ|2020-10-27|9063.55|8863.22|52.08|47.9|11.83|11.83|39.22|56.95|18.08|16.87|0.73|0.94|145.25|9063.55|8506.82|36.7|
|五粮液|000858.SZ|2020-10-26|9029.01|8829.44|51.88|47.72|11.79|11.79|39.07|56.73|18.02|16.8|0.73|0.95|144.69|9029.01|8472.28|36.55|
|五粮液|000858.SZ|2020-10-23|9185.05|8982.03|52.78|48.54|11.99|11.99|39.74|57.72|18.33|17.09|0.72|0.93|147.19|9185.05|8628.32|37.22|
|五粮液|000858.SZ|2020-10-22|9383.4|9175.99|53.92|49.59|12.25|12.25|40.6|58.96|18.72|17.46|0.7|0.91|150.37|9383.4|8826.67|38.08|
|五粮液|000858.SZ|2020-10-21|9384.56|9177.13|53.93|49.6|12.25|12.25|40.6|58.97|18.72|17.46|0.7|0.91|150.39|9384.56|8827.83|38.09|
|五粮液|000858.SZ|2020-10-20|9353.9|9147.15|53.75|49.43|12.21|12.21|40.47|58.78|18.66|17.41|0.71|0.91|149.9|9353.9|8797.17|37.95|
|五粮液|000858.SZ|2020-10-19|9167.58|8964.95|52.68|48.45|11.97|11.97|39.67|57.61|18.29|17.06|0.72|0.93|146.91|9167.58|8610.85|37.15|
|五粮液|000858.SZ|2020-10-16|9194.75|8991.52|52.84|48.59|12|12|39.78|57.78|18.35|17.11|0.72|0.93|147.35|9194.75|8638.02|37.27|
|五粮液|000858.SZ|2020-10-15|9273.55|9068.57|53.29|49.01|12.11|12.11|40.12|58.27|18.5|17.26|0.71|0.92|148.61|9273.55|8716.82|37.61|
|五粮液|000858.SZ|2020-10-14|9292.57|9087.17|53.4|49.11|12.13|12.13|40.21|58.39|18.54|17.29|0.71|0.92|148.92|9292.57|8735.84|37.69|
|五粮液|000858.SZ|2020-10-13|9403.97|9196.11|54.04|49.7|12.28|12.28|40.69|59.09|18.76|17.5|0.7|0.91|150.7|9403.97|8847.24|38.17|
|五粮液|000858.SZ|2020-10-12|9383.79|9176.37|53.92|49.59|12.25|12.25|40.6|58.96|18.72|17.46|0.7|0.91|150.38|9383.79|8827.06|38.08|
|五粮液|000858.SZ|2020-10-09|8833.38|8638.13|50.76|46.68|11.53|11.53|38.22|55.51|17.63|16.44|0.75|0.97|141.56|8833.38|8276.64|35.71|
|五粮液|000858.SZ|2020-09-30|8578.35|8388.74|49.29|45.34|11.2|11.2|37.12|53.9|17.12|15.96|0.77|1|137.47|8578.35|8021.62|34.61|
|五粮液|000858.SZ|2020-09-29|8529.06|8340.54|49.01|45.08|11.13|11.13|36.9|53.59|17.02|15.87|0.77|1|136.68|8529.06|7972.33|34.39|
|五粮液|000858.SZ|2020-09-28|8544.58|8355.72|49.1|45.16|11.15|11.15|36.97|53.69|17.05|15.9|0.77|1|136.93|8544.58|7987.85|34.46|
|五粮液|000858.SZ|2020-09-25|8430.85|8244.5|48.45|44.56|11.01|11.01|36.48|52.98|16.82|15.69|0.78|1.01|135.11|8430.85|7874.12|33.97|
|五粮液|000858.SZ|2020-09-24|8395.92|8210.34|48.25|44.37|10.96|10.96|36.33|52.76|16.75|15.62|0.79|1.02|134.55|8395.92|7839.19|33.82|
|五粮液|000858.SZ|2020-09-23|8513.14|8324.97|48.92|44.99|11.11|11.11|36.83|53.49|16.99|15.84|0.78|1|136.43|8513.14|7956.41|34.33|
|五粮液|000858.SZ|2020-09-22|8652.1|8460.86|49.72|45.73|11.29|11.29|37.44|54.37|17.26|16.1|0.76|0.99|138.65|8652.1|8095.37|34.92|
|五粮液|000858.SZ|2020-09-21|8729.74|8536.78|50.16|46.14|11.4|11.4|37.77|54.85|17.42|16.25|0.76|0.98|139.9|8729.74|8173|35.26|
|五粮液|000858.SZ|2020-09-18|8909.07|8712.15|51.2|47.08|11.63|11.63|38.55|55.98|17.78|16.58|0.74|0.96|142.77|8909.07|8352.34|36.03|
|五粮液|000858.SZ|2020-09-17|8642.4|8451.37|49.66|45.67|11.28|11.28|37.39|54.31|17.24|16.08|0.76|0.99|138.5|8642.4|8085.67|34.88|
|五粮液|000858.SZ|2020-09-16|8773.21|8579.29|50.41|46.37|11.45|11.45|37.96|55.13|17.51|16.33|0.75|0.97|140.59|8773.21|8216.48|35.45|
|五粮液|000858.SZ|2020-09-15|8940.51|8742.89|51.38|47.25|11.67|11.67|38.68|56.18|17.84|16.64|0.74|0.96|143.27|8940.51|8383.78|36.17|
|五粮液|000858.SZ|2020-09-14|8930.8|8733.4|51.32|47.2|11.66|11.66|38.64|56.12|17.82|16.62|0.74|0.96|143.12|8930.8|8374.07|36.13|
|五粮液|000858.SZ|2020-09-11|8845.41|8649.89|50.83|46.75|11.55|11.55|38.27|55.58|17.65|16.46|0.75|0.97|141.75|8845.41|8288.68|35.76|
|五粮液|000858.SZ|2020-09-10|8663.75|8472.25|49.79|45.79|11.31|11.31|37.49|54.44|17.29|16.12|0.76|0.99|138.84|8663.75|8107.02|34.98|
|五粮液|000858.SZ|2020-09-09|8423.09|8236.91|48.4|44.52|11|11|36.44|52.93|16.81|15.68|0.78|1.01|134.98|8423.09|7866.36|33.94|
|五粮液|000858.SZ|2020-09-08|8614.45|8424.04|49.5|45.53|11.25|11.25|37.27|54.13|17.19|16.03|0.77|0.99|138.05|8614.45|8057.72|34.76|
|五粮液|000858.SZ|2020-09-07|8806.98|8612.32|50.61|46.54|11.5|11.5|38.11|55.34|17.57|16.39|0.75|0.97|141.13|8806.98|8250.25|35.59|
|五粮液|000858.SZ|2020-09-04|8936.24|8738.72|51.35|47.23|11.67|11.67|38.66|56.15|17.83|16.63|0.74|0.96|143.21|8936.24|8379.51|36.15|
|五粮液|000858.SZ|2020-09-03|9263.07|9058.32|53.23|48.95|12.09|12.09|40.08|58.21|18.48|17.24|0.71|0.92|148.44|9263.07|8706.34|37.56|
|五粮液|000858.SZ|2020-09-02|9121.78|8920.16|52.42|48.21|11.91|11.91|39.47|57.32|18.2|16.98|0.72|0.94|146.18|9121.78|8565.05|36.95|
|五粮液|000858.SZ|2020-09-01|9169.91|8967.22|52.69|48.46|11.97|11.97|39.68|57.62|18.3|17.07|0.72|0.93|146.95|9169.91|8613.18|37.16|
|五粮液|000858.SZ|2020-08-31|9315.86|9109.95|53.53|49.23|12.16|12.16|40.31|58.54|18.59|17.34|0.71|0.92|149.29|9315.86|8759.13|37.79|
|五粮液|000858.SZ|2020-08-28|9335.27|9128.93|53.64|49.34|12.19|12.19|40.39|58.66|18.63|17.37|0.71|0.91|149.6|9335.27|8778.54|37.87|
|五粮液|000858.SZ|2020-08-27|9241.33|9036.94|53.1|49.6|11.27|12.58|39.98|66.09|18.44|17.51|0.71|0.92|143.43|9241.33|8622.41|37.2|
|五粮液|000858.SZ|2020-08-26|9185.83|8982.66|52.79|49.3|11.2|12.51|39.74|65.69|18.33|17.41|0.72|0.93|142.56|9185.83|8566.9|36.96|
|五粮液|000858.SZ|2020-08-25|9145.07|8942.81|52.55|49.08|11.15|12.45|39.57|65.4|18.25|17.33|0.72|0.93|141.93|9145.07|8526.14|36.78|
|五粮液|000858.SZ|2020-08-24|8733.62|8540.46|50.19|46.88|10.65|11.89|37.79|62.46|17.43|16.55|0.76|0.98|135.55|8733.62|8114.69|35.01|
|五粮液|000858.SZ|2020-08-21|8477.43|8289.94|48.71|45.5|10.34|11.54|36.68|60.62|16.91|16.07|0.78|1.01|131.57|8477.43|7858.51|33.9|
|五粮液|000858.SZ|2020-08-20|8401.35|8215.54|48.28|45.09|10.25|11.44|36.35|60.08|16.76|15.92|0.79|1.02|130.39|8401.35|7782.43|33.57|
|五粮液|000858.SZ|2020-08-19|8624.93|8434.17|49.56|46.29|10.52|11.74|37.32|61.68|17.21|16.35|0.77|0.99|133.86|8624.93|8006.01|34.54|
|五粮液|000858.SZ|2020-08-18|8561.66|8372.3|49.2|45.95|10.44|11.66|37.04|61.23|17.08|16.23|0.77|1|132.88|8561.66|7942.74|34.27|
|五粮液|000858.SZ|2020-08-17|8539.15|8350.29|49.07|45.83|10.41|11.62|36.95|61.06|17.04|16.18|0.77|1|132.53|8539.15|7920.22|34.17|
|五粮液|000858.SZ|2020-08-14|8263.94|8081.17|47.49|44.36|10.08|11.25|35.76|59.1|16.49|15.66|0.8|1.03|128.26|8263.94|7645.02|32.98|
|五粮液|000858.SZ|2020-08-13|8031.05|7853.42|46.15|43.1|9.79|10.93|34.75|57.43|16.02|15.22|0.82|1.06|124.64|8031.05|7412.12|31.98|
|五粮液|000858.SZ|2020-08-12|8014.36|7837.1|46.05|43.02|9.77|10.91|34.68|57.31|15.99|15.19|0.82|1.07|124.38|8014.36|7395.43|31.91|
|五粮液|000858.SZ|2020-08-11|8112.56|7933.13|46.62|43.54|9.89|11.04|35.1|58.01|16.19|15.37|0.81|1.05|125.91|8112.56|7493.63|32.33|
|五粮液|000858.SZ|2020-08-10|7993.78|7816.98|45.94|42.91|9.75|10.88|34.59|57.16|15.95|15.15|0.83|1.07|124.06|7993.78|7374.86|31.82|
|五粮液|000858.SZ|2020-08-07|8045.02|7867.09|46.23|43.18|9.81|10.95|34.81|57.53|16.05|15.25|0.82|1.06|124.86|8045.02|7426.09|32.04|
|五粮液|000858.SZ|2020-08-06|8190.97|8009.81|47.07|43.96|9.99|11.15|35.44|58.58|16.34|15.52|0.81|1.04|127.12|8190.97|7572.04|32.67|
|五粮液|000858.SZ|2020-08-05|8441.72|8255.01|48.51|45.31|10.3|11.49|36.53|60.37|16.84|16|0.78|1.01|131.02|8441.72|7822.79|33.75|
|五粮液|000858.SZ|2020-08-04|8376.51|8191.25|48.13|44.96|10.22|11.4|36.24|59.9|16.71|15.87|0.79|1.02|130|8376.51|7757.58|33.47|
|五粮液|000858.SZ|2020-08-03|8451.04|8264.12|48.56|45.36|10.31|11.51|36.57|60.43|16.86|16.02|0.78|1.01|131.16|8451.04|7832.11|33.79|
|五粮液|000858.SZ|2020-07-31|8442.5|8255.77|48.51|45.31|10.3|11.49|36.53|60.37|16.85|16|0.78|1.01|131.03|8442.5|7823.57|33.75|
|五粮液|000858.SZ|2020-07-30|8396.69|8210.98|48.25|45.07|10.24|11.43|36.33|60.05|16.75|15.91|0.79|1.02|130.32|8396.69|7777.77|33.55|
|五粮液|000858.SZ|2020-07-29|8344.68|8160.12|47.95|44.79|10.18|11.36|36.11|59.67|16.65|15.81|0.79|1.02|129.51|8344.68|7725.75|33.33|
|五粮液|000858.SZ|2020-07-28|8306.64|8122.92|47.73|44.58|10.13|11.31|35.94|59.4|16.57|15.74|0.79|1.03|128.92|8306.64|7687.71|33.17|
|五粮液|000858.SZ|2020-07-27|7922.36|7747.14|45.53|42.52|9.66|10.79|34.28|56.65|15.81|15.01|0.83|1.08|122.96|7922.36|7303.44|31.51|
|五粮液|000858.SZ|2020-07-24|7817.17|7644.28|44.92|41.96|9.53|10.64|33.82|55.9|15.6|14.81|0.84|1.09|121.32|7817.17|7198.24|31.05|
|五粮液|000858.SZ|2020-07-23|8154.09|7973.75|46.86|43.77|9.94|11.1|35.28|58.31|16.27|15.45|0.81|1.05|126.55|8154.09|7535.17|32.51|
|五粮液|000858.SZ|2020-07-22|8108.68|7929.34|46.6|43.52|9.89|11.04|35.08|57.99|16.18|15.37|0.81|1.05|125.85|8108.68|7489.75|32.31|
|五粮液|000858.SZ|2020-07-21|7979.81|7803.32|45.86|42.83|9.73|10.86|34.53|57.06|15.92|15.12|0.83|1.07|123.85|7979.81|7360.88|31.76|
|五粮液|000858.SZ|2020-07-20|7828.43|7655.28|44.99|42.02|9.55|10.66|33.87|55.98|15.62|14.84|0.84|1.09|121.5|7828.43|7209.5|31.1|
|五粮液|000858.SZ|2020-07-17|7972.43|7796.11|45.81|42.79|9.72|10.85|34.49|57.01|15.91|15.11|0.83|1.07|123.73|7972.43|7353.51|31.72|
|五粮液|000858.SZ|2020-07-16|7823.77|7650.73|44.96|41.99|9.54|10.65|33.85|55.95|15.61|14.83|0.84|1.09|121.43|7823.77|7204.84|31.08|
|五粮液|000858.SZ|2020-07-15|8692.86|8500.6|49.95|46.66|10.6|11.83|37.61|62.16|17.34|16.47|0.76|0.98|134.91|8692.86|8073.93|34.83|
|五粮液|000858.SZ|2020-07-14|8574.47|8384.83|49.27|46.02|10.46|11.67|37.1|61.32|17.11|16.25|0.77|1|133.08|8574.47|7955.55|34.32|
|五粮液|000858.SZ|2020-07-13|8469.67|8282.34|48.67|45.46|10.33|11.53|36.65|60.57|16.9|16.05|0.78|1.01|131.45|8469.67|7850.74|33.87|
|五粮液|000858.SZ|2020-07-10|8034.93|7857.22|46.17|43.13|9.8|10.94|34.77|57.46|16.03|15.23|0.82|1.06|124.7|8034.93|7416|31.99|
|五粮液|000858.SZ|2020-07-09|7907.61|7732.72|45.44|42.44|9.64|10.77|34.21|56.55|15.78|14.99|0.83|1.08|122.73|7907.61|7288.69|31.44|
|五粮液|000858.SZ|2020-07-08|7893.64|7719.05|45.36|42.37|9.63|10.75|34.15|56.45|15.75|14.96|0.84|1.08|122.51|7893.64|7274.71|31.38|
|五粮液|000858.SZ|2020-07-07|7836.58|7663.26|45.03|42.06|9.56|10.67|33.91|56.04|15.64|14.85|0.84|1.09|121.62|7836.58|7217.65|31.14|
|五粮液|000858.SZ|2020-07-06|7484.52|7318.98|43.01|40.17|9.13|10.19|32.38|53.52|14.93|14.18|0.88|1.14|116.16|7484.52|6865.59|29.62|
|五粮液|000858.SZ|2020-07-03|7325.37|7163.35|42.09|39.32|8.93|9.97|31.7|52.38|14.62|13.88|0.9|1.17|113.69|7325.37|6706.44|28.93|
|五粮液|000858.SZ|2020-07-02|7355.26|7192.58|42.27|39.48|8.97|10.01|31.82|52.6|14.68|13.94|0.9|1.16|114.15|7355.26|6736.33|29.06|
|五粮液|000858.SZ|2020-07-01|7063.75|6907.52|40.59|37.91|8.61|9.62|30.56|50.51|14.09|13.39|0.93|1.21|109.63|7063.75|6444.82|27.8|
|五粮液|000858.SZ|2020-06-30|6642.21|6495.3|38.17|35.65|8.1|9.04|28.74|47.5|13.25|12.59|0.99|1.29|103.09|6642.21|6023.28|25.99|
|五粮液|000858.SZ|2020-06-29|6501.69|6357.89|37.36|34.9|7.93|8.85|28.13|46.49|12.97|12.32|1.01|1.31|100.91|6501.69|5882.77|25.38|
|五粮液|000858.SZ|2020-06-24|6544.78|6400.03|37.61|35.13|7.98|8.91|28.32|46.8|13.06|12.4|1.01|1.3|101.58|6544.78|5925.85|25.57|
|五粮液|000858.SZ|2020-06-23|6520.33|6376.11|37.47|35|7.95|8.88|28.21|46.63|13.01|12.36|1.01|1.31|101.2|6520.33|5901.4|25.46|
|五粮液|000858.SZ|2020-06-22|6327.02|6187.09|36.36|33.96|7.72|8.61|27.38|45.25|12.62|11.99|1.04|1.35|98.2|6327.02|5708.09|24.63|
|五粮液|000858.SZ|2020-06-19|6426.78|6284.64|36.93|34.49|7.84|7.84|27.81|45.96|12.82|12.18|1.03||99.74|6426.78|5807.85|25.06|
|五粮液|000858.SZ|2020-06-18|6146.91|6010.96|35.32|32.99|7.5|7.5|26.6|43.96|12.26|11.65|1.07||95.4|6146.91|5527.99|23.85|
|五粮液|000858.SZ|2020-06-17|6050.65|5916.83|34.77|32.48|7.38|7.38|26.18|43.27|12.07|11.47|1.09||93.91|6050.65|5431.72|23.43|
|五粮液|000858.SZ|2020-06-16|6120.52|5985.15|35.17|32.85|7.46|7.46|26.48|43.77|12.21|11.6|1.08||94.99|6120.52|5501.59|23.73|
|五粮液|000858.SZ|2020-06-15|6094.12|5959.34|35.02|32.71|7.43|7.43|26.37|43.58|12.16|11.55|1.08||94.58|6094.12|5475.2|23.62|
|五粮液|000858.SZ|2020-06-12|6268.8|6130.15|36.02|33.65|7.65|7.65|27.12|44.83|12.51|11.88|1.05||97.29|6268.8|5649.87|24.37|
|五粮液|000858.SZ|2020-06-11|6213.29|6075.87|35.7|33.35|7.58|7.58|26.88|44.43|12.4|11.78|1.06||96.43|6213.29|5594.36|24.14|
|五粮液|000858.SZ|2020-06-10|6309.17|6169.63|36.26|33.86|7.69|7.69|27.3|45.12|12.59|11.96|1.05||97.92|6309.17|5690.24|24.55|
|五粮液|000858.SZ|2020-06-09|6311.88|6172.28|36.27|33.88|7.7|7.7|27.31|45.14|12.59|11.96|1.05||97.96|6311.88|5692.96|24.56|
|五粮液|000858.SZ|2020-06-08|6234.25|6096.37|35.82|33.46|7.6|7.6|26.97|44.58|12.44|11.81|1.06||96.76|6234.25|5615.32|24.23|
|五粮液|000858.SZ|2020-06-05|6214.07|6076.63|35.71|33.35|7.58|7.58|26.89|44.44|12.4|11.78|1.06|1.06|96.44|6214.07|5595.14|24.14|
|五粮液|000858.SZ|2020-06-04|6165.93|6029.56|35.43|33.09|7.52|7.52|26.68|44.09|12.3|11.69|1.07|1.07|95.7|6165.93|5547.01|23.93|
|五粮液|000858.SZ|2020-06-03|6142.26|6006.41|35.3|32.97|7.49|7.49|26.58|43.92|12.26|11.64|1.07|1.07|95.33|6142.26|5523.33|23.83|
|五粮液|000858.SZ|2020-06-02|6162.83|6026.52|35.41|33.08|7.52|7.52|26.66|44.07|12.3|11.68|1.07|1.07|95.65|6162.83|5543.9|23.92|
|五粮液|000858.SZ|2020-06-01|6155.84|6019.69|35.37|33.04|7.51|7.51|26.63|44.02|12.28|11.67|1.07|1.07|95.54|6155.84|5536.92|23.89|
|五粮液|000858.SZ|2020-05-29|5752.54|5625.31|33.06|30.88|7.02|7.02|24.89|41.14|11.48|10.9|1.15|1.15|89.28|5752.54|5133.62|22.15|
|五粮液|000858.SZ|2020-05-28|5673.36|5547.88|32.6|30.45|6.92|6.92|24.55|40.57|11.32|10.75|1.16|1.16|88.05|5673.36|5054.43|21.81|
|五粮液|000858.SZ|2020-05-27|5673.36|5547.88|32.6|30.45|6.92|6.92|24.55|40.57|11.32|10.75|1.16|1.16|88.05|5673.36|5054.43|21.81|
|五粮液|000858.SZ|2020-05-26|5737.4|5610.51|32.97|30.79|7|7|24.82|41.03|11.45|10.87|1.15|1.15|89.04|5737.4|5118.48|22.08|
|五粮液|000858.SZ|2020-05-25|5707.13|5580.9|32.8|30.63|6.96|6.96|24.69|40.81|11.39|10.82|1.16|1.16|88.58|5707.13|5088.2|21.95|
|五粮液|000858.SZ|2020-05-22|5599.22|5475.38|32.18|30.05|6.83|6.83|24.23|40.04|11.17|10.61|1.18|1.18|86.9|5599.22|4980.29|21.49|
|五粮液|000858.SZ|2020-05-21|5887.62|5757.41|33.83|31.6|7.18|7.18|25.47|42.1|11.75|11.16|1.12|1.12|91.38|5887.62|5268.7|22.73|
|五粮液|000858.SZ|2020-05-20|5855.41|5725.9|33.65|31.43|7.14|7.14|25.33|41.87|11.68|11.1|1.13|1.13|90.88|5855.41|5236.48|22.59|
|五粮液|000858.SZ|2020-05-19|5877.53|5747.54|33.77|31.55|7.17|7.17|25.43|42.03|11.73|11.14|1.12|1.12|91.22|5877.53|5258.6|22.69|
|五粮液|000858.SZ|2020-05-18|5868.6|5738.81|33.72|31.5|7.16|7.16|25.39|41.97|11.71|11.12|1.12|1.12|91.08|5868.6|5249.68|22.65|
|五粮液|000858.SZ|2020-05-15|5636.87|5512.2|32.39|30.25|6.87|6.87|24.39|40.31|11.25|10.68|1.17|1.17|87.48|5636.87|5017.94|21.65|
|五粮液|000858.SZ|2020-05-14|5678.79|5553.19|32.63|30.48|6.93|6.93|24.57|40.61|11.33|10.76|1.16|1.16|88.14|5678.79|5059.87|21.83|
|五粮液|000858.SZ|2020-05-13|5667.15|5541.81|32.57|30.42|6.91|6.91|24.52|40.53|11.31|10.74|1.16|1.16|87.95|5667.15|5048.22|21.78|
|五粮液|000858.SZ|2020-05-12|5546.82|5424.14|31.87|29.77|6.76|6.76|24|39.67|11.07|10.51|1.19|1.19|86.09|5546.82|4927.89|21.26|
|五粮液|000858.SZ|2020-05-11|5506.06|5384.28|31.64|29.55|6.72|6.72|23.82|39.37|10.99|10.43|1.2|1.2|85.45|5506.06|4887.13|21.08|
|五粮液|000858.SZ|2020-05-08|5546.82|5424.14|31.87|29.77|6.76|6.76|24|39.67|11.07|10.51|1.19|1.19|86.09|5546.82|4927.89|21.26|
|五粮液|000858.SZ|2020-05-07|5508.39|5386.56|31.65|29.57|6.72|6.72|23.83|39.39|10.99|10.44|1.2|1.2|85.49|5508.39|4889.46|21.09|
|五粮液|000858.SZ|2020-05-06|5364.77|5246.12|30.83|28.79|6.54|6.54|23.21|38.36|10.7|10.17|1.23|1.23|83.26|5364.77|4745.84|20.47|
|五粮液|000858.SZ|2020-04-30|5270.06|5153.5|30.28|28.29|6.43|6.43|22.8|37.69|10.52|9.99|1.25|1.25|81.79|5270.06|4651.13|20.07|
|五粮液|000858.SZ|2020-04-29|5259.58|5143.25|30.22|28.23|6.41|6.41|22.76|37.61|10.49|9.97|1.25|1.25|81.63|5259.58|4640.65|20.02|
|五粮液|000858.SZ|2020-04-28|5395.44|5276.1|31|28.96|6.58|6.58|23.34|38.58|10.77|10.23|1.22|1.22|83.74|5395.44|4776.51|20.61|
|五粮液|000858.SZ|2020-04-27|5150.89|5036.99|38.48|31.34|7.42|7.42|41.82|20.91|12.87|10.76|1.28|1.28|92.1|5150.89|4586.37|25.36|
|五粮液|000858.SZ|2020-04-24|5100.43|4987.64|38.11|31.04|7.35|7.35|41.41|20.71|12.74|10.65|1.29|1.29|91.2|5100.43|4535.91|25.08|
|五粮液|000858.SZ|2020-04-23|5088.4|4975.88|38.02|30.96|7.33|7.33|41.31|20.66|12.71|10.63|1.3|1.3|90.98|5088.4|4523.88|25.01|
|五粮液|000858.SZ|2020-04-22|5057.74|4945.89|37.79|30.78|7.28|7.28|41.06|20.53|12.63|10.56|1.3|1.3|90.44|5057.74|4493.21|24.84|
|五粮液|000858.SZ|2020-04-21|4909.07|4800.51|36.68|29.87|7.07|7.07|39.85|19.93|12.26|10.25|1.34|1.34|87.78|4909.07|4344.55|24.02|
|五粮液|000858.SZ|2020-04-20|5019.31|4908.31|37.5|30.54|7.23|7.23|40.75|20.38|12.54|10.48|1.31|1.31|89.75|5019.31|4454.78|24.63|
|五粮液|000858.SZ|2020-04-17|5000.29|4889.71|37.36|30.43|7.2|7.2|40.6|20.3|12.49|10.44|1.32|1.32|89.41|5000.29|4435.76|24.52|
|五粮液|000858.SZ|2020-04-16|4894.71|4786.47|36.57|29.79|7.05|7.05|39.74|19.87|12.23|10.22|1.35|1.35|87.52|4894.71|4330.18|23.94|
|五粮液|000858.SZ|2020-04-15|4964.96|4855.17|37.1|30.21|7.15|7.15|40.31|20.16|12.4|10.37|1.33|1.33|88.78|4964.96|4400.44|24.33|
|五粮液|000858.SZ|2020-04-14|4985.93|4875.67|37.25|30.34|7.18|7.18|40.48|20.24|12.46|10.41|1.32|1.32|89.15|4985.93|4421.4|24.44|
|五粮液|000858.SZ|2020-04-13|4852.01|4744.71|36.25|29.53|6.99|6.99|39.39|19.7|12.12|10.13|1.36|1.36|86.76|4852.01|4287.49|23.7|
|五粮液|000858.SZ|2020-04-10|4911.01|4802.41|36.69|29.88|7.07|7.07|39.87|19.94|12.27|10.26|1.34|1.34|87.81|4911.01|4346.49|24.03|
|五粮液|000858.SZ|2020-04-09|4851.23|4743.95|36.25|29.52|6.99|6.99|39.39|19.7|12.12|10.13|1.36|1.36|86.74|4851.23|4286.71|23.7|
|五粮液|000858.SZ|2020-04-08|4862.88|4755.34|36.33|29.59|7|7|39.48|19.74|12.15|10.16|1.36|1.36|86.95|4862.88|4298.35|23.76|
|五粮液|000858.SZ|2020-04-07|4818.63|4712.07|36|29.32|6.94|6.94|39.12|19.56|12.04|10.06|1.37|1.37|86.16|4818.63|4254.1|23.52|
|五粮液|000858.SZ|2020-04-03|4561.67|4460.79|34.08|27.76|6.57|6.57|37.03|18.52|11.4|9.53|1.45|1.45|81.57|4561.67|3997.14|22.1|
|五粮液|000858.SZ|2020-04-02|4548.86|4448.26|33.99|27.68|6.55|6.55|36.93|18.47|11.36|9.5|1.45|1.45|81.34|4548.86|3984.33|22.03|
|五粮液|000858.SZ|2020-04-01|4463.85|4365.14|33.35|27.16|6.43|6.43|36.24|18.12|11.15|9.32|1.48|1.48|79.82|4463.85|3899.33|21.56|
|五粮液|000858.SZ|2020-03-31|4471.61|4372.73|33.41|27.21|6.44|6.44|36.3|18.15|11.17|9.34|1.48|1.48|79.96|4471.61|3907.09|21.6|
|五粮液|000858.SZ|2020-03-30|4395.14|4297.95|32.84|26.75|6.33|6.33|35.68|17.84|10.98|9.18|1.5|1.5|78.59|4395.14|3830.62|21.18|
|五粮液|000858.SZ|2020-03-27|4495.29|4395.88|33.59|27.35|6.47|6.47|36.5|18.25|11.23|9.39|1.47|1.47|80.38|4495.29|3930.77|21.73|
|五粮液|000858.SZ|2020-03-26|4420.76|4323|33.03|26.9|6.37|6.37|35.89|17.95|11.04|9.23|1.49|1.49|79.05|4420.76|3856.24|21.32|
|五粮液|000858.SZ|2020-03-25|4425.03|4327.18|33.06|26.93|6.37|6.37|35.93|17.96|11.05|9.24|1.49|1.49|79.12|4425.03|3860.51|21.34|
|五粮液|000858.SZ|2020-03-24|4232.89|4139.29|31.63|25.76|6.1|6.1|34.37|17.18|10.57|8.84|1.56|1.56|75.69|4232.89|3668.37|20.28|
|五粮液|000858.SZ|2020-03-23|4056.67|3966.96|30.31|24.69|5.84|5.84|32.93|16.47|10.13|8.47|1.63|1.63|72.54|4056.67|3492.14|19.31|
|五粮液|000858.SZ|2020-03-20|4211.93|4118.79|31.47|25.63|6.07|6.07|34.2|17.1|10.52|8.8|1.57|1.57|75.31|4211.93|3647.41|20.16|
|五粮液|000858.SZ|2020-03-19|3963.51|3875.86|29.61|24.12|5.71|5.71|32.18|16.09|9.9|8.28|1.66|1.66|70.87|3963.51|3398.99|18.79|
|五粮液|000858.SZ|2020-03-18|4176.22|4083.87|31.2|25.41|6.01|6.01|33.91|16.95|10.43|8.72|1.58|1.58|74.67|4176.22|3611.7|19.97|
|五粮液|000858.SZ|2020-03-17|4361.37|4264.93|32.59|26.54|6.28|6.28|35.41|17.71|10.9|9.11|1.51|1.51|77.98|4361.37|3796.85|20.99|
|五粮液|000858.SZ|2020-03-16|4483.26|4384.12|33.5|27.28|6.46|6.46|36.4|18.2|11.2|9.36|1.47|1.47|80.16|4483.26|3918.73|21.66|
|五粮液|000858.SZ|2020-03-13|4758.85|4653.62|35.56|28.96|6.85|6.85|38.64|19.32|11.89|9.94|1.39|1.39|85.09|4758.85|4194.33|23.19|
|五粮液|000858.SZ|2020-03-12|4892.38|4784.19|36.55|29.77|7.05|7.05|39.72|19.86|12.22|10.22|1.35|1.35|87.48|4892.38|4327.86|23.93|
|五粮液|000858.SZ|2020-03-11|5042.21|4930.71|37.67|30.68|7.26|7.26|40.94|20.47|12.6|10.53|1.31|1.31|90.16|5042.21|4477.69|24.75|
|五粮液|000858.SZ|2020-03-10|5074.04|4961.83|37.91|30.88|7.31|7.31|41.19|20.6|12.68|10.6|1.3|1.3|90.73|5074.04|4509.51|24.93|
|五粮液|000858.SZ|2020-03-09|4902.47|4794.06|36.63|29.83|7.06|7.06|39.8|19.9|12.25|10.24|1.35|1.35|87.66|4902.47|4337.95|23.98|
|五粮液|000858.SZ|2020-03-06|5048.81|4937.16|37.72|30.72|7.27|7.27|40.99|20.5|12.61|10.54|1.31|1.31|90.28|5048.81|4484.28|24.79|
|五粮液|000858.SZ|2020-03-05|5170.3|5055.97|38.63|31.46|7.45|7.45|41.98|20.99|12.92|10.8|1.28|1.28|92.45|5170.3|4605.78|25.46|
|五粮液|000858.SZ|2020-03-04|4862.49|4754.96|36.33|29.59|7|7|39.48|19.74|12.15|10.16|1.36|1.36|86.95|4862.49|4297.97|23.76|
|五粮液|000858.SZ|2020-03-03|4827.56|4720.8|36.07|29.38|6.95|6.95|39.19|19.6|12.06|10.08|1.37|1.37|86.32|4827.56|4263.03|23.57|
|五粮液|000858.SZ|2020-03-02|4760.79|4655.51|35.57|28.97|6.86|6.86|38.65|19.33|11.89|9.94|1.39|1.39|85.13|4760.79|4196.27|23.2|
|五粮液|000858.SZ|2020-02-28|4681.22|4577.7|34.98|28.49|6.74|6.74|38.01|19|11.69|9.78|1.41|1.41|83.7|4681.22|4116.7|22.76|
|五粮液|000858.SZ|2020-02-27|4902.47|4794.06|36.63|29.83|7.06|7.06|39.8|19.9|12.25|10.24|1.35|1.35|87.66|4902.47|4337.95|23.98|
|五粮液|000858.SZ|2020-02-26|4817.08|4710.55|35.99|29.31|6.94|6.94|39.11|19.56|12.03|10.06|1.37|1.37|86.13|4817.08|4252.55|23.51|
|五粮液|000858.SZ|2020-02-25|4863.65|4756.1|36.34|29.6|7|7|39.49|19.75|12.15|10.16|1.36|1.36|86.97|4863.65|4299.13|23.77|
|五粮液|000858.SZ|2020-02-24|4933.52|4824.42|36.86|30.02|7.11|7.11|40.05|20.03|12.32|10.3|1.34|1.34|88.22|4933.52|4369|24.15|
|五粮液|000858.SZ|2020-02-21|5046.09|4934.5|37.7|30.71|7.27|7.27|40.97|20.49|12.61|10.54|1.31|1.31|90.23|5046.09|4481.57|24.78|
|五粮液|000858.SZ|2020-02-20|5051.91|4940.2|37.75|30.74|7.28|7.28|41.01|20.51|12.62|10.55|1.31|1.31|90.33|5051.91|4487.39|24.81|
|五粮液|000858.SZ|2020-02-19|4890.83|4782.67|36.54|29.76|7.04|7.04|39.71|19.86|12.22|10.21|1.35|1.35|87.45|4890.83|4326.3|23.92|
|五粮液|000858.SZ|2020-02-18|4789.52|4683.6|35.78|29.15|6.9|6.9|38.88|19.44|11.96|10|1.38|1.38|85.64|4789.52|4224.99|23.36|
|五粮液|000858.SZ|2020-02-17|4824.84|4718.14|36.05|29.36|6.95|6.95|39.17|19.59|12.05|10.08|1.37|1.37|86.27|4824.84|4260.32|23.55|
|五粮液|000858.SZ|2020-02-14|4791.07|4685.12|35.8|29.15|6.9|6.9|38.9|19.45|11.97|10.01|1.38|1.38|85.67|4791.07|4226.55|23.37|
|五粮液|000858.SZ|2020-02-13|4818.63|4712.07|36|29.32|6.94|6.94|39.12|19.56|12.04|10.06|1.37|1.37|86.16|4818.63|4254.1|23.52|
|五粮液|000858.SZ|2020-02-12|4832.21|4725.36|36.1|29.4|6.96|6.96|39.23|19.62|12.07|10.09|1.37|1.37|86.4|4832.21|4267.69|23.59|
|五粮液|000858.SZ|2020-02-11|4843.86|4736.74|36.19|29.48|6.98|6.98|39.33|19.67|12.1|10.12|1.36|1.36|86.61|4843.86|4279.33|23.66|
|五粮液|000858.SZ|2020-02-10|4701.79|4597.82|35.13|28.61|6.77|6.77|38.17|19.09|11.75|9.82|1.4|1.4|84.07|4701.79|4137.27|22.87|
|五粮液|000858.SZ|2020-02-07|4680.44|4576.94|34.97|28.48|6.74|6.74|38|19|11.69|9.78|1.41|1.41|83.69|4680.44|4115.92|22.75|
|五粮液|000858.SZ|2020-02-06|4624.94|4522.66|34.56|28.14|6.66|6.66|37.55|18.78|11.55|9.66|1.43|1.43|82.7|4624.94|4060.41|22.45|
|五粮液|000858.SZ|2020-02-05|4561.28|4460.41|34.08|27.76|6.57|6.57|37.03|18.52|11.39|9.53|1.45|1.45|81.56|4561.28|3996.75|22.1|
|五粮液|000858.SZ|2020-02-04|4444.44|4346.16|33.21|27.05|6.4|6.4|36.08|18.04|11.1|9.28|1.48|1.48|79.47|4444.44|3879.92|21.45|
|五粮液|000858.SZ|2020-02-03|4407.18|4309.72|32.93|26.82|6.35|6.35|35.78|17.89|11.01|9.2|1.5|1.5|78.8|4407.18|3842.65|21.24|
|五粮液|000858.SZ|2020-01-23|4897.04|4788.74|36.59|29.8|7.05|7.05|39.76|19.88|12.23|10.23|1.35|1.35|87.56|4897.04|4332.51|23.95|
|五粮液|000858.SZ|2020-01-22|5112.08|4999.03|38.19|31.11|7.36|7.36|41.5|20.75|12.77|10.68|1.29|1.29|91.41|5112.08|4547.55|25.14|
|五粮液|000858.SZ|2020-01-21|5147.79|5033.95|38.46|31.33|7.41|7.41|41.79|20.9|12.86|10.75|1.28|1.28|92.05|5147.79|4583.26|25.34|
|五粮液|000858.SZ|2020-01-20|5339.54|5221.46|39.89|32.49|7.69|7.69|43.35|21.68|13.34|11.15|1.24|1.24|95.48|5339.54|4775.02|26.4|
|五粮液|000858.SZ|2020-01-17|5377.97|5259.04|40.18|32.73|7.75|7.75|43.66|21.83|13.43|11.23|1.23|1.23|96.16|5377.97|4813.44|26.61|
|五粮液|000858.SZ|2020-01-16|5459.87|5339.13|40.79|33.22|7.86|7.86|44.33|22.17|13.64|11.4|1.21|1.21|97.63|5459.87|4895.35|27.06|
|五粮液|000858.SZ|2020-01-15|5465.3|5344.45|40.83|33.26|7.87|7.87|44.37|22.19|13.65|11.41|1.21|1.21|97.72|5465.3|4900.78|27.09|
|五粮液|000858.SZ|2020-01-14|5378.36|5259.42|40.18|32.73|7.75|7.75|43.66|21.84|13.44|11.23|1.23|1.23|96.17|5378.36|4813.83|26.61|
|五粮液|000858.SZ|2020-01-13|5421.05|5301.17|40.5|32.99|7.81|7.81|44.01|22.01|13.54|11.32|1.22|1.22|96.93|5421.05|4856.53|26.85|
|五粮液|000858.SZ|2020-01-10|5186.6|5071.91|38.75|31.56|7.47|7.47|42.11|21.06|12.96|10.83|1.27|1.27|92.74|5186.6|4622.08|25.55|
|五粮液|000858.SZ|2020-01-09|5075.98|4963.73|37.92|30.89|7.31|7.31|41.21|20.61|12.68|10.6|1.3|1.3|90.76|5075.98|4511.46|24.94|
|五粮液|000858.SZ|2020-01-08|5003|4892.37|37.38|30.44|7.21|7.21|40.62|20.31|12.5|10.45|1.32|1.32|89.46|5003|4438.48|24.54|
|五粮液|000858.SZ|2020-01-07|5021.64|4910.59|37.52|30.56|7.23|7.23|40.77|20.39|12.54|10.49|1.31|1.31|89.79|5021.64|4457.11|24.64|
|五粮液|000858.SZ|2020-01-06|5015.04|4904.14|37.47|30.52|7.22|7.22|40.72|20.36|12.53|10.47|1.32|1.32|89.67|5015.04|4450.51|24.6|
|五粮液|000858.SZ|2020-01-03|5067.44|4955.38|37.86|30.84|7.3|7.3|41.14|20.57|12.66|10.58|1.3|1.3|90.61|5067.44|4502.92|24.89|
|五粮液|000858.SZ|2020-01-02|5126.83|5013.45|38.3|31.2|7.38|7.38|41.62|20.81|12.81|10.71|1.29|1.29|91.67|5126.83|4562.3|25.22|
|五粮液|000858.SZ|2019-12-31|5162.93|5048.75|38.57|31.42|7.44|7.44|41.92|20.96|12.9|10.78|0.98|1.28|92.32|5162.93|4598.4|25.42|
|五粮液|000858.SZ|2019-12-30|5155.55|5041.54|38.52|31.37|7.43|7.43|41.86|20.93|12.88|10.77|0.98|1.28|92.19|5155.55|4591.03|25.38|
|五粮液|000858.SZ|2019-12-27|5007.27|4896.54|37.41|30.47|7.21|7.21|40.65|20.33|12.51|10.46|1.01|1.32|89.53|5007.27|4442.75|24.56|
|五粮液|000858.SZ|2019-12-26|4974.28|4864.28|37.17|30.27|7.16|7.16|40.38|20.19|12.43|10.39|1.01|1.33|88.94|4974.28|4409.76|24.38|
|五粮液|000858.SZ|2019-12-25|4972.34|4862.38|37.15|30.26|7.16|7.16|40.37|20.19|12.42|10.38|1.01|1.33|88.91|4972.34|4407.82|24.37|
|五粮液|000858.SZ|2019-12-24|4995.63|4885.16|37.32|30.4|7.2|7.2|40.56|20.28|12.48|10.43|1.01|1.32|89.33|4995.63|4431.11|24.5|
|五粮液|000858.SZ|2019-12-23|4973.89|4863.9|37.16|30.27|7.16|7.16|40.38|20.19|12.43|10.39|1.01|1.33|88.94|4973.89|4409.37|24.38|
|五粮液|000858.SZ|2019-12-20|5011.16|4900.34|37.44|30.49|7.22|7.22|40.68|20.34|12.52|10.47|1.01|1.32|89.6|5011.16|4446.63|24.58|
|五粮液|000858.SZ|2019-12-19|5040.66|4929.19|37.66|30.67|7.26|7.26|40.92|20.46|12.59|10.53|1|1.31|90.13|5040.66|4476.13|24.75|
|五粮液|000858.SZ|2019-12-18|5082.58|4970.18|37.97|30.93|7.32|7.32|41.26|20.63|12.7|10.61|0.99|1.3|90.88|5082.58|4518.05|24.98|
|五粮液|000858.SZ|2019-12-17|5055.79|4943.99|37.77|30.77|7.28|7.28|41.05|20.53|12.63|10.56|1|1.31|90.4|5055.79|4491.27|24.83|
|五粮液|000858.SZ|2019-12-16|5000.68|4890.09|37.36|30.43|7.2|7.2|40.6|20.3|12.49|10.44|1.01|1.32|89.42|5000.68|4436.15|24.52|
|五粮液|000858.SZ|2019-12-13|5027.46|4916.28|37.56|30.59|7.24|7.24|40.82|20.41|12.56|10.5|1|1.31|89.9|5027.46|4462.93|24.67|
|五粮液|000858.SZ|2019-12-12|4959.92|4850.24|37.06|30.18|7.14|7.14|40.27|20.14|12.39|10.36|1.02|1.33|88.69|4959.92|4395.39|24.3|
|五粮液|000858.SZ|2019-12-11|5000.29|4889.71|37.36|30.43|7.2|7.2|40.6|20.3|12.49|10.44|1.01|1.32|89.41|5000.29|4435.76|24.52|
|五粮液|000858.SZ|2019-12-10|5079.47|4967.15|37.95|30.91|7.32|7.32|41.24|20.62|12.69|10.61|0.99|1.3|90.83|5079.47|4514.95|24.96|
|五粮液|000858.SZ|2019-12-09|5065.11|4953.1|37.84|30.82|7.3|7.3|41.12|20.56|12.65|10.58|1|1.3|90.57|5065.11|4500.59|24.88|
|五粮液|000858.SZ|2019-12-06|5084.13|4971.7|37.99|30.94|7.32|7.32|41.28|20.64|12.7|10.62|0.99|1.3|90.91|5084.13|4519.61|24.99|
|五粮液|000858.SZ|2019-12-05|4974.67|4864.66|37.17|30.27|7.16|7.16|40.39|20.2|12.43|10.39|1.01|1.33|88.95|4974.67|4410.15|24.38|
|五粮液|000858.SZ|2019-12-04|4985.93|4875.67|37.25|30.34|7.18|7.18|40.48|20.24|12.46|10.41|1.01|1.32|89.15|4985.93|4421.4|24.44|
|五粮液|000858.SZ|2019-12-03|4892.38|4784.19|36.55|29.77|7.05|7.05|39.72|19.86|12.22|10.22|1.03|1.35|87.48|4892.38|4327.86|23.93|
|五粮液|000858.SZ|2019-12-02|4929.64|4820.63|36.83|30|7.1|7.1|40.02|20.01|12.31|10.3|1.02|1.34|88.15|4929.64|4365.12|24.13|
|五粮液|000858.SZ|2019-11-29|4950.99|4841.51|36.99|30.13|7.13|7.13|40.2|20.1|12.37|10.34|1.02|1.33|88.53|4950.99|4386.47|24.25|
|五粮液|000858.SZ|2019-11-28|5077.53|4965.25|37.94|30.9|7.31|7.31|41.22|20.61|12.68|10.6|0.99|1.3|90.79|5077.53|4513.01|24.95|
|五粮液|000858.SZ|2019-11-27|5103.93|4991.06|38.13|31.06|7.35|7.35|41.44|20.72|12.75|10.66|0.99|1.29|91.26|5103.93|4539.4|25.1|
|五粮液|000858.SZ|2019-11-26|5074.04|4961.83|37.91|30.88|7.31|7.31|41.19|20.6|12.68|10.6|0.99|1.3|90.73|5074.04|4509.51|24.93|
|五粮液|000858.SZ|2019-11-25|4995.63|4885.16|37.32|30.4|7.2|7.2|40.56|20.28|12.48|10.43|1.01|1.32|89.33|4995.63|4431.11|24.5|
|五粮液|000858.SZ|2019-11-22|5006.11|4895.41|37.4|30.46|7.21|7.21|40.64|20.32|12.51|10.46|1.01|1.32|89.51|5006.11|4441.59|24.55|
|五粮液|000858.SZ|2019-11-21|5188.16|5073.43|38.76|31.57|7.47|7.47|42.12|21.06|12.96|10.84|0.97|1.27|92.77|5188.16|4623.63|25.56|
|五粮液|000858.SZ|2019-11-20|5201.35|5086.33|38.86|31.65|7.49|7.49|42.23|21.12|12.99|10.86|0.97|1.27|93|5201.35|4636.83|25.63|
|五粮液|000858.SZ|2019-11-19|5181.95|5067.35|38.72|31.53|7.46|7.46|42.07|21.04|12.95|10.82|0.97|1.27|92.66|5181.95|4617.42|25.53|
|五粮液|000858.SZ|2019-11-18|5162.54|5048.38|38.57|31.41|7.44|7.44|41.91|20.96|12.9|10.78|0.98|1.28|92.31|5162.54|4598.01|25.42|
|五粮液|000858.SZ|2019-11-15|5175.35|5060.9|38.67|31.49|7.45|7.45|42.02|21.01|12.93|10.81|0.97|1.27|92.54|5175.35|4610.82|25.49|
|五粮液|000858.SZ|2019-11-14|5222.7|5107.21|39.02|31.78|7.52|7.52|42.4|21.2|13.05|10.91|0.97|1.26|93.39|5222.7|4658.18|25.75|
|五粮液|000858.SZ|2019-11-13|5225.42|5109.87|39.04|31.8|7.53|7.53|42.42|21.21|13.05|10.91|0.97|1.26|93.43|5225.42|4660.9|25.77|
|五粮液|000858.SZ|2019-11-12|5176.9|5062.42|38.68|31.5|7.46|7.46|42.03|21.02|12.93|10.81|0.97|1.27|92.57|5176.9|4612.38|25.5|
|五粮液|000858.SZ|2019-11-11|5151.67|5037.75|38.49|31.35|7.42|7.42|41.82|20.91|12.87|10.76|0.98|1.28|92.12|5151.67|4587.15|25.36|
|五粮液|000858.SZ|2019-11-08|5224.26|5108.73|39.03|31.79|7.52|7.52|42.41|21.21|13.05|10.91|0.97|1.26|93.41|5224.26|4659.73|25.76|
|五粮液|000858.SZ|2019-11-07|5169.14|5054.83|38.62|31.46|7.44|7.44|41.97|20.99|12.91|10.8|0.98|1.28|92.43|5169.14|4604.61|25.46|
|五粮液|000858.SZ|2019-11-06|5148.18|5034.33|38.46|31.33|7.41|7.41|41.8|20.9|12.86|10.75|0.98|1.28|92.05|5148.18|4583.65|25.34|
|五粮液|000858.SZ|2019-11-05|5212.22|5096.96|38.94|31.72|7.51|7.51|42.32|21.16|13.02|10.89|0.97|1.27|93.2|5212.22|4647.7|25.69|
|五粮液|000858.SZ|2019-11-04|5200.97|5085.95|38.86|31.65|7.49|7.49|42.22|21.11|12.99|10.86|0.97|1.27|93|5200.97|4636.44|25.63|
|五粮液|000858.SZ|2019-11-01|5189.71|5074.95|38.77|31.58|7.47|7.47|42.13|21.07|12.96|10.84|0.97|1.27|92.8|5189.71|4625.19|25.57|
|五粮液|000858.SZ|2019-10-31|5126.83|5013.45|38.3|31.2|7.38|7.38|41.62|20.81|12.81|10.71|0.98|1.29|91.67|5126.83|4562.3|25.22|
|五粮液|000858.SZ|2019-10-30|5082.97|4970.56|37.98|32.56|7.68|7.68|41.27|25.31|12.7|11.11|0.99|1.3|104.5|5082.97|4584.05|25.34|
|五粮液|000858.SZ|2019-10-29|5104.31|4991.44|38.14|32.7|7.71|7.71|41.44|25.41|12.75|11.15|0.99|1.29|104.94|5104.31|4605.4|25.46|
|五粮液|000858.SZ|2019-10-28|5048.03|4936.4|37.72|32.34|7.62|7.62|40.98|25.13|12.61|11.03|1|1.31|103.78|5048.03|4549.11|25.15|
|五粮液|000858.SZ|2019-10-25|4976.22|4866.18|37.18|31.88|7.51|7.51|40.4|24.77|12.43|10.87|1.01|1.33|102.31|4976.22|4477.3|24.75|
|五粮液|000858.SZ|2019-10-24|4833.77|4726.87|36.12|30.97|7.3|7.3|39.24|24.06|12.08|10.56|1.04|1.37|99.38|4833.77|4334.85|23.96|
|五粮液|000858.SZ|2019-10-23|4942.06|4832.78|36.92|31.66|7.46|7.46|40.12|24.6|12.35|10.8|1.02|1.34|101.6|4942.06|4443.14|24.56|
|五粮液|000858.SZ|2019-10-22|5007.27|4896.54|37.41|32.08|7.56|7.56|40.65|24.93|12.51|10.94|1.01|1.32|102.94|5007.27|4508.36|24.92|
|五粮液|000858.SZ|2019-10-21|4973.12|4863.14|37.16|31.86|7.51|7.51|40.37|24.76|12.42|10.87|1.01|1.33|102.24|4973.12|4474.2|24.74|
|五粮液|000858.SZ|2019-10-18|4941.29|4832.02|36.92|31.66|7.46|7.46|40.12|24.6|12.34|10.8|1.02|1.34|101.59|4941.29|4442.37|24.56|
|五粮液|000858.SZ|2019-10-17|5057.74|4945.89|37.79|32.4|7.64|7.64|41.06|25.18|12.63|11.05|1|1.3|103.98|5057.74|4558.82|25.2|
|五粮液|000858.SZ|2019-10-16|5051.14|4939.44|37.74|32.36|7.63|7.63|41.01|25.15|12.62|11.04|1|1.31|103.85|5051.14|4552.22|25.17|
|五粮液|000858.SZ|2019-10-15|5150.51|5036.61|38.48|33|7.78|7.78|41.81|25.64|12.87|11.26|0.98|1.28|105.89|5150.51|4651.59|25.72|
|五粮液|000858.SZ|2019-10-14|5079.47|4967.15|37.95|32.54|7.67|7.67|41.24|25.29|12.69|11.1|0.99|1.3|104.43|5079.47|4580.55|25.32|
|五粮液|000858.SZ|2019-10-11|5094.61|4981.95|38.06|32.64|7.69|7.69|41.36|25.36|12.73|11.13|0.99|1.3|104.74|5094.61|4595.69|25.41|
|五粮液|000858.SZ|2019-10-10|5084.52|4972.08|37.99|32.57|7.68|7.68|41.28|25.31|12.7|11.11|0.99|1.3|104.53|5084.52|4585.6|25.35|
|五粮液|000858.SZ|2019-10-09|5116.35|5003.21|38.23|32.78|7.73|7.73|41.54|25.47|12.78|11.18|0.99|1.29|105.19|5116.35|4617.43|25.53|
|五粮液|000858.SZ|2019-10-08|5153.22|5039.27|38.5|33.01|7.78|7.78|41.84|25.66|12.87|11.26|0.98|1.28|105.95|5153.22|4654.3|25.73|
|五粮液|000858.SZ|2019-09-30|5038.33|4926.91|37.64|32.28|7.61|7.61|40.9|25.08|12.59|11.01|1|1.31|103.58|5038.33|4539.41|25.1|
|五粮液|000858.SZ|2019-09-27|5193.59|5078.74|38.8|33.27|7.84|7.84|42.16|25.86|12.97|11.35|0.97|1.27|106.78|5193.59|4694.67|25.95|
|五粮液|000858.SZ|2019-09-26|5205.24|5090.13|38.89|33.35|7.86|7.86|42.26|25.91|13|11.38|0.97|1.27|107.01|5205.24|4706.32|26.02|
|五粮液|000858.SZ|2019-09-25|5299.95|5182.75|39.6|33.95|8|8|43.03|26.39|13.24|11.58|0.95|1.25|108.96|5299.95|4801.03|26.54|
|五粮液|000858.SZ|2019-09-24|5298.78|5181.61|39.59|33.95|8|8|43.02|26.38|13.24|11.58|0.95|1.25|108.94|5298.78|4799.86|26.54|
|五粮液|000858.SZ|2019-09-23|5234.35|5118.6|39.11|33.53|7.9|7.9|42.5|26.06|13.08|11.44|0.96|1.26|107.61|5234.35|4735.43|26.18|
|五粮液|000858.SZ|2019-09-20|5311.59|5194.13|39.69|34.03|8.02|8.02|43.12|26.44|13.27|11.61|0.95|1.24|109.2|5311.59|4812.67|26.61|
|五粮液|000858.SZ|2019-09-19|5237.07|5121.25|39.13|33.55|7.91|7.91|42.52|26.07|13.08|11.44|0.96|1.26|107.67|5237.07|4738.15|26.19|
|五粮液|000858.SZ|2019-09-18|5261.91|5145.55|39.31|33.71|7.95|7.95|42.72|26.2|13.14|11.5|0.96|1.25|108.18|5261.91|4762.99|26.33|
|五粮液|000858.SZ|2019-09-17|5105.87|4992.96|38.15|32.71|7.71|7.71|41.45|25.42|12.76|11.16|0.99|1.29|104.97|5105.87|4606.95|25.47|
|五粮液|000858.SZ|2019-09-16|5081.8|4969.42|37.97|32.56|7.67|7.67|41.26|25.3|12.69|11.11|0.99|1.3|104.48|5081.8|4582.88|25.34|
|五粮液|000858.SZ|2019-09-12|5106.26|4993.34|38.15|32.71|7.71|7.71|41.46|25.42|12.76|11.16|0.99|1.29|104.98|5106.26|4607.34|25.47|
|五粮液|000858.SZ|2019-09-11|5017.37|4906.41|37.49|32.14|7.58|7.58|40.73|24.98|12.53|10.96|1.01|1.32|103.15|5017.37|4518.45|24.98|
|五粮液|000858.SZ|2019-09-10|5327.51|5209.7|39.8|34.13|8.04|8.04|43.25|26.52|13.31|11.64|0.95|1.24|109.53|5327.51|4828.59|26.69|
|五粮液|000858.SZ|2019-09-09|5403.2|5283.71|40.37|34.61|8.16|8.16|43.87|26.9|13.5|11.81|0.93|1.22|111.08|5403.2|4904.28|27.11|
|五粮液|000858.SZ|2019-09-06|5434.64|5314.46|40.6|34.82|8.21|8.21|44.12|27.06|13.58|11.88|0.93|1.21|111.73|5434.64|4935.72|27.29|
|五粮液|000858.SZ|2019-09-05|5391.55|5272.33|40.28|34.54|8.14|8.14|43.77|26.84|13.47|11.78|0.94|1.22|110.85|5391.55|4892.63|27.05|
|五粮液|000858.SZ|2019-09-04|5368.65|5249.93|40.11|34.39|8.11|8.11|43.59|26.73|13.41|11.73|0.94|1.23|110.37|5368.65|4869.73|26.92|
|五粮液|000858.SZ|2019-09-03|5492.48|5371.02|41.04|35.19|8.29|8.29|44.59|27.34|13.72|12|0.92|1.2|112.92|5492.48|4993.56|27.61|
|五粮液|000858.SZ|2019-09-02|5507.61|5385.82|41.15|35.28|8.32|8.32|44.71|27.42|13.76|12.04|0.92|1.2|113.23|5507.61|5008.69|27.69|
|五粮液|000858.SZ|2019-08-30|5492.48|5371.01|41.04|36.89|7.85|8.67|44.59|30.78|13.72|12.56|0.92|1.2|129.91|5492.48|4924.56|27.23|
|五粮液|000858.SZ|2019-08-29|5317.8|5200.2|39.73|35.72|7.6|8.39|43.17|29.8|13.28|12.16|0.95|1.24|125.78|5317.8|4749.88|26.26|
|五粮液|000858.SZ|2019-08-28|5198.25|5083.29|38.84|34.91|7.43|8.2|42.2|29.13|12.99|11.89|0.97|1.27|122.95|5198.25|4630.33|25.6|
|五粮液|000858.SZ|2019-08-27|5138.47|5024.84|38.39|34.51|7.34|8.11|41.72|28.79|12.84|11.75|0.98|1.28|121.54|5138.47|4570.55|25.27|
|五粮液|000858.SZ|2019-08-26|4945.94|4836.57|36.95|33.22|7.07|7.81|40.15|27.71|12.36|11.31|1.02|1.33|116.98|4945.94|4378.03|24.2|
|五粮液|000858.SZ|2019-08-23|5049.97|4938.29|37.73|33.92|7.22|7.97|41|28.3|12.62|11.55|1|1.31|119.44|5049.97|4482.05|24.78|
|五粮液|000858.SZ|2019-08-22|5065.5|4953.48|37.85|34.02|7.24|7.99|41.12|28.38|12.65|11.59|1|1.3|119.81|5065.5|4497.58|24.86|
|五粮液|000858.SZ|2019-08-21|4962.64|4852.89|37.08|33.33|7.09|7.83|40.29|27.81|12.4|11.35|1.02|1.33|117.38|4962.64|4394.72|24.3|
|五粮液|000858.SZ|2019-08-20|5030.18|4918.94|37.58|33.79|7.19|7.94|40.84|28.19|12.57|11.5|1|1.31|118.98|5030.18|4462.26|24.67|
|五粮液|000858.SZ|2019-08-19|4964.58|4854.79|37.09|33.35|7.1|7.84|40.31|27.82|12.4|11.35|1.02|1.33|117.42|4964.58|4396.66|24.31|
|五粮液|000858.SZ|2019-08-16|4902.47|4794.06|36.63|32.93|7.01|7.74|39.8|27.47|12.25|11.21|1.03|1.35|115.96|4902.47|4334.55|23.96|
|五粮液|000858.SZ|2019-08-15|4890.05|4781.91|36.54|32.84|6.99|7.72|39.7|27.4|12.22|11.18|1.03|1.35|115.66|4890.05|4322.13|23.89|
|五粮液|000858.SZ|2019-08-14|4885|4776.97|36.5|32.81|6.98|7.71|39.66|27.37|12.2|11.17|1.03|1.35|115.54|4885|4317.08|23.87|
|五粮液|000858.SZ|2019-08-13|4747.21|4642.22|35.47|31.89|6.79|7.49|38.54|26.6|11.86|10.86|1.06|1.39|112.28|4747.21|4179.29|23.1|
|五粮液|000858.SZ|2019-08-12|4768.17|4662.72|35.63|32.03|6.82|7.53|38.71|26.72|11.91|10.91|1.06|1.38|112.78|4768.17|4200.25|23.22|
|五粮液|000858.SZ|2019-08-09|4581.07|4479.77|34.23|30.77|6.55|7.23|37.19|25.67|11.44|10.48|1.1|1.44|108.35|4581.07|4013.15|22.19|
|五粮液|000858.SZ|2019-08-08|4678.11|4574.66|34.95|31.42|6.69|7.38|37.98|26.21|11.69|10.7|1.08|1.41|110.65|4678.11|4110.2|22.72|
|五粮液|000858.SZ|2019-08-07|4614.46|4512.41|34.48|30.99|6.6|7.28|37.46|25.86|11.53|10.55|1.09|1.43|109.14|4614.46|4046.54|22.37|
|五粮液|000858.SZ|2019-08-06|4707.61|4603.51|35.17|31.62|6.73|7.43|38.22|26.38|11.76|10.77|1.07|1.4|111.35|4707.61|4139.7|22.89|
|五粮液|000858.SZ|2019-08-05|4539.54|4439.15|33.92|30.49|6.49|7.16|36.85|25.44|11.34|10.38|1.11|1.45|107.37|4539.54|3971.62|21.96|
|五粮液|000858.SZ|2019-08-02|4584.96|4483.56|34.26|30.8|6.55|7.24|37.22|25.69|11.45|10.49|1.1|1.44|108.45|4584.96|4017.04|22.21|
|五粮液|000858.SZ|2019-08-01|4620.28|4518.1|34.52|31.03|6.6|7.29|37.51|25.89|11.54|10.57|1.09|1.43|109.28|4620.28|4052.36|22.4|
|五粮液|000858.SZ|2019-07-31|4685.49|4581.87|35.01|31.47|6.7|7.39|38.04|26.26|11.7|10.72|1.08|1.41|110.82|4685.49|4117.57|22.76|
|五粮液|000858.SZ|2019-07-30|4770.5|4665|35.64|32.04|6.82|7.53|38.73|26.73|11.92|10.91|1.06|1.38|112.83|4770.5|4202.58|23.23|
|五粮液|000858.SZ|2019-07-29|4803.49|4697.26|35.89|32.26|6.87|7.58|39|26.92|12|10.99|1.05|1.37|113.61|4803.49|4235.57|23.42|
|五粮液|000858.SZ|2019-07-26|4706.45|4602.37|35.16|31.61|6.73|7.43|38.21|26.37|11.76|10.76|1.07|1.4|111.32|4706.45|4138.53|22.88|
|五粮液|000858.SZ|2019-07-25|4723.14|4618.69|35.29|31.72|6.75|7.45|38.35|26.47|11.8|10.8|1.07|1.4|111.71|4723.14|4155.22|22.97|
|五粮液|000858.SZ|2019-07-24|4638.52|4535.94|34.66|31.16|6.63|7.32|37.66|25.99|11.59|10.61|1.09|1.42|109.71|4638.52|4070.6|22.5|
|五粮液|000858.SZ|2019-07-23|4659.87|4556.82|34.82|31.3|6.66|7.35|37.83|26.11|11.64|10.66|1.08|1.42|110.22|4659.87|4091.95|22.62|
|五粮液|000858.SZ|2019-07-22|4791.85|4685.88|35.8|32.19|6.85|7.56|38.9|26.85|11.97|10.96|1.05|1.38|113.34|4791.85|4223.93|23.35|
|五粮液|000858.SZ|2019-07-19|4741|4636.15|35.42|31.84|6.78|7.48|38.49|26.57|11.84|10.84|1.06|1.39|112.14|4741|4173.08|23.07|
|五粮液|000858.SZ|2019-07-18|4696.75|4592.88|35.09|31.55|6.71|7.41|38.13|26.32|11.73|10.74|1.07|1.41|111.09|4696.75|4128.83|22.83|
|五粮液|000858.SZ|2019-07-17|4797.67|4691.57|35.85|32.22|6.86|7.57|38.95|26.88|11.99|10.97|1.05|1.38|113.48|4797.67|4229.75|23.38|
|五粮液|000858.SZ|2019-07-16|4796.89|4690.81|35.84|32.22|6.86|7.57|38.94|26.88|11.98|10.97|1.05|1.38|113.46|4796.89|4228.97|23.38|
|五粮液|000858.SZ|2019-07-15|4855.5|4748.13|36.28|32.61|6.94|7.66|39.42|27.21|12.13|11.11|1.04|1.36|114.84|4855.5|4287.58|23.7|
|五粮液|000858.SZ|2019-07-12|4874.52|4766.73|36.42|32.74|6.97|7.69|39.57|27.31|12.18|11.15|1.04|1.35|115.29|4874.52|4306.6|23.81|
|五粮液|000858.SZ|2019-07-11|4793.79|4687.77|35.82|32.2|6.85|7.57|38.92|26.86|11.98|10.96|1.05|1.38|113.39|4793.79|4225.87|23.36|
|五粮液|000858.SZ|2019-07-10|4907.52|4798.99|36.67|32.96|7.01|7.75|39.84|27.5|12.26|11.22|1.03|1.34|116.08|4907.52|4339.6|23.99|
|五粮液|000858.SZ|2019-07-09|4890.83|4782.67|36.54|32.85|6.99|7.72|39.71|27.41|12.22|11.19|1.03|1.35|115.68|4890.83|4322.91|23.9|
|五粮液|000858.SZ|2019-07-08|4930.81|4821.76|36.84|33.12|7.05|7.78|40.03|27.63|12.32|11.28|1.02|1.34|116.63|4930.81|4362.89|24.12|
|五粮液|000858.SZ|2019-07-05|5038.72|4927.29|37.65|33.84|7.2|7.95|40.91|28.23|12.59|11.52|1|1.31|119.18|5038.72|4470.8|24.72|
|五粮液|000858.SZ|2019-07-04|4777.87|4672.21|35.7|32.09|6.83|7.54|38.79|26.77|11.94|10.93|1.06|1.38|113.01|4777.87|4209.95|23.27|
|五粮液|000858.SZ|2019-07-03|4809.7|4703.34|35.94|32.31|6.87|7.59|39.05|26.95|12.02|11|1.05|1.37|113.76|4809.7|4241.78|23.45|
|五粮液|000858.SZ|2019-07-02|4968.46|4858.58|37.12|33.37|7.1|7.84|40.34|27.84|12.41|11.36|1.02|1.33|117.52|4968.46|4400.54|24.33|
|五粮液|000858.SZ|2019-07-01|4890.83|4782.67|36.54|32.85|6.99|7.72|39.71|27.41|12.22|11.19|1.03|1.35|115.68|4890.83|4322.91|23.9|
|五粮液|000858.SZ|2019-06-28|4578.36|4477.11|34.21|30.75|6.54|7.23|37.17|25.65|11.44|10.47|1.1|1.44|108.29|4578.36|4010.44|22.17|
|五粮液|000858.SZ|2019-06-27|4553.13|4452.44|34.02|30.58|6.51|7.19|36.97|25.51|11.37|10.41|1.11|1.45|107.69|4553.13|3985.21|22.03|
|五粮液|000858.SZ|2019-06-26|4418.05|4320.34|33.01|29.67|6.31|6.97|35.87|24.76|11.04|10.1|1.14|1.49|104.5|4418.05|3850.13|21.29|
|五粮液|000858.SZ|2019-06-25|4459.97|4361.34|33.32|29.96|6.37|7.04|36.21|24.99|11.14|10.2|1.13|1.48|105.49|4459.97|3892.05|21.52|
|五粮液|000858.SZ|2019-06-24|4466.18|4367.41|33.37|30|6.38|7.05|36.26|25.03|11.16|10.21|1.13|1.48|105.64|4466.18|3898.26|21.55|
|五粮液|000858.SZ|2019-06-21|4385.44|4288.46|32.77|29.46|6.27|6.92|35.6|24.57|10.96|10.03|1.15|1.5|103.73|4385.44|3817.52|21.1|
|五粮液|000858.SZ|2019-06-20|4385.05|4288.08|32.76|29.45|6.27|6.92|35.6|24.57|10.95|10.03|1.15|1.5|103.72|4385.05|3817.13|21.1|
|五粮液|000858.SZ|2019-06-19|4110.62|4019.72|30.71|27.61|5.88|6.49|33.37|23.03|10.27|9.4|1.23|1.61|97.23|4110.62|3542.7|19.59|
|五粮液|000858.SZ|2019-06-18|4039.98|3950.64|30.18|27.14|5.77|6.38|32.8|22.64|10.09|9.24|1.25|1.63|95.56|4039.98|3472.06|19.2|
|五粮液|000858.SZ|2019-06-17|4025.23|3936.21|30.07|27.04|5.75|6.35|32.68|22.56|10.06|9.21|1.25|1.64|95.21|4025.23|3457.31|19.11|
|五粮液|000858.SZ|2019-06-14|4074.14|3984.04|30.44|27.36|5.82|6.43|33.08|22.83|10.18|9.32|1.24|1.62|96.36|4074.14|3506.22|19.38|
|五粮液|000858.SZ|2019-06-13|4145.56|4053.88|30.97|27.84|5.93|6.54|33.66|23.23|10.36|9.48|1.22|1.59|98.05|4145.56|3577.64|19.78|
|五粮液|000858.SZ|2019-06-12|4177|4084.63|31.21|28.06|5.97|6.59|33.91|23.41|10.43|9.55|1.21|1.58|98.8|4177|3609.08|19.95|
|五粮液|000858.SZ|2019-06-11|4229.01|4135.49|31.6|28.4|6.04|6.67|34.33|23.7|10.56|9.67|1.19|1.56|100.03|4229.01|3661.09|20.24|
|五粮液|000858.SZ|2019-06-10|3898.69|3812.47|29.13|26.19|5.57|6.15|31.65|21.85|9.74|8.92|1.29|1.69|92.21|3898.69|3330.77|18.41|
|五粮液|000858.SZ|2019-06-06|3776.42|3692.9|28.22|25.36|5.4|5.96|30.66|21.16|9.43|8.64|1.34|1.75|89.32|3776.42|3208.5|17.74|
|五粮液|000858.SZ|2019-06-05|3844.73|3759.71|28.73|25.82|5.5|5.5|31.21|21.54|9.6|8.79|1.31|1.31|90.94|3844.73|3276.81|18.12|
|五粮液|000858.SZ|2019-06-04|3850.17|3765.02|28.77|25.86|5.5|5.5|31.26|21.57|9.62|8.81|1.31|1.31|91.07|3850.17|3282.25|18.15|
|五粮液|000858.SZ|2019-06-03|3938.28|3851.19|29.42|26.45|5.63|5.63|31.97|22.07|9.84|9.01|1.28|1.28|93.15|3938.28|3370.36|18.63|
|五粮液|000858.SZ|2019-05-31|3930.13|3843.22|29.36|26.4|5.62|5.62|31.91|22.02|9.82|8.99|1.28|1.28|92.96|3930.13|3362.21|18.59|
|五粮液|000858.SZ|2019-05-30|4003.1|3914.58|29.91|26.89|5.72|5.72|32.5|22.43|10|9.16|1.26|1.26|94.68|4003.1|3435.18|18.99|
|五粮液|000858.SZ|2019-05-29|4058.22|3968.48|30.32|27.26|5.8|5.8|32.95|22.74|10.14|9.28|1.24|1.24|95.99|4058.22|3490.3|19.3|
|五粮液|000858.SZ|2019-05-28|4001.94|3913.44|29.9|26.88|5.72|5.72|32.49|22.43|10|9.15|1.26|1.26|94.66|4001.94|3434.02|18.98|
|五粮液|000858.SZ|2019-05-27|3959.24|3871.68|29.58|26.59|5.66|5.66|32.14|22.19|9.89|9.06|1.27|1.27|93.65|3959.24|3391.32|18.75|
|五粮液|000858.SZ|2019-05-24|3921.2|3834.49|29.3|26.34|5.6|5.6|31.83|21.97|9.8|8.97|1.29|1.29|92.75|3921.2|3353.28|18.54|
|五粮液|000858.SZ|2019-05-23|3875.01|3789.32|28.95|26.03|5.54|5.54|31.46|21.71|9.68|8.86|1.3|1.3|91.65|3875.01|3307.09|18.28|
|五粮液|000858.SZ|2019-05-22|4010.09|3921.41|29.96|26.93|5.73|5.73|32.56|22.47|10.02|9.17|1.26|1.26|94.85|4010.09|3442.17|19.03|
|五粮液|000858.SZ|2019-05-21|4044.64|3955.19|30.22|27.17|5.78|5.78|32.84|22.66|10.1|9.25|1.25|1.25|95.67|4044.64|3476.72|19.22|
|五粮液|000858.SZ|2019-05-20|4036.87|3947.6|30.16|27.11|5.77|5.77|32.77|22.62|10.08|9.23|1.25|1.25|95.48|4036.87|3468.95|19.18|
|五粮液|000858.SZ|2019-05-17|4132.36|4040.98|30.87|27.76|5.91|5.91|33.55|23.16|10.32|9.45|1.22|1.22|97.74|4132.36|3564.44|19.71|
|五粮液|000858.SZ|2019-05-16|4268.99|4174.59|31.9|28.67|6.1|6.1|34.66|23.92|10.66|9.76|1.18|1.18|100.97|4268.99|3701.07|20.46|
|五粮液|000858.SZ|2019-05-15|4265.89|4171.55|31.87|28.65|6.1|6.1|34.63|23.9|10.66|9.76|1.18|1.18|100.9|4265.89|3697.97|20.44|
|五粮液|000858.SZ|2019-05-14|3977.87|3889.9|29.72|26.72|5.69|5.69|32.29|22.29|9.94|9.1|1.27|1.27|94.09|3977.87|3409.95|18.85|
|五粮液|000858.SZ|2019-05-13|4021.35|3932.42|30.05|27.01|5.75|5.75|32.65|22.53|10.05|9.2|1.25|1.25|95.11|4021.35|3453.43|19.09|
|五粮液|000858.SZ|2019-05-10|3850.56|3765.4|28.77|25.86|5.5|5.5|31.26|21.58|9.62|8.81|1.31|1.31|91.08|3850.56|3282.64|18.15|
|五粮液|000858.SZ|2019-05-09|3563.7|3484.89|26.63|23.94|5.09|5.09|28.93|19.97|8.9|8.15|1.42|1.42|84.29|3563.7|2995.79|16.56|
|五粮液|000858.SZ|2019-05-08|3721.69|3639.38|27.81|25|5.32|5.32|30.21|20.85|9.3|8.51|1.36|1.36|88.03|3721.69|3153.77|17.44|
|五粮液|000858.SZ|2019-05-07|3724.79|3642.42|27.83|25.02|5.32|5.32|30.24|20.87|9.3|8.52|1.35|1.35|88.1|3724.79|3156.87|17.45|
|五粮液|000858.SZ|2019-05-06|3575.74|3496.66|26.72|24.02|5.11|5.11|29.03|20.04|8.93|8.18|1.41|1.41|84.58|3575.74|3007.82|16.63|
|五粮液|000858.SZ|2019-04-30|3973.21|3885.35|29.69|26.69|5.68|5.68|32.26|22.26|9.93|9.09|1.27|1.27|93.98|3973.21|3405.3|18.83|
|五粮液|000858.SZ|2019-04-29|3970.5|3882.69|29.67|26.67|5.68|5.68|32.23|22.25|9.92|9.08|1.27|1.27|93.91|3970.5|3402.58|18.81|
|五粮液|000858.SZ|2019-04-26|3969.72|3881.93|29.66|29.66|6.25|6.25|32.23|32.23|9.92|9.92|1.27|1.27|104.26|3969.72|3480.12|19.24|
|五粮液|000858.SZ|2019-04-25|3904.9|3818.54|29.18|29.18|6.15|6.15|31.7|31.7|9.75|9.75|1.29|1.29|102.55|3904.9|3415.3|18.88|
|五粮液|000858.SZ|2019-04-24|4017.46|3928.62|30.02|30.02|6.33|6.33|32.62|32.62|10.04|10.04|1.26|1.26|105.51|4017.46|3527.86|19.5|
|五粮液|000858.SZ|2019-04-23|4048.91|3959.37|30.25|30.25|6.38|6.38|32.87|32.87|10.11|10.11|1.25|1.25|106.34|4048.91|3559.3|19.68|
|五粮液|000858.SZ|2019-04-22|3925.47|3838.66|29.33|29.33|6.18|6.18|31.87|31.87|9.81|9.81|1.29|1.29|103.09|3925.47|3435.87|18.99|
|五粮液|000858.SZ|2019-04-19|3946.04|3858.78|29.48|29.48|6.22|6.22|32.04|32.04|9.86|9.86|1.28|1.28|103.63|3946.04|3456.44|19.11|
|五粮液|000858.SZ|2019-04-18|3972.44|3884.59|29.68|29.68|6.26|6.26|32.25|32.25|9.92|9.92|1.27|1.27|104.33|3972.44|3482.84|19.25|
|五粮液|000858.SZ|2019-04-17|4022.12|3933.18|30.05|30.05|6.34|6.34|32.65|32.65|10.05|10.05|1.25|1.25|105.63|4022.12|3532.52|19.53|
|五粮液|000858.SZ|2019-04-16|3967.39|3879.65|29.64|29.64|6.25|6.25|32.21|32.21|9.91|9.91|1.27|1.27|104.2|3967.39|3477.79|19.23|
|五粮液|000858.SZ|2019-04-15|3904.9|3818.54|29.18|29.18|6.15|6.15|31.7|31.7|9.75|9.75|1.29|1.29|102.55|3904.9|3415.3|18.88|
|五粮液|000858.SZ|2019-04-12|3866.86|3781.34|28.89|28.89|6.09|6.09|31.39|31.39|9.66|9.66|1.3|1.3|101.56|3866.86|3377.26|18.67|
|五粮液|000858.SZ|2019-04-11|3873.84|3788.18|28.94|28.94|6.1|6.1|31.45|31.45|9.68|9.68|1.3|1.3|101.74|3873.84|3384.24|18.71|
|五粮液|000858.SZ|2019-04-10|4153.32|4061.47|31.03|31.03|6.54|6.54|33.72|33.72|10.38|10.38|1.22|1.22|109.08|4153.32|3663.72|20.25|
|五粮液|000858.SZ|2019-04-09|4270.55|4176.1|31.91|31.91|6.73|6.73|34.67|34.67|10.67|10.67|1.18|1.18|112.16|4270.55|3780.94|20.9|
|五粮液|000858.SZ|2019-04-08|3959.24|3871.68|29.58|29.58|6.24|6.24|32.14|32.14|9.89|9.89|1.27|1.27|103.98|3959.24|3469.64|19.18|
|五粮液|000858.SZ|2019-04-04|3890.54|3804.5|29.07|29.07|6.13|6.13|31.59|31.59|9.72|9.72|1.3|1.3|102.18|3890.54|3400.94|18.8|
|五粮液|000858.SZ|2019-04-03|3703.05|3621.16|27.67|27.67|5.83|5.83|30.06|30.06|9.25|9.25|1.36|1.36|97.25|3703.05|3213.45|17.77|
|五粮液|000858.SZ|2019-04-02|3728.67|3646.22|27.86|27.86|5.87|5.87|30.27|30.27|9.31|9.31|1.35|1.35|97.93|3728.67|3239.07|17.91|
|五粮液|000858.SZ|2019-04-01|3748.47|3665.57|28.01|28.01|5.9|5.9|30.43|30.43|9.36|9.36|1.35|1.35|98.45|3748.47|3258.87|18.02|
|五粮液|000858.SZ|2019-03-29|3687.53|3605.98|27.55|27.55|5.81|5.81|29.94|29.94|9.21|9.21|1.37|1.37|96.85|3687.53|3197.93|17.68|
|五粮液|000858.SZ|2019-03-28|3505.09|3427.58|26.19|26.19|5.52|5.52|28.46|28.46|8.76|8.76|1.44|1.44|92.05|3505.09|3015.49|16.67|
|五粮液|000858.SZ|2019-03-27|3415.04|3339.52|35.3|27.98|5.73|5.73|34.97|45.23|11.31|9.12|1.48|1.48|101.02|3415.04|3008.56|23.05|
|五粮液|000858.SZ|2019-03-26|3278.79|3206.29|33.89|26.87|5.5|5.5|33.57|43.43|10.86|8.75|1.54|1.54|96.99|3278.79|2872.32|22|
|五粮液|000858.SZ|2019-03-25|3214.36|3143.28|33.23|26.34|5.39|5.39|32.91|42.58|10.65|8.58|1.57|1.57|95.09|3214.36|2807.88|21.51|
|五粮液|000858.SZ|2019-03-22|3340.12|3266.26|34.53|27.37|5.6|5.6|34.2|44.24|11.06|8.92|1.51|1.51|98.81|3340.12|2933.65|22.47|
|五粮液|000858.SZ|2019-03-21|3295.49|3222.61|34.07|27|5.53|5.53|33.74|43.65|10.92|8.8|1.53|1.53|97.49|3295.49|2889.01|22.13|
|五粮液|000858.SZ|2019-03-20|3326.54|3252.98|34.39|27.26|5.58|5.58|34.06|44.06|11.02|8.88|1.52|1.52|98.4|3326.54|2920.06|22.37|
|五粮液|000858.SZ|2019-03-19|3338.18|3264.36|34.51|27.35|5.6|5.6|34.18|44.22|11.06|8.91|1.51|1.51|98.75|3338.18|2931.71|22.46|
|五粮液|000858.SZ|2019-03-18|3363.8|3289.42|34.77|27.56|5.64|5.64|34.44|44.55|11.14|8.98|1.5|1.5|99.51|3363.8|2957.33|22.65|
|五粮液|000858.SZ|2019-03-15|3057.93|2990.31|31.61|25.06|5.13|5.13|31.31|40.5|10.13|8.16|1.65|1.65|90.46|3057.93|2651.46|20.31|
|五粮液|000858.SZ|2019-03-14|2994.66|2928.44|30.96|24.54|5.02|5.02|30.66|39.66|9.92|7.99|1.69|1.69|88.59|2994.66|2588.19|19.83|
|五粮液|000858.SZ|2019-03-13|2969.43|2903.76|30.7|24.33|4.98|4.98|30.41|39.33|9.84|7.93|1.7|1.7|87.84|2969.43|2562.95|19.63|
|五粮液|000858.SZ|2019-03-12|2922.85|2858.22|30.21|23.95|4.9|4.9|29.93|38.71|9.68|7.8|1.73|1.73|86.46|2922.85|2516.38|19.28|
|五粮液|000858.SZ|2019-03-11|2950.02|2884.79|30.5|24.17|4.95|4.95|30.21|39.07|9.77|7.88|1.71|1.71|87.27|2950.02|2543.55|19.48|
|五粮液|000858.SZ|2019-03-08|2773.02|2711.7|28.67|22.72|4.65|4.65|28.39|36.73|9.19|7.4|1.82|1.82|82.03|2773.02|2366.55|18.13|
|五粮液|000858.SZ|2019-03-07|2871.23|2807.73|29.68|23.53|4.82|4.82|29.4|38.03|9.51|7.66|1.76|1.76|84.93|2871.23|2464.75|18.88|
|五粮液|000858.SZ|2019-03-06|2988.45|2922.36|30.89|24.49|5.01|5.01|30.6|39.58|9.9|7.98|1.69|1.69|88.4|2988.45|2581.97|19.78|
|五粮液|000858.SZ|2019-03-05|3018.73|2951.97|31.21|24.74|5.07|5.07|30.91|39.98|10|8.06|1.67|1.67|89.3|3018.73|2612.25|20.01|
|五粮液|000858.SZ|2019-03-04|2998.54|2932.23|31|24.57|5.03|5.03|30.7|39.72|9.93|8|1.68|1.68|88.7|2998.54|2592.07|19.86|
|五粮液|000858.SZ|2019-03-01|2946.14|2880.99|30.46|24.14|4.94|4.94|30.17|39.02|9.76|7.86|1.71|1.71|87.15|2946.14|2539.67|19.45|
|五粮液|000858.SZ|2019-02-28|2775.35|2713.98|28.69|22.74|4.66|4.66|28.42|36.76|9.19|7.41|1.82|1.82|82.1|2775.35|2368.87|18.15|
|五粮液|000858.SZ|2019-02-27|2719.45|2659.32|28.11|22.28|4.56|4.56|27.85|36.02|9.01|7.26|1.86|1.86|80.45|2719.45|2312.98|17.72|
|五粮液|000858.SZ|2019-02-26|2675.2|2616.05|27.65|21.92|4.49|4.49|27.39|35.43|8.86|7.14|1.89|1.89|79.14|2675.2|2268.73|17.38|
|五粮液|000858.SZ|2019-02-25|2766.03|2704.87|28.59|22.67|4.64|4.64|28.32|36.64|9.16|7.38|1.82|1.82|81.82|2766.03|2359.56|18.07|
|五粮液|000858.SZ|2019-02-22|2658.9|2600.1|27.49|21.79|4.46|4.46|27.23|35.22|8.81|7.1|1.9|1.9|78.65|2658.9|2252.43|17.25|
|五粮液|000858.SZ|2019-02-21|2641.43|2583.02|27.31|21.65|4.43|4.43|27.05|34.99|8.75|7.05|1.91|1.91|78.14|2641.43|2234.96|17.12|
|五粮液|000858.SZ|2019-02-20|2678.7|2619.46|27.69|21.95|4.49|4.49|27.43|35.48|8.87|7.15|1.88|1.88|79.24|2678.7|2272.22|17.41|
|五粮液|000858.SZ|2019-02-19|2704.32|2644.51|27.96|22.16|4.54|4.54|27.69|35.82|8.96|7.22|1.87|1.87|80|2704.32|2297.84|17.6|
|五粮液|000858.SZ|2019-02-18|2712.08|2652.11|28.04|22.22|4.55|4.55|27.77|35.92|8.98|7.24|1.86|1.86|80.23|2712.08|2305.6|17.66|
|五粮液|000858.SZ|2019-02-15|2577.39|2520.39|26.64|21.12|4.32|4.32|26.39|34.14|8.54|6.88|1.96|1.96|76.24|2577.39|2170.91|16.63|
|五粮液|000858.SZ|2019-02-14|2637.94|2579.61|27.27|21.62|4.43|4.43|27.01|34.94|8.74|7.04|1.91|1.91|78.03|2637.94|2231.47|17.09|
|五粮液|000858.SZ|2019-02-13|2564.58|2507.87|26.51|21.02|4.3|4.3|26.26|33.97|8.5|6.85|1.97|1.97|75.86|2564.58|2158.1|16.53|
|五粮液|000858.SZ|2019-02-12|2513.34|2457.76|25.98|20.6|4.22|4.22|25.74|33.29|8.33|6.71|2.01|2.01|74.35|2513.34|2106.87|16.14|
|五粮液|000858.SZ|2019-02-11|2511.4|2455.86|25.96|20.58|4.21|4.21|25.72|33.26|8.32|6.7|2.01|2.01|74.29|2511.4|2104.93|16.12|
|五粮液|000858.SZ|2019-02-01|2374.77|2322.25|24.55|19.46|3.98|3.98|24.32|31.45|7.87|6.34|2.12|2.12|70.25|2374.77|1968.29|15.08|
|五粮液|000858.SZ|2019-01-31|2340.61|2288.85|24.2|19.18|3.93|3.93|23.97|31|7.75|6.25|2.16|2.16|69.24|2340.61|1934.13|14.82|
|五粮液|000858.SZ|2019-01-30|2223.39|2174.22|22.98|18.22|3.73|3.73|22.77|29.45|7.37|5.94|2.27|2.27|65.77|2223.39|1816.91|13.92|
|五粮液|000858.SZ|2019-01-29|2273.85|2223.56|23.51|18.63|3.82|3.82|23.28|30.12|7.53|6.07|2.22|2.22|67.26|2273.85|1867.37|14.3|
|五粮液|000858.SZ|2019-01-28|2230.76|2181.43|23.06|18.28|3.74|3.74|22.84|29.55|7.39|5.96|2.26|2.26|65.99|2230.76|1824.28|13.97|
|五粮液|000858.SZ|2019-01-25|2144.59|2097.16|22.17|17.57|3.6|3.6|21.96|28.41|7.1|5.73|2.35|2.35|63.44|2144.59|1738.11|13.31|
|五粮液|000858.SZ|2019-01-24|2142.65|2095.27|22.15|17.56|3.6|3.6|21.94|28.38|7.1|5.72|2.36|2.36|63.38|2142.65|1736.17|13.3|
|五粮液|000858.SZ|2019-01-23|2137.6|2090.33|22.1|17.52|3.59|3.59|21.89|28.31|7.08|5.71|2.36|2.36|63.23|2137.6|1731.13|13.26|
|五粮液|000858.SZ|2019-01-22|2143.04|2095.65|22.15|17.56|3.6|3.6|21.94|28.39|7.1|5.72|2.35|2.35|63.39|2143.04|1736.56|13.3|
|五粮液|000858.SZ|2019-01-21|2173.7|2125.63|22.47|17.81|3.65|3.65|22.26|28.79|7.2|5.8|2.32|2.32|64.3|2173.7|1767.23|13.54|
|五粮液|000858.SZ|2019-01-18|2091.41|2045.16|21.62|17.14|3.51|3.51|21.41|27.7|6.93|5.58|2.41|2.41|61.87|2091.41|1684.94|12.91|
|五粮液|000858.SZ|2019-01-17|2015.33|1970.76|20.83|16.51|3.38|3.38|20.64|26.69|6.68|5.38|2.5|2.5|59.62|2015.33|1608.86|12.32|
|五粮液|000858.SZ|2019-01-16|2026.2|1981.39|20.95|16.6|3.4|3.4|20.75|26.84|6.71|5.41|2.49|2.49|59.94|2026.2|1619.72|12.41|
|五粮液|000858.SZ|2019-01-15|2056.09|2010.62|21.25|16.85|3.45|3.45|21.05|27.23|6.81|5.49|2.45|2.45|60.82|2056.09|1649.61|12.64|
|五粮液|000858.SZ|2019-01-14|1924.89|1882.32|19.9|15.77|3.23|3.23|19.71|25.5|6.38|5.14|2.62|2.62|56.94|1924.89|1518.41|11.63|
|五粮液|000858.SZ|2019-01-11|1967.59|1924.08|20.34|16.12|3.3|3.3|20.15|26.06|6.52|5.25|2.56|2.56|58.2|1967.59|1561.11|11.96|
|五粮液|000858.SZ|2019-01-10|1935.37|1892.57|20.01|15.86|3.25|3.25|19.82|25.63|6.41|5.17|2.61|2.61|57.25|1935.37|1528.89|11.71|
|五粮液|000858.SZ|2019-01-09|1941.97|1899.02|20.07|15.91|3.26|3.26|19.88|25.72|6.43|5.18|2.6|2.6|57.45|1941.97|1535.49|11.76|
|五粮液|000858.SZ|2019-01-08|1902.76|1860.69|19.67|15.59|3.19|3.19|19.48|25.2|6.3|5.08|2.65|2.65|56.29|1902.76|1496.29|11.46|
|五粮液|000858.SZ|2019-01-07|1914.02|1871.69|19.79|15.68|3.21|3.21|19.6|25.35|6.34|5.11|2.64|2.64|56.62|1914.02|1507.55|11.55|
|五粮液|000858.SZ|2019-01-04|1922.95|1880.42|19.88|15.76|3.23|3.23|19.69|25.47|6.37|5.13|2.62|2.62|56.88|1922.95|1516.47|11.62|
|五粮液|000858.SZ|2019-01-03|1900.44|1858.41|19.65|15.57|3.19|3.19|19.46|25.17|6.3|5.07|2.66|2.66|56.22|1900.44|1493.96|11.44|
|五粮液|000858.SZ|2019-01-02|1938.48|1895.61|20.04|15.88|3.25|3.25|19.85|25.68|6.42|5.17|2.6|2.6|57.34|1938.48|1532|11.74|
|五粮液|000858.SZ|2018-12-28|1974.96|1931.29|20.42|16.18|3.31|3.31|20.22|26.16|6.54|5.27|1.73|2.56|58.42|1974.96|1568.49|12.01|
|五粮液|000858.SZ|2018-12-27|1946.63|1903.58|20.12|15.95|3.27|3.27|19.93|25.78|6.45|5.2|1.75|2.59|57.58|1946.63|1540.15|11.8|
|五粮液|000858.SZ|2018-12-26|1956.72|1913.45|20.23|16.03|3.28|3.28|20.04|25.92|6.48|5.22|1.75|2.58|57.88|1956.72|1550.24|11.87|
|五粮液|000858.SZ|2018-12-25|1974.19|1930.53|20.41|16.18|3.31|3.31|20.21|26.15|6.54|5.27|1.73|2.56|58.4|1974.19|1567.71|12.01|
|五粮液|000858.SZ|2018-12-24|1978.07|1934.32|20.45|16.21|3.32|3.32|20.25|26.2|6.55|5.28|1.73|2.55|58.51|1978.07|1571.59|12.04|
|五粮液|000858.SZ|2018-12-21|1964.09|1920.66|20.3|16.09|3.3|3.3|20.11|26.01|6.51|5.24|1.74|2.57|58.1|1964.09|1557.62|11.93|
|五粮液|000858.SZ|2018-12-20|2013|1968.49|20.81|16.5|3.38|3.38|20.61|26.66|6.67|5.37|1.7|2.51|59.55|2013|1606.53|12.31|
|五粮液|000858.SZ|2018-12-19|2040.17|1995.06|21.09|16.72|3.42|3.42|20.89|27.02|6.76|5.45|1.67|2.47|60.35|2040.17|1633.7|12.51|
|五粮液|000858.SZ|2018-12-18|2054.92|2009.48|21.24|16.84|3.45|3.45|21.04|27.22|6.81|5.49|1.66|2.46|60.79|2054.92|1648.45|12.63|
|五粮液|000858.SZ|2018-12-17|2050.27|2004.93|21.19|16.8|3.44|3.44|20.99|27.16|6.79|5.47|1.67|2.46|60.65|2050.27|1643.79|12.59|
|五粮液|000858.SZ|2018-12-14|2056.86|2011.38|21.26|16.85|3.45|3.45|21.06|27.24|6.81|5.49|1.66|2.45|60.84|2056.86|1650.39|12.64|
|五粮液|000858.SZ|2018-12-13|2096.46|2050.1|21.67|17.18|3.52|3.52|21.47|27.77|6.94|5.6|1.63|2.41|62.02|2096.46|1689.98|12.95|
|五粮液|000858.SZ|2018-12-12|2063.85|2018.21|21.33|16.91|3.46|3.46|21.13|27.34|6.84|5.51|1.66|2.44|61.05|2063.85|1657.38|12.7|
|五粮液|000858.SZ|2018-12-11|2050.27|2004.93|21.19|16.8|3.44|3.44|20.99|27.16|6.79|5.47|1.67|2.46|60.65|2050.27|1643.79|12.59|
|五粮液|000858.SZ|2018-12-10|2031.25|1986.33|21|16.64|3.41|3.41|20.8|26.9|6.73|5.42|1.68|2.48|60.09|2031.25|1624.77|12.45|
|五粮液|000858.SZ|2018-12-07|2065.02|2019.35|21.35|16.92|3.46|3.46|21.14|27.35|6.84|5.51|1.65|2.44|61.09|2065.02|1658.54|12.7|
|五粮液|000858.SZ|2018-12-06|2057.25|2011.76|21.27|16.86|3.45|3.45|21.07|27.25|6.82|5.49|1.66|2.45|60.86|2057.25|1650.78|12.64|
|五粮液|000858.SZ|2018-12-05|2131.39|2084.26|22.03|17.47|3.58|3.58|21.82|28.23|7.06|5.69|1.6|2.37|63.05|2131.39|1724.92|13.21|
|五粮液|000858.SZ|2018-12-04|2132.94|2085.78|22.05|17.48|3.58|3.58|21.84|28.25|7.07|5.69|1.6|2.37|63.1|2132.94|1726.47|13.22|
|五粮液|000858.SZ|2018-12-03|2138.38|2091.09|22.11|17.52|3.59|3.59|21.9|28.32|7.08|5.71|1.6|2.36|63.26|2138.38|1731.9|13.27|
|五粮液|000858.SZ|2018-11-30|2033.57|1988.6|21.02|16.66|3.41|3.41|20.82|26.94|6.74|5.43|1.68|2.48|60.16|2033.57|1627.1|12.46|
|五粮液|000858.SZ|2018-11-29|1957.49|1914.21|20.24|16.04|3.28|3.28|20.04|25.93|6.48|5.23|1.75|2.58|57.91|1957.49|1551.02|11.88|
|五粮液|000858.SZ|2018-11-28|1950.12|1907|20.16|15.98|3.27|3.27|19.97|25.83|6.46|5.21|1.75|2.59|57.69|1950.12|1543.64|11.82|
|五粮液|000858.SZ|2018-11-27|1932.26|1889.53|19.97|15.83|3.24|3.24|19.79|25.59|6.4|5.16|1.77|2.61|57.16|1932.26|1525.79|11.69|
|五粮液|000858.SZ|2018-11-26|1944.3|1901.3|20.1|15.93|3.26|3.26|19.91|25.75|6.44|5.19|1.76|2.6|57.52|1944.3|1537.82|11.78|
|五粮液|000858.SZ|2018-11-23|1941.58|1898.64|20.07|15.91|3.26|3.26|19.88|25.72|6.43|5.18|1.76|2.6|57.43|1941.58|1535.1|11.76|
|五粮液|000858.SZ|2018-11-22|1979.23|1935.46|20.46|16.22|3.32|3.32|20.27|26.22|6.56|5.28|1.73|2.55|58.55|1979.23|1572.76|12.05|
|五粮液|000858.SZ|2018-11-21|1984.67|1940.78|20.52|16.26|3.33|3.33|20.32|26.29|6.57|5.3|1.72|2.54|58.71|1984.67|1578.19|12.09|
|五粮液|000858.SZ|2018-11-20|1964.48|1921.04|20.31|16.1|3.3|3.3|20.12|26.02|6.51|5.24|1.74|2.57|58.11|1964.48|1558.01|11.93|
|五粮液|000858.SZ|2018-11-19|2006.4|1962.03|20.74|16.44|3.37|3.37|20.54|26.58|6.65|5.36|1.7|2.52|59.35|2006.4|1599.93|12.26|
|五粮液|000858.SZ|2018-11-16|1967.59|1924.08|20.34|16.12|3.3|3.3|20.15|26.06|6.52|5.25|1.74|2.56|58.2|1967.59|1561.11|11.96|
|五粮液|000858.SZ|2018-11-15|1963.71|1920.28|20.3|16.09|3.29|3.29|20.11|26.01|6.51|5.24|1.74|2.57|58.09|1963.71|1557.23|11.93|
|五粮液|000858.SZ|2018-11-14|1947.4|1904.34|20.13|15.96|3.27|3.27|19.94|25.79|6.45|5.2|1.75|2.59|57.61|1947.4|1540.93|11.8|
|五粮液|000858.SZ|2018-11-13|1989.32|1945.33|20.56|16.3|3.34|3.34|20.37|26.35|6.59|5.31|1.72|2.54|58.85|1989.32|1582.85|12.12|
|五粮液|000858.SZ|2018-11-12|1942.74|1899.78|20.08|15.92|3.26|3.26|19.89|25.73|6.44|5.19|1.76|2.6|57.47|1942.74|1536.27|11.77|
|五粮液|000858.SZ|2018-11-09|1941.19|1898.27|20.07|15.91|3.26|3.26|19.88|25.71|6.43|5.18|1.76|2.6|57.42|1941.19|1534.72|11.76|
|五粮液|000858.SZ|2018-11-08|1967.59|1924.08|20.34|16.12|3.3|3.3|20.15|26.06|6.52|5.25|1.74|2.56|58.2|1967.59|1561.11|11.96|
|五粮液|000858.SZ|2018-11-07|1960.21|1916.86|20.26|16.06|3.29|3.29|20.07|25.96|6.49|5.23|1.74|2.57|57.99|1960.21|1553.74|11.9|
|五粮液|000858.SZ|2018-11-06|1971.86|1928.25|20.38|16.16|3.31|3.31|20.19|26.12|6.53|5.26|1.73|2.56|58.33|1971.86|1565.38|11.99|
|五粮液|000858.SZ|2018-11-05|2008.73|1964.31|20.76|16.46|3.37|3.37|20.57|26.61|6.65|5.36|1.7|2.51|59.42|2008.73|1602.26|12.27|
|五粮液|000858.SZ|2018-11-02|2084.04|2037.95|21.54|17.08|3.5|3.5|21.34|27.6|6.9|5.56|1.64|2.42|61.65|2084.04|1677.56|12.85|
|五粮液|000858.SZ|2018-11-01|1927.22|1884.6|19.92|15.79|3.23|3.23|19.73|25.53|6.38|5.14|1.77|2.62|57.01|1927.22|1520.74|11.65|
|五粮液|000858.SZ|2018-10-31|1868.99|1827.66|19.32|15.32|3.14|3.14|19.14|24.76|6.19|4.99|1.83|2.7|55.29|1868.99|1462.52|11.2|
|五粮液|000858.SZ|2018-10-30|1843.38|1802.61|19.06|15.11|3.09|3.09|18.88|24.42|6.11|4.92|1.85|2.74|54.53|1843.38|1436.9|11.01|
|五粮液|000858.SZ|2018-10-29|1896.94|1854.99|19.61|15.54|3.18|3.18|19.42|25.13|6.28|5.06|1.8|2.66|56.11|1896.94|1490.47|11.42|
|五粮液|000858.SZ|2018-10-26|2107.71|2061.1|21.79|17.84|3.68|3.68|21.58|29.28|6.98|5.86|1.62|2.39|57.43|2107.71|1683.45|12.9|
|五粮液|000858.SZ|2018-10-25|2127.12|2080.08|21.99|18.01|3.72|3.72|21.78|29.55|7.05|5.91|1.61|2.37|57.96|2127.12|1702.86|13.04|
|五粮液|000858.SZ|2018-10-24|2184.96|2136.64|22.59|18.5|3.82|3.82|22.37|30.35|7.24|6.07|1.56|2.31|59.54|2184.96|1760.69|13.49|
|五粮液|000858.SZ|2018-10-23|2251.33|2201.55|23.27|19.06|3.94|3.94|23.05|31.28|7.46|6.26|1.52|2.24|61.35|2251.33|1827.07|14|
|五粮液|000858.SZ|2018-10-22|2425.23|2371.6|25.07|20.53|4.24|4.24|24.83|33.69|8.03|6.74|1.41|2.08|66.09|2425.23|2000.97|15.33|
|五粮液|000858.SZ|2018-10-19|2309.17|2258.1|23.87|19.55|4.04|4.04|23.64|32.08|7.65|6.42|1.48|2.19|62.92|2309.17|1884.91|14.44|
|五粮液|000858.SZ|2018-10-18|2251.33|2201.55|23.27|19.06|3.94|3.94|23.05|31.28|7.46|6.26|1.52|2.24|61.35|2251.33|1827.07|14|
|五粮液|000858.SZ|2018-10-17|2305.68|2254.69|23.83|19.52|4.03|4.03|23.61|32.03|7.64|6.41|1.48|2.19|62.83|2305.68|1881.41|14.41|
|五粮液|000858.SZ|2018-10-16|2288.98|2238.37|23.66|19.38|4|4|23.44|31.8|7.58|6.36|1.49|2.2|62.37|2288.98|1864.72|14.28|
|五粮液|000858.SZ|2018-10-15|2280.83|2230.39|23.58|19.31|3.99|3.99|23.35|31.69|7.56|6.34|1.5|2.21|62.15|2280.83|1856.57|14.22|
|五粮液|000858.SZ|2018-10-12|2337.12|2285.43|24.16|19.79|4.08|4.08|23.93|32.47|7.74|6.49|1.46|2.16|63.69|2337.12|1912.85|14.65|
|五粮液|000858.SZ|2018-10-11|2279.28|2228.88|23.56|19.3|3.98|3.98|23.34|31.66|7.55|6.33|1.5|2.21|62.11|2279.28|1855.02|14.21|
|五粮液|000858.SZ|2018-10-10|2360.41|2308.21|24.4|19.98|4.13|4.13|24.17|32.79|7.82|6.56|1.45|2.14|64.32|2360.41|1936.14|14.83|
|五粮液|000858.SZ|2018-10-09|2459.39|2405|25.42|20.82|4.3|4.3|25.18|34.17|8.15|6.83|1.39|2.05|67.02|2459.39|2035.12|15.59|
|五粮液|000858.SZ|2018-10-08|2464.04|2409.56|25.47|20.86|4.31|4.31|25.23|34.23|8.16|6.85|1.39|2.05|67.14|2464.04|2039.78|15.62|
|五粮液|000858.SZ|2018-09-28|2637.55|2579.23|27.27|22.33|4.61|4.61|27.01|36.64|8.74|7.33|1.3|1.91|71.87|2637.55|2213.29|16.95|
|五粮液|000858.SZ|2018-09-27|2615.04|2557.21|27.03|22.14|4.57|4.57|26.78|36.33|8.66|7.27|1.31|1.93|71.26|2615.04|2190.78|16.78|
|五粮液|000858.SZ|2018-09-26|2608.44|2550.76|26.96|22.08|4.56|4.56|26.71|36.24|8.64|7.25|1.31|1.93|71.08|2608.44|2184.18|16.73|
|五粮液|000858.SZ|2018-09-25|2534.69|2478.64|26.2|21.46|4.43|4.43|25.95|35.21|8.4|7.04|1.35|1.99|69.07|2534.69|2110.43|16.17|
|五粮液|000858.SZ|2018-09-21|2578.16|2521.15|26.65|21.83|4.51|4.51|26.4|35.82|8.54|7.16|1.33|1.96|70.25|2578.16|2153.9|16.5|
|五粮液|000858.SZ|2018-09-20|2499.37|2444.1|25.84|21.16|4.37|4.37|25.59|34.72|8.28|6.95|1.37|2.02|68.11|2499.37|2075.1|15.9|
|五粮液|000858.SZ|2018-09-19|2501.31|2445.99|25.86|21.18|4.37|4.37|25.61|34.75|8.29|6.95|1.37|2.02|68.16|2501.31|2077.04|15.91|
|五粮液|000858.SZ|2018-09-18|2453.56|2399.31|25.36|20.77|4.29|4.29|25.12|34.09|8.13|6.82|1.39|2.06|66.86|2453.56|2029.3|15.54|
|五粮液|000858.SZ|2018-09-17|2401.16|2348.06|24.82|20.33|4.2|4.2|24.59|33.36|7.95|6.67|1.42|2.1|65.43|2401.16|1976.9|15.14|
|五粮液|000858.SZ|2018-09-14|2388.35|2335.54|24.69|20.22|4.17|4.17|24.46|33.18|7.91|6.64|1.43|2.11|65.08|2388.35|1964.09|15.04|
|五粮液|000858.SZ|2018-09-13|2328.19|2276.7|24.07|19.71|4.07|4.07|23.84|32.34|7.71|6.47|1.47|2.17|63.44|2328.19|1903.93|14.58|
|五粮液|000858.SZ|2018-09-12|2315.38|2264.18|23.93|19.6|4.05|4.05|23.71|32.17|7.67|6.43|1.48|2.18|63.09|2315.38|1891.12|14.49|
|五粮液|000858.SZ|2018-09-11|2367.78|2315.42|24.48|20.04|4.14|4.14|24.24|32.89|7.84|6.58|1.44|2.13|64.52|2367.78|1943.52|14.89|
|五粮液|000858.SZ|2018-09-10|2343.71|2291.89|24.23|19.84|4.1|4.1|24|32.56|7.76|6.51|1.46|2.15|63.87|2343.71|1919.45|14.7|
|五粮液|000858.SZ|2018-09-07|2358.85|2306.69|24.38|19.97|4.12|4.12|24.15|32.77|7.81|6.55|1.45|2.14|64.28|2358.85|1934.59|14.82|
|五粮液|000858.SZ|2018-09-06|2317.71|2266.45|23.96|19.62|4.05|4.05|23.73|32.2|7.68|6.44|1.47|2.18|63.16|2317.71|1893.44|14.5|
|五粮液|000858.SZ|2018-09-05|2363.9|2311.62|24.44|20.01|4.13|4.13|24.2|32.84|7.83|6.57|1.45|2.13|64.42|2363.9|1939.64|14.86|
|五粮液|000858.SZ|2018-09-04|2436.49|2382.61|25.19|20.63|4.26|4.26|24.95|33.85|8.07|6.77|1.4|2.07|66.39|2436.49|2012.22|15.41|
|五粮液|000858.SZ|2018-09-03|2405.43|2352.24|24.87|20.36|4.2|4.2|24.63|33.42|7.97|6.68|1.42|2.1|65.55|2405.43|1981.17|15.18|
|五粮液|000858.SZ|2018-08-31|2402.72|2349.58|24.84|20.34|4.2|4.2|24.6|33.38|7.96|6.68|1.42|2.1|65.47|2402.72|1978.45|15.15|
|五粮液|000858.SZ|2018-08-30|2460.94|2406.52|25.44|20.83|4.3|4.3|25.2|34.19|8.15|6.84|1.39|2.05|67.06|2460.94|2036.68|15.6|
|五粮液|000858.SZ|2018-08-29|2471.81|2417.15|25.55|20.93|4.32|4.32|25.31|34.34|8.19|6.87|1.38|2.04|67.36|2471.81|2047.54|15.68|
|五粮液|000858.SZ|2018-08-28|2495.87|2440.68|25.8|21.13|4.36|4.36|25.56|34.67|8.27|6.94|1.37|2.02|68.01|2495.87|2071.61|15.87|
|五粮液|000858.SZ|2018-08-27|2535.08|2479.02|26.21|22.94|4.35|4.6|25.96|24.56|8.4|7.47|1.35|1.99|85.48|2535.08|2106.66|16.14|
|五粮液|000858.SZ|2018-08-24|2443.86|2389.82|25.26|22.11|4.19|4.44|25.02|23.68|8.1|7.2|1.4|2.06|82.41|2443.86|2015.45|15.44|
|五粮液|000858.SZ|2018-08-23|2490.05|2434.99|25.74|22.53|4.27|4.52|25.5|24.13|8.25|7.34|1.37|2.03|83.97|2490.05|2061.64|15.79|
|五粮液|000858.SZ|2018-08-22|2472.2|2417.53|25.56|22.37|4.24|4.49|25.31|23.95|8.19|7.29|1.38|2.04|83.36|2472.2|2043.78|15.66|
|五粮液|000858.SZ|2018-08-21|2497.04|2441.82|25.81|22.59|4.28|4.53|25.57|24.19|8.27|7.36|1.37|2.02|84.2|2497.04|2068.62|15.85|
|五粮液|000858.SZ|2018-08-20|2407.76|2354.52|24.89|21.79|4.13|4.37|24.65|23.33|7.98|7.1|1.42|2.1|81.19|2407.76|1979.35|15.16|
|五粮液|000858.SZ|2018-08-17|2352.64|2300.62|24.32|21.29|4.04|4.27|24.09|22.8|7.79|6.93|1.45|2.14|79.33|2352.64|1924.23|14.74|
|五粮液|000858.SZ|2018-08-16|2373.6|2321.11|24.54|21.48|4.07|4.31|24.3|23|7.86|7|1.44|2.13|80.04|2373.6|1945.19|14.9|
|五粮液|000858.SZ|2018-08-15|2458.22|2403.86|25.41|22.24|4.22|4.46|25.17|23.82|8.14|7.25|1.39|2.05|82.89|2458.22|2029.81|15.55|
|五粮液|000858.SZ|2018-08-14|2526.93|2471.05|26.12|22.86|4.33|4.59|25.87|24.48|8.37|7.45|1.35|2|85.21|2526.93|2098.51|16.07|
|五粮液|000858.SZ|2018-08-13|2500.14|2444.86|25.84|22.62|4.29|4.54|25.6|24.22|8.28|7.37|1.37|2.02|84.31|2500.14|2071.73|15.87|
|五粮液|000858.SZ|2018-08-10|2563.8|2507.11|26.5|23.2|4.4|4.66|26.25|24.84|8.49|7.56|1.33|1.97|86.45|2563.8|2135.39|16.36|
|五粮液|000858.SZ|2018-08-09|2575.84|2518.87|26.63|23.31|4.42|4.68|26.38|24.96|8.53|7.59|1.33|1.96|86.86|2575.84|2147.42|16.45|
|五粮液|000858.SZ|2018-08-08|2501.31|2445.99|25.86|22.63|4.29|4.54|25.61|24.24|8.29|7.37|1.37|2.02|84.35|2501.31|2072.89|15.88|
|五粮液|000858.SZ|2018-08-07|2580.49|2523.43|26.68|23.35|4.43|4.69|26.42|25|8.55|7.61|1.32|1.96|87.02|2580.49|2152.08|16.48|
|五粮液|000858.SZ|2018-08-06|2497.43|2442.2|25.82|22.6|4.28|4.53|25.57|24.2|8.27|7.36|1.37|2.02|84.22|2497.43|2069.01|15.85|
|五粮液|000858.SZ|2018-08-03|2549.05|2492.68|26.35|23.07|4.37|4.63|26.1|24.7|8.44|7.51|1.34|1.98|85.96|2549.05|2120.64|16.24|
|五粮液|000858.SZ|2018-08-02|2636.39|2578.09|27.25|23.86|4.52|4.79|27|25.54|8.73|7.77|1.3|1.91|88.9|2636.39|2207.97|16.91|
|五粮液|000858.SZ|2018-08-01|2717.9|2657.8|28.1|24.59|4.66|4.93|27.83|26.33|9|8.01|1.26|1.86|91.65|2717.9|2289.49|17.54|
|五粮液|000858.SZ|2018-07-31|2800.58|2738.65|28.95|25.34|4.8|5.09|28.68|27.14|9.28|8.26|1.22|1.8|94.44|2800.58|2372.17|18.17|
|五粮液|000858.SZ|2018-07-30|2818.05|2755.73|29.13|25.5|4.83|5.12|28.86|27.31|9.34|8.31|1.21|1.79|95.03|2818.05|2389.63|18.3|
|五粮液|000858.SZ|2018-07-27|2879.76|2816.08|29.77|26.06|4.94|5.23|29.49|27.9|9.54|8.49|1.19|1.75|97.11|2879.76|2451.35|18.78|
|五粮液|000858.SZ|2018-07-26|2879.76|2816.08|29.77|26.06|4.94|5.23|29.49|27.9|9.54|8.49|1.19|1.75|97.11|2879.76|2451.35|18.78|
|五粮液|000858.SZ|2018-07-25|2911.21|2846.83|30.09|26.34|4.99|5.29|29.81|28.21|9.64|8.58|1.17|1.73|98.17|2911.21|2482.79|19.02|
|五粮液|000858.SZ|2018-07-24|2912.37|2847.97|30.11|26.35|5|5.29|29.82|28.22|9.65|8.58|1.17|1.73|98.21|2912.37|2483.96|19.03|
|五粮液|000858.SZ|2018-07-23|2799.42|2737.51|28.94|25.33|4.8|5.08|28.66|27.12|9.27|8.25|1.22|1.8|94.4|2799.42|2371|18.16|
|五粮液|000858.SZ|2018-07-20|2850.26|2787.23|29.46|25.79|4.89|5.18|29.19|27.62|9.44|8.4|1.2|1.77|96.11|2850.26|2421.85|18.55|
|五粮液|000858.SZ|2018-07-19|2848.32|2785.34|29.44|25.77|4.89|5.17|29.17|27.6|9.44|8.4|1.2|1.77|96.05|2848.32|2419.91|18.54|
|五粮液|000858.SZ|2018-07-18|2845.61|2782.68|29.42|25.75|4.88|5.17|29.14|27.57|9.43|8.39|1.2|1.77|95.96|2845.61|2417.19|18.52|
|五粮液|000858.SZ|2018-07-17|2873.94|2810.39|29.71|26|4.93|5.22|29.43|27.85|9.52|8.47|1.19|1.76|96.91|2873.94|2445.53|18.73|
|五粮液|000858.SZ|2018-07-16|2927.51|2862.77|30.26|26.49|5.02|5.32|29.98|28.37|9.7|8.63|1.17|1.72|98.72|2927.51|2499.1|19.14|
|五粮液|000858.SZ|2018-07-13|2940.32|2875.3|30.39|26.61|5.04|5.34|30.11|28.49|9.74|8.67|1.16|1.72|99.15|2940.32|2511.9|19.24|
|五粮液|000858.SZ|2018-07-12|2868.51|2805.07|29.65|25.96|4.92|5.21|29.37|27.79|9.5|8.46|1.19|1.76|96.73|2868.51|2440.09|18.69|
|五粮液|000858.SZ|2018-07-11|2797.86|2735.99|28.92|25.32|4.8|5.08|28.65|27.11|9.27|8.25|1.22|1.8|94.35|2797.86|2369.45|18.15|
|五粮液|000858.SZ|2018-07-10|2847.94|2784.96|29.44|25.77|4.88|5.17|29.16|27.59|9.43|8.39|1.2|1.77|96.03|2847.94|2419.52|18.53|
|五粮液|000858.SZ|2018-07-09|2854.53|2791.41|29.51|25.83|4.9|5.18|29.23|27.66|9.46|8.41|1.2|1.77|96.26|2854.53|2426.12|18.58|
|五粮液|000858.SZ|2018-07-06|2741.19|2680.57|28.34|24.8|4.7|4.98|28.07|26.56|9.08|8.08|1.25|1.84|92.44|2741.19|2312.78|17.72|
|五粮液|000858.SZ|2018-07-05|2748.95|2688.16|28.42|24.87|4.71|4.57|28.15|26.64|9.11|8.1|1.24||92.7|2748.95|2320.54|17.78|
|五粮液|000858.SZ|2018-07-04|2744.3|2683.61|28.37|24.83|4.71|4.56|28.1|26.59|9.09|8.09|1.24||92.54|2744.3|2315.88|17.74|
|五粮液|000858.SZ|2018-07-03|2809.51|2747.38|29.04|25.42|4.82|4.67|28.77|27.22|9.31|8.28|1.22||94.74|2809.51|2381.09|18.24|
|五粮液|000858.SZ|2018-07-02|2883.26|2819.5|29.81|26.09|4.95|4.8|29.52|27.94|9.55|8.5|1.18||97.23|2883.26|2454.84|18.8|
|五粮液|000858.SZ|2018-06-29|2950.02|2884.79|30.5|26.69|5.06|4.91|30.21|28.58|9.77|8.7|1.16||99.48|2950.02|2521.61|19.32|
|五粮液|000858.SZ|2018-06-28|2858.8|2795.59|29.55|25.87|4.9|4.76|29.27|27.7|9.47|8.43|1.2||96.4|2858.8|2430.39|18.62|
|五粮液|000858.SZ|2018-06-27|2971.37|2905.66|30.72|26.89|5.1|4.94|30.43|28.79|9.84|8.76|1.15||100.2|2971.37|2542.96|19.48|
|五粮液|000858.SZ|2018-06-26|3162.73|3092.79|32.69|28.62|5.42|5.26|32.38|30.64|10.48|9.32|1.08||106.65|3162.73|2734.32|20.94|
|五粮液|000858.SZ|2018-06-25|3187.19|3116.71|32.95|28.84|5.47|5.3|32.63|30.88|10.56|9.39|1.07||107.47|3187.19|2758.77|21.13|
|五粮液|000858.SZ|2018-06-22|3112.27|3043.45|32.17|28.16|5.34|5.18|31.87|30.16|10.31|9.17|1.1||104.95|3112.27|2683.86|20.56|
|五粮液|000858.SZ|2018-06-21|3139.44|3070.02|32.45|28.41|5.38|5.22|32.15|30.42|10.4|9.25|1.09||105.86|3139.44|2711.03|20.77|
|五粮液|000858.SZ|2018-06-20|3185.25|3114.81|32.93|28.82|5.46|5.3|32.62|30.86|10.55|9.39|1.07||107.41|3185.25|2756.83|21.12|
|五粮液|000858.SZ|2018-06-19|3100.63|3032.06|32.05|28.06|5.32|5.16|31.75|30.04|10.27|9.14|1.1||104.56|3100.63|2672.22|20.47|
|五粮液|000858.SZ|2018-06-15|3231.44|3159.98|33.4|29.24|5.54|5.38|33.09|31.31|10.7|9.53|1.06||108.97|3231.44|2803.03|21.47|
|五粮液|000858.SZ|2018-06-14|3276.47|3204.01|33.87|29.65|5.62|5.45|33.55|31.75|10.85|9.66|1.04||110.49|3276.47|2848.05|21.82|
|五粮液|000858.SZ|2018-06-13|3317.61|3244.25|34.3|30.02|5.69|5.52|33.97|32.15|10.99|9.78|1.03||111.87|3317.61|2889.2|22.13|
|五粮液|000858.SZ|2018-06-12|3338.18|3264.36|34.51|30.21|5.73|5.55|34.18|32.34|11.06|9.84|1.02||112.57|3338.18|2909.77|22.29|
|五粮液|000858.SZ|2018-06-11|3201.55|3130.75|33.1|28.97|5.49|5.33|32.78|31.02|10.61|9.44|1.07||107.96|3201.55|2773.14|21.24|
|五粮液|000858.SZ|2018-06-08|3120.42|3051.42|32.26|28.23|5.35|5.19|31.95|30.23|10.34|9.2|1.09||105.22|3120.42|2692.01|20.62|
|五粮液|000858.SZ|2018-06-07|3138.28|3068.88|32.44|28.4|5.38|5.22|32.13|30.41|10.4|9.25|1.09||105.83|3138.28|2709.87|20.76|
|五粮液|000858.SZ|2018-06-06|3187.19|3116.71|32.95|28.84|5.47|5.3|32.63|30.88|10.56|9.39|1.07||107.47|3187.19|2758.77|21.13|
|五粮液|000858.SZ|2018-06-05|3213.97|3142.9|33.22|29.08|5.51|5.35|32.91|31.14|10.65|9.47|1.06||108.38|3213.97|2785.56|21.34|
|五粮液|000858.SZ|2018-06-04|3175.16|3104.94|32.82|28.73|5.45|5.28|32.51|30.77|10.52|9.36|1.08||107.07|3175.16|2746.74|21.04|
|五粮液|000858.SZ|2018-06-01|3051.72|2984.24|31.55|27.61|5.23|5.08|31.25|29.57|10.11|9|1.12||102.91|3051.72|2623.31|20.09|
|五粮液|000858.SZ|2018-05-31|3065.69|2997.9|31.69|27.74|5.26|5.1|31.39|29.7|10.16|9.04|1.11||103.38|3065.69|2637.28|20.2|
|五粮液|000858.SZ|2018-05-30|2981.07|2915.15|30.82|26.97|5.11|4.96|30.52|28.88|9.88|8.79|1.15||100.52|2981.07|2552.66|19.55|
|五粮液|000858.SZ|2018-05-29|2963.22|2897.69|30.63|26.81|5.08|4.93|30.34|28.71|9.82|8.73|1.15||99.92|2963.22|2534.81|19.42|
|五粮液|000858.SZ|2018-05-28|3006.31|2939.82|31.08|27.2|5.16|5|30.78|29.13|9.96|8.86|1.14||101.38|3006.31|2577.89|19.75|
|五粮液|000858.SZ|2018-05-25|2884.03|2820.26|29.81|26.1|4.95|4.8|29.53|27.94|9.55|8.5|1.18||97.25|2884.03|2455.62|18.81|
|五粮液|000858.SZ|2018-05-24|2873.17|2809.63|29.7|26|4.93|4.78|29.42|27.84|9.52|8.47|1.19||96.89|2873.17|2444.75|18.73|
|五粮液|000858.SZ|2018-05-23|2967.1|2901.49|30.67|26.85|5.09|4.94|30.38|28.75|9.83|8.75|1.15||100.05|2967.1|2538.69|19.45|
|五粮液|000858.SZ|2018-05-22|3014.07|2947.42|31.16|27.27|5.17|5.01|30.86|29.2|9.98|8.88|1.13||101.64|3014.07|2585.66|19.81|
|五粮液|000858.SZ|2018-05-21|2995.83|2929.58|30.97|27.11|5.14|4.98|30.68|29.03|9.92|8.83|1.14||101.02|2995.83|2567.41|19.67|
|五粮液|000858.SZ|2018-05-18|3011.74|2945.14|31.13|27.25|5.17|5.01|30.84|29.18|9.98|8.88|1.13||101.56|3011.74|2583.33|19.79|
|五粮液|000858.SZ|2018-05-17|2991.56|2925.4|30.92|27.07|5.13|4.98|30.63|28.99|9.91|8.82|1.14||100.88|2991.56|2563.14|19.63|
|五粮液|000858.SZ|2018-05-16|3073.07|3005.11|31.77|27.81|5.27|5.11|31.47|29.78|10.18|9.06|1.11||103.63|3073.07|2644.66|20.26|
|五粮液|000858.SZ|2018-05-15|3081.22|3013.08|31.85|27.88|5.28|5.13|31.55|29.86|10.21|9.08|1.11||103.9|3081.22|2652.81|20.32|
|五粮液|000858.SZ|2018-05-14|3040.08|2972.85|31.43|27.51|5.21|5.06|31.13|29.46|10.07|8.96|1.12||102.51|3040.08|2611.66|20.01|
|五粮液|000858.SZ|2018-05-11|2991.17|2925.02|30.92|27.07|5.13|4.98|30.63|28.98|9.91|8.82|1.14|1.14|100.86|2991.17|2562.75|19.63|
|五粮液|000858.SZ|2018-05-10|3026.88|2959.94|31.29|27.39|5.19|5.03|30.99|29.33|10.03|8.92|1.13|1.13|102.07|3026.88|2598.46|19.9|
|五粮液|000858.SZ|2018-05-09|2959.73|2894.28|30.6|26.78|5.08|4.92|30.31|28.68|9.8|8.72|1.15|1.15|99.8|2959.73|2531.31|19.39|
|五粮液|000858.SZ|2018-05-08|2951.57|2886.3|30.51|26.71|5.06|4.91|30.22|28.6|9.78|8.7|1.16|1.16|99.53|2951.57|2523.16|19.33|
|五粮液|000858.SZ|2018-05-07|2950.02|2884.79|30.5|26.69|5.06|4.91|30.21|28.58|9.77|8.7|1.16|1.16|99.48|2950.02|2521.61|19.32|
|五粮液|000858.SZ|2018-05-04|2829.69|2767.12|29.25|25.6|4.85|4.71|28.97|27.42|9.37|8.34|1.21|1.21|95.42|2829.69|2401.28|18.39|
|五粮液|000858.SZ|2018-05-03|2864.63|2801.28|29.61|25.92|4.91|4.76|29.33|27.76|9.49|8.44|1.19|1.19|96.6|2864.63|2436.21|18.66|
|五粮液|000858.SZ|2018-05-02|2764.48|2703.35|28.58|25.01|4.74|4.6|28.31|26.79|9.16|8.15|1.24|1.24|93.22|2764.48|2336.07|17.89|
|五粮液|000858.SZ|2018-04-27|2638.72|2580.37|38.89|30.51|5.21|5.03|22.56|36.51|10.75|9.16|1.29|1.29|193.72|2638.72|2268.62|24.73|
|五粮液|000858.SZ|2018-04-26|2682.19|2622.88|39.53|31.02|5.3|5.11|22.93|37.11|10.93|9.31|1.27|1.27|196.91|2682.19|2312.1|25.2|
|五粮液|000858.SZ|2018-04-25|2807.96|2745.86|41.39|32.47|5.55|5.35|24.01|38.85|11.44|9.74|1.22|1.22|206.15|2807.96|2437.86|26.57|
|五粮液|000858.SZ|2018-04-24|2811.45|2749.28|41.44|32.51|5.55|5.36|24.04|38.9|11.45|9.75|1.22|1.22|206.4|2811.45|2441.35|26.61|
|五粮液|000858.SZ|2018-04-23|2705.09|2645.27|39.87|31.28|5.34|5.16|23.13|37.43|11.02|9.39|1.26|1.26|198.59|2705.09|2335|25.45|
|五粮液|000858.SZ|2018-04-20|2702.76|2643|39.84|31.25|5.34|5.15|23.11|37.4|11.01|9.38|1.26|1.26|198.42|2702.76|2332.67|25.43|
|五粮液|000858.SZ|2018-04-19|2731.49|2671.08|40.26|31.59|5.4|5.4|23.35|37.79|11.13|9.48|1.25|1.25|200.53|2731.49|2361.39|25.74|
|五粮液|000858.SZ|2018-04-18|2517.86|2517.72|37.11|29.12|4.97|4.97|21.53|34.84|10.26|8.74|1.36|1.36|184.85|2517.86|2147.77|23.41|
|五粮液|000858.SZ|2018-04-17|2543.3|2543.15|37.49|29.41|5.02|5.02|21.74|35.19|10.36|8.82|1.34|1.34|186.72|2543.3|2173.2|23.69|
|五粮液|000858.SZ|2018-04-16|2580.12|2579.97|38.03|29.83|5.1|5.1|22.06|35.7|10.51|8.95|1.32|1.32|189.42|2580.12|2210.02|24.09|
|五粮液|000858.SZ|2018-04-13|2580.5|2580.35|38.03|29.84|5.1|5.1|22.06|35.7|10.51|8.95|1.32|1.32|189.45|2580.5|2210.4|24.09|
|五粮液|000858.SZ|2018-04-12|2626.81|2626.66|38.72|30.37|5.19|5.19|22.46|36.34|10.7|9.11|1.3|1.3|192.85|2626.81|2256.71|24.6|
|五粮液|000858.SZ|2018-04-11|2668.94|2668.79|39.34|30.86|5.27|5.27|22.82|36.93|10.87|9.26|1.28|1.28|195.94|2668.94|2298.85|25.06|
|五粮液|000858.SZ|2018-04-10|2671.6|2671.45|39.38|30.89|5.28|5.28|22.84|36.96|10.88|9.27|1.28|1.28|196.13|2671.6|2301.51|25.09|
|五粮液|000858.SZ|2018-04-09|2647.69|2647.54|39.03|30.62|5.23|5.23|22.64|36.63|10.79|9.19|1.29|1.29|194.38|2647.69|2277.59|24.82|
|五粮液|000858.SZ|2018-04-04|2653.38|2653.23|39.11|30.68|5.24|5.24|22.68|36.71|10.81|9.21|1.29|1.29|194.8|2653.38|2283.29|24.89|
|五粮液|000858.SZ|2018-04-03|2547.85|2547.71|37.55|29.46|5.03|5.03|21.78|35.25|10.38|8.84|1.34|1.34|187.05|2547.85|2177.76|23.74|
|五粮液|000858.SZ|2018-04-02|2521.66|2521.52|37.17|29.16|4.98|4.98|21.56|34.89|10.27|8.75|1.35|1.35|185.13|2521.66|2151.57|23.45|
|五粮液|000858.SZ|2018-03-30|2519|2518.86|37.13|29.13|4.98|4.98|21.54|34.85|10.26|8.74|1.36|1.36|184.93|2519|2148.91|23.42|
|五粮液|000858.SZ|2018-03-29|2562.28|2562.13|37.77|29.63|5.06|5.06|21.91|35.45|10.44|8.89|1.33|1.33|188.11|2562.28|2192.18|23.89|
|五粮液|000858.SZ|2018-03-28|2457.51|2457.37|36.22|28.42|4.85|4.85|21.01|34|10.01|8.53|1.39|1.39|180.42|2457.51|2087.41|22.75|
|五粮液|000858.SZ|2018-03-27|2599.1|2598.95|38.31|30.05|5.13|5.13|22.22|35.96|10.59|9.02|1.31|1.31|190.81|2599.1|2229|24.3|
|五粮液|000858.SZ|2018-03-26|2656.8|2656.65|39.16|30.72|5.25|5.25|22.71|36.76|10.82|9.22|1.29|1.29|195.05|2656.8|2286.7|24.92|
|五粮液|000858.SZ|2018-03-23|2709.18|2709.03|39.93|31.33|5.35|5.35|23.16|37.48|11.04|9.4|1.26|1.26|198.89|2709.18|2339.09|25.5|
|五粮液|000858.SZ|2018-03-22|2738.03|2737.88|40.36|31.66|5.41|5.41|23.41|37.88|11.16|9.5|1.25|1.25|201.01|2738.03|2367.94|25.81|
|五粮液|000858.SZ|2018-03-21|2828.75|2828.59|41.69|32.71|5.59|5.59|24.18|39.14|11.53|9.81|1.21|1.21|207.67|2828.75|2458.66|26.8|
|五粮液|000858.SZ|2018-03-20|2871.65|2871.49|42.33|33.21|5.67|5.67|24.55|39.73|11.7|9.96|1.19|1.19|210.82|2871.65|2501.55|27.27|
|五粮液|000858.SZ|2018-03-19|2949.85|2949.68|43.48|34.11|5.83|5.83|25.22|40.81|12.02|10.23|1.16|1.16|216.56|2949.85|2579.75|28.12|
|五粮液|000858.SZ|2018-03-16|2917.96|2917.79|43.01|33.74|5.76|5.76|24.95|40.37|11.89|10.12|1.17|1.17|214.22|2917.96|2547.86|27.77|
|五粮液|000858.SZ|2018-03-15|2960.85|2960.69|43.64|34.24|5.85|5.85|25.31|40.97|12.06|10.27|1.15|1.15|217.37|2960.85|2590.76|28.24|
|五粮液|000858.SZ|2018-03-14|2867.85|2867.69|42.27|33.16|5.66|5.66|24.52|39.68|11.68|9.95|1.19|1.19|210.54|2867.85|2497.76|27.22|
|五粮液|000858.SZ|2018-03-13|2832.17|2832.01|41.74|32.75|5.59|5.59|24.21|39.19|11.54|9.83|1.21|1.21|207.92|2832.17|2462.08|26.84|
|五粮液|000858.SZ|2018-03-12|2890.63|2890.46|42.61|33.43|5.71|5.71|24.71|39.99|11.78|10.03|1.18|1.18|212.21|2890.63|2520.53|27.47|
|五粮液|000858.SZ|2018-03-09|2926.69|2926.52|43.14|33.84|5.78|5.78|25.02|40.49|11.92|10.15|1.17|1.17|214.86|2926.69|2556.6|27.87|
|五粮液|000858.SZ|2018-03-08|2919.1|2918.93|43.03|33.75|5.77|5.77|24.96|40.39|11.89|10.13|1.17|1.17|214.3|2919.1|2549|27.78|
|五粮液|000858.SZ|2018-03-07|2781.68|2781.53|41|32.17|5.49|5.49|23.78|38.49|11.33|9.65|1.23|1.23|204.22|2781.68|2411.59|26.29|
|五粮液|000858.SZ|2018-03-06|2780.17|2780.01|40.98|32.15|5.49|5.49|23.77|38.47|11.33|9.65|1.23|1.23|204.1|2780.17|2410.07|26.27|
|五粮液|000858.SZ|2018-03-05|2736.51|2736.36|40.33|31.64|5.41|5.41|23.4|37.86|11.15|9.49|1.25|1.25|200.9|2736.51|2366.42|25.79|
|五粮液|000858.SZ|2018-03-02|2787|2786.84|41.08|32.23|5.51|5.51|23.83|38.56|11.36|9.67|1.23|1.23|204.61|2787|2416.9|26.34|
|五粮液|000858.SZ|2018-03-01|2821.16|2821|41.58|32.62|5.57|5.57|24.12|39.03|11.49|9.79|1.21|1.21|207.11|2821.16|2451.07|26.72|
|五粮液|000858.SZ|2018-02-28|2819.64|2819.48|41.56|32.6|5.57|5.57|24.11|39.01|11.49|9.78|1.21|1.21|207|2819.64|2449.55|26.7|
|五粮液|000858.SZ|2018-02-27|2888.73|2888.57|42.58|33.4|5.71|5.71|24.7|39.97|11.77|10.02|1.18|1.18|212.08|2888.73|2518.64|27.45|
|五粮液|000858.SZ|2018-02-26|2980.59|2980.42|43.93|34.47|5.89|5.89|25.48|41.24|12.14|10.34|1.15|1.15|218.82|2980.59|2610.5|28.45|
|五粮液|000858.SZ|2018-02-23|3023.11|3022.94|44.56|34.96|5.97|5.97|25.85|41.83|12.32|10.49|1.13|1.13|221.94|3023.11|2653.01|28.92|
|五粮液|000858.SZ|2018-02-22|3040.57|3040.4|44.82|35.16|6.01|6.01|26|42.07|12.39|10.55|1.12|1.12|223.22|3040.57|2670.47|29.11|
|五粮液|000858.SZ|2018-02-14|2907.71|2907.55|42.86|33.62|5.74|5.74|24.86|40.23|11.85|10.09|1.17|1.17|213.47|2907.71|2537.62|27.66|
|五粮液|000858.SZ|2018-02-13|2850.77|2850.61|42.02|32.96|5.63|5.63|24.37|39.44|11.62|9.89|1.2|1.2|209.29|2850.77|2480.68|27.04|
|五粮液|000858.SZ|2018-02-12|2824.2|2824.04|41.63|32.66|5.58|5.58|24.15|39.08|11.51|9.8|1.21|1.21|207.34|2824.2|2454.1|26.75|
|五粮液|000858.SZ|2018-02-09|2702.73|2702.57|39.84|31.25|5.34|5.34|23.11|37.39|11.01|9.38|1.26|1.26|198.42|2702.73|2332.63|25.42|
|五粮液|000858.SZ|2018-02-08|2733.86|2733.7|40.3|31.61|5.4|5.4|23.37|37.83|11.14|9.49|1.25|1.25|200.71|2733.86|2363.76|25.76|
|五粮液|000858.SZ|2018-02-07|2695.9|2695.74|39.74|31.17|5.33|5.33|23.05|37.3|10.98|9.35|1.27|1.27|197.92|2695.9|2325.8|25.35|
|五粮液|000858.SZ|2018-02-06|2901.64|2901.47|42.77|33.55|5.73|5.73|24.81|40.15|11.82|10.07|1.18|1.18|213.02|2901.64|2531.54|27.59|
|五粮液|000858.SZ|2018-02-05|2955.92|2955.75|43.57|34.18|5.84|5.84|25.27|40.9|12.04|10.26|1.16|1.16|217.01|2955.92|2585.82|28.18|
|五粮液|000858.SZ|2018-02-02|3123.32|3123.14|46.04|36.12|6.17|6.17|26.7|43.21|12.73|10.84|1.09|1.09|229.3|3123.32|2753.23|30.01|
|五粮液|000858.SZ|2018-02-01|3149.89|3149.71|46.43|36.42|6.22|6.22|26.93|43.58|12.83|10.93|1.08|1.08|231.25|3149.89|2779.8|30.3|
|五粮液|000858.SZ|2018-01-31|3203.04|3202.85|47.21|37.04|6.33|6.33|27.38|44.32|13.05|11.11|1.07|1.07|235.15|3203.04|2832.94|30.88|
|五粮液|000858.SZ|2018-01-30|3089.92|3089.74|45.54|35.73|6.1|6.1|26.42|42.75|12.59|10.72|1.11|1.11|226.85|3089.92|2719.82|29.64|
|五粮液|000858.SZ|2018-01-29|3115.73|3115.55|45.92|36.03|6.15|6.15|26.64|43.11|12.69|10.81|1.1|1.1|228.74|3115.73|2745.63|29.93|
|五粮液|000858.SZ|2018-01-26|3296.42|3296.23|48.59|38.12|6.51|6.51|28.18|45.61|13.43|11.44|1.04|1.04|242.01|3296.42|2926.32|31.9|
|五粮液|000858.SZ|2018-01-25|3264.53|3264.35|48.12|37.75|6.45|6.45|27.91|45.17|13.3|11.33|1.05|1.05|239.66|3264.53|2894.44|31.55|
|五粮液|000858.SZ|2018-01-24|3315.78|3315.59|48.87|38.34|6.55|6.55|28.35|45.88|13.51|11.5|1.03|1.03|243.43|3315.78|2945.68|32.11|
|五粮液|000858.SZ|2018-01-23|3405.36|3405.17|50.19|39.38|6.73|6.73|29.11|47.12|13.87|11.82|1|1|250|3405.36|3035.27|33.08|
|五粮液|000858.SZ|2018-01-22|3432.31|3432.12|50.59|39.69|6.78|6.78|29.34|47.49|13.98|11.91|1|1|251.98|3432.31|3062.22|33.38|
|五粮液|000858.SZ|2018-01-19|3233.02|3232.84|47.65|37.38|6.39|6.39|27.64|44.73|13.17|11.22|1.06|1.06|237.35|3233.02|2862.93|31.2|
|五粮液|000858.SZ|2018-01-18|3279.72|3279.53|48.34|37.92|6.48|6.48|28.04|45.38|13.36|11.38|1.04|1.04|240.78|3279.72|2909.62|31.71|
|五粮液|000858.SZ|2018-01-17|3264.91|3264.73|48.12|37.75|6.45|6.45|27.91|45.17|13.3|11.33|1.05|1.05|239.69|3264.91|2894.82|31.55|
|五粮液|000858.SZ|2018-01-16|3447.5|3447.3|50.81|39.86|6.81|6.81|29.47|47.7|14.05|11.96|0.99|0.99|253.1|3447.5|3077.4|33.54|
|五粮液|000858.SZ|2018-01-15|3482.8|3482.6|51.33|40.27|6.88|6.88|29.78|48.19|14.19|12.08|0.98|0.98|255.69|3482.8|3112.7|33.93|
|五粮液|000858.SZ|2018-01-12|3468.37|3468.18|51.12|40.11|6.85|6.85|29.65|47.99|14.13|12.03|0.98|0.98|254.63|3468.37|3098.28|33.77|
|五粮液|000858.SZ|2018-01-11|3338.93|3338.74|49.21|38.61|6.6|6.6|28.55|46.2|13.6|11.58|1.02|1.02|245.13|3338.93|2968.84|32.36|
|五粮液|000858.SZ|2018-01-10|3374.61|3374.42|49.74|39.02|6.67|6.67|28.85|46.69|13.75|11.71|1.01|1.01|247.75|3374.61|3004.52|32.75|
|五粮液|000858.SZ|2018-01-09|3268.33|3268.14|48.17|37.79|6.46|6.46|27.94|45.22|13.32|11.34|1.05|1.05|239.94|3268.33|2898.23|31.59|
|五粮液|000858.SZ|2018-01-08|3120.28|3120.11|45.99|36.08|6.16|6.16|26.68|43.17|12.71|10.83|1.09|1.09|229.07|3120.28|2750.19|29.98|
|五粮液|000858.SZ|2018-01-05|3138.51|3138.33|46.26|36.29|6.2|6.2|26.83|43.42|12.79|10.89|1.09|1.09|230.41|3138.51|2768.41|30.17|
|五粮液|000858.SZ|2018-01-04|3150.27|3150.09|46.43|36.43|6.22|6.22|26.93|43.59|12.84|10.93|1.08|1.08|231.28|3150.27|2780.18|30.3|
|五粮液|000858.SZ|2018-01-03|3070.94|3070.76|45.26|35.51|6.07|6.07|26.25|42.49|12.51|10.65|1.11|1.11|225.45|3070.94|2700.84|29.44|
|五粮液|000858.SZ|2018-01-02|3058.79|3058.62|45.08|35.37|6.04|6.04|26.15|42.32|12.46|10.61|1.12|1.12|224.56|3058.79|2688.7|29.31|
|五粮液|000858.SZ|2017-12-29|3032.22|3032.05|44.69|35.06|5.99|5.99|25.92|41.95|12.35|10.52|1|1.13|222.61|3032.22|2662.12|29.02|
|五粮液|000858.SZ|2017-12-28|3069.42|3069.24|45.24|35.49|6.06|6.06|26.24|42.47|12.51|10.65|0.99|1.11|225.34|3069.42|2699.32|29.42|
|五粮液|000858.SZ|2017-12-27|2957.06|2956.89|43.59|34.19|5.84|5.84|25.28|40.91|12.05|10.26|1.03|1.16|217.09|2957.06|2586.96|28.2|
|五粮液|000858.SZ|2017-12-26|3016.65|3016.48|44.46|34.88|5.96|5.96|25.79|41.74|12.29|10.47|1.01|1.13|221.47|3016.65|2646.56|28.85|
|五粮液|000858.SZ|2017-12-25|3058.03|3057.86|45.07|35.36|6.04|6.04|26.14|42.31|12.46|10.61|0.99|1.12|224.5|3058.03|2687.94|29.3|
|五粮液|000858.SZ|2017-12-22|3058.79|3058.62|45.08|35.37|6.04|6.04|26.15|42.32|12.46|10.61|0.99|1.12|224.56|3058.79|2688.7|29.31|
|五粮液|000858.SZ|2017-12-21|3118.39|3118.21|45.96|36.06|6.16|6.16|26.66|43.15|12.71|10.82|0.97|1.1|228.94|3118.39|2748.29|29.96|
|五粮液|000858.SZ|2017-12-20|3097.51|3097.33|45.66|35.82|6.12|6.12|26.48|42.86|12.62|10.75|0.98|1.1|227.4|3097.51|2727.41|29.73|
|五粮液|000858.SZ|2017-12-19|2976.8|2976.63|43.88|34.42|5.88|5.88|25.45|41.19|12.13|10.33|1.02|1.15|218.54|2976.8|2606.7|28.41|
|五粮液|000858.SZ|2017-12-18|2925.93|2925.76|43.13|33.83|5.78|5.78|25.01|40.48|11.92|10.15|1.04|1.17|214.81|2925.93|2555.84|27.86|
|五粮液|000858.SZ|2017-12-15|2769.16|2769|40.82|32.02|5.47|5.47|23.67|38.31|11.28|9.61|1.1|1.23|203.3|2769.16|2399.06|26.15|
|五粮液|000858.SZ|2017-12-14|2835.21|2835.05|41.79|32.78|5.6|5.6|24.24|39.23|11.55|9.84|1.07|1.21|208.15|2835.21|2465.11|26.87|
|五粮液|000858.SZ|2017-12-13|2814.71|2814.55|41.49|32.55|5.56|5.56|24.06|38.94|11.47|9.77|1.08|1.21|206.64|2814.71|2444.61|26.65|
|五粮液|000858.SZ|2017-12-12|2727.78|2727.63|40.21|31.54|5.39|5.39|23.32|37.74|11.11|9.46|1.11|1.25|200.26|2727.78|2357.69|25.7|
|五粮液|000858.SZ|2017-12-11|2729.3|2729.14|40.23|31.56|5.39|5.39|23.33|37.76|11.12|9.47|1.11|1.25|200.37|2729.3|2359.21|25.71|
|五粮液|000858.SZ|2017-12-08|2577.46|2577.31|37.99|29.8|5.09|5.09|22.04|35.66|10.5|8.94|1.18|1.33|189.22|2577.46|2207.37|24.06|
|五粮液|000858.SZ|2017-12-07|2503.82|2503.68|36.9|28.95|4.95|4.95|21.41|34.64|10.2|8.69|1.21|1.36|183.82|2503.82|2133.73|23.26|
|五粮液|000858.SZ|2017-12-06|2593.4|2593.26|38.23|29.99|5.12|5.12|22.17|35.88|10.57|9|1.17|1.32|190.39|2593.4|2223.31|24.23|
|五粮液|000858.SZ|2017-12-05|2593.4|2593.26|38.23|29.99|5.12|5.12|22.17|35.88|10.57|9|1.17|1.32|190.39|2593.4|2223.31|24.23|
|五粮液|000858.SZ|2017-12-04|2579.36|2579.21|38.02|29.83|5.09|5.09|22.05|35.69|10.51|8.95|1.18|1.32|189.36|2579.36|2209.26|24.08|
|五粮液|000858.SZ|2017-12-01|2478.77|2478.63|36.54|28.66|4.9|4.9|21.19|34.3|10.1|8.6|1.23|1.38|181.98|2478.77|2108.67|22.98|
|五粮液|000858.SZ|2017-11-30|2490.15|2490.01|36.7|28.79|4.92|4.92|21.29|34.45|10.15|8.64|1.22|1.37|182.81|2490.15|2120.06|23.11|
|五粮液|000858.SZ|2017-11-29|2513.69|2513.55|37.05|29.07|4.97|4.97|21.49|34.78|10.24|8.72|1.21|1.36|184.54|2513.69|2143.59|23.36|
|五粮液|000858.SZ|2017-11-28|2607.07|2606.92|38.43|30.15|5.15|5.15|22.29|36.07|10.62|9.05|1.16|1.31|191.4|2607.07|2236.98|24.38|
|五粮液|000858.SZ|2017-11-27|2565.69|2565.55|37.82|29.67|5.07|5.07|21.94|35.5|10.45|8.9|1.18|1.33|188.36|2565.69|2195.6|23.93|
|五粮液|000858.SZ|2017-11-24|2598.72|2598.57|38.3|30.05|5.13|5.13|22.22|35.96|10.59|9.02|1.17|1.31|190.78|2598.72|2228.62|24.29|
|五粮液|000858.SZ|2017-11-23|2564.93|2564.79|37.81|29.66|5.07|5.07|21.93|35.49|10.45|8.9|1.18|1.33|188.3|2564.93|2194.84|23.92|
|五粮液|000858.SZ|2017-11-22|2729.3|2729.14|40.23|31.56|5.39|5.39|23.33|37.76|11.12|9.47|1.11|1.25|200.37|2729.3|2359.21|25.71|
|五粮液|000858.SZ|2017-11-21|2807.12|2806.96|41.38|32.46|5.54|5.54|24|38.84|11.44|9.74|1.08|1.22|206.08|2807.12|2437.02|26.56|
|五粮液|000858.SZ|2017-11-20|2768.4|2768.24|40.8|32.01|5.47|5.47|23.67|38.3|11.28|9.61|1.1|1.23|203.24|2768.4|2398.3|26.14|
|五粮液|000858.SZ|2017-11-17|2841.66|2841.5|41.88|32.86|5.61|5.61|24.29|39.32|11.58|9.86|1.07|1.2|208.62|2841.66|2471.57|26.94|
|五粮液|000858.SZ|2017-11-16|2892.53|2892.36|42.63|33.45|5.71|5.71|24.73|40.02|11.79|10.04|1.05|1.18|212.35|2892.53|2522.43|27.49|
|五粮液|000858.SZ|2017-11-15|2839.38|2839.22|41.85|32.83|5.61|5.61|24.27|39.29|11.57|9.85|1.07|1.2|208.45|2839.38|2469.29|26.91|
|五粮液|000858.SZ|2017-11-14|2740.31|2740.15|40.39|31.69|5.41|5.41|23.43|37.91|11.16|9.51|1.11|1.25|201.18|2740.31|2370.21|25.83|
|五粮液|000858.SZ|2017-11-13|2825.72|2825.56|41.65|32.67|5.58|5.58|24.16|39.1|11.51|9.8|1.07|1.21|207.45|2825.72|2455.62|26.77|
|五粮液|000858.SZ|2017-11-10|2831.79|2831.63|41.74|32.75|5.59|5.59|24.21|39.18|11.54|9.83|1.07|1.21|207.9|2831.79|2461.7|26.83|
|五粮液|000858.SZ|2017-11-09|2700.83|2700.68|39.81|31.23|5.33|5.33|23.09|37.37|11|9.37|1.12|1.26|198.28|2700.83|2330.74|25.4|
|五粮液|000858.SZ|2017-11-08|2675.02|2674.87|39.43|30.93|5.28|5.28|22.87|37.01|10.9|9.28|1.14|1.28|196.39|2675.02|2304.92|25.12|
|五粮液|000858.SZ|2017-11-07|2695.14|2694.98|39.72|31.16|5.32|5.32|23.04|37.29|10.98|9.35|1.13|1.27|197.86|2695.14|2325.04|25.34|
|五粮液|000858.SZ|2017-11-06|2662.87|2662.72|39.25|30.79|5.26|5.26|22.77|36.84|10.85|9.24|1.14|1.28|195.49|2662.87|2292.78|24.99|
|五粮液|000858.SZ|2017-11-03|2593.78|2593.64|38.23|29.99|5.12|5.12|22.18|35.89|10.57|9|1.17|1.32|190.42|2593.78|2223.69|24.24|
|五粮液|000858.SZ|2017-11-02|2566.83|2566.69|37.83|29.68|5.07|5.07|21.94|35.51|10.46|8.91|1.18|1.33|188.44|2566.83|2196.74|23.94|
|五粮液|000858.SZ|2017-11-01|2544.06|2543.91|37.5|29.42|5.03|5.03|21.75|35.2|10.37|8.83|1.19|1.34|186.77|2544.06|2173.96|23.7|
|五粮液|000858.SZ|2017-10-31|2528.87|2528.73|37.27|29.24|5|5|21.62|34.99|10.3|8.77|1.2|1.35|185.66|2528.87|2158.78|23.53|
|五粮液|000858.SZ|2017-10-30|2543.3|2543.15|37.49|29.41|5.02|5.02|21.74|35.19|10.36|8.82|1.19|1.34|186.72|2543.3|2173.2|23.69|
|五粮液|000858.SZ|2017-10-27|2580.88|2580.73|38.04|29.84|5.1|5.1|22.06|35.71|10.52|8.95|1.18|1.32|189.47|2580.88|2210.78|24.1|
|五粮液|000858.SZ|2017-10-26|2469.66|2469.52|36.4|31.38|5.08|5.08|21.11|23.41|10.06|9.18|1.23|1.38|375.09|2469.66|2125.05|23.16|
|五粮液|000858.SZ|2017-10-25|2392.22|2392.08|35.26|30.4|4.92|4.92|20.45|22.67|9.75|8.89|1.27|1.43|363.33|2392.22|2047.61|22.32|
|五粮液|000858.SZ|2017-10-24|2413.86|2413.72|35.58|30.67|4.96|4.96|20.64|22.88|9.83|8.97|1.26|1.42|366.62|2413.86|2069.25|22.55|
|五粮液|000858.SZ|2017-10-23|2376.28|2376.14|35.02|30.2|4.89|4.89|20.32|22.52|9.68|8.83|1.28|1.44|360.91|2376.28|2031.67|22.14|
|五粮液|000858.SZ|2017-10-20|2372.86|2372.72|34.97|30.15|4.88|4.88|20.29|22.49|9.67|8.82|1.28|1.44|360.39|2372.86|2028.25|22.11|
|五粮液|000858.SZ|2017-10-19|2391.46|2391.32|35.25|30.39|4.92|4.92|20.45|22.67|9.74|8.89|1.27|1.43|363.21|2391.46|2046.85|22.31|
|五粮液|000858.SZ|2017-10-18|2328.83|2328.69|34.33|29.59|4.79|4.79|19.91|22.07|9.49|8.65|1.3|1.47|353.7|2328.83|1984.22|21.63|
|五粮液|000858.SZ|2017-10-17|2281.38|2281.25|33.63|28.99|4.69|4.69|19.5|21.62|9.3|8.48|1.33|1.5|346.49|2281.38|1936.77|21.11|
|五粮液|000858.SZ|2017-10-16|2264.29|2264.17|33.37|28.77|4.66|4.66|19.36|21.46|9.23|8.41|1.34|1.51|343.9|2264.29|1919.69|20.92|
|五粮液|000858.SZ|2017-10-13|2339.07|2338.94|34.48|29.72|4.81|4.81|20|22.17|9.53|8.69|1.3|1.46|355.26|2339.07|1994.47|21.74|
|五粮液|000858.SZ|2017-10-12|2308.33|2308.2|34.02|29.33|4.75|4.75|19.73|21.88|9.4|8.58|1.32|1.48|350.59|2308.33|1963.72|21.4|
|五粮液|000858.SZ|2017-10-11|2322.37|2322.24|34.23|29.51|4.78|4.78|19.85|22.01|9.46|8.63|1.31|1.47|352.72|2322.37|1977.77|21.56|
|五粮液|000858.SZ|2017-10-10|2246.45|2246.33|33.11|28.55|4.62|4.62|19.21|21.29|9.15|8.35|1.35|1.52|341.19|2246.45|1901.85|20.73|
|五粮液|000858.SZ|2017-10-09|2222.16|2222.03|32.75|28.24|4.57|4.57|19|21.06|9.05|8.26|1.37|1.54|337.5|2222.16|1877.55|20.46|
|五粮液|000858.SZ|2017-09-29|2174.33|2174.21|32.05|27.63|4.47|4.47|18.59|20.61|8.86|8.08|1.4|1.57|330.24|2174.33|1829.72|19.94|
|五粮液|000858.SZ|2017-09-28|2180.78|2180.66|32.14|27.71|4.48|4.48|18.64|20.67|8.89|8.1|1.39|1.57|331.22|2180.78|1836.18|20.01|
|五粮液|000858.SZ|2017-09-27|2152.31|2152.19|31.72|27.35|4.43|4.43|18.4|20.4|8.77|8|1.41|1.59|326.89|2152.31|1807.71|19.7|
|五粮液|000858.SZ|2017-09-26|2159.53|2159.4|31.83|27.44|4.44|4.44|18.46|20.47|8.8|8.03|1.41|1.58|327.99|2159.53|1814.92|19.78|
|五粮液|000858.SZ|2017-09-25|2179.64|2179.52|32.13|27.7|4.48|4.48|18.63|20.66|8.88|8.1|1.39|1.57|331.04|2179.64|1835.04|20|
|五粮液|000858.SZ|2017-09-22|2128.78|2128.66|31.38|27.05|4.38|4.38|18.2|20.18|8.67|7.91|1.43|1.6|323.32|2128.78|1784.17|19.45|
|五粮液|000858.SZ|2017-09-21|2115.11|2114.99|31.18|26.88|4.35|4.35|18.08|20.05|8.62|7.86|1.44|1.62|321.24|2115.11|1770.51|19.3|
|五粮液|000858.SZ|2017-09-20|2145.48|2145.36|31.62|27.26|4.41|4.41|18.34|20.34|8.74|7.97|1.42|1.59|325.85|2145.48|1800.87|19.63|
|五粮液|000858.SZ|2017-09-19|2143.58|2143.46|31.6|27.24|4.41|4.41|18.33|20.32|8.73|7.97|1.42|1.59|325.57|2143.58|1798.98|19.61|
|五粮液|000858.SZ|2017-09-18|2141.68|2141.56|31.57|27.22|4.4|4.4|18.31|20.3|8.73|7.96|1.42|1.6|325.28|2141.68|1797.08|19.59|
|五粮液|000858.SZ|2017-09-15|2085.12|2085.01|30.73|26.5|4.29|4.29|17.83|19.76|8.5|7.75|1.46|1.64|316.69|2085.12|1740.52|18.97|
|五粮液|000858.SZ|2017-09-14|2080.19|2080.07|30.66|26.43|4.28|4.28|17.78|19.72|8.48|7.73|1.46|1.64|315.94|2080.19|1735.58|18.92|
|五粮液|000858.SZ|2017-09-13|2086.26|2086.14|30.75|26.51|4.29|4.29|17.84|19.77|8.5|7.75|1.46|1.64|316.86|2086.26|1741.66|18.98|
|五粮液|000858.SZ|2017-09-12|2034.64|2034.52|29.99|25.86|4.18|4.18|17.39|19.29|8.29|7.56|1.49|1.68|309.02|2034.64|1690.03|18.42|
|五粮液|000858.SZ|2017-09-11|2006.93|2006.81|29.58|25.5|4.13|4.13|17.16|19.02|8.18|7.46|1.51|1.7|304.81|2006.93|1662.32|18.12|
|五粮液|000858.SZ|2017-09-08|1968.21|1968.1|29.01|25.01|4.05|4.05|16.83|18.66|8.02|7.31|1.54|1.74|298.93|1968.21|1623.6|17.7|
|五粮液|000858.SZ|2017-09-07|2017.56|2017.44|29.74|25.64|4.15|4.15|17.25|19.12|8.22|7.5|1.51|1.69|306.43|2017.56|1672.95|18.23|
|五粮液|000858.SZ|2017-09-06|2043.37|2043.25|30.12|25.97|4.2|4.2|17.47|19.37|8.33|7.59|1.49|1.67|310.35|2043.37|1698.76|18.52|
|五粮液|000858.SZ|2017-09-05|2060.07|2059.95|30.36|26.18|4.24|4.24|17.61|19.53|8.39|7.66|1.47|1.66|312.88|2060.07|1715.46|18.7|
|五粮液|000858.SZ|2017-09-04|2057.79|2057.68|30.33|26.15|4.23|4.23|17.59|19.5|8.38|7.65|1.48|1.66|312.54|2057.79|1713.19|18.67|
|五粮液|000858.SZ|2017-09-01|2106.76|2106.64|31.05|26.77|4.33|4.33|18.01|19.97|8.58|7.83|1.44|1.62|319.97|2106.76|1762.15|19.21|
|五粮液|000858.SZ|2017-08-31|2106.38|2106.26|31.05|26.77|4.33|4.33|18.01|19.97|8.58|7.83|1.44|1.62|319.92|2106.38|1761.77|19.2|
|五粮液|000858.SZ|2017-08-30|2135.23|2135.11|31.47|27.13|4.39|4.39|18.25|20.24|8.7|7.93|1.42|1.6|324.3|2135.23|1790.62|19.52|
|五粮液|000858.SZ|2017-08-29|2094.99|2094.87|30.88|26.62|4.31|4.31|17.91|19.86|8.54|7.79|1.45|1.63|318.19|2094.99|1750.39|19.08|
|五粮液|000858.SZ|2017-08-28|2104.1|2103.98|31.01|26.74|4.33|4.33|17.99|19.94|8.57|7.82|1.44|1.62|319.57|2104.1|1759.5|19.18|
|五粮液|000858.SZ|2017-08-25|2053.62|2053.5|30.27|27.47|4.05|4.35|17.56|16.07|8.37|7.94|1.48|1.66|1153.95|2053.62|1689.18|18.41|
|五粮液|000858.SZ|2017-08-24|2052.1|2051.99|30.25|27.45|4.05|4.34|17.54|16.06|8.36|7.93|1.48|1.66|1153.1|2052.1|1687.66|18.39|
|五粮液|000858.SZ|2017-08-23|2079.81|2079.69|30.66|27.83|4.1|4.4|17.78|16.27|8.47|8.04|1.46|1.64|1168.67|2079.81|1715.37|18.7|
|五粮液|000858.SZ|2017-08-22|2052.86|2052.74|30.26|27.46|4.05|4.34|17.55|16.06|8.36|7.93|1.48|1.66|1153.52|2052.86|1688.42|18.4|
|五粮液|000858.SZ|2017-08-21|2107.14|2107.02|31.06|28.19|4.16|4.46|18.01|16.49|8.59|8.14|1.44|1.62|1184.02|2107.14|1742.7|18.99|
|五粮液|000858.SZ|2017-08-18|2118.53|2118.41|31.23|28.34|4.18|4.48|18.11|16.58|8.63|8.19|1.43|1.61|1190.42|2118.53|1754.09|19.12|
|五粮液|000858.SZ|2017-08-17|2118.53|2118.41|31.23|28.34|4.18|4.48|18.11|16.58|8.63|8.19|1.43|1.61|1190.42|2118.53|1754.09|19.12|
|五粮液|000858.SZ|2017-08-16|2158.01|2157.89|31.81|28.87|4.26|4.57|18.45|16.88|8.79|8.34|1.41|1.58|1212.61|2158.01|1793.56|19.55|
|五粮液|000858.SZ|2017-08-15|2182.68|2182.56|32.17|29.2|4.31|4.62|18.66|17.08|8.89|8.43|1.39|1.57|1226.47|2182.68|1818.24|19.82|
|五粮液|000858.SZ|2017-08-14|2178.13|2178|32.1|29.14|4.3|4.61|18.62|17.04|8.87|8.42|1.39|1.57|1223.91|2178.13|1813.68|19.77|
|五粮液|000858.SZ|2017-08-11|2125.74|2125.62|31.33|28.44|4.2|4.5|18.17|16.63|8.66|8.21|1.43|1.61|1194.48|2125.74|1761.3|19.2|
|五粮液|000858.SZ|2017-08-10|2186.48|2186.36|32.23|29.25|4.32|4.63|18.69|17.11|8.91|8.45|1.39|1.56|1228.6|2186.48|1822.03|19.86|
|五粮液|000858.SZ|2017-08-09|2150.04|2149.92|31.69|28.76|4.24|4.55|18.38|16.82|8.76|8.31|1.41|1.59|1208.13|2150.04|1785.59|19.46|
|五粮液|000858.SZ|2017-08-08|2118.53|2118.41|31.23|28.34|4.18|4.48|18.11|16.58|8.63|8.19|1.43|1.61|1190.42|2118.53|1754.09|19.12|
|五粮液|000858.SZ|2017-08-07|2125.74|2125.62|31.33|28.44|4.2|4.5|18.17|16.63|8.66|8.21|1.43|1.61|1194.48|2125.74|1761.3|19.2|
|五粮液|000858.SZ|2017-08-04|2053.24|2053.12|30.26|27.47|4.05|4.35|17.55|16.07|8.37|7.93|1.48|1.66|1153.74|2053.24|1688.8|18.41|
|五粮液|000858.SZ|2017-08-03|2068.8|2068.69|30.49|27.68|4.08|4.38|17.69|16.19|8.43|7.99|1.47|1.65|1162.48|2068.8|1704.36|18.58|
|五粮液|000858.SZ|2017-08-02|2114.73|2114.62|31.17|28.29|4.17|4.48|18.08|16.55|8.62|8.17|1.44|1.62|1188.29|2114.73|1750.29|19.08|
|五粮液|000858.SZ|2017-08-01|2147.76|2147.64|31.66|28.73|4.24|4.55|18.36|16.8|8.75|8.3|1.41|1.59|1206.85|2147.76|1783.32|19.44|
|五粮液|000858.SZ|2017-07-31|2116.63|2116.51|31.2|28.32|4.18|4.48|18.1|16.56|8.62|8.18|1.43|1.61|1189.36|2116.63|1752.19|19.1|
|五粮液|000858.SZ|2017-07-28|2115.49|2115.37|31.18|28.3|4.18|4.48|18.09|16.55|8.62|8.18|1.44|1.61|1188.72|2115.49|1751.05|19.09|
|五粮液|000858.SZ|2017-07-27|2040.33|2040.22|30.07|27.3|4.03|4.32|17.44|15.96|8.31|7.88|1.49|1.67|1146.48|2040.33|1675.89|18.27|
|五粮液|000858.SZ|2017-07-26|2050.2|2050.09|30.22|27.43|4.05|4.34|17.53|16.04|8.35|7.92|1.48|1.67|1152.03|2050.2|1685.76|18.37|
|五粮液|000858.SZ|2017-07-25|2101.45|2101.33|30.97|28.11|4.15|4.45|17.97|16.44|8.56|8.12|1.45|1.63|1180.82|2101.45|1737|18.93|
|五粮液|000858.SZ|2017-07-24|2122.32|2122.21|31.28|28.39|4.19|4.49|18.14|16.61|8.65|8.2|1.43|1.61|1192.56|2122.32|1757.88|19.16|
|五粮液|000858.SZ|2017-07-21|2076.77|2076.66|30.61|27.78|4.1|4.39|17.76|16.25|8.46|8.03|1.46|1.65|1166.96|2076.77|1712.33|18.66|
|五粮液|000858.SZ|2017-07-20|2080.57|2080.45|30.67|27.84|4.11|4.4|17.79|16.28|8.48|8.04|1.46|1.64|1169.09|2080.57|1716.13|18.7|
|五粮液|000858.SZ|2017-07-19|2038.81|2038.7|30.05|27.28|4.02|4.31|17.43|15.95|8.31|7.88|1.49|1.68|1145.63|2038.81|1674.37|18.25|
|五粮液|000858.SZ|2017-07-18|1996.3|1996.19|29.42|26.71|3.94|4.22|17.07|15.62|8.13|7.71|1.52|1.71|1121.74|1996.3|1631.86|17.79|
|五粮液|000858.SZ|2017-07-17|1955.3|1955.19|28.82|26.16|3.86|4.14|16.72|15.3|7.97|7.56|1.55|1.75|1098.7|1955.3|1590.86|17.34|
|五粮液|000858.SZ|2017-07-14|1994.4|1994.29|29.4|26.68|3.94|4.22|17.05|15.6|8.13|7.71|1.52|1.71|1120.67|1994.4|1629.96|17.77|
|五粮液|000858.SZ|2017-07-13|1980.74|1980.63|29.19|26.5|3.91|4.19|16.93|15.5|8.07|7.65|1.53|1.72|1112.99|1980.74|1616.29|17.62|
|五粮液|000858.SZ|2017-07-12|1980.74|1980.63|29.19|26.5|3.91|4.19|16.93|15.5|8.07|7.65|1.53|1.72|1112.99|1980.74|1616.29|17.62|
|五粮液|000858.SZ|2017-07-11|2038.05|2037.94|30.04|27.27|4.02|4.31|17.42|15.95|8.3|7.88|1.49|1.68|1145.2|2038.05|1673.61|18.24|
|五粮液|000858.SZ|2017-07-10|2003.89|2003.78|29.54|26.81|3.95|4.24|17.13|15.68|8.16|7.74|1.52|1.7|1126.01|2003.89|1639.45|17.87|
|五粮液|000858.SZ|2017-07-07|1966.31|1966.2|28.98|26.31|3.88|4.16|16.81|15.38|8.01|7.6|1.54|1.74|1104.89|1966.31|1601.87|17.46|
|五粮液|000858.SZ|2017-07-06|2011.48|2011.37|29.65|26.91|3.97|4.26|17.2|15.74|8.2|7.77|1.51|1.7|1130.27|2011.48|1647.04|17.95|
|五粮液|000858.SZ|2017-07-05|2027.81|2027.69|29.89|27.13|4|4.29|17.34|15.87|8.26|7.84|1.5|1.68|1139.44|2027.81|1663.36|18.13|
|五粮液|000858.SZ|2017-07-04|1994.78|1994.67|29.4|26.69|3.94|4.22|17.05|15.61|8.13|7.71|1.52|1.71|1120.89|1994.78|1630.34|17.77|
|五粮液|000858.SZ|2017-07-03|2050.96|2050.85|30.23|27.44|4.05|4.34|17.53|16.05|8.36|7.93|1.48|1.67|1152.46|2050.96|1686.52|18.38|
|五粮液|000858.SZ|2017-06-30|2112.84|2112.72|31.14|28.27|4.17|4.47|18.06|16.53|8.61|8.16|1.44|1.62|1187.22|2112.84|1748.39|19.06|
|五粮液|000858.SZ|2017-06-29|2103.72|2103.61|31.01|28.15|4.15|4.45|17.99|16.46|8.57|8.13|1.44|1.62|1182.1|2103.72|1739.28|18.96|
|五粮液|000858.SZ|2017-06-28|2112.08|2111.96|31.13|28.26|4.17|4.47|18.06|16.53|8.61|8.16|1.44|1.62|1186.8|2112.08|1747.63|19.05|
|五粮液|000858.SZ|2017-06-27|2169.77|2169.65|31.98|29.03|4.28|4.59|18.55|16.98|8.84|8.38|1.4|1.57|1219.22|2169.77|1805.33|19.68|
|五粮液|000858.SZ|2017-06-26|2153.83|2153.71|31.75|28.82|4.25|4.56|18.41|16.85|8.78|8.32|1.41|1.59|1210.26|2153.83|1789.39|19.5|
|五粮液|000858.SZ|2017-06-23|2087.78|2087.67|30.77|27.93|4.12|4.42|17.85|16.34|8.51|8.07|1.45|1.64|1173.15|2087.78|1723.34|18.78|
|五粮液|000858.SZ|2017-06-22|2055.52|2055.4|30.3|27.5|4.06|4.35|17.57|16.08|8.37|7.94|1.48|1.66|1155.01|2055.52|1691.07|18.43|
|五粮液|000858.SZ|2017-06-21|2072.98|2072.86|30.55|27.73|4.09|4.39|17.72|16.22|8.45|8.01|1.46|1.65|1164.83|2072.98|1708.54|18.62|
|五粮液|000858.SZ|2017-06-20|1981.49|1981.38|29.21|26.51|3.91|4.19|16.94|15.5|8.07|7.66|1.53|1.72|1113.42|1981.49|1617.05|17.63|
|五粮液|000858.SZ|2017-06-19|1995.54|1995.43|29.41|26.7|3.94|4.22|17.06|15.61|8.13|7.71|1.52|1.71|1121.31|1995.54|1631.1|17.78|
|五粮液|000858.SZ|2017-06-16|1974.66|1974.55|29.11|26.42|3.9|4.18|16.88|15.45|8.05|7.63|1.54|1.73|1109.58|1974.66|1610.22|17.55|
|五粮液|000858.SZ|2017-06-15|1981.87|1981.76|29.21|26.52|3.91|4.19|16.94|15.51|8.07|7.66|1.53|1.72|1113.63|1981.87|1617.43|17.63|
|五粮液|000858.SZ|2017-06-14|2038.43|2038.32|30.05|27.27|4.02|4.31|17.43|15.95|8.31|7.88|1.49|1.68|1145.42|2038.43|1673.99|18.25|
|五粮液|000858.SZ|2017-06-13|2076.01|2075.9|30.6|27.77|4.1|4.39|17.75|16.24|8.46|8.02|1.46|1.65|1166.53|2076.01|1711.57|18.66|
|五粮液|000858.SZ|2017-06-12|2081.33|2081.21|30.68|27.85|4.11|4.4|17.79|16.28|8.48|8.04|1.46|1.64|1169.52|2081.33|1716.89|18.71|
|五粮液|000858.SZ|2017-06-09|1980.36|1980.25|29.19|26.49|3.91|4.19|16.93|15.49|8.07|7.65|1.53|1.73|1112.78|1980.36|1615.91|17.61|
|五粮液|000858.SZ|2017-06-08|1951.13|1951.02|28.76|26.1|3.85|4.13|16.68|15.27|7.95|7.54|1.56|1.75|1096.36|1951.13|1586.68|17.29|
|五粮液|000858.SZ|2017-06-07|1932.15|1932.04|28.48|25.85|3.81|4.09|16.52|15.12|7.87|7.47|1.57|1.77|1085.69|1932.15|1567.7|17.09|
|五粮液|000858.SZ|2017-06-06|1841.42|1841.32|27.14|24.64|3.63|3.9|15.74|14.41|7.5|7.12|1.65|1.86|1034.71|1841.42|1476.98|16.1|
|五粮液|000858.SZ|2017-06-05|1787.52|1787.42|26.35|23.91|3.53|3.78|15.28|13.99|7.28|6.91|1.7|1.91|1004.43|1787.52|1423.08|15.51|
|五粮液|000858.SZ|2017-06-02|1820.55|1820.44|26.83|24.36|3.59|3.85|15.56|14.24|7.42|7.04|1.67|1.88|1022.98|1820.55|1456.1|15.87|
|五粮液|000858.SZ|2017-06-01|1834.97|1834.87|27.05|24.55|3.62|3.88|15.69|14.36|7.48|7.09|1.65|1.86|1031.09|1834.97|1470.53|16.03|
|五粮液|000858.SZ|2017-05-31|1817.51|1817.41|26.79|24.32|3.59|3.85|15.54|14.22|7.41|7.02|1.67|1.88|1021.28|1817.51|1453.07|15.84|
|五粮液|000858.SZ|2017-05-26|1805.36|1805.26|26.61|24.15|3.56|3.82|15.43|14.13|7.36|6.98|1.68|1.89|1014.45|1805.36|1440.92|15.71|
|五粮液|000858.SZ|2017-05-25|1811.81|1811.71|26.71|24.24|3.58|3.83|15.49|14.18|7.38|7|1.68|1.89|1018.08|1811.81|1447.37|15.78|
|五粮液|000858.SZ|2017-05-24|1820.17|1820.06|26.83|24.35|3.59|3.85|15.56|14.24|7.42|7.03|1.67|1.88|1022.77|1820.17|1455.72|15.87|
|五粮液|000858.SZ|2017-05-23|1831.93|1831.83|27|24.51|3.62|3.88|15.66|14.33|7.46|7.08|1.66|1.86|1029.38|1831.93|1467.49|15.99|
|五粮液|000858.SZ|2017-05-22|1789.04|1788.94|26.37|23.94|3.53|3.79|15.3|14|7.29|6.91|1.7|1.91|1005.28|1789.04|1424.6|15.53|
|五粮液|000858.SZ|2017-05-19|1787.14|1787.04|26.34|23.91|3.53|3.78|15.28|13.98|7.28|6.91|1.7|1.91|1004.21|1787.14|1422.7|15.51|
|五粮液|000858.SZ|2017-05-18|1765.12|1765.03|26.02|23.62|3.48|3.74|15.09|13.81|7.19|6.82|1.72|1.94|991.84|1765.12|1400.68|15.27|
|五粮液|000858.SZ|2017-05-17|1759.81|1759.71|25.94|23.54|3.47|3.72|15.05|13.77|7.17|6.8|1.73|1.94|988.85|1759.81|1395.37|15.21|
|五粮液|000858.SZ|2017-05-16|1806.88|1806.78|26.63|24.17|3.57|3.82|15.45|14.14|7.36|6.98|1.68|1.89|1015.3|1806.88|1442.44|15.72|
|五粮液|000858.SZ|2017-05-15|1715.02|1714.92|25.28|22.94|3.38|3.63|14.66|13.42|6.99|6.63|1.77|1.99|963.69|1715.02|1350.58|14.72|
|五粮液|000858.SZ|2017-05-12|1679.72|1679.62|24.76|22.47|3.31|3.55|14.36|13.14|6.84|6.49|1.81|2.03|943.85|1679.72|1315.27|14.34|
|五粮液|000858.SZ|2017-05-11|1682.75|1682.66|24.8|22.51|3.32|3.32|14.39|13.17|6.86|6.5|1.8|1.8|945.56|1682.75|1318.31|14.37|
|五粮液|000858.SZ|2017-05-10|1650.87|1650.77|24.33|22.09|3.26|3.26|14.11|12.92|6.73|6.38|1.84|1.84|927.64|1650.87|1286.42|14.02|
|五粮液|000858.SZ|2017-05-09|1657.7|1657.61|24.43|22.18|3.27|3.27|14.17|12.97|6.75|6.41|1.83|1.83|931.48|1657.7|1293.26|14.1|
|五粮液|000858.SZ|2017-05-08|1617.84|1617.75|23.85|21.64|3.19|3.19|13.83|12.66|6.59|6.25|1.88|1.88|909.08|1617.84|1253.4|13.66|
|五粮液|000858.SZ|2017-05-05|1676.3|1676.21|24.71|22.43|3.31|3.31|14.33|13.12|6.83|6.48|1.81|1.81|941.93|1676.3|1311.86|14.3|
|五粮液|000858.SZ|2017-05-04|1684.65|1684.56|24.83|22.54|3.32|3.32|14.4|13.18|6.86|6.51|1.8|1.8|946.62|1684.65|1320.21|14.39|
|五粮液|000858.SZ|2017-05-03|1705.15|1705.05|25.13|22.81|3.37|3.37|14.58|13.34|6.95|6.59|1.78|1.78|958.14|1705.15|1340.71|14.61|
|五粮液|000858.SZ|2017-05-02|1693|1692.91|24.95|22.65|3.34|3.34|14.47|13.25|6.9|6.54|1.79|1.79|951.31|1693|1328.56|14.48|
|五粮液|000858.SZ|2017-04-28|1727.16|1727.07|25.46|23.11|3.41|3.41|14.77|13.51|7.04|6.67|1.76|1.76|970.51|1727.16|1362.72|14.85|
|五粮液|000858.SZ|2017-04-27|1746.14|1746.05|25.74|25.74|3.71|3.71|14.93|14.93|7.11|7.11|1.74|1.74|-491.39|1746.14|1399.49|15.25|
|五粮液|000858.SZ|2017-04-26|1734.76|1734.66|25.57|25.57|3.69|3.69|14.83|14.83|7.07|7.07|1.75|1.75|-488.19|1734.76|1388.1|15.13|
|五粮液|000858.SZ|2017-04-25|1768.92|1768.82|26.07|26.07|3.76|3.76|15.12|15.12|7.21|7.21|1.72|1.72|-497.8|1768.92|1422.26|15.5|
|五粮液|000858.SZ|2017-04-24|1681.99|1681.9|24.79|24.79|3.57|3.57|14.38|14.38|6.85|6.85|1.81|1.81|-473.34|1681.99|1335.33|14.55|
|五粮液|000858.SZ|2017-04-21|1732.86|1732.76|25.54|25.54|3.68|3.68|14.81|14.81|7.06|7.06|1.75|1.75|-487.65|1732.86|1386.2|15.11|
|五粮液|000858.SZ|2017-04-20|1732.86|1732.76|25.54|25.54|3.68|3.68|14.81|14.81|7.06|7.06|1.75|1.75|-487.65|1732.86|1386.2|15.11|
|五粮液|000858.SZ|2017-04-19|1670.23|1670.13|24.62|24.62|3.55|3.55|14.28|14.28|6.81|6.81|1.82|1.82|-470.03|1670.23|1323.57|14.43|
|五粮液|000858.SZ|2017-04-18|1665.67|1665.58|24.55|24.55|3.54|3.54|14.24|14.24|6.79|6.79|1.82|1.82|-468.75|1665.67|1319.01|14.38|
|五粮液|000858.SZ|2017-04-17|1630.75|1630.66|24.04|24.04|3.46|3.46|13.94|13.94|6.64|6.64|1.86|1.86|-458.92|1630.75|1284.09|14|
|五粮液|000858.SZ|2017-04-14|1607.59|1607.5|23.7|23.7|3.41|3.41|13.74|13.74|6.55|6.55|1.89|1.89|-452.4|1607.59|1260.93|13.74|
|五粮液|000858.SZ|2017-04-13|1625.05|1624.96|23.95|23.95|3.45|3.45|13.89|13.89|6.62|6.62|1.87|1.87|-457.32|1625.05|1278.39|13.93|
|五粮液|000858.SZ|2017-04-12|1596.2|1596.12|23.53|23.53|3.39|3.39|13.65|13.65|6.5|6.5|1.9|1.9|-449.2|1596.2|1249.54|13.62|
|五粮液|000858.SZ|2017-04-11|1554.45|1554.36|22.91|22.91|3.3|3.3|13.29|13.29|6.33|6.33|1.95|1.95|-437.45|1554.45|1207.79|13.16|
|五粮液|000858.SZ|2017-04-10|1581.4|1581.31|23.31|23.31|3.36|3.36|13.52|13.52|6.44|6.44|1.92|1.92|-445.03|1581.4|1234.74|13.46|
|五粮液|000858.SZ|2017-04-07|1620.5|1620.41|23.89|23.89|3.44|3.44|13.85|13.85|6.6|6.6|1.87|1.87|-456.03|1620.5|1273.84|13.88|
|五粮液|000858.SZ|2017-04-06|1630.37|1630.28|24.03|24.03|3.46|3.46|13.94|13.94|6.64|6.64|1.86|1.86|-458.81|1630.37|1283.71|13.99|
|五粮液|000858.SZ|2017-04-05|1636.82|1636.73|24.13|24.13|3.48|3.48|13.99|13.99|6.67|6.67|1.86|1.86|-460.63|1636.82|1290.16|14.06|
|五粮液|000858.SZ|2017-03-31|1632.27|1632.18|24.06|24.06|3.47|3.47|13.95|13.95|6.65|6.65|1.86|1.86|-459.35|1632.27|1285.61|14.01|
|五粮液|000858.SZ|2017-03-30|1622.02|1621.93|26.26|24.3|3.57|3.57|24.24|14.05|7.49|6.69|1.87|1.87|-236.75|1622.02|1285.41|15.72|
|五粮液|000858.SZ|2017-03-29|1636.06|1635.97|26.49|24.51|3.6|3.6|24.45|14.17|7.55|6.75|1.86|1.86|-238.8|1636.06|1299.45|15.9|
|五粮液|000858.SZ|2017-03-28|1623.53|1623.44|26.29|24.32|3.58|3.58|24.26|14.06|7.5|6.7|1.87|1.87|-236.97|1623.53|1286.92|15.74|
|五粮液|000858.SZ|2017-03-27|1615.18|1615.09|26.15|24.2|3.56|3.56|24.14|13.99|7.46|6.67|1.88|1.88|-235.75|1615.18|1278.57|15.64|
|五粮液|000858.SZ|2017-03-24|1641.38|1641.28|26.58|24.59|3.62|3.62|24.53|14.22|7.58|6.77|1.85|1.85|-239.58|1641.38|1304.76|15.96|
|五粮液|000858.SZ|2017-03-23|1653.52|1653.43|26.77|24.77|3.64|3.64|24.71|14.32|7.63|6.83|1.84|1.84|-241.35|1653.52|1316.91|16.11|
|五粮液|000858.SZ|2017-03-22|1668.71|1668.61|27.02|25|3.68|3.68|24.94|14.46|7.7|6.89|1.82|1.82|-243.57|1668.71|1332.1|16.3|
|五粮液|000858.SZ|2017-03-21|1646.69|1646.6|26.66|24.67|3.63|3.63|24.61|14.26|7.6|6.8|1.84|1.84|-240.35|1646.69|1310.08|16.03|
|五粮液|000858.SZ|2017-03-20|1559.76|1559.68|25.25|23.37|3.44|3.44|23.31|13.51|7.2|6.44|1.95|1.95|-227.67|1559.76|1223.15|14.96|
|五粮液|000858.SZ|2017-03-17|1547.24|1547.15|25.05|23.18|3.41|3.41|23.12|13.4|7.14|6.39|1.96|1.96|-225.84|1547.24|1210.62|14.81|
|五粮液|000858.SZ|2017-03-16|1557.86|1557.78|25.22|23.34|3.43|3.43|23.28|13.5|7.19|6.43|1.95|1.95|-227.39|1557.86|1221.25|14.94|
|五粮液|000858.SZ|2017-03-15|1576.84|1576.76|25.53|23.63|3.47|3.47|23.57|13.66|7.28|6.51|1.93|1.93|-230.16|1576.84|1240.23|15.17|
|五粮液|000858.SZ|2017-03-14|1570.77|1570.68|25.43|23.53|3.46|3.46|23.48|13.61|7.25|6.48|1.93|1.93|-229.27|1570.77|1234.16|15.1|
|五粮液|000858.SZ|2017-03-13|1581.02|1580.93|25.6|23.69|3.48|3.48|23.63|13.7|7.3|6.53|1.92|1.92|-230.77|1581.02|1244.41|15.22|
|五粮液|000858.SZ|2017-03-10|1543.44|1543.35|24.99|23.12|3.4|3.4|23.07|13.37|7.13|6.37|1.97|1.97|-225.28|1543.44|1206.83|14.76|
|五粮液|000858.SZ|2017-03-09|1543.82|1543.73|25|23.13|3.4|3.4|23.07|13.37|7.13|6.37|1.97|1.97|-225.34|1543.82|1207.21|14.77|
|五粮液|000858.SZ|2017-03-08|1560.9|1560.81|25.27|23.39|3.44|3.44|23.33|13.52|7.21|6.44|1.95|1.95|-227.83|1560.9|1224.29|14.98|
|五粮液|000858.SZ|2017-03-07|1581.02|1580.93|25.6|23.69|3.48|3.48|23.63|13.7|7.3|6.53|1.92|1.92|-230.77|1581.02|1244.41|15.22|
|五粮液|000858.SZ|2017-03-06|1539.26|1539.18|24.92|23.06|3.39|3.39|23|13.33|7.11|6.35|1.97|1.97|-224.67|1539.26|1202.65|14.71|
|五粮液|000858.SZ|2017-03-03|1518.01|1517.92|24.58|22.74|3.34|3.34|22.69|13.15|7.01|6.27|2|2|-221.57|1518.01|1181.4|14.45|
|五粮液|000858.SZ|2017-03-02|1516.87|1516.78|24.56|22.73|3.34|3.34|22.67|13.14|7|6.26|2|2|-221.4|1516.87|1180.26|14.44|
|五粮液|000858.SZ|2017-03-01|1517.63|1517.54|24.57|22.74|3.34|3.34|22.68|13.15|7.01|6.26|2|2|-221.52|1517.63|1181.02|14.45|
|五粮液|000858.SZ|2017-02-28|1501.68|1501.6|24.31|22.5|3.31|3.31|22.44|13.01|6.93|6.2|2.02|2.02|-219.19|1501.68|1165.07|14.25|
|五粮液|000858.SZ|2017-02-27|1495.23|1495.15|24.21|22.4|3.29|3.29|22.35|12.95|6.9|6.17|2.03|2.03|-218.25|1495.23|1158.62|14.17|
|五粮液|000858.SZ|2017-02-24|1529.39|1529.31|24.76|22.91|3.37|3.37|22.86|13.25|7.06|6.31|1.99|1.99|-223.23|1529.39|1192.78|14.59|
|五粮液|000858.SZ|2017-02-23|1536.61|1536.52|24.88|23.02|3.39|3.39|22.97|13.31|7.09|6.34|1.98|1.98|-224.29|1536.61|1200|14.68|
|五粮液|000858.SZ|2017-02-22|1566.98|1566.89|25.37|23.48|3.45|3.45|23.42|13.57|7.23|6.47|1.94|1.94|-228.72|1566.98|1230.36|15.05|
|五粮液|000858.SZ|2017-02-21|1551.03|1550.95|25.11|23.24|3.42|3.42|23.18|13.44|7.16|6.4|1.96|1.96|-226.39|1551.03|1214.42|14.86|
|五粮液|000858.SZ|2017-02-20|1571.53|1571.44|25.45|23.55|3.46|3.46|23.49|13.61|7.26|6.49|1.93|1.93|-229.38|1571.53|1234.92|15.11|
|五粮液|000858.SZ|2017-02-17|1478.53|1478.45|23.94|22.15|3.26|3.26|22.1|12.81|6.83|6.1|2.05|2.05|-215.81|1478.53|1141.92|13.97|
|五粮液|000858.SZ|2017-02-16|1459.93|1459.85|23.64|21.87|3.22|3.22|21.82|12.65|6.74|6.03|2.08|2.08|-213.09|1459.93|1123.32|13.74|
|五粮液|000858.SZ|2017-02-15|1457.65|1457.57|23.6|21.84|3.21|3.21|21.79|12.63|6.73|6.02|2.08|2.08|-212.76|1457.65|1121.04|13.71|
|五粮液|000858.SZ|2017-02-14|1467.52|1467.44|23.76|21.99|3.23|3.23|21.93|12.71|6.78|6.06|2.07|2.07|-214.2|1467.52|1130.91|13.84|
|五粮液|000858.SZ|2017-02-13|1464.48|1464.4|23.71|21.94|3.23|3.23|21.89|12.69|6.76|6.04|2.07|2.07|-213.76|1464.48|1127.87|13.8|
|五粮液|000858.SZ|2017-02-10|1436.01|1435.93|23.25|21.52|3.16|3.16|21.46|12.44|6.63|5.93|2.11|2.11|-209.6|1436.01|1099.4|13.45|
|五粮液|000858.SZ|2017-02-09|1417.41|1417.34|22.95|21.24|3.12|3.12|21.18|12.28|6.54|5.85|2.14|2.14|-206.89|1417.41|1080.8|13.22|
|五粮液|000858.SZ|2017-02-08|1407.92|1407.85|22.8|21.09|3.1|3.1|21.04|12.2|6.5|5.81|2.16|2.16|-205.5|1407.92|1071.31|13.11|
|五粮液|000858.SZ|2017-02-07|1383.63|1383.55|22.4|20.73|3.05|3.05|20.68|11.99|6.39|5.71|2.19|2.19|-201.96|1383.63|1047.02|12.81|
|五粮液|000858.SZ|2017-02-06|1383.63|1383.55|22.4|20.73|3.05|3.05|20.68|11.99|6.39|5.71|2.19|2.19|-201.96|1383.63|1047.02|12.81|
|五粮液|000858.SZ|2017-02-03|1382.11|1382.03|22.38|20.71|3.04|3.04|20.66|11.97|6.38|5.7|2.2|2.2|-201.74|1382.11|1045.5|12.79|
|五粮液|000858.SZ|2017-01-26|1404.51|1404.43|22.74|21.04|3.09|3.09|20.99|12.17|6.48|5.8|2.16|2.16|-205|1404.51|1067.9|13.06|
|五粮液|000858.SZ|2017-01-25|1414.76|1414.68|22.91|21.2|3.12|3.12|21.14|12.26|6.53|5.84|2.15|2.15|-206.5|1414.76|1078.15|13.19|
|五粮液|000858.SZ|2017-01-24|1420.45|1420.37|23|21.28|3.13|3.13|21.23|12.3|6.56|5.86|2.14|2.14|-207.33|1420.45|1083.84|13.26|
|五粮液|000858.SZ|2017-01-23|1418.93|1418.85|22.97|21.26|3.13|3.13|21.21|12.29|6.55|5.86|2.14|2.14|-207.11|1418.93|1082.32|13.24|
|五粮液|000858.SZ|2017-01-20|1401.09|1401.01|22.69|20.99|3.09|3.09|20.94|12.14|6.47|5.78|2.17|2.17|-204.51|1401.09|1064.48|13.02|
|五粮液|000858.SZ|2017-01-19|1398.81|1398.74|22.65|20.96|3.08|3.08|20.91|12.12|6.46|5.77|2.17|2.17|-204.17|1398.81|1062.2|12.99|
|五粮液|000858.SZ|2017-01-18|1402.61|1402.53|22.71|21.01|3.09|3.09|20.96|12.15|6.48|5.79|2.17|2.17|-204.73|1402.61|1066|13.04|
|五粮液|000858.SZ|2017-01-17|1357.44|1357.36|21.98|20.34|2.99|2.99|20.29|11.76|6.27|5.6|2.24|2.24|-198.13|1357.44|1020.83|12.49|
|五粮液|000858.SZ|2017-01-16|1345.67|1345.6|21.79|20.16|2.96|2.96|20.11|11.66|6.21|5.55|2.26|2.26|-196.42|1345.67|1009.06|12.34|
|五粮液|000858.SZ|2017-01-13|1354.78|1354.71|21.94|20.3|2.98|2.98|20.25|11.74|6.25|5.59|2.24|2.24|-197.75|1354.78|1018.17|12.46|
|五粮液|000858.SZ|2017-01-12|1351.36|1351.29|21.88|20.25|2.98|2.98|20.2|11.71|6.24|5.58|2.25|2.25|-197.25|1351.36|1014.75|12.41|
|五粮液|000858.SZ|2017-01-11|1361.23|1361.16|22.04|20.39|3|3|20.34|11.79|6.28|5.62|2.23|2.23|-198.69|1361.23|1024.62|12.53|
|五粮液|000858.SZ|2017-01-10|1385.53|1385.45|22.43|20.76|3.05|3.05|20.71|12|6.4|5.72|2.19|2.19|-202.23|1385.53|1048.92|12.83|
|五粮液|000858.SZ|2017-01-09|1383.63|1383.55|22.4|20.73|3.05|3.05|20.68|11.99|6.39|5.71|2.19|2.19|-201.96|1383.63|1047.02|12.81|
|五粮液|000858.SZ|2017-01-06|1370.34|1370.27|22.19|20.53|3.02|3.02|20.48|11.87|6.33|5.66|2.22|2.22|-200.02|1370.34|1033.73|12.65|
|五粮液|000858.SZ|2017-01-05|1363.89|1363.82|22.08|20.43|3|3|20.38|11.81|6.3|5.63|2.23|2.23|-199.08|1363.89|1027.28|12.57|
|五粮液|000858.SZ|2017-01-04|1362.75|1362.68|22.06|20.42|3|3|20.37|11.81|6.29|5.62|2.23|2.23|-198.91|1362.75|1026.14|12.55|
|五粮液|000858.SZ|2017-01-03|1315.68|1315.61|21.3|19.71|2.9|2.9|19.66|11.4|6.07|5.43|2.31|2.31|-192.04|1315.68|979.07|11.98|
|五粮液|000858.SZ|2016-12-30|1308.85|1308.78|21.19|19.61|2.88|2.88|19.56|11.34|6.04|5.4|1.74|2.32|-191.04|1308.85|972.24|11.89|
|五粮液|000858.SZ|2016-12-29|1284.93|1284.86|20.8|19.25|2.83|2.83|19.2|11.13|5.93|5.3|1.77|2.36|-187.55|1284.93|948.32|11.6|
|五粮液|000858.SZ|2016-12-28|1287.21|1287.14|20.84|19.29|2.84|2.84|19.24|11.15|5.94|5.31|1.77|2.36|-187.88|1287.21|950.6|11.63|
|五粮液|000858.SZ|2016-12-27|1303.53|1303.46|21.11|19.53|2.87|2.87|19.48|11.29|6.02|5.38|1.75|2.33|-190.27|1303.53|966.92|11.83|
|五粮液|000858.SZ|2016-12-26|1303.91|1303.84|21.11|19.54|2.87|2.87|19.49|11.3|6.02|5.38|1.75|2.33|-190.32|1303.91|967.3|11.83|
|五粮液|000858.SZ|2016-12-23|1306.57|1306.5|21.16|19.58|2.88|2.88|19.53|11.32|6.03|5.39|1.74|2.32|-190.71|1306.57|969.96|11.87|
|五粮液|000858.SZ|2016-12-22|1344.15|1344.08|21.76|20.14|2.96|2.96|20.09|11.64|6.21|5.55|1.69|2.26|-196.19|1344.15|1007.54|12.33|
|五粮液|000858.SZ|2016-12-21|1352.5|1352.43|21.9|20.26|2.98|2.98|20.21|11.72|6.24|5.58|1.68|2.25|-197.41|1352.5|1015.89|12.43|
|五粮液|000858.SZ|2016-12-20|1343.77|1343.7|21.76|20.13|2.96|2.96|20.08|11.64|6.2|5.55|1.69|2.26|-196.14|1343.77|1007.16|12.32|
|五粮液|000858.SZ|2016-12-19|1366.93|1366.85|22.13|20.48|3.01|3.01|20.43|11.84|6.31|5.64|1.67|2.22|-199.52|1366.93|1030.32|12.6|
|五粮液|000858.SZ|2016-12-16|1345.67|1345.6|21.79|20.16|2.96|2.96|20.11|11.66|6.21|5.55|1.69|2.26|-196.42|1345.67|1009.06|12.34|
|五粮液|000858.SZ|2016-12-15|1341.49|1341.42|21.72|20.1|2.96|2.96|20.05|11.62|6.19|5.54|1.7|2.26|-195.81|1341.49|1004.88|12.29|
|五粮液|000858.SZ|2016-12-14|1346.43|1346.35|21.8|20.17|2.97|2.97|20.12|11.66|6.22|5.56|1.69|2.26|-196.53|1346.43|1009.82|12.35|
|五粮液|000858.SZ|2016-12-13|1376.42|1376.34|22.29|20.62|3.03|3.03|20.57|11.92|6.35|5.68|1.65|2.21|-200.9|1376.42|1039.81|12.72|
|五粮液|000858.SZ|2016-12-12|1350.23|1350.15|21.86|20.23|2.97|2.97|20.18|11.7|6.23|5.57|1.69|2.25|-197.08|1350.23|1013.61|12.4|
|五粮液|000858.SZ|2016-12-09|1391.6|1391.52|22.53|20.85|3.07|3.07|20.8|12.06|6.42|5.74|1.64|2.18|-203.12|1391.6|1054.99|12.91|
|五粮液|000858.SZ|2016-12-08|1396.92|1396.84|22.62|20.93|3.08|3.08|20.88|12.1|6.45|5.77|1.63|2.17|-203.9|1396.92|1060.3|12.97|
|五粮液|000858.SZ|2016-12-07|1374.14|1374.06|22.25|20.59|3.03|3.03|20.54|11.9|6.34|5.67|1.66|2.21|-200.57|1374.14|1037.53|12.69|
|五粮液|000858.SZ|2016-12-06|1373|1372.92|22.23|20.57|3.02|3.02|20.52|11.89|6.34|5.67|1.66|2.21|-200.41|1373|1036.39|12.68|
|五粮液|000858.SZ|2016-12-05|1349.09|1349.01|21.84|20.21|2.97|2.97|20.16|11.69|6.23|5.57|1.69|2.25|-196.91|1349.09|1012.48|12.39|
|五粮液|000858.SZ|2016-12-02|1357.06|1356.98|21.97|20.33|2.99|2.99|20.28|11.76|6.27|5.6|1.68|2.24|-198.08|1357.06|1020.45|12.48|
|五粮液|000858.SZ|2016-12-01|1373|1372.92|22.23|20.57|3.02|3.02|20.52|11.89|6.34|5.67|1.66|2.21|-200.41|1373|1036.39|12.68|
|五粮液|000858.SZ|2016-11-30|1363.89|1363.82|22.08|20.43|3|3|20.38|11.81|6.3|5.63|1.67|2.23|-199.08|1363.89|1027.28|12.57|
|五粮液|000858.SZ|2016-11-29|1393.88|1393.8|22.57|20.88|3.07|3.07|20.83|12.07|6.44|5.75|1.63|2.18|-203.45|1393.88|1057.27|12.93|
|五粮液|000858.SZ|2016-11-28|1346.43|1346.35|21.8|20.17|2.97|2.97|20.12|11.66|6.22|5.56|1.69|2.26|-196.53|1346.43|1009.82|12.35|
|五粮液|000858.SZ|2016-11-25|1335.04|1334.97|21.62|20|2.94|2.94|19.95|11.57|6.16|5.51|1.71|2.27|-194.86|1335.04|998.43|12.21|
|五粮液|000858.SZ|2016-11-24|1334.28|1334.21|21.6|19.99|2.94|2.94|19.94|11.56|6.16|5.51|1.71|2.28|-194.75|1334.28|997.67|12.21|
|五粮液|000858.SZ|2016-11-23|1330.49|1330.41|21.54|19.93|2.93|2.93|19.88|11.53|6.14|5.49|1.71|2.28|-194.2|1330.49|993.87|12.16|
|五粮液|000858.SZ|2016-11-22|1306.57|1306.5|21.16|19.58|2.88|2.88|19.53|11.32|6.03|5.39|1.74|2.32|-190.71|1306.57|969.96|11.87|
|五粮液|000858.SZ|2016-11-21|1307.71|1307.64|21.17|19.59|2.88|2.88|19.54|11.33|6.04|5.4|1.74|2.32|-190.88|1307.71|971.1|11.88|
|五粮液|000858.SZ|2016-11-18|1308.09|1308.02|21.18|19.6|2.88|2.88|19.55|11.33|6.04|5.4|1.74|2.32|-190.93|1308.09|971.48|11.88|
|五粮液|000858.SZ|2016-11-17|1313.78|1313.71|21.27|19.68|2.89|2.89|19.63|11.38|6.07|5.42|1.73|2.31|-191.76|1313.78|977.17|11.95|
|五粮液|000858.SZ|2016-11-16|1310.75|1310.67|21.22|19.64|2.89|2.89|19.59|11.35|6.05|5.41|1.74|2.32|-191.32|1310.75|974.14|11.92|
|五粮液|000858.SZ|2016-11-15|1321.38|1321.3|21.39|19.8|2.91|2.91|19.75|11.45|6.1|5.45|1.72|2.3|-192.87|1321.38|984.76|12.05|
|五粮液|000858.SZ|2016-11-14|1303.91|1303.84|21.11|19.54|2.87|2.87|19.49|11.3|6.02|5.38|1.75|2.33|-190.32|1303.91|967.3|11.83|
|五粮液|000858.SZ|2016-11-11|1320.62|1320.54|21.38|19.79|2.91|2.91|19.74|11.44|6.1|5.45|1.72|2.3|-192.76|1320.62|984.01|12.04|
|五粮液|000858.SZ|2016-11-10|1328.59|1328.51|21.51|19.91|2.93|2.93|19.86|11.51|6.13|5.48|1.71|2.29|-193.92|1328.59|991.98|12.14|
|五粮液|000858.SZ|2016-11-09|1317.2|1317.13|21.33|19.74|2.9|2.9|19.69|11.41|6.08|5.44|1.73|2.31|-192.26|1317.2|980.59|12|
|五粮液|000858.SZ|2016-11-08|1325.55|1325.48|21.46|19.86|2.92|2.92|19.81|11.48|6.12|5.47|1.72|2.29|-193.48|1325.55|988.94|12.1|
|五粮液|000858.SZ|2016-11-07|1311.13|1311.05|21.23|19.64|2.89|2.89|19.6|11.36|6.05|5.41|1.74|2.32|-191.37|1311.13|974.52|11.92|
|五粮液|000858.SZ|2016-11-04|1301.26|1301.19|21.07|19.5|2.87|2.87|19.45|11.27|6.01|5.37|1.75|2.33|-189.93|1301.26|964.65|11.8|
|五粮液|000858.SZ|2016-11-03|1320.24|1320.16|21.38|19.78|2.91|2.91|19.73|11.44|6.1|5.45|1.73|2.3|-192.7|1320.24|983.63|12.03|
|五粮液|000858.SZ|2016-11-02|1314.92|1314.85|21.29|19.7|2.9|2.9|19.65|11.39|6.07|5.43|1.73|2.31|-191.93|1314.92|978.31|11.97|
|五粮液|000858.SZ|2016-11-01|1335.8|1335.73|21.63|20.01|2.94|2.94|19.96|11.57|6.17|5.51|1.71|2.27|-194.98|1335.8|999.19|12.22|
|五粮液|000858.SZ|2016-10-31|1327.83|1327.76|21.5|19.89|2.93|2.93|19.84|11.5|6.13|5.48|1.72|2.29|-193.81|1327.83|991.22|12.13|
|五粮液|000858.SZ|2016-10-28|1341.12|1341.04|21.71|20.09|2.95|2.95|20.04|11.62|6.19|5.54|1.7|2.26|-195.75|1341.12|1004.5|12.29|
|五粮液|000858.SZ|2016-10-27|1315.3|1315.23|21.3|19.44|2.98|2.98|19.66|16.68|6.07|5.55|1.73|2.31|-137.73|1315.3|1009.57|12.35|
|五粮液|000858.SZ|2016-10-26|1325.93|1325.86|21.47|19.6|3|3|19.82|16.81|6.12|5.59|1.72|2.29|-138.84|1325.93|1020.2|12.48|
|五粮液|000858.SZ|2016-10-25|1303.16|1303.08|21.1|19.26|2.95|2.95|19.48|16.53|6.02|5.5|1.75|2.33|-136.46|1303.16|997.42|12.2|
|五粮液|000858.SZ|2016-10-24|1279.62|1279.55|20.72|18.91|2.9|2.9|19.12|16.23|5.91|5.4|1.78|2.37|-133.99|1279.62|973.89|11.91|
|五粮液|000858.SZ|2016-10-21|1274.31|1274.24|20.63|18.84|2.88|2.88|19.04|16.16|5.88|5.38|1.79|2.38|-133.43|1274.31|968.57|11.85|
|五粮液|000858.SZ|2016-10-20|1276.96|1276.89|20.68|18.87|2.89|2.89|19.08|16.19|5.9|5.39|1.78|2.38|-133.71|1276.96|971.23|11.88|
|五粮液|000858.SZ|2016-10-19|1283.04|1282.97|20.77|18.96|2.9|2.9|19.18|16.27|5.92|5.41|1.78|2.37|-134.35|1283.04|977.3|11.96|
|五粮液|000858.SZ|2016-10-18|1286.45|1286.38|20.83|19.02|2.91|2.91|19.23|16.31|5.94|5.43|1.77|2.36|-134.71|1286.45|980.72|12|
|五粮液|000858.SZ|2016-10-17|1264.06|1263.99|20.47|18.68|2.86|2.86|18.89|16.03|5.84|5.33|1.8|2.4|-132.36|1264.06|958.32|11.72|
|五粮液|000858.SZ|2016-10-14|1257.6|1257.53|20.36|18.59|2.85|2.85|18.8|15.95|5.81|5.31|1.81|2.41|-131.69|1257.6|951.87|11.64|
|五粮液|000858.SZ|2016-10-13|1254.57|1254.5|20.31|18.54|2.84|2.84|18.75|15.91|5.79|5.29|1.82|2.42|-131.37|1254.57|948.83|11.61|
|五粮液|000858.SZ|2016-10-12|1271.27|1271.2|20.58|18.79|2.88|2.88|19|16.12|5.87|5.36|1.79|2.39|-133.12|1271.27|965.54|11.81|
|五粮液|000858.SZ|2016-10-11|1270.51|1270.44|20.57|18.78|2.88|2.88|18.99|16.11|5.87|5.36|1.79|2.39|-133.04|1270.51|964.78|11.8|
|五粮液|000858.SZ|2016-10-10|1278.1|1278.03|20.69|18.89|2.89|2.89|19.1|16.21|5.9|5.39|1.78|2.38|-133.83|1278.1|972.37|11.9|
|五粮液|000858.SZ|2016-09-30|1266.33|1266.26|20.5|18.72|2.87|2.87|18.93|16.06|5.85|5.34|1.8|2.4|-132.6|1266.33|960.6|11.75|
|五粮液|000858.SZ|2016-09-29|1240.52|1240.45|20.09|18.34|2.81|2.81|18.54|15.73|5.73|5.23|1.84|2.45|-129.9|1240.52|934.79|11.44|
|五粮液|000858.SZ|2016-09-28|1226.86|1226.79|19.86|18.13|2.78|2.78|18.34|15.56|5.66|5.18|1.86|2.48|-128.47|1226.86|921.12|11.27|
|五粮液|000858.SZ|2016-09-27|1234.45|1234.38|19.99|18.25|2.79|2.79|18.45|15.65|5.7|5.21|1.84|2.46|-129.26|1234.45|928.72|11.36|
|五粮液|000858.SZ|2016-09-26|1225.34|1225.27|19.84|18.11|2.77|2.77|18.31|15.54|5.66|5.17|1.86|2.48|-128.31|1225.34|919.61|11.25|
|五粮液|000858.SZ|2016-09-23|1263.3|1263.23|20.45|18.67|2.86|2.86|18.88|16.02|5.83|5.33|1.8|2.4|-132.28|1263.3|957.57|11.71|
|五粮液|000858.SZ|2016-09-22|1270.89|1270.82|20.58|18.79|2.88|2.88|18.99|16.12|5.87|5.36|1.79|2.39|-133.08|1270.89|965.16|11.81|
|五粮液|000858.SZ|2016-09-21|1240.52|1240.45|20.09|18.34|2.81|2.81|18.54|15.73|5.73|5.23|1.84|2.45|-129.9|1240.52|934.79|11.44|
|五粮液|000858.SZ|2016-09-20|1234.83|1234.76|19.99|18.25|2.8|2.8|18.45|15.66|5.7|5.21|1.84|2.46|-129.3|1234.83|929.1|11.37|
|五粮液|000858.SZ|2016-09-19|1235.21|1235.14|20|18.26|2.8|2.8|18.46|15.66|5.7|5.21|1.84|2.46|-129.34|1235.21|929.48|11.37|
|五粮液|000858.SZ|2016-09-14|1219.26|1219.2|19.74|18.02|2.76|2.76|18.22|15.46|5.63|5.14|1.87|2.49|-127.67|1219.26|913.53|11.18|
|五粮液|000858.SZ|2016-09-13|1231.79|1231.72|19.94|18.21|2.79|2.79|18.41|15.62|5.69|5.2|1.85|2.47|-128.98|1231.79|926.06|11.33|
|五粮液|000858.SZ|2016-09-12|1219.26|1219.2|19.74|18.02|2.76|2.76|18.22|15.46|5.63|5.14|1.87|2.49|-127.67|1219.26|913.53|11.18|
|五粮液|000858.SZ|2016-09-09|1267.85|1267.78|20.53|18.74|2.87|2.87|18.95|16.08|5.85|5.35|1.8|2.4|-132.76|1267.85|962.12|11.77|
|五粮液|000858.SZ|2016-09-08|1274.69|1274.61|20.64|18.84|2.89|2.89|19.05|16.16|5.89|5.38|1.79|2.38|-133.47|1274.69|968.95|11.85|
|五粮液|000858.SZ|2016-09-07|1283.42|1283.35|20.78|18.97|2.9|2.9|19.18|16.28|5.93|5.42|1.77|2.37|-134.39|1283.42|977.68|11.96|
|五粮液|000858.SZ|2016-09-06|1303.53|1303.46|21.11|19.27|2.95|2.95|19.48|16.53|6.02|5.5|1.75|2.33|-136.5|1303.53|997.8|12.21|
|五粮液|000858.SZ|2016-09-05|1291.01|1290.94|20.9|19.08|2.92|2.92|19.29|16.37|5.96|5.45|1.76|2.35|-135.18|1291.01|985.28|12.05|
|五粮液|000858.SZ|2016-09-02|1284.93|1284.86|20.8|18.99|2.91|2.91|19.2|16.29|5.93|5.42|1.77|2.36|-134.55|1284.93|979.2|11.98|
|五粮液|000858.SZ|2016-09-01|1302.4|1302.32|21.09|19.25|2.95|2.95|19.46|16.52|6.01|5.5|1.75|2.33|-136.38|1302.4|996.66|12.19|
|五粮液|000858.SZ|2016-08-31|1325.17|1325.1|21.46|19.59|3|3|19.81|16.8|6.12|5.59|1.72|2.29|-138.76|1325.17|1019.44|12.47|
|五粮液|000858.SZ|2016-08-30|1318.34|1318.27|21.35|19.49|2.98|2.98|19.7|16.72|6.09|5.56|1.73|2.3|-138.05|1318.34|1012.61|12.39|
|五粮液|000858.SZ|2016-08-29|1309.99|1309.92|21.21|19.36|2.97|2.97|19.58|16.61|6.05|5.53|1.74|2.32|-137.17|1309.99|1004.26|12.29|
|五粮液|000858.SZ|2016-08-26|1312.27|1312.19|21.25|19.4|2.97|2.97|19.61|16.64|6.06|5.54|1.74|2.31|-137.41|1312.27|1006.53|12.31|
|五粮液|000858.SZ|2016-08-25|1320.62|1320.54|21.38|19.52|2.99|2.99|19.74|16.75|6.1|5.57|1.72|2.3|-138.28|1320.62|1014.88|12.42|
|五粮液|000858.SZ|2016-08-24|1329.73|1329.65|21.53|19.65|3.01|3.01|19.87|16.86|6.14|5.61|1.71|2.28|-139.24|1329.73|1023.99|12.53|
|五粮液|000858.SZ|2016-08-23|1341.87|1341.77|21.73|19.51|2.9|3.11|20.05|24.32|6.2|5.65|1.7|2.26|-147.99|1341.87|1071.66|13.11|
|五粮液|000858.SZ|2016-08-22|1359.34|1359.23|22.01|19.76|2.94|3.15|20.32|24.63|6.28|5.72|1.68|2.23|-149.91|1359.34|1089.13|13.32|
|五粮液|000858.SZ|2016-08-19|1352.12|1352.02|21.89|19.66|2.92|3.13|20.21|24.5|6.24|5.69|1.68|2.25|-149.12|1352.12|1081.91|13.24|
|五粮液|000858.SZ|2016-08-18|1364.65|1364.54|22.1|19.84|2.95|3.16|20.4|24.73|6.3|5.75|1.67|2.23|-150.5|1364.65|1094.44|13.39|
|五粮液|000858.SZ|2016-08-17|1387.43|1387.32|22.46|20.17|3|3.21|20.74|25.14|6.41|5.84|1.64|2.19|-153.01|1387.43|1117.22|13.67|
|五粮液|000858.SZ|2016-08-16|1374.14|1374.03|22.25|19.98|2.97|3.18|20.54|24.9|6.34|5.79|1.66|2.21|-151.54|1374.14|1103.93|13.5|
|五粮液|000858.SZ|2016-08-15|1389.32|1389.22|22.5|20.2|3.01|3.22|20.76|25.18|6.41|5.85|1.64|2.19|-153.22|1389.32|1119.11|13.69|
|五粮液|000858.SZ|2016-08-12|1353.64|1353.54|21.92|19.68|2.93|3.13|20.23|24.53|6.25|5.7|1.68|2.24|-149.28|1353.64|1083.43|13.25|
|五粮液|000858.SZ|2016-08-11|1348.33|1348.22|21.83|19.6|2.92|3.12|20.15|24.43|6.23|5.68|1.69|2.25|-148.7|1348.33|1078.12|13.19|
|五粮液|000858.SZ|2016-08-10|1327.07|1326.97|21.49|19.29|2.87|3.07|19.83|24.05|6.13|5.59|1.72|2.29|-146.35|1327.07|1056.86|12.93|
|五粮液|000858.SZ|2016-08-09|1342.25|1342.15|21.73|19.51|2.9|3.11|20.06|24.32|6.2|5.65|1.7|2.26|-148.03|1342.25|1072.04|13.11|
|五粮液|000858.SZ|2016-08-08|1308.09|1307.99|21.18|19.02|2.83|3.03|19.55|23.71|6.04|5.51|1.74|2.32|-144.26|1308.09|1037.88|12.7|
|五粮液|000858.SZ|2016-08-05|1306.57|1306.47|21.16|19|2.83|3.02|19.53|23.68|6.03|5.5|1.74|2.32|-144.09|1306.57|1036.36|12.68|
|五粮液|000858.SZ|2016-08-04|1324.79|1324.69|21.45|19.26|2.87|3.07|19.8|24.01|6.12|5.58|1.72|2.29|-146.1|1324.79|1054.58|12.9|
|五粮液|000858.SZ|2016-08-03|1325.93|1325.83|21.47|19.28|2.87|3.07|19.82|24.03|6.12|5.58|1.72|2.29|-146.23|1325.93|1055.72|12.92|
|五粮液|000858.SZ|2016-08-02|1314.92|1314.82|21.29|19.12|2.84|3.04|19.65|23.83|6.07|5.54|1.73|2.31|-145.01|1314.92|1044.71|12.78|
|五粮液|000858.SZ|2016-08-01|1322.14|1322.03|21.41|19.22|2.86|3.06|19.76|23.96|6.1|5.57|1.72|2.3|-145.81|1322.14|1051.93|12.87|
|五粮液|000858.SZ|2016-07-29|1373|1372.9|22.23|19.96|2.97|3.18|20.52|24.88|6.34|5.78|1.66|2.21|-151.42|1373|1102.79|13.49|
|五粮液|000858.SZ|2016-07-28|1358.58|1358.47|22|19.75|2.94|3.15|20.3|24.62|6.27|5.72|1.68|2.24|-149.83|1358.58|1088.37|13.31|
|五粮液|000858.SZ|2016-07-27|1331.63|1331.52|21.56|19.36|2.88|3.08|19.9|24.13|6.15|5.61|1.71|2.28|-146.86|1331.63|1061.41|12.98|
|五粮液|000858.SZ|2016-07-26|1351.74|1351.64|21.89|19.65|2.92|3.13|20.2|24.5|6.24|5.69|1.68|2.25|-149.07|1351.74|1081.53|13.23|
|五粮液|000858.SZ|2016-07-25|1314.92|1314.82|21.29|19.12|2.84|3.04|19.65|23.83|6.07|5.54|1.73|2.31|-145.01|1314.92|1044.71|12.78|
|五粮液|000858.SZ|2016-07-22|1325.17|1325.07|21.46|19.27|2.87|2.87|19.81|24.01|6.12|5.58|1.72||-146.14|1325.17|1054.96|12.91|
|五粮液|000858.SZ|2016-07-21|1352.5|1352.4|21.9|19.66|2.93|2.93|20.21|24.51|6.24|5.69|1.68||-149.16|1352.5|1082.29|13.24|
|五粮液|000858.SZ|2016-07-20|1338.46|1338.35|21.67|19.46|2.9|2.9|20|24.26|6.18|5.64|1.7||-147.61|1338.46|1068.25|13.07|
|五粮液|000858.SZ|2016-07-19|1346.43|1346.33|21.8|19.57|2.91|2.91|20.12|24.4|6.22|5.67|1.69||-148.49|1346.43|1076.22|13.17|
|五粮液|000858.SZ|2016-07-18|1405.27|1405.16|22.75|20.43|3.04|3.04|21|25.47|6.49|5.92|1.62||-154.98|1405.27|1135.06|13.89|
|五粮液|000858.SZ|2016-07-15|1409.82|1409.71|22.83|20.5|3.05|3.05|21.07|25.55|6.51|5.94|1.62||-155.48|1409.82|1139.61|13.94|
|五粮液|000858.SZ|2016-07-14|1409.06|1408.95|22.81|20.49|3.05|3.05|21.06|25.54|6.51|5.93|1.62||-155.4|1409.06|1138.85|13.93|
|五粮液|000858.SZ|2016-07-13|1420.45|1420.34|23|20.65|3.07|3.07|21.23|25.74|6.56|5.98|1.6||-156.65|1420.45|1150.24|14.07|
|五粮液|000858.SZ|2016-07-12|1445.12|1445.01|23.4|21.01|3.13|3.13|21.6|26.19|6.67|6.08|1.58||-159.37|1445.12|1174.91|14.37|
|五粮液|000858.SZ|2016-07-11|1417.41|1417.3|22.95|20.61|3.07|3.07|21.18|25.69|6.54|5.97|1.61||-156.32|1417.41|1147.2|14.03|
|五粮液|000858.SZ|2016-07-08|1355.16|1355.06|21.94|19.7|2.93|2.93|20.25|24.56|6.26|5.71|1.68||-149.45|1355.16|1084.95|13.27|
|五粮液|000858.SZ|2016-07-07|1321.76|1321.65|21.4|19.22|2.86|2.86|19.75|23.95|6.1|5.57|1.72||-145.77|1321.76|1051.55|12.86|
|五粮液|000858.SZ|2016-07-06|1344.15|1344.05|21.76|19.54|2.91|2.91|20.09|24.36|6.21|5.66|1.69||-148.24|1344.15|1073.94|13.14|
|五粮液|000858.SZ|2016-07-05|1252.29|1252.19|20.28|18.21|2.71|2.71|18.72|22.69|5.78|5.27|1.82||-138.11|1252.29|982.08|12.01|
|五粮液|000858.SZ|2016-07-04|1232.55|1232.46|19.96|17.92|2.67|2.67|18.42|22.34|5.69|5.19|1.85||-135.93|1232.55|962.34|11.77|
|五粮液|000858.SZ|2016-07-01|1228.75|1228.66|19.9|17.86|2.66|2.66|18.36|22.27|5.67|5.17|1.85||-135.51|1228.75|958.54|11.73|
|五粮液|000858.SZ|2016-06-30|1234.83|1234.73|19.99|17.95|2.67|2.67|18.45|22.38|5.7|5.2|1.84||-136.18|1234.83|964.62|11.8|
|五粮液|000858.SZ|2016-06-29|1221.92|1221.83|19.78|17.76|2.64|2.64|18.26|22.14|5.64|5.15|1.86||-134.76|1221.92|951.71|11.64|
|五粮液|000858.SZ|2016-06-28|1224.96|1224.86|19.83|17.81|2.65|2.65|18.31|22.2|5.66|5.16|1.86||-135.09|1224.96|954.75|11.68|
|五粮液|000858.SZ|2016-06-27|1223.82|1223.73|19.82|17.79|2.65|2.65|18.29|22.18|5.65|5.15|1.86||-134.97|1223.82|953.61|11.67|
|五粮液|000858.SZ|2016-06-24|1184.72|1184.63|19.18|17.22|2.56|2.56|17.71|21.47|5.47|4.99|1.92||-130.65|1184.72|914.51|11.19|
|五粮液|000858.SZ|2016-06-23|1213.19|1213.1|19.64|17.64|2.62|2.62|18.13|21.99|5.6|5.11|1.88||-133.79|1213.19|942.98|11.54|
|五粮液|000858.SZ|2016-06-22|1213.95|1213.86|19.66|17.65|2.63|2.63|18.14|22|5.6|5.11|1.88||-133.88|1213.95|943.74|11.55|
|五粮液|000858.SZ|2016-06-21|1206.36|1206.27|19.53|17.54|2.61|2.61|18.03|21.86|5.57|5.08|1.89||-133.04|1206.36|936.15|11.45|
|五粮液|000858.SZ|2016-06-20|1220.4|1220.31|19.76|17.74|2.64|2.64|18.24|22.12|5.63|5.14|1.87||-134.59|1220.4|950.19|11.62|
|五粮液|000858.SZ|2016-06-17|1241.66|1241.56|20.1|18.05|2.69|2.69|18.56|22.5|5.73|5.23|1.83|1.83|-136.93|1241.66|971.45|11.88|
|五粮液|000858.SZ|2016-06-16|1182.82|1182.73|19.15|17.2|2.56|2.56|17.68|21.44|5.46|4.98|1.93|1.93|-130.45|1182.82|912.61|11.16|
|五粮液|000858.SZ|2016-06-15|1190.04|1189.94|19.27|17.3|2.57|2.57|17.79|21.57|5.49|5.01|1.91|1.91|-131.24|1190.04|919.83|11.25|
|五粮液|000858.SZ|2016-06-14|1153.97|1153.88|18.68|16.78|2.5|2.5|17.25|20.91|5.33|4.86|1.97|1.97|-127.26|1153.97|883.76|10.81|
|五粮液|000858.SZ|2016-06-13|1138.41|1138.32|18.43|16.55|2.46|2.46|17.01|20.63|5.26|4.79|2|2|-125.55|1138.41|868.2|10.62|
|五粮液|000858.SZ|2016-06-08|1165.36|1165.27|18.87|16.94|2.52|2.52|17.42|21.12|5.38|4.91|1.95|1.95|-128.52|1165.36|895.15|10.95|
|五粮液|000858.SZ|2016-06-07|1188.9|1188.8|19.25|17.28|2.57|2.57|17.77|21.55|5.49|5.01|1.92|1.92|-131.12|1188.9|918.69|11.24|
|五粮液|000858.SZ|2016-06-06|1181.3|1181.21|19.13|17.17|2.56|2.56|17.66|21.41|5.45|4.97|1.93|1.93|-130.28|1181.3|911.09|11.15|
|五粮液|000858.SZ|2016-06-03|1189.28|1189.18|19.26|17.29|2.57|2.57|17.77|21.55|5.49|5.01|1.92|1.92|-131.16|1189.28|919.07|11.24|
|五粮液|000858.SZ|2016-06-02|1149.42|1149.33|18.61|16.71|2.49|2.49|17.18|20.83|5.31|4.84|1.98|1.98|-126.76|1149.42|879.21|10.76|
|五粮液|000858.SZ|2016-06-01|1135.75|1135.67|18.39|16.51|2.46|2.46|16.97|20.58|5.24|4.78|2.01|2.01|-125.25|1135.75|865.54|10.59|
|五粮液|000858.SZ|2016-05-31|1139.93|1139.84|18.46|16.57|2.47|2.47|17.04|20.66|5.26|4.8|2|2|-125.71|1139.93|869.72|10.64|
|五粮液|000858.SZ|2016-05-30|1093.24|1093.15|17.7|15.89|2.36|2.36|16.34|19.81|5.05|4.6|2.08|2.08|-120.57|1093.24|823.03|10.07|
|五粮液|000858.SZ|2016-05-27|1095.52|1095.43|17.74|15.93|2.37|2.37|16.37|19.85|5.06|4.61|2.08|2.08|-120.82|1095.52|825.31|10.1|
|五粮液|000858.SZ|2016-05-26|1096.28|1096.19|17.75|15.94|2.37|2.37|16.38|19.87|5.06|4.62|2.08|2.08|-120.9|1096.28|826.07|10.11|
|五粮液|000858.SZ|2016-05-25|1097.79|1097.71|17.77|15.96|2.37|2.37|16.41|19.89|5.07|4.62|2.07|2.07|-121.07|1097.79|827.58|10.12|
|五粮液|000858.SZ|2016-05-24|1119.81|1119.72|18.13|16.28|2.42|2.42|16.74|20.29|5.17|4.72|2.03|2.03|-123.5|1119.81|849.6|10.39|
|五粮液|000858.SZ|2016-05-23|1138.41|1138.32|18.43|16.55|2.46|2.46|17.01|20.63|5.26|4.79|2|2|-125.55|1138.41|868.2|10.62|
|五粮液|000858.SZ|2016-05-20|1117.53|1117.45|18.09|16.25|2.42|2.42|16.7|20.25|5.16|4.71|2.04|2.04|-123.24|1117.53|847.32|10.37|
|五粮液|000858.SZ|2016-05-19|1102.73|1102.64|17.85|16.03|2.39|2.39|16.48|19.98|5.09|4.64|2.07|2.07|-121.61|1102.73|832.52|10.18|
|五粮液|000858.SZ|2016-05-18|1108.42|1108.34|17.95|16.11|2.4|2.4|16.57|20.09|5.12|4.67|2.05|2.05|-122.24|1108.42|838.21|10.25|
|五粮液|000858.SZ|2016-05-17|1114.12|1114.03|18.04|16.2|2.41|2.41|16.65|20.19|5.14|4.69|2.04|2.04|-122.87|1114.12|843.91|10.32|
|五粮液|000858.SZ|2016-05-16|1131.96|1131.87|18.33|16.46|2.45|2.45|16.92|20.51|5.23|4.77|2.01|2.01|-124.84|1131.96|861.75|10.54|
|五粮液|000858.SZ|2016-05-13|1134.23|1134.15|18.36|16.49|2.45|2.45|16.95|20.55|5.24|4.78|2.01|2.01|-125.09|1134.23|864.02|10.57|
|五粮液|000858.SZ|2016-05-12|1142.59|1142.5|18.5|16.61|2.47|2.47|17.08|20.71|5.28|4.81|1.99|1.99|-126.01|1142.59|872.38|10.67|
|五粮液|000858.SZ|2016-05-11|1150.94|1150.85|18.64|16.73|2.49|2.49|17.2|20.86|5.31|4.85|1.98|1.98|-126.93|1150.94|880.73|10.77|
|五粮液|000858.SZ|2016-05-10|1128.16|1128.07|18.27|16.4|2.44|2.44|16.86|20.44|5.21|4.75|2.02|2.02|-124.42|1128.16|857.95|10.5|
|五粮液|000858.SZ|2016-05-09|1111.08|1110.99|17.99|16.15|2.4|2.4|16.61|20.14|5.13|4.68|2.05|2.05|-122.53|1111.08|840.87|10.29|
|五粮液|000858.SZ|2016-05-06|1112.6|1112.51|18.01|16.18|2.41|2.41|16.63|20.16|5.14|4.68|2.05|2.05|-122.7|1112.6|842.39|10.31|
|五粮液|000858.SZ|2016-05-05|1153.97|1153.88|18.68|16.78|2.5|2.5|17.25|20.91|5.33|4.86|1.97|1.97|-127.26|1153.97|883.76|10.81|
|五粮液|000858.SZ|2016-05-04|1163.84|1163.75|18.84|16.92|2.52|2.52|17.39|21.09|5.37|4.9|1.96|1.96|-128.35|1163.84|893.63|10.93|
|五粮液|000858.SZ|2016-05-03|1176.75|1176.66|19.05|17.11|2.55|2.55|17.59|21.32|5.43|4.95|1.94|1.94|-129.78|1176.75|906.54|11.09|
|五粮液|000858.SZ|2016-04-29|1078.05|1077.97|17.46|15.67|2.33|2.33|16.11|19.54|4.98|4.54|2.11|2.11|-118.89|1078.05|807.84|9.88|
|五粮液|000858.SZ|2016-04-28|1045.03|1044.95|16.92|16.92|2.41|2.41|15.62|15.62|4.82|4.82|2.18|2.18|-115.47|1045.03|781.29|9.56|
|五粮液|000858.SZ|2016-04-27|1051.86|1051.78|17.03|17.03|2.43|2.43|15.72|15.72|4.86|4.86|2.17|2.17|-116.22|1051.86|788.12|9.64|
|五粮液|000858.SZ|2016-04-26|1036.3|1036.22|16.78|16.78|2.39|2.39|15.49|15.49|4.78|4.78|2.2|2.2|-114.5|1036.3|772.56|9.45|
|五粮液|000858.SZ|2016-04-25|1030.23|1030.15|16.68|16.68|2.38|2.38|15.4|15.4|4.76|4.76|2.21|2.21|-113.83|1030.23|766.48|9.38|
|五粮液|000858.SZ|2016-04-22|1017.32|1017.24|16.47|16.47|2.35|2.35|15.2|15.2|4.7|4.7|2.24|2.24|-112.41|1017.32|753.58|9.22|
|五粮液|000858.SZ|2016-04-21|997.58|997.5|16.15|16.15|2.3|2.3|14.91|14.91|4.61|4.61|2.28|2.28|-110.23|997.58|733.84|8.98|
|五粮液|000858.SZ|2016-04-20|994.54|994.47|16.1|16.1|2.3|2.3|14.86|14.86|4.59|4.59|2.29|2.29|-109.89|994.54|730.8|8.94|
|五粮液|000858.SZ|2016-04-19|1012.76|1012.69|16.4|16.4|2.34|2.34|15.14|15.14|4.68|4.68|2.25|2.25|-111.9|1012.76|749.02|9.16|
|五粮液|000858.SZ|2016-04-18|1024.53|1024.45|16.59|16.59|2.36|2.36|15.31|15.31|4.73|4.73|2.22|2.22|-113.2|1024.53|760.79|9.31|
|五粮液|000858.SZ|2016-04-15|1051.48|1051.4|17.02|17.02|2.43|2.43|15.71|15.71|4.85|4.85|2.17|2.17|-116.18|1051.48|787.74|9.64|
|五粮液|000858.SZ|2016-04-14|1048.07|1047.99|16.97|16.97|2.42|2.42|15.66|15.66|4.84|4.84|2.17|2.17|-115.8|1048.07|784.32|9.6|
|五粮液|000858.SZ|2016-04-13|1038.96|1038.88|16.82|16.82|2.4|2.4|15.53|15.53|4.8|4.8|2.19|2.19|-114.8|1038.96|775.21|9.48|
|五粮液|000858.SZ|2016-04-12|1032.5|1032.42|16.72|16.72|2.38|2.38|15.43|15.43|4.77|4.77|2.21|2.21|-114.08|1032.5|768.76|9.4|
|五粮液|000858.SZ|2016-04-11|1034.02|1033.94|16.74|16.74|2.39|2.39|15.45|15.45|4.77|4.77|2.2|2.2|-114.25|1034.02|770.28|9.42|
|五粮液|000858.SZ|2016-04-08|1034.4|1034.32|16.75|16.75|2.39|2.39|15.46|15.46|4.78|4.78|2.2|2.2|-114.29|1034.4|770.66|9.43|
|五粮液|000858.SZ|2016-04-07|1054.9|1054.82|17.08|17.08|2.43|2.43|15.77|15.77|4.87|4.87|2.16|2.16|-116.56|1054.9|791.16|9.68|
|五粮液|000858.SZ|2016-04-06|1085.27|1085.18|17.57|17.57|2.5|2.5|16.22|16.22|5.01|5.01|2.1|2.1|-119.91|1085.27|821.52|10.05|
|五粮液|000858.SZ|2016-04-05|1065.91|1065.83|17.26|17.26|2.46|2.46|15.93|15.93|4.92|4.92|2.14|2.14|-117.78|1065.91|802.17|9.81|
|五粮液|000858.SZ|2016-04-01|1062.49|1062.41|17.2|17.2|2.45|2.45|15.88|15.88|4.91|4.91|2.14|2.14|-117.4|1062.49|798.75|9.77|
|五粮液|000858.SZ|2016-03-31|1067.05|1066.96|17.28|17.28|2.46|2.46|15.95|15.95|4.93|4.93|2.13|2.13|-117.9|1067.05|803.3|9.83|
|五粮液|000858.SZ|2016-03-30|1067.43|1067.34|17.28|17.28|2.46|2.46|15.95|15.95|4.93|4.93|2.13|2.13|-117.94|1067.43|803.68|9.83|
|五粮液|000858.SZ|2016-03-29|1062.87|1062.79|17.21|17.21|2.45|2.45|15.88|15.88|4.91|4.91|2.14|2.14|-117.44|1062.87|799.13|9.78|
|五粮液|000858.SZ|2016-03-28|1065.91|1065.83|17.26|17.26|2.46|2.46|15.93|15.93|4.92|4.92|2.14|2.14|-117.78|1065.91|802.17|9.81|
|五粮液|000858.SZ|2016-03-25|1034.4|1034.32|17.73|18.05|2.48|2.48|130.18|14.25|4.92|4.91|2.2|2.2|-125.23|1034.4|780.72|9.74|
|五粮液|000858.SZ|2016-03-24|1013.52|1013.45|17.37|17.69|2.43|2.43|127.56|13.96|4.82|4.81|2.25|2.25|-122.7|1013.52|759.84|9.48|
|五粮液|000858.SZ|2016-03-23|999.86|999.78|17.14|17.45|2.39|2.39|125.84|13.78|4.76|4.74|2.28|2.28|-121.04|999.86|746.17|9.31|
|五粮液|000858.SZ|2016-03-22|1004.79|1004.72|17.22|17.53|2.41|2.41|126.46|13.84|4.78|4.77|2.27|2.27|-121.64|1004.79|751.11|9.37|
|五粮液|000858.SZ|2016-03-21|1002.14|1002.06|17.17|17.49|2.4|2.4|126.12|13.81|4.77|4.76|2.27|2.27|-121.32|1002.14|748.45|9.34|
|五粮液|000858.SZ|2016-03-18|990.75|990.67|16.98|17.29|2.37|2.37|124.69|13.65|4.72|4.7|2.3|2.3|-119.94|990.75|737.06|9.19|
|五粮液|000858.SZ|2016-03-17|967.97|967.9|16.59|16.89|2.32|2.32|121.82|13.34|4.61|4.59|2.35|2.35|-117.18|967.97|714.29|8.91|
|五粮液|000858.SZ|2016-03-16|959.62|959.55|16.45|16.75|2.3|2.3|120.77|13.22|4.57|4.55|2.37|2.37|-116.17|959.62|705.94|8.81|
|五粮液|000858.SZ|2016-03-15|968.73|968.66|16.6|16.9|2.32|2.32|121.92|13.35|4.61|4.6|2.35|2.35|-117.28|968.73|715.05|8.92|
|五粮液|000858.SZ|2016-03-14|966.07|966|16.56|16.86|2.31|2.31|121.59|13.31|4.6|4.58|2.36|2.36|-116.95|966.07|712.39|8.89|
|五粮液|000858.SZ|2016-03-11|964.18|964.1|16.52|16.82|2.31|2.31|121.35|13.28|4.59|4.58|2.36|2.36|-116.72|964.18|710.49|8.86|
|五粮液|000858.SZ|2016-03-10|954.31|954.23|16.36|16.65|2.29|2.29|120.1|13.15|4.54|4.53|2.39|2.39|-115.53|954.31|700.62|8.74|
|五粮液|000858.SZ|2016-03-09|941.02|940.95|16.13|16.42|2.25|2.25|118.43|12.96|4.48|4.47|2.42|2.42|-113.92|941.02|687.33|8.57|
|五粮液|000858.SZ|2016-03-08|951.27|951.2|16.3|16.6|2.28|2.28|119.72|13.11|4.53|4.51|2.39|2.39|-115.16|951.27|697.58|8.7|
|五粮液|000858.SZ|2016-03-07|962.66|962.58|16.5|16.8|2.31|2.31|121.16|13.26|4.58|4.57|2.37|2.37|-116.54|962.66|708.97|8.84|
|五粮液|000858.SZ|2016-03-04|955.44|955.37|16.37|16.67|2.29|2.29|120.25|13.16|4.55|4.53|2.38|2.38|-115.67|955.44|701.76|8.75|
|五粮液|000858.SZ|2016-03-03|930.01|929.94|15.94|16.23|2.23|2.23|117.05|12.81|4.43|4.41|2.45|2.45|-112.59|930.01|676.33|8.44|
|五粮液|000858.SZ|2016-03-02|906.1|906.03|15.53|15.81|2.17|2.17|114.04|12.48|4.31|4.3|2.51|2.51|-109.69|906.1|652.41|8.14|
|五粮液|000858.SZ|2016-03-01|866.62|866.55|14.85|15.12|2.08|2.08|109.07|11.94|4.12|4.11|2.63|2.63|-104.91|866.62|612.93|7.65|
|五粮液|000858.SZ|2016-02-29|852.57|852.51|14.61|14.88|2.04|2.04|107.3|11.75|4.06|4.05|2.67|2.67|-103.21|852.57|598.89|7.47|
|五粮液|000858.SZ|2016-02-26|889.77|889.71|15.25|15.53|2.13|2.13|111.98|12.26|4.23|4.22|2.56|2.56|-107.72|889.77|636.09|7.93|
|五粮液|000858.SZ|2016-02-25|876.11|876.04|15.01|15.29|2.1|2.1|110.26|12.07|4.17|4.16|2.6|2.6|-106.06|876.11|622.42|7.76|
|五粮液|000858.SZ|2016-02-24|918.24|918.18|15.74|16.02|2.2|2.2|115.57|12.65|4.37|4.36|2.48|2.48|-111.16|918.24|664.56|8.29|
|五粮液|000858.SZ|2016-02-23|911.03|910.96|15.61|15.9|2.18|2.18|114.66|12.55|4.34|4.32|2.5|2.5|-110.29|911.03|657.35|8.2|
|五粮液|000858.SZ|2016-02-22|905.34|905.27|15.52|15.8|2.17|2.17|113.94|12.47|4.31|4.3|2.52|2.52|-109.6|905.34|651.65|8.13|
|五粮液|000858.SZ|2016-02-19|884.46|884.39|15.16|15.43|2.12|2.12|111.31|12.19|4.21|4.2|2.58|2.58|-107.07|884.46|630.78|7.87|
|五粮液|000858.SZ|2016-02-18|890.15|890.09|15.26|15.53|2.13|2.13|112.03|12.26|4.24|4.22|2.56|2.56|-107.76|890.15|636.47|7.94|
|五粮液|000858.SZ|2016-02-17|908.75|908.69|15.57|15.86|2.18|2.18|114.37|12.52|4.33|4.31|2.51|2.51|-110.01|908.75|655.07|8.17|
|五粮液|000858.SZ|2016-02-16|912.55|912.48|15.64|15.92|2.19|2.19|114.85|12.57|4.34|4.33|2.5|2.5|-110.47|912.55|658.87|8.22|
|五粮液|000858.SZ|2016-02-15|883.32|883.26|15.14|15.41|2.12|2.12|111.17|12.17|4.2|4.19|2.58|2.58|-106.94|883.32|629.64|7.85|
|五粮液|000858.SZ|2016-02-05|898.88|898.82|15.41|15.69|2.15|2.15|113.13|12.38|4.28|4.27|2.53|2.53|-108.82|898.88|645.2|8.05|
|五粮液|000858.SZ|2016-02-04|923.18|923.11|15.82|16.11|2.21|2.21|116.19|12.72|4.39|4.38|2.47|2.47|-111.76|923.18|669.49|8.35|
|五粮液|000858.SZ|2016-02-03|922.04|921.97|15.8|16.09|2.21|2.21|116.04|12.7|4.39|4.38|2.47|2.47|-111.62|922.04|668.36|8.34|
|五粮液|000858.SZ|2016-02-02|918.62|918.56|15.74|16.03|2.2|2.2|115.61|12.66|4.37|4.36|2.48|2.48|-111.21|918.62|664.94|8.29|
|五粮液|000858.SZ|2016-02-01|911.79|911.72|15.63|15.91|2.18|2.18|114.75|12.56|4.34|4.33|2.5|2.5|-110.38|911.79|658.11|8.21|
|五粮液|000858.SZ|2016-01-29|898.13|898.06|15.39|15.67|2.15|2.15|113.03|12.37|4.27|4.26|2.54|2.54|-108.73|898.13|644.44|8.04|
|五粮液|000858.SZ|2016-01-28|860.93|860.86|14.75|15.02|2.06|2.06|108.35|11.86|4.1|4.09|2.65|2.65|-104.22|860.93|607.24|7.57|
|五粮液|000858.SZ|2016-01-27|871.17|871.11|14.93|15.2|2.09|2.09|109.64|12|4.15|4.13|2.61|2.61|-105.47|871.17|617.49|7.7|
|五粮液|000858.SZ|2016-01-26|893.95|893.88|15.32|15.6|2.14|2.14|112.51|12.32|4.25|4.24|2.55|2.55|-108.22|893.95|640.26|7.99|
|五粮液|000858.SZ|2016-01-25|927.73|927.66|15.9|16.19|2.22|2.22|116.76|12.78|4.42|4.4|2.46|2.46|-112.31|927.73|674.05|8.41|
|五粮液|000858.SZ|2016-01-22|914.07|914|15.67|15.95|2.19|2.19|115.04|12.59|4.35|4.34|2.49|2.49|-110.66|914.07|660.38|8.24|
|五粮液|000858.SZ|2016-01-21|912.55|912.48|15.64|15.92|2.19|2.19|114.85|12.57|4.34|4.33|2.5|2.5|-110.47|912.55|658.87|8.22|
|五粮液|000858.SZ|2016-01-20|934.19|934.12|16.01|16.3|2.24|2.24|117.57|12.87|4.45|4.43|2.44|2.44|-113.09|934.19|680.5|8.49|
|五粮液|000858.SZ|2016-01-19|945.58|945.5|16.21|16.5|2.26|2.26|119.01|13.03|4.5|4.49|2.41|2.41|-114.47|945.58|691.89|8.63|
|五粮液|000858.SZ|2016-01-18|908.75|908.69|15.57|15.86|2.18|2.18|114.37|12.52|4.33|4.31|2.51|2.51|-110.01|908.75|655.07|8.17|
|五粮液|000858.SZ|2016-01-15|895.85|895.78|15.35|15.63|2.15|2.15|112.75|12.34|4.26|4.25|2.54|2.54|-108.45|895.85|642.16|8.01|
|五粮液|000858.SZ|2016-01-14|922.42|922.35|15.81|16.1|2.21|2.21|116.09|12.71|4.39|4.38|2.47|2.47|-111.67|922.42|668.73|8.34|
|五粮液|000858.SZ|2016-01-13|915.21|915.14|15.69|15.97|2.19|2.19|115.18|12.61|4.36|4.34|2.49|2.49|-110.8|915.21|661.52|8.25|
|五粮液|000858.SZ|2016-01-12|914.07|914|15.67|15.95|2.19|2.19|115.04|12.59|4.35|4.34|2.49|2.49|-110.66|914.07|660.38|8.24|
|五粮液|000858.SZ|2016-01-11|913.69|913.62|15.66|15.94|2.19|2.19|114.99|12.59|4.35|4.34|2.49|2.49|-110.61|913.69|660|8.23|
|五粮液|000858.SZ|2016-01-08|983.53|983.46|16.86|17.16|2.36|2.36|123.78|13.55|4.68|4.67|2.32|2.32|-119.07|983.53|729.85|9.1|
|五粮液|000858.SZ|2016-01-07|959.62|959.55|16.45|16.75|2.3|2.3|120.77|13.22|4.57|4.55|2.37|2.37|-116.17|959.62|705.94|8.81|
|五粮液|000858.SZ|2016-01-06|1008.97|1008.89|17.29|17.61|2.42|2.42|126.98|13.9|4.8|4.79|2.26|2.26|-122.15|1008.97|755.28|9.42|
|五粮液|000858.SZ|2016-01-05|986.95|986.88|16.91|17.22|2.36|2.36|124.21|13.6|4.7|4.68|2.31|2.31|-119.48|986.95|733.27|9.15|
|五粮液|000858.SZ|2016-01-04|974.42|974.35|16.7|17|2.33|2.33|122.64|13.43|4.64|4.62|2.34|2.34|-117.96|974.42|720.74|8.99|",2026-07-18T11:43:17.686682+08:00
