trade_date,wind_code,open,high,low,close,volume,amt
2014-01-02,801740.SI,956.30,977.90,947.66,967.03,202332520,2876707184
2014-01-03,801740.SI,963.00,973.65,942.06,952.46,244499584,3461877842
2014-01-06,801740.SI,947.38,952.09,905.38,914.79,289952530,3309062485
2014-01-07,801740.SI,910.11,932.65,901.51,920.69,174717062,2115086147
2014-01-08,801740.SI,923.20,949.63,911.30,934.77,231994537,3088803317
2014-01-09,801740.SI,929.58,942.00,905.97,910.42,186059410,2481219576
2014-01-10,801740.SI,905.67,918.30,878.36,889.41,220691666,2471090195
2014-01-13,801740.SI,891.34,907.41,873.24,885.00,182245760,2133993310
2014-01-14,801740.SI,883.94,903.70,868.38,898.72,189604637,2180774545
2014-01-15,801740.SI,897.92,930.31,887.11,916.54,272266766,3549296425
2014-01-16,801740.SI,914.39,926.48,899.07,911.97,233820452,3001330907
2014-01-17,801740.SI,907.41,915.93,887.52,893.40,230388716,2504292404
2014-01-20,801740.SI,895.35,914.09,879.60,895.76,201000903,2271548505
2014-01-21,801740.SI,897.83,910.09,888.61,902.46,182023885,2077304644
2014-01-22,801740.SI,903.76,941.50,899.60,932.07,397352275,3996110497
2014-01-23,801740.SI,927.44,947.34,919.84,933.45,293707537,3443956848
2014-01-24,801740.SI,930.95,952.89,925.35,942.03,273717468,3205370149
2014-01-27,801740.SI,942.36,958.15,928.64,937.96,272276948,3250305930
2014-01-28,801740.SI,935.47,947.84,916.51,928.35,193723138,2363227290
2014-01-29,801740.SI,928.54,958.41,925.16,949.90,232469648,3313190058
2014-01-30,801740.SI,946.33,988.58,938.20,972.09,312852767,4676057290
2014-02-07,801740.SI,967.59,1023.29,960.39,1014.33,440108851,6230357807
2014-02-10,801740.SI,1017.84,1054.02,1009.32,1034.55,536081859,7244749255
2014-02-11,801740.SI,1034.06,1043.53,1004.41,1020.42,434435709,6000605414
2014-02-12,801740.SI,1021.27,1036.78,1003.36,1024.27,336278134,4734338895
2014-02-13,801740.SI,1019.38,1023.43,985.80,989.94,389578675,4761913970
2014-02-14,801740.SI,988.38,1008.56,982.93,1000.01,275482302,3529683360
2014-02-17,801740.SI,1009.22,1055.57,1007.92,1043.78,529898172,7253486659
2014-02-18,801740.SI,1046.87,1055.74,1024.12,1039.88,394403740,5509198630
2014-02-19,801740.SI,1036.41,1043.71,1009.66,1023.40,329121124,4495937523
2014-02-20,801740.SI,1000.00,1000.00,1000.00,1000.00,322454822,4383472164
2014-02-21,801740.SI,998.18,1008.91,989.96,1001.27,275120000,3548190000
2014-02-24,801740.SI,996.07,996.07,983.33,989.16,290490000,3864290000
2014-02-25,801740.SI,989.80,992.98,926.77,934.96,432240000,5987620000
2014-02-26,801740.SI,926.73,930.43,905.74,929.90,262430000,3393970000
2014-02-27,801740.SI,933.10,961.87,931.57,935.60,362100000,4464140000
2014-02-28,801740.SI,932.08,948.91,922.38,948.22,241120000,2914120000
2014-03-03,801740.SI,962.43,976.21,962.43,972.08,359690000,4676870000
2014-03-04,801740.SI,969.72,985.53,961.67,980.29,360290000,4618650000
2014-03-05,801740.SI,981.03,982.78,964.76,966.58,287020000,3738070000
2014-03-06,801740.SI,964.71,964.73,941.34,952.95,243080000,2986960000
2014-03-07,801740.SI,954.94,964.19,947.68,952.18,229620000,2808080000
2014-03-10,801740.SI,941.04,941.26,901.38,904.95,355030000,4007850000
2014-03-11,801740.SI,903.10,908.77,891.16,900.68,296100000,3172180000
2014-03-12,801740.SI,902.29,906.21,882.11,897.35,284400000,2887580000
2014-03-13,801740.SI,898.43,918.97,895.48,914.61,332510000,3814760000
2014-03-14,801740.SI,909.08,910.02,897.53,905.20,251130000,2838340000
2014-03-17,801740.SI,911.95,922.89,907.01,922.77,277230000,3300790000
2014-03-18,801740.SI,922.97,928.03,917.64,918.56,268430000,3041200000
2014-03-19,801740.SI,914.26,918.13,902.47,918.06,328920000,3355710000
2014-03-20,801740.SI,915.00,916.99,883.70,884.37,319760000,3365090000
2014-03-21,801740.SI,880.30,902.22,871.69,900.91,316320000,3286490000
2014-03-24,801740.SI,898.02,906.86,896.28,902.99,289910000,3063640000
2014-03-25,801740.SI,901.50,910.60,898.93,904.77,266350000,2904950000
2014-03-26,801740.SI,904.71,905.89,893.95,897.74,197200000,2184840000
2014-03-27,801740.SI,896.70,897.03,881.68,881.68,207790000,2263730000
2014-03-28,801740.SI,881.36,882.83,852.43,854.09,258150000,3003520000
2014-03-31,801740.SI,854.28,869.74,852.32,862.86,199260000,2268490000
2014-04-01,801740.SI,861.27,872.32,858.98,869.99,184350000,2105250000
2014-04-02,801740.SI,869.57,870.36,862.22,863.68,159020000,1701460000
2014-04-03,801740.SI,866.33,869.74,859.57,861.87,154730000,1736400000
2014-04-04,801740.SI,860.92,876.81,858.34,876.71,187440000,2171470000
2014-04-08,801740.SI,875.86,913.37,875.07,909.73,370220000,4341810000
2014-04-09,801740.SI,912.73,915.22,906.72,912.30,233840000,2896240000
2014-04-10,801740.SI,912.22,920.76,908.58,915.79,241000000,2596200000
2014-04-11,801740.SI,913.25,920.05,909.36,917.29,260880000,2869990000
2014-04-14,801740.SI,915.44,921.60,915.26,921.10,172130000,1981040000
2014-04-15,801740.SI,933.29,937.50,915.34,916.42,267500000,3225820000
2014-04-16,801740.SI,914.28,918.55,907.10,914.81,199130000,2206310000
2014-04-17,801740.SI,918.07,920.29,906.17,907.22,178600000,2210800000
2014-04-18,801740.SI,902.06,912.53,899.19,911.67,180500000,2263910000
2014-04-21,801740.SI,903.50,912.85,890.98,891.82,188000000,2299030000
2014-04-22,801740.SI,889.81,895.69,873.51,892.36,190550000,2326500000
2014-04-23,801740.SI,890.54,917.99,887.77,917.51,264380000,3075460000
2014-04-24,801740.SI,915.00,922.52,902.59,902.69,270090000,3180210000
2014-04-25,801740.SI,899.36,899.36,881.34,882.03,247500000,2449760000
2014-04-28,801740.SI,877.39,877.56,850.68,850.79,227890000,2294900000
2014-04-29,801740.SI,848.75,859.27,847.50,857.21,199850000,1856590000
2014-04-30,801740.SI,855.41,862.79,854.03,861.71,136640000,1363630000
2014-05-05,801740.SI,861.48,873.01,857.41,871.49,143820000,1494560000
2014-05-06,801740.SI,870.44,882.47,869.92,875.52,166150000,1779740000
2014-05-07,801740.SI,872.90,875.33,865.77,866.02,182950000,1798850000
2014-05-08,801740.SI,864.68,880.45,864.51,869.64,177180000,1845590000
2014-05-09,801740.SI,870.54,871.84,856.47,862.61,154050000,1589770000
2014-05-12,801740.SI,871.08,882.23,863.93,882.22,223680000,2292230000
2014-05-13,801740.SI,881.08,888.53,879.56,888.25,223540000,2355800000
2014-05-14,801740.SI,886.64,887.87,879.89,881.84,172120000,1820010000
2014-05-15,801740.SI,881.50,904.21,880.22,880.54,311360000,3245180000
2014-05-16,801740.SI,880.29,887.88,871.80,885.30,222570000,2324490000
2014-05-19,801740.SI,902.75,905.99,875.01,876.46,287440000,3167750000
2014-05-20,801740.SI,878.84,882.30,868.69,873.43,298350000,3131130000
2014-05-21,801740.SI,870.96,878.33,863.60,878.29,202670000,2090830000
2014-05-22,801740.SI,877.67,886.50,874.70,875.09,268880000,2800090000
2014-05-23,801740.SI,873.10,878.42,870.67,877.93,180680000,1920070000
2014-05-26,801740.SI,888.92,892.96,884.47,888.50,257020000,2848450000
2014-05-27,801740.SI,887.79,887.80,878.36,879.00,232190000,2408080000
2014-05-28,801740.SI,877.58,888.61,873.49,888.20,261000000,2782640000
2014-05-29,801740.SI,887.59,888.10,876.45,876.74,234450000,2492050000
2014-05-30,801740.SI,879.63,895.58,874.60,893.34,326280000,3691570000
2014-06-03,801740.SI,894.65,898.16,891.16,891.61,247070000,2915600000
2014-06-04,801740.SI,888.96,889.05,877.22,885.57,243060000,2696070000
2014-06-05,801740.SI,882.87,894.93,880.62,894.83,237540000,2653820000
2014-06-06,801740.SI,893.26,894.35,883.72,888.13,219930000,2344750000
2014-06-09,801740.SI,885.87,893.65,885.07,885.61,211320000,2364870000
2014-06-10,801740.SI,885.55,893.92,881.65,893.85,258100000,2799910000
2014-06-11,801740.SI,891.37,896.75,890.00,894.25,225750000,2485450000
2014-06-12,801740.SI,893.53,912.76,893.30,909.61,370060000,3929090000
2014-06-13,801740.SI,908.49,916.63,904.63,915.17,291480000,3283930000
2014-06-16,801740.SI,915.15,929.00,914.41,928.64,349660000,3867520000
2014-06-17,801740.SI,925.68,925.68,912.50,912.84,235930000,2596900000
2014-06-18,801740.SI,916.15,928.70,913.18,914.35,283470000,3461380000
2014-06-19,801740.SI,911.46,917.72,886.99,892.22,309660000,3496620000
2014-06-20,801740.SI,891.07,899.50,889.57,899.50,170330000,1905190000
2014-06-23,801740.SI,901.03,913.61,901.02,907.78,203490000,2374630000
2014-06-24,801740.SI,906.98,925.60,905.58,925.51,259780000,3217590000
2014-06-25,801740.SI,924.82,926.04,918.04,920.39,233810000,2980170000
2014-06-26,801740.SI,919.51,932.62,919.51,930.99,259000000,2977100000
2014-06-27,801740.SI,930.77,959.51,928.54,949.98,552540000,5232660000
2014-06-30,801740.SI,954.13,1000.65,954.07,991.95,754920000,9132670000
2014-07-01,801740.SI,999.78,1000.70,976.85,981.81,567570000,7121340000
2014-07-02,801740.SI,984.49,1020.44,984.26,1009.65,791460000,11260340000
2014-07-03,801740.SI,1003.23,1007.54,993.44,995.69,493070000,7550390000
2014-07-04,801740.SI,990.75,996.40,987.95,993.67,405030000,7162200000
2014-07-07,801740.SI,998.20,1027.73,998.20,1024.67,622330000,10034440000
2014-07-08,801740.SI,1027.63,1035.05,1008.55,1023.15,560370000,9957240000
2014-07-09,801740.SI,1018.63,1070.29,1013.97,1027.79,947980000,14756080000
2014-07-10,801740.SI,1025.30,1044.23,1022.26,1025.34,648630000,10604900000
2014-07-11,801740.SI,1022.95,1061.83,1021.18,1057.06,693040000,11485490000
2014-07-14,801740.SI,1061.30,1065.35,1047.43,1051.40,509950000,8693960000
2014-07-15,801740.SI,1049.64,1068.78,1041.72,1056.65,512180000,8324100000
2014-07-16,801740.SI,1048.59,1048.59,1005.53,1008.60,535960000,7714380000
2014-07-17,801740.SI,1001.13,1008.54,982.54,992.29,401310000,6522860000
2014-07-18,801740.SI,991.46,999.37,981.83,983.46,372130000,6868880000
2014-07-21,801740.SI,984.41,999.66,970.95,999.66,448570000,7791630000
2014-07-22,801740.SI,993.26,1005.31,988.14,1003.03,424610000,7163460000
2014-07-23,801740.SI,1000.67,1013.54,998.16,1005.29,468680000,7986220000
2014-07-24,801740.SI,1003.56,1008.07,971.95,989.99,439450000,7575310000
2014-07-25,801740.SI,990.77,996.43,987.29,994.92,298570000,4851470000
2014-07-28,801740.SI,1001.77,1029.96,1001.77,1029.07,575850000,8972700000
2014-07-29,801740.SI,1033.80,1057.27,1031.20,1050.83,660330000,10698890000
2014-07-30,801740.SI,1050.53,1078.83,1041.60,1064.06,838750000,13165480000
2014-07-31,801740.SI,1058.24,1080.36,1053.30,1074.57,535730000,10115650000
2014-08-01,801740.SI,1069.47,1079.94,1050.81,1050.81,609510000,10093170000
2014-08-04,801740.SI,1051.21,1075.66,1051.21,1066.75,457540000,7334970000
2014-08-05,801740.SI,1066.64,1071.54,1052.19,1068.08,466620000,7903350000
2014-08-06,801740.SI,1064.24,1095.75,1062.21,1085.72,648080000,10612670000
2014-08-07,801740.SI,1086.50,1097.41,1072.78,1074.07,634060000,9927130000
2014-08-08,801740.SI,1075.12,1092.26,1075.12,1082.13,512080000,8655170000
2014-08-11,801740.SI,1087.44,1099.67,1087.44,1099.46,532690000,8516980000
2014-08-12,801740.SI,1103.86,1109.09,1094.93,1102.29,536870000,8944240000
2014-08-13,801740.SI,1098.70,1101.93,1076.20,1088.29,452830000,7582110000
2014-08-14,801740.SI,1085.17,1097.06,1077.12,1078.18,502750000,7510720000
2014-08-15,801740.SI,1080.11,1089.22,1077.40,1087.43,346460000,5453590000
2014-08-18,801740.SI,1090.98,1100.42,1087.78,1099.04,427900000,6713160000
2014-08-19,801740.SI,1101.27,1108.15,1094.73,1106.86,495020000,9141870000
2014-08-20,801740.SI,1106.88,1116.43,1102.96,1107.04,471760000,8935910000
2014-08-21,801740.SI,1108.17,1118.77,1104.27,1111.82,474360000,8852540000
2014-08-22,801740.SI,1110.84,1115.48,1107.29,1112.80,466790000,8740260000
2014-08-25,801740.SI,1112.56,1112.80,1093.69,1093.95,376020000,6688870000
2014-08-26,801740.SI,1089.83,1093.95,1070.38,1076.14,392490000,6879740000
2014-08-27,801740.SI,1079.22,1117.76,1079.22,1113.76,504560000,9125330000
2014-08-28,801740.SI,1121.83,1121.83,1086.87,1087.06,494310000,9397110000
2014-08-29,801740.SI,1090.38,1127.86,1089.71,1127.86,544800000,9465550000
2014-09-01,801740.SI,1141.89,1165.28,1141.89,1164.75,775230000,13229830000
2014-09-02,801740.SI,1169.04,1225.77,1165.08,1215.28,1172960000,20387960000
2014-09-03,801740.SI,1214.55,1229.41,1207.00,1223.04,1096220000,19018650000
2014-09-04,801740.SI,1218.48,1272.81,1215.81,1244.18,1161030000,20833860000
2014-09-05,801740.SI,1240.57,1264.50,1228.14,1264.19,1134240000,17570710000
2014-09-09,801740.SI,1260.86,1283.63,1256.81,1267.76,992870000,16064300000
2014-09-10,801740.SI,1262.49,1288.50,1253.56,1273.06,832490000,14856200000
2014-09-11,801740.SI,1268.28,1296.58,1259.18,1279.71,856870000,15302730000
2014-09-12,801740.SI,1281.33,1321.42,1281.33,1321.26,1090440000,17581210000
2014-09-15,801740.SI,1327.10,1340.36,1318.35,1328.69,997590000,16596950000
2014-09-16,801740.SI,1325.17,1325.17,1262.29,1266.13,1113870000,19221840000
2014-09-17,801740.SI,1261.77,1268.16,1229.47,1255.80,656040000,11792650000
2014-09-18,801740.SI,1248.49,1255.80,1238.44,1248.24,453370000,7690540000
2014-09-19,801740.SI,1248.05,1294.80,1247.69,1290.56,759650000,11933940000
2014-09-22,801740.SI,1287.96,1287.96,1258.10,1264.04,589660000,9838500000
2014-09-23,801740.SI,1264.58,1308.60,1264.58,1301.66,807460000,13721550000
2014-09-24,801740.SI,1298.99,1349.58,1294.35,1341.43,999960000,17123860000
2014-09-25,801740.SI,1347.28,1373.61,1340.40,1350.13,1027260000,17783420000
2014-09-26,801740.SI,1351.43,1351.97,1321.78,1336.47,621550000,11251150000
2014-09-29,801740.SI,1354.01,1372.09,1349.85,1360.79,1104970000,13823850000
2014-09-30,801740.SI,1358.66,1359.25,1347.89,1357.48,702710000,10095600000
2014-10-08,801740.SI,1357.31,1393.76,1354.68,1391.82,860840000,14165930000
2014-10-09,801740.SI,1390.62,1399.11,1364.27,1395.42,912490000,14612990000
2014-10-10,801740.SI,1386.52,1418.77,1374.55,1404.82,931460000,17843220000
2014-10-13,801740.SI,1398.59,1426.96,1382.04,1426.31,846870000,16624560000
2014-10-14,801740.SI,1428.25,1452.86,1410.15,1421.78,1079280000,19370890000
2014-10-15,801740.SI,1414.88,1422.76,1378.34,1397.41,707940000,13662750000
2014-10-16,801740.SI,1385.07,1404.30,1362.66,1362.91,642760000,11892280000
2014-10-17,801740.SI,1357.80,1379.55,1340.20,1372.06,703350000,12330500000
2014-10-20,801740.SI,1374.41,1386.70,1364.46,1376.68,499430000,8524100000
2014-10-21,801740.SI,1376.89,1380.85,1348.42,1349.52,548540000,8964730000
2014-10-22,801740.SI,1349.97,1389.60,1346.96,1361.98,698780000,11823120000
2014-10-23,801740.SI,1354.49,1372.19,1347.54,1355.91,547660000,9659660000
2014-10-24,801740.SI,1357.23,1361.03,1332.82,1334.12,480210000,7541980000
2014-10-27,801740.SI,1327.35,1345.24,1316.04,1343.12,496050000,7561360000
2014-10-28,801740.SI,1346.14,1403.38,1346.14,1403.37,801770000,14080370000
2014-10-29,801740.SI,1405.09,1418.63,1398.55,1412.03,855330000,15640000000
2014-10-30,801740.SI,1410.19,1419.95,1385.71,1389.42,649790000,11719260000
2014-10-31,801740.SI,1394.62,1404.02,1365.98,1384.49,649740000,11372040000
2014-11-03,801740.SI,1395.03,1405.06,1385.05,1394.84,633550000,10860440000
2014-11-04,801740.SI,1393.66,1393.66,1374.25,1384.33,637150000,10305840000
2014-11-05,801740.SI,1386.54,1402.11,1382.75,1389.79,555880000,9590610000
2014-11-06,801740.SI,1392.48,1392.57,1367.89,1388.33,565810000,9116360000
2014-11-07,801740.SI,1393.61,1407.73,1373.83,1379.67,608680000,10140530000
2014-11-10,801740.SI,1385.20,1388.49,1354.73,1377.55,653910000,11376500000
2014-11-11,801740.SI,1378.87,1380.04,1305.80,1312.30,752260000,12924200000
2014-11-12,801740.SI,1307.88,1329.27,1307.88,1327.50,429870000,7381190000
2014-11-13,801740.SI,1327.93,1327.93,1262.77,1271.22,617660000,10362910000
2014-11-14,801740.SI,1264.24,1296.82,1253.53,1282.71,526790000,8339880000
2014-11-17,801740.SI,1285.86,1310.11,1272.31,1298.87,419460000,7465490000
2014-11-18,801740.SI,1296.13,1306.60,1293.32,1296.09,350510000,5588950000
2014-11-19,801740.SI,1295.12,1304.95,1278.49,1298.87,390660000,6220060000
2014-11-20,801740.SI,1292.72,1292.72,1276.64,1278.20,358170000,4939260000
2014-11-21,801740.SI,1277.44,1287.48,1277.22,1287.42,325650000,4786680000
2014-11-24,801740.SI,1297.58,1316.57,1288.85,1311.03,668210000,9577930000
2014-11-25,801740.SI,1311.73,1330.33,1311.05,1325.45,527000000,8746120000
2014-11-26,801740.SI,1330.68,1354.93,1316.05,1346.96,688940000,12346550000
2014-11-27,801740.SI,1349.39,1379.19,1339.56,1363.86,975840000,14291950000
2014-11-28,801740.SI,1360.97,1367.61,1330.39,1341.99,706500000,11208020000
2014-12-01,801740.SI,1338.64,1338.64,1308.00,1311.84,749350000,10965480000
2014-12-02,801740.SI,1310.09,1325.52,1310.08,1322.68,593550000,8753320000
2014-12-03,801740.SI,1321.32,1367.66,1314.90,1367.66,1126860000,17774470000
2014-12-04,801740.SI,1367.66,1391.66,1366.34,1386.54,1119460000,18292320000
2014-12-05,801740.SI,1415.76,1502.71,1355.89,1502.42,2508460000,41274320000
2014-12-08,801740.SI,1562.40,1624.78,1502.42,1606.33,1757060000,39431440000
2014-12-09,801740.SI,1626.82,1641.53,1488.90,1491.81,2883340000,43438340000
2014-12-10,801740.SI,1463.47,1558.45,1417.81,1535.44,2148440000,30431740000
2014-12-11,801740.SI,1518.13,1562.17,1489.71,1536.47,1719510000,24369690000
2014-12-12,801740.SI,1529.48,1542.98,1512.19,1533.04,930180000,14194320000
2014-12-15,801740.SI,1458.71,1540.24,1456.51,1531.01,1290270000,21083770000
2014-12-16,801740.SI,1527.34,1582.41,1527.34,1549.62,1428480000,22346240000
2014-12-17,801740.SI,1534.84,1534.84,1491.15,1507.77,1146730000,17826480000
2014-12-18,801740.SI,1502.22,1611.15,1500.71,1577.73,1978210000,31581160000
2014-12-19,801740.SI,1554.28,1563.44,1500.97,1562.42,1751800000,25555290000
2014-12-22,801740.SI,1562.37,1574.97,1479.37,1483.69,1371590000,20532140000
2014-12-23,801740.SI,1475.17,1479.43,1410.71,1413.11,980370000,14712340000
2014-12-24,801740.SI,1413.91,1464.10,1403.83,1454.23,1056810000,14800150000
2014-12-25,801740.SI,1454.40,1488.47,1448.17,1483.82,930950000,13448620000
2014-12-26,801740.SI,1482.59,1514.81,1473.94,1503.73,1140730000,17166640000
2014-12-29,801740.SI,1492.48,1513.84,1467.59,1495.26,1147470000,17685750000
2014-12-30,801740.SI,1490.81,1496.79,1444.54,1448.31,896060000,13348160000
2014-12-31,801740.SI,1456.03,1482.36,1455.99,1472.61,1079690000,14698720000
2015-01-05,801740.SI,1473.17,1494.89,1442.52,1484.44,1248970000,17107760000
2015-01-06,801740.SI,1478.97,1560.90,1471.91,1544.21,1520890000,23891570000
2015-01-07,801740.SI,1544.66,1544.74,1515.28,1521.46,910230000,15094170000
2015-01-08,801740.SI,1516.16,1536.85,1500.52,1510.24,921530000,15273690000
2015-01-09,801740.SI,1500.63,1530.93,1485.66,1485.78,928030000,15014170000
2015-01-12,801740.SI,1473.62,1473.62,1427.37,1436.07,739370000,11778890000
2015-01-13,801740.SI,1437.09,1481.06,1437.05,1458.61,631810000,10247110000
2015-01-14,801740.SI,1457.81,1488.08,1453.36,1468.42,589730000,10212800000
2015-01-15,801740.SI,1472.55,1487.42,1457.22,1487.40,735790000,11907610000
2015-01-16,801740.SI,1489.23,1507.44,1479.06,1505.49,968310000,14051260000
2015-01-19,801740.SI,1446.10,1510.04,1409.98,1430.86,1105780000,17275960000
2015-01-20,801740.SI,1441.47,1484.06,1441.47,1481.67,936830000,15025620000
2015-01-21,801740.SI,1482.62,1535.99,1482.00,1535.99,1105950000,18811450000
2015-01-22,801740.SI,1537.31,1654.88,1519.00,1626.63,1803220000,30981240000
2015-01-23,801740.SI,1621.62,1628.56,1586.98,1588.43,1416060000,24122830000
2015-01-26,801740.SI,1609.50,1628.14,1595.15,1619.76,1202470000,18964940000
2015-01-27,801740.SI,1629.59,1654.61,1611.99,1636.51,1481330000,22485340000
2015-01-28,801740.SI,1638.30,1638.98,1588.62,1595.88,1149490000,18904960000
2015-01-29,801740.SI,1575.28,1593.23,1568.00,1569.80,630790000,10312030000
2015-01-30,801740.SI,1582.64,1590.68,1545.44,1550.34,748740000,11546500000
2015-02-02,801740.SI,1553.55,1570.71,1534.73,1558.32,721400000,11141680000
2015-02-03,801740.SI,1566.08,1575.42,1543.73,1572.97,830170000,14515780000
2015-02-04,801740.SI,1575.06,1612.49,1569.21,1571.50,928110000,16733770000
2015-02-05,801740.SI,1580.98,1580.98,1533.42,1533.42,912120000,15095690000
2015-02-06,801740.SI,1522.18,1529.02,1478.47,1485.35,650820000,10781850000
2015-02-09,801740.SI,1484.61,1503.11,1475.16,1481.70,420950000,6848780000
2015-02-10,801740.SI,1483.21,1504.40,1483.21,1503.93,401390000,6588330000
2015-02-11,801740.SI,1508.45,1521.81,1500.34,1521.81,445530000,7914390000
2015-02-12,801740.SI,1521.26,1521.26,1505.14,1513.66,398970000,7052380000
2015-02-13,801740.SI,1520.94,1559.72,1520.81,1542.71,831440000,12323330000
2015-02-16,801740.SI,1550.49,1573.00,1541.65,1568.33,695350000,10744080000
2015-02-17,801740.SI,1571.42,1574.30,1560.76,1564.74,551530000,9130070000
2015-02-25,801740.SI,1572.10,1601.57,1560.10,1581.30,708920000,12790960000
2015-02-26,801740.SI,1579.53,1600.75,1576.13,1600.75,927040000,13915790000
2015-02-27,801740.SI,1608.92,1679.76,1600.75,1637.70,1418890000,24810060000
2015-03-02,801740.SI,1643.70,1648.81,1617.09,1648.81,965910000,17444900000
2015-03-03,801740.SI,1643.77,1672.89,1631.25,1638.04,1068700000,20235290000
2015-03-04,801740.SI,1648.85,1670.38,1631.54,1648.46,975660000,19366000000
2015-03-05,801740.SI,1652.38,1652.38,1608.06,1620.99,814400000,15249610000
2015-03-06,801740.SI,1622.49,1635.00,1603.81,1610.45,643030000,11813330000
2015-03-09,801740.SI,1603.55,1636.82,1583.87,1635.77,975810000,14482970000
2015-03-10,801740.SI,1632.80,1635.34,1622.82,1628.93,685030000,11989560000
2015-03-11,801740.SI,1629.02,1631.88,1610.51,1618.93,649480000,12363470000
2015-03-12,801740.SI,1620.80,1623.78,1608.51,1617.99,573680000,10752010000
2015-03-13,801740.SI,1625.43,1631.06,1616.47,1623.76,551480000,10310270000
2015-03-16,801740.SI,1634.35,1668.77,1628.66,1668.39,1050100000,19281020000
2015-03-17,801740.SI,1672.79,1718.79,1664.91,1704.13,1639330000,31101930000
2015-03-18,801740.SI,1705.77,1745.22,1692.15,1733.23,1478470000,28073980000
2015-03-19,801740.SI,1738.98,1751.23,1721.11,1738.55,1524780000,26837960000
2015-03-20,801740.SI,1739.04,1747.57,1723.22,1741.80,1356310000,23372410000
2015-03-23,801740.SI,1743.52,1753.79,1739.84,1751.58,1255660000,23098390000
2015-03-24,801740.SI,1755.60,1785.40,1714.91,1760.45,1619310000,30293760000
2015-03-25,801740.SI,1760.76,1790.45,1744.64,1775.93,1584290000,29431180000
2015-03-26,801740.SI,1797.93,1856.38,1797.09,1844.00,2262190000,37761280000
2015-03-27,801740.SI,1865.96,1875.57,1816.31,1817.00,2148150000,35153060000
2015-03-30,801740.SI,1807.07,1851.02,1802.00,1846.23,1950230000,32565920000
2015-03-31,801740.SI,1850.87,1876.85,1828.71,1844.36,1670270000,32974540000
2015-04-01,801740.SI,1838.59,1872.29,1835.22,1864.25,1216680000,25160760000
2015-04-02,801740.SI,1868.79,1871.95,1841.15,1861.26,1153750000,23329480000
2015-04-03,801740.SI,1858.24,1918.39,1852.52,1913.59,1598380000,31931080000
2015-04-07,801740.SI,1923.87,1925.34,1898.90,1921.04,1408100000,28173870000
2015-04-08,801740.SI,1924.92,1924.92,1847.20,1868.70,1326090000,27153290000
2015-04-09,801740.SI,1868.90,1868.90,1781.22,1820.58,1146730000,22090300000
2015-04-10,801740.SI,1818.62,1881.23,1812.59,1874.39,1119010000,22138390000
2015-04-13,801740.SI,1882.93,1908.99,1869.28,1897.85,1315620000,25234040000
2015-04-14,801740.SI,1888.29,1964.83,1873.93,1944.61,2156470000,36300570000
2015-04-15,801740.SI,1935.02,1936.66,1873.21,1873.64,1469070000,25885090000
2015-04-16,801740.SI,1858.03,1970.51,1839.35,1951.16,2050060000,34661530000
2015-04-17,801740.SI,1971.94,2091.04,1971.94,2072.50,2247410000,47472760000
2015-04-20,801740.SI,2093.90,2214.44,2041.91,2161.07,3343450000,71361670000
2015-04-21,801740.SI,2167.60,2226.97,2134.09,2166.91,2959540000,64001400000
2015-04-22,801740.SI,2160.02,2265.04,2143.27,2221.44,2339630000,49843630000
2015-04-23,801740.SI,2225.71,2225.71,2169.01,2199.39,1759190000,37929310000
2015-04-24,801740.SI,2178.71,2279.04,2169.16,2220.04,1846330000,41281080000
2015-04-27,801740.SI,2260.13,2365.76,2260.13,2335.77,2319870000,51547900000
2015-04-28,801740.SI,2303.98,2365.59,2256.83,2272.09,2313030000,52056190000
2015-04-29,801740.SI,2255.19,2316.34,2212.55,2287.95,1488710000,34806000000
2015-04-30,801740.SI,2295.70,2354.97,2295.70,2305.18,1344190000,34493230000
2015-05-04,801740.SI,2307.27,2454.86,2294.68,2454.86,2127920000,50830440000
2015-05-05,801740.SI,2476.17,2482.98,2387.10,2404.55,2321540000,54254840000
2015-05-06,801740.SI,2414.09,2432.98,2288.09,2319.41,1695950000,39842490000
2015-05-07,801740.SI,2288.64,2300.97,2187.67,2191.71,1426700000,31146890000
2015-05-08,801740.SI,2203.85,2260.38,2165.44,2260.38,1419840000,30893390000
2015-05-11,801740.SI,2293.94,2333.61,2245.80,2328.03,1551870000,36349890000
2015-05-12,801740.SI,2333.56,2501.69,2312.72,2489.34,1987200000,50249430000
2015-05-13,801740.SI,2484.25,2559.92,2421.11,2434.54,1830370000,48208810000
2015-05-14,801740.SI,2422.84,2450.63,2397.01,2414.20,1225130000,31975260000
2015-05-15,801740.SI,2417.13,2508.52,2416.70,2479.13,1325010000,36879290000
2015-05-18,801740.SI,2490.62,2553.33,2475.83,2494.72,1332930000,38174140000
2015-05-19,801740.SI,2492.83,2533.53,2482.06,2526.87,1149870000,31314010000
2015-05-20,801740.SI,2544.88,2685.73,2544.88,2613.01,1804680000,46071670000
2015-05-21,801740.SI,2628.16,2678.38,2620.21,2678.22,1381000000,36848530000
2015-05-22,801740.SI,2706.56,2724.37,2633.88,2721.62,1547890000,43028620000
2015-05-25,801740.SI,2703.80,2944.66,2684.09,2943.54,1934050000,56969410000
2015-05-26,801740.SI,3054.73,3194.81,3019.68,3191.75,1884400000,64712730000
2015-05-27,801740.SI,3271.76,3365.93,3158.21,3204.69,2754650000,85112820000
2015-05-28,801740.SI,3192.78,3255.40,2937.79,2942.88,2240400000,70323660000
2015-05-29,801740.SI,2918.24,3085.81,2779.34,3012.30,1884890000,57233300000
2015-06-01,801740.SI,3033.49,3152.07,2991.00,3147.68,1493410000,48555470000
2015-06-02,801740.SI,3165.96,3240.03,3117.63,3207.27,1407610000,47690760000
2015-06-03,801740.SI,3214.95,3214.95,3057.39,3098.42,1213630000,41041700000
2015-06-04,801740.SI,3102.66,3102.66,2882.88,3079.54,1178290000,38679170000
2015-06-05,801740.SI,3129.02,3213.78,3077.15,3152.09,1474140000,47942370000
2015-06-08,801740.SI,3150.16,3150.24,3050.34,3087.29,1401660000,43118780000
2015-06-09,801740.SI,3101.01,3205.10,3080.48,3136.99,1451800000,43040900000
2015-06-10,801740.SI,3090.19,3138.58,3055.25,3100.58,1259610000,37903200000
2015-06-11,801740.SI,3095.13,3133.64,3095.13,3133.64,1176260000,37134320000
2015-06-12,801740.SI,3149.66,3204.28,3120.72,3181.64,1017120000,39416690000
2015-06-15,801740.SI,3185.49,3241.80,3128.07,3138.41,758530000,36556590000
2015-06-16,801740.SI,3105.49,3105.49,2958.09,2975.10,588470000,27027100000
2015-06-17,801740.SI,2963.99,3004.66,2842.79,2990.90,568170000,24882650000
2015-06-18,801740.SI,2982.95,3015.32,2892.51,2903.33,436060000,19417470000
2015-06-19,801740.SI,2865.02,2934.71,2799.37,2808.22,491230000,21267780000
2015-06-23,801740.SI,2820.49,2954.06,2718.76,2952.59,613830000,26384030000
2015-06-24,801740.SI,2985.09,3063.89,2964.94,3022.10,765690000,35174970000
2015-06-25,801740.SI,2994.17,3124.53,2871.43,2947.16,1771540000,52257310000
2015-06-26,801740.SI,2810.16,2858.27,2665.90,2666.09,1191670000,34713980000
2015-06-29,801740.SI,2727.21,2732.36,2413.28,2441.61,1505020000,40546670000
2015-06-30,801740.SI,2350.65,2578.24,2213.98,2575.58,1672620000,42081480000
2015-07-01,801740.SI,2519.92,2634.76,2369.28,2376.36,1395090000,38584190000
2015-07-02,801740.SI,2352.29,2357.10,2152.65,2152.94,1294110000,31524850000
2015-07-03,801740.SI,1999.45,2149.54,1950.80,1956.12,1242620000,26504440000
2015-07-06,801740.SI,2135.04,2135.04,1781.95,1837.58,1804000000,35332400000
2015-07-07,801740.SI,1726.66,1756.43,1666.95,1666.95,1492890000,23561040000
2015-07-08,801740.SI,1522.31,1567.38,1522.31,1528.51,1827500000,28409990000
2015-07-09,801740.SI,1476.28,1655.91,1476.28,1655.91,1580600000,27318540000
2015-07-10,801740.SI,1735.67,1796.35,1720.89,1796.35,815020000,16171840000
2015-07-13,801740.SI,1918.40,1957.08,1896.18,1957.08,1206460000,24176150000
2015-07-14,801740.SI,2030.88,2124.01,2000.91,2048.93,1940950000,42006230000
2015-07-15,801740.SI,2014.67,2048.93,1886.37,1919.88,1619540000,34381170000
2015-07-16,801740.SI,1893.08,2070.50,1802.64,2040.72,2010470000,38818990000
2015-07-17,801740.SI,2061.49,2228.41,2061.49,2228.16,1873880000,39845650000
2015-07-20,801740.SI,2293.10,2407.84,2272.00,2347.27,2428690000,59708230000
2015-07-21,801740.SI,2291.86,2378.11,2263.23,2321.46,1662160000,41670570000
2015-07-22,801740.SI,2322.47,2486.18,2322.47,2457.17,1922150000,49471570000
2015-07-23,801740.SI,2467.92,2554.11,2402.91,2523.32,1696530000,45616650000
2015-07-24,801740.SI,2515.87,2666.66,2496.07,2554.59,2020410000,56079350000
2015-07-27,801740.SI,2489.49,2628.01,2331.53,2331.80,2013350000,55441400000
2015-07-28,801740.SI,2175.14,2435.02,2137.54,2303.56,1949420000,48380100000
2015-07-29,801740.SI,2363.64,2513.47,2269.45,2511.88,1795710000,47357190000
2015-07-30,801740.SI,2546.23,2710.71,2508.71,2571.27,2577040000,71754160000
2015-07-31,801740.SI,2526.28,2578.93,2350.40,2378.23,1800150000,47557120000
2015-08-03,801740.SI,2285.57,2312.78,2165.44,2166.56,1279670000,31213010000
2015-08-04,801740.SI,2154.01,2369.16,2154.01,2369.16,1529330000,39960480000
2015-08-05,801740.SI,2436.51,2483.49,2333.13,2389.45,2080350000,52855800000
2015-08-06,801740.SI,2300.57,2438.57,2296.49,2355.31,1449280000,34141220000
2015-08-07,801740.SI,2395.09,2448.08,2359.52,2443.03,1578200000,38059390000
2015-08-10,801740.SI,2541.18,2653.95,2443.03,2639.94,1914950000,50197420000
2015-08-11,801740.SI,2696.36,2735.14,2630.76,2663.75,2368320000,60266860000
2015-08-12,801740.SI,2701.03,2767.59,2658.63,2677.53,1784340000,50413150000
2015-08-13,801740.SI,2632.27,2722.23,2568.01,2721.63,1700650000,44303410000
2015-08-14,801740.SI,2725.47,2746.50,2659.39,2702.14,1361940000,37768350000
2015-08-17,801740.SI,2687.55,2777.46,2673.69,2720.89,1363450000,39762370000
2015-08-18,801740.SI,2709.07,2710.11,2504.22,2504.92,1477280000,38700270000
2015-08-19,801740.SI,2359.41,2578.39,2317.56,2542.01,1579830000,41087960000
2015-08-20,801740.SI,2500.71,2508.27,2349.65,2352.68,1140320000,30799890000
2015-08-21,801740.SI,2296.96,2434.55,2231.14,2288.60,1243520000,30313740000
2015-08-24,801740.SI,2192.63,2212.50,2081.26,2081.26,885390000,18209420000
2015-08-25,801740.SI,1894.83,1920.62,1894.83,1894.83,776410000,13844070000
2015-08-26,801740.SI,1866.27,1933.99,1728.90,1730.93,1598020000,30500630000
2015-08-27,801740.SI,1767.17,1843.65,1688.39,1840.08,1717690000,30556230000
2015-08-28,801740.SI,1885.20,2002.55,1884.91,2002.55,1691870000,32885750000
2015-08-31,801740.SI,2053.33,2065.37,1961.32,2047.36,1869120000,39570320000
2015-09-01,801740.SI,2000.28,2000.28,1874.08,1909.16,1342640000,26243260000
2015-09-02,801740.SI,1769.03,1937.90,1769.03,1800.11,1155800000,21275090000
2015-09-07,801740.SI,1822.41,1894.80,1712.94,1717.92,1191110000,20973740000
2015-09-08,801740.SI,1685.04,1764.82,1593.27,1750.62,1006590000,16811270000
2015-09-09,801740.SI,1762.92,1841.61,1742.66,1790.12,1785100000,30567290000
2015-09-10,801740.SI,1756.77,1860.18,1740.44,1805.78,1370640000,24562790000
2015-09-11,801740.SI,1790.25,1818.09,1754.84,1782.28,897990000,16049130000
2015-09-14,801740.SI,1822.75,1833.38,1631.91,1695.53,1215790000,20364740000
2015-09-15,801740.SI,1628.23,1655.00,1547.26,1549.45,826760000,13136080000
2015-09-16,801740.SI,1532.37,1673.38,1519.67,1669.32,1100730000,18035920000
2015-09-17,801740.SI,1666.56,1725.87,1625.71,1625.71,1341150000,24079320000
2015-09-18,801740.SI,1630.34,1646.33,1590.87,1626.41,822070000,14261620000
2015-09-21,801740.SI,1616.46,1725.95,1608.86,1725.95,1292040000,23477300000
2015-09-22,801740.SI,1738.43,1761.43,1701.47,1732.03,1239970000,23299440000
2015-09-23,801740.SI,1689.55,1743.50,1682.06,1717.13,946130000,17459050000
2015-09-24,801740.SI,1733.42,1768.51,1725.37,1749.33,827180000,16499880000
2015-09-25,801740.SI,1743.01,1777.49,1676.65,1689.50,994270000,18776850000
2015-09-28,801740.SI,1691.19,1700.74,1627.12,1696.22,638600000,11527540000
2015-09-29,801740.SI,1656.08,1667.05,1624.13,1631.83,596690000,10099040000
2015-09-30,801740.SI,1653.34,1735.14,1653.34,1710.58,881220000,16361560000
2015-10-08,801740.SI,1772.73,1794.98,1761.98,1775.88,880110000,16366750000
2015-10-09,801740.SI,1775.42,1844.17,1768.54,1810.35,907430000,17379680000
2015-10-12,801740.SI,1819.46,1926.86,1819.46,1888.91,1355950000,26981880000
2015-10-13,801740.SI,1873.21,1916.51,1866.05,1910.84,1136570000,21156990000
2015-10-14,801740.SI,1944.28,1966.62,1889.76,1891.42,971780000,18742870000
2015-10-15,801740.SI,1898.12,1973.12,1891.42,1971.38,1170920000,25381030000
2015-10-16,801740.SI,1992.56,2029.85,1971.20,2018.31,1381490000,29059190000
2015-10-19,801740.SI,2027.90,2027.90,1942.17,1970.76,1172420000,25585800000
2015-10-20,801740.SI,1969.79,2028.91,1969.79,2025.13,1217290000,25359020000
2015-10-21,801740.SI,2025.94,2034.85,1868.60,1881.89,1557530000,31755860000
2015-10-22,801740.SI,1874.56,1981.03,1871.18,1969.91,1104690000,23832550000
2015-10-23,801740.SI,1981.97,2006.86,1949.56,1993.83,1089890000,25723880000
2015-10-26,801740.SI,2022.10,2067.53,1990.23,2025.95,1234130000,28865130000
2015-10-27,801740.SI,2032.83,2181.92,1995.27,2171.15,2233130000,47429830000
2015-10-28,801740.SI,2161.62,2161.62,2053.28,2061.63,1718970000,37950690000
2015-10-29,801740.SI,2073.76,2135.18,2043.78,2087.57,1117020000,26765860000
2015-10-30,801740.SI,2069.67,2103.20,2040.72,2061.47,878930000,20889250000
2015-11-02,801740.SI,2032.06,2060.32,1978.22,1978.22,992440000,22383090000
2015-11-03,801740.SI,1995.12,2006.56,1936.13,1971.11,747470000,18116860000
2015-11-04,801740.SI,1990.87,2067.43,1989.97,2066.61,980400000,23298330000
2015-11-05,801740.SI,2065.01,2147.66,2055.24,2080.84,1599770000,36683840000
2015-11-06,801740.SI,2078.57,2159.84,2073.01,2136.90,1350560000,31669420000
2015-11-09,801740.SI,2111.73,2193.52,2090.98,2151.86,1577320000,34441290000
2015-11-10,801740.SI,2139.39,2175.76,2129.27,2144.83,1291700000,31413170000
2015-11-11,801740.SI,2152.46,2152.46,2121.13,2150.18,1015540000,24533400000
2015-11-12,801740.SI,2151.31,2193.67,2142.47,2163.41,1219550000,31061600000
2015-11-13,801740.SI,2137.33,2147.35,2077.63,2083.56,1095570000,26208250000
2015-11-16,801740.SI,2047.73,2112.74,2047.03,2112.26,700590000,17200370000
2015-11-17,801740.SI,2131.37,2213.35,2120.77,2154.07,1334340000,36139450000
2015-11-18,801740.SI,2152.55,2156.09,2074.99,2080.65,804280000,21197700000
2015-11-19,801740.SI,2084.80,2135.51,2084.59,2135.51,704470000,17971470000
2015-11-20,801740.SI,2146.17,2203.87,2137.40,2174.12,978440000,26801740000
2015-11-23,801740.SI,2176.47,2196.07,2138.56,2149.22,884690000,23831410000
2015-11-24,801740.SI,2144.14,2146.38,2091.27,2136.07,693240000,17390080000
2015-11-25,801740.SI,2201.49,2207.42,2154.09,2166.83,885000000,23009760000
2015-11-26,801740.SI,2156.11,2211.23,2119.99,2171.23,1053770000,26174390000
2015-11-27,801740.SI,2184.86,2196.08,1990.54,2013.41,1217730000,31069400000
2015-11-30,801740.SI,2000.84,2024.68,1868.37,1963.86,919640000,21330520000
2015-12-01,801740.SI,1962.35,1973.05,1930.06,1952.59,592390000,13565150000
2015-12-02,801740.SI,1947.71,1950.75,1880.41,1949.22,567660000,12068700000
2015-12-03,801740.SI,1950.58,1983.25,1944.13,1983.25,525110000,11668010000
2015-12-04,801740.SI,1977.44,1985.89,1941.16,1951.22,547570000,12272740000
2015-12-07,801740.SI,1956.15,1963.60,1924.63,1954.15,425150000,10124340000
2015-12-08,801740.SI,1941.35,1941.35,1885.33,1885.67,515870000,11159730000
2015-12-09,801740.SI,1876.94,1920.72,1867.81,1907.43,521410000,12370380000
2015-12-10,801740.SI,1895.59,1913.74,1853.90,1860.65,622660000,13121690000
2015-12-11,801740.SI,1854.43,1881.48,1849.85,1862.40,522660000,11160990000
2015-12-14,801740.SI,1844.77,1920.21,1835.39,1917.17,645620000,13004900000
2015-12-15,801740.SI,1913.03,1946.09,1910.63,1920.83,554790000,11636310000
2015-12-16,801740.SI,1925.26,1932.07,1901.86,1911.99,402000000,9022170000
2015-12-17,801740.SI,1923.76,1950.81,1922.54,1945.70,559470000,12841520000
2015-12-18,801740.SI,1945.57,1953.04,1929.77,1937.64,522670000,12430030000
2015-12-21,801740.SI,1936.38,1970.31,1932.61,1962.54,640670000,14083520000
2015-12-22,801740.SI,1967.11,1972.70,1940.24,1972.19,516560000,12550470000
2015-12-23,801740.SI,1974.87,1974.87,1934.85,1937.67,508020000,12031300000
2015-12-24,801740.SI,1933.43,1938.70,1882.38,1901.99,419230000,9421420000
2015-12-25,801740.SI,1904.28,1922.90,1895.83,1919.93,435490000,9257920000
2015-12-28,801740.SI,1924.99,1929.28,1870.88,1871.10,475330000,10794800000
2015-12-29,801740.SI,1867.63,1882.11,1849.93,1882.11,321320000,7368110000
2015-12-30,801740.SI,1884.63,1926.13,1873.04,1916.56,489260000,11811020000
2015-12-31,801740.SI,1912.96,1922.54,1891.24,1892.29,360880000,8894730000
2016-01-04,801740.SI,1956.33,1966.35,1760.58,1760.58,735990000,16065260000
2016-01-05,801740.SI,1685.11,1848.07,1684.86,1829.08,1017680000,19912560000
2016-01-06,801740.SI,1830.00,1869.77,1820.52,1865.91,862610000,18389130000
2016-01-07,801740.SI,1820.56,1856.32,1685.88,1688.36,222330000,4413750000
2016-01-08,801740.SI,1737.22,1756.53,1603.49,1685.97,822610000,16885290000
2016-01-11,801740.SI,1638.89,1650.25,1533.88,1537.95,683880000,12647750000
2016-01-12,801740.SI,1533.72,1554.54,1470.25,1523.17,647760000,10957420000
2016-01-13,801740.SI,1528.35,1538.18,1435.14,1435.38,515700000,8873600000
2016-01-14,801740.SI,1385.62,1520.86,1383.28,1520.64,630140000,10750640000
2016-01-15,801740.SI,1518.00,1576.04,1487.11,1498.17,746970000,15142020000
2016-01-18,801740.SI,1449.57,1537.46,1449.57,1530.33,532080000,10397150000
2016-01-19,801740.SI,1520.95,1621.36,1506.74,1601.30,696490000,13710960000
2016-01-20,801740.SI,1588.88,1625.16,1566.92,1573.79,714280000,14049230000
2016-01-21,801740.SI,1542.33,1604.98,1506.37,1507.20,729450000,12872130000
2016-01-22,801740.SI,1516.76,1555.06,1478.02,1533.53,590060000,10340950000
2016-01-25,801740.SI,1543.88,1558.83,1521.66,1538.95,472750000,8450990000
2016-01-26,801740.SI,1511.90,1548.00,1413.48,1415.95,748210000,12609450000
2016-01-27,801740.SI,1421.83,1438.47,1307.64,1431.51,749530000,13065410000
2016-01-28,801740.SI,1393.90,1407.58,1319.19,1326.84,618520000,10581820000
2016-01-29,801740.SI,1318.67,1383.09,1290.53,1363.29,654410000,10334680000
2016-02-01,801740.SI,1357.33,1364.22,1292.87,1322.52,559210000,8379770000
2016-02-02,801740.SI,1331.01,1386.39,1331.01,1375.44,636950000,10756560000
2016-02-03,801740.SI,1345.96,1388.51,1339.25,1381.62,492850000,8191660000
2016-02-04,801740.SI,1394.22,1429.40,1394.22,1416.32,629390000,10331200000
2016-02-05,801740.SI,1416.74,1437.89,1405.58,1405.58,483040000,8287050000
2016-02-15,801740.SI,1351.92,1419.58,1351.92,1410.77,401220000,7032100000
2016-02-16,801740.SI,1423.52,1484.88,1423.29,1478.52,675960000,11383830000
2016-02-17,801740.SI,1481.45,1552.90,1481.44,1524.15,868680000,15813390000
2016-02-18,801740.SI,1529.07,1529.96,1494.26,1498.10,599510000,10854430000
2016-02-19,801740.SI,1500.64,1524.43,1493.88,1516.48,553440000,10028890000
2016-02-22,801740.SI,1539.55,1542.71,1523.12,1536.27,566900000,10096560000
2016-02-23,801740.SI,1537.66,1539.93,1486.29,1509.99,478950000,8674480000
2016-02-24,801740.SI,1506.85,1541.86,1497.23,1537.48,668900000,11583160000
2016-02-25,801740.SI,1533.10,1533.10,1387.23,1387.98,750440000,12577050000
2016-02-26,801740.SI,1402.61,1413.37,1351.39,1387.89,516770000,8984140000
2016-02-29,801740.SI,1382.25,1382.37,1275.93,1306.32,539590000,8508590000
2016-03-01,801740.SI,1314.39,1361.74,1303.52,1348.96,528620000,8900590000
2016-03-02,801740.SI,1350.20,1426.33,1344.84,1424.40,680740000,11770250000
2016-03-03,801740.SI,1439.42,1462.71,1425.11,1426.16,722870000,13780960000
2016-03-04,801740.SI,1422.66,1467.67,1381.59,1411.91,792420000,13129080000
2016-03-07,801740.SI,1423.01,1447.44,1421.62,1441.03,632290000,10274090000
2016-03-08,801740.SI,1428.29,1428.38,1360.40,1421.66,595390000,9358090000
2016-03-09,801740.SI,1384.85,1435.60,1374.89,1393.33,489790000,8603050000
2016-03-10,801740.SI,1391.12,1404.97,1359.33,1361.33,361650000,6217530000
2016-03-11,801740.SI,1352.13,1368.25,1340.70,1353.73,354370000,5719730000
2016-03-14,801740.SI,1375.21,1417.01,1371.60,1403.40,519120000,8897490000
2016-03-15,801740.SI,1397.67,1410.63,1380.64,1402.59,524250000,7705860000
2016-03-16,801740.SI,1405.84,1407.44,1369.97,1371.63,416200000,6362730000
2016-03-17,801740.SI,1382.14,1426.97,1382.14,1418.48,539980000,9343240000
2016-03-18,801740.SI,1425.94,1485.50,1423.93,1475.57,962400000,16004450000
2016-03-21,801740.SI,1493.88,1523.11,1479.52,1522.77,1020290000,17512600000
2016-03-22,801740.SI,1507.18,1595.42,1497.46,1568.25,1476550000,23358520000
2016-03-23,801740.SI,1551.84,1563.56,1529.80,1554.70,780330000,13382920000
2016-03-24,801740.SI,1542.18,1595.00,1525.99,1535.08,862860000,15263140000
2016-03-25,801740.SI,1528.29,1552.42,1522.37,1542.53,556030000,10263510000
2016-03-28,801740.SI,1569.95,1588.59,1524.36,1531.56,601620000,11463380000
2016-03-29,801740.SI,1531.92,1533.21,1475.86,1486.18,491580000,9407910000
2016-03-30,801740.SI,1505.38,1539.69,1498.39,1539.13,493860000,9802020000
2016-03-31,801740.SI,1549.70,1571.79,1533.01,1549.26,613770000,12171710000
2016-04-01,801740.SI,1537.57,1548.78,1507.56,1531.79,445710000,8595750000
2016-04-05,801740.SI,1532.74,1572.58,1524.10,1568.58,567800000,10898250000
2016-04-06,801740.SI,1559.45,1577.14,1545.81,1570.89,601430000,12086190000
2016-04-07,801740.SI,1574.08,1576.77,1527.31,1528.19,520390000,10460150000
2016-04-08,801740.SI,1515.73,1520.75,1487.05,1507.46,489050000,8821130000
2016-04-11,801740.SI,1520.24,1540.02,1520.24,1532.54,410350000,8011190000
2016-04-12,801740.SI,1531.68,1533.09,1501.15,1516.70,381570000,7601010000
2016-04-13,801740.SI,1526.79,1557.75,1526.73,1538.09,695260000,12656370000
2016-04-14,801740.SI,1550.81,1553.33,1533.18,1549.24,427920000,8148090000
2016-04-15,801740.SI,1553.24,1568.88,1547.14,1554.21,445830000,8567110000
2016-04-18,801740.SI,1543.06,1543.06,1511.68,1515.64,341890000,6814670000
2016-04-19,801740.SI,1524.54,1530.59,1511.19,1529.01,289940000,6187350000
2016-04-20,801740.SI,1531.35,1553.39,1438.16,1476.45,702010000,13742710000
2016-04-21,801740.SI,1469.80,1480.46,1450.53,1453.46,387130000,7440440000
2016-04-22,801740.SI,1446.61,1466.76,1443.98,1461.97,267880000,5145450000
2016-04-25,801740.SI,1461.01,1470.77,1446.70,1461.50,322140000,6766270000
2016-04-26,801740.SI,1458.40,1469.89,1446.90,1469.19,250830000,4714040000
2016-04-27,801740.SI,1472.82,1472.82,1451.43,1454.41,235910000,4367200000
2016-04-28,801740.SI,1454.66,1458.48,1422.26,1442.23,319220000,5756410000
2016-04-29,801740.SI,1437.37,1454.38,1432.25,1441.27,275330000,7608160000
2016-05-03,801740.SI,1444.10,1484.64,1436.08,1484.41,368440000,8083580000
2016-05-04,801740.SI,1479.50,1492.11,1472.25,1481.20,343700000,6972250000
2016-05-05,801740.SI,1482.98,1506.01,1482.96,1491.25,341970000,7351340000
2016-05-06,801740.SI,1489.39,1493.05,1419.58,1419.82,445530000,8863840000
2016-05-09,801740.SI,1409.89,1409.89,1352.64,1358.56,357490000,6683680000
2016-05-10,801740.SI,1356.23,1377.51,1356.00,1364.85,263870000,4347550000
2016-05-11,801740.SI,1375.50,1377.16,1345.55,1350.41,246350000,4171230000
2016-05-12,801740.SI,1337.26,1358.17,1321.98,1353.57,275070000,4786360000
2016-05-13,801740.SI,1356.26,1371.18,1346.96,1354.87,240230000,4301710000
2016-05-16,801740.SI,1348.85,1370.48,1344.27,1370.10,241800000,4346030000
2016-05-17,801740.SI,1371.43,1378.09,1353.19,1366.18,260060000,4841760000
2016-05-18,801740.SI,1361.04,1364.70,1327.56,1341.16,351240000,6319670000
2016-05-19,801740.SI,1341.02,1360.29,1340.85,1345.45,240440000,4545630000
2016-05-20,801740.SI,1333.15,1385.43,1329.94,1373.69,366150000,6896410000
2016-05-23,801740.SI,1378.88,1389.90,1376.28,1385.08,321090000,6370790000
2016-05-24,801740.SI,1383.13,1383.13,1357.91,1362.61,290430000,5711520000
2016-05-25,801740.SI,1372.35,1378.94,1350.71,1353.96,221540000,4448890000
2016-05-26,801740.SI,1353.52,1361.55,1325.18,1354.91,259620000,5136480000
2016-05-27,801740.SI,1356.55,1377.44,1352.94,1368.32,288270000,5839210000
2016-05-30,801740.SI,1357.18,1371.69,1344.01,1360.82,238680000,4975140000
2016-05-31,801740.SI,1363.79,1413.59,1363.71,1413.21,482390000,9092880000
2016-06-01,801740.SI,1413.89,1445.47,1411.86,1424.54,467790000,9677580000
2016-06-02,801740.SI,1420.28,1430.29,1412.32,1430.29,334060000,6700380000
2016-06-03,801740.SI,1436.55,1442.46,1425.13,1431.93,370890000,7074650000
2016-06-06,801740.SI,1435.36,1437.77,1419.33,1426.61,216610000,5562570000
2016-06-07,801740.SI,1432.81,1434.34,1422.88,1434.10,228150000,6113250000
2016-06-08,801740.SI,1432.90,1454.71,1422.37,1446.98,340670000,9010870000
2016-06-13,801740.SI,1433.33,1472.08,1409.59,1409.59,500080000,12962530000
2016-06-14,801740.SI,1402.35,1410.39,1385.58,1400.17,315320000,7545890000
2016-06-15,801740.SI,1385.24,1441.10,1384.20,1437.60,368960000,9425460000
2016-06-16,801740.SI,1436.61,1444.10,1428.55,1436.37,345750000,8788490000
2016-06-17,801740.SI,1442.12,1454.65,1437.22,1447.58,344050000,9071890000
2016-06-20,801740.SI,1447.87,1453.86,1432.00,1451.08,281010000,7408730000
2016-06-21,801740.SI,1458.56,1469.27,1440.57,1446.85,362570000,9711680000
2016-06-22,801740.SI,1446.49,1461.65,1441.08,1461.32,266420000,7513020000
2016-06-23,801740.SI,1462.76,1488.20,1453.67,1480.17,438220000,10882220000
2016-06-24,801740.SI,1473.87,1481.47,1421.23,1456.17,416700000,10471540000
2016-06-27,801740.SI,1454.31,1512.32,1453.76,1511.48,519480000,13444340000
2016-06-28,801740.SI,1505.73,1523.27,1498.92,1516.84,524970000,12379670000
2016-06-29,801740.SI,1534.00,1560.77,1523.67,1528.04,764020000,12907800000
2016-06-30,801740.SI,1526.55,1531.56,1510.73,1525.33,466820000,9568550000
2016-07-01,801740.SI,1526.57,1578.26,1526.46,1549.77,677480000,14135500000
2016-07-04,801740.SI,1542.97,1649.99,1539.78,1644.41,1177820000,23436390000
2016-07-05,801740.SI,1657.62,1734.22,1655.68,1675.75,1751180000,34813960000
2016-07-06,801740.SI,1665.15,1686.16,1657.14,1685.79,995110000,20352220000
2016-07-07,801740.SI,1678.38,1678.38,1641.84,1659.55,724110000,15301880000
2016-07-08,801740.SI,1660.78,1694.34,1656.03,1672.88,907360000,18919970000
2016-07-11,801740.SI,1703.10,1725.30,1687.90,1696.57,1303370000,26145020000
2016-07-12,801740.SI,1691.05,1703.12,1665.14,1703.12,933190000,18646420000
2016-07-13,801740.SI,1726.31,1740.36,1689.00,1703.12,884910000,17944040000
2016-07-14,801740.SI,1699.22,1731.44,1681.42,1712.53,778890000,18083980000
2016-07-15,801740.SI,1709.54,1711.63,1670.48,1677.22,603270000,13748810000
2016-07-18,801740.SI,1674.60,1677.43,1647.31,1652.11,503500000,10405210000
2016-07-19,801740.SI,1653.03,1664.75,1639.79,1658.65,423460000,8882660000
2016-07-20,801740.SI,1658.25,1668.47,1649.49,1649.75,366870000,8633150000
2016-07-21,801740.SI,1651.14,1664.14,1646.15,1648.34,434720000,9005960000
2016-07-22,801740.SI,1659.14,1681.27,1647.09,1648.93,591740000,12343120000
2016-07-25,801740.SI,1643.98,1657.68,1631.38,1640.42,396910000,8850240000
2016-07-26,801740.SI,1642.48,1658.23,1642.48,1658.05,339790000,7272000000
2016-07-27,801740.SI,1660.60,1676.21,1555.53,1582.41,766380000,15643900000
2016-07-28,801740.SI,1584.13,1611.02,1566.60,1591.26,511030000,10706780000
2016-07-29,801740.SI,1588.94,1590.45,1552.24,1556.47,383020000,7730640000
2016-08-01,801740.SI,1547.90,1548.19,1509.18,1517.73,377060000,7284850000
2016-08-02,801740.SI,1519.33,1530.62,1514.99,1530.56,222610000,4318290000
2016-08-03,801740.SI,1527.91,1540.07,1519.49,1536.31,273540000,5325500000
2016-08-04,801740.SI,1535.11,1550.51,1524.33,1546.71,290870000,5624650000
2016-08-05,801740.SI,1544.70,1544.76,1527.59,1528.06,245260000,4769520000
2016-08-08,801740.SI,1527.74,1601.70,1516.15,1599.69,533600000,10886500000
2016-08-09,801740.SI,1587.14,1592.44,1577.74,1592.24,379800000,8000440000
2016-08-10,801740.SI,1592.83,1603.64,1584.72,1585.44,317680000,6755330000
2016-08-11,801740.SI,1580.13,1582.81,1550.60,1550.68,290520000,6198360000
2016-08-12,801740.SI,1549.37,1570.18,1549.37,1568.34,247930000,5046000000
2016-08-15,801740.SI,1573.46,1613.87,1567.98,1608.18,483530000,9714960000
2016-08-16,801740.SI,1615.79,1620.94,1610.03,1612.95,378410000,7839070000
2016-08-17,801740.SI,1614.85,1657.97,1607.39,1633.87,568400000,12031440000
2016-08-18,801740.SI,1627.98,1632.46,1615.73,1626.08,390900000,8234470000
2016-08-19,801740.SI,1624.58,1634.46,1612.34,1630.19,329990000,6927190000
2016-08-22,801740.SI,1629.11,1629.78,1596.68,1596.81,290200000,6373060000
2016-08-23,801740.SI,1596.10,1606.93,1587.44,1596.73,228920000,5291850000
2016-08-24,801740.SI,1600.11,1622.64,1598.95,1610.60,256660000,6028100000
2016-08-25,801740.SI,1603.04,1603.04,1580.55,1596.93,303530000,7017660000
2016-08-26,801740.SI,1602.24,1619.05,1601.29,1607.37,312060000,7210130000
2016-08-29,801740.SI,1637.96,1642.31,1611.82,1613.00,403580000,11340500000
2016-08-30,801740.SI,1612.90,1650.49,1608.57,1635.98,454800000,12197860000
2016-08-31,801740.SI,1630.97,1633.51,1612.73,1625.74,367120000,9720560000
2016-09-01,801740.SI,1623.70,1633.70,1605.05,1605.05,356100000,9353630000
2016-09-02,801740.SI,1601.68,1609.70,1581.36,1590.10,286440000,6930030000
2016-09-05,801740.SI,1596.13,1604.45,1591.98,1594.49,230540000,5800250000
2016-09-06,801740.SI,1594.71,1608.20,1574.18,1608.13,276570000,6627170000
2016-09-07,801740.SI,1609.98,1625.83,1607.90,1611.45,350480000,8016960000
2016-09-08,801740.SI,1612.78,1616.14,1604.61,1611.86,239920000,5490860000
2016-09-09,801740.SI,1612.38,1621.93,1603.57,1603.84,306980000,6680540000
2016-09-12,801740.SI,1573.63,1585.14,1550.80,1552.84,417830000,8234910000
2016-09-13,801740.SI,1561.85,1566.41,1548.55,1559.61,275420000,5569120000
2016-09-14,801740.SI,1550.05,1552.30,1539.90,1543.31,244300000,4792450000
2016-09-19,801740.SI,1545.50,1556.70,1545.50,1553.19,210810000,4221380000
2016-09-20,801740.SI,1554.36,1554.54,1534.19,1537.17,201790000,4071650000
2016-09-21,801740.SI,1538.65,1545.80,1537.83,1540.45,182640000,3824610000
2016-09-22,801740.SI,1548.86,1552.23,1542.96,1544.25,202710000,4218630000
2016-09-23,801740.SI,1546.09,1547.47,1538.65,1538.83,198900000,4181130000
2016-09-26,801740.SI,1535.54,1535.76,1490.59,1490.85,274610000,5354880000
2016-09-27,801740.SI,1488.62,1499.88,1476.13,1499.80,205220000,4035260000
2016-09-28,801740.SI,1500.69,1505.07,1491.77,1497.98,157850000,3241330000
2016-09-29,801740.SI,1498.98,1505.74,1496.90,1497.23,140190000,2700430000
2016-09-30,801740.SI,1497.14,1511.78,1497.14,1507.11,142460000,2857350000
2016-10-10,801740.SI,1514.06,1541.10,1514.06,1540.96,227500000,4581410000
2016-10-11,801740.SI,1546.73,1575.86,1546.73,1567.45,395710000,6516890000
2016-10-12,801740.SI,1560.67,1561.20,1553.32,1560.98,233830000,4018540000
2016-10-13,801740.SI,1560.55,1572.93,1559.99,1566.48,299570000,4333910000
2016-10-14,801740.SI,1563.97,1565.25,1548.34,1564.85,247530000,4293750000
2016-10-17,801740.SI,1573.19,1581.96,1542.58,1545.01,321820000,6018690000
2016-10-18,801740.SI,1541.01,1566.10,1538.86,1565.72,305230000,5320920000
2016-10-19,801740.SI,1567.86,1585.35,1563.33,1573.89,354840000,6672600000
2016-10-20,801740.SI,1577.57,1584.37,1566.19,1567.48,283750000,5487980000
2016-10-21,801740.SI,1563.95,1576.02,1554.98,1566.62,374340000,5741660000
2016-10-24,801740.SI,1566.42,1586.06,1560.59,1581.90,436130000,7254020000
2016-10-25,801740.SI,1580.85,1581.87,1569.07,1573.35,287310000,4917190000
2016-10-26,801740.SI,1575.38,1575.38,1562.07,1564.87,277280000,4906630000
2016-10-27,801740.SI,1564.56,1573.30,1562.57,1570.89,282090000,5425510000
2016-10-28,801740.SI,1575.86,1579.27,1555.26,1555.93,321460000,5678340000
2016-10-31,801740.SI,1550.65,1551.75,1543.24,1549.35,241680000,4341300000
2016-11-01,801740.SI,1551.50,1555.46,1545.81,1555.25,198390000,3841980000
2016-11-02,801740.SI,1556.88,1561.84,1542.11,1542.78,330340000,6123030000
2016-11-03,801740.SI,1537.22,1556.75,1532.88,1548.98,336810000,5926040000
2016-11-04,801740.SI,1546.26,1549.00,1534.92,1536.46,255970000,4956860000
2016-11-07,801740.SI,1536.16,1537.97,1527.90,1531.16,209420000,4036150000
2016-11-08,801740.SI,1540.58,1547.04,1535.49,1541.14,235550000,5109590000
2016-11-09,801740.SI,1538.87,1539.05,1508.67,1522.78,326830000,6166040000
2016-11-10,801740.SI,1535.69,1546.40,1531.41,1542.55,289410000,5579450000
2016-11-11,801740.SI,1543.00,1560.05,1537.57,1558.05,418790000,7061630000
2016-11-14,801740.SI,1554.84,1571.59,1554.46,1568.90,485210000,8659450000
2016-11-15,801740.SI,1569.30,1572.82,1560.12,1569.59,370480000,7011370000
2016-11-16,801740.SI,1571.58,1573.99,1562.20,1562.24,308250000,5850790000
2016-11-17,801740.SI,1562.34,1578.11,1559.92,1577.76,514030000,7967370000
2016-11-18,801740.SI,1575.45,1583.54,1563.37,1564.24,450630000,6901440000
2016-11-21,801740.SI,1561.29,1580.59,1561.12,1572.53,458760000,6597390000
2016-11-22,801740.SI,1572.76,1580.01,1567.25,1580.01,437130000,6896340000
2016-11-23,801740.SI,1581.50,1604.19,1577.98,1588.34,578590000,11152160000
2016-11-24,801740.SI,1583.86,1583.86,1564.24,1567.40,416130000,7428550000
2016-11-25,801740.SI,1566.87,1576.54,1553.32,1576.36,379830000,6525350000
2016-11-28,801740.SI,1578.04,1589.51,1577.70,1579.14,370580000,5844400000
2016-11-29,801740.SI,1579.04,1611.67,1579.04,1597.09,966340000,13736880000
2016-11-30,801740.SI,1589.67,1592.11,1577.36,1584.10,516260000,7526410000
2016-12-01,801740.SI,1583.01,1616.75,1583.01,1605.57,806830000,9598860000
2016-12-02,801740.SI,1606.96,1620.36,1578.06,1578.29,805360000,11202290000
2016-12-05,801740.SI,1550.71,1622.69,1550.71,1585.76,882490000,12308220000
2016-12-06,801740.SI,1583.31,1595.27,1576.10,1579.81,546000000,7623910000
2016-12-07,801740.SI,1578.63,1602.92,1578.63,1602.92,641630000,9482340000
2016-12-08,801740.SI,1602.11,1607.11,1575.38,1577.94,581400000,8746740000
2016-12-09,801740.SI,1574.00,1574.95,1556.12,1570.91,492960000,7708100000
2016-12-12,801740.SI,1568.63,1581.74,1496.35,1499.82,736550000,12199880000
2016-12-13,801740.SI,1494.74,1545.04,1494.74,1533.34,751510000,11940270000
2016-12-14,801740.SI,1530.98,1569.34,1515.91,1542.53,784630000,13069860000
2016-12-15,801740.SI,1535.23,1593.50,1534.89,1567.37,838360000,14273210000
2016-12-16,801740.SI,1558.07,1562.76,1546.53,1548.53,541090000,8962950000
2016-12-19,801740.SI,1551.83,1562.15,1535.98,1546.06,437180000,7088360000
2016-12-20,801740.SI,1545.91,1545.92,1521.21,1530.27,404490000,6091770000
2016-12-21,801740.SI,1536.71,1577.21,1535.18,1568.75,728010000,11816690000
2016-12-22,801740.SI,1564.63,1576.83,1558.17,1568.59,534740000,8671010000
2016-12-23,801740.SI,1565.42,1581.85,1562.97,1563.27,507110000,8731500000
2016-12-26,801740.SI,1553.33,1569.06,1534.81,1568.63,484420000,7743050000
2016-12-27,801740.SI,1565.90,1570.64,1555.24,1559.68,424160000,6588160000
2016-12-28,801740.SI,1561.34,1569.84,1553.01,1553.59,337680000,5328850000
2016-12-29,801740.SI,1552.22,1561.67,1544.56,1546.48,349800000,6274580000
2016-12-30,801740.SI,1547.80,1556.18,1538.58,1540.67,337500000,6004020000
2017-01-03,801740.SI,1545.47,1590.91,1545.20,1587.45,537060000,9435090000
2017-01-04,801740.SI,1585.74,1603.01,1585.74,1601.41,548860000,9160670000
2017-01-05,801740.SI,1598.39,1630.97,1595.41,1620.04,676020000,11906010000
2017-01-06,801740.SI,1625.72,1642.59,1615.25,1617.44,673450000,12003600000
2017-01-09,801740.SI,1613.48,1680.93,1612.66,1676.04,1133190000,19515540000
2017-01-10,801740.SI,1672.66,1675.25,1646.99,1647.37,822000000,14752780000
2017-01-11,801740.SI,1644.65,1668.20,1644.65,1651.76,722930000,12953600000
2017-01-12,801740.SI,1644.18,1654.77,1626.25,1627.12,690340000,11680530000
2017-01-13,801740.SI,1623.16,1636.04,1595.03,1603.83,684180000,12256410000
2017-01-16,801740.SI,1592.97,1592.97,1509.81,1564.52,800110000,12960430000
2017-01-17,801740.SI,1552.38,1593.22,1552.22,1593.19,569140000,10483470000
2017-01-18,801740.SI,1588.42,1598.87,1584.77,1584.93,432020000,7774260000
2017-01-19,801740.SI,1576.56,1586.57,1569.24,1570.95,366480000,6526530000
2017-01-20,801740.SI,1569.36,1594.35,1568.39,1592.65,425810000,7913270000
2017-01-23,801740.SI,1612.93,1636.59,1612.93,1626.44,627350000,11379890000
2017-01-24,801740.SI,1621.30,1624.29,1611.93,1614.03,439010000,8028170000
2017-01-25,801740.SI,1603.82,1620.90,1603.82,1620.49,383690000,7066670000
2017-01-26,801740.SI,1621.81,1633.81,1620.99,1633.14,369540000,6651600000
2017-02-03,801740.SI,1639.75,1664.00,1629.59,1645.14,550650000,9751230000
2017-02-06,801740.SI,1640.88,1656.02,1639.30,1655.80,529580000,9577100000
2017-02-07,801740.SI,1651.21,1654.62,1627.47,1636.60,449210000,8592570000
2017-02-08,801740.SI,1631.97,1677.02,1629.76,1677.02,827590000,14476680000
2017-02-09,801740.SI,1678.59,1682.88,1669.32,1682.88,691990000,12009060000
2017-02-10,801740.SI,1679.67,1681.96,1667.72,1668.93,718770000,11622640000
2017-02-13,801740.SI,1664.47,1676.45,1661.10,1671.44,514630000,8985460000
2017-02-14,801740.SI,1671.43,1687.60,1661.86,1663.58,551650000,10166320000
2017-02-15,801740.SI,1657.73,1660.57,1635.43,1641.10,703210000,11620640000
2017-02-16,801740.SI,1639.30,1656.93,1638.41,1652.48,472110000,9093650000
2017-02-17,801740.SI,1650.42,1673.00,1638.73,1666.54,767450000,14646770000
2017-02-20,801740.SI,1669.71,1676.85,1657.54,1671.83,716620000,13048370000
2017-02-21,801740.SI,1669.45,1677.39,1660.26,1677.39,580300000,10736490000
2017-02-22,801740.SI,1674.24,1674.74,1658.83,1665.44,509950000,9444880000
2017-02-23,801740.SI,1663.43,1664.96,1636.31,1646.76,589100000,10763690000
2017-02-24,801740.SI,1643.25,1668.86,1642.86,1668.23,525280000,10411420000
2017-02-27,801740.SI,1666.37,1666.37,1644.88,1646.17,466740000,9600630000
2017-02-28,801740.SI,1645.31,1655.77,1644.01,1655.42,360120000,7172280000
2017-03-01,801740.SI,1655.85,1681.69,1655.80,1674.48,606700000,12122760000
2017-03-02,801740.SI,1676.94,1679.08,1659.46,1660.63,575740000,10697300000
2017-03-03,801740.SI,1656.13,1683.96,1655.12,1671.36,584790000,11790660000
2017-03-06,801740.SI,1672.64,1698.23,1670.56,1698.23,578450000,12805340000
2017-03-07,801740.SI,1697.75,1697.75,1678.28,1688.08,515810000,10587650000
2017-03-08,801740.SI,1690.65,1717.86,1688.90,1697.12,682670000,15137460000
2017-03-09,801740.SI,1690.49,1690.49,1672.11,1674.73,638330000,12609230000
2017-03-10,801740.SI,1673.63,1679.04,1661.16,1664.26,408740000,8327910000
2017-03-13,801740.SI,1663.33,1676.37,1663.27,1675.61,480980000,10339800000
2017-03-14,801740.SI,1676.75,1681.85,1672.47,1674.84,451960000,9420960000
2017-03-15,801740.SI,1673.24,1673.86,1662.32,1666.29,431080000,9664230000
2017-03-16,801740.SI,1668.07,1686.99,1667.99,1686.99,458110000,10666760000
2017-03-17,801740.SI,1686.46,1687.37,1659.51,1659.61,483870000,10977360000
2017-03-20,801740.SI,1659.14,1662.80,1642.38,1656.45,379640000,8306180000
2017-03-21,801740.SI,1656.10,1657.25,1649.48,1656.83,323620000,6895400000
2017-03-22,801740.SI,1648.44,1649.91,1633.95,1637.96,424610000,9070750000
2017-03-23,801740.SI,1640.40,1650.74,1625.09,1649.12,484590000,10006220000
2017-03-24,801740.SI,1647.47,1657.74,1636.87,1657.74,447310000,8700520000
2017-03-27,801740.SI,1657.11,1672.05,1654.85,1668.30,542100000,10640870000
2017-03-28,801740.SI,1666.28,1673.57,1657.13,1660.17,373280000,7787280000
2017-03-29,801740.SI,1660.72,1667.28,1649.15,1656.13,536350000,10522710000
2017-03-30,801740.SI,1652.13,1652.19,1615.12,1615.12,544100000,10772620000
2017-03-31,801740.SI,1621.28,1667.82,1621.28,1655.47,885970000,16295700000
2017-04-05,801740.SI,1645.77,1679.57,1640.45,1677.62,833810000,14354690000
2017-04-06,801740.SI,1675.35,1684.51,1671.71,1675.87,710870000,11972030000
2017-04-07,801740.SI,1689.84,1714.45,1689.47,1696.46,964120000,17286050000
2017-04-10,801740.SI,1703.18,1721.15,1686.22,1704.37,962200000,17347410000
2017-04-11,801740.SI,1700.73,1803.20,1698.12,1793.91,1777490000,34106890000
2017-04-12,801740.SI,1794.19,1821.35,1765.16,1772.20,1241240000,25340960000
2017-04-13,801740.SI,1765.11,1772.77,1744.11,1755.85,670230000,13331420000
2017-04-14,801740.SI,1758.46,1784.29,1743.44,1745.33,705930000,14303720000
2017-04-17,801740.SI,1733.85,1733.85,1680.70,1688.84,646160000,12493500000
2017-04-18,801740.SI,1689.01,1700.95,1675.21,1676.42,479250000,8914680000
2017-04-19,801740.SI,1671.90,1677.43,1624.04,1641.55,614450000,11240980000
2017-04-20,801740.SI,1643.59,1658.76,1617.33,1642.73,522810000,9521990000
2017-04-21,801740.SI,1642.69,1646.71,1620.31,1620.66,431770000,7622400000
2017-04-24,801740.SI,1621.67,1624.77,1568.85,1568.85,522980000,9098260000
2017-04-25,801740.SI,1568.70,1603.71,1545.96,1603.29,621550000,10365150000
2017-04-26,801740.SI,1598.95,1602.83,1567.26,1568.31,675930000,10776840000
2017-04-27,801740.SI,1562.16,1562.16,1501.41,1546.58,695540000,11434370000
2017-04-28,801740.SI,1543.00,1561.37,1543.00,1561.37,368750000,6423630000
2017-05-02,801740.SI,1557.51,1557.75,1542.21,1546.00,319830000,5546170000
2017-05-03,801740.SI,1541.75,1562.82,1538.65,1551.25,423720000,7597300000
2017-05-04,801740.SI,1547.37,1547.37,1513.77,1514.93,520210000,9001810000
2017-05-05,801740.SI,1515.18,1527.70,1464.48,1465.82,558770000,9468500000
2017-05-08,801740.SI,1455.17,1455.23,1391.20,1391.64,574660000,9109380000
2017-05-09,801740.SI,1384.87,1418.21,1381.33,1409.90,411390000,7057210000
2017-05-10,801740.SI,1411.20,1413.99,1359.30,1359.30,438600000,7359290000
2017-05-11,801740.SI,1348.29,1369.87,1310.39,1366.25,507980000,8002640000
2017-05-12,801740.SI,1362.51,1366.81,1344.44,1352.94,295200000,4527810000
2017-05-15,801740.SI,1355.34,1365.29,1347.90,1348.30,253630000,3996030000
2017-05-16,801740.SI,1346.85,1371.93,1324.16,1371.89,402440000,5978690000
2017-05-17,801740.SI,1369.21,1402.90,1367.52,1384.99,438200000,6920990000
2017-05-18,801740.SI,1372.21,1389.59,1368.04,1368.64,269370000,4328660000
2017-05-19,801740.SI,1368.70,1379.45,1359.70,1366.39,223920000,3379090000
2017-05-22,801740.SI,1364.50,1373.71,1337.93,1339.73,274290000,4137610000
2017-05-23,801740.SI,1340.40,1342.82,1274.03,1275.31,415450000,6056240000
2017-05-24,801740.SI,1269.56,1286.22,1245.11,1286.05,320880000,4649720000
2017-05-25,801740.SI,1290.19,1308.30,1268.10,1305.07,346750000,4909140000
2017-05-26,801740.SI,1303.52,1310.55,1301.27,1303.34,257050000,3663190000
2017-05-31,801740.SI,1318.89,1322.25,1305.75,1305.76,188790000,3415070000
2017-06-01,801740.SI,1300.97,1301.92,1274.29,1274.31,196130000,3288220000
2017-06-02,801740.SI,1271.83,1296.59,1260.10,1296.59,227630000,3991740000
2017-06-05,801740.SI,1297.67,1311.44,1297.50,1307.49,193280000,3385500000
2017-06-06,801740.SI,1307.89,1331.41,1306.23,1326.75,268050000,4733840000
2017-06-07,801740.SI,1326.08,1345.72,1325.25,1344.46,312010000,5535510000
2017-06-08,801740.SI,1341.64,1351.55,1337.26,1340.86,263310000,4873720000
2017-06-09,801740.SI,1337.77,1346.33,1331.74,1342.87,241970000,4242110000
2017-06-12,801740.SI,1336.79,1336.79,1317.35,1317.78,231090000,4087280000
2017-06-13,801740.SI,1316.34,1330.51,1315.69,1330.51,185150000,3446650000
2017-06-14,801740.SI,1331.65,1350.78,1330.75,1340.62,330160000,6085370000
2017-06-15,801740.SI,1338.78,1358.90,1338.78,1353.23,331040000,6099140000
2017-06-16,801740.SI,1353.20,1369.30,1347.40,1366.64,343100000,6120260000
2017-06-19,801740.SI,1366.97,1399.71,1366.92,1396.73,441810000,8443970000
2017-06-20,801740.SI,1397.85,1397.85,1383.46,1386.53,331060000,6338730000
2017-06-21,801740.SI,1394.53,1406.12,1377.99,1384.99,406530000,7542560000
2017-06-22,801740.SI,1382.17,1383.17,1362.20,1362.20,318940000,5950200000
2017-06-23,801740.SI,1360.97,1371.31,1341.95,1365.72,302650000,5341440000
2017-06-26,801740.SI,1365.78,1380.64,1361.07,1380.61,308290000,5154450000
2017-06-27,801740.SI,1381.43,1398.87,1380.88,1390.07,376990000,6305640000
2017-06-28,801740.SI,1386.07,1386.07,1370.49,1373.85,256630000,4438100000
2017-06-29,801740.SI,1374.20,1383.42,1372.59,1382.55,236380000,4015110000
2017-06-30,801740.SI,1377.64,1377.73,1369.03,1376.61,208660000,3611040000
2017-07-03,801740.SI,1374.24,1378.83,1368.57,1378.73,275320000,4399920000
2017-07-04,801740.SI,1377.86,1387.93,1373.29,1387.87,349980000,5708090000
2017-07-05,801740.SI,1385.37,1389.16,1378.82,1389.14,294880000,4973500000
2017-07-06,801740.SI,1389.67,1393.44,1374.87,1392.38,420710000,6941130000
2017-07-07,801740.SI,1388.82,1410.11,1385.80,1403.24,529890000,8947820000
2017-07-10,801740.SI,1416.26,1428.77,1402.26,1404.42,610790000,10699680000
2017-07-11,801740.SI,1398.40,1406.11,1388.77,1388.84,456770000,7931140000
2017-07-12,801740.SI,1386.36,1390.11,1361.04,1382.18,417890000,7185390000
2017-07-13,801740.SI,1380.87,1395.25,1375.18,1395.25,392050000,7011570000
2017-07-14,801740.SI,1391.07,1399.86,1382.77,1389.52,436230000,7357200000
2017-07-17,801740.SI,1383.63,1383.63,1304.27,1304.62,601970000,9887530000
2017-07-18,801740.SI,1300.43,1318.74,1290.88,1318.71,355100000,5948600000
2017-07-19,801740.SI,1315.91,1331.11,1309.59,1331.04,361760000,6147530000
2017-07-20,801740.SI,1329.99,1345.81,1329.21,1339.45,405720000,6852450000
2017-07-21,801740.SI,1337.92,1349.70,1333.07,1344.87,405530000,6482320000
2017-07-24,801740.SI,1343.52,1374.64,1336.04,1374.41,611800000,10110000000
2017-07-25,801740.SI,1375.17,1377.44,1356.02,1359.50,486590000,8145440000
2017-07-26,801740.SI,1357.93,1367.47,1348.87,1365.74,447390000,7214480000
2017-07-27,801740.SI,1364.19,1381.64,1352.21,1380.09,579910000,9625710000
2017-07-28,801740.SI,1375.12,1375.12,1366.56,1366.67,399210000,6475090000
2017-07-31,801740.SI,1369.84,1372.26,1347.27,1351.90,479620000,7713370000
2017-08-01,801740.SI,1352.82,1359.11,1342.41,1343.82,413960000,6707050000
2017-08-02,801740.SI,1343.70,1344.14,1317.96,1319.76,572160000,8751290000
2017-08-03,801740.SI,1318.65,1325.08,1318.65,1325.08,300640000,4598630000
2017-08-04,801740.SI,1329.66,1414.94,1329.30,1401.13,1401970000,22182090000
2017-08-07,801740.SI,1404.57,1404.57,1386.93,1396.45,1004450000,15022210000
2017-08-08,801740.SI,1389.14,1415.30,1376.28,1403.08,989840000,15525560000
2017-08-09,801740.SI,1394.86,1400.79,1389.95,1392.52,558240000,8798280000
2017-08-10,801740.SI,1395.90,1421.07,1395.80,1403.24,784550000,12214650000
2017-08-11,801740.SI,1402.38,1431.80,1392.68,1397.02,1128880000,17540170000
2017-08-14,801740.SI,1392.42,1412.94,1380.58,1412.67,808970000,11810730000
2017-08-15,801740.SI,1408.16,1420.59,1402.33,1412.24,661500000,10168210000
2017-08-16,801740.SI,1409.81,1429.23,1403.87,1429.12,795200000,12190500000
2017-08-17,801740.SI,1427.13,1458.46,1426.65,1440.63,1013990000,16727720000
2017-08-18,801740.SI,1431.49,1436.72,1420.61,1423.20,794300000,13278400000
2017-08-21,801740.SI,1425.69,1427.63,1414.88,1425.07,539480000,9153930000
2017-08-22,801740.SI,1425.96,1425.96,1402.47,1404.97,538900000,8648700000
2017-08-23,801740.SI,1405.25,1416.10,1400.50,1406.03,399390000,6436930000
2017-08-24,801740.SI,1404.83,1411.30,1394.14,1396.83,448140000,7094060000
2017-08-25,801740.SI,1395.66,1407.47,1395.12,1405.77,398490000,6431600000
2017-08-28,801740.SI,1404.47,1420.75,1400.75,1419.63,593110000,10200920000
2017-08-29,801740.SI,1411.58,1411.99,1393.71,1395.21,581510000,9320700000
2017-08-30,801740.SI,1395.16,1400.65,1391.22,1400.65,383850000,6064980000
2017-08-31,801740.SI,1399.71,1403.77,1393.55,1399.70,385530000,6541130000
2017-09-01,801740.SI,1400.82,1402.33,1392.49,1402.19,414590000,6860650000
2017-09-04,801740.SI,1412.66,1419.32,1410.26,1419.18,653800000,10742470000
2017-09-05,801740.SI,1418.21,1418.29,1406.17,1410.07,439680000,7849040000
2017-09-06,801740.SI,1407.51,1424.15,1405.30,1422.18,525340000,9606420000
2017-09-07,801740.SI,1420.75,1422.29,1407.27,1407.52,487920000,8841420000
2017-09-08,801740.SI,1406.92,1412.93,1395.33,1401.26,420970000,7567160000
2017-09-11,801740.SI,1400.55,1414.30,1396.12,1410.87,351890000,6539630000
2017-09-12,801740.SI,1411.48,1411.55,1400.31,1401.11,419550000,7836330000
2017-09-13,801740.SI,1402.60,1411.07,1402.55,1407.67,291100000,5589980000
2017-09-14,801740.SI,1406.39,1407.62,1395.96,1399.66,333770000,6335950000
2017-09-15,801740.SI,1402.68,1418.89,1399.66,1418.51,522430000,9900270000
2017-09-18,801740.SI,1418.81,1423.21,1413.90,1420.75,418840000,7981020000
2017-09-19,801740.SI,1419.97,1420.56,1409.60,1412.77,374440000,6867830000
2017-09-20,801740.SI,1414.31,1427.26,1414.23,1426.61,519300000,9248600000
2017-09-21,801740.SI,1423.37,1423.37,1409.84,1409.84,416180000,7542650000
2017-09-22,801740.SI,1408.34,1409.77,1396.23,1404.51,378620000,6659820000
2017-09-25,801740.SI,1408.12,1419.05,1399.68,1400.26,394760000,7095070000
2017-09-26,801740.SI,1399.13,1415.69,1392.85,1413.66,479180000,8714570000
2017-09-27,801740.SI,1416.20,1420.18,1412.20,1418.36,429020000,7984130000
2017-09-28,801740.SI,1416.29,1434.41,1415.58,1428.77,566020000,10244140000
2017-09-29,801740.SI,1429.47,1434.40,1428.98,1431.90,473380000,8507770000
2017-10-09,801740.SI,1440.18,1441.96,1430.33,1431.52,430370000,7863000000
2017-10-10,801740.SI,1430.75,1435.99,1424.48,1435.99,366620000,6680310000
2017-10-11,801740.SI,1434.16,1435.23,1428.77,1430.32,351810000,6683290000
2017-10-12,801740.SI,1429.07,1463.72,1428.55,1453.97,713380000,12333400000
2017-10-13,801740.SI,1450.39,1450.43,1441.45,1447.32,358300000,6105040000
2017-10-16,801740.SI,1446.67,1469.60,1443.40,1443.50,589740000,10816500000
2017-10-17,801740.SI,1441.18,1447.33,1435.10,1440.11,363570000,6307700000
2017-10-18,801740.SI,1439.84,1446.53,1429.90,1429.98,395880000,6681610000
2017-10-19,801740.SI,1428.01,1428.06,1402.08,1402.55,370380000,5993890000
2017-10-20,801740.SI,1401.25,1413.77,1400.67,1413.74,198820000,3389030000
2017-10-23,801740.SI,1414.21,1421.81,1408.52,1411.09,250300000,5207080000
2017-10-24,801740.SI,1410.97,1411.92,1388.84,1395.46,265790000,4955170000
2017-10-25,801740.SI,1394.71,1399.97,1392.55,1397.92,197850000,3865700000
2017-10-26,801740.SI,1397.42,1406.59,1394.66,1405.77,248240000,4599420000
2017-10-27,801740.SI,1405.99,1408.24,1394.78,1394.80,251900000,4626780000
2017-10-30,801740.SI,1392.88,1392.88,1355.17,1355.39,353680000,6026230000
2017-10-31,801740.SI,1354.10,1359.56,1349.76,1359.49,196250000,3600310000
2017-11-01,801740.SI,1358.24,1366.02,1357.24,1361.10,226000000,4363490000
2017-11-02,801740.SI,1359.46,1359.46,1344.32,1344.78,255420000,4525040000
2017-11-03,801740.SI,1344.79,1349.24,1335.21,1339.91,229910000,4545710000
2017-11-06,801740.SI,1357.80,1369.77,1350.27,1362.75,592420000,7171180000
2017-11-07,801740.SI,1362.55,1384.38,1358.90,1384.28,523750000,7315370000
2017-11-08,801740.SI,1381.30,1392.92,1379.18,1384.07,430790000,6718850000
2017-11-09,801740.SI,1384.08,1389.52,1381.99,1389.23,321160000,5057520000
2017-11-10,801740.SI,1388.94,1390.75,1378.06,1379.41,385750000,6307280000
2017-11-13,801740.SI,1379.12,1381.04,1370.22,1371.71,380980000,5961350000
2017-11-14,801740.SI,1372.46,1394.72,1369.93,1386.12,466810000,8652480000
2017-11-15,801740.SI,1380.69,1382.22,1366.47,1366.91,314620000,5958320000
2017-11-16,801740.SI,1366.50,1369.43,1357.06,1357.82,292200000,5145720000
2017-11-17,801740.SI,1358.02,1358.06,1301.65,1304.56,486270000,7688310000
2017-11-20,801740.SI,1300.92,1310.09,1275.86,1309.71,369280000,5513300000
2017-11-21,801740.SI,1306.34,1316.28,1298.78,1302.74,338470000,5609430000
2017-11-22,801740.SI,1303.39,1352.83,1300.74,1344.21,669870000,10338550000
2017-11-23,801740.SI,1339.77,1346.85,1309.23,1309.59,472290000,7353620000
2017-11-24,801740.SI,1306.27,1319.67,1306.17,1310.23,299080000,4622830000
2017-11-27,801740.SI,1307.50,1324.09,1293.81,1294.29,314700000,5104410000
2017-11-28,801740.SI,1293.85,1311.75,1293.78,1311.32,234640000,3972780000
2017-11-29,801740.SI,1311.04,1311.80,1296.15,1306.50,291030000,4606530000
2017-11-30,801740.SI,1304.89,1323.21,1303.80,1307.57,317670000,5421310000
2017-12-01,801740.SI,1305.17,1312.23,1299.63,1312.09,272440000,4687080000
2017-12-04,801740.SI,1312.23,1312.37,1295.62,1296.16,293800000,5275450000
2017-12-05,801740.SI,1301.60,1317.32,1274.50,1280.44,375760000,5825260000
2017-12-06,801740.SI,1274.72,1297.11,1271.01,1296.95,347740000,5527400000
2017-12-07,801740.SI,1294.87,1332.40,1293.17,1319.62,624980000,9278250000
2017-12-08,801740.SI,1315.01,1327.08,1312.44,1323.10,434500000,6573300000
2017-12-11,801740.SI,1320.80,1331.56,1318.18,1331.51,385120000,5482040000
2017-12-12,801740.SI,1331.24,1331.26,1313.10,1313.15,410140000,5823890000
2017-12-13,801740.SI,1312.87,1322.92,1310.82,1321.83,328410000,5020570000
2017-12-14,801740.SI,1320.36,1325.77,1314.42,1323.14,351360000,5572610000
2017-12-15,801740.SI,1320.79,1330.89,1318.22,1327.39,511210000,7647280000
2017-12-18,801740.SI,1325.99,1327.08,1319.29,1320.18,372460000,5953960000
2017-12-19,801740.SI,1320.20,1325.82,1320.20,1325.82,325100000,5141930000
2017-12-20,801740.SI,1324.80,1325.69,1305.25,1305.25,358830000,5518990000
2017-12-21,801740.SI,1302.28,1313.97,1292.99,1309.22,277890000,5107090000
2017-12-22,801740.SI,1307.18,1308.80,1298.09,1298.09,223190000,3868880000
2017-12-25,801740.SI,1297.04,1297.56,1266.82,1270.19,310010000,5436150000
2017-12-26,801740.SI,1269.24,1278.28,1265.28,1277.20,242770000,4208040000
2017-12-27,801740.SI,1276.47,1280.59,1272.54,1273.64,228750000,4294970000
2017-12-28,801740.SI,1273.19,1277.55,1272.32,1273.65,225930000,4087880000
2017-12-29,801740.SI,1276.97,1286.81,1276.85,1284.22,402200000,5137990000
2018-01-02,801740.SI,1284.77,1290.15,1282.62,1290.06,308990000,4274940000
2018-01-03,801740.SI,1290.34,1303.48,1288.75,1303.39,400390000,5600930000
2018-01-04,801740.SI,1302.06,1307.42,1300.18,1303.63,360030000,5554940000
2018-01-05,801740.SI,1301.93,1302.18,1290.95,1298.33,369120000,5383170000
2018-01-08,801740.SI,1296.34,1296.50,1287.77,1294.53,330230000,5051270000
2018-01-09,801740.SI,1293.39,1303.47,1292.24,1300.90,418550000,6252880000
2018-01-10,801740.SI,1299.89,1299.89,1279.74,1286.74,381670000,6412080000
2018-01-11,801740.SI,1284.07,1290.94,1279.59,1290.94,291590000,4815880000
2018-01-12,801740.SI,1288.77,1288.81,1274.85,1275.15,324420000,5437310000
2018-01-15,801740.SI,1270.53,1270.61,1226.59,1229.15,487690000,7569920000
2018-01-16,801740.SI,1226.34,1232.31,1214.28,1220.84,374420000,5571470000
2018-01-17,801740.SI,1220.18,1225.51,1202.51,1222.73,359790000,5414930000
2018-01-18,801740.SI,1220.49,1226.09,1218.97,1224.58,273400000,3817030000
2018-01-19,801740.SI,1227.73,1257.36,1227.46,1242.22,609080000,7777790000
2018-01-22,801740.SI,1240.57,1247.90,1228.70,1247.64,392550000,5962750000
2018-01-23,801740.SI,1245.14,1249.54,1239.82,1247.08,348690000,4810770000
2018-01-24,801740.SI,1246.46,1261.14,1241.20,1258.44,506700000,6269730000
2018-01-25,801740.SI,1256.30,1296.42,1255.38,1276.17,787800000,10342810000
2018-01-26,801740.SI,1269.90,1276.99,1268.01,1269.54,401490000,5282830000
2018-01-29,801740.SI,1271.42,1274.87,1248.75,1252.69,436480000,5673040000
2018-01-30,801740.SI,1250.79,1255.53,1246.62,1252.17,291320000,4024090000
2018-01-31,801740.SI,1246.91,1247.18,1224.67,1226.08,423070000,5316040000
2018-02-01,801740.SI,1226.07,1229.52,1178.58,1179.04,530540000,6268400000
2018-02-02,801740.SI,1170.95,1186.73,1155.35,1186.16,365410000,4525330000
2018-02-05,801740.SI,1170.84,1182.46,1167.15,1178.67,250280000,3113490000
2018-02-06,801740.SI,1161.05,1165.21,1106.11,1106.12,505330000,6181450000
2018-02-07,801740.SI,1122.79,1128.97,1073.77,1099.36,456310000,5765210000
2018-02-08,801740.SI,1097.09,1123.51,1096.69,1115.70,317000000,3883870000
2018-02-09,801740.SI,1092.71,1099.92,1053.57,1065.76,482320000,5034800000
2018-02-12,801740.SI,1072.38,1088.37,1072.38,1085.57,267540000,3190530000
2018-02-13,801740.SI,1091.22,1107.69,1090.34,1092.66,332350000,4000130000
2018-02-14,801740.SI,1093.23,1094.30,1087.39,1092.32,197270000,2482160000
2018-02-22,801740.SI,1099.65,1107.87,1096.18,1106.08,213230000,2665490000
2018-02-23,801740.SI,1105.49,1122.54,1101.79,1110.15,319060000,3626000000
2018-02-26,801740.SI,1114.20,1140.16,1112.45,1139.38,445720000,5590980000
2018-02-27,801740.SI,1139.48,1184.84,1135.64,1169.73,681630000,8928240000
2018-02-28,801740.SI,1159.38,1191.02,1152.03,1176.21,725000000,9106010000
2018-03-01,801740.SI,1167.58,1189.22,1165.66,1186.04,565390000,7231790000
2018-03-02,801740.SI,1176.80,1192.11,1174.21,1182.11,464690000,6218000000
2018-03-05,801740.SI,1197.23,1200.88,1187.23,1196.24,496840000,7357240000
2018-03-06,801740.SI,1195.55,1213.41,1191.24,1207.52,548380000,7957320000
2018-03-07,801740.SI,1204.97,1206.38,1190.82,1190.89,412910000,5570960000
2018-03-08,801740.SI,1189.02,1195.82,1185.16,1192.90,327730000,4741510000
2018-03-09,801740.SI,1192.19,1219.34,1190.21,1211.71,523730000,7538640000
2018-03-12,801740.SI,1214.83,1231.65,1214.83,1231.42,604720000,8263760000
2018-03-13,801740.SI,1232.30,1234.03,1216.12,1216.22,520240000,6986040000
2018-03-14,801740.SI,1211.20,1211.20,1188.52,1189.80,446670000,6078580000
2018-03-15,801740.SI,1185.48,1202.70,1184.16,1192.27,422610000,5618310000
2018-03-16,801740.SI,1192.84,1197.62,1184.68,1184.84,314690000,4149170000
2018-03-19,801740.SI,1188.57,1206.77,1188.51,1195.19,359880000,5287490000
2018-03-20,801740.SI,1188.18,1204.46,1183.28,1201.06,392280000,5308520000
2018-03-21,801740.SI,1192.04,1226.80,1192.01,1205.83,776650000,11322960000
2018-03-22,801740.SI,1193.20,1202.70,1186.10,1191.78,619580000,8619240000
2018-03-23,801740.SI,1146.10,1176.39,1131.94,1151.36,1036460000,13777200000
2018-03-26,801740.SI,1146.15,1201.19,1146.15,1200.77,1109080000,16456070000
2018-03-27,801740.SI,1206.11,1235.37,1202.49,1234.24,1178790000,18183300000
2018-03-28,801740.SI,1221.13,1239.33,1216.87,1217.02,928200000,15162470000
2018-03-29,801740.SI,1222.18,1228.63,1204.95,1212.33,687980000,10768010000
2018-03-30,801740.SI,1214.67,1258.52,1213.79,1255.82,1158240000,16869920000
2018-04-02,801740.SI,1251.47,1297.06,1251.47,1286.79,1138530000,18742090000
2018-04-03,801740.SI,1267.38,1289.24,1257.21,1275.56,901240000,14813940000
2018-04-04,801740.SI,1276.92,1316.46,1276.84,1280.60,1156220000,18725350000
2018-04-09,801740.SI,1281.77,1318.68,1271.74,1313.52,1224990000,18683240000
2018-04-10,801740.SI,1315.91,1315.91,1262.23,1278.98,1121160000,19249330000
2018-04-11,801740.SI,1274.70,1282.83,1259.59,1282.61,896320000,14134510000
2018-04-12,801740.SI,1278.11,1294.96,1268.61,1268.61,811390000,12508550000
2018-04-13,801740.SI,1275.31,1299.21,1272.50,1274.09,822430000,11760270000
2018-04-16,801740.SI,1273.56,1279.10,1259.50,1273.54,852970000,12503560000
2018-04-17,801740.SI,1272.96,1292.30,1250.65,1252.14,893280000,13482590000
2018-04-18,801740.SI,1261.87,1280.44,1235.37,1279.94,981260000,15314710000
2018-04-19,801740.SI,1273.47,1329.57,1272.74,1304.80,1269610000,20982900000
2018-04-20,801740.SI,1297.91,1324.11,1291.62,1293.63,984920000,15432550000
2018-04-23,801740.SI,1292.77,1297.12,1223.08,1240.13,871660000,13658220000
2018-04-24,801740.SI,1236.20,1261.90,1224.31,1261.83,677840000,9974560000
2018-04-25,801740.SI,1248.57,1269.94,1247.38,1265.21,628770000,9985980000
2018-04-26,801740.SI,1258.81,1276.06,1241.70,1242.39,626320000,9723200000
2018-04-27,801740.SI,1247.34,1252.86,1208.63,1223.39,698660000,10484940000
2018-05-02,801740.SI,1217.51,1232.09,1206.00,1215.59,577870000,8353440000
2018-05-03,801740.SI,1212.43,1212.43,1178.78,1210.16,591070000,8735890000
2018-05-04,801740.SI,1205.53,1220.97,1201.06,1212.18,523230000,7495490000
2018-05-07,801740.SI,1213.95,1223.88,1212.18,1222.60,495160000,7417640000
2018-05-08,801740.SI,1230.17,1254.30,1228.05,1234.59,703540000,10524690000
2018-05-09,801740.SI,1229.74,1229.74,1220.72,1225.52,483940000,6907510000
2018-05-10,801740.SI,1226.61,1227.79,1201.82,1211.75,509950000,7846420000
2018-05-11,801740.SI,1210.50,1211.89,1199.19,1203.35,402930000,5666210000
2018-05-14,801740.SI,1207.40,1209.70,1175.18,1177.16,520970000,7200530000
2018-05-15,801740.SI,1177.26,1196.08,1177.15,1196.06,459420000,6682450000
2018-05-16,801740.SI,1195.40,1209.70,1190.37,1198.69,521350000,8309070000
2018-05-17,801740.SI,1198.22,1200.57,1182.92,1186.25,381540000,5642450000
2018-05-18,801740.SI,1185.61,1191.40,1175.90,1190.80,388560000,5769330000
2018-05-21,801740.SI,1195.40,1203.81,1193.33,1202.09,447850000,6407500000
2018-05-22,801740.SI,1202.11,1202.11,1185.97,1196.77,445270000,6481730000
2018-05-23,801740.SI,1194.84,1208.21,1191.81,1195.25,606210000,9064150000
2018-05-24,801740.SI,1193.63,1196.29,1181.26,1181.96,507370000,7526880000
2018-05-25,801740.SI,1182.06,1189.46,1171.20,1177.01,492770000,7399800000
2018-05-28,801740.SI,1172.93,1173.08,1137.43,1140.09,536700000,7560470000
2018-05-29,801740.SI,1138.42,1146.92,1127.14,1127.51,420070000,5431230000
2018-05-30,801740.SI,1117.42,1121.57,1090.17,1092.74,503480000,6279920000
2018-05-31,801740.SI,1099.85,1104.65,1085.32,1093.68,427160000,5413290000
2018-06-01,801740.SI,1088.10,1103.61,1080.26,1086.46,427070000,5550480000
2018-06-04,801740.SI,1089.61,1093.12,1081.27,1082.69,340230000,4205230000
2018-06-05,801740.SI,1084.93,1106.13,1084.82,1106.11,402380000,5131030000
2018-06-06,801740.SI,1103.06,1115.34,1102.54,1109.84,368430000,5014460000
2018-06-07,801740.SI,1112.07,1112.98,1093.10,1093.10,339370000,4401790000
2018-06-08,801740.SI,1091.95,1091.95,1061.33,1069.34,443300000,5102900000
2018-06-11,801740.SI,1066.39,1071.40,1059.17,1063.54,317980000,3737030000
2018-06-12,801740.SI,1064.70,1073.56,1056.38,1073.21,337570000,4055360000
2018-06-13,801740.SI,1072.55,1072.55,1047.76,1047.76,354620000,4286580000
2018-06-14,801740.SI,1044.19,1053.53,1038.17,1040.17,308650000,3827360000
2018-06-15,801740.SI,1040.50,1043.73,1004.93,1007.43,434050000,5331770000
2018-06-19,801740.SI,994.38,1003.22,925.21,942.27,640080000,6992200000
2018-06-20,801740.SI,936.24,973.15,936.24,966.39,485300000,5786790000
2018-06-21,801740.SI,966.16,973.56,939.87,939.87,497300000,5957270000
2018-06-22,801740.SI,932.17,961.07,929.72,960.17,383470000,4491820000
2018-06-25,801740.SI,968.18,974.57,957.29,957.31,341160000,4044460000
2018-06-26,801740.SI,944.33,983.52,941.71,983.52,452660000,5595410000
2018-06-27,801740.SI,983.12,992.31,975.97,981.41,391820000,4868470000
2018-06-28,801740.SI,979.96,991.73,967.90,969.38,328770000,3951770000
2018-06-29,801740.SI,969.72,1003.67,969.16,1003.66,430600000,5479100000
2018-07-02,801740.SI,1001.58,1011.39,986.55,995.33,420860000,5344320000
2018-07-03,801740.SI,997.49,1039.44,997.49,1039.27,704980000,8831600000
2018-07-04,801740.SI,1035.87,1037.25,1021.02,1024.47,530110000,6814690000
2018-07-05,801740.SI,1022.00,1023.92,995.84,995.84,424570000,5106330000
2018-07-06,801740.SI,995.74,1025.31,993.17,1009.12,531820000,6790740000
2018-07-09,801740.SI,1010.52,1029.95,1010.50,1029.65,430370000,5531490000
2018-07-10,801740.SI,1030.63,1033.62,1022.27,1032.23,429570000,5615500000
2018-07-11,801740.SI,1017.54,1017.73,982.61,1000.51,496180000,6069680000
2018-07-12,801740.SI,998.81,1028.15,998.76,1025.82,492820000,6291630000
2018-07-13,801740.SI,1026.26,1029.81,1014.52,1018.08,432610000,5497110000
2018-07-16,801740.SI,1019.09,1038.87,1015.35,1032.65,506810000,6571020000
2018-07-17,801740.SI,1028.83,1034.75,1017.84,1034.72,456880000,5753420000
2018-07-18,801740.SI,1035.45,1040.87,1021.65,1021.99,426130000,5159890000
2018-07-19,801740.SI,1020.26,1027.48,1000.72,1004.10,419450000,5235500000
2018-07-20,801740.SI,1003.41,1024.36,1002.33,1022.48,469620000,5663540000
2018-07-23,801740.SI,1024.51,1066.16,1024.51,1064.52,810400000,9812660000
2018-07-24,801740.SI,1067.25,1080.37,1063.21,1076.02,789450000,8758500000
2018-07-25,801740.SI,1076.44,1084.25,1071.60,1074.46,606500000,6982510000
2018-07-26,801740.SI,1076.48,1080.90,1059.68,1063.68,530030000,6163280000
2018-07-27,801740.SI,1062.54,1068.27,1055.44,1064.07,445320000,5028170000
2018-07-30,801740.SI,1064.36,1069.26,1049.36,1057.68,572260000,6293440000
2018-07-31,801740.SI,1053.18,1057.45,1041.65,1050.59,469190000,5192140000
2018-08-01,801740.SI,1051.41,1057.79,1017.18,1017.34,480620000,5463110000
2018-08-02,801740.SI,1010.65,1010.69,957.02,976.05,656190000,7100010000
2018-08-03,801740.SI,973.18,982.08,966.14,966.16,345330000,3703390000
2018-08-06,801740.SI,966.17,970.84,938.90,943.20,380650000,4000600000
2018-08-07,801740.SI,946.37,966.24,935.90,966.20,371370000,3854200000
2018-08-08,801740.SI,964.34,964.40,947.71,948.36,418360000,4090120000
2018-08-09,801740.SI,944.05,981.36,943.15,976.85,464710000,5075950000
2018-08-10,801740.SI,975.56,984.25,972.50,984.20,349880000,3897540000
2018-08-13,801740.SI,972.47,1000.74,967.97,999.02,451280000,4724300000
2018-08-14,801740.SI,995.59,996.66,986.35,990.27,295320000,3212860000
2018-08-15,801740.SI,991.44,1000.95,976.12,977.28,354300000,3930290000
2018-08-16,801740.SI,964.82,981.03,958.49,967.53,320200000,3374480000
2018-08-17,801740.SI,977.45,981.55,951.65,954.92,308700000,3290070000
2018-08-20,801740.SI,952.90,963.29,942.15,963.29,278240000,2979610000
2018-08-21,801740.SI,963.78,982.43,960.79,977.34,318640000,3440530000
2018-08-22,801740.SI,976.01,985.94,973.23,976.12,316190000,3177760000
2018-08-23,801740.SI,973.13,987.53,973.13,983.66,287360000,3230470000
2018-08-24,801740.SI,983.07,983.07,970.27,971.12,280820000,3165570000
2018-08-27,801740.SI,973.85,1001.37,973.76,1001.21,516390000,6530890000
2018-08-28,801740.SI,1002.05,1014.73,1002.05,1010.43,566970000,7482430000
2018-08-29,801740.SI,1011.01,1015.30,1006.53,1013.44,495870000,5894460000
2018-08-30,801740.SI,1010.98,1014.38,991.71,993.06,465840000,5534830000
2018-08-31,801740.SI,992.24,996.39,982.75,987.18,380560000,4549730000
2018-09-03,801740.SI,987.00,1006.09,979.30,1005.62,471890000,6055260000
2018-09-04,801740.SI,1005.93,1043.95,1003.58,1038.13,813140000,10172990000
2018-09-05,801740.SI,1037.21,1052.17,1032.68,1032.93,719380000,8743950000
2018-09-06,801740.SI,1031.06,1051.65,1031.05,1040.05,681390000,8880850000
2018-09-07,801740.SI,1041.01,1049.51,1021.91,1029.97,593590000,7726150000
2018-09-10,801740.SI,1030.60,1036.61,1006.11,1007.83,530140000,7340600000
2018-09-11,801740.SI,1008.71,1029.72,1006.91,1024.39,456110000,6425290000
2018-09-12,801740.SI,1024.61,1049.64,1023.98,1038.38,607200000,8414220000
2018-09-13,801740.SI,1045.73,1060.32,1034.02,1060.01,776480000,9967680000
2018-09-14,801740.SI,1059.74,1061.81,1025.83,1027.84,715880000,10224510000
2018-09-17,801740.SI,1023.72,1035.52,1010.15,1017.86,557490000,7894220000
2018-09-18,801740.SI,1015.19,1031.21,1006.41,1031.21,565460000,7703690000
2018-09-19,801740.SI,1027.77,1049.64,1021.88,1044.10,670280000,8791320000
2018-09-20,801740.SI,1040.74,1043.28,1026.49,1028.81,489560000,6576700000
2018-09-21,801740.SI,1029.83,1032.12,1016.88,1031.83,509600000,6561690000
2018-09-25,801740.SI,1028.96,1050.71,1027.20,1041.37,513050000,7120240000
2018-09-26,801740.SI,1040.68,1044.18,1032.78,1041.59,498430000,6737040000
2018-09-27,801740.SI,1040.05,1040.41,1019.12,1020.50,507080000,6809240000
2018-09-28,801740.SI,1021.30,1024.81,1016.26,1021.93,373460000,5169460000
2018-10-08,801740.SI,1008.95,1014.58,990.63,991.76,421510000,5312390000
2018-10-09,801740.SI,992.71,995.60,965.67,973.25,431050000,5794490000
2018-10-10,801740.SI,972.66,980.58,966.64,979.67,318930000,4258280000
2018-10-11,801740.SI,947.75,957.81,905.62,910.63,637350000,6585160000
2018-10-12,801740.SI,904.46,917.93,873.16,914.65,539200000,5967180000
2018-10-15,801740.SI,914.33,928.09,908.64,909.00,370130000,4240380000
2018-10-16,801740.SI,914.07,928.51,891.25,896.85,447530000,5125450000
2018-10-17,801740.SI,906.88,910.48,874.62,895.76,398090000,4622340000
2018-10-18,801740.SI,885.91,886.02,863.29,863.95,367490000,3941180000
2018-10-19,801740.SI,850.98,880.05,840.68,878.50,500130000,5542350000
2018-10-22,801740.SI,887.07,933.07,887.03,923.73,671470000,7134040000
2018-10-23,801740.SI,924.16,929.25,906.72,911.26,510080000,5752210000
2018-10-24,801740.SI,907.75,920.24,904.51,910.83,344800000,3757560000
2018-10-25,801740.SI,882.75,902.70,878.80,899.92,390310000,3964600000
2018-10-26,801740.SI,907.63,917.27,896.69,901.43,356600000,3915960000
2018-10-29,801740.SI,897.53,900.62,885.45,891.08,290480000,3266700000
2018-10-30,801740.SI,888.87,900.93,873.04,895.86,386640000,4014210000
2018-10-31,801740.SI,897.17,912.54,893.94,906.86,442660000,4533960000
2018-11-01,801740.SI,910.88,931.91,910.85,917.62,587890000,6341750000
2018-11-02,801740.SI,928.66,938.65,923.51,938.52,587600000,6530360000
2018-11-05,801740.SI,940.37,950.42,929.88,943.22,541390000,6262810000
2018-11-06,801740.SI,941.79,941.89,930.65,938.23,410420000,4637000000
2018-11-07,801740.SI,938.55,946.29,931.36,932.75,491160000,5034400000
2018-11-08,801740.SI,938.37,939.30,919.39,919.39,401390000,4312330000
2018-11-09,801740.SI,916.46,924.13,913.87,919.59,305100000,3070670000
2018-11-12,801740.SI,918.19,937.78,916.20,937.78,386290000,3862590000
2018-11-13,801740.SI,928.48,954.86,926.49,949.69,649250000,6346020000
2018-11-14,801740.SI,946.03,950.76,940.24,943.46,490490000,5190580000
2018-11-15,801740.SI,947.07,968.91,945.00,968.75,684940000,7761720000
2018-11-16,801740.SI,970.54,980.38,966.13,973.63,642860000,7171590000
2018-11-19,801740.SI,974.07,977.35,962.29,976.26,560150000,6148980000
2018-11-20,801740.SI,968.96,1003.41,966.51,973.22,875470000,10105300000
2018-11-21,801740.SI,959.79,973.85,956.45,971.74,511400000,5716730000
2018-11-22,801740.SI,974.25,979.68,969.63,972.40,431100000,4816790000
2018-11-23,801740.SI,971.03,973.01,930.59,930.59,533480000,5538150000
2018-11-26,801740.SI,931.47,945.95,928.00,933.68,324790000,3675460000
2018-11-27,801740.SI,938.91,950.73,938.74,945.66,394700000,4184000000
2018-11-28,801740.SI,945.34,955.59,932.90,954.25,400120000,4450520000
2018-11-29,801740.SI,958.29,965.38,935.31,935.31,395930000,4472010000
2018-11-30,801740.SI,933.42,941.13,920.45,941.13,349770000,3639170000
2018-12-03,801740.SI,958.71,967.27,953.53,964.62,493560000,5327660000
2018-12-04,801740.SI,963.34,964.47,953.23,960.78,372020000,4269560000
2018-12-05,801740.SI,944.83,953.52,942.95,951.00,377100000,3913160000
2018-12-06,801740.SI,948.31,961.97,943.64,945.20,435410000,4694070000
2018-12-07,801740.SI,946.21,949.00,935.53,941.83,306210000,3200360000
2018-12-10,801740.SI,936.23,937.38,922.38,923.92,306290000,3307090000
2018-12-11,801740.SI,926.75,931.39,923.49,928.61,278050000,2858410000
2018-12-12,801740.SI,932.47,934.19,927.65,930.34,282430000,2937400000
2018-12-13,801740.SI,931.82,945.30,928.46,941.22,387790000,3895550000
2018-12-14,801740.SI,940.47,940.77,917.90,917.90,431700000,4422080000
2018-12-17,801740.SI,914.57,922.98,909.51,921.07,348170000,3480940000
2018-12-18,801740.SI,914.71,923.76,907.51,918.66,394780000,3850850000
2018-12-19,801740.SI,920.33,920.92,903.66,905.84,323470000,3268570000
2018-12-20,801740.SI,903.73,907.72,894.89,901.54,312130000,3081940000
2018-12-21,801740.SI,898.09,898.40,882.48,889.72,325660000,3159220000
2018-12-24,801740.SI,888.10,902.43,887.25,902.30,340680000,3301970000
2018-12-25,801740.SI,892.93,896.35,875.90,894.18,387520000,4056850000
2018-12-26,801740.SI,893.07,899.22,888.85,888.88,321790000,3558240000
2018-12-27,801740.SI,901.85,904.04,883.24,883.24,412890000,4277460000
2018-12-28,801740.SI,886.71,896.07,883.95,885.62,398580000,4435620000
2019-01-02,801740.SI,886.20,896.81,880.32,894.03,414790000,4540690000
2019-01-03,801740.SI,894.25,941.38,894.14,922.84,910750000,9485010000
2019-01-04,801740.SI,915.15,945.36,915.15,945.04,1006060000,9382460000
2019-01-07,801740.SI,953.74,990.50,952.55,986.08,1229660000,12190570000
2019-01-08,801740.SI,984.45,984.45,964.23,967.77,1084070000,10974110000
2019-01-09,801740.SI,966.54,972.63,957.25,957.49,881990000,9200370000
2019-01-10,801740.SI,956.89,962.66,952.77,955.39,634660000,6702480000
2019-01-11,801740.SI,956.74,972.53,956.74,969.38,686560000,7824620000
2019-01-14,801740.SI,968.42,968.63,956.95,960.56,546710000,6418970000
2019-01-15,801740.SI,959.97,969.03,957.88,968.99,536830000,6080230000
2019-01-16,801740.SI,967.94,968.77,955.40,955.72,501290000,5431830000
2019-01-17,801740.SI,955.89,956.26,943.38,944.50,418640000,4510740000
2019-01-18,801740.SI,945.65,951.88,941.98,950.92,419200000,4471180000
2019-01-21,801740.SI,951.44,957.14,947.20,953.46,369450000,4224990000
2019-01-22,801740.SI,950.00,950.11,935.17,940.01,413060000,4813610000
2019-01-23,801740.SI,936.91,941.22,934.77,941.09,287940000,3437540000
2019-01-24,801740.SI,941.48,956.49,936.41,952.52,484920000,5653880000
2019-01-25,801740.SI,951.13,951.15,940.24,940.24,403280000,4461330000
2019-01-28,801740.SI,945.10,948.10,933.04,934.25,374200000,4040380000
2019-01-29,801740.SI,932.25,932.33,905.13,913.78,433660000,4523960000
2019-01-30,801740.SI,912.27,927.41,911.69,914.96,358370000,3664660000
2019-01-31,801740.SI,915.32,916.01,897.99,903.10,431680000,4339740000
2019-02-01,801740.SI,905.96,923.60,905.71,923.60,337850000,3387570000
2019-02-11,801740.SI,927.35,944.75,927.35,944.75,422190000,4515230000
2019-02-12,801740.SI,944.28,954.33,943.22,951.86,467750000,4995550000
2019-02-13,801740.SI,952.11,975.70,949.78,972.76,747570000,7980820000
2019-02-14,801740.SI,971.10,978.75,969.12,973.37,547940000,5803780000
2019-02-15,801740.SI,971.88,978.14,965.85,967.29,515240000,5743010000
2019-02-18,801740.SI,973.46,1002.17,973.37,1001.71,788210000,8694470000
2019-02-19,801740.SI,1004.70,1019.64,987.04,1019.64,954250000,10629040000
2019-02-20,801740.SI,1013.98,1034.02,1001.76,1021.72,1128600000,11017080000
2019-02-21,801740.SI,1026.32,1042.48,1009.62,1013.73,1263280000,13634640000
2019-02-22,801740.SI,1009.16,1034.44,1008.26,1034.44,958230000,10624070000
2019-02-25,801740.SI,1042.95,1100.86,1042.95,1095.48,1660340000,18608150000
2019-02-26,801740.SI,1093.55,1106.84,1079.39,1084.08,1485650000,16768870000
2019-02-27,801740.SI,1081.89,1135.83,1081.89,1104.23,1693150000,18685120000
2019-02-28,801740.SI,1120.24,1126.80,1092.08,1103.94,1211650000,13377290000
2019-03-01,801740.SI,1108.42,1110.57,1084.26,1109.62,1182530000,12633240000
2019-03-04,801740.SI,1115.08,1140.75,1114.16,1135.08,1687650000,18406690000
2019-03-05,801740.SI,1130.65,1169.56,1125.20,1168.30,1669260000,18940190000
2019-03-06,801740.SI,1174.04,1179.14,1151.73,1173.15,1579400000,18633870000
2019-03-07,801740.SI,1170.14,1181.34,1158.45,1169.79,1554390000,18336210000
2019-03-08,801740.SI,1144.67,1174.66,1122.03,1122.15,1683080000,19998210000
2019-03-11,801740.SI,1129.43,1163.61,1129.43,1163.61,1337860000,15761890000
2019-03-12,801740.SI,1174.51,1216.00,1167.70,1206.33,1953070000,24222670000
2019-03-13,801740.SI,1213.63,1241.78,1175.61,1184.62,1968850000,25918530000
2019-03-14,801740.SI,1178.16,1184.62,1131.30,1155.14,1498610000,18410800000
2019-03-15,801740.SI,1163.93,1169.20,1145.81,1153.05,1076650000,13519730000
2019-03-18,801740.SI,1155.78,1177.24,1148.03,1177.24,1088430000,12457730000
2019-03-19,801740.SI,1181.24,1204.55,1180.01,1195.43,1226910000,15420840000
2019-03-20,801740.SI,1194.65,1194.65,1162.61,1184.14,1077570000,13019550000
2019-03-21,801740.SI,1186.94,1199.19,1183.40,1191.03,1084120000,12852230000
2019-03-22,801740.SI,1193.81,1204.47,1185.20,1203.20,1156280000,14746290000
2019-03-25,801740.SI,1198.95,1291.13,1197.37,1264.25,2701110000,32317640000
2019-03-26,801740.SI,1269.12,1269.12,1189.45,1191.79,2002900000,23531910000
2019-03-27,801740.SI,1195.69,1199.00,1157.18,1179.28,1096770000,12879730000
2019-03-28,801740.SI,1179.56,1204.21,1171.96,1172.64,1046520000,11978760000
2019-03-29,801740.SI,1190.66,1223.09,1190.66,1223.09,1483580000,16179040000
2019-04-01,801740.SI,1242.46,1282.49,1242.46,1279.93,1859230000,20864380000
2019-04-02,801740.SI,1304.74,1332.24,1293.05,1297.21,2495360000,28392180000
2019-04-03,801740.SI,1287.89,1318.39,1281.52,1313.22,1918120000,22568280000
2019-04-04,801740.SI,1312.99,1327.27,1299.04,1314.66,1789620000,23252820000
2019-04-08,801740.SI,1338.62,1343.48,1287.41,1302.01,1669430000,21773840000
2019-04-09,801740.SI,1307.91,1307.91,1288.56,1299.89,1076850000,14106900000
2019-04-10,801740.SI,1295.08,1299.96,1283.95,1290.07,1099120000,14361390000
2019-04-11,801740.SI,1293.44,1305.77,1273.75,1273.75,998470000,13191270000
2019-04-12,801740.SI,1273.78,1273.78,1249.59,1260.42,926160000,13486320000
2019-04-15,801740.SI,1274.19,1291.84,1255.11,1255.76,957080000,13299400000
2019-04-16,801740.SI,1250.63,1275.48,1236.16,1275.48,965530000,13359450000
2019-04-17,801740.SI,1275.78,1290.83,1272.03,1283.27,966710000,13136640000
2019-04-18,801740.SI,1283.01,1317.69,1283.01,1302.41,1413710000,18878160000
2019-04-19,801740.SI,1297.62,1302.31,1274.07,1300.47,1069150000,15086770000
2019-04-22,801740.SI,1304.55,1304.55,1272.97,1275.43,968740000,13440180000
2019-04-23,801740.SI,1274.32,1274.35,1219.52,1222.38,1042200000,13872240000
2019-04-24,801740.SI,1222.16,1226.93,1200.04,1222.23,724500000,9705920000
2019-04-25,801740.SI,1219.25,1219.25,1172.02,1172.02,837030000,10486040000
2019-04-26,801740.SI,1164.68,1174.62,1157.54,1157.68,644260000,8139870000
2019-04-29,801740.SI,1158.07,1162.65,1114.31,1115.38,767890000,9086000000
2019-04-30,801740.SI,1116.52,1146.23,1116.41,1133.60,603670000,7244510000
2019-05-06,801740.SI,1102.63,1105.33,1040.60,1049.08,983690000,11152480000
2019-05-07,801740.SI,1053.59,1066.60,1041.22,1059.69,697100000,8183090000
2019-05-08,801740.SI,1035.22,1078.86,1030.70,1069.14,777730000,8765950000
2019-05-09,801740.SI,1061.72,1084.50,1061.72,1068.14,723580000,8845530000
2019-05-10,801740.SI,1075.63,1119.02,1063.41,1116.49,1120140000,13610430000
2019-05-13,801740.SI,1104.42,1118.30,1096.27,1101.85,693260000,9250330000
2019-05-14,801740.SI,1086.48,1122.43,1086.48,1104.07,861690000,11438350000
2019-05-15,801740.SI,1108.86,1115.71,1104.24,1114.32,778560000,10573210000
2019-05-16,801740.SI,1112.86,1140.23,1110.38,1130.26,962560000,12566260000
2019-05-17,801740.SI,1126.90,1128.53,1085.96,1090.30,917250000,11898740000
2019-05-20,801740.SI,1091.83,1111.91,1091.83,1111.91,755780000,10213770000
2019-05-21,801740.SI,1109.24,1127.38,1101.23,1123.22,793590000,10306470000
2019-05-22,801740.SI,1122.83,1125.12,1103.21,1113.38,674750000,8879390000
2019-05-23,801740.SI,1112.13,1128.59,1101.79,1104.48,811570000,11006740000
2019-05-24,801740.SI,1091.23,1098.03,1070.84,1071.69,650140000,8164360000
2019-05-27,801740.SI,1073.49,1109.13,1070.92,1108.11,623500000,8292590000
2019-05-28,801740.SI,1108.10,1119.00,1100.78,1109.71,667350000,8704850000
2019-05-29,801740.SI,1104.23,1121.78,1103.44,1116.41,678900000,8843760000
2019-05-30,801740.SI,1109.15,1109.63,1094.29,1105.71,616360000,8607280000
2019-05-31,801740.SI,1106.16,1118.78,1103.00,1115.84,684310000,10172470000
2019-06-03,801740.SI,1127.77,1130.93,1097.21,1100.64,771530000,11145570000
2019-06-04,801740.SI,1096.04,1096.04,1062.52,1069.37,679580000,9147530000
2019-06-05,801740.SI,1078.82,1079.92,1062.83,1063.82,502630000,6686320000
2019-06-06,801740.SI,1063.76,1063.76,1031.96,1035.40,541620000,6797290000
2019-06-10,801740.SI,1037.76,1045.93,1034.97,1039.87,456580000,5931970000
2019-06-11,801740.SI,1040.45,1077.96,1036.34,1077.96,731140000,8971730000
2019-06-12,801740.SI,1075.57,1082.38,1069.91,1073.70,710640000,9076060000
2019-06-13,801740.SI,1072.73,1077.31,1068.45,1073.33,545250000,7177250000
2019-06-14,801740.SI,1077.16,1111.61,1076.16,1077.00,1011300000,11803840000
2019-06-17,801740.SI,1070.46,1071.54,1063.28,1067.41,601170000,6942810000
2019-06-18,801740.SI,1066.14,1067.72,1056.55,1060.00,453440000,5728220000
2019-06-19,801740.SI,1079.96,1084.44,1074.58,1078.39,661500000,8219600000
2019-06-20,801740.SI,1075.05,1099.29,1068.56,1099.17,835340000,10327390000
2019-06-21,801740.SI,1102.15,1122.56,1102.15,1121.30,996310000,12378470000
2019-06-24,801740.SI,1119.95,1121.61,1107.49,1116.06,724470000,9275820000
2019-06-25,801740.SI,1113.27,1120.33,1100.68,1114.95,715910000,9062800000
2019-06-26,801740.SI,1109.58,1134.55,1103.91,1134.55,691100000,8177220000
2019-06-27,801740.SI,1136.26,1150.89,1129.77,1130.32,956000000,11415110000
2019-06-28,801740.SI,1128.52,1128.52,1108.62,1115.15,621830000,7768910000
2019-07-01,801740.SI,1132.80,1138.98,1131.00,1138.76,732900000,9190660000
2019-07-02,801740.SI,1172.21,1172.73,1158.44,1161.45,1162100000,13640880000
2019-07-03,801740.SI,1155.86,1193.26,1143.15,1184.38,1276230000,15118590000
2019-07-04,801740.SI,1180.04,1234.72,1177.47,1201.97,2069220000,25815260000
2019-07-05,801740.SI,1193.36,1200.42,1182.40,1184.69,1145260000,14470770000
2019-07-08,801740.SI,1181.17,1181.17,1134.45,1148.02,1239330000,14940120000
2019-07-09,801740.SI,1144.20,1152.44,1136.43,1147.32,726460000,9079830000
2019-07-10,801740.SI,1149.52,1162.37,1138.58,1145.20,796210000,10096840000
2019-07-11,801740.SI,1150.17,1158.55,1133.39,1140.04,664480000,8298950000
2019-07-12,801740.SI,1139.39,1143.81,1132.90,1138.70,553840000,6807710000
2019-07-15,801740.SI,1138.66,1172.05,1136.12,1172.05,1075270000,13220360000
2019-07-16,801740.SI,1170.84,1180.80,1167.71,1171.72,819070000,10648190000
2019-07-17,801740.SI,1173.76,1181.22,1170.55,1172.80,939920000,12445420000
2019-07-18,801740.SI,1164.18,1164.26,1148.16,1148.16,885920000,11375400000
2019-07-19,801740.SI,1148.72,1158.86,1147.84,1148.85,686500000,8877080000
2019-07-22,801740.SI,1147.66,1147.66,1108.92,1108.92,855310000,10557600000
2019-07-23,801740.SI,1110.05,1127.18,1110.02,1127.18,645430000,7609930000
2019-07-24,801740.SI,1131.91,1150.84,1131.91,1144.91,833540000,10914060000
2019-07-25,801740.SI,1144.70,1153.49,1143.79,1150.39,655200000,8907430000
2019-07-26,801740.SI,1146.68,1162.84,1144.44,1162.84,740350000,10113250000
2019-07-29,801740.SI,1164.90,1174.68,1161.08,1169.53,652460000,9197930000
2019-07-30,801740.SI,1169.83,1173.83,1166.34,1167.27,654150000,9159670000
2019-07-31,801740.SI,1164.90,1171.69,1158.98,1170.89,735280000,9876850000
2019-08-01,801740.SI,1168.62,1170.11,1154.57,1155.05,685210000,9589800000
2019-08-02,801740.SI,1129.21,1139.36,1123.05,1131.83,839290000,10727870000
2019-08-05,801740.SI,1128.33,1148.73,1125.08,1125.08,741090000,10060000000
2019-08-06,801740.SI,1099.42,1108.35,1076.70,1101.45,1063630000,13199490000
2019-08-07,801740.SI,1105.95,1107.63,1084.58,1084.58,753660000,9791340000
2019-08-08,801740.SI,1088.82,1113.07,1088.79,1111.88,935790000,10550110000
2019-08-09,801740.SI,1117.57,1117.57,1086.70,1088.58,887110000,10117900000
2019-08-12,801740.SI,1087.38,1101.90,1083.35,1101.90,553440000,6717960000
2019-08-13,801740.SI,1091.83,1107.13,1087.88,1101.01,675070000,8160460000
2019-08-14,801740.SI,1113.19,1117.85,1105.46,1117.01,823220000,9830190000
2019-08-15,801740.SI,1096.13,1119.44,1093.71,1117.01,915030000,10810890000
2019-08-16,801740.SI,1118.95,1125.89,1113.76,1116.98,849640000,11262880000
2019-08-19,801740.SI,1121.52,1149.19,1121.52,1149.19,1010180000,13227730000
2019-08-20,801740.SI,1147.96,1166.06,1145.73,1155.78,1126240000,14048490000
2019-08-21,801740.SI,1152.38,1160.91,1149.52,1156.76,858050000,11761800000
2019-08-22,801740.SI,1159.70,1180.45,1158.46,1173.64,1153900000,15183230000
2019-08-23,801740.SI,1170.73,1178.71,1160.27,1165.80,935400000,12244890000
2019-08-26,801740.SI,1140.64,1166.24,1140.64,1165.81,919280000,12508370000
2019-08-27,801740.SI,1170.85,1188.21,1167.67,1186.05,1207920000,15769260000
2019-08-28,801740.SI,1184.99,1210.86,1181.07,1189.72,1479540000,19440000000
2019-08-29,801740.SI,1192.76,1202.12,1189.84,1192.88,1286260000,18369540000
2019-08-30,801740.SI,1198.68,1225.46,1194.44,1224.27,1845640000,25009480000
2019-09-02,801740.SI,1230.36,1284.41,1230.36,1275.45,2407020000,33979090000
2019-09-03,801740.SI,1274.09,1289.70,1261.44,1279.40,2087950000,30293150000
2019-09-04,801740.SI,1269.03,1273.01,1254.14,1265.71,1505700000,22151060000
2019-09-05,801740.SI,1271.39,1285.78,1264.10,1272.50,1837340000,26588120000
2019-09-06,801740.SI,1272.74,1283.30,1268.51,1275.90,1435530000,21644960000
2019-09-09,801740.SI,1285.68,1292.90,1272.96,1292.90,1438750000,21260820000
2019-09-10,801740.SI,1293.39,1316.13,1278.96,1279.96,1696050000,26544010000
2019-09-11,801740.SI,1280.77,1280.77,1262.77,1263.41,1295310000,19641530000
2019-09-12,801740.SI,1266.64,1268.48,1258.23,1267.49,966010000,14463740000
2019-09-16,801740.SI,1273.37,1277.00,1262.55,1268.41,1000570000,15005080000
2019-09-17,801740.SI,1266.56,1266.56,1227.73,1230.96,1250310000,18229590000
2019-09-18,801740.SI,1233.44,1234.07,1220.04,1221.44,955810000,13483410000
2019-09-19,801740.SI,1223.70,1243.66,1220.97,1243.66,991680000,14609680000
2019-09-20,801740.SI,1243.56,1243.56,1224.07,1236.57,964720000,14742190000
2019-09-23,801740.SI,1231.48,1235.11,1216.09,1226.41,835540000,12861310000
2019-09-24,801740.SI,1227.20,1235.52,1221.02,1224.08,832270000,12783660000
2019-09-25,801740.SI,1220.71,1223.26,1198.30,1198.30,903830000,13550540000
2019-09-26,801740.SI,1200.55,1202.34,1147.69,1147.69,1082120000,14984010000
2019-09-27,801740.SI,1147.93,1159.87,1147.90,1152.56,583090000,8372340000
2019-09-30,801740.SI,1153.93,1160.37,1139.38,1139.38,494910000,7039820000
2019-10-08,801740.SI,1140.98,1143.38,1126.25,1126.25,507780000,7219630000
2019-10-09,801740.SI,1124.29,1133.99,1118.49,1133.99,434510000,5974180000
2019-10-10,801740.SI,1134.77,1144.54,1133.99,1144.27,453340000,6448930000
2019-10-11,801740.SI,1145.76,1145.95,1130.20,1139.73,483460000,6763980000
2019-10-14,801740.SI,1148.17,1158.93,1146.44,1157.25,689520000,9408540000
2019-10-15,801740.SI,1153.50,1153.52,1131.94,1132.36,536020000,7417920000
2019-10-16,801740.SI,1133.32,1136.73,1122.52,1123.55,439110000,6029040000
2019-10-17,801740.SI,1122.77,1126.45,1113.91,1115.08,372810000,5256390000
2019-10-18,801740.SI,1116.52,1122.71,1097.20,1098.93,594430000,7519240000
2019-10-21,801740.SI,1098.13,1102.62,1081.11,1101.23,507460000,6317670000
2019-10-22,801740.SI,1100.67,1106.33,1096.80,1105.66,394840000,5137040000
2019-10-23,801740.SI,1108.88,1108.93,1094.26,1096.14,391090000,4931550000
2019-10-24,801740.SI,1094.96,1100.95,1088.79,1100.13,500920000,6042400000
2019-10-25,801740.SI,1099.93,1106.67,1090.97,1104.62,500190000,6485920000
2019-10-28,801740.SI,1111.70,1123.54,1111.16,1123.39,671720000,8516440000
2019-10-29,801740.SI,1123.56,1123.56,1105.42,1105.42,523450000,6604730000
2019-10-30,801740.SI,1101.29,1101.29,1088.92,1091.11,451530000,5742100000
2019-10-31,801740.SI,1090.71,1093.81,1083.36,1084.83,455460000,5682100000
2019-11-01,801740.SI,1081.52,1090.84,1078.25,1089.13,407000000,4985530000
2019-11-04,801740.SI,1090.80,1093.40,1084.82,1085.66,448280000,5703980000
2019-11-05,801740.SI,1087.23,1090.92,1078.75,1088.87,444730000,5843260000
2019-11-06,801740.SI,1097.67,1121.54,1097.60,1106.55,817380000,10865620000
2019-11-07,801740.SI,1102.20,1103.47,1095.96,1098.65,534590000,7350970000
2019-11-08,801740.SI,1104.37,1105.71,1092.53,1093.06,501840000,6607780000
2019-11-11,801740.SI,1087.91,1087.91,1063.98,1065.32,557880000,6945020000
2019-11-12,801740.SI,1063.29,1065.86,1050.68,1065.83,461240000,5937690000
2019-11-13,801740.SI,1065.17,1065.17,1055.96,1059.06,347020000,4453230000
2019-11-14,801740.SI,1060.47,1067.77,1059.59,1064.48,422810000,5374440000
2019-11-15,801740.SI,1062.92,1065.67,1052.74,1055.72,450780000,5780060000
2019-11-18,801740.SI,1053.70,1060.56,1050.13,1059.86,350810000,4373950000
2019-11-19,801740.SI,1060.46,1076.46,1060.09,1076.44,487310000,6092420000
2019-11-20,801740.SI,1075.90,1077.22,1065.23,1065.94,431300000,5479410000
2019-11-21,801740.SI,1064.49,1082.29,1062.76,1078.55,514720000,6622080000
2019-11-22,801740.SI,1071.66,1081.61,1066.19,1074.77,701300000,8052880000
2019-11-25,801740.SI,1072.11,1072.13,1059.06,1063.47,504170000,5777750000
2019-11-26,801740.SI,1067.00,1073.60,1064.04,1068.72,505370000,5909460000
2019-11-27,801740.SI,1068.83,1070.14,1063.40,1064.55,382500000,4694950000
2019-11-28,801740.SI,1063.11,1066.15,1060.11,1061.85,295650000,3657370000
2019-11-29,801740.SI,1064.11,1066.89,1058.20,1065.99,350690000,4513180000
2019-12-02,801740.SI,1066.04,1070.44,1064.87,1064.87,376810000,4731700000
2019-12-03,801740.SI,1063.49,1074.65,1060.11,1074.55,439870000,5959940000
2019-12-04,801740.SI,1069.89,1084.19,1069.89,1084.19,479190000,6261560000
2019-12-05,801740.SI,1085.47,1094.48,1085.09,1092.14,506450000,6922840000
2019-12-06,801740.SI,1092.35,1097.11,1088.91,1097.11,481210000,6157230000
2019-12-09,801740.SI,1096.52,1098.04,1092.30,1093.23,433830000,5866120000
2019-12-10,801740.SI,1091.54,1091.73,1082.92,1089.66,506180000,6638950000
2019-12-11,801740.SI,1089.77,1091.69,1085.45,1087.22,506410000,6482440000
2019-12-12,801740.SI,1086.86,1095.72,1085.00,1090.44,587550000,7518410000
2019-12-13,801740.SI,1095.57,1098.69,1091.21,1098.09,687750000,9111490000
2019-12-16,801740.SI,1101.37,1126.73,1100.84,1126.73,902680000,11724840000
2019-12-17,801740.SI,1130.03,1142.22,1129.52,1139.56,989230000,12537760000
2019-12-18,801740.SI,1149.66,1154.10,1141.48,1141.72,1105410000,13298940000
2019-12-19,801740.SI,1145.76,1145.76,1137.23,1140.33,970220000,12693500000
2019-12-20,801740.SI,1140.70,1140.89,1123.87,1123.98,772240000,10210790000
2019-12-23,801740.SI,1121.59,1126.50,1100.12,1100.48,696960000,9462930000
2019-12-24,801740.SI,1100.63,1114.26,1100.61,1114.26,543440000,7854800000
2019-12-25,801740.SI,1113.13,1118.87,1110.55,1117.40,615980000,9486380000
2019-12-26,801740.SI,1116.93,1122.01,1114.59,1122.01,613010000,8972460000
2019-12-27,801740.SI,1122.08,1133.36,1119.26,1119.86,817670000,11430940000
2019-12-30,801740.SI,1118.09,1124.66,1104.32,1124.14,659200000,9448340000
2019-12-31,801740.SI,1123.17,1126.39,1118.24,1126.39,562150000,7781550000
2020-01-02,801740.SI,1133.01,1145.53,1129.96,1144.33,819140000,11091740000
2020-01-03,801740.SI,1145.91,1169.61,1144.96,1166.56,1236390000,16444950000
2020-01-06,801740.SI,1185.03,1196.57,1176.74,1183.36,1534300000,21041010000
2020-01-07,801740.SI,1177.89,1189.79,1177.89,1189.49,1104350000,15189060000
2020-01-08,801740.SI,1200.14,1223.31,1195.71,1218.70,2113240000,26988980000
2020-01-09,801740.SI,1192.93,1196.41,1186.53,1196.06,1398940000,17979630000
2020-01-10,801740.SI,1195.68,1195.73,1177.04,1181.06,916600000,12449520000
2020-01-13,801740.SI,1178.45,1187.44,1170.36,1187.44,840900000,12384680000
2020-01-14,801740.SI,1189.17,1189.30,1179.71,1180.35,778760000,11177510000
2020-01-15,801740.SI,1176.79,1176.79,1163.80,1167.84,730380000,10121810000
2020-01-16,801740.SI,1169.87,1192.41,1169.63,1179.21,938000000,13821600000
2020-01-17,801740.SI,1179.23,1181.01,1172.22,1173.84,708740000,10432470000
2020-01-20,801740.SI,1176.55,1197.76,1176.55,1197.58,938810000,13629450000
2020-01-21,801740.SI,1195.99,1196.68,1184.70,1184.75,925770000,13568170000
2020-01-22,801740.SI,1177.02,1191.03,1163.17,1187.48,926240000,13527930000
2020-01-23,801740.SI,1176.92,1205.96,1154.20,1162.04,1178130000,17274120000
2020-02-03,801740.SI,1049.56,1054.88,1048.99,1053.19,549990000,7898430000
2020-02-04,801740.SI,991.58,1047.36,991.58,1041.34,1370940000,17267940000
2020-02-05,801740.SI,1044.19,1083.10,1043.00,1071.56,1207530000,16756440000
2020-02-06,801740.SI,1077.20,1105.02,1068.10,1101.92,1255840000,16143000000
2020-02-07,801740.SI,1112.20,1121.73,1102.51,1121.65,1519270000,22629800000
2020-02-10,801740.SI,1126.88,1135.74,1114.87,1132.22,1545930000,23220220000
2020-02-11,801740.SI,1129.20,1129.20,1114.66,1116.74,1194830000,17629490000
2020-02-12,801740.SI,1113.47,1136.93,1113.41,1136.85,1128670000,17094530000
2020-02-13,801740.SI,1136.28,1138.59,1120.02,1123.83,1494550000,22232090000
2020-02-14,801740.SI,1124.40,1141.26,1124.40,1134.86,1256660000,20977120000
2020-02-17,801740.SI,1152.39,1206.92,1152.39,1206.92,1982360000,28869210000
2020-02-18,801740.SI,1229.43,1250.01,1227.50,1246.90,2235270000,32742160000
2020-02-19,801740.SI,1238.96,1258.22,1227.77,1231.31,2516840000,38476410000
2020-02-20,801740.SI,1230.51,1246.65,1216.61,1246.28,1889440000,29733090000
2020-02-21,801740.SI,1246.05,1282.12,1245.26,1273.20,2362530000,37402250000
2020-02-24,801740.SI,1268.32,1288.96,1263.29,1282.70,2051570000,33208740000
2020-02-25,801740.SI,1248.51,1285.71,1219.36,1283.99,2407860000,36673830000
2020-02-26,801740.SI,1264.23,1297.86,1256.76,1262.10,2522660000,37570960000
2020-02-27,801740.SI,1265.90,1271.96,1234.33,1254.57,1931100000,27765610000
2020-02-28,801740.SI,1201.96,1219.09,1171.38,1171.96,1888510000,26376410000
2020-03-02,801740.SI,1184.78,1221.11,1177.15,1214.52,1476990000,20728540000
2020-03-03,801740.SI,1232.54,1268.76,1224.03,1237.21,1846010000,27384020000
2020-03-04,801740.SI,1225.98,1255.63,1221.55,1244.65,1400430000,20671220000
2020-03-05,801740.SI,1262.14,1264.55,1246.38,1257.63,1691970000,24682350000
2020-03-06,801740.SI,1237.78,1257.91,1236.40,1247.14,1334680000,19421040000
2020-03-09,801740.SI,1223.38,1226.93,1179.30,1179.30,1528440000,21249630000
2020-03-10,801740.SI,1165.75,1229.53,1165.75,1229.46,1511950000,21645620000
2020-03-11,801740.SI,1236.46,1275.44,1235.47,1235.47,2021620000,32275780000
2020-03-12,801740.SI,1212.32,1230.15,1198.03,1208.34,1418390000,21319750000
2020-03-13,801740.SI,1150.12,1216.02,1150.12,1205.50,1583410000,22209990000
2020-03-16,801740.SI,1214.52,1214.52,1139.30,1142.74,1521630000,21714950000
2020-03-17,801740.SI,1155.74,1163.91,1109.62,1143.92,1207350000,16945240000
2020-03-18,801740.SI,1152.38,1166.76,1112.84,1112.84,1181930000,17075170000
2020-03-19,801740.SI,1114.56,1133.88,1100.90,1127.37,1139950000,15959450000
2020-03-20,801740.SI,1138.31,1141.33,1119.81,1135.64,940470000,13457750000
2020-03-23,801740.SI,1102.64,1108.02,1073.49,1077.20,910930000,12334590000
2020-03-24,801740.SI,1098.65,1100.51,1066.17,1094.27,881200000,11547850000
2020-03-25,801740.SI,1117.45,1117.45,1102.00,1112.31,807780000,10724420000
2020-03-26,801740.SI,1106.79,1111.81,1094.65,1094.81,631540000,8402540000
2020-03-27,801740.SI,1109.00,1111.85,1094.27,1094.27,641500000,9052100000
2020-03-30,801740.SI,1077.79,1097.53,1052.64,1084.09,980030000,12576800000
2020-03-31,801740.SI,1090.03,1093.11,1072.59,1073.04,746730000,9907780000
2020-04-01,801740.SI,1070.41,1085.34,1065.81,1066.83,662260000,8786950000
2020-04-02,801740.SI,1061.45,1098.06,1061.45,1098.06,771020000,10380830000
2020-04-03,801740.SI,1097.03,1097.36,1083.43,1088.25,692970000,9768850000
2020-04-07,801740.SI,1110.16,1136.33,1108.19,1131.55,1113730000,16095700000
2020-04-08,801740.SI,1122.47,1157.78,1122.47,1154.22,1348760000,17487500000
2020-04-09,801740.SI,1160.56,1172.32,1152.40,1155.26,1208470000,15024300000
2020-04-10,801740.SI,1151.70,1158.69,1136.76,1139.44,1367790000,16138460000
2020-04-13,801740.SI,1130.04,1139.69,1119.87,1137.31,1039270000,12190310000
2020-04-14,801740.SI,1141.13,1149.92,1134.16,1149.92,941120000,11514160000
2020-04-15,801740.SI,1148.31,1152.36,1136.03,1136.03,1056810000,12642580000
2020-04-16,801740.SI,1129.09,1153.06,1126.01,1147.58,1026550000,13339000000
2020-04-17,801740.SI,1151.76,1157.45,1140.17,1142.44,1012780000,13232820000
2020-04-20,801740.SI,1145.05,1162.19,1142.33,1162.18,937020000,13122620000
2020-04-21,801740.SI,1161.98,1172.01,1153.56,1163.50,1278360000,16888500000
2020-04-22,801740.SI,1151.88,1170.67,1148.71,1167.39,1028080000,13266070000
2020-04-23,801740.SI,1170.14,1191.38,1162.04,1177.75,1619470000,19225380000
2020-04-24,801740.SI,1173.32,1177.18,1139.03,1155.70,1617490000,18997910000
2020-04-27,801740.SI,1151.51,1151.51,1132.48,1132.48,1111280000,13454430000
2020-04-28,801740.SI,1131.36,1131.55,1082.74,1110.32,1179750000,14411480000
2020-04-29,801740.SI,1104.30,1127.18,1104.30,1122.49,800210000,10727920000
2020-04-30,801740.SI,1128.40,1153.31,1128.10,1152.28,1058640000,14489020000
2020-05-06,801740.SI,1148.13,1175.07,1148.13,1175.07,1155510000,16436850000
2020-05-07,801740.SI,1175.10,1179.59,1170.18,1173.56,1091850000,15218800000
2020-05-08,801740.SI,1179.63,1193.97,1177.74,1188.36,1130340000,16362650000
2020-05-11,801740.SI,1191.91,1201.74,1184.87,1193.28,1137910000,15535910000
2020-05-12,801740.SI,1193.33,1199.78,1181.43,1194.03,1116560000,15045060000
2020-05-13,801740.SI,1192.31,1198.32,1189.07,1193.01,916650000,12683830000
2020-05-14,801740.SI,1187.90,1208.91,1184.41,1197.12,1375000000,17783360000
2020-05-15,801740.SI,1200.42,1206.74,1194.27,1197.44,1227070000,16255420000
2020-05-18,801740.SI,1202.30,1233.80,1202.30,1222.71,1785940000,24790420000
2020-05-19,801740.SI,1225.13,1225.15,1217.83,1225.15,1342130000,20190240000
2020-05-20,801740.SI,1224.70,1225.73,1186.86,1190.41,1481900000,21850370000
2020-05-21,801740.SI,1192.21,1192.21,1165.64,1170.35,1073700000,15577940000
2020-05-22,801740.SI,1169.13,1180.62,1150.30,1154.86,1029920000,15607850000
2020-05-25,801740.SI,1153.57,1155.70,1136.05,1141.01,827920000,12017220000
2020-05-26,801740.SI,1143.88,1156.21,1143.69,1155.72,737290000,10780320000
2020-05-27,801740.SI,1156.53,1161.87,1147.99,1151.11,893090000,14031890000
2020-05-28,801740.SI,1148.10,1154.53,1135.22,1150.27,941840000,13150660000
2020-05-29,801740.SI,1146.30,1160.01,1143.09,1157.28,897420000,13119750000
2020-06-01,801740.SI,1160.84,1182.46,1160.84,1180.69,1095510000,16273060000
2020-06-02,801740.SI,1180.03,1202.35,1177.58,1189.39,1247440000,18063990000
2020-06-03,801740.SI,1189.04,1190.98,1178.59,1178.59,1190020000,16112260000
2020-06-04,801740.SI,1182.69,1183.67,1170.12,1171.97,919900000,12215920000
2020-06-05,801740.SI,1171.75,1172.51,1161.25,1167.65,762720000,10136900000
2020-06-08,801740.SI,1173.09,1178.17,1169.00,1169.78,798520000,11690950000
2020-06-09,801740.SI,1171.34,1171.34,1161.38,1167.06,751990000,10612230000
2020-06-10,801740.SI,1164.58,1167.69,1158.98,1167.25,753240000,11165480000
2020-06-11,801740.SI,1165.72,1181.24,1163.41,1168.91,1001990000,14621610000
2020-06-12,801740.SI,1150.15,1174.21,1149.52,1170.48,1097740000,15498240000
2020-06-15,801740.SI,1169.54,1170.36,1155.66,1155.66,928890000,14026420000
2020-06-16,801740.SI,1159.90,1167.46,1157.36,1167.46,897350000,12660380000
2020-06-17,801740.SI,1179.13,1191.34,1178.74,1186.21,1413350000,18966810000
2020-06-18,801740.SI,1177.85,1177.85,1160.98,1167.12,1056640000,14812680000
2020-06-19,801740.SI,1164.88,1174.93,1164.25,1173.93,858410000,12102960000
2020-06-22,801740.SI,1177.44,1188.77,1177.44,1188.61,1123450000,16506650000
2020-06-23,801740.SI,1193.07,1193.37,1182.25,1185.93,1210330000,18523450000
2020-06-24,801740.SI,1185.25,1185.61,1173.47,1174.59,957180000,14881270000
2020-06-29,801740.SI,1175.15,1186.95,1173.67,1177.58,986840000,14584950000
2020-06-30,801740.SI,1180.64,1191.87,1179.96,1191.47,902380000,13685010000
2020-07-01,801740.SI,1194.69,1195.47,1181.89,1195.47,1020350000,16139870000
2020-07-02,801740.SI,1192.11,1210.51,1187.78,1210.51,1223540000,17953000000
2020-07-03,801740.SI,1211.90,1221.42,1211.03,1219.56,1294080000,18029940000
2020-07-06,801740.SI,1228.12,1292.87,1228.12,1289.62,2253440000,31811160000
2020-07-07,801740.SI,1304.72,1341.16,1288.10,1313.26,2498900000,37561320000
2020-07-08,801740.SI,1309.44,1421.11,1309.44,1421.11,3131930000,46382990000
2020-07-09,801740.SI,1460.16,1489.57,1448.34,1471.66,3404310000,52448170000
2020-07-10,801740.SI,1482.99,1483.88,1441.31,1448.02,2962670000,49993810000
2020-07-13,801740.SI,1443.24,1479.14,1433.09,1479.14,2613390000,45902090000
2020-07-14,801740.SI,1473.46,1542.33,1466.36,1494.72,2940500000,49830370000
2020-07-15,801740.SI,1499.39,1503.53,1426.90,1432.82,2444330000,40654590000
2020-07-16,801740.SI,1429.32,1456.80,1369.72,1377.95,2103370000,34519820000
2020-07-17,801740.SI,1383.00,1446.34,1378.88,1419.33,1947800000,33170330000
2020-07-20,801740.SI,1447.51,1530.91,1447.51,1530.91,2680620000,42565530000
2020-07-21,801740.SI,1545.56,1545.56,1470.79,1487.02,2648540000,46025930000
2020-07-22,801740.SI,1473.24,1541.26,1473.24,1507.41,2550270000,46082660000
2020-07-23,801740.SI,1521.20,1578.72,1511.97,1569.73,3647780000,60826550000
2020-07-24,801740.SI,1581.02,1611.18,1532.45,1532.45,4357250000,74356700000
2020-07-27,801740.SI,1524.22,1542.92,1471.78,1507.30,2721200000,47541910000
2020-07-28,801740.SI,1506.21,1550.70,1496.40,1526.36,2184550000,39016190000
2020-07-29,801740.SI,1514.68,1559.11,1506.14,1558.05,2134050000,38586400000
2020-07-30,801740.SI,1568.12,1597.13,1531.31,1536.92,2371320000,43395970000
2020-07-31,801740.SI,1532.01,1537.57,1505.42,1522.65,1926370000,36733660000
2020-08-03,801740.SI,1539.94,1642.34,1539.94,1641.32,3042570000,55327680000
2020-08-04,801740.SI,1651.92,1651.92,1589.86,1596.76,2714930000,51188890000
2020-08-05,801740.SI,1594.27,1678.97,1594.27,1661.18,2656960000,49162350000
2020-08-06,801740.SI,1664.17,1744.11,1664.17,1730.63,3682650000,67824470000
2020-08-07,801740.SI,1717.70,1794.27,1687.66,1775.35,3764840000,73695860000
2020-08-10,801740.SI,1774.00,1870.50,1744.25,1744.35,3543310000,78889640000
2020-08-11,801740.SI,1720.88,1796.10,1705.52,1738.09,3360350000,64837550000
2020-08-12,801740.SI,1710.41,1712.27,1626.33,1651.81,2699810000,50859120000
2020-08-13,801740.SI,1656.08,1695.30,1645.90,1667.12,1838000000,38504400000
2020-08-14,801740.SI,1659.91,1731.45,1659.91,1720.05,2147970000,43167830000
2020-08-17,801740.SI,1739.87,1774.93,1710.58,1771.03,2588710000,51747720000
2020-08-18,801740.SI,1760.01,1792.53,1754.69,1771.40,2194970000,46034560000
2020-08-19,801740.SI,1764.24,1764.80,1721.09,1723.75,2327740000,45616650000
2020-08-20,801740.SI,1703.22,1719.09,1651.34,1660.02,1903680000,39112050000
2020-08-21,801740.SI,1673.10,1690.94,1637.87,1653.06,1421510000,29628680000
2020-08-24,801740.SI,1661.94,1682.28,1640.82,1660.35,1194110000,23590740000
2020-08-25,801740.SI,1662.41,1662.41,1593.42,1600.24,1815130000,35569060000
2020-08-26,801740.SI,1598.38,1609.55,1546.89,1555.11,1599280000,29529720000
2020-08-27,801740.SI,1558.60,1577.86,1536.24,1576.45,1242990000,22524140000
2020-08-28,801740.SI,1577.91,1620.64,1577.91,1616.12,1615100000,30110920000
2020-08-31,801740.SI,1624.52,1653.18,1612.20,1628.61,1861770000,35422700000
2020-09-01,801740.SI,1638.46,1677.48,1638.46,1670.70,2003390000,37698610000
2020-09-02,801740.SI,1672.81,1672.81,1632.55,1646.86,1944410000,35177090000
2020-09-03,801740.SI,1637.73,1641.64,1601.96,1626.72,1679760000,29266600000
2020-09-04,801740.SI,1597.02,1621.32,1597.02,1618.69,1202800000,22903250000
2020-09-07,801740.SI,1618.98,1630.34,1569.60,1573.93,1724710000,31124210000
2020-09-08,801740.SI,1581.04,1585.91,1549.94,1575.38,1526390000,26618820000
2020-09-09,801740.SI,1556.18,1604.44,1543.80,1571.51,2172010000,38067080000
2020-09-10,801740.SI,1565.36,1568.04,1497.47,1499.67,1679090000,27339800000
2020-09-11,801740.SI,1487.22,1502.38,1475.95,1499.17,1308360000,20056580000
2020-09-14,801740.SI,1504.12,1510.49,1487.72,1501.60,1243670000,19752600000
2020-09-15,801740.SI,1502.27,1532.29,1498.23,1521.10,1299630000,21657770000
2020-09-16,801740.SI,1514.84,1514.84,1485.42,1492.55,1044400000,17125630000
2020-09-17,801740.SI,1491.52,1508.84,1471.62,1500.22,1070560000,18404380000
2020-09-18,801740.SI,1501.47,1539.72,1501.47,1539.21,1266650000,23407100000
2020-09-21,801740.SI,1548.03,1611.34,1548.03,1587.34,1877810000,34843440000
2020-09-22,801740.SI,1561.00,1566.72,1545.31,1551.44,1309380000,24368680000
2020-09-23,801740.SI,1555.72,1555.72,1535.80,1548.06,987910000,18758290000
2020-09-24,801740.SI,1532.77,1535.14,1496.85,1496.86,1032000000,18126960000
2020-09-25,801740.SI,1504.69,1520.68,1493.92,1506.49,892590000,16630650000
2020-09-28,801740.SI,1506.18,1506.73,1479.74,1480.29,825230000,15419420000
2020-09-29,801740.SI,1490.65,1551.29,1490.65,1542.66,1341830000,25833660000
2020-09-30,801740.SI,1545.52,1558.71,1529.12,1550.18,1291110000,24625690000
2020-10-09,801740.SI,1575.51,1584.76,1562.94,1580.59,1317510000,26333520000
2020-10-12,801740.SI,1583.86,1648.60,1581.20,1644.82,1777350000,36613090000
2020-10-13,801740.SI,1638.34,1656.19,1628.69,1651.63,1467410000,29678530000
2020-10-14,801740.SI,1656.58,1682.10,1628.92,1635.74,1514660000,33296880000
2020-10-15,801740.SI,1627.40,1642.40,1624.06,1625.49,1254150000,28386780000
2020-10-16,801740.SI,1621.66,1628.67,1594.68,1601.84,1018810000,23657340000
2020-10-19,801740.SI,1615.71,1627.58,1606.10,1607.47,1339960000,27097620000
2020-10-20,801740.SI,1600.59,1608.74,1578.83,1608.74,1036440000,21676620000
2020-10-21,801740.SI,1607.33,1607.33,1558.64,1563.15,1067670000,22384530000
2020-10-22,801740.SI,1555.66,1555.66,1532.95,1547.13,833290000,17373870000
2020-10-23,801740.SI,1550.02,1562.30,1524.95,1528.14,926520000,19167470000
2020-10-26,801740.SI,1518.93,1538.11,1503.30,1530.64,733100000,15286130000
2020-10-27,801740.SI,1525.09,1555.94,1525.09,1547.40,937550000,19644320000
2020-10-28,801740.SI,1545.13,1545.13,1509.73,1534.10,965180000,20584450000
2020-10-29,801740.SI,1508.20,1519.61,1501.32,1511.57,881080000,18981780000
2020-10-30,801740.SI,1525.70,1555.11,1483.29,1485.04,1260220000,27083960000
2020-11-02,801740.SI,1480.83,1482.74,1454.82,1470.61,1066360000,20774190000
2020-11-03,801740.SI,1476.03,1517.82,1466.65,1517.39,1014000000,20379580000
2020-11-04,801740.SI,1517.92,1532.72,1495.20,1525.72,1062640000,21253300000
2020-11-05,801740.SI,1523.24,1528.99,1503.79,1523.59,953210000,19256470000
2020-11-06,801740.SI,1521.64,1521.64,1490.13,1497.14,856730000,17638150000
2020-11-09,801740.SI,1496.02,1526.89,1485.45,1526.87,1173870000,23892490000
2020-11-10,801740.SI,1529.09,1529.09,1499.74,1505.10,953810000,20254330000
2020-11-11,801740.SI,1502.42,1514.87,1472.39,1473.51,834890000,17183770000
2020-11-12,801740.SI,1474.62,1486.10,1462.01,1464.82,740440000,14117520000
2020-11-13,801740.SI,1466.45,1511.04,1454.92,1502.17,1011330000,19988650000
2020-11-16,801740.SI,1501.78,1510.20,1495.32,1507.90,844010000,16839240000
2020-11-17,801740.SI,1506.91,1506.92,1471.56,1480.06,851800000,16869350000
2020-11-18,801740.SI,1478.91,1500.65,1478.13,1492.38,814230000,15807400000
2020-11-19,801740.SI,1486.29,1562.19,1474.87,1558.19,1642610000,33876010000
2020-11-20,801740.SI,1557.51,1590.29,1554.86,1567.19,1469200000,32651260000
2020-11-23,801740.SI,1566.76,1586.86,1547.51,1574.46,1343560000,29142840000
2020-11-24,801740.SI,1572.66,1602.43,1572.11,1581.07,1268770000,26856900000
2020-11-25,801740.SI,1577.28,1580.56,1540.12,1540.12,1196370000,23418530000
2020-11-26,801740.SI,1542.38,1590.60,1540.60,1580.00,1609850000,31332720000
2020-11-27,801740.SI,1576.38,1637.00,1558.23,1601.66,1827200000,38562030000
2020-11-30,801740.SI,1599.27,1625.36,1593.06,1604.63,1539270000,31723080000
2020-12-01,801740.SI,1605.45,1641.91,1600.11,1633.79,1304150000,28661330000
2020-12-02,801740.SI,1631.62,1645.84,1619.54,1631.63,1254850000,27195110000
2020-12-03,801740.SI,1625.81,1625.81,1595.99,1599.23,1101840000,23664470000
2020-12-04,801740.SI,1595.15,1623.06,1582.93,1619.19,983160000,22096480000
2020-12-07,801740.SI,1618.20,1638.57,1614.53,1619.24,1033500000,22831340000
2020-12-08,801740.SI,1616.40,1628.01,1609.50,1611.31,994390000,20349270000
2020-12-09,801740.SI,1610.62,1623.38,1581.66,1582.00,1346730000,26511180000
2020-12-10,801740.SI,1573.36,1592.76,1562.05,1580.59,1040180000,21252190000
2020-12-11,801740.SI,1578.43,1578.43,1531.66,1547.34,1436310000,26098980000
2020-12-14,801740.SI,1540.99,1582.50,1529.50,1575.49,1139140000,21877060000
2020-12-15,801740.SI,1572.18,1596.31,1564.18,1578.93,1054160000,19700800000
2020-12-16,801740.SI,1574.20,1585.51,1557.93,1565.26,1032880000,19399910000
2020-12-17,801740.SI,1558.56,1564.96,1518.94,1556.40,1096780000,21227000000
2020-12-18,801740.SI,1558.08,1585.17,1553.06,1557.74,990000000,19541240000
2020-12-21,801740.SI,1554.45,1613.81,1554.45,1612.34,1169940000,25216510000
2020-12-22,801740.SI,1605.83,1620.15,1581.32,1581.63,1166220000,24431240000
2020-12-23,801740.SI,1586.30,1656.02,1585.19,1656.02,1403860000,32158890000
2020-12-24,801740.SI,1666.40,1724.04,1666.40,1668.92,2014390000,46005340000
2020-12-25,801740.SI,1661.64,1689.91,1640.22,1684.55,1305040000,30423670000
2020-12-28,801740.SI,1683.84,1683.84,1662.83,1681.49,1296610000,30022590000
2020-12-29,801740.SI,1678.45,1705.01,1658.16,1665.34,1407650000,30012500000
2020-12-30,801740.SI,1654.44,1719.91,1643.55,1700.97,1593810000,34577770000
2020-12-31,801740.SI,1700.38,1781.42,1700.38,1779.43,2135580000,44444070000
2021-01-04,801740.SI,1810.37,1899.38,1810.37,1886.35,2634910000,58192890000
2021-01-05,801740.SI,1874.09,1943.63,1863.69,1900.57,2680090000,59765140000
2021-01-06,801740.SI,1888.67,1970.81,1877.92,1930.72,2829830000,61493890000
2021-01-07,801740.SI,1913.13,1973.91,1903.71,1963.24,2428690000,57422040000
2021-01-08,801740.SI,1954.42,1954.44,1881.51,1902.14,2010400000,50024950000
2021-01-11,801740.SI,1924.08,1952.75,1844.49,1856.60,2076240000,52945110000
2021-01-12,801740.SI,1846.42,1938.49,1846.42,1930.21,2300740000,53060700000
2021-01-13,801740.SI,1943.24,1959.27,1888.84,1904.93,2685720000,56603940000
2021-01-14,801740.SI,1877.87,1877.87,1793.99,1794.39,2306330000,50952020000
2021-01-15,801740.SI,1784.42,1806.84,1735.33,1777.42,1723090000,37969650000
2021-01-18,801740.SI,1783.19,1834.57,1783.19,1814.72,1634940000,35361860000
2021-01-19,801740.SI,1799.60,1822.44,1771.37,1780.57,1501910000,32974370000
2021-01-20,801740.SI,1775.52,1813.40,1762.45,1805.80,1475180000,32179390000
2021-01-21,801740.SI,1795.76,1836.08,1787.71,1820.01,1567030000,36318670000
2021-01-22,801740.SI,1811.47,1825.30,1791.53,1820.52,1546830000,35791090000
2021-01-25,801740.SI,1830.56,1871.11,1801.76,1813.35,1685300000,44283530000
2021-01-26,801740.SI,1783.94,1783.97,1686.44,1688.49,1837420000,42221610000
2021-01-27,801740.SI,1671.61,1696.20,1660.65,1680.80,1181690000,27761150000
2021-01-28,801740.SI,1658.44,1698.57,1646.12,1650.92,1203020000,25198460000
2021-01-29,801740.SI,1659.62,1666.20,1569.54,1597.85,1222410000,27214230000
2021-02-01,801740.SI,1596.88,1607.80,1580.29,1584.18,899390000,18644640000
2021-02-02,801740.SI,1586.61,1609.18,1569.12,1606.64,1015590000,21636540000
2021-02-03,801740.SI,1604.99,1605.53,1553.98,1555.71,1002450000,20860670000
2021-02-04,801740.SI,1546.63,1575.26,1515.14,1533.37,956250000,19780700000
2021-02-05,801740.SI,1549.32,1558.59,1508.29,1509.30,773440000,16659400000
2021-02-08,801740.SI,1511.92,1518.13,1483.27,1505.11,740000000,16023300000
2021-02-09,801740.SI,1512.68,1588.11,1508.23,1584.71,1014510000,23533030000
2021-02-10,801740.SI,1588.43,1588.43,1552.11,1576.23,859450000,21635570000
2021-02-18,801740.SI,1592.90,1600.72,1573.20,1577.82,922320000,21642560000
2021-02-19,801740.SI,1575.62,1599.01,1571.84,1598.38,898240000,18962340000
2021-02-22,801740.SI,1598.53,1610.39,1554.08,1554.08,1275050000,26335200000
2021-02-23,801740.SI,1539.12,1609.87,1531.79,1596.84,1348620000,29445500000
2021-02-24,801740.SI,1607.23,1628.40,1574.21,1600.05,1306140000,27835560000
2021-02-25,801740.SI,1599.78,1647.10,1596.31,1625.02,1171290000,28754420000
2021-02-26,801740.SI,1590.22,1611.51,1568.14,1572.76,942890000,22225440000
2021-03-01,801740.SI,1579.00,1603.49,1566.90,1603.49,833070000,18364790000
2021-03-02,801740.SI,1615.42,1619.94,1579.66,1616.44,980710000,23989220000
2021-03-03,801740.SI,1599.15,1617.32,1590.43,1617.27,966460000,19994810000
2021-03-04,801740.SI,1605.51,1642.20,1594.33,1599.58,1421150000,27161790000
2021-03-05,801740.SI,1576.14,1590.84,1546.40,1571.36,1110920000,23188520000
2021-03-08,801740.SI,1569.99,1574.38,1474.05,1474.05,1303430000,28000740000
2021-03-09,801740.SI,1459.28,1459.82,1384.45,1398.77,1165020000,23169220000
2021-03-10,801740.SI,1412.66,1418.33,1381.91,1386.35,773820000,14673070000
2021-03-11,801740.SI,1387.32,1411.05,1378.28,1410.33,730750000,13544890000
2021-03-12,801740.SI,1412.18,1412.18,1383.67,1398.61,679920000,12520370000
2021-03-15,801740.SI,1394.59,1413.49,1381.47,1393.59,757640000,13185270000
2021-03-16,801740.SI,1396.71,1408.56,1385.44,1390.98,676720000,12205670000
2021-03-17,801740.SI,1391.19,1423.59,1388.87,1414.47,811980000,14000800000
2021-03-18,801740.SI,1413.13,1439.51,1412.29,1423.58,763690000,14359900000
2021-03-19,801740.SI,1408.24,1460.07,1403.92,1439.07,1100760000,21109750000
2021-03-22,801740.SI,1431.16,1455.37,1424.22,1449.99,887260000,16403310000
2021-03-23,801740.SI,1448.36,1452.65,1428.10,1434.20,759100000,13676930000
2021-03-24,801740.SI,1427.86,1439.11,1400.23,1413.13,757470000,14541460000
2021-03-25,801740.SI,1407.66,1425.95,1406.92,1415.66,615000000,11660240000
2021-03-26,801740.SI,1415.46,1435.35,1415.42,1434.77,632250000,12297000000
2021-03-29,801740.SI,1445.69,1477.50,1445.69,1458.89,906360000,17751710000
2021-03-30,801740.SI,1459.14,1509.43,1459.14,1490.17,1358190000,26233930000
2021-03-31,801740.SI,1479.65,1479.65,1432.35,1436.74,1108830000,20331630000
2021-04-01,801740.SI,1436.61,1448.58,1435.90,1445.82,741740000,13114230000
2021-04-02,801740.SI,1445.15,1457.69,1440.53,1450.59,646990000,11992920000
2021-04-06,801740.SI,1456.47,1482.09,1456.47,1472.30,1011380000,16270370000
2021-04-07,801740.SI,1469.40,1471.91,1459.45,1470.38,942070000,15225950000
2021-04-08,801740.SI,1464.85,1478.36,1453.93,1461.13,859610000,14549480000
2021-04-09,801740.SI,1471.79,1485.13,1465.45,1469.34,827150000,15263520000
2021-04-12,801740.SI,1467.88,1474.18,1426.97,1431.85,844730000,18017520000
2021-04-13,801740.SI,1424.69,1431.57,1414.40,1422.48,631220000,11507990000
2021-04-14,801740.SI,1417.17,1438.90,1417.14,1438.90,532500000,10653840000
2021-04-15,801740.SI,1436.96,1442.36,1424.65,1436.56,640020000,10773790000
2021-04-16,801740.SI,1436.28,1449.73,1427.52,1445.38,884420000,13214080000
2021-04-19,801740.SI,1443.96,1466.94,1438.80,1466.91,1023500000,16637610000
2021-04-20,801740.SI,1462.21,1476.09,1454.74,1464.94,1147190000,18585670000
2021-04-21,801740.SI,1457.47,1459.22,1441.98,1449.56,907060000,15307940000
2021-04-22,801740.SI,1453.75,1464.18,1448.14,1451.46,812480000,13652480000
2021-04-23,801740.SI,1448.72,1453.42,1435.03,1441.28,814640000,13571190000
2021-04-26,801740.SI,1445.68,1458.03,1432.88,1433.30,951680000,17920390000
2021-04-27,801740.SI,1432.52,1432.52,1398.96,1414.16,800770000,14337900000
2021-04-28,801740.SI,1413.01,1422.93,1412.15,1422.90,645450000,11925500000
2021-04-29,801740.SI,1422.71,1437.48,1421.42,1424.88,692530000,12689160000
2021-04-30,801740.SI,1411.65,1411.67,1369.22,1378.09,1079060000,21993550000
2021-05-06,801740.SI,1376.26,1410.39,1376.03,1402.67,1005790000,17965060000
2021-05-07,801740.SI,1401.62,1408.37,1385.48,1385.52,835520000,13913690000
2021-05-10,801740.SI,1385.85,1385.85,1364.67,1374.17,905010000,14007200000
2021-05-11,801740.SI,1370.29,1412.65,1370.29,1407.94,998410000,18144120000
2021-05-12,801740.SI,1400.95,1403.95,1392.30,1403.90,713660000,11967540000
2021-05-13,801740.SI,1393.68,1428.35,1393.68,1404.41,1071080000,16083570000
2021-05-14,801740.SI,1405.88,1454.12,1400.83,1453.96,1330690000,23226060000
2021-05-17,801740.SI,1467.91,1475.13,1449.33,1452.78,1144000000,21632990000
2021-05-18,801740.SI,1446.73,1490.72,1440.05,1478.59,1391450000,24869650000
2021-05-19,801740.SI,1471.46,1481.96,1466.03,1471.73,1044620000,18633650000
2021-05-20,801740.SI,1467.61,1489.77,1465.13,1471.34,943560000,17865940000
2021-05-21,801740.SI,1475.53,1475.53,1442.87,1443.99,854750000,15914330000
2021-05-24,801740.SI,1443.47,1465.25,1443.43,1462.96,931370000,15678600000
2021-05-25,801740.SI,1462.01,1509.79,1455.58,1508.51,1343930000,26894720000
2021-05-26,801740.SI,1514.23,1535.61,1505.52,1510.54,1323270000,25425820000
2021-05-27,801740.SI,1509.97,1520.96,1506.39,1516.23,989090000,18287570000
2021-05-28,801740.SI,1511.83,1529.87,1506.61,1519.57,1106170000,20337300000
2021-05-31,801740.SI,1524.15,1561.51,1518.88,1558.14,1333290000,27414850000
2021-06-01,801740.SI,1555.03,1565.41,1543.98,1547.40,1238820000,25106140000
2021-06-02,801740.SI,1543.76,1556.99,1508.58,1511.90,1102140000,21693770000
2021-06-03,801740.SI,1509.77,1518.18,1494.78,1495.02,873630000,17841470000
2021-06-04,801740.SI,1492.34,1515.55,1492.34,1509.03,975380000,19031510000
2021-06-07,801740.SI,1518.48,1544.92,1518.15,1532.94,1044000000,21479350000
2021-06-08,801740.SI,1531.16,1562.82,1525.32,1562.39,1507130000,27847660000
2021-06-09,801740.SI,1574.20,1579.97,1556.89,1568.78,1433240000,28803850000
2021-06-10,801740.SI,1566.09,1578.21,1552.59,1576.14,1443070000,26391920000
2021-06-11,801740.SI,1574.60,1574.60,1519.15,1522.64,1508880000,30987920000
2021-06-15,801740.SI,1514.19,1534.88,1505.68,1522.85,1246270000,24073740000
2021-06-16,801740.SI,1519.86,1541.61,1497.85,1510.62,1207380000,23559660000
2021-06-17,801740.SI,1516.59,1528.04,1502.60,1521.01,1117130000,21212150000
2021-06-18,801740.SI,1520.53,1563.60,1515.97,1553.03,1550880000,29787210000
2021-06-21,801740.SI,1551.99,1614.28,1551.99,1614.28,1943990000,37822090000
2021-06-22,801740.SI,1617.73,1624.42,1592.71,1609.53,1900280000,36728810000
2021-06-23,801740.SI,1601.74,1616.03,1589.12,1604.49,1498520000,30100580000
2021-06-24,801740.SI,1604.86,1625.58,1577.37,1578.06,1408280000,27148010000
2021-06-25,801740.SI,1570.10,1580.80,1555.20,1580.25,1224410000,23349220000
2021-06-28,801740.SI,1585.31,1599.21,1575.03,1587.60,1113080000,22858740000
2021-06-29,801740.SI,1583.07,1596.82,1552.58,1552.58,1146620000,22541290000
2021-06-30,801740.SI,1553.56,1574.72,1546.90,1574.72,978550000,19815840000
2021-07-01,801740.SI,1584.09,1586.03,1507.07,1507.08,1225130000,25228970000
2021-07-02,801740.SI,1505.65,1505.65,1459.23,1463.10,1196770000,23533320000
2021-07-05,801740.SI,1459.61,1481.00,1459.26,1473.96,870240000,15993200000
2021-07-06,801740.SI,1472.89,1482.73,1457.52,1482.26,910970000,17654740000
2021-07-07,801740.SI,1472.17,1521.47,1469.73,1520.28,1004920000,22373610000
2021-07-08,801740.SI,1518.85,1580.75,1518.64,1571.02,1533000000,33340750000
2021-07-09,801740.SI,1568.35,1574.65,1556.61,1562.59,1255600000,28992870000
2021-07-12,801740.SI,1568.16,1589.51,1553.14,1577.33,1194140000,26290240000
2021-07-13,801740.SI,1577.01,1584.02,1558.89,1571.51,1132770000,22474180000
2021-07-14,801740.SI,1564.30,1564.30,1530.47,1536.99,1069960000,22709110000
2021-07-15,801740.SI,1535.51,1555.87,1517.83,1536.64,1041450000,19519290000
2021-07-16,801740.SI,1533.06,1619.73,1524.49,1600.11,1976080000,41711170000
2021-07-19,801740.SI,1609.29,1620.84,1579.84,1589.98,1656890000,36483550000
2021-07-20,801740.SI,1574.35,1622.64,1573.36,1617.17,1456220000,31861980000
2021-07-21,801740.SI,1615.98,1640.92,1612.88,1637.86,1683900000,34929550000
2021-07-22,801740.SI,1632.05,1636.19,1610.73,1633.71,1525670000,31008810000
2021-07-23,801740.SI,1630.24,1691.26,1610.56,1669.24,2174940000,46408930000
2021-07-26,801740.SI,1670.33,1742.25,1668.51,1670.57,2704750000,61024600000
2021-07-27,801740.SI,1664.85,1708.38,1635.01,1645.55,2560450000,56283330000
2021-07-28,801740.SI,1621.05,1621.05,1538.80,1555.26,1887770000,37994320000
2021-07-29,801740.SI,1576.13,1633.85,1576.13,1625.43,1634320000,36325710000
2021-07-30,801740.SI,1625.29,1636.98,1604.53,1627.38,1525820000,33641970000
2021-08-02,801740.SI,1633.06,1713.76,1626.72,1706.97,2109910000,48438860000
2021-08-03,801740.SI,1703.13,1724.11,1666.57,1675.53,1805160000,41291650000
2021-08-04,801740.SI,1672.84,1720.85,1672.84,1719.63,1677610000,38811180000
2021-08-05,801740.SI,1721.17,1817.28,1718.87,1788.94,3158310000,64901650000
2021-08-06,801740.SI,1784.90,1807.98,1760.00,1796.93,2448180000,49231700000
2021-08-09,801740.SI,1796.29,1820.50,1776.72,1788.15,1956670000,42211410000
2021-08-10,801740.SI,1779.28,1881.78,1779.28,1843.29,2902860000,62511400000
2021-08-11,801740.SI,1834.97,1859.20,1822.15,1838.90,2635280000,48714090000
2021-08-12,801740.SI,1831.20,1831.20,1785.05,1790.58,2322260000,45938100000
2021-08-13,801740.SI,1787.62,1826.92,1777.78,1794.84,2515250000,45114860000
2021-08-16,801740.SI,1788.43,1801.64,1753.81,1764.13,2126540000,37132080000
2021-08-17,801740.SI,1764.28,1786.78,1733.93,1742.07,2528150000,44131720000
2021-08-18,801740.SI,1736.43,1800.64,1736.43,1790.59,2262680000,43744930000
2021-08-19,801740.SI,1784.47,1840.30,1765.58,1827.27,2360540000,47683080000
2021-08-20,801740.SI,1814.68,1848.18,1796.36,1822.81,2258780000,45365230000
2021-08-23,801740.SI,1838.81,1912.89,1838.81,1895.04,2744140000,57742450000
2021-08-24,801740.SI,1840.95,1892.87,1809.63,1884.69,2808870000,58359860000
2021-08-25,801740.SI,1876.05,1891.59,1854.49,1876.02,2770170000,47440830000
2021-08-26,801740.SI,1868.25,1914.19,1868.25,1878.42,3040640000,52490490000
2021-08-27,801740.SI,1871.34,1872.18,1824.78,1841.71,2596390000,47577440000
2021-08-30,801740.SI,1851.64,1922.19,1839.14,1881.46,2683570000,58052200000
2021-08-31,801740.SI,1887.51,1908.98,1857.31,1894.23,2757690000,56199850000
2021-09-01,801740.SI,1896.66,1896.66,1812.12,1848.44,2939070000,57204110000
2021-09-02,801740.SI,1844.20,1851.68,1827.28,1851.17,2355480000,42781530000
2021-09-03,801740.SI,1841.74,1848.75,1759.39,1781.72,2436760000,48023590000
2021-09-06,801740.SI,1774.32,1801.03,1756.38,1801.03,1866130000,34569760000
2021-09-07,801740.SI,1798.08,1839.31,1792.33,1829.63,2238220000,36987700000
2021-09-08,801740.SI,1829.05,1837.82,1799.74,1814.01,2171360000,36263130000
2021-09-09,801740.SI,1808.32,1868.63,1794.58,1865.40,2609210000,46981560000
2021-09-10,801740.SI,1863.73,1863.73,1826.66,1836.50,2265820000,42459210000
2021-09-13,801740.SI,1834.91,1843.86,1808.49,1819.89,1876100000,33903840000
2021-09-14,801740.SI,1816.17,1837.74,1788.57,1790.92,1933680000,35276340000
2021-09-15,801740.SI,1786.84,1809.70,1768.76,1804.15,1548570000,30746960000
2021-09-16,801740.SI,1802.02,1824.10,1770.25,1770.36,1755000000,33466670000
2021-09-17,801740.SI,1781.23,1791.89,1713.88,1750.73,1764050000,33766180000
2021-09-22,801740.SI,1722.52,1792.91,1722.52,1783.54,1682070000,30037960000
2021-09-23,801740.SI,1787.24,1841.46,1780.81,1834.89,2194090000,38509380000
2021-09-24,801740.SI,1827.54,1836.79,1806.87,1809.15,1555020000,28510480000
2021-09-27,801740.SI,1802.63,1807.29,1710.58,1736.15,1783770000,32093170000
2021-09-28,801740.SI,1730.25,1767.00,1730.12,1757.72,1192030000,23619800000
2021-09-29,801740.SI,1741.67,1741.71,1678.80,1678.81,1339420000,24397520000
2021-09-30,801740.SI,1689.82,1717.67,1689.15,1699.69,909520000,17153480000
2021-10-08,801740.SI,1714.91,1716.81,1671.09,1678.90,965740000,18741930000
2021-10-11,801740.SI,1682.06,1741.57,1676.26,1715.86,1538680000,28784250000
2021-10-12,801740.SI,1699.58,1699.58,1646.61,1661.52,1510410000,24288980000
2021-10-13,801740.SI,1642.70,1670.74,1613.14,1664.71,1233580000,21976270000
2021-10-14,801740.SI,1659.04,1708.82,1659.04,1698.80,1211120000,23210010000
2021-10-15,801740.SI,1702.95,1719.71,1699.64,1706.85,1215290000,22344250000
2021-10-18,801740.SI,1706.96,1738.67,1706.96,1734.68,1285360000,24660110000
2021-10-19,801740.SI,1730.29,1734.97,1716.30,1733.23,1191030000,21607190000
2021-10-20,801740.SI,1732.67,1763.77,1731.53,1755.46,1194640000,23387750000
2021-10-21,801740.SI,1749.97,1749.97,1722.02,1732.59,1215460000,21235270000
2021-10-22,801740.SI,1729.59,1741.74,1725.23,1726.45,1091430000,19754180000
2021-10-25,801740.SI,1726.37,1757.72,1717.97,1756.27,1148510000,22994010000
2021-10-26,801740.SI,1747.98,1758.30,1739.88,1748.24,1078560000,22457580000
2021-10-27,801740.SI,1773.47,1786.96,1740.46,1749.40,1273040000,26020210000
2021-10-28,801740.SI,1736.47,1754.07,1711.28,1714.73,1289670000,24706850000
2021-10-29,801740.SI,1714.61,1768.74,1711.09,1768.74,1423440000,30817010000
2021-11-01,801740.SI,1774.40,1810.01,1774.40,1799.96,1442440000,32469800000
2021-11-02,801740.SI,1816.92,1863.93,1816.88,1857.74,2666370000,48126800000
2021-11-03,801740.SI,1834.01,1839.22,1801.83,1826.17,1929320000,35210070000
2021-11-04,801740.SI,1823.34,1849.32,1816.63,1847.83,1693510000,30604630000
2021-11-05,801740.SI,1847.06,1855.04,1820.19,1821.48,1649840000,30152260000
2021-11-08,801740.SI,1811.83,1830.26,1811.83,1830.26,1397630000,25306030000
2021-11-09,801740.SI,1824.85,1899.38,1823.31,1889.37,1985140000,39694930000
2021-11-10,801740.SI,1887.59,1915.41,1877.28,1888.59,1798390000,35006960000
2021-11-11,801740.SI,1880.83,1901.15,1868.77,1892.78,1435460000,29035050000
2021-11-12,801740.SI,1889.71,1958.90,1889.71,1953.58,2060410000,43342380000
2021-11-15,801740.SI,1956.77,1986.96,1925.83,1931.89,1994770000,42905810000
2021-11-16,801740.SI,1919.42,1950.32,1858.97,1859.01,1890590000,40765220000
2021-11-17,801740.SI,1859.24,1898.40,1836.47,1895.55,1568140000,32880960000
2021-11-18,801740.SI,1892.28,1962.79,1884.44,1947.85,1723140000,38412560000
2021-11-19,801740.SI,1947.89,1967.66,1933.72,1952.56,1634080000,34154950000
2021-11-22,801740.SI,1953.28,1970.47,1937.37,1967.16,1464020000,31975450000
2021-11-23,801740.SI,1964.38,1981.05,1947.76,1961.63,1629000000,33103550000
2021-11-24,801740.SI,1959.54,1977.27,1929.19,1930.46,1450970000,31149490000
2021-11-25,801740.SI,1924.83,1946.44,1910.89,1915.39,1267350000,27770410000
2021-11-26,801740.SI,1914.91,1935.77,1906.77,1909.00,1215930000,26006210000
2021-11-29,801740.SI,1887.98,1960.33,1887.98,1951.91,1595530000,36144750000
2021-11-30,801740.SI,1960.23,2019.38,1959.58,1998.40,2162830000,47930420000
2021-12-01,801740.SI,1991.57,1996.35,1961.62,1970.66,1576420000,33960860000
2021-12-02,801740.SI,1969.42,1972.41,1942.77,1952.13,1463960000,31309380000
2021-12-03,801740.SI,1955.04,1996.62,1955.04,1995.37,1740720000,35651700000
2021-12-06,801740.SI,1992.01,2011.11,1969.26,1984.11,1734680000,35179250000
2021-12-07,801740.SI,1987.64,1989.99,1903.33,1916.76,1691120000,35703770000
2021-12-08,801740.SI,1922.95,1960.41,1922.95,1959.63,1726040000,33056900000
2021-12-09,801740.SI,1955.08,1967.07,1931.31,1945.00,1704320000,32178170000
2021-12-10,801740.SI,1938.26,1939.09,1919.06,1933.23,1468770000,30348030000
2021-12-13,801740.SI,1931.10,1931.10,1896.13,1922.55,1699640000,35763370000
2021-12-14,801740.SI,1918.17,1961.57,1914.20,1947.27,1789910000,37536130000
2021-12-15,801740.SI,1944.32,1955.80,1933.82,1936.07,1615600000,32341900000
2021-12-16,801740.SI,1940.60,1964.03,1940.56,1955.88,1743270000,33159640000
2021-12-17,801740.SI,1954.20,1954.77,1921.94,1921.96,1825470000,36144480000
2021-12-20,801740.SI,1910.07,1932.93,1875.16,1875.95,1655580000,32991300000
2021-12-21,801740.SI,1876.95,1892.15,1862.23,1886.93,1271650000,25611380000
2021-12-22,801740.SI,1887.02,1901.16,1869.82,1888.86,1249740000,25405700000
2021-12-23,801740.SI,1888.03,1914.89,1880.49,1904.20,1383390000,28189230000
2021-12-24,801740.SI,1901.96,1910.64,1888.13,1892.44,1530900000,28869240000
2021-12-27,801740.SI,1886.43,1899.09,1881.39,1887.48,1213510000,24853380000
2021-12-28,801740.SI,1887.37,1898.43,1872.43,1897.29,1182280000,24495600000
2021-12-29,801740.SI,1899.80,1931.31,1899.80,1927.60,1846300000,36182400000
2021-12-30,801740.SI,1923.76,1976.28,1920.21,1972.94,1936190000,42235530000
2021-12-31,801740.SI,1977.63,1990.26,1972.23,1978.19,1667410000,35070500000
2022-01-04,801740.SI,1979.28,1994.11,1954.14,1963.71,1695580000,36603470000
2022-01-05,801740.SI,1960.13,1960.78,1869.39,1875.06,1902350000,41741230000
2022-01-06,801740.SI,1864.56,1872.34,1839.36,1858.89,1452500000,31774700000
2022-01-07,801740.SI,1860.96,1870.56,1830.24,1830.40,1420710000,28200220000
2022-01-10,801740.SI,1821.75,1835.18,1799.44,1820.75,1190210000,24673770000
2022-01-11,801740.SI,1819.19,1819.98,1767.90,1772.02,1277520000,28416330000
2022-01-12,801740.SI,1774.67,1807.80,1774.67,1807.38,1097470000,24360770000
2022-01-13,801740.SI,1810.34,1810.34,1769.35,1773.44,1244540000,24472580000
2022-01-14,801740.SI,1768.92,1797.50,1768.75,1774.46,1204840000,24231620000
2022-01-17,801740.SI,1773.49,1813.04,1773.44,1809.08,1386080000,27505010000
2022-01-18,801740.SI,1810.81,1823.11,1801.28,1809.66,1465680000,29265130000
2022-01-19,801740.SI,1799.88,1801.37,1754.21,1765.18,1354780000,27734560000
2022-01-20,801740.SI,1767.55,1786.98,1716.60,1720.65,1481170000,30420750000
2022-01-21,801740.SI,1698.93,1698.93,1668.55,1674.89,1461290000,31747100000
2022-01-24,801740.SI,1670.27,1700.65,1668.76,1691.39,1108580000,22815520000
2022-01-25,801740.SI,1698.09,1724.56,1660.49,1660.49,1409370000,26761660000
2022-01-26,801740.SI,1662.14,1677.13,1640.35,1660.00,1058830000,22364050000
2022-01-27,801740.SI,1659.22,1671.80,1616.93,1617.06,1090020000,21149480000
2022-01-28,801740.SI,1630.53,1648.42,1594.39,1623.66,1055400000,21038290000
2022-02-07,801740.SI,1647.72,1647.72,1621.81,1625.87,984870000,18614240000
2022-02-08,801740.SI,1627.41,1627.41,1591.33,1627.31,993940000,19417740000
2022-02-09,801740.SI,1624.75,1662.03,1622.14,1660.65,1061900000,20698420000
2022-02-10,801740.SI,1662.17,1666.93,1644.65,1650.34,855270000,16983320000
2022-02-11,801740.SI,1642.84,1642.84,1610.84,1613.66,883590000,17152950000
2022-02-14,801740.SI,1611.22,1652.90,1611.22,1626.09,1024010000,20003240000
2022-02-15,801740.SI,1627.09,1658.91,1624.79,1658.62,959540000,19479630000
2022-02-16,801740.SI,1651.10,1651.10,1635.47,1642.69,832880000,16924930000
2022-02-17,801740.SI,1639.04,1656.58,1628.35,1650.43,1064290000,21003130000
2022-02-18,801740.SI,1642.00,1645.30,1630.97,1645.30,863040000,15697430000
2022-02-21,801740.SI,1645.81,1660.98,1641.37,1649.37,1055150000,19116600000
2022-02-22,801740.SI,1659.71,1662.93,1620.55,1631.26,1231480000,23357050000
2022-02-23,801740.SI,1624.52,1687.75,1624.52,1685.63,1363440000,29925700000
2022-02-24,801740.SI,1681.04,1744.00,1672.40,1709.41,3043950000,54521610000
2022-02-25,801740.SI,1689.26,1710.61,1687.65,1695.54,1749330000,31634890000
2022-02-28,801740.SI,1707.63,1725.69,1701.59,1711.76,1520630000,29431940000
2022-03-01,801740.SI,1715.10,1741.71,1710.02,1740.18,1637560000,32365740000
2022-03-02,801740.SI,1738.48,1738.48,1716.06,1723.60,1241460000,23442290000
2022-03-03,801740.SI,1725.61,1725.61,1683.54,1686.65,1327850000,24667090000
2022-03-04,801740.SI,1678.22,1694.34,1649.64,1655.77,1438430000,25409930000
2022-03-07,801740.SI,1659.73,1662.13,1620.47,1626.41,1219100000,23219950000
2022-03-08,801740.SI,1623.05,1634.46,1562.04,1562.04,1393420000,26383740000
2022-03-09,801740.SI,1564.73,1568.47,1458.12,1529.94,1646950000,30225780000
2022-03-10,801740.SI,1559.74,1584.12,1559.74,1563.97,1188210000,23776080000
2022-03-11,801740.SI,1546.37,1569.38,1519.02,1569.28,1053250000,19420520000
2022-03-14,801740.SI,1555.57,1602.47,1554.69,1560.65,1174010000,23221730000
2022-03-15,801740.SI,1552.58,1566.38,1494.96,1494.96,1316180000,24729650000
2022-03-16,801740.SI,1515.02,1543.52,1461.58,1541.28,1357090000,26282020000
2022-03-17,801740.SI,1553.29,1579.31,1551.44,1554.80,1291080000,26472180000
2022-03-18,801740.SI,1547.26,1549.91,1516.25,1543.82,1004270000,20855700000
2022-03-21,801740.SI,1545.32,1576.76,1544.51,1561.18,1204200000,21841730000
2022-03-22,801740.SI,1567.32,1573.42,1544.51,1550.36,1205110000,20551520000
2022-03-23,801740.SI,1547.07,1599.93,1540.17,1581.58,1326800000,26057600000
2022-03-24,801740.SI,1569.54,1569.54,1554.41,1559.91,1057180000,19726370000
2022-03-25,801740.SI,1560.81,1585.53,1546.87,1546.87,1028300000,19866810000
2022-03-28,801740.SI,1532.82,1535.40,1506.57,1517.95,917150000,17118580000
2022-03-29,801740.SI,1531.12,1564.17,1524.08,1528.69,1049840000,22716110000
2022-03-30,801740.SI,1534.78,1551.75,1527.89,1550.57,888890000,18137460000
2022-03-31,801740.SI,1545.50,1545.50,1512.06,1517.32,944740000,18425590000
2022-04-01,801740.SI,1509.45,1525.51,1505.94,1511.61,824650000,16490820000
2022-04-06,801740.SI,1508.77,1508.77,1480.74,1489.90,869790000,17461110000
2022-04-07,801740.SI,1487.06,1512.41,1471.55,1471.55,1056530000,18161910000
2022-04-08,801740.SI,1471.76,1471.76,1443.58,1457.81,982940000,17101480000
2022-04-11,801740.SI,1453.64,1453.65,1388.21,1392.57,1063150000,18565810000
2022-04-12,801740.SI,1390.00,1417.30,1373.81,1417.30,1100050000,18914760000
2022-04-13,801740.SI,1407.92,1407.97,1384.46,1384.46,868690000,14203220000
2022-04-14,801740.SI,1391.27,1394.34,1378.62,1389.67,845410000,14296820000
2022-04-15,801740.SI,1383.23,1392.83,1358.38,1386.77,1128890000,18152150000
2022-04-18,801740.SI,1377.66,1417.27,1372.02,1416.89,980330000,17193980000
2022-04-19,801740.SI,1415.22,1424.71,1411.18,1415.94,868150000,14527250000
2022-04-20,801740.SI,1415.49,1418.29,1389.46,1393.51,816070000,13431220000
2022-04-21,801740.SI,1387.14,1405.40,1343.38,1344.95,981320000,15068590000
2022-04-22,801740.SI,1336.54,1342.48,1311.10,1327.57,944130000,14684140000
2022-04-25,801740.SI,1309.06,1309.06,1220.72,1220.72,1274020000,18239010000
2022-04-26,801740.SI,1218.58,1221.31,1161.11,1162.27,1240220000,17949240000
2022-04-27,801740.SI,1146.73,1237.42,1143.92,1236.34,1293450000,18903340000
2022-04-28,801740.SI,1227.23,1261.87,1219.43,1244.43,1045400000,16539270000
2022-04-29,801740.SI,1251.05,1314.62,1246.99,1313.45,1261080000,20997220000
2022-05-05,801740.SI,1311.92,1376.66,1310.11,1355.81,1272920000,24134050000
2022-05-06,801740.SI,1325.93,1360.99,1323.53,1345.19,1011770000,17041070000
2022-05-09,801740.SI,1340.01,1384.73,1340.01,1378.76,990440000,17768920000
2022-05-10,801740.SI,1359.58,1397.68,1359.58,1386.62,1014220000,18724910000
2022-05-11,801740.SI,1396.15,1412.97,1379.70,1380.35,1216390000,21524660000
2022-05-12,801740.SI,1370.28,1394.90,1369.77,1386.60,963410000,15338660000
2022-05-13,801740.SI,1391.00,1394.27,1378.64,1389.73,778010000,12589010000
2022-05-16,801740.SI,1402.95,1420.67,1385.09,1388.69,892290000,14836530000
2022-05-17,801740.SI,1386.12,1401.59,1371.31,1400.67,775500000,13533380000
2022-05-18,801740.SI,1401.10,1422.10,1393.97,1411.27,997520000,16370380000
2022-05-19,801740.SI,1391.67,1419.13,1388.06,1419.13,1003730000,15967160000
2022-05-20,801740.SI,1422.71,1431.82,1402.49,1418.58,1022870000,16858460000
2022-05-23,801740.SI,1415.29,1420.94,1396.62,1420.30,1044210000,17069480000
2022-05-24,801740.SI,1420.79,1452.09,1371.04,1371.04,1633250000,25502470000
2022-05-25,801740.SI,1368.39,1391.88,1367.70,1391.65,1068940000,16670790000
2022-05-26,801740.SI,1389.96,1455.51,1389.96,1437.03,1875870000,31776490000
2022-05-27,801740.SI,1447.73,1455.33,1424.03,1434.98,1366250000,22972760000
2022-05-30,801740.SI,1440.96,1458.48,1428.82,1458.27,1447350000,22938350000
2022-05-31,801740.SI,1452.72,1463.73,1440.85,1461.50,1298110000,21592450000
2022-06-01,801740.SI,1458.63,1486.91,1458.63,1480.93,1468240000,25322700000
2022-06-02,801740.SI,1474.08,1502.31,1474.08,1500.58,1263520000,22455340000
2022-06-06,801740.SI,1499.67,1521.31,1495.32,1517.93,1417410000,26077590000
2022-06-07,801740.SI,1515.56,1526.87,1500.67,1517.13,1271070000,23853180000
2022-06-08,801740.SI,1514.52,1523.01,1478.85,1502.48,1348230000,24740680000
2022-06-09,801740.SI,1499.48,1499.48,1459.89,1467.67,1116320000,21045680000
2022-06-10,801740.SI,1462.20,1511.37,1462.20,1509.85,1365820000,26288590000
2022-06-13,801740.SI,1513.48,1527.00,1498.27,1519.96,1517350000,30143520000
2022-06-14,801740.SI,1502.47,1502.47,1457.54,1493.42,1631710000,28228050000
2022-06-15,801740.SI,1495.91,1519.26,1495.91,1496.19,1867360000,29780530000
2022-06-16,801740.SI,1495.61,1520.52,1492.97,1505.39,1284070000,22758830000
2022-06-17,801740.SI,1496.16,1512.57,1484.23,1511.11,1410580000,24877570000
2022-06-20,801740.SI,1513.67,1532.71,1511.14,1528.03,1431140000,28110730000
2022-06-21,801740.SI,1528.40,1528.40,1487.56,1499.49,1211440000,23252190000
2022-06-22,801740.SI,1501.13,1508.14,1473.98,1474.75,1113680000,21386100000
2022-06-23,801740.SI,1474.08,1549.86,1474.08,1549.86,1667720000,33373030000
2022-06-24,801740.SI,1561.73,1604.92,1561.73,1586.63,1798580000,40042080000
2022-06-27,801740.SI,1595.53,1597.72,1575.16,1587.99,1318030000,29139240000
2022-06-28,801740.SI,1587.73,1625.10,1587.73,1621.25,1614310000,32759230000
2022-06-29,801740.SI,1615.32,1617.19,1573.07,1574.05,1439310000,27835800000
2022-06-30,801740.SI,1574.21,1592.47,1571.54,1581.52,1167800000,24223980000
2022-07-01,801740.SI,1583.64,1603.54,1569.04,1576.23,1196840000,25042970000
2022-07-04,801740.SI,1580.97,1620.54,1558.22,1620.54,1433030000,31594440000
2022-07-05,801740.SI,1618.10,1618.10,1583.84,1610.09,1290960000,25939550000
2022-07-06,801740.SI,1602.46,1617.81,1576.23,1593.28,1318310000,25354430000
2022-07-07,801740.SI,1595.19,1632.67,1595.18,1623.79,1509980000,29927500000
2022-07-08,801740.SI,1622.52,1622.52,1596.86,1599.66,1256160000,24794350000
2022-07-11,801740.SI,1595.78,1595.78,1559.68,1581.55,1162620000,23107500000
2022-07-12,801740.SI,1579.91,1605.35,1558.15,1558.64,1126650000,24365610000
2022-07-13,801740.SI,1559.88,1562.84,1535.88,1550.44,1154990000,21179280000
2022-07-14,801740.SI,1548.76,1597.15,1547.93,1586.54,1584600000,26913090000
2022-07-15,801740.SI,1581.62,1597.80,1564.07,1564.07,1443800000,24204880000
2022-07-18,801740.SI,1564.51,1568.91,1537.57,1568.91,1174350000,22532030000
2022-07-19,801740.SI,1566.97,1591.95,1563.53,1579.96,1398730000,25794140000
2022-07-20,801740.SI,1584.82,1651.78,1584.82,1651.78,2549850000,44940400000
2022-07-21,801740.SI,1648.91,1648.91,1616.96,1620.95,2006110000,36018520000
2022-07-22,801740.SI,1620.75,1633.66,1596.93,1617.07,1506850000,26777360000
2022-07-25,801740.SI,1626.54,1640.87,1589.45,1595.73,1404140000,26374630000
2022-07-26,801740.SI,1594.34,1610.97,1582.54,1605.39,1139850000,21882230000
2022-07-27,801740.SI,1604.61,1634.85,1602.60,1620.61,1453060000,26998990000
2022-07-28,801740.SI,1624.47,1647.63,1617.48,1646.75,1614430000,29968490000
2022-07-29,801740.SI,1642.68,1642.69,1605.90,1612.43,1367930000,26746600000
2022-08-01,801740.SI,1618.18,1629.87,1609.94,1620.43,1425220000,25950710000
2022-08-02,801740.SI,1635.32,1650.19,1591.46,1603.90,3048260000,49573850000
2022-08-03,801740.SI,1592.59,1688.20,1587.69,1667.39,4163940000,71160600000
2022-08-04,801740.SI,1667.32,1667.32,1626.47,1635.29,2668270000,46304520000
2022-08-05,801740.SI,1630.74,1640.93,1611.53,1639.91,2251880000,39786580000
2022-08-08,801740.SI,1635.44,1676.57,1630.68,1676.08,1960830000,37260940000
2022-08-09,801740.SI,1669.63,1706.06,1656.16,1700.47,1999410000,39935200000
2022-08-10,801740.SI,1692.16,1723.09,1691.44,1705.73,1959800000,38361540000
2022-08-11,801740.SI,1705.70,1710.53,1688.96,1709.89,2064410000,36898370000
2022-08-12,801740.SI,1704.64,1704.64,1672.37,1672.37,1817420000,33446770000
2022-08-15,801740.SI,1666.67,1679.05,1666.67,1675.24,1277600000,23601230000
2022-08-16,801740.SI,1672.00,1694.91,1669.76,1679.93,1463630000,25381540000
2022-08-17,801740.SI,1676.74,1681.14,1657.68,1676.51,1531010000,25911570000
2022-08-18,801740.SI,1675.06,1693.21,1675.06,1691.95,1488110000,26428240000
2022-08-19,801740.SI,1692.15,1705.68,1655.85,1657.21,1615280000,30491910000
2022-08-22,801740.SI,1648.18,1672.60,1641.23,1671.31,1391020000,25683540000
2022-08-23,801740.SI,1665.43,1670.05,1650.42,1657.39,1261390000,23699200000
2022-08-24,801740.SI,1655.90,1655.90,1588.61,1590.60,1607200000,28982980000
2022-08-25,801740.SI,1592.43,1608.65,1573.54,1589.92,1236740000,22552610000
2022-08-26,801740.SI,1592.08,1599.41,1562.36,1565.64,1144000000,21097930000
2022-08-29,801740.SI,1548.71,1599.40,1542.17,1597.03,1162560000,23268160000
2022-08-30,801740.SI,1596.71,1602.16,1582.21,1586.48,1155930000,21138000000
2022-08-31,801740.SI,1585.71,1594.88,1536.03,1543.35,1314640000,22687540000
2022-09-01,801740.SI,1543.23,1562.20,1538.90,1542.62,1004650000,18604410000
2022-09-02,801740.SI,1542.28,1584.65,1540.12,1572.60,1527870000,25535530000
2022-09-05,801740.SI,1571.76,1587.43,1559.78,1570.50,1476140000,24224670000
2022-09-06,801740.SI,1574.13,1611.39,1570.40,1610.02,1622530000,28178660000
2022-09-07,801740.SI,1602.50,1622.65,1601.58,1619.43,1251100000,23294800000
2022-09-08,801740.SI,1617.78,1649.25,1616.81,1639.89,1363880000,26540640000
2022-09-09,801740.SI,1639.56,1651.28,1615.73,1628.09,1212930000,22515440000
2022-09-13,801740.SI,1629.71,1644.71,1622.51,1643.71,1250890000,23259220000
2022-09-14,801740.SI,1623.37,1667.84,1623.37,1661.07,1340300000,27042720000
2022-09-15,801740.SI,1664.04,1664.04,1591.74,1610.88,1482640000,27191220000
2022-09-16,801740.SI,1607.57,1647.87,1607.57,1609.27,1286170000,26415830000
2022-09-19,801740.SI,1606.94,1617.80,1571.54,1581.02,1172120000,21753220000
2022-09-20,801740.SI,1590.65,1605.14,1577.11,1582.76,998230000,18481400000
2022-09-21,801740.SI,1579.51,1580.05,1547.65,1572.23,1007260000,18539450000
2022-09-22,801740.SI,1564.89,1620.79,1564.89,1608.48,1410820000,26830740000
2022-09-23,801740.SI,1605.68,1646.83,1585.18,1594.16,1318880000,25143970000
2022-09-26,801740.SI,1579.12,1579.74,1537.15,1540.68,1212920000,21543260000
2022-09-27,801740.SI,1541.59,1563.07,1541.59,1563.07,1000490000,18655550000
2022-09-28,801740.SI,1561.04,1575.26,1504.40,1504.40,1116050000,20340780000
2022-09-29,801740.SI,1517.27,1537.96,1502.25,1510.05,961670000,17587520000
2022-09-30,801740.SI,1509.33,1509.33,1463.84,1465.39,894580000,17073500000
2022-10-10,801740.SI,1469.37,1477.08,1436.13,1440.67,897760000,16365290000
2022-10-11,801740.SI,1439.70,1451.19,1427.35,1444.92,761990000,13983040000
2022-10-12,801740.SI,1444.06,1473.22,1410.12,1473.22,1043970000,19687140000
2022-10-13,801740.SI,1464.29,1500.43,1463.82,1486.17,1047730000,19551480000
2022-10-14,801740.SI,1493.94,1522.35,1483.51,1519.95,1080650000,21247620000
2022-10-17,801740.SI,1516.91,1568.03,1516.91,1561.92,1378510000,25803360000
2022-10-18,801740.SI,1562.35,1570.70,1544.96,1562.01,1416830000,24585310000
2022-10-19,801740.SI,1557.78,1573.47,1545.28,1556.49,1159180000,20035250000
2022-10-20,801740.SI,1548.65,1574.51,1528.58,1558.81,1124680000,20786990000
2022-10-21,801740.SI,1556.34,1572.74,1543.29,1559.74,974300000,17581620000
2022-10-24,801740.SI,1575.77,1635.03,1575.77,1612.67,1809550000,38470000000
2022-10-25,801740.SI,1606.92,1625.86,1592.80,1616.98,1540540000,31568420000
2022-10-26,801740.SI,1615.05,1648.42,1599.42,1641.47,1481880000,30662660000
2022-10-27,801740.SI,1638.38,1646.68,1619.37,1626.93,1213850000,25312250000
2022-10-28,801740.SI,1616.49,1633.39,1589.21,1594.48,1252430000,24606650000
2022-10-31,801740.SI,1583.34,1647.41,1567.77,1635.82,1486960000,32313150000
2022-11-01,801740.SI,1635.55,1641.56,1603.63,1626.93,1345010000,29333160000
2022-11-02,801740.SI,1619.75,1637.03,1609.57,1618.97,1397040000,30670240000
2022-11-03,801740.SI,1606.03,1644.79,1606.03,1637.76,1303610000,27026330000
2022-11-04,801740.SI,1636.71,1642.98,1626.24,1641.72,1550510000,30320760000
2022-11-07,801740.SI,1643.82,1647.27,1604.72,1613.36,1570650000,33743350000
2022-11-08,801740.SI,1612.66,1620.16,1600.78,1615.13,1244890000,23660700000
2022-11-09,801740.SI,1627.39,1632.40,1603.74,1603.74,1241250000,23700250000
2022-11-10,801740.SI,1590.34,1594.53,1567.04,1573.54,1225610000,22188810000
2022-11-11,801740.SI,1599.21,1602.53,1570.18,1589.64,1529670000,27191010000
2022-11-14,801740.SI,1581.96,1593.95,1563.24,1570.98,1265590000,23459660000
2022-11-15,801740.SI,1565.25,1597.90,1561.20,1596.15,1147100000,23040450000
2022-11-16,801740.SI,1596.28,1625.02,1594.47,1601.84,1477140000,27915950000
2022-11-17,801740.SI,1592.84,1605.70,1566.02,1605.70,1180240000,22460830000
2022-11-18,801740.SI,1602.77,1607.75,1578.71,1579.60,1103210000,20062390000
2022-11-21,801740.SI,1570.42,1599.79,1567.89,1597.70,1043590000,19499000000
2022-11-22,801740.SI,1593.54,1614.73,1583.96,1590.36,1398330000,23811710000
2022-11-23,801740.SI,1588.34,1589.22,1563.11,1582.71,1148220000,20064930000
2022-11-24,801740.SI,1580.82,1591.30,1564.38,1567.06,889760000,15941940000
2022-11-25,801740.SI,1564.95,1564.96,1543.70,1544.74,895720000,15928370000
2022-11-28,801740.SI,1526.37,1545.98,1517.75,1544.61,948680000,17289020000
2022-11-29,801740.SI,1547.51,1556.43,1539.58,1548.27,919010000,18660920000
2022-11-30,801740.SI,1552.74,1555.78,1536.18,1549.43,1031890000,20416090000
2022-12-01,801740.SI,1551.45,1568.51,1551.21,1562.61,997060000,20129000000
2022-12-02,801740.SI,1559.49,1574.57,1548.63,1549.73,913510000,17644090000
2022-12-05,801740.SI,1552.53,1557.96,1543.54,1556.27,1308670000,23088140000
2022-12-06,801740.SI,1553.05,1561.97,1540.37,1561.01,1134560000,21258050000
2022-12-07,801740.SI,1555.38,1560.91,1544.52,1550.71,996420000,18199150000
2022-12-08,801740.SI,1547.90,1547.92,1525.72,1528.50,874070000,16216160000
2022-12-09,801740.SI,1528.55,1532.07,1509.59,1524.81,1086890000,21540980000
2022-12-12,801740.SI,1522.23,1543.48,1511.41,1539.49,966170000,19714440000
2022-12-13,801740.SI,1538.67,1539.52,1509.72,1510.71,837240000,15404210000
2022-12-14,801740.SI,1512.83,1526.35,1503.19,1505.59,751930000,13801490000
2022-12-15,801740.SI,1505.07,1515.10,1499.05,1507.09,679650000,12367670000
2022-12-16,801740.SI,1499.66,1504.50,1478.89,1485.57,762970000,13421400000
2022-12-19,801740.SI,1482.12,1488.47,1466.51,1470.39,672220000,11264140000
2022-12-20,801740.SI,1468.86,1487.60,1463.33,1469.89,667320000,11586010000
2022-12-21,801740.SI,1467.66,1471.67,1438.48,1442.99,623240000,11227260000
2022-12-22,801740.SI,1447.34,1447.42,1422.07,1426.92,692750000,12376650000
2022-12-23,801740.SI,1417.87,1424.61,1406.66,1413.25,542800000,9428830000
2022-12-26,801740.SI,1417.98,1459.21,1417.92,1459.03,677740000,13028150000
2022-12-27,801740.SI,1461.28,1471.05,1455.54,1468.53,609370000,11454040000
2022-12-28,801740.SI,1467.42,1474.60,1447.74,1451.92,692930000,12419990000
2022-12-29,801740.SI,1449.05,1486.52,1449.05,1475.21,775350000,14605890000
2022-12-30,801740.SI,1476.57,1485.80,1472.70,1477.62,581930000,10889440000
2023-01-03,801740.SI,1477.39,1520.87,1477.39,1517.50,946920000,17861890000
2023-01-04,801740.SI,1515.84,1521.09,1504.09,1514.08,875070000,14869900000
2023-01-05,801740.SI,1514.31,1519.36,1510.67,1518.53,749590000,13286650000
2023-01-06,801740.SI,1516.20,1518.59,1505.39,1508.10,822810000,14490800000
2023-01-09,801740.SI,1507.72,1507.72,1478.56,1480.92,923620000,18185050000
2023-01-10,801740.SI,1482.96,1482.96,1460.67,1467.13,834950000,17494140000
2023-01-11,801740.SI,1467.26,1477.49,1450.54,1452.54,860090000,17137210000
2023-01-12,801740.SI,1472.29,1478.19,1453.82,1456.40,889740000,17797370000
2023-01-13,801740.SI,1455.58,1464.47,1444.39,1452.07,884280000,15480260000
2023-01-16,801740.SI,1452.99,1480.25,1452.99,1477.27,1189700000,22238570000
2023-01-17,801740.SI,1478.61,1502.07,1472.50,1489.89,998330000,19514790000
2023-01-18,801740.SI,1490.31,1501.04,1487.01,1498.03,878370000,15171060000
2023-01-19,801740.SI,1495.47,1522.54,1495.13,1520.87,1077600000,17692990000
2023-01-20,801740.SI,1522.50,1535.87,1520.94,1527.31,1048950000,17615430000
2023-01-30,801740.SI,1546.10,1583.45,1543.09,1567.59,1858270000,32875870000
2023-01-31,801740.SI,1559.73,1576.07,1559.73,1572.93,1588150000,26146860000
2023-02-01,801740.SI,1572.36,1587.88,1569.27,1587.88,1540970000,25921590000
2023-02-02,801740.SI,1595.20,1597.55,1563.57,1565.36,1562170000,27912790000
2023-02-03,801740.SI,1563.78,1586.57,1556.25,1586.30,1383770000,24733080000
2023-02-06,801740.SI,1585.00,1596.38,1573.42,1578.35,1227570000,21906060000
2023-02-07,801740.SI,1581.14,1583.65,1566.99,1575.08,1208440000,20955940000
2023-02-08,801740.SI,1577.84,1577.84,1554.66,1554.73,950350000,17877430000
2023-02-09,801740.SI,1552.73,1595.55,1552.73,1594.07,1388530000,25181270000
2023-02-10,801740.SI,1594.99,1599.11,1574.52,1579.83,1168670000,22983010000
2023-02-13,801740.SI,1586.15,1609.96,1586.15,1595.94,1469550000,28426800000
2023-02-14,801740.SI,1595.13,1598.74,1583.85,1589.74,1266010000,29407660000
2023-02-15,801740.SI,1587.16,1598.06,1579.72,1593.96,1243040000,27665040000
2023-02-16,801740.SI,1590.92,1592.18,1548.18,1559.31,1456100000,29084230000
2023-02-17,801740.SI,1559.84,1563.35,1536.98,1550.24,1313420000,25268660000
2023-02-20,801740.SI,1548.63,1553.65,1530.17,1553.31,1123530000,21707980000
2023-02-21,801740.SI,1552.07,1583.43,1552.07,1573.14,1448250000,27585300000
2023-02-22,801740.SI,1567.79,1587.03,1567.79,1582.46,1650800000,28134780000
2023-02-23,801740.SI,1582.16,1587.44,1567.99,1571.78,1467320000,28366160000
2023-02-24,801740.SI,1574.33,1610.18,1574.33,1597.86,2014780000,39395600000
2023-02-27,801740.SI,1594.27,1611.78,1585.58,1588.84,1716550000,32903970000
2023-02-28,801740.SI,1586.50,1593.70,1578.37,1593.42,1343800000,24985490000
2023-03-01,801740.SI,1590.34,1601.77,1585.05,1601.77,1487830000,27697880000
2023-03-02,801740.SI,1599.82,1621.85,1599.81,1604.84,2010840000,36386790000
2023-03-03,801740.SI,1603.57,1630.64,1596.98,1629.94,2320110000,43138750000
2023-03-06,801740.SI,1642.94,1663.48,1642.94,1652.07,2638910000,51384950000
2023-03-07,801740.SI,1647.45,1647.45,1607.42,1607.42,2456800000,44425740000
2023-03-08,801740.SI,1602.17,1638.46,1602.17,1638.13,2161440000,39154070000
2023-03-09,801740.SI,1637.96,1642.24,1614.04,1624.57,1840920000,33746000000
2023-03-10,801740.SI,1613.63,1621.63,1597.47,1597.83,1829520000,36939740000
2023-03-13,801740.SI,1589.33,1609.02,1588.72,1609.02,1666850000,31542070000
2023-03-14,801740.SI,1602.86,1615.38,1582.68,1603.06,2120880000,40342570000
2023-03-15,801740.SI,1602.85,1607.08,1586.58,1592.00,1725970000,33600340000
2023-03-16,801740.SI,1581.19,1586.08,1551.32,1553.71,1819360000,34836810000
2023-03-17,801740.SI,1559.94,1575.35,1557.38,1560.85,1675550000,32410490000
2023-03-20,801740.SI,1560.42,1560.42,1539.01,1542.27,1614930000,31104410000
2023-03-21,801740.SI,1562.62,1588.71,1562.62,1578.68,2148540000,39880410000
2023-03-22,801740.SI,1575.07,1577.88,1564.85,1571.56,1746610000,33255630000
2023-03-23,801740.SI,1563.55,1596.56,1559.24,1596.51,1909260000,38721990000
2023-03-24,801740.SI,1594.38,1594.38,1574.23,1583.62,1702870000,37164820000
2023-03-27,801740.SI,1581.00,1583.55,1565.22,1574.09,1547080000,32678010000
2023-03-28,801740.SI,1571.13,1571.22,1543.12,1545.46,1396540000,29490780000
2023-03-29,801740.SI,1543.39,1543.39,1519.86,1524.76,1388550000,29975810000
2023-03-30,801740.SI,1526.18,1535.13,1521.01,1531.80,1271410000,26385670000
2023-03-31,801740.SI,1529.97,1534.79,1523.92,1534.69,1105090000,22846120000
2023-04-03,801740.SI,1533.69,1567.07,1533.69,1566.75,1634290000,33112810000
2023-04-04,801740.SI,1566.49,1567.77,1548.16,1556.72,1677350000,36022670000
2023-04-06,801740.SI,1550.68,1576.06,1547.64,1574.53,1485630000,33605390000
2023-04-07,801740.SI,1572.68,1580.68,1571.58,1577.54,1204500000,26216870000
2023-04-10,801740.SI,1590.43,1592.71,1559.05,1561.61,1527560000,31416190000
2023-04-11,801740.SI,1559.65,1559.99,1540.21,1549.07,1191180000,23985070000
2023-04-12,801740.SI,1547.74,1552.32,1545.34,1549.79,1075860000,21861430000
2023-04-13,801740.SI,1548.45,1551.64,1536.26,1539.19,1249450000,24271450000
2023-04-14,801740.SI,1538.32,1542.73,1527.62,1541.31,1013780000,20753750000
2023-04-17,801740.SI,1536.62,1546.15,1533.13,1546.15,1129030000,22198290000
2023-04-18,801740.SI,1544.30,1547.05,1531.70,1543.00,1166750000,23764710000
2023-04-19,801740.SI,1537.53,1541.34,1526.93,1529.58,1404760000,29143730000
2023-04-20,801740.SI,1529.61,1533.03,1512.38,1519.79,1350410000,27914990000
2023-04-21,801740.SI,1515.03,1555.69,1515.03,1520.55,2650000000,45728220000
2023-04-24,801740.SI,1515.25,1515.25,1485.29,1501.22,2150040000,35669420000
2023-04-25,801740.SI,1496.04,1503.45,1457.03,1469.14,1923540000,32437970000
2023-04-26,801740.SI,1464.58,1499.06,1464.58,1485.67,1763240000,31902480000
2023-04-27,801740.SI,1482.33,1517.84,1474.32,1516.49,2114110000,35885380000
2023-04-28,801740.SI,1512.38,1521.79,1509.91,1521.23,1974130000,33676390000
2023-05-04,801740.SI,1513.55,1534.80,1512.55,1520.00,2028500000,32303440000
2023-05-05,801740.SI,1515.70,1518.24,1494.33,1500.92,1659760000,28616970000
2023-05-08,801740.SI,1503.17,1554.38,1503.16,1553.07,2548920000,41308040000
2023-05-09,801740.SI,1558.44,1568.64,1523.23,1523.67,2659590000,47872080000
2023-05-10,801740.SI,1517.24,1517.25,1501.15,1510.43,1823000000,31739750000
2023-05-11,801740.SI,1511.52,1512.58,1489.41,1493.96,1431600000,23594710000
2023-05-12,801740.SI,1491.54,1494.43,1470.59,1471.00,1272570000,22227700000
2023-05-15,801740.SI,1467.58,1517.49,1464.60,1516.92,1875220000,29136310000
2023-05-16,801740.SI,1513.18,1518.92,1496.14,1499.94,1664510000,28018380000
2023-05-17,801740.SI,1495.23,1542.99,1495.23,1540.68,2417410000,38339200000
2023-05-18,801740.SI,1536.09,1545.39,1532.19,1541.40,1849670000,32577420000
2023-05-19,801740.SI,1536.54,1545.07,1528.93,1541.51,1538850000,28195660000
2023-05-22,801740.SI,1536.36,1539.86,1524.49,1530.26,1160830000,21216040000
2023-05-23,801740.SI,1529.20,1529.20,1504.87,1504.87,1375430000,22351860000
2023-05-24,801740.SI,1499.28,1520.64,1495.21,1499.01,1186410000,20235780000
2023-05-25,801740.SI,1496.21,1513.75,1492.16,1509.31,1256820000,22554200000
2023-05-26,801740.SI,1507.76,1511.22,1490.65,1508.22,1136550000,21354800000
2023-05-29,801740.SI,1527.04,1532.78,1516.53,1518.01,1422760000,27338490000
2023-05-30,801740.SI,1510.27,1515.50,1486.34,1513.05,1308320000,25721170000
2023-05-31,801740.SI,1508.92,1526.14,1506.14,1516.24,1400100000,26520300000
2023-06-01,801740.SI,1511.91,1534.45,1498.83,1527.00,1753230000,32640800000
2023-06-02,801740.SI,1526.00,1529.23,1514.01,1514.01,1441700000,27244420000
2023-06-05,801740.SI,1511.25,1515.96,1498.91,1499.64,1308860000,24484650000
2023-06-06,801740.SI,1496.88,1496.88,1457.07,1459.21,1423480000,25026450000
2023-06-07,801740.SI,1458.11,1458.51,1448.15,1453.57,1022510000,19088380000
2023-06-08,801740.SI,1449.66,1453.41,1436.57,1447.20,1009390000,18837930000
2023-06-09,801740.SI,1445.98,1458.49,1436.15,1458.17,1197620000,22011060000
2023-06-12,801740.SI,1455.42,1461.66,1450.53,1450.66,1166010000,20367480000
2023-06-13,801740.SI,1449.31,1454.86,1438.82,1454.63,1229760000,20149820000
2023-06-14,801740.SI,1452.88,1460.93,1450.50,1455.06,1309920000,23249800000
2023-06-15,801740.SI,1454.09,1468.71,1451.70,1464.51,1190730000,21608730000
2023-06-16,801740.SI,1467.65,1496.45,1467.65,1492.00,1792410000,31140190000
2023-06-19,801740.SI,1489.46,1512.32,1489.46,1507.06,1775600000,31824510000
2023-06-20,801740.SI,1507.48,1557.59,1504.44,1553.04,2450340000,48234210000
2023-06-21,801740.SI,1550.54,1551.31,1533.41,1533.41,1865670000,40027400000
2023-06-26,801740.SI,1525.98,1530.45,1506.39,1509.73,1644000000,33617870000
2023-06-27,801740.SI,1510.61,1538.25,1508.71,1533.77,1974240000,35589750000
2023-06-28,801740.SI,1532.34,1549.16,1509.82,1539.84,1891910000,36217860000
2023-06-29,801740.SI,1533.78,1558.95,1533.36,1551.77,1728290000,33890980000
2023-06-30,801740.SI,1551.61,1583.67,1551.61,1577.50,1696950000,35728430000
2023-07-03,801740.SI,1579.04,1597.83,1579.04,1587.15,1702890000,35017550000
2023-07-04,801740.SI,1584.12,1595.26,1581.16,1590.03,1765660000,34889440000
2023-07-05,801740.SI,1586.77,1586.77,1565.91,1567.35,1475900000,29019750000
2023-07-06,801740.SI,1565.62,1572.06,1557.00,1557.56,1544520000,25558240000
2023-07-07,801740.SI,1555.04,1555.08,1535.81,1539.28,1359500000,23008820000
2023-07-10,801740.SI,1545.33,1556.55,1537.36,1547.05,1279570000,22605360000
2023-07-11,801740.SI,1547.99,1568.68,1547.96,1564.18,1503690000,24727170000
2023-07-12,801740.SI,1563.80,1563.80,1531.55,1531.98,1723780000,26468680000
2023-07-13,801740.SI,1531.90,1544.08,1531.89,1538.98,1532480000,22302220000
2023-07-14,801740.SI,1537.97,1545.86,1537.02,1538.02,1451520000,24552250000
2023-07-17,801740.SI,1532.71,1538.90,1523.61,1535.87,1345400000,21619410000
2023-07-18,801740.SI,1535.78,1549.30,1528.87,1541.35,1288980000,21331840000
2023-07-19,801740.SI,1539.51,1541.41,1520.27,1526.55,1019410000,17396110000
2023-07-20,801740.SI,1526.15,1528.36,1498.16,1498.98,1129490000,18284810000
2023-07-21,801740.SI,1496.46,1503.57,1487.90,1492.71,839320000,14237930000
2023-07-24,801740.SI,1488.90,1514.37,1487.11,1503.69,915490000,15584060000
2023-07-25,801740.SI,1511.96,1517.05,1501.86,1517.05,1000610000,17463400000
2023-07-26,801740.SI,1515.32,1515.76,1500.13,1502.38,883510000,15011380000
2023-07-27,801740.SI,1507.41,1520.02,1498.18,1503.55,1421780000,26410080000
2023-07-28,801740.SI,1496.84,1498.46,1481.34,1497.43,1357220000,26303290000
2023-07-31,801740.SI,1495.87,1509.17,1495.87,1509.05,1477380000,26821130000
2023-08-01,801740.SI,1511.54,1515.25,1505.86,1508.34,1125220000,21789260000
2023-08-02,801740.SI,1504.65,1511.06,1493.92,1496.96,980600000,17960100000
2023-08-03,801740.SI,1492.27,1497.33,1487.73,1492.16,769020000,13614770000
2023-08-04,801740.SI,1492.88,1501.30,1486.11,1492.41,1022640000,18495960000
2023-08-07,801740.SI,1489.98,1494.49,1485.66,1488.81,763490000,13528410000
2023-08-08,801740.SI,1486.89,1486.89,1464.83,1471.55,961650000,16202300000
2023-08-09,801740.SI,1465.74,1469.23,1462.20,1464.92,644720000,11876450000
2023-08-10,801740.SI,1465.41,1476.24,1463.85,1466.60,640310000,10918830000
2023-08-11,801740.SI,1467.12,1469.90,1447.61,1447.61,736210000,12485800000
2023-08-14,801740.SI,1437.71,1456.85,1434.02,1456.85,761230000,13036740000
2023-08-15,801740.SI,1455.33,1458.22,1432.80,1443.14,617660000,10996130000
2023-08-16,801740.SI,1440.34,1444.54,1420.77,1420.77,638550000,11491670000
2023-08-17,801740.SI,1416.23,1471.96,1410.39,1469.27,1219400000,22991070000
2023-08-18,801740.SI,1467.66,1482.32,1454.48,1454.48,987990000,19227050000
2023-08-21,801740.SI,1456.23,1465.32,1432.84,1432.87,838480000,15146660000
2023-08-22,801740.SI,1435.12,1457.74,1430.05,1456.20,1026220000,19246600000
2023-08-23,801740.SI,1450.16,1450.16,1417.58,1417.58,875430000,16243040000
2023-08-24,801740.SI,1420.78,1431.94,1407.40,1418.85,840010000,15119400000
2023-08-25,801740.SI,1413.05,1419.37,1389.84,1395.13,992610000,16971780000
2023-08-28,801740.SI,1464.23,1464.23,1401.75,1404.95,1275660000,21769190000
2023-08-29,801740.SI,1403.48,1455.29,1402.80,1447.94,1274570000,22630400000
2023-08-30,801740.SI,1451.95,1474.87,1451.95,1462.15,1595690000,24939560000
2023-08-31,801740.SI,1459.54,1461.74,1447.46,1450.18,1112490000,17862930000
2023-09-01,801740.SI,1450.06,1451.99,1437.01,1445.46,878490000,14557360000
2023-09-04,801740.SI,1450.77,1462.90,1446.86,1462.90,1147250000,19127300000
2023-09-05,801740.SI,1462.17,1474.14,1457.63,1460.37,1297120000,21665940000
2023-09-06,801740.SI,1456.66,1492.14,1448.98,1491.01,1643210000,28755360000
2023-09-07,801740.SI,1489.03,1492.64,1468.36,1468.36,1553100000,28111640000
2023-09-08,801740.SI,1464.36,1511.61,1464.36,1507.60,1923660000,35311740000
2023-09-11,801740.SI,1507.95,1507.95,1485.47,1492.18,2022450000,37614330000
2023-09-12,801740.SI,1487.98,1490.61,1479.07,1484.66,1407290000,25819790000
2023-09-13,801740.SI,1479.75,1479.75,1453.00,1462.72,1283260000,23135610000
2023-09-14,801740.SI,1463.11,1466.45,1452.92,1457.68,1157140000,20588580000
2023-09-15,801740.SI,1459.55,1462.01,1448.41,1454.71,1093730000,19568520000
2023-09-18,801740.SI,1448.80,1454.96,1441.13,1445.42,1068030000,20841290000
2023-09-19,801740.SI,1443.00,1443.00,1420.25,1423.13,977140000,17822350000
2023-09-20,801740.SI,1419.43,1424.97,1410.32,1410.47,778080000,13974120000
2023-09-21,801740.SI,1409.86,1428.25,1409.86,1413.13,989890000,18184050000
2023-09-22,801740.SI,1410.64,1433.07,1407.53,1432.36,1066970000,19286830000
2023-09-25,801740.SI,1430.93,1431.72,1413.27,1415.53,1078200000,21116180000
2023-09-26,801740.SI,1412.49,1414.11,1400.73,1400.90,952810000,19474540000
2023-09-27,801740.SI,1399.84,1415.17,1399.84,1404.53,1064750000,20144730000
2023-09-28,801740.SI,1408.74,1431.55,1408.67,1429.20,1227640000,23231570000
2023-10-09,801740.SI,1430.14,1446.01,1425.73,1438.12,1509390000,26972570000
2023-10-10,801740.SI,1439.29,1444.44,1433.02,1438.58,1386980000,26690160000
2023-10-11,801740.SI,1437.92,1437.93,1420.89,1426.11,1568500000,32507770000
2023-10-12,801740.SI,1429.57,1430.57,1414.72,1420.81,1332150000,27005120000
2023-10-13,801740.SI,1414.85,1414.94,1397.53,1401.59,1383040000,26207210000
2023-10-16,801740.SI,1399.83,1407.69,1384.73,1389.87,1399450000,25438720000
2023-10-17,801740.SI,1387.00,1399.74,1377.71,1398.74,1303570000,24012630000
2023-10-18,801740.SI,1395.36,1395.49,1375.22,1375.22,1223510000,23578000000
2023-10-19,801740.SI,1369.18,1388.53,1366.80,1366.80,1440890000,29109760000
2023-10-20,801740.SI,1360.34,1366.17,1340.60,1342.41,1349580000,24127010000
2023-10-23,801740.SI,1339.50,1360.56,1330.21,1335.65,1528600000,28559750000
2023-10-24,801740.SI,1340.95,1351.47,1326.43,1344.91,1574080000,30717240000
2023-10-25,801740.SI,1350.32,1375.47,1350.31,1364.82,1596640000,31849230000
2023-10-26,801740.SI,1356.85,1380.06,1342.50,1379.54,2067010000,35807180000
2023-10-27,801740.SI,1374.05,1389.28,1363.84,1383.97,1911140000,33589110000
2023-10-30,801740.SI,1375.85,1400.31,1374.68,1398.70,1978060000,33620690000
2023-10-31,801740.SI,1396.06,1405.76,1387.87,1394.96,1776780000,31106240000
2023-11-01,801740.SI,1393.58,1399.67,1389.23,1392.31,1593490000,27593460000
2023-11-02,801740.SI,1391.22,1395.36,1362.02,1362.02,1526820000,27086520000
2023-11-03,801740.SI,1362.06,1392.44,1361.91,1388.68,1655550000,27743630000
2023-11-06,801740.SI,1392.79,1407.94,1392.01,1407.80,1715090000,30183650000
2023-11-07,801740.SI,1404.78,1411.57,1398.56,1409.06,1550580000,28258200000
2023-11-08,801740.SI,1408.01,1415.03,1399.62,1408.74,1667070000,30630640000
2023-11-09,801740.SI,1405.35,1411.44,1392.72,1397.36,1379210000,26613870000
2023-11-10,801740.SI,1393.07,1406.25,1388.07,1404.20,1212220000,23798540000
2023-11-13,801740.SI,1406.87,1448.28,1402.48,1447.82,2173260000,38437680000
2023-11-14,801740.SI,1446.78,1464.35,1446.06,1459.57,2071880000,36634680000
2023-11-15,801740.SI,1463.88,1464.25,1445.19,1454.39,1799390000,31440770000
2023-11-16,801740.SI,1451.58,1457.02,1439.98,1439.98,1435850000,25834960000
2023-11-17,801740.SI,1436.83,1441.02,1428.87,1440.99,1215520000,21597130000
2023-11-20,801740.SI,1440.96,1467.98,1440.59,1467.66,1626290000,29889250000
2023-11-21,801740.SI,1466.84,1466.84,1443.05,1445.38,1489560000,27093690000
2023-11-22,801740.SI,1441.37,1448.11,1426.30,1426.30,1255170000,22113980000
2023-11-23,801740.SI,1425.28,1437.59,1420.68,1436.85,1062520000,20143730000
2023-11-24,801740.SI,1436.70,1436.73,1405.28,1408.55,1161020000,21196630000
2023-11-27,801740.SI,1406.29,1418.74,1403.73,1414.66,1020810000,18809760000
2023-11-28,801740.SI,1413.40,1421.35,1411.20,1419.49,958410000,17363960000
2023-11-29,801740.SI,1417.27,1425.28,1411.06,1413.32,986670000,17748210000
2023-11-30,801740.SI,1412.51,1417.08,1392.61,1403.04,1291080000,21568470000
2023-12-01,801740.SI,1400.70,1410.37,1394.42,1406.73,1015180000,17549240000
2023-12-04,801740.SI,1408.41,1423.68,1408.41,1415.43,1270340000,21622980000
2023-12-05,801740.SI,1413.12,1413.13,1379.01,1379.01,1179360000,20269130000
2023-12-06,801740.SI,1377.34,1385.60,1374.39,1377.48,1007380000,17005500000
2023-12-07,801740.SI,1375.06,1375.28,1363.24,1370.15,973750000,17187260000
2023-12-08,801740.SI,1368.57,1371.38,1352.62,1353.23,1225440000,23802600000
2023-12-11,801740.SI,1349.02,1378.54,1343.19,1377.89,1232280000,22439340000
2023-12-12,801740.SI,1376.84,1397.01,1375.99,1385.87,1260120000,21193750000
2023-12-13,801740.SI,1384.48,1398.29,1377.94,1377.94,1167710000,21119030000
2023-12-14,801740.SI,1380.70,1389.75,1369.00,1369.72,942620000,15632510000
2023-12-15,801740.SI,1369.63,1371.84,1353.94,1356.65,846980000,14515940000
2023-12-18,801740.SI,1352.48,1352.55,1326.74,1329.15,943480000,16268900000
2023-12-19,801740.SI,1329.69,1337.74,1322.76,1330.91,854460000,15568850000
2023-12-20,801740.SI,1331.58,1332.05,1302.71,1302.94,916620000,16424190000
2023-12-21,801740.SI,1298.25,1314.57,1288.60,1311.84,1001100000,16865060000
2023-12-22,801740.SI,1313.22,1347.57,1313.22,1337.47,1371620000,25946500000
2023-12-25,801740.SI,1337.49,1369.38,1337.49,1355.19,1162120000,23397380000
2023-12-26,801740.SI,1351.62,1351.66,1326.77,1337.15,1083270000,20826630000
2023-12-27,801740.SI,1334.00,1339.42,1326.52,1338.13,946900000,17713500000
2023-12-28,801740.SI,1338.07,1361.91,1333.67,1357.16,1272070000,23084910000
2023-12-29,801740.SI,1356.11,1377.33,1354.63,1377.33,1318300000,23150990000
2024-01-02,801740.SI,1379.04,1403.21,1377.91,1384.50,1576530000,28537800000
2024-01-03,801740.SI,1379.43,1379.50,1358.47,1367.70,1088520000,20637250000
2024-01-04,801740.SI,1365.15,1369.30,1346.53,1353.91,896360000,16714750000
2024-01-05,801740.SI,1351.23,1351.41,1304.01,1311.50,1229420000,21768490000
2024-01-08,801740.SI,1308.86,1308.97,1273.82,1273.82,1041900000,17786960000
2024-01-09,801740.SI,1274.92,1280.54,1258.35,1266.54,964740000,16914860000
2024-01-10,801740.SI,1262.54,1269.71,1242.03,1251.86,848970000,14552060000
2024-01-11,801740.SI,1251.03,1276.02,1251.02,1274.78,992110000,16271480000
2024-01-12,801740.SI,1273.42,1279.77,1265.12,1272.99,1261710000,18936600000
2024-01-15,801740.SI,1265.61,1265.64,1244.70,1245.20,1266290000,19336680000
2024-01-16,801740.SI,1243.76,1246.52,1218.96,1236.88,1241310000,18612110000
2024-01-17,801740.SI,1234.46,1234.57,1199.77,1199.77,1076800000,16625200000
2024-01-18,801740.SI,1191.83,1201.30,1160.57,1200.94,1448840000,22200900000
2024-01-19,801740.SI,1196.71,1202.28,1184.25,1185.71,945510000,14611760000
2024-01-22,801740.SI,1183.24,1183.58,1126.08,1131.29,1325080000,19586130000
2024-01-23,801740.SI,1128.28,1148.53,1121.01,1143.75,1133310000,16758660000
2024-01-24,801740.SI,1148.61,1160.19,1117.90,1160.19,1290360000,19120330000
2024-01-25,801740.SI,1159.15,1209.86,1156.56,1209.86,1650190000,25400670000
2024-01-26,801740.SI,1206.37,1209.51,1191.81,1195.02,1234780000,18175460000
2024-01-29,801740.SI,1197.10,1203.55,1169.73,1169.73,1196000000,17942210000
2024-01-30,801740.SI,1162.43,1175.86,1146.95,1148.12,1129230000,16922820000
2024-01-31,801740.SI,1136.01,1137.17,1094.97,1095.17,1498720000,19846630000
2024-02-01,801740.SI,1086.66,1109.13,1076.20,1089.95,1250620000,16936000000
2024-02-02,801740.SI,1090.63,1099.81,1017.38,1046.78,1626750000,21164150000
2024-02-05,801740.SI,1037.87,1037.87,964.21,999.45,1922240000,23196620000
2024-02-06,801740.SI,987.49,1068.11,982.53,1060.54,1916560000,23424050000
2024-02-07,801740.SI,1064.71,1112.32,1064.63,1104.47,2130270000,28542600000
2024-02-08,801740.SI,1113.83,1153.47,1113.83,1143.70,2093320000,28462280000
2024-02-19,801740.SI,1157.41,1158.09,1134.79,1151.01,1914030000,26396020000
2024-02-20,801740.SI,1144.42,1155.83,1134.32,1153.65,1354930000,19296960000
2024-02-21,801740.SI,1143.88,1184.19,1142.66,1159.76,1648930000,23763820000
2024-02-22,801740.SI,1156.30,1175.78,1156.30,1175.78,1367410000,19922050000
2024-02-23,801740.SI,1178.74,1192.20,1166.57,1191.21,1566140000,23123300000
2024-02-26,801740.SI,1191.28,1216.69,1188.52,1202.02,1754800000,26580310000
2024-02-27,801740.SI,1196.96,1240.12,1196.20,1240.12,1806480000,29477580000
2024-02-28,801740.SI,1241.53,1255.55,1185.52,1185.52,2507540000,38147130000
2024-02-29,801740.SI,1177.28,1236.10,1177.28,1236.10,1909160000,30749370000
2024-03-01,801740.SI,1238.95,1256.30,1233.39,1255.96,1734430000,29488030000
2024-03-04,801740.SI,1255.17,1260.04,1240.36,1256.34,1671390000,27435930000
2024-03-05,801740.SI,1248.83,1275.06,1247.58,1265.15,1848930000,32783800000
2024-03-06,801740.SI,1259.58,1271.19,1248.01,1264.34,1506210000,26429700000
2024-03-07,801740.SI,1264.41,1269.94,1232.74,1232.74,1487750000,25002940000
2024-03-08,801740.SI,1235.64,1259.74,1230.30,1257.15,1560060000,25095720000
2024-03-11,801740.SI,1254.30,1274.21,1252.94,1274.21,1542410000,25834820000
2024-03-12,801740.SI,1277.45,1294.66,1275.90,1287.59,2253670000,37264230000
2024-03-13,801740.SI,1290.33,1304.89,1275.55,1292.50,2316930000,41317440000
2024-03-14,801740.SI,1284.80,1287.79,1258.14,1271.44,1755810000,31631460000
2024-03-15,801740.SI,1267.93,1281.87,1262.89,1281.71,1511220000,27163030000
2024-03-18,801740.SI,1286.63,1314.16,1286.63,1314.14,2073710000,37266790000
2024-03-19,801740.SI,1311.99,1323.74,1306.64,1311.20,2146990000,38540080000
2024-03-20,801740.SI,1309.41,1320.56,1306.83,1315.65,1800460000,31256830000
2024-03-21,801740.SI,1316.06,1322.45,1298.83,1319.21,2150440000,37307660000
2024-03-22,801740.SI,1314.37,1314.67,1291.31,1298.56,2022790000,34636790000
2024-03-25,801740.SI,1293.91,1297.55,1265.43,1265.43,1877330000,31630650000
2024-03-26,801740.SI,1262.14,1271.95,1245.01,1258.80,1649550000,28917340000
2024-03-27,801740.SI,1255.45,1255.51,1211.49,1211.85,1695110000,28699040000
2024-03-28,801740.SI,1215.39,1276.24,1215.36,1265.50,2252560000,38835690000
2024-03-29,801740.SI,1264.43,1290.70,1264.43,1290.63,2146890000,35531930000
2024-04-01,801740.SI,1297.94,1305.74,1289.32,1303.59,2267000000,37852400000
2024-04-02,801740.SI,1299.12,1299.12,1277.23,1283.94,1961260000,34158520000
2024-04-03,801740.SI,1275.64,1277.91,1256.79,1265.23,1670620000,28592150000
2024-04-08,801740.SI,1257.68,1258.64,1236.63,1236.72,1694700000,26752940000
2024-04-09,801740.SI,1236.96,1248.43,1231.73,1240.91,1411790000,23059710000
2024-04-10,801740.SI,1236.47,1236.53,1203.05,1218.30,1589310000,24679350000
2024-04-11,801740.SI,1209.10,1224.86,1207.39,1208.83,1276820000,20217260000
2024-04-12,801740.SI,1207.02,1218.50,1198.85,1201.32,1276110000,20299730000
2024-04-15,801740.SI,1202.03,1231.42,1188.86,1218.60,2013540000,31676880000
2024-04-16,801740.SI,1211.02,1211.03,1160.97,1161.22,2038360000,30395770000
2024-04-17,801740.SI,1168.18,1208.67,1168.12,1208.67,1705470000,26407340000
2024-04-18,801740.SI,1205.07,1231.83,1198.71,1215.91,1935320000,30994400000
2024-04-19,801740.SI,1207.33,1237.07,1207.33,1234.18,2162520000,34594710000
2024-04-22,801740.SI,1240.80,1265.85,1229.33,1254.73,2815260000,44798390000
2024-04-23,801740.SI,1248.80,1258.49,1235.56,1239.49,2561450000,38962130000
2024-04-24,801740.SI,1236.66,1270.22,1236.64,1270.22,2493740000,38340040000
2024-04-25,801740.SI,1265.26,1265.35,1246.48,1249.87,2170140000,33370190000
2024-04-26,801740.SI,1246.15,1276.29,1246.15,1269.66,2732910000,42115980000
2024-04-29,801740.SI,1265.71,1288.66,1262.55,1286.11,2850630000,44996620000
2024-04-30,801740.SI,1285.45,1289.31,1260.31,1264.86,2433170000,37113540000
2024-05-06,801740.SI,1276.08,1286.14,1273.71,1278.25,2068290000,32383080000
2024-05-07,801740.SI,1276.33,1320.53,1274.00,1316.75,3022800000,48244860000
2024-05-08,801740.SI,1312.53,1312.53,1297.56,1299.87,2426390000,39341350000
2024-05-09,801740.SI,1295.64,1340.45,1294.79,1340.35,2829580000,47407080000
2024-05-10,801740.SI,1340.17,1346.77,1319.14,1323.94,2468550000,40930210000
2024-05-13,801740.SI,1311.02,1318.29,1292.28,1305.15,2187660000,33844280000
2024-05-14,801740.SI,1303.64,1312.13,1294.28,1298.23,1602950000,25550020000
2024-05-15,801740.SI,1294.08,1303.97,1282.32,1283.24,1619140000,26048180000
2024-05-16,801740.SI,1283.10,1295.17,1276.77,1280.47,1646540000,26141750000
2024-05-17,801740.SI,1281.70,1306.92,1276.50,1306.92,2150840000,34017040000
2024-05-20,801740.SI,1304.52,1332.40,1304.51,1323.74,2361010000,38711940000
2024-05-21,801740.SI,1316.49,1316.55,1297.26,1299.77,1799670000,27650330000
2024-05-22,801740.SI,1298.41,1304.38,1287.94,1296.98,1530400000,23574230000
2024-05-23,801740.SI,1299.40,1307.56,1286.85,1287.43,2633330000,35949080000
2024-05-24,801740.SI,1279.18,1279.25,1257.41,1257.48,2227520000,30936830000
2024-05-27,801740.SI,1256.35,1262.59,1235.03,1262.28,1784860000,25862490000
2024-05-28,801740.SI,1256.98,1272.18,1248.96,1255.26,1584970000,23875380000
2024-05-29,801740.SI,1259.00,1266.71,1242.82,1249.19,1497730000,21434330000
2024-05-30,801740.SI,1240.29,1278.44,1234.25,1270.14,1957890000,29466920000
2024-05-31,801740.SI,1268.45,1294.16,1268.45,1288.06,2124590000,32281060000
2024-06-03,801740.SI,1287.49,1296.92,1269.22,1278.49,1996020000,30383150000
2024-06-04,801740.SI,1273.11,1286.87,1263.79,1285.04,1702840000,27161710000
2024-06-05,801740.SI,1280.67,1317.32,1280.67,1293.79,2146490000,35525630000
2024-06-06,801740.SI,1291.07,1291.08,1256.95,1259.46,2246950000,33265360000
2024-06-07,801740.SI,1265.69,1279.13,1253.97,1266.09,1703640000,26518790000
2024-06-11,801740.SI,1260.18,1282.67,1254.75,1282.67,1712510000,27996160000
2024-06-12,801740.SI,1277.11,1299.15,1277.11,1287.43,1623550000,24938990000
2024-06-13,801740.SI,1285.13,1299.19,1280.21,1291.69,1510350000,25462970000
2024-06-14,801740.SI,1286.27,1286.27,1266.44,1275.18,1616870000,25840030000
2024-06-17,801740.SI,1269.93,1285.45,1269.93,1277.96,1441090000,23801600000
2024-06-18,801740.SI,1276.34,1289.84,1276.34,1289.84,1628230000,24860450000
2024-06-19,801740.SI,1288.81,1288.81,1272.25,1272.25,1545090000,23939440000
2024-06-20,801740.SI,1268.75,1268.78,1244.07,1244.07,1562320000,24160020000
2024-06-21,801740.SI,1241.88,1251.36,1234.60,1244.76,1085350000,16881130000
2024-06-24,801740.SI,1240.32,1246.46,1209.67,1209.67,1369590000,20507760000
2024-06-25,801740.SI,1209.50,1216.83,1183.08,1193.41,1259960000,19702430000
2024-06-26,801740.SI,1192.35,1220.89,1182.74,1219.72,1185410000,17845530000
2024-06-27,801740.SI,1213.90,1213.93,1200.76,1200.76,1113910000,17599960000
2024-06-28,801740.SI,1197.78,1247.89,1197.78,1239.21,1719850000,28052060000
2024-07-01,801740.SI,1236.20,1240.43,1219.08,1237.02,1234020000,19670500000
2024-07-02,801740.SI,1236.37,1239.80,1223.46,1227.10,1125980000,17644640000
2024-07-03,801740.SI,1224.24,1224.29,1204.50,1206.38,1026590000,16313390000
2024-07-04,801740.SI,1206.27,1214.38,1187.19,1187.52,1037990000,15809800000
2024-07-05,801740.SI,1185.63,1194.11,1170.73,1192.69,984920000,15790740000
2024-07-08,801740.SI,1189.64,1189.64,1163.96,1167.05,1032450000,15479740000
2024-07-09,801740.SI,1164.74,1189.31,1154.29,1185.27,1420680000,21430760000
2024-07-10,801740.SI,1181.33,1191.16,1179.36,1182.47,1203400000,17250610000
2024-07-11,801740.SI,1198.30,1213.67,1192.69,1213.23,1449400000,20132140000
2024-07-12,801740.SI,1213.02,1216.59,1204.82,1206.60,1149990000,17005760000
2024-07-15,801740.SI,1206.61,1215.53,1194.43,1199.72,1248730000,18619130000
2024-07-16,801740.SI,1195.83,1209.29,1192.60,1208.92,1203090000,18637000000
2024-07-17,801740.SI,1206.39,1207.92,1195.69,1195.69,1132180000,17450270000
2024-07-18,801740.SI,1188.11,1221.89,1181.87,1219.70,1409760000,22690380000
2024-07-19,801740.SI,1215.15,1242.69,1215.03,1239.21,1324130000,22400120000
2024-07-22,801740.SI,1239.28,1256.06,1239.28,1248.62,1314570000,21416100000
2024-07-23,801740.SI,1246.82,1246.85,1212.41,1212.41,1177610000,18696850000
2024-07-24,801740.SI,1208.56,1239.70,1208.56,1221.16,1413960000,22497150000
2024-07-25,801740.SI,1214.09,1221.77,1200.80,1212.74,1286660000,20115980000
2024-07-26,801740.SI,1213.09,1259.84,1213.08,1256.91,1909970000,30316310000
2024-07-29,801740.SI,1261.97,1277.83,1257.96,1269.49,2252960000,32176160000
2024-07-30,801740.SI,1265.59,1282.77,1253.64,1275.22,2073100000,29633310000
2024-07-31,801740.SI,1271.48,1297.32,1263.57,1294.46,2547180000,38198040000
2024-08-01,801740.SI,1291.91,1322.03,1291.90,1301.48,2557100000,38275330000
2024-08-02,801740.SI,1290.98,1318.78,1285.24,1287.09,2475900000,36489810000
2024-08-05,801740.SI,1278.18,1298.90,1244.69,1244.70,2337700000,35341300000
2024-08-06,801740.SI,1256.46,1285.85,1250.33,1276.99,2333390000,31712370000
2024-08-07,801740.SI,1275.71,1299.25,1274.94,1289.10,2544610000,35966460000
2024-08-08,801740.SI,1282.03,1282.14,1240.60,1244.38,2417510000,33533460000
2024-08-09,801740.SI,1246.36,1253.97,1229.28,1229.28,1411620000,19746080000
2024-08-12,801740.SI,1224.67,1224.81,1207.62,1214.46,1258700000,16635500000
2024-08-13,801740.SI,1216.62,1231.91,1216.62,1231.45,1269130000,17557800000
2024-08-14,801740.SI,1229.38,1229.57,1218.18,1218.18,1058970000,14625760000
2024-08-15,801740.SI,1214.85,1233.46,1212.55,1222.68,1230230000,17021900000
2024-08-16,801740.SI,1226.15,1226.23,1202.53,1204.41,1278210000,17952830000
2024-08-19,801740.SI,1197.28,1211.18,1196.65,1199.53,1152930000,15770410000
2024-08-20,801740.SI,1199.26,1199.58,1173.61,1178.78,1082180000,15190350000
2024-08-21,801740.SI,1174.08,1182.14,1171.52,1172.73,821100000,11931000000
2024-08-22,801740.SI,1172.68,1181.65,1162.18,1166.98,1003760000,14351860000
2024-08-23,801740.SI,1165.33,1169.17,1156.05,1165.05,1038470000,13835500000
2024-08-26,801740.SI,1161.94,1162.27,1150.49,1157.34,992970000,14188370000
2024-08-27,801740.SI,1152.95,1152.98,1133.53,1135.43,976880000,13119350000
2024-08-28,801740.SI,1132.22,1152.40,1132.22,1146.27,928130000,14271630000
2024-08-29,801740.SI,1142.74,1171.02,1140.64,1163.58,1091030000,16988140000
2024-08-30,801740.SI,1163.09,1192.38,1163.09,1179.19,1480310000,22112880000
2024-09-02,801740.SI,1175.62,1175.62,1141.01,1141.01,1415580000,20191710000
2024-09-03,801740.SI,1144.04,1158.79,1144.04,1155.57,1072680000,14187110000
2024-09-04,801740.SI,1149.28,1158.52,1145.64,1151.74,969560000,12799620000
2024-09-05,801740.SI,1152.35,1166.18,1152.18,1159.86,927390000,12701980000
2024-09-06,801740.SI,1160.39,1161.43,1142.03,1142.07,1085860000,13497410000
2024-09-09,801740.SI,1137.66,1147.68,1133.40,1138.79,921290000,12159550000
2024-09-10,801740.SI,1140.13,1147.50,1124.65,1144.62,968410000,12917290000
2024-09-11,801740.SI,1140.15,1143.86,1135.26,1140.10,703940000,9469320000
2024-09-12,801740.SI,1141.60,1151.13,1133.81,1133.81,794890000,9954820000
2024-09-13,801740.SI,1134.68,1136.64,1122.23,1122.40,787600000,10135570000
2024-09-18,801740.SI,1123.54,1127.64,1107.01,1121.20,861460000,11818070000
2024-09-19,801740.SI,1131.62,1132.70,1105.56,1127.00,1585650000,20194000000
2024-09-20,801740.SI,1124.23,1125.01,1104.47,1113.62,1439480000,17477720000
2024-09-23,801740.SI,1109.06,1126.99,1109.06,1117.74,1379860000,16597220000
2024-09-24,801740.SI,1122.28,1152.46,1111.91,1152.46,1904090000,24560600000
2024-09-25,801740.SI,1159.13,1186.34,1156.78,1173.62,2334120000,30747450000
2024-09-26,801740.SI,1169.89,1211.48,1165.70,1211.48,2021860000,28133290000
2024-09-27,801740.SI,1223.83,1273.50,1223.81,1272.17,2563160000,36465480000
2024-09-30,801740.SI,1323.34,1416.46,1309.76,1410.92,4688750000,74540620000
2024-10-08,801740.SI,1590.56,1590.56,1463.66,1557.78,5944660000,106898860000
2024-10-09,801740.SI,1519.17,1539.03,1444.80,1447.62,4961150000,95608920000
2024-10-10,801740.SI,1453.62,1511.08,1420.88,1455.56,4108120000,74949820000
2024-10-11,801740.SI,1445.20,1445.22,1360.24,1375.97,3155940000,54775280000
2024-10-14,801740.SI,1395.59,1442.10,1389.66,1440.63,3507720000,64692470000
2024-10-15,801740.SI,1427.36,1479.16,1419.70,1441.72,3967740000,76308520000
2024-10-16,801740.SI,1420.84,1447.18,1408.43,1420.40,3105840000,58503010000
2024-10-17,801740.SI,1426.60,1452.90,1426.59,1428.91,3085290000,60092020000
2024-10-18,801740.SI,1425.24,1515.92,1418.26,1484.54,3965190000,80563710000
2024-10-21,801740.SI,1506.46,1580.55,1506.46,1554.54,5094530000,102839110000
2024-10-22,801740.SI,1558.64,1558.65,1514.95,1531.22,4429720000,88444760000
2024-10-23,801740.SI,1522.40,1609.47,1522.40,1571.38,5274630000,101409950000
2024-10-24,801740.SI,1561.45,1561.48,1520.31,1531.12,3470520000,66828450000
2024-10-25,801740.SI,1534.56,1555.15,1534.56,1544.58,3231840000,65237260000
2024-10-28,801740.SI,1550.48,1587.97,1549.86,1572.30,3722330000,72301420000
2024-10-29,801740.SI,1565.14,1578.24,1545.37,1546.72,3853040000,73905100000
2024-10-30,801740.SI,1534.97,1563.20,1534.97,1549.02,3210990000,62973560000
2024-10-31,801740.SI,1543.03,1564.34,1528.93,1554.99,3881660000,76222770000
2024-11-01,801740.SI,1545.83,1558.63,1492.35,1492.35,3561120000,68225230000
2024-11-04,801740.SI,1490.02,1536.44,1490.02,1531.58,2658270000,51040530000
2024-11-05,801740.SI,1545.54,1629.21,1545.53,1628.54,4614130000,95501850000
2024-11-06,801740.SI,1662.41,1670.78,1631.09,1644.83,5026920000,108410410000
2024-11-07,801740.SI,1622.15,1631.59,1586.47,1627.10,4475260000,93278030000
2024-11-08,801740.SI,1635.57,1694.34,1635.57,1674.92,4925270000,108542160000
2024-11-11,801740.SI,1695.43,1712.93,1672.14,1712.48,4844270000,105664080000
2024-11-12,801740.SI,1713.07,1713.07,1635.59,1651.90,4377470000,96160630000
2024-11-13,801740.SI,1642.85,1659.40,1620.97,1652.16,3348490000,71041620000
2024-11-14,801740.SI,1647.39,1647.39,1586.35,1589.16,2716280000,57008420000
2024-11-15,801740.SI,1581.32,1588.03,1527.73,1527.73,2809910000,59252820000
2024-11-18,801740.SI,1528.60,1533.16,1485.60,1495.40,2641500000,53099130000
2024-11-19,801740.SI,1500.09,1519.64,1475.26,1519.64,2358700000,45640230000
2024-11-20,801740.SI,1516.05,1548.07,1508.76,1543.86,2441110000,49267130000
2024-11-21,801740.SI,1539.65,1549.99,1526.70,1539.52,2058500000,42881230000
2024-11-22,801740.SI,1536.20,1540.07,1485.28,1485.28,2650080000,51657530000
2024-11-25,801740.SI,1479.83,1483.69,1444.07,1466.74,2102330000,41134330000
2024-11-26,801740.SI,1465.90,1480.98,1454.37,1454.90,1567400000,30149750000
2024-11-27,801740.SI,1449.10,1504.40,1434.81,1504.33,2250100000,45243170000
2024-11-28,801740.SI,1505.55,1525.97,1494.45,1496.04,2019820000,42489530000
2024-11-29,801740.SI,1490.88,1526.64,1482.25,1514.89,2069440000,41817290000
2024-12-02,801740.SI,1515.27,1534.16,1514.16,1534.16,2320060000,43900610000
2024-12-03,801740.SI,1533.38,1533.38,1505.92,1518.73,2049930000,38099040000
2024-12-04,801740.SI,1518.67,1521.96,1497.69,1502.81,1983140000,38918200000
2024-12-05,801740.SI,1497.98,1531.67,1497.98,1523.69,2228200000,42263350000
2024-12-06,801740.SI,1529.73,1545.95,1516.94,1536.00,2334640000,45452400000
2024-12-09,801740.SI,1532.46,1532.47,1506.23,1515.81,1996440000,37900670000
2024-12-10,801740.SI,1558.77,1558.77,1535.29,1537.20,3058330000,57895500000
2024-12-11,801740.SI,1531.85,1546.84,1528.43,1546.84,2413070000,44145590000
2024-12-12,801740.SI,1550.20,1572.16,1548.22,1572.06,2763880000,56836320000
2024-12-13,801740.SI,1558.46,1558.46,1525.02,1525.84,2962510000,56868120000
2024-12-16,801740.SI,1521.60,1525.52,1498.49,1504.43,2156870000,41202700000
2024-12-17,801740.SI,1502.77,1506.70,1474.53,1477.45,2081120000,37738840000
2024-12-18,801740.SI,1484.65,1499.89,1479.14,1491.57,1737940000,33789750000
2024-12-19,801740.SI,1474.23,1497.75,1469.72,1494.13,1637340000,31192070000
2024-12-20,801740.SI,1491.88,1522.11,1490.82,1513.19,1715800000,36768280000
2024-12-23,801740.SI,1510.91,1512.62,1478.29,1479.39,2100510000,41292040000
2024-12-24,801740.SI,1480.90,1490.79,1468.86,1484.49,1584150000,30933730000
2024-12-25,801740.SI,1484.24,1484.27,1457.22,1470.28,1631110000,32069540000
2024-12-26,801740.SI,1475.27,1501.90,1475.27,1493.82,1719110000,38371770000
2024-12-27,801740.SI,1527.36,1543.23,1513.86,1518.18,2640840000,57764390000
2024-12-30,801740.SI,1520.63,1526.62,1504.48,1511.31,2217600000,42336630000
2024-12-31,801740.SI,1509.11,1509.12,1474.00,1474.78,2098540000,41109290000
2025-01-02,801740.SI,1467.97,1467.97,1397.14,1408.68,2086960000,38375550000
2025-01-03,801740.SI,1405.40,1405.41,1357.89,1359.00,1855860000,32575930000
2025-01-06,801740.SI,1355.15,1376.41,1333.27,1343.53,1437800000,24104050000
2025-01-07,801740.SI,1347.16,1370.34,1346.95,1370.34,1264040000,22150690000
2025-01-08,801740.SI,1368.31,1372.83,1325.24,1362.39,1748580000,28966000000
2025-01-09,801740.SI,1355.62,1393.19,1355.62,1384.54,1579580000,29016290000
2025-01-10,801740.SI,1378.69,1405.89,1363.22,1363.22,1556820000,28358000000
2025-01-13,801740.SI,1345.98,1377.54,1336.06,1363.75,1306890000,22482300000
2025-01-14,801740.SI,1367.40,1415.06,1361.35,1412.70,1759190000,31484360000
2025-01-15,801740.SI,1409.06,1411.01,1384.51,1387.27,1360340000,24943360000
2025-01-16,801740.SI,1392.44,1410.52,1376.12,1387.16,1416980000,25207470000
2025-01-17,801740.SI,1381.15,1413.45,1380.73,1402.36,1353990000,25421890000
2025-01-20,801740.SI,1405.43,1420.69,1402.78,1410.78,1477260000,27149160000
2025-01-21,801740.SI,1414.37,1414.37,1388.61,1400.43,1285460000,22789120000
2025-01-22,801740.SI,1396.54,1396.64,1379.68,1388.63,1193970000,22544530000
2025-01-23,801740.SI,1400.31,1415.66,1376.50,1376.50,1600570000,30316960000
2025-01-24,801740.SI,1374.08,1389.26,1372.95,1385.84,1332590000,24629140000
2025-01-27,801740.SI,1389.02,1393.98,1367.46,1367.46,1156830000,21120740000
2025-02-05,801740.SI,1376.45,1387.90,1367.28,1381.38,1284420000,24577790000
2025-02-06,801740.SI,1382.48,1428.39,1374.90,1428.26,1976510000,36087420000
2025-02-07,801740.SI,1427.05,1450.93,1419.64,1437.23,2226350000,40634920000
2025-02-10,801740.SI,1441.95,1454.58,1439.46,1453.43,1941460000,36029450000
2025-02-11,801740.SI,1452.04,1452.04,1431.05,1437.67,1819560000,33251110000
2025-02-12,801740.SI,1432.98,1449.92,1432.06,1449.92,1661400000,30745700000
2025-02-13,801740.SI,1450.02,1458.43,1433.80,1433.80,1793290000,34822980000
2025-02-14,801740.SI,1429.83,1431.98,1418.45,1428.81,1607120000,31011980000
2025-02-17,801740.SI,1432.82,1435.63,1422.00,1432.36,1881380000,35257520000
2025-02-18,801740.SI,1432.87,1433.05,1388.75,1394.19,2086720000,36966330000
2025-02-19,801740.SI,1393.20,1424.79,1393.18,1424.74,2031210000,35091950000
2025-02-20,801740.SI,1424.02,1450.15,1420.19,1448.90,2602220000,46536790000
2025-02-21,801740.SI,1446.78,1470.30,1444.11,1467.95,2587770000,51476720000
2025-02-24,801740.SI,1471.65,1487.78,1461.25,1476.27,2499500000,48971010000
2025-02-25,801740.SI,1458.56,1480.28,1457.39,1465.96,2436950000,44586360000
2025-02-26,801740.SI,1467.47,1485.25,1461.48,1480.36,2373810000,47168260000
2025-02-27,801740.SI,1479.09,1479.36,1441.39,1463.99,2186880000,41983100000
2025-02-28,801740.SI,1457.31,1458.67,1414.98,1417.56,2064580000,39403160000
2025-03-03,801740.SI,1418.69,1441.84,1413.56,1420.74,1707660000,33079450000
2025-03-04,801740.SI,1419.49,1474.45,1419.45,1471.10,2626690000,50509800000
2025-03-05,801740.SI,1467.17,1479.25,1467.17,1477.91,2495450000,48161890000
2025-03-06,801740.SI,1483.00,1497.37,1475.06,1494.25,2517860000,48546190000
2025-03-07,801740.SI,1488.89,1543.11,1487.57,1516.29,3198340000,64215170000
2025-03-10,801740.SI,1519.92,1540.67,1519.92,1526.09,2539780000,50314480000
2025-03-11,801740.SI,1506.38,1560.60,1506.38,1560.60,2960390000,59821350000
2025-03-12,801740.SI,1570.03,1582.27,1551.10,1552.22,2898570000,58367230000
2025-03-13,801740.SI,1551.87,1558.71,1528.04,1553.26,2941440000,54624490000
2025-03-14,801740.SI,1551.16,1558.35,1524.24,1555.26,3112160000,55508480000
2025-03-17,801740.SI,1559.51,1567.28,1550.43,1552.33,3193200000,53783690000
2025-03-18,801740.SI,1551.54,1562.99,1541.90,1546.23,2662710000,48340840000
2025-03-19,801740.SI,1541.48,1541.49,1526.84,1532.07,2319670000,40743600000
2025-03-20,801740.SI,1529.33,1563.28,1522.27,1544.43,3227720000,53161110000
2025-03-21,801740.SI,1537.25,1563.99,1529.37,1536.67,3986080000,64567560000
2025-03-24,801740.SI,1537.53,1537.66,1480.76,1510.83,3612740000,58569880000
2025-03-25,801740.SI,1504.59,1535.01,1502.26,1505.70,2897770000,51288490000
2025-03-26,801740.SI,1498.81,1520.07,1498.72,1504.58,2211010000,38280640000
2025-03-27,801740.SI,1500.68,1506.74,1471.29,1492.44,2366130000,39321120000
2025-03-28,801740.SI,1489.83,1496.33,1473.12,1475.47,1839880000,31684720000
2025-03-31,801740.SI,1462.75,1462.75,1430.88,1448.81,1973490000,34227730000
2025-04-01,801740.SI,1458.42,1489.20,1458.42,1469.92,2025680000,39815890000
2025-04-02,801740.SI,1465.73,1465.82,1446.52,1452.72,1606320000,32154360000
2025-04-03,801740.SI,1439.46,1465.19,1439.46,1446.48,1485290000,28060760000
2025-04-07,801740.SI,1376.77,1399.04,1277.19,1304.16,2916980000,50730920000
2025-04-08,801740.SI,1308.58,1342.46,1308.43,1331.88,2656660000,42246270000
2025-04-09,801740.SI,1319.22,1421.13,1314.67,1415.45,3722920000,61275430000
2025-04-10,801740.SI,1425.98,1447.73,1415.56,1433.45,3439050000,59288160000
2025-04-11,801740.SI,1426.14,1464.08,1426.14,1450.60,2469120000,47556540000
2025-04-14,801740.SI,1456.55,1461.75,1449.26,1455.28,2154010000,40487030000
2025-04-15,801740.SI,1451.32,1451.34,1417.92,1429.42,1672260000,32121120000
2025-04-16,801740.SI,1437.68,1442.84,1406.35,1422.34,1836070000,32664360000
2025-04-17,801740.SI,1411.89,1441.32,1411.89,1421.80,1798150000,33365550000
2025-04-18,801740.SI,1416.24,1420.05,1406.16,1413.55,1753740000,29131400000
2025-04-21,801740.SI,1412.65,1438.90,1412.65,1438.42,1906540000,32017090000
2025-04-22,801740.SI,1434.61,1440.28,1425.56,1429.40,1802720000,30957690000
2025-04-23,801740.SI,1432.49,1435.15,1419.98,1425.44,1967060000,31262630000
2025-04-24,801740.SI,1419.30,1420.10,1403.70,1412.70,1930110000,32513570000
2025-04-25,801740.SI,1408.96,1422.54,1401.31,1415.71,1690980000,27804600000
2025-04-28,801740.SI,1412.42,1413.80,1399.73,1400.72,1449250000,24909090000
2025-04-29,801740.SI,1392.92,1407.41,1388.29,1404.23,1621190000,27874600000
2025-04-30,801740.SI,1403.78,1417.97,1403.78,1413.12,1661890000,28533650000
2025-05-06,801740.SI,1420.82,1439.46,1420.81,1439.46,2010700000,34685740000
2025-05-07,801740.SI,1462.76,1512.98,1457.12,1492.79,4284110000,79265890000
2025-05-08,801740.SI,1489.08,1531.19,1478.41,1531.12,4069820000,78907550000
2025-05-09,801740.SI,1539.90,1539.92,1499.47,1502.54,4205740000,80832800000
2025-05-12,801740.SI,1499.45,1591.88,1499.45,1574.72,5649800000,114320440000
2025-05-13,801740.SI,1574.82,1574.82,1523.64,1526.43,4638010000,90720330000
2025-05-14,801740.SI,1526.10,1532.12,1511.43,1515.15,3032300000,60780380000
2025-05-15,801740.SI,1512.09,1519.30,1486.93,1487.90,2916500000,54967200000
2025-05-16,801740.SI,1483.29,1507.98,1483.29,1484.75,2488030000,44870010000
2025-05-19,801740.SI,1496.19,1502.87,1479.25,1500.36,2614520000,48739580000
2025-05-20,801740.SI,1499.04,1499.23,1484.70,1492.82,2690100000,49380630000
2025-05-21,801740.SI,1488.77,1493.50,1483.30,1490.79,2407520000,42254840000
2025-05-22,801740.SI,1486.32,1515.26,1483.12,1487.21,2912460000,51447270000
2025-05-23,801740.SI,1483.34,1492.72,1471.28,1471.28,2600300000,44220900000
2025-05-26,801740.SI,1472.56,1487.38,1470.57,1486.39,2093900000,36530880000
2025-05-27,801740.SI,1485.13,1488.75,1468.55,1482.58,2206010000,38061480000
2025-05-28,801740.SI,1479.50,1484.95,1470.33,1471.88,2220340000,36673760000
2025-05-29,801740.SI,1469.80,1500.15,1469.52,1500.15,2477600000,42936990000
2025-05-30,801740.SI,1496.16,1511.19,1487.31,1502.68,2761730000,50120930000
2025-06-03,801740.SI,1507.92,1527.37,1501.26,1509.90,3147510000,59615640000
2025-06-04,801740.SI,1505.09,1512.88,1504.52,1506.25,2670940000,46962260000
2025-06-05,801740.SI,1503.72,1512.78,1493.88,1511.25,2511370000,46673250000
2025-06-06,801740.SI,1515.53,1528.17,1506.83,1508.79,2353720000,46063850000
2025-06-09,801740.SI,1517.49,1545.71,1517.48,1531.75,2606580000,54156970000
2025-06-10,801740.SI,1526.86,1526.86,1489.73,1501.63,2600800000,50497180000
2025-06-11,801740.SI,1500.65,1510.13,1496.54,1506.63,1639950000,31538250000
2025-06-12,801740.SI,1501.41,1508.53,1496.52,1498.63,1763950000,32832730000
2025-06-13,801740.SI,1507.71,1532.44,1500.31,1524.38,3940410000,75413700000
2025-06-16,801740.SI,1523.76,1530.49,1509.53,1524.67,2783570000,53715610000
2025-06-17,801740.SI,1521.74,1528.59,1507.35,1525.27,2704100000,48806970000
2025-06-18,801740.SI,1521.70,1550.99,1521.70,1539.76,3448500000,62386530000
2025-06-19,801740.SI,1529.82,1529.82,1496.72,1513.42,3210840000,58593800000
2025-06-20,801740.SI,1506.34,1506.34,1492.87,1493.76,2516920000,43891390000
2025-06-23,801740.SI,1494.36,1523.98,1494.32,1523.20,2967530000,49466120000
2025-06-24,801740.SI,1503.72,1530.91,1499.03,1525.25,3445680000,59171210000
2025-06-25,801740.SI,1526.52,1576.63,1526.51,1576.56,4733790000,84233090000
2025-06-26,801740.SI,1579.09,1618.08,1579.09,1585.26,5614980000,97844520000
2025-06-27,801740.SI,1586.30,1614.54,1586.30,1596.82,4637280000,83201790000
2025-06-30,801740.SI,1603.79,1666.65,1603.78,1666.32,5318610000,104841900000
2025-07-01,801740.SI,1667.07,1672.90,1646.16,1662.32,5493280000,104596470000
2025-07-02,801740.SI,1659.60,1659.60,1624.39,1630.10,4772760000,86403860000
2025-07-03,801740.SI,1626.85,1656.54,1626.29,1633.43,3893810000,71156420000
2025-07-04,801740.SI,1629.24,1637.59,1609.79,1618.51,3416310000,62889370000
2025-07-07,801740.SI,1616.98,1625.18,1609.10,1619.97,2904670000,52346200000
2025-07-08,801740.SI,1616.16,1630.39,1615.91,1630.39,2723360000,51253000000
2025-07-09,801740.SI,1631.45,1647.37,1614.92,1618.48,3063240000,60527760000
2025-07-10,801740.SI,1610.03,1616.01,1596.12,1611.82,2554080000,49074800000
2025-07-11,801740.SI,1611.85,1637.77,1611.85,1632.72,3258050000,59831830000
2025-07-14,801740.SI,1631.03,1638.12,1624.86,1625.13,2529330000,49299800000
2025-07-15,801740.SI,1621.77,1628.93,1605.08,1615.10,2496020000,47012840000
2025-07-16,801740.SI,1614.11,1623.75,1608.47,1612.94,1962080000,40959900000
2025-07-17,801740.SI,1612.23,1657.15,1612.04,1657.11,3015830000,67642960000
2025-07-18,801740.SI,1655.10,1672.18,1649.12,1669.63,3124320000,70056510000
2025-07-21,801740.SI,1670.30,1685.36,1669.76,1684.16,3108820000,65370830000
2025-07-22,801740.SI,1683.83,1705.07,1677.25,1686.97,3813830000,81552610000
2025-07-23,801740.SI,1677.84,1677.84,1656.91,1659.90,3066810000,65659060000
2025-07-24,801740.SI,1658.92,1688.84,1658.89,1688.84,3113460000,64206580000
2025-07-25,801740.SI,1689.34,1691.27,1676.05,1691.05,2601350000,56649950000
2025-07-28,801740.SI,1693.45,1722.94,1692.18,1722.45,3499940000,76550600000
2025-07-29,801740.SI,1716.57,1742.95,1713.60,1742.95,3498480000,77040530000
2025-07-30,801740.SI,1744.07,1761.21,1708.02,1724.42,4128490000,89529730000
2025-07-31,801740.SI,1713.98,1735.42,1707.92,1717.62,3449860000,77624150000
2025-08-01,801740.SI,1714.62,1717.02,1681.76,1692.39,3068990000,68790950000
2025-08-04,801740.SI,1685.69,1744.21,1685.69,1744.21,3813810000,85643600000
2025-08-05,801740.SI,1755.70,1775.20,1748.41,1755.90,4877140000,98591800000
2025-08-06,801740.SI,1753.52,1813.52,1753.52,1809.85,6211880000,124837580000
2025-08-07,801740.SI,1819.56,1819.56,1790.73,1802.86,5590550000,114981800000
2025-08-08,801740.SI,1794.09,1813.75,1790.90,1792.69,4503230000,95385100000
2025-08-11,801740.SI,1795.13,1815.62,1795.13,1805.30,4388960000,94061260000
2025-08-12,801740.SI,1804.10,1809.95,1770.84,1786.69,4573550000,99412920000
2025-08-13,801740.SI,1784.92,1816.82,1784.91,1812.09,3970400000,89607180000
2025-08-14,801740.SI,1810.82,1815.47,1772.12,1773.09,4385820000,100478200000
2025-08-15,801740.SI,1768.25,1795.45,1768.25,1795.45,3382650000,79698570000
2025-08-18,801740.SI,1802.38,1839.22,1802.38,1838.60,4411380000,104309650000
2025-08-19,801740.SI,1837.84,1837.88,1805.76,1810.03,3921680000,105791060000
2025-08-20,801740.SI,1803.73,1821.77,1794.46,1821.76,3671000000,94312420000
2025-08-21,801740.SI,1821.05,1826.25,1801.16,1809.27,3464800000,85174110000
2025-08-22,801740.SI,1808.38,1850.63,1799.33,1850.63,3785710000,101329770000
2025-08-25,801740.SI,1859.67,1887.89,1850.40,1887.89,4882860000,125870630000
2025-08-26,801740.SI,1889.41,1889.41,1866.70,1870.26,3849940000,102039180000
2025-08-27,801740.SI,1868.07,1882.93,1831.25,1831.25,4153440000,107960660000
2025-08-28,801740.SI,1841.95,1873.18,1806.25,1873.18,4433090000,111718260000
2025-08-29,801740.SI,1872.60,1887.49,1859.91,1887.49,4245820000,116497660000
2025-09-01,801740.SI,1886.99,1887.55,1853.19,1882.45,3587660000,103646580000
2025-09-02,801740.SI,1880.32,1880.32,1810.93,1833.51,3488380000,94157610000
2025-09-03,801740.SI,1838.70,1838.70,1721.73,1726.61,3709880000,95237830000
2025-09-04,801740.SI,1716.47,1721.02,1649.15,1669.58,3082630000,76461750000
2025-09-05,801740.SI,1668.77,1696.48,1662.13,1693.95,2365180000,61186560000
2025-09-08,801740.SI,1702.11,1709.65,1679.16,1705.72,2485150000,63158760000
2025-09-09,801740.SI,1702.01,1702.01,1670.12,1673.34,2137180000,53359470000
2025-09-10,801740.SI,1671.94,1697.53,1671.86,1687.11,1989260000,48529050000
2025-09-11,801740.SI,1688.93,1726.62,1682.18,1726.56,2342380000,59465600000
2025-09-12,801740.SI,1725.24,1739.18,1722.46,1725.20,2514880000,64087810000
2025-09-15,801740.SI,1726.77,1726.77,1706.10,1707.07,1937650000,47736730000
2025-09-16,801740.SI,1703.30,1703.30,1680.51,1698.48,1919620000,47876130000
2025-09-17,801740.SI,1698.18,1706.34,1688.31,1703.22,1808170000,46950490000
2025-09-18,801740.SI,1701.76,1730.59,1679.31,1694.04,2796370000,73736990000
2025-09-19,801740.SI,1694.83,1727.19,1694.76,1708.45,2358480000,63708600000
2025-09-22,801740.SI,1706.65,1717.43,1696.56,1717.30,1928550000,51147200000
2025-09-23,801740.SI,1720.83,1722.97,1671.33,1701.29,2269660000,57060990000
2025-09-24,801740.SI,1690.23,1717.33,1686.24,1717.33,1684710000,45224100000
2025-09-25,801740.SI,1712.03,1717.62,1701.70,1706.09,1802610000,48482310000
2025-09-26,801740.SI,1700.53,1727.63,1693.85,1701.34,2034850000,55091100000
2025-09-29,801740.SI,1701.33,1713.85,1682.19,1707.11,1720570000,45115520000
2025-09-30,801740.SI,1712.57,1754.27,1712.57,1751.33,2308500000,64324530000
2025-10-09,801740.SI,1751.72,1770.47,1739.16,1770.08,2360760000,68337370000
2025-10-10,801740.SI,1767.74,1770.93,1748.32,1753.03,2376430000,67937160000
2025-10-13,801740.SI,1703.25,1768.33,1703.25,1768.09,2505460000,69432460000
2025-10-14,801740.SI,1777.47,1787.84,1741.48,1745.27,2750720000,80081470000
2025-10-15,801740.SI,1744.06,1749.30,1713.73,1748.71,1975810000,55220380000
2025-10-16,801740.SI,1751.43,1753.43,1725.47,1729.16,1929750000,54179970000
2025-10-17,801740.SI,1723.90,1734.41,1670.10,1670.60,1958050000,51901190000
2025-10-20,801740.SI,1687.43,1701.88,1671.82,1683.47,1631130000,44039120000
2025-10-21,801740.SI,1687.31,1708.53,1687.31,1708.09,1835410000,48909470000
2025-10-22,801740.SI,1702.20,1702.20,1685.86,1688.18,1630530000,43892030000
2025-10-23,801740.SI,1682.04,1682.04,1653.09,1678.26,1528280000,41462380000
2025-10-24,801740.SI,1693.98,1727.30,1693.98,1717.61,2478060000,63822660000
2025-10-27,801740.SI,1731.70,1742.98,1729.07,1742.34,2658920000,73077080000
2025-10-28,801740.SI,1740.02,1770.61,1740.02,1761.02,3299100000,84341130000
2025-10-29,801740.SI,1759.64,1769.55,1756.52,1767.61,2734730000,73554210000
2025-10-30,801740.SI,1754.34,1754.70,1733.06,1733.06,2781810000,74343360000
2025-10-31,801740.SI,1733.28,1738.51,1715.91,1716.47,2032950000,55295280000
2025-11-03,801740.SI,1715.73,1728.71,1699.28,1728.71,2147850000,54672360000
2025-11-04,801740.SI,1726.52,1726.60,1697.14,1705.37,2150390000,50985110000
2025-11-05,801740.SI,1684.63,1706.14,1683.86,1700.67,1759350000,41532030000
2025-11-06,801740.SI,1702.45,1722.16,1702.45,1716.78,2047550000,52309250000
2025-11-07,801740.SI,1710.36,1718.32,1699.56,1708.35,2329980000,57625350000
2025-11-10,801740.SI,1709.54,1714.03,1690.24,1703.42,2226390000,53951930000
2025-11-11,801740.SI,1705.38,1707.61,1681.40,1683.24,1917180000,46859610000
2025-11-12,801740.SI,1678.67,1678.67,1646.60,1668.52,1952270000,45896570000
2025-11-13,801740.SI,1664.68,1683.33,1664.68,1678.92,1774910000,41827480000
2025-11-14,801740.SI,1672.17,1690.17,1671.60,1671.60,2011240000,46990480000
2025-11-17,801740.SI,1702.37,1713.57,1692.89,1698.14,2917590000,65479510000
2025-11-18,801740.SI,1694.88,1694.88,1668.91,1672.98,2611120000,56481570000
2025-11-19,801740.SI,1671.25,1698.55,1668.61,1691.53,3337270000,66145560000
2025-11-20,801740.SI,1688.44,1688.44,1671.80,1673.52,3147480000,58909150000
2025-11-21,801740.SI,1655.98,1674.42,1630.33,1642.78,3795390000,72730940000
2025-11-24,801740.SI,1646.86,1715.52,1646.86,1713.61,4650920000,94532140000
2025-11-25,801740.SI,1708.90,1721.05,1694.08,1708.16,4208760000,91214570000
2025-11-26,801740.SI,1704.35,1704.35,1668.46,1669.67,3686510000,73000210000
2025-11-27,801740.SI,1665.52,1679.74,1663.03,1666.23,3111970000,58571000000
2025-11-28,801740.SI,1667.48,1689.77,1666.63,1689.66,3292280000,61529230000
2025-12-01,801740.SI,1704.11,1721.76,1704.11,1712.26,3202840000,67269180000
2025-12-02,801740.SI,1710.90,1722.70,1704.59,1710.88,4234270000,72690560000
2025-12-03,801740.SI,1707.55,1708.54,1683.44,1690.49,4598370000,83574850000
2025-12-04,801740.SI,1680.54,1711.48,1680.54,1699.77,4474230000,83829150000
2025-12-05,801740.SI,1696.04,1739.67,1692.51,1737.34,4652820000,91673810000
2025-12-08,801740.SI,1756.42,1781.45,1754.95,1755.61,5672710000,117525310000
2025-12-09,801740.SI,1751.73,1776.39,1750.46,1757.92,4999270000,102841930000
2025-12-10,801740.SI,1749.33,1771.69,1748.48,1770.05,4160810000,89984410000
2025-12-11,801740.SI,1779.31,1790.18,1765.17,1765.84,4342050000,96155890000
2025-12-12,801740.SI,1764.65,1791.19,1760.80,1785.95,5094050000,114504630000
2025-12-15,801740.SI,1781.90,1811.17,1767.54,1800.69,5023600000,113565720000
2025-12-16,801740.SI,1797.43,1797.43,1747.67,1775.32,5505070000,119683350000
2025-12-17,801740.SI,1766.49,1781.29,1741.35,1771.82,4430270000,97580670000
2025-12-18,801740.SI,1758.92,1809.85,1758.92,1787.82,4741360000,112111940000
2025-12-19,801740.SI,1790.56,1824.21,1790.56,1813.19,4584610000,111804960000
2025-12-22,801740.SI,1825.42,1838.83,1815.61,1823.51,4476790000,109629820000
2025-12-23,801740.SI,1821.92,1835.11,1789.05,1797.56,4945760000,121124150000
2025-12-24,801740.SI,1785.71,1853.06,1785.71,1849.35,4957080000,121962650000
2025-12-25,801740.SI,1849.32,1906.54,1849.32,1903.22,5729820000,145083440000
2025-12-26,801740.SI,1909.98,1932.74,1896.61,1922.01,6212840000,160880130000
2025-12-29,801740.SI,1927.27,1954.11,1927.26,1949.46,5745560000,155999230000
2025-12-30,801740.SI,1942.94,1979.16,1931.78,1939.40,6416730000,183251240000
2025-12-31,801740.SI,1939.23,1986.13,1938.13,1980.68,5747490000,164418730000
2026-01-05,801740.SI,2017.38,2041.36,1993.32,2032.25,6761520000,200491650000
2026-01-06,801740.SI,2022.57,2096.66,2022.57,2094.86,6696180000,199120090000
2026-01-07,801740.SI,2089.79,2103.92,2062.36,2091.59,7215910000,212592260000
2026-01-08,801740.SI,2081.61,2182.00,2081.61,2178.96,8899990000,251625430000
2026-01-09,801740.SI,2208.77,2285.39,2204.11,2250.65,9606800000,295960240000
2026-01-12,801740.SI,2298.60,2389.34,2290.58,2378.12,8825000000,287770770000
2026-01-13,801740.SI,2363.40,2363.40,2233.02,2247.29,8354560000,260119470000
2026-01-14,801740.SI,2229.20,2301.30,2207.29,2232.20,8679820000,268648230000
2026-01-15,801740.SI,2188.02,2203.68,2148.86,2169.74,5154600000,161035660000
2026-01-16,801740.SI,2159.22,2174.42,2122.58,2139.89,4928220000,155321700000
2026-01-19,801740.SI,2118.16,2196.06,2117.87,2171.54,4949490000,146193140000
2026-01-20,801740.SI,2175.37,2184.41,2084.24,2109.13,5844150000,164450290000
2026-01-21,801740.SI,2096.26,2135.98,2096.26,2107.81,4308090000,125399910000
2026-01-22,801740.SI,2106.43,2177.22,2106.43,2175.86,5976730000,168074660000
2026-01-23,801740.SI,2189.27,2242.50,2169.32,2233.42,6661020000,201559430000
2026-01-26,801740.SI,2222.98,2222.98,2125.31,2133.62,5886740000,173416350000
2026-01-27,801740.SI,2116.93,2178.59,2103.12,2168.84,4687920000,136847040000
2026-01-28,801740.SI,2169.14,2172.93,2124.05,2132.35,4213710000,122367520000
2026-01-29,801740.SI,2118.37,2136.44,2094.12,2094.12,4230880000,122615570000
2026-01-30,801740.SI,2082.09,2096.01,2028.71,2061.63,4062210000,115528090000
2026-02-02,801740.SI,2061.02,2093.42,2025.21,2025.81,3387490000,99329100000
2026-02-03,801740.SI,2050.01,2115.68,2039.76,2115.43,4541220000,132688510000
2026-02-04,801740.SI,2109.38,2152.70,2098.86,2125.73,4791850000,138483650000
2026-02-05,801740.SI,2099.84,2139.36,2090.51,2100.78,3638600000,106985880000
2026-02-06,801740.SI,2080.74,2101.72,2056.91,2065.86,3559090000,97847120000
2026-02-09,801740.SI,2097.03,2105.43,2080.30,2099.21,3527900000,97887240000
2026-02-10,801740.SI,2097.86,2104.58,2064.76,2096.14,3584760000,95608920000
2026-02-11,801740.SI,2092.51,2110.86,2076.78,2077.12,3198000000,87898330000
2026-02-12,801740.SI,2071.63,2104.85,2065.91,2097.02,3174720000,89915510000
2026-02-13,801740.SI,2092.65,2132.78,2092.65,2110.68,3631690000,98275120000
2026-02-24,801740.SI,2124.57,2157.41,2115.58,2136.77,3867080000,103752970000
2026-02-25,801740.SI,2135.44,2182.06,2130.89,2178.89,4336540000,123203230000
2026-02-26,801740.SI,2172.80,2217.19,2161.07,2211.91,4210750000,129501640000
2026-02-27,801740.SI,2202.83,2226.62,2195.79,2211.42,4079580000,126196620000
2026-03-02,801740.SI,2248.50,2282.63,2222.71,2265.94,6612520000,202237530000
2026-03-03,801740.SI,2263.28,2263.28,2111.86,2113.28,6055230000,178314240000
2026-03-04,801740.SI,2072.94,2156.79,2072.94,2141.34,4182960000,123720660000
2026-03-05,801740.SI,2162.70,2162.94,2122.84,2149.80,3976850000,119543980000
2026-03-06,801740.SI,2135.01,2197.18,2135.01,2162.52,3696360000,112537480000
2026-03-09,801740.SI,2126.68,2127.13,2085.41,2119.15,3840260000,113716360000
2026-03-10,801740.SI,2131.27,2176.75,2131.27,2153.88,3436270000,106765660000
2026-03-11,801740.SI,2158.80,2160.74,2123.33,2124.40,3423160000,104449210000
2026-03-12,801740.SI,2120.48,2120.48,2060.89,2074.80,3267020000,98117360000
2026-03-13,801740.SI,2059.93,2061.76,2014.22,2018.94,2903630000,87267340000
2026-03-16,801740.SI,2021.47,2023.90,1985.39,2019.68,2609480000,78901860000
2026-03-17,801740.SI,2028.91,2028.91,1967.50,1967.82,2434490000,71856170000
2026-03-18,801740.SI,1974.45,2004.08,1957.54,2003.55,2493360000,76634140000
2026-03-19,801740.SI,1968.40,1979.60,1943.44,1951.04,2326770000,71153780000
2026-03-20,801740.SI,1960.88,1963.44,1892.51,1892.51,2449830000,72414450000
2026-03-23,801740.SI,1849.40,1866.79,1791.64,1800.65,2937840000,80933390000
2026-03-24,801740.SI,1832.54,1844.81,1799.80,1844.42,2714990000,73858860000
2026-03-25,801740.SI,1852.53,1881.13,1852.53,1877.68,2781250000,74101500000
2026-03-26,801740.SI,1881.86,1881.86,1827.71,1838.61,2448580000,67787070000
2026-03-27,801740.SI,1809.77,1857.38,1809.77,1848.21,1980310000,53149650000
2026-03-30,801740.SI,1820.92,1872.34,1820.92,1871.25,2444670000,67497590000
2026-03-31,801740.SI,1873.37,1909.89,1859.03,1859.03,2798230000,79482030000
2026-04-01,801740.SI,1888.82,1888.82,1858.94,1870.63,2336120000,65443630000
2026-04-02,801740.SI,1865.36,1880.89,1829.25,1836.27,2032490000,56278470000
2026-04-03,801740.SI,1844.52,1844.52,1807.11,1810.15,1803210000,50422170000
2026-04-07,801740.SI,1817.08,1826.50,1808.98,1818.21,1624210000,49305030000
2026-04-08,801740.SI,1854.57,1905.34,1854.55,1905.34,2572090000,76246390000
2026-04-09,801740.SI,1885.86,1905.76,1880.68,1890.20,2123170000,62739950000
2026-04-10,801740.SI,1902.16,1931.12,1902.16,1905.92,2223130000,67552100000
2026-04-13,801740.SI,1894.27,1930.84,1894.27,1923.63,2045440000,65310490000
2026-04-14,801740.SI,1939.37,1964.69,1926.61,1964.69,2735960000,85561210000
2026-04-15,801740.SI,1975.76,1995.73,1957.94,1963.56,3209410000,99827730000
2026-04-16,801740.SI,1963.41,1973.26,1951.15,1970.60,2633110000,79789300000
2026-04-17,801740.SI,1963.38,1993.54,1960.21,1988.96,2673660000,81628160000
2026-04-20,801740.SI,1993.87,2059.61,1993.86,2058.01,3945960000,124196680000
2026-04-21,801740.SI,2062.60,2072.15,2039.78,2058.18,3725200000,119255860000
2026-04-22,801740.SI,2032.39,2060.76,2026.64,2060.25,3545110000,106464850000
2026-04-23,801740.SI,2062.30,2081.95,2031.67,2054.33,3874180000,121441190000
2026-04-24,801740.SI,2044.24,2045.34,2007.20,2015.04,3047020000,97790480000
2026-04-27,801740.SI,2006.35,2014.98,1986.11,2013.61,2828530000,89409460000
2026-04-28,801740.SI,2011.26,2019.00,1981.65,1988.48,3207830000,94994940000
2026-04-29,801740.SI,1969.78,1996.46,1969.78,1992.42,2445430000,75140440000
2026-04-30,801740.SI,1998.29,2035.80,1995.82,2031.61,3085420000,100152870000
2026-05-06,801740.SI,2039.48,2079.62,2039.48,2067.81,3500430000,113234240000
2026-05-07,801740.SI,2073.15,2088.16,2064.70,2088.16,3007980000,98669470000
2026-05-08,801740.SI,2077.49,2143.56,2073.52,2139.01,4081470000,130293660000
2026-05-11,801740.SI,2159.12,2169.62,2145.01,2161.47,4168180000,139231140000
2026-05-12,801740.SI,2163.04,2163.04,2108.42,2137.95,3653410000,123349840000
2026-05-13,801740.SI,2123.53,2162.46,2121.43,2160.37,3275120000,112174310000
2026-05-14,801740.SI,2163.26,2163.26,2066.71,2066.71,3345400000,110001050000
2026-05-15,801740.SI,2071.92,2086.75,2013.93,2028.27,2861600000,93263870000
2026-05-18,801740.SI,2022.18,2045.97,2005.67,2016.88,2639890000,84401740000
2026-05-19,801740.SI,2012.67,2013.35,1971.57,2013.35,2539300000,84528710000
2026-05-20,801740.SI,2001.07,2015.96,1992.25,2005.01,2355930000,78757800000
2026-05-21,801740.SI,2013.29,2039.62,1952.20,1953.22,3009180000,96907000000
2026-05-22,801740.SI,1972.22,1986.92,1953.69,1982.06,2391480000,81192050000
2026-05-25,801740.SI,1997.56,2008.74,1972.41,2003.86,2770430000,97152210000
2026-05-26,801740.SI,1988.76,1988.77,1931.60,1960.02,2739980000,86137410000
2026-05-27,801740.SI,1961.84,1978.07,1907.11,1917.80,2548990000,82629040000
2026-05-28,801740.SI,1915.31,1957.30,1914.77,1948.36,2624200000,83787550000
2026-05-29,801740.SI,1948.31,1948.35,1845.11,1854.97,3010260000,95228160000
2026-06-01,801740.SI,1849.40,1864.40,1824.16,1824.85,2178080000,68261170000
2026-06-02,801740.SI,1828.48,1836.45,1776.47,1821.99,2269800000,69723290000
2026-06-03,801740.SI,1821.37,1860.61,1820.40,1836.50,2590730000,83691400000
2026-06-04,801740.SI,1819.01,1846.26,1819.00,1838.89,2216690000,72212030000
2026-06-05,801740.SI,1843.43,1869.53,1823.56,1841.67,3099450000,93706160000
2026-06-08,801740.SI,1791.71,1831.56,1753.09,1766.87,2949930000,85361760000
2026-06-09,801740.SI,1780.90,1789.88,1753.70,1789.28,2301590000,71752760000
2026-06-10,801740.SI,1778.38,1798.92,1753.27,1773.28,2368510000,71340680000
2026-06-11,801740.SI,1756.81,1778.52,1744.10,1772.21,2374310000,71418900000
2026-06-12,801740.SI,1801.59,1849.29,1801.59,1808.77,3264610000,96119140000
2026-06-15,801740.SI,1808.19,1839.88,1801.85,1839.88,2814310000,83364860000
2026-06-16,801740.SI,1851.56,1858.81,1838.21,1845.72,2805790000,88632810000
2026-06-17,801740.SI,1835.27,1879.66,1835.27,1871.13,2769890000,90453730000
2026-06-18,801740.SI,1853.27,1890.98,1849.65,1863.82,2778800000,90602340000
2026-06-22,801740.SI,1861.39,1866.67,1811.50,1866.40,3127350000,96721650000
2026-06-23,801740.SI,1858.36,1858.37,1798.54,1805.52,2629160000,82367190000
2026-06-24,801740.SI,1799.36,1826.86,1781.63,1818.06,2501420000,76504110000
2026-06-25,801740.SI,1813.57,1843.77,1800.08,1810.47,2594460000,81338630000
2026-06-26,801740.SI,1800.07,1820.28,1761.35,1791.89,3200260000,105111880000
2026-06-29,801740.SI,1795.37,1802.33,1757.16,1783.77,2788050000,97364350000
2026-06-30,801740.SI,1788.14,1854.34,1785.55,1850.14,2804750000,95141650000
2026-07-01,801740.SI,1854.86,1883.71,1850.39,1867.13,2939300000,98461520000
2026-07-02,801740.SI,1842.38,1877.19,1817.72,1821.52,2593440000,88910120000
2026-07-03,801740.SI,1828.08,1903.63,1828.06,1885.81,3196170000,100682120000
2026-07-06,801740.SI,1899.70,1916.60,1842.81,1854.45,2958260000,96764170000
2026-07-07,801740.SI,1847.83,1866.32,1800.66,1810.46,2261890000,72781440000
2026-07-08,801740.SI,1813.48,1816.02,1767.64,1767.64,2170200000,72724070000
2026-07-09,801740.SI,1774.33,1801.82,1729.81,1799.74,2369960000,76546570000
2026-07-10,801740.SI,1800.22,1910.99,1800.22,1845.74,4219010000,126598140000
2026-07-13,801740.SI,1836.17,1836.17,1720.55,1720.74,4031330000,119400300000
2026-07-14,801740.SI,1706.20,1706.20,1629.88,1674.76,2997360000,80198930000
2026-07-15,801740.SI,1663.17,1680.87,1641.61,1646.78,2334400000,65292430000
2026-07-16,801740.SI,1624.25,1652.81,1608.19,1614.17,1945410000,55176440000
2026-07-17,801740.SI,1604.30,1606.87,1520.91,1529.22,2357681300,61640042900
