trade_date,wind_code,open,high,low,close,volume,amt
2019-01-02,801110.SI,5007.91,5008.05,4924.43,4931.01,494720000,4931410000
2019-01-03,801110.SI,4920.97,4971.34,4895.69,4904.65,524880000,4422130000
2019-01-04,801110.SI,4866.04,5011.76,4853.48,5010.37,736880000,6585440000
2019-01-07,801110.SI,5067.50,5067.50,5000.71,5031.36,871570000,6858120000
2019-01-08,801110.SI,5026.20,5061.20,5008.40,5039.16,1023890000,5889410000
2019-01-09,801110.SI,5176.40,5303.40,5163.39,5235.68,1528790000,15708550000
2019-01-10,801110.SI,5220.66,5275.32,5200.28,5236.11,1119960000,8981100000
2019-01-11,801110.SI,5261.12,5269.43,5200.94,5266.02,939360000,7278880000
2019-01-14,801110.SI,5271.04,5290.04,5225.32,5235.15,742500000,5546140000
2019-01-15,801110.SI,5241.26,5393.70,5239.97,5385.39,926080000,9197840000
2019-01-16,801110.SI,5384.84,5425.08,5365.87,5402.90,711920000,7027500000
2019-01-17,801110.SI,5353.03,5397.57,5340.81,5352.84,786210000,8651960000
2019-01-18,801110.SI,5372.72,5451.22,5359.91,5444.97,734660000,7945060000
2019-01-21,801110.SI,5452.48,5556.55,5446.47,5487.42,760960000,8238690000
2019-01-22,801110.SI,5489.47,5489.66,5392.90,5405.11,696340000,6488880000
2019-01-23,801110.SI,5382.64,5455.87,5382.64,5426.55,551750000,5488010000
2019-01-24,801110.SI,5457.45,5491.53,5418.86,5467.77,783900000,6709710000
2019-01-25,801110.SI,5485.20,5544.75,5430.18,5514.32,781320000,7678590000
2019-01-28,801110.SI,5535.66,5641.15,5512.33,5514.18,649350000,7418250000
2019-01-29,801110.SI,5508.63,5581.41,5458.52,5577.47,661820000,7457890000
2019-01-30,801110.SI,5544.31,5561.20,5500.88,5500.88,534400000,5666010000
2019-01-31,801110.SI,5544.43,5606.24,5535.29,5602.83,799370000,7976740000
2019-02-01,801110.SI,5676.88,5705.27,5622.82,5686.52,678400000,6812830000
2019-02-11,801110.SI,5675.02,5866.72,5675.01,5854.04,757880000,7690640000
2019-02-12,801110.SI,5848.44,5906.72,5832.72,5900.09,932010000,8207450000
2019-02-13,801110.SI,5921.90,5992.88,5881.37,5976.11,1477980000,10925100000
2019-02-14,801110.SI,5988.29,6064.59,5950.89,6035.32,1451860000,10449710000
2019-02-15,801110.SI,6001.59,6001.80,5844.14,5845.52,1081110000,10868810000
2019-02-18,801110.SI,5901.20,6020.64,5901.08,6017.00,1389920000,11175480000
2019-02-19,801110.SI,6042.72,6130.82,5970.44,6019.38,1379940000,11107140000
2019-02-20,801110.SI,6036.96,6037.01,5982.00,6033.47,1258040000,7994950000
2019-02-21,801110.SI,6056.68,6076.63,5975.30,5995.92,1418770000,11601540000
2019-02-22,801110.SI,5987.46,6008.35,5883.56,6008.19,1198390000,10420480000
2019-02-25,801110.SI,6132.86,6322.60,6076.42,6322.60,2178470000,19873180000
2019-02-26,801110.SI,6297.02,6303.86,6189.00,6189.00,2213070000,17754020000
2019-02-27,801110.SI,6194.70,6255.02,6121.54,6172.36,1869110000,14032390000
2019-02-28,801110.SI,6166.74,6228.28,6155.88,6181.17,1252020000,10191110000
2019-03-01,801110.SI,6223.40,6293.95,6204.56,6293.95,1197770000,12000380000
2019-03-04,801110.SI,6393.63,6566.89,6385.12,6438.65,2317560000,21046240000
2019-03-05,801110.SI,6494.90,6570.50,6460.56,6564.36,2614660000,19260640000
2019-03-06,801110.SI,6645.02,6681.23,6563.89,6629.18,3037630000,22747530000
2019-03-07,801110.SI,6636.06,6636.06,6458.24,6506.44,2714390000,22458230000
2019-03-08,801110.SI,6374.16,6449.05,6244.45,6244.45,3096990000,24182080000
2019-03-11,801110.SI,6242.21,6403.92,6241.36,6402.27,2218850000,16723120000
2019-03-12,801110.SI,6462.30,6462.30,6310.07,6363.42,2330960000,20047340000
2019-03-13,801110.SI,6366.28,6381.30,6292.55,6325.61,1942050000,15760660000
2019-03-14,801110.SI,6304.43,6390.20,6265.02,6312.86,1782120000,14500340000
2019-03-15,801110.SI,6375.05,6573.43,6374.93,6518.40,1660880000,18970450000
2019-03-18,801110.SI,6507.50,6674.61,6482.09,6674.61,1576760000,17156650000
2019-03-19,801110.SI,6690.94,6711.79,6597.98,6643.62,1621300000,14758190000
2019-03-20,801110.SI,6632.63,6640.70,6503.07,6578.65,1515860000,13512570000
2019-03-21,801110.SI,6560.95,6592.36,6512.85,6558.10,1851980000,15007740000
2019-03-22,801110.SI,6565.22,6598.37,6489.44,6589.81,2045700000,15281480000
2019-03-25,801110.SI,6514.07,6595.04,6469.33,6475.41,2821690000,20326340000
2019-03-26,801110.SI,6509.83,6509.83,6342.34,6391.26,2384790000,17490510000
2019-03-27,801110.SI,6432.33,6512.62,6382.44,6510.28,1657750000,13853850000
2019-03-28,801110.SI,6481.89,6534.60,6434.43,6455.92,1392180000,12522900000
2019-03-29,801110.SI,6450.34,6667.88,6450.23,6660.91,1548390000,16728510000
2019-04-01,801110.SI,6699.32,6984.99,6699.32,6963.03,1965550000,20491210000
2019-04-02,801110.SI,6970.77,6973.44,6882.30,6892.98,1723370000,15862520000
2019-04-03,801110.SI,6867.24,6955.40,6862.16,6941.91,1306220000,12158050000
2019-04-04,801110.SI,6939.77,7014.03,6939.77,6996.53,1386650000,13047890000
2019-04-08,801110.SI,7005.99,7096.25,6921.68,6982.46,1473250000,14029560000
2019-04-09,801110.SI,7250.79,7311.43,7206.36,7252.29,1518670000,14231690000
2019-04-10,801110.SI,7426.43,7474.77,7276.66,7436.56,1813100000,31286810000
2019-04-11,801110.SI,7437.29,7437.29,7165.72,7177.68,1530830000,22298260000
2019-04-12,801110.SI,7141.35,7196.66,6977.76,7084.26,1211900000,16101740000
2019-04-15,801110.SI,7201.41,7381.68,7172.43,7172.43,1216190000,18359780000
2019-04-16,801110.SI,7129.05,7350.68,7096.74,7350.68,1236040000,15065650000
2019-04-17,801110.SI,7361.70,7416.76,7261.05,7341.79,1370600000,15233650000
2019-04-18,801110.SI,7421.16,7491.75,7414.93,7440.79,1599620000,17343270000
2019-04-19,801110.SI,7422.38,7799.75,7352.19,7772.08,1638730000,19225620000
2019-04-22,801110.SI,7713.29,7713.29,7426.10,7444.72,1551400000,20980320000
2019-04-23,801110.SI,7389.83,7429.06,7281.61,7362.33,1072060000,14899010000
2019-04-24,801110.SI,7404.00,7404.00,7239.93,7334.33,980080000,13099580000
2019-04-25,801110.SI,7276.67,7276.80,7080.48,7092.62,1064940000,14032970000
2019-04-26,801110.SI,7064.69,7102.61,6911.29,6920.21,909040000,12855620000
2019-04-29,801110.SI,6900.27,7114.04,6889.70,7015.93,1088940000,15371540000
2019-04-30,801110.SI,6902.25,7084.99,6902.22,7011.87,788660000,12757220000
2019-05-06,801110.SI,6727.28,6742.69,6524.79,6534.35,1083910000,17525550000
2019-05-07,801110.SI,6621.39,6789.82,6621.39,6725.89,789300000,13882440000
2019-05-08,801110.SI,6631.52,6743.21,6626.11,6655.28,624420000,7287570000
2019-05-09,801110.SI,6609.69,6641.21,6536.87,6602.32,597630000,7725180000
2019-05-10,801110.SI,6676.89,6848.04,6576.07,6824.23,829220000,10244300000
2019-05-13,801110.SI,6712.94,6808.78,6712.94,6739.87,648790000,6837660000
2019-05-14,801110.SI,6673.38,6747.56,6661.59,6694.03,751370000,8079490000
2019-05-15,801110.SI,6763.03,6873.95,6752.42,6858.08,873340000,10237350000
2019-05-16,801110.SI,6847.99,6903.71,6842.05,6890.61,816030000,7798090000
2019-05-17,801110.SI,6891.87,6898.05,6738.28,6759.36,1078890000,10133790000
2019-05-20,801110.SI,6739.66,6762.39,6645.86,6708.54,927230000,8705220000
2019-05-21,801110.SI,6713.60,6863.17,6713.60,6827.93,878260000,8826640000
2019-05-22,801110.SI,6866.11,6939.50,6793.33,6817.91,800340000,10663610000
2019-05-23,801110.SI,6782.79,6783.13,6612.37,6615.81,748590000,9836300000
2019-05-24,801110.SI,6599.80,6701.23,6599.80,6647.15,688650000,8390870000
2019-05-27,801110.SI,6652.05,6707.75,6541.29,6679.81,691120000,8052210000
2019-05-28,801110.SI,6678.90,6808.31,6668.65,6756.78,711140000,8738240000
2019-05-29,801110.SI,6687.98,6764.75,6669.80,6709.95,652640000,6967780000
2019-05-30,801110.SI,6644.40,6644.40,6544.80,6594.28,748600000,8822540000
2019-05-31,801110.SI,6573.24,6659.61,6547.48,6569.14,588100000,7202910000
2019-06-03,801110.SI,6594.32,6670.55,6542.73,6579.62,630910000,7291430000
2019-06-04,801110.SI,6579.48,6608.80,6450.22,6484.56,522390000,6456020000
2019-06-05,801110.SI,6562.49,6596.98,6462.20,6514.95,528450000,7368030000
2019-06-06,801110.SI,6541.11,6541.11,6425.73,6460.51,526080000,5938210000
2019-06-10,801110.SI,6507.21,6565.07,6473.95,6543.24,448840000,6049870000
2019-06-11,801110.SI,6533.90,6743.27,6529.86,6724.85,760960000,10554650000
2019-06-12,801110.SI,6710.69,6710.69,6636.79,6657.40,590450000,7444680000
2019-06-13,801110.SI,6648.02,6648.17,6504.90,6573.93,530310000,7774210000
2019-06-14,801110.SI,6587.57,6633.57,6522.31,6524.61,542690000,5716920000
2019-06-17,801110.SI,6534.57,6568.46,6483.51,6501.52,365750000,4862970000
2019-06-18,801110.SI,6503.42,6546.96,6463.23,6518.21,304480000,3946090000
2019-06-19,801110.SI,6678.51,6723.82,6643.81,6643.81,554950000,7973720000
2019-06-20,801110.SI,6661.84,6874.26,6661.82,6834.32,761720000,11090330000
2019-06-21,801110.SI,6839.32,6893.98,6753.73,6780.75,868510000,11386350000
2019-06-24,801110.SI,6790.06,6876.84,6742.23,6830.49,634010000,8634810000
2019-06-25,801110.SI,6826.95,6827.22,6690.91,6768.53,571310000,7562610000
2019-06-26,801110.SI,6741.54,6815.33,6737.55,6796.80,443900000,5787140000
2019-06-27,801110.SI,6821.36,6882.89,6804.29,6843.82,553330000,8259640000
2019-06-28,801110.SI,6845.21,6856.06,6791.38,6829.93,502910000,5842820000
2019-07-01,801110.SI,6971.72,7184.85,6969.53,7157.09,847430000,13916030000
2019-07-02,801110.SI,7132.00,7214.69,7126.47,7191.00,669920000,9933110000
2019-07-03,801110.SI,7192.02,7203.81,7060.02,7097.80,594910000,8530920000
2019-07-04,801110.SI,7133.87,7182.18,7044.82,7084.80,624430000,8516250000
2019-07-05,801110.SI,7092.44,7183.55,7043.46,7175.24,515210000,7642220000
2019-07-08,801110.SI,7129.69,7129.73,6956.67,7006.69,609700000,8402010000
2019-07-09,801110.SI,7003.83,7034.31,6905.44,6953.29,411360000,5975830000
2019-07-10,801110.SI,7007.04,7007.05,6930.00,6960.72,422440000,5420820000
2019-07-11,801110.SI,6996.96,7096.10,6929.98,6968.40,422570000,6665410000
2019-07-12,801110.SI,6972.25,7045.58,6947.15,7010.60,344740000,5202850000
2019-07-15,801110.SI,6967.95,7045.61,6864.24,6981.43,546730000,7602210000
2019-07-16,801110.SI,6991.22,6998.44,6852.57,6874.61,505230000,7079940000
2019-07-17,801110.SI,6861.14,6863.58,6792.93,6810.65,470540000,5950810000
2019-07-18,801110.SI,6788.44,6788.58,6709.95,6764.92,393850000,5130220000
2019-07-19,801110.SI,6815.94,6824.98,6749.10,6762.49,349320000,5529020000
2019-07-22,801110.SI,6770.85,6779.34,6704.50,6729.49,432840000,4978710000
2019-07-23,801110.SI,6729.72,6783.65,6727.65,6783.65,323000000,4325500000
2019-07-24,801110.SI,6816.80,6882.94,6813.85,6827.07,421230000,5876490000
2019-07-25,801110.SI,6829.09,6862.98,6794.66,6852.64,354870000,4552240000
2019-07-26,801110.SI,6813.84,6869.72,6813.84,6862.56,345080000,4528970000
2019-07-29,801110.SI,6873.87,6880.21,6817.37,6842.44,331250000,5633390000
2019-07-30,801110.SI,6855.56,6947.35,6855.44,6928.11,387180000,6209340000
2019-07-31,801110.SI,6933.23,6961.05,6881.50,6893.82,365870000,5308900000
2019-08-01,801110.SI,6867.34,6888.74,6731.72,6773.24,388730000,6591220000
2019-08-02,801110.SI,6566.16,6678.82,6518.15,6664.32,506470000,7689140000
2019-08-05,801110.SI,6602.57,6660.36,6551.94,6557.77,434380000,6488020000
2019-08-06,801110.SI,6377.73,6438.35,6242.85,6422.10,653300000,8441150000
2019-08-07,801110.SI,6452.01,6468.87,6371.88,6371.88,333270000,4201850000
2019-08-08,801110.SI,6387.55,6450.73,6387.27,6438.44,329820000,4766620000
2019-08-09,801110.SI,6458.39,6475.40,6338.07,6348.48,394150000,5501410000
2019-08-12,801110.SI,6334.52,6392.06,6322.54,6392.06,327720000,4493440000
2019-08-13,801110.SI,6380.58,6470.31,6352.66,6364.73,356160000,6440170000
2019-08-14,801110.SI,6479.93,6490.99,6371.26,6378.09,352160000,5289080000
2019-08-15,801110.SI,6251.11,6352.85,6202.59,6348.52,365990000,5138490000
2019-08-16,801110.SI,6341.32,6404.46,6309.11,6364.36,364180000,5296110000
2019-08-19,801110.SI,6423.46,6533.59,6419.31,6531.60,552130000,6840530000
2019-08-20,801110.SI,6537.12,6570.53,6504.41,6543.78,601980000,6309900000
2019-08-21,801110.SI,6519.10,6662.89,6519.01,6621.24,581560000,8213630000
2019-08-22,801110.SI,6660.03,6690.15,6608.64,6649.56,562860000,6500100000
2019-08-23,801110.SI,6673.55,6694.45,6633.06,6671.33,565210000,6705020000
2019-08-26,801110.SI,6525.00,6591.63,6525.00,6564.99,534420000,6883420000
2019-08-27,801110.SI,6612.27,6761.32,6612.09,6726.39,829380000,10200620000
2019-08-28,801110.SI,6763.23,6775.40,6703.62,6740.97,729670000,7593350000
2019-08-29,801110.SI,6750.22,6761.83,6654.75,6688.79,840870000,7830570000
2019-08-30,801110.SI,6757.23,6836.82,6715.64,6772.97,856910000,9898530000
2019-09-02,801110.SI,6875.23,6991.50,6869.37,6958.64,781960000,12025530000
2019-09-03,801110.SI,7023.85,7023.85,6933.83,6972.91,704050000,9672660000
2019-09-04,801110.SI,6963.85,7074.40,6952.67,7074.40,704760000,10272840000
2019-09-05,801110.SI,7106.64,7137.27,7024.38,7028.71,928320000,11502170000
2019-09-06,801110.SI,7062.64,7062.64,6980.37,7048.68,732220000,9188130000
2019-09-09,801110.SI,7104.38,7131.04,7067.42,7095.98,849060000,10147030000
2019-09-10,801110.SI,7110.96,7110.96,7049.05,7088.54,879050000,9403720000
2019-09-11,801110.SI,7099.32,7111.22,7000.29,7031.43,745490000,8370930000
2019-09-12,801110.SI,7075.02,7139.51,7073.73,7122.80,738070000,8247910000
2019-09-16,801110.SI,7137.74,7137.74,7051.07,7072.10,812950000,8651240000
2019-09-17,801110.SI,7058.51,7058.57,6921.62,6946.27,677130000,7922850000
2019-09-18,801110.SI,6979.93,7008.35,6966.35,6982.71,559880000,7214090000
2019-09-19,801110.SI,7030.43,7065.47,6984.37,7024.10,603760000,8020560000
2019-09-20,801110.SI,7036.75,7036.77,6968.61,6997.70,606690000,8269260000
2019-09-23,801110.SI,7008.99,7009.06,6885.02,6941.30,664320000,8112930000
2019-09-24,801110.SI,6952.63,7001.27,6927.32,6949.44,664580000,8322530000
2019-09-25,801110.SI,6929.02,6929.07,6854.79,6857.68,713110000,8121680000
2019-09-26,801110.SI,6879.23,6887.98,6814.31,6817.37,732930000,8405110000
2019-09-27,801110.SI,6819.44,6829.65,6756.06,6806.83,517640000,6464400000
2019-09-30,801110.SI,6792.80,6858.02,6776.04,6787.89,426330000,5482310000
2019-10-08,801110.SI,6816.60,6934.86,6815.52,6912.19,477820000,7565040000
2019-10-09,801110.SI,6883.26,6883.43,6829.22,6867.89,434350000,5639490000
2019-10-10,801110.SI,6868.65,6924.28,6830.73,6912.44,518830000,6346960000
2019-10-11,801110.SI,6956.12,6996.92,6906.27,6983.89,564720000,7369110000
2019-10-14,801110.SI,7048.51,7085.13,7011.30,7041.75,603430000,7536350000
2019-10-15,801110.SI,7055.86,7073.39,7002.81,7031.91,600240000,6482720000
2019-10-16,801110.SI,7051.61,7109.81,7032.91,7050.34,498340000,6811400000
2019-10-17,801110.SI,7061.50,7061.52,6968.52,6991.98,418160000,5626010000
2019-10-18,801110.SI,7023.92,7049.08,6917.59,6926.48,549660000,6763380000
2019-10-21,801110.SI,6924.87,6995.44,6910.78,6992.84,456560000,5511620000
2019-10-22,801110.SI,7029.59,7059.01,6995.59,7058.33,476260000,5929920000
2019-10-23,801110.SI,7040.96,7075.13,7014.35,7029.25,459470000,5422730000
2019-10-24,801110.SI,7035.21,7044.57,6969.69,6996.39,419250000,5241730000
2019-10-25,801110.SI,7015.34,7015.49,6864.02,6970.00,447870000,7336520000
2019-10-28,801110.SI,6994.77,7021.86,6943.22,6978.38,578140000,7051170000
2019-10-29,801110.SI,7068.86,7140.99,7011.34,7081.57,811350000,12213600000
2019-10-30,801110.SI,7074.89,7110.39,6987.35,7005.91,657300000,8419580000
2019-10-31,801110.SI,7055.49,7159.46,7055.49,7113.97,722810000,11528630000
2019-11-01,801110.SI,7145.16,7618.09,7140.25,7577.19,913050000,19650230000
2019-11-04,801110.SI,7627.36,7712.43,7584.13,7635.13,788930000,13059130000
2019-11-05,801110.SI,7655.39,7729.96,7575.84,7654.19,751690000,12202200000
2019-11-06,801110.SI,7677.94,7702.90,7623.46,7639.85,697230000,10164080000
2019-11-07,801110.SI,7644.74,7648.54,7567.52,7646.66,541930000,8071410000
2019-11-08,801110.SI,7729.44,7756.96,7631.09,7637.83,558980000,9358070000
2019-11-11,801110.SI,7525.09,7525.32,7338.66,7357.45,616110000,11945910000
2019-11-12,801110.SI,7279.98,7285.36,7193.82,7229.90,484760000,9728600000
2019-11-13,801110.SI,7279.85,7279.96,7190.33,7228.36,455160000,6931630000
2019-11-14,801110.SI,7258.57,7284.40,7193.45,7262.09,517160000,7828910000
2019-11-15,801110.SI,7279.86,7280.25,7211.32,7214.33,481590000,6216700000
2019-11-18,801110.SI,7208.17,7256.13,7159.37,7240.13,422770000,5957970000
2019-11-19,801110.SI,7240.92,7369.64,7235.75,7351.94,513480000,7919410000
2019-11-20,801110.SI,7353.89,7354.05,7266.07,7269.69,482570000,6251850000
2019-11-21,801110.SI,7239.42,7239.55,7119.97,7161.80,528390000,7303340000
2019-11-22,801110.SI,7182.91,7255.87,7051.00,7090.81,717870000,8589900000
2019-11-25,801110.SI,7090.81,7167.97,7043.19,7167.97,543940000,6982340000
2019-11-26,801110.SI,7223.50,7223.98,7150.58,7191.99,576330000,7403900000
2019-11-27,801110.SI,7103.37,7103.43,7015.26,7064.01,523310000,7487190000
2019-11-28,801110.SI,7095.86,7129.82,7069.89,7103.13,469990000,5930760000
2019-11-29,801110.SI,7096.39,7105.01,6950.88,7023.78,485850000,6467220000
2019-12-02,801110.SI,7041.51,7051.53,7041.48,7042.35,349720000,3651000000
2019-12-03,801110.SI,7135.76,7176.65,7077.44,7176.65,495880000,9649130000
2019-12-04,801110.SI,7156.74,7314.05,7152.70,7288.39,494580000,9491110000
2019-12-05,801110.SI,7323.14,7327.65,7251.66,7300.79,589980000,7704040000
2019-12-06,801110.SI,7310.10,7371.99,7304.80,7351.04,537290000,7211610000
2019-12-09,801110.SI,7373.62,7435.72,7342.54,7379.43,574800000,7592960000
2019-12-10,801110.SI,7384.25,7425.17,7365.36,7414.83,552740000,6617570000
2019-12-11,801110.SI,7435.50,7435.59,7348.96,7355.69,689110000,7332230000
2019-12-12,801110.SI,7394.80,7398.41,7325.77,7343.23,557090000,5699910000
2019-12-13,801110.SI,7443.65,7569.75,7438.48,7556.74,834090000,11719670000
2019-12-16,801110.SI,7561.77,7581.50,7538.29,7578.52,909500000,10340910000
2019-12-17,801110.SI,7585.55,7692.72,7569.07,7653.69,1007310000,11721100000
2019-12-18,801110.SI,7674.18,7762.26,7625.16,7648.76,905310000,10848660000
2019-12-19,801110.SI,7660.60,7716.94,7649.49,7681.95,938320000,9123840000
2019-12-20,801110.SI,7698.79,7731.38,7650.46,7650.46,924510000,9761810000
2019-12-23,801110.SI,7695.89,7722.53,7603.88,7603.88,791930000,10039650000
2019-12-24,801110.SI,7626.24,7660.08,7615.32,7659.22,633140000,7166360000
2019-12-25,801110.SI,7663.40,7696.09,7615.94,7634.38,708180000,7355520000
2019-12-26,801110.SI,7646.10,7711.90,7628.51,7711.90,687920000,7113040000
2019-12-27,801110.SI,7731.98,7754.45,7654.62,7658.01,712680000,8345200000
2019-12-30,801110.SI,7641.78,7782.02,7605.84,7763.44,629850000,8516380000
2019-12-31,801110.SI,7751.27,7788.60,7722.53,7779.44,544100000,6819350000
2020-01-02,801110.SI,7826.91,8007.53,7826.87,7995.19,832120000,12186510000
2020-01-03,801110.SI,8027.27,8027.27,7868.95,7876.44,774070000,10642470000
2020-01-06,801110.SI,7836.88,7887.37,7702.68,7786.03,1072410000,14146570000
2020-01-07,801110.SI,7807.64,7926.33,7807.56,7910.89,1037940000,12383080000
2020-01-08,801110.SI,7847.73,8063.76,7846.97,7975.01,1160690000,13822330000
2020-01-09,801110.SI,8059.94,8140.04,8059.94,8102.15,988060000,12582240000
2020-01-10,801110.SI,8135.82,8147.28,8091.34,8125.64,849810000,10330940000
2020-01-13,801110.SI,8155.53,8160.29,8091.54,8150.55,751830000,10021630000
2020-01-14,801110.SI,8188.83,8215.13,8138.84,8145.67,841450000,10361560000
2020-01-15,801110.SI,8158.27,8158.32,8022.62,8076.90,945400000,11069760000
2020-01-16,801110.SI,8122.00,8122.00,7974.12,8003.61,867390000,11099760000
2020-01-17,801110.SI,8049.67,8107.77,8016.55,8054.73,774540000,9759140000
2020-01-20,801110.SI,8081.27,8104.54,7998.80,8091.27,778840000,9641060000
2020-01-21,801110.SI,8036.98,8037.04,7882.51,7889.98,705050000,9900010000
2020-01-22,801110.SI,7837.37,7920.58,7690.30,7879.13,757350000,11154190000
2020-01-23,801110.SI,7771.85,7771.87,7534.47,7574.76,1065520000,15130660000
2020-02-03,801110.SI,6838.00,7187.39,6824.99,6920.96,809450000,15912400000
2020-02-04,801110.SI,6934.76,7209.91,6934.76,7207.26,1172120000,15150270000
2020-02-05,801110.SI,7254.59,7384.12,7226.97,7315.99,1060850000,14347910000
2020-02-06,801110.SI,7350.16,7444.70,7255.21,7423.66,1033410000,13568890000
2020-02-07,801110.SI,7376.70,7376.76,7270.30,7358.10,1017920000,12604050000
2020-02-10,801110.SI,7324.59,7395.37,7265.82,7388.67,1382090000,15138130000
2020-02-11,801110.SI,7456.53,7621.20,7426.33,7589.75,1394390000,17131370000
2020-02-12,801110.SI,7574.65,7674.67,7524.98,7633.85,1106020000,12372790000
2020-02-13,801110.SI,7625.38,7646.13,7506.48,7514.44,1304130000,15524710000
2020-02-14,801110.SI,7491.22,7547.84,7450.58,7505.02,1115260000,12605400000
2020-02-17,801110.SI,7444.69,7603.16,7444.69,7603.16,1271580000,15654830000
2020-02-18,801110.SI,7599.89,7599.89,7490.17,7553.60,1388610000,16886360000
2020-02-19,801110.SI,7539.60,7565.50,7493.12,7503.99,1513830000,17825990000
2020-02-20,801110.SI,7528.18,7729.18,7502.91,7729.18,1567880000,19035680000
2020-02-21,801110.SI,7720.97,7737.06,7658.86,7693.95,2133310000,23822960000
2020-02-24,801110.SI,7710.43,7712.40,7608.95,7678.24,1900320000,23539780000
2020-02-25,801110.SI,7561.92,7598.14,7469.76,7594.60,2233120000,25264080000
2020-02-26,801110.SI,7489.22,7668.89,7480.34,7545.62,2674700000,24982070000
2020-02-27,801110.SI,7529.44,7609.35,7529.41,7579.16,2053020000,18958110000
2020-02-28,801110.SI,7398.73,7449.24,7275.74,7336.08,2252060000,22028540000
2020-03-02,801110.SI,7350.67,7571.26,7350.67,7536.80,2138880000,21488410000
2020-03-03,801110.SI,7616.41,7623.63,7502.36,7572.42,2147690000,21920410000
2020-03-04,801110.SI,7505.55,7556.97,7457.81,7556.43,2017330000,18964130000
2020-03-05,801110.SI,7618.61,7869.92,7583.71,7865.27,2137720000,26492550000
2020-03-06,801110.SI,7758.83,7795.95,7732.45,7737.28,2022750000,21654890000
2020-03-09,801110.SI,7562.01,7562.15,7473.02,7473.02,1880180000,21529720000
2020-03-10,801110.SI,7427.42,7690.55,7427.42,7666.82,2003490000,22434710000
2020-03-11,801110.SI,7664.05,7664.09,7543.03,7543.03,1915210000,19700780000
2020-03-12,801110.SI,7441.70,7441.87,7316.25,7354.16,1698000000,19191770000
2020-03-13,801110.SI,6995.59,7297.98,6970.33,7180.37,2012900000,20856820000
2020-03-16,801110.SI,7212.06,7212.06,6853.54,6861.21,1639630000,17901250000
2020-03-17,801110.SI,6803.39,6978.41,6666.36,6729.83,1592500000,17390040000
2020-03-18,801110.SI,6778.16,6961.83,6699.12,6704.41,1706810000,18930040000
2020-03-19,801110.SI,6688.84,6722.81,6381.27,6547.10,1533360000,19425150000
2020-03-20,801110.SI,6618.43,6645.66,6535.45,6622.80,1286230000,14983450000
2020-03-23,801110.SI,6418.03,6442.11,6282.50,6286.26,1197600000,13438540000
2020-03-24,801110.SI,6401.94,6516.36,6324.89,6490.49,1279940000,14649170000
2020-03-25,801110.SI,6697.08,6741.91,6634.36,6721.86,1298230000,15387560000
2020-03-26,801110.SI,6679.05,6735.97,6632.48,6640.38,1054160000,10874550000
2020-03-27,801110.SI,6763.77,6800.68,6646.24,6656.78,1063760000,12224780000
2020-03-30,801110.SI,6563.39,6563.68,6446.98,6520.63,1071240000,11536470000
2020-03-31,801110.SI,6606.12,6639.05,6539.99,6539.99,891720000,9351730000
2020-04-01,801110.SI,6533.33,6649.40,6521.30,6551.77,955010000,10157650000
2020-04-02,801110.SI,6497.88,6623.71,6459.87,6623.71,962840000,10299430000
2020-04-03,801110.SI,6626.79,6636.63,6556.89,6573.40,1031450000,10227230000
2020-04-07,801110.SI,6692.28,6713.63,6664.86,6686.45,1281780000,13856030000
2020-04-08,801110.SI,6643.14,6643.14,6584.39,6608.08,1197970000,11961330000
2020-04-09,801110.SI,6638.15,6649.05,6613.10,6619.18,1074190000,10164680000
2020-04-10,801110.SI,6622.11,6872.76,6585.77,6718.15,1155190000,14087200000
2020-04-13,801110.SI,6762.20,6902.68,6762.20,6850.42,919890000,12502180000
2020-04-14,801110.SI,6929.74,6932.13,6825.32,6913.05,866640000,11676940000
2020-04-15,801110.SI,6824.52,6896.47,6769.70,6791.82,1145980000,15832800000
2020-04-16,801110.SI,6764.38,6794.14,6726.86,6788.57,953710000,10875770000
2020-04-17,801110.SI,6836.05,6850.14,6794.01,6805.18,1128410000,12139420000
2020-04-20,801110.SI,6820.17,6870.80,6787.78,6861.87,935610000,10071040000
2020-04-21,801110.SI,6860.49,6860.60,6729.56,6774.89,948640000,10755560000
2020-04-22,801110.SI,6734.05,6872.70,6708.67,6872.70,823350000,9509010000
2020-04-23,801110.SI,6893.23,6970.80,6893.23,6932.42,986250000,11568540000
2020-04-24,801110.SI,6943.86,6947.81,6838.65,6863.89,888620000,8644590000
2020-04-27,801110.SI,6827.44,6910.11,6811.40,6841.95,739640000,8144780000
2020-04-28,801110.SI,6844.51,6903.61,6726.52,6896.18,963730000,10747140000
2020-04-29,801110.SI,6854.99,7002.82,6854.77,6958.61,704750000,8948420000
2020-04-30,801110.SI,6961.81,7084.75,6961.81,7040.56,931750000,13054920000
2020-05-06,801110.SI,6938.31,7064.75,6938.31,7064.75,1073300000,14109640000
2020-05-07,801110.SI,7058.17,7065.98,7010.83,7021.22,915240000,10810500000
2020-05-08,801110.SI,7059.85,7325.51,7055.81,7298.68,1171800000,18304720000
2020-05-11,801110.SI,7364.89,7506.16,7336.03,7383.05,995790000,15757620000
2020-05-12,801110.SI,7424.71,7483.64,7383.52,7483.64,854620000,12913120000
2020-05-13,801110.SI,7454.99,7461.16,7376.80,7446.42,880420000,11034160000
2020-05-14,801110.SI,7434.57,7478.59,7426.56,7439.51,909920000,10270360000
2020-05-15,801110.SI,7464.01,7467.01,7365.18,7378.28,1004250000,11528410000
2020-05-18,801110.SI,7403.69,7450.52,7383.29,7390.95,956970000,11343370000
2020-05-19,801110.SI,7490.06,7509.38,7458.68,7475.13,825210000,10083850000
2020-05-20,801110.SI,7470.13,7485.85,7421.61,7448.85,893250000,10611440000
2020-05-21,801110.SI,7495.79,7495.82,7380.57,7400.38,835920000,9228860000
2020-05-22,801110.SI,7398.50,7398.51,7205.49,7217.41,756010000,9513500000
2020-05-25,801110.SI,7266.12,7266.12,7125.87,7163.70,614080000,8056090000
2020-05-26,801110.SI,7226.47,7370.62,7226.40,7364.83,727570000,9994730000
2020-05-27,801110.SI,7378.39,7463.32,7351.46,7379.21,790640000,11204670000
2020-05-28,801110.SI,7422.43,7489.30,7310.16,7380.27,721720000,10117710000
2020-05-29,801110.SI,7347.47,7472.98,7347.03,7472.98,747830000,9692280000
2020-06-01,801110.SI,7524.95,7643.09,7524.88,7628.11,943420000,13399580000
2020-06-02,801110.SI,7639.44,7639.44,7522.81,7567.25,1065080000,12844740000
2020-06-03,801110.SI,7581.18,7581.18,7512.18,7515.15,1044060000,12066300000
2020-06-04,801110.SI,7569.91,7625.88,7569.91,7617.94,880340000,11411160000
2020-06-05,801110.SI,7642.40,7681.84,7617.73,7668.07,906890000,10853600000
2020-06-08,801110.SI,7761.87,7938.32,7761.80,7822.90,1005890000,14745600000
2020-06-09,801110.SI,7857.94,7897.43,7828.57,7861.25,852630000,10334040000
2020-06-10,801110.SI,7892.91,7892.96,7786.57,7808.43,956150000,10183180000
2020-06-11,801110.SI,7767.97,7769.45,7593.87,7643.47,849400000,11026390000
2020-06-12,801110.SI,7483.33,7650.03,7465.57,7649.89,831220000,10806160000
2020-06-15,801110.SI,7561.58,7579.87,7431.72,7431.72,797540000,11027590000
2020-06-16,801110.SI,7515.44,7561.91,7501.14,7556.93,661650000,9062400000
2020-06-17,801110.SI,7561.01,7561.01,7477.61,7518.06,726480000,9028300000
2020-06-18,801110.SI,7493.22,7552.82,7479.57,7541.27,678700000,9047180000
2020-06-19,801110.SI,7561.59,7729.93,7561.58,7717.31,737230000,11727220000
2020-06-22,801110.SI,7670.22,7686.31,7607.26,7635.65,829930000,12825120000
2020-06-23,801110.SI,7617.22,7648.49,7563.26,7585.00,760320000,11608040000
2020-06-24,801110.SI,7603.86,7692.80,7603.86,7677.59,781700000,11220600000
2020-06-29,801110.SI,7663.41,7663.71,7590.60,7635.32,726410000,10393230000
2020-06-30,801110.SI,7673.02,7729.28,7625.64,7652.68,706950000,10246640000
2020-07-01,801110.SI,7675.30,7833.93,7630.23,7833.93,853320000,14112650000
2020-07-02,801110.SI,7798.33,7932.35,7784.11,7912.77,1061710000,17579210000
2020-07-03,801110.SI,7939.12,8006.65,7861.25,7905.62,1153670000,17303700000
2020-07-06,801110.SI,7924.31,8239.13,7924.31,8198.39,1644800000,25182180000
2020-07-07,801110.SI,8257.92,8453.07,8198.59,8198.59,1725800000,26429060000
2020-07-08,801110.SI,8186.64,8270.10,8079.66,8194.98,1585290000,22040350000
2020-07-09,801110.SI,8191.98,8292.70,8135.71,8292.15,1790700000,22955510000
2020-07-10,801110.SI,8281.23,8295.48,8113.42,8134.28,1539320000,21984590000
2020-07-13,801110.SI,8132.40,8265.69,8126.32,8239.83,1612710000,23670210000
2020-07-14,801110.SI,8272.47,8272.47,8024.52,8120.28,1623500000,22774920000
2020-07-15,801110.SI,8113.18,8267.16,8113.18,8168.76,1578640000,24201410000
2020-07-16,801110.SI,8169.54,8199.14,7800.28,7809.48,1498750000,22322150000
2020-07-17,801110.SI,7837.27,8060.45,7837.27,8027.62,1207390000,17187010000
2020-07-20,801110.SI,8061.43,8313.62,7991.27,8308.73,1189140000,19552010000
2020-07-21,801110.SI,8311.16,8359.60,8234.58,8331.56,1190290000,16873820000
2020-07-22,801110.SI,8298.33,8440.18,8277.38,8372.35,1187070000,18279830000
2020-07-23,801110.SI,8313.91,8527.82,8267.86,8523.09,1226770000,20363000000
2020-07-24,801110.SI,8437.61,8441.53,8037.88,8085.28,1406140000,21538370000
2020-07-27,801110.SI,8151.58,8151.58,7978.30,8086.67,1014430000,13743730000
2020-07-28,801110.SI,8126.70,8206.82,8090.65,8131.09,963810000,12468640000
2020-07-29,801110.SI,8133.37,8586.06,8133.37,8567.42,1394550000,23338410000
2020-07-30,801110.SI,8589.81,8597.62,8424.46,8451.83,1316310000,18445130000
2020-07-31,801110.SI,8425.85,8598.94,8360.08,8482.06,1266390000,18753400000
2020-08-03,801110.SI,8550.08,8711.38,8550.08,8643.99,1446360000,20191730000
2020-08-04,801110.SI,8655.72,8659.33,8543.32,8627.18,1584790000,22390380000
2020-08-05,801110.SI,8557.74,8671.82,8541.43,8638.71,1307060000,18199390000
2020-08-06,801110.SI,8594.28,8606.36,8451.64,8531.16,1219000000,18030470000
2020-08-07,801110.SI,8494.36,8574.43,8402.76,8550.62,1203730000,17262650000
2020-08-10,801110.SI,8505.23,8689.15,8450.71,8655.63,1263750000,16699420000
2020-08-11,801110.SI,8677.90,8749.74,8536.26,8541.20,1420330000,16839800000
2020-08-12,801110.SI,8495.71,8537.54,8322.11,8427.95,1068830000,15079650000
2020-08-13,801110.SI,8464.33,8536.83,8442.57,8455.68,982920000,11924600000
2020-08-14,801110.SI,8445.02,8629.12,8445.02,8629.12,944850000,11347590000
2020-08-17,801110.SI,8645.68,8820.01,8606.72,8737.60,1338320000,17113600000
2020-08-18,801110.SI,8731.42,8758.22,8654.76,8703.77,1408190000,15809190000
2020-08-19,801110.SI,8695.88,8719.45,8538.59,8539.11,1286670000,15364560000
2020-08-20,801110.SI,8498.18,8504.19,8377.81,8394.82,937210000,13210900000
2020-08-21,801110.SI,8456.87,8519.06,8404.33,8460.84,881100000,11711720000
2020-08-24,801110.SI,8479.18,8538.74,8417.34,8523.92,922020000,11680370000
2020-08-25,801110.SI,8540.58,8597.97,8514.58,8536.67,1188260000,13530790000
2020-08-26,801110.SI,8537.24,8589.87,8341.00,8393.54,1357750000,16653670000
2020-08-27,801110.SI,8405.24,8405.24,8268.88,8344.01,1296830000,15227780000
2020-08-28,801110.SI,8324.33,8589.38,8305.11,8581.22,1334130000,18450840000
2020-08-31,801110.SI,8685.56,8784.07,8529.23,8536.71,1302790000,18377720000
2020-09-01,801110.SI,8520.42,8636.32,8510.63,8632.93,1202990000,15182760000
2020-09-02,801110.SI,8661.15,8678.81,8515.79,8596.72,1440220000,15799190000
2020-09-03,801110.SI,8602.90,8662.73,8507.99,8523.90,1271350000,16776400000
2020-09-04,801110.SI,8381.26,8436.80,8356.40,8426.30,1232390000,14711190000
2020-09-07,801110.SI,8392.50,8433.62,8264.21,8287.76,1448970000,18172240000
2020-09-08,801110.SI,8295.30,8326.12,8220.92,8324.31,1418410000,15037360000
2020-09-09,801110.SI,8217.27,8237.82,8114.98,8119.63,1698800000,17530920000
2020-09-10,801110.SI,8179.78,8216.47,8094.99,8123.59,1344040000,13535380000
2020-09-11,801110.SI,8093.22,8212.72,8062.15,8173.64,890600000,9894830000
2020-09-14,801110.SI,8198.33,8337.00,8198.25,8331.00,1100250000,12304970000
2020-09-15,801110.SI,8361.69,8498.61,8350.42,8482.65,1064530000,12980730000
2020-09-16,801110.SI,8470.53,8528.09,8363.05,8384.68,839850000,10588110000
2020-09-17,801110.SI,8380.93,8476.14,8366.88,8439.25,898110000,10666600000
2020-09-18,801110.SI,8477.48,8554.90,8432.07,8513.37,897630000,11199670000
2020-09-21,801110.SI,8523.65,8597.76,8496.75,8527.80,907180000,13004160000
2020-09-22,801110.SI,8460.59,8514.84,8415.19,8443.07,840590000,9462970000
2020-09-23,801110.SI,8455.48,8527.27,8419.04,8517.71,806700000,9265950000
2020-09-24,801110.SI,8453.14,8469.10,8332.86,8361.33,866770000,10081720000
2020-09-25,801110.SI,8379.39,8405.78,8279.58,8307.02,701090000,8953040000
2020-09-28,801110.SI,8314.81,8361.21,8266.15,8269.50,624810000,8980960000
2020-09-29,801110.SI,8305.94,8429.91,8303.92,8380.91,566040000,8413570000
2020-09-30,801110.SI,8413.90,8458.73,8367.68,8380.47,573590000,7757880000
2020-10-09,801110.SI,8505.35,8615.05,8505.35,8562.43,750070000,11562190000
2020-10-12,801110.SI,8555.98,8706.98,8552.59,8706.98,913350000,12866220000
2020-10-13,801110.SI,8707.02,8822.72,8665.32,8822.71,922500000,11869470000
2020-10-14,801110.SI,8844.62,8911.83,8821.15,8856.88,914120000,15676200000
2020-10-15,801110.SI,8866.79,8970.81,8862.06,8894.72,870240000,13535140000
2020-10-16,801110.SI,8883.64,8929.52,8775.38,8789.51,743430000,11141470000
2020-10-19,801110.SI,8825.15,8929.40,8731.51,8755.47,755050000,10521080000
2020-10-20,801110.SI,8741.21,8866.86,8739.45,8857.70,705090000,9438490000
2020-10-21,801110.SI,8855.90,8966.97,8837.39,8931.67,776310000,11505150000
2020-10-22,801110.SI,8911.85,9002.78,8802.65,8986.78,683880000,10463970000
2020-10-23,801110.SI,8954.75,8994.11,8777.32,8779.15,683410000,9696620000
2020-10-26,801110.SI,8765.70,8871.11,8635.44,8854.48,726490000,9587800000
2020-10-27,801110.SI,8810.90,8839.75,8761.97,8771.24,941000000,11740140000
2020-10-28,801110.SI,8779.82,8898.98,8776.45,8876.60,972460000,12898050000
2020-10-29,801110.SI,8781.40,9229.11,8781.40,9161.60,1123230000,17211000000
2020-10-30,801110.SI,9265.12,9288.22,8971.90,8989.39,1182190000,19681630000
2020-11-02,801110.SI,9048.64,9508.79,9048.64,9415.33,1201960000,21596370000
2020-11-03,801110.SI,9436.38,9436.38,9266.78,9406.71,1078060000,16696350000
2020-11-04,801110.SI,9425.39,9780.02,9425.32,9724.99,1274480000,22761940000
2020-11-05,801110.SI,9784.59,9978.89,9735.86,9812.72,1282120000,21282860000
2020-11-06,801110.SI,9844.90,10198.73,9764.21,10145.54,1253100000,23905350000
2020-11-09,801110.SI,10246.93,10484.51,10166.09,10236.91,1328350000,25036990000
2020-11-10,801110.SI,10153.85,10153.86,9928.16,10072.89,1042030000,17885780000
2020-11-11,801110.SI,9983.90,10086.06,9881.78,9940.68,934600000,15720060000
2020-11-12,801110.SI,10055.65,10139.34,10002.66,10127.14,1065100000,16147030000
2020-11-13,801110.SI,10081.70,10118.90,9961.67,10100.38,927420000,13996940000
2020-11-16,801110.SI,10229.72,10232.76,9909.52,10081.26,986430000,15595620000
2020-11-17,801110.SI,10088.77,10297.38,10088.77,10169.70,1114500000,17681280000
2020-11-18,801110.SI,10145.85,10210.57,9942.72,10013.95,982060000,15778950000
2020-11-19,801110.SI,10054.04,10404.44,10054.02,10347.69,1076170000,17283410000
2020-11-20,801110.SI,10355.26,10383.96,10242.15,10259.84,916370000,15889290000
2020-11-23,801110.SI,10202.36,10393.80,10118.78,10381.88,912330000,16497720000
2020-11-24,801110.SI,10385.08,10385.13,9999.73,10100.50,883130000,17137300000
2020-11-25,801110.SI,10113.12,10161.50,9967.04,9980.02,834460000,13311880000
2020-11-26,801110.SI,9978.65,10021.00,9738.51,9810.16,786220000,14582520000
2020-11-27,801110.SI,9835.45,9964.94,9812.69,9887.34,658160000,10719890000
2020-11-30,801110.SI,9881.75,9955.61,9767.79,9776.20,758920000,12845370000
2020-12-01,801110.SI,9748.10,9906.25,9746.40,9906.25,830700000,11817200000
2020-12-02,801110.SI,9985.62,10153.58,9977.74,10111.18,1120300000,17947220000
2020-12-03,801110.SI,10076.79,10076.81,9913.19,10031.55,886490000,13489860000
2020-12-04,801110.SI,9986.34,10002.26,9883.90,10002.26,661870000,11413130000
2020-12-07,801110.SI,10024.21,10024.21,9901.53,9926.60,726910000,10512760000
2020-12-08,801110.SI,9940.55,9940.55,9726.20,9776.56,724590000,13694940000
2020-12-09,801110.SI,9742.19,9748.04,9444.13,9444.18,894280000,16249850000
2020-12-10,801110.SI,9452.66,9560.81,9452.66,9502.41,938010000,12929410000
2020-12-11,801110.SI,9584.64,9584.80,9382.56,9479.15,1189130000,13779020000
2020-12-14,801110.SI,9562.01,9562.06,9375.59,9447.66,950610000,12324300000
2020-12-15,801110.SI,9429.79,9488.28,9311.39,9454.25,992210000,15179190000
2020-12-16,801110.SI,9473.55,9615.46,9464.91,9550.77,1003050000,16270380000
2020-12-17,801110.SI,9584.15,9740.47,9566.74,9717.25,1059500000,16078360000
2020-12-18,801110.SI,9693.65,9749.06,9628.47,9691.10,948760000,13525080000
2020-12-21,801110.SI,9702.75,9702.75,9527.87,9657.85,984520000,16088470000
2020-12-22,801110.SI,9622.42,9760.66,9538.29,9629.98,1070820000,16015170000
2020-12-23,801110.SI,9630.84,9854.67,9630.84,9780.23,1053490000,16612220000
2020-12-24,801110.SI,9800.08,9820.19,9705.00,9806.64,1041380000,13221170000
2020-12-25,801110.SI,9789.08,9861.80,9714.70,9816.71,1089240000,14008370000
2020-12-28,801110.SI,9801.72,10085.13,9801.72,9992.62,930220000,15813920000
2020-12-29,801110.SI,9987.08,9987.23,9852.63,9913.78,1085380000,14141870000
2020-12-30,801110.SI,9915.11,9992.05,9878.10,9977.88,882110000,12344190000
2020-12-31,801110.SI,9967.31,10231.81,9967.29,10197.01,1075360000,15226160000
2021-01-04,801110.SI,10239.28,10428.25,10239.28,10342.01,1232420000,19517770000
2021-01-05,801110.SI,10270.52,10642.80,10249.57,10625.13,1222500000,21521250000
2021-01-06,801110.SI,10734.72,10823.83,10450.76,10527.54,1195710000,19331820000
2021-01-07,801110.SI,10566.09,10777.53,10553.38,10733.27,1139240000,19684420000
2021-01-08,801110.SI,10695.09,10783.62,10551.96,10681.27,1121080000,18464630000
2021-01-11,801110.SI,10665.27,10729.93,10363.17,10431.85,1250710000,20230830000
2021-01-12,801110.SI,10385.48,10791.49,10385.47,10774.83,1130120000,18989050000
2021-01-13,801110.SI,10838.62,10930.02,10662.99,10776.80,1263460000,20540210000
2021-01-14,801110.SI,10773.47,10831.21,10466.31,10488.90,1014200000,17296350000
2021-01-15,801110.SI,10422.61,10508.26,10277.77,10490.82,905020000,15920520000
2021-01-18,801110.SI,10445.75,10649.75,10403.26,10586.79,994570000,16263080000
2021-01-19,801110.SI,10611.99,10642.92,10236.64,10282.61,1053650000,18448620000
2021-01-20,801110.SI,10313.38,10389.09,10211.85,10272.86,792520000,16037420000
2021-01-21,801110.SI,10316.36,10592.09,10316.26,10508.06,987830000,17694660000
2021-01-22,801110.SI,10507.04,10553.71,10302.07,10471.83,962590000,16729520000
2021-01-25,801110.SI,10490.18,10608.11,10354.94,10539.81,1075660000,19331280000
2021-01-26,801110.SI,10473.85,10473.88,10182.62,10211.95,1065460000,18596500000
2021-01-27,801110.SI,10160.93,10334.84,10090.91,10250.14,954350000,16591180000
2021-01-28,801110.SI,10109.49,10132.55,9891.22,9918.55,997290000,16065300000
2021-01-29,801110.SI,9956.67,10034.10,9830.62,9881.23,964390000,15974220000
2021-02-01,801110.SI,9889.91,9987.17,9814.25,9978.73,872270000,13640040000
2021-02-02,801110.SI,9956.95,10212.57,9956.95,10201.65,779540000,15287900000
2021-02-03,801110.SI,10281.08,10302.34,10019.10,10091.18,819330000,15111320000
2021-02-04,801110.SI,9985.25,10058.80,9921.30,10013.74,864980000,14020990000
2021-02-05,801110.SI,10033.82,10171.26,9968.93,10096.83,855440000,14917890000
2021-02-08,801110.SI,10115.57,10136.77,9947.51,10102.83,721110000,13710030000
2021-02-09,801110.SI,10153.71,10361.09,10057.06,10361.09,719360000,16129680000
2021-02-10,801110.SI,10411.33,10716.17,10371.81,10668.61,683860000,16480360000
2021-02-18,801110.SI,10741.84,10741.84,10176.88,10244.45,884380000,22120250000
2021-02-19,801110.SI,10072.68,10285.39,10072.57,10256.08,828110000,17988340000
2021-02-22,801110.SI,10191.64,10191.64,9667.11,9667.11,1105170000,24277400000
2021-02-23,801110.SI,9574.20,9740.18,9574.20,9651.64,796260000,17301900000
2021-02-24,801110.SI,9931.79,10051.86,9701.19,9822.05,830350000,21095790000
2021-02-25,801110.SI,9849.78,9957.98,9784.33,9859.69,787220000,16056100000
2021-02-26,801110.SI,9681.20,9851.37,9651.26,9730.02,714970000,15947640000
2021-03-01,801110.SI,9762.52,9931.55,9750.67,9866.25,672670000,13155970000
2021-03-02,801110.SI,9983.04,10065.15,9811.30,9882.09,695040000,14355060000
2021-03-03,801110.SI,9842.41,9871.85,9747.27,9860.23,685280000,11674050000
2021-03-04,801110.SI,9763.20,9763.40,9522.31,9557.03,740100000,14134330000
2021-03-05,801110.SI,9386.70,9584.36,9308.40,9525.26,731900000,11950950000
2021-03-08,801110.SI,9537.43,9626.87,9227.45,9231.92,838650000,15196690000
2021-03-09,801110.SI,9177.53,9288.93,8978.18,9087.00,839930000,15953440000
2021-03-10,801110.SI,9229.57,9255.01,9096.14,9203.54,661020000,11714050000
2021-03-11,801110.SI,9226.60,9357.37,9193.03,9337.98,623780000,11185700000
2021-03-12,801110.SI,9339.06,9433.59,9311.01,9349.12,629530000,10447810000
2021-03-15,801110.SI,9296.23,9296.25,9015.97,9088.21,682110000,11758770000
2021-03-16,801110.SI,9146.85,9251.44,9146.85,9220.47,700630000,12555120000
2021-03-17,801110.SI,9225.26,9449.72,9173.45,9434.22,657290000,13788210000
2021-03-18,801110.SI,9497.61,9575.85,9439.04,9566.25,560160000,10848120000
2021-03-19,801110.SI,9436.81,9483.79,9296.63,9343.07,600730000,11382270000
2021-03-22,801110.SI,9338.16,9405.42,9246.88,9343.54,671940000,10654390000
2021-03-23,801110.SI,9343.10,9368.08,9224.35,9256.81,643600000,11167930000
2021-03-24,801110.SI,9251.44,9332.31,9208.65,9230.38,605580000,9261840000
2021-03-25,801110.SI,9159.39,9199.09,9078.52,9171.36,519390000,8446860000
2021-03-26,801110.SI,9253.90,9330.25,9138.65,9303.38,588960000,10620210000
2021-03-29,801110.SI,9327.46,9368.71,9258.72,9321.03,694910000,11581340000
2021-03-30,801110.SI,9346.86,9380.92,9252.59,9341.41,624720000,10710830000
2021-03-31,801110.SI,9384.24,9463.89,9333.01,9408.80,618620000,12010200000
2021-04-01,801110.SI,9407.24,9633.22,9379.01,9609.82,639300000,11293210000
2021-04-02,801110.SI,9630.52,9785.96,9573.03,9696.63,594630000,10365560000
2021-04-06,801110.SI,9712.76,9731.88,9505.27,9529.68,582150000,9633830000
2021-04-07,801110.SI,9552.42,9552.71,9377.23,9489.57,608070000,10369670000
2021-04-08,801110.SI,9470.49,9518.14,9425.44,9496.63,622960000,8808770000
2021-04-09,801110.SI,9522.88,9522.95,9337.83,9380.25,617240000,10250840000
2021-04-12,801110.SI,9359.63,9419.28,9166.35,9204.49,643000000,9862930000
2021-04-13,801110.SI,9187.52,9227.14,9070.42,9108.10,561350000,8656210000
2021-04-14,801110.SI,9143.85,9267.00,9143.85,9250.01,560740000,8048490000
2021-04-15,801110.SI,9287.92,9356.90,9214.84,9268.77,631110000,9832280000
2021-04-16,801110.SI,9333.27,9337.49,9202.80,9283.39,634220000,8547810000
2021-04-19,801110.SI,9304.85,9460.12,9244.28,9424.34,748830000,10762070000
2021-04-20,801110.SI,9390.98,9394.30,9309.34,9369.13,765840000,10920050000
2021-04-21,801110.SI,9286.97,9341.29,9279.29,9307.65,872020000,10369690000
2021-04-22,801110.SI,9317.32,9342.34,9246.38,9309.54,703070000,9983300000
2021-04-23,801110.SI,9322.14,9502.15,9316.42,9494.24,687730000,11886180000
2021-04-26,801110.SI,9523.02,9538.08,9243.93,9243.93,758370000,13377140000
2021-04-27,801110.SI,9238.42,9319.33,9167.02,9243.85,669950000,10640750000
2021-04-28,801110.SI,9282.29,9344.09,9234.11,9344.09,694300000,11158570000
2021-04-29,801110.SI,9422.33,9569.94,9346.27,9484.01,731800000,15690340000
2021-04-30,801110.SI,9585.78,9585.89,9300.33,9338.27,786360000,15857570000
2021-05-06,801110.SI,9216.22,9350.92,9174.83,9208.58,739280000,13613500000
2021-05-07,801110.SI,9218.11,9218.20,8970.61,8984.75,710900000,13169790000
2021-05-10,801110.SI,9016.06,9141.33,9003.59,9112.50,737670000,13298790000
2021-05-11,801110.SI,9052.21,9150.18,8998.82,9132.06,848160000,10769840000
2021-05-12,801110.SI,9153.88,9153.88,8958.47,9056.16,956520000,13588560000
2021-05-13,801110.SI,8949.39,8957.74,8815.94,8829.36,910080000,14507800000
2021-05-14,801110.SI,8831.32,8940.30,8718.55,8937.57,1068380000,14310490000
2021-05-17,801110.SI,8979.11,9140.87,8967.99,9079.77,1191780000,15507000000
2021-05-18,801110.SI,9139.55,9149.25,9017.07,9054.42,835810000,10728560000
2021-05-19,801110.SI,9012.00,9012.44,8931.73,8979.74,765450000,10415990000
2021-05-20,801110.SI,9081.34,9209.93,9024.09,9199.31,838450000,16799300000
2021-05-21,801110.SI,9240.00,9369.10,9178.76,9214.78,702090000,13714240000
2021-05-24,801110.SI,9251.85,9270.93,9145.37,9230.05,654420000,11893600000
2021-05-25,801110.SI,9237.09,9272.09,9170.19,9257.19,836690000,17678050000
2021-05-26,801110.SI,9290.18,9396.59,9227.67,9362.86,781060000,13232410000
2021-05-27,801110.SI,9501.81,9517.34,9411.05,9439.78,793990000,15526020000
2021-05-28,801110.SI,9410.19,9410.19,9269.01,9312.58,730160000,14490950000
2021-05-31,801110.SI,9325.09,9325.09,9109.64,9208.79,739020000,15416070000
2021-06-01,801110.SI,9182.09,9182.14,9080.48,9172.35,791150000,14722130000
2021-06-02,801110.SI,9146.94,9146.99,9065.73,9129.92,736730000,12655050000
2021-06-03,801110.SI,9134.83,9134.93,9017.55,9034.56,654440000,12670290000
2021-06-04,801110.SI,8997.91,9093.19,8948.60,9035.87,643820000,10899580000
2021-06-07,801110.SI,9039.62,9039.62,8930.41,8955.25,653480000,11981400000
2021-06-08,801110.SI,8950.63,8995.34,8873.08,8908.20,676260000,12254380000
2021-06-09,801110.SI,8916.56,8916.56,8851.94,8875.51,907340000,11104470000
2021-06-10,801110.SI,8874.61,8892.58,8841.15,8867.29,937340000,13103670000
2021-06-11,801110.SI,8876.46,8876.46,8714.87,8751.02,842630000,14415800000
2021-06-15,801110.SI,8744.96,8768.50,8582.44,8693.59,868560000,14661810000
2021-06-16,801110.SI,8726.21,8792.82,8673.66,8745.40,755940000,12257900000
2021-06-17,801110.SI,8744.82,8744.82,8627.40,8643.39,794610000,12200430000
2021-06-18,801110.SI,8642.84,8668.82,8532.15,8630.72,886410000,15509790000
2021-06-21,801110.SI,8563.82,8563.82,8421.61,8458.12,1052990000,19446660000
2021-06-22,801110.SI,8472.75,8552.30,8384.85,8419.77,1195970000,19495400000
2021-06-23,801110.SI,8427.63,8635.77,8426.86,8635.77,1081020000,18678080000
2021-06-24,801110.SI,8709.60,8709.60,8600.18,8632.87,1015140000,15394010000
2021-06-25,801110.SI,8645.52,8705.89,8583.91,8687.61,1071990000,16412850000
2021-06-28,801110.SI,8762.98,8794.74,8688.31,8725.19,998580000,14813650000
2021-06-29,801110.SI,8756.59,8756.63,8543.96,8554.94,1082410000,15929920000
2021-06-30,801110.SI,8561.52,8612.44,8553.78,8607.78,917600000,13294370000
2021-07-01,801110.SI,8617.77,8733.14,8517.60,8674.70,1075110000,14825200000
2021-07-02,801110.SI,8594.54,8594.62,8457.28,8491.30,886460000,14370310000
2021-07-05,801110.SI,8446.59,8446.59,8212.31,8305.35,931050000,17270990000
2021-07-06,801110.SI,8263.70,8340.88,8230.47,8317.09,937580000,14654600000
2021-07-07,801110.SI,8308.58,8546.91,8303.68,8446.11,856590000,14989890000
2021-07-08,801110.SI,8442.55,8442.55,8312.36,8365.82,1056350000,15464870000
2021-07-09,801110.SI,8337.75,8366.29,8219.19,8331.95,956120000,13864160000
2021-07-12,801110.SI,8380.99,8471.14,8337.76,8404.97,972400000,14740450000
2021-07-13,801110.SI,8410.51,8611.49,8375.72,8586.61,912890000,15700880000
2021-07-14,801110.SI,8562.25,8572.22,8486.35,8516.84,913860000,15149400000
2021-07-15,801110.SI,8481.38,8508.23,8394.36,8451.52,842090000,13347490000
2021-07-16,801110.SI,8453.86,8453.86,8313.55,8369.20,790810000,13996320000
2021-07-19,801110.SI,8392.55,8456.08,8317.37,8443.79,833440000,14558900000
2021-07-20,801110.SI,8394.04,8436.92,8330.24,8388.74,735340000,11395620000
2021-07-21,801110.SI,8404.71,8430.85,8310.93,8314.10,917940000,15405110000
2021-07-22,801110.SI,8303.14,8418.26,8274.93,8309.01,1225770000,16308820000
2021-07-23,801110.SI,8298.48,8302.24,8136.17,8146.55,1199310000,16828570000
2021-07-26,801110.SI,8075.33,8075.33,7939.65,7939.65,1139730000,17712690000
2021-07-27,801110.SI,7966.64,7973.62,7664.47,7664.47,1177580000,19607780000
2021-07-28,801110.SI,7628.65,7761.42,7576.56,7743.45,1084360000,15641590000
2021-07-29,801110.SI,7849.01,7849.01,7715.03,7761.00,1035720000,15147170000
2021-07-30,801110.SI,7764.61,7839.89,7696.82,7816.95,998210000,14867820000
2021-08-02,801110.SI,7791.06,8069.17,7740.21,8041.96,1066120000,17391150000
2021-08-03,801110.SI,7998.77,8412.41,7978.27,8338.05,1099850000,19911360000
2021-08-04,801110.SI,8351.13,8377.36,8262.16,8295.98,1044230000,17020710000
2021-08-05,801110.SI,8243.29,8396.58,8237.95,8261.82,1051860000,15252540000
2021-08-06,801110.SI,8280.13,8280.13,8136.08,8252.92,940550000,13041460000
2021-08-09,801110.SI,8202.68,8479.42,8196.21,8429.46,1009490000,16614230000
2021-08-10,801110.SI,8387.80,8485.63,8302.35,8485.63,1088580000,15829240000
2021-08-11,801110.SI,8452.98,8575.33,8446.89,8451.02,1081780000,15852970000
2021-08-12,801110.SI,8431.15,8461.16,8319.02,8331.40,973580000,14742710000
2021-08-13,801110.SI,8335.00,8401.36,8248.11,8380.49,992320000,14605240000
2021-08-16,801110.SI,8402.76,8615.38,8402.76,8604.43,1062660000,18177580000
2021-08-17,801110.SI,8599.01,8612.09,8399.49,8408.54,953590000,13846880000
2021-08-18,801110.SI,8416.52,8489.40,8377.74,8474.61,718440000,10992290000
2021-08-19,801110.SI,8491.99,8514.78,8332.29,8336.36,806690000,12034410000
2021-08-20,801110.SI,8274.60,8318.58,8097.46,8261.29,846330000,14300160000
2021-08-23,801110.SI,8147.12,8222.71,8113.85,8194.94,932530000,15162180000
2021-08-24,801110.SI,8174.70,8269.38,8074.18,8191.91,878530000,14377290000
2021-08-25,801110.SI,8188.22,8188.22,8111.10,8130.17,867730000,11817850000
2021-08-26,801110.SI,8108.14,8108.17,7959.11,7974.44,879230000,12897480000
2021-08-27,801110.SI,7968.93,8043.82,7952.61,7984.57,925410000,13102010000
2021-08-30,801110.SI,7995.63,7995.63,7759.70,7796.78,1003490000,17272950000
2021-08-31,801110.SI,7844.24,7953.23,7731.27,7813.68,948160000,16337520000
2021-09-01,801110.SI,7852.22,8065.85,7737.94,8036.77,1123690000,19584860000
2021-09-02,801110.SI,8068.93,8068.93,7880.93,7981.67,990210000,16934320000
2021-09-03,801110.SI,7966.88,8057.04,7917.69,8016.59,1041970000,15236300000
2021-09-06,801110.SI,8032.73,8239.49,8032.73,8186.43,879470000,15368700000
2021-09-07,801110.SI,8199.80,8300.17,8155.29,8250.75,891010000,14659550000
2021-09-08,801110.SI,8246.80,8287.93,8193.64,8219.56,989080000,13453810000
2021-09-09,801110.SI,8210.35,8242.62,8108.12,8165.23,823510000,11287580000
2021-09-10,801110.SI,8163.47,8211.60,8106.05,8167.35,959800000,13881760000
2021-09-13,801110.SI,8177.90,8177.99,8021.83,8044.91,1052760000,14595310000
2021-09-14,801110.SI,8049.14,8076.48,7859.56,7869.42,988490000,14617840000
2021-09-15,801110.SI,7844.16,7844.18,7656.46,7711.30,1058670000,15730300000
2021-09-16,801110.SI,7703.33,7741.10,7594.74,7596.88,1020250000,15867750000
2021-09-17,801110.SI,7615.59,7733.09,7574.90,7733.09,900630000,14121530000
2021-09-22,801110.SI,7603.17,7632.52,7552.12,7579.71,766760000,11173540000
2021-09-23,801110.SI,7640.26,7683.40,7582.10,7623.48,891020000,12179710000
2021-09-24,801110.SI,7598.51,7674.32,7571.38,7590.91,861520000,12099090000
2021-09-27,801110.SI,7592.51,7797.22,7562.49,7646.52,951030000,14636550000
2021-09-28,801110.SI,7597.60,7748.85,7578.47,7728.18,680230000,11118490000
2021-09-29,801110.SI,7721.50,7784.91,7666.81,7755.13,733680000,12868430000
2021-09-30,801110.SI,7751.68,7810.60,7726.66,7734.73,595140000,10009180000
2021-10-08,801110.SI,7798.02,7956.38,7756.46,7953.12,727830000,13737640000
2021-10-11,801110.SI,7978.65,7995.64,7886.38,7898.36,633320000,10187970000
2021-10-12,801110.SI,7872.27,7955.16,7820.36,7885.58,750430000,10434210000
2021-10-13,801110.SI,7888.85,7889.24,7793.87,7862.94,588440000,9122310000
2021-10-14,801110.SI,7848.22,7911.37,7785.97,7813.35,601870000,9009940000
2021-10-15,801110.SI,7839.92,7915.39,7819.78,7863.31,616780000,9965000000
2021-10-18,801110.SI,7875.07,7875.14,7714.65,7758.82,675160000,10551100000
2021-10-19,801110.SI,7728.61,7832.99,7728.58,7816.23,633490000,9679030000
2021-10-20,801110.SI,7823.51,7841.47,7667.48,7673.98,651430000,11313780000
2021-10-21,801110.SI,7679.97,7801.11,7648.65,7801.11,713330000,12830910000
2021-10-22,801110.SI,7820.24,8165.21,7820.24,8122.95,931580000,21445060000
2021-10-25,801110.SI,8062.62,8077.25,7899.72,7979.36,851050000,16269780000
2021-10-26,801110.SI,7948.83,7958.70,7826.56,7829.24,737940000,13635500000
2021-10-27,801110.SI,7731.92,7731.92,7529.55,7534.98,990140000,19377410000
2021-10-28,801110.SI,7489.06,7608.64,7449.01,7587.09,829550000,13847740000
2021-10-29,801110.SI,7554.71,7710.37,7542.38,7682.11,728060000,13262850000
2021-11-01,801110.SI,7781.22,8000.08,7758.67,7914.40,939160000,18501150000
2021-11-02,801110.SI,7905.16,7939.29,7704.55,7742.03,858920000,13939420000
2021-11-03,801110.SI,7701.78,7764.57,7663.65,7670.31,621810000,10307810000
2021-11-04,801110.SI,7707.52,7788.27,7673.74,7776.05,757130000,12031530000
2021-11-05,801110.SI,7733.26,7840.64,7698.07,7772.12,815430000,12775080000
2021-11-08,801110.SI,7743.96,7750.23,7727.93,7741.21,901310000,11942120000
2021-11-09,801110.SI,7734.71,7734.71,7632.26,7669.38,864570000,12320000000
2021-11-10,801110.SI,7638.68,7650.84,7523.18,7635.73,834390000,13873760000
2021-11-11,801110.SI,7616.17,7889.57,7613.91,7871.33,1015100000,17387620000
2021-11-12,801110.SI,7877.34,7966.02,7845.11,7905.22,1031560000,15393130000
2021-11-15,801110.SI,7920.57,7999.86,7900.76,7976.12,1051630000,14983580000
2021-11-16,801110.SI,8011.93,8084.85,7998.18,8019.06,1023690000,15736500000
2021-11-17,801110.SI,8009.44,8037.24,7933.03,7975.41,1101590000,15708590000
2021-11-18,801110.SI,7956.25,7956.27,7809.35,7815.24,1040940000,14343530000
2021-11-19,801110.SI,7814.25,7892.50,7794.60,7876.80,998980000,13349510000
2021-11-22,801110.SI,7882.63,7915.73,7854.31,7893.14,1059560000,14044760000
2021-11-23,801110.SI,7879.58,7886.85,7846.68,7885.61,1121170000,15039680000
2021-11-24,801110.SI,7920.40,7924.27,7815.73,7884.68,1084250000,14718450000
2021-11-25,801110.SI,7871.39,7872.94,7800.17,7802.76,986460000,13382280000
2021-11-26,801110.SI,7788.55,7795.96,7753.32,7768.72,844300000,11080090000
2021-11-29,801110.SI,7669.93,7713.19,7649.87,7676.32,886460000,13332890000
2021-11-30,801110.SI,7667.92,7791.62,7665.48,7690.51,951920000,13135600000
2021-12-01,801110.SI,7674.37,7761.46,7672.39,7761.46,979310000,12976860000
2021-12-02,801110.SI,7715.10,7770.13,7706.63,7752.87,1057740000,13148010000
2021-12-03,801110.SI,7749.94,7768.73,7710.17,7756.05,960130000,13426950000
2021-12-06,801110.SI,7755.74,7911.34,7755.73,7844.97,1131950000,16330840000
2021-12-07,801110.SI,7908.53,8004.84,7908.52,8004.84,1157250000,19824860000
2021-12-08,801110.SI,8023.23,8023.23,7902.13,8009.29,1017390000,16194950000
2021-12-09,801110.SI,8087.76,8204.42,8075.25,8164.86,1618430000,22971220000
2021-12-10,801110.SI,8106.80,8150.74,8082.64,8148.57,1274620000,17132920000
2021-12-13,801110.SI,8176.92,8334.75,8167.94,8180.35,1257940000,18912480000
2021-12-14,801110.SI,8147.04,8147.06,8011.19,8020.42,1017010000,15341210000
2021-12-15,801110.SI,8003.86,8022.07,7936.92,7948.74,993930000,13740800000
2021-12-16,801110.SI,7956.41,7961.75,7890.08,7961.75,920550000,12708220000
2021-12-17,801110.SI,7941.11,7941.13,7824.06,7824.06,874090000,12327090000
2021-12-20,801110.SI,7815.28,7925.05,7807.17,7820.02,1143030000,12777290000
2021-12-21,801110.SI,7823.67,7994.81,7821.94,7987.19,1227000000,14351710000
2021-12-22,801110.SI,7999.49,8009.99,7895.71,7993.43,975320000,12062300000
2021-12-23,801110.SI,7961.91,8027.28,7917.19,7972.73,810460000,10331000000
2021-12-24,801110.SI,7949.19,7950.13,7854.36,7915.09,914560000,10730470000
2021-12-27,801110.SI,7920.79,8089.69,7920.79,8070.00,900360000,15264770000
2021-12-28,801110.SI,8081.56,8299.88,8081.55,8290.68,1105600000,20736750000
2021-12-29,801110.SI,8261.76,8261.84,8142.55,8159.73,966900000,15022490000
2021-12-30,801110.SI,8158.80,8219.45,8151.72,8186.58,1032960000,13422870000
2021-12-31,801110.SI,8183.78,8239.38,8138.17,8204.50,880710000,11976220000
2022-01-04,801110.SI,8221.66,8300.01,8193.90,8290.31,1143630000,16348260000
2022-01-05,801110.SI,8287.53,8601.81,8235.35,8400.31,1385490000,26516400000
2022-01-06,801110.SI,8360.96,8468.41,8310.42,8337.60,1105400000,18166770000
2022-01-07,801110.SI,8376.30,8597.00,8376.30,8548.01,1286610000,23685080000
2022-01-10,801110.SI,8560.01,8684.39,8484.26,8557.61,951950000,18171460000
2022-01-11,801110.SI,8511.34,8621.53,8378.18,8382.73,919110000,15433890000
2022-01-12,801110.SI,8408.47,8408.59,8234.83,8350.58,821060000,13871440000
2022-01-13,801110.SI,8366.35,8366.35,8155.98,8157.36,809300000,12720770000
2022-01-14,801110.SI,8137.56,8165.30,8059.23,8069.59,931480000,13122920000
2022-01-17,801110.SI,8055.65,8153.19,8046.53,8143.28,853630000,12185260000
2022-01-18,801110.SI,8134.08,8200.35,8077.39,8194.00,931650000,14000400000
2022-01-19,801110.SI,8186.92,8334.93,8182.41,8280.13,776380000,14165780000
2022-01-20,801110.SI,8278.39,8450.14,8183.11,8433.83,885600000,16365060000
2022-01-21,801110.SI,8401.88,8430.74,8258.42,8288.48,735640000,12539780000
2022-01-24,801110.SI,8257.74,8350.44,8210.97,8249.97,553020000,9518700000
2022-01-25,801110.SI,8251.85,8350.79,8099.12,8104.50,773130000,12456220000
2022-01-26,801110.SI,8134.68,8207.30,8056.75,8128.19,573110000,9874040000
2022-01-27,801110.SI,8087.36,8088.09,7876.70,7880.08,714940000,12361370000
2022-01-28,801110.SI,7909.22,7996.44,7818.73,7830.52,656820000,10903700000
2022-02-07,801110.SI,7949.47,8007.83,7849.54,7934.57,627720000,9603070000
2022-02-08,801110.SI,7922.37,7926.01,7792.80,7912.21,577480000,9174880000
2022-02-09,801110.SI,7925.98,8050.01,7875.10,8044.69,593230000,10436000000
2022-02-10,801110.SI,8030.34,8030.34,7853.88,7869.66,613580000,11256860000
2022-02-11,801110.SI,7834.94,7952.84,7805.82,7901.79,768390000,12824300000
2022-02-14,801110.SI,7866.23,7866.37,7737.55,7801.22,659690000,10782790000
2022-02-15,801110.SI,7775.22,7804.57,7731.53,7765.63,550270000,9195250000
2022-02-16,801110.SI,7782.19,7847.69,7779.06,7842.31,524950000,8149940000
2022-02-17,801110.SI,7841.57,7861.47,7760.88,7769.67,603550000,9091830000
2022-02-18,801110.SI,7727.59,7835.49,7698.59,7830.72,530150000,7689770000
2022-02-21,801110.SI,7803.43,7849.49,7771.93,7846.50,651770000,8445110000
2022-02-22,801110.SI,7789.24,7789.31,7602.42,7649.82,649570000,10907630000
2022-02-23,801110.SI,7651.99,7713.98,7635.83,7713.21,530980000,7896140000
2022-02-24,801110.SI,7658.28,7658.40,7430.19,7504.78,856230000,12959230000
2022-02-25,801110.SI,7550.45,7589.18,7515.77,7546.98,571440000,9505720000
2022-02-28,801110.SI,7516.57,7516.66,7369.88,7455.44,608520000,12512170000
2022-03-01,801110.SI,7466.32,7554.93,7398.02,7552.08,740860000,11785930000
2022-03-02,801110.SI,7481.58,7481.73,7423.81,7456.61,626200000,8968970000
2022-03-03,801110.SI,7484.14,7484.86,7365.78,7394.75,643320000,9558780000
2022-03-04,801110.SI,7339.75,7356.30,7262.33,7289.66,662200000,9706160000
2022-03-07,801110.SI,7218.90,7219.50,6998.64,7012.39,748970000,12467040000
2022-03-08,801110.SI,6984.26,7034.35,6754.38,6757.82,778200000,13042100000
2022-03-09,801110.SI,6745.89,6780.94,6378.90,6658.39,924870000,14316470000
2022-03-10,801110.SI,6843.86,6843.86,6651.92,6694.71,815920000,12029480000
2022-03-11,801110.SI,6613.65,6745.55,6545.66,6739.92,766770000,10195350000
2022-03-14,801110.SI,6626.53,6688.98,6520.23,6520.23,652150000,8970520000
2022-03-15,801110.SI,6473.01,6487.16,6196.06,6196.06,850660000,12134600000
2022-03-16,801110.SI,6338.98,6446.55,6130.65,6416.22,852660000,12534440000
2022-03-17,801110.SI,6592.57,6668.86,6524.98,6569.80,865160000,13815130000
2022-03-18,801110.SI,6557.88,6621.03,6500.20,6601.73,761300000,10636240000
2022-03-21,801110.SI,6626.34,6665.15,6546.12,6597.26,683480000,9120520000
2022-03-22,801110.SI,6572.87,6657.12,6571.83,6620.62,620780000,8496050000
2022-03-23,801110.SI,6634.62,6634.62,6574.48,6588.12,563760000,7759800000
2022-03-24,801110.SI,6546.41,6563.09,6506.20,6542.35,533520000,7462270000
2022-03-25,801110.SI,6560.65,6577.40,6436.08,6436.08,632480000,9261440000
2022-03-28,801110.SI,6385.97,6431.70,6300.71,6396.90,549990000,8142940000
2022-03-29,801110.SI,6419.85,6419.85,6278.86,6288.64,501890000,7256850000
2022-03-30,801110.SI,6329.78,6504.13,6329.45,6504.13,560450000,8869560000
2022-03-31,801110.SI,6511.58,6548.53,6471.66,6523.76,638230000,9287280000
2022-04-01,801110.SI,6485.88,6693.53,6438.82,6655.23,625590000,10453660000
2022-04-06,801110.SI,6618.44,6705.33,6618.44,6666.51,621190000,9203810000
2022-04-07,801110.SI,6622.52,6692.65,6567.16,6567.16,586350000,8639190000
2022-04-08,801110.SI,6529.13,6529.13,6428.76,6490.23,550370000,7764290000
2022-04-11,801110.SI,6502.14,6502.14,6293.17,6309.27,708600000,9477680000
2022-04-12,801110.SI,6316.79,6502.32,6274.82,6501.71,741300000,9362220000
2022-04-13,801110.SI,6470.23,6506.49,6416.60,6417.04,677970000,8246340000
2022-04-14,801110.SI,6467.71,6625.16,6467.43,6604.58,665890000,9904850000
2022-04-15,801110.SI,6548.33,6618.50,6524.60,6577.91,585760000,7652600000
2022-04-18,801110.SI,6560.40,6560.40,6489.04,6511.59,499010000,6480570000
2022-04-19,801110.SI,6508.23,6536.24,6440.07,6461.48,481260000,7207180000
2022-04-20,801110.SI,6482.68,6612.77,6443.95,6498.13,617450000,8232020000
2022-04-21,801110.SI,6468.80,6535.93,6307.49,6339.27,745690000,9426070000
2022-04-22,801110.SI,6285.78,6469.50,6228.48,6428.17,671720000,9259400000
2022-04-25,801110.SI,6364.13,6422.21,6152.99,6152.99,915710000,11660540000
2022-04-26,801110.SI,6191.46,6200.21,5958.76,5973.14,876860000,12792640000
2022-04-27,801110.SI,5878.78,6103.07,5878.78,6097.55,903240000,11140440000
2022-04-28,801110.SI,6104.26,6133.00,6022.74,6131.87,734550000,9692220000
2022-04-29,801110.SI,6187.04,6475.62,6168.39,6469.56,1008520000,14976720000
2022-05-05,801110.SI,6591.90,6720.48,6591.90,6684.19,1064490000,17328940000
2022-05-06,801110.SI,6550.43,6606.69,6527.73,6590.36,758900000,10844090000
2022-05-09,801110.SI,6520.12,6552.02,6443.27,6491.13,716290000,9555940000
2022-05-10,801110.SI,6383.94,6562.29,6369.66,6538.69,788450000,11421260000
2022-05-11,801110.SI,6534.87,6629.76,6513.19,6542.01,914470000,13106600000
2022-05-12,801110.SI,6514.68,6550.48,6459.41,6524.59,713920000,9611920000
2022-05-13,801110.SI,6563.40,6614.27,6542.40,6597.47,739350000,9750490000
2022-05-16,801110.SI,6656.97,6718.84,6528.37,6563.17,725740000,9417480000
2022-05-17,801110.SI,6561.84,6627.44,6550.46,6627.44,621940000,8391190000
2022-05-18,801110.SI,6640.79,6640.79,6529.69,6590.71,623960000,8410100000
2022-05-19,801110.SI,6503.88,6549.37,6485.62,6536.22,701920000,8913310000
2022-05-20,801110.SI,6547.49,6682.16,6543.48,6670.02,747190000,10485150000
2022-05-23,801110.SI,6635.53,6635.53,6492.20,6511.85,809330000,12454230000
2022-05-24,801110.SI,6496.23,6542.59,6376.26,6376.26,938000000,11515490000
2022-05-25,801110.SI,6351.82,6388.51,6325.64,6387.33,704020000,8612660000
2022-05-26,801110.SI,6395.07,6444.84,6276.13,6435.64,916630000,11504040000
2022-05-27,801110.SI,6488.66,6532.17,6380.20,6403.63,969160000,11541270000
2022-05-30,801110.SI,6434.40,6463.34,6401.98,6463.34,932570000,10382540000
2022-05-31,801110.SI,6456.66,6574.24,6428.36,6573.61,1065940000,12712120000
2022-06-01,801110.SI,6571.52,6625.71,6531.60,6568.19,1174800000,13233630000
2022-06-02,801110.SI,6478.20,6493.07,6424.11,6488.19,992760000,11487760000
2022-06-06,801110.SI,6486.72,6528.47,6420.64,6526.36,1371210000,15127450000
2022-06-07,801110.SI,6504.60,6544.67,6486.36,6529.26,1205290000,12975590000
2022-06-08,801110.SI,6535.30,6546.39,6433.63,6492.99,1107410000,12913840000
2022-06-09,801110.SI,6478.63,6478.85,6364.84,6375.78,896700000,10901670000
2022-06-10,801110.SI,6348.20,6451.27,6346.31,6444.89,996730000,11525030000
2022-06-13,801110.SI,6382.23,6401.39,6321.64,6368.76,1014480000,12605400000
2022-06-14,801110.SI,6303.69,6433.34,6268.89,6433.08,1071850000,12248020000
2022-06-15,801110.SI,6414.27,6679.73,6414.27,6605.00,1211790000,18195550000
2022-06-16,801110.SI,6595.39,6643.38,6570.94,6591.59,917340000,12070610000
2022-06-17,801110.SI,6527.03,6743.00,6490.54,6730.27,1257430000,17071520000
2022-06-20,801110.SI,6792.90,6963.28,6792.90,6932.57,1340030000,21829720000
2022-06-21,801110.SI,6937.51,7039.77,6901.73,6954.66,1259930000,19448600000
2022-06-22,801110.SI,6956.13,6956.13,6808.99,6814.95,1083130000,15886200000
2022-06-23,801110.SI,6817.44,6894.15,6758.82,6894.15,1402760000,18209240000
2022-06-24,801110.SI,6913.41,7199.73,6900.73,7101.90,1827040000,28512520000
2022-06-27,801110.SI,7121.21,7273.58,7121.21,7210.98,1584890000,25327720000
2022-06-28,801110.SI,7233.42,7244.09,7149.76,7236.84,1316040000,18549290000
2022-06-29,801110.SI,7241.90,7305.85,7162.40,7162.40,1317690000,19284430000
2022-06-30,801110.SI,7182.62,7340.55,7182.61,7307.06,1155030000,17617360000
2022-07-01,801110.SI,7304.62,7304.62,7173.69,7212.43,1052320000,14558030000
2022-07-04,801110.SI,7162.47,7303.05,7162.47,7299.38,992660000,14645530000
2022-07-05,801110.SI,7301.56,7393.10,7138.59,7207.38,1076070000,15656020000
2022-07-06,801110.SI,7231.11,7273.06,7108.37,7156.00,974110000,13842300000
2022-07-07,801110.SI,7143.07,7194.86,7103.41,7163.29,1115820000,15808240000
2022-07-08,801110.SI,7184.70,7184.70,7103.19,7155.19,1157330000,15080100000
2022-07-11,801110.SI,7142.81,7214.97,7090.42,7204.25,1417930000,18001680000
2022-07-12,801110.SI,7194.34,7373.14,7194.34,7262.35,1514800000,20866980000
2022-07-13,801110.SI,7285.71,7334.73,7198.59,7225.12,1478650000,19156660000
2022-07-14,801110.SI,7312.23,7312.23,7039.19,7070.20,1956330000,24565530000
2022-07-15,801110.SI,7026.34,7139.25,6987.16,6987.16,1614070000,19588960000
2022-07-18,801110.SI,6992.90,7079.45,6915.94,7073.16,1520570000,17839230000
2022-07-19,801110.SI,7044.31,7073.77,7022.01,7050.68,1311970000,14908220000
2022-07-20,801110.SI,7078.90,7118.50,7045.02,7075.45,1252270000,14653050000
2022-07-21,801110.SI,7074.71,7083.42,7005.69,7011.97,1238310000,13990480000
2022-07-22,801110.SI,7005.00,7040.68,6931.29,7017.86,1225210000,14512820000
2022-07-25,801110.SI,7031.37,7099.13,6999.80,7075.44,1147210000,14910510000
2022-07-26,801110.SI,7077.07,7187.98,7070.76,7177.54,1067270000,14350280000
2022-07-27,801110.SI,7154.22,7176.86,7120.32,7158.41,1217050000,16973420000
2022-07-28,801110.SI,7191.94,7210.29,7139.90,7166.29,1459460000,17749000000
2022-07-29,801110.SI,7202.38,7243.97,7113.06,7127.87,1516050000,19424130000
2022-08-01,801110.SI,7124.16,7126.82,7067.82,7098.35,1480230000,18427910000
2022-08-02,801110.SI,7008.12,7008.27,6855.30,6917.86,1599450000,19418090000
2022-08-03,801110.SI,6904.03,6961.26,6744.82,6764.59,1562910000,19254940000
2022-08-04,801110.SI,6795.34,6798.41,6695.05,6789.28,1197960000,14933120000
2022-08-05,801110.SI,6760.83,6761.19,6660.74,6761.19,1201370000,14818680000
2022-08-08,801110.SI,6716.12,6794.30,6716.12,6794.20,1146590000,14708530000
2022-08-09,801110.SI,6803.02,6843.96,6782.96,6807.81,1093260000,13631530000
2022-08-10,801110.SI,6814.39,6822.04,6776.60,6793.94,1228210000,15748730000
2022-08-11,801110.SI,6844.08,6904.76,6810.69,6903.73,1413890000,17828530000
2022-08-12,801110.SI,6900.53,6911.55,6872.48,6878.59,1411430000,17259180000
2022-08-15,801110.SI,6870.17,6924.14,6854.78,6915.57,1222870000,15636460000
2022-08-16,801110.SI,6908.97,6944.14,6888.29,6912.90,1262880000,15482270000
2022-08-17,801110.SI,6908.57,7017.13,6870.39,6976.52,1267370000,16893360000
2022-08-18,801110.SI,6965.24,6993.60,6950.43,6964.43,1213510000,16105700000
2022-08-19,801110.SI,6975.81,6993.69,6920.21,6920.21,1220120000,17031440000
2022-08-22,801110.SI,6900.05,6966.63,6882.71,6937.00,998670000,14097560000
2022-08-23,801110.SI,6904.13,6913.61,6874.92,6888.05,990050000,14559050000
2022-08-24,801110.SI,6887.69,6887.73,6738.26,6743.08,1206450000,15892240000
2022-08-25,801110.SI,6759.29,6795.56,6669.50,6792.14,970340000,12946450000
2022-08-26,801110.SI,6821.73,6825.03,6722.27,6736.19,893970000,12134190000
2022-08-29,801110.SI,6658.99,6803.47,6658.99,6792.08,998800000,13058260000
2022-08-30,801110.SI,6825.18,6865.81,6781.75,6817.98,1152840000,13746350000
2022-08-31,801110.SI,6847.94,6876.90,6786.67,6824.32,1475060000,22419060000
2022-09-01,801110.SI,6824.92,7012.37,6824.92,6941.29,1327150000,21295760000
2022-09-02,801110.SI,6952.66,6952.76,6848.33,6893.43,1061470000,15950450000
2022-09-05,801110.SI,6858.76,6923.30,6845.15,6904.70,924130000,12860950000
2022-09-06,801110.SI,6919.69,6972.03,6870.07,6970.34,1053510000,14501210000
2022-09-07,801110.SI,6962.02,7009.78,6954.34,6985.55,1007040000,14480240000
2022-09-08,801110.SI,6984.23,7034.51,6950.54,6952.63,895740000,12213820000
2022-09-09,801110.SI,6965.36,7136.80,6936.77,7121.99,941710000,16639620000
2022-09-13,801110.SI,7123.50,7226.26,7105.27,7199.11,831480000,13840450000
2022-09-14,801110.SI,7091.32,7163.87,7091.32,7133.32,751240000,10861480000
2022-09-15,801110.SI,7144.91,7193.16,7001.40,7068.36,1019210000,15798500000
2022-09-16,801110.SI,7044.37,7045.35,6918.86,6918.86,857120000,13080510000
2022-09-19,801110.SI,6903.07,6943.65,6841.70,6909.97,705480000,10415730000
2022-09-20,801110.SI,6924.85,6951.39,6865.19,6896.54,763600000,12486500000
2022-09-21,801110.SI,6923.70,6923.85,6779.29,6832.31,772120000,11850340000
2022-09-22,801110.SI,6782.48,6782.52,6685.96,6697.04,750340000,12789050000
2022-09-23,801110.SI,6684.92,6710.88,6570.48,6625.92,943920000,13408880000
2022-09-26,801110.SI,6580.28,6762.19,6580.25,6682.31,907410000,13731640000
2022-09-27,801110.SI,6682.19,6775.48,6640.55,6775.48,1066920000,14897370000
2022-09-28,801110.SI,6746.15,6753.95,6685.73,6689.19,1205410000,15088600000
2022-09-29,801110.SI,6733.67,6733.67,6592.22,6614.59,1340240000,15784590000
2022-09-30,801110.SI,6587.70,6598.60,6490.74,6491.79,1088610000,13930140000
2022-10-10,801110.SI,6476.20,6494.60,6388.49,6390.43,1104550000,13383240000
2022-10-11,801110.SI,6379.67,6392.28,6321.56,6382.74,1162010000,14359260000
2022-10-12,801110.SI,6364.36,6459.34,6242.97,6458.70,1158590000,14593680000
2022-10-13,801110.SI,6421.84,6442.70,6355.52,6356.78,1269440000,15928270000
2022-10-14,801110.SI,6384.06,6479.59,6383.66,6460.32,1236120000,16297970000
2022-10-17,801110.SI,6450.31,6454.91,6386.10,6437.68,1157860000,14529050000
2022-10-18,801110.SI,6458.43,6498.30,6427.01,6440.33,1031600000,13398530000
2022-10-19,801110.SI,6418.49,6418.49,6212.51,6212.51,1033900000,14588630000
2022-10-20,801110.SI,6166.41,6205.23,6104.37,6104.37,1027610000,14248390000
2022-10-21,801110.SI,6108.53,6132.82,6050.45,6076.30,884860000,11534120000
2022-10-24,801110.SI,6055.22,6118.95,5891.75,5908.31,986030000,13057800000
2022-10-25,801110.SI,5916.32,5987.50,5862.15,5898.39,945840000,12356710000
2022-10-26,801110.SI,5909.17,6019.11,5909.01,5945.09,993030000,12483370000
2022-10-27,801110.SI,5987.59,6017.82,5934.32,5944.82,888180000,11998670000
2022-10-28,801110.SI,5927.81,5934.08,5750.03,5766.37,1042100000,13608060000
2022-10-31,801110.SI,5730.48,5744.14,5643.68,5656.01,1001810000,15555220000
2022-11-01,801110.SI,5689.81,5826.92,5665.81,5826.92,929470000,13766540000
2022-11-02,801110.SI,5809.22,5984.68,5809.15,5936.39,1048970000,14761020000
2022-11-03,801110.SI,5901.37,5946.80,5879.73,5914.18,909080000,13329800000
2022-11-04,801110.SI,5914.77,6114.12,5914.77,6096.86,1042510000,15226420000
2022-11-07,801110.SI,6088.68,6156.93,6068.31,6131.52,1036120000,13458060000
2022-11-08,801110.SI,6133.87,6133.87,6056.56,6108.11,876750000,11986970000
2022-11-09,801110.SI,6129.99,6164.89,6099.98,6105.41,788570000,10073400000
2022-11-10,801110.SI,6058.35,6074.61,6029.83,6060.39,787580000,10535650000
2022-11-11,801110.SI,6234.55,6350.54,6175.83,6287.59,1195830000,18036190000
2022-11-14,801110.SI,6441.16,6501.32,6360.00,6387.54,1154280000,19880820000
2022-11-15,801110.SI,6413.63,6503.45,6364.54,6495.76,893670000,13861440000
2022-11-16,801110.SI,6510.36,6510.36,6410.75,6433.18,857490000,11209350000
2022-11-17,801110.SI,6413.35,6445.75,6353.64,6401.67,818060000,9955850000
2022-11-18,801110.SI,6419.45,6454.00,6385.72,6397.14,841040000,10103530000
2022-11-21,801110.SI,6358.11,6358.11,6260.18,6295.95,750060000,9892760000
2022-11-22,801110.SI,6303.12,6341.82,6244.13,6264.18,711910000,8782950000
2022-11-23,801110.SI,6264.99,6301.05,6228.42,6280.19,638720000,8080950000
2022-11-24,801110.SI,6320.63,6352.18,6258.06,6272.71,619150000,7975500000
2022-11-25,801110.SI,6265.61,6340.27,6262.45,6310.55,627740000,8614140000
2022-11-28,801110.SI,6212.11,6272.04,6156.76,6268.76,671920000,8814480000
2022-11-29,801110.SI,6379.69,6449.74,6330.84,6432.98,940920000,14087970000
2022-11-30,801110.SI,6413.82,6472.77,6384.62,6418.89,833360000,11546830000
2022-12-01,801110.SI,6493.42,6533.14,6472.92,6473.47,950180000,12735700000
2022-12-02,801110.SI,6445.36,6477.42,6415.01,6442.37,877880000,11015700000
2022-12-05,801110.SI,6496.13,6599.05,6464.02,6588.59,1105080000,15005640000
2022-12-06,801110.SI,6565.05,6638.24,6531.67,6591.80,792310000,11107520000
2022-12-07,801110.SI,6582.76,6692.15,6580.42,6650.17,834050000,11773190000
2022-12-08,801110.SI,6654.23,6714.95,6614.90,6673.01,805860000,11034190000
2022-12-09,801110.SI,6697.07,6882.16,6697.07,6876.55,1001550000,17422650000
2022-12-12,801110.SI,6825.86,6869.24,6781.05,6810.05,1030630000,14609160000
2022-12-13,801110.SI,6802.67,6806.82,6758.30,6779.96,818550000,10691960000
2022-12-14,801110.SI,6746.31,6846.42,6744.68,6819.88,750520000,10421190000
2022-12-15,801110.SI,6819.28,6883.47,6725.91,6748.64,737470000,10327900000
2022-12-16,801110.SI,6708.57,6766.61,6705.35,6745.28,737860000,9575830000
2022-12-19,801110.SI,6743.26,6774.96,6647.05,6674.06,769770000,9097360000
2022-12-20,801110.SI,6625.00,6625.00,6518.23,6537.13,674640000,8598220000
2022-12-21,801110.SI,6533.09,6600.04,6521.65,6532.47,689230000,7505230000
2022-12-22,801110.SI,6568.24,6647.54,6545.06,6561.48,722890000,8514480000
2022-12-23,801110.SI,6531.30,6596.02,6509.58,6530.19,680900000,7592650000
2022-12-26,801110.SI,6553.72,6562.98,6497.77,6507.01,757730000,8451450000
2022-12-27,801110.SI,6531.62,6617.69,6506.07,6617.69,716430000,8738870000
2022-12-28,801110.SI,6585.47,6585.54,6516.12,6530.82,698560000,8791130000
2022-12-29,801110.SI,6518.11,6518.17,6460.37,6478.19,731020000,8607180000
2022-12-30,801110.SI,6498.14,6540.28,6482.44,6485.78,597100000,7459620000
2023-01-03,801110.SI,6499.33,6529.22,6441.20,6511.72,752840000,10239980000
2023-01-04,801110.SI,6514.81,6673.65,6504.72,6653.56,867230000,12516810000
2023-01-05,801110.SI,6687.21,6804.02,6683.35,6804.02,819170000,13168770000
2023-01-06,801110.SI,6801.35,6820.53,6766.75,6775.97,722840000,11171470000
2023-01-09,801110.SI,6794.82,6796.07,6755.70,6777.56,637010000,10415690000
2023-01-10,801110.SI,6781.17,6824.35,6754.16,6791.30,697530000,9788590000
2023-01-11,801110.SI,6791.28,6899.11,6783.09,6843.99,796580000,11253300000
2023-01-12,801110.SI,6831.26,6867.08,6805.52,6829.09,638130000,8582590000
2023-01-13,801110.SI,6844.00,6966.53,6826.55,6960.15,757280000,11950510000
2023-01-16,801110.SI,6988.52,7193.43,6988.52,7129.12,924550000,15020290000
2023-01-17,801110.SI,7126.31,7157.43,7079.03,7152.07,696820000,10496110000
2023-01-18,801110.SI,7155.49,7176.87,7089.30,7103.72,683310000,8701030000
2023-01-19,801110.SI,7096.47,7096.55,7028.49,7085.17,620270000,8352020000
2023-01-20,801110.SI,7097.30,7119.31,7061.07,7076.72,651990000,8404370000
2023-01-30,801110.SI,7171.85,7206.60,7063.32,7069.07,1197020000,15074400000
2023-01-31,801110.SI,7048.95,7099.18,7014.80,7023.37,1072570000,13443570000
2023-02-01,801110.SI,7040.26,7092.93,6986.48,7076.58,1065110000,14121090000
2023-02-02,801110.SI,7078.75,7078.75,6987.61,7012.30,1024760000,13899890000
2023-02-03,801110.SI,6977.12,6985.57,6889.19,6950.86,905730000,11178420000
2023-02-06,801110.SI,6909.50,6909.58,6772.43,6794.89,873610000,11837910000
2023-02-07,801110.SI,6814.88,6915.37,6810.37,6914.27,1003830000,12773030000
2023-02-08,801110.SI,6911.31,6911.44,6849.54,6876.33,977210000,12320140000
2023-02-09,801110.SI,6855.23,6950.91,6830.56,6937.03,994800000,12606790000
2023-02-10,801110.SI,6933.73,6959.25,6900.73,6934.23,835260000,9942960000
2023-02-13,801110.SI,6924.39,7021.84,6897.47,7019.83,892860000,12410440000
2023-02-14,801110.SI,7032.76,7040.11,6984.73,7022.54,927060000,11591140000
2023-02-15,801110.SI,7021.97,7021.97,6934.28,6945.86,930700000,10950770000
2023-02-16,801110.SI,6941.73,6988.10,6836.69,6875.83,1185770000,13551480000
2023-02-17,801110.SI,6868.76,6912.88,6846.06,6851.56,882550000,10170640000
2023-02-20,801110.SI,6860.12,7134.12,6858.59,7116.32,1128650000,16291460000
2023-02-21,801110.SI,7128.11,7184.20,7104.87,7184.20,1008680000,14459070000
2023-02-22,801110.SI,7139.90,7161.32,7105.85,7141.04,765260000,10747610000
2023-02-23,801110.SI,7148.84,7261.15,7148.84,7202.81,849710000,14013520000
2023-02-24,801110.SI,7188.35,7190.47,7098.32,7123.02,683380000,9974300000
2023-02-27,801110.SI,7042.26,7096.09,6986.39,7041.16,1035750000,11169160000
2023-02-28,801110.SI,7032.24,7093.22,6982.09,7045.12,959030000,10944590000
2023-03-01,801110.SI,7045.82,7200.20,7041.14,7169.86,951200000,13975810000
2023-03-02,801110.SI,7165.29,7206.27,7129.21,7141.95,1090780000,14632630000
2023-03-03,801110.SI,7174.86,7211.21,7130.90,7165.70,1018010000,12616820000
2023-03-06,801110.SI,7150.73,7150.73,7062.73,7087.10,1006070000,13949140000
2023-03-07,801110.SI,7085.33,7102.11,6943.32,6950.08,926140000,11683620000
2023-03-08,801110.SI,6918.82,6962.72,6902.41,6934.27,671600000,8574790000
2023-03-09,801110.SI,6946.26,6989.04,6910.46,6934.40,641480000,8612870000
2023-03-10,801110.SI,6888.28,6899.91,6761.44,6761.44,774590000,10874240000
2023-03-13,801110.SI,6749.60,6887.27,6749.60,6887.27,762230000,11548550000
2023-03-14,801110.SI,6866.54,6866.59,6737.93,6786.29,817130000,11720220000
2023-03-15,801110.SI,6822.69,6861.58,6806.40,6808.19,641900000,9424330000
2023-03-16,801110.SI,6759.05,6791.21,6732.62,6737.40,671910000,9660700000
2023-03-17,801110.SI,6782.71,6825.51,6733.31,6751.62,749350000,11029410000
2023-03-20,801110.SI,6740.11,6775.28,6714.09,6728.67,801830000,10914830000
2023-03-21,801110.SI,6737.22,6886.44,6737.22,6885.65,720570000,10690540000
2023-03-22,801110.SI,6904.98,6906.17,6824.39,6850.61,746060000,9691980000
2023-03-23,801110.SI,6831.59,6868.98,6820.94,6832.21,754130000,10074950000
2023-03-24,801110.SI,6827.16,6876.93,6802.12,6873.72,1124420000,11767600000
2023-03-27,801110.SI,6880.24,6947.08,6855.26,6872.28,1014440000,12719740000
2023-03-28,801110.SI,6868.81,6887.23,6824.19,6830.35,1512980000,12408700000
2023-03-29,801110.SI,6848.44,6870.72,6824.66,6847.98,1561730000,12778760000
2023-03-30,801110.SI,6848.66,7095.37,6848.58,7074.80,1507090000,17049700000
2023-03-31,801110.SI,7034.43,7043.34,6961.42,6987.68,1590120000,16498630000
2023-04-03,801110.SI,7046.81,7081.99,7025.70,7026.30,1787440000,19097010000
2023-04-04,801110.SI,7006.56,7006.56,6914.89,6965.83,1537150000,15479700000
2023-04-06,801110.SI,6938.79,6971.24,6925.74,6945.09,1331720000,13147380000
2023-04-07,801110.SI,6942.03,7059.67,6941.97,7015.14,1183030000,13112570000
2023-04-10,801110.SI,7004.49,7009.72,6961.36,6994.63,1256320000,13100900000
2023-04-11,801110.SI,6989.59,7137.97,6989.55,7120.69,1264540000,16452810000
2023-04-12,801110.SI,7147.43,7180.15,7102.12,7119.34,1205860000,13609420000
2023-04-13,801110.SI,7078.95,7079.03,6978.80,6981.15,1030360000,11080270000
2023-04-14,801110.SI,6981.91,7010.01,6965.40,6968.82,870010000,9547210000
2023-04-17,801110.SI,7007.49,7176.51,7007.49,7173.04,1215940000,16286110000
2023-04-18,801110.SI,7169.93,7302.53,7169.93,7278.77,1447170000,17981760000
2023-04-19,801110.SI,7266.33,7295.66,7206.44,7210.81,1633730000,16329820000
2023-04-20,801110.SI,7231.58,7351.20,7231.58,7331.72,1740190000,19848260000
2023-04-21,801110.SI,7345.37,7381.95,7199.85,7202.44,1585060000,17787660000
2023-04-24,801110.SI,7190.72,7334.40,7141.61,7168.27,1254630000,16236730000
2023-04-25,801110.SI,7176.05,7179.61,7040.32,7157.16,1426750000,17312380000
2023-04-26,801110.SI,7107.05,7136.50,7051.83,7102.51,1439990000,15515360000
2023-04-27,801110.SI,7077.25,7140.21,7066.96,7119.51,1030550000,12818520000
2023-04-28,801110.SI,7158.56,7162.19,7096.65,7130.30,1077640000,14633150000
2023-05-04,801110.SI,7023.73,7073.94,6974.94,7000.19,1303760000,20520010000
2023-05-05,801110.SI,6986.65,6986.65,6775.44,6851.65,1035550000,15263440000
2023-05-08,801110.SI,6863.45,6871.93,6775.22,6790.99,899430000,12570340000
2023-05-09,801110.SI,6779.68,6833.83,6719.35,6750.77,1105530000,12339880000
2023-05-10,801110.SI,6726.92,6853.12,6696.80,6808.34,1087470000,11458340000
2023-05-11,801110.SI,6806.04,6863.89,6780.34,6781.23,1050420000,10866150000
2023-05-12,801110.SI,6772.90,6931.57,6772.90,6806.39,1055700000,10503520000
2023-05-15,801110.SI,6816.62,6874.15,6754.10,6874.15,1165960000,11485180000
2023-05-16,801110.SI,6873.40,6875.18,6753.92,6775.52,874060000,9626880000
2023-05-17,801110.SI,6769.50,6805.67,6740.74,6782.44,942200000,9318180000
2023-05-18,801110.SI,6791.65,6874.30,6786.94,6832.09,1279920000,12760840000
2023-05-19,801110.SI,6809.80,6993.09,6809.74,6924.81,1284620000,14074640000
2023-05-22,801110.SI,6916.61,7037.16,6906.75,7032.77,1136630000,12940280000
2023-05-23,801110.SI,7023.75,7025.77,6951.43,6951.43,854770000,9757670000
2023-05-24,801110.SI,6933.75,6933.77,6787.67,6794.72,778640000,9747680000
2023-05-25,801110.SI,6772.98,6837.43,6738.73,6831.61,957590000,10920560000
2023-05-26,801110.SI,6821.43,6847.69,6756.55,6841.00,1058680000,9892980000
2023-05-29,801110.SI,6844.38,6875.64,6726.73,6760.69,1071540000,11008720000
2023-05-30,801110.SI,6752.48,6770.46,6615.94,6683.38,924950000,10615410000
2023-05-31,801110.SI,6697.75,6697.75,6574.74,6604.62,1274960000,13316430000
2023-06-01,801110.SI,6485.12,6537.31,6451.33,6475.47,1127290000,12865470000
2023-06-02,801110.SI,6537.61,6767.92,6537.58,6757.66,1250180000,17402030000
2023-06-05,801110.SI,6780.27,6866.14,6702.05,6861.65,1105530000,13424980000
2023-06-06,801110.SI,6854.38,6934.74,6810.68,6816.08,1108240000,13770920000
2023-06-07,801110.SI,6891.92,6907.55,6817.91,6860.33,835530000,11752650000
2023-06-08,801110.SI,6875.87,6993.73,6835.49,6983.55,1251320000,14449460000
2023-06-09,801110.SI,7059.63,7060.94,6909.16,6923.16,1445860000,15524140000
2023-06-12,801110.SI,6915.27,7162.56,6904.87,7120.58,1545660000,19022370000
2023-06-13,801110.SI,7110.08,7138.03,7054.69,7084.40,1180270000,14492310000
2023-06-14,801110.SI,7119.13,7170.85,7107.61,7125.86,1170950000,14696590000
2023-06-15,801110.SI,7146.44,7297.24,7146.44,7267.67,1511650000,18381880000
2023-06-16,801110.SI,7290.44,7317.97,7208.17,7291.37,1187060000,15696690000
2023-06-19,801110.SI,7264.22,7264.22,7158.41,7174.50,1161730000,15158550000
2023-06-20,801110.SI,7172.73,7330.60,7172.73,7275.28,1468790000,17220700000
2023-06-21,801110.SI,7279.93,7346.89,7252.60,7252.60,1259400000,15663570000
2023-06-26,801110.SI,7295.97,7295.97,7170.22,7179.71,1447770000,17642340000
2023-06-27,801110.SI,7195.03,7366.12,7177.94,7344.77,1480030000,17628030000
2023-06-28,801110.SI,7339.81,7406.16,7316.96,7370.33,1527040000,16107020000
2023-06-29,801110.SI,7372.22,7387.23,7298.72,7356.27,1387930000,15837880000
2023-06-30,801110.SI,7375.53,7414.16,7321.13,7347.58,1461830000,16362520000
2023-07-03,801110.SI,7346.83,7477.93,7334.04,7384.47,1431310000,18810140000
2023-07-04,801110.SI,7388.15,7399.16,7317.52,7363.13,1260210000,15118490000
2023-07-05,801110.SI,7363.87,7363.87,7309.55,7333.86,1068950000,13023560000
2023-07-06,801110.SI,7317.63,7386.36,7269.68,7279.60,944370000,11022150000
2023-07-07,801110.SI,7259.12,7268.38,7200.18,7219.50,1065740000,12653690000
2023-07-10,801110.SI,7232.20,7240.60,7120.47,7155.50,1089020000,13667540000
2023-07-11,801110.SI,7178.85,7225.37,7154.05,7215.23,943460000,12516270000
2023-07-12,801110.SI,7226.29,7293.49,7193.91,7202.66,1122330000,13569760000
2023-07-13,801110.SI,7214.53,7278.50,7214.51,7246.97,914290000,11662600000
2023-07-14,801110.SI,7249.32,7261.28,7172.94,7188.07,932730000,12203660000
2023-07-17,801110.SI,7179.46,7179.46,7097.72,7160.32,909260000,10588630000
2023-07-18,801110.SI,7170.22,7186.92,7069.28,7168.52,967350000,12142330000
2023-07-19,801110.SI,7167.48,7256.49,7157.98,7252.11,722320000,10468010000
2023-07-20,801110.SI,7241.03,7279.64,7169.99,7182.12,824430000,9879880000
2023-07-21,801110.SI,7182.33,7196.97,7116.10,7127.03,838450000,9273700000
2023-07-24,801110.SI,7113.17,7135.32,7059.58,7080.89,717840000,7841690000
2023-07-25,801110.SI,7177.48,7374.34,7177.35,7361.80,1059710000,16075000000
2023-07-26,801110.SI,7344.88,7363.87,7291.90,7301.29,808680000,10294820000
2023-07-27,801110.SI,7309.83,7338.84,7239.35,7251.96,730870000,9060290000
2023-07-28,801110.SI,7255.87,7387.90,7240.75,7375.34,806620000,12064110000
2023-07-31,801110.SI,7457.38,7488.10,7383.24,7399.91,919470000,13373020000
2023-08-01,801110.SI,7399.86,7416.95,7310.40,7330.27,743790000,9434390000
2023-08-02,801110.SI,7319.91,7378.68,7301.95,7336.26,694130000,9036560000
2023-08-03,801110.SI,7307.40,7315.52,7241.01,7315.52,628830000,8259950000
2023-08-04,801110.SI,7341.36,7406.87,7320.47,7327.94,824040000,9682250000
2023-08-07,801110.SI,7315.75,7334.07,7269.68,7296.96,696990000,8229390000
2023-08-08,801110.SI,7266.61,7286.60,7239.50,7245.85,595640000,7809190000
2023-08-09,801110.SI,7217.15,7230.66,7181.17,7198.13,644840000,7532960000
2023-08-10,801110.SI,7178.37,7178.37,7048.89,7133.03,603180000,9079610000
2023-08-11,801110.SI,7130.90,7130.90,6976.72,6976.72,735850000,9389130000
2023-08-14,801110.SI,6911.69,6981.45,6864.18,6979.24,647840000,8504050000
2023-08-15,801110.SI,6977.02,6991.62,6893.38,6949.67,556140000,7205580000
2023-08-16,801110.SI,6920.02,6966.45,6898.78,6927.37,523210000,6833390000
2023-08-17,801110.SI,6890.51,7004.09,6864.15,7002.75,653820000,7813980000
2023-08-18,801110.SI,6993.01,6993.01,6873.35,6873.35,614340000,7721690000
2023-08-21,801110.SI,6865.32,6899.30,6797.56,6797.56,530530000,7619880000
2023-08-22,801110.SI,6815.68,6833.39,6747.52,6821.99,620960000,8710380000
2023-08-23,801110.SI,6816.82,6824.47,6730.01,6732.11,542110000,7095790000
2023-08-24,801110.SI,6748.92,6880.81,6740.77,6848.21,578510000,8094470000
2023-08-25,801110.SI,6809.21,6852.37,6754.23,6794.59,631140000,7498910000
2023-08-28,801110.SI,7084.32,7106.72,6863.63,6881.99,910650000,12251350000
2023-08-29,801110.SI,6856.08,6982.75,6851.89,6964.18,860990000,13268950000
2023-08-30,801110.SI,6976.61,7067.90,6976.61,7030.68,976530000,12809170000
2023-08-31,801110.SI,7070.57,7099.64,7023.52,7023.52,784010000,11843420000
2023-09-01,801110.SI,7058.73,7175.39,7058.73,7162.06,776590000,11383720000
2023-09-04,801110.SI,7216.44,7225.12,7148.40,7225.12,904450000,13008940000
2023-09-05,801110.SI,7221.12,7237.31,7183.34,7196.52,995020000,10958570000
2023-09-06,801110.SI,7166.86,7175.53,7115.67,7151.21,854360000,10200280000
2023-09-07,801110.SI,7142.47,7142.47,7065.94,7070.89,754260000,8602640000
2023-09-08,801110.SI,7068.26,7081.57,7017.66,7040.82,715670000,7896370000
2023-09-11,801110.SI,7065.80,7103.63,7036.30,7068.27,1081430000,10816740000
2023-09-12,801110.SI,7076.45,7154.94,7051.05,7142.70,1123650000,11075690000
2023-09-13,801110.SI,7132.64,7153.72,7056.75,7088.44,1302470000,11061420000
2023-09-14,801110.SI,7090.94,7090.98,7016.73,7041.18,939060000,9475660000
2023-09-15,801110.SI,7053.82,7053.82,6956.68,6991.18,937470000,10283230000
2023-09-18,801110.SI,6974.64,7051.42,6927.30,7031.22,1014610000,10586680000
2023-09-19,801110.SI,7018.03,7018.30,6959.87,7013.61,818950000,9346440000
2023-09-20,801110.SI,7017.63,7077.69,6989.55,7054.57,918670000,10001830000
2023-09-21,801110.SI,7045.66,7045.66,6987.71,7003.89,877270000,8819260000
2023-09-22,801110.SI,7026.85,7095.06,6997.50,7094.70,1053420000,10980530000
2023-09-25,801110.SI,7114.03,7114.03,7061.83,7072.01,1171650000,12593750000
2023-09-26,801110.SI,7068.64,7081.02,7032.62,7032.62,897100000,9963610000
2023-09-27,801110.SI,7029.86,7086.83,7011.16,7045.17,870990000,9648760000
2023-09-28,801110.SI,7060.97,7082.50,7029.69,7033.93,817020000,9536050000
2023-10-09,801110.SI,7023.64,7057.72,6968.94,7043.52,871400000,10839390000
2023-10-10,801110.SI,7047.22,7052.18,6904.06,6921.35,1157880000,12562550000
2023-10-11,801110.SI,6934.91,6988.08,6907.30,6917.13,981770000,10310660000
2023-10-12,801110.SI,6965.01,7002.01,6929.86,6975.71,1536650000,13475500000
2023-10-13,801110.SI,6949.33,6949.33,6894.07,6922.74,1505480000,13286880000
2023-10-16,801110.SI,6913.31,6940.08,6897.87,6912.23,1417690000,12895220000
2023-10-17,801110.SI,6921.89,6973.30,6913.71,6970.20,1972470000,16124240000
2023-10-18,801110.SI,6954.80,6954.80,6912.71,6931.49,1755480000,14652840000
2023-10-19,801110.SI,6899.39,6915.95,6813.29,6813.29,2072530000,18936540000
2023-10-20,801110.SI,6776.57,6787.94,6705.07,6724.22,1666170000,15201310000
2023-10-23,801110.SI,6699.92,6748.20,6625.28,6673.87,1687750000,15864440000
2023-10-24,801110.SI,6683.96,6702.13,6605.86,6698.01,1930870000,18842420000
2023-10-25,801110.SI,6749.75,6765.91,6675.13,6707.42,1971610000,19531910000
2023-10-26,801110.SI,6688.49,6738.68,6671.91,6732.48,1810210000,18249740000
2023-10-27,801110.SI,6746.49,6879.99,6746.49,6852.17,1790910000,20627020000
2023-10-30,801110.SI,6848.12,6900.28,6830.57,6893.83,1493670000,18494640000
2023-10-31,801110.SI,6882.47,6882.48,6758.18,6781.91,1571520000,18209070000
2023-11-01,801110.SI,6770.56,6816.41,6767.76,6790.74,1226860000,14146160000
2023-11-02,801110.SI,6792.50,6861.03,6740.19,6744.18,1305390000,14104640000
2023-11-03,801110.SI,6758.68,6808.99,6746.18,6769.88,1109020000,12836560000
2023-11-06,801110.SI,6793.79,6843.26,6762.14,6840.61,1498300000,17097910000
2023-11-07,801110.SI,6831.84,6859.54,6805.64,6846.08,1630360000,16640570000
2023-11-08,801110.SI,6831.78,6855.11,6809.68,6849.36,1925080000,19278330000
2023-11-09,801110.SI,6848.62,6862.85,6809.91,6826.87,1976480000,18516690000
2023-11-10,801110.SI,6800.61,6825.59,6794.62,6817.38,1439340000,14275780000
2023-11-13,801110.SI,6814.47,6814.47,6670.61,6710.11,1570060000,17728680000
2023-11-14,801110.SI,6703.16,6746.49,6702.38,6743.21,1565330000,17186330000
2023-11-15,801110.SI,6791.41,6821.97,6768.52,6809.05,1760540000,19257390000
2023-11-16,801110.SI,6788.68,6823.44,6777.47,6790.67,1414770000,15524150000
2023-11-17,801110.SI,6767.37,6817.98,6751.13,6816.01,1303110000,14526650000
2023-11-20,801110.SI,6802.75,6892.06,6796.26,6864.42,1283950000,15426910000
2023-11-21,801110.SI,6877.80,6917.48,6833.97,6839.34,1371150000,15818930000
2023-11-22,801110.SI,6819.43,6819.43,6760.37,6760.37,1244090000,12828430000
2023-11-23,801110.SI,6757.84,6848.53,6734.49,6840.19,986530000,10980710000
2023-11-24,801110.SI,6838.86,6838.86,6780.37,6802.18,906270000,10259050000
2023-11-27,801110.SI,6782.11,6782.11,6708.87,6740.55,947960000,11439110000
2023-11-28,801110.SI,6748.90,6811.77,6717.45,6808.27,905810000,10907080000
2023-11-29,801110.SI,6802.50,6802.50,6746.77,6766.89,943160000,11231960000
2023-11-30,801110.SI,6755.92,6769.78,6719.83,6748.65,895990000,10374180000
2023-12-01,801110.SI,6769.91,6769.91,6613.79,6653.41,1050690000,13220350000
2023-12-04,801110.SI,6648.46,6660.20,6613.08,6628.51,938910000,10991140000
2023-12-05,801110.SI,6617.12,6617.13,6502.75,6502.75,948250000,10681560000
2023-12-06,801110.SI,6487.12,6544.06,6482.47,6500.69,787780000,9334220000
2023-12-07,801110.SI,6512.65,6589.02,6508.31,6566.66,755920000,9491140000
2023-12-08,801110.SI,6559.37,6613.83,6549.93,6553.32,849880000,10310770000
2023-12-11,801110.SI,6516.85,6632.84,6476.16,6607.13,944140000,11830950000
2023-12-12,801110.SI,6619.18,6633.00,6587.60,6617.48,688240000,8995010000
2023-12-13,801110.SI,6606.93,6616.34,6537.60,6557.43,699720000,9643670000
2023-12-14,801110.SI,6580.17,6622.86,6562.89,6567.59,658870000,8469930000
2023-12-15,801110.SI,6564.14,6608.12,6523.80,6529.06,679340000,8731810000
2023-12-18,801110.SI,6506.07,6568.34,6487.83,6552.86,635420000,8114220000
2023-12-19,801110.SI,6547.87,6552.85,6513.14,6548.23,587320000,7121080000
2023-12-20,801110.SI,6546.97,6557.84,6437.49,6437.49,817180000,12540130000
2023-12-21,801110.SI,6446.51,6535.22,6434.71,6523.50,883310000,12224240000
2023-12-22,801110.SI,6512.29,6611.81,6503.88,6571.86,891460000,11573560000
2023-12-25,801110.SI,6560.94,6615.70,6560.94,6577.02,668010000,8210240000
2023-12-26,801110.SI,6574.81,6584.11,6514.56,6523.14,697680000,8738080000
2023-12-27,801110.SI,6524.64,6598.60,6513.46,6593.52,717190000,9341100000
2023-12-28,801110.SI,6587.90,6668.77,6574.11,6657.49,859040000,11710430000
2023-12-29,801110.SI,6654.00,6742.34,6652.65,6730.52,919790000,12642240000
2024-01-02,801110.SI,6737.08,6737.08,6686.21,6686.21,915600000,11182760000
2024-01-03,801110.SI,6682.75,6682.75,6615.60,6638.98,847890000,11607260000
2024-01-04,801110.SI,6651.50,6679.21,6603.12,6673.98,742940000,10720100000
2024-01-05,801110.SI,6673.28,6795.57,6655.25,6739.44,1059900000,15492900000
2024-01-08,801110.SI,6737.42,6737.42,6640.15,6641.48,890180000,12425460000
2024-01-09,801110.SI,6635.70,6703.23,6615.50,6698.80,795110000,11075850000
2024-01-10,801110.SI,6681.15,6722.92,6661.62,6697.94,778450000,10561760000
2024-01-11,801110.SI,6691.89,6740.26,6660.22,6720.56,1008200000,12756870000
2024-01-12,801110.SI,6704.91,6770.24,6700.55,6708.23,942720000,12055670000
2024-01-15,801110.SI,6679.45,6776.53,6671.19,6770.02,846360000,11086690000
2024-01-16,801110.SI,6752.00,6829.75,6733.23,6822.77,935060000,12550870000
2024-01-17,801110.SI,6797.09,6825.58,6723.61,6723.61,849850000,11990870000
2024-01-18,801110.SI,6722.39,6726.24,6556.85,6708.97,1143190000,15143140000
2024-01-19,801110.SI,6680.12,6720.31,6653.41,6674.66,801680000,11035720000
2024-01-22,801110.SI,6654.82,6671.11,6458.32,6491.45,1114610000,13889810000
2024-01-23,801110.SI,6490.08,6561.20,6410.82,6528.98,995880000,11593880000
2024-01-24,801110.SI,6552.71,6641.40,6498.86,6639.75,994490000,12369050000
2024-01-25,801110.SI,6654.22,6673.12,6597.89,6651.76,1083360000,13432710000
2024-01-26,801110.SI,6637.75,6703.77,6635.78,6685.76,1039150000,12961170000
2024-01-29,801110.SI,6755.73,6788.28,6726.47,6743.27,971120000,14390240000
2024-01-30,801110.SI,6719.17,6761.97,6662.04,6662.59,803560000,11370990000
2024-01-31,801110.SI,6631.36,6678.56,6568.05,6598.44,1020150000,12547180000
2024-02-01,801110.SI,6584.87,6681.70,6565.08,6626.63,929320000,11090550000
2024-02-02,801110.SI,6618.31,6657.26,6426.80,6547.75,1093310000,12943120000
2024-02-05,801110.SI,6510.83,6575.80,6388.92,6531.61,1373150000,15988450000
2024-02-06,801110.SI,6487.74,6706.76,6480.68,6680.68,1446530000,16401710000
2024-02-07,801110.SI,6656.57,6825.74,6636.55,6823.97,1624820000,19211220000
2024-02-08,801110.SI,6827.96,6916.88,6780.97,6834.35,1565190000,17400890000
2024-02-19,801110.SI,6926.39,6926.39,6811.67,6871.77,1352300000,16278910000
2024-02-20,801110.SI,6846.18,6994.42,6803.32,6993.88,1173740000,14459050000
2024-02-21,801110.SI,6937.12,7122.67,6931.75,7020.20,1425160000,16422880000
2024-02-22,801110.SI,6984.10,7040.70,6984.10,7040.70,1082900000,11962220000
2024-02-23,801110.SI,7062.84,7078.02,6936.07,7005.43,1221210000,15716560000
2024-02-26,801110.SI,7078.65,7175.05,7078.65,7121.63,1628160000,19347620000
2024-02-27,801110.SI,7109.47,7248.65,7091.65,7247.29,1517230000,17299020000
2024-02-28,801110.SI,7241.83,7249.12,7109.71,7109.71,1848820000,19459390000
2024-02-29,801110.SI,7095.35,7281.70,7091.83,7250.08,1372070000,16323460000
2024-03-01,801110.SI,7289.87,7396.11,7272.53,7394.57,1403830000,16590940000
2024-03-04,801110.SI,7440.40,7533.21,7393.26,7472.16,1818760000,19980060000
2024-03-05,801110.SI,7441.45,7478.81,7374.59,7459.40,2052860000,21210340000
2024-03-06,801110.SI,7435.59,7491.01,7425.98,7446.00,1444320000,15982650000
2024-03-07,801110.SI,7475.22,7589.80,7472.54,7493.69,1447930000,18118460000
2024-03-08,801110.SI,7489.74,7531.01,7438.18,7523.73,1167680000,14062870000
2024-03-11,801110.SI,7513.42,7518.42,7428.89,7510.92,1325210000,15768340000
2024-03-12,801110.SI,7513.61,7513.61,7355.63,7429.78,1526720000,21448750000
2024-03-13,801110.SI,7400.96,7446.10,7348.38,7431.07,1237710000,16271110000
2024-03-14,801110.SI,7420.73,7476.11,7417.86,7456.98,1580390000,17946070000
2024-03-15,801110.SI,7450.97,7450.97,7359.41,7417.90,1547030000,16622470000
2024-03-18,801110.SI,7422.66,7422.66,7304.93,7337.70,2040380000,21307300000
2024-03-19,801110.SI,7320.71,7378.75,7318.60,7329.47,1547060000,16432530000
2024-03-20,801110.SI,7311.10,7319.66,7262.71,7298.15,1532590000,16662580000
2024-03-21,801110.SI,7303.73,7309.06,7170.56,7194.19,1395210000,16448060000
2024-03-22,801110.SI,7182.09,7278.47,7182.09,7268.24,1445200000,16654530000
2024-03-25,801110.SI,7233.40,7372.11,7229.20,7265.65,1345140000,15967670000
2024-03-26,801110.SI,7234.27,7280.71,7216.39,7250.08,1208890000,13716170000
2024-03-27,801110.SI,7239.99,7367.82,7239.99,7261.59,1248120000,15046790000
2024-03-28,801110.SI,7309.84,7481.12,7261.87,7423.35,1418540000,18367360000
2024-03-29,801110.SI,7422.87,7468.51,7368.70,7421.09,1342680000,14310840000
2024-04-01,801110.SI,7451.09,7601.36,7441.43,7597.35,1419340000,16747920000
2024-04-02,801110.SI,7576.78,7592.15,7544.77,7567.58,1281540000,14811280000
2024-04-03,801110.SI,7554.16,7599.10,7520.23,7580.47,1104320000,13646610000
2024-04-08,801110.SI,7584.36,7584.36,7443.77,7443.98,1067360000,13713150000
2024-04-09,801110.SI,7433.01,7460.28,7380.00,7388.56,878100000,11850260000
2024-04-10,801110.SI,7377.83,7428.89,7315.83,7341.06,982420000,11730530000
2024-04-11,801110.SI,7306.13,7390.53,7291.65,7363.93,880090000,11217160000
2024-04-12,801110.SI,7381.44,7472.48,7381.16,7402.08,1230230000,14914700000
2024-04-15,801110.SI,7404.12,7566.02,7361.26,7547.53,1547960000,19216460000
2024-04-16,801110.SI,7519.75,7613.54,7466.82,7547.84,1522750000,19047550000
2024-04-17,801110.SI,7527.51,7689.26,7492.84,7687.53,1616340000,19919410000
2024-04-18,801110.SI,7673.15,7923.52,7673.15,7826.68,1905300000,24480800000
2024-04-19,801110.SI,7761.35,7822.37,7760.23,7814.13,1471940000,18600830000
2024-04-22,801110.SI,7814.51,7891.56,7760.69,7772.79,1335780000,18784150000
2024-04-23,801110.SI,7731.92,7764.39,7612.07,7680.55,1194620000,16849080000
2024-04-24,801110.SI,7684.51,7695.20,7596.25,7687.77,1267780000,16862720000
2024-04-25,801110.SI,7649.07,7726.11,7649.07,7700.63,1216890000,16498840000
2024-04-26,801110.SI,7699.34,7785.03,7689.77,7751.57,1630930000,19863340000
2024-04-29,801110.SI,7757.71,7899.32,7703.21,7855.40,1632600000,22140990000
2024-04-30,801110.SI,7832.29,8165.96,7807.20,8051.89,1713020000,26607880000
2024-05-06,801110.SI,8149.44,8304.45,8122.72,8294.07,1789100000,27258870000
2024-05-07,801110.SI,8268.55,8302.61,8205.17,8215.01,1381140000,20013150000
2024-05-08,801110.SI,8186.18,8217.47,8151.61,8158.06,1293660000,15742040000
2024-05-09,801110.SI,8169.33,8288.94,8156.50,8261.79,1145600000,15498190000
2024-05-10,801110.SI,8279.98,8319.22,8221.57,8297.00,1250320000,17813470000
2024-05-13,801110.SI,8272.30,8434.39,8190.42,8409.58,1491580000,20716560000
2024-05-14,801110.SI,8394.22,8394.26,8205.90,8277.36,1281990000,19263380000
2024-05-15,801110.SI,8163.05,8290.37,8151.56,8239.23,1194150000,17784860000
2024-05-16,801110.SI,8230.03,8230.03,8134.89,8157.99,1246920000,18991870000
2024-05-17,801110.SI,8121.59,8157.19,7960.81,8101.47,1256390000,19915420000
2024-05-20,801110.SI,8049.21,8061.80,7953.39,7976.80,1271550000,19073460000
2024-05-21,801110.SI,7946.89,8018.18,7944.58,7968.53,990570000,15161060000
2024-05-22,801110.SI,7953.36,7953.38,7873.66,7880.78,1154390000,16446570000
2024-05-23,801110.SI,7869.97,7887.98,7823.53,7854.53,1070120000,14620930000
2024-05-24,801110.SI,7816.50,7898.53,7816.50,7843.78,890400000,12914440000
2024-05-27,801110.SI,7836.26,7966.38,7806.63,7957.00,1039990000,15285520000
2024-05-28,801110.SI,7940.61,7940.63,7834.01,7858.74,868540000,11646740000
2024-05-29,801110.SI,7828.95,7828.95,7783.87,7791.17,809210000,11534490000
2024-05-30,801110.SI,7762.90,7836.38,7747.32,7753.18,781100000,11396320000
2024-05-31,801110.SI,7774.24,7805.10,7729.71,7729.71,950780000,14969610000
2024-06-03,801110.SI,7743.05,7901.37,7735.70,7815.29,1128220000,17482430000
2024-06-04,801110.SI,7791.51,7819.86,7686.06,7801.69,1051760000,14905450000
2024-06-05,801110.SI,7793.63,7817.79,7686.15,7686.15,954560000,13758870000
2024-06-06,801110.SI,7677.48,7818.43,7677.47,7764.79,1221980000,16507000000
2024-06-07,801110.SI,7746.27,7748.20,7601.45,7699.30,940150000,13998830000
2024-06-11,801110.SI,7634.05,7717.33,7594.32,7667.90,815080000,12599310000
2024-06-12,801110.SI,7654.28,7731.37,7636.69,7703.92,818400000,11490480000
2024-06-13,801110.SI,7700.13,7700.77,7606.51,7620.24,889360000,13062030000
2024-06-14,801110.SI,7578.04,7716.93,7577.94,7707.90,920750000,15460140000
2024-06-17,801110.SI,7684.01,7714.59,7590.83,7617.26,758550000,12098190000
2024-06-18,801110.SI,7604.02,7643.64,7604.02,7642.66,883600000,11275730000
2024-06-19,801110.SI,7631.72,7631.72,7486.13,7535.64,889980000,12357280000
2024-06-20,801110.SI,7524.10,7524.10,7476.39,7492.37,819740000,10595680000
2024-06-21,801110.SI,7481.78,7504.56,7401.01,7456.24,669540000,9538630000
2024-06-24,801110.SI,7424.79,7527.27,7418.79,7452.55,856460000,11718060000
2024-06-25,801110.SI,7447.20,7544.89,7437.66,7487.34,758870000,10721320000
2024-06-26,801110.SI,7461.84,7473.66,7374.92,7434.81,794630000,10377910000
2024-06-27,801110.SI,7408.29,7408.29,7282.88,7308.10,878740000,13120320000
2024-06-28,801110.SI,7257.22,7342.42,7257.17,7301.34,838950000,11492370000
2024-07-01,801110.SI,7282.63,7352.06,7232.98,7273.08,720670000,9849560000
2024-07-02,801110.SI,7263.17,7283.69,7122.20,7142.95,862340000,12577390000
2024-07-03,801110.SI,7161.25,7173.37,7088.60,7090.90,700450000,9332600000
2024-07-04,801110.SI,7107.85,7228.69,7107.85,7140.05,810140000,11757490000
2024-07-05,801110.SI,7117.37,7148.43,6969.62,7095.19,775050000,11027570000
2024-07-08,801110.SI,7064.71,7089.40,7023.14,7045.18,715270000,8891460000
2024-07-09,801110.SI,7021.86,7105.85,7002.86,7087.27,920300000,10753990000
2024-07-10,801110.SI,7097.25,7131.91,7041.69,7048.10,815690000,10001300000
2024-07-11,801110.SI,7094.38,7178.37,7011.68,7153.65,925750000,11660690000
2024-07-12,801110.SI,7134.69,7241.70,7128.32,7215.40,796170000,10316060000
2024-07-15,801110.SI,7177.76,7177.88,7090.38,7118.23,694350000,9183250000
2024-07-16,801110.SI,7097.40,7114.30,7038.98,7079.05,650560000,8331900000
2024-07-17,801110.SI,7059.20,7059.20,6910.34,6986.04,688110000,10298760000
2024-07-18,801110.SI,6930.45,7090.29,6925.64,7073.55,738070000,10171350000
2024-07-19,801110.SI,7034.93,7069.46,6989.98,7059.44,622310000,8175790000
2024-07-22,801110.SI,7045.57,7117.08,7011.99,7038.61,642870000,8560880000
2024-07-23,801110.SI,7046.85,7046.89,6867.86,6867.86,679590000,8395290000
2024-07-24,801110.SI,6838.61,6876.89,6652.84,6671.57,785100000,11501910000
2024-07-25,801110.SI,6631.88,6673.44,6606.77,6636.26,655050000,8596460000
2024-07-26,801110.SI,6922.68,7035.78,6900.55,7018.05,1149130000,18495750000
2024-07-29,801110.SI,7017.22,7048.96,6944.34,6995.04,1256340000,14685210000
2024-07-30,801110.SI,6964.54,6964.54,6802.13,6844.31,1103190000,12880890000
2024-07-31,801110.SI,6815.56,7144.15,6815.50,7135.89,1497810000,18648750000
2024-08-01,801110.SI,7132.15,7216.43,7106.31,7116.32,1379270000,16404950000
2024-08-02,801110.SI,7076.41,7169.35,7022.29,7035.02,1179140000,12910100000
2024-08-05,801110.SI,7000.00,7173.07,6928.01,6928.01,1337620000,15360540000
2024-08-06,801110.SI,6948.43,7001.84,6802.97,6847.74,1037090000,12171800000
2024-08-07,801110.SI,6839.76,6925.18,6786.50,6876.22,974930000,11479670000
2024-08-08,801110.SI,6853.52,6916.11,6811.23,6873.85,1042120000,11221710000
2024-08-09,801110.SI,6872.97,6949.14,6835.30,6835.30,824460000,8981520000
2024-08-12,801110.SI,6827.65,6933.57,6812.01,6875.06,752390000,8798600000
2024-08-13,801110.SI,6878.14,6912.95,6800.70,6857.74,712750000,7855790000
2024-08-14,801110.SI,6858.44,6858.44,6781.56,6805.03,670500000,7330410000
2024-08-15,801110.SI,6785.60,6867.85,6758.79,6828.29,1048500000,10637860000
2024-08-16,801110.SI,6805.73,6866.46,6787.66,6853.05,1003020000,10157980000
2024-08-19,801110.SI,6843.92,6942.16,6818.66,6866.34,1308980000,12545420000
2024-08-20,801110.SI,6911.42,6911.44,6808.26,6865.69,1596740000,14170800000
2024-08-21,801110.SI,6835.13,6880.62,6801.55,6858.19,1346360000,12093760000
2024-08-22,801110.SI,6858.97,6930.91,6826.17,6900.95,1317560000,13118320000
2024-08-23,801110.SI,6890.71,7091.31,6890.70,7054.23,1535550000,16260030000
2024-08-26,801110.SI,7104.99,7135.57,7026.60,7108.98,1699490000,16177750000
2024-08-27,801110.SI,7075.10,7075.21,7002.82,7016.55,1479350000,14946730000
2024-08-28,801110.SI,6925.66,6939.20,6835.89,6864.77,1176380000,12763040000
2024-08-29,801110.SI,6821.12,6877.46,6821.12,6845.56,1275390000,13138660000
2024-08-30,801110.SI,6804.81,7105.27,6786.50,6998.38,1862730000,19959980000
2024-09-02,801110.SI,6993.77,7111.98,6963.69,6968.34,1437780000,15388120000
2024-09-03,801110.SI,6950.63,7120.51,6950.63,7109.26,1325550000,14569950000
2024-09-04,801110.SI,7083.04,7167.98,7050.65,7080.01,1389330000,14226520000
2024-09-05,801110.SI,7059.19,7094.58,6988.60,7018.81,1206450000,13021720000
2024-09-06,801110.SI,7011.45,7064.80,6929.39,6931.76,1061550000,10295930000
2024-09-09,801110.SI,6855.36,6886.95,6760.47,6780.37,992790000,12423520000
2024-09-10,801110.SI,6753.11,6816.88,6752.83,6781.55,1095560000,11069500000
2024-09-11,801110.SI,6755.86,6897.67,6705.01,6861.65,900110000,11043230000
2024-09-12,801110.SI,6872.92,6933.95,6829.77,6852.08,886020000,9674030000
2024-09-13,801110.SI,6831.85,6953.54,6816.47,6892.91,1027110000,10688520000
2024-09-18,801110.SI,6895.00,7081.45,6894.99,7056.61,994950000,11062670000
2024-09-19,801110.SI,6930.36,7156.82,6930.25,7130.08,1242430000,15195510000
2024-09-20,801110.SI,7110.77,7209.54,7101.86,7189.61,1314810000,14600390000
2024-09-23,801110.SI,7203.62,7316.89,7199.22,7268.97,1226880000,13669780000
2024-09-24,801110.SI,7307.72,7362.94,7144.50,7361.20,1806880000,20710360000
2024-09-25,801110.SI,7416.27,7641.20,7413.54,7486.30,2075540000,25226620000
2024-09-26,801110.SI,7484.12,7833.15,7482.16,7828.37,1838020000,22970920000
2024-09-27,801110.SI,7955.72,8044.53,7805.11,7940.80,2165880000,29808240000
2024-09-30,801110.SI,8108.96,8555.89,8064.39,8531.42,3545770000,49967730000
2024-10-08,801110.SI,9446.50,9446.50,8720.77,9036.49,4154060000,64001590000
2024-10-09,801110.SI,8835.40,8835.40,8264.51,8374.68,3110350000,45926140000
2024-10-10,801110.SI,8445.41,8731.60,8415.41,8566.16,2320700000,33832560000
2024-10-11,801110.SI,8549.24,8549.24,8256.75,8337.83,1763160000,23166210000
2024-10-14,801110.SI,8364.46,8597.10,8313.47,8563.09,2044520000,26977390000
2024-10-15,801110.SI,8556.57,8565.46,8319.56,8319.75,2097090000,25219850000
2024-10-16,801110.SI,8190.58,8288.51,8123.49,8237.02,2255330000,25782100000
2024-10-17,801110.SI,8271.59,8362.76,8116.99,8122.76,2923340000,32081250000
2024-10-18,801110.SI,8125.06,8506.98,8125.06,8380.11,2687830000,33770220000
2024-10-21,801110.SI,8443.56,8476.20,8268.70,8385.34,2143110000,29285240000
2024-10-22,801110.SI,8432.52,8673.50,8419.27,8628.79,2435950000,32265380000
2024-10-23,801110.SI,8643.85,8713.08,8587.41,8614.01,3777580000,42522770000
2024-10-24,801110.SI,8589.44,8605.21,8493.26,8540.70,3391190000,36714490000
2024-10-25,801110.SI,8539.01,8621.49,8494.51,8564.03,3123940000,36041360000
2024-10-28,801110.SI,8589.23,8668.44,8520.41,8645.54,2717160000,33578570000
2024-10-29,801110.SI,8689.18,8762.04,8609.85,8613.38,3044250000,37205420000
2024-10-30,801110.SI,8585.94,8653.24,8486.55,8550.63,2774330000,38189310000
2024-10-31,801110.SI,8522.85,8530.66,8322.75,8416.05,2989150000,44614200000
2024-11-01,801110.SI,8427.33,8469.48,8297.84,8316.72,3901940000,52474320000
2024-11-04,801110.SI,8269.95,8409.90,8269.95,8409.90,3226800000,41670290000
2024-11-05,801110.SI,8389.46,8502.30,8282.08,8474.23,3381960000,44186970000
2024-11-06,801110.SI,8474.10,8475.82,8280.12,8304.42,3478390000,48077820000
2024-11-07,801110.SI,8230.33,8452.30,8199.69,8452.30,3812830000,52047200000
2024-11-08,801110.SI,8499.22,8597.42,8397.14,8509.79,3775020000,51834760000
2024-11-11,801110.SI,8417.10,8498.52,8372.79,8491.51,3164510000,43809370000
2024-11-12,801110.SI,8510.87,8743.68,8481.94,8533.52,3378710000,49404050000
2024-11-13,801110.SI,8519.21,8611.54,8500.10,8585.63,2600700000,36839000000
2024-11-14,801110.SI,8570.06,8687.84,8538.29,8565.95,2907640000,42498770000
2024-11-15,801110.SI,8509.11,8593.49,8382.53,8382.53,2971220000,43094270000
2024-11-18,801110.SI,8374.95,8382.17,8187.87,8222.90,2639040000,36211920000
2024-11-19,801110.SI,8199.63,8315.61,8183.11,8312.90,2682900000,35332370000
2024-11-20,801110.SI,8295.02,8372.72,8272.43,8368.92,2828010000,38189270000
2024-11-21,801110.SI,8377.04,8407.92,8338.82,8379.57,2997500000,43325720000
2024-11-22,801110.SI,8360.52,8493.26,8189.19,8203.14,3536270000,51387470000
2024-11-25,801110.SI,8188.98,8279.42,8082.68,8141.81,2953030000,41664500000
2024-11-26,801110.SI,8100.28,8176.00,8066.44,8091.42,2429900000,32494720000
2024-11-27,801110.SI,8065.59,8250.66,8021.77,8250.66,2901390000,35862680000
2024-11-28,801110.SI,8278.94,8278.94,8126.32,8135.69,2772310000,33329470000
2024-11-29,801110.SI,8098.36,8261.52,8098.36,8213.30,3032290000,38461490000
2024-12-02,801110.SI,8212.39,8319.34,8165.95,8302.05,3157990000,41036730000
2024-12-03,801110.SI,8287.17,8321.15,8241.97,8308.57,3173530000,38491990000
2024-12-04,801110.SI,8290.92,8458.97,8263.18,8370.22,2915930000,40770800000
2024-12-05,801110.SI,8346.88,8434.55,8324.21,8377.12,2565030000,34138170000
2024-12-06,801110.SI,8378.28,8484.16,8376.02,8458.03,2624650000,34780880000
2024-12-09,801110.SI,8412.00,8548.77,8367.87,8478.72,2580880000,34049350000
2024-12-10,801110.SI,8787.99,8787.99,8571.64,8580.28,3206820000,45624180000
2024-12-11,801110.SI,8561.35,8700.42,8561.35,8662.73,2581180000,36314860000
2024-12-12,801110.SI,8660.98,8738.45,8608.84,8721.99,2593050000,36639240000
2024-12-13,801110.SI,8675.44,8675.44,8540.48,8548.51,3234540000,43550730000
2024-12-16,801110.SI,8541.86,8554.64,8435.04,8458.10,2990370000,37961140000
2024-12-17,801110.SI,8435.93,8533.59,8395.75,8403.82,2423900000,29974890000
2024-12-18,801110.SI,8411.42,8500.13,8401.21,8464.56,2290320000,29260000000
2024-12-19,801110.SI,8406.59,8543.00,8389.41,8498.45,2343980000,27970690000
2024-12-20,801110.SI,8495.84,8546.88,8472.00,8478.42,2605550000,30446390000
2024-12-23,801110.SI,8484.69,8569.27,8456.44,8464.50,2451460000,31414880000
2024-12-24,801110.SI,8461.86,8641.77,8461.86,8641.77,2967410000,36087970000
2024-12-25,801110.SI,8632.63,8632.63,8515.73,8542.82,2538260000,31487770000
2024-12-26,801110.SI,8524.00,8631.71,8514.66,8615.27,2538490000,31862210000
2024-12-27,801110.SI,8609.33,8610.99,8523.74,8557.34,2749480000,31180260000
2024-12-30,801110.SI,8527.24,8632.09,8527.24,8539.63,2133270000,27661630000
2024-12-31,801110.SI,8534.28,8551.97,8442.57,8442.57,2129870000,27412910000
2025-01-02,801110.SI,8476.80,8634.69,8371.31,8423.74,2305010000,31152450000
2025-01-03,801110.SI,8417.85,8489.15,8274.11,8279.29,2273960000,27254220000
2025-01-06,801110.SI,8285.30,8390.31,8237.67,8320.59,1926430000,23819680000
2025-01-07,801110.SI,8298.86,8465.31,8296.64,8413.50,1838300000,23268590000
2025-01-08,801110.SI,8379.65,8625.24,8379.65,8600.84,2324210000,30248990000
2025-01-09,801110.SI,8594.93,8721.24,8579.43,8696.08,1993660000,28249010000
2025-01-10,801110.SI,8692.43,8692.43,8452.07,8452.07,2381380000,32078120000
2025-01-13,801110.SI,8371.64,8380.82,8214.91,8244.64,1896320000,26010720000
2025-01-14,801110.SI,8255.45,8457.37,8232.47,8429.52,2139480000,28744860000
2025-01-15,801110.SI,8444.07,8532.87,8353.24,8375.45,2703000000,33739400000
2025-01-16,801110.SI,8401.94,8573.98,8401.94,8445.20,2893710000,35227620000
2025-01-17,801110.SI,8416.50,8514.14,8378.63,8454.50,2573490000,29496600000
2025-01-20,801110.SI,8518.10,8614.20,8459.11,8474.19,2255580000,29033720000
2025-01-21,801110.SI,8514.71,8514.71,8424.71,8467.94,2287730000,30129410000
2025-01-22,801110.SI,8437.65,8437.65,8276.64,8328.70,1760430000,24352220000
2025-01-23,801110.SI,8382.45,8432.61,8341.61,8341.61,2172340000,27880730000
2025-01-24,801110.SI,8309.00,8406.72,8297.61,8380.06,1935230000,26422120000
2025-01-27,801110.SI,8385.44,8436.12,8373.07,8385.56,1621010000,21010110000
2025-02-05,801110.SI,8386.57,8386.57,8255.41,8300.76,1876170000,27131940000
2025-02-06,801110.SI,8291.89,8436.21,8277.73,8435.61,2614290000,35385320000
2025-02-07,801110.SI,8430.37,8584.33,8391.00,8562.30,3211230000,44709540000
2025-02-10,801110.SI,8565.65,8573.61,8487.30,8564.52,2961810000,40378910000
2025-02-11,801110.SI,8596.26,8599.43,8528.27,8564.19,2819020000,37969860000
2025-02-12,801110.SI,8512.19,8594.32,8485.67,8585.56,2858010000,40983500000
2025-02-13,801110.SI,8561.56,8615.65,8522.73,8553.01,3091300000,42697090000
2025-02-14,801110.SI,8538.92,8626.48,8525.22,8575.82,3052730000,40537930000
2025-02-17,801110.SI,8560.65,8565.99,8503.29,8563.85,2821240000,40865840000
2025-02-18,801110.SI,8538.99,8559.00,8414.86,8432.47,2589810000,36110310000
2025-02-19,801110.SI,8400.40,8474.73,8400.35,8462.55,2341930000,39078630000
2025-02-20,801110.SI,8461.16,8525.03,8438.98,8489.16,2554580000,39347590000
2025-02-21,801110.SI,8485.37,8514.02,8380.29,8511.25,3534630000,51853630000
2025-02-24,801110.SI,8509.00,8585.80,8464.02,8550.30,3522680000,49971240000
2025-02-25,801110.SI,8463.62,8494.75,8388.50,8405.86,3038610000,46162500000
2025-02-26,801110.SI,8391.51,8527.41,8391.51,8519.88,3018830000,47293600000
2025-02-27,801110.SI,8559.67,8641.42,8540.55,8616.00,3157080000,53379450000
2025-02-28,801110.SI,8587.61,8599.29,8436.15,8447.48,2800880000,44811190000
2025-03-03,801110.SI,8439.66,8440.29,8303.41,8332.08,2295080000,34761550000
2025-03-04,801110.SI,8358.32,8488.27,8358.32,8454.75,2368880000,35885570000
2025-03-05,801110.SI,8450.88,8474.05,8418.81,8474.05,2252390000,32708170000
2025-03-06,801110.SI,8501.19,8543.47,8445.94,8528.58,2838250000,41070330000
2025-03-07,801110.SI,8507.82,8529.22,8459.19,8485.93,2391620000,35052370000
2025-03-10,801110.SI,8502.53,8528.46,8463.46,8527.47,1953610000,29217360000
2025-03-11,801110.SI,8424.83,8524.18,8423.07,8517.50,2106780000,30643240000
2025-03-12,801110.SI,8536.02,8536.02,8458.04,8458.04,2170360000,30963480000
2025-03-13,801110.SI,8455.21,8493.75,8410.06,8438.31,2336570000,31890220000
2025-03-14,801110.SI,8433.73,8651.60,8432.50,8644.24,2391360000,36762010000
2025-03-17,801110.SI,8698.52,8711.81,8666.73,8703.83,2614550000,36499340000
2025-03-18,801110.SI,8717.91,8912.66,8684.92,8864.83,2467040000,37718940000
2025-03-19,801110.SI,8946.06,8975.52,8838.25,8918.32,2272500000,37270030000
2025-03-20,801110.SI,8905.54,8907.06,8790.87,8793.45,2138330000,32868100000
2025-03-21,801110.SI,8764.71,8881.56,8707.52,8747.19,2285160000,34705770000
2025-03-24,801110.SI,8760.29,8865.93,8747.50,8830.44,2307860000,33037000000
2025-03-25,801110.SI,8853.36,8925.12,8815.15,8822.29,1766330000,25815310000
2025-03-26,801110.SI,8779.93,8828.90,8766.45,8810.37,1649090000,22834140000
2025-03-27,801110.SI,8796.45,8860.74,8781.67,8823.10,1732940000,25755040000
2025-03-28,801110.SI,8795.00,8815.45,8748.85,8780.31,1690850000,24318290000
2025-03-31,801110.SI,8760.98,8948.13,8760.98,8812.41,1827410000,29640670000
2025-04-01,801110.SI,8803.67,8832.42,8656.55,8662.00,1502510000,24791110000
2025-04-02,801110.SI,8657.18,8737.74,8657.18,8707.59,1309640000,19798510000
2025-04-03,801110.SI,8568.80,8592.20,8455.18,8476.67,1552280000,26769920000
2025-04-07,801110.SI,7888.13,7987.94,7619.82,7720.06,1643580000,27946010000
2025-04-08,801110.SI,7687.95,7811.91,7638.89,7811.91,2375960000,34024940000
2025-04-09,801110.SI,7684.26,7888.66,7586.59,7853.28,2319470000,31078630000
2025-04-10,801110.SI,8013.24,8096.12,7964.05,8022.42,2003700000,28625510000
2025-04-11,801110.SI,7959.39,8045.72,7919.99,8027.70,1665490000,22986020000
2025-04-14,801110.SI,8089.17,8089.17,7956.48,7979.90,1740540000,23989960000
2025-04-15,801110.SI,7985.53,8095.29,7966.49,8087.76,1622960000,22572890000
2025-04-16,801110.SI,8052.42,8053.15,7940.59,8024.74,1450500000,19401290000
2025-04-17,801110.SI,7984.28,8051.63,7968.82,8014.66,1272660000,16266550000
2025-04-18,801110.SI,8009.38,8062.55,8001.73,8042.34,1338120000,15989090000
2025-04-21,801110.SI,8032.11,8140.54,8005.28,8133.69,1430350000,18860610000
2025-04-22,801110.SI,8124.13,8173.92,8124.13,8140.08,1282070000,18099700000
2025-04-23,801110.SI,8198.93,8242.81,8182.43,8195.87,1536220000,22672650000
2025-04-24,801110.SI,8215.70,8248.65,8162.72,8210.35,1253680000,17997640000
2025-04-25,801110.SI,8216.60,8248.83,8198.63,8225.34,1387200000,18095080000
2025-04-28,801110.SI,8310.93,8310.93,8228.63,8239.17,1513930000,21817280000
2025-04-29,801110.SI,8236.13,8312.70,8213.24,8308.03,1768660000,22963730000
2025-04-30,801110.SI,8350.62,8391.12,8307.58,8314.43,1963120000,28808370000
2025-05-06,801110.SI,8375.42,8440.08,8326.13,8426.17,2369780000,31630150000
2025-05-07,801110.SI,8534.64,8534.64,8444.15,8471.90,2580560000,32094790000
2025-05-08,801110.SI,8467.05,8575.42,8450.48,8551.39,2063700000,26731960000
2025-05-09,801110.SI,8561.32,8606.43,8560.94,8588.60,1977020000,27525800000
2025-05-12,801110.SI,8653.99,8715.01,8650.87,8715.01,1803110000,28211250000
2025-05-13,801110.SI,8784.88,8784.88,8701.64,8717.26,1883010000,26622240000
2025-05-14,801110.SI,8699.60,8745.75,8650.14,8706.75,1514510000,22566200000
2025-05-15,801110.SI,8648.09,8648.09,8583.67,8597.92,1494470000,20585000000
2025-05-16,801110.SI,8567.79,8609.35,8541.34,8588.59,1369740000,20615290000
2025-05-19,801110.SI,8590.58,8641.51,8560.80,8637.93,1379770000,18611890000
2025-05-20,801110.SI,8636.40,8791.86,8633.57,8780.94,1511290000,21260740000
2025-05-21,801110.SI,8759.54,8795.96,8739.53,8755.68,1308320000,18216970000
2025-05-22,801110.SI,8735.23,8782.88,8721.92,8759.48,1421670000,19057400000
2025-05-23,801110.SI,8745.89,8836.62,8692.12,8692.12,1483110000,22188100000
2025-05-26,801110.SI,8679.66,8693.46,8589.07,8630.46,1095780000,16976820000
2025-05-27,801110.SI,8621.48,8631.30,8583.18,8605.09,1167380000,16323350000
2025-05-28,801110.SI,8635.72,8692.10,8605.64,8650.95,1199270000,16487470000
2025-05-29,801110.SI,8638.11,8707.56,8638.11,8651.82,1323230000,19088180000
2025-05-30,801110.SI,8629.70,8636.44,8574.53,8605.14,1241010000,16656720000
2025-06-03,801110.SI,8574.58,8574.58,8414.36,8424.81,1089450000,19556640000
2025-06-04,801110.SI,8428.86,8484.74,8428.86,8458.31,1188920000,16992890000
2025-06-05,801110.SI,8463.00,8466.18,8431.16,8450.80,1476030000,20401920000
2025-06-06,801110.SI,8453.46,8456.54,8421.38,8450.74,1176170000,16932950000
2025-06-09,801110.SI,8442.92,8456.86,8390.83,8454.34,1345020000,20028630000
2025-06-10,801110.SI,8471.75,8490.31,8378.77,8407.47,1582780000,21398030000
2025-06-11,801110.SI,8407.37,8471.72,8407.37,8440.10,1308970000,17395390000
2025-06-12,801110.SI,8317.72,8317.72,8269.45,8290.89,1154710000,15944400000
2025-06-13,801110.SI,8233.38,8247.05,8139.85,8175.48,1406890000,20113390000
2025-06-16,801110.SI,8167.00,8187.29,8144.88,8172.46,946950000,13718890000
2025-06-17,801110.SI,8201.97,8263.09,8201.95,8211.98,1027010000,15515080000
2025-06-18,801110.SI,8207.66,8246.04,8188.86,8216.58,1066650000,14639300000
2025-06-19,801110.SI,8218.01,8228.88,8123.64,8136.10,1459120000,20960280000
2025-06-20,801110.SI,8128.03,8173.00,8126.20,8156.43,1163570000,16411290000
2025-06-23,801110.SI,8105.62,8139.36,8068.31,8121.12,1090830000,15893400000
2025-06-24,801110.SI,8148.56,8286.04,8148.13,8267.05,1424750000,20521690000
2025-06-25,801110.SI,8281.98,8369.49,8265.18,8363.64,1671500000,22987650000
2025-06-26,801110.SI,8358.47,8402.38,8340.43,8344.42,1510910000,21238620000
2025-06-27,801110.SI,8356.92,8374.73,8311.79,8320.99,1462690000,19716000000
2025-06-30,801110.SI,8332.22,8357.92,8323.30,8343.74,1453760000,21020090000
2025-07-01,801110.SI,8358.65,8367.13,8324.70,8364.52,1673790000,22229500000
2025-07-02,801110.SI,8358.43,8462.65,8344.72,8417.46,1841970000,25052160000
2025-07-03,801110.SI,8438.21,8462.07,8413.61,8462.07,1645220000,20247380000
2025-07-04,801110.SI,8457.90,8501.42,8431.09,8464.58,1600150000,19884270000
2025-07-07,801110.SI,8455.67,8459.20,8384.58,8405.68,1439870000,18046700000
2025-07-08,801110.SI,8408.54,8445.46,8394.82,8423.75,1627550000,20145990000
2025-07-09,801110.SI,8427.90,8445.15,8362.23,8370.16,1590970000,21430930000
2025-07-10,801110.SI,8366.31,8386.40,8333.52,8366.40,1367340000,17586560000
2025-07-11,801110.SI,8381.22,8475.56,8377.19,8439.57,1765770000,24132060000
2025-07-14,801110.SI,8452.77,8538.71,8440.39,8525.49,1388050000,21279260000
2025-07-15,801110.SI,8527.72,8575.57,8502.57,8575.57,1697610000,25855470000
2025-07-16,801110.SI,8588.36,8602.38,8544.51,8562.77,1417600000,22242730000
2025-07-17,801110.SI,8553.72,8641.93,8553.72,8594.03,1511850000,22417730000
2025-07-18,801110.SI,8615.72,8615.81,8560.13,8596.80,1320710000,19924400000
2025-07-21,801110.SI,8593.86,8604.46,8566.08,8594.03,1573400000,24309360000
2025-07-22,801110.SI,8589.28,8638.57,8564.09,8638.57,1473040000,23143880000
2025-07-23,801110.SI,8635.11,8731.56,8635.11,8688.38,1633150000,25651500000
2025-07-24,801110.SI,8692.42,8697.99,8660.93,8693.94,1446090000,23213440000
2025-07-25,801110.SI,8617.32,8617.34,8580.98,8599.98,1604810000,26266910000
2025-07-28,801110.SI,8622.80,8626.20,8560.97,8575.99,1550800000,26612370000
2025-07-29,801110.SI,8566.21,8569.44,8508.04,8538.53,1479650000,25768950000
2025-07-30,801110.SI,8540.66,8610.35,8521.28,8558.31,1426540000,24285940000
2025-07-31,801110.SI,8543.23,8543.23,8373.14,8397.45,1642470000,29128380000
2025-08-01,801110.SI,8406.31,8447.74,8388.80,8439.47,1361460000,21113820000
2025-08-04,801110.SI,8406.75,8509.08,8406.19,8508.93,1420560000,21349180000
2025-08-05,801110.SI,8521.61,8597.58,8521.59,8594.29,1680190000,24508450000
2025-08-06,801110.SI,8600.53,8668.52,8590.71,8668.01,2124520000,31989670000
2025-08-07,801110.SI,8658.21,8670.10,8616.64,8643.07,1829500000,27275250000
2025-08-08,801110.SI,8631.16,8664.88,8621.05,8639.49,1699700000,26307550000
2025-08-11,801110.SI,8632.73,8700.47,8622.39,8691.23,1937620000,27138230000
2025-08-12,801110.SI,8701.93,8789.35,8701.93,8755.12,1960700000,30401870000
2025-08-13,801110.SI,8777.79,8796.18,8767.41,8783.93,2064560000,30278000000
2025-08-14,801110.SI,8786.68,8827.49,8739.28,8755.91,2120350000,33399950000
2025-08-15,801110.SI,8746.31,8849.68,8738.29,8849.68,2708450000,38428000000
2025-08-18,801110.SI,8906.52,8964.14,8884.54,8918.09,3032440000,45842560000
2025-08-19,801110.SI,8985.08,9021.86,8898.39,8996.07,3296110000,51699120000
2025-08-20,801110.SI,8963.68,9007.01,8916.76,9007.01,3333440000,48987270000
2025-08-21,801110.SI,8986.99,9036.92,8940.50,8979.66,3040550000,44915980000
2025-08-22,801110.SI,8984.81,9041.33,8955.00,9041.33,2635510000,40448650000
2025-08-25,801110.SI,9077.03,9198.33,9076.02,9183.93,3102090000,51232510000
2025-08-26,801110.SI,9166.52,9237.47,9166.52,9199.50,2846340000,43947220000
2025-08-27,801110.SI,9209.74,9295.59,9056.71,9056.71,3171940000,49401850000
2025-08-28,801110.SI,9053.11,9146.94,8964.71,9129.61,2766740000,44489730000
2025-08-29,801110.SI,9026.98,9073.01,8958.02,8963.39,2531740000,49759150000
2025-09-01,801110.SI,9026.13,9026.56,8881.76,8915.02,2284490000,44126680000
2025-09-02,801110.SI,8916.30,9016.00,8888.58,8996.48,2494690000,47074680000
2025-09-03,801110.SI,9042.35,9046.00,8845.75,8878.67,2004690000,35712130000
2025-09-04,801110.SI,8894.38,8894.38,8674.64,8776.00,2030500000,34393320000
2025-09-05,801110.SI,8786.83,8914.86,8779.00,8913.95,1839960000,29674240000
2025-09-08,801110.SI,8955.55,9088.74,8955.55,9030.30,1921190000,32938810000
2025-09-09,801110.SI,9031.58,9057.83,8962.08,9005.00,1974880000,37554110000
2025-09-10,801110.SI,8977.63,8997.43,8940.24,8972.03,1595310000,28112880000
2025-09-11,801110.SI,8967.48,9037.79,8901.64,9037.79,2059430000,34964350000
2025-09-12,801110.SI,9048.62,9077.11,8933.78,8933.78,2133270000,36584520000
2025-09-15,801110.SI,8921.00,8974.96,8898.67,8941.67,2185050000,35548070000
2025-09-16,801110.SI,8946.81,8994.30,8904.93,8994.30,2375790000,39031450000
2025-09-17,801110.SI,9023.42,9141.82,9023.42,9141.82,2817450000,52392180000
2025-09-18,801110.SI,9168.33,9230.09,9013.65,9111.59,3393050000,63619310000
2025-09-19,801110.SI,9056.46,9103.62,9033.10,9076.75,2403370000,45577510000
2025-09-22,801110.SI,9097.18,9097.18,8966.16,9015.30,2366320000,44640590000
2025-09-23,801110.SI,9007.40,9022.68,8891.43,9020.89,2498170000,46003410000
2025-09-24,801110.SI,8976.20,9108.48,8947.10,9100.28,2140970000,40268630000
2025-09-25,801110.SI,9073.02,9073.02,8986.23,9003.05,2232000000,40727200000
2025-09-26,801110.SI,8977.90,9077.72,8963.35,9016.57,1868750000,34836420000
2025-09-29,801110.SI,9030.31,9090.13,8967.33,9059.93,1776750000,36712800000
2025-09-30,801110.SI,9050.19,9058.15,9014.28,9032.42,1653730000,34341550000
2025-10-09,801110.SI,8988.61,9061.24,8905.99,9054.16,2005790000,41404930000
2025-10-10,801110.SI,9009.09,9085.90,8964.84,8987.85,1768610000,37934400000
2025-10-13,801110.SI,8716.96,8849.04,8716.96,8831.11,1719630000,33660860000
2025-10-14,801110.SI,8870.92,8871.30,8774.21,8787.17,1742780000,34701340000
2025-10-15,801110.SI,8806.11,8928.95,8792.63,8910.05,1420700000,30917260000
2025-10-16,801110.SI,8878.62,8906.56,8813.17,8852.92,1386890000,28066800000
2025-10-17,801110.SI,8835.88,8855.90,8740.05,8740.78,1459220000,28462350000
2025-10-20,801110.SI,8821.77,8848.70,8806.60,8831.75,1295160000,29800870000
2025-10-21,801110.SI,8839.47,8903.98,8819.40,8900.62,1469440000,29397530000
2025-10-22,801110.SI,8866.34,8987.27,8866.34,8973.59,1488010000,30314060000
2025-10-23,801110.SI,8951.50,9025.59,8931.44,9022.35,1544850000,29276990000
2025-10-24,801110.SI,9029.76,9061.09,9003.90,9029.33,1473980000,30701630000
2025-10-27,801110.SI,9073.31,9120.57,9073.25,9096.49,1941550000,36814710000
2025-10-28,801110.SI,9082.66,9118.48,9052.00,9107.46,1793830000,37990660000
2025-10-29,801110.SI,9086.03,9130.65,9041.10,9129.75,1535030000,31000760000
2025-10-30,801110.SI,9138.14,9184.60,9089.42,9089.49,1888980000,35327560000
2025-10-31,801110.SI,9036.88,9148.12,9034.44,9096.04,1868260000,38925190000
2025-11-03,801110.SI,9083.53,9083.53,8973.90,9035.82,1661230000,32319020000
2025-11-04,801110.SI,9017.80,9026.45,8941.68,8974.48,1783120000,28817150000
2025-11-05,801110.SI,8909.56,9037.03,8890.93,9016.96,1621340000,24953090000
2025-11-06,801110.SI,9021.02,9165.42,9021.02,9160.26,1955710000,35427780000
2025-11-07,801110.SI,9130.95,9130.95,9050.29,9052.90,1595520000,28598680000
2025-11-10,801110.SI,9051.79,9122.37,9026.44,9118.38,1871280000,34647360000
2025-11-11,801110.SI,9128.97,9131.65,9061.89,9098.01,1785780000,31574600000
2025-11-12,801110.SI,9104.69,9256.06,9104.69,9209.37,2023310000,34609460000
2025-11-13,801110.SI,9183.79,9237.89,9161.63,9234.24,1782840000,28921590000
2025-11-14,801110.SI,9194.01,9254.99,9153.52,9153.52,1762470000,26558070000
2025-11-17,801110.SI,9137.66,9137.76,9043.94,9076.50,1603770000,25482760000
2025-11-18,801110.SI,9068.38,9073.68,8974.51,9004.36,1669830000,24746960000
2025-11-19,801110.SI,8995.12,9022.18,8939.07,8963.98,1414180000,20816540000
2025-11-20,801110.SI,8981.78,9047.40,8969.22,8979.03,1227700000,19871280000
2025-11-21,801110.SI,8906.85,9024.21,8866.51,8943.33,1693690000,30739970000
2025-11-24,801110.SI,8954.81,8976.93,8903.50,8942.16,1354720000,24513520000
2025-11-25,801110.SI,8987.33,8999.12,8938.56,8987.62,1367210000,23109070000
2025-11-26,801110.SI,8978.67,9077.39,8978.67,9073.89,1460780000,26661080000
2025-11-27,801110.SI,9058.43,9133.80,9032.83,9081.23,1520980000,26249070000
2025-11-28,801110.SI,9063.05,9104.62,9013.43,9102.47,1247770000,20882810000
2025-12-01,801110.SI,9096.87,9149.60,9080.55,9149.60,1380240000,24871360000
2025-12-02,801110.SI,9142.37,9206.95,9142.37,9188.58,1289410000,23580400000
2025-12-03,801110.SI,9186.65,9264.58,9186.65,9215.76,1416500000,23742010000
2025-12-04,801110.SI,9247.17,9289.84,9189.17,9234.79,1454970000,31867780000
2025-12-05,801110.SI,9215.03,9269.69,9210.63,9269.69,1360340000,26505560000
2025-12-08,801110.SI,9304.00,9304.00,9181.77,9261.25,1537880000,31794970000
2025-12-09,801110.SI,9227.70,9231.50,9125.52,9136.12,1410580000,26494330000
2025-12-10,801110.SI,9119.16,9188.39,9097.42,9162.73,1392010000,24363450000
2025-12-11,801110.SI,9176.06,9186.71,9054.88,9054.96,1366040000,25107470000
2025-12-12,801110.SI,9058.71,9115.68,9050.52,9086.26,1467360000,28345530000
2025-12-15,801110.SI,9077.46,9167.98,9075.61,9098.77,1310970000,24259630000
2025-12-16,801110.SI,9087.97,9118.23,9038.94,9039.94,1280860000,21686770000
2025-12-17,801110.SI,9028.26,9138.00,9005.65,9114.58,1362620000,23873450000
2025-12-18,801110.SI,9082.04,9110.40,9058.43,9062.13,1301380000,22961030000
2025-12-19,801110.SI,9074.65,9117.28,9040.29,9100.70,1352380000,23946890000
2025-12-22,801110.SI,9116.51,9135.86,9091.78,9117.83,1580430000,29636580000
2025-12-23,801110.SI,9126.00,9145.08,9077.25,9091.92,1396740000,25214890000
2025-12-24,801110.SI,9073.82,9113.42,9070.00,9097.21,1441020000,24436630000
2025-12-25,801110.SI,9095.82,9174.99,9089.72,9160.04,1626940000,31917120000
2025-12-26,801110.SI,9149.21,9173.94,9117.61,9149.85,1560640000,29391190000
2025-12-29,801110.SI,9156.25,9205.43,9116.83,9127.08,1542050000,31134930000
2025-12-30,801110.SI,9092.36,9222.44,9092.36,9214.83,1539200000,35128980000
2025-12-31,801110.SI,9256.01,9298.65,9183.69,9213.92,1622270000,44778120000
2026-01-05,801110.SI,9296.19,9340.88,9264.01,9323.99,1817720000,45210150000
2026-01-06,801110.SI,9312.61,9395.05,9271.98,9372.71,1871410000,45086010000
2026-01-07,801110.SI,9355.61,9359.06,9273.15,9330.84,1918380000,44926080000
2026-01-08,801110.SI,9313.27,9328.52,9257.92,9309.53,1632910000,35737110000
2026-01-09,801110.SI,9331.13,9440.30,9331.13,9429.64,1952370000,43749450000
2026-01-12,801110.SI,9448.33,9485.74,9385.76,9484.09,2607100000,52083970000
2026-01-13,801110.SI,9481.42,9505.28,9323.73,9342.16,2702840000,60225020000
2026-01-14,801110.SI,9336.23,9478.68,9322.51,9380.31,2759870000,58013680000
2026-01-15,801110.SI,9356.85,9381.27,9328.63,9333.45,2198720000,40358800000
2026-01-16,801110.SI,9347.35,9445.16,9347.35,9397.26,2047400000,46118360000
2026-01-19,801110.SI,9405.52,9502.82,9387.11,9475.04,1951140000,43555280000
2026-01-20,801110.SI,9488.79,9555.12,9472.04,9534.32,2268010000,47430890000
2026-01-21,801110.SI,9507.20,9551.04,9472.17,9484.23,2009170000,40393010000
2026-01-22,801110.SI,9517.23,9517.23,9448.18,9462.99,1910720000,40582070000
2026-01-23,801110.SI,9429.25,9429.88,9369.39,9395.37,2387880000,50607150000
2026-01-26,801110.SI,9391.95,9397.21,9236.72,9237.21,2297450000,46725680000
2026-01-27,801110.SI,9234.60,9274.55,9168.57,9220.17,1954820000,36682710000
2026-01-28,801110.SI,9208.15,9208.15,9084.26,9084.26,1696580000,34759510000
2026-01-29,801110.SI,9086.45,9201.31,9086.45,9167.79,1855950000,36870970000
2026-01-30,801110.SI,9143.76,9212.24,9094.66,9124.68,1721350000,34559110000
2026-02-02,801110.SI,9105.49,9193.57,9080.22,9080.22,1578250000,33171850000
2026-02-03,801110.SI,9109.82,9160.46,9099.97,9160.13,1403900000,31098980000
2026-02-04,801110.SI,9148.72,9283.86,9148.72,9283.80,1675980000,30183590000
2026-02-05,801110.SI,9244.50,9337.09,9244.50,9291.68,1394180000,28049420000
2026-02-06,801110.SI,9256.52,9295.24,9211.94,9241.72,1362330000,26812400000
2026-02-09,801110.SI,9281.88,9284.96,9236.75,9284.96,1406250000,25335360000
2026-02-10,801110.SI,9307.64,9390.38,9290.37,9388.15,1333500000,28395400000
2026-02-11,801110.SI,9380.36,9390.30,9323.51,9326.34,1604130000,27489230000
2026-02-12,801110.SI,9308.82,9324.12,9277.46,9306.18,1397860000,23743520000
2026-02-13,801110.SI,9280.58,9323.89,9251.27,9256.55,1386950000,24843240000
2026-02-24,801110.SI,9380.63,9380.63,9308.09,9308.09,1478340000,27022940000
2026-02-25,801110.SI,9349.09,9380.59,9300.08,9320.18,1360040000,26278040000
2026-02-26,801110.SI,9300.13,9300.13,9238.57,9253.94,1433810000,26520790000
2026-02-27,801110.SI,9230.99,9253.50,9205.15,9217.41,1459270000,26231390000
2026-03-02,801110.SI,9108.72,9148.78,9011.37,9053.69,1775630000,32953860000
2026-03-03,801110.SI,9056.62,9071.28,8851.30,8852.80,1800560000,32089140000
2026-03-04,801110.SI,8781.81,8828.47,8726.12,8801.45,1292490000,24072150000
2026-03-05,801110.SI,8899.71,8910.50,8844.84,8868.00,1353180000,20545940000
2026-03-06,801110.SI,8864.81,8942.37,8864.81,8940.72,1492700000,21948280000
2026-03-09,801110.SI,8816.40,8836.39,8710.22,8814.72,1577970000,24913520000
2026-03-10,801110.SI,8867.94,8978.83,8867.94,8972.98,1293700000,22146390000
2026-03-11,801110.SI,8972.28,9054.19,8972.28,9024.98,1660160000,24364190000
2026-03-12,801110.SI,9011.33,9026.69,8952.42,9009.54,1437720000,22263930000
2026-03-13,801110.SI,8974.51,9036.64,8970.60,8987.62,1660550000,25494610000
2026-03-16,801110.SI,8955.83,8969.70,8890.64,8965.78,1547180000,23534380000
2026-03-17,801110.SI,8998.02,9033.22,8916.15,8916.15,1550290000,22965210000
2026-03-18,801110.SI,8931.92,8976.11,8901.99,8968.78,1250170000,20378680000
2026-03-19,801110.SI,8876.71,8904.80,8785.95,8803.19,1436370000,22675880000
2026-03-20,801110.SI,8817.99,8838.07,8690.72,8690.72,1529630000,23722300000
2026-03-23,801110.SI,8566.55,8566.55,8343.11,8375.52,1919870000,31183620000
2026-03-24,801110.SI,8458.23,8503.02,8346.68,8496.58,1457780000,23058250000
2026-03-25,801110.SI,8529.25,8620.77,8529.25,8618.67,1355380000,21678820000
2026-03-26,801110.SI,8635.91,8691.17,8547.95,8559.14,1354840000,22706910000
2026-03-27,801110.SI,8423.37,8563.48,8423.37,8555.16,1322450000,21957950000
2026-03-30,801110.SI,8423.65,8449.22,8372.48,8427.74,1301360000,22302490000
2026-03-31,801110.SI,8547.44,8676.33,8547.44,8560.07,1352700000,26650090000
2026-04-01,801110.SI,8639.90,8676.00,8639.25,8676.00,1366320000,23996170000
2026-04-02,801110.SI,8663.05,8681.88,8596.97,8621.06,1271320000,21777380000
2026-04-03,801110.SI,8626.83,8626.83,8486.57,8491.44,1090180000,18274350000
2026-04-07,801110.SI,8494.60,8517.14,8428.19,8478.19,1004270000,17926460000
2026-04-08,801110.SI,8600.18,8683.23,8600.18,8683.23,1472950000,27006820000
2026-04-09,801110.SI,8623.63,8650.99,8584.93,8594.89,1344840000,25153790000
2026-04-10,801110.SI,8618.44,8672.06,8618.44,8648.89,1310630000,24657890000
2026-04-13,801110.SI,8601.39,8629.87,8586.11,8601.99,1254670000,20875950000
2026-04-14,801110.SI,8644.13,8682.15,8604.88,8681.71,1588160000,24865310000
2026-04-15,801110.SI,8707.91,8778.89,8696.51,8740.19,1803810000,29246760000
2026-04-16,801110.SI,8773.87,8807.19,8744.40,8788.18,1609830000,27807490000
2026-04-17,801110.SI,8778.75,8825.78,8761.26,8812.07,1631150000,27835180000
2026-04-20,801110.SI,8811.01,8917.81,8803.50,8912.65,1597140000,30420360000
2026-04-21,801110.SI,8916.02,8932.05,8882.28,8917.66,1959320000,31716310000
2026-04-22,801110.SI,8891.50,8934.68,8874.06,8926.13,1962110000,30321040000
2026-04-23,801110.SI,8940.39,8981.15,8906.11,8945.86,2262290000,39399940000
2026-04-24,801110.SI,8896.60,8927.46,8866.70,8902.93,1654030000,29259610000
2026-04-27,801110.SI,8866.52,8971.07,8866.52,8953.09,2012580000,35452200000
2026-04-28,801110.SI,8931.31,8968.01,8914.37,8946.54,1893580000,35658970000
2026-04-29,801110.SI,8983.05,9085.12,8983.05,9076.64,1741110000,34991250000
2026-04-30,801110.SI,9052.49,9153.49,9052.49,9096.84,1715360000,35686870000
2026-05-06,801110.SI,9060.98,9159.95,9060.92,9150.79,1768730000,37126860000
2026-05-07,801110.SI,9146.20,9236.50,9146.20,9170.69,2102180000,44068020000
2026-05-08,801110.SI,9147.76,9304.10,9131.87,9267.70,2027420000,43986450000
2026-05-11,801110.SI,9270.65,9365.63,9229.78,9310.44,2068590000,43442960000
2026-05-12,801110.SI,9313.93,9326.75,9214.92,9230.02,1858040000,35752290000
2026-05-13,801110.SI,9197.80,9284.88,9197.80,9274.55,1759810000,33774000000
2026-05-14,801110.SI,9300.81,9322.02,9232.90,9241.19,1752820000,36668790000
2026-05-15,801110.SI,9226.08,9411.15,9226.08,9315.70,2011830000,45487580000
2026-05-18,801110.SI,9317.08,9359.18,9253.22,9315.83,1750720000,40720480000
2026-05-19,801110.SI,9314.81,9314.81,9197.93,9246.57,1507310000,33997730000
2026-05-20,801110.SI,9206.84,9263.31,9155.28,9240.63,1554530000,33476350000
2026-05-21,801110.SI,9293.90,9354.36,9190.20,9193.09,2094870000,48495940000
2026-05-22,801110.SI,9209.52,9209.52,9133.87,9189.37,1664010000,39001450000
2026-05-25,801110.SI,9188.53,9188.53,9102.27,9148.87,1665860000,36688540000
2026-05-26,801110.SI,9138.03,9160.97,9050.60,9112.45,1729870000,38957060000
2026-05-27,801110.SI,9074.47,9074.54,8930.22,8983.02,1635640000,34836540000
2026-05-28,801110.SI,8938.57,8938.61,8778.18,8845.95,1479010000,31566500000
2026-05-29,801110.SI,8850.03,8930.46,8834.62,8851.36,1629470000,34511090000
2026-06-01,801110.SI,8818.89,8942.77,8818.89,8874.95,1375870000,28641110000
2026-06-02,801110.SI,8876.38,8941.37,8847.41,8930.66,1270480000,24859680000
2026-06-03,801110.SI,8901.63,8964.37,8871.30,8908.69,1386330000,26338650000
2026-06-04,801110.SI,8859.24,8969.93,8853.99,8879.21,1370220000,27533000000
2026-06-05,801110.SI,8858.89,8953.16,8839.97,8863.84,1521970000,32040000000
2026-06-08,801110.SI,8723.79,8937.29,8723.79,8816.82,1444310000,29925030000
2026-06-09,801110.SI,8819.95,8821.41,8730.81,8816.84,1218030000,24769080000
2026-06-10,801110.SI,8788.00,8851.05,8737.84,8803.74,1328620000,25391760000
2026-06-11,801110.SI,8756.12,8896.82,8756.12,8885.53,1335270000,27583580000
2026-06-12,801110.SI,8881.80,8881.80,8789.78,8807.49,1486670000,32435410000
2026-06-15,801110.SI,8804.79,8804.79,8691.39,8753.16,1402990000,28950100000
2026-06-16,801110.SI,8751.79,8751.82,8610.85,8643.98,1449300000,29314780000
2026-06-17,801110.SI,8619.42,8631.58,8575.82,8602.16,1314870000,25658070000
2026-06-18,801110.SI,8577.46,8589.76,8507.37,8507.37,1376640000,28845060000
2026-06-22,801110.SI,8479.96,8517.57,8417.84,8516.62,1556540000,29136890000
2026-06-23,801110.SI,8504.73,8585.55,8424.49,8455.78,1558140000,27041850000
2026-06-24,801110.SI,8454.46,8454.46,8300.99,8344.67,1378700000,23622790000
2026-06-25,801110.SI,8342.57,8429.09,8319.98,8339.52,1493890000,27801810000
2026-06-26,801110.SI,8333.19,8374.12,8269.56,8303.95,1556590000,27873250000
2026-06-29,801110.SI,8228.22,8341.05,8184.77,8337.39,1788980000,32504120000
2026-06-30,801110.SI,8313.08,8422.07,8294.33,8361.53,1581660000,31286560000
2026-07-01,801110.SI,8385.34,8466.18,8274.17,8456.07,1748050000,31068610000
2026-07-02,801110.SI,8452.53,8545.27,8448.90,8450.41,1759610000,33773210000
2026-07-03,801110.SI,8470.47,8643.43,8470.47,8621.96,1810880000,41023780000
2026-07-06,801110.SI,8636.20,8679.37,8610.20,8645.80,1747530000,35988400000
2026-07-07,801110.SI,8607.67,8642.83,8477.81,8497.19,1419210000,26284020000
2026-07-08,801110.SI,8466.75,8466.75,8391.53,8409.48,1229860000,22992620000
2026-07-09,801110.SI,8374.42,8431.09,8331.71,8426.04,1241870000,21314360000
2026-07-10,801110.SI,8419.12,8509.38,8413.75,8456.03,1456450000,26788260000
2026-07-13,801110.SI,8401.80,8477.43,8399.13,8412.36,1524050000,25356250000
2026-07-14,801110.SI,8399.67,8475.38,8350.07,8475.38,1346960000,23157210000
2026-07-15,801110.SI,8466.85,8583.35,8448.51,8580.68,1277630000,21461180000
2026-07-16,801110.SI,8526.70,8608.01,8516.14,8534.00,1221680000,21070160000
2026-07-17,801110.SI,8542.53,8558.31,8350.04,8409.09,1407610300,25010985700
