vendor,tool_name,query,result_index,api_name,title,score,table_markdown,retrieved_at
gildata,FinQuery,沪电股份2021年1月至2026年7月市盈率TTM历史走势,1,股票价值分析,,,"|股票名称|股票代码|交易日|总市值（亿元）|流通市值（亿元）|市盈率PE(LYR)|市盈率PE(TTM)|市净率PB(MRQ)|市净率PB(LF)|市现率PCF(LYR)|市现率PCF(TTM)|市销率PS(LYR)|市销率PS(TTM)|股息率|滚动股息率|PEG|企业价值(含货币资金)EV1(亿元)|企业价值(剔除货币资金)EV2(亿元)|企业价值倍数EV2/EBITDA|
|----------|----------|----------|----------|----------|----------|----------|----------|----------|----------|----------|----------|----------|----------|----------|----------|----------|----------|----------|
|沪电股份|002463.SZ|2026-07-17|2459.34|2457.35|64.34|57.17|14.65|15.54|63.52|83.03|12.98|11.64|0.39|0.39|119.02|2522.77|2478.86|50.33|
|沪电股份|002463.SZ|2026-07-16|2630.99|2628.87|68.83|61.16|15.67|16.62|67.95|88.83|13.89|12.46|0.37|0.37|127.33|2694.43|2650.51|53.82|
|沪电股份|002463.SZ|2026-07-15|2640.8|2638.67|69.09|61.39|15.73|16.68|68.2|89.16|13.94|12.5|0.36|0.36|127.8|2704.24|2660.32|54.02|
|沪电股份|002463.SZ|2026-07-14|2638.88|2636.75|69.04|61.34|15.72|16.67|68.15|89.09|13.93|12.49|0.36|0.36|127.71|2702.32|2658.4|53.98|
|沪电股份|002463.SZ|2026-07-13|2398.91|2396.98|62.76|55.76|14.29|15.16|61.96|80.99|12.66|11.36|0.4|0.4|116.1|2462.35|2418.43|49.11|
|沪电股份|002463.SZ|2026-07-10|2490.9|2488.89|65.17|57.9|14.84|15.74|64.33|84.1|13.15|11.79|0.39|0.39|120.55|2554.33|2510.42|50.97|
|沪电股份|002463.SZ|2026-07-09|2642.15|2640.02|69.12|61.42|15.74|16.69|68.24|89.21|13.95|12.51|0.36|0.36|127.87|2705.59|2661.67|54.04|
|沪电股份|002463.SZ|2026-07-08|2467.03|2465.04|64.54|57.35|14.69|15.59|63.72|83.29|13.02|11.68|0.39|0.39|119.39|2530.47|2486.55|50.49|
|沪电股份|002463.SZ|2026-07-07|2496.28|2494.27|65.31|58.03|14.87|15.77|64.47|84.28|13.18|11.82|0.39|0.39|120.81|2559.72|2515.8|51.08|
|沪电股份|002463.SZ|2026-07-06|2479.16|2477.16|64.86|57.63|14.77|15.66|64.03|83.7|13.09|11.74|0.39|0.39|119.98|2542.59|2498.68|50.73|
|沪电股份|002463.SZ|2026-07-03|2604.63|2602.52|68.14|60.55|15.51|16.46|67.27|87.94|13.75|12.33|0.37|0.37|126.05|2668.06|2624.15|53.28|
|沪电股份|002463.SZ|2026-07-02|2511.49|2509.46|65.71|58.38|14.96|15.87|64.86|84.79|13.26|11.89|0.38|0.38|121.54|2574.92|2531.01|51.39|
|沪电股份|002463.SZ|2026-07-01|2790.52|2788.27|73.01|64.87|16.62|17.63|72.07|94.21|14.73|13.21|0.34|0.34|135.05|2853.96|2810.04|57.06|
|沪电股份|002463.SZ|2026-06-30|2940.43|2938.05|76.93|68.35|17.51|18.58|75.94|99.28|15.52|13.92|0.33|0.33|142.3|3003.86|2959.95|60.1|
|沪电股份|002463.SZ|2026-06-29|2714.51|2712.32|71.02|63.1|16.17|17.15|70.11|91.65|14.33|12.85|0.35|0.35|131.37|2777.94|2734.03|55.51|
|沪电股份|002463.SZ|2026-06-26|2834.2|2831.92|74.15|65.88|16.88|17.91|73.2|95.69|14.96|13.42|0.34|0.34|137.16|2897.64|2853.72|57.94|
|沪电股份|002463.SZ|2026-06-25|2982.57|2980.16|78.03|69.33|17.76|18.84|77.03|100.7|15.74|14.12|0.32|0.32|144.34|3046.01|3002.09|60.96|
|沪电股份|002463.SZ|2026-06-24|2758.58|2756.35|72.17|64.12|16.43|17.43|71.24|93.14|14.56|13.06|0.35|0.35|133.5|2822.01|2778.1|56.41|
|沪电股份|002463.SZ|2026-06-23|2665.24|2663.09|69.73|61.95|15.87|16.84|68.83|89.98|14.07|12.62|0.36|0.36|128.98|2728.68|2684.76|54.51|
|沪电股份|002463.SZ|2026-06-22|2795.33|2793.07|73.13|64.98|16.65|17.66|72.19|94.38|14.75|13.23|0.34|0.34|135.28|2858.77|2814.85|57.15|
|沪电股份|002463.SZ|2026-06-18|2846.13|2843.84|74.46|66.16|16.95|17.98|73.51|96.09|15.02|13.47|0.34|0.34|137.74|2909.57|2865.65|58.19|
|沪电股份|002463.SZ|2026-06-17|2820.15|2817.88|73.78|65.56|16.8|17.82|72.84|95.21|14.89|13.35|0.34|0.34|136.48|2883.59|2839.67|57.66|
|沪电股份|002463.SZ|2026-06-16|2706.42|2704.24|70.81|62.91|16.12|17.1|69.9|91.38|14.29|12.81|0.36|0.36|130.98|2769.86|2725.94|55.35|
|沪电股份|002463.SZ|2026-06-15|2574.03|2571.95|67.34|59.83|15.33|16.26|66.48|86.91|13.59|12.19|0.37|0.37|124.57|2637.47|2593.55|52.66|
|沪电股份|002463.SZ|2026-06-12|2409.3|2407.36|63.03|56.01|14.35|15.22|62.22|81.34|12.72|11.41|0.4|0.4|116.6|2472.74|2428.82|49.32|
|沪电股份|002463.SZ|2026-06-11|2442.21|2440.24|63.89|56.77|14.55|15.43|63.07|82.45|12.89|11.56|0.39|0.39|118.19|2505.65|2461.73|49.98|
|沪电股份|002463.SZ|2026-06-10|2513.22|2511.19|65.75|58.42|14.97|15.88|64.91|84.85|13.27|11.9|0.38|0.38|121.63|2576.66|2532.74|51.43|
|沪电股份|002463.SZ|2026-06-09|2715.08|2712.89|71.03|63.11|16.17|17.15|70.12|91.67|14.33|12.85|0.35|0.35|131.4|2778.52|2734.6|55.53|
|沪电股份|002463.SZ|2026-06-08|2636.38|2634.25|68.97|61.28|15.7|16.66|68.09|89.01|13.92|12.48|0.36|0.36|127.59|2699.81|2655.9|53.93|
|沪电股份|002463.SZ|2026-06-05|2563.64|2561.57|67.07|59.59|15.27|16.2|66.21|86.55|13.53|12.14|0.38|0.38|124.07|2627.07|2583.16|52.45|
|沪电股份|002463.SZ|2026-06-04|2709.89|2707.7|70.9|62.99|16.14|17.12|69.99|91.49|14.3|12.83|0.35|0.36|131.14|2773.33|2729.41|55.42|
|沪电股份|002463.SZ|2026-06-03|2497.82|2495.81|65.35|58.06|14.88|15.78|64.51|84.33|13.18|11.83|0.39|0.39|120.88|2561.26|2517.34|51.11|
|沪电股份|002463.SZ|2026-06-02|2520.92|2518.88|65.95|58.6|15.01|15.93|65.11|85.11|13.31|11.94|0.38|0.38|122|2584.35|2540.44|51.58|
|沪电股份|002463.SZ|2026-06-01|2357.54|2355.64|61.68|54.8|14.04|14.89|60.89|79.6|12.44|11.16|0.41|0.41|114.09|2420.97|2377.06|48.27|
|沪电股份|002463.SZ|2026-05-29|2540.93|2538.88|66.48|59.06|15.13|16.05|65.62|85.79|13.41|12.03|0.38|0.38|122.97|2604.37|2560.45|51.99|
|沪电股份|002463.SZ|2026-05-28|2560.56|2558.49|66.99|59.52|15.25|16.18|66.13|86.45|13.52|12.12|0.38|0.38|123.92|2623.99|2580.08|52.39|
|沪电股份|002463.SZ|2026-05-27|2468.77|2466.77|64.59|57.39|14.7|15.6|63.76|83.35|13.03|11.69|0.39|0.39|119.48|2532.2|2488.29|50.52|
|沪电股份|002463.SZ|2026-05-26|2566.33|2564.26|67.14|59.66|15.29|16.21|66.28|86.65|13.55|12.15|0.37|0.37|124.2|2629.77|2585.85|52.5|
|沪电股份|002463.SZ|2026-05-25|2358.12|2356.21|61.69|54.82|14.04|14.9|60.9|79.62|12.45|11.16|0.41|0.41|114.12|2421.55|2377.64|48.28|
|沪电股份|002463.SZ|2026-05-22|2195.12|2193.35|57.43|51.03|13.07|13.87|56.69|74.11|11.59|10.39|0.44|0.44|106.23|2258.56|2214.64|44.97|
|沪电股份|002463.SZ|2026-05-21|1995.56|1993.95|52.21|46.39|11.89|12.61|51.54|67.37|10.53|9.45|0.48|0.48|96.58|2059|2015.09|40.92|
|沪电股份|002463.SZ|2026-05-20|1993.26|1991.65|52.15|46.33|11.87|12.59|51.48|67.3|10.52|9.44|0.48|0.48|96.46|2056.69|2012.78|40.87|
|沪电股份|002463.SZ|2026-05-19|1974.4|1972.8|51.65|45.9|11.76|12.47|50.99|66.66|10.42|9.35|0.49|0.49|95.55|2037.83|1993.92|40.49|
|沪电股份|002463.SZ|2026-05-18|2006.34|2004.72|52.49|46.64|11.95|12.68|51.82|67.74|10.59|9.5|0.48|0.48|97.1|2069.78|2025.86|41.13|
|沪电股份|002463.SZ|2026-05-15|1981.9|1980.3|51.85|46.07|11.8|12.52|51.19|66.91|10.46|9.38|0.49|0.49|95.91|2045.34|2001.42|40.64|
|沪电股份|002463.SZ|2026-05-14|2059.45|2057.79|53.88|47.87|12.27|13.01|53.19|69.53|10.87|9.75|0.47|0.47|99.67|2122.89|2078.97|42.21|
|沪电股份|002463.SZ|2026-05-13|2166.45|2164.7|56.68|50.36|12.9|13.69|55.95|73.14|11.44|10.26|0.44|0.44|104.85|2229.88|2185.97|44.39|
|沪电股份|002463.SZ|2026-05-12|2091.4|2089.71|54.72|48.62|12.46|13.21|54.01|70.61|11.04|9.9|0.46|0.46|101.21|2154.83|2110.92|42.86|
|沪电股份|002463.SZ|2026-05-11|2091.4|2089.71|54.72|48.62|12.46|13.21|54.01|70.61|11.04|9.9|0.46|0.46|101.21|2154.83|2110.92|42.86|
|沪电股份|002463.SZ|2026-05-08|2091.98|2090.29|54.73|48.63|12.46|13.22|54.03|70.63|11.04|9.9|0.46|0.46|101.24|2155.41|2111.5|42.87|
|沪电股份|002463.SZ|2026-05-07|2076|2074.33|54.31|48.26|12.36|12.36|53.62|70.09|10.96|9.83|0.46|0.46|100.47|2139.44|2095.52|42.55|
|沪电股份|002463.SZ|2026-05-06|2016.54|2014.91|52.76|46.88|12.01|12.01|52.08|68.08|10.64|9.55|0.48|0.48|97.59|2079.98|2036.06|41.34|
|沪电股份|002463.SZ|2026-04-30|1973.82|1972.23|51.64|45.88|11.76|11.76|50.98|66.64|10.42|9.35|0.49|0.49|95.52|2037.26|1993.34|40.47|
|沪电股份|002463.SZ|2026-04-29|1962.47|1960.88|51.34|45.62|11.69|11.69|50.68|66.26|10.36|9.29|0.49|0.49|94.97|2025.9|1981.99|40.24|
|沪电股份|002463.SZ|2026-04-28|1960.54|1958.96|51.29|45.57|11.68|11.68|50.63|66.19|10.35|9.28|0.49|0.49|94.88|2023.98|1980.06|40.2|
|沪电股份|002463.SZ|2026-04-27|2019.62|2017.99|52.84|46.95|12.03|12.03|52.16|68.19|10.66|9.56|0.48|0.48|97.74|2083.06|2039.14|41.4|
|沪电股份|002463.SZ|2026-04-24|1970.16|1968.57|51.54|45.8|11.73|11.73|50.88|66.52|10.4|9.33|0.49|0.49|95.35|2033.6|1989.68|40.4|
|沪电股份|002463.SZ|2026-04-23|2051.76|2050.1|53.68|47.69|12.22|12.22|52.99|69.27|10.83|9.71|0.47|0.47|99.29|2115.19|2071.28|42.06|
|沪电股份|002463.SZ|2026-04-22|1987.29|1985.69|51.99|51.99|13.15|13.15|51.33|51.33|10.49|10.49|0.48|0.48|128.73|2032.85|2007.06|40.75|
|沪电股份|002463.SZ|2026-04-21|1920.9|1919.35|50.26|50.26|12.71|12.71|49.61|49.61|10.14|10.14|0.5|0.5|124.43|1966.46|1940.67|39.4|
|沪电股份|002463.SZ|2026-04-20|1885.88|1884.35|49.34|49.34|12.48|12.48|48.71|48.71|9.95|9.95|0.51|0.51|122.16|1931.43|1905.64|38.69|
|沪电股份|002463.SZ|2026-04-17|1879.33|1877.82|49.17|49.17|12.44|12.44|48.54|48.54|9.92|9.92|0.51|0.51|121.74|1924.89|1899.1|38.56|
|沪电股份|002463.SZ|2026-04-16|1816.6|1815.13|47.53|47.53|12.02|12.02|46.92|46.92|9.59|9.59|0.53|0.53|117.68|1862.16|1836.37|37.29|
|沪电股份|002463.SZ|2026-04-15|1785.42|1783.98|46.71|46.71|11.81|11.81|46.11|46.11|9.42|9.42|0.54|0.54|115.66|1830.98|1805.19|36.65|
|沪电股份|002463.SZ|2026-04-14|1877.02|1875.51|49.11|49.11|12.42|12.42|48.48|48.48|9.91|9.91|0.51|0.51|121.59|1922.58|1896.79|38.51|
|沪电股份|002463.SZ|2026-04-13|1706.33|1704.96|44.64|44.64|11.29|11.29|44.07|44.07|9.01|9.01|0.56|0.56|110.53|1751.89|1726.1|35.05|
|沪电股份|002463.SZ|2026-04-10|1699.6|1698.23|44.47|44.47|11.25|11.25|43.89|43.89|8.97|8.97|0.57|0.57|110.1|1745.16|1719.36|34.91|
|沪电股份|002463.SZ|2026-04-09|1651.87|1650.54|43.22|43.22|10.93|10.93|42.66|42.66|8.72|8.72|0.58|0.58|107|1697.43|1671.64|33.94|
|沪电股份|002463.SZ|2026-04-08|1617.81|1616.51|42.33|42.33|10.71|10.71|41.78|41.78|8.54|8.54|0.59|0.59|104.8|1663.37|1637.58|33.25|
|沪电股份|002463.SZ|2026-04-07|1470.79|1469.6|38.48|38.48|9.73|9.73|37.99|37.99|7.76|7.76|0.65|0.65|95.27|1516.35|1490.56|30.27|
|沪电股份|002463.SZ|2026-04-03|1468.67|1467.49|38.42|38.42|9.72|9.72|37.93|37.93|7.75|7.75|0.65|0.65|95.14|1514.23|1488.44|30.22|
|沪电股份|002463.SZ|2026-04-02|1467.71|1466.53|38.4|38.4|9.71|9.71|37.91|37.91|7.75|7.75|0.66|0.66|95.08|1513.27|1487.48|30.2|
|沪电股份|002463.SZ|2026-04-01|1525.83|1524.6|39.92|39.92|10.1|10.1|39.41|39.41|8.05|8.05|0.63|0.63|98.84|1571.39|1545.59|31.38|
|沪电股份|002463.SZ|2026-03-31|1461.94|1460.76|38.25|38.25|9.67|9.67|37.76|37.76|7.72|7.72|0.66|0.66|94.7|1507.5|1481.71|30.09|
|沪电股份|002463.SZ|2026-03-30|1523.9|1522.67|39.87|39.87|10.08|10.08|39.36|39.36|8.04|8.04|0.63|0.63|98.72|1569.46|1543.67|31.34|
|沪电股份|002463.SZ|2026-03-27|1551.81|1550.55|40.6|40.6|10.27|10.27|40.08|40.08|8.19|8.19|0.62|0.62|100.52|1597.36|1571.57|31.91|
|沪电股份|002463.SZ|2026-03-26|1520.44|1519.21|39.78|39.78|10.06|10.06|39.27|39.27|8.03|8.03|0.63|0.63|98.49|1566|1540.21|31.27|
|沪电股份|002463.SZ|2026-03-25|1587.98|1586.7|41.55|41.55|10.51|10.51|41.01|41.01|8.38|8.38|0.61|0.61|102.87|1633.54|1607.75|32.64|
|沪电股份|002463.SZ|2026-03-24|1583.56|1582.28|61.21|41.43|11.35|10.48|68.1|47.13|11.87|8.36|0.61|0.61|102.58|1633.08|1602.37|47.78|
|沪电股份|002463.SZ|2026-03-23|1544.11|1542.86|59.68|40.4|11.07|10.22|66.41|45.95|11.57|8.15|0.62|0.62|100.02|1593.63|1562.92|46.6|
|沪电股份|002463.SZ|2026-03-20|1622.24|1620.93|62.7|42.44|11.63|10.73|69.77|48.28|12.16|8.56|0.59|0.59|105.09|1671.76|1641.05|48.93|
|沪电股份|002463.SZ|2026-03-19|1661.3|1659.96|64.21|43.46|11.91|10.99|71.45|49.44|12.45|8.77|0.58|0.58|107.62|1710.83|1680.11|50.1|
|沪电股份|002463.SZ|2026-03-18|1751.17|1749.76|67.69|45.81|12.56|11.59|75.31|52.12|13.13|9.24|0.55|0.55|113.44|1800.7|1769.98|52.78|
|沪电股份|002463.SZ|2026-03-17|1647.06|1645.73|63.66|43.09|11.81|10.9|70.84|49.02|12.35|8.69|0.58|0.58|106.69|1696.59|1665.87|49.67|
|沪电股份|002463.SZ|2026-03-16|1615.5|1614.2|62.44|42.27|11.58|10.69|69.48|48.08|12.11|8.53|0.6|0.6|104.65|1665.03|1634.31|48.73|
|沪电股份|002463.SZ|2026-03-13|1562.2|1560.94|60.38|40.87|11.2|10.34|67.19|46.49|11.71|8.25|0.62|0.62|101.2|1611.72|1581.01|47.14|
|沪电股份|002463.SZ|2026-03-12|1469.06|1467.87|56.78|38.43|10.53|9.72|63.18|43.72|11.01|7.75|0.65|0.65|95.16|1518.58|1487.87|44.37|
|沪电股份|002463.SZ|2026-03-11|1486.38|1485.18|57.45|38.89|10.66|9.84|63.93|44.24|11.14|7.85|0.65|0.65|96.28|1535.9|1505.19|44.88|
|沪电股份|002463.SZ|2026-03-10|1475.02|1473.83|57.01|38.59|10.58|9.76|63.44|43.9|11.06|7.79|0.65|0.65|95.55|1524.55|1493.83|44.54|
|沪电股份|002463.SZ|2026-03-09|1427.69|1426.53|55.18|37.35|10.24|9.45|61.4|42.49|10.7|7.54|0.67|0.67|92.48|1477.21|1446.5|43.13|
|沪电股份|002463.SZ|2026-03-06|1451.16|1449.99|56.09|37.97|10.4|9.6|62.41|43.19|10.88|7.66|0.66|0.66|94|1500.69|1469.97|43.83|
|沪电股份|002463.SZ|2026-03-05|1471.18|1469.99|56.86|38.49|10.55|9.73|63.27|43.78|11.03|7.77|0.65|0.65|95.3|1520.7|1489.99|44.43|
|沪电股份|002463.SZ|2026-03-04|1462.52|1461.34|56.53|38.26|10.49|9.68|62.9|43.53|10.96|7.72|0.66|0.66|94.74|1512.04|1481.33|44.17|
|沪电股份|002463.SZ|2026-03-03|1466.75|1465.57|56.69|38.37|10.52|9.71|63.08|43.65|10.99|7.74|0.66|0.66|95.01|1516.27|1485.56|44.3|
|沪电股份|002463.SZ|2026-03-02|1575.48|1574.2|60.89|41.22|11.3|10.42|67.76|46.89|11.81|8.32|0.61|0.61|102.06|1625|1594.29|47.54|
|沪电股份|002463.SZ|2026-02-27|1608.77|1607.47|62.18|42.09|11.53|10.65|69.19|47.88|12.06|8.49|0.6|0.6|104.21|1658.29|1627.58|48.53|
|沪电股份|002463.SZ|2026-02-26|1642.64|1641.31|63.49|42.98|11.78|10.87|70.65|48.89|12.31|8.67|0.59|0.59|106.41|1692.16|1661.45|49.54|
|沪电股份|002463.SZ|2026-02-25|1493.31|1492.1|57.72|39.07|10.71|9.88|64.22|44.44|11.19|7.88|0.64|0.64|96.73|1542.83|1512.12|45.09|
|沪电股份|002463.SZ|2026-02-24|1392.47|1391.35|53.82|36.43|9.98|9.21|59.89|41.44|10.44|7.35|0.69|0.69|90.2|1441.99|1411.28|42.08|
|沪电股份|002463.SZ|2026-02-13|1331.08|1330.01|51.45|34.82|9.54|8.81|57.25|39.61|9.98|7.03|0.72|0.72|86.22|1380.61|1349.89|40.25|
|沪电股份|002463.SZ|2026-02-12|1326.85|1325.78|51.28|34.71|9.51|8.78|57.06|39.49|9.95|7|0.72|0.72|85.95|1376.37|1345.66|40.13|
|沪电股份|002463.SZ|2026-02-11|1335.7|1334.62|51.63|34.94|9.58|8.84|57.44|39.75|10.01|7.05|0.72|0.72|86.52|1385.23|1354.51|40.39|
|沪电股份|002463.SZ|2026-02-10|1390.55|1389.42|53.75|36.38|9.97|9.2|59.8|41.38|10.42|7.34|0.69|0.69|90.08|1440.07|1409.36|42.03|
|沪电股份|002463.SZ|2026-02-09|1377.65|1376.54|53.25|36.04|9.88|9.12|59.25|41|10.33|7.27|0.7|0.7|89.24|1427.18|1396.46|41.64|
|沪电股份|002463.SZ|2026-02-06|1330.89|1329.82|51.44|34.82|9.54|8.81|57.24|39.61|9.98|7.02|0.72|0.72|86.21|1380.41|1349.7|40.25|
|沪电股份|002463.SZ|2026-02-05|1269.5|1268.48|49.07|33.21|9.1|8.4|54.6|37.78|9.52|6.7|0.76|0.76|82.24|1319.03|1288.31|38.42|
|沪电股份|002463.SZ|2026-02-04|1276.82|1275.78|49.35|33.4|9.15|8.45|54.91|38|9.57|6.74|0.75|0.75|82.71|1326.34|1295.63|38.63|
|沪电股份|002463.SZ|2026-02-03|1338.97|1337.89|51.75|35.03|9.6|8.86|57.59|39.85|10.04|7.07|0.72|0.72|86.74|1388.5|1357.78|40.49|
|沪电股份|002463.SZ|2026-02-02|1329.16|1328.09|51.37|34.77|9.53|8.79|57.16|39.56|9.96|7.02|0.72|0.72|86.1|1378.68|1347.97|40.2|
|沪电股份|002463.SZ|2026-01-30|1342.24|1341.16|51.88|35.12|9.62|8.88|57.73|39.95|10.06|7.08|0.72|0.72|86.95|1391.77|1361.05|40.59|
|沪电股份|002463.SZ|2026-01-29|1330.7|1329.62|51.43|34.81|9.54|8.81|57.23|39.6|9.97|7.02|0.72|0.72|86.2|1380.22|1349.51|40.24|
|沪电股份|002463.SZ|2026-01-28|1386.12|1385|53.58|36.26|9.94|9.17|59.61|41.25|10.39|7.32|0.69|0.69|89.79|1435.64|1404.93|41.89|
|沪电股份|002463.SZ|2026-01-27|1377.65|1376.54|53.25|39.86|9.88|9.88|59.25|41|10.33|7.72|0.7|0.7|95.77|1427.18|1396.46|41.64|
|沪电股份|002463.SZ|2026-01-26|1378.81|1377.69|53.29|39.89|9.89|9.89|59.3|41.04|10.33|7.73|0.7|0.7|95.85|1428.33|1397.62|41.68|
|沪电股份|002463.SZ|2026-01-23|1387.47|1386.35|53.63|40.14|9.95|9.95|59.67|41.29|10.4|7.78|0.69|0.69|96.46|1436.99|1406.28|41.93|
|沪电股份|002463.SZ|2026-01-22|1469.06|1467.87|56.78|42.5|10.53|10.53|63.18|43.72|11.01|8.23|0.65|0.65|102.13|1518.58|1487.87|44.37|
|沪电股份|002463.SZ|2026-01-21|1424.03|1422.88|55.04|41.2|10.21|10.21|61.24|42.38|10.67|7.98|0.68|0.68|99|1473.55|1442.84|43.02|
|沪电股份|002463.SZ|2026-01-20|1368.8|1367.7|52.91|39.6|9.81|9.81|58.87|40.74|10.26|7.67|0.7|0.7|95.16|1418.32|1387.61|41.38|
|沪电股份|002463.SZ|2026-01-19|1449.24|1448.07|56.01|41.93|10.39|10.39|62.33|43.13|10.86|8.12|0.66|0.66|100.75|1498.76|1468.05|43.78|
|沪电股份|002463.SZ|2026-01-16|1481.76|1480.56|57.27|42.87|10.62|10.62|63.73|44.1|11.11|8.3|0.65|0.65|103.01|1531.28|1500.57|44.75|
|沪电股份|002463.SZ|2026-01-15|1457.71|1456.53|56.34|42.17|10.45|10.45|62.69|43.38|10.93|8.17|0.66|0.66|101.34|1507.23|1476.52|44.03|
|沪电股份|002463.SZ|2026-01-14|1416.72|1415.57|54.76|40.99|10.16|10.16|60.93|42.16|10.62|7.94|0.68|0.68|98.49|1466.24|1435.53|42.81|
|沪电股份|002463.SZ|2026-01-13|1336.28|1335.2|51.65|38.66|9.58|9.58|57.47|39.77|10.02|7.49|0.72|0.72|92.9|1385.8|1355.09|40.41|
|沪电股份|002463.SZ|2026-01-12|1330.12|1329.05|51.41|38.48|9.54|9.54|57.2|39.59|9.97|7.45|0.72|0.72|92.47|1379.64|1348.93|40.22|
|沪电股份|002463.SZ|2026-01-09|1347.05|1345.97|52.07|38.97|9.66|9.66|57.93|40.09|10.1|7.55|0.71|0.71|93.65|1396.58|1365.86|40.73|
|沪电股份|002463.SZ|2026-01-08|1370.72|1369.62|52.98|39.66|9.83|9.83|58.95|40.79|10.27|7.68|0.7|0.7|95.29|1420.25|1389.53|41.43|
|沪电股份|002463.SZ|2026-01-07|1414.79|1413.65|54.68|40.93|10.14|10.14|60.85|42.11|10.6|7.93|0.68|0.68|98.35|1464.32|1433.6|42.75|
|沪电股份|002463.SZ|2026-01-06|1418.26|1417.11|54.82|41.03|10.17|10.17|61|42.21|10.63|7.95|0.68|0.68|98.6|1467.78|1437.07|42.85|
|沪电股份|002463.SZ|2026-01-05|1461.55|1460.37|56.49|42.28|10.48|10.48|62.86|43.5|10.95|8.19|0.66|0.66|101.61|1511.08|1480.36|44.14|
|沪电股份|002463.SZ|2025-12-31|1406.13|1405|54.35|40.68|10.08|10.08|60.47|41.85|10.54|7.88|0.68|0.68|97.75|1455.66|1424.94|42.49|
|沪电股份|002463.SZ|2025-12-30|1435.38|1434.22|55.48|41.53|10.29|10.29|61.73|42.72|10.76|8.04|0.67|0.67|99.79|1484.91|1454.19|43.36|
|沪电股份|002463.SZ|2025-12-29|1476.76|1475.56|57.08|42.72|10.59|10.59|63.51|43.95|11.07|8.28|0.65|0.65|102.66|1526.28|1495.57|44.6|
|沪电股份|002463.SZ|2025-12-26|1381.31|1380.19|53.39|39.96|9.9|9.9|59.41|41.11|10.35|7.74|0.69|0.7|96.03|1430.83|1400.12|41.75|
|沪电股份|002463.SZ|2025-12-25|1394.01|1392.88|53.88|40.33|9.99|9.99|59.95|41.49|10.45|7.81|0.69|0.69|96.91|1443.53|1412.82|42.13|
|沪电股份|002463.SZ|2025-12-24|1408.83|1407.69|54.45|40.76|10.1|10.1|60.59|41.93|10.56|7.9|0.68|0.68|97.94|1458.35|1427.64|42.57|
|沪电股份|002463.SZ|2025-12-23|1374.38|1373.27|53.12|39.76|9.85|9.85|59.11|40.9|10.3|7.7|0.7|0.7|95.55|1423.91|1393.19|41.54|
|沪电股份|002463.SZ|2025-12-22|1373.8|1372.69|53.1|39.75|9.85|9.85|59.08|40.89|10.3|7.7|0.7|0.7|95.51|1423.33|1392.61|41.53|
|沪电股份|002463.SZ|2025-12-19|1299.33|1298.28|50.22|37.59|9.32|9.32|55.88|38.67|9.74|7.28|0.74|0.74|90.33|1348.85|1318.14|39.31|
|沪电股份|002463.SZ|2025-12-18|1310.68|1309.63|50.66|37.92|9.4|9.4|56.37|39.01|9.82|7.35|0.73|0.73|91.12|1360.21|1329.49|39.64|
|沪电股份|002463.SZ|2025-12-17|1385.54|1384.42|53.55|40.09|9.93|9.93|59.59|41.24|10.39|7.77|0.69|0.69|96.32|1435.07|1404.35|41.88|
|沪电股份|002463.SZ|2025-12-16|1316.07|1315.01|50.87|38.08|9.44|9.44|56.6|39.17|9.86|7.38|0.73|0.73|91.49|1365.6|1334.88|39.8|
|沪电股份|002463.SZ|2025-12-15|1320.69|1319.62|51.05|38.21|9.47|9.47|56.8|39.31|9.9|7.4|0.72|0.73|91.81|1370.22|1339.5|39.94|
|沪电股份|002463.SZ|2025-12-12|1361.87|1360.77|52.64|39.4|9.76|9.76|58.57|40.53|10.21|7.63|0.7|0.71|94.68|1411.4|1380.68|41.17|
|沪电股份|002463.SZ|2025-12-11|1355.14|1354.04|52.38|39.21|9.72|9.72|58.28|40.33|10.16|7.59|0.71|0.71|94.21|1404.66|1373.95|40.97|
|沪电股份|002463.SZ|2025-12-10|1396.9|1395.77|53.99|40.41|10.02|10.02|60.08|41.57|10.47|7.83|0.68|0.69|97.11|1446.42|1415.71|42.21|
|沪电股份|002463.SZ|2025-12-09|1421.14|1420|54.93|41.12|10.19|10.19|61.12|42.3|10.65|7.96|0.67|0.68|98.8|1470.67|1439.95|42.94|
|沪电股份|002463.SZ|2025-12-08|1371.3|1370.19|53|39.67|9.83|9.83|58.98|40.81|10.28|7.69|0.7|0.7|95.33|1420.83|1390.11|41.45|
|沪电股份|002463.SZ|2025-12-05|1318.77|1317.7|50.97|38.15|9.46|9.46|56.72|39.25|9.88|7.39|0.73|0.73|91.68|1368.29|1337.58|39.89|
|沪电股份|002463.SZ|2025-12-04|1361.87|1360.77|52.64|39.4|9.76|9.76|58.57|40.53|10.21|7.63|0.7|0.71|94.68|1411.4|1380.68|41.17|
|沪电股份|002463.SZ|2025-12-03|1376.69|1375.58|53.21|39.83|9.87|9.87|59.21|40.97|10.32|7.72|0.69|0.7|95.71|1426.21|1395.5|41.61|
|沪电股份|002463.SZ|2025-12-02|1364.95|1363.85|52.76|39.49|9.79|9.79|58.7|40.62|10.23|7.65|0.7|0.7|94.89|1414.48|1383.76|41.26|
|沪电股份|002463.SZ|2025-12-01|1387.27|1386.15|53.62|40.14|9.95|9.95|59.66|41.29|10.4|7.77|0.69|0.69|96.44|1436.8|1406.08|41.93|
|沪电股份|002463.SZ|2025-11-28|1336.47|1335.39|51.66|38.67|9.58|9.58|57.48|39.78|10.02|7.49|0.72|0.72|92.91|1386|1355.28|40.41|
|沪电股份|002463.SZ|2025-11-27|1349.56|1348.47|52.16|39.04|9.68|9.68|58.04|40.16|10.12|7.56|0.71|0.71|93.82|1399.08|1368.37|40.8|
|沪电股份|002463.SZ|2025-11-26|1401.51|1400.38|54.17|40.55|10.05|10.05|60.28|41.71|10.5|7.85|0.68|0.69|97.43|1451.04|1420.32|42.35|
|沪电股份|002463.SZ|2025-11-25|1288.36|1287.32|49.8|37.27|9.24|9.24|55.41|38.34|9.66|7.22|0.74|0.75|89.57|1337.89|1307.17|38.98|
|沪电股份|002463.SZ|2025-11-24|1171.17|1170.22|45.27|33.88|8.4|8.4|50.37|34.86|8.78|6.56|0.82|0.82|81.42|1220.69|1189.98|35.48|
|沪电股份|002463.SZ|2025-11-21|1183.48|1182.53|45.74|34.24|8.49|8.49|50.9|35.22|8.87|6.63|0.81|0.81|82.27|1233.01|1202.29|35.85|
|沪电股份|002463.SZ|2025-11-20|1249.68|1248.67|48.3|36.15|8.96|8.96|53.75|37.19|9.37|7|0.77|0.77|86.88|1299.21|1268.49|37.83|
|沪电股份|002463.SZ|2025-11-19|1223.51|1222.52|47.29|35.4|8.77|8.77|52.62|36.41|9.17|6.86|0.78|0.79|85.06|1273.03|1242.32|37.04|
|沪电股份|002463.SZ|2025-11-18|1212.73|1211.76|46.87|35.09|8.7|8.7|52.16|36.09|9.09|6.8|0.79|0.79|84.31|1262.26|1231.54|36.72|
|沪电股份|002463.SZ|2025-11-17|1200.8|1199.83|46.41|34.74|8.61|8.61|51.64|35.74|9|6.73|0.8|0.8|83.48|1250.33|1219.61|36.37|
|沪电股份|002463.SZ|2025-11-14|1185.6|1184.64|45.83|34.3|8.5|8.5|50.99|35.28|8.89|6.64|0.81|0.81|82.42|1235.13|1204.41|35.91|
|沪电股份|002463.SZ|2025-11-13|1240.44|1239.44|47.94|35.89|8.89|8.89|53.35|36.92|9.3|6.95|0.77|0.78|86.23|1289.97|1259.25|37.55|
|沪电股份|002463.SZ|2025-11-12|1233.9|1232.91|47.69|35.7|8.85|8.85|53.07|36.72|9.25|6.92|0.78|0.78|85.78|1283.43|1252.71|37.35|
|沪电股份|002463.SZ|2025-11-11|1260.07|1259.06|48.7|36.46|9.03|9.03|54.19|37.5|9.44|7.06|0.76|0.76|87.6|1309.6|1278.88|38.13|
|沪电股份|002463.SZ|2025-11-10|1300.68|1299.63|50.27|37.63|9.33|9.33|55.94|38.71|9.75|7.29|0.74|0.74|90.42|1350.2|1319.49|39.35|
|沪电股份|002463.SZ|2025-11-07|1336.28|1335.2|51.65|38.66|9.58|9.58|57.47|39.77|10.02|7.49|0.72|0.72|92.9|1385.8|1355.09|40.41|
|沪电股份|002463.SZ|2025-11-06|1395.36|1394.23|53.93|40.37|10|10|60.01|41.53|10.46|7.82|0.69|0.69|97|1444.88|1414.17|42.17|
|沪电股份|002463.SZ|2025-11-05|1354.56|1353.47|52.36|39.19|9.71|9.71|58.26|40.31|10.15|7.59|0.71|0.71|94.17|1404.08|1373.37|40.95|
|沪电股份|002463.SZ|2025-11-04|1366.3|1365.2|52.81|39.53|9.8|9.8|58.76|40.66|10.24|7.66|0.7|0.7|94.98|1415.82|1385.11|41.3|
|沪电股份|002463.SZ|2025-11-03|1378.42|1377.31|53.28|39.88|9.88|9.88|59.28|41.02|10.33|7.73|0.69|0.7|95.83|1427.95|1397.23|41.66|
|沪电股份|002463.SZ|2025-10-31|1365.53|1364.43|52.78|39.51|9.79|9.79|58.73|40.64|10.24|7.65|0.7|0.7|94.93|1415.05|1384.34|41.28|
|沪电股份|002463.SZ|2025-10-30|1456.74|1455.57|56.3|42.15|10.44|10.44|62.65|43.35|10.92|8.16|0.66|0.66|101.27|1506.27|1475.55|44|
|沪电股份|002463.SZ|2025-10-29|1527.56|1526.33|59.04|44.19|10.95|10.95|65.7|45.46|11.45|8.56|0.63|0.63|106.19|1577.08|1546.37|46.11|
|沪电股份|002463.SZ|2025-10-28|1539.19|1537.94|59.49|49.19|12.08|12.08|66.2|47.67|11.54|9.38|0.62|0.62|122.05|1589.4|1561.99|46.58|
|沪电股份|002463.SZ|2025-10-27|1491.28|1490.08|57.64|47.66|11.71|11.71|64.14|46.19|11.18|9.09|0.64|0.64|118.25|1541.49|1514.08|45.15|
|沪电股份|002463.SZ|2025-10-24|1406.62|1405.49|54.37|44.95|11.04|11.04|60.5|43.57|10.54|8.57|0.68|0.68|111.54|1456.84|1429.43|42.62|
|沪电股份|002463.SZ|2025-10-23|1310.04|1308.98|50.63|41.87|10.28|10.28|56.34|40.58|9.82|7.98|0.73|0.73|103.88|1360.25|1332.84|39.74|
|沪电股份|002463.SZ|2025-10-22|1345.83|1344.74|52.02|43.01|10.56|10.56|57.88|41.68|10.09|8.2|0.71|0.71|106.72|1396.04|1368.63|40.81|
|沪电股份|002463.SZ|2025-10-21|1347.75|1346.66|52.09|43.07|10.58|10.58|57.96|41.74|10.1|8.21|0.71|0.71|106.87|1397.96|1370.55|40.87|
|沪电股份|002463.SZ|2025-10-20|1288.11|1287.07|49.79|41.16|10.11|10.11|55.4|39.9|9.65|7.85|0.74|0.75|102.14|1338.32|1310.91|39.09|
|沪电股份|002463.SZ|2025-10-17|1234.62|1233.62|47.72|39.45|9.69|9.69|53.1|38.24|9.25|7.52|0.77|0.78|97.9|1284.83|1257.42|37.49|
|沪电股份|002463.SZ|2025-10-16|1293.88|1292.83|50.01|41.35|10.16|10.16|55.65|40.07|9.7|7.88|0.74|0.74|102.6|1344.09|1316.68|39.26|
|沪电股份|002463.SZ|2025-10-15|1311.96|1310.91|50.71|41.93|10.3|10.3|56.42|40.63|9.83|7.99|0.73|0.73|104.03|1362.18|1334.77|39.8|
|沪电股份|002463.SZ|2025-10-14|1265.98|1264.96|48.93|40.46|9.94|9.94|54.45|39.21|9.49|7.71|0.76|0.76|100.39|1316.19|1288.78|38.43|
|沪电股份|002463.SZ|2025-10-13|1356.41|1355.31|52.43|43.35|10.65|10.65|58.34|42.01|10.17|8.27|0.71|0.71|107.56|1406.62|1379.21|41.13|
|沪电股份|002463.SZ|2025-10-10|1399.89|1398.76|54.11|44.74|10.99|10.99|60.21|43.36|10.49|8.53|0.68|0.69|111|1450.1|1422.69|42.42|
|沪电股份|002463.SZ|2025-10-09|1422.79|1421.64|54.99|45.47|11.17|11.17|61.19|44.07|10.66|8.67|0.67|0.68|112.82|1473|1445.59|43.11|
|沪电股份|002463.SZ|2025-09-30|1413.55|1412.41|54.64|45.17|11.1|11.1|60.79|43.78|10.6|8.61|0.68|0.68|112.09|1463.76|1436.35|42.83|
|沪电股份|002463.SZ|2025-09-29|1429.71|1428.56|55.26|45.69|11.22|11.22|61.49|44.28|10.72|8.71|0.67|0.67|113.37|1479.92|1452.51|43.31|
|沪电股份|002463.SZ|2025-09-26|1385.65|1384.53|53.56|44.28|10.88|10.88|59.59|42.92|10.39|8.44|0.69|0.69|109.88|1435.86|1408.46|42|
|沪电股份|002463.SZ|2025-09-25|1437.41|1436.25|55.56|45.94|11.28|11.28|61.82|44.52|10.77|8.76|0.67|0.67|113.98|1487.62|1460.21|43.54|
|沪电股份|002463.SZ|2025-09-24|1432.41|1431.25|55.36|45.78|11.24|11.24|61.6|44.37|10.74|8.73|0.67|0.67|113.58|1482.62|1455.21|43.39|
|沪电股份|002463.SZ|2025-09-23|1498.78|1497.57|57.93|47.9|11.77|11.77|64.46|46.42|11.23|9.13|0.64|0.64|118.85|1548.99|1521.59|45.37|
|沪电股份|002463.SZ|2025-09-22|1540.34|1539.1|59.54|49.23|12.09|12.09|66.25|47.71|11.55|9.39|0.62|0.62|122.14|1590.55|1563.14|46.61|
|沪电股份|002463.SZ|2025-09-19|1460.3|1459.12|56.44|46.67|11.46|11.46|62.8|45.23|10.95|8.9|0.66|0.66|115.79|1510.52|1483.11|44.22|
|沪电股份|002463.SZ|2025-09-18|1451.07|1449.9|56.09|46.37|11.39|11.39|62.41|44.94|10.88|8.84|0.66|0.66|115.06|1501.28|1473.87|43.95|
|沪电股份|002463.SZ|2025-09-17|1364.1|1363|52.72|43.59|10.71|10.71|58.67|42.25|10.22|8.31|0.7|0.7|108.17|1414.32|1386.91|41.36|
|沪电股份|002463.SZ|2025-09-16|1385.27|1384.15|53.54|44.27|10.87|10.87|59.58|42.91|10.38|8.44|0.69|0.69|109.84|1435.48|1408.07|41.99|
|沪电股份|002463.SZ|2025-09-15|1326.39|1325.32|51.27|42.39|10.41|10.41|57.04|41.08|9.94|8.08|0.72|0.72|105.18|1376.61|1349.2|40.23|
|沪电股份|002463.SZ|2025-09-12|1383.34|1382.23|53.47|44.21|10.86|10.86|59.49|42.85|10.37|8.43|0.69|0.7|109.69|1433.56|1406.15|41.93|
|沪电股份|002463.SZ|2025-09-11|1343.52|1342.43|51.93|42.94|10.55|10.55|57.78|41.61|10.07|8.19|0.71|0.72|106.53|1393.73|1366.32|40.74|
|沪电股份|002463.SZ|2025-09-10|1221.34|1220.36|47.21|39.03|9.59|9.59|52.53|37.83|9.15|7.44|0.78|0.79|96.85|1271.56|1244.15|37.1|
|沪电股份|002463.SZ|2025-09-09|1142.65|1141.73|44.16|36.52|8.97|8.97|49.14|35.39|8.56|6.96|0.84|0.84|90.61|1192.87|1165.46|34.75|
|沪电股份|002463.SZ|2025-09-08|1161.51|1160.57|44.89|37.12|9.12|9.12|49.95|35.97|8.71|7.08|0.82|0.83|92.1|1211.72|1184.31|35.31|
|沪电股份|002463.SZ|2025-09-05|1234.04|1233.05|47.7|39.44|9.69|9.69|53.07|38.22|9.25|7.52|0.78|0.78|97.85|1284.25|1256.85|37.48|
|沪电股份|002463.SZ|2025-09-04|1142.46|1141.54|44.16|36.51|8.97|8.97|49.13|35.38|8.56|6.96|0.84|0.84|90.59|1192.67|1165.26|34.75|
|沪电股份|002463.SZ|2025-09-03|1269.44|1268.42|49.07|40.57|9.97|9.97|54.6|39.32|9.52|7.74|0.75|0.76|100.66|1319.66|1292.25|38.53|
|沪电股份|002463.SZ|2025-09-02|1293.3|1292.26|49.99|41.33|10.15|10.15|55.62|40.06|9.69|7.88|0.74|0.74|102.55|1343.51|1316.1|39.24|
|沪电股份|002463.SZ|2025-09-01|1342.94|1341.86|51.91|42.92|10.54|10.54|57.76|41.59|10.07|8.18|0.71|0.72|106.49|1393.15|1365.74|40.73|
|沪电股份|002463.SZ|2025-08-29|1323.51|1322.44|51.16|42.3|10.39|10.39|56.92|40.99|9.92|8.06|0.72|0.73|104.95|1373.72|1346.31|40.15|
|沪电股份|002463.SZ|2025-08-28|1233.66|1232.66|47.68|39.42|9.68|9.68|53.06|38.21|9.25|7.52|0.78|0.78|97.82|1283.87|1256.46|37.47|
|沪电股份|002463.SZ|2025-08-27|1133.03|1132.12|43.79|36.21|8.89|8.89|48.73|35.09|8.49|6.9|0.84|0.85|89.84|1183.25|1155.84|34.47|
|沪电股份|002463.SZ|2025-08-26|1109.18|1108.28|42.87|35.45|8.71|8.71|47.7|34.35|8.31|6.76|0.86|0.87|87.95|1159.39|1131.98|33.75|
|沪电股份|002463.SZ|2025-08-25|1114.95|1114.05|43.09|35.63|8.75|8.75|47.95|34.53|8.36|6.79|0.86|0.86|88.41|1165.16|1137.75|33.93|
|沪电股份|002463.SZ|2025-08-22|1070.31|1069.45|41.37|34.2|8.4|8.4|46.03|33.15|8.02|6.52|0.89|0.9|84.87|1120.52|1093.11|32.6|
|沪电股份|002463.SZ|2025-08-21|1030.53|1029.87|39.83|36.35|8.14|8.81|44.32|36.11|7.72|6.97|0.93|0.93|98.77|1074.52|1042.19|31.08|
|沪电股份|002463.SZ|2025-08-20|1051.31|1050.63|40.63|37.08|8.31|8.99|45.21|36.84|7.88|7.11|0.91|0.91|100.76|1095.3|1062.97|31.7|
|沪电股份|002463.SZ|2025-08-19|1057.08|1056.4|40.86|37.29|8.35|9.04|45.46|37.04|7.92|7.14|0.91|0.91|101.32|1101.07|1068.74|31.87|
|沪电股份|002463.SZ|2025-08-18|1076.51|1075.81|41.61|37.97|8.51|9.21|46.3|37.72|8.07|7.28|0.89|0.89|103.18|1120.5|1088.17|32.45|
|沪电股份|002463.SZ|2025-08-15|1064.78|1064.09|41.16|37.56|8.41|9.11|45.79|37.31|7.98|7.2|0.9|0.9|102.05|1108.77|1076.44|32.1|
|沪电股份|002463.SZ|2025-08-14|1059.39|1058.7|40.95|37.37|8.37|9.06|45.56|37.12|7.94|7.16|0.9|0.91|101.54|1103.38|1071.05|31.94|
|沪电股份|002463.SZ|2025-08-13|1121.14|1120.41|43.33|39.55|8.86|9.59|48.22|39.28|8.4|7.58|0.85|0.86|107.46|1165.13|1132.8|33.78|
|沪电股份|002463.SZ|2025-08-12|1019.18|1018.52|39.39|35.95|8.05|8.72|43.83|35.71|7.64|6.89|0.94|0.94|97.68|1063.17|1030.84|30.74|
|沪电股份|002463.SZ|2025-08-11|1000.91|1000.26|38.69|35.31|7.91|8.56|43.05|35.07|7.5|6.77|0.96|0.96|95.93|1044.9|1012.57|30.19|
|沪电股份|002463.SZ|2025-08-08|982.63|982|37.98|34.66|7.77|8.4|42.26|34.43|7.37|6.64|0.97|0.98|94.18|1026.62|994.29|29.65|
|沪电股份|002463.SZ|2025-08-07|985.33|984.69|38.08|34.76|7.79|8.43|42.38|34.53|7.39|6.66|0.97|0.98|94.44|1029.32|996.99|29.73|
|沪电股份|002463.SZ|2025-08-06|1011.49|1010.83|39.1|35.68|7.99|8.65|43.5|35.44|7.58|6.84|0.95|0.95|96.95|1055.48|1023.15|30.51|
|沪电股份|002463.SZ|2025-08-05|1011.49|1010.83|39.1|35.68|7.99|8.65|43.5|35.44|7.58|6.84|0.95|0.95|96.95|1055.48|1023.15|30.51|
|沪电股份|002463.SZ|2025-08-04|1037.65|1036.98|40.11|36.6|8.2|8.87|44.63|36.36|7.78|7.01|0.92|0.93|99.45|1081.64|1049.31|31.29|
|沪电股份|002463.SZ|2025-08-01|1035.92|1035.25|40.04|36.54|8.19|8.86|44.55|36.3|7.76|7|0.92|0.93|99.29|1079.91|1047.58|31.24|
|沪电股份|002463.SZ|2025-07-31|1082.47|1081.77|41.84|38.18|8.55|9.26|46.55|37.93|8.11|7.32|0.88|0.89|103.75|1126.46|1094.13|32.63|
|沪电股份|002463.SZ|2025-07-30|1048.04|1047.36|40.51|36.97|8.28|8.96|45.07|36.72|7.86|7.08|0.91|0.92|100.45|1092.03|1059.7|31.6|
|沪电股份|002463.SZ|2025-07-29|1061.51|1060.82|41.03|37.44|8.39|9.08|45.65|37.19|7.96|7.17|0.9|0.91|101.74|1105.49|1073.17|32|
|沪电股份|002463.SZ|2025-07-28|1014.57|1013.91|39.21|35.79|8.02|8.68|43.63|35.55|7.6|6.86|0.94|0.95|97.24|1058.56|1026.23|30.6|
|沪电股份|002463.SZ|2025-07-25|953.01|952.39|36.84|33.62|7.53|8.15|40.99|33.39|7.14|6.44|1|1.01|91.34|997|964.67|28.77|
|沪电股份|002463.SZ|2025-07-24|955.89|955.27|36.95|33.72|7.55|8.18|41.11|33.49|7.16|6.46|1|1.01|91.62|999.88|967.55|28.85|
|沪电股份|002463.SZ|2025-07-23|955.32|954.7|36.92|33.7|7.55|8.17|41.09|33.47|7.16|6.46|1|1.01|91.56|999.31|966.98|28.83|
|沪电股份|002463.SZ|2025-07-22|989.75|989.11|38.26|34.91|7.82|8.46|42.57|34.68|7.42|6.69|0.97|0.97|94.86|1033.74|1001.41|29.86|
|沪电股份|002463.SZ|2025-07-21|990.52|989.88|38.28|34.94|7.83|8.47|42.6|34.71|7.42|6.69|0.97|0.97|94.94|1034.51|1002.18|29.88|
|沪电股份|002463.SZ|2025-07-18|1002.26|1001.61|38.74|35.35|7.92|8.57|43.1|35.12|7.51|6.77|0.95|0.96|96.06|1046.24|1013.92|30.23|
|沪电股份|002463.SZ|2025-07-17|1021.68|1021.02|39.49|36.04|8.07|8.74|43.94|35.8|7.66|6.91|0.94|0.94|97.92|1065.67|1033.35|30.81|
|沪电股份|002463.SZ|2025-07-16|940.89|940.28|36.37|33.19|7.44|8.05|40.47|32.97|7.05|6.36|1.02|1.02|90.18|984.88|952.55|28.4|
|沪电股份|002463.SZ|2025-07-15|989.39|988.75|38.24|34.9|7.82|8.46|42.55|34.67|7.42|6.69|0.97|0.97|94.83|1033.38|1001.05|29.85|
|沪电股份|002463.SZ|2025-07-14|923.42|922.82|35.69|32.57|7.3|7.9|39.71|32.36|6.92|6.24|1.04|1.04|88.5|967.41|935.08|27.88|
|沪电股份|002463.SZ|2025-07-11|908.99|908.4|35.13|32.06|7.18|7.77|39.09|31.85|6.81|6.14|1.05|1.06|87.12|952.98|920.65|27.45|
|沪电股份|002463.SZ|2025-07-10|908.8|908.21|35.13|32.06|7.18|7.77|39.09|31.84|6.81|6.14|1.05|1.06|87.1|952.79|920.46|27.45|
|沪电股份|002463.SZ|2025-07-09|919.57|918.98|35.54|32.44|7.27|7.86|39.55|32.22|6.89|6.22|1.04|1.05|88.14|963.56|931.23|27.77|
|沪电股份|002463.SZ|2025-07-08|943.81|943.19|36.48|33.29|7.46|8.07|40.59|33.07|7.07|6.38|1.01|1.02|90.46|987.8|955.47|28.49|
|沪电股份|002463.SZ|2025-07-07|880.91|880.34|34.05|31.07|6.96|7.53|37.89|30.87|6.6|5.95|1.09|1.09|84.43|924.9|892.57|26.62|
|沪电股份|002463.SZ|2025-07-04|909.76|909.17|35.16|32.09|7.19|7.78|39.13|31.88|6.82|6.15|1.05|1.06|87.2|953.75|921.42|27.48|
|沪电股份|002463.SZ|2025-07-03|854.18|853.62|33.02|30.13|6.75|7.31|36.74|29.93|6.4|5.77|1.12|1.13|81.87|898.17|865.84|25.82|
|沪电股份|002463.SZ|2025-07-02|817.63|817.1|31.6|28.84|6.46|6.99|35.16|28.65|6.13|5.53|1.17|1.18|78.37|861.62|829.29|24.73|
|沪电股份|002463.SZ|2025-07-01|848.41|847.86|32.79|29.93|6.7|7.26|36.49|29.73|6.36|5.73|1.13|1.13|81.32|892.4|860.07|25.65|
|沪电股份|002463.SZ|2025-06-30|818.98|818.45|31.65|28.89|6.47|7|35.22|28.7|6.14|5.54|1.17|1.17|78.49|862.97|830.64|24.77|
|沪电股份|002463.SZ|2025-06-27|823.21|822.68|31.82|29.04|6.51|7.04|35.4|28.84|6.17|5.56|1.16|1.17|78.9|867.2|834.87|24.89|
|沪电股份|002463.SZ|2025-06-26|806.86|806.34|31.19|28.46|6.38|6.9|34.7|28.27|6.05|5.45|1.19|1.19|77.33|850.85|818.52|24.41|
|沪电股份|002463.SZ|2025-06-25|814.17|813.64|31.47|28.72|6.43|6.96|35.02|28.53|6.1|5.5|1.18|1.18|78.03|858.16|825.83|24.63|
|沪电股份|002463.SZ|2025-06-24|807.82|807.3|31.22|28.5|6.38|6.91|34.74|28.31|6.05|5.46|1.18|1.19|77.43|851.81|819.48|24.44|
|沪电股份|002463.SZ|2025-06-23|816.48|815.95|31.56|28.8|6.45|6.98|35.11|28.61|6.12|5.52|1.17|1.18|78.26|860.47|828.14|24.69|
|沪电股份|002463.SZ|2025-06-20|831.1|830.56|32.12|29.32|6.57|7.11|35.74|29.12|6.23|5.62|1.15|1.16|79.66|875.09|842.76|25.13|
|沪电股份|002463.SZ|2025-06-19|851.48|850.93|32.91|30.04|6.73|7.28|36.62|29.84|6.38|5.76|1.12|1.13|81.61|895.47|863.14|25.74|
|沪电股份|002463.SZ|2025-06-18|858.6|858.04|33.19|30.29|6.79|7.34|36.93|30.09|6.44|5.8|1.11|1.12|82.29|902.59|870.26|25.95|
|沪电股份|002463.SZ|2025-06-17|780.51|780.01|30.17|27.53|6.17|6.68|33.57|27.35|5.85|5.28|1.23|1.23|74.81|824.5|792.17|23.62|
|沪电股份|002463.SZ|2025-06-16|774.74|774.24|29.94|27.33|6.12|6.63|33.32|27.15|5.81|5.24|1.23|1.24|74.25|818.73|786.4|23.45|
|沪电股份|002463.SZ|2025-06-13|742.81|742.33|28.71|26.2|5.87|6.35|31.95|26.03|5.57|5.02|1.29|1.29|71.19|786.8|754.47|22.5|
|沪电股份|002463.SZ|2025-06-12|731.85|731.37|28.29|25.82|5.78|6.26|31.47|25.64|5.49|4.95|1.31|1.31|70.14|775.84|743.51|22.17|
|沪电股份|002463.SZ|2025-06-11|706.46|706|27.31|24.92|5.58|6.04|30.38|24.75|5.3|4.78|1.35|1.36|67.71|750.45|718.12|21.41|
|沪电股份|002463.SZ|2025-06-10|709.15|708.69|27.41|25.02|5.6|6.07|30.5|24.85|5.32|4.79|1.35|1.36|67.97|753.14|720.81|21.49|
|沪电股份|002463.SZ|2025-06-09|700.31|699.85|27.07|24.7|5.53|5.99|30.12|24.54|5.25|4.73|1.37|1.37|67.12|744.29|711.97|21.23|
|沪电股份|002463.SZ|2025-06-06|681.46|681.01|26.34|24.04|5.39|5.83|29.31|23.88|5.11|4.61|1.4|1.41|65.31|725.45|693.12|20.67|
|沪电股份|002463.SZ|2025-06-05|675.88|675.44|26.12|23.84|5.34|5.78|29.07|23.68|5.07|4.57|1.42|1.42|64.78|719.87|687.54|20.5|
|沪电股份|002463.SZ|2025-06-04|638.37|637.96|24.67|22.52|5.04|5.46|27.45|22.37|4.78|4.31|1.5|1.51|61.18|682.36|650.03|19.38|
|沪电股份|002463.SZ|2025-06-03|597.6|597.21|23.1|21.08|4.72|5.11|25.7|20.94|4.48|4.04|1.6|1.61|57.28|641.59|609.26|18.17|
|沪电股份|002463.SZ|2025-05-30|595.87|595.48|23.03|21.02|4.71|5.1|25.63|20.88|4.47|4.03|1.61|1.61|57.11|639.85|607.53|18.12|
|沪电股份|002463.SZ|2025-05-29|600.67|600.28|23.22|21.19|4.75|5.14|25.83|21.05|4.5|4.06|1.59|1.6|57.57|644.66|612.33|18.26|
|沪电股份|002463.SZ|2025-05-28|578.17|577.8|22.35|20.39|4.57|4.94|24.87|20.26|4.33|3.91|1.65|1.66|55.41|622.16|589.83|17.59|
|沪电股份|002463.SZ|2025-05-27|561.63|561.27|21.71|19.81|4.44|4.8|24.15|19.68|4.21|3.8|1.7|1.71|53.83|605.62|573.29|17.09|
|沪电股份|002463.SZ|2025-05-26|587.4|587.02|22.7|20.72|4.64|5.02|25.26|20.58|4.4|3.97|1.63|1.64|56.3|631.39|599.06|17.86|
|沪电股份|002463.SZ|2025-05-23|586.06|585.68|22.65|20.67|4.63|5.01|25.2|20.54|4.39|3.96|1.63|1.64|56.17|630.05|597.72|17.82|
|沪电股份|002463.SZ|2025-05-22|599.9|599.52|23.19|21.16|4.74|5.13|25.8|21.02|4.5|4.05|1.59|1.6|57.5|643.89|611.57|18.24|
|沪电股份|002463.SZ|2025-05-21|594.33|593.94|22.97|20.96|4.7|5.08|25.56|20.82|4.45|4.02|1.61|1.62|56.96|638.32|605.99|18.07|
|沪电股份|002463.SZ|2025-05-20|591.06|590.67|22.85|20.85|4.67|5.06|25.42|20.71|4.43|3.99|1.62|1.63|56.65|635.05|602.72|17.97|
|沪电股份|002463.SZ|2025-05-19|586.63|586.25|22.67|20.69|4.64|5.02|25.23|20.56|4.4|3.96|1.63|1.64|56.23|630.62|598.29|17.84|
|沪电股份|002463.SZ|2025-05-16|593.17|592.79|22.93|20.92|4.69|5.07|25.51|20.78|4.45|4.01|1.61|1.62|56.85|637.16|604.83|18.04|
|沪电股份|002463.SZ|2025-05-15|594.33|593.94|22.97|20.96|4.7|5.08|25.56|20.82|4.45|4.02|1.61|1.62|56.96|638.32|605.99|18.07|
|沪电股份|002463.SZ|2025-05-14|608.56|608.17|23.52|21.47|4.81|5.2|26.17|21.32|4.56|4.11|1.57|1.58|58.33|652.55|620.22|18.49|
|沪电股份|002463.SZ|2025-05-13|601.64|601.25|23.25|21.22|4.75|4.75|25.87|21.08|4.51|4.07|1.59|1.59|57.66|645.62|613.3|18.29|
|沪电股份|002463.SZ|2025-05-12|609.33|608.93|23.55|21.49|4.82|4.82|26.21|21.35|4.57|4.12|1.57|1.57|58.4|653.32|620.99|18.52|
|沪电股份|002463.SZ|2025-05-09|597.6|597.21|23.1|21.08|4.72|4.72|25.7|20.94|4.48|4.04|1.6|1.6|57.28|641.59|609.26|18.17|
|沪电股份|002463.SZ|2025-05-08|603.94|603.55|23.34|21.3|4.77|4.77|25.97|21.16|4.53|4.08|1.58|1.58|57.88|647.93|615.6|18.36|
|沪电股份|002463.SZ|2025-05-07|575.86|575.49|22.26|20.31|4.55|4.55|24.77|20.18|4.32|3.89|1.66|1.66|55.19|619.85|587.52|17.52|
|沪电股份|002463.SZ|2025-05-06|577.36|576.98|22.32|20.37|4.56|4.56|24.83|20.23|4.33|3.9|1.66|1.66|55.34|621.35|589.02|17.56|
|沪电股份|002463.SZ|2025-04-30|536.41|536.06|20.73|18.92|4.24|4.24|23.07|18.8|4.02|3.63|1.78|1.78|51.41|580.39|548.07|16.34|
|沪电股份|002463.SZ|2025-04-29|531.41|531.06|20.54|18.75|4.2|4.2|22.85|18.62|3.98|3.59|1.8|1.8|50.93|575.4|543.07|16.19|
|沪电股份|002463.SZ|2025-04-28|547.75|547.39|21.17|19.32|4.33|4.33|23.56|19.19|4.11|3.7|1.75|1.75|52.5|591.74|559.41|16.68|
|沪电股份|002463.SZ|2025-04-25|561.4|561.04|21.7|19.8|4.44|4.44|24.14|19.67|4.21|3.79|1.7|1.7|53.81|605.39|573.06|17.09|
|沪电股份|002463.SZ|2025-04-24|531.01|530.67|20.52|20.52|4.48|4.48|22.84|22.84|3.98|3.98|1.8|1.8|60.4|567.28|551.85|16.46|
|沪电股份|002463.SZ|2025-04-23|540.05|539.7|20.87|20.87|4.56|4.56|23.23|23.23|4.05|4.05|1.77|1.77|61.43|576.32|560.89|16.73|
|沪电股份|002463.SZ|2025-04-22|526.02|525.67|20.33|20.33|4.44|4.44|22.62|22.62|3.94|3.94|1.82|1.82|59.84|562.28|546.85|16.31|
|沪电股份|002463.SZ|2025-04-21|540.44|540.08|20.89|20.89|4.56|4.56|23.24|23.24|4.05|4.05|1.77|1.77|61.48|576.7|561.27|16.74|
|沪电股份|002463.SZ|2025-04-18|533.13|532.78|20.61|20.61|4.5|4.5|22.93|22.93|4|4|1.79|1.79|60.65|569.39|553.97|16.52|
|沪电股份|002463.SZ|2025-04-17|507.94|507.61|19.63|19.63|4.29|4.29|21.85|21.85|3.81|3.81|1.88|1.88|57.78|544.21|528.78|15.77|
|沪电股份|002463.SZ|2025-04-16|508.33|508|19.65|19.65|4.29|4.29|21.86|21.86|3.81|3.81|1.88|1.88|57.82|544.59|529.17|15.78|
|沪电股份|002463.SZ|2025-04-15|529.48|529.13|20.46|20.46|4.47|4.47|22.77|22.77|3.97|3.97|1.81|1.81|60.23|565.74|550.31|16.41|
|沪电股份|002463.SZ|2025-04-14|537.55|537.2|20.78|20.78|4.54|4.54|23.12|23.12|4.03|4.03|1.78|1.78|61.15|573.82|558.39|16.65|
|沪电股份|002463.SZ|2025-04-11|532.17|531.82|20.57|20.57|4.49|4.49|22.89|22.89|3.99|3.99|1.8|1.8|60.54|568.43|553.01|16.49|
|沪电股份|002463.SZ|2025-04-10|523.9|523.56|20.25|20.25|4.42|4.42|22.53|22.53|3.93|3.93|1.83|1.83|59.6|560.17|544.74|16.24|
|沪电股份|002463.SZ|2025-04-09|488.53|488.21|18.88|18.88|4.13|4.13|21.01|21.01|3.66|3.66|1.96|1.96|55.57|524.79|509.36|15.19|
|沪电股份|002463.SZ|2025-04-08|479.49|479.18|18.53|18.53|4.05|4.05|20.62|20.62|3.59|3.59|2|2|54.54|515.75|500.33|14.92|
|沪电股份|002463.SZ|2025-04-07|532.75|532.4|20.59|20.59|4.5|4.5|22.91|22.91|3.99|3.99|1.8|1.8|60.6|569.01|553.58|16.51|
|沪电股份|002463.SZ|2025-04-03|591.96|591.58|22.88|22.88|5|5|25.46|25.46|4.44|4.44|1.62|1.62|67.34|628.23|612.8|18.27|
|沪电股份|002463.SZ|2025-04-02|639.83|639.42|24.73|24.73|5.4|5.4|27.52|27.52|4.8|4.8|1.5|1.5|72.78|676.1|660.67|19.7|
|沪电股份|002463.SZ|2025-04-01|628.1|627.7|24.28|24.28|5.3|5.3|27.01|27.01|4.71|4.71|1.52|1.52|71.45|664.37|648.94|19.35|
|沪电股份|002463.SZ|2025-03-31|630.6|630.2|24.37|24.37|5.33|5.33|27.12|27.12|4.73|4.73|1.52|1.52|71.73|666.87|651.44|19.43|
|沪电股份|002463.SZ|2025-03-28|625.22|624.82|24.17|24.17|5.28|5.28|26.89|26.89|4.69|4.69|1.53|1.53|71.12|661.49|646.06|19.26|
|沪电股份|002463.SZ|2025-03-27|634.45|634.04|24.52|24.52|5.36|5.36|27.29|27.29|4.76|4.76|1.51|1.51|72.17|670.71|655.29|19.54|
|沪电股份|002463.SZ|2025-03-26|642.14|641.72|24.82|24.82|5.42|5.42|27.62|27.62|4.81|4.81|1.49|1.49|73.05|678.4|662.98|19.77|
|沪电股份|002463.SZ|2025-03-25|651.78|651.37|43.09|25.19|5.95|5.5|29.05|27.35|7.29|4.89|1.47|1.47|74.12|686.21|660.95|32.41|
|沪电股份|002463.SZ|2025-03-24|661.37|660.95|43.73|25.56|6.04|5.59|29.48|27.75|7.4|4.96|1.45|1.45|75.21|695.8|670.54|32.88|
|沪电股份|002463.SZ|2025-03-21|654.47|654.05|43.27|25.3|5.98|5.53|29.17|27.46|7.32|4.91|1.46|1.46|74.42|688.9|663.63|32.54|
|沪电股份|002463.SZ|2025-03-20|663.68|663.25|43.88|25.65|6.06|5.61|29.58|27.85|7.43|4.97|1.44|1.44|75.47|698.1|672.84|32.99|
|沪电股份|002463.SZ|2025-03-19|673.46|673.03|44.52|26.03|6.15|5.69|30.02|28.26|7.53|5.05|1.42|1.42|76.58|707.89|682.62|33.47|
|沪电股份|002463.SZ|2025-03-18|703.96|703.51|46.54|27.21|6.43|5.95|31.38|29.54|7.88|5.28|1.36|1.36|80.05|738.38|713.12|34.97|
|沪电股份|002463.SZ|2025-03-17|688.42|687.98|45.51|26.61|6.29|5.81|30.69|28.89|7.7|5.16|1.39|1.39|78.28|722.85|697.59|34.21|
|沪电股份|002463.SZ|2025-03-14|686.12|685.68|45.36|26.52|6.27|5.79|30.59|28.79|7.68|5.14|1.39|1.39|78.02|720.55|695.28|34.09|
|沪电股份|002463.SZ|2025-03-13|665.59|665.17|44.01|25.73|6.08|5.62|29.67|27.93|7.45|4.99|1.44|1.44|75.69|700.02|674.76|33.09|
|沪电股份|002463.SZ|2025-03-12|678.64|678.21|44.87|26.23|6.2|5.73|30.25|28.48|7.59|5.09|1.41|1.41|77.17|713.06|687.8|33.73|
|沪电股份|002463.SZ|2025-03-11|661.76|661.34|43.75|25.58|6.04|5.59|29.5|27.77|7.4|4.96|1.45|1.45|75.25|696.18|670.92|32.9|
|沪电股份|002463.SZ|2025-03-10|648.14|647.73|42.85|25.05|5.92|5.47|28.89|27.2|7.25|4.86|1.48|1.48|73.7|682.57|657.3|32.23|
|沪电股份|002463.SZ|2025-03-07|639.89|639.48|42.31|24.73|5.84|5.4|28.52|26.85|7.16|4.8|1.5|1.5|72.77|674.32|649.06|31.83|
|沪电股份|002463.SZ|2025-03-06|663.1|662.68|43.84|25.63|6.05|5.6|29.56|27.82|7.42|4.97|1.44|1.44|75.41|697.53|672.27|32.96|
|沪电股份|002463.SZ|2025-03-05|649.86|649.45|42.97|25.12|5.93|5.49|28.97|27.27|7.27|4.87|1.47|1.47|73.9|684.29|659.03|32.32|
|沪电股份|002463.SZ|2025-03-04|644.69|644.28|42.62|24.92|5.89|5.44|28.74|27.05|7.21|4.83|1.48|1.48|73.31|679.11|653.85|32.06|
|沪电股份|002463.SZ|2025-03-03|631.07|630.67|41.72|24.39|5.76|5.33|28.13|26.48|7.06|4.73|1.52|1.52|71.76|665.49|640.23|31.39|
|沪电股份|002463.SZ|2025-02-28|672.69|672.26|44.47|26|6.14|5.68|29.99|28.23|7.53|5.04|1.42|1.42|76.5|707.12|681.86|33.43|
|沪电股份|002463.SZ|2025-02-27|728.51|728.05|48.16|28.16|6.65|6.15|32.47|30.57|8.15|5.46|1.31|1.31|82.84|762.94|737.67|36.17|
|沪电股份|002463.SZ|2025-02-26|757.66|757.18|50.09|29.28|6.92|6.4|33.77|31.79|8.48|5.68|1.26|1.26|86.16|792.09|766.83|37.6|
|沪电股份|002463.SZ|2025-02-25|745.77|745.3|49.31|28.82|6.81|6.3|33.24|31.29|8.34|5.59|1.28|1.28|84.81|780.2|754.94|37.02|
|沪电股份|002463.SZ|2025-02-24|767.06|766.58|50.71|29.65|7|6.48|34.19|32.19|8.58|5.75|1.25|1.25|87.23|801.49|776.23|38.06|
|沪电股份|002463.SZ|2025-02-21|815.02|814.5|53.88|31.5|7.44|6.88|36.33|34.2|9.12|6.11|1.17|1.17|92.68|849.44|824.18|40.41|
|沪电股份|002463.SZ|2025-02-20|812.14|811.62|53.69|31.39|7.42|6.86|36.2|34.08|9.09|6.09|1.18|1.18|92.35|846.57|821.31|40.27|
|沪电股份|002463.SZ|2025-02-19|800.63|800.12|52.93|30.95|7.31|6.76|35.69|33.59|8.96|6|1.2|1.2|91.05|835.06|809.8|39.71|
|沪电股份|002463.SZ|2025-02-18|799.67|799.16|52.87|30.91|7.3|6.75|35.65|33.55|8.95|5.99|1.2|1.2|90.94|834.1|808.84|39.66|
|沪电股份|002463.SZ|2025-02-17|777.42|776.93|51.4|30.05|7.1|6.57|34.66|32.62|8.7|5.83|1.23|1.23|88.41|811.85|786.59|38.57|
|沪电股份|002463.SZ|2025-02-14|743.85|743.38|49.18|28.75|6.79|6.28|33.16|31.21|8.32|5.58|1.29|1.29|84.59|778.28|753.02|36.92|
|沪电股份|002463.SZ|2025-02-13|731.77|731.31|48.38|28.28|6.68|6.18|32.62|30.71|8.19|5.48|1.31|1.31|83.21|766.2|740.94|36.33|
|沪电股份|002463.SZ|2025-02-12|761.31|760.83|50.33|29.43|6.95|6.43|33.94|31.94|8.52|5.71|1.26|1.26|86.57|795.74|770.47|37.78|
|沪电股份|002463.SZ|2025-02-11|759.39|758.91|50.21|29.35|6.93|6.41|33.85|31.86|8.5|5.69|1.26|1.26|86.36|793.82|768.56|37.69|
|沪电股份|002463.SZ|2025-02-10|751.72|751.24|49.7|29.05|6.86|6.35|33.51|31.54|8.41|5.63|1.27|1.27|85.48|786.15|760.88|37.31|
|沪电股份|002463.SZ|2025-02-07|749.99|749.52|49.58|28.99|6.85|6.33|33.43|31.47|8.39|5.62|1.28|1.28|85.29|784.42|759.16|37.22|
|沪电股份|002463.SZ|2025-02-06|729.28|728.81|48.22|28.19|6.66|6.16|32.51|30.6|8.16|5.47|1.31|1.31|82.93|763.7|738.44|36.21|
|沪电股份|002463.SZ|2025-02-05|718.15|717.7|47.48|27.76|6.56|6.07|32.01|30.13|8.03|5.38|1.33|1.33|81.67|752.58|727.32|35.66|
|沪电股份|002463.SZ|2025-01-27|797.75|797.25|52.74|30.83|7.28|6.74|35.56|33.47|8.93|5.98|1.2|1.2|90.72|832.18|806.92|39.57|
|沪电股份|002463.SZ|2025-01-24|856.83|856.29|56.65|33.12|7.82|7.24|38.19|35.95|9.59|6.42|1.12|1.12|97.44|891.26|866|42.46|
|沪电股份|002463.SZ|2025-01-23|862.97|862.42|57.05|35.84|7.88|7.88|38.47|36.21|9.65|7.27|1.11|1.11|134.51|897.4|872.14|42.76|
|沪电股份|002463.SZ|2025-01-22|874.29|873.73|57.8|36.31|7.98|7.98|38.97|36.69|9.78|7.37|1.09|1.09|136.27|908.71|883.45|43.32|
|沪电股份|002463.SZ|2025-01-21|804.85|804.34|53.21|33.43|7.35|7.35|35.88|33.77|9|6.78|1.19|1.19|125.45|839.28|814.02|39.91|
|沪电股份|002463.SZ|2025-01-20|788.35|787.85|52.12|32.74|7.2|7.2|35.14|33.08|8.82|6.64|1.21|1.21|122.88|822.78|797.52|39.11|
|沪电股份|002463.SZ|2025-01-17|761.88|761.4|50.37|31.64|6.96|6.96|33.96|31.97|8.52|6.42|1.26|1.26|118.75|796.31|771.05|37.81|
|沪电股份|002463.SZ|2025-01-16|752.1|751.62|49.72|31.24|6.87|6.87|33.53|31.56|8.41|6.34|1.27|1.27|117.23|786.53|761.27|37.33|
|沪电股份|002463.SZ|2025-01-15|741.94|741.47|49.05|30.81|6.77|6.77|33.07|31.13|8.3|6.25|1.29|1.29|115.64|776.36|751.1|36.83|
|沪电股份|002463.SZ|2025-01-14|800.63|800.12|52.93|33.25|7.31|7.31|35.69|33.59|8.96|6.75|1.2|1.2|124.79|835.06|809.8|39.71|
|沪电股份|002463.SZ|2025-01-13|779.34|778.85|51.53|32.37|7.12|7.12|34.74|32.7|8.72|6.57|1.23|1.23|121.47|813.77|788.51|38.66|
|沪电股份|002463.SZ|2025-01-10|805.62|805.11|53.26|33.46|7.36|7.36|35.91|33.8|9.01|6.79|1.19|1.19|125.57|840.05|814.78|39.95|
|沪电股份|002463.SZ|2025-01-09|823.07|822.55|54.42|34.18|7.52|7.52|36.69|34.54|9.21|6.94|1.16|1.16|128.29|857.5|832.24|40.81|
|沪电股份|002463.SZ|2025-01-08|807.73|807.22|53.4|33.55|7.38|7.38|36.01|33.89|9.04|6.81|1.18|1.18|125.9|842.16|816.89|40.06|
|沪电股份|002463.SZ|2025-01-07|811.18|810.67|53.63|33.69|7.41|7.41|36.16|34.04|9.08|6.84|1.18|1.18|126.44|845.61|820.35|40.23|
|沪电股份|002463.SZ|2025-01-06|765.14|764.66|50.59|31.78|6.99|6.99|34.11|32.11|8.56|6.45|1.25|1.25|119.26|799.57|774.31|37.97|
|沪电股份|002463.SZ|2025-01-03|748.07|747.6|49.46|31.07|6.83|6.83|33.35|31.39|8.37|6.3|1.28|1.28|116.6|782.5|757.24|37.13|
|沪电股份|002463.SZ|2025-01-02|741.36|740.89|49.01|30.79|6.77|6.77|33.05|31.11|8.29|6.25|1.29|1.29|115.55|775.79|750.53|36.8|
|沪电股份|002463.SZ|2024-12-31|760.54|760.06|50.28|31.59|6.94|6.94|33.9|31.91|8.51|6.41|0.38|1.26|118.54|794.97|769.71|37.74|
|沪电股份|002463.SZ|2024-12-30|782.22|781.72|51.72|32.49|7.14|7.14|34.87|32.82|8.75|6.59|0.37|1.22|121.92|816.64|791.38|38.8|
|沪电股份|002463.SZ|2024-12-27|786.82|786.32|52.02|32.68|7.18|7.18|35.07|33.02|8.8|6.63|0.36|1.22|122.64|821.25|795.99|39.03|
|沪电股份|002463.SZ|2024-12-26|788.74|788.24|52.15|32.76|7.2|7.2|35.16|33.1|8.82|6.65|0.36|1.21|122.94|823.17|797.9|39.12|
|沪电股份|002463.SZ|2024-12-25|740.4|739.93|48.95|30.75|6.76|6.76|33|31.07|8.28|6.24|0.39|1.29|115.4|774.83|749.57|36.75|
|沪电股份|002463.SZ|2024-12-24|753.44|752.97|49.81|31.29|6.88|6.88|33.59|31.61|8.43|6.35|0.38|1.27|117.44|787.87|762.61|37.39|
|沪电股份|002463.SZ|2024-12-23|732.15|731.69|48.41|30.41|6.69|6.69|32.64|30.72|8.19|6.17|0.39|1.31|114.12|766.58|741.32|36.35|
|沪电股份|002463.SZ|2024-12-20|749.42|748.94|49.55|31.12|6.84|6.84|33.41|31.45|8.38|6.32|0.38|1.28|116.81|783.84|758.58|37.2|
|沪电股份|002463.SZ|2024-12-19|755.75|755.27|49.97|31.39|6.9|6.9|33.69|31.71|8.46|6.37|0.38|1.27|117.8|790.17|764.91|37.51|
|沪电股份|002463.SZ|2024-12-18|746.54|746.07|49.36|31|6.82|6.82|33.28|31.32|8.35|6.29|0.38|1.28|116.36|780.97|755.71|37.06|
|沪电股份|002463.SZ|2024-12-17|750.18|749.71|49.6|31.16|6.85|6.85|33.44|31.48|8.39|6.32|0.38|1.28|116.93|784.61|759.35|37.23|
|沪电股份|002463.SZ|2024-12-16|725.06|724.6|47.94|30.11|6.62|6.62|32.32|30.42|8.11|6.11|0.39|1.32|113.01|759.48|734.22|36|
|沪电股份|002463.SZ|2024-12-13|726.97|726.51|48.06|30.19|6.64|6.64|32.41|30.5|8.13|6.13|0.39|1.32|113.31|761.4|736.14|36.1|
|沪电股份|002463.SZ|2024-12-12|712.97|712.52|47.14|29.61|6.51|6.51|31.78|29.92|7.98|6.01|0.4|1.34|111.13|747.4|722.14|35.41|
|沪电股份|002463.SZ|2024-12-11|705.68|705.24|46.66|29.31|6.44|6.44|31.46|29.61|7.89|5.95|0.4|1.36|109.99|740.11|714.85|35.05|
|沪电股份|002463.SZ|2024-12-10|703|702.55|46.48|29.2|6.42|6.42|31.34|29.5|7.87|5.92|0.41|1.36|109.57|737.42|712.16|34.92|
|沪电股份|002463.SZ|2024-12-09|728.32|727.86|48.15|30.25|6.65|6.65|32.47|30.56|8.15|6.14|0.39|1.31|113.52|762.74|737.48|36.16|
|沪电股份|002463.SZ|2024-12-06|739.06|738.59|48.86|30.69|6.75|6.75|32.95|31.01|8.27|6.23|0.39|1.29|115.19|773.49|748.22|36.69|
|沪电股份|002463.SZ|2024-12-05|736.76|736.29|48.71|30.6|6.73|6.73|32.84|30.91|8.24|6.21|0.39|1.3|114.84|771.18|745.92|36.58|
|沪电股份|002463.SZ|2024-12-04|719.3|718.85|47.56|29.87|6.57|6.57|32.06|30.18|8.05|6.06|0.4|1.33|112.12|753.73|728.47|35.72|
|沪电股份|002463.SZ|2024-12-03|731|730.54|48.33|30.36|6.67|6.67|32.59|30.67|8.18|6.16|0.39|1.31|113.94|765.43|740.17|36.29|
|沪电股份|002463.SZ|2024-12-02|730.81|730.35|48.32|30.35|6.67|6.67|32.58|30.66|8.18|6.16|0.39|1.31|113.91|765.24|739.98|36.28|
|沪电股份|002463.SZ|2024-11-29|715.85|715.4|47.33|29.73|6.54|6.54|31.91|30.04|8.01|6.03|0.4|1.34|111.58|750.28|725.01|35.55|
|沪电股份|002463.SZ|2024-11-28|705.87|705.43|46.67|29.32|6.45|6.45|31.47|29.62|7.9|5.95|0.4|1.36|110.02|740.3|715.04|35.06|
|沪电股份|002463.SZ|2024-11-27|724.1|723.64|47.87|30.07|6.61|6.61|32.28|30.38|8.1|6.1|0.39|1.32|112.86|758.52|733.26|35.96|
|沪电股份|002463.SZ|2024-11-26|702.81|702.36|46.47|29.19|6.42|6.42|31.33|29.49|7.86|5.92|0.41|1.36|109.54|737.23|711.97|34.91|
|沪电股份|002463.SZ|2024-11-25|682.86|682.42|45.15|28.36|6.24|6.24|30.44|28.65|7.64|5.75|0.42|1.4|106.43|717.28|692.02|33.93|
|沪电股份|002463.SZ|2024-11-22|702.81|702.36|46.47|29.19|6.42|6.42|31.33|29.49|7.86|5.92|0.41|1.36|109.54|737.23|711.97|34.91|
|沪电股份|002463.SZ|2024-11-21|736.26|735.8|48.68|30.58|6.72|6.72|32.82|30.89|8.24|6.2|0.39|1.3|114.76|770.69|745.43|36.55|
|沪电股份|002463.SZ|2024-11-20|745.27|744.79|49.27|30.95|6.81|6.81|33.22|31.27|8.34|6.28|0.38|1.28|116.16|779.69|754.43|36.99|
|沪电股份|002463.SZ|2024-11-19|746.22|745.75|49.34|30.99|6.81|6.81|33.26|31.31|8.35|6.29|0.38|1.28|116.31|780.65|755.39|37.04|
|沪电股份|002463.SZ|2024-11-18|723.05|722.59|47.8|30.03|6.6|6.6|32.23|30.34|8.09|6.09|0.4|1.32|112.7|757.48|732.22|35.9|
|沪电股份|002463.SZ|2024-11-15|746.8|746.33|49.37|31.02|6.82|6.82|33.29|31.34|8.36|6.29|0.38|1.28|116.4|781.23|755.97|37.07|
|沪电股份|002463.SZ|2024-11-14|785.3|784.8|51.92|32.61|7.17|7.17|35.01|32.95|8.79|6.62|0.36|1.22|122.4|819.73|794.46|38.96|
|沪电股份|002463.SZ|2024-11-13|813.84|813.32|53.81|33.8|7.43|7.43|36.28|34.15|9.11|6.86|0.35|1.18|126.85|848.26|823|40.36|
|沪电股份|002463.SZ|2024-11-12|782.81|782.31|51.75|32.51|7.15|7.15|34.9|32.85|8.76|6.6|0.36|1.22|122.01|817.24|791.97|38.83|
|沪电股份|002463.SZ|2024-11-11|788.75|788.25|52.15|32.76|7.2|7.2|35.16|33.1|8.82|6.65|0.36|1.21|122.94|823.17|797.91|39.13|
|沪电股份|002463.SZ|2024-11-08|772.08|771.59|51.05|32.07|7.05|7.05|34.42|32.4|8.64|6.51|0.37|1.24|120.34|806.51|781.25|38.31|
|沪电股份|002463.SZ|2024-11-07|778.98|778.48|51.5|32.35|7.11|7.11|34.72|32.69|8.71|6.56|0.37|1.23|121.42|813.41|788.14|38.65|
|沪电股份|002463.SZ|2024-11-06|773.42|772.93|51.13|32.12|7.06|7.06|34.48|32.45|8.65|6.52|0.37|1.24|120.55|807.85|782.59|38.37|
|沪电股份|002463.SZ|2024-11-05|795.07|794.56|52.57|33.02|7.26|7.26|35.44|33.36|8.89|6.7|0.36|1.2|123.92|829.49|804.23|39.44|
|沪电股份|002463.SZ|2024-11-04|781.08|780.59|51.64|32.44|7.13|7.13|34.82|32.77|8.74|6.58|0.37|1.22|121.75|815.51|790.25|38.75|
|沪电股份|002463.SZ|2024-11-01|755.04|754.56|49.92|31.36|6.89|6.89|33.66|31.68|8.45|6.36|0.38|1.27|117.69|789.46|764.2|37.47|
|沪电股份|002463.SZ|2024-10-31|782.81|782.31|51.75|32.51|7.15|7.15|34.9|32.85|8.76|6.6|0.36|1.22|122.01|817.24|791.97|38.83|
|沪电股份|002463.SZ|2024-10-30|785.49|784.99|51.93|32.62|7.17|7.17|35.01|32.96|8.79|6.62|0.36|1.22|122.43|819.92|794.66|38.97|
|沪电股份|002463.SZ|2024-10-29|791.04|790.54|52.3|32.85|7.22|7.22|35.26|33.19|8.85|6.67|0.36|1.21|123.3|825.47|800.21|39.24|
|沪电股份|002463.SZ|2024-10-28|804.26|803.75|53.17|33.4|7.34|7.34|35.85|33.75|9|6.78|0.36|1.19|125.36|838.69|813.43|39.89|
|沪电股份|002463.SZ|2024-10-25|848.12|847.58|56.07|35.22|7.74|7.74|37.81|35.59|9.49|7.15|0.34|1.13|132.19|882.55|857.29|42.04|
|沪电股份|002463.SZ|2024-10-24|810.77|810.26|53.6|37.52|8.03|8.03|36.14|34.41|9.07|7.65|0.35|1.18|231.07|846.36|823.13|40.36|
|沪电股份|002463.SZ|2024-10-23|799.85|799.35|52.88|37.02|7.92|7.92|35.66|33.94|8.95|7.55|0.36|1.2|227.96|835.44|812.22|39.83|
|沪电股份|002463.SZ|2024-10-22|828.97|828.44|54.81|38.36|8.21|8.21|36.95|35.18|9.27|7.82|0.34|1.15|236.26|864.55|841.33|41.25|
|沪电股份|002463.SZ|2024-10-21|819.17|818.68|54.16|37.91|8.11|8.11|36.52|34.76|9.16|7.73|0.35|1.17|233.46|854.76|831.53|40.77|
|沪电股份|002463.SZ|2024-10-18|826.07|825.57|54.61|38.23|8.18|8.18|36.82|35.05|9.24|7.79|0.35|1.16|235.43|861.65|838.43|41.11|
|沪电股份|002463.SZ|2024-10-17|772.06|771.6|51.04|35.73|7.65|7.65|34.42|32.76|8.64|7.28|0.37|1.24|220.04|807.64|784.42|38.46|
|沪电股份|002463.SZ|2024-10-16|756.54|756.09|50.02|35.01|7.49|7.49|33.72|32.1|8.46|7.14|0.38|1.26|215.61|792.13|768.9|37.7|
|沪电股份|002463.SZ|2024-10-15|795.61|795.14|52.6|36.82|7.88|7.88|35.47|33.76|8.9|7.51|0.36|1.2|226.75|831.2|807.97|39.62|
|沪电股份|002463.SZ|2024-10-14|818.02|817.54|54.08|37.86|8.1|8.1|36.47|34.71|9.15|7.72|0.35|1.17|233.14|853.61|830.38|40.72|
|沪电股份|002463.SZ|2024-10-11|801.36|800.88|52.98|37.09|7.94|7.94|35.72|34.01|8.97|7.56|0.36|1.19|228.39|836.95|813.72|39.9|
|沪电股份|002463.SZ|2024-10-10|800.4|799.93|52.92|37.04|7.93|7.93|35.68|33.97|8.95|7.55|0.36|1.2|228.11|835.99|812.76|39.85|
|沪电股份|002463.SZ|2024-10-09|844.65|844.14|55.84|39.09|8.36|8.36|37.65|35.84|9.45|7.97|0.34|1.13|240.72|880.23|857.01|42.02|
|沪电股份|002463.SZ|2024-10-08|846.18|845.67|55.94|39.16|8.38|8.38|37.72|35.91|9.47|7.98|0.34|1.13|241.16|881.76|858.54|42.1|
|沪电股份|002463.SZ|2024-09-30|769.18|768.72|50.85|35.6|7.62|7.62|34.29|32.64|8.61|7.26|0.37|1.24|219.22|804.77|781.54|38.32|
|沪电股份|002463.SZ|2024-09-27|699.44|699.02|46.24|32.37|6.93|6.93|31.18|29.68|7.83|6.6|0.41|1.37|199.34|735.03|711.8|34.9|
|沪电股份|002463.SZ|2024-09-26|668.03|667.63|44.17|30.92|6.62|6.62|29.78|28.35|7.47|6.3|0.43|1.43|190.39|703.62|680.39|33.36|
|沪电股份|002463.SZ|2024-09-25|651.18|650.79|43.05|30.14|6.45|6.45|29.03|27.63|7.29|6.14|0.44|1.47|185.59|686.76|663.54|32.54|
|沪电股份|002463.SZ|2024-09-24|670.33|669.93|44.32|31.02|6.64|6.64|29.88|28.45|7.5|6.32|0.43|1.43|191.04|705.92|682.69|33.48|
|沪电股份|002463.SZ|2024-09-23|616.11|615.74|40.73|28.51|6.1|6.1|27.46|26.14|6.89|5.81|0.46|1.55|175.59|651.69|628.47|30.82|
|沪电股份|002463.SZ|2024-09-20|615.72|615.36|40.71|28.5|6.1|6.1|27.45|26.13|6.89|5.81|0.46|1.55|175.48|651.31|628.08|30.8|
|沪电股份|002463.SZ|2024-09-19|616.3|615.93|40.75|28.52|6.1|6.1|27.47|26.15|6.89|5.81|0.46|1.55|175.65|651.88|628.66|30.83|
|沪电股份|002463.SZ|2024-09-18|640.05|639.66|42.32|29.62|6.34|6.34|28.53|27.16|7.16|6.04|0.45|1.49|182.41|675.63|652.41|31.99|
|沪电股份|002463.SZ|2024-09-13|650.58|650.19|43.01|30.11|6.44|6.44|29|27.61|7.28|6.14|0.44|1.47|185.42|686.16|662.94|32.51|
|沪电股份|002463.SZ|2024-09-12|609.98|609.61|40.33|28.23|6.04|6.04|27.19|25.88|6.82|5.76|0.47|1.57|173.84|645.56|622.34|30.52|
|沪电股份|002463.SZ|2024-09-11|594.27|593.92|39.29|27.5|5.88|5.88|26.49|25.22|6.65|5.61|0.48|1.61|169.37|629.86|606.63|29.75|
|沪电股份|002463.SZ|2024-09-10|591.59|591.24|39.11|27.38|5.86|5.86|26.37|25.1|6.62|5.58|0.48|1.62|168.6|627.18|603.95|29.61|
|沪电股份|002463.SZ|2024-09-09|574.55|574.21|37.99|26.59|5.69|5.69|25.61|24.38|6.43|5.42|0.5|1.67|163.75|610.13|586.91|28.78|
|沪电股份|002463.SZ|2024-09-06|587.95|587.6|38.87|27.21|5.82|5.82|26.21|24.95|6.58|5.55|0.49|1.63|167.57|623.54|600.31|29.44|
|沪电股份|002463.SZ|2024-09-05|637.17|636.79|42.13|29.49|6.31|6.31|28.4|27.04|7.13|6.01|0.45|1.5|181.59|672.76|649.53|31.85|
|沪电股份|002463.SZ|2024-09-04|625.3|624.93|41.34|28.94|6.19|6.19|27.87|26.53|7|5.9|0.46|1.53|178.21|660.88|637.66|31.27|
|沪电股份|002463.SZ|2024-09-03|651.15|650.77|43.05|30.14|6.45|6.45|29.03|27.63|7.29|6.14|0.44|1.47|185.58|686.74|663.51|32.53|
|沪电股份|002463.SZ|2024-09-02|628.55|628.18|41.56|29.09|6.22|6.22|28.02|26.67|7.03|5.93|0.45|1.52|179.14|664.14|640.92|31.43|
|沪电股份|002463.SZ|2024-08-30|622.62|622.25|41.16|28.81|6.17|6.17|27.75|26.42|6.97|5.87|0.46|1.54|177.45|658.2|634.98|31.14|
|沪电股份|002463.SZ|2024-08-29|589.87|589.52|39|27.3|5.84|5.84|26.29|25.03|6.6|5.57|0.48|1.62|168.11|625.45|602.23|29.53|
|沪电股份|002463.SZ|2024-08-28|617.83|617.46|40.85|28.59|6.12|6.12|27.54|26.22|6.91|5.83|0.46|1.55|176.08|653.42|630.19|30.9|
|沪电股份|002463.SZ|2024-08-27|614.77|614.4|40.64|28.45|6.09|6.09|27.4|26.09|6.88|5.8|0.46|1.56|175.21|650.35|627.13|30.75|
|沪电股份|002463.SZ|2024-08-26|628.75|628.37|41.57|29.1|6.23|6.23|28.03|26.68|7.03|5.93|0.45|1.52|179.19|664.33|641.11|31.44|
|沪电股份|002463.SZ|2024-08-23|640.05|639.66|42.32|29.62|6.34|6.34|28.53|27.16|7.16|6.04|0.45|1.49|182.41|675.63|652.41|31.99|
|沪电股份|002463.SZ|2024-08-22|653.85|653.44|43.23|35.79|6.32|6.96|29.15|26.11|7.32|6.77|0.44|1.46|521.23|687.96|649.69|31.86|
|沪电股份|002463.SZ|2024-08-21|640.64|640.24|42.36|35.06|6.19|6.82|28.56|25.58|7.17|6.64|0.45|1.49|510.7|674.76|636.49|31.21|
|沪电股份|002463.SZ|2024-08-20|640.26|639.86|42.33|35.04|6.19|6.82|28.54|25.57|7.16|6.63|0.45|1.49|510.4|674.37|636.1|31.19|
|沪电股份|002463.SZ|2024-08-19|641.98|641.58|42.44|35.14|6.2|6.84|28.62|25.63|7.18|6.65|0.45|1.49|511.77|676.1|637.83|31.28|
|沪电股份|002463.SZ|2024-08-16|645.62|645.21|42.68|35.34|6.24|6.88|28.78|25.78|7.22|6.69|0.44|1.48|514.67|679.73|641.46|31.45|
|沪电股份|002463.SZ|2024-08-15|622.08|621.69|41.13|34.05|6.01|6.63|27.73|24.84|6.96|6.44|0.46|1.54|495.91|656.2|617.92|30.3|
|沪电股份|002463.SZ|2024-08-14|627.82|627.43|41.51|34.36|6.07|6.69|27.99|25.07|7.02|6.5|0.46|1.52|500.48|661.94|623.67|30.58|
|沪电股份|002463.SZ|2024-08-13|632.22|631.83|41.8|34.6|6.11|6.73|28.18|25.24|7.07|6.55|0.45|1.51|503.99|666.34|628.07|30.8|
|沪电股份|002463.SZ|2024-08-12|628.4|628|41.55|34.39|6.07|6.69|28.01|25.09|7.03|6.51|0.45|1.52|500.94|662.51|624.24|30.61|
|沪电股份|002463.SZ|2024-08-09|620.17|619.78|41|33.94|5.99|6.6|27.65|24.76|6.94|6.42|0.46|1.54|494.38|654.28|616.01|30.21|
|沪电股份|002463.SZ|2024-08-08|590.32|589.95|39.03|32.31|5.71|6.29|26.31|23.57|6.6|6.11|0.48|1.62|470.58|624.43|586.16|28.74|
|沪电股份|002463.SZ|2024-08-07|602.95|602.57|39.86|33|5.83|6.42|26.88|24.08|6.75|6.25|0.47|1.59|480.65|637.06|598.79|29.36|
|沪电股份|002463.SZ|2024-08-06|596.82|596.45|39.46|32.67|5.77|6.36|26.6|23.83|6.68|6.18|0.48|1.6|475.77|630.94|592.67|29.06|
|沪电股份|002463.SZ|2024-08-05|574.25|573.88|37.97|31.43|5.55|6.12|25.6|22.93|6.42|5.95|0.5|1.67|457.77|608.36|570.09|27.95|
|沪电股份|002463.SZ|2024-08-02|610.6|610.22|40.37|33.42|5.9|6.5|27.22|24.38|6.83|6.32|0.47|1.57|486.75|644.72|606.44|29.74|
|沪电股份|002463.SZ|2024-08-01|652.32|651.91|43.13|35.7|6.3|6.95|29.08|26.05|7.3|6.76|0.44|1.47|520.01|686.43|648.16|31.78|
|沪电股份|002463.SZ|2024-07-31|640.64|640.24|42.36|35.06|6.19|6.82|28.56|25.58|7.17|6.64|0.45|1.49|510.7|674.76|636.49|31.21|
|沪电股份|002463.SZ|2024-07-30|625.14|624.75|41.33|34.22|6.04|6.66|27.87|24.96|6.99|6.48|0.46|1.53|498.35|659.26|620.99|30.45|
|沪电股份|002463.SZ|2024-07-29|651.93|651.52|43.1|35.68|6.3|6.94|29.06|26.03|7.29|6.75|0.44|1.47|519.7|686.05|647.78|31.76|
|沪电股份|002463.SZ|2024-07-26|641.41|641.01|42.41|35.11|6.2|6.83|28.59|25.61|7.18|6.64|0.45|1.49|511.31|675.52|637.25|31.25|
|沪电股份|002463.SZ|2024-07-25|639.11|638.71|42.25|34.98|6.18|6.81|28.49|25.52|7.15|6.62|0.45|1.5|509.48|673.23|634.96|31.13|
|沪电股份|002463.SZ|2024-07-24|668.77|668.35|44.22|36.6|6.46|7.12|29.81|26.7|7.48|6.93|0.43|1.43|533.13|702.89|664.61|32.59|
|沪电股份|002463.SZ|2024-07-23|677.58|677.15|44.8|37.09|6.55|7.22|30.2|27.06|7.58|7.02|0.42|1.41|540.14|711.69|673.42|33.02|
|沪电股份|002463.SZ|2024-07-22|683.7|683.27|45.2|37.42|6.61|7.28|30.48|27.3|7.65|7.08|0.42|1.4|545.02|717.81|679.54|33.32|
|沪电股份|002463.SZ|2024-07-19|675.47|675.05|44.66|36.97|6.53|7.19|30.11|26.97|7.56|7|0.42|1.42|538.46|709.58|671.31|32.92|
|沪电股份|002463.SZ|2024-07-18|693.46|693.02|45.85|37.95|6.7|7.39|30.91|27.69|7.76|7.18|0.41|1.38|552.8|727.57|689.3|33.8|
|沪电股份|002463.SZ|2024-07-17|688.1|687.67|45.49|37.66|6.65|7.33|30.67|27.48|7.7|7.13|0.42|1.39|548.53|722.21|683.94|33.54|
|沪电股份|002463.SZ|2024-07-16|759.86|759.38|50.24|41.59|7.34|8.09|33.87|30.34|8.5|7.87|0.38|1.26|605.73|793.97|755.7|37.06|
|沪电股份|002463.SZ|2024-07-15|748.76|748.29|49.5|40.98|7.24|7.97|33.38|29.9|8.38|7.76|0.38|1.28|596.89|782.87|744.6|36.51|
|沪电股份|002463.SZ|2024-07-12|770.19|769.71|50.92|42.15|7.44|8.2|34.33|30.75|8.62|7.98|0.37|1.24|613.97|804.3|766.03|37.56|
|沪电股份|002463.SZ|2024-07-11|788.18|787.68|52.11|43.14|7.62|8.39|35.13|31.47|8.82|8.16|0.36|1.21|628.31|822.29|784.02|38.44|
|沪电股份|002463.SZ|2024-07-10|789.32|788.83|52.19|43.2|7.63|8.41|35.19|31.52|8.83|8.18|0.36|1.21|629.23|823.44|785.17|38.5|
|沪电股份|002463.SZ|2024-07-09|773.82|773.34|51.16|42.35|7.48|8.24|34.49|30.9|8.66|8.02|0.37|1.24|616.87|807.94|769.67|37.74|
|沪电股份|002463.SZ|2024-07-08|725.03|724.58|47.93|39.68|7.01|7.72|32.32|28.95|8.11|7.51|0.39|1.32|577.97|759.14|720.87|35.35|
|沪电股份|002463.SZ|2024-07-05|729.05|728.59|48.2|39.9|7.05|7.76|32.5|29.11|8.16|7.55|0.39|1.31|581.18|763.16|724.89|35.54|
|沪电股份|002463.SZ|2024-07-04|713.93|713.48|47.2|39.08|6.9|7.6|31.82|28.51|7.99|7.39|0.4|1.34|569.12|748.04|709.77|34.8|
|沪电股份|002463.SZ|2024-07-03|704.94|704.5|46.61|38.58|6.81|7.51|31.42|28.15|7.89|7.3|0.41|1.36|561.96|739.05|700.78|34.36|
|沪电股份|002463.SZ|2024-07-02|705.51|705.07|46.64|38.61|6.82|7.51|31.45|28.17|7.89|7.31|0.41|1.36|562.41|739.63|701.35|34.39|
|沪电股份|002463.SZ|2024-07-01|716.61|716.16|47.38|39.22|6.93|7.63|31.94|28.61|8.02|7.42|0.4|1.34|571.26|750.72|712.45|34.93|
|沪电股份|002463.SZ|2024-06-28|698.43|697.99|46.18|38.23|6.75|7.44|31.13|27.89|7.81|7.23|0.41|1.37|556.77|732.55|694.27|34.04|
|沪电股份|002463.SZ|2024-06-27|689.82|689.39|45.61|37.76|6.67|7.35|30.75|27.54|7.72|7.15|0.41|1.39|549.9|723.93|685.66|33.62|
|沪电股份|002463.SZ|2024-06-26|704.17|703.73|46.56|38.54|6.81|7.5|31.39|28.12|7.88|7.29|0.41|1.36|561.35|738.29|700.01|34.32|
|沪电股份|002463.SZ|2024-06-25|680.64|680.21|45|37.25|6.58|7.25|30.34|27.18|7.61|7.05|0.42|1.41|542.58|714.75|676.48|33.17|
|沪电股份|002463.SZ|2024-06-24|706.28|705.83|46.69|38.66|6.83|7.52|31.48|28.2|7.9|7.32|0.4|1.35|563.02|740.39|702.12|34.43|
|沪电股份|002463.SZ|2024-06-21|709.91|709.47|46.94|38.86|6.86|7.56|31.65|28.35|7.94|7.35|0.4|1.35|565.92|744.03|705.76|34.61|
|沪电股份|002463.SZ|2024-06-20|710.87|710.42|47|38.91|6.87|7.57|31.69|28.38|7.95|7.36|0.4|1.35|566.68|744.98|706.71|34.65|
|沪电股份|002463.SZ|2024-06-19|722.35|721.9|47.76|39.54|6.98|7.69|32.2|28.84|8.08|7.48|0.4|1.32|575.84|756.46|718.19|35.22|
|沪电股份|002463.SZ|2024-06-18|736.7|736.24|48.71|40.32|7.12|7.85|32.84|29.42|8.24|7.63|0.39|1.3|587.28|770.82|732.54|35.92|
|沪电股份|002463.SZ|2024-06-17|722.35|721.9|47.76|39.54|6.98|7.69|32.2|28.84|8.08|7.48|0.4|1.32|575.84|756.46|718.19|35.22|
|沪电股份|002463.SZ|2024-06-14|709.15|708.7|46.88|38.81|6.85|7.55|31.61|28.32|7.93|7.35|0.4|1.35|565.31|743.26|704.99|34.57|
|沪电股份|002463.SZ|2024-06-13|658.63|658.22|43.54|36.05|6.37|7.01|29.36|26.3|7.37|6.82|0.43|1.45|525.04|692.74|654.47|32.09|
|沪电股份|002463.SZ|2024-06-12|629.35|628.96|41.61|34.45|6.08|6.7|28.05|25.13|7.04|6.52|0.45|1.52|501.7|663.47|625.2|30.66|
|沪电股份|002463.SZ|2024-06-11|629.74|629.34|41.63|34.47|6.09|6.71|28.07|25.15|7.05|6.52|0.45|1.52|502.01|663.85|625.58|30.67|
|沪电股份|002463.SZ|2024-06-07|626.68|626.28|41.43|34.3|6.06|6.67|27.94|25.02|7.01|6.49|0.46|1.53|499.57|660.79|622.52|30.52|
|沪电股份|002463.SZ|2024-06-06|653.08|652.67|43.18|35.74|6.31|6.96|29.11|26.08|7.31|6.76|0.44|1.47|520.62|687.2|648.92|31.82|
|沪电股份|002463.SZ|2024-06-05|631.27|630.87|41.74|34.55|6.1|6.72|28.14|25.21|7.06|6.54|0.45|1.52|503.23|665.38|627.11|30.75|
|沪电股份|002463.SZ|2024-06-04|643.13|642.73|42.52|35.2|6.22|6.85|28.67|25.68|7.2|6.66|0.44|1.49|512.69|677.24|638.97|31.33|
|沪电股份|002463.SZ|2024-06-03|640.07|639.67|42.32|35.03|6.19|6.82|28.53|25.56|7.16|6.63|0.45|1.49|510.24|674.18|635.91|31.18|
|沪电股份|002463.SZ|2024-05-31|597.97|597.6|39.53|32.73|5.78|6.37|26.66|23.88|6.69|6.19|0.48|1.6|476.69|632.09|593.81|29.12|
|沪电股份|002463.SZ|2024-05-30|596.06|595.69|39.41|32.62|5.76|6.35|26.57|23.8|6.67|6.17|0.48|1.61|475.16|630.17|591.9|29.02|
|沪电股份|002463.SZ|2024-05-29|594.91|594.54|39.33|32.56|5.75|6.34|26.52|23.75|6.66|6.16|0.48|1.61|474.25|629.02|590.75|28.97|
|沪电股份|002463.SZ|2024-05-28|595.1|594.73|39.34|32.57|5.75|6.34|26.53|23.76|6.66|6.16|0.48|1.61|474.4|629.22|590.94|28.98|
|沪电股份|002463.SZ|2024-05-27|615.19|614.81|40.67|33.67|5.95|6.55|27.42|24.56|6.88|6.37|0.46|1.56|490.41|649.31|611.04|29.96|
|沪电股份|002463.SZ|2024-05-24|597.78|597.41|39.52|32.72|5.78|6.37|26.65|23.87|6.69|6.19|0.48|1.6|476.53|631.89|593.62|29.11|
|沪电股份|002463.SZ|2024-05-23|615.19|614.81|40.67|33.67|5.95|6.55|27.42|24.56|6.88|6.37|0.46|1.56|490.41|649.31|611.04|29.96|
|沪电股份|002463.SZ|2024-05-22|613.86|613.47|40.58|33.6|5.93|6.54|27.36|24.51|6.87|6.36|0.47|1.56|489.35|647.97|609.7|29.9|
|沪电股份|002463.SZ|2024-05-21|623.23|622.84|41.2|34.11|6.02|6.64|27.78|24.89|6.97|6.46|0.46|1.54|496.82|657.34|619.07|30.36|
|沪电股份|002463.SZ|2024-05-20|622.85|622.46|41.18|34.09|6.02|6.63|27.76|24.87|6.97|6.45|0.46|1.54|496.52|656.96|618.69|30.34|
|沪电股份|002463.SZ|2024-05-17|620.17|619.78|41|33.94|5.99|5.99|27.65|24.76|6.94|6.42|0.46||494.38|654.28|616.01|30.21|
|沪电股份|002463.SZ|2024-05-16|629.16|628.77|41.6|34.44|6.08|6.08|28.05|25.12|7.04|6.52|0.45||501.55|663.28|625|30.65|
|沪电股份|002463.SZ|2024-05-15|609.65|609.26|40.31|33.37|5.89|5.89|27.18|24.34|6.82|6.31|0.47||485.99|643.76|605.49|29.69|
|沪电股份|002463.SZ|2024-05-14|600.46|600.08|39.7|32.86|5.8|5.8|26.77|23.98|6.72|6.22|0.48||478.67|634.57|596.3|29.24|
|沪电股份|002463.SZ|2024-05-13|609.65|609.26|40.31|33.37|5.89|5.89|27.18|24.34|6.82|6.31|0.47||485.99|643.76|605.49|29.69|
|沪电股份|002463.SZ|2024-05-10|600.39|600.01|39.69|32.86|5.8|5.8|26.76|23.97|6.72|6.22|0.48||478.61|634.5|596.23|29.24|
|沪电股份|002463.SZ|2024-05-09|614.73|614.35|40.64|33.65|5.94|5.94|27.4|24.55|6.88|6.37|0.46||490.05|648.85|610.58|29.94|
|沪电股份|002463.SZ|2024-05-08|619.52|619.13|40.96|33.91|5.99|5.99|27.62|24.74|6.93|6.42|0.46||493.86|653.63|615.36|30.17|
|沪电股份|002463.SZ|2024-05-07|623.15|622.76|41.2|34.11|6.02|6.02|27.78|24.88|6.97|6.45|0.46||496.76|657.26|618.99|30.35|
|沪电股份|002463.SZ|2024-05-06|633.1|632.7|41.86|34.65|6.12|6.12|28.22|25.28|7.08|6.56|0.45||504.69|667.21|628.94|30.84|
|沪电股份|002463.SZ|2024-04-30|640.75|640.34|42.36|35.07|6.19|6.19|28.56|25.58|7.17|6.64|0.45||510.78|674.86|636.59|31.21|
|沪电股份|002463.SZ|2024-04-29|641.32|640.92|42.4|35.1|6.2|6.2|28.59|25.61|7.17|6.64|0.45||511.24|675.43|637.16|31.24|
|沪电股份|002463.SZ|2024-04-26|634.24|633.85|41.93|34.71|6.13|6.13|28.27|25.33|7.1|6.57|0.45||505.6|668.36|630.09|30.9|
|沪电股份|002463.SZ|2024-04-25|595.03|594.66|39.34|32.57|5.75|5.75|26.52|23.76|6.66|6.16|0.48|0.48|474.34|629.15|590.88|28.97|
|沪电股份|002463.SZ|2024-04-24|601.35|600.97|39.76|32.91|5.81|5.81|26.81|24.01|6.73|6.23|0.48|0.48|479.37|635.46|597.19|29.28|
|沪电股份|002463.SZ|2024-04-23|565.2|564.84|37.37|30.93|5.46|5.46|25.19|22.57|6.32|5.85|0.51|0.51|450.56|599.31|561.04|27.51|
|沪电股份|002463.SZ|2024-04-22|548.93|548.59|36.29|36.29|5.61|5.61|24.47|24.47|6.14|6.14|0.52|0.52|6191.69|574.99|554.01|27.17|
|沪电股份|002463.SZ|2024-04-19|573.03|572.67|37.89|37.89|5.86|5.86|25.54|25.54|6.41|6.41|0.5|0.5|6463.42|599.08|578.1|28.35|
|沪电股份|002463.SZ|2024-04-18|591.19|590.82|39.09|39.09|6.04|6.04|26.35|26.35|6.61|6.61|0.48|0.48|6668.3|617.24|596.26|29.24|
|沪电股份|002463.SZ|2024-04-17|596.73|596.36|39.45|39.45|6.1|6.1|26.6|26.6|6.68|6.68|0.48|0.48|6730.84|622.79|601.81|29.51|
|沪电股份|002463.SZ|2024-04-16|569.39|569.04|37.64|37.64|5.82|5.82|25.38|25.38|6.37|6.37|0.5|0.5|6422.45|595.45|574.47|28.17|
|沪电股份|002463.SZ|2024-04-15|583.54|583.18|38.58|38.58|5.96|5.96|26.01|26.01|6.53|6.53|0.49|0.49|6582.04|609.6|588.62|28.86|
|沪电股份|002463.SZ|2024-04-12|578.19|577.83|38.23|38.23|5.91|5.91|25.77|25.77|6.47|6.47|0.49|0.49|6521.65|604.24|583.26|28.6|
|沪电股份|002463.SZ|2024-04-11|550.46|550.12|36.39|36.39|5.63|5.63|24.54|24.54|6.16|6.16|0.52|0.52|6208.94|576.52|555.54|27.24|
|沪电股份|002463.SZ|2024-04-10|556.77|556.42|36.81|36.81|5.69|5.69|24.82|24.82|6.23|6.23|0.51|0.51|6280.11|582.83|561.85|27.55|
|沪电股份|002463.SZ|2024-04-09|568.63|568.27|37.59|37.59|5.81|5.81|25.35|25.35|6.36|6.36|0.5|0.5|6413.82|594.68|573.7|28.13|
|沪电股份|002463.SZ|2024-04-08|573.98|573.62|37.95|37.95|5.87|5.87|25.59|25.59|6.42|6.42|0.5|0.5|6474.2|600.04|579.06|28.39|
|沪电股份|002463.SZ|2024-04-03|566.33|565.98|37.44|37.44|5.79|5.79|25.25|25.25|6.34|6.34|0.5|0.5|6387.94|592.39|571.41|28.02|
|沪电股份|002463.SZ|2024-04-02|587.75|587.38|38.86|38.86|6.01|6.01|26.2|26.2|6.58|6.58|0.49|0.49|6629.48|613.8|592.82|29.07|
|沪电股份|002463.SZ|2024-04-01|608.02|607.63|40.2|40.2|6.21|6.21|27.1|27.1|6.8|6.8|0.47|0.47|6858.08|634.07|613.09|30.06|
|沪电股份|002463.SZ|2024-03-29|577.04|576.68|38.15|38.15|5.9|5.9|25.72|25.72|6.46|6.46|0.5|0.5|6508.71|603.09|582.12|28.54|
|沪电股份|002463.SZ|2024-03-28|582.39|582.03|38.5|38.5|5.95|5.95|25.96|25.96|6.52|6.52|0.49|0.49|6569.1|608.45|587.47|28.81|
|沪电股份|002463.SZ|2024-03-27|575.13|574.77|38.02|38.02|5.88|5.88|25.64|25.64|6.43|6.43|0.5|0.5|6487.14|601.18|580.2|28.45|
|沪电股份|002463.SZ|2024-03-26|594.63|594.26|39.31|39.31|6.08|6.08|26.51|26.51|6.65|6.65|0.48|0.48|6707.12|620.69|599.71|29.41|
|沪电股份|002463.SZ|2024-03-25|576.72|576.4|42.36|38.13|6.32|5.89|36.83|25.75|6.92|6.45|0.5|0.5|6471.91|601.9|584.04|32.4|
|沪电股份|002463.SZ|2024-03-22|607.64|607.3|44.63|40.17|6.65|6.21|38.81|27.13|7.29|6.8|0.47|0.47|6818.85|632.82|614.96|34.12|
|沪电股份|002463.SZ|2024-03-21|605.54|605.2|44.47|40.03|6.63|6.19|38.67|27.04|7.26|6.77|0.47|0.47|6795.29|630.72|612.86|34|
|沪电股份|002463.SZ|2024-03-20|620.42|620.08|45.57|41.02|6.79|6.34|39.62|27.7|7.44|6.94|0.46|0.46|6962.33|645.6|627.75|34.83|
|沪电股份|002463.SZ|2024-03-19|616.03|615.69|45.24|40.73|6.75|6.3|39.34|27.5|7.39|6.89|0.46|0.46|6913.08|641.21|623.36|34.59|
|沪电股份|002463.SZ|2024-03-18|629.97|629.62|46.27|41.65|6.9|6.44|40.23|28.13|7.56|7.05|0.45|0.45|7069.41|655.14|637.29|35.36|
|沪电股份|002463.SZ|2024-03-15|599.24|598.91|44.01|39.62|6.56|6.12|38.27|26.75|7.19|6.7|0.48|0.48|6724.62|624.42|606.56|33.65|
|沪电股份|002463.SZ|2024-03-14|574.43|574.11|42.19|37.98|6.29|5.87|36.69|25.65|6.89|6.43|0.5|0.5|6446.21|599.61|581.75|32.28|
|沪电股份|002463.SZ|2024-03-13|569.66|569.34|41.84|37.66|6.24|5.82|36.38|25.43|6.83|6.37|0.5|0.5|6392.67|594.84|576.98|32.01|
|沪电股份|002463.SZ|2024-03-12|563.74|563.43|41.4|37.27|6.17|5.76|36|25.17|6.76|6.31|0.51|0.51|6326.28|588.92|571.07|31.68|
|沪电股份|002463.SZ|2024-03-11|599.24|598.91|44.01|39.62|6.56|6.12|38.27|26.75|7.19|6.7|0.48|0.48|6724.62|624.42|606.56|33.65|
|沪电股份|002463.SZ|2024-03-08|605.73|605.39|44.49|40.05|6.63|6.19|38.69|27.04|7.27|6.78|0.47|0.47|6797.43|630.91|613.05|34.01|
|沪电股份|002463.SZ|2024-03-07|550.58|550.27|40.44|36.4|6.03|5.63|35.16|24.58|6.6|6.16|0.52|0.52|6178.51|575.75|557.9|30.95|
|沪电股份|002463.SZ|2024-03-06|541.61|541.31|39.78|35.81|5.93|5.54|34.59|24.18|6.5|6.06|0.53|0.53|6077.85|566.78|548.93|30.46|
|沪电股份|002463.SZ|2024-03-05|540.46|540.16|39.69|35.73|5.92|5.52|34.52|24.13|6.48|6.05|0.53|0.53|6065|565.64|547.79|30.39|
|沪电股份|002463.SZ|2024-03-04|540.84|540.54|39.72|35.76|5.92|5.53|34.54|24.15|6.49|6.05|0.53|0.53|6069.29|566.02|548.17|30.41|
|沪电股份|002463.SZ|2024-03-01|520.04|519.75|38.19|34.38|5.7|5.31|33.21|23.22|6.24|5.82|0.55|0.55|5835.85|545.22|527.37|29.26|
|沪电股份|002463.SZ|2024-02-29|503.82|503.54|37|33.31|5.52|5.15|32.18|22.49|6.04|5.64|0.57|0.57|5653.82|529|511.14|28.36|
|沪电股份|002463.SZ|2024-02-28|482.83|482.56|35.46|31.92|5.29|4.93|30.84|21.56|5.79|5.4|0.59|0.59|5418.24|508.01|490.15|27.19|
|沪电股份|002463.SZ|2024-02-27|516.99|516.7|37.97|34.18|5.66|5.28|33.02|23.08|6.2|5.78|0.55|0.55|5801.59|542.17|524.31|29.09|
|沪电股份|002463.SZ|2024-02-26|487.6|487.33|35.81|32.24|5.34|4.98|31.14|21.77|5.85|5.46|0.59|0.59|5471.78|512.78|494.92|27.46|
|沪电股份|002463.SZ|2024-02-23|483.21|482.94|35.49|31.95|5.29|4.94|30.86|21.57|5.8|5.41|0.59|0.59|5422.52|508.39|490.53|27.22|
|沪电股份|002463.SZ|2024-02-22|475.58|475.31|34.93|31.44|5.21|4.86|30.37|21.23|5.71|5.32|0.6|0.6|5336.86|500.75|482.9|26.79|
|沪电股份|002463.SZ|2024-02-21|468.32|468.06|34.4|30.96|5.13|4.79|29.91|20.91|5.62|5.24|0.61|0.61|5255.48|493.5|475.65|26.39|
|沪电股份|002463.SZ|2024-02-20|497.14|496.86|36.51|32.87|5.44|5.08|31.75|22.2|5.96|5.56|0.57|0.57|5578.86|522.32|504.46|27.99|
|沪电股份|002463.SZ|2024-02-19|524.62|524.33|38.53|34.68|5.75|5.36|33.51|23.42|6.29|5.87|0.54|0.54|5887.25|549.8|531.95|29.51|
|沪电股份|002463.SZ|2024-02-08|476.91|476.65|35.03|31.53|5.22|4.87|30.46|21.29|5.72|5.34|0.6|0.6|5351.85|502.09|484.24|26.87|
|沪电股份|002463.SZ|2024-02-07|446.38|446.13|32.78|29.51|4.89|4.56|28.51|19.93|5.35|4.99|0.64|0.64|5009.2|471.55|453.7|25.17|
|沪电股份|002463.SZ|2024-02-06|437.03|436.78|32.1|28.89|4.79|4.47|27.91|19.51|5.24|4.89|0.65|0.65|4904.26|462.2|444.35|24.65|
|沪电股份|002463.SZ|2024-02-05|397.33|397.11|29.18|26.27|4.35|4.06|25.38|17.74|4.77|4.45|0.72|0.72|4458.81|422.51|404.65|22.45|
|沪电股份|002463.SZ|2024-02-02|392.94|392.72|28.86|25.98|4.3|4.02|25.1|17.54|4.71|4.4|0.73|0.73|4409.55|418.12|400.27|22.21|
|沪电股份|002463.SZ|2024-02-01|391.8|391.58|28.78|28.13|4.29|4.29|25.02|17.49|4.7|4.53|0.73|0.73|-2219.76|416.97|399.12|22.14|
|沪电股份|002463.SZ|2024-01-31|376.15|375.94|27.63|27|4.12|4.12|24.02|16.79|4.51|4.35|0.76|0.76|-2131.1|401.33|383.47|21.28|
|沪电股份|002463.SZ|2024-01-30|378.25|378.04|27.78|27.15|4.14|4.14|24.16|16.89|4.54|4.37|0.76|0.76|-2142.99|403.42|385.57|21.39|
|沪电股份|002463.SZ|2024-01-29|378.25|378.04|27.78|27.15|4.14|4.14|24.16|16.89|4.54|4.37|0.76|0.76|-2142.99|403.42|385.57|21.39|
|沪电股份|002463.SZ|2024-01-26|414.32|414.08|30.43|29.74|4.54|4.54|26.46|18.5|4.97|4.79|0.69|0.69|-2347.34|439.49|421.64|23.39|
|沪电股份|002463.SZ|2024-01-25|443.9|443.65|32.6|31.87|4.86|4.86|28.35|19.82|5.33|5.13|0.64|0.64|-2514.93|469.07|451.22|25.03|
|沪电股份|002463.SZ|2024-01-24|430.35|430.11|31.61|30.89|4.71|4.71|27.48|19.21|5.16|4.97|0.66|0.66|-2438.16|455.52|437.67|24.28|
|沪电股份|002463.SZ|2024-01-23|433.02|432.78|31.8|31.08|4.74|4.74|27.66|19.33|5.19|5|0.66|0.66|-2453.3|458.2|440.34|24.43|
|沪电股份|002463.SZ|2024-01-22|420.99|420.76|30.92|30.22|4.61|4.61|26.89|18.8|5.05|4.86|0.68|0.68|-2385.18|446.17|428.32|23.76|
|沪电股份|002463.SZ|2024-01-19|431.68|431.44|31.7|30.99|4.73|4.73|27.57|19.27|5.18|4.99|0.66|0.66|-2445.73|456.86|439.01|24.36|
|沪电股份|002463.SZ|2024-01-18|417.56|417.33|30.67|29.97|4.57|4.57|26.67|18.64|5.01|4.82|0.68|0.68|-2365.72|442.74|424.88|23.57|
|沪电股份|002463.SZ|2024-01-17|395.42|395.2|29.04|28.39|4.33|4.33|25.25|17.65|4.74|4.57|0.72|0.72|-2240.3|420.6|402.75|22.35|
|沪电股份|002463.SZ|2024-01-16|395.61|395.39|29.06|28.4|4.33|4.33|25.27|17.66|4.75|4.57|0.72|0.72|-2241.38|420.79|402.94|22.36|
|沪电股份|002463.SZ|2024-01-15|389.12|388.91|28.58|27.93|4.26|4.26|24.85|17.37|4.67|4.5|0.73|0.73|-2204.62|414.3|396.45|22|
|沪电股份|002463.SZ|2024-01-12|384.54|384.33|28.24|27.6|4.21|4.21|24.56|17.17|4.61|4.44|0.74|0.74|-2178.67|409.72|391.87|21.74|
|沪电股份|002463.SZ|2024-01-11|390.27|390.05|28.66|28.02|4.27|4.27|24.93|17.42|4.68|4.51|0.73|0.73|-2211.11|415.45|397.59|22.06|
|沪电股份|002463.SZ|2024-01-10|389.89|389.67|28.64|27.99|4.27|4.27|24.9|17.41|4.68|4.5|0.73|0.73|-2208.94|415.07|397.21|22.04|
|沪电股份|002463.SZ|2024-01-09|400|399.78|29.38|28.71|4.38|4.38|25.55|17.86|4.8|4.62|0.71|0.71|-2266.25|425.18|407.33|22.6|
|沪电股份|002463.SZ|2024-01-08|380.92|380.71|27.98|27.34|4.17|4.17|24.33|17.01|4.57|4.4|0.75|0.75|-2158.13|406.1|388.24|21.54|
|沪电股份|002463.SZ|2024-01-05|392.18|391.96|28.8|28.15|4.29|4.29|25.05|17.51|4.7|4.53|0.73|0.73|-2221.92|417.36|399.5|22.17|
|沪电股份|002463.SZ|2024-01-04|409.74|409.51|30.09|29.41|4.49|4.49|26.17|18.29|4.92|4.73|0.7|0.7|-2321.39|434.91|417.06|23.14|
|沪电股份|002463.SZ|2024-01-03|412.22|411.99|30.27|29.59|4.51|4.51|26.33|18.4|4.95|4.76|0.69|0.69|-2335.45|437.39|419.54|23.28|
|沪电股份|002463.SZ|2024-01-02|420.23|420|30.86|30.17|4.6|4.6|26.84|18.76|5.04|4.86|0.68|0.68|-2380.86|445.41|427.56|23.72|
|沪电股份|002463.SZ|2023-12-29|422.14|421.91|31|30.3|4.62|4.62|26.96|18.85|5.06|4.88|0.67|0.68|-2391.67|447.32|429.46|23.83|
|沪电股份|002463.SZ|2023-12-28|424.05|423.81|31.14|30.44|4.64|4.64|27.08|18.93|5.09|4.9|0.67|0.67|-2402.48|449.23|431.37|23.93|
|沪电股份|002463.SZ|2023-12-27|417.18|416.95|30.64|29.95|4.57|4.57|26.64|18.63|5|4.82|0.68|0.69|-2363.56|442.36|424.5|23.55|
|沪电股份|002463.SZ|2023-12-26|427.1|426.86|31.37|30.66|4.68|4.68|27.28|19.07|5.12|4.93|0.67|0.67|-2419.78|452.28|434.43|24.1|
|沪电股份|002463.SZ|2023-12-25|419.47|419.23|30.81|30.11|4.59|4.59|26.79|18.73|5.03|4.85|0.68|0.68|-2376.53|444.65|426.79|23.68|
|沪电股份|002463.SZ|2023-12-22|406.68|406.46|29.87|29.19|4.45|4.45|25.97|18.16|4.88|4.7|0.7|0.7|-2304.09|431.86|414.01|22.97|
|沪电股份|002463.SZ|2023-12-21|412.98|412.75|30.33|29.65|4.52|4.52|26.38|18.44|4.95|4.77|0.69|0.69|-2339.77|438.16|420.3|23.32|
|沪电股份|002463.SZ|2023-12-20|409.74|409.51|30.09|29.41|4.49|4.49|26.17|18.29|4.92|4.73|0.69|0.7|-2321.39|434.91|417.06|23.14|
|沪电股份|002463.SZ|2023-12-19|413.36|413.13|30.36|29.67|4.53|4.53|26.4|18.46|4.96|4.78|0.69|0.69|-2341.94|438.54|420.69|23.34|
|沪电股份|002463.SZ|2023-12-18|411.07|410.84|30.19|29.51|4.5|4.5|26.25|18.35|4.93|4.75|0.69|0.7|-2328.96|436.25|418.4|23.21|
|沪电股份|002463.SZ|2023-12-15|411.07|410.84|30.19|29.51|4.5|4.5|26.25|18.35|4.93|4.75|0.69|0.7|-2328.96|436.25|418.4|23.21|
|沪电股份|002463.SZ|2023-12-14|416.41|416.18|30.58|29.89|4.56|4.56|26.59|18.59|5|4.81|0.68|0.69|-2359.24|441.59|423.74|23.51|
|沪电股份|002463.SZ|2023-12-13|423.67|423.43|31.12|30.41|4.64|4.64|27.06|18.92|5.08|4.9|0.67|0.67|-2400.32|448.84|430.99|23.91|
|沪电股份|002463.SZ|2023-12-12|428.25|428.01|31.45|30.74|4.69|4.69|27.35|19.12|5.14|4.95|0.66|0.67|-2426.27|453.43|435.57|24.17|
|沪电股份|002463.SZ|2023-12-11|425.57|425.34|31.26|30.55|4.66|4.66|27.18|19|5.11|4.92|0.67|0.67|-2411.13|450.75|432.9|24.02|
|沪电股份|002463.SZ|2023-12-08|427.76|427.52|31.42|30.71|4.68|4.68|27.32|19.1|5.13|4.94|0.67|0.67|-2423.53|452.94|435.09|24.14|
|沪电股份|002463.SZ|2023-12-07|398.95|398.73|29.3|28.64|4.37|4.37|25.48|17.81|4.79|4.61|0.71|0.72|-2260.3|424.13|406.28|22.54|
|沪电股份|002463.SZ|2023-12-06|380.64|380.42|27.96|27.32|4.17|4.17|24.31|16.99|4.57|4.4|0.75|0.75|-2156.53|405.81|387.96|21.52|
|沪电股份|002463.SZ|2023-12-05|384.64|384.43|28.25|27.61|4.21|4.21|24.57|17.17|4.61|4.44|0.74|0.74|-2179.23|409.82|391.97|21.75|
|沪电股份|002463.SZ|2023-12-04|397.24|397.01|29.17|28.52|4.35|4.35|25.37|17.74|4.77|4.59|0.72|0.72|-2250.57|422.41|404.56|22.45|
|沪电股份|002463.SZ|2023-12-01|401.05|400.83|29.45|28.79|4.39|4.39|25.61|17.91|4.81|4.63|0.71|0.71|-2272.19|426.23|408.38|22.66|
|沪电股份|002463.SZ|2023-11-30|394.37|394.15|28.96|28.31|4.32|4.32|25.19|17.61|4.73|4.56|0.72|0.72|-2234.36|419.55|401.7|22.29|
|沪电股份|002463.SZ|2023-11-29|391.51|391.29|28.75|28.1|4.29|4.29|25|17.48|4.7|4.52|0.73|0.73|-2218.15|416.69|398.84|22.13|
|沪电股份|002463.SZ|2023-11-28|392.27|392.06|28.81|28.16|4.3|4.3|25.05|17.51|4.71|4.53|0.73|0.73|-2222.47|417.45|399.6|22.17|
|沪电股份|002463.SZ|2023-11-27|388.46|388.24|28.53|27.89|4.25|4.25|24.81|17.34|4.66|4.49|0.73|0.74|-2200.85|413.64|395.78|21.96|
|沪电股份|002463.SZ|2023-11-24|383.31|383.09|28.15|27.52|4.2|4.2|24.48|17.11|4.6|4.43|0.74|0.75|-2171.66|408.49|390.63|21.67|
|沪电股份|002463.SZ|2023-11-23|394.76|394.54|28.99|28.34|4.32|4.32|25.21|17.62|4.74|4.56|0.72|0.72|-2236.52|419.93|402.08|22.31|
|沪电股份|002463.SZ|2023-11-22|392.08|391.87|28.8|28.15|4.29|4.29|25.04|17.51|4.7|4.53|0.73|0.73|-2221.39|417.26|399.41|22.16|
|沪电股份|002463.SZ|2023-11-21|398.23|398|29.25|28.59|4.36|4.36|25.43|17.78|4.78|4.6|0.71|0.72|-2256.19|423.4|405.55|22.5|
|沪电股份|002463.SZ|2023-11-20|400.89|400.67|29.44|28.78|4.39|4.39|25.6|17.9|4.81|4.63|0.71|0.71|-2271.31|426.07|408.22|22.65|
|沪电股份|002463.SZ|2023-11-17|405.28|405.05|29.77|29.09|4.44|4.44|25.88|18.09|4.86|4.68|0.7|0.71|-2296.15|430.46|412.6|22.89|
|沪电股份|002463.SZ|2023-11-16|399.56|399.34|29.35|28.68|4.38|4.38|25.52|17.84|4.79|4.62|0.71|0.72|-2263.75|424.74|406.88|22.57|
|沪电股份|002463.SZ|2023-11-15|412.9|412.67|30.33|29.64|4.52|4.52|26.37|18.43|4.95|4.77|0.69|0.69|-2339.35|438.08|420.23|23.32|
|沪电股份|002463.SZ|2023-11-14|412.52|412.29|30.3|29.61|4.52|4.52|26.35|18.42|4.95|4.77|0.69|0.69|-2337.19|437.7|419.85|23.29|
|沪电股份|002463.SZ|2023-11-13|414.81|414.58|30.47|29.78|4.54|4.54|26.49|18.52|4.98|4.79|0.69|0.69|-2350.15|439.99|422.13|23.42|
|沪电股份|002463.SZ|2023-11-10|410.24|410.01|30.13|29.45|4.49|4.49|26.2|18.32|4.92|4.74|0.69|0.7|-2324.23|435.41|417.56|23.17|
|沪电股份|002463.SZ|2023-11-09|409.85|409.63|30.1|29.42|4.49|4.49|26.18|18.3|4.92|4.74|0.69|0.7|-2322.07|435.03|417.18|23.15|
|沪电股份|002463.SZ|2023-11-08|400.32|400.1|29.4|28.74|4.38|4.38|25.57|17.87|4.8|4.63|0.71|0.71|-2268.07|425.5|407.65|22.62|
|沪电股份|002463.SZ|2023-11-07|401.28|401.05|29.47|28.81|4.39|4.39|25.63|17.92|4.81|4.64|0.71|0.71|-2273.47|426.45|408.6|22.67|
|沪电股份|002463.SZ|2023-11-06|393.08|392.86|28.87|28.22|4.3|4.3|25.1|17.55|4.72|4.54|0.72|0.73|-2227.02|418.26|400.4|22.22|
|沪电股份|002463.SZ|2023-11-03|379.93|379.71|27.9|27.27|4.16|4.16|24.26|16.96|4.56|4.39|0.75|0.75|-2152.5|405.1|387.25|21.49|
|沪电股份|002463.SZ|2023-11-02|375.54|375.33|27.58|26.96|4.11|4.11|23.98|16.77|4.5|4.34|0.76|0.76|-2127.66|400.72|382.86|21.24|
|沪电股份|002463.SZ|2023-11-01|365.82|365.62|26.87|26.26|4.01|4.01|23.36|16.33|4.39|4.23|0.78|0.78|-2072.58|391|373.14|20.7|
|沪电股份|002463.SZ|2023-10-31|372.49|372.28|27.36|26.74|4.08|4.08|23.79|16.63|4.47|4.3|0.76|0.77|-2110.38|397.67|379.81|21.07|
|沪电股份|002463.SZ|2023-10-30|380.31|380.09|27.93|27.3|4.16|4.16|24.29|16.98|4.56|4.39|0.75|0.75|-2154.66|405.48|387.63|21.51|
|沪电股份|002463.SZ|2023-10-27|372.11|371.9|27.33|26.71|4.08|4.08|23.77|16.61|4.46|4.3|0.76|0.77|-2108.22|397.29|379.43|21.05|
|沪电股份|002463.SZ|2023-10-26|370.78|370.57|27.23|26.62|4.06|4.06|23.68|16.55|4.45|4.28|0.77|0.77|-2100.66|395.95|378.1|20.98|
|沪电股份|002463.SZ|2023-10-25|365.78|365.58|26.86|27.7|4.24|4.24|23.36|19.19|4.39|4.37|0.78|0.78|-911.61|392.69|376.17|20.87|
|沪电股份|002463.SZ|2023-10-24|383.7|383.48|28.18|29.06|4.44|4.44|24.51|20.13|4.6|4.59|0.74|0.74|-956.27|410.61|394.08|21.86|
|沪电股份|002463.SZ|2023-10-23|369.78|369.58|27.16|28.01|4.28|4.28|23.62|19.4|4.44|4.42|0.77|0.77|-921.59|396.7|380.17|21.09|
|沪电股份|002463.SZ|2023-10-20|373.4|373.2|27.42|28.28|4.32|4.32|23.85|19.59|4.48|4.46|0.76|0.77|-930.61|400.32|383.79|21.29|
|沪电股份|002463.SZ|2023-10-19|381.41|381.2|28.01|28.89|4.42|4.42|24.36|20.01|4.58|4.56|0.75|0.75|-950.57|408.32|391.8|21.74|
|沪电股份|002463.SZ|2023-10-18|382.74|382.53|28.11|28.99|4.43|4.43|24.44|20.08|4.59|4.58|0.74|0.75|-953.89|409.66|393.13|21.81|
|沪电股份|002463.SZ|2023-10-17|400.85|400.63|29.44|30.36|4.64|4.64|25.6|21.03|4.81|4.79|0.71|0.71|-999.02|427.77|411.24|22.82|
|沪电股份|002463.SZ|2023-10-16|406|405.77|29.82|30.75|4.7|4.7|25.93|21.3|4.87|4.85|0.7|0.7|-1011.85|432.91|416.39|23.1|
|沪电股份|002463.SZ|2023-10-13|417.05|416.82|30.63|31.59|4.83|4.83|26.64|21.88|5|4.99|0.68|0.69|-1039.4|443.97|427.44|23.72|
|沪电股份|002463.SZ|2023-10-12|426.58|426.35|31.33|32.31|4.94|4.94|27.24|22.38|5.12|5.1|0.67|0.67|-1063.15|453.5|436.97|24.24|
|沪电股份|002463.SZ|2023-10-11|427.35|427.11|31.39|32.37|4.95|4.95|27.29|22.42|5.13|5.11|0.67|0.67|-1065.05|454.26|437.73|24.29|
|沪电股份|002463.SZ|2023-10-10|424.3|424.06|31.16|32.14|4.91|4.91|27.1|22.26|5.09|5.07|0.67|0.67|-1057.45|451.21|434.68|24.12|
|沪电股份|002463.SZ|2023-10-09|425.63|425.39|31.26|32.24|4.93|4.93|27.18|22.33|5.11|5.09|0.67|0.67|-1060.78|452.54|436.02|24.19|
|沪电股份|002463.SZ|2023-09-28|429.06|428.82|31.51|32.5|4.97|4.97|27.4|22.51|5.15|5.13|0.66|0.67|-1069.33|455.98|439.45|24.38|
|沪电股份|002463.SZ|2023-09-27|424.68|424.45|31.19|32.17|4.92|4.92|27.12|22.28|5.09|5.08|0.67|0.67|-1058.4|451.59|435.06|24.14|
|沪电股份|002463.SZ|2023-09-26|431.92|431.69|31.72|32.71|5|5|27.59|22.66|5.18|5.16|0.66|0.66|-1076.45|458.83|442.31|24.54|
|沪电股份|002463.SZ|2023-09-25|426.58|426.36|31.33|32.31|4.94|4.94|27.24|22.38|5.12|5.1|0.67|0.67|-1063.15|453.5|436.97|24.24|
|沪电股份|002463.SZ|2023-09-22|417.43|417.21|30.66|31.62|4.83|4.83|26.66|21.9|5.01|4.99|0.68|0.68|-1040.35|444.35|427.82|23.74|
|沪电股份|002463.SZ|2023-09-21|379.5|379.3|27.87|28.74|4.39|4.39|24.24|19.91|4.55|4.54|0.75|0.75|-945.81|406.42|389.89|21.63|
|沪电股份|002463.SZ|2023-09-20|378.77|378.57|27.82|28.69|4.39|4.39|24.19|19.87|4.54|4.53|0.75|0.75|-943.99|405.69|389.16|21.59|
|沪电股份|002463.SZ|2023-09-19|371.72|371.52|27.3|28.15|4.3|4.3|23.74|19.5|4.46|4.44|0.77|0.77|-926.42|398.64|382.11|21.2|
|沪电股份|002463.SZ|2023-09-18|356.29|356.1|26.17|26.99|4.13|4.13|22.75|18.69|4.27|4.26|0.8|0.8|-887.96|383.2|366.68|20.34|
|沪电股份|002463.SZ|2023-09-15|359.53|359.34|26.41|27.23|4.16|4.16|22.96|18.86|4.31|4.3|0.79|0.79|-896.03|386.44|369.92|20.52|
|沪电股份|002463.SZ|2023-09-14|366.77|366.57|26.94|27.78|4.25|4.25|23.42|19.24|4.4|4.39|0.78|0.78|-914.08|393.68|377.16|20.93|
|沪电股份|002463.SZ|2023-09-13|366.2|366|26.89|27.74|4.24|4.24|23.39|19.21|4.39|4.38|0.78|0.78|-912.65|393.11|376.58|20.89|
|沪电股份|002463.SZ|2023-09-12|384.3|384.09|28.22|29.11|4.45|4.45|24.54|20.16|4.61|4.59|0.74|0.74|-957.76|411.21|394.68|21.9|
|沪电股份|002463.SZ|2023-09-11|382.77|382.57|28.11|28.99|4.43|4.43|24.45|20.08|4.59|4.58|0.74|0.75|-953.96|409.69|393.16|21.81|
|沪电股份|002463.SZ|2023-09-08|373.44|373.24|27.43|28.28|4.32|4.32|23.85|19.59|4.48|4.46|0.76|0.77|-930.7|400.35|383.82|21.3|
|沪电股份|002463.SZ|2023-09-07|373.06|372.86|27.4|28.26|4.32|4.32|23.83|19.57|4.48|4.46|0.76|0.77|-929.75|399.97|383.44|21.27|
|沪电股份|002463.SZ|2023-09-06|384.49|384.28|28.24|29.12|4.45|4.45|24.56|20.17|4.61|4.6|0.74|0.74|-958.24|411.4|394.87|21.91|
|沪电股份|002463.SZ|2023-09-05|390.2|390|28.66|29.55|4.52|4.52|24.92|20.47|4.68|4.67|0.73|0.73|-972.48|417.12|400.59|22.23|
|沪电股份|002463.SZ|2023-09-04|408.87|408.66|30.03|30.97|4.73|4.73|26.11|21.45|4.9|4.89|0.7|0.7|-1019.02|435.79|419.26|23.26|
|沪电股份|002463.SZ|2023-09-01|396.49|396.28|29.12|30.03|4.59|4.59|25.32|20.8|4.76|4.74|0.72|0.72|-988.15|423.4|406.88|22.57|
|沪电股份|002463.SZ|2023-08-31|402.59|402.37|29.57|30.49|4.66|4.66|25.71|21.12|4.83|4.81|0.71|0.71|-1003.35|429.5|412.98|22.91|
|沪电股份|002463.SZ|2023-08-30|405.25|405.04|29.76|30.69|4.69|4.69|25.88|21.26|4.86|4.85|0.7|0.71|-1009.99|432.17|415.64|23.06|
|沪电股份|002463.SZ|2023-08-29|398.78|398.57|29.29|30.2|4.62|4.62|25.47|20.92|4.78|4.77|0.71|0.72|-993.85|425.69|409.16|22.7|
|沪电股份|002463.SZ|2023-08-28|385.63|385.43|28.32|29.21|4.47|4.47|24.63|20.23|4.63|4.61|0.74|0.74|-961.09|412.54|396.02|21.97|
|沪电股份|002463.SZ|2023-08-25|372.82|372.63|27.38|28.41|4.33|4.48|23.81|19.32|4.47|4.5|0.76|0.77|-1526.76|396.86|374.73|20.79|
|沪电股份|002463.SZ|2023-08-24|404.45|404.23|29.7|30.82|4.7|4.86|25.83|20.96|4.85|4.88|0.7|0.71|-1656.27|428.49|406.36|22.55|
|沪电股份|002463.SZ|2023-08-23|394.35|394.14|28.96|30.05|4.58|4.74|25.19|20.43|4.73|4.76|0.72|0.72|-1614.92|418.39|396.26|21.99|
|沪电股份|002463.SZ|2023-08-22|420.83|420.61|30.91|32.07|4.89|5.06|26.88|21.81|5.05|5.08|0.68|0.68|-1723.36|444.87|422.74|23.45|
|沪电股份|002463.SZ|2023-08-21|392.63|392.43|28.84|29.92|4.56|4.72|25.08|20.34|4.71|4.74|0.72|0.73|-1607.9|416.68|394.55|21.89|
|沪电股份|002463.SZ|2023-08-18|389.01|388.81|28.57|29.64|4.52|4.67|24.84|20.16|4.67|4.69|0.73|0.73|-1593.08|413.06|390.93|21.69|
|沪电股份|002463.SZ|2023-08-17|411.11|410.9|30.19|31.33|4.77|4.94|26.26|21.3|4.93|4.96|0.69|0.7|-1683.57|435.15|413.02|22.92|
|沪电股份|002463.SZ|2023-08-16|407.68|407.47|29.94|31.07|4.73|4.9|26.04|21.12|4.89|4.92|0.7|0.7|-1669.53|431.73|409.6|22.73|
|沪电股份|002463.SZ|2023-08-15|408.64|408.42|30.01|31.14|4.75|4.91|26.1|21.17|4.9|4.93|0.7|0.7|-1673.43|432.68|410.55|22.78|
|沪电股份|002463.SZ|2023-08-14|408.45|408.23|30|31.12|4.74|4.91|26.09|21.16|4.9|4.93|0.7|0.7|-1672.65|432.49|410.36|22.77|
|沪电股份|002463.SZ|2023-08-11|405.21|405|29.76|30.88|4.71|4.87|25.88|21|4.86|4.89|0.7|0.71|-1659.39|429.25|407.12|22.59|
|沪电股份|002463.SZ|2023-08-10|414.16|413.94|30.42|31.56|4.81|4.98|26.45|21.46|4.97|5|0.69|0.69|-1696.06|438.2|416.07|23.08|
|沪电股份|002463.SZ|2023-08-09|407.68|407.47|29.94|31.07|4.73|4.9|26.04|21.12|4.89|4.92|0.7|0.7|-1669.53|431.73|409.6|22.73|
|沪电股份|002463.SZ|2023-08-08|427.5|427.27|31.4|32.58|4.96|5.14|27.3|22.15|5.13|5.16|0.67|0.67|-1750.67|451.54|429.41|23.82|
|沪电股份|002463.SZ|2023-08-07|442.74|442.51|32.52|33.74|5.14|5.32|28.28|22.94|5.31|5.34|0.64|0.65|-1813.08|466.78|444.65|24.67|
|沪电股份|002463.SZ|2023-08-04|437.78|437.55|32.15|33.36|5.08|5.26|27.96|22.68|5.25|5.28|0.65|0.65|-1792.8|461.83|439.7|24.4|
|沪电股份|002463.SZ|2023-08-03|415.49|415.28|30.52|31.66|4.83|4.99|26.54|21.53|4.98|5.01|0.68|0.69|-1701.52|439.54|417.41|23.16|
|沪电股份|002463.SZ|2023-08-02|428.45|428.22|31.47|32.65|4.98|5.15|27.36|22.2|5.14|5.17|0.66|0.67|-1754.57|452.49|430.36|23.88|
|沪电股份|002463.SZ|2023-08-01|432.64|432.41|31.77|32.97|5.02|5.2|27.63|22.42|5.19|5.22|0.66|0.66|-1771.73|456.68|434.55|24.11|
|沪电股份|002463.SZ|2023-07-31|417.78|417.56|30.68|31.84|4.85|5.02|26.68|21.65|5.01|5.04|0.68|0.68|-1710.88|441.82|419.69|23.29|
|沪电股份|002463.SZ|2023-07-28|419.11|418.89|30.78|31.94|4.87|5.03|26.77|21.72|5.03|5.06|0.68|0.68|-1716.34|443.16|421.03|23.36|
|沪电股份|002463.SZ|2023-07-27|426.54|426.32|31.33|32.5|4.95|5.12|27.24|22.1|5.12|5.15|0.67|0.67|-1746.77|450.59|428.46|23.77|
|沪电股份|002463.SZ|2023-07-26|441.59|441.36|32.43|33.65|5.13|5.3|28.2|22.88|5.3|5.33|0.64|0.65|-1808.4|465.64|443.51|24.61|
|沪电股份|002463.SZ|2023-07-25|464.46|464.21|34.11|35.39|5.39|5.58|29.66|24.07|5.57|5.6|0.61|0.62|-1902.02|488.5|466.37|25.87|
|沪电股份|002463.SZ|2023-07-24|460.84|460.59|33.85|35.12|5.35|5.54|29.43|23.88|5.53|5.56|0.62|0.62|-1887.19|484.88|462.75|25.67|
|沪电股份|002463.SZ|2023-07-21|431.31|431.08|31.68|32.87|5.01|5.18|27.55|22.35|5.17|5.2|0.66|0.66|-1766.27|455.35|433.22|24.04|
|沪电股份|002463.SZ|2023-07-20|430.74|430.51|31.64|32.82|5|5.17|27.51|22.32|5.17|5.2|0.66|0.66|-1763.93|454.78|432.65|24|
|沪电股份|002463.SZ|2023-07-19|465.22|464.97|34.17|35.45|5.4|5.59|29.71|24.11|5.58|5.61|0.61|0.61|-1905.14|489.26|467.13|25.92|
|沪电股份|002463.SZ|2023-07-18|467.12|466.88|34.31|35.6|5.43|5.61|29.83|24.2|5.6|5.64|0.61|0.61|-1912.94|491.16|469.03|26.02|
|沪电股份|002463.SZ|2023-07-17|481.03|480.78|35.33|36.66|5.59|5.78|30.72|24.92|5.77|5.8|0.59|0.59|-1969.89|505.07|482.94|26.79|
|沪电股份|002463.SZ|2023-07-14|480.27|480.02|35.27|36.6|5.58|5.77|30.67|24.89|5.76|5.8|0.59|0.59|-1966.77|504.31|482.18|26.75|
|沪电股份|002463.SZ|2023-07-13|443.88|443.65|32.6|33.82|5.16|5.33|28.35|23|5.32|5.36|0.64|0.64|-1817.76|467.92|445.79|24.73|
|沪电股份|002463.SZ|2023-07-12|403.49|403.28|29.63|30.75|4.69|4.85|25.77|20.91|4.84|4.87|0.71|0.71|-1652.37|427.53|405.4|22.49|
|沪电股份|002463.SZ|2023-07-11|422.16|421.94|31.01|32.17|4.9|5.07|26.96|21.87|5.06|5.09|0.67|0.68|-1728.82|446.2|424.07|23.53|
|沪电股份|002463.SZ|2023-07-10|421.59|421.37|30.96|32.13|4.9|5.06|26.93|21.84|5.06|5.09|0.67|0.68|-1726.48|445.63|423.5|23.5|
|沪电股份|002463.SZ|2023-07-07|436.26|436.03|32.04|33.24|5.07|5.24|27.86|22.6|5.23|5.26|0.65|0.66|-1786.55|460.3|438.17|24.31|
|沪电股份|002463.SZ|2023-07-06|455.31|455.07|33.44|34.7|5.29|5.47|29.08|23.59|5.46|5.49|0.62|0.63|-1864.57|479.35|457.22|25.37|
|沪电股份|002463.SZ|2023-07-05|434.55|434.32|31.91|33.11|5.05|5.22|27.75|22.52|5.21|5.24|0.65|0.66|-1779.53|458.59|436.46|24.22|
|沪电股份|002463.SZ|2023-07-04|426.16|425.94|31.3|32.47|4.95|5.12|27.22|22.08|5.11|5.14|0.67|0.67|-1745.21|450.2|428.07|23.75|
|沪电股份|002463.SZ|2023-07-03|406.92|406.71|29.89|31.01|4.73|4.89|25.99|21.08|4.88|4.91|0.7|0.7|-1666.41|430.96|408.83|22.68|
|沪电股份|002463.SZ|2023-06-30|398.92|398.71|29.3|30.4|4.63|4.79|25.48|20.67|4.79|4.81|0.71|0.72|-1633.64|422.96|400.83|22.24|
|沪电股份|002463.SZ|2023-06-29|362.72|362.53|26.64|27.64|4.21|4.36|23.17|18.79|4.35|4.38|0.78|0.79|-1485.41|386.77|364.64|20.23|
|沪电股份|002463.SZ|2023-06-28|365.77|365.58|26.86|27.87|4.25|4.39|23.36|18.95|4.39|4.41|0.78|0.78|-1497.9|389.81|367.68|20.4|
|沪电股份|002463.SZ|2023-06-27|377.2|377.01|27.7|28.74|4.38|4.53|24.09|19.54|4.53|4.55|0.75|0.76|-1544.71|401.24|379.11|21.03|
|沪电股份|002463.SZ|2023-06-26|372.44|372.25|27.35|28.38|4.33|4.47|23.79|19.3|4.47|4.49|0.76|0.77|-1525.2|396.48|374.35|20.77|
|沪电股份|002463.SZ|2023-06-21|411.3|411.09|30.21|31.34|4.78|4.94|26.27|21.31|4.93|4.96|0.69|0.69|-1684.35|435.35|413.22|22.93|
|沪电股份|002463.SZ|2023-06-20|428.64|428.42|31.48|32.66|4.98|5.15|27.38|22.21|5.14|5.17|0.66|0.67|-1755.35|452.68|430.55|23.89|
|沪电股份|002463.SZ|2023-06-19|445.02|444.79|32.68|33.91|5.17|5.35|28.42|23.06|5.34|5.37|0.64|0.64|-1822.44|469.07|446.93|24.8|
|沪电股份|002463.SZ|2023-06-16|428.64|428.42|31.48|32.66|4.98|5.15|27.38|22.21|5.14|5.17|0.66|0.67|-1755.35|452.68|430.55|23.89|
|沪电股份|002463.SZ|2023-06-15|419.11|418.89|30.78|31.94|4.87|5.03|26.77|21.72|5.03|5.06|0.68|0.68|-1716.34|443.16|421.03|23.36|
|沪电股份|002463.SZ|2023-06-14|442.74|442.51|32.52|33.74|5.14|5.32|28.28|22.94|5.31|5.34|0.64|0.65|-1813.08|466.78|444.65|24.67|
|沪电股份|002463.SZ|2023-06-13|429.78|429.56|31.57|32.75|4.99|5.16|27.45|22.27|5.16|5.19|0.66|0.66|-1760.03|453.82|431.69|23.95|
|沪电股份|002463.SZ|2023-06-12|425.02|424.8|31.22|32.39|4.94|5.11|27.14|22.02|5.1|5.13|0.67|0.67|-1740.53|449.06|426.93|23.69|
|沪电股份|002463.SZ|2023-06-09|415.49|415.28|30.52|31.66|4.83|4.99|26.54|21.53|4.98|5.01|0.68|0.69|-1701.52|439.54|417.41|23.16|
|沪电股份|002463.SZ|2023-06-08|377.77|377.58|27.75|28.79|4.39|4.54|24.13|19.57|4.53|4.56|0.75|0.76|-1547.05|401.82|379.69|21.07|
|沪电股份|002463.SZ|2023-06-07|389.2|389|28.58|29.66|4.52|4.68|24.86|20.17|4.67|4.7|0.73|0.73|-1593.86|413.25|391.12|21.7|
|沪电股份|002463.SZ|2023-06-06|388.63|388.43|28.54|29.61|4.51|4.67|24.82|20.14|4.66|4.69|0.73|0.74|-1591.52|412.68|390.54|21.67|
|沪电股份|002463.SZ|2023-06-05|408.45|408.23|30|31.12|4.74|4.91|26.09|21.16|4.9|4.93|0.7|0.7|-1672.65|432.49|410.36|22.77|
|沪电股份|002463.SZ|2023-06-02|389.01|388.81|28.57|29.64|4.52|4.67|24.84|20.16|4.67|4.69|0.73|0.73|-1593.08|413.06|390.93|21.69|
|沪电股份|002463.SZ|2023-06-01|401.97|401.76|29.52|30.63|4.67|4.83|25.67|20.83|4.82|4.85|0.71|0.71|-1646.13|426.01|403.88|22.41|
|沪电股份|002463.SZ|2023-05-31|397.97|397.76|29.23|30.33|4.62|4.78|25.42|20.62|4.77|4.8|0.71|0.72|-1629.74|422.01|399.88|22.19|
|沪电股份|002463.SZ|2023-05-30|361.77|361.58|26.57|27.57|4.2|4.35|23.11|18.75|4.34|4.37|0.79|0.79|-1481.51|385.81|363.68|20.18|
|沪电股份|002463.SZ|2023-05-29|350.15|349.97|25.72|26.68|4.07|4.21|22.36|18.14|4.2|4.23|0.81|0.82|-1433.92|374.19|352.06|19.53|
|沪电股份|002463.SZ|2023-05-26|379.49|379.29|27.87|28.92|4.41|4.56|24.24|19.66|4.55|4.58|0.75|0.75|-1554.07|403.53|381.4|21.16|
|沪电股份|002463.SZ|2023-05-25|363.87|363.68|26.72|27.73|4.23|4.37|23.24|18.85|4.37|4.39|0.78|0.79|-1490.1|387.91|365.78|20.29|
|沪电股份|002463.SZ|2023-05-24|345.96|345.78|25.41|26.36|4.02|4.16|22.1|17.93|4.15|4.17|0.82|0.83|-1416.76|370|347.87|19.3|
|沪电股份|002463.SZ|2023-05-23|341.77|341.59|25.1|26.04|3.97|4.11|21.83|17.71|4.1|4.12|0.83|0.84|-1399.6|365.81|343.68|19.07|
|沪电股份|002463.SZ|2023-05-22|355.87|355.68|26.14|27.12|4.13|4.27|22.73|18.44|4.27|4.29|0.8|0.8|-1457.33|379.91|357.78|19.85|
|沪电股份|002463.SZ|2023-05-19|366.15|365.96|26.89|27.9|4.25|4.4|23.38|18.97|4.39|4.42|0.78|0.78|-1499.46|390.2|368.07|20.42|
|沪电股份|002463.SZ|2023-05-18|376.06|375.86|27.62|28.66|4.37|4.52|24.02|19.49|4.51|4.54|0.76|0.76|-1540.03|400.1|377.97|20.97|
|沪电股份|002463.SZ|2023-05-17|350.53|350.35|25.74|26.71|4.07|4.21|22.39|18.16|4.21|4.23|0.81|0.82|-1435.48|374.57|352.44|19.55|
|沪电股份|002463.SZ|2023-05-16|352.44|352.25|25.88|26.86|4.09|4.23|22.51|18.26|4.23|4.25|0.81|0.81|-1443.29|376.48|354.35|19.66|
|沪电股份|002463.SZ|2023-05-15|372.06|371.86|27.33|28.35|4.32|4.47|23.76|19.28|4.46|4.49|0.76|0.77|-1523.64|396.1|373.97|20.75|
|沪电股份|002463.SZ|2023-05-12|380.25|380.05|27.93|28.98|4.42|4.57|24.29|19.7|4.56|4.59|0.75|0.75|-1557.19|404.29|382.16|21.2|
|沪电股份|002463.SZ|2023-05-11|389.2|389|28.58|29.66|4.52|4.68|24.86|20.17|4.67|4.7|0.73|0.73|-1593.86|413.25|391.12|21.7|
|沪电股份|002463.SZ|2023-05-10|397.78|397.57|29.21|30.31|4.62|4.78|25.4|20.61|4.77|4.8|0.72|0.72|-1628.96|421.82|399.69|22.18|
|沪电股份|002463.SZ|2023-05-09|428.64|428.42|31.48|32.66|4.98|5.15|27.38|22.21|5.14|5.17|0.66|0.67|-1755.35|452.68|430.55|23.89|
|沪电股份|002463.SZ|2023-05-08|399.49|399.28|29.34|30.44|4.64|4.8|25.51|20.7|4.79|4.82|0.71|0.72|-1635.98|423.53|401.4|22.27|
|沪电股份|002463.SZ|2023-05-05|385.78|385.57|28.33|29.4|4.48|4.63|24.64|19.99|4.63|4.66|0.74|0.74|-1579.81|409.82|387.69|21.51|
|沪电股份|002463.SZ|2023-05-04|389.59|389.38|28.61|29.69|4.52|4.68|24.88|20.19|4.67|4.7|0.73|0.73|-1595.42|413.63|391.5|21.72|
|沪电股份|002463.SZ|2023-04-28|417.78|417.56|30.68|31.84|4.85|5.02|26.68|21.65|5.01|5.04|0.68|0.68|-1710.88|441.82|419.69|23.29|
|沪电股份|002463.SZ|2023-04-27|414.92|414.71|30.47|31.62|4.82|4.98|26.5|21.5|4.98|5.01|0.69|0.69|-1699.18|438.97|416.83|23.13|
|沪电股份|002463.SZ|2023-04-26|422.16|421.94|31.01|32.17|4.9|5.07|26.96|21.87|5.06|5.09|0.67|0.68|-1728.82|446.2|424.07|23.53|
|沪电股份|002463.SZ|2023-04-25|463.88|463.64|34.07|34.07|5.61|5.61|29.63|29.63|5.56|5.56|0.61|0.61|3866.52|478.8|465.88|25.85|
|沪电股份|002463.SZ|2023-04-24|475.69|475.45|34.94|34.94|5.75|5.75|30.38|30.38|5.71|5.71|0.6|0.6|3964.97|490.61|477.69|26.5|
|沪电股份|002463.SZ|2023-04-21|466.93|466.69|34.29|34.29|5.65|5.65|29.82|29.82|5.6|5.6|0.61|0.61|3891.93|481.85|468.92|26.02|
|沪电股份|002463.SZ|2023-04-20|496.65|496.39|36.48|36.48|6.01|6.01|31.72|31.72|5.96|5.96|0.57|0.57|4139.64|511.57|498.64|27.67|
|沪电股份|002463.SZ|2023-04-19|449.65|449.42|33.02|33.02|5.44|5.44|28.72|28.72|5.39|5.39|0.63|0.63|3747.92|464.57|451.65|25.06|
|沪电股份|002463.SZ|2023-04-18|437.7|437.47|32.15|32.15|5.29|5.29|27.95|27.95|5.25|5.25|0.65|0.65|3648.29|452.62|439.69|24.4|
|沪电股份|002463.SZ|2023-04-17|423.66|423.44|31.12|31.12|5.12|5.12|27.06|27.06|5.08|5.08|0.67|0.67|3531.27|438.58|425.66|23.62|
|沪电股份|002463.SZ|2023-04-14|422.9|422.68|31.06|31.06|5.12|5.12|27.01|27.01|5.07|5.07|0.67|0.67|3524.95|437.82|424.9|23.57|
|沪电股份|002463.SZ|2023-04-13|425.94|425.71|31.28|31.28|5.15|5.15|27.2|27.2|5.11|5.11|0.67|0.67|3550.25|440.86|427.93|23.74|
|沪电股份|002463.SZ|2023-04-12|453.45|453.21|33.3|33.3|5.49|5.49|28.96|28.96|5.44|5.44|0.63|0.63|3779.55|468.37|455.44|25.27|
|沪电股份|002463.SZ|2023-04-11|448.33|448.09|32.93|32.93|5.42|5.42|28.63|28.63|5.38|5.38|0.63|0.63|3736.85|463.24|450.32|24.98|
|沪电股份|002463.SZ|2023-04-10|457.81|457.57|33.62|33.62|5.54|5.54|29.24|29.24|5.49|5.49|0.62|0.62|3815.92|472.73|459.81|25.51|
|沪电股份|002463.SZ|2023-04-07|476.41|476.16|34.99|34.99|5.76|5.76|30.43|30.43|5.71|5.71|0.6|0.6|3970.9|491.32|478.4|26.54|
|沪电股份|002463.SZ|2023-04-06|488.55|488.29|35.88|35.88|5.91|5.91|31.2|31.2|5.86|5.86|0.58|0.58|4072.11|503.47|490.54|27.22|
|沪电股份|002463.SZ|2023-04-04|444.15|443.92|32.62|32.62|5.37|5.37|28.37|28.37|5.33|5.33|0.64|0.64|3702.06|459.07|446.15|24.75|
|沪电股份|002463.SZ|2023-04-03|426.7|426.47|31.34|31.34|5.16|5.16|27.25|27.25|5.12|5.12|0.67|0.67|3556.57|441.62|428.69|23.78|
|沪电股份|002463.SZ|2023-03-31|407.73|407.51|29.95|29.95|4.93|4.93|26.04|26.04|4.89|4.89|0.7|0.7|3398.43|422.64|409.72|22.73|
|沪电股份|002463.SZ|2023-03-30|401.08|400.87|29.46|29.46|4.85|4.85|25.62|25.62|4.81|4.81|0.71|0.71|3343.08|416|403.08|22.36|
|沪电股份|002463.SZ|2023-03-29|401.27|401.06|29.47|29.47|4.85|4.85|25.63|25.63|4.81|4.81|0.71|0.71|3344.67|416.19|403.27|22.37|
|沪电股份|002463.SZ|2023-03-28|398.43|398.22|29.26|29.26|4.82|4.82|25.45|25.45|4.78|4.78|0.71|0.71|3320.94|413.35|400.42|22.22|
|沪电股份|002463.SZ|2023-03-27|428.22|427.99|31.45|31.45|5.18|5.18|27.35|27.35|5.14|5.14|0.66|0.66|3569.22|443.13|430.21|23.87|
|沪电股份|002463.SZ|2023-03-24|409.81|409.6|30.1|30.1|4.96|4.96|26.17|26.17|4.92|4.92|0.69|0.69|3415.83|424.73|411.8|22.85|
|沪电股份|002463.SZ|2023-03-23|397.16|396.95|37.34|29.17|5.09|4.8|28.16|31.34|5.35|4.76|0.72|0.72|3333.91|419.58|402.96|27.43|
|沪电股份|002463.SZ|2023-03-22|361.12|360.93|33.96|26.53|4.62|4.37|25.6|28.5|4.87|4.33|0.79|0.79|3031.41|383.55|366.92|24.97|
|沪电股份|002463.SZ|2023-03-21|328.31|328.14|30.87|24.12|4.2|3.97|23.28|25.91|4.43|3.94|0.87|0.87|2755.97|350.73|334.11|22.74|
|沪电股份|002463.SZ|2023-03-20|321.48|321.31|30.23|23.62|4.12|3.89|22.79|25.37|4.33|3.86|0.89|0.89|2698.65|343.91|327.28|22.28|
|沪电股份|002463.SZ|2023-03-17|293.79|293.64|27.62|21.58|3.76|3.55|20.83|23.18|3.96|3.52|0.97|0.97|2466.2|316.22|299.59|20.39|
|沪电股份|002463.SZ|2023-03-16|285.07|284.92|26.8|20.94|3.65|3.45|20.21|22.5|3.84|3.42|1|1|2392.97|307.49|290.87|19.8|
|沪电股份|002463.SZ|2023-03-15|290|289.85|27.27|21.3|3.71|3.51|20.56|22.88|3.91|3.48|0.98|0.98|2434.36|312.42|295.8|20.13|
|沪电股份|002463.SZ|2023-03-14|291.33|291.17|27.39|21.4|3.73|3.52|20.66|22.99|3.93|3.49|0.98|0.98|2445.51|313.75|297.13|20.22|
|沪电股份|002463.SZ|2023-03-13|297.59|297.43|27.98|21.86|3.81|3.6|21.1|23.48|4.01|3.57|0.96|0.96|2498.05|320.01|303.39|20.65|
|沪电股份|002463.SZ|2023-03-10|293.98|293.83|27.64|21.6|3.76|3.56|20.84|23.2|3.96|3.53|0.97|0.97|2467.8|316.41|299.78|20.4|
|沪电股份|002463.SZ|2023-03-09|296.07|295.91|27.84|21.75|3.79|3.58|20.99|23.36|3.99|3.55|0.96|0.96|2485.31|318.49|301.87|20.55|
|沪电股份|002463.SZ|2023-03-08|297.21|297.05|27.95|21.83|3.81|3.6|21.07|23.45|4.01|3.57|0.96|0.96|2494.86|319.63|303.01|20.62|
|沪电股份|002463.SZ|2023-03-07|286.59|286.43|26.95|21.05|3.67|3.47|20.32|22.62|3.86|3.44|0.99|0.99|2405.7|309.01|292.38|19.9|
|沪电股份|002463.SZ|2023-03-06|304.98|304.82|28.68|22.4|3.9|3.69|21.62|24.07|4.11|3.66|0.93|0.93|2560.14|327.41|310.78|21.15|
|沪电股份|002463.SZ|2023-03-03|305.17|305.01|28.7|22.42|3.91|3.69|21.64|24.08|4.11|3.66|0.93|0.93|2561.73|327.6|310.97|21.17|
|沪电股份|002463.SZ|2023-03-02|311.24|311.08|29.27|22.86|3.99|3.77|22.07|24.56|4.2|3.73|0.91|0.91|2612.68|333.67|317.04|21.58|
|沪电股份|002463.SZ|2023-03-01|314.47|314.3|29.57|23.1|4.03|3.8|22.3|24.82|4.24|3.77|0.9|0.9|2639.75|336.89|320.27|21.8|
|沪电股份|002463.SZ|2023-02-28|311.05|310.89|29.25|22.85|3.98|3.76|22.05|24.55|4.19|3.73|0.91|0.91|2611.09|333.48|316.85|21.57|
|沪电股份|002463.SZ|2023-02-27|299.67|299.51|28.18|22.01|3.84|3.63|21.25|23.65|4.04|3.59|0.95|0.95|2515.56|322.1|305.47|20.79|
|沪电股份|002463.SZ|2023-02-24|296.07|295.91|27.84|21.75|3.79|3.58|20.99|23.36|3.99|3.55|0.96|0.96|2485.31|318.49|301.87|20.55|
|沪电股份|002463.SZ|2023-02-23|293.79|293.64|27.62|21.58|3.76|3.55|20.83|23.18|3.96|3.52|0.97|0.97|2466.2|316.22|299.59|20.39|
|沪电股份|002463.SZ|2023-02-22|301.95|301.79|28.39|22.18|3.87|3.65|21.41|23.83|4.07|3.62|0.94|0.94|2534.67|324.37|307.75|20.95|
|沪电股份|002463.SZ|2023-02-21|296.26|296.1|27.86|21.76|3.79|3.58|21|23.38|3.99|3.55|0.96|0.96|2486.9|318.68|302.06|20.56|
|沪电股份|002463.SZ|2023-02-20|298.53|298.38|28.07|21.93|3.82|3.61|21.17|23.56|4.02|3.58|0.95|0.95|2506.01|320.96|304.33|20.71|
|沪电股份|002463.SZ|2023-02-17|289.43|289.28|27.21|21.26|3.71|3.5|20.52|22.84|3.9|3.47|0.98|0.98|2429.59|311.85|295.23|20.09|
|沪电股份|002463.SZ|2023-02-16|299.67|299.51|28.18|22.01|3.84|3.63|21.25|23.65|4.04|3.59|0.95|0.95|2515.56|322.1|305.47|20.79|
|沪电股份|002463.SZ|2023-02-15|312.57|312.4|29.39|22.96|4|3.78|22.16|24.67|4.21|3.75|0.91|0.91|2623.82|334.99|318.37|21.67|
|沪电股份|002463.SZ|2023-02-14|294.93|294.78|27.73|21.66|3.78|3.57|20.91|23.27|3.98|3.54|0.96|0.96|2475.76|317.35|300.73|20.47|
|沪电股份|002463.SZ|2023-02-13|296.45|296.29|27.87|21.78|3.8|3.59|21.02|23.39|4|3.56|0.96|0.96|2488.49|318.87|302.25|20.57|
|沪电股份|002463.SZ|2023-02-10|293.98|293.83|27.64|21.6|3.76|3.56|20.84|23.2|3.96|3.53|0.97|0.97|2467.8|316.41|299.78|20.4|
|沪电股份|002463.SZ|2023-02-09|284.12|283.97|26.72|20.87|3.64|3.44|20.14|22.42|3.83|3.41|1|1|2385.01|306.54|289.92|19.73|
|沪电股份|002463.SZ|2023-02-08|261.93|261.79|24.63|19.24|3.35|3.17|18.57|20.67|3.53|3.14|1.09|1.09|2198.73|284.35|267.73|18.22|
|沪电股份|002463.SZ|2023-02-07|262.69|262.55|24.7|19.3|3.36|3.18|18.62|20.73|3.54|3.15|1.08|1.08|2205.1|285.11|268.49|18.27|
|沪电股份|002463.SZ|2023-02-06|260.98|260.84|24.54|19.17|3.34|3.16|18.5|20.59|3.52|3.13|1.09|1.09|2190.77|283.4|266.78|18.16|
|沪电股份|002463.SZ|2023-02-03|267.43|267.29|25.15|19.64|3.42|3.23|18.96|21.1|3.6|3.21|1.06|1.06|2244.9|289.85|273.23|18.6|
|沪电股份|002463.SZ|2023-02-02|267.05|266.91|25.11|19.62|3.42|3.23|18.93|21.07|3.6|3.2|1.07|1.07|2241.71|289.47|272.85|18.57|
|沪电股份|002463.SZ|2023-02-01|265.34|265.2|24.95|19.49|3.4|3.21|18.81|20.94|3.58|3.18|1.07|1.07|2227.39|287.77|271.14|18.45|
|沪电股份|002463.SZ|2023-01-31|241.25|241.13|22.68|20.11|3.09|3.09|17.11|19.04|3.25|3.1|1.18|1.18|1218.22|263.68|247.05|16.82|
|沪电股份|002463.SZ|2023-01-30|241.25|241.13|22.68|20.11|3.09|3.09|17.11|19.04|3.25|3.1|1.18|1.18|1218.22|263.68|247.05|16.82|
|沪电股份|002463.SZ|2023-01-20|241.44|241.32|22.7|20.13|3.09|3.09|17.12|19.05|3.25|3.11|1.18|1.18|1219.17|263.87|247.24|16.83|
|沪电股份|002463.SZ|2023-01-19|239.93|239.8|22.56|20|3.07|3.07|17.01|18.93|3.23|3.09|1.19|1.19|1211.51|262.35|245.73|16.73|
|沪电股份|002463.SZ|2023-01-18|237.65|237.53|22.35|19.81|3.04|3.04|16.85|18.75|3.2|3.06|1.2|1.2|1200.02|260.07|243.45|16.57|
|沪电股份|002463.SZ|2023-01-17|239.93|239.8|22.56|20|3.07|3.07|17.01|18.93|3.23|3.09|1.19|1.19|1211.51|262.35|245.73|16.73|
|沪电股份|002463.SZ|2023-01-16|235.19|235.06|22.11|19.61|3.01|3.01|16.67|18.56|3.17|3.03|1.21|1.21|1187.57|257.61|240.99|16.4|
|沪电股份|002463.SZ|2023-01-13|232.72|232.6|21.88|19.4|2.98|2.98|16.5|18.36|3.14|2.99|1.22|1.22|1175.12|255.14|238.52|16.23|
|沪电股份|002463.SZ|2023-01-12|236.89|236.77|22.27|19.75|3.03|3.03|16.8|18.69|3.19|3.05|1.2|1.2|1196.19|259.32|242.69|16.52|
|沪电股份|002463.SZ|2023-01-11|234.62|234.49|22.06|19.56|3|3|16.63|18.51|3.16|3.02|1.21|1.21|1184.7|257.04|240.42|16.36|
|沪电股份|002463.SZ|2023-01-10|237.65|237.53|22.35|19.81|3.04|3.04|16.85|18.75|3.2|3.06|1.2|1.2|1200.02|260.07|243.45|16.57|
|沪电股份|002463.SZ|2023-01-09|235.38|235.25|22.13|19.62|3.01|3.01|16.69|18.57|3.17|3.03|1.21|1.21|1188.53|257.8|241.17|16.42|
|沪电股份|002463.SZ|2023-01-06|235.75|235.63|22.17|19.65|3.02|3.02|16.72|18.6|3.18|3.03|1.21|1.21|1190.44|258.18|241.55|16.44|
|沪电股份|002463.SZ|2023-01-05|236.7|236.58|22.26|19.73|3.03|3.03|16.78|18.68|3.19|3.05|1.2|1.2|1195.23|259.13|242.5|16.51|
|沪电股份|002463.SZ|2023-01-04|233.29|233.17|21.94|19.45|2.99|2.99|16.54|18.41|3.14|3|1.22|1.22|1177.99|255.71|239.09|16.27|
|沪电股份|002463.SZ|2023-01-03|239.17|239.04|22.49|19.94|3.06|3.06|16.96|18.87|3.22|3.08|1.19|1.19|1207.68|261.59|244.97|16.67|
|沪电股份|002463.SZ|2022-12-30|225.7|225.58|21.22|18.82|2.89|2.89|16|17.81|3.04|2.9|1.53|1.26|1139.68|248.13|231.5|15.76|
|沪电股份|002463.SZ|2022-12-29|222.86|222.74|20.96|18.58|2.85|2.85|15.8|17.59|3|2.87|1.55|1.28|1125.32|245.28|228.66|15.56|
|沪电股份|002463.SZ|2022-12-28|224.19|224.07|21.08|18.69|2.87|2.87|15.89|17.69|3.02|2.88|1.54|1.27|1132.02|246.61|229.98|15.65|
|沪电股份|002463.SZ|2022-12-27|224.94|224.83|21.15|18.75|2.88|2.88|15.95|17.75|3.03|2.89|1.53|1.26|1135.85|247.37|230.74|15.71|
|沪电股份|002463.SZ|2022-12-26|226.46|226.34|21.29|18.88|2.9|2.9|16.06|17.87|3.05|2.91|1.52|1.26|1143.51|248.88|232.26|15.81|
|沪电股份|002463.SZ|2022-12-23|220.01|219.9|20.69|18.34|2.82|2.82|15.6|17.36|2.97|2.83|1.57|1.29|1110.95|242.44|225.81|15.37|
|沪电股份|002463.SZ|2022-12-22|223.43|223.31|21.01|18.63|2.86|2.86|15.84|17.63|3.01|2.88|1.54|1.27|1128.19|245.85|229.23|15.6|
|沪电股份|002463.SZ|2022-12-21|224.75|224.64|21.13|18.74|2.88|2.88|15.94|17.74|3.03|2.89|1.53|1.27|1134.9|247.18|230.55|15.69|
|沪电股份|002463.SZ|2022-12-20|226.08|225.96|21.26|18.85|2.89|2.89|16.03|17.84|3.05|2.91|1.53|1.26|1141.6|248.51|231.88|15.78|
|沪电股份|002463.SZ|2022-12-19|225.32|225.2|21.19|18.79|2.88|2.88|15.98|17.78|3.04|2.9|1.53|1.26|1137.77|247.75|231.12|15.73|
|沪电股份|002463.SZ|2022-12-16|232.15|232.03|21.83|19.35|2.97|2.97|16.46|18.32|3.13|2.99|1.49|1.23|1172.25|254.57|237.95|16.2|
|沪电股份|002463.SZ|2022-12-15|239.17|239.04|22.49|19.94|3.06|3.06|16.96|18.87|3.22|3.08|1.44|1.19|1207.68|261.59|244.97|16.67|
|沪电股份|002463.SZ|2022-12-14|231.58|231.46|21.78|19.31|2.97|2.97|16.42|18.27|3.12|2.98|1.49|1.23|1169.37|254.01|237.38|16.16|
|沪电股份|002463.SZ|2022-12-13|240.88|240.75|22.65|20.08|3.08|3.08|17.08|19.01|3.25|3.1|1.43|1.18|1216.3|263.3|246.68|16.79|
|沪电股份|002463.SZ|2022-12-12|244.67|244.54|23.01|20.4|3.13|3.13|17.35|19.31|3.3|3.15|1.41|1.16|1235.46|267.09|250.47|17.05|
|沪电股份|002463.SZ|2022-12-09|232.34|232.22|21.85|19.37|2.97|2.97|16.47|18.33|3.13|2.99|1.48|1.22|1173.2|254.76|238.14|16.21|
|沪电股份|002463.SZ|2022-12-08|231.01|230.89|21.72|19.26|2.96|2.96|16.38|18.23|3.11|2.97|1.49|1.23|1166.5|253.44|236.81|16.12|
|沪电股份|002463.SZ|2022-12-07|235.38|235.25|22.13|19.62|3.01|3.01|16.69|18.57|3.17|3.03|1.47|1.21|1188.53|257.8|241.17|16.42|
|沪电股份|002463.SZ|2022-12-06|238.03|237.91|22.38|19.84|3.05|3.05|16.88|18.78|3.21|3.06|1.45|1.2|1201.94|260.45|243.83|16.6|
|沪电股份|002463.SZ|2022-12-05|234.81|234.68|22.08|19.58|3.01|3.01|16.65|18.53|3.17|3.02|1.47|1.21|1185.65|257.23|240.61|16.38|
|沪电股份|002463.SZ|2022-12-02|236.7|236.58|22.26|19.73|3.03|3.03|16.78|18.68|3.19|3.05|1.46|1.2|1195.23|259.13|242.5|16.51|
|沪电股份|002463.SZ|2022-12-01|241.63|241.51|22.72|20.14|3.09|3.09|17.13|19.07|3.26|3.11|1.43|1.18|1220.13|264.06|247.43|16.84|
|沪电股份|002463.SZ|2022-11-30|240.5|240.37|22.61|20.05|3.08|3.08|17.05|18.98|3.24|3.09|1.43|1.18|1214.39|262.92|246.3|16.76|
|沪电股份|002463.SZ|2022-11-29|241.44|241.32|22.7|20.13|3.09|3.09|17.12|19.05|3.25|3.11|1.43|1.18|1219.17|263.87|247.24|16.83|
|沪电股份|002463.SZ|2022-11-28|238.79|238.66|22.45|19.91|3.06|3.06|16.93|18.84|3.22|3.07|1.44|1.19|1205.77|261.21|244.59|16.65|
|沪电股份|002463.SZ|2022-11-25|238.79|238.66|22.45|19.91|3.06|3.06|16.93|18.84|3.22|3.07|1.44|1.19|1205.77|261.21|244.59|16.65|
|沪电股份|002463.SZ|2022-11-24|240.88|240.75|22.65|20.08|3.08|3.08|17.08|19.01|3.25|3.1|1.43|1.18|1216.3|263.3|246.68|16.79|
|沪电股份|002463.SZ|2022-11-23|243.53|243.4|22.9|20.3|3.12|3.12|17.27|19.22|3.28|3.13|1.42|1.17|1229.71|265.95|249.33|16.97|
|沪电股份|002463.SZ|2022-11-22|243.53|243.4|22.9|20.3|3.12|3.12|17.27|19.22|3.28|3.13|1.42|1.17|1229.71|265.95|249.33|16.97|
|沪电股份|002463.SZ|2022-11-21|248.27|248.14|23.34|20.7|3.18|3.18|17.6|19.59|3.35|3.19|1.39|1.15|1253.65|270.7|254.07|17.29|
|沪电股份|002463.SZ|2022-11-18|252.63|252.5|23.75|21.06|3.23|3.23|17.91|19.94|3.41|3.25|1.37|1.13|1275.68|275.06|258.43|17.59|
|沪电股份|002463.SZ|2022-11-17|246|245.87|23.13|20.51|3.15|3.15|17.44|19.41|3.32|3.17|1.4|1.16|1242.16|268.42|251.8|17.14|
|沪电股份|002463.SZ|2022-11-16|243.72|243.59|22.92|20.32|3.12|3.12|17.28|19.23|3.29|3.14|1.42|1.17|1230.67|266.14|249.52|16.98|
|沪电股份|002463.SZ|2022-11-15|248.46|248.33|23.36|20.71|3.18|3.18|17.62|19.61|3.35|3.2|1.39|1.15|1254.61|270.89|254.26|17.31|
|沪电股份|002463.SZ|2022-11-14|233.86|233.73|21.99|19.5|2.99|2.99|16.58|18.45|3.15|3.01|1.47|1.22|1180.87|256.28|239.66|16.31|
|沪电股份|002463.SZ|2022-11-11|235.75|235.63|22.17|19.65|3.02|3.02|16.72|18.6|3.18|3.03|1.46|1.21|1190.44|258.18|241.55|16.44|
|沪电股份|002463.SZ|2022-11-10|231.2|231.08|21.74|19.28|2.96|2.96|16.39|18.25|3.12|2.98|1.49|1.23|1167.46|253.63|237|16.13|
|沪电股份|002463.SZ|2022-11-09|237.27|237.15|22.31|19.78|3.04|3.04|16.82|18.72|3.2|3.05|1.45|1.2|1198.1|259.7|243.07|16.54|
|沪电股份|002463.SZ|2022-11-08|239.55|239.42|22.52|19.97|3.07|3.07|16.98|18.9|3.23|3.08|1.44|1.19|1209.6|261.97|245.35|16.7|
|沪电股份|002463.SZ|2022-11-07|243.72|243.59|22.92|20.32|3.12|3.12|17.28|19.23|3.29|3.14|1.42|1.17|1230.67|266.14|249.52|16.98|
|沪电股份|002463.SZ|2022-11-04|243.34|243.21|22.88|20.29|3.12|3.12|17.25|19.2|3.28|3.13|1.42|1.17|1228.75|265.76|249.14|16.96|
|沪电股份|002463.SZ|2022-11-03|231.39|231.27|21.76|19.29|2.96|2.96|16.41|18.26|3.12|2.98|1.49|1.23|1168.42|253.82|237.19|16.14|
|沪电股份|002463.SZ|2022-11-02|210.34|210.23|19.78|17.54|2.69|2.69|14.91|16.6|2.84|2.71|1.64|1.35|1062.11|232.76|216.14|14.71|
|沪电股份|002463.SZ|2022-11-01|209.77|209.66|19.72|17.49|2.69|2.69|14.87|16.55|2.83|2.7|1.64|1.36|1059.24|232.19|215.57|14.67|
|沪电股份|002463.SZ|2022-10-31|206.55|206.44|19.42|17.22|2.64|2.64|14.64|16.3|2.78|2.66|1.67|1.38|1042.95|228.97|212.35|14.45|
|沪电股份|002463.SZ|2022-10-28|201.24|201.13|18.92|16.78|2.58|2.58|14.27|15.88|2.71|2.59|1.71|1.41|1016.14|223.66|207.03|14.09|
|沪电股份|002463.SZ|2022-10-27|208.82|208.71|19.64|17.41|2.67|2.67|14.81|16.48|2.81|2.69|1.65|1.36|1054.45|231.25|214.62|14.61|
|沪电股份|002463.SZ|2022-10-26|213.18|213.07|20.05|17.77|2.73|2.73|15.11|16.82|2.87|2.74|1.62|1.33|1076.47|235.61|218.98|14.9|
|沪电股份|002463.SZ|2022-10-25|207.49|207.39|19.51|17.3|2.66|2.66|14.71|16.37|2.8|2.67|1.66|1.37|1047.74|229.92|213.29|14.52|
|沪电股份|002463.SZ|2022-10-24|198.77|198.67|18.69|17.79|2.67|2.67|14.09|14.84|2.68|2.61|1.74|1.43|294.9|218.67|202.83|13.81|
|沪电股份|002463.SZ|2022-10-21|201.8|201.7|18.98|18.07|2.72|2.72|14.31|15.06|2.72|2.65|1.71|1.41|299.4|221.7|205.87|14.01|
|沪电股份|002463.SZ|2022-10-20|203.51|203.4|19.14|18.22|2.74|2.74|14.43|15.19|2.74|2.67|1.69|1.4|301.94|223.41|207.58|14.13|
|沪电股份|002463.SZ|2022-10-19|201.43|201.32|18.94|18.03|2.71|2.71|14.28|15.03|2.72|2.65|1.71|1.41|298.84|221.32|205.49|13.99|
|沪电股份|002463.SZ|2022-10-18|202.37|202.27|19.03|18.12|2.72|2.72|14.35|15.11|2.73|2.66|1.7|1.41|300.25|222.27|206.44|14.05|
|沪电股份|002463.SZ|2022-10-17|202.75|202.65|19.06|18.15|2.73|2.73|14.38|15.13|2.73|2.66|1.7|1.4|300.81|222.65|206.82|14.08|
|沪电股份|002463.SZ|2022-10-14|196.68|196.58|18.49|17.61|2.65|2.65|13.94|14.68|2.65|2.58|1.75|1.45|291.81|216.58|200.75|13.66|
|沪电股份|002463.SZ|2022-10-13|192.51|192.41|18.1|17.23|2.59|2.59|13.65|14.37|2.59|2.53|1.79|1.48|285.62|212.41|196.58|13.38|
|沪电股份|002463.SZ|2022-10-12|191.37|191.27|17.99|17.13|2.58|2.58|13.57|14.28|2.58|2.51|1.8|1.49|283.93|211.27|195.44|13.3|
|沪电股份|002463.SZ|2022-10-11|181.13|181.04|17.03|16.21|2.44|2.44|12.84|13.52|2.44|2.38|1.9|1.57|268.73|201.03|185.2|12.61|
|沪电股份|002463.SZ|2022-10-10|181.51|181.41|17.07|16.25|2.44|2.44|12.87|13.55|2.45|2.38|1.9|1.57|269.3|201.41|185.57|12.63|
|沪电股份|002463.SZ|2022-09-30|188.91|188.81|17.76|16.91|2.54|2.54|13.39|14.1|2.55|2.48|1.83|1.51|280.27|208.8|192.97|13.13|
|沪电股份|002463.SZ|2022-09-29|191.37|191.27|17.99|17.13|2.58|2.58|13.57|14.28|2.58|2.51|1.8|1.49|283.93|211.27|195.44|13.3|
|沪电股份|002463.SZ|2022-09-28|191.18|191.08|17.98|17.11|2.57|2.57|13.55|14.27|2.58|2.51|1.8|1.49|283.65|211.08|195.25|13.29|
|沪电股份|002463.SZ|2022-09-27|198.01|197.91|18.62|17.73|2.66|2.66|14.04|14.78|2.67|2.6|1.74|1.44|293.78|217.91|202.08|13.75|
|沪电股份|002463.SZ|2022-09-26|195.17|195.06|18.35|17.47|2.63|2.63|13.84|14.57|2.63|2.56|1.77|1.46|289.56|215.06|199.23|13.56|
|沪电股份|002463.SZ|2022-09-23|199.72|199.61|18.78|17.88|2.69|2.69|14.16|14.91|2.69|2.62|1.73|1.42|296.31|219.61|203.78|13.87|
|沪电股份|002463.SZ|2022-09-22|204.27|204.16|19.21|18.29|2.75|2.75|14.48|15.25|2.75|2.68|1.69|1.39|303.06|224.17|208.33|14.18|
|沪电股份|002463.SZ|2022-09-21|205.22|205.11|19.3|18.37|2.76|2.76|14.55|15.32|2.77|2.7|1.68|1.39|304.47|225.11|209.28|14.24|
|沪电股份|002463.SZ|2022-09-20|202.94|202.84|19.08|18.17|2.73|2.73|14.39|15.15|2.74|2.67|1.7|1.4|301.09|222.84|207.01|14.09|
|沪电股份|002463.SZ|2022-09-19|203.13|203.03|19.1|18.18|2.73|2.73|14.4|15.16|2.74|2.67|1.7|1.4|301.37|223.03|207.2|14.1|
|沪电股份|002463.SZ|2022-09-16|207.68|207.57|19.53|18.59|2.79|2.79|14.72|15.5|2.8|2.73|1.66|1.37|308.13|227.58|211.75|14.41|
|沪电股份|002463.SZ|2022-09-15|214.32|214.21|20.15|19.19|2.88|2.88|15.2|16|2.89|2.82|1.61|1.33|317.98|234.22|218.39|14.86|
|沪电股份|002463.SZ|2022-09-14|225.51|225.39|21.2|20.19|3.03|3.03|15.99|16.83|3.04|2.96|1.53|1.26|334.58|245.41|229.58|15.63|
|沪电股份|002463.SZ|2022-09-13|228.36|228.24|21.47|20.44|3.07|3.07|16.19|17.04|3.08|3|1.51|1.25|338.8|248.25|232.42|15.82|
|沪电股份|002463.SZ|2022-09-09|227.79|227.67|21.42|20.39|3.06|3.06|16.15|17|3.07|2.99|1.51|1.25|337.96|247.69|231.85|15.78|
|沪电股份|002463.SZ|2022-09-08|228.36|228.24|21.47|20.44|3.07|3.07|16.19|17.04|3.08|3|1.51|1.25|338.8|248.25|232.42|15.82|
|沪电股份|002463.SZ|2022-09-07|233.67|233.55|21.97|20.92|3.14|3.14|16.57|17.44|3.15|3.07|1.48|1.22|346.68|253.56|237.73|16.18|
|沪电股份|002463.SZ|2022-09-06|233.29|233.17|21.94|20.88|3.14|3.14|16.54|17.41|3.14|3.06|1.48|1.22|346.12|253.19|237.35|16.16|
|沪电股份|002463.SZ|2022-09-05|225.89|225.77|21.24|20.22|3.04|3.04|16.02|16.86|3.04|2.97|1.53|1.26|335.14|245.79|229.96|15.65|
|沪电股份|002463.SZ|2022-09-02|227.03|226.91|21.35|20.32|3.05|3.05|16.1|16.95|3.06|2.98|1.52|1.25|336.83|246.93|231.09|15.73|
|沪电股份|002463.SZ|2022-09-01|223.62|223.5|21.03|20.02|3.01|3.01|15.85|16.69|3.01|2.94|1.54|1.27|331.77|243.51|227.68|15.5|
|沪电股份|002463.SZ|2022-08-31|226.84|226.72|21.33|20.31|3.05|3.05|16.08|16.93|3.06|2.98|1.52|1.25|336.55|246.74|230.9|15.72|
|沪电股份|002463.SZ|2022-08-30|229.12|229|21.54|20.51|3.08|3.08|16.24|17.1|3.09|3.01|1.51|1.24|339.93|249.01|233.18|15.87|
|沪电股份|002463.SZ|2022-08-29|232.72|232.6|21.88|20.83|3.13|3.13|16.5|17.37|3.14|3.06|1.48|1.22|345.27|252.62|236.78|16.12|
|沪电股份|002463.SZ|2022-08-26|235.75|235.63|22.17|21.1|3.17|3.17|16.72|17.6|3.18|3.1|1.46|1.21|349.77|255.65|239.82|16.32|
|沪电股份|002463.SZ|2022-08-25|233.29|233.17|21.94|20.88|3.14|3.14|16.54|17.41|3.14|3.06|1.48|1.22|346.12|253.19|237.35|16.16|
|沪电股份|002463.SZ|2022-08-24|234.05|233.92|22.01|20.95|3.15|3.15|16.59|17.47|3.15|3.07|1.47|1.22|347.24|253.94|238.11|16.21|
|沪电股份|002463.SZ|2022-08-23|246.57|246.44|23.18|22.57|3.31|3.44|17.48|18.57|3.32|3.25|1.4|1.15|156.22|264.39|250.66|17.06|
|沪电股份|002463.SZ|2022-08-22|253.2|253.07|23.81|23.18|3.39|3.53|17.95|19.07|3.41|3.34|1.36|1.12|160.43|271.03|257.3|17.51|
|沪电股份|002463.SZ|2022-08-19|252.26|252.12|23.72|23.09|3.38|3.52|17.89|19|3.4|3.32|1.37|1.13|159.83|270.08|256.35|17.45|
|沪电股份|002463.SZ|2022-08-18|248.08|247.95|23.33|22.71|3.33|3.46|17.59|18.69|3.34|3.27|1.39|1.15|157.18|265.91|252.18|17.16|
|沪电股份|002463.SZ|2022-08-17|250.36|250.23|23.54|22.92|3.36|3.49|17.75|18.86|3.37|3.3|1.38|1.14|158.62|268.18|254.45|17.32|
|沪电股份|002463.SZ|2022-08-16|247.89|247.76|23.31|22.69|3.32|3.45|17.58|18.67|3.34|3.27|1.39|1.15|157.06|265.72|251.99|17.15|
|沪电股份|002463.SZ|2022-08-15|249.6|249.47|23.47|22.85|3.35|3.48|17.7|18.8|3.36|3.29|1.38|1.14|158.14|267.42|253.69|17.27|
|沪电股份|002463.SZ|2022-08-12|248.84|248.71|23.4|22.78|3.34|3.47|17.64|18.75|3.35|3.28|1.39|1.14|157.66|266.67|252.94|17.22|
|沪电股份|002463.SZ|2022-08-11|253.01|252.88|23.79|23.16|3.39|3.53|17.94|19.06|3.41|3.33|1.36|1.12|160.31|270.84|257.11|17.5|
|沪电股份|002463.SZ|2022-08-10|246|245.87|23.13|22.52|3.3|3.43|17.44|18.53|3.32|3.24|1.4|1.16|155.86|263.82|250.09|17.02|
|沪电股份|002463.SZ|2022-08-09|252.26|252.12|23.72|23.09|3.38|3.52|17.89|19|3.4|3.32|1.37|1.13|159.83|270.08|256.35|17.45|
|沪电股份|002463.SZ|2022-08-08|255.1|254.97|23.99|23.35|3.42|3.56|18.09|19.22|3.44|3.36|1.35|1.12|161.63|272.92|259.19|17.64|
|沪电股份|002463.SZ|2022-08-05|253.58|253.45|23.84|23.22|3.4|3.53|17.98|19.1|3.42|3.34|1.36|1.12|160.67|271.41|257.68|17.54|
|沪电股份|002463.SZ|2022-08-04|240.88|240.75|22.65|22.05|3.23|3.36|17.08|18.15|3.25|3.17|1.43|1.18|152.62|258.7|244.97|16.67|
|沪电股份|002463.SZ|2022-08-03|240.69|240.56|22.63|22.03|3.23|3.35|17.06|18.13|3.24|3.17|1.43|1.18|152.5|258.51|244.78|16.66|
|沪电股份|002463.SZ|2022-08-02|245.81|245.68|23.11|22.5|3.3|3.43|17.43|18.52|3.31|3.24|1.4|1.16|155.74|263.63|249.9|17.01|
|沪电股份|002463.SZ|2022-08-01|245.62|245.49|23.1|22.49|3.29|3.42|17.41|18.5|3.31|3.24|1.4|1.16|155.62|263.44|249.71|17|
|沪电股份|002463.SZ|2022-07-29|229.5|229.37|21.58|21.01|3.08|3.2|16.27|17.29|3.09|3.02|1.5|1.24|145.41|247.32|233.59|15.9|
|沪电股份|002463.SZ|2022-07-28|241.44|241.32|22.7|22.1|3.24|3.36|17.12|18.19|3.25|3.18|1.43|1.18|152.98|259.27|245.54|16.71|
|沪电股份|002463.SZ|2022-07-27|221.53|221.41|20.83|20.28|2.97|3.09|15.71|16.69|2.99|2.92|1.56|1.28|140.36|239.35|225.62|15.36|
|沪电股份|002463.SZ|2022-07-26|225.7|225.58|21.22|20.66|3.03|3.15|16|17|3.04|2.97|1.53|1.26|143|243.53|229.8|15.64|
|沪电股份|002463.SZ|2022-07-25|227.41|227.29|21.38|20.82|3.05|3.17|16.12|17.13|3.07|3|1.52|1.25|144.08|245.23|231.5|15.76|
|沪电股份|002463.SZ|2022-07-22|249.98|249.85|23.51|22.89|3.35|3.48|17.72|18.83|3.37|3.29|1.38|1.14|158.38|267.8|254.07|17.29|
|沪电股份|002463.SZ|2022-07-21|254.34|254.21|23.92|23.29|3.41|3.54|18.03|19.16|3.43|3.35|1.36|1.12|161.15|272.17|258.44|17.59|
|沪电股份|002463.SZ|2022-07-20|254.91|254.78|23.97|23.34|3.42|3.55|18.07|19.2|3.44|3.36|1.35|1.12|161.51|272.74|259|17.63|
|沪电股份|002463.SZ|2022-07-19|255.86|255.72|24.06|23.42|3.43|3.57|18.14|19.27|3.45|3.37|1.35|1.11|162.11|273.68|259.95|17.69|
|沪电股份|002463.SZ|2022-07-18|244.48|244.35|22.99|22.38|3.28|3.41|17.33|18.42|3.3|3.22|1.41|1.16|154.9|262.3|248.57|16.92|
|沪电股份|002463.SZ|2022-07-15|241.44|241.32|22.7|22.1|3.24|3.36|17.12|18.19|3.25|3.18|1.43|1.18|152.98|259.27|245.54|16.71|
|沪电股份|002463.SZ|2022-07-14|240.12|239.99|22.58|21.98|3.22|3.35|17.02|18.09|3.24|3.16|1.44|1.18|152.14|257.94|244.21|16.62|
|沪电股份|002463.SZ|2022-07-13|237.46|237.34|22.33|21.74|3.18|3.31|16.84|17.89|3.2|3.13|1.45|1.2|150.45|255.29|241.56|16.44|
|沪电股份|002463.SZ|2022-07-12|241.07|240.94|22.67|22.07|3.23|3.36|17.09|18.16|3.25|3.18|1.43|1.18|152.74|258.89|245.16|16.69|
|沪电股份|002463.SZ|2022-07-11|244.86|244.73|23.02|22.42|3.28|3.41|17.36|18.45|3.3|3.23|1.41|1.16|155.14|262.68|248.95|16.94|
|沪电股份|002463.SZ|2022-07-08|250.93|250.8|23.59|22.97|3.36|3.5|17.79|18.9|3.38|3.31|1.37|1.13|158.98|268.75|255.02|17.36|
|沪电股份|002463.SZ|2022-07-07|253.01|252.88|23.79|23.16|3.39|3.53|17.94|19.06|3.41|3.33|1.36|1.12|160.31|270.84|257.11|17.5|
|沪电股份|002463.SZ|2022-07-06|256.24|256.1|24.09|23.46|3.43|3.57|18.17|19.3|3.45|3.38|1.35|1.11|162.35|274.06|260.33|17.72|
|沪电股份|002463.SZ|2022-07-05|251.12|250.99|23.61|22.99|3.37|3.5|17.8|18.92|3.38|3.31|1.37|1.13|159.11|268.94|255.21|17.37|
|沪电股份|002463.SZ|2022-07-04|271.41|271.27|25.52|24.85|3.64|3.78|19.24|20.45|3.66|3.58|1.27|1.05|171.96|289.24|275.51|18.75|
|沪电股份|002463.SZ|2022-07-01|278.24|278.09|26.16|25.47|3.73|3.88|19.73|20.96|3.75|3.67|1.24|1.02|176.29|296.06|282.33|19.22|
|沪电股份|002463.SZ|2022-06-30|279.95|279.8|26.32|25.63|3.75|3.9|19.85|21.09|3.77|3.69|1.23|1.02|177.37|297.77|284.04|19.33|
|沪电股份|002463.SZ|2022-06-29|279.76|279.61|26.31|25.61|3.75|3.9|19.83|21.07|3.77|3.69|1.23|1.02|177.25|297.58|283.85|19.32|
|沪电股份|002463.SZ|2022-06-28|288.1|287.95|27.09|26.38|3.86|4.02|20.43|21.7|3.88|3.8|1.2|0.99|182.54|305.93|292.2|19.89|
|沪电股份|002463.SZ|2022-06-27|288.86|288.71|27.16|26.45|3.87|4.03|20.48|21.76|3.89|3.81|1.19|0.98|183.02|306.69|292.95|19.94|
|沪电股份|002463.SZ|2022-06-24|301.38|301.22|28.34|27.59|4.04|4.2|21.37|22.7|4.06|3.97|1.14|0.94|190.95|319.2|305.47|20.79|
|沪电股份|002463.SZ|2022-06-23|305.93|305.77|28.77|28.01|4.1|4.26|21.69|23.05|4.12|4.03|1.13|0.93|193.83|323.76|310.02|21.1|
|沪电股份|002463.SZ|2022-06-22|286.59|286.43|26.95|26.24|3.84|3.99|20.32|21.59|3.86|3.78|1.2|0.99|181.58|304.41|290.68|19.78|
|沪电股份|002463.SZ|2022-06-21|296.45|296.29|27.87|27.14|3.97|4.13|21.02|22.33|4|3.91|1.16|0.96|187.83|314.27|300.54|20.46|
|沪电股份|002463.SZ|2022-06-20|292.28|292.12|27.48|26.76|3.92|4.07|20.72|22.02|3.94|3.85|1.18|0.97|185.18|310.1|296.37|20.17|
|沪电股份|002463.SZ|2022-06-17|312|311.84|29.34|28.56|4.18|4.35|22.12|23.5|4.21|4.11|1.11|0.91|197.68|329.82|316.09|21.51|
|沪电股份|002463.SZ|2022-06-16|308.4|308.23|29|28.23|4.13|4.3|21.87|23.23|4.16|4.06|1.12|0.92|195.4|326.22|312.49|21.27|
|沪电股份|002463.SZ|2022-06-15|309.35|309.18|29.09|28.32|4.15|4.31|21.93|23.3|4.17|4.08|1.11|0.92|196|327.17|313.44|21.33|
|沪电股份|002463.SZ|2022-06-14|322.43|322.26|30.32|29.52|4.32|4.49|22.86|24.29|4.35|4.25|1.07|0.88|204.29|340.26|326.53|22.22|
|沪电股份|002463.SZ|2022-06-13|321.48|321.31|30.23|29.43|4.31|4.48|22.79|24.22|4.33|4.24|1.07|0.89|203.69|339.31|325.58|22.16|
|沪电股份|002463.SZ|2022-06-10|320.72|320.56|30.16|29.36|4.3|4.47|22.74|24.16|4.32|4.23|1.08|0.89|203.21|338.55|324.82|22.11|
|沪电股份|002463.SZ|2022-06-09|306.88|306.72|28.86|28.09|4.11|4.28|21.76|23.12|4.14|4.04|1.12|0.93|194.44|324.7|310.97|21.17|
|沪电股份|002463.SZ|2022-06-08|304.22|304.06|28.61|27.85|4.08|4.24|21.57|22.92|4.1|4.01|1.13|0.94|192.75|322.05|308.32|20.99|
|沪电股份|002463.SZ|2022-06-07|308.59|308.42|29.02|28.25|4.14|4.3|21.88|23.25|4.16|4.07|1.12|0.92|195.52|326.41|312.68|21.28|
|沪电股份|002463.SZ|2022-06-06|306.88|306.72|28.86|28.09|4.11|4.28|21.76|23.12|4.14|4.04|1.12|0.93|194.44|324.7|310.97|21.17|
|沪电股份|002463.SZ|2022-06-02|301.57|301.41|28.36|27.61|4.04|4.2|21.38|22.72|4.07|3.97|1.14|0.94|191.07|319.39|305.66|20.8|
|沪电股份|002463.SZ|2022-06-01|303.09|302.93|28.5|27.75|4.06|4.22|21.49|22.83|4.09|3.99|1.14|0.94|192.03|320.91|307.18|20.91|
|沪电股份|002463.SZ|2022-05-31|298.34|298.19|28.05|27.31|4|4.16|21.15|22.47|4.02|3.93|1.16|0.95|189.03|316.17|302.44|20.59|
|沪电股份|002463.SZ|2022-05-30|299.67|299.51|28.18|27.44|4.02|4.18|21.25|22.57|4.04|3.95|1.15|0.95|189.87|317.5|303.77|20.68|
|沪电股份|002463.SZ|2022-05-27|277.1|276.96|26.06|25.37|3.71|3.86|19.65|20.87|3.74|3.65|1.24|1.03|175.57|294.93|281.2|19.14|
|沪电股份|002463.SZ|2022-05-26|283.74|283.59|26.68|25.98|3.8|3.95|20.12|21.37|3.82|3.74|1.22|1|179.77|301.56|287.83|19.59|
|沪电股份|002463.SZ|2022-05-25|273.69|273.54|25.73|25.06|3.67|3.81|19.4|20.62|3.69|3.61|1.26|1.04|173.41|291.51|277.78|18.91|
|沪电股份|002463.SZ|2022-05-24|269.52|269.37|25.34|24.67|3.61|3.76|19.11|20.3|3.63|3.55|1.28|1.06|170.76|287.34|273.61|18.62|
|沪电股份|002463.SZ|2022-05-23|273.69|273.54|25.73|25.06|3.67|3.81|19.4|20.62|3.69|3.61|1.26|1.04|173.41|291.51|277.78|18.91|
|沪电股份|002463.SZ|2022-05-20|269.14|268.99|25.31|24.64|3.61|3.75|19.08|20.27|3.63|3.55|1.28|1.06|170.52|286.96|273.23|18.6|
|沪电股份|002463.SZ|2022-05-19|275.96|275.82|25.95|25.26|3.7|3.85|19.57|20.79|3.72|3.64|1.25|1.03|174.85|293.79|280.06|19.06|
|沪电股份|002463.SZ|2022-05-18|274.07|273.92|25.77|25.09|3.67|3.82|19.43|20.65|3.69|3.61|1.26|1.04|173.65|291.89|278.16|18.93|
|沪电股份|002463.SZ|2022-05-17|280.71|280.56|26.39|25.7|3.76|3.91|19.9|21.15|3.78|3.7|1.23|1.01|177.85|298.53|284.8|19.38|
|沪电股份|002463.SZ|2022-05-16|275.39|275.25|25.9|25.21|3.69|3.84|19.53|20.75|3.71|3.63|1.25|1.03|174.49|293.22|279.49|19.02|
|沪电股份|002463.SZ|2022-05-13|276.91|276.77|26.04|25.35|3.71|3.86|19.63|20.86|3.73|3.65|1.25|1.03|175.45|294.74|281.01|19.13|
|沪电股份|002463.SZ|2022-05-12|263.26|263.12|24.75|24.1|3.53|3.53|18.66|19.83|3.55|3.47|1.31|1.31|166.8|281.08|267.35|18.2|
|沪电股份|002463.SZ|2022-05-11|267.62|267.48|25.16|24.5|3.59|3.59|18.97|20.16|3.61|3.53|1.29|1.29|169.56|285.44|271.71|18.49|
|沪电股份|002463.SZ|2022-05-10|264.58|264.44|24.88|24.22|3.55|3.55|18.76|19.93|3.57|3.49|1.3|1.3|167.64|282.41|268.68|18.29|
|沪电股份|002463.SZ|2022-05-09|257.19|257.05|24.18|23.55|3.45|3.45|18.23|19.37|3.47|3.39|1.34|1.34|162.95|275.01|261.28|17.78|
|沪电股份|002463.SZ|2022-05-06|249.79|249.66|23.49|22.87|3.35|3.35|17.71|18.82|3.37|3.29|1.38|1.38|158.26|267.61|253.88|17.28|
|沪电股份|002463.SZ|2022-05-05|255.86|255.72|24.06|23.42|3.43|3.43|18.14|19.27|3.45|3.37|1.35|1.35|162.11|273.68|259.95|17.69|
|沪电股份|002463.SZ|2022-04-29|246.57|246.44|23.18|22.57|3.31|3.31|17.48|18.57|3.32|3.25|1.4|1.4|156.22|264.39|250.66|17.06|
|沪电股份|002463.SZ|2022-04-28|229.31|229.19|21.56|20.99|3.07|3.07|16.26|17.27|3.09|3.02|1.5|1.5|145.29|247.13|233.4|15.89|
|沪电股份|002463.SZ|2022-04-27|234.81|234.68|22.08|21.5|3.15|3.15|16.65|17.69|3.17|3.09|1.47|1.47|148.77|252.63|238.9|16.26|
|沪电股份|002463.SZ|2022-04-26|215.84|215.73|20.3|19.76|2.89|2.89|15.3|16.26|2.91|2.84|1.6|1.6|136.75|233.66|219.93|14.97|
|沪电股份|002463.SZ|2022-04-25|211.48|211.37|19.89|19.89|2.92|2.92|14.99|14.99|2.85|2.85|1.63|1.63|104.06|227.25|215.34|14.66|
|沪电股份|002463.SZ|2022-04-22|232.91|232.79|21.9|21.9|3.22|3.22|16.51|16.51|3.14|3.14|1.48|1.48|114.6|248.69|236.77|16.12|
|沪电股份|002463.SZ|2022-04-21|227.79|227.67|21.42|21.42|3.15|3.15|16.15|16.15|3.07|3.07|1.51|1.51|112.08|243.56|231.65|15.77|
|沪电股份|002463.SZ|2022-04-20|236.89|236.77|22.27|22.27|3.27|3.27|16.8|16.8|3.19|3.19|1.46|1.46|116.56|252.67|240.76|16.39|
|沪电股份|002463.SZ|2022-04-19|232.34|232.22|21.85|21.85|3.21|3.21|16.47|16.47|3.13|3.13|1.48|1.48|114.32|248.12|236.2|16.08|
|沪电股份|002463.SZ|2022-04-18|243.72|243.59|22.92|22.92|3.37|3.37|17.28|17.28|3.29|3.29|1.42|1.42|119.92|259.5|247.58|16.85|
|沪电股份|002463.SZ|2022-04-15|221.53|221.41|20.83|20.83|3.06|3.06|15.71|15.71|2.99|2.99|1.56|1.56|109|237.31|225.39|15.34|
|沪电股份|002463.SZ|2022-04-14|212.99|212.88|20.03|20.03|2.94|2.94|15.1|15.1|2.87|2.87|1.62|1.62|104.81|228.77|216.86|14.76|
|沪电股份|002463.SZ|2022-04-13|205.41|205.3|19.31|19.31|2.84|2.84|14.56|14.56|2.77|2.77|1.68|1.68|101.07|221.18|209.27|14.24|
|沪电股份|002463.SZ|2022-04-12|214.32|214.21|20.15|20.15|2.96|2.96|15.2|15.2|2.89|2.89|1.61|1.61|105.46|230.1|218.19|14.85|
|沪电股份|002463.SZ|2022-04-11|216.41|216.29|20.35|20.35|2.99|2.99|15.34|15.34|2.92|2.92|1.59|1.59|106.49|232.18|220.27|14.99|
|沪电股份|002463.SZ|2022-04-08|231.96|231.84|21.81|21.81|3.21|3.21|16.45|16.45|3.13|3.13|1.49|1.49|114.14|247.74|235.83|16.05|
|沪电股份|002463.SZ|2022-04-07|232.53|232.41|21.86|21.86|3.21|3.21|16.49|16.49|3.13|3.13|1.48|1.48|114.42|248.31|236.39|16.09|
|沪电股份|002463.SZ|2022-04-06|242.39|242.27|22.79|22.79|3.35|3.35|17.19|17.19|3.27|3.27|1.42|1.42|119.27|258.17|246.26|16.76|
|沪电股份|002463.SZ|2022-04-01|251.88|251.74|23.68|23.68|3.48|3.48|17.86|17.86|3.4|3.4|1.37|1.37|123.94|267.65|255.74|17.41|
|沪电股份|002463.SZ|2022-03-31|251.12|250.99|23.61|23.61|3.47|3.47|17.8|17.8|3.38|3.38|1.37|1.37|123.56|266.89|254.98|17.36|
|沪电股份|002463.SZ|2022-03-30|254.72|254.59|23.95|23.95|3.52|3.52|18.06|18.06|3.43|3.43|1.35|1.35|125.34|270.5|258.59|17.6|
|沪电股份|002463.SZ|2022-03-29|249.98|249.85|23.51|23.51|3.46|3.46|17.72|17.72|3.37|3.37|1.38|1.38|123|265.76|253.84|17.28|
|沪电股份|002463.SZ|2022-03-28|254.53|254.4|23.93|23.93|3.52|3.52|18.05|18.05|3.43|3.43|1.35|1.35|125.24|270.31|258.4|17.59|
|沪电股份|002463.SZ|2022-03-25|257.38|257.24|24.2|24.2|3.56|3.56|18.25|18.25|3.47|3.47|1.34|1.34|126.64|273.15|261.24|17.78|
|沪电股份|002463.SZ|2022-03-24|259.65|259.52|24.41|24.41|3.59|3.59|18.41|18.41|3.5|3.5|1.33|1.33|127.76|275.43|263.52|17.94|
|沪电股份|002463.SZ|2022-03-23|267.05|266.91|25.11|25.11|3.69|3.69|18.93|18.93|3.6|3.6|1.29|1.29|131.4|282.82|270.91|18.44|
|沪电股份|002463.SZ|2022-03-22|267.62|267.48|19.93|25.16|3.89|3.7|17.1|19.12|3.59|3.61|1.29|1.29|131.68|282.76|270.41|15.37|
|沪电股份|002463.SZ|2022-03-21|264.96|264.82|19.73|24.91|3.85|3.66|16.93|18.93|3.55|3.57|1.3|1.3|130.38|280.1|267.75|15.22|
|沪电股份|002463.SZ|2022-03-18|248.27|248.14|18.49|23.34|3.61|3.43|15.86|17.74|3.33|3.35|1.39|1.39|122.16|263.41|251.06|14.27|
|沪电股份|002463.SZ|2022-03-17|253.96|253.83|18.91|23.88|3.69|3.51|16.22|18.15|3.4|3.42|1.36|1.36|124.96|269.1|256.75|14.59|
|沪电股份|002463.SZ|2022-03-16|247.51|247.38|18.43|23.27|3.6|3.42|15.81|17.69|3.32|3.34|1.39|1.39|121.79|262.65|250.3|14.23|
|沪电股份|002463.SZ|2022-03-15|251.5|251.36|18.73|23.65|3.65|3.48|16.07|17.97|3.37|3.39|1.37|1.37|123.75|266.63|254.28|14.45|
|沪电股份|002463.SZ|2022-03-14|266.1|265.96|19.82|25.02|3.87|3.68|17|19.01|3.57|3.59|1.3|1.3|130.94|281.24|268.89|15.28|
|沪电股份|002463.SZ|2022-03-11|286.96|286.81|21.37|26.98|4.17|3.97|18.33|20.51|3.85|3.87|1.2|1.2|141.2|302.1|289.75|16.47|
|沪电股份|002463.SZ|2022-03-10|293.03|292.88|21.82|27.55|4.26|4.05|18.72|20.94|3.93|3.95|1.18|1.18|144.19|308.17|295.82|16.82|
|沪电股份|002463.SZ|2022-03-09|292.09|291.93|21.75|27.46|4.24|4.04|18.66|20.87|3.92|3.94|1.18|1.18|143.72|307.22|294.87|16.76|
|沪电股份|002463.SZ|2022-03-08|288.48|288.33|21.48|27.13|4.19|3.99|18.43|20.61|3.87|3.89|1.2|1.2|141.95|303.62|291.27|16.56|
|沪电股份|002463.SZ|2022-03-07|290.19|290.04|21.61|27.29|4.22|4.01|18.54|20.74|3.89|3.91|1.19|1.19|142.79|305.33|292.98|16.65|
|沪电股份|002463.SZ|2022-03-04|306.31|306.15|22.81|28.8|4.45|4.23|19.57|21.89|4.11|4.13|1.13|1.13|150.72|321.45|309.1|17.57|
|沪电股份|002463.SZ|2022-03-03|303.47|303.31|22.6|28.53|4.41|4.19|19.39|21.68|4.07|4.09|1.14|1.14|149.32|318.6|306.25|17.41|
|沪电股份|002463.SZ|2022-03-02|326.41|326.24|24.31|30.69|4.74|4.51|20.85|23.32|4.38|4.4|1.06|1.06|160.61|341.55|329.2|18.71|
|沪电股份|002463.SZ|2022-03-01|333.81|333.64|24.86|31.39|4.85|4.61|21.32|23.85|4.47|4.5|1.03|1.03|164.25|348.95|336.6|19.13|
|沪电股份|002463.SZ|2022-02-28|318.83|318.66|23.74|29.98|4.63|4.41|20.37|22.78|4.27|4.3|1.08|1.08|156.88|333.97|321.62|18.28|
|沪电股份|002463.SZ|2022-02-25|325.09|324.92|24.21|27.69|4.72|4.72|20.77|23.23|4.36|4.44|1.06|1.06|77.35|340.23|327.88|18.64|
|沪电股份|002463.SZ|2022-02-24|328.12|327.95|24.44|27.95|4.77|4.77|20.96|23.45|4.4|4.49|1.05|1.05|78.08|343.26|330.91|18.81|
|沪电股份|002463.SZ|2022-02-23|339.12|338.94|25.25|28.89|4.93|4.93|21.66|24.23|4.55|4.64|1.02|1.02|80.69|354.26|341.91|19.44|
|沪电股份|002463.SZ|2022-02-22|339.69|339.51|25.3|28.94|4.93|4.93|21.7|24.27|4.55|4.64|1.02|1.02|80.83|354.83|342.48|19.47|
|沪电股份|002463.SZ|2022-02-21|338.55|338.38|25.21|28.84|4.92|4.92|21.63|24.19|4.54|4.63|1.02|1.02|80.56|353.69|341.34|19.4|
|沪电股份|002463.SZ|2022-02-18|326.04|325.86|24.28|27.77|4.74|4.74|20.83|23.3|4.37|4.46|1.06|1.06|77.58|341.17|328.82|18.69|
|沪电股份|002463.SZ|2022-02-17|329.83|329.66|24.56|28.1|4.79|4.79|21.07|23.57|4.42|4.51|1.05|1.05|78.48|344.97|332.62|18.91|
|沪电股份|002463.SZ|2022-02-16|324.71|324.54|24.18|27.66|4.72|4.72|20.74|23.2|4.35|4.44|1.06|1.06|77.26|339.85|327.5|18.62|
|沪电股份|002463.SZ|2022-02-15|312.19|312.03|23.25|26.6|4.54|4.54|19.94|22.31|4.18|4.27|1.1|1.1|74.29|327.33|314.98|17.9|
|沪电股份|002463.SZ|2022-02-14|301.38|301.22|22.44|25.67|4.38|4.38|19.25|21.54|4.04|4.12|1.14|1.14|71.71|316.52|304.17|17.29|
|沪电股份|002463.SZ|2022-02-11|303.09|302.93|22.57|25.82|4.4|4.4|19.36|21.66|4.06|4.14|1.14|1.14|72.12|318.22|305.87|17.39|
|沪电股份|002463.SZ|2022-02-10|329.45|329.28|24.53|28.07|4.79|4.79|21.05|23.54|4.42|4.5|1.05|1.05|78.39|344.59|332.24|18.89|
|沪电股份|002463.SZ|2022-02-09|326.23|326.05|24.29|27.79|4.74|4.74|20.84|23.31|4.37|4.46|1.06|1.06|77.62|341.36|329.01|18.7|
|沪电股份|002463.SZ|2022-02-08|308.97|308.8|23.01|26.32|4.49|4.49|19.74|22.08|4.14|4.22|1.12|1.12|73.52|324.1|311.75|17.72|
|沪电股份|002463.SZ|2022-02-07|337.79|337.62|25.16|28.78|4.91|4.91|21.58|24.14|4.53|4.62|1.02|1.02|80.38|352.93|340.58|19.36|
|沪电股份|002463.SZ|2022-01-28|327.55|327.38|24.39|27.9|4.76|4.76|20.93|23.41|4.39|4.48|1.05|1.05|77.94|342.69|330.34|18.78|
|沪电股份|002463.SZ|2022-01-27|331.92|331.74|24.72|28.28|4.82|4.82|21.2|23.72|4.45|4.54|1.04|1.04|78.98|347.05|334.7|19.03|
|沪电股份|002463.SZ|2022-01-26|348.99|348.8|25.99|29.73|5.07|5.07|22.29|24.94|4.68|4.77|0.99|0.99|83.04|364.12|351.77|20|
|沪电股份|002463.SZ|2022-01-25|329.07|328.9|24.51|28.03|4.78|4.78|21.02|23.51|4.41|4.5|1.05|1.05|78.3|344.21|331.86|18.86|
|沪电股份|002463.SZ|2022-01-24|337.79|337.62|25.16|28.78|4.91|4.91|21.58|24.14|4.53|4.62|1.02|1.02|80.38|352.93|340.58|19.36|
|沪电股份|002463.SZ|2022-01-21|335.52|335.34|24.99|28.58|4.87|4.87|21.43|23.98|4.5|4.59|1.03|1.03|79.84|350.66|338.31|19.23|
|沪电股份|002463.SZ|2022-01-20|343.11|342.93|25.55|29.23|4.98|4.98|21.92|24.52|4.6|4.69|1.01|1.01|81.64|358.24|345.89|19.66|
|沪电股份|002463.SZ|2022-01-19|339.31|339.13|25.27|28.91|4.93|4.93|21.68|24.25|4.55|4.64|1.02|1.02|80.74|354.45|342.1|19.45|
|沪电股份|002463.SZ|2022-01-18|346.52|346.34|25.81|29.52|5.03|5.03|22.14|24.76|4.64|4.74|1|1|82.45|361.66|349.31|19.86|
|沪电股份|002463.SZ|2022-01-17|342.54|342.36|25.51|29.18|4.98|4.98|21.88|24.48|4.59|4.68|1.01|1.01|81.51|357.67|345.32|19.63|
|沪电股份|002463.SZ|2022-01-14|324.9|324.73|24.2|27.68|4.72|4.72|20.76|23.22|4.36|4.44|1.06|1.06|77.31|340.04|327.69|18.63|
|沪电股份|002463.SZ|2022-01-13|309.72|309.56|23.07|26.39|4.5|4.5|19.79|22.13|4.15|4.23|1.11|1.11|73.7|324.86|312.51|17.76|
|沪电股份|002463.SZ|2022-01-12|308.97|308.8|23.01|26.32|4.49|4.49|19.74|22.08|4.14|4.22|1.12|1.12|73.52|324.1|311.75|17.72|
|沪电股份|002463.SZ|2022-01-11|295.88|295.72|22.03|25.21|4.3|4.3|18.9|21.14|3.97|4.04|1.17|1.17|70.4|311.02|298.67|16.98|
|沪电股份|002463.SZ|2022-01-10|303.28|303.12|22.59|25.84|4.41|4.41|19.37|21.67|4.07|4.15|1.14|1.14|72.16|318.41|306.06|17.4|
|沪电股份|002463.SZ|2022-01-07|288.29|288.14|21.47|24.56|4.19|4.19|18.42|20.6|3.86|3.94|1.2|1.2|68.6|303.43|291.08|16.55|
|沪电股份|002463.SZ|2022-01-06|297.59|297.43|22.16|25.35|4.32|4.32|19.01|21.26|3.99|4.07|1.16|1.16|70.81|312.72|300.37|17.07|
|沪电股份|002463.SZ|2022-01-05|299.86|299.7|22.33|25.55|4.36|4.36|19.16|21.43|4.02|4.1|1.15|1.15|71.35|315|302.65|17.2|
|沪电股份|002463.SZ|2022-01-04|312.38|312.22|23.26|26.61|4.54|4.54|19.96|22.32|4.19|4.27|1.1|1.1|74.33|327.52|315.17|17.92|
|沪电股份|002463.SZ|2021-12-31|314.47|314.3|23.42|26.79|4.57|4.57|20.09|22.47|4.22|4.3|1.1|1.1|74.83|329.6|317.25|18.03|
|沪电股份|002463.SZ|2021-12-30|310.67|310.51|23.14|26.47|4.51|4.51|19.85|22.2|4.16|4.25|1.11|1.11|73.92|325.81|313.46|17.82|
|沪电股份|002463.SZ|2021-12-29|305.93|305.77|22.78|26.06|4.44|4.44|19.54|21.86|4.1|4.18|1.13|1.13|72.8|321.07|308.72|17.55|
|沪电股份|002463.SZ|2021-12-28|315.22|315.06|23.48|26.85|4.58|4.58|20.14|22.53|4.23|4.31|1.09|1.09|75.01|330.36|318.01|18.08|
|沪电股份|002463.SZ|2021-12-27|320.54|320.37|23.87|27.31|4.66|4.66|20.48|22.9|4.3|4.38|1.08|1.08|76.27|335.67|323.32|18.38|
|沪电股份|002463.SZ|2021-12-24|326.23|326.05|24.29|27.79|4.74|4.74|20.84|23.31|4.37|4.46|1.06|1.06|77.62|341.36|329.01|18.7|
|沪电股份|002463.SZ|2021-12-23|321.67|321.5|23.96|27.4|4.67|4.67|20.55|22.99|4.31|4.4|1.07|1.07|76.54|336.81|324.46|18.44|
|沪电股份|002463.SZ|2021-12-22|303.09|302.93|22.57|25.82|4.4|4.4|19.36|21.66|4.06|4.14|1.14|1.14|72.12|318.22|305.87|17.39|
|沪电股份|002463.SZ|2021-12-21|275.58|275.44|20.52|23.48|4|4|17.61|19.69|3.69|3.77|1.25|1.25|65.57|290.72|278.37|15.82|
|沪电股份|002463.SZ|2021-12-20|267.43|267.29|19.92|22.78|3.88|3.88|17.08|19.11|3.58|3.66|1.29|1.29|63.63|282.57|270.22|15.36|
|沪电股份|002463.SZ|2021-12-17|276.91|276.77|20.62|23.59|4.02|4.02|17.69|19.79|3.71|3.79|1.25|1.25|65.89|292.05|279.7|15.9|
|沪电股份|002463.SZ|2021-12-16|283.55|283.4|21.12|24.16|4.12|4.12|18.11|20.26|3.8|3.88|1.22|1.22|67.47|298.69|286.34|16.28|
|沪电股份|002463.SZ|2021-12-15|290|289.85|21.6|24.7|4.21|4.21|18.53|20.72|3.89|3.96|1.19|1.19|69|305.14|292.79|16.64|
|沪电股份|002463.SZ|2021-12-14|291.9|291.74|21.74|24.87|4.24|4.24|18.65|20.86|3.91|3.99|1.18|1.18|69.46|307.03|294.68|16.75|
|沪电股份|002463.SZ|2021-12-13|297.78|297.62|22.18|25.37|4.33|4.33|19.02|21.28|3.99|4.07|1.16|1.16|70.86|312.91|300.56|17.09|
|沪电股份|002463.SZ|2021-12-10|285.45|285.3|21.26|24.32|4.15|4.15|18.24|20.4|3.83|3.9|1.21|1.21|67.92|300.58|288.23|16.38|
|沪电股份|002463.SZ|2021-12-09|299.1|298.95|22.27|25.48|4.34|4.34|19.11|21.37|4.01|4.09|1.15|1.15|71.17|314.24|301.89|17.16|
|沪电股份|002463.SZ|2021-12-08|301|300.84|22.42|25.64|4.37|4.37|19.23|21.51|4.03|4.11|1.15|1.15|71.62|316.14|303.79|17.27|
|沪电股份|002463.SZ|2021-12-07|288.48|288.33|21.48|24.58|4.19|4.19|18.43|20.61|3.87|3.94|1.2|1.2|68.64|303.62|291.27|16.56|
|沪电股份|002463.SZ|2021-12-06|290.19|290.04|21.61|24.72|4.22|4.22|18.54|20.74|3.89|3.97|1.19|1.19|69.05|305.33|292.98|16.65|
|沪电股份|002463.SZ|2021-12-03|281.65|281.51|20.97|23.99|4.09|4.09|17.99|20.13|3.78|3.85|1.22|1.22|67.02|296.79|284.44|16.17|
|沪电股份|002463.SZ|2021-12-02|278.24|278.09|20.72|23.7|4.04|4.04|17.77|19.88|3.73|3.8|1.24|1.24|66.21|293.38|281.03|15.97|
|沪电股份|002463.SZ|2021-12-01|277.67|277.53|20.68|23.65|4.03|4.03|17.74|19.84|3.72|3.8|1.24|1.24|66.07|292.81|280.46|15.94|
|沪电股份|002463.SZ|2021-11-30|287.53|287.38|21.41|24.49|4.18|4.18|18.37|20.55|3.85|3.93|1.2|1.2|68.42|302.67|290.32|16.5|
|沪电股份|002463.SZ|2021-11-29|281.27|281.13|20.95|23.96|4.09|4.09|17.97|20.1|3.77|3.85|1.23|1.23|66.93|296.41|284.06|16.15|
|沪电股份|002463.SZ|2021-11-26|282.98|282.83|21.07|24.11|4.11|4.11|18.08|20.22|3.79|3.87|1.22|1.22|67.33|298.12|285.77|16.24|
|沪电股份|002463.SZ|2021-11-25|290.19|290.04|21.61|24.72|4.22|4.22|18.54|20.74|3.89|3.97|1.19|1.19|69.05|305.33|292.98|16.65|
|沪电股份|002463.SZ|2021-11-24|297.59|297.43|22.16|25.35|4.32|4.32|19.01|21.26|3.99|4.07|1.16|1.16|70.81|312.72|300.37|17.07|
|沪电股份|002463.SZ|2021-11-23|295.5|295.34|22.01|25.17|4.29|4.29|18.88|21.12|3.96|4.04|1.17|1.17|70.31|310.64|298.29|16.96|
|沪电股份|002463.SZ|2021-11-22|287.72|287.57|21.43|24.51|4.18|4.18|18.38|20.56|3.86|3.93|1.2|1.2|68.46|302.86|290.51|16.51|
|沪电股份|002463.SZ|2021-11-19|263.07|262.93|19.59|22.41|3.82|3.82|16.81|18.8|3.53|3.6|1.31|1.31|62.6|278.2|265.85|15.11|
|沪电股份|002463.SZ|2021-11-18|259.27|259.14|19.31|22.09|3.77|3.77|16.56|18.53|3.48|3.54|1.33|1.33|61.69|274.41|262.06|14.9|
|沪电股份|002463.SZ|2021-11-17|265.91|265.77|19.8|22.65|3.86|3.86|16.99|19|3.56|3.64|1.3|1.3|63.27|281.05|268.7|15.27|
|沪电股份|002463.SZ|2021-11-16|249.41|249.28|18.57|21.25|3.62|3.62|15.93|17.82|3.34|3.41|1.38|1.38|59.35|264.55|252.2|14.34|
|沪电股份|002463.SZ|2021-11-15|247.89|247.76|18.46|21.12|3.6|3.6|15.84|17.71|3.32|3.39|1.39|1.39|58.99|263.03|250.68|14.25|
|沪电股份|002463.SZ|2021-11-12|245.24|245.11|18.26|20.89|3.56|3.56|15.67|17.52|3.29|3.35|1.41|1.41|58.35|260.38|248.03|14.1|
|沪电股份|002463.SZ|2021-11-11|232.15|232.03|17.29|19.78|3.37|3.37|14.83|16.59|3.11|3.17|1.49|1.49|55.24|247.29|234.94|13.35|
|沪电股份|002463.SZ|2021-11-10|224.56|224.45|16.72|19.13|3.26|3.26|14.35|16.05|3.01|3.07|1.54|1.54|53.43|239.7|227.35|12.92|
|沪电股份|002463.SZ|2021-11-09|222.48|222.36|16.57|18.95|3.23|3.23|14.21|15.9|2.98|3.04|1.55|1.55|52.94|237.62|225.27|12.8|
|沪电股份|002463.SZ|2021-11-08|220.01|219.9|16.38|18.74|3.2|3.2|14.05|15.72|2.95|3.01|1.57|1.57|52.35|235.15|222.8|12.66|
|沪电股份|002463.SZ|2021-11-05|225.32|225.2|16.78|19.2|3.27|3.27|14.39|16.1|3.02|3.08|1.53|1.53|53.62|240.46|228.11|12.97|
|沪电股份|002463.SZ|2021-11-04|224.56|224.45|16.72|19.13|3.26|3.26|14.35|16.05|3.01|3.07|1.54|1.54|53.43|239.7|227.35|12.92|
|沪电股份|002463.SZ|2021-11-03|221.53|221.41|16.5|18.87|3.22|3.22|14.15|15.83|2.97|3.03|1.56|1.56|52.71|236.67|224.32|12.75|
|沪电股份|002463.SZ|2021-11-02|222.86|222.74|16.6|18.99|3.24|3.24|14.24|15.92|2.99|3.05|1.55|1.55|53.03|238|225.65|12.83|
|沪电股份|002463.SZ|2021-11-01|213.56|213.45|15.9|18.19|3.1|3.1|13.64|15.26|2.86|2.92|1.62|1.61|50.82|228.7|216.35|12.3|
|沪电股份|002463.SZ|2021-10-29|194.22|194.12|14.46|16.55|2.82|2.82|12.41|13.88|2.6|2.66|1.78|1.78|46.21|209.36|197.01|11.2|
|沪电股份|002463.SZ|2021-10-28|187.01|186.91|13.93|15.93|2.72|2.72|11.95|13.36|2.51|2.56|1.84|1.84|44.5|202.15|189.8|10.79|
|沪电股份|002463.SZ|2021-10-27|193.08|192.98|14.38|16.45|2.8|2.8|12.33|13.8|2.59|2.64|1.79|1.79|45.94|208.22|195.87|11.13|
|沪电股份|002463.SZ|2021-10-26|198.58|198.48|14.79|16.02|3.03|3.03|12.69|11.67|2.66|2.66|1.74|1.74|26.34|213.34|201.57|11.46|
|沪电股份|002463.SZ|2021-10-25|192.51|192.41|14.34|15.53|2.93|2.93|12.3|11.31|2.58|2.58|1.79|1.79|25.54|207.27|195.5|11.11|
|沪电股份|002463.SZ|2021-10-22|191.75|191.65|14.28|15.47|2.92|2.92|12.25|11.27|2.57|2.57|1.8|1.8|25.44|206.51|194.74|11.07|
|沪电股份|002463.SZ|2021-10-21|194.98|194.87|14.52|15.73|2.97|2.97|12.46|11.46|2.61|2.61|1.77|1.77|25.86|209.74|197.97|11.25|
|沪电股份|002463.SZ|2021-10-20|194.03|193.93|14.45|15.65|2.96|2.96|12.39|11.4|2.6|2.6|1.78|1.78|25.74|208.79|197.02|11.2|
|沪电股份|002463.SZ|2021-10-19|201.24|201.13|14.99|16.23|3.07|3.07|12.86|11.83|2.7|2.69|1.71|1.71|26.69|216|204.22|11.61|
|沪电股份|002463.SZ|2021-10-18|203.13|203.03|15.13|16.39|3.1|3.1|12.98|11.94|2.72|2.72|1.7|1.7|26.95|217.89|206.12|11.72|
|沪电股份|002463.SZ|2021-10-15|210.34|210.23|15.66|16.97|3.21|3.21|13.44|12.36|2.82|2.82|1.64|1.64|27.9|225.1|213.33|12.13|
|沪电股份|002463.SZ|2021-10-14|212.24|212.12|15.81|17.12|3.23|3.23|13.56|12.47|2.85|2.84|1.63|1.62|28.15|227|215.23|12.23|
|沪电股份|002463.SZ|2021-10-13|212.43|212.31|15.82|17.14|3.24|3.24|13.57|12.48|2.85|2.84|1.62|1.62|28.18|227.19|215.42|12.24|
|沪电股份|002463.SZ|2021-10-12|212.05|211.94|15.79|17.11|3.23|3.23|13.55|12.46|2.84|2.84|1.63|1.63|28.13|226.81|215.04|12.22|
|沪电股份|002463.SZ|2021-10-11|217.74|217.62|16.21|17.57|3.32|3.32|13.91|12.8|2.92|2.92|1.58|1.58|28.88|232.5|220.73|12.55|
|沪电股份|002463.SZ|2021-10-08|217.55|217.43|16.2|17.55|3.32|3.32|13.9|12.78|2.92|2.91|1.59|1.59|28.86|232.31|220.54|12.54|
|沪电股份|002463.SZ|2021-09-30|212.62|212.5|15.83|17.15|3.24|3.24|13.58|12.49|2.85|2.85|1.62|1.62|28.2|227.38|215.6|12.26|
|沪电股份|002463.SZ|2021-09-29|212.81|212.69|15.85|17.17|3.24|3.24|13.59|12.51|2.85|2.85|1.62|1.62|28.23|227.57|215.79|12.27|
|沪电股份|002463.SZ|2021-09-28|220.2|220.09|16.4|17.76|3.36|3.36|14.07|12.94|2.95|2.95|1.57|1.57|29.21|234.96|223.19|12.69|
|沪电股份|002463.SZ|2021-09-27|220.96|220.84|16.46|17.83|3.37|3.37|14.12|12.99|2.96|2.96|1.56|1.56|29.31|235.72|223.95|12.73|
|沪电股份|002463.SZ|2021-09-24|222.67|222.55|16.58|17.96|3.39|3.39|14.22|13.09|2.98|2.98|1.55|1.55|29.54|237.43|225.66|12.83|
|沪电股份|002463.SZ|2021-09-23|227.98|227.86|16.98|18.39|3.48|3.47|14.56|13.4|3.06|3.05|1.51|1.51|30.24|242.74|230.97|13.13|
|沪电股份|002463.SZ|2021-09-22|219.25|219.14|16.33|17.69|3.34|3.34|14.01|12.88|2.94|2.94|1.57|1.57|29.08|234.02|222.24|12.63|
|沪电股份|002463.SZ|2021-09-17|224.19|224.07|16.7|18.09|3.42|3.42|14.32|13.17|3.01|3|1.54|1.54|29.74|238.95|227.17|12.91|
|沪电股份|002463.SZ|2021-09-16|227.6|227.48|16.95|18.36|3.47|3.47|14.54|13.38|3.05|3.05|1.52|1.52|30.19|242.36|230.59|13.11|
|沪电股份|002463.SZ|2021-09-15|230.44|230.32|17.16|18.59|3.51|3.51|14.72|13.54|3.09|3.09|1.5|1.5|30.57|245.21|233.43|13.27|
|沪电股份|002463.SZ|2021-09-14|228.74|228.62|17.03|18.45|3.49|3.49|14.61|13.44|3.07|3.06|1.51|1.51|30.34|243.5|231.73|13.17|
|沪电股份|002463.SZ|2021-09-13|233.48|233.36|17.39|18.84|3.56|3.56|14.92|13.72|3.13|3.13|1.48|1.48|30.97|248.24|236.47|13.44|
|沪电股份|002463.SZ|2021-09-10|234.43|234.3|17.46|18.91|3.57|3.57|14.98|13.78|3.14|3.14|1.47|1.47|31.1|249.19|237.42|13.5|
|沪电股份|002463.SZ|2021-09-09|232.34|232.22|17.3|18.74|3.54|3.54|14.84|13.65|3.11|3.11|1.48|1.48|30.82|247.1|235.33|13.38|
|沪电股份|002463.SZ|2021-09-08|229.31|229.19|17.08|18.5|3.5|3.5|14.65|13.48|3.07|3.07|1.5|1.5|30.42|244.07|232.3|13.2|
|沪电股份|002463.SZ|2021-09-07|231.2|231.08|17.22|18.65|3.52|3.52|14.77|13.59|3.1|3.1|1.49|1.49|30.67|245.96|234.19|13.31|
|沪电股份|002463.SZ|2021-09-06|228.36|228.24|17.01|18.42|3.48|3.48|14.59|13.42|3.06|3.06|1.51|1.51|30.29|243.12|231.35|13.15|
|沪电股份|002463.SZ|2021-09-03|219.25|219.14|16.33|17.69|3.34|3.34|14.01|12.88|2.94|2.94|1.57|1.57|29.08|234.02|222.24|12.63|
|沪电股份|002463.SZ|2021-09-02|217.74|217.62|16.21|17.57|3.32|3.32|13.91|12.8|2.92|2.92|1.58|1.58|28.88|232.5|220.73|12.55|
|沪电股份|002463.SZ|2021-09-01|219.63|219.52|16.36|17.72|3.35|3.35|14.03|12.91|2.94|2.94|1.57|1.57|29.13|234.39|222.62|12.65|
|沪电股份|002463.SZ|2021-08-31|212.24|212.12|15.81|17.12|3.23|3.23|13.56|12.47|2.85|2.84|1.63|1.62|28.15|227|215.23|12.23|
|沪电股份|002463.SZ|2021-08-30|211.48|211.37|15.75|17.06|3.22|3.22|13.51|12.43|2.83|2.83|1.63|1.63|28.05|226.24|214.47|12.19|
|沪电股份|002463.SZ|2021-08-27|215.84|215.73|16.07|17.41|3.29|3.29|13.79|12.68|2.89|2.89|1.6|1.6|28.63|230.6|218.83|12.44|
|沪电股份|002463.SZ|2021-08-26|228.36|228.24|17.01|16.92|3.48|3.65|14.59|15.77|3.06|2.99|1.51|1.51|21.13|242.45|231.12|13.14|
|沪电股份|002463.SZ|2021-08-25|233.86|233.74|17.42|17.33|3.56|3.74|14.94|16.15|3.13|3.07|1.48|1.47|21.64|247.95|236.62|13.45|
|沪电股份|002463.SZ|2021-08-24|235.94|235.82|17.57|17.48|3.6|3.77|15.07|16.29|3.16|3.09|1.46|1.46|21.83|250.04|238.71|13.57|
|沪电股份|002463.SZ|2021-08-23|235.75|235.63|17.56|17.47|3.59|3.77|15.06|16.28|3.16|3.09|1.46|1.46|21.81|249.85|238.52|13.56|
|沪电股份|002463.SZ|2021-08-20|232.15|232.03|17.29|17.2|3.54|3.71|14.83|16.03|3.11|3.04|1.49|1.49|21.48|246.24|234.91|13.35|
|沪电股份|002463.SZ|2021-08-19|234.24|234.11|17.44|17.36|3.57|3.74|14.96|16.17|3.14|3.07|1.47|1.47|21.67|248.33|237|13.47|
|沪电股份|002463.SZ|2021-08-18|233.29|233.17|17.37|17.29|3.56|3.73|14.9|16.11|3.13|3.06|1.48|1.48|21.59|247.38|236.05|13.42|
|沪电股份|002463.SZ|2021-08-17|232.72|232.6|17.33|17.24|3.55|3.72|14.87|16.07|3.12|3.05|1.48|1.48|21.53|246.81|235.48|13.39|
|沪电股份|002463.SZ|2021-08-16|239.19|239.04|17.81|17.72|3.65|3.82|15.28|16.51|3.21|3.14|1.44|1.44|22.13|253.28|241.95|13.75|
|沪电股份|002463.SZ|2021-08-13|239.57|239.42|17.84|17.75|3.65|3.83|15.3|16.54|3.21|3.14|1.44|1.44|22.17|253.66|242.33|13.77|
|沪电股份|002463.SZ|2021-08-12|250.76|250.61|18.67|18.58|3.82|4.01|16.02|17.31|3.36|3.29|1.38|1.38|23.2|264.85|253.52|14.41|
|沪电股份|002463.SZ|2021-08-11|251.52|251.37|18.73|18.64|3.83|4.02|16.07|17.36|3.37|3.3|1.37|1.37|23.27|265.61|254.28|14.45|
|沪电股份|002463.SZ|2021-08-10|254.55|254.4|18.96|18.86|3.88|4.07|16.26|17.57|3.41|3.34|1.36|1.35|23.55|268.65|257.32|14.63|
|沪电股份|002463.SZ|2021-08-09|258.73|258.57|19.27|19.17|3.94|4.13|16.53|17.86|3.47|3.39|1.33|1.33|23.94|272.82|261.49|14.86|
|沪电股份|002463.SZ|2021-08-06|256.45|256.29|19.1|19|3.91|4.1|16.38|17.71|3.44|3.36|1.35|1.34|23.73|270.54|259.21|14.73|
|沪电股份|002463.SZ|2021-08-05|255.88|255.73|19.06|18.96|3.9|4.09|16.35|17.67|3.43|3.36|1.35|1.35|23.68|269.97|258.64|14.7|
|沪电股份|002463.SZ|2021-08-04|259.3|259.14|19.31|19.21|3.95|4.14|16.56|17.9|3.48|3.4|1.33|1.33|23.99|273.39|262.06|14.9|
|沪电股份|002463.SZ|2021-08-03|256.45|256.29|19.1|19|3.91|4.1|16.38|17.71|3.44|3.36|1.35|1.34|23.73|270.54|259.21|14.73|
|沪电股份|002463.SZ|2021-08-02|261.38|261.22|19.47|19.37|3.98|4.18|16.7|18.05|3.5|3.43|1.32|1.32|24.18|275.47|264.14|15.01|
|沪电股份|002463.SZ|2021-07-30|250.57|250.42|18.66|18.57|3.82|4|16.01|17.3|3.36|3.29|1.38|1.38|23.18|264.66|253.33|14.4|
|沪电股份|002463.SZ|2021-07-29|249.62|249.47|18.59|18.5|3.81|3.99|15.95|17.23|3.35|3.27|1.38|1.38|23.1|263.71|252.38|14.35|
|沪电股份|002463.SZ|2021-07-28|244.31|244.16|18.19|18.1|3.72|3.9|15.61|16.87|3.27|3.2|1.41|1.41|22.61|258.4|247.07|14.04|
|沪电股份|002463.SZ|2021-07-27|248.86|248.71|18.53|18.44|3.79|3.98|15.9|17.18|3.34|3.26|1.39|1.39|23.03|262.96|251.62|14.3|
|沪电股份|002463.SZ|2021-07-26|226.29|226.15|16.85|16.77|3.45|3.62|14.46|15.62|3.03|2.97|1.52|1.52|20.94|240.38|229.05|13.02|
|沪电股份|002463.SZ|2021-07-23|234.45|234.3|17.46|17.37|3.57|3.75|14.98|16.19|3.14|3.07|1.47|1.47|21.69|248.54|237.21|13.48|
|沪电股份|002463.SZ|2021-07-22|244.12|243.97|18.18|18.09|3.72|3.9|15.6|16.85|3.27|3.2|1.41|1.41|22.59|258.21|246.88|14.03|
|沪电股份|002463.SZ|2021-07-21|241.47|241.32|17.98|17.89|3.68|3.86|15.43|16.67|3.24|3.17|1.43|1.43|22.34|255.56|244.23|13.88|
|沪电股份|002463.SZ|2021-07-20|239.95|239.8|17.87|17.78|3.66|3.83|15.33|16.57|3.22|3.15|1.44|1.44|22.2|254.04|242.71|13.8|
|沪电股份|002463.SZ|2021-07-19|244.5|244.35|18.21|18.12|3.73|3.91|15.62|16.88|3.28|3.21|1.41|1.41|22.62|258.59|247.26|14.06|
|沪电股份|002463.SZ|2021-07-16|251.71|251.55|18.74|18.65|3.84|4.02|16.08|17.38|3.37|3.3|1.37|1.37|23.29|265.8|254.47|14.46|
|沪电股份|002463.SZ|2021-07-15|256.42|256.26|19.1|19|3.91|3.88|16.38|17.7|3.44|3.36|1.35||23.73|270.51|259.18|14.73|
|沪电股份|002463.SZ|2021-07-14|262.28|262.12|19.53|19.43|4|3.97|16.75|18.11|3.52|3.44|1.32||24.27|276.37|265.04|15.07|
|沪电股份|002463.SZ|2021-07-13|269.18|269.01|20.05|19.94|4.1|4.08|17.2|18.58|3.61|3.53|1.28||24.91|283.27|271.94|15.46|
|沪电股份|002463.SZ|2021-07-12|267.28|267.12|19.9|19.8|4.07|4.05|17.07|18.45|3.58|3.51|1.29||24.73|281.37|270.04|15.35|
|沪电股份|002463.SZ|2021-07-09|271.07|270.91|20.19|20.08|4.13|4.1|17.32|18.71|3.63|3.56|1.27||25.08|285.17|273.83|15.57|
|沪电股份|002463.SZ|2021-07-08|267.62|267.46|19.93|19.83|4.08|4.05|17.1|18.48|3.59|3.51|1.29||24.76|281.72|270.39|15.37|
|沪电股份|002463.SZ|2021-07-07|256.93|256.78|19.13|19.04|3.92|3.89|16.41|17.74|3.44|3.37|1.34||23.77|271.03|259.7|14.76|
|沪电股份|002463.SZ|2021-07-06|259.35|259.19|19.31|19.22|3.95|3.93|16.57|17.91|3.48|3.4|1.33||24|273.44|262.11|14.9|
|沪电股份|002463.SZ|2021-07-05|255.73|255.57|19.04|18.95|3.9|3.87|16.34|17.66|3.43|3.35|1.35||23.66|269.82|258.49|14.69|
|沪电股份|002463.SZ|2021-07-02|253.48|253.33|18.88|18.78|3.86|3.84|16.19|17.5|3.4|3.32|1.36||23.45|267.58|256.25|14.57|
|沪电股份|002463.SZ|2021-07-01|259|258.84|19.29|19.19|3.95|3.92|16.55|17.88|3.47|3.4|1.33||23.96|273.09|261.76|14.88|
|沪电股份|002463.SZ|2021-06-30|266.76|266.6|19.87|19.77|4.07|4.04|17.04|18.42|3.58|3.5|1.29||24.68|280.85|269.52|15.32|
|沪电股份|002463.SZ|2021-06-29|263.49|263.33|19.62|19.52|4.02|3.99|16.83|18.19|3.53|3.46|1.31||24.38|277.58|266.25|15.13|
|沪电股份|002463.SZ|2021-06-28|272.62|272.46|20.3|20.2|4.16|4.13|17.42|18.82|3.65|3.58|1.27||25.23|286.72|275.39|15.65|
|沪电股份|002463.SZ|2021-06-25|271.25|268.31|20.2|20.1|4.13|4.13|17.33|18.73|3.64|3.56|1.27||25.1|285.34|274.01|15.58|
|沪电股份|002463.SZ|2021-06-24|273.49|270.53|20.37|20.26|4.17|4.17|17.47|18.88|3.67|3.59|1.26||25.3|287.58|276.25|15.7|
|沪电股份|002463.SZ|2021-06-23|266.24|263.37|19.83|19.73|4.06|4.06|17.01|18.38|3.57|3.49|1.3||24.63|280.34|269.01|15.29|
|沪电股份|002463.SZ|2021-06-22|253.31|250.57|18.86|18.77|3.86|3.86|16.18|17.49|3.4|3.32|1.36||23.44|267.4|256.07|14.56|
|沪电股份|002463.SZ|2021-06-21|252.28|249.55|18.79|18.69|3.85|3.85|16.12|17.42|3.38|3.31|1.37||23.34|266.37|255.04|14.5|
|沪电股份|002463.SZ|2021-06-18|255.9|253.13|19.06|18.96|3.9|3.9|16.35|17.67|3.43|3.36|1.35||23.68|269.99|258.66|14.7|
|沪电股份|002463.SZ|2021-06-17|258.48|255.69|19.25|19.15|3.94|3.94|16.51|17.85|3.46|3.39|1.33||23.92|272.58|261.25|14.85|
|沪电股份|002463.SZ|2021-06-16|250.38|247.67|18.65|18.55|3.82|3.82|15.99|17.29|3.36|3.28|1.38||23.17|264.47|253.14|14.39|
|沪电股份|002463.SZ|2021-06-15|250.73|248.01|18.67|18.58|3.82|3.82|16.02|17.31|3.36|3.29|1.38||23.2|264.82|253.49|14.41|
|沪电股份|002463.SZ|2021-06-11|260.9|258.08|19.43|19.33|3.98|3.98|16.67|18.01|3.5|3.42|1.32||24.14|274.99|263.66|14.99|
|沪电股份|002463.SZ|2021-06-10|265.38|262.51|19.76|19.66|4.05|4.05|16.95|18.32|3.56|3.48|1.3||24.55|279.48|268.14|15.24|
|沪电股份|002463.SZ|2021-06-09|261.93|259.1|19.51|19.41|3.99|3.99|16.73|18.08|3.51|3.44|1.32||24.24|276.03|264.7|15.05|
|沪电股份|002463.SZ|2021-06-08|266.59|263.71|19.85|19.75|4.06|4.06|17.03|18.41|3.57|3.5|1.29||24.67|280.68|269.35|15.31|
|沪电股份|002463.SZ|2021-06-07|270.38|267.46|20.14|20.03|4.12|4.12|17.27|18.67|3.62|3.55|1.28||25.02|284.48|273.15|15.53|
|沪电股份|002463.SZ|2021-06-04|263.14|260.3|19.6|19.5|4.01|4.01|16.81|18.17|3.53|3.45|1.31||24.35|277.23|265.9|15.11|
|沪电股份|002463.SZ|2021-06-03|259|256.2|19.29|19.19|3.95|3.95|16.55|17.88|3.47|3.4|1.33||23.96|273.09|261.76|14.88|
|沪电股份|002463.SZ|2021-06-02|257.11|254.33|19.15|19.05|3.92|3.92|16.42|17.75|3.45|3.37|1.34||23.79|271.2|259.87|14.77|
|沪电股份|002463.SZ|2021-06-01|264.35|261.49|19.69|19.59|4.03|4.03|16.89|18.25|3.54|3.47|1.3||24.46|278.44|267.11|15.18|
|沪电股份|002463.SZ|2021-05-31|264.52|261.66|19.7|19.6|4.03|4.03|16.9|18.26|3.55|3.47|1.3||24.48|278.61|267.28|15.19|
|沪电股份|002463.SZ|2021-05-28|263.66|260.81|19.63|19.54|4.02|4.02|16.84|18.2|3.53|3.46|1.31||24.4|277.75|266.42|15.14|
|沪电股份|002463.SZ|2021-05-27|266.42|263.54|19.84|19.74|4.06|4.06|17.02|18.39|3.57|3.49|1.29||24.65|280.51|269.18|15.3|
|沪电股份|002463.SZ|2021-05-26|257.62|254.84|19.19|19.09|3.93|3.93|16.46|17.79|3.45|3.38|1.34||23.84|271.72|260.38|14.8|
|沪电股份|002463.SZ|2021-05-25|256.93|254.16|19.13|19.04|3.92|3.92|16.41|17.74|3.44|3.37|1.34||23.77|271.03|259.7|14.76|
|沪电股份|002463.SZ|2021-05-24|252.62|249.89|18.81|18.72|3.85|3.85|16.14|17.44|3.39|3.31|1.37||23.37|266.71|255.38|14.52|
|沪电股份|002463.SZ|2021-05-21|247.97|245.29|18.47|18.37|3.78|3.78|15.84|17.12|3.32|3.25|1.39||22.94|262.06|250.73|14.25|
|沪电股份|002463.SZ|2021-05-20|252.45|249.72|18.8|18.7|3.85|3.85|16.13|17.43|3.38|3.31|1.37||23.36|266.54|255.21|14.51|
|沪电股份|002463.SZ|2021-05-19|251.93|249.21|18.76|18.67|3.84|3.84|16.09|17.39|3.38|3.3|1.37||23.31|266.02|254.69|14.48|
|沪电股份|002463.SZ|2021-05-18|253.31|250.57|18.86|18.77|3.86|3.86|16.18|17.49|3.4|3.32|1.36||23.44|267.4|256.07|14.56|
|沪电股份|002463.SZ|2021-05-17|255.55|252.79|19.03|18.93|3.9|3.9|16.33|17.64|3.43|3.35|1.35||23.65|269.65|258.32|14.68|
|沪电股份|002463.SZ|2021-05-14|252.28|249.55|18.79|18.69|3.85|3.85|16.12|17.42|3.38|3.31|1.37||23.34|266.37|255.04|14.5|
|沪电股份|002463.SZ|2021-05-13|249.17|246.48|18.56|18.46|3.8|3.8|15.92|17.2|3.34|3.27|1.38||23.06|263.27|251.94|14.32|
|沪电股份|002463.SZ|2021-05-12|248.31|245.63|18.49|18.4|3.79|3.79|15.86|17.14|3.33|3.26|1.39||22.98|262.4|251.07|14.27|
|沪电股份|002463.SZ|2021-05-11|248.66|245.97|18.52|18.42|3.79|3.79|15.88|17.17|3.33|3.26|1.39||23.01|262.75|251.42|14.29|
|沪电股份|002463.SZ|2021-05-10|247.45|244.77|18.43|18.33|3.77|3.77|15.81|17.08|3.32|3.25|1.39|1.39|22.9|261.54|250.21|14.22|
|沪电股份|002463.SZ|2021-05-07|246.24|243.58|18.34|18.24|3.75|3.75|15.73|17|3.3|3.23|1.4|1.4|22.78|260.33|249|14.15|
|沪电股份|002463.SZ|2021-05-06|246.07|243.41|18.32|18.23|3.75|3.75|15.72|16.99|3.3|3.23|1.4|1.4|22.77|260.16|248.83|14.14|
|沪电股份|002463.SZ|2021-04-30|249.69|246.99|18.59|18.5|3.81|3.81|15.95|17.24|3.35|3.27|1.38|1.38|23.1|263.78|252.45|14.35|
|沪电股份|002463.SZ|2021-04-29|255.38|252.62|19.02|18.92|3.89|3.89|16.31|17.63|3.42|3.35|1.35|1.35|23.63|269.47|258.14|14.67|
|沪电股份|002463.SZ|2021-04-28|257.97|255.18|19.21|19.11|3.93|3.93|16.48|17.81|3.46|3.38|1.34|1.34|23.87|272.06|260.73|14.82|
|沪电股份|002463.SZ|2021-04-27|254.35|251.6|18.94|18.85|3.88|3.88|16.25|17.56|3.41|3.34|1.36|1.36|23.53|268.44|257.11|14.62|
|沪电股份|002463.SZ|2021-04-26|264.52|261.66|19.7|19.6|4.03|4.03|16.9|18.26|3.55|3.47|1.3|1.3|24.48|278.61|267.28|15.19|
|沪电股份|002463.SZ|2021-04-23|267.11|264.22|19.89|19.79|4.07|4.07|17.06|18.44|3.58|3.5|1.29|1.29|24.71|281.2|269.87|15.34|
|沪电股份|002463.SZ|2021-04-22|279.69|276.67|20.83|20.83|4.45|4.45|17.87|17.87|3.75|3.75|1.23|1.23|24.3|290.27|280.93|15.97|
|沪电股份|002463.SZ|2021-04-21|277.11|274.11|20.64|20.64|4.41|4.41|17.7|17.7|3.71|3.71|1.24|1.24|24.07|287.68|278.35|15.82|
|沪电股份|002463.SZ|2021-04-20|280.04|277.01|20.85|20.85|4.46|4.46|17.89|17.89|3.75|3.75|1.23|1.23|24.33|290.62|281.28|15.99|
|沪电股份|002463.SZ|2021-04-19|284.52|281.45|21.19|21.19|4.53|4.53|18.18|18.18|3.81|3.81|1.21|1.21|24.72|295.1|285.76|16.24|
|沪电股份|002463.SZ|2021-04-16|278.14|275.14|20.71|20.71|4.43|4.43|17.77|17.77|3.73|3.73|1.24|1.24|24.16|288.72|279.38|15.88|
|沪电股份|002463.SZ|2021-04-15|275.21|272.24|20.5|20.5|4.38|4.38|17.58|17.58|3.69|3.69|1.25|1.25|23.91|285.79|276.45|15.71|
|沪电股份|002463.SZ|2021-04-14|276.76|273.77|20.61|20.61|4.41|4.41|17.68|17.68|3.71|3.71|1.25|1.25|24.04|287.34|278|15.8|
|沪电股份|002463.SZ|2021-04-13|277.11|274.11|20.64|20.64|4.41|4.41|17.7|17.7|3.71|3.71|1.24|1.24|24.07|287.68|278.35|15.82|
|沪电股份|002463.SZ|2021-04-12|279|275.99|20.78|20.78|4.44|4.44|17.82|17.82|3.74|3.74|1.24|1.24|24.24|289.58|280.24|15.93|
|沪电股份|002463.SZ|2021-04-09|285.9|282.81|21.29|21.29|4.55|4.55|18.26|18.26|3.83|3.83|1.21|1.21|24.84|296.48|287.14|16.32|
|沪电股份|002463.SZ|2021-04-08|285.73|282.64|21.28|21.28|4.55|4.55|18.25|18.25|3.83|3.83|1.21|1.21|24.82|296.31|286.97|16.31|
|沪电股份|002463.SZ|2021-04-07|286.94|283.84|21.37|21.37|4.57|4.57|18.33|18.33|3.85|3.85|1.2|1.2|24.93|297.51|288.18|16.38|
|沪电股份|002463.SZ|2021-04-06|290.04|286.91|21.6|21.6|4.62|4.62|18.53|18.53|3.89|3.89|1.19|1.19|25.2|300.62|291.28|16.56|
|沪电股份|002463.SZ|2021-04-02|294.18|291|21.91|21.91|4.68|4.68|18.79|18.79|3.94|3.94|1.17|1.17|25.56|304.76|295.42|16.79|
|沪电股份|002463.SZ|2021-04-01|290.39|287.25|21.63|21.63|4.62|4.62|18.55|18.55|3.89|3.89|1.19|1.19|25.23|300.96|291.62|16.58|
|沪电股份|002463.SZ|2021-03-31|288.66|285.54|21.5|21.5|4.59|4.59|18.44|18.44|3.87|3.87|1.2|1.2|25.08|299.24|289.9|16.48|
|沪电股份|002463.SZ|2021-03-30|286.25|283.15|21.32|21.32|4.56|4.56|18.29|18.29|3.84|3.84|1.21|1.21|24.87|296.82|287.49|16.34|
|沪电股份|002463.SZ|2021-03-29|288.66|285.54|21.5|21.5|4.59|4.59|18.44|18.44|3.87|3.87|1.2|1.2|25.08|299.24|289.9|16.48|
|沪电股份|002463.SZ|2021-03-26|290.9|287.76|21.66|21.66|4.63|4.63|18.58|18.58|3.9|3.9|1.19|1.19|25.27|301.48|292.14|16.61|
|沪电股份|002463.SZ|2021-03-25|287.97|284.86|21.45|21.45|4.58|4.58|18.4|18.4|3.86|3.86|1.2|1.2|25.02|298.55|289.21|16.44|
|沪电股份|002463.SZ|2021-03-24|285.21|282.13|23.65|21.24|4.89|4.54|26.8|19.82|4|3.83|1.21|1.21|24.78|294.46|287.08|17.17|
|沪电股份|002463.SZ|2021-03-23|284.18|281.11|23.56|21.16|4.87|4.52|26.7|19.74|3.99|3.81|1.21|1.21|24.69|293.43|286.04|17.1|
|沪电股份|002463.SZ|2021-03-22|288.83|285.71|23.95|21.51|4.95|4.6|27.14|20.07|4.05|3.88|1.19|1.19|25.09|298.08|290.7|17.38|
|沪电股份|002463.SZ|2021-03-19|281.59|278.55|23.35|20.97|4.83|4.48|26.46|19.56|3.95|3.78|1.23|1.23|24.46|290.84|283.45|16.95|
|沪电股份|002463.SZ|2021-03-18|287.63|284.52|23.85|21.42|4.93|4.58|27.03|19.98|4.03|3.86|1.2|1.2|24.99|296.88|289.49|17.31|
|沪电股份|002463.SZ|2021-03-17|289.7|286.56|24.02|21.57|4.97|4.61|27.22|20.13|4.06|3.89|1.19|1.19|25.17|298.95|291.56|17.43|
|沪电股份|002463.SZ|2021-03-16|286.94|283.84|23.79|21.37|4.92|4.57|26.96|19.94|4.03|3.85|1.2|1.2|24.93|296.19|288.8|17.27|
|沪电股份|002463.SZ|2021-03-15|288.32|285.2|23.91|21.47|4.94|4.59|27.09|20.03|4.04|3.87|1.2|1.2|25.05|297.57|290.18|17.35|
|沪电股份|002463.SZ|2021-03-12|296.08|292.88|24.55|22.05|5.08|4.71|27.82|20.57|4.15|3.97|1.17|1.17|25.72|305.33|297.94|17.82|
|沪电股份|002463.SZ|2021-03-11|303.15|299.87|25.14|22.57|5.2|4.82|28.49|21.06|4.25|4.07|1.14|1.14|26.33|312.4|305.01|18.24|
|沪电股份|002463.SZ|2021-03-10|297.28|294.07|24.65|22.14|5.1|4.73|27.94|20.65|4.17|3.99|1.16|1.16|25.82|306.53|299.15|17.89|
|沪电股份|002463.SZ|2021-03-09|305.91|302.6|25.37|22.78|5.25|4.87|28.75|21.25|4.29|4.11|1.13|1.13|26.57|315.15|307.77|18.4|
|沪电股份|002463.SZ|2021-03-08|310.22|306.86|25.72|23.1|5.32|4.94|29.15|21.55|4.35|4.16|1.11|1.11|26.95|319.47|312.08|18.66|
|沪电股份|002463.SZ|2021-03-05|314.35|310.96|26.07|23.41|5.39|5|29.54|21.84|4.41|4.22|1.1|1.1|27.31|323.6|316.22|18.91|
|沪电股份|002463.SZ|2021-03-04|308.32|304.99|25.57|22.96|5.29|4.91|28.97|21.42|4.33|4.14|1.12|1.12|26.78|317.57|310.18|18.55|
|沪电股份|002463.SZ|2021-03-03|313.32|309.93|25.98|23.33|5.37|4.99|29.44|21.77|4.4|4.2|1.1|1.1|27.22|322.57|315.18|18.85|
|沪电股份|002463.SZ|2021-03-02|312.11|308.74|25.88|23.24|5.35|4.97|29.33|21.68|4.38|4.19|1.11|1.11|27.11|321.36|313.98|18.78|
|沪电股份|002463.SZ|2021-03-01|314.53|311.13|26.08|23.42|5.39|5.01|29.56|21.85|4.41|4.22|1.1|1.1|27.32|323.78|316.39|18.92|
|沪电股份|002463.SZ|2021-02-26|298.66|295.43|24.77|22.24|5.12|4.75|28.07|20.75|4.19|4.01|1.16|1.16|25.94|307.91|300.53|17.97|
|沪电股份|002463.SZ|2021-02-25|294.7|291.51|24.44|21.95|5.05|4.69|27.69|20.47|4.13|3.95|1.17|1.17|25.6|303.95|296.56|17.73|
|沪电股份|002463.SZ|2021-02-24|299.7|296.46|24.85|22.32|5.14|4.77|28.16|20.82|4.2|4.02|1.15|1.15|26.03|308.95|301.56|18.03|
|沪电股份|002463.SZ|2021-02-23|298.84|295.6|24.78|22.25|5.12|4.76|28.08|20.76|4.19|4.01|1.15|1.15|25.96|308.08|300.7|17.98|
|沪电股份|002463.SZ|2021-02-22|304.35|301.06|25.24|22.66|5.22|4.84|28.6|21.15|4.27|4.08|1.13|1.13|26.44|313.6|306.22|18.31|
|沪电股份|002463.SZ|2021-02-19|306.08|302.77|25.38|22.79|5.25|4.87|28.76|21.27|4.29|4.11|1.13|1.13|26.59|315.33|307.94|18.41|
|沪电股份|002463.SZ|2021-02-18|297.63|294.41|24.68|22.16|5.1|4.74|27.97|20.68|4.18|3.99|1.16|1.16|25.85|306.88|299.49|17.91|
|沪电股份|002463.SZ|2021-02-10|292.8|289.63|24.28|21.8|5.02|4.66|27.51|20.34|4.11|3.93|1.18|1.18|25.44|302.05|294.66|17.62|
|沪电股份|002463.SZ|2021-02-09|287.45|284.35|23.84|21.41|4.93|4.58|27.01|19.97|4.03|3.86|1.2|1.2|24.97|296.7|289.32|17.3|
|沪电股份|002463.SZ|2021-02-08|282.8|279.74|23.45|21.06|4.85|4.5|26.57|19.65|3.97|3.8|1.22|1.22|24.57|292.05|284.66|17.02|
|沪电股份|002463.SZ|2021-02-05|287.97|284.86|23.88|21.44|4.94|4.58|27.06|20.01|4.04|3.86|1.2|1.2|25.02|297.22|289.83|17.33|
|沪电股份|002463.SZ|2021-02-04|296.77|293.56|24.61|22.1|5.09|4.72|27.89|20.62|4.16|3.98|1.16|1.16|25.78|306.02|298.63|17.86|
|沪电股份|002463.SZ|2021-02-03|303.32|300.04|25.15|22.59|5.2|4.83|28.5|21.07|4.25|4.07|1.14|1.14|26.35|312.57|305.18|18.25|
|沪电股份|002463.SZ|2021-02-02|291.25|288.1|24.15|21.69|4.99|4.64|27.37|20.23|4.09|3.91|1.18|1.18|25.3|300.5|293.11|17.53|
|沪电股份|002463.SZ|2021-02-01|278.14|275.14|23.06|21.24|4.77|4.77|26.14|19.32|3.9|3.62|1.24|1.24|27.44|287.39|280.01|16.74|
|沪电股份|002463.SZ|2021-01-29|295.9|292.71|24.54|22.6|5.07|5.07|27.81|20.56|4.15|3.86|1.17|1.17|29.2|305.15|297.77|17.81|
|沪电股份|002463.SZ|2021-01-28|307.97|304.65|25.54|23.52|5.28|5.28|28.94|21.4|4.32|4.01|1.12|1.12|30.39|317.22|309.84|18.53|
|沪电股份|002463.SZ|2021-01-27|317.29|313.86|26.31|24.23|5.44|5.44|29.82|22.04|4.45|4.13|1.09|1.09|31.31|326.54|319.15|19.08|
|沪电股份|002463.SZ|2021-01-26|315.39|311.98|26.15|24.09|5.41|5.41|29.64|21.91|4.42|4.11|1.09|1.09|31.12|324.64|317.25|18.97|
|沪电股份|002463.SZ|2021-01-25|318.32|314.88|26.4|24.31|5.46|5.46|29.91|22.12|4.47|4.15|1.08|1.08|31.41|327.57|320.18|19.15|
|沪电股份|002463.SZ|2021-01-22|327.98|324.43|27.2|25.05|5.62|5.62|30.82|22.79|4.6|4.27|1.05|1.05|32.36|337.23|329.84|19.72|
|沪电股份|002463.SZ|2021-01-21|321.42|317.95|26.65|24.55|5.51|5.51|30.2|22.33|4.51|4.19|1.07|1.07|31.72|330.67|323.29|19.33|
|沪电股份|002463.SZ|2021-01-20|323.49|320|26.82|24.71|5.55|5.55|30.4|22.48|4.54|4.21|1.07|1.07|31.92|332.74|325.36|19.46|
|沪电股份|002463.SZ|2021-01-19|330.22|326.65|27.38|25.22|5.66|5.66|31.03|22.94|4.63|4.3|1.04|1.04|32.58|339.47|332.08|19.86|
|沪电股份|002463.SZ|2021-01-18|340.22|336.54|28.21|25.98|5.83|5.83|31.97|23.64|4.77|4.43|1.01|1.01|33.57|349.47|342.08|20.46|
|沪电股份|002463.SZ|2021-01-15|334.53|330.91|27.74|25.55|5.74|5.74|31.44|23.24|4.69|4.36|1.03|1.03|33.01|343.78|336.39|20.12|
|沪电股份|002463.SZ|2021-01-14|345.22|341.49|28.63|26.37|5.92|5.92|32.44|23.98|4.84|4.5|1|1|34.06|354.47|347.08|20.75|
|沪电股份|002463.SZ|2021-01-13|343.84|340.12|28.51|26.26|5.9|5.9|32.31|23.89|4.82|4.48|1|1|33.93|353.09|345.7|20.67|
|沪电股份|002463.SZ|2021-01-12|332.81|329.21|27.6|25.42|5.71|5.71|31.27|23.12|4.67|4.34|1.04|1.04|32.84|342.05|334.67|20.01|
|沪电股份|002463.SZ|2021-01-11|337.12|333.47|27.95|25.75|5.78|5.78|31.68|23.42|4.73|4.39|1.02|1.02|33.26|346.37|338.98|20.27|
|沪电股份|002463.SZ|2021-01-08|332.98|329.38|27.61|25.43|5.71|5.71|31.29|23.13|4.67|4.34|1.04|1.04|32.86|342.23|334.84|20.02|
|沪电股份|002463.SZ|2021-01-07|329.53|325.97|27.32|25.17|5.65|5.65|30.97|22.89|4.62|4.29|1.05|1.05|32.52|338.78|331.39|19.82|
|沪电股份|002463.SZ|2021-01-06|334.19|330.57|27.71|25.52|5.73|5.73|31.4|23.22|4.69|4.35|1.03|1.03|32.97|343.43|336.05|20.09|
|沪电股份|002463.SZ|2021-01-05|342.29|338.59|28.38|26.14|5.87|5.87|32.16|23.78|4.8|4.46|1.01|1.01|33.77|351.54|344.15|20.58|
|沪电股份|002463.SZ|2021-01-04|327.29|323.75|27.14|25|5.61|5.61|30.75|22.74|4.59|4.26|1.05|1.05|32.29|336.54|329.15|19.68|",2026-07-18T11:26:52.013620+08:00
