vendor,tool_name,query,result_index,api_name,title,score,table_markdown,retrieved_at
gildata,FinQuery,天孚通信2021年1月至2026年7月市盈率TTM历史走势,1,股票价值分析,,,"|股票名称|股票代码|交易日|总市值（亿元）|流通市值（亿元）|市盈率PE(LYR)|市盈率PE(TTM)|市净率PB(MRQ)|市净率PB(LF)|市现率PCF(LYR)|市现率PCF(TTM)|市销率PS(LYR)|市销率PS(TTM)|股息率|滚动股息率|PEG|企业价值(含货币资金)EV1(亿元)|企业价值(剔除货币资金)EV2(亿元)|企业价值倍数EV2/EBITDA|
|----------|----------|----------|----------|----------|----------|----------|----------|----------|----------|----------|----------|----------|----------|----------|----------|----------|----------|----------|
|天孚通信|300394.SZ|2026-07-17|2305.68|2300.53|114.3|106.16|38.56|42.18|123.42|131.24|44.65|41.55|0.29|0.41|274.07|2305.69|2275.42|93.19|
|天孚通信|300394.SZ|2026-07-16|2663.03|2657.08|132.01|122.62|44.53|48.71|142.54|151.58|51.57|47.99|0.25|0.35|316.55|2663.05|2632.78|107.82|
|天孚通信|300394.SZ|2026-07-15|2829.6|2823.28|140.27|130.28|47.32|51.76|151.46|161.06|54.8|50.99|0.24|0.33|336.35|2829.62|2799.35|114.64|
|天孚通信|300394.SZ|2026-07-14|2983.52|2976.85|147.9|137.37|49.89|54.58|159.7|169.82|57.78|53.77|0.22|0.31|354.64|2983.53|2953.26|120.94|
|天孚通信|300394.SZ|2026-07-13|2828.62|2822.3|140.22|130.24|47.3|51.74|151.41|161|54.78|50.97|0.24|0.33|336.23|2828.64|2798.36|114.6|
|天孚通信|300394.SZ|2026-07-10|2957.44|2950.84|146.61|136.17|49.46|54.1|158.3|168.34|57.28|53.3|0.23|0.32|351.55|2957.46|2927.19|119.88|
|天孚通信|300394.SZ|2026-07-09|2961.59|2954.97|146.81|136.36|49.53|54.17|158.53|168.57|57.36|53.37|0.23|0.32|352.04|2961.61|2931.34|120.05|
|天孚通信|300394.SZ|2026-07-08|2679.94|2673.95|132.85|123.39|44.82|49.02|143.45|152.54|51.9|48.3|0.25|0.35|318.56|2679.96|2649.69|108.51|
|天孚通信|300394.SZ|2026-07-07|2662.59|2656.65|131.99|122.6|44.53|48.71|142.52|151.55|51.57|47.98|0.25|0.35|316.5|2662.61|2632.34|107.8|
|天孚通信|300394.SZ|2026-07-06|2585.26|2579.48|128.16|119.03|43.23|47.29|138.38|147.15|50.07|46.59|0.26|0.36|307.3|2585.27|2555|104.64|
|天孚通信|300394.SZ|2026-07-03|2728.15|2722.06|135.24|125.61|45.62|49.9|146.03|155.28|52.84|49.16|0.24|0.34|324.29|2728.17|2697.9|110.49|
|天孚通信|300394.SZ|2026-07-02|2735.46|2729.35|135.6|125.95|45.74|50.04|146.42|155.7|52.98|49.3|0.24|0.34|325.16|2735.48|2705.21|110.79|
|天孚通信|300394.SZ|2026-07-01|3108.85|3101.91|154.11|143.14|51.99|56.87|166.41|176.95|60.21|56.02|0.21|0.3|369.54|3108.87|3078.6|126.08|
|天孚通信|300394.SZ|2026-06-30|3301.71|3294.33|163.67|152.02|55.21|60.4|176.73|187.93|63.94|59.5|0.2|0.28|392.47|3301.73|3271.46|133.98|
|天孚通信|300394.SZ|2026-06-29|3219.57|3212.38|159.6|148.24|53.84|58.89|172.34|183.26|62.35|58.02|0.21|0.29|382.7|3219.59|3189.32|130.61|
|天孚通信|300394.SZ|2026-06-26|3468.82|3461.07|171.96|159.72|58.01|63.45|185.68|197.44|67.18|62.51|0.19|0.27|412.33|3468.84|3438.57|140.82|
|天孚通信|300394.SZ|2026-06-25|3730.29|3721.96|184.92|171.76|62.38|68.24|199.67|212.33|72.24|67.22|0.18|0.25|443.41|3730.31|3700.04|151.53|
|天孚通信|300394.SZ|2026-06-24|3548.24|3540.31|175.89|163.37|59.34|64.91|189.93|201.96|68.72|63.94|0.19|0.26|421.77|3548.25|3517.98|144.07|
|天孚通信|300394.SZ|2026-06-23|3393.12|3385.54|168.2|156.23|56.74|62.07|181.62|193.13|65.71|61.15|0.2|0.28|403.33|3393.14|3362.87|137.72|
|天孚通信|300394.SZ|2026-06-22|3557.4|3549.45|176.35|163.8|59.49|65.07|190.42|202.48|68.9|64.11|0.19|0.26|422.86|3557.42|3527.15|144.45|
|天孚通信|300394.SZ|2026-06-18|3671.72|3663.51|182.01|169.06|61.4|67.16|196.54|208.99|71.11|66.17|0.18|0.25|436.45|3671.73|3641.46|149.13|
|天孚通信|300394.SZ|2026-06-17|3592.41|3584.39|178.08|165.41|60.08|65.71|192.29|204.48|69.57|64.74|0.19|0.26|427.02|3592.43|3562.16|145.88|
|天孚通信|300394.SZ|2026-06-16|3542.02|3534.1|175.59|163.09|59.23|64.79|189.59|201.61|68.6|63.83|0.19|0.26|421.03|3542.03|3511.76|143.82|
|天孚通信|300394.SZ|2026-06-15|3327.45|3320.02|164.95|153.21|55.64|60.87|178.11|189.4|64.44|59.96|0.2|0.28|395.53|3327.47|3297.2|135.03|
|天孚通信|300394.SZ|2026-06-12|3064.67|3057.83|151.92|141.11|51.25|56.06|164.04|174.44|59.35|55.23|0.22|0.3|364.29|3064.69|3034.42|124.27|
|天孚通信|300394.SZ|2026-06-11|3212.48|3205.3|159.25|147.91|53.72|53.43|171.96|182.85|62.22|57.89|0.21|0.12|381.86|3212.5|3182.23|130.32|
|天孚通信|300394.SZ|2026-06-10|3202.97|3195.82|158.78|147.48|53.56|53.27|171.45|182.31|62.03|57.72|0.21|0.12|380.73|3202.99|3172.72|129.93|
|天孚通信|300394.SZ|2026-06-09|3458.85|3451.12|171.46|159.26|57.84|57.53|185.14|196.88|66.99|62.33|0.19|0.11|411.15|3458.87|3428.6|140.41|
|天孚通信|300394.SZ|2026-06-08|3312.29|3304.89|164.2|152.51|55.39|55.09|177.3|188.53|64.15|59.69|0.2|0.2|393.72|3312.31|3282.04|134.41|
|天孚通信|300394.SZ|2026-06-05|3560.76|3552.81|176.51|163.95|59.55|59.23|190.6|202.68|68.96|64.17|0.19|0.19|423.26|3560.78|3530.51|144.59|
|天孚通信|300394.SZ|2026-06-04|3743.48|3735.97|185.57|172.36|62.6|62.27|200.38|213.08|72.5|67.46|0.18|0.18|444.98|3743.49|3713.22|152.07|
|天孚通信|300394.SZ|2026-06-03|3875.39|3867.61|192.11|178.44|64.81|64.46|207.44|220.58|75.05|69.84|0.17|0.17|460.66|3875.41|3845.14|157.47|
|天孚通信|300394.SZ|2026-06-02|3560.76|3553.62|176.51|163.95|59.55|59.23|190.6|202.68|68.96|64.17|0.19|0.19|423.26|3560.78|3530.51|144.59|
|天孚通信|300394.SZ|2026-06-01|3341.66|3334.96|165.65|153.86|55.88|55.58|178.87|190.21|64.72|60.22|0.2|0.2|397.22|3341.68|3311.41|135.61|
|天孚通信|300394.SZ|2026-05-29|3546.74|3539.62|175.82|163.3|59.31|58.99|189.85|201.88|68.69|63.92|0.19|0.19|421.59|3546.76|3516.49|144.01|
|天孚通信|300394.SZ|2026-05-28|3487.21|3480.21|172.87|160.56|58.32|58|186.66|198.49|67.54|62.84|0.19|0.19|414.52|3487.23|3456.96|141.57|
|天孚通信|300394.SZ|2026-05-27|3339.56|3332.86|165.55|153.77|55.85|55.55|178.76|190.09|64.68|60.18|0.2|0.2|396.97|3339.58|3309.31|135.53|
|天孚通信|300394.SZ|2026-05-26|3169.31|3162.95|157.11|145.93|53|52.72|169.65|180.4|61.38|57.11|0.21|0.21|376.73|3169.33|3139.06|128.55|
|天孚通信|300394.SZ|2026-05-25|3091.32|3085.12|153.24|142.34|51.7|51.42|165.47|175.96|59.87|55.71|0.22|0.22|367.46|3091.34|3061.07|125.36|
|天孚通信|300394.SZ|2026-05-22|2902.37|2896.55|143.88|133.64|48.54|48.27|155.36|165.2|56.21|52.3|0.23|0.23|345|2902.39|2872.12|117.62|
|天孚通信|300394.SZ|2026-05-21|2627.41|2622.14|130.25|120.98|43.94|43.7|140.64|149.55|50.88|47.35|0.25|0.25|312.31|2627.42|2597.15|106.36|
|天孚通信|300394.SZ|2026-05-20|2797.11|2791.5|138.66|128.79|46.78|46.52|149.72|159.21|54.17|50.41|0.24|0.24|332.49|2797.13|2766.86|113.31|
|天孚通信|300394.SZ|2026-05-19|2828.35|2822.68|140.21|130.23|47.3|47.04|151.39|160.99|54.78|50.97|0.24|0.24|336.2|2828.37|2798.1|114.59|
|天孚通信|300394.SZ|2026-05-18|2999.38|2993.36|148.69|138.1|50.16|49.89|160.55|170.72|58.09|54.05|0.22|0.22|356.53|2999.4|2969.13|121.59|
|天孚通信|300394.SZ|2026-05-15|3116.57|3110.31|154.49|143.5|52.12|51.84|166.82|177.39|60.36|56.16|0.21|0.21|370.46|3116.58|3086.31|126.39|
|天孚通信|300394.SZ|2026-05-14|3054.31|3048.18|151.41|140.63|51.08|50.8|163.49|173.85|59.15|55.04|0.22|0.22|363.06|3054.33|3024.06|123.84|
|天孚通信|300394.SZ|2026-05-13|2946.71|2940.8|146.07|135.68|49.28|49.01|157.73|167.72|57.07|53.1|0.23|0.23|350.27|2946.72|2916.45|119.44|
|天孚通信|300394.SZ|2026-05-12|2668.24|2662.88|132.27|122.86|44.62|44.38|142.82|151.87|51.68|48.08|0.25|0.25|317.17|2668.25|2637.98|108.03|
|天孚通信|300394.SZ|2026-05-11|2586.19|2581|128.2|119.08|43.25|43.02|138.43|147.2|50.09|46.61|0.26|0.26|307.41|2586.21|2555.94|104.67|
|天孚通信|300394.SZ|2026-05-08|2542.4|2537.3|126.03|117.06|42.52|42.29|136.09|144.71|49.24|45.82|0.26|0.26|302.21|2542.42|2512.15|102.88|
|天孚通信|300394.SZ|2026-05-07|2556.74|2551.61|126.74|117.72|42.76|42.53|136.86|145.53|49.52|46.08|0.26|0.26|303.91|2556.75|2526.48|103.47|
|天孚通信|300394.SZ|2026-05-06|2463.39|2458.45|122.12|113.42|41.19|40.97|131.86|140.21|47.71|44.39|0.27|0.27|292.82|2463.41|2433.14|99.64|
|天孚通信|300394.SZ|2026-04-30|2395.92|2391.11|118.77|110.32|40.07|39.85|128.25|136.37|46.4|43.18|0.28|0.28|284.8|2395.94|2365.67|96.88|
|天孚通信|300394.SZ|2026-04-29|2423.89|2419.03|120.16|111.6|40.53|40.32|129.74|137.97|46.94|43.68|0.27|0.27|288.12|2423.91|2393.64|98.03|
|天孚通信|300394.SZ|2026-04-28|2413.84|2409|119.66|111.14|40.37|40.15|129.21|137.39|46.75|43.5|0.28|0.28|286.93|2413.86|2383.59|97.61|
|天孚通信|300394.SZ|2026-04-27|2510.85|2505.81|124.47|115.61|41.99|41.76|134.4|142.92|48.63|45.25|0.27|0.27|298.46|2510.86|2480.59|101.59|
|天孚通信|300394.SZ|2026-04-24|2523.47|2518.4|125.09|116.19|42.2|41.97|135.07|143.63|48.87|45.48|0.26|0.26|299.96|2523.48|2493.21|102.1|
|天孚通信|300394.SZ|2026-04-23|2721.66|2716.18|134.92|125.31|45.51|45.51|145.68|154.91|52.71|49.05|0.24|0.24|323.52|2721.67|2691.4|110.22|
|天孚通信|300394.SZ|2026-04-22|2918.5|2912.63|144.68|134.38|48.81|48.81|156.22|166.12|56.52|52.59|0.23|0.23|346.92|2918.51|2888.24|118.28|
|天孚通信|300394.SZ|2026-04-21|2744.28|2738.76|136.04|126.36|45.89|45.89|146.89|156.2|53.15|49.45|0.24|0.24|326.21|2744.29|2714.02|111.15|
|天孚通信|300394.SZ|2026-04-20|2911.42|2905.57|144.33|144.33|52.88|52.88|155.84|155.84|56.39|56.39|0.23|0.23|396.62|2911.44|2881.47|118|
|天孚通信|300394.SZ|2026-04-17|2948.58|2942.65|146.17|146.17|53.55|53.55|157.83|157.83|57.11|57.11|0.23|0.23|401.68|2948.6|2918.63|119.53|
|天孚通信|300394.SZ|2026-04-16|2764.26|2758.7|137.03|137.03|50.2|50.2|147.96|147.96|53.54|53.54|0.24|0.24|376.57|2764.27|2734.31|111.98|
|天孚通信|300394.SZ|2026-04-15|2570.6|2565.43|127.43|127.43|46.69|46.69|137.6|137.6|49.78|49.78|0.26|0.26|350.19|2570.62|2540.65|104.05|
|天孚通信|300394.SZ|2026-04-14|2688.62|2683.21|133.28|133.28|48.83|48.83|143.91|143.91|52.07|52.07|0.25|0.25|366.27|2688.63|2658.67|108.88|
|天孚通信|300394.SZ|2026-04-13|2728.73|2723.24|135.27|135.27|49.56|49.56|146.06|146.06|52.85|52.85|0.24|0.24|371.73|2728.75|2698.78|110.52|
|天孚通信|300394.SZ|2026-04-10|2790.15|2784.53|138.31|138.31|50.67|50.67|149.35|149.35|54.04|54.04|0.24|0.24|380.1|2790.16|2760.2|113.04|
|天孚通信|300394.SZ|2026-04-09|2696.86|2691.43|133.69|133.69|48.98|48.98|144.36|144.36|52.23|52.23|0.25|0.25|367.39|2696.87|2666.91|109.22|
|天孚通信|300394.SZ|2026-04-08|2619.89|2614.62|129.87|129.87|47.58|47.58|140.24|140.24|50.74|50.74|0.25|0.25|356.91|2619.91|2589.94|106.07|
|天孚通信|300394.SZ|2026-04-07|2467.21|2462.25|183.64|134.64|50.58|50.58|195.42|144.02|75.87|51.66|0.27|0.27|377.27|2467.22|2440.89|153.06|
|天孚通信|300394.SZ|2026-04-03|2595.48|2590.26|193.18|141.64|53.21|53.21|205.58|151.5|79.82|54.35|0.26|0.26|396.88|2595.5|2569.16|161.1|
|天孚通信|300394.SZ|2026-04-02|2509.5|2504.45|186.78|136.95|51.44|51.44|198.77|146.48|77.17|52.55|0.27|0.27|383.74|2509.51|2483.18|155.71|
|天孚通信|300394.SZ|2026-04-01|2591.36|2586.15|192.88|141.42|53.12|53.12|205.25|151.26|79.69|54.26|0.26|0.26|396.25|2591.38|2565.04|160.84|
|天孚通信|300394.SZ|2026-03-31|2344.69|2339.97|174.52|127.95|48.07|48.07|185.72|136.86|72.11|49.1|0.28|0.28|358.53|2344.7|2318.37|145.38|
|天孚通信|300394.SZ|2026-03-30|2462.93|2457.98|183.32|134.41|50.49|50.49|195.08|143.77|75.74|51.58|0.27|0.27|376.61|2462.95|2436.61|152.79|
|天孚通信|300394.SZ|2026-03-27|2469.07|2464.11|183.78|134.74|50.62|50.62|195.57|144.12|75.93|51.7|0.27|0.27|377.55|2469.09|2442.76|153.18|
|天孚通信|300394.SZ|2026-03-26|2526.6|2521.52|188.06|137.88|51.8|51.8|200.12|147.48|77.7|52.91|0.26|0.26|386.35|2526.62|2500.28|156.78|
|天孚通信|300394.SZ|2026-03-25|2472.96|2467.99|184.07|134.96|50.7|50.7|195.88|144.35|76.05|51.79|0.27|0.27|378.15|2472.98|2446.64|153.42|
|天孚通信|300394.SZ|2026-03-24|2322.22|2317.55|172.85|126.73|47.61|47.61|183.94|135.55|71.42|48.63|0.29|0.29|355.1|2322.24|2295.9|143.97|
|天孚通信|300394.SZ|2026-03-23|2320.51|2315.84|172.72|126.64|47.57|47.57|183.8|135.45|71.36|48.59|0.29|0.29|354.84|2320.53|2294.19|143.86|
|天孚通信|300394.SZ|2026-03-20|2425.54|2420.66|180.54|132.37|49.72|49.72|192.12|141.58|74.59|50.79|0.27|0.27|370.9|2425.55|2399.22|150.45|
|天孚通信|300394.SZ|2026-03-19|2394.36|2389.55|178.22|130.67|49.08|49.08|189.65|139.76|73.63|50.14|0.28|0.28|366.13|2394.38|2368.05|148.49|
|天孚通信|300394.SZ|2026-03-18|2357.9|2353.16|175.5|128.68|48.34|48.34|186.76|137.64|72.51|49.38|0.28|0.28|360.55|2357.92|2331.59|146.2|
|天孚通信|300394.SZ|2026-03-17|2176.76|2172.39|162.02|118.79|44.62|44.62|172.41|127.06|66.94|45.58|0.31|0.31|332.86|2176.78|2150.45|134.85|
|天孚通信|300394.SZ|2026-03-16|2419.09|2414.22|180.06|132.01|49.59|49.59|191.61|141.21|74.39|50.66|0.28|0.28|369.91|2419.1|2392.77|150.04|
|天孚通信|300394.SZ|2026-03-13|2526.6|2521.52|188.06|137.88|51.8|51.8|200.12|147.48|77.7|52.91|0.26|0.26|386.35|2526.62|2500.28|156.78|
|天孚通信|300394.SZ|2026-03-12|2596.88|2591.66|193.29|141.72|53.24|53.24|205.69|151.59|79.86|54.38|0.26|0.26|397.1|2596.9|2570.56|161.19|
|天孚通信|300394.SZ|2026-03-11|2573.25|2568.07|191.53|140.43|52.75|52.75|203.82|150.21|79.14|53.89|0.26|0.26|393.48|2573.26|2546.93|159.71|
|天孚通信|300394.SZ|2026-03-10|2646.95|2641.62|197.02|144.45|54.26|54.26|209.66|154.51|81.4|55.43|0.25|0.25|404.75|2646.96|2620.63|164.33|
|天孚通信|300394.SZ|2026-03-09|2386.36|2381.56|177.62|130.23|48.92|48.92|189.02|139.3|73.39|49.97|0.28|0.28|364.9|2386.37|2360.04|147.99|
|天孚通信|300394.SZ|2026-03-06|2510.12|2505.07|186.83|136.98|51.46|51.46|198.82|146.52|77.19|52.56|0.27|0.27|383.83|2510.14|2483.8|155.75|
|天孚通信|300394.SZ|2026-03-05|2602.79|2597.55|193.73|142.04|53.36|53.36|206.16|151.93|80.04|54.5|0.26|0.26|398|2602.8|2576.47|161.56|
|天孚通信|300394.SZ|2026-03-04|2608.7|2603.45|194.17|142.36|53.48|53.48|206.63|152.27|80.23|54.63|0.26|0.26|398.9|2608.71|2582.38|161.93|
|天孚通信|300394.SZ|2026-03-03|2600.92|2595.69|193.59|141.94|53.32|53.32|206.01|151.82|79.99|54.47|0.26|0.26|397.71|2600.94|2574.61|161.44|
|天孚通信|300394.SZ|2026-03-02|2720.96|2715.48|202.52|148.49|55.78|55.78|215.52|158.83|83.68|56.98|0.24|0.24|416.07|2720.97|2694.64|168.97|
|天孚通信|300394.SZ|2026-02-27|2866.33|2860.57|213.34|156.42|58.76|58.76|227.03|167.31|88.15|60.02|0.23|0.23|438.3|2866.35|2840.02|178.09|
|天孚通信|300394.SZ|2026-02-26|2814.4|2808.74|209.48|153.59|57.7|57.7|222.92|164.28|86.55|58.94|0.24|0.24|430.36|2814.42|2788.08|174.83|
|天孚通信|300394.SZ|2026-02-25|2654.95|2649.61|197.61|144.89|54.43|54.43|210.29|154.97|81.65|55.6|0.25|0.25|405.98|2654.97|2628.64|164.83|
|天孚通信|300394.SZ|2026-02-24|2728.81|2723.32|203.11|148.92|55.94|55.94|216.14|159.29|83.92|57.14|0.24|0.24|417.27|2728.82|2702.49|169.46|
|天孚通信|300394.SZ|2026-02-13|2422.27|2417.4|180.29|132.19|49.66|49.66|191.86|141.39|74.49|50.72|0.28|0.28|370.4|2422.29|2395.96|150.24|
|天孚通信|300394.SZ|2026-02-12|2565.47|2560.31|190.95|140|52.59|52.59|203.2|149.75|78.9|53.72|0.26|0.26|392.29|2565.49|2539.16|159.22|
|天孚通信|300394.SZ|2026-02-11|2242.84|2238.33|166.94|122.4|45.98|45.98|177.65|130.92|68.97|46.97|0.3|0.3|342.96|2242.86|2216.53|138.99|
|天孚通信|300394.SZ|2026-02-10|2237.95|2233.45|166.57|122.13|45.88|45.88|177.26|130.63|68.82|46.86|0.3|0.3|342.21|2237.96|2211.63|138.68|
|天孚通信|300394.SZ|2026-02-09|2315.92|2311.26|172.38|126.39|47.48|47.48|183.44|135.19|71.22|48.5|0.29|0.29|354.13|2315.94|2289.6|143.57|
|天孚通信|300394.SZ|2026-02-06|1966.63|1962.67|146.38|107.32|40.32|40.32|155.77|114.8|60.48|41.18|0.34|0.34|300.72|1966.65|1940.31|121.67|
|天孚通信|300394.SZ|2026-02-05|1958.31|1954.37|145.76|106.87|40.15|40.15|155.11|114.31|60.22|41.01|0.34|0.34|299.45|1958.33|1931.99|121.15|
|天孚通信|300394.SZ|2026-02-04|2073.06|2068.89|154.3|113.13|42.5|42.5|164.2|121.01|63.75|43.41|0.32|0.32|317|2073.07|2046.74|128.34|
|天孚通信|300394.SZ|2026-02-03|2099.02|2094.8|156.23|114.55|43.03|43.03|166.26|122.52|64.55|43.95|0.32|0.32|320.97|2099.04|2072.71|129.97|
|天孚通信|300394.SZ|2026-02-02|1854.06|1850.33|138|101.18|38.01|38.01|146.85|108.23|57.02|38.83|0.36|0.36|283.51|1854.08|1827.74|114.61|
|天孚通信|300394.SZ|2026-01-30|1931.33|1927.45|143.75|105.4|39.59|39.59|152.97|112.74|59.39|40.44|0.34|0.34|295.33|1931.35|1905.02|119.46|
|天孚通信|300394.SZ|2026-01-29|1741.41|1737.91|129.62|95.03|35.7|35.7|137.93|101.65|53.55|36.47|0.38|0.38|266.28|1741.43|1715.09|107.55|
|天孚通信|300394.SZ|2026-01-28|1706.97|1703.54|127.05|93.15|34.99|34.99|135.2|99.64|52.49|35.75|0.39|0.39|261.02|1706.99|1680.66|105.39|
|天孚通信|300394.SZ|2026-01-27|1633.04|1629.76|121.55|89.12|33.48|33.48|129.35|95.32|50.22|34.2|0.41|0.41|249.71|1633.06|1606.72|100.75|
|天孚通信|300394.SZ|2026-01-26|1523.35|1520.28|113.38|83.13|31.23|31.23|120.66|88.92|46.85|31.9|0.44|0.44|232.94|1523.36|1497.03|93.87|
|天孚通信|300394.SZ|2026-01-23|1470.56|1467.6|109.46|80.25|30.15|30.15|116.48|85.84|45.22|30.79|0.45|0.45|224.87|1470.58|1444.24|90.56|
|天孚通信|300394.SZ|2026-01-22|1554.68|1551.55|115.72|84.84|31.87|31.87|123.14|90.75|47.81|32.56|0.43|0.43|237.73|1554.69|1528.36|95.84|
|天孚通信|300394.SZ|2026-01-21|1467.22|1464.27|109.21|80.07|30.08|30.08|116.21|85.64|45.12|30.72|0.45|0.45|224.36|1467.23|1440.9|90.35|
|天孚通信|300394.SZ|2026-01-20|1435.11|1432.22|106.82|78.32|29.42|29.42|113.67|83.77|44.13|30.05|0.46|0.46|219.45|1435.13|1408.79|88.34|
|天孚通信|300394.SZ|2026-01-19|1502.12|1499.1|111.8|81.97|30.79|30.79|118.98|87.68|46.19|31.46|0.44|0.44|229.69|1502.14|1475.81|92.54|
|天孚通信|300394.SZ|2026-01-16|1539.28|1536.19|114.57|84|31.56|31.56|121.92|89.85|47.34|32.23|0.43|0.43|235.38|1539.3|1512.97|94.87|
|天孚通信|300394.SZ|2026-01-15|1505.7|1502.67|112.07|82.17|30.87|30.87|119.26|87.89|46.3|31.53|0.44|0.44|230.24|1505.72|1479.38|92.77|
|天孚通信|300394.SZ|2026-01-14|1488.75|1485.76|110.81|81.24|30.52|30.52|117.92|86.9|45.78|31.18|0.45|0.45|227.65|1488.77|1462.43|91.7|
|天孚通信|300394.SZ|2026-01-13|1477.09|1474.12|109.94|80.61|30.28|30.28|117|86.22|45.43|30.93|0.45|0.45|225.87|1477.11|1450.77|90.97|
|天孚通信|300394.SZ|2026-01-12|1573.57|1570.4|117.12|85.87|32.26|32.26|124.64|91.85|48.39|32.95|0.42|0.42|240.62|1573.58|1547.25|97.02|
|天孚通信|300394.SZ|2026-01-09|1547.06|1543.95|115.15|84.43|31.71|31.71|122.54|90.3|47.58|32.4|0.43|0.43|236.57|1547.07|1520.74|95.36|
|天孚通信|300394.SZ|2026-01-08|1517.9|1514.85|112.98|82.84|31.12|31.12|120.23|88.6|46.68|31.79|0.44|0.44|232.11|1517.92|1491.59|93.53|
|天孚通信|300394.SZ|2026-01-07|1571.78|1568.62|116.99|85.78|32.22|32.22|124.5|91.75|48.34|32.91|0.42|0.42|240.35|1571.8|1545.46|96.91|
|天孚通信|300394.SZ|2026-01-06|1568.51|1565.36|116.75|85.6|32.15|32.15|124.24|91.56|48.24|32.85|0.42|0.42|239.85|1568.53|1542.2|96.7|
|天孚通信|300394.SZ|2026-01-05|1582.82|1579.64|117.81|86.38|32.45|32.45|125.37|92.39|48.68|33.15|0.42|0.42|242.03|1582.84|1556.5|97.6|
|天孚通信|300394.SZ|2025-12-31|1578.39|1575.21|117.48|86.14|32.36|32.36|125.02|92.13|48.54|33.05|0.43|0.42|241.36|1578.4|1552.07|97.32|
|天孚通信|300394.SZ|2025-12-30|1651.78|1648.45|122.94|90.14|33.86|33.86|130.83|96.42|50.8|34.59|0.41|0.4|252.58|1651.79|1625.46|101.93|
|天孚通信|300394.SZ|2025-12-29|1654.11|1650.78|123.12|90.27|33.91|33.91|131.02|96.55|50.87|34.64|0.41|0.4|252.93|1654.12|1627.79|102.07|
|天孚通信|300394.SZ|2025-12-26|1658.31|1654.97|123.43|90.5|34|34|131.35|96.8|51|34.73|0.41|0.4|253.58|1658.32|1631.99|102.34|
|天孚通信|300394.SZ|2025-12-25|1669.89|1666.53|124.29|91.13|34.23|34.23|132.27|97.47|51.35|34.97|0.4|0.4|255.35|1669.91|1643.57|103.06|
|天孚通信|300394.SZ|2025-12-24|1734.18|1730.69|129.08|94.64|35.55|35.55|137.36|101.23|53.33|36.31|0.39|0.38|265.18|1734.2|1707.86|107.09|
|天孚通信|300394.SZ|2025-12-23|1728.04|1724.56|128.62|94.3|35.42|35.42|136.87|100.87|53.14|36.19|0.39|0.39|264.24|1728.06|1701.72|106.71|
|天孚通信|300394.SZ|2025-12-22|1733.64|1730.15|129.04|94.61|35.54|35.54|137.32|101.2|53.31|36.3|0.39|0.38|265.1|1733.65|1707.32|107.06|
|天孚通信|300394.SZ|2025-12-19|1663.9|1660.56|123.85|90.8|34.11|34.11|131.79|97.13|51.17|34.84|0.4|0.4|254.43|1663.92|1637.59|102.69|
|天孚通信|300394.SZ|2025-12-18|1701.06|1697.64|126.61|92.83|34.87|34.87|134.74|99.29|52.31|35.62|0.4|0.39|260.11|1701.08|1674.75|105.02|
|天孚通信|300394.SZ|2025-12-17|1693.06|1689.65|126.02|92.39|34.71|34.71|134.1|98.83|52.07|35.45|0.4|0.39|258.89|1693.07|1666.74|104.51|
|天孚通信|300394.SZ|2025-12-16|1549.39|1546.27|115.32|84.55|31.76|31.76|122.72|90.44|47.65|32.45|0.43|0.43|236.92|1549.41|1523.07|95.51|
|天孚通信|300394.SZ|2025-12-15|1629.62|1626.34|121.29|88.93|33.41|33.41|129.08|95.12|50.12|34.13|0.41|0.41|249.19|1629.64|1603.3|100.54|
|天孚通信|300394.SZ|2025-12-12|1672.69|1669.32|124.5|91.28|34.29|34.29|132.49|97.64|51.44|35.03|0.4|0.4|255.78|1672.7|1646.37|103.24|
|天孚通信|300394.SZ|2025-12-11|1707.83|1704.39|127.12|93.2|35.01|35.01|135.27|99.69|52.52|35.76|0.39|0.39|261.15|1707.84|1681.51|105.44|
|天孚通信|300394.SZ|2025-12-10|1829.73|1826.05|136.19|99.85|37.51|37.51|144.93|106.8|56.27|38.32|0.37|0.36|279.79|1829.74|1803.41|113.08|
|天孚通信|300394.SZ|2025-12-09|1866.96|1863.21|138.96|101.88|38.27|38.27|147.88|108.98|57.41|39.1|0.36|0.36|285.48|1866.98|1840.65|115.42|
|天孚通信|300394.SZ|2025-12-08|1841.7|1837.99|137.08|100.51|37.75|37.75|145.88|107.5|56.64|38.57|0.37|0.36|281.62|1841.71|1815.38|113.83|
|天孚通信|300394.SZ|2025-12-05|1545.11|1542.01|115|84.32|31.67|31.67|122.38|90.19|47.52|32.36|0.44|0.43|236.27|1545.13|1518.8|95.24|
|天孚通信|300394.SZ|2025-12-04|1454.7|1451.77|108.28|79.39|29.82|29.82|115.22|84.91|44.74|30.46|0.46|0.46|222.44|1454.72|1428.38|89.57|
|天孚通信|300394.SZ|2025-12-03|1348.43|1345.72|100.37|73.59|27.64|27.64|106.8|78.71|41.47|28.24|0.5|0.49|206.19|1348.44|1322.11|82.9|
|天孚通信|300394.SZ|2025-12-02|1259.26|1256.73|93.73|68.72|25.81|25.81|99.74|73.51|38.73|26.37|0.53|0.53|192.56|1259.27|1232.94|77.31|
|天孚通信|300394.SZ|2025-12-01|1230.8|1228.33|91.61|67.17|25.23|25.23|97.49|71.84|37.85|25.77|0.55|0.54|188.21|1230.82|1204.49|75.53|
|天孚通信|300394.SZ|2025-11-28|1228.32|1225.85|91.43|67.03|25.18|25.18|97.29|71.7|37.77|25.72|0.55|0.54|187.83|1228.33|1202|75.37|
|天孚通信|300394.SZ|2025-11-27|1205.69|1203.27|89.74|65.8|24.72|24.72|95.5|70.38|37.08|25.25|0.56|0.55|184.37|1205.71|1179.38|73.95|
|天孚通信|300394.SZ|2025-11-26|1220.15|1217.7|90.82|66.59|25.01|25.01|96.64|71.22|37.52|25.55|0.55|0.55|186.58|1220.17|1193.84|74.86|
|天孚通信|300394.SZ|2025-11-25|1148.48|1146.17|85.48|62.67|23.54|23.54|90.97|67.04|35.32|24.05|0.59|0.58|175.62|1148.49|1122.16|70.37|
|天孚通信|300394.SZ|2025-11-24|1121.11|1118.86|83.45|61.18|22.98|22.98|88.8|65.44|34.48|23.48|0.6|0.59|171.43|1121.13|1094.79|68.65|
|天孚通信|300394.SZ|2025-11-21|1153.14|1150.82|85.83|62.93|23.64|23.64|91.34|67.31|35.46|24.15|0.58|0.58|176.33|1153.16|1126.82|70.66|
|天孚通信|300394.SZ|2025-11-20|1244.49|1241.98|92.63|67.91|25.51|25.51|98.57|72.64|38.27|26.06|0.54|0.54|190.3|1244.5|1218.17|76.39|
|天孚通信|300394.SZ|2025-11-19|1191.08|1188.68|88.65|65|24.42|24.42|94.34|69.53|36.63|24.94|0.56|0.56|182.13|1191.1|1164.76|73.04|
|天孚通信|300394.SZ|2025-11-18|1186.34|1183.95|88.3|64.74|24.32|24.32|93.97|69.25|36.48|24.84|0.57|0.56|181.41|1186.35|1160.02|72.74|
|天孚通信|300394.SZ|2025-11-17|1173.12|1170.76|87.32|64.02|24.05|24.05|92.92|68.48|36.08|24.57|0.57|0.57|179.39|1173.14|1146.8|71.91|
|天孚通信|300394.SZ|2025-11-14|1208.65|1206.22|89.96|65.96|24.78|24.78|95.73|70.55|37.17|25.31|0.56|0.55|184.82|1208.66|1182.33|74.14|
|天孚通信|300394.SZ|2025-11-13|1265.17|1262.62|94.17|69.04|25.94|25.94|100.21|73.85|38.91|26.49|0.53|0.53|193.46|1265.18|1238.85|77.68|
|天孚通信|300394.SZ|2025-11-12|1274.96|1272.4|94.9|69.58|26.14|26.14|100.99|74.42|39.21|26.7|0.53|0.52|194.96|1274.98|1248.65|78.3|
|天孚通信|300394.SZ|2025-11-11|1287.25|1284.66|95.81|70.25|26.39|26.39|101.96|75.14|39.59|26.96|0.52|0.52|196.84|1287.26|1260.93|79.07|
|天孚通信|300394.SZ|2025-11-10|1399.35|1396.53|104.16|76.37|28.69|28.69|110.84|81.68|43.03|29.3|0.48|0.48|213.98|1399.36|1373.03|86.1|
|天孚通信|300394.SZ|2025-11-07|1360.48|1357.74|101.26|74.24|27.89|27.89|107.76|79.41|41.84|28.49|0.49|0.49|208.03|1360.49|1334.16|83.66|
|天孚通信|300394.SZ|2025-11-06|1207.48|1205.05|89.87|65.9|24.75|24.75|95.64|70.48|37.13|25.29|0.56|0.55|184.64|1207.5|1181.17|74.07|
|天孚通信|300394.SZ|2025-11-05|1178.17|1175.8|87.69|64.3|24.15|24.15|93.32|68.77|36.23|24.67|0.57|0.57|180.16|1178.19|1151.86|72.23|
|天孚通信|300394.SZ|2025-11-04|1196.75|1194.35|89.08|65.31|24.53|24.53|94.79|69.86|36.8|25.06|0.56|0.56|183|1196.77|1170.44|73.39|
|天孚通信|300394.SZ|2025-11-03|1205.46|1203.04|89.72|65.78|24.71|24.71|95.48|70.37|37.07|25.24|0.56|0.55|184.33|1205.48|1179.14|73.94|
|天孚通信|300394.SZ|2025-10-31|1228.39|1225.92|91.43|67.04|25.18|25.18|97.3|71.7|37.78|25.72|0.55|0.54|187.84|1228.41|1202.08|75.38|
|天孚通信|300394.SZ|2025-10-30|1337.31|1334.62|99.54|72.98|27.41|27.41|105.92|78.06|41.13|28|0.5|0.5|204.49|1337.33|1310.99|82.21|
|天孚通信|300394.SZ|2025-10-29|1512.07|1509.03|112.55|95.18|32.26|35.18|119.77|108.74|46.5|36.42|0.44|0.44|288.89|1512.49|1492.79|93.61|
|天孚通信|300394.SZ|2025-10-28|1470.17|1467.21|109.43|92.55|31.37|34.2|116.45|105.73|45.21|35.41|0.46|0.45|280.89|1470.59|1450.89|90.98|
|天孚通信|300394.SZ|2025-10-27|1477.56|1474.59|109.98|93.01|31.52|34.37|117.03|106.26|45.44|35.59|0.46|0.45|282.3|1477.97|1458.28|91.44|
|天孚通信|300394.SZ|2025-10-24|1383.8|1381.02|103|87.11|29.52|32.19|109.61|99.52|42.56|33.33|0.49|0.48|264.38|1384.22|1364.52|85.56|
|天孚通信|300394.SZ|2025-10-23|1299.84|1297.23|96.75|81.82|27.73|30.24|102.96|93.48|39.97|31.31|0.52|0.51|248.34|1300.25|1280.56|80.3|
|天孚通信|300394.SZ|2025-10-22|1388.08|1385.28|103.32|87.38|29.61|32.29|109.95|99.83|42.69|33.43|0.48|0.48|265.2|1388.49|1368.8|85.83|
|天孚通信|300394.SZ|2025-10-21|1296.34|1293.73|96.49|81.6|27.66|30.16|102.68|93.23|39.87|31.22|0.52|0.51|247.67|1296.76|1277.06|80.08|
|天孚通信|300394.SZ|2025-10-20|1228.08|1225.61|91.41|77.31|26.2|28.57|97.27|88.32|37.77|29.58|0.55|0.54|234.63|1228.5|1208.8|75.8|
|天孚通信|300394.SZ|2025-10-17|1139.61|1137.32|84.82|71.74|24.31|26.51|90.27|81.96|35.05|27.45|0.59|0.58|217.73|1140.03|1120.33|70.25|
|天孚通信|300394.SZ|2025-10-16|1171.95|1169.6|87.23|73.77|25|27.26|92.83|84.28|36.04|28.23|0.57|0.57|223.91|1172.37|1152.67|72.28|
|天孚通信|300394.SZ|2025-10-15|1167.6|1165.25|86.91|73.5|24.91|27.16|92.48|83.97|35.91|28.12|0.58|0.57|223.08|1168.02|1148.32|72.01|
|天孚通信|300394.SZ|2025-10-14|1157.96|1155.63|86.19|72.89|24.71|26.94|91.72|83.28|35.61|27.89|0.58|0.58|221.24|1158.38|1138.68|71.4|
|天孚通信|300394.SZ|2025-10-13|1219.61|1217.16|90.78|76.77|26.02|28.37|96.6|87.71|37.51|29.38|0.55|0.55|233.01|1220.03|1200.33|75.27|
|天孚通信|300394.SZ|2025-10-10|1229.87|1227.4|91.54|77.42|26.24|28.61|97.41|88.45|37.82|29.62|0.55|0.54|234.97|1230.29|1210.59|75.91|
|天孚通信|300394.SZ|2025-10-09|1274.96|1272.4|94.9|80.26|27.2|29.66|100.99|91.69|39.21|30.71|0.53|0.52|243.59|1275.38|1255.68|78.74|
|天孚通信|300394.SZ|2025-09-30|1304.5|1301.88|97.1|82.12|27.83|30.35|103.33|93.82|40.12|31.42|0.52|0.51|249.23|1304.92|1285.22|80.59|
|天孚通信|300394.SZ|2025-09-29|1368.95|1366.2|101.89|86.18|29.21|31.85|108.43|98.45|42.1|32.97|0.49|0.49|261.55|1369.37|1349.67|84.63|
|天孚通信|300394.SZ|2025-09-26|1351.54|1348.82|100.6|85.08|28.84|31.44|107.05|97.2|41.56|32.55|0.5|0.49|258.22|1351.95|1332.26|83.54|
|天孚通信|300394.SZ|2025-09-25|1418.01|1415.15|105.54|89.26|30.25|32.99|112.32|101.98|43.61|34.16|0.47|0.47|270.92|1418.42|1398.73|87.71|
|天孚通信|300394.SZ|2025-09-24|1418.86|1416.01|105.61|89.32|30.27|33.01|112.38|102.04|43.63|34.18|0.47|0.47|271.08|1419.28|1399.58|87.76|
|天孚通信|300394.SZ|2025-09-23|1475.54|1472.57|109.83|92.88|31.48|34.33|116.87|106.12|45.38|35.54|0.46|0.45|281.91|1475.95|1456.26|91.32|
|天孚通信|300394.SZ|2025-09-22|1442.81|1439.9|107.39|90.82|30.78|33.57|114.28|103.76|44.37|34.75|0.47|0.46|275.66|1443.22|1423.53|89.26|
|天孚通信|300394.SZ|2025-09-19|1461.39|1458.45|108.77|91.99|31.18|34|115.75|105.1|44.94|35.2|0.46|0.46|279.21|1461.8|1442.11|90.43|
|天孚通信|300394.SZ|2025-09-18|1398.42|1395.6|104.09|88.03|29.84|29.84|110.76|100.57|43.01|33.68|0.48|0.4|267.18|1398.83|1379.14|86.48|
|天孚通信|300394.SZ|2025-09-17|1415.44|1412.59|105.35|89.1|30.2|30.2|112.11|101.79|43.53|34.09|0.48|0.39|270.43|1415.86|1396.16|87.55|
|天孚通信|300394.SZ|2025-09-16|1386.13|1383.34|103.17|87.26|29.57|29.57|109.79|99.69|42.63|33.39|0.49|0.4|264.83|1386.55|1366.85|85.71|
|天孚通信|300394.SZ|2025-09-15|1407.51|1404.68|104.76|88.6|30.03|30.03|111.48|101.22|43.29|33.9|0.48|0.39|268.91|1407.93|1388.23|87.05|
|天孚通信|300394.SZ|2025-09-12|1443.27|1440.37|107.42|90.85|30.79|30.79|114.32|103.8|44.39|34.76|0.47|0.38|275.75|1443.69|1423.99|89.29|
|天孚通信|300394.SZ|2025-09-11|1543.95|1540.84|114.92|97.19|32.94|32.94|122.29|111.04|47.48|37.19|0.44|0.36|294.98|1544.36|1524.67|95.61|
|天孚通信|300394.SZ|2025-09-10|1359.78|1357.04|101.21|85.6|29.01|29.01|107.7|97.79|41.82|32.75|0.49|0.41|259.79|1360.19|1340.5|84.06|
|天孚通信|300394.SZ|2025-09-09|1305.51|1302.89|97.17|82.18|27.85|27.85|103.41|93.89|40.15|31.45|0.52|0.42|249.43|1305.93|1286.23|80.65|
|天孚通信|300394.SZ|2025-09-08|1345.32|1342.61|100.13|84.69|28.7|28.7|106.56|96.75|41.37|32.4|0.5|0.41|257.03|1345.73|1326.04|83.15|
|天孚通信|300394.SZ|2025-09-05|1452.21|1449.29|108.09|91.42|30.98|30.98|115.03|104.44|44.66|34.98|0.46|0.38|277.45|1452.63|1432.93|89.85|
|天孚通信|300394.SZ|2025-09-04|1350.06|1347.35|100.49|84.99|28.8|28.8|106.93|97.09|41.52|32.52|0.5|0.41|257.94|1350.48|1330.78|83.45|
|天孚通信|300394.SZ|2025-09-03|1596.11|1592.9|118.8|100.47|34.05|34.05|126.42|114.79|49.09|38.45|0.42|0.35|304.95|1596.53|1576.83|98.88|
|天孚通信|300394.SZ|2025-09-02|1548.46|1545.34|115.25|97.47|33.04|33.04|122.65|111.36|47.62|37.3|0.43|0.36|295.84|1548.87|1529.18|95.89|
|天孚通信|300394.SZ|2025-09-01|1727.11|1723.63|128.55|108.72|36.85|36.85|136.8|124.21|53.11|41.6|0.39|0.32|329.97|1727.52|1707.83|107.09|
|天孚通信|300394.SZ|2025-08-29|1543.4|1540.3|114.88|97.16|32.93|32.93|122.25|111|47.46|37.18|0.44|0.36|294.88|1543.82|1524.12|95.57|
|天孚通信|300394.SZ|2025-08-28|1399.43|1396.61|104.16|88.09|29.86|29.86|110.84|100.64|43.04|33.71|0.48|0.4|267.37|1399.84|1380.15|86.54|
|天孚通信|300394.SZ|2025-08-27|1166.2|1163.86|86.8|73.41|24.88|24.88|92.37|83.87|35.86|28.09|0.58|0.48|222.81|1166.62|1146.92|71.92|
|天孚通信|300394.SZ|2025-08-26|1125.54|1123.28|83.78|70.85|24.01|24.01|89.15|80.95|34.61|27.11|0.6|0.49|215.04|1125.96|1106.26|69.37|
|天孚通信|300394.SZ|2025-08-25|1005.59|1003.57|74.85|71.71|23.19|24.56|79.65|70.83|30.92|29.02|0.67|0.55|156.22|1006|986.4|61.85|
|天孚通信|300394.SZ|2025-08-22|955.44|953.52|71.11|68.14|22.03|23.33|75.68|67.3|29.38|27.58|0.7|0.58|148.43|955.86|936.26|58.71|
|天孚通信|300394.SZ|2025-08-21|930.8|928.93|69.28|66.38|21.46|22.73|73.73|65.57|28.62|26.87|0.72|0.6|144.6|931.22|911.62|57.16|
|天孚通信|300394.SZ|2025-08-20|975.04|973.07|72.57|69.53|22.48|23.81|77.23|68.68|29.99|28.14|0.69|0.57|151.47|975.45|955.85|59.94|
|天孚通信|300394.SZ|2025-08-19|948.29|946.38|70.58|67.63|21.87|23.16|75.11|66.8|29.16|27.37|0.71|0.58|147.32|948.71|929.11|58.26|
|天孚通信|300394.SZ|2025-08-18|863.63|861.89|64.28|61.59|19.92|21.09|68.41|60.83|26.56|24.93|0.78|0.64|134.16|864.05|844.45|52.95|
|天孚通信|300394.SZ|2025-08-15|838.6|836.91|62.42|59.8|19.34|20.48|66.42|59.07|25.79|24.2|0.8|0.66|130.28|839.01|819.42|51.38|
|天孚通信|300394.SZ|2025-08-14|856.63|854.91|63.76|61.09|19.75|20.92|67.85|60.34|26.34|24.72|0.79|0.65|133.08|857.05|837.45|52.51|
|天孚通信|300394.SZ|2025-08-13|911.13|909.3|67.82|64.98|21.01|22.25|72.17|64.18|28.02|26.3|0.74|0.61|141.54|911.55|891.95|55.93|
|天孚通信|300394.SZ|2025-08-12|830.67|829|61.83|59.24|19.16|20.29|65.79|58.51|25.55|23.98|0.81|0.67|129.04|831.08|811.49|50.88|
|天孚通信|300394.SZ|2025-08-11|805.48|803.86|59.95|57.44|18.57|19.67|63.8|56.74|24.77|23.25|0.83|0.69|125.13|805.9|786.3|49.31|
|天孚通信|300394.SZ|2025-08-08|782.08|780.51|58.21|55.77|18.03|19.1|61.95|55.09|24.05|22.57|0.86|0.71|121.5|782.5|762.9|47.84|
|天孚通信|300394.SZ|2025-08-07|792.96|791.37|59.02|56.55|18.29|19.37|62.81|55.86|24.39|22.89|0.85|0.7|123.19|793.38|773.78|48.52|
|天孚通信|300394.SZ|2025-08-06|800.97|799.36|59.62|57.12|18.47|19.56|63.44|56.42|24.63|23.12|0.84|0.69|124.43|801.39|781.79|49.02|
|天孚通信|300394.SZ|2025-08-05|802.29|800.68|59.72|57.21|18.5|19.59|63.55|56.51|24.67|23.16|0.84|0.69|124.64|802.71|783.11|49.11|
|天孚通信|300394.SZ|2025-08-04|812.09|810.46|60.44|57.91|18.73|19.83|64.32|57.2|24.97|23.44|0.83|0.68|126.16|812.5|792.91|49.72|
|天孚通信|300394.SZ|2025-08-01|838.68|836.99|62.42|59.81|19.34|20.48|66.43|59.08|25.79|24.21|0.8|0.66|130.29|839.09|819.49|51.39|
|天孚通信|300394.SZ|2025-07-31|821.18|819.53|61.12|58.56|18.94|20.05|65.04|57.84|25.25|23.7|0.82|0.68|127.57|821.6|802|50.29|
|天孚通信|300394.SZ|2025-07-30|790.55|788.96|58.84|56.38|18.23|19.31|62.62|55.69|24.31|22.82|0.85|0.7|122.81|790.97|771.37|48.37|
|天孚通信|300394.SZ|2025-07-29|785.81|784.23|58.49|56.04|18.12|19.19|62.24|55.35|24.17|22.68|0.86|0.71|122.08|786.23|766.63|48.07|
|天孚通信|300394.SZ|2025-07-28|690.35|688.96|51.38|49.23|15.92|16.86|54.68|48.63|21.23|19.93|0.97|0.8|107.24|690.76|671.16|42.09|
|天孚通信|300394.SZ|2025-07-25|670.05|668.71|49.87|47.78|15.45|16.36|53.07|47.2|20.61|19.34|1|0.83|104.09|670.47|650.87|40.81|
|天孚通信|300394.SZ|2025-07-24|676.12|674.76|50.32|48.22|15.59|16.51|53.55|47.63|20.79|19.51|0.99|0.82|105.03|676.53|656.94|41.19|
|天孚通信|300394.SZ|2025-07-23|701.77|700.36|52.23|50.05|16.18|17.14|55.59|49.43|21.58|20.26|0.96|0.79|109.02|702.19|682.59|42.8|
|天孚通信|300394.SZ|2025-07-22|696.64|695.24|51.85|49.68|16.06|17.01|55.18|49.07|21.42|20.11|0.97|0.8|108.22|697.06|677.46|42.48|
|天孚通信|300394.SZ|2025-07-21|691.59|690.2|51.48|49.32|15.95|16.89|54.78|48.72|21.27|19.96|0.97|0.8|107.44|692|672.41|42.16|
|天孚通信|300394.SZ|2025-07-18|707.45|706.03|52.66|50.45|16.31|17.28|56.03|49.83|21.76|20.42|0.95|0.78|109.9|707.86|688.27|43.16|
|天孚通信|300394.SZ|2025-07-17|721.29|719.84|53.69|51.44|16.63|17.61|57.13|50.81|22.18|20.82|0.93|0.77|112.05|721.7|702.1|44.03|
|天孚通信|300394.SZ|2025-07-16|701.38|699.97|52.2|50.02|16.17|17.13|55.55|49.41|21.57|20.24|0.96|0.79|108.96|701.8|682.2|42.78|
|天孚通信|300394.SZ|2025-07-15|739.79|738.3|55.06|52.76|17.06|18.07|58.6|52.11|22.75|21.35|0.91|0.75|114.93|740.2|720.61|45.19|
|天孚通信|300394.SZ|2025-07-14|660.73|659.4|49.18|47.12|15.24|16.14|52.33|46.54|20.32|19.07|1.02|0.84|102.64|661.14|641.54|40.23|
|天孚通信|300394.SZ|2025-07-11|657.23|655.91|48.92|46.87|15.16|16.05|52.06|46.3|20.21|18.97|1.02|0.84|102.1|657.64|638.04|40.01|
|天孚通信|300394.SZ|2025-07-10|680.16|678.79|50.63|48.5|15.68|16.61|53.87|47.91|20.92|19.63|0.99|0.82|105.66|680.58|660.98|41.45|
|天孚通信|300394.SZ|2025-07-09|652.1|650.78|48.54|46.5|15.04|15.93|51.65|45.93|20.05|18.82|1.03|0.85|101.3|652.51|632.91|39.69|
|天孚通信|300394.SZ|2025-07-08|640.05|638.76|47.64|45.64|14.76|15.63|50.7|45.09|19.68|18.47|1.05|0.87|99.43|640.46|620.86|38.93|
|天孚通信|300394.SZ|2025-07-07|568.06|566.92|42.28|40.51|13.1|13.87|44.99|40.01|17.47|16.4|1.18|0.98|88.25|568.47|548.88|34.42|
|天孚通信|300394.SZ|2025-07-04|587.57|586.39|43.73|41.9|13.55|14.35|46.54|41.39|18.07|16.96|1.14|0.94|91.28|587.99|568.39|35.64|
|天孚通信|300394.SZ|2025-07-03|607.01|605.79|45.18|43.29|14|14.82|48.08|42.76|18.67|17.52|1.11|0.91|94.3|607.42|587.82|36.86|
|天孚通信|300394.SZ|2025-07-02|580.73|579.56|43.22|41.41|13.39|14.18|46|40.91|17.86|16.76|1.16|0.95|90.22|581.14|561.55|35.21|
|天孚通信|300394.SZ|2025-07-01|612.84|611.6|45.61|43.7|14.13|14.97|48.54|43.17|18.85|17.69|1.1|0.91|95.2|613.25|593.65|37.23|
|天孚通信|300394.SZ|2025-06-30|620.69|619.44|46.2|44.26|14.31|15.16|49.16|43.72|19.09|17.91|1.08|0.89|96.42|621.1|601.51|37.72|
|天孚通信|300394.SZ|2025-06-27|583.76|582.59|43.45|41.63|13.46|14.26|46.24|41.12|17.95|16.85|1.15|0.95|90.69|584.18|564.58|35.4|
|天孚通信|300394.SZ|2025-06-26|569.15|568|42.36|40.59|13.12|13.9|45.08|40.09|17.5|16.43|1.18|0.97|88.42|569.56|549.96|34.49|
|天孚通信|300394.SZ|2025-06-25|562.07|560.94|41.84|40.08|12.96|13.73|44.52|39.59|17.29|16.22|1.2|0.99|87.32|562.49|542.89|34.04|
|天孚通信|300394.SZ|2025-06-24|556.63|555.51|41.43|39.69|12.84|13.59|44.09|39.21|17.12|16.07|1.21|1|86.47|557.04|537.45|33.7|
|天孚通信|300394.SZ|2025-06-23|554.3|553.18|41.26|39.53|12.78|13.54|43.9|39.05|17.05|16|1.21|1|86.11|554.71|535.11|33.55|
|天孚通信|300394.SZ|2025-06-20|578.24|577.08|43.04|41.24|13.33|14.12|45.8|40.73|17.78|16.69|1.16|0.96|89.83|578.66|559.06|35.06|
|天孚通信|300394.SZ|2025-06-19|591.61|590.42|44.03|42.19|13.64|14.45|46.86|41.67|18.19|17.08|1.14|0.94|91.91|592.03|572.43|35.89|
|天孚通信|300394.SZ|2025-06-18|595.42|594.23|44.32|42.46|13.73|14.54|47.16|41.94|18.31|17.19|1.13|0.93|92.5|595.84|576.24|36.13|
|天孚通信|300394.SZ|2025-06-17|573.73|572.58|42.7|40.91|13.23|14.01|45.44|40.41|17.64|16.56|1.17|0.97|89.13|574.15|554.55|34.77|
|天孚通信|300394.SZ|2025-06-16|586.17|584.99|43.63|41.8|13.52|14.31|46.43|41.29|18.03|16.92|1.15|0.95|91.06|586.59|566.99|35.55|
|天孚通信|300394.SZ|2025-06-13|571.17|570.02|42.51|40.73|13.17|13.95|45.24|40.23|17.57|16.49|1.18|0.97|88.73|571.58|551.98|34.61|
|天孚通信|300394.SZ|2025-06-12|581.43|580.26|43.28|41.46|13.41|14.2|46.05|40.96|17.88|16.78|1.16|0.95|90.32|581.84|562.25|35.26|
|天孚通信|300394.SZ|2025-06-11|528.33|527.27|39.32|37.68|12.18|12.9|41.85|37.22|16.25|15.25|1.27|1.05|82.08|528.75|509.15|31.93|
|天孚通信|300394.SZ|2025-06-10|534.32|533.24|39.77|38.1|12.32|13.05|42.32|37.64|16.43|15.42|1.26|1.04|83.01|534.73|515.14|32.3|
|天孚通信|300394.SZ|2025-06-09|545.75|544.65|40.62|38.92|12.58|13.33|43.23|38.44|16.78|15.75|1.23|1.02|84.78|546.16|526.56|33.02|
|天孚通信|300394.SZ|2025-06-06|502.65|501.64|37.41|35.85|11.59|11.5|39.81|35.41|15.46|14.51|1.34|0.55|78.09|503.07|483.47|30.32|
|天孚通信|300394.SZ|2025-06-05|487.83|486.85|36.31|34.79|11.25|11.16|38.64|34.36|15|14.08|1.38|0.57|75.78|488.24|468.65|29.39|
|天孚通信|300394.SZ|2025-06-04|472.95|472|35.2|33.73|10.91|10.82|37.46|33.31|14.54|13.65|1.42|0.59|73.47|473.36|453.76|28.45|
|天孚通信|300394.SZ|2025-06-03|454.07|453.15|33.8|32.38|10.47|10.38|35.97|31.98|13.96|13.11|1.48|0.61|70.54|454.48|434.88|27.27|
|天孚通信|300394.SZ|2025-05-30|453.68|452.77|33.77|32.35|10.46|10.38|35.93|31.96|13.95|13.09|1.48|0.61|70.48|454.09|434.5|27.25|
|天孚通信|300394.SZ|2025-05-29|456.23|455.31|33.96|32.54|10.52|10.43|36.14|32.14|14.03|13.17|1.47|1.47|70.88|456.65|437.05|27.41|
|天孚通信|300394.SZ|2025-05-28|431.08|430.14|32.09|30.74|9.94|9.86|34.14|30.37|13.26|12.44|1.56|1.56|66.97|431.49|411.89|25.83|
|天孚通信|300394.SZ|2025-05-27|410.98|410.08|30.59|29.31|9.48|9.4|32.55|28.95|12.64|11.86|1.64|1.64|63.84|411.39|391.79|24.57|
|天孚通信|300394.SZ|2025-05-26|415.25|414.34|30.91|29.61|9.58|9.5|32.89|29.25|12.77|11.99|1.62|1.62|64.51|415.67|396.07|24.84|
|天孚通信|300394.SZ|2025-05-23|411.31|410.41|30.61|29.33|9.48|9.41|32.58|28.97|12.65|11.87|1.64|1.64|63.9|411.72|392.13|24.59|
|天孚通信|300394.SZ|2025-05-22|424.52|423.6|31.6|30.27|9.79|9.71|33.63|29.9|13.06|12.25|1.58|1.58|65.95|424.94|405.34|25.42|
|天孚通信|300394.SZ|2025-05-21|434.13|433.18|32.31|30.96|10.01|9.93|34.39|30.58|13.35|12.53|1.55|1.55|67.44|434.55|414.95|26.02|
|天孚通信|300394.SZ|2025-05-20|418.14|417.23|31.12|29.82|9.64|9.56|33.12|29.45|12.86|12.07|1.61|1.61|64.96|418.55|398.96|25.02|
|天孚通信|300394.SZ|2025-05-19|402.31|401.43|29.94|28.69|9.28|9.2|31.87|28.34|12.37|11.61|1.67|1.67|62.5|402.73|383.13|24.02|
|天孚通信|300394.SZ|2025-05-16|412.53|411.63|30.71|29.42|9.51|9.43|32.68|29.06|12.69|11.91|1.63|1.63|64.09|412.95|393.35|24.67|
|天孚通信|300394.SZ|2025-05-15|406.87|405.98|30.28|29.01|9.38|9.31|32.23|28.66|12.51|11.74|1.65|1.65|63.21|407.28|387.68|24.31|
|天孚通信|300394.SZ|2025-05-14|423.86|422.93|31.55|30.23|9.77|9.69|33.57|29.86|13.03|12.23|1.59|1.59|65.85|424.27|404.68|25.38|
|天孚通信|300394.SZ|2025-05-13|420.19|419.28|31.28|29.97|9.69|9.61|33.28|29.6|12.92|12.13|1.6|1.6|65.28|420.61|401.01|25.15|
|天孚通信|300394.SZ|2025-05-12|423.12|422.2|31.49|30.17|9.76|9.76|33.51|29.81|13.01|12.21|1.59|1.59|65.73|423.54|403.94|25.33|
|天孚通信|300394.SZ|2025-05-09|410.6|409.71|30.56|29.28|9.47|9.47|32.52|28.92|12.63|11.85|1.64|1.64|63.79|411.02|391.42|24.54|
|天孚通信|300394.SZ|2025-05-08|423.35|422.42|31.51|30.19|9.76|9.76|33.53|29.82|13.02|12.22|1.59|1.59|65.77|423.76|404.16|25.34|
|天孚通信|300394.SZ|2025-05-07|394.65|393.79|29.37|28.14|9.1|9.1|31.26|27.8|12.14|11.39|1.7|1.7|61.31|395.06|375.47|23.54|
|天孚通信|300394.SZ|2025-05-06|397.14|396.27|29.56|28.32|9.16|9.16|31.46|27.97|12.21|11.46|1.69|1.69|61.7|397.56|377.96|23.7|
|天孚通信|300394.SZ|2025-04-30|379.86|379.03|28.27|27.09|8.76|8.76|30.09|26.76|11.68|10.96|1.77|1.77|59.01|380.27|360.68|22.62|
|天孚通信|300394.SZ|2025-04-29|374.93|374.11|27.91|26.74|8.65|8.65|29.7|26.41|11.53|10.82|1.79|1.79|58.24|375.34|355.75|22.31|
|天孚通信|300394.SZ|2025-04-28|378.2|377.37|28.15|26.97|8.72|8.72|29.96|26.64|11.63|10.92|1.78|1.78|58.75|378.61|359.01|22.51|
|天孚通信|300394.SZ|2025-04-25|389.11|388.26|28.96|27.75|8.97|8.97|30.82|27.41|11.97|11.23|1.73|1.73|60.45|389.53|369.93|23.2|
|天孚通信|300394.SZ|2025-04-24|384.73|383.89|28.64|27.44|8.87|8.87|30.47|27.1|11.83|11.1|1.75|1.75|59.77|385.15|365.55|22.92|
|天孚通信|300394.SZ|2025-04-23|401.63|400.75|29.89|29.89|10.09|10.09|31.81|31.81|12.35|12.35|1.67|1.67|65.27|402.05|382.26|23.97|
|天孚通信|300394.SZ|2025-04-22|373.93|373.11|27.83|27.83|9.4|9.4|29.62|29.62|11.5|11.5|1.8|1.8|60.77|374.35|354.56|22.23|
|天孚通信|300394.SZ|2025-04-21|379.47|378.64|28.24|28.24|9.54|9.54|30.06|30.06|11.67|11.67|1.77|1.77|61.67|379.89|360.1|22.58|
|天孚通信|300394.SZ|2025-04-18|367.73|366.95|50.38|29.02|9.5|10.23|40.77|28.21|18.97|11.76|1.83|1.83|60.91|368.14|345.76|39.26|
|天孚通信|300394.SZ|2025-04-17|363.96|363.19|49.87|28.72|9.4|10.13|40.36|27.92|18.77|11.64|1.85|1.85|60.29|364.38|341.99|38.83|
|天孚通信|300394.SZ|2025-04-16|364.85|364.08|49.99|28.79|9.43|10.15|40.45|27.99|18.82|11.67|1.84|1.84|60.43|365.26|342.88|38.93|
|天孚通信|300394.SZ|2025-04-15|372.16|371.37|50.99|29.37|9.62|10.36|41.27|28.55|19.2|11.9|1.81|1.81|61.65|372.57|350.19|39.76|
|天孚通信|300394.SZ|2025-04-14|377.26|376.46|51.69|29.77|9.75|10.5|41.83|28.94|19.46|12.06|1.78|1.78|62.49|377.67|355.29|40.34|
|天孚通信|300394.SZ|2025-04-11|371.55|370.77|50.91|29.32|9.6|10.34|41.2|28.5|19.17|11.88|1.81|1.81|61.54|371.96|349.58|39.7|
|天孚通信|300394.SZ|2025-04-10|368.72|367.95|50.52|29.1|9.53|10.26|40.88|28.29|19.02|11.79|1.82|1.82|61.08|369.14|346.76|39.37|
|天孚通信|300394.SZ|2025-04-09|347.51|346.77|47.61|27.42|8.98|9.67|38.53|26.66|17.93|11.11|1.94|1.94|57.56|347.92|325.54|36.97|
|天孚通信|300394.SZ|2025-04-08|344.74|344.01|47.23|27.2|8.91|9.59|38.22|26.45|17.78|11.02|1.95|1.95|57.1|345.15|322.77|36.65|
|天孚通信|300394.SZ|2025-04-07|352.1|351.36|48.24|27.79|9.1|9.8|39.04|27.01|18.16|11.26|1.91|1.91|58.32|352.52|330.14|37.49|
|天孚通信|300394.SZ|2025-04-03|440.13|439.2|60.3|34.73|11.37|12.25|48.8|33.77|22.7|14.07|1.53|1.53|72.9|440.55|418.17|47.48|
|天孚通信|300394.SZ|2025-04-02|472.26|471.27|64.7|37.27|12.2|13.14|52.36|36.23|24.36|15.1|1.42|1.42|78.23|472.68|450.3|51.13|
|天孚通信|300394.SZ|2025-04-01|466.44|465.46|63.91|36.81|12.05|12.98|51.72|35.78|24.06|14.92|1.44|1.44|77.26|466.86|444.48|50.47|
|天孚通信|300394.SZ|2025-03-31|468.77|467.78|64.23|36.99|12.11|13.04|51.98|35.96|24.18|14.99|1.43|1.43|77.65|469.19|446.81|50.73|
|天孚通信|300394.SZ|2025-03-28|463.45|462.48|63.5|36.57|11.98|12.9|51.39|35.55|23.91|14.82|1.45|1.45|76.77|463.87|441.49|50.13|
|天孚通信|300394.SZ|2025-03-27|469.21|468.23|64.29|37.03|12.12|13.06|52.03|36|24.2|15|1.43|1.43|77.72|469.63|447.25|50.79|
|天孚通信|300394.SZ|2025-03-26|483.06|482.05|66.18|38.12|12.48|13.44|53.56|37.06|24.92|15.45|1.39|1.39|80.02|483.48|461.1|52.36|
|天孚通信|300394.SZ|2025-03-25|493.09|492.05|67.56|38.91|12.74|13.72|54.67|37.83|25.44|15.77|1.36|1.36|81.68|493.51|471.12|53.5|
|天孚通信|300394.SZ|2025-03-24|492.15|491.11|67.43|38.84|12.72|13.69|54.57|37.76|25.39|15.74|1.37|1.37|81.52|492.56|470.18|53.39|
|天孚通信|300394.SZ|2025-03-21|485.94|484.92|66.58|38.35|12.56|13.52|53.88|37.28|25.07|15.54|1.38|1.38|80.49|486.36|463.98|52.68|
|天孚通信|300394.SZ|2025-03-20|498.57|497.52|68.31|39.34|12.88|13.87|55.28|38.25|25.72|15.94|1.35|1.35|82.59|498.99|476.61|54.12|
|天孚通信|300394.SZ|2025-03-19|502.4|501.34|68.83|39.64|12.98|13.98|55.71|38.54|25.92|16.07|1.34|1.34|83.22|502.81|480.43|54.55|
|天孚通信|300394.SZ|2025-03-18|542.17|541.03|74.28|42.78|14.01|15.09|60.12|41.59|27.97|17.34|1.24|1.24|89.81|542.59|520.21|59.07|
|天孚通信|300394.SZ|2025-03-17|534.92|533.79|73.29|42.21|13.82|14.88|59.31|41.04|27.59|17.11|1.26|1.26|88.6|535.33|512.95|58.25|
|天孚通信|300394.SZ|2025-03-14|526.99|525.88|72.2|41.59|13.62|14.66|58.43|40.43|27.18|16.85|1.28|1.28|87.29|527.41|505.03|57.35|
|天孚通信|300394.SZ|2025-03-13|503.56|502.5|68.99|39.74|13.01|14.01|55.84|38.63|25.98|16.1|1.34|1.34|83.41|503.98|481.6|54.69|
|天孚通信|300394.SZ|2025-03-12|504.67|503.6|69.14|39.82|13.04|14.04|55.96|38.72|26.03|16.14|1.33|1.33|83.59|505.08|482.7|54.81|
|天孚通信|300394.SZ|2025-03-11|496.14|495.09|67.98|39.15|12.82|13.8|55.01|38.06|25.59|15.87|1.36|1.36|82.18|496.55|474.17|53.84|
|天孚通信|300394.SZ|2025-03-10|498.35|497.3|68.28|39.33|12.88|13.87|55.26|38.23|25.71|15.94|1.35|1.35|82.55|498.77|476.39|54.09|
|天孚通信|300394.SZ|2025-03-07|489.66|488.62|67.09|38.64|12.65|13.62|54.29|37.56|25.26|15.66|1.37|1.37|81.11|490.07|467.69|53.11|
|天孚通信|300394.SZ|2025-03-06|504.72|503.66|69.15|39.83|13.04|14.04|55.96|38.72|26.04|16.14|1.33|1.33|83.6|505.14|482.76|54.82|
|天孚通信|300394.SZ|2025-03-05|498.52|497.47|68.3|39.34|12.88|13.87|55.28|38.24|25.72|15.94|1.35|1.35|82.58|498.94|476.55|54.11|
|天孚通信|300394.SZ|2025-03-04|483.06|482.05|66.18|38.12|12.48|13.44|53.56|37.06|24.92|15.45|1.39|1.39|80.02|483.48|461.1|52.36|
|天孚通信|300394.SZ|2025-03-03|484.34|483.32|66.36|38.22|12.51|13.48|53.7|37.16|24.98|15.49|1.39|1.39|80.23|484.75|462.37|52.5|
|天孚通信|300394.SZ|2025-02-28|490.1|489.07|67.15|38.67|12.66|13.64|54.34|37.6|25.28|15.67|1.37|1.37|81.18|490.51|468.13|53.16|
|天孚通信|300394.SZ|2025-02-27|555.02|553.85|76.04|43.8|14.34|15.44|61.54|42.58|28.63|17.75|1.21|1.21|91.94|555.44|533.06|60.53|
|天孚通信|300394.SZ|2025-02-26|578.46|577.24|79.25|45.65|14.95|16.1|64.14|44.38|29.84|18.5|1.16|1.16|95.82|578.87|556.49|63.19|
|天孚通信|300394.SZ|2025-02-25|554.91|553.74|76.03|43.79|14.34|15.44|61.53|42.57|28.62|17.74|1.21|1.21|91.92|555.33|532.95|60.52|
|天孚通信|300394.SZ|2025-02-24|560.18|559|76.75|44.2|14.47|15.59|62.11|42.98|28.9|17.91|1.2|1.2|92.79|560.59|538.21|61.11|
|天孚通信|300394.SZ|2025-02-21|576.57|575.36|79|45.5|14.9|16.04|63.93|44.23|29.74|18.44|1.17|1.17|95.51|576.99|554.61|62.98|
|天孚通信|300394.SZ|2025-02-20|555.63|554.46|76.13|43.85|14.36|15.46|61.61|42.63|28.66|17.77|1.21|1.21|92.04|556.05|533.67|60.6|
|天孚通信|300394.SZ|2025-02-19|534.8|533.68|73.27|42.2|13.82|14.88|59.3|41.03|27.59|17.1|1.26|1.26|88.59|535.22|512.84|58.23|
|天孚通信|300394.SZ|2025-02-18|538.46|537.33|73.77|42.49|13.91|14.98|59.71|41.31|27.78|17.22|1.25|1.25|89.19|538.88|516.5|58.65|
|天孚通信|300394.SZ|2025-02-17|544.33|543.19|74.58|42.95|14.07|15.15|60.36|41.76|28.08|17.41|1.24|1.24|90.16|544.75|522.37|59.31|
|天孚通信|300394.SZ|2025-02-14|498.02|496.97|68.23|39.3|12.87|13.86|55.22|38.21|25.69|15.93|1.35|1.35|82.49|498.44|476.06|54.06|
|天孚通信|300394.SZ|2025-02-13|503.17|502.11|68.94|39.71|13|14|55.79|38.6|25.96|16.09|1.34|1.34|83.35|503.59|481.21|54.64|
|天孚通信|300394.SZ|2025-02-12|520.07|518.97|71.25|41.04|13.44|14.47|57.67|39.9|26.83|16.63|1.29|1.29|86.15|520.48|498.1|56.56|
|天孚通信|300394.SZ|2025-02-11|518.35|517.26|71.02|40.9|13.39|14.42|57.48|39.77|26.74|16.58|1.3|1.3|85.86|518.77|496.39|56.36|
|天孚通信|300394.SZ|2025-02-10|508.16|507.09|69.62|40.1|13.13|14.14|56.35|38.98|26.21|16.25|1.32|1.32|84.17|508.57|486.19|55.21|
|天孚通信|300394.SZ|2025-02-07|500.18|499.13|68.53|39.47|12.92|13.92|55.46|38.37|25.8|15.99|1.34|1.34|82.85|500.6|478.22|54.3|
|天孚通信|300394.SZ|2025-02-06|476.36|475.36|65.27|37.59|12.31|13.25|52.82|36.55|24.57|15.23|1.41|1.41|78.91|476.78|454.39|51.6|
|天孚通信|300394.SZ|2025-02-05|464.17|463.19|63.6|36.63|11.99|12.92|51.47|35.61|23.94|14.84|1.45|1.45|76.89|464.59|442.21|50.21|
|天孚通信|300394.SZ|2025-01-27|558.4|557.23|76.51|44.06|14.43|15.54|61.92|42.84|28.8|17.86|1.2|1.2|92.5|558.82|536.44|60.91|
|天孚通信|300394.SZ|2025-01-24|631.64|630.31|86.54|49.84|16.32|17.57|70.04|48.46|32.58|20.2|1.06|1.06|104.63|632.05|609.67|69.23|
|天孚通信|300394.SZ|2025-01-23|625.55|624.23|85.71|49.36|16.16|17.41|69.36|47.99|32.27|20|1.08|1.08|103.62|625.96|603.58|68.54|
|天孚通信|300394.SZ|2025-01-22|642.61|641.25|88.04|50.71|16.6|17.88|71.25|49.3|33.15|20.55|1.05|1.05|106.44|643.02|620.64|70.47|
|天孚通信|300394.SZ|2025-01-21|624.6|623.29|85.58|49.29|16.14|17.38|69.26|47.92|32.22|19.97|1.08|1.08|103.46|625.02|602.64|68.43|
|天孚通信|300394.SZ|2025-01-20|628.59|627.27|86.12|49.6|16.24|17.49|69.7|48.22|32.43|20.1|1.07|1.07|104.12|629.01|606.63|68.88|
|天孚通信|300394.SZ|2025-01-17|601.61|600.35|82.43|47.47|15.55|16.74|66.71|46.15|31.03|19.24|1.12|1.12|99.65|602.03|579.65|65.82|
|天孚通信|300394.SZ|2025-01-16|571.81|570.6|78.34|45.12|14.78|15.91|63.4|43.87|29.5|18.29|1.18|1.18|94.72|572.23|549.84|62.44|
|天孚通信|300394.SZ|2025-01-15|476.53|475.52|65.29|37.6|12.31|13.26|52.84|36.56|24.58|15.24|1.41|1.41|78.93|476.94|454.56|51.62|
|天孚通信|300394.SZ|2025-01-14|498.46|497.41|68.29|39.33|12.88|13.87|55.27|38.24|25.71|15.94|1.35|1.35|82.57|498.88|476.5|54.11|
|天孚通信|300394.SZ|2025-01-13|480.24|479.23|65.8|37.9|12.41|13.36|53.25|36.84|24.77|15.36|1.4|1.4|79.55|480.65|458.27|52.04|
|天孚通信|300394.SZ|2025-01-10|490.27|489.23|67.17|38.69|12.67|13.64|54.36|37.61|25.29|15.68|1.37|1.37|81.21|490.68|468.3|53.18|
|天孚通信|300394.SZ|2025-01-09|515.69|514.61|70.65|40.69|13.33|14.35|57.18|39.56|26.6|16.49|1.3|1.3|85.42|516.11|493.73|56.06|
|天孚通信|300394.SZ|2025-01-08|521.01|519.91|71.38|41.11|13.46|14.5|57.77|39.97|26.88|16.66|1.29|1.29|86.3|521.43|499.05|56.67|
|天孚通信|300394.SZ|2025-01-07|526.66|525.55|72.16|41.56|13.61|14.65|58.4|40.4|27.17|16.84|1.28|1.28|87.24|527.08|504.7|57.31|
|天孚通信|300394.SZ|2025-01-06|491.21|490.17|67.3|38.76|12.69|13.67|54.47|37.68|25.34|15.71|1.37|1.37|81.36|491.62|469.24|53.28|
|天孚通信|300394.SZ|2025-01-03|482.51|481.49|66.11|38.08|12.47|13.43|53.5|37.02|24.89|15.43|1.39|1.39|79.92|482.93|460.54|52.29|
|天孚通信|300394.SZ|2025-01-02|497.19|496.14|68.12|39.23|12.85|13.83|55.13|38.14|25.65|15.9|1.35|1.35|82.36|497.61|475.22|53.96|
|天孚通信|300394.SZ|2024-12-31|506.11|505.04|69.34|39.94|13.08|14.08|56.12|38.83|26.11|16.18|0.39|1.33|83.83|506.52|484.14|54.97|
|天孚通信|300394.SZ|2024-12-30|531.2|530.08|72.78|41.92|13.73|14.78|58.9|40.75|27.4|16.99|0.37|1.27|87.99|531.62|509.24|57.82|
|天孚通信|300394.SZ|2024-12-27|584.99|583.76|80.15|46.16|15.12|16.28|64.86|44.88|30.18|18.71|0.34|1.15|96.9|585.41|563.03|63.93|
|天孚通信|300394.SZ|2024-12-26|598.23|596.97|81.96|47.21|15.46|16.65|66.33|45.89|30.86|19.13|0.33|1.12|99.09|598.65|576.27|65.44|
|天孚通信|300394.SZ|2024-12-25|556.74|555.57|76.28|43.93|14.39|15.49|61.73|42.71|28.72|17.8|0.35|1.21|92.22|557.16|534.78|60.72|
|天孚通信|300394.SZ|2024-12-24|549.04|547.88|75.22|43.33|14.19|15.28|60.88|42.12|28.32|17.56|0.36|1.23|90.94|549.46|527.08|59.85|
|天孚通信|300394.SZ|2024-12-23|544.17|543.02|74.56|42.94|14.06|15.14|60.34|41.75|28.07|17.4|0.36|1.24|90.14|544.58|522.2|59.3|
|天孚通信|300394.SZ|2024-12-20|546.6|545.45|74.89|43.13|14.12|15.21|60.61|41.93|28.2|17.48|0.36|1.23|90.54|547.02|524.64|59.57|
|天孚通信|300394.SZ|2024-12-19|548.04|546.89|75.09|43.25|14.16|15.25|60.77|42.04|28.27|17.53|0.36|1.23|90.78|548.46|526.08|59.74|
|天孚通信|300394.SZ|2024-12-18|544.61|543.46|74.62|42.98|14.07|15.15|60.39|41.78|28.09|17.42|0.36|1.24|90.21|545.03|522.64|59.35|
|天孚通信|300394.SZ|2024-12-17|547.04|545.89|74.95|43.17|14.14|15.22|60.66|41.97|28.22|17.49|0.36|1.23|90.61|547.46|525.08|59.62|
|天孚通信|300394.SZ|2024-12-16|556.74|555.56|76.28|43.93|14.39|15.49|61.73|42.71|28.72|17.8|0.35|1.21|92.22|557.15|534.77|60.72|
|天孚通信|300394.SZ|2024-12-13|579.67|578.45|79.42|45.74|14.98|16.13|64.27|44.47|29.9|18.54|0.34|1.16|96.02|580.08|557.7|63.33|
|天孚通信|300394.SZ|2024-12-12|604.87|603.6|82.87|47.73|15.63|16.83|67.07|46.4|31.2|19.34|0.33|1.11|100.19|605.29|582.91|66.19|
|天孚通信|300394.SZ|2024-12-11|584.76|583.53|80.12|46.14|15.11|16.27|64.84|44.86|30.16|18.7|0.34|1.15|96.86|585.18|562.8|63.91|
|天孚通信|300394.SZ|2024-12-10|574.18|572.97|78.67|45.31|14.84|15.98|63.67|44.05|29.62|18.36|0.34|1.17|95.11|574.6|552.22|62.7|
|天孚通信|300394.SZ|2024-12-09|584.93|583.7|80.14|46.16|15.11|16.28|64.86|44.87|30.17|18.7|0.34|1.15|96.89|585.35|562.97|63.92|
|天孚通信|300394.SZ|2024-12-06|602.21|600.94|82.51|47.52|15.56|16.76|66.77|46.2|31.06|19.26|0.33|1.12|99.75|602.63|580.25|65.89|
|天孚通信|300394.SZ|2024-12-05|598.34|597.07|81.98|47.22|15.46|16.65|66.34|45.9|30.86|19.13|0.33|1.12|99.11|598.75|576.37|65.45|
|天孚通信|300394.SZ|2024-12-04|589.09|587.84|80.71|46.49|15.22|16.39|65.32|45.19|30.39|18.84|0.34|1.14|97.58|589.5|567.12|64.4|
|天孚通信|300394.SZ|2024-12-03|607.14|605.86|83.18|47.91|15.69|16.9|67.32|46.58|31.32|19.41|0.33|1.11|100.57|607.56|585.18|66.45|
|天孚通信|300394.SZ|2024-12-02|614.29|612.99|84.16|48.47|15.87|17.1|68.11|47.13|31.69|19.64|0.32|1.09|101.75|614.7|592.32|67.26|
|天孚通信|300394.SZ|2024-11-29|572.08|570.87|78.38|45.14|14.78|15.92|63.43|43.89|29.51|18.29|0.34|1.18|94.76|572.5|550.11|62.47|
|天孚通信|300394.SZ|2024-11-28|560.95|559.76|76.85|44.26|14.49|15.61|62.2|43.03|28.94|17.94|0.35|1.2|92.92|561.36|538.98|61.2|
|天孚通信|300394.SZ|2024-11-27|578.67|577.45|79.28|45.66|14.95|16.1|64.16|44.39|29.85|18.5|0.34|1.16|95.85|579.09|556.71|63.21|
|天孚通信|300394.SZ|2024-11-26|578.84|577.62|79.31|45.68|14.96|16.11|64.18|44.41|29.86|18.51|0.34|1.16|95.88|579.25|556.87|63.23|
|天孚通信|300394.SZ|2024-11-25|578.84|577.62|79.31|45.68|14.96|16.11|64.18|44.41|29.86|18.51|0.34|1.16|95.88|579.25|556.87|63.23|
|天孚通信|300394.SZ|2024-11-22|609.64|608.35|83.53|48.11|15.75|16.97|67.6|46.77|31.45|19.49|0.32|1.1|100.98|610.05|587.67|66.73|
|天孚通信|300394.SZ|2024-11-21|633.4|632.06|86.78|49.98|16.37|17.63|70.23|48.59|32.67|20.25|0.31|1.06|104.92|633.81|611.43|69.43|
|天孚通信|300394.SZ|2024-11-20|664.97|663.57|91.11|52.47|17.18|18.51|73.73|51.01|34.3|21.26|0.3|1.01|110.15|665.39|643.01|73.01|
|天孚通信|300394.SZ|2024-11-19|642.43|641.07|88.02|50.69|16.6|17.88|71.23|49.29|33.14|20.54|0.31|1.05|106.41|642.84|620.46|70.45|
|天孚通信|300394.SZ|2024-11-18|624.31|623|85.54|49.27|16.13|17.38|69.22|47.9|32.2|19.96|0.32|1.08|103.41|624.73|602.35|68.4|
|天孚通信|300394.SZ|2024-11-15|640.1|638.75|87.7|50.51|16.54|17.81|70.98|49.11|33.02|20.47|0.31|1.05|106.03|640.52|618.13|70.19|
|天孚通信|300394.SZ|2024-11-14|695.16|693.69|95.24|54.86|17.96|19.35|77.08|53.33|35.86|22.23|0.28|0.97|115.15|695.57|673.19|76.44|
|天孚通信|300394.SZ|2024-11-13|740.14|738.58|101.41|58.41|19.12|20.6|82.07|56.78|38.18|23.67|0.27|0.91|122.6|740.55|718.17|81.55|
|天孚通信|300394.SZ|2024-11-12|711.78|710.28|97.52|56.17|18.39|19.81|78.92|54.61|36.72|22.76|0.28|0.94|117.9|712.19|689.81|78.33|
|天孚通信|300394.SZ|2024-11-11|719.7|718.18|98.61|56.79|18.6|20.03|79.8|55.21|37.12|23.01|0.27|0.93|119.21|720.11|697.73|79.23|
|天孚通信|300394.SZ|2024-11-08|762.74|761.13|104.5|60.19|19.71|21.23|84.57|58.51|39.34|24.39|0.26|0.88|126.34|763.15|740.77|84.11|
|天孚通信|300394.SZ|2024-11-07|756.92|755.32|103.7|59.73|19.56|21.07|83.93|58.07|39.04|24.2|0.26|0.89|125.38|757.34|734.95|83.45|
|天孚通信|300394.SZ|2024-11-06|733.99|732.44|100.56|57.92|18.97|20.43|81.39|56.31|37.86|23.47|0.27|0.92|121.58|734.4|712.02|80.85|
|天孚通信|300394.SZ|2024-11-05|741.85|740.29|101.64|58.54|19.17|20.65|82.26|56.91|38.27|23.72|0.27|0.91|122.88|742.27|719.89|81.74|
|天孚通信|300394.SZ|2024-11-04|713.6|712.1|97.77|56.31|18.44|19.86|79.13|54.75|36.81|22.82|0.28|0.94|118.2|714.02|691.64|78.54|
|天孚通信|300394.SZ|2024-11-01|690.73|689.27|94.64|54.51|17.85|19.22|76.59|52.99|35.63|22.09|0.29|0.97|114.41|691.14|668.76|75.94|
|天孚通信|300394.SZ|2024-10-31|710.67|709.17|97.37|56.08|18.36|19.78|78.8|54.52|36.66|22.73|0.28|0.95|117.72|711.08|688.7|78.2|
|天孚通信|300394.SZ|2024-10-30|728.28|726.75|99.78|57.47|18.82|20.27|80.75|55.87|37.57|23.29|0.27|0.92|120.63|728.7|706.32|80.2|
|天孚通信|300394.SZ|2024-10-29|742.35|740.79|101.71|58.58|19.18|20.66|82.31|56.95|38.29|23.74|0.27|0.91|122.97|742.77|720.39|81.8|
|天孚通信|300394.SZ|2024-10-28|750.05|748.47|102.76|59.19|19.38|20.87|83.17|57.54|38.69|23.98|0.26|0.9|124.24|750.47|728.09|82.67|
|天孚通信|300394.SZ|2024-10-25|736.15|734.6|100.86|58.09|19.02|20.49|81.63|56.48|37.97|23.54|0.27|0.91|121.94|736.56|714.18|81.1|
|天孚通信|300394.SZ|2024-10-24|717.37|715.86|98.29|56.61|18.54|19.96|79.54|55.03|37|22.94|0.28|0.94|118.83|717.79|695.41|78.96|
|天孚通信|300394.SZ|2024-10-23|654.61|653.23|89.69|51.66|16.91|18.22|72.58|50.22|33.77|20.93|0.3|1.03|108.43|655.03|632.65|71.84|
|天孚通信|300394.SZ|2024-10-22|682.97|681.53|93.57|59.49|19.5|21.17|75.73|62.51|35.23|24.13|0.29|0.98|146.21|683.39|665.74|75.59|
|天孚通信|300394.SZ|2024-10-21|628.63|627.31|86.13|54.76|17.94|19.48|69.7|57.53|32.43|22.21|0.31|1.07|134.58|629.05|611.4|69.42|
|天孚通信|300394.SZ|2024-10-18|579.06|577.84|79.34|50.44|16.53|17.95|64.21|53|29.87|20.46|0.34|1.16|123.97|579.47|561.83|63.8|
|天孚通信|300394.SZ|2024-10-17|532.59|531.46|72.97|46.39|15.2|16.51|59.05|48.74|27.47|18.82|0.37|1.26|114.02|533|515.35|58.52|
|天孚通信|300394.SZ|2024-10-16|536.08|534.95|73.45|46.69|15.3|15.3|59.44|49.06|27.65|18.94|0.37|0.74|114.76|536.49|518.84|58.91|
|天孚通信|300394.SZ|2024-10-15|552.8|551.64|75.74|48.15|15.78|15.78|61.3|50.59|28.52|19.53|0.36|0.72|118.35|553.22|535.57|60.81|
|天孚通信|300394.SZ|2024-10-14|566.76|565.57|77.65|49.37|16.18|16.18|62.84|51.87|29.24|20.02|0.35|0.7|121.33|567.18|549.53|62.4|
|天孚通信|300394.SZ|2024-10-11|559.17|558|76.61|48.71|15.96|15.96|62|51.18|28.84|19.76|0.35|0.71|119.71|559.59|541.94|61.54|
|天孚通信|300394.SZ|2024-10-10|587.92|586.68|80.55|51.21|16.78|16.78|65.19|53.81|30.33|20.77|0.34|0.67|125.86|588.34|570.69|64.8|
|天孚通信|300394.SZ|2024-10-09|608.75|607.47|83.4|53.02|17.38|17.38|67.5|55.71|31.4|21.51|0.32|0.65|130.32|609.16|591.51|67.17|
|天孚通信|300394.SZ|2024-10-08|668.02|666.61|91.52|58.19|19.07|19.07|74.07|61.14|34.46|23.6|0.3|0.59|143.01|668.43|650.78|73.9|
|天孚通信|300394.SZ|2024-09-30|556.68|555.51|76.27|48.49|15.89|15.89|61.73|50.95|28.72|19.67|0.35|0.71|119.18|557.1|539.45|61.25|
|天孚通信|300394.SZ|2024-09-27|476.81|475.8|65.33|41.53|13.61|13.61|52.87|43.64|24.6|16.85|0.41|0.83|102.08|477.22|459.57|52.18|
|天孚通信|300394.SZ|2024-09-26|451.44|450.49|61.85|39.32|12.89|12.89|50.06|41.32|23.29|15.95|0.44|0.88|96.64|451.85|434.2|49.3|
|天孚通信|300394.SZ|2024-09-25|435.65|434.73|59.69|37.95|12.44|12.44|48.31|39.87|22.47|15.39|0.45|0.91|93.27|436.07|418.42|47.51|
|天孚通信|300394.SZ|2024-09-24|444.29|443.36|60.87|38.7|12.68|12.68|49.26|40.66|22.92|15.7|0.44|0.89|95.11|444.71|427.06|48.49|
|天孚通信|300394.SZ|2024-09-23|409.17|408.31|56.06|35.64|11.68|11.68|45.37|37.45|21.11|14.46|0.48|0.97|87.6|409.59|391.94|44.5|
|天孚通信|300394.SZ|2024-09-20|406.57|405.71|55.7|35.41|11.61|11.61|45.08|37.21|20.97|14.36|0.49|0.97|87.04|406.99|389.34|44.21|
|天孚通信|300394.SZ|2024-09-19|407.13|406.27|55.78|35.46|11.62|11.62|45.14|37.26|21|14.38|0.48|0.97|87.16|407.54|389.89|44.27|
|天孚通信|300394.SZ|2024-09-18|419.2|418.32|57.43|36.51|11.97|11.97|46.48|38.37|21.62|14.81|0.47|0.94|89.74|419.62|401.97|45.64|
|天孚通信|300394.SZ|2024-09-13|425.46|424.56|58.29|37.06|12.14|12.14|47.18|38.94|21.95|15.03|0.46|0.93|91.08|425.88|408.23|46.35|
|天孚通信|300394.SZ|2024-09-12|407.85|406.99|55.88|35.52|11.64|11.64|45.22|37.33|21.04|14.41|0.48|0.97|87.31|408.26|390.61|44.35|
|天孚通信|300394.SZ|2024-09-11|412.33|411.46|56.49|35.92|11.77|11.77|45.72|37.74|21.27|14.57|0.48|0.96|88.27|412.75|395.1|44.86|
|天孚通信|300394.SZ|2024-09-10|416.49|415.61|57.06|36.28|11.89|11.89|46.18|38.12|21.48|14.71|0.47|0.95|89.16|416.9|399.25|45.34|
|天孚通信|300394.SZ|2024-09-09|409.34|408.48|56.08|35.65|11.68|11.68|45.39|37.46|21.12|14.46|0.48|0.97|87.63|409.76|392.11|44.52|
|天孚通信|300394.SZ|2024-09-06|391.89|391.07|53.69|34.13|11.19|11.19|43.45|35.87|20.22|13.85|0.5|1.01|83.9|392.31|374.66|42.54|
|天孚通信|300394.SZ|2024-09-05|397.76|396.93|54.5|34.65|11.35|11.35|44.1|36.4|20.52|14.05|0.5|0.99|85.15|398.18|380.53|43.21|
|天孚通信|300394.SZ|2024-09-04|400.81|399.97|54.91|34.91|11.44|11.44|44.44|36.68|20.68|14.16|0.49|0.99|85.81|401.23|383.58|43.56|
|天孚通信|300394.SZ|2024-09-03|405.46|404.61|55.55|35.32|11.57|11.57|44.96|37.11|20.92|14.33|0.49|0.98|86.8|405.88|388.23|44.08|
|天孚通信|300394.SZ|2024-09-02|401.14|400.3|54.96|34.94|11.45|11.45|44.48|36.71|20.69|14.17|0.49|0.99|85.88|401.56|383.91|43.59|
|天孚通信|300394.SZ|2024-08-30|425.35|424.45|58.28|37.05|12.14|12.14|47.16|38.93|21.94|15.03|0.46|0.93|91.06|425.76|408.11|46.34|
|天孚通信|300394.SZ|2024-08-29|412.05|411.19|56.46|35.89|11.76|11.76|45.69|37.71|21.26|14.56|0.48|0.96|88.21|412.47|394.82|44.83|
|天孚通信|300394.SZ|2024-08-28|429.56|428.65|58.85|37.42|12.26|12.26|47.63|39.31|22.16|15.18|0.46|0.92|91.96|429.97|412.32|46.82|
|天孚通信|300394.SZ|2024-08-27|433.93|433.02|59.45|37.8|12.39|12.39|48.12|39.72|22.38|15.33|0.45|0.91|92.9|434.35|416.7|47.32|
|天孚通信|300394.SZ|2024-08-26|437.48|436.56|59.94|38.11|12.49|12.49|48.51|40.04|22.57|15.46|0.45|0.9|93.66|437.89|420.25|47.72|
|天孚通信|300394.SZ|2024-08-23|456.64|455.68|62.56|39.77|13.04|13.04|50.63|41.79|23.56|16.13|0.43|0.87|97.76|457.06|439.41|49.9|
|天孚通信|300394.SZ|2024-08-22|474.2|430.85|64.97|51.73|13.58|15.24|52.58|52.73|24.46|19.9|0.42|0.83|279.79|474.62|451.89|51.31|
|天孚通信|300394.SZ|2024-08-21|482.9|438.75|66.16|52.68|13.83|15.52|53.54|53.7|24.91|20.26|0.41|0.82|284.92|483.32|460.59|52.3|
|天孚通信|300394.SZ|2024-08-20|482.18|438.1|66.06|52.6|13.81|15.5|53.46|53.62|24.87|20.23|0.41|0.82|284.5|482.6|459.87|52.22|
|天孚通信|300394.SZ|2024-08-19|494.64|449.42|67.77|53.96|14.17|15.9|54.85|55.01|25.52|20.75|0.4|0.8|291.85|495.06|472.33|53.63|
|天孚通信|300394.SZ|2024-08-16|499.63|453.95|68.45|54.51|14.31|16.06|55.4|55.56|25.77|20.96|0.4|0.79|294.79|500.04|477.31|54.2|
|天孚通信|300394.SZ|2024-08-15|470.22|427.23|64.42|51.3|13.47|15.11|52.14|52.29|24.26|19.73|0.42|0.84|277.44|470.63|447.9|50.86|
|天孚通信|300394.SZ|2024-08-14|461.69|419.48|63.26|50.37|13.23|14.84|51.19|51.34|23.82|19.37|0.43|0.86|272.41|462.1|439.37|49.89|
|天孚通信|300394.SZ|2024-08-13|469.83|426.88|64.37|51.26|13.46|15.1|52.1|52.25|24.24|19.71|0.42|0.84|277.21|470.24|447.51|50.82|
|天孚通信|300394.SZ|2024-08-12|463.68|421.29|63.53|50.59|13.28|14.9|51.41|51.56|23.92|19.46|0.43|0.85|273.58|464.1|441.37|50.12|
|天孚通信|300394.SZ|2024-08-09|463.73|421.34|63.54|50.59|13.28|14.9|51.42|51.57|23.92|19.46|0.43|0.85|273.62|464.15|441.42|50.12|
|天孚通信|300394.SZ|2024-08-08|455.04|413.44|62.34|49.64|13.04|14.62|50.46|50.6|23.47|19.09|0.43|0.87|268.49|455.45|432.73|49.14|
|天孚通信|300394.SZ|2024-08-07|466.95|424.26|63.98|50.94|13.38|15.01|51.78|51.93|24.09|19.59|0.42|0.85|275.51|467.36|444.63|50.49|
|天孚通信|300394.SZ|2024-08-06|475.98|432.46|65.21|51.93|13.63|15.3|52.78|52.93|24.55|19.97|0.41|0.83|280.84|476.39|453.66|51.51|
|天孚通信|300394.SZ|2024-08-05|465.56|423|63.79|50.79|13.34|14.96|51.62|51.77|24.02|19.53|0.42|0.85|274.69|465.98|443.25|50.33|
|天孚通信|300394.SZ|2024-08-02|504.06|457.98|69.06|54.99|14.44|16.2|55.89|56.05|26|21.15|0.39|0.78|297.41|504.48|481.75|54.7|
|天孚通信|300394.SZ|2024-08-01|557.01|506.09|76.32|60.77|15.96|17.9|61.76|61.94|28.73|23.37|0.35|0.71|328.65|557.43|534.7|60.72|
|天孚通信|300394.SZ|2024-07-31|554.08|503.42|75.91|60.45|15.87|17.81|61.44|61.61|28.58|23.25|0.36|0.71|326.92|554.49|531.76|60.38|
|天孚通信|300394.SZ|2024-07-30|535.96|486.97|73.43|58.47|15.35|17.23|59.43|59.6|27.65|22.49|0.37|0.74|316.23|536.38|513.65|58.33|
|天孚通信|300394.SZ|2024-07-29|531.2|482.64|72.78|57.95|15.22|17.07|58.9|59.07|27.4|22.29|0.37|0.74|313.42|531.62|508.89|57.78|
|天孚通信|300394.SZ|2024-07-26|504.89|458.73|69.17|55.08|14.46|16.23|55.98|56.14|26.04|21.18|0.39|0.78|297.9|505.31|482.58|54.8|
|天孚通信|300394.SZ|2024-07-25|482.35|438.25|66.09|52.62|13.82|15.5|53.48|53.64|24.88|20.24|0.41|0.82|284.6|482.76|460.03|52.24|
|天孚通信|300394.SZ|2024-07-24|518.9|471.47|71.09|56.61|14.86|16.68|57.54|57.7|26.77|21.77|0.38|0.76|306.17|519.32|496.59|56.39|
|天孚通信|300394.SZ|2024-07-23|507.27|460.9|69.5|55.34|14.53|16.3|56.25|56.41|26.17|21.28|0.39|0.78|299.3|507.69|484.96|55.07|
|天孚通信|300394.SZ|2024-07-22|513.37|466.43|70.34|56.01|14.71|16.5|56.92|57.09|26.48|21.54|0.38|0.77|302.9|513.78|491.05|55.76|
|天孚通信|300394.SZ|2024-07-19|505.22|459.03|69.22|55.12|14.47|16.24|56.02|56.18|26.06|21.2|0.39|0.78|298.1|505.64|482.91|54.83|
|天孚通信|300394.SZ|2024-07-18|532.53|483.85|72.96|58.1|15.26|17.12|59.05|59.22|27.47|22.34|0.37|0.74|314.21|532.95|510.22|57.94|
|天孚通信|300394.SZ|2024-07-17|491.65|446.7|67.36|53.64|14.08|15.8|54.52|54.67|25.36|20.63|0.4|0.8|290.09|492.07|469.34|53.29|
|天孚通信|300394.SZ|2024-07-16|517.52|470.21|70.9|56.46|14.82|16.63|57.38|57.55|26.7|21.71|0.38|0.76|305.35|517.94|495.21|56.23|
|天孚通信|300394.SZ|2024-07-15|516.8|469.55|70.81|56.38|14.8|16.61|57.3|57.47|26.66|21.68|0.38|0.77|304.93|517.22|494.49|56.15|
|天孚通信|300394.SZ|2024-07-12|526.16|478.06|72.09|57.4|15.07|16.91|58.34|58.51|27.14|22.08|0.38|0.75|310.45|526.58|503.85|57.21|
|天孚通信|300394.SZ|2024-07-11|550.64|500.3|75.44|60.07|15.77|17.7|61.06|61.23|28.4|23.1|0.36|0.72|324.89|551.06|528.33|59.99|
|天孚通信|300394.SZ|2024-07-10|553.91|503.27|75.89|60.43|15.87|17.8|61.42|61.6|28.57|23.24|0.36|0.71|326.82|554.33|531.6|60.36|
|天孚通信|300394.SZ|2024-07-09|520.01|472.47|71.25|56.73|14.9|16.71|57.66|57.83|26.82|21.82|0.38|0.76|306.82|520.43|497.7|56.51|
|天孚通信|300394.SZ|2024-07-08|498.96|453.35|68.36|54.44|14.29|16.04|55.33|55.49|25.74|20.94|0.4|0.79|294.4|499.38|476.65|54.12|
|天孚通信|300394.SZ|2024-07-05|483.07|438.9|66.18|52.7|13.84|15.53|53.56|53.72|24.92|20.27|0.41|0.82|285.02|483.48|460.75|52.32|
|天孚通信|300394.SZ|2024-07-04|483.79|439.56|66.28|52.78|13.86|15.55|53.64|53.8|24.96|20.3|0.41|0.82|285.45|484.2|461.47|52.4|
|天孚通信|300394.SZ|2024-07-03|495.25|449.98|67.85|54.03|14.19|15.92|54.91|55.07|25.55|20.78|0.4|0.8|292.21|495.67|472.94|53.7|
|天孚通信|300394.SZ|2024-07-02|522.67|474.89|71.61|57.02|14.97|16.8|57.95|58.12|26.96|21.93|0.38|0.76|308.39|523.09|500.36|56.82|
|天孚通信|300394.SZ|2024-07-01|530.76|482.24|72.72|57.9|15.2|17.06|58.85|59.02|27.38|22.27|0.37|0.75|313.16|531.17|508.44|57.73|
|天孚通信|300394.SZ|2024-06-28|489.77|444.99|67.1|53.43|14.03|15.74|54.31|54.46|25.26|20.55|0.4|0.81|288.98|490.18|467.46|53.08|
|天孚通信|300394.SZ|2024-06-27|466.39|423.76|63.9|50.88|13.36|14.99|51.71|51.86|24.06|19.57|0.42|0.85|275.18|466.81|444.08|50.43|
|天孚通信|300394.SZ|2024-06-26|493.92|448.77|67.67|53.89|14.15|15.87|54.77|54.93|25.48|20.72|0.4|0.8|291.43|494.34|471.61|53.55|
|天孚通信|300394.SZ|2024-06-25|493.26|448.16|67.58|53.81|14.13|15.85|54.69|54.85|25.44|20.7|0.4|0.8|291.04|493.67|470.94|53.48|
|天孚通信|300394.SZ|2024-06-24|530.98|482.44|72.75|57.93|15.21|17.07|58.88|59.05|27.39|22.28|0.37|0.75|313.29|531.4|508.67|57.76|
|天孚通信|300394.SZ|2024-06-21|555.57|504.78|76.12|60.61|15.92|17.86|61.6|61.78|28.66|23.31|0.36|0.71|327.8|555.99|533.26|60.55|
|天孚通信|300394.SZ|2024-06-20|568.15|516.21|77.84|61.98|16.28|18.26|63|63.18|29.31|23.84|0.35|0.7|335.22|568.56|545.83|61.98|
|天孚通信|300394.SZ|2024-06-19|563.94|512.38|77.26|61.52|16.15|18.12|62.53|62.71|29.09|23.66|0.35|0.7|332.74|564.35|541.62|61.5|
|天孚通信|300394.SZ|2024-06-18|550.26|499.95|75.39|60.03|15.76|17.68|61.01|61.19|28.38|23.09|0.36|0.72|324.67|550.67|527.94|59.95|
|天孚通信|300394.SZ|2024-06-17|536.63|487.57|73.52|58.54|15.37|17.25|59.5|59.67|27.68|22.52|0.37|0.74|316.63|537.05|514.32|58.4|
|天孚通信|300394.SZ|2024-06-14|542.83|493.21|74.37|59.22|15.55|17.45|60.19|60.36|28|22.78|0.36|0.73|320.29|543.25|520.52|59.11|
|天孚通信|300394.SZ|2024-06-13|496.25|450.88|67.99|54.14|14.22|15.95|55.02|55.18|25.6|20.82|0.4|0.8|292.8|496.67|473.94|53.82|
|天孚通信|300394.SZ|2024-06-12|486.72|442.23|66.69|53.1|13.94|15.64|53.97|54.12|25.11|20.42|0.41|0.81|287.18|487.14|464.41|52.73|
|天孚通信|300394.SZ|2024-06-11|491.38|446.45|67.32|53.61|14.08|15.79|54.48|54.64|25.35|20.62|0.4|0.81|289.92|491.79|469.06|53.26|
|天孚通信|300394.SZ|2024-06-07|480.91|436.94|65.89|52.47|13.78|15.46|53.32|53.48|24.81|20.18|0.41|0.82|283.75|481.32|458.59|52.07|
|天孚通信|300394.SZ|2024-06-06|505.44|459.24|69.25|55.14|14.48|16.24|56.04|56.21|26.07|21.21|0.39|0.78|298.23|505.86|483.13|54.86|
|天孚通信|300394.SZ|2024-06-05|497.47|451.99|68.16|54.27|14.25|15.99|55.16|55.32|25.66|20.87|0.4|0.8|293.52|497.88|475.15|53.95|
|天孚通信|300394.SZ|2024-06-04|505.11|458.93|69.2|55.11|14.47|16.23|56.01|56.17|26.06|21.19|0.39|0.78|298.03|505.53|482.8|54.82|
|天孚通信|300394.SZ|2024-06-03|504.5|458.38|69.12|55.04|14.45|16.21|55.94|56.1|26.02|21.17|0.39|0.78|297.67|504.92|482.19|54.75|
|天孚通信|300394.SZ|2024-05-31|490.54|445.7|67.21|53.52|14.05|15.77|54.39|54.55|25.3|20.58|0.4|0.81|289.43|490.96|468.23|53.17|
|天孚通信|300394.SZ|2024-05-30|494.92|449.67|67.81|53.99|14.18|15.91|54.88|55.04|25.53|20.77|0.4|0.8|292.02|495.34|472.61|53.66|
|天孚通信|300394.SZ|2024-05-29|503.7|457.65|69.01|54.95|14.43|14.36|55.85|56.01|25.98|21.13|0.39|0.39|297.2|504.12|481.39|54.66|
|天孚通信|300394.SZ|2024-05-28|504.46|458.34|69.11|55.03|14.45|14.38|55.93|56.1|26.02|21.17|0.39|0.39|297.64|504.87|482.14|54.75|
|天孚通信|300394.SZ|2024-05-27|517.55|470.24|70.91|56.46|14.83|14.76|57.39|57.55|26.7|21.72|0.38|0.38|305.37|517.97|495.24|56.23|
|天孚通信|300394.SZ|2024-05-24|517.55|470.24|70.91|56.46|14.83|14.76|57.39|57.55|26.7|21.72|0.38|0.38|305.37|517.97|495.24|56.23|
|天孚通信|300394.SZ|2024-05-23|537.14|488.03|73.59|58.6|15.39|15.32|59.56|59.73|27.71|22.54|0.37|0.37|316.92|537.55|514.82|58.46|
|天孚通信|300394.SZ|2024-05-22|540.46|490.76|74.05|58.96|15.48|15.41|59.93|60.1|27.88|22.68|0.37|0.37|318.89|540.88|518.15|58.84|
|天孚通信|300394.SZ|2024-05-21|560.82|509.14|76.84|61.18|16.07|16.07|62.18|62.36|28.93|23.53|0.35|0.35|330.9|561.23|538.5|61.15|
|天孚通信|300394.SZ|2024-05-20|571.05|518.43|78.24|62.3|16.36|16.36|63.32|63.5|29.46|23.96|0.35|0.35|336.93|571.46|548.73|62.31|
|天孚通信|300394.SZ|2024-05-17|562.71|510.86|77.1|61.39|16.12|16.12|62.39|62.57|29.03|23.61|0.35|0.35|332.02|563.13|540.4|61.36|
|天孚通信|300394.SZ|2024-05-16|536.97|487.49|73.57|58.58|15.38|15.38|59.54|59.71|27.7|22.53|0.37|0.37|316.82|537.38|514.65|58.44|
|天孚通信|300394.SZ|2024-05-15|534.64|485.37|73.25|58.33|15.32|15.32|59.28|59.45|27.58|22.43|0.37|0.37|315.45|535.05|512.32|58.17|
|天孚通信|300394.SZ|2024-05-14|531.91|482.9|72.88|58.03|15.24|15.24|58.98|59.15|27.44|22.32|0.37|0.37|313.84|532.33|509.6|57.87|
|天孚通信|300394.SZ|2024-05-13|533.14|484.01|73.04|58.16|15.27|15.27|59.11|59.29|27.5|22.37|0.37|0.37|314.56|533.55|510.82|58|
|天孚通信|300394.SZ|2024-05-10|554.11|503.05|75.92|60.45|15.87|15.87|61.44|61.62|28.58|23.25|0.36|0.36|326.94|554.52|531.79|60.39|
|天孚通信|300394.SZ|2024-05-09|560.78|509.11|76.83|61.18|16.06|16.06|62.18|62.36|28.93|23.53|0.35|0.35|330.87|561.19|538.47|61.14|
|天孚通信|300394.SZ|2024-05-08|576.53|523.41|78.99|62.9|16.52|16.52|63.93|64.11|29.74|24.19|0.34|0.34|340.17|576.95|554.22|62.93|
|天孚通信|300394.SZ|2024-05-07|574.56|521.62|78.72|62.68|16.46|16.46|63.71|63.89|29.64|24.11|0.34|0.34|339.01|574.98|552.25|62.71|
|天孚通信|300394.SZ|2024-05-06|606.27|550.4|83.06|66.14|17.37|17.37|67.22|67.42|31.27|25.44|0.33|0.33|357.72|606.69|583.96|66.31|
|天孚通信|300394.SZ|2024-04-30|637.15|578.44|87.3|69.51|18.25|18.25|70.65|70.85|32.87|26.73|0.31|0.31|375.94|637.57|614.84|69.81|
|天孚通信|300394.SZ|2024-04-29|643.74|584.43|88.2|70.23|18.44|18.44|71.38|71.59|33.21|27.01|0.31|0.31|379.83|644.16|621.43|70.56|
|天孚通信|300394.SZ|2024-04-26|618.59|561.59|84.75|67.49|17.72|17.72|68.59|68.79|31.91|25.96|0.32|0.32|364.98|619.01|596.28|67.71|
|天孚通信|300394.SZ|2024-04-25|579.3|525.92|79.37|63.2|16.59|16.59|64.23|64.42|29.88|24.31|0.34|0.34|341.8|579.71|556.99|63.25|
|天孚通信|300394.SZ|2024-04-24|600.62|545.28|82.29|65.53|17.21|17.21|66.6|66.79|30.98|25.2|0.33|0.33|354.38|601.04|578.31|65.67|
|天孚通信|300394.SZ|2024-04-23|625.97|568.29|85.76|85.76|19.61|19.61|69.41|69.41|32.29|32.29|0.32|0.32|897.52|625.99|607.35|68.96|
|天孚通信|300394.SZ|2024-04-22|611.28|554.96|83.75|83.75|19.15|19.15|67.78|67.78|31.53|31.53|0.32|0.32|876.46|611.3|592.66|67.3|
|天孚通信|300394.SZ|2024-04-19|641.73|587.5|159.26|87.92|22.21|20.1|138.4|107.83|53.64|33.1|0.31|0.31|919.95|641.76|627.87|118.52|
|天孚通信|300394.SZ|2024-04-18|664.63|608.47|164.95|91.06|23|20.81|143.34|111.68|55.55|34.28|0.3|0.3|952.79|664.66|650.78|122.84|
|天孚通信|300394.SZ|2024-04-17|678.06|620.76|168.28|92.9|23.46|21.23|146.24|113.94|56.68|34.97|0.29|0.29|972.03|678.09|664.2|125.37|
|天孚通信|300394.SZ|2024-04-16|657.6|602.03|163.2|90.09|22.76|20.59|141.83|110.5|54.97|33.91|0.3|0.3|942.71|657.63|643.75|121.51|
|天孚通信|300394.SZ|2024-04-15|653.38|598.16|162.15|89.52|22.61|20.46|140.92|109.79|54.61|33.7|0.3|0.3|936.65|653.41|639.52|120.72|
|天孚通信|300394.SZ|2024-04-12|662.66|606.66|164.46|90.79|22.93|20.75|142.92|111.35|55.39|34.18|0.3|0.3|949.96|662.69|648.8|122.47|
|天孚通信|300394.SZ|2024-04-11|594.38|544.15|147.51|81.43|20.57|18.61|128.19|99.88|49.68|30.65|0.33|0.33|852.08|594.41|580.53|109.58|
|天孚通信|300394.SZ|2024-04-10|580.6|531.54|144.09|79.54|20.09|18.18|125.22|97.56|48.53|29.94|0.34|0.34|832.32|580.63|566.74|106.98|
|天孚通信|300394.SZ|2024-04-09|616.42|564.32|152.98|84.45|21.33|19.3|132.95|103.58|51.52|31.79|0.32|0.32|883.67|616.44|602.56|113.74|
|天孚通信|300394.SZ|2024-04-08|631.27|577.92|156.66|86.49|21.85|19.77|136.15|106.07|52.76|32.56|0.31|0.31|904.95|631.29|617.41|116.54|
|天孚通信|300394.SZ|2024-04-03|606.55|555.29|150.53|83.1|20.99|19|130.82|101.92|50.7|31.28|0.33|0.33|869.51|606.57|592.69|111.87|
|天孚通信|300394.SZ|2024-04-02|636.08|582.33|157.86|87.15|22.01|19.92|137.19|106.88|53.17|32.8|0.31|0.31|911.86|636.11|622.23|117.45|
|天孚通信|300394.SZ|2024-04-01|644.61|590.14|159.98|88.31|22.31|20.19|139.03|108.32|53.88|33.24|0.31|0.31|924.08|644.64|630.76|119.06|
|天孚通信|300394.SZ|2024-03-29|597.35|546.86|148.25|81.84|20.67|18.71|128.83|100.37|49.93|30.81|0.33|0.33|856.32|597.37|583.49|110.14|
|天孚通信|300394.SZ|2024-03-28|599.52|548.85|148.78|82.14|20.75|18.77|129.3|100.74|50.11|30.92|0.33|0.33|859.44|599.54|585.66|110.55|
|天孚通信|300394.SZ|2024-03-27|596.28|545.89|147.98|81.69|20.63|18.67|128.6|100.2|49.84|30.75|0.33|0.33|854.8|596.31|582.42|109.94|
|天孚通信|300394.SZ|2024-03-26|607.34|556.01|150.73|83.21|21.02|19.02|130.99|102.05|50.76|31.32|0.33|0.33|870.65|607.36|593.48|112.02|
|天孚通信|300394.SZ|2024-03-25|618.39|566.13|153.47|84.72|21.4|19.37|133.37|103.91|51.69|31.89|0.32|0.32|886.5|618.42|604.54|114.11|
|天孚通信|300394.SZ|2024-03-22|637.58|583.7|158.23|87.35|22.06|19.97|137.51|107.14|53.29|32.88|0.31|0.31|914.01|637.61|623.73|117.73|
|天孚通信|300394.SZ|2024-03-21|634.62|580.99|157.5|86.95|21.96|19.87|136.87|106.64|53.04|32.73|0.31|0.31|909.76|634.65|620.77|117.17|
|天孚通信|300394.SZ|2024-03-20|641.02|586.85|159.08|87.82|22.18|20.07|138.25|107.71|53.58|33.06|0.31|0.31|918.93|641.05|627.16|118.38|
|天孚通信|300394.SZ|2024-03-19|641.89|587.64|159.3|87.94|22.21|20.1|138.44|107.86|53.65|33.1|0.31|0.31|920.18|641.91|628.03|118.55|
|天孚通信|300394.SZ|2024-03-18|639.52|585.47|158.71|87.62|22.13|20.03|137.93|107.46|53.45|32.98|0.31|0.31|916.78|639.55|625.66|118.1|
|天孚通信|300394.SZ|2024-03-15|616.06|564|152.89|84.4|21.32|19.29|132.87|103.52|51.49|31.77|0.32|0.32|883.16|616.09|602.21|113.67|
|天孚通信|300394.SZ|2024-03-14|579.69|530.7|143.87|79.42|20.06|18.15|125.03|97.41|48.45|29.9|0.34|0.34|831.02|579.72|565.84|106.81|
|天孚通信|300394.SZ|2024-03-13|541.39|495.64|134.36|74.17|18.73|16.95|116.76|90.97|45.25|27.92|0.36|0.36|776.11|541.42|527.53|99.58|
|天孚通信|300394.SZ|2024-03-12|531.04|486.17|131.79|72.76|18.38|16.63|114.53|89.23|44.39|27.39|0.37|0.37|761.28|531.07|517.19|97.62|
|天孚通信|300394.SZ|2024-03-11|548.1|501.78|136.03|75.09|18.97|17.16|118.21|92.1|45.81|28.27|0.36|0.36|785.73|548.13|534.25|100.84|
|天孚通信|300394.SZ|2024-03-08|564.21|516.53|140.02|99.89|19.52|19.52|121.69|94.81|47.16|37.29|0.35|0.35|2712.35|564.24|550.36|103.88|
|天孚通信|300394.SZ|2024-03-07|525.87|481.43|130.51|93.1|18.2|18.2|113.42|88.36|43.95|34.76|0.38|0.38|2528.02|525.9|512.01|96.65|
|天孚通信|300394.SZ|2024-03-06|535.19|489.96|132.82|94.75|18.52|18.52|115.43|89.93|44.73|35.38|0.37|0.37|2572.82|535.22|521.33|98.41|
|天孚通信|300394.SZ|2024-03-05|535.47|490.21|132.89|94.8|18.53|18.53|115.49|89.98|44.76|35.39|0.37|0.37|2574.15|535.49|521.61|98.46|
|天孚通信|300394.SZ|2024-03-04|559.55|512.27|138.87|99.06|19.36|19.36|120.68|94.02|46.77|36.99|0.35|0.35|2689.95|559.58|545.7|103|
|天孚通信|300394.SZ|2024-03-01|540.52|494.84|134.14|95.69|18.7|18.7|116.58|90.83|45.18|35.73|0.37|0.37|2598.45|540.55|526.66|99.41|
|天孚通信|300394.SZ|2024-02-29|537.05|491.66|133.28|95.08|18.58|18.58|115.83|90.24|44.89|35.5|0.37|0.37|2581.75|537.07|523.19|98.76|
|天孚通信|300394.SZ|2024-02-28|492.42|450.81|122.21|87.18|17.04|17.04|106.2|82.74|41.16|32.55|0.4|0.4|2367.23|492.45|478.57|90.33|
|天孚通信|300394.SZ|2024-02-27|525.2|480.81|130.34|92.98|18.17|18.17|113.27|88.25|43.9|34.72|0.38|0.38|2524.8|525.23|511.34|96.52|
|天孚通信|300394.SZ|2024-02-26|469.88|430.17|116.61|83.19|16.26|16.26|101.34|78.96|39.27|31.06|0.42|0.42|2258.84|469.9|456.02|86.08|
|天孚通信|300394.SZ|2024-02-23|471.57|431.72|117.03|83.49|16.32|16.32|101.71|79.24|39.42|31.17|0.42|0.42|2267|471.6|457.72|86.4|
|天孚通信|300394.SZ|2024-02-22|488.32|447.05|121.19|86.45|16.9|16.9|105.32|82.05|40.82|32.28|0.4|0.4|2347.49|488.34|474.46|89.56|
|天孚通信|300394.SZ|2024-02-21|485.71|444.66|120.54|85.99|16.81|16.81|104.76|81.62|40.6|32.11|0.41|0.41|2334.96|485.74|471.85|89.07|
|天孚通信|300394.SZ|2024-02-20|508.02|465.09|126.08|89.94|17.58|17.58|109.57|85.37|42.46|33.58|0.39|0.39|2442.22|508.05|494.16|93.28|
|天孚通信|300394.SZ|2024-02-19|515.56|471.99|127.95|91.27|17.84|17.84|111.19|86.63|43.09|34.08|0.38|0.38|2478.48|515.59|501.71|94.7|
|天孚通信|300394.SZ|2024-02-08|429.64|393.33|106.62|76.06|14.87|14.87|92.66|72.19|35.91|28.4|0.46|0.46|2065.4|429.66|415.78|78.48|
|天孚通信|300394.SZ|2024-02-07|445.04|407.43|110.45|78.79|15.4|15.4|95.98|74.78|37.2|29.42|0.44|0.44|2139.43|445.06|431.18|81.39|
|天孚通信|300394.SZ|2024-02-06|452.15|413.93|112.21|80.05|15.65|15.65|97.52|75.98|37.79|29.89|0.44|0.44|2173.6|452.17|438.29|82.73|
|天孚通信|300394.SZ|2024-02-05|408.31|373.81|101.33|72.29|14.13|14.13|88.06|68.61|34.13|26.99|0.48|0.48|1962.89|408.34|394.46|74.46|
|天孚通信|300394.SZ|2024-02-02|390.94|357.9|97.02|69.21|13.53|13.53|84.32|65.69|32.68|25.84|0.5|0.5|1879.36|390.96|377.08|71.18|
|天孚通信|300394.SZ|2024-02-01|388.37|355.55|96.38|68.76|13.44|13.44|83.76|65.26|32.46|25.67|0.51|0.51|1867.02|388.4|374.51|70.69|
|天孚通信|300394.SZ|2024-01-31|339.09|310.43|84.15|60.03|11.73|11.73|73.13|56.98|28.34|22.41|0.58|0.58|1630.11|339.12|325.23|61.39|
|天孚通信|300394.SZ|2024-01-30|334.86|306.56|83.1|59.28|11.59|11.59|72.22|56.27|27.99|22.13|0.59|0.59|1609.8|334.89|321.01|60.59|
|天孚通信|300394.SZ|2024-01-29|334.35|306.09|82.98|59.19|11.57|11.57|72.11|56.18|27.95|22.1|0.59|0.59|1607.33|334.38|320.49|60.5|
|天孚通信|300394.SZ|2024-01-26|371.98|340.55|92.32|65.85|12.87|12.87|80.23|62.51|31.09|24.59|0.53|0.53|1788.24|372.01|358.13|67.6|
|天孚通信|300394.SZ|2024-01-25|390.86|357.83|97|69.2|13.53|13.53|84.3|65.68|32.67|25.84|0.51|0.51|1878.98|390.89|377|71.16|
|天孚通信|300394.SZ|2024-01-24|381.18|348.97|94.6|67.48|13.19|13.19|82.21|64.05|31.86|25.2|0.52|0.52|1832.47|381.21|367.33|69.34|
|天孚通信|300394.SZ|2024-01-23|386.99|354.28|96.04|68.51|13.39|13.39|83.46|65.03|32.35|25.58|0.51|0.51|1860.38|387.02|373.13|70.43|
|天孚通信|300394.SZ|2024-01-22|371.67|340.26|92.24|65.8|12.86|12.86|80.16|62.45|31.07|24.57|0.53|0.53|1786.72|371.69|357.81|67.54|
|天孚通信|300394.SZ|2024-01-19|361.72|331.15|89.77|64.04|12.52|12.52|78.01|60.78|30.23|23.91|0.55|0.55|1738.88|361.74|347.86|65.66|
|天孚通信|300394.SZ|2024-01-18|367.21|336.17|91.13|65.01|12.71|12.71|79.2|61.7|30.69|24.27|0.54|0.54|1765.27|367.23|353.35|66.7|
|天孚通信|300394.SZ|2024-01-17|334.35|306.09|82.98|59.19|11.57|11.57|72.11|56.18|27.95|22.1|0.59|0.59|1607.33|334.38|320.49|60.5|
|天孚通信|300394.SZ|2024-01-16|328.74|300.96|81.59|58.2|11.38|11.38|70.9|55.24|27.48|21.73|0.6|0.6|1580.37|328.77|314.89|59.44|
|天孚通信|300394.SZ|2024-01-15|330.92|302.95|82.12|58.58|11.45|11.45|71.37|55.61|27.66|21.87|0.6|0.6|1590.81|330.94|317.06|59.85|
|天孚通信|300394.SZ|2024-01-12|327.56|299.88|81.29|57.99|11.34|11.34|70.65|55.04|27.38|21.65|0.6|0.6|1574.68|327.59|313.7|59.21|
|天孚通信|300394.SZ|2024-01-11|339.64|310.94|84.29|60.13|11.75|11.75|73.25|57.07|28.39|22.45|0.58|0.58|1632.77|339.67|325.78|61.49|
|天孚通信|300394.SZ|2024-01-10|328.66|300.89|81.57|58.19|11.37|11.37|70.88|55.23|27.47|21.72|0.6|0.6|1579.99|328.69|314.81|59.42|
|天孚通信|300394.SZ|2024-01-09|337.59|309.06|83.78|59.77|11.68|11.68|72.81|56.73|28.22|22.31|0.58|0.58|1622.89|337.62|323.73|61.11|
|天孚通信|300394.SZ|2024-01-08|330.8|302.84|82.1|58.56|11.45|11.45|71.34|55.59|27.65|21.87|0.6|0.6|1590.24|330.82|316.94|59.82|
|天孚通信|300394.SZ|2024-01-05|332.69|304.58|82.57|58.9|11.51|11.51|71.75|55.9|27.81|21.99|0.59|0.59|1599.35|332.72|318.83|60.18|
|天孚通信|300394.SZ|2024-01-04|344.74|315.6|85.55|61.03|11.93|11.93|74.35|57.93|28.81|22.79|0.57|0.57|1657.25|344.76|330.88|62.46|
|天孚通信|300394.SZ|2024-01-03|348.13|318.71|86.4|61.63|12.05|12.05|75.08|58.5|29.1|23.01|0.57|0.57|1673.58|348.16|334.27|63.1|
|天孚通信|300394.SZ|2024-01-02|355.4|325.36|88.2|62.92|12.3|12.3|76.65|59.72|29.71|23.49|0.56|0.56|1708.51|355.42|341.54|64.47|
|天孚通信|300394.SZ|2023-12-29|361.4|330.86|89.69|63.98|12.51|12.51|77.94|60.73|30.21|23.89|0.43|0.55|1737.36|361.43|347.54|65.6|
|天孚通信|300394.SZ|2023-12-28|361.44|330.89|89.7|63.99|12.51|12.51|77.95|60.73|30.21|23.89|0.43|0.55|1737.55|361.47|347.58|65.61|
|天孚通信|300394.SZ|2023-12-27|353.82|323.92|87.81|62.64|12.24|12.24|76.31|59.45|29.57|23.39|0.44|0.56|1700.92|353.85|339.96|64.17|
|天孚通信|300394.SZ|2023-12-26|356.9|326.74|88.57|63.18|12.35|12.35|76.97|59.97|29.83|23.59|0.44|0.55|1715.72|356.93|343.04|64.75|
|天孚通信|300394.SZ|2023-12-25|367.24|336.21|91.14|65.02|12.71|12.71|79.21|61.71|30.7|24.27|0.43|0.54|1765.46|367.27|353.39|66.7|
|天孚通信|300394.SZ|2023-12-22|367.24|336.21|91.14|65.02|12.71|12.71|79.21|61.71|30.7|24.27|0.43|0.54|1765.46|367.27|353.39|66.7|
|天孚通信|300394.SZ|2023-12-21|370.4|339.1|91.92|65.58|12.82|12.82|79.89|62.24|30.96|24.48|0.42|0.53|1780.65|370.43|356.55|67.3|
|天孚通信|300394.SZ|2023-12-20|358.64|328.33|89|63.49|12.41|12.41|77.35|60.26|29.98|23.71|0.44|0.55|1724.08|358.66|344.78|65.08|
|天孚通信|300394.SZ|2023-12-19|380.08|347.96|94.33|67.29|13.15|13.15|81.97|63.87|31.77|25.12|0.41|0.52|1827.16|380.11|366.22|69.13|
|天孚通信|300394.SZ|2023-12-18|381.46|349.22|94.67|67.53|13.2|13.2|82.27|64.1|31.88|25.21|0.41|0.52|1833.8|381.49|367.6|69.39|
|天孚通信|300394.SZ|2023-12-15|382.45|350.13|94.91|67.71|13.23|13.23|82.48|64.26|31.97|25.28|0.41|0.52|1838.55|382.47|368.59|69.57|
|天孚通信|300394.SZ|2023-12-14|390.82|357.79|96.99|69.19|13.52|13.52|84.29|65.67|32.67|25.83|0.4|0.51|1878.79|390.85|376.96|71.15|
|天孚通信|300394.SZ|2023-12-13|396.23|362.74|98.33|70.15|13.71|13.71|85.46|66.58|33.12|26.19|0.4|0.5|1904.8|396.26|382.37|72.18|
|天孚通信|300394.SZ|2023-12-12|403.57|369.47|100.16|71.45|13.97|13.97|87.04|67.81|33.73|26.68|0.39|0.49|1940.11|403.6|389.72|73.56|
|天孚通信|300394.SZ|2023-12-11|411.47|376.7|102.12|72.85|14.24|14.24|88.74|69.14|34.39|27.2|0.38|0.48|1978.07|411.5|397.61|75.05|
|天孚通信|300394.SZ|2023-12-08|387.58|354.83|96.19|68.62|13.41|13.41|83.59|65.13|32.4|25.62|0.4|0.51|1863.22|387.61|373.72|70.54|
|天孚通信|300394.SZ|2023-12-07|328.9|301.11|81.62|58.23|11.38|11.38|70.94|55.27|27.49|21.74|0.48|0.6|1581.13|328.93|315.04|59.47|
|天孚通信|300394.SZ|2023-12-06|327.05|299.41|81.16|57.9|11.32|11.32|70.54|54.95|27.34|21.62|0.48|0.6|1572.21|327.07|313.19|59.12|
|天孚通信|300394.SZ|2023-12-05|325.35|297.85|80.74|57.6|11.26|11.26|70.17|54.67|27.19|21.51|0.48|0.61|1564.05|325.37|311.49|58.8|
|天孚通信|300394.SZ|2023-12-04|314.72|288.13|78.11|55.72|10.89|10.89|67.88|52.88|26.31|20.8|0.5|0.63|1512.98|314.75|300.87|56.79|
|天孚通信|300394.SZ|2023-12-01|302.8|277.21|75.15|53.61|10.48|10.48|65.31|50.88|25.31|20.01|0.52|0.65|1455.65|302.83|288.94|54.54|
|天孚通信|300394.SZ|2023-11-30|289.45|264.99|71.83|51.24|10.02|10.02|62.43|48.64|24.19|19.13|0.54|0.68|1391.49|289.48|275.59|52.02|
|天孚通信|300394.SZ|2023-11-29|288.27|263.91|71.54|51.03|9.98|9.98|62.17|48.44|24.09|19.05|0.54|0.68|1385.79|288.29|274.41|51.8|
|天孚通信|300394.SZ|2023-11-28|290.79|266.22|72.17|51.48|10.06|10.06|62.72|48.86|24.31|19.22|0.54|0.68|1397.94|290.82|276.94|52.27|
|天孚通信|300394.SZ|2023-11-27|297.78|272.62|73.9|52.72|10.3|10.3|64.22|50.04|24.89|19.68|0.53|0.66|1431.54|297.81|283.93|53.59|
|天孚通信|300394.SZ|2023-11-24|292.81|268.06|72.67|51.84|10.13|10.13|63.15|49.2|24.47|19.35|0.53|0.67|1407.62|292.84|278.95|52.65|
|天孚通信|300394.SZ|2023-11-23|304.02|278.33|75.45|53.82|10.52|10.52|65.57|51.09|25.41|20.1|0.52|0.65|1461.53|304.05|290.17|54.77|
|天孚通信|300394.SZ|2023-11-22|301.73|276.23|74.88|53.42|10.44|10.44|65.08|50.7|25.22|19.94|0.52|0.65|1450.52|301.76|287.88|54.34|
|天孚通信|300394.SZ|2023-11-21|317.02|290.22|78.68|56.12|10.97|10.97|68.37|53.27|26.5|20.95|0.49|0.62|1523.99|317.04|303.16|57.22|
|天孚通信|300394.SZ|2023-11-20|318.87|291.92|79.14|56.45|11.03|11.03|68.77|53.58|26.65|21.08|0.49|0.62|1532.91|318.9|305.01|57.57|
|天孚通信|300394.SZ|2023-11-17|323.49|296.15|80.28|57.27|11.19|11.19|69.77|54.36|27.04|21.38|0.48|0.61|1555.12|323.52|309.63|58.45|
|天孚通信|300394.SZ|2023-11-16|310.34|284.11|77.02|54.94|10.74|10.74|66.93|52.15|25.94|20.51|0.5|0.64|1491.91|310.37|296.48|55.96|
|天孚通信|300394.SZ|2023-11-15|319.34|292.36|79.25|56.54|11.05|11.05|68.87|53.66|26.69|21.11|0.49|0.62|1535.19|319.37|305.49|57.66|
|天孚通信|300394.SZ|2023-11-14|323.61|296.26|80.31|57.29|11.2|11.2|69.79|54.38|27.05|21.39|0.48|0.61|1555.69|323.64|309.75|58.47|
|天孚通信|300394.SZ|2023-11-13|322.46|295.21|80.03|57.09|11.16|11.16|69.55|54.19|26.95|21.31|0.49|0.61|1550.19|322.49|308.61|58.25|
|天孚通信|300394.SZ|2023-11-10|308.84|282.74|76.65|54.68|10.69|10.69|66.61|51.9|25.81|20.41|0.51|0.64|1484.69|308.87|294.98|55.68|
|天孚通信|300394.SZ|2023-11-09|310.7|284.44|77.11|55|10.75|10.75|67.01|52.21|25.97|20.54|0.5|0.64|1493.62|310.72|296.84|56.03|
|天孚通信|300394.SZ|2023-11-08|300.94|275.51|74.69|53.28|10.41|10.41|64.91|50.57|25.15|19.89|0.52|0.66|1446.73|300.97|287.09|54.19|
|天孚通信|300394.SZ|2023-11-07|310.82|284.55|77.14|55.03|10.76|10.76|67.03|52.23|25.98|20.54|0.5|0.64|1494.19|310.84|296.96|56.05|
|天孚通信|300394.SZ|2023-11-06|289.06|264.63|71.74|51.17|10|10|62.34|48.57|24.16|19.11|0.54|0.68|1389.59|289.08|275.2|51.95|
|天孚通信|300394.SZ|2023-11-03|281.55|257.76|69.87|49.85|9.74|9.74|60.72|47.31|23.53|18.61|0.56|0.7|1353.52|281.58|267.7|50.53|
|天孚通信|300394.SZ|2023-11-02|272.55|249.52|67.64|48.25|9.43|9.43|58.78|45.8|22.78|18.02|0.57|0.72|1310.24|272.58|258.69|48.83|
|天孚通信|300394.SZ|2023-11-01|270.89|248|67.23|47.96|9.37|9.37|58.42|45.52|22.64|17.91|0.58|0.73|1302.26|270.92|257.04|48.52|
|天孚通信|300394.SZ|2023-10-31|281.2|257.43|69.79|49.78|9.73|9.73|60.65|47.25|23.5|18.59|0.56|0.7|1351.81|281.23|267.34|50.46|
|天孚通信|300394.SZ|2023-10-30|291.03|266.44|72.23|51.52|10.07|10.07|62.77|48.9|24.33|19.24|0.54|0.68|1399.08|291.06|277.17|52.32|
|天孚通信|300394.SZ|2023-10-27|292.81|268.06|72.67|51.84|10.13|10.13|63.15|49.2|24.47|19.35|0.53|0.67|1407.62|292.84|278.95|52.65|
|天孚通信|300394.SZ|2023-10-26|305.84|279.99|75.9|54.14|10.58|10.58|65.96|51.39|25.56|20.22|0.51|0.65|1470.27|305.87|291.98|55.11|
|天孚通信|300394.SZ|2023-10-25|313.15|286.68|77.71|55.44|10.84|10.84|67.54|52.62|26.17|20.7|0.5|0.63|1505.39|313.17|299.29|56.49|
|天孚通信|300394.SZ|2023-10-24|344.34|315.24|85.46|60.96|11.92|11.92|74.27|57.86|28.78|22.76|0.45|0.57|1655.36|344.37|330.48|62.38|
|天孚通信|300394.SZ|2023-10-23|342.17|313.25|84.92|60.58|11.84|11.84|73.8|57.5|28.6|22.62|0.46|0.58|1644.91|342.2|328.31|61.97|
|天孚通信|300394.SZ|2023-10-20|327.36|299.7|81.24|57.95|11.33|11.33|70.6|55.01|27.36|21.64|0.48|0.6|1573.73|327.39|313.5|59.18|
|天孚通信|300394.SZ|2023-10-19|324.6|297.17|80.56|69.66|12.09|12.08|70.01|68.66|27.13|25.3|0.48|0.61|2408.42|324.62|312.51|58.99|
|天孚通信|300394.SZ|2023-10-18|342.96|313.98|85.11|73.6|12.77|12.76|73.97|72.55|28.67|26.73|0.46|0.58|2544.67|342.99|330.87|62.45|
|天孚通信|300394.SZ|2023-10-17|339.13|310.47|84.16|72.78|12.63|12.62|73.14|71.74|28.35|26.43|0.46|0.58|2516.25|339.16|327.04|61.73|
|天孚通信|300394.SZ|2023-10-16|329.97|302.08|81.89|70.82|12.29|12.28|71.17|69.8|27.58|25.72|0.47|0.6|2448.27|329.99|317.88|60|
|天孚通信|300394.SZ|2023-10-13|324.75|297.31|80.6|69.7|12.09|12.08|70.04|68.7|27.14|25.31|0.48|0.61|2409.6|324.78|312.67|59.02|
|天孚通信|300394.SZ|2023-10-12|333.17|305.01|82.68|71.5|12.4|12.4|71.86|70.48|27.85|25.97|0.47|0.59|2472|333.19|321.08|60.61|
|天孚通信|300394.SZ|2023-10-11|346.32|317.05|85.95|74.32|12.89|12.89|74.69|73.26|28.95|26.99|0.45|0.57|2569.57|346.34|334.23|63.09|
|天孚通信|300394.SZ|2023-10-10|348.29|318.86|86.44|74.75|12.97|12.96|75.12|73.68|29.11|27.14|0.45|0.57|2584.22|348.32|336.2|63.46|
|天孚通信|300394.SZ|2023-10-09|354.88|324.89|88.07|76.16|13.21|13.21|76.54|75.07|29.66|27.66|0.44|0.56|2633.15|354.91|342.8|64.71|
|天孚通信|300394.SZ|2023-09-28|375.14|343.44|93.1|80.51|13.97|13.96|80.91|79.36|31.36|29.24|0.42|0.53|2783.46|375.17|363.05|68.53|
|天孚通信|300394.SZ|2023-09-27|366.81|335.81|91.03|78.72|13.66|13.65|79.11|77.59|30.66|28.59|0.43|0.54|2721.64|366.84|354.72|66.96|
|天孚通信|300394.SZ|2023-09-26|353.82|323.92|87.81|75.94|13.17|13.17|76.31|74.85|29.57|27.58|0.44|0.56|2625.24|353.85|341.73|64.5|
|天孚通信|300394.SZ|2023-09-25|351.73|322|87.29|75.49|13.1|13.09|75.86|74.4|29.4|27.41|0.45|0.56|2609.71|351.75|339.64|64.11|
|天孚通信|300394.SZ|2023-09-22|349|319.51|86.61|74.9|12.99|12.99|75.27|73.83|29.17|27.2|0.45|0.57|2589.5|349.03|336.91|63.59|
|天孚通信|300394.SZ|2023-09-21|290.83|266.26|72.18|62.42|10.83|10.82|62.73|61.52|24.31|22.67|0.54|0.68|2157.91|290.86|278.75|52.62|
|天孚通信|300394.SZ|2023-09-20|286.44|262.23|71.09|61.47|10.66|10.66|61.78|60.59|23.94|22.32|0.55|0.69|2125.31|286.47|274.35|51.79|
|天孚通信|300394.SZ|2023-09-19|289.24|264.79|71.78|62.08|10.77|10.77|62.38|61.19|24.18|22.54|0.54|0.68|2146.1|289.27|277.15|52.32|
|天孚通信|300394.SZ|2023-09-18|278.42|254.89|69.1|59.75|10.37|10.37|60.05|58.9|23.27|21.7|0.56|0.71|2065.83|278.45|266.34|50.27|
|天孚通信|300394.SZ|2023-09-15|287.94|263.6|71.46|61.8|10.72|10.72|62.1|60.91|24.07|22.44|0.54|0.69|2136.42|287.96|275.85|52.07|
|天孚通信|300394.SZ|2023-09-14|297.06|271.94|73.72|63.75|11.06|11.06|64.07|62.84|24.83|23.15|0.53|0.66|2204.08|297.08|284.97|53.79|
|天孚通信|300394.SZ|2023-09-13|305.78|279.93|75.89|65.63|11.38|11.38|65.95|64.68|25.56|23.83|0.51|0.65|2268.81|305.81|293.69|55.44|
|天孚通信|300394.SZ|2023-09-12|315.41|288.75|78.28|67.69|11.74|11.74|68.03|66.72|26.36|24.58|0.5|0.63|2340.28|315.44|303.32|57.25|
|天孚通信|300394.SZ|2023-09-11|315.85|289.15|78.39|67.79|11.76|11.76|68.12|66.81|26.4|24.62|0.5|0.62|2343.5|315.87|303.76|57.34|
|天孚通信|300394.SZ|2023-09-08|296.07|271.04|73.48|63.54|11.02|11.02|63.85|62.63|24.75|23.07|0.53|0.67|2196.76|296.1|283.98|53.6|
|天孚通信|300394.SZ|2023-09-07|300.81|275.38|74.65|64.56|11.2|11.2|64.88|63.63|25.14|23.44|0.52|0.66|2231.9|300.83|288.72|54.5|
|天孚通信|300394.SZ|2023-09-06|313.64|287.12|77.84|67.31|11.68|11.68|67.64|66.35|26.22|24.44|0.5|0.63|2327.1|313.66|301.55|56.92|
|天孚通信|300394.SZ|2023-09-05|310.2|283.98|76.98|66.57|11.55|11.55|66.9|65.62|25.93|24.18|0.5|0.64|2301.61|310.23|298.11|56.27|
|天孚通信|300394.SZ|2023-09-04|322.72|295.43|80.09|69.26|12.02|12.02|69.6|68.27|26.97|25.15|0.49|0.61|2394.46|322.74|310.63|58.63|
|天孚通信|300394.SZ|2023-09-01|319.72|292.69|79.35|68.62|11.9|11.9|68.95|67.63|26.72|24.92|0.49|0.62|2372.2|319.74|307.63|58.07|
|天孚通信|300394.SZ|2023-08-31|333.41|305.23|82.74|71.56|12.41|12.41|71.91|70.53|27.87|25.99|0.47|0.59|2473.84|333.44|321.33|60.65|
|天孚通信|300394.SZ|2023-08-30|335.47|307.11|83.25|72|12.49|12.49|72.35|70.96|28.04|26.15|0.47|0.59|2489.07|335.49|323.38|61.04|
|天孚通信|300394.SZ|2023-08-29|335.78|307.4|83.33|72.06|12.5|12.5|72.42|71.03|28.07|26.17|0.47|0.59|2491.41|335.81|323.69|61.1|
|天孚通信|300394.SZ|2023-08-28|326.07|298.51|80.92|69.98|12.14|12.14|70.33|68.98|27.25|25.41|0.48|0.61|2419.36|326.1|313.98|59.27|
|天孚通信|300394.SZ|2023-08-25|317.98|291.1|78.91|68.24|11.84|11.84|68.58|67.26|26.58|24.78|0.49|0.62|2359.32|318|305.89|57.74|
|天孚通信|300394.SZ|2023-08-24|352.52|320.08|87.49|76|12.97|13.14|76.03|72.89|29.47|27.47|0.44|0.56|2778.99|352.55|337.41|63.69|
|天孚通信|300394.SZ|2023-08-23|341.9|310.44|84.85|73.72|12.58|12.74|73.74|70.69|28.58|26.65|0.46|0.58|2695.28|341.93|326.79|61.68|
|天孚通信|300394.SZ|2023-08-22|361.92|328.61|89.82|78.03|13.31|13.49|78.06|74.83|30.25|28.21|0.43|0.55|2853.06|361.95|346.8|65.46|
|天孚通信|300394.SZ|2023-08-21|333.97|303.24|82.88|72|12.29|12.44|72.03|69.05|27.91|26.03|0.47|0.59|2632.73|334|318.85|60.19|
|天孚通信|300394.SZ|2023-08-18|331.01|300.55|82.15|71.37|12.18|12.33|71.39|68.44|27.67|25.8|0.47|0.6|2609.39|331.04|315.89|59.63|
|天孚通信|300394.SZ|2023-08-17|366.34|332.63|90.92|78.98|13.48|13.65|79.01|75.74|30.62|28.55|0.43|0.54|2887.91|366.37|351.22|66.3|
|天孚通信|300394.SZ|2023-08-16|371.11|336.97|92.1|80.01|13.65|13.83|80.04|76.73|31.02|28.92|0.42|0.53|2925.56|371.14|356|67.2|
|天孚通信|300394.SZ|2023-08-15|393.1|356.93|97.56|84.75|14.46|14.65|84.78|81.28|32.86|30.64|0.4|0.5|3098.9|393.13|377.99|71.35|
|天孚通信|300394.SZ|2023-08-14|391.25|355.25|97.1|84.35|14.39|14.58|84.38|80.89|32.7|30.49|0.4|0.5|3084.28|391.28|376.13|71|
|天孚通信|300394.SZ|2023-08-11|373.28|338.94|92.64|80.48|13.73|13.91|80.51|77.18|31.2|29.09|0.42|0.53|2942.68|373.31|358.17|67.61|
|天孚通信|300394.SZ|2023-08-10|371.86|337.65|92.29|80.18|13.68|13.86|80.2|76.89|31.08|28.98|0.42|0.53|2931.48|371.89|356.75|67.34|
|天孚通信|300394.SZ|2023-08-09|373.13|338.79|92.6|80.45|13.73|13.9|80.47|77.15|31.19|29.08|0.42|0.53|2941.44|373.16|358.01|67.58|
|天孚通信|300394.SZ|2023-08-08|414.5|376.36|102.87|89.37|15.25|15.45|89.4|85.7|34.65|32.3|0.38|0.48|3267.57|414.53|399.38|75.39|
|天孚通信|300394.SZ|2023-08-07|425.23|386.11|105.53|91.68|15.64|15.85|91.71|87.92|35.54|33.14|0.37|0.46|3352.22|425.27|410.12|77.41|
|天孚通信|300394.SZ|2023-08-04|423.18|384.24|105.02|91.24|15.57|15.77|91.27|87.5|35.37|32.98|0.37|0.47|3336.03|423.21|408.07|77.03|
|天孚通信|300394.SZ|2023-08-03|373.24|338.9|92.63|80.47|13.73|13.91|80.5|77.17|31.2|29.09|0.42|0.53|2942.37|373.28|358.13|67.6|
|天孚通信|300394.SZ|2023-08-02|388.17|352.45|96.33|83.69|14.28|14.46|83.72|80.26|32.44|30.25|0.4|0.51|3060|388.2|373.05|70.42|
|天孚通信|300394.SZ|2023-08-01|385.64|350.16|95.71|83.15|14.19|14.37|83.17|79.74|32.23|30.06|0.41|0.51|3040.09|385.67|370.53|69.94|
|天孚通信|300394.SZ|2023-07-31|352.88|320.41|87.57|76.08|12.98|13.15|76.11|72.96|29.49|27.5|0.44|0.56|2781.79|352.91|337.76|63.76|
|天孚通信|300394.SZ|2023-07-28|366.06|332.38|90.85|78.92|13.47|13.64|78.95|75.69|30.6|28.53|0.43|0.54|2885.73|366.09|350.95|66.24|
|天孚通信|300394.SZ|2023-07-27|364.2|330.69|90.39|78.52|13.4|13.57|78.55|75.3|30.44|28.39|0.43|0.54|2871.11|364.24|349.09|65.89|
|天孚通信|300394.SZ|2023-07-26|371.31|337.15|92.15|80.06|13.66|13.84|80.08|76.77|31.04|28.94|0.42|0.53|2927.12|371.34|356.2|67.23|
|天孚通信|300394.SZ|2023-07-25|380.94|345.89|94.54|82.13|14.02|14.19|82.16|78.76|31.84|29.69|0.41|0.52|3003.05|380.97|365.83|69.05|
|天孚通信|300394.SZ|2023-07-24|371.11|336.97|92.1|80.01|13.65|13.83|80.04|76.73|31.02|28.92|0.42|0.53|2925.56|371.14|356|67.2|
|天孚通信|300394.SZ|2023-07-21|360.3|327.14|89.42|77.68|13.26|13.43|77.71|74.5|30.12|28.08|0.43|0.55|2840.3|360.33|345.18|65.16|
|天孚通信|300394.SZ|2023-07-20|370.28|336.21|91.89|79.83|13.62|13.8|79.86|76.56|30.95|28.86|0.42|0.53|2919.03|370.31|355.17|67.04|
|天孚通信|300394.SZ|2023-07-19|421.21|382.45|104.53|90.81|15.5|15.7|90.84|87.09|35.21|32.83|0.37|0.47|3320.47|421.24|406.09|76.65|
|天孚通信|300394.SZ|2023-07-18|426.73|387.47|105.9|92.01|15.7|15.9|92.04|88.23|35.67|33.26|0.37|0.46|3364.04|426.77|411.62|77.7|
|天孚通信|300394.SZ|2023-07-17|426.73|387.47|105.9|92.01|15.7|15.9|92.04|88.23|35.67|33.26|0.37|0.46|3364.04|426.77|411.62|77.7|
|天孚通信|300394.SZ|2023-07-14|402.65|365.6|99.93|86.81|14.81|15|86.84|83.25|33.66|31.38|0.39|0.49|3174.21|402.68|387.54|73.15|
|天孚通信|300394.SZ|2023-07-13|373.84|339.44|92.78|90.7|13.75|14.73|80.63|77.3|31.25|31.14|0.42|0.53|1778.82|373.87|358.72|67.71|
|天孚通信|300394.SZ|2023-07-12|352.56|320.12|87.5|85.54|12.97|13.89|76.04|72.9|29.47|29.36|0.44|0.56|1677.58|352.59|337.44|63.7|
|天孚通信|300394.SZ|2023-07-11|395.94|359.51|98.26|96.06|14.57|15.6|85.39|81.87|33.09|32.98|0.4|0.5|1884.01|395.97|380.83|71.88|
|天孚通信|300394.SZ|2023-07-10|386.35|350.8|95.88|93.73|14.21|15.22|83.33|79.88|32.29|32.18|0.41|0.51|1838.36|386.38|371.24|70.07|
|天孚通信|300394.SZ|2023-07-07|386|350.48|95.79|93.65|14.2|15.21|83.25|79.81|32.26|32.15|0.41|0.51|1836.67|386.03|370.88|70.01|
|天孚通信|300394.SZ|2023-07-06|394.96|358.62|98.02|95.82|14.53|15.56|85.18|81.66|33.01|32.9|0.4|0.5|1879.31|394.99|379.84|71.7|
|天孚通信|300394.SZ|2023-07-05|390.73|354.78|96.97|94.8|14.38|15.4|84.27|80.79|32.66|32.54|0.4|0.51|1859.21|390.76|375.62|70.9|
|天孚通信|300394.SZ|2023-07-04|408.02|370.48|101.26|98.99|15.01|16.08|88|84.36|34.1|33.98|0.38|0.48|1941.49|408.05|392.91|74.16|
|天孚通信|300394.SZ|2023-07-03|412.96|374.96|102.49|100.19|15.19|16.27|89.06|85.38|34.52|34.4|0.38|0.48|1964.97|412.99|397.84|75.1|
|天孚通信|300394.SZ|2023-06-30|421.72|382.92|104.66|102.31|15.52|16.62|90.95|87.2|35.25|35.12|0.37|0.47|2006.67|421.75|406.61|76.75|
|天孚通信|300394.SZ|2023-06-29|404.86|367.61|100.48|98.23|14.9|15.95|87.32|83.71|33.84|33.72|0.39|0.49|1926.46|404.9|389.75|73.57|
|天孚通信|300394.SZ|2023-06-28|385.01|349.58|95.55|93.41|14.16|15.17|83.04|79.61|32.18|32.07|0.41|0.51|1831.98|385.04|369.89|69.82|
|天孚通信|300394.SZ|2023-06-27|396.02|359.58|98.28|96.08|14.57|15.6|85.41|81.88|33.1|32.98|0.4|0.5|1884.38|396.05|380.91|71.9|
|天孚通信|300394.SZ|2023-06-26|402.58|365.53|99.91|97.67|14.81|15.86|86.83|83.24|33.65|33.53|0.39|0.49|1915.57|402.61|387.46|73.14|
|天孚通信|300394.SZ|2023-06-21|425.16|386.04|105.51|103.15|15.64|16.75|91.7|87.91|35.54|35.41|0.37|0.46|2023.01|425.19|410.04|77.4|
|天孚通信|300394.SZ|2023-06-20|469.57|426.36|116.53|113.92|17.28|18.5|101.27|97.09|39.25|39.11|0.33|0.42|2234.33|469.6|454.45|85.78|
|天孚通信|300394.SZ|2023-06-19|476.67|432.81|118.3|115.65|17.54|18.78|102.81|98.56|39.84|39.7|0.33|0.41|2268.14|476.7|461.56|87.12|
|天孚通信|300394.SZ|2023-06-16|423.58|384.6|105.12|102.76|15.58|16.69|91.35|87.58|35.4|35.28|0.37|0.47|2015.49|423.61|408.46|77.1|
|天孚通信|300394.SZ|2023-06-15|400.29|363.45|99.34|97.11|14.73|15.77|86.33|82.76|33.46|33.34|0.39|0.49|1904.67|400.32|385.17|72.7|
|天孚通信|300394.SZ|2023-06-14|418.01|379.55|103.74|101.41|15.38|16.47|90.15|86.43|34.94|34.82|0.37|0.47|1989.01|418.04|402.9|76.05|
|天孚通信|300394.SZ|2023-06-13|358.44|325.46|88.96|86.96|13.19|14.12|77.31|74.11|29.96|29.85|0.44|0.55|1705.56|358.47|343.33|64.81|
|天孚通信|300394.SZ|2023-06-12|340.32|309.01|84.46|82.57|12.52|13.41|73.4|70.37|28.45|28.35|0.46|0.58|1619.35|340.35|325.21|61.39|
|天孚通信|300394.SZ|2023-06-09|308.7|280.3|76.61|74.89|11.36|12.16|66.58|63.83|25.8|25.71|0.51|0.64|1468.89|308.73|293.59|55.42|
|天孚通信|300394.SZ|2023-06-08|290.54|263.81|72.11|70.49|10.69|11.45|62.66|60.07|24.28|24.2|0.54|0.68|1382.48|290.57|275.43|51.99|
|天孚通信|300394.SZ|2023-06-07|305.74|277.61|75.88|74.18|11.25|12.05|65.94|63.22|25.56|25.46|0.51|0.65|1454.8|305.77|290.63|54.86|
|天孚通信|300394.SZ|2023-06-06|304.95|276.89|75.68|73.98|11.22|11.15|65.77|63.05|25.49|25.4|0.51|0.51|1451.04|304.98|289.84|54.71|
|天孚通信|300394.SZ|2023-06-05|290.54|263.81|72.11|70.49|10.69|10.62|62.66|60.07|24.28|24.2|0.54|0.54|1382.48|290.57|275.43|51.99|
|天孚通信|300394.SZ|2023-06-02|287.46|261.01|71.34|69.74|10.58|10.51|62|59.44|24.03|23.94|0.54|0.54|1367.83|287.49|272.35|51.41|
|天孚通信|300394.SZ|2023-06-01|297.49|270.12|73.83|72.17|10.94|10.88|64.16|61.51|24.87|24.78|0.53|0.53|1415.54|297.52|282.38|53.3|
|天孚通信|300394.SZ|2023-05-31|300.41|272.77|74.55|72.88|11.05|10.98|64.79|62.11|25.11|25.02|0.52|0.52|1429.44|300.44|285.3|53.85|
|天孚通信|300394.SZ|2023-05-30|311.46|282.81|77.3|75.57|11.46|11.39|67.17|64.4|26.03|25.94|0.5|0.5|1482.04|311.5|296.35|55.94|
|天孚通信|300394.SZ|2023-05-29|298.04|270.62|73.97|72.31|10.97|10.9|64.28|61.62|24.91|24.82|0.53|0.53|1418.17|298.07|282.93|53.41|
|天孚通信|300394.SZ|2023-05-26|271.48|246.5|67.37|65.86|9.99|9.93|58.55|56.13|22.69|22.61|0.58|0.58|1291.76|271.51|256.36|48.39|
|天孚通信|300394.SZ|2023-05-25|277.52|251.98|68.87|67.33|10.21|10.15|59.85|57.38|23.2|23.11|0.56|0.56|1320.5|277.55|262.4|49.53|
|天孚通信|300394.SZ|2023-05-24|231.25|209.97|57.39|56.1|8.51|8.45|49.87|47.81|19.33|19.26|0.68|0.68|1100.35|231.28|216.14|40.8|
|天孚通信|300394.SZ|2023-05-23|215.74|195.89|53.54|52.34|7.94|7.89|46.53|44.61|18.03|17.97|0.73|0.73|1026.53|215.77|200.62|37.87|
|天孚通信|300394.SZ|2023-05-22|212.14|192.62|52.65|51.47|7.8|7.76|45.75|43.86|17.73|17.67|0.74|0.74|1009.44|212.17|197.03|37.19|
|天孚通信|300394.SZ|2023-05-19|226.59|205.74|56.23|54.97|8.34|8.28|48.87|46.85|18.94|18.87|0.69|0.69|1078.19|226.62|211.48|39.92|
|天孚通信|300394.SZ|2023-05-18|248.86|225.96|61.76|60.38|9.16|9.1|53.67|51.45|20.8|20.73|0.63|0.63|1184.13|248.89|233.74|44.12|
|天孚通信|300394.SZ|2023-05-17|212.7|193.13|52.79|51.6|7.83|7.78|45.87|43.98|17.78|17.72|0.74|0.74|1012.07|212.73|197.58|37.3|
|天孚通信|300394.SZ|2023-05-16|202.71|184.06|50.31|49.18|7.46|7.41|43.72|41.91|16.94|16.88|0.77|0.77|964.54|202.74|187.59|35.41|
|天孚通信|300394.SZ|2023-05-15|208.51|189.33|51.75|50.59|7.67|7.62|44.97|43.11|17.43|17.37|0.75|0.75|992.16|208.54|193.4|36.51|
|天孚通信|300394.SZ|2023-05-12|207.64|188.54|51.53|50.38|7.64|7.59|44.78|42.93|17.36|17.29|0.75|0.75|988.02|207.67|192.53|36.34|
|天孚通信|300394.SZ|2023-05-11|201.41|182.87|49.98|48.86|7.41|7.36|43.44|41.64|16.83|16.77|0.78|0.78|958.35|201.44|186.29|35.16|
|天孚通信|300394.SZ|2023-05-10|202.87|184.2|50.35|49.22|7.46|7.42|43.75|41.95|16.96|16.9|0.77|0.77|965.3|202.9|187.75|35.44|
|天孚通信|300394.SZ|2023-05-09|209.74|190.44|52.05|50.88|7.72|7.67|45.23|43.37|17.53|17.47|0.75|0.75|997.98|209.77|194.62|36.74|
|天孚通信|300394.SZ|2023-05-08|205.66|186.69|51.04|49.89|7.57|7.57|44.35|42.52|17.19|17.13|0.76|0.76|978.56|205.69|190.54|35.97|
|天孚通信|300394.SZ|2023-05-05|206.44|187.41|51.23|50.09|7.6|7.6|44.52|42.68|17.26|17.19|0.76|0.76|982.31|206.47|191.33|36.11|
|天孚通信|300394.SZ|2023-05-04|212.94|193.31|52.85|51.66|7.83|7.83|45.93|44.03|17.8|17.74|0.74|0.74|1013.24|212.97|197.83|37.34|
|天孚通信|300394.SZ|2023-04-28|239.81|217.7|59.52|58.18|8.82|8.82|51.72|49.58|20.04|19.97|0.65|0.65|1141.1|239.84|224.7|42.41|
|天孚通信|300394.SZ|2023-04-27|226.77|205.86|56.28|55.02|8.34|8.34|48.91|46.89|18.95|18.89|0.69|0.69|1079.04|226.8|211.66|39.95|
|天孚通信|300394.SZ|2023-04-26|239.93|217.81|59.54|58.21|8.83|8.83|51.75|49.61|20.05|19.98|0.65|0.65|1141.66|239.96|224.82|42.44|
|天孚通信|300394.SZ|2023-04-25|242.37|220.03|60.15|58.8|8.92|8.92|52.27|50.11|20.26|20.19|0.65|0.65|1153.28|242.4|227.26|42.9|
|天孚通信|300394.SZ|2023-04-24|257.9|234.12|64|62.57|9.49|9.49|55.62|53.32|21.56|21.48|0.61|0.61|1227.14|257.93|242.78|45.83|
|天孚通信|300394.SZ|2023-04-21|252.14|228.9|62.58|61.17|9.28|9.28|54.38|52.13|21.08|21|0.62|0.62|1199.77|252.17|237.03|44.74|
|天孚通信|300394.SZ|2023-04-20|281.61|255.65|91.91|70.61|11.35|10.75|76.16|61.16|27.28|23.36|0.56|0.56|1083.1|281.64|271.61|65.56|
|天孚通信|300394.SZ|2023-04-19|253.64|230.26|82.78|63.6|10.23|9.69|68.6|55.09|24.57|21.04|0.62|0.62|975.52|253.67|243.64|58.81|
|天孚通信|300394.SZ|2023-04-18|257.19|233.48|83.94|64.49|10.37|9.82|69.56|55.86|24.91|21.33|0.61|0.61|989.15|257.21|247.19|59.66|
|天孚通信|300394.SZ|2023-04-17|222.75|202.22|72.7|55.86|8.98|8.51|60.25|48.38|21.58|18.48|0.7|0.7|856.72|222.78|212.75|51.35|
|天孚通信|300394.SZ|2023-04-14|229.1|207.97|74.77|57.45|9.24|8.75|61.96|49.76|22.19|19|0.68|0.68|881.12|229.12|219.1|52.88|
|天孚通信|300394.SZ|2023-04-13|227.6|206.62|74.28|57.07|9.18|8.69|61.56|49.43|22.05|18.88|0.69|0.69|875.36|227.63|217.6|52.52|
|天孚通信|300394.SZ|2023-04-12|246.2|223.5|80.35|61.73|9.93|9.4|66.59|53.47|23.85|20.42|0.64|0.64|946.88|246.22|236.19|57.01|
|天孚通信|300394.SZ|2023-04-11|241.86|219.56|78.94|60.65|9.75|9.24|65.41|52.53|23.43|20.06|0.65|0.65|930.21|241.89|231.86|55.96|
|天孚通信|300394.SZ|2023-04-10|243.12|220.71|79.35|60.96|9.8|9.28|65.75|52.8|23.55|20.17|0.64|0.64|935.06|243.15|233.12|56.27|
|天孚通信|300394.SZ|2023-04-07|265.93|241.42|86.8|66.68|10.72|10.16|71.92|57.76|25.76|22.06|0.59|0.59|1022.79|265.96|255.93|61.77|
|天孚通信|300394.SZ|2023-04-06|263.18|238.91|85.89|65.99|10.61|10.05|71.18|57.16|25.49|21.83|0.6|0.6|1012.18|263.2|253.17|61.11|
|天孚通信|300394.SZ|2023-04-04|241.47|219.21|78.81|60.55|9.73|9.22|65.31|52.45|23.39|20.03|0.65|0.65|928.69|241.49|231.47|55.87|
|天孚通信|300394.SZ|2023-04-03|238.47|216.49|77.83|59.8|9.61|9.11|64.5|51.79|23.1|19.78|0.66|0.66|917.18|238.5|228.47|55.14|
|天孚通信|300394.SZ|2023-03-31|203.76|184.98|66.5|51.09|8.21|7.78|55.11|44.26|19.74|16.9|0.77|0.77|783.69|203.79|193.76|46.77|
|天孚通信|300394.SZ|2023-03-30|190.33|172.78|62.12|47.73|7.67|7.27|51.48|41.34|18.44|15.79|0.82|0.82|732.02|190.36|180.33|43.52|
|天孚通信|300394.SZ|2023-03-29|192.34|174.61|62.78|48.23|7.75|7.34|52.02|41.77|18.63|15.95|0.81|0.81|739.74|192.37|182.34|44.01|
|天孚通信|300394.SZ|2023-03-28|184.54|167.52|60.23|46.27|7.44|7.05|49.91|40.08|17.87|15.31|0.85|0.85|709.74|184.56|174.54|42.13|
|天孚通信|300394.SZ|2023-03-27|193.68|175.82|63.21|48.56|7.81|7.4|52.38|42.07|18.76|16.07|0.81|0.81|744.9|193.7|183.68|44.33|
|天孚通信|300394.SZ|2023-03-24|196.63|178.5|64.18|49.31|7.93|7.51|53.18|42.71|19.05|16.31|0.8|0.8|756.26|196.66|186.63|45.05|
|天孚通信|300394.SZ|2023-03-23|200.34|181.87|65.39|50.23|8.08|7.65|54.18|43.51|19.41|16.62|0.78|0.78|770.5|200.36|190.34|45.94|
|天孚通信|300394.SZ|2023-03-22|194.7|176.75|63.55|48.82|7.85|7.44|52.66|42.29|18.86|16.15|0.8|0.8|748.84|194.73|184.7|44.58|
|天孚通信|300394.SZ|2023-03-21|179.26|162.73|58.51|44.95|7.23|6.85|48.48|38.93|17.36|14.87|0.87|0.87|689.44|179.29|169.26|40.85|
|天孚通信|300394.SZ|2023-03-20|173.55|157.55|56.64|43.52|7|6.63|46.94|37.69|16.81|14.4|0.9|0.9|667.47|173.57|163.55|39.47|
|天孚通信|300394.SZ|2023-03-17|166.02|150.71|54.19|41.63|6.69|6.34|44.9|36.06|16.08|13.77|0.94|0.94|638.53|166.05|156.02|37.66|
|天孚通信|300394.SZ|2023-03-16|143.13|129.94|46.72|35.89|5.77|5.47|38.71|31.09|13.86|11.87|1.09|1.09|550.49|143.16|133.13|32.13|
|天孚通信|300394.SZ|2023-03-15|144.63|131.29|47.2|36.27|5.83|5.52|39.12|31.41|14.01|12|1.08|1.08|556.25|144.65|134.63|32.49|
|天孚通信|300394.SZ|2023-03-14|152.23|138.2|49.69|38.17|6.14|5.81|41.17|33.06|14.75|12.63|1.03|1.03|585.49|152.26|142.23|34.33|
|天孚通信|300394.SZ|2023-03-13|158.34|143.74|51.68|39.7|6.38|6.05|42.82|34.39|15.34|13.13|0.99|0.99|608.98|158.36|148.34|35.8|
|天孚通信|300394.SZ|2023-03-10|152.78|138.7|49.87|38.31|6.16|5.83|41.32|33.18|14.8|12.67|1.03|1.03|587.61|152.81|142.78|34.46|
|天孚通信|300394.SZ|2023-03-09|154.99|140.7|50.59|38.86|6.25|5.92|41.92|33.66|15.01|12.86|1.01|1.01|596.1|155.02|144.99|34.99|
|天孚通信|300394.SZ|2023-03-08|154.44|140.2|50.41|38.73|6.23|5.9|41.77|33.54|14.96|12.81|1.01|1.01|593.98|154.46|144.44|34.86|
|天孚通信|300394.SZ|2023-03-07|151.68|137.7|49.51|38.03|6.12|5.79|41.02|32.94|14.69|12.58|1.03|1.03|583.37|151.71|141.68|34.2|
|天孚通信|300394.SZ|2023-03-06|157.75|143.2|51.49|39.56|6.36|6.02|42.66|34.26|15.28|13.09|0.99|0.99|606.7|157.77|147.75|35.66|
|天孚通信|300394.SZ|2023-03-03|159.84|145.1|52.17|40.08|6.44|6.1|43.23|34.72|15.48|13.26|0.98|0.98|614.74|159.86|149.84|36.16|
|天孚通信|300394.SZ|2023-03-02|173.35|157.37|56.58|43.47|6.99|6.62|46.88|37.65|16.79|14.38|0.9|0.9|666.71|173.38|163.35|39.43|
|天孚通信|300394.SZ|2023-03-01|163.07|148.03|53.22|40.89|6.57|6.23|44.1|35.42|15.79|13.53|0.96|0.96|627.16|163.09|153.07|36.94|
|天孚通信|300394.SZ|2023-02-28|158.38|143.78|51.69|39.71|6.39|6.05|42.83|34.4|15.34|13.14|0.99|0.99|609.13|158.4|148.38|35.81|
|天孚通信|300394.SZ|2023-02-27|158.38|143.78|51.69|39.71|6.39|6.05|42.83|34.4|15.34|13.14|0.99|0.99|609.13|158.4|148.38|35.81|
|天孚通信|300394.SZ|2023-02-24|164.33|149.18|53.63|41.2|6.62|6.28|44.44|35.69|15.92|13.63|0.95|0.95|632.01|164.35|154.33|37.25|
|天孚通信|300394.SZ|2023-02-23|151.37|137.41|49.4|37.95|6.1|5.78|40.94|32.88|14.66|12.56|1.03|1.03|582.16|151.39|141.36|34.12|
|天孚通信|300394.SZ|2023-02-22|151.48|137.52|49.44|37.98|6.11|5.78|40.97|32.9|14.67|12.57|1.03|1.03|582.61|151.51|141.48|34.15|
|天孚通信|300394.SZ|2023-02-21|155.46|141.13|50.74|38.98|6.27|5.94|42.05|33.77|15.06|12.9|1.01|1.01|597.92|155.49|145.46|35.11|
|天孚通信|300394.SZ|2023-02-20|154.99|140.7|50.59|38.86|6.25|5.92|41.92|33.66|15.01|12.86|1.01|1.01|596.1|155.02|144.99|34.99|
|天孚通信|300394.SZ|2023-02-17|149.47|135.69|48.79|37.48|6.03|5.71|40.43|32.46|14.48|12.4|1.05|1.05|574.88|149.5|139.47|33.66|
|天孚通信|300394.SZ|2023-02-16|153.69|139.52|50.16|38.54|6.2|5.87|41.57|33.38|14.89|12.75|1.02|1.02|591.1|153.72|143.69|34.68|
|天孚通信|300394.SZ|2023-02-15|161.06|146.21|52.57|40.38|6.49|6.15|43.56|34.98|15.6|13.36|0.97|0.97|619.43|161.08|151.06|36.46|
|天孚通信|300394.SZ|2023-02-14|156.01|141.63|50.92|39.12|6.29|5.96|42.2|33.89|15.11|12.94|1|1|600.04|156.04|146.01|35.24|
|天孚通信|300394.SZ|2023-02-13|165.31|150.07|53.95|41.45|6.66|6.31|44.71|35.9|16.01|13.71|0.95|0.95|635.8|165.34|155.31|37.49|
|天孚通信|300394.SZ|2023-02-10|153.65|139.48|50.15|38.53|6.19|5.87|41.56|33.37|14.88|12.75|1.02|1.02|590.95|153.68|143.65|34.67|
|天孚通信|300394.SZ|2023-02-09|142.62|129.47|46.55|35.76|5.75|5.45|38.57|30.98|13.81|11.83|1.1|1.1|548.52|142.65|132.62|32.01|
|天孚通信|300394.SZ|2023-02-08|128.91|117.02|42.07|32.32|5.2|4.92|34.86|28|12.49|10.69|1.22|1.22|495.79|128.94|118.91|28.7|
|天孚通信|300394.SZ|2023-02-07|134.7|122.28|43.96|33.78|5.43|5.14|36.43|29.26|13.05|11.17|1.16|1.16|518.06|134.73|124.7|30.1|
|天孚通信|300394.SZ|2023-02-06|127.57|115.81|41.64|31.99|5.14|4.87|34.5|27.71|12.36|10.58|1.23|1.23|490.64|127.6|117.57|28.38|
|天孚通信|300394.SZ|2023-02-03|125.21|113.66|40.86|31.4|5.05|4.78|33.86|27.19|12.13|10.39|1.25|1.25|481.55|125.23|115.2|27.81|
|天孚通信|300394.SZ|2023-02-02|115.79|105.11|37.79|29.03|4.67|4.42|31.32|25.15|11.22|9.6|1.35|1.35|445.33|115.82|105.79|25.53|
|天孚通信|300394.SZ|2023-02-01|112.2|101.86|36.62|28.14|4.52|4.28|30.35|24.37|10.87|9.31|1.4|1.4|431.54|112.23|102.2|24.67|
|天孚通信|300394.SZ|2023-01-31|111.97|101.64|36.54|28.08|4.51|4.28|30.28|24.32|10.85|9.29|1.4|1.4|430.63|111.99|101.97|24.61|
|天孚通信|300394.SZ|2023-01-30|107.87|97.93|35.21|27.05|4.35|4.12|29.17|23.43|10.45|8.95|1.45|1.45|414.87|107.9|97.87|23.62|
|天孚通信|300394.SZ|2023-01-20|107.32|97.42|35.03|28.96|4.33|4.32|29.03|23.31|10.4|9.28|1.46|1.46|895.3|107.35|97.32|23.49|
|天孚通信|300394.SZ|2023-01-19|106.73|96.89|34.83|28.8|4.3|4.29|28.87|23.18|10.34|9.23|1.47|1.47|890.37|106.75|96.73|23.35|
|天孚通信|300394.SZ|2023-01-18|105.66|95.92|34.49|28.51|4.26|4.25|28.58|22.95|10.23|9.14|1.48|1.48|881.49|105.69|95.66|23.09|
|天孚通信|300394.SZ|2023-01-17|103.93|94.35|33.92|28.05|4.19|4.18|28.11|22.57|10.07|8.99|1.51|1.51|867.03|103.96|93.93|22.67|
|天孚通信|300394.SZ|2023-01-16|104.4|94.78|34.08|28.17|4.21|4.2|28.24|22.68|10.11|9.03|1.5|1.5|870.97|104.43|94.4|22.79|
|天孚通信|300394.SZ|2023-01-13|102.2|92.78|33.35|27.58|4.12|4.11|27.64|22.2|9.9|8.84|1.53|1.53|852.57|102.22|92.2|22.25|
|天孚通信|300394.SZ|2023-01-12|103.18|93.67|33.68|27.84|4.16|4.15|27.91|22.41|9.99|8.93|1.52|1.52|860.78|103.21|93.18|22.49|
|天孚通信|300394.SZ|2023-01-11|102.79|93.31|33.55|27.74|4.14|4.13|27.8|22.32|9.96|8.89|1.52|1.52|857.5|102.81|92.79|22.4|
|天孚通信|300394.SZ|2023-01-10|103.38|93.85|33.74|27.9|4.17|4.16|27.96|22.45|10.01|8.94|1.51|1.51|862.43|103.41|93.38|22.54|
|天孚通信|300394.SZ|2023-01-09|103.5|93.96|33.78|27.93|4.17|4.16|27.99|22.48|10.03|8.95|1.51|1.51|863.41|103.52|93.5|22.57|
|天孚通信|300394.SZ|2023-01-06|104.25|94.63|34.02|28.13|4.2|4.19|28.19|22.64|10.1|9.02|1.5|1.5|869.66|104.27|94.25|22.75|
|天孚通信|300394.SZ|2023-01-05|105.59|95.85|34.46|28.49|4.26|4.25|28.56|22.93|10.23|9.13|1.48|1.48|880.83|105.61|95.58|23.07|
|天孚通信|300394.SZ|2023-01-04|105.62|95.89|34.47|28.5|4.26|4.25|28.57|22.94|10.23|9.14|1.48|1.48|881.16|105.65|95.62|23.08|
|天孚通信|300394.SZ|2023-01-03|102.99|93.49|33.61|27.79|4.15|4.14|27.85|22.37|9.98|8.91|1.52|1.52|859.14|103.01|92.98|22.44|
|天孚通信|300394.SZ|2022-12-30|99.87|90.66|32.6|26.95|4.03|4.02|27.01|21.69|9.67|8.64|1.3|1.57|833.18|99.9|89.87|21.69|
|天孚通信|300394.SZ|2022-12-29|100.27|91.02|32.73|27.06|4.04|4.03|27.12|21.78|9.71|8.67|1.3|1.56|836.46|100.29|90.27|21.79|
|天孚通信|300394.SZ|2022-12-28|98.49|89.41|32.15|26.58|3.97|3.96|26.64|21.39|9.54|8.52|1.32|1.59|821.67|98.52|88.49|21.36|
|天孚通信|300394.SZ|2022-12-27|100.58|91.31|32.83|27.14|4.06|4.05|27.2|21.85|9.74|8.7|1.29|1.56|839.09|100.61|90.58|21.86|
|天孚通信|300394.SZ|2022-12-26|97.67|88.66|31.88|26.36|3.94|3.93|26.41|21.21|9.46|8.45|1.33|1.6|814.77|97.69|87.67|21.16|
|天孚通信|300394.SZ|2022-12-23|95.81|86.98|31.27|25.86|3.86|3.85|25.91|20.81|9.28|8.29|1.36|1.63|799.32|95.84|85.81|20.71|
|天孚通信|300394.SZ|2022-12-22|95.44|86.61|31.15|25.75|3.85|3.84|25.81|20.73|9.24|8.26|1.36|1.64|796.2|95.47|85.44|20.62|
|天孚通信|300394.SZ|2022-12-21|98.66|89.54|32.2|26.62|3.98|3.97|26.68|21.43|9.56|8.53|1.32|1.59|823.06|98.69|88.66|21.4|
|天孚通信|300394.SZ|2022-12-20|99.92|90.68|32.61|26.96|4.03|4.02|27.02|21.7|9.68|8.64|1.3|1.57|833.55|99.94|89.92|21.7|
|天孚通信|300394.SZ|2022-12-19|98.07|89|32.01|26.47|3.95|3.94|26.52|21.3|9.5|8.48|1.33|1.6|818.15|98.1|88.07|21.26|
|天孚通信|300394.SZ|2022-12-16|99.6|90.39|32.51|26.88|4.02|4.01|26.94|21.63|9.65|8.62|1.31|1.57|830.93|99.63|89.6|21.63|
|天孚通信|300394.SZ|2022-12-15|102.31|92.85|33.39|27.61|4.12|4.12|27.67|22.22|9.91|8.85|1.27|1.53|853.54|102.34|92.31|22.28|
|天孚通信|300394.SZ|2022-12-14|100.47|91.18|32.79|27.11|4.05|4.04|27.17|21.82|9.73|8.69|1.3|1.56|838.14|100.49|90.47|21.84|
|天孚通信|300394.SZ|2022-12-13|99.88|90.64|32.6|26.95|4.03|4.02|27.01|21.69|9.67|8.64|1.3|1.57|833.22|99.9|89.88|21.69|
|天孚通信|300394.SZ|2022-12-12|101.8|92.39|33.23|27.47|4.1|4.09|27.53|22.11|9.86|8.81|1.28|1.54|849.28|101.83|91.8|22.16|
|天孚通信|300394.SZ|2022-12-09|99.01|89.86|32.32|26.72|3.99|3.98|26.78|21.51|9.59|8.56|1.31|1.58|826.01|99.04|89.01|21.48|
|天孚通信|300394.SZ|2022-12-08|98.58|89.46|32.18|26.6|3.97|3.96|26.66|21.41|9.55|8.53|1.32|1.59|822.41|98.61|88.58|21.38|
|天孚通信|300394.SZ|2022-12-07|101.65|92.25|33.17|27.43|4.1|4.09|27.49|22.08|9.85|8.79|1.28|1.54|847.97|101.67|91.64|22.12|
|天孚通信|300394.SZ|2022-12-06|103.14|93.6|33.66|27.83|4.16|4.15|27.89|22.4|9.99|8.92|1.26|1.52|860.42|103.16|93.14|22.48|
|天孚通信|300394.SZ|2022-12-05|103.84|94.24|33.89|28.02|4.19|4.18|28.09|22.55|10.06|8.98|1.25|1.51|866.31|103.87|93.84|22.65|
|天孚通信|300394.SZ|2022-12-02|102.63|93.14|33.5|27.69|4.14|4.13|27.76|22.29|9.94|8.88|1.27|1.53|856.16|102.65|92.63|22.36|
|天孚通信|300394.SZ|2022-12-01|103.29|93.74|33.71|27.87|4.16|4.15|27.94|22.43|10.01|8.93|1.26|1.52|861.73|103.32|93.29|22.52|
|天孚通信|300394.SZ|2022-11-30|100.78|91.46|32.89|27.2|4.06|4.05|27.26|21.89|9.76|8.72|1.29|1.55|840.76|100.81|90.78|21.91|
|天孚通信|300394.SZ|2022-11-29|100.74|91.43|32.88|27.19|4.06|4.05|27.25|21.88|9.76|8.71|1.29|1.55|840.43|100.77|90.74|21.9|
|天孚通信|300394.SZ|2022-11-28|99.21|90.04|32.38|26.77|4|3.99|26.83|21.55|9.61|8.58|1.31|1.58|827.65|99.24|89.21|21.53|
|天孚通信|300394.SZ|2022-11-25|100.78|91.46|32.89|27.2|4.06|4.05|27.26|21.89|9.76|8.72|1.29|1.55|840.76|100.81|90.78|21.91|
|天孚通信|300394.SZ|2022-11-24|102.63|93.14|33.5|27.69|4.14|4.13|27.76|22.29|9.94|8.88|1.27|1.53|856.16|102.65|92.63|22.36|
|天孚通信|300394.SZ|2022-11-23|103.26|93.71|33.7|27.86|4.16|4.15|27.93|22.43|10|8.93|1.26|1.52|861.4|103.28|93.26|22.51|
|天孚通信|300394.SZ|2022-11-22|104.59|94.92|34.14|28.22|4.22|4.21|28.29|22.72|10.13|9.05|1.24|1.5|872.54|104.62|94.59|22.83|
|天孚通信|300394.SZ|2022-11-21|106.71|96.84|34.83|28.8|4.3|4.29|28.86|23.18|10.34|9.23|1.22|1.47|890.23|106.74|96.71|23.34|
|天孚通信|300394.SZ|2022-11-18|108.36|98.34|35.37|29.24|4.37|4.36|29.31|23.54|10.5|9.37|1.2|1.45|903.99|108.39|98.36|23.74|
|天孚通信|300394.SZ|2022-11-17|110.09|99.91|35.93|29.71|4.44|4.43|29.77|23.91|10.66|9.52|1.18|1.42|918.41|110.12|100.09|24.16|
|天孚通信|300394.SZ|2022-11-16|109.97|99.8|35.89|29.68|4.43|4.42|29.74|23.89|10.65|9.51|1.18|1.42|917.43|110|99.97|24.13|
|天孚通信|300394.SZ|2022-11-15|108.79|98.73|35.51|29.36|4.39|4.38|29.42|23.63|10.54|9.41|1.2|1.44|907.6|108.82|98.79|23.84|
|天孚通信|300394.SZ|2022-11-14|105.26|95.52|34.35|28.4|4.24|4.23|28.47|22.86|10.2|9.1|1.24|1.49|878.11|105.29|95.26|22.99|
|天孚通信|300394.SZ|2022-11-11|107.89|97.91|35.21|29.11|4.35|4.34|29.18|23.43|10.45|9.33|1.21|1.45|900.06|107.92|97.89|23.63|
|天孚通信|300394.SZ|2022-11-10|108.24|98.23|35.33|29.21|4.36|4.35|29.28|23.51|10.48|9.36|1.2|1.45|903.01|108.27|98.24|23.71|
|天孚通信|300394.SZ|2022-11-09|110.88|100.62|36.19|29.92|4.47|4.46|29.99|24.08|10.74|9.59|1.17|1.41|924.96|110.9|100.87|24.35|
|天孚通信|300394.SZ|2022-11-08|114.68|104.08|37.43|30.95|4.62|4.61|31.02|24.91|11.11|9.92|1.14|1.37|956.75|114.71|104.68|25.27|
|天孚通信|300394.SZ|2022-11-07|115.94|105.1|37.84|31.29|4.67|4.67|31.36|25.18|11.23|10.03|1.12|1.35|967.23|115.97|105.94|25.57|
|天孚通信|300394.SZ|2022-11-04|116.65|105.74|38.07|31.48|4.7|4.7|31.55|25.34|11.3|10.09|1.12|1.34|973.13|116.68|106.65|25.74|
|天孚通信|300394.SZ|2022-11-03|116.85|105.91|38.14|31.53|4.71|4.71|31.6|25.38|11.32|10.11|1.11|1.34|974.77|116.87|106.84|25.79|
|天孚通信|300394.SZ|2022-11-02|116.06|105.2|37.88|31.32|4.68|4.68|31.39|25.21|11.24|10.04|1.12|1.35|968.21|116.09|106.06|25.6|
|天孚通信|300394.SZ|2022-11-01|111.54|101.11|36.41|30.1|4.5|4.5|30.17|24.23|10.8|9.65|1.17|1.4|930.53|111.57|101.54|24.51|
|天孚通信|300394.SZ|2022-10-31|110.48|100.15|36.06|29.81|4.45|4.45|29.88|24|10.7|9.56|1.18|1.42|921.69|110.51|100.48|24.25|
|天孚通信|300394.SZ|2022-10-28|108.01|97.9|35.25|29.15|4.35|4.35|29.21|23.46|10.46|9.34|1.21|1.45|901.04|108.03|98.01|23.66|
|天孚通信|300394.SZ|2022-10-27|114.21|103.53|37.28|30.82|4.6|4.6|30.89|24.81|11.06|9.88|1.14|1.37|952.81|114.24|104.21|25.15|
|天孚通信|300394.SZ|2022-10-26|113.9|103.24|37.17|30.74|4.59|4.59|30.8|24.74|11.03|9.85|1.14|1.38|950.19|113.93|103.9|25.08|
|天孚通信|300394.SZ|2022-10-25|115|104.24|37.53|31.03|4.64|4.64|31.1|24.98|11.14|9.95|1.13|1.36|959.37|115.03|105|25.34|
|天孚通信|300394.SZ|2022-10-24|109.58|99.33|35.76|32.08|4.62|4.62|29.64|22.45|10.61|9.78|1.19|1.43|1088.98|109.61|99.25|23.95|
|天孚通信|300394.SZ|2022-10-21|109.15|98.94|35.62|31.96|4.6|4.6|29.52|22.36|10.57|9.74|1.19|1.43|1084.69|109.17|98.82|23.85|
|天孚通信|300394.SZ|2022-10-20|107.97|97.87|35.24|31.61|4.55|4.55|29.2|22.12|10.46|9.64|1.21|1.45|1072.98|108|97.64|23.57|
|天孚通信|300394.SZ|2022-10-19|109.07|98.87|35.6|31.94|4.59|4.59|29.5|22.34|10.56|9.74|1.19|1.44|1083.91|109.1|98.74|23.83|
|天孚通信|300394.SZ|2022-10-18|110.76|100.4|36.15|32.43|4.67|4.67|29.96|22.69|10.73|9.89|1.18|1.41|1100.69|110.78|100.43|24.24|
|天孚通信|300394.SZ|2022-10-17|109.97|99.68|35.89|32.2|4.63|4.63|29.74|22.53|10.65|9.82|1.18|1.42|1092.88|110|99.64|24.05|
|天孚通信|300394.SZ|2022-10-14|109.11|98.9|35.61|31.95|4.6|4.6|29.51|22.35|10.57|9.74|1.19|1.44|1084.3|109.14|98.78|23.84|
|天孚通信|300394.SZ|2022-10-13|107.46|97.41|35.07|31.46|4.53|4.53|29.06|22.02|10.41|9.59|1.21|1.46|1067.9|107.49|97.13|23.44|
|天孚通信|300394.SZ|2022-10-12|107.62|97.55|35.12|31.51|4.53|4.53|29.11|22.05|10.42|9.61|1.21|1.46|1069.47|107.64|97.28|23.48|
|天孚通信|300394.SZ|2022-10-11|103.73|94.02|33.85|30.37|4.37|4.37|28.05|21.25|10.05|9.26|1.25|1.51|1030.82|103.75|93.4|22.54|
|天孚通信|300394.SZ|2022-10-10|100.23|90.86|32.71|29.35|4.22|4.22|27.11|20.53|9.71|8.95|1.3|1.56|996.09|100.26|89.9|21.7|
|天孚通信|300394.SZ|2022-09-30|104.24|94.49|34.02|30.52|4.39|4.39|28.19|21.36|10.1|9.31|1.25|1.5|1035.9|104.26|93.91|22.67|
|天孚通信|300394.SZ|2022-09-29|108.64|98.47|35.46|31.81|4.58|4.58|29.38|22.26|10.52|9.7|1.2|1.44|1079.61|108.66|98.3|23.73|
|天孚通信|300394.SZ|2022-09-28|105.06|95.23|34.29|30.76|4.43|4.43|28.41|21.52|10.18|9.38|1.24|1.49|1044.1|105.09|94.73|22.86|
|天孚通信|300394.SZ|2022-09-27|109.89|99.61|35.87|32.18|4.63|4.63|29.72|22.51|10.64|9.81|1.18|1.43|1092.1|109.92|99.56|24.03|
|天孚通信|300394.SZ|2022-09-26|107.73|97.66|35.16|31.54|4.54|4.54|29.14|22.07|10.44|9.62|1.21|1.45|1070.64|107.76|97.4|23.51|
|天孚通信|300394.SZ|2022-09-23|108.56|98.4|35.43|31.79|4.57|4.57|29.36|22.24|10.52|9.69|1.2|1.44|1078.83|108.59|98.23|23.71|
|天孚通信|300394.SZ|2022-09-22|110.76|100.4|36.15|32.43|4.67|4.67|29.96|22.69|10.73|9.89|1.18|1.41|1100.69|110.78|100.43|24.24|
|天孚通信|300394.SZ|2022-09-21|109.85|99.58|35.85|32.17|4.63|4.63|29.71|22.51|10.64|9.81|1.18|1.43|1091.71|109.88|99.52|24.02|
|天孚通信|300394.SZ|2022-09-20|111.23|100.82|36.3|32.57|4.69|4.69|30.08|22.79|10.77|9.93|1.17|1.41|1105.37|111.26|100.9|24.35|
|天孚通信|300394.SZ|2022-09-19|109.7|99.44|35.8|32.12|4.62|4.62|29.67|22.47|10.63|9.79|1.19|1.43|1090.15|109.72|99.36|23.98|
|天孚通信|300394.SZ|2022-09-16|109.78|99.51|35.83|32.14|4.62|4.62|29.69|22.49|10.63|9.8|1.19|1.43|1090.93|109.8|99.44|24|
|天孚通信|300394.SZ|2022-09-15|110.8|100.43|36.16|32.44|4.67|4.67|29.97|22.7|10.73|9.89|1.17|1.41|1101.08|110.82|100.46|24.25|
|天孚通信|300394.SZ|2022-09-14|116.65|105.74|38.07|34.15|4.91|4.91|31.55|23.9|11.3|10.41|1.12|1.34|1159.24|116.68|106.32|25.66|
|天孚通信|300394.SZ|2022-09-13|120.97|109.65|39.48|35.42|5.1|5.1|32.72|24.78|11.72|10.8|1.08|1.29|1202.17|121|110.64|26.7|
|天孚通信|300394.SZ|2022-09-09|119.04|107.91|38.85|34.86|5.01|5.01|32.2|24.39|11.53|10.63|1.09|1.32|1183.05|119.07|108.71|26.24|
|天孚通信|300394.SZ|2022-09-08|120.42|109.15|39.3|35.26|5.07|5.07|32.57|24.67|11.66|10.75|1.08|1.3|1196.71|120.45|110.09|26.57|
|天孚通信|300394.SZ|2022-09-07|124.82|113.14|40.74|36.55|5.26|5.26|33.76|25.57|12.09|11.14|1.04|1.25|1240.42|124.85|114.49|27.63|
|天孚通信|300394.SZ|2022-09-06|125.52|113.78|40.97|36.75|5.29|5.29|33.95|25.72|12.16|11.21|1.04|1.25|1247.45|125.55|115.19|27.8|
|天孚通信|300394.SZ|2022-09-05|121.52|110.15|39.66|35.58|5.12|5.12|32.87|24.9|11.77|10.85|1.07|1.29|1207.64|121.55|111.19|26.84|
|天孚通信|300394.SZ|2022-09-02|121.09|109.76|39.52|35.45|5.1|5.1|32.75|24.81|11.73|10.81|1.07|1.29|1203.34|121.11|110.75|26.73|
|天孚通信|300394.SZ|2022-09-01|118.89|107.77|38.8|34.81|5.01|5.01|32.15|24.36|11.52|10.61|1.09|1.32|1181.49|118.91|108.56|26.2|
|天孚通信|300394.SZ|2022-08-31|119.08|107.94|38.87|34.87|5.02|5.02|32.21|24.4|11.53|10.63|1.09|1.32|1183.44|119.11|108.75|26.25|
|天孚通信|300394.SZ|2022-08-30|126.47|114.64|41.28|37.03|5.33|5.33|34.2|25.91|12.25|11.29|1.03|1.24|1256.82|126.49|116.14|28.03|
|天孚通信|300394.SZ|2022-08-29|123.99|112.39|40.47|36.31|5.22|5.22|33.53|25.4|12.01|11.07|1.05|1.26|1232.23|124.02|113.66|27.43|
|天孚通信|300394.SZ|2022-08-26|126.86|114.99|41.4|37.14|5.34|5.34|34.31|25.99|12.29|11.33|1.03|1.23|1260.72|126.89|116.53|28.13|
|天孚通信|300394.SZ|2022-08-25|129.81|117.66|42.37|38.01|5.47|5.47|35.11|26.59|12.57|11.59|1|1.21|1289.99|129.83|119.47|28.84|
|天孚通信|300394.SZ|2022-08-24|126.55|114.62|41.3|36.97|5.24|5.33|34.23|31.33|12.26|11.3|1.03|1.24|1220.89|126.57|121.35|29.29|
|天孚通信|300394.SZ|2022-08-23|132.56|120.06|43.26|38.72|5.49|5.58|35.85|32.82|12.84|11.83|0.98|1.18|1278.86|132.58|127.36|30.74|
|天孚通信|300394.SZ|2022-08-22|132.2|119.74|43.15|38.62|5.48|5.57|35.75|32.73|12.81|11.8|0.98|1.18|1275.45|132.22|127.01|30.66|
|天孚通信|300394.SZ|2022-08-19|129.61|117.39|42.3|37.86|5.37|5.46|35.05|32.09|12.55|11.57|1|1.21|1250.44|129.63|124.42|30.03|
|天孚通信|300394.SZ|2022-08-18|138.45|125.39|45.19|40.44|5.73|5.83|37.44|34.28|13.41|12.36|0.94|1.13|1335.7|138.47|133.25|32.16|
|天孚通信|300394.SZ|2022-08-17|138.45|125.39|45.19|40.44|5.73|5.83|37.44|34.28|13.41|12.36|0.94|1.13|1335.7|138.47|133.25|32.16|
|天孚通信|300394.SZ|2022-08-16|138.49|125.43|45.2|40.45|5.74|5.83|37.45|34.29|13.41|12.36|0.94|1.13|1336.08|138.51|133.29|32.17|
|天孚通信|300394.SZ|2022-08-15|143.79|130.23|46.93|42|5.96|6.05|38.89|35.6|13.93|12.84|0.91|1.09|1387.23|143.81|138.59|33.45|
|天孚通信|300394.SZ|2022-08-12|134.6|121.91|43.93|39.32|5.58|5.67|36.4|33.32|13.04|12.02|0.97|1.16|1298.57|134.62|129.4|31.23|
|天孚通信|300394.SZ|2022-08-11|139.19|126.07|45.43|40.66|5.77|5.86|37.65|34.46|13.48|12.43|0.94|1.13|1342.9|139.22|134|32.34|
|天孚通信|300394.SZ|2022-08-10|136.29|123.44|44.48|39.81|5.65|5.74|36.86|33.74|13.2|12.17|0.96|1.15|1314.86|136.31|131.09|31.64|
|天孚通信|300394.SZ|2022-08-09|131.34|118.96|42.87|38.36|5.44|5.53|35.52|32.52|12.72|11.73|0.99|1.19|1267.11|131.36|126.14|30.45|
|天孚通信|300394.SZ|2022-08-08|131.3|118.92|42.85|38.35|5.44|5.53|35.51|32.51|12.72|11.72|0.99|1.19|1266.74|131.32|126.1|30.44|
|天孚通信|300394.SZ|2022-08-05|131.06|118.71|42.78|38.28|5.43|5.52|35.45|32.45|12.7|11.7|0.99|1.2|1264.46|131.09|125.87|30.38|
|天孚通信|300394.SZ|2022-08-04|126.27|114.37|41.21|36.88|5.23|5.32|34.15|31.26|12.23|11.27|1.03|1.24|1218.23|126.29|121.08|29.22|
|天孚通信|300394.SZ|2022-08-03|130.16|117.89|42.48|38.02|5.39|5.48|35.2|32.23|12.61|11.62|1|1.2|1255.75|130.18|124.97|30.16|
|天孚通信|300394.SZ|2022-08-02|134.32|121.66|43.84|39.24|5.56|5.66|36.33|33.26|13.01|11.99|0.97|1.17|1295.91|134.35|129.13|31.17|
|天孚通信|300394.SZ|2022-08-01|128.24|116.15|41.85|37.46|5.31|5.4|34.68|31.75|12.42|11.45|1.02|1.22|1237.18|128.26|123.04|29.7|
|天孚通信|300394.SZ|2022-07-29|124.11|112.41|40.51|36.25|5.14|5.23|33.57|30.73|12.02|11.08|1.05|1.26|1197.39|124.13|118.92|28.7|
|天孚通信|300394.SZ|2022-07-28|124.43|112.7|40.61|36.35|5.15|5.24|33.65|30.81|12.05|11.11|1.05|1.26|1200.42|124.45|119.23|28.78|
|天孚通信|300394.SZ|2022-07-27|123.09|111.49|40.17|35.96|5.1|5.18|33.29|30.48|11.92|10.99|1.06|1.27|1187.54|123.11|117.9|28.46|
|天孚通信|300394.SZ|2022-07-26|117.71|106.61|38.42|34.38|4.88|4.96|31.84|29.14|11.4|10.51|1.11|1.33|1135.63|117.73|112.52|27.16|
|天孚通信|300394.SZ|2022-07-25|119.4|108.14|38.97|34.88|4.95|5.03|32.29|29.56|11.57|10.66|1.09|1.31|1151.92|119.42|114.2|27.56|
|天孚通信|300394.SZ|2022-07-22|118.14|107|38.56|34.51|4.89|4.97|31.95|29.25|11.44|10.55|1.1|1.33|1139.8|118.16|112.95|27.26|
|天孚通信|300394.SZ|2022-07-21|116.85|105.83|38.14|34.13|4.84|4.92|31.6|28.93|11.32|10.43|1.11|1.34|1127.29|116.87|111.65|26.95|
|天孚通信|300394.SZ|2022-07-20|120.1|108.78|39.2|35.08|4.97|5.06|32.48|29.74|11.63|10.72|1.08|1.3|1158.74|120.13|114.91|27.74|
|天孚通信|300394.SZ|2022-07-19|110.56|100.14|36.08|32.3|4.58|4.66|29.9|27.37|10.71|9.87|1.18|1.42|1066.67|110.58|105.37|25.43|
|天孚通信|300394.SZ|2022-07-18|101.72|92.13|33.2|29.71|4.21|4.28|27.51|25.19|9.85|9.08|1.28|1.54|981.41|101.75|96.53|23.3|
|天孚通信|300394.SZ|2022-07-15|95.56|86.55|31.19|29.95|3.96|4.18|25.84|23.66|9.26|8.92|1.36|1.64|662.27|95.58|90.36|21.81|
|天孚通信|300394.SZ|2022-07-14|93.63|84.81|30.56|29.34|3.88|4.1|25.32|23.18|9.07|8.74|1.39|1.67|648.93|93.66|88.44|21.35|
|天孚通信|300394.SZ|2022-07-13|91.24|82.64|29.78|28.59|3.78|3.99|24.68|22.59|8.84|8.51|1.43|1.72|632.32|91.26|86.04|20.77|
|天孚通信|300394.SZ|2022-07-12|90.14|81.64|29.42|28.25|3.73|3.95|24.38|22.32|8.73|8.41|1.44|1.74|624.7|90.16|84.94|20.5|
|天孚通信|300394.SZ|2022-07-11|92.89|84.13|30.32|29.11|3.85|4.07|25.12|23|9|8.67|1.4|1.69|643.76|92.91|87.69|21.17|
|天孚通信|300394.SZ|2022-07-08|94.46|85.55|30.83|29.6|3.91|4.14|25.55|23.39|9.15|8.81|1.38|1.66|654.64|94.48|89.26|21.55|
|天孚通信|300394.SZ|2022-07-07|94.97|86.02|31|29.76|3.93|4.16|25.68|23.51|9.2|8.86|1.37|1.65|658.18|94.99|89.77|21.67|
|天孚通信|300394.SZ|2022-07-06|95.87|86.83|31.29|30.05|3.97|4.2|25.93|23.74|9.29|8.95|1.36|1.63|664.44|95.89|90.68|21.89|
|天孚通信|300394.SZ|2022-07-05|96.46|87.37|31.48|30.23|4|4.22|26.09|23.88|9.34|9|1.35|1.62|668.53|96.48|91.27|22.03|
|天孚通信|300394.SZ|2022-07-04|97.4|88.22|31.79|30.53|4.03|4.26|26.34|24.12|9.43|9.09|1.34|1.61|675.06|97.43|92.21|22.26|
|天孚通信|300394.SZ|2022-07-01|103.88|94.09|33.91|32.56|4.3|4.55|28.1|25.72|10.06|9.69|1.25|1.51|719.97|103.91|98.69|23.82|
|天孚通信|300394.SZ|2022-06-30|106.32|96.3|34.7|33.32|4.4|4.65|28.75|26.32|10.3|9.92|1.22|1.47|736.85|106.34|101.13|24.41|
|天孚通信|300394.SZ|2022-06-29|106.32|96.3|34.7|33.32|4.4|4.65|28.75|26.32|10.3|9.92|1.22|1.47|736.85|106.34|101.13|24.41|
|天孚通信|300394.SZ|2022-06-28|109.62|99.28|35.78|34.35|4.54|4.8|29.65|27.14|10.62|10.23|1.19|1.43|759.71|109.64|104.42|25.2|
|天孚通信|300394.SZ|2022-06-27|109.5|99.18|35.74|34.32|4.54|4.79|29.62|27.11|10.61|10.22|1.19|1.43|758.9|109.52|104.31|25.18|
|天孚通信|300394.SZ|2022-06-24|110.95|100.49|36.21|34.77|4.6|4.86|30.01|27.47|10.75|10.35|1.17|1.41|768.97|110.98|105.76|25.53|
|天孚通信|300394.SZ|2022-06-23|104.78|94.87|34.2|32.84|4.34|4.64|28.34|25.94|10.15|9.78|1.24|1.49|726.17|104.8|99.58|24.04|
|天孚通信|300394.SZ|2022-06-22|105.37|95.4|34.39|33.02|4.36|4.67|28.5|26.09|10.21|9.83|1.24|1.49|730.24|105.39|100.17|24.18|
|天孚通信|300394.SZ|2022-06-21|108.85|98.56|35.53|34.11|4.51|4.82|29.44|26.95|10.54|10.16|1.2|1.44|754.39|108.87|103.66|25.02|
|天孚通信|300394.SZ|2022-06-20|113.39|102.67|37.01|35.54|4.7|5.02|30.67|28.07|10.98|10.58|1.15|1.38|785.87|113.41|108.2|26.11|
|天孚通信|300394.SZ|2022-06-17|109.48|99.12|35.73|34.31|4.53|4.85|29.61|27.1|10.6|10.21|1.19|1.43|758.73|109.5|104.28|25.17|
|天孚通信|300394.SZ|2022-06-16|107.13|97|34.96|33.57|4.44|4.75|28.97|26.52|10.38|10|1.22|1.46|742.45|107.15|101.93|24.6|
|天孚通信|300394.SZ|2022-06-15|105.95|95.93|34.58|33.2|4.39|4.69|28.66|26.23|10.26|9.89|1.23|1.48|734.31|105.98|100.76|24.32|
|天孚通信|300394.SZ|2022-06-14|104.03|94.2|33.95|32.6|4.31|4.61|28.14|25.76|10.08|9.71|1.25|1.51|721.01|104.06|98.84|23.86|
|天孚通信|300394.SZ|2022-06-13|109.2|98.88|35.64|34.22|4.52|4.84|29.53|27.04|10.58|10.19|1.19|1.43|756.83|109.22|104.01|25.1|
|天孚通信|300394.SZ|2022-06-10|108.5|98.24|35.41|34|4.49|4.81|29.34|26.86|10.51|10.12|1.2|1.44|751.95|108.52|103.3|24.93|
|天孚通信|300394.SZ|2022-06-09|105.64|95.65|34.48|33.11|4.38|4.38|28.57|26.15|10.23|9.86|1.23|1.23|732.14|105.66|100.45|24.24|
|天孚通信|300394.SZ|2022-06-08|109.67|99.3|35.79|34.37|4.54|4.54|29.66|27.15|10.62|10.23|1.19|1.19|760.09|109.69|104.48|25.22|
|天孚通信|300394.SZ|2022-06-07|111.67|101.11|36.45|35|4.63|4.63|30.2|27.65|10.82|10.42|1.17|1.17|773.93|111.69|106.48|25.7|
|天孚通信|300394.SZ|2022-06-06|113.43|102.7|37.02|35.55|4.7|4.7|30.68|28.08|10.99|10.58|1.15|1.15|786.14|113.45|108.24|26.12|
|天孚通信|300394.SZ|2022-06-02|108.07|97.85|35.27|33.87|4.48|4.48|29.23|26.76|10.47|10.08|1.2|1.2|748.96|108.09|102.87|24.83|
|天孚通信|300394.SZ|2022-06-01|107.05|96.93|34.94|33.55|4.43|4.43|28.95|26.5|10.37|9.99|1.22|1.22|741.9|107.07|101.85|24.58|
|天孚通信|300394.SZ|2022-05-31|104.66|94.76|34.16|32.8|4.34|4.34|28.31|25.91|10.14|9.77|1.24|1.24|725.35|104.68|99.47|24.01|
|天孚通信|300394.SZ|2022-05-30|101.41|91.82|33.1|31.78|4.2|4.2|27.43|25.11|9.82|9.46|1.28|1.28|702.83|101.43|96.22|23.22|
|天孚通信|300394.SZ|2022-05-27|98.28|88.98|32.08|30.8|4.07|4.07|26.58|24.33|9.52|9.17|1.32|1.32|681.12|98.3|93.08|22.47|
|天孚通信|300394.SZ|2022-05-26|101.45|91.86|33.11|31.79|4.2|4.2|27.44|25.12|9.83|9.47|1.28|1.28|703.1|101.47|96.26|23.23|
|天孚通信|300394.SZ|2022-05-25|97.85|88.59|31.94|30.66|4.05|4.05|26.46|24.23|9.48|9.13|1.33|1.33|678.13|97.87|92.65|22.36|
|天孚通信|300394.SZ|2022-05-24|95.07|86.08|31.03|29.79|3.94|3.94|25.71|23.54|9.21|8.87|1.37|1.37|658.87|95.09|89.87|21.69|
|天孚通信|300394.SZ|2022-05-23|99.84|90.4|32.59|31.29|4.14|4.14|27|24.72|9.67|9.32|1.3|1.3|691.97|99.87|94.65|22.85|
|天孚通信|300394.SZ|2022-05-20|101.18|91.61|33.02|31.71|4.19|4.19|27.36|25.05|9.8|9.44|1.29|1.29|701.2|101.2|95.98|23.17|
|天孚通信|300394.SZ|2022-05-19|101.37|91.79|33.09|31.77|4.2|4.2|27.42|25.1|9.82|9.46|1.28|1.28|702.56|101.39|96.18|23.21|
|天孚通信|300394.SZ|2022-05-18|101.29|91.71|33.06|31.74|4.2|4.2|27.4|25.08|9.81|9.45|1.29|1.29|702.01|101.32|96.1|23.19|
|天孚通信|300394.SZ|2022-05-17|102.23|92.56|33.37|32.04|4.23|4.23|27.65|25.31|9.9|9.54|1.27|1.27|708.53|102.26|97.04|23.42|
|天孚通信|300394.SZ|2022-05-16|99.53|90.12|32.48|31.19|4.12|4.12|26.92|24.64|9.64|9.29|1.31|1.31|689.8|99.55|94.34|22.77|
|天孚通信|300394.SZ|2022-05-13|101.8|92.17|33.23|31.9|4.22|4.22|27.53|25.2|9.86|9.5|1.28|1.28|705.54|101.82|96.61|23.32|
|天孚通信|300394.SZ|2022-05-12|101.88|92.25|33.25|31.93|4.22|4.22|27.55|25.22|9.87|9.51|1.28|1.28|706.09|101.9|96.69|23.34|
|天孚通信|300394.SZ|2022-05-11|106.97|96.85|34.91|33.52|4.43|4.43|28.93|26.48|10.36|9.98|1.22|1.22|741.36|106.99|101.78|24.57|
|天孚通信|300394.SZ|2022-05-10|102.43|92.74|33.43|32.1|4.24|4.24|27.7|25.36|9.92|9.56|1.27|1.27|709.88|102.45|97.23|23.47|
|天孚通信|300394.SZ|2022-05-09|93.15|84.34|30.4|29.19|3.86|3.86|25.19|23.06|9.02|8.69|1.4|1.4|645.57|93.17|87.96|21.23|
|天孚通信|300394.SZ|2022-05-06|89.31|80.87|29.15|27.99|3.7|3.7|24.15|22.11|8.65|8.33|1.46|1.46|618.98|89.33|84.12|20.3|
|天孚通信|300394.SZ|2022-05-05|90.41|81.86|29.51|28.33|3.74|3.74|24.45|22.38|8.76|8.44|1.44|1.44|626.58|90.43|85.21|20.57|
|天孚通信|300394.SZ|2022-04-29|85.63|77.53|27.95|26.84|3.55|3.55|23.16|21.2|8.29|7.99|1.52|1.52|593.47|85.65|80.44|19.41|
|天孚通信|300394.SZ|2022-04-28|80.82|73.17|26.38|25.33|3.35|3.35|21.86|20.01|7.83|7.54|1.61|1.61|560.09|80.84|75.62|18.25|
|天孚通信|300394.SZ|2022-04-27|82.26|74.48|26.85|25.78|3.41|3.41|22.25|20.37|7.97|7.68|1.58|1.58|570.13|82.29|77.07|18.6|
|天孚通信|300394.SZ|2022-04-26|72.83|65.94|23.77|23.77|3.12|3.12|19.7|19.7|7.05|7.05|1.79|1.79|502.82|72.87|67.72|16.34|
|天孚通信|300394.SZ|2022-04-25|75.73|68.56|24.72|24.72|3.25|3.25|20.48|20.48|7.33|7.33|1.72|1.72|522.83|75.76|70.61|17.04|
|天孚通信|300394.SZ|2022-04-22|83.01|75.16|27.09|27.09|3.56|3.56|22.45|22.45|8.04|8.04|1.57|1.57|573.11|83.05|77.9|18.8|
|天孚通信|300394.SZ|2022-04-21|86.65|78.46|28.28|28.28|3.71|3.71|23.43|23.43|8.39|8.39|1.5|1.5|598.25|86.69|81.54|19.68|
|天孚通信|300394.SZ|2022-04-20|91.39|82.74|29.83|29.83|3.92|3.92|24.72|24.72|8.85|8.85|1.42|1.42|630.96|91.43|86.27|20.82|
|天孚通信|300394.SZ|2022-04-19|91.62|82.96|29.9|29.9|3.93|3.93|24.78|24.78|8.87|8.87|1.42|1.42|632.58|91.66|86.51|20.88|
|天孚通信|300394.SZ|2022-04-18|90.72|82.11|32.5|29.15|4.07|3.88|37.87|26.99|10.39|8.67|1.43|1.43|543.86|90.74|85.85|23.06|
|天孚通信|300394.SZ|2022-04-15|85.64|77.52|30.68|27.52|3.84|3.66|35.75|25.48|9.8|8.19|1.52|1.52|513.42|85.66|80.77|21.69|
|天孚通信|300394.SZ|2022-04-14|87.28|79|31.27|28.05|3.92|3.73|36.44|25.97|9.99|8.34|1.49|1.49|523.26|87.3|82.41|22.13|
|天孚通信|300394.SZ|2022-04-13|87.47|79.18|31.34|28.11|3.92|3.74|36.52|26.03|10.01|8.36|1.49|1.49|524.43|87.5|82.61|22.19|
|天孚通信|300394.SZ|2022-04-12|93.84|84.94|33.62|30.16|4.21|4.01|39.18|27.92|10.74|8.97|1.39|1.39|562.59|93.86|88.97|23.9|
|天孚通信|300394.SZ|2022-04-11|94.11|85.19|33.72|30.25|4.22|4.02|39.29|28|10.77|9|1.38|1.38|564.23|94.14|89.24|23.97|
|天孚通信|300394.SZ|2022-04-08|99.46|90.03|35.64|31.97|4.46|4.25|41.52|29.6|11.39|9.51|1.31|1.31|596.3|99.49|94.59|25.41|
|天孚通信|300394.SZ|2022-04-07|101.06|91.48|36.21|32.48|4.53|4.32|42.19|30.07|11.57|9.66|1.29|1.29|605.9|101.09|96.2|25.84|
|天孚通信|300394.SZ|2022-04-06|104.7|94.77|37.51|33.65|4.7|4.47|43.71|31.15|11.99|10.01|1.24|1.24|627.68|104.72|99.83|26.81|
|天孚通信|300394.SZ|2022-04-01|109.15|98.8|39.1|35.08|4.9|4.66|45.57|32.48|12.5|10.44|1.19|1.19|654.36|109.17|104.28|28.01|
|天孚通信|300394.SZ|2022-03-31|108.37|98.09|38.83|34.83|4.86|4.63|45.24|32.24|12.41|10.36|1.2|1.2|649.68|108.39|103.5|27.8|
|天孚通信|300394.SZ|2022-03-30|107.43|97.24|38.49|34.53|4.82|4.59|44.85|31.97|12.3|10.27|1.21|1.21|644.06|107.45|102.56|27.55|
|天孚通信|300394.SZ|2022-03-29|105.63|95.62|37.85|33.95|4.74|4.51|44.1|31.43|12.09|10.1|1.23|1.23|633.29|105.66|100.76|27.06|
|天孚通信|300394.SZ|2022-03-28|106.88|96.75|38.29|34.35|4.8|4.57|44.62|31.8|12.24|10.22|1.22|1.22|640.79|106.91|102.01|27.4|
|天孚通信|300394.SZ|2022-03-25|106.14|96.08|38.03|34.11|4.76|4.54|44.31|31.58|12.15|10.15|1.23|1.23|636.34|106.16|101.27|27.2|
|天孚通信|300394.SZ|2022-03-24|109.07|98.73|39.08|35.05|4.89|4.66|45.53|32.45|12.49|10.43|1.19|1.19|653.9|109.09|104.2|27.99|
|天孚通信|300394.SZ|2022-03-23|114.07|103.25|40.87|36.66|5.12|4.88|47.62|33.94|13.06|10.91|1.14|1.14|683.86|114.09|109.2|29.33|
|天孚通信|300394.SZ|2022-03-22|106.26|96.18|38.07|34.15|4.77|4.54|44.36|31.62|12.17|10.16|1.23|1.23|637.04|106.28|101.39|27.23|
|天孚通信|300394.SZ|2022-03-21|111.3|100.74|39.87|35.77|4.99|4.76|46.46|33.12|12.74|10.64|1.17|1.17|667.24|111.32|106.43|28.59|
|天孚通信|300394.SZ|2022-03-18|114.34|103.5|40.97|36.75|5.13|4.89|47.74|34.02|13.09|10.93|1.14|1.14|685.5|114.36|109.47|29.4|
|天孚通信|300394.SZ|2022-03-17|115.08|104.17|41.23|36.99|5.16|4.92|48.05|34.24|13.18|11|1.13|1.13|689.95|115.11|110.21|29.6|
|天孚通信|300394.SZ|2022-03-16|110.87|100.35|39.72|35.63|4.97|4.74|46.28|32.99|12.69|10.6|1.17|1.17|664.67|110.89|106|28.47|
|天孚通信|300394.SZ|2022-03-15|109.85|99.44|39.36|35.3|4.93|4.69|45.86|32.69|12.58|10.5|1.19|1.19|658.58|109.87|104.98|28.2|
|天孚通信|300394.SZ|2022-03-14|118.4|107.18|42.42|38.05|5.31|5.06|49.43|35.23|13.56|11.32|1.1|1.1|709.85|118.43|113.53|30.49|
|天孚通信|300394.SZ|2022-03-11|124.49|112.69|44.6|40.01|5.59|5.32|51.97|37.04|14.25|11.9|1.05|1.05|746.37|124.52|119.63|32.13|
|天孚通信|300394.SZ|2022-03-10|125.94|114|45.12|40.47|5.65|5.38|52.58|37.47|14.42|12.04|1.03|1.03|755.04|125.96|121.07|32.52|
|天孚通信|300394.SZ|2022-03-09|120.86|109.4|43.3|38.84|5.42|5.17|50.46|35.96|13.84|11.55|1.08|1.08|724.6|120.89|115.99|31.16|
|天孚通信|300394.SZ|2022-03-08|126.92|114.88|45.47|40.79|5.69|5.42|52.99|37.76|14.53|12.13|1.03|1.03|760.89|126.94|122.05|32.78|
|天孚通信|300394.SZ|2022-03-07|126.72|114.71|45.4|40.73|5.69|5.42|52.9|37.71|14.51|12.12|1.03|1.03|759.72|126.74|121.85|32.73|
|天孚通信|300394.SZ|2022-03-04|136.87|123.9|49.04|43.99|6.14|5.85|57.14|40.73|15.67|13.09|0.95|0.95|820.59|136.9|132.01|35.46|
|天孚通信|300394.SZ|2022-03-03|136.02|123.12|48.73|43.71|6.1|5.81|56.78|40.47|15.57|13|0.96|0.96|815.44|136.04|131.15|35.23|
|天孚通信|300394.SZ|2022-03-02|141.87|128.42|50.83|45.59|6.37|6.06|59.23|42.21|16.24|13.56|0.92|0.92|850.56|141.89|137|36.8|
|天孚通信|300394.SZ|2022-03-01|145.47|131.67|52.12|46.75|6.53|6.22|60.73|43.28|16.65|13.91|0.89|0.89|872.1|145.49|140.6|37.76|
|天孚通信|300394.SZ|2022-02-28|134.84|122.06|48.31|43.34|6.05|5.76|56.29|40.12|15.44|12.89|0.97|0.97|808.42|134.87|129.97|34.91|
|天孚通信|300394.SZ|2022-02-25|133.52|120.86|47.84|42.91|5.99|5.71|55.74|39.73|15.29|12.76|0.97|0.97|800.46|133.54|128.65|34.55|
|天孚通信|300394.SZ|2022-02-24|136.02|123.12|48.73|43.71|6.1|5.81|56.78|40.47|15.57|13|0.96|0.96|815.44|136.04|131.15|35.23|
|天孚通信|300394.SZ|2022-02-23|141.72|128.28|50.77|45.54|6.36|6.06|59.16|42.17|16.22|13.55|0.92|0.92|849.62|141.74|136.85|36.76|
|天孚通信|300394.SZ|2022-02-22|140.39|127.08|50.3|45.12|6.3|6|58.61|41.77|16.07|13.42|0.93|0.93|841.66|140.41|135.52|36.4|
|天孚通信|300394.SZ|2022-02-21|146.44|132.56|52.47|47.06|6.57|6.26|61.14|43.57|16.77|14|0.89|0.89|877.95|146.46|141.57|38.03|
|天孚通信|300394.SZ|2022-02-18|142.54|129.02|51.07|45.81|6.4|6.09|59.51|42.41|16.32|13.63|0.91|0.91|854.54|142.56|137.67|36.98|
|天孚通信|300394.SZ|2022-02-17|133.16|120.54|47.71|42.8|5.97|5.69|55.59|39.62|15.25|12.73|0.98|0.98|798.35|133.19|128.3|34.46|
|天孚通信|300394.SZ|2022-02-16|136.99|124|49.08|44.03|6.15|5.85|57.19|40.76|15.68|13.1|0.95|0.95|821.29|137.01|132.12|35.49|
|天孚通信|300394.SZ|2022-02-15|141.05|127.68|50.54|45.33|6.33|6.03|58.89|41.97|16.15|13.49|0.92|0.92|845.64|141.07|136.18|36.58|
|天孚通信|300394.SZ|2022-02-14|136.99|124|49.08|44.03|6.15|5.85|57.19|40.76|15.68|13.1|0.95|0.95|821.29|137.01|132.12|35.49|
|天孚通信|300394.SZ|2022-02-11|140.08|126.79|50.19|45.02|6.29|5.99|58.48|41.68|16.04|13.39|0.93|0.93|839.79|140.1|135.21|36.32|
|天孚通信|300394.SZ|2022-02-10|144.1|130.44|51.63|46.31|6.47|6.16|60.16|42.88|16.5|13.78|0.9|0.9|863.9|144.12|139.23|37.4|
|天孚通信|300394.SZ|2022-02-09|133.83|121.14|47.95|43.01|6|5.72|55.87|39.82|15.32|12.79|0.97|0.97|802.33|133.85|128.96|34.64|
|天孚通信|300394.SZ|2022-02-08|124.77|112.94|44.7|44.94|5.6|5.59|52.09|37.13|14.28|12.7|1.04|1.04|747.84|124.79|119.9|32.2|
|天孚通信|300394.SZ|2022-02-07|130.7|118.31|46.83|47.08|5.86|5.85|54.57|38.89|14.96|13.3|1|1|783.41|130.73|125.83|33.8|
|天孚通信|300394.SZ|2022-01-28|131.8|119.3|47.22|47.47|5.91|5.9|55.02|39.22|15.09|13.41|0.99|0.99|789.97|131.82|126.93|34.09|
|天孚通信|300394.SZ|2022-01-27|130|117.67|46.58|46.83|5.83|5.82|54.27|38.68|14.88|13.23|1|1|779.2|130.02|125.13|33.61|
|天孚通信|300394.SZ|2022-01-26|137.42|124.39|49.23|49.5|6.17|6.15|57.37|40.89|15.73|13.98|0.95|0.95|823.67|137.44|132.55|35.6|
|天孚通信|300394.SZ|2022-01-25|135.43|122.59|48.52|48.78|6.08|6.06|56.54|40.3|15.51|13.78|0.96|0.96|811.74|135.45|130.56|35.07|
|天孚通信|300394.SZ|2022-01-24|137.97|124.89|49.43|49.7|6.19|6.18|57.6|41.05|15.8|14.04|0.94|0.94|826.95|137.99|133.1|35.75|
|天孚通信|300394.SZ|2022-01-21|138.75|125.59|49.71|49.98|6.23|6.21|57.93|41.29|15.89|14.12|0.94|0.94|831.63|138.77|133.88|35.96|
|天孚通信|300394.SZ|2022-01-20|142.89|129.34|51.19|51.47|6.41|6.4|59.65|42.52|16.36|14.54|0.91|0.91|856.44|142.91|138.02|37.07|
|天孚通信|300394.SZ|2022-01-19|145.07|131.32|51.98|52.26|6.51|6.5|60.57|43.17|16.61|14.76|0.9|0.9|869.55|145.1|140.21|37.66|
|天孚通信|300394.SZ|2022-01-18|146.13|132.27|52.35|52.64|6.56|6.54|61.01|43.48|16.73|14.87|0.89|0.89|875.87|146.15|141.26|37.94|
|天孚通信|300394.SZ|2022-01-17|143.55|129.94|51.43|51.71|6.44|6.43|59.93|42.71|16.44|14.61|0.91|0.91|860.42|143.57|138.68|37.25|
|天孚通信|300394.SZ|2022-01-14|126.88|114.85|45.46|45.7|5.69|5.68|52.97|37.75|14.53|12.91|1.03|1.03|760.48|126.9|122.01|32.77|
|天孚通信|300394.SZ|2022-01-13|126.06|114.1|45.16|45.41|5.66|5.64|52.63|37.51|14.43|12.83|1.03|1.03|755.56|126.08|121.19|32.55|
|天孚通信|300394.SZ|2022-01-12|128.52|116.33|46.04|46.29|5.77|5.75|53.65|38.24|14.71|13.08|1.01|1.01|770.31|128.54|123.65|33.21|
|天孚通信|300394.SZ|2022-01-11|130.74|118.35|46.84|47.09|5.87|5.85|54.58|38.9|14.97|13.31|1|1|783.65|130.77|125.87|33.81|
|天孚通信|300394.SZ|2022-01-10|133.63|120.96|47.88|48.14|6|5.98|55.79|39.76|15.3|13.6|0.97|0.97|800.97|133.66|128.76|34.59|
|天孚通信|300394.SZ|2022-01-07|128.09|115.94|45.89|46.14|5.75|5.74|53.47|38.11|14.66|13.03|1.02|1.02|767.73|128.11|123.22|33.1|
|天孚通信|300394.SZ|2022-01-06|131.8|119.3|47.22|47.47|5.91|5.9|55.02|39.22|15.09|13.41|0.99|0.99|789.97|131.82|126.93|34.09|
|天孚通信|300394.SZ|2022-01-05|133.98|121.28|48|48.26|6.01|6|55.94|39.87|15.34|13.63|0.97|0.97|803.08|134.01|129.12|34.68|
|天孚通信|300394.SZ|2022-01-04|142.11|128.63|50.91|51.19|6.38|6.36|59.33|42.28|16.27|14.46|0.92|0.92|851.76|142.13|137.24|36.86|
|天孚通信|300394.SZ|2021-12-31|142.93|129.38|51.21|51.48|6.41|6.4|59.67|42.53|16.36|14.55|0.56|0.91|856.68|142.95|138.06|37.08|
|天孚通信|300394.SZ|2021-12-30|141.29|127.89|50.62|50.89|6.34|6.33|58.98|42.04|16.18|14.38|0.56|0.92|846.85|141.31|136.42|36.64|
|天孚通信|300394.SZ|2021-12-29|137.07|124.07|49.11|49.37|6.15|6.14|57.22|40.79|15.69|13.95|0.58|0.95|821.57|137.09|132.2|35.51|
|天孚通信|300394.SZ|2021-12-28|136.33|123.4|48.84|49.11|6.12|6.1|56.91|40.56|15.61|13.87|0.58|0.95|817.12|136.35|131.46|35.31|
|天孚通信|300394.SZ|2021-12-27|136.37|123.44|48.86|49.12|6.12|6.11|56.93|40.58|15.61|13.88|0.58|0.95|817.35|136.39|131.5|35.32|
|天孚通信|300394.SZ|2021-12-24|130.51|118.13|46.76|47.01|5.86|5.84|54.49|38.83|14.94|13.28|0.61|1|782.24|130.53|125.64|33.75|
|天孚通信|300394.SZ|2021-12-23|129.84|117.53|46.52|46.77|5.83|5.81|54.21|38.64|14.87|13.21|0.61|1|778.27|129.87|124.98|33.57|
|天孚通信|300394.SZ|2021-12-22|132.34|119.8|47.42|47.67|5.94|5.93|55.25|39.38|15.15|13.47|0.6|0.98|793.25|132.37|127.48|34.24|
|天孚通信|300394.SZ|2021-12-21|127.19|115.13|45.57|45.81|5.71|5.7|53.1|37.85|14.56|12.94|0.63|1.02|762.35|127.21|122.32|32.85|
|天孚通信|300394.SZ|2021-12-20|123.56|111.84|44.27|44.51|5.54|5.53|51.58|36.77|14.15|12.57|0.64|1.05|740.58|123.58|118.69|31.88|
|天孚通信|300394.SZ|2021-12-17|128.32|116.15|45.97|46.22|5.76|5.75|53.57|38.18|14.69|13.06|0.62|1.01|769.14|128.34|123.45|33.16|
|天孚通信|300394.SZ|2021-12-16|132.81|120.22|47.58|47.84|5.96|5.95|55.45|39.52|15.21|13.52|0.6|0.98|796.05|132.84|127.94|34.36|
|天孚通信|300394.SZ|2021-12-15|130.04|117.71|46.59|46.84|5.83|5.82|54.29|38.69|14.89|13.23|0.61|1|779.44|130.06|125.17|33.62|
|天孚通信|300394.SZ|2021-12-14|130.51|118.13|46.76|47.01|5.86|5.84|54.49|38.83|14.94|13.28|0.61|1|782.24|130.53|125.64|33.75|
|天孚通信|300394.SZ|2021-12-13|126.99|114.95|45.5|45.74|5.7|5.69|53.02|37.79|14.54|12.92|0.63|1.02|761.18|127.02|122.13|32.8|
|天孚通信|300394.SZ|2021-12-10|126.8|114.78|45.43|45.67|5.69|5.68|52.94|37.73|14.52|12.9|0.63|1.03|760.01|126.82|121.93|32.75|
|天孚通信|300394.SZ|2021-12-09|128.05|115.91|45.88|46.12|5.75|5.73|53.46|38.1|14.66|13.03|0.62|1.02|767.5|128.07|123.18|33.09|
|天孚通信|300394.SZ|2021-12-08|133.28|120.64|47.75|48.01|5.98|5.97|55.64|39.66|15.26|13.56|0.6|0.98|798.86|133.3|128.41|34.49|
|天孚通信|300394.SZ|2021-12-07|131.33|118.88|47.05|47.31|5.89|5.88|54.83|39.08|15.04|13.36|0.61|0.99|787.16|131.35|126.46|33.97|
|天孚通信|300394.SZ|2021-12-06|135.7|122.84|48.62|48.88|6.09|6.08|56.65|40.38|15.54|13.81|0.59|0.96|813.37|135.72|130.83|35.14|
|天孚通信|300394.SZ|2021-12-03|141.56|128.14|50.72|50.99|6.35|6.34|59.1|42.12|16.21|14.41|0.56|0.92|848.48|141.58|136.69|36.71|
|天孚通信|300394.SZ|2021-12-02|135.66|122.8|48.6|48.87|6.09|6.08|56.64|40.37|15.53|13.81|0.59|0.96|813.14|135.69|130.79|35.13|
|天孚通信|300394.SZ|2021-12-01|133.16|120.54|47.71|47.97|5.97|5.96|55.59|39.62|15.25|13.55|0.6|0.98|798.16|133.19|128.3|34.46|
|天孚通信|300394.SZ|2021-11-30|129.84|117.53|46.52|46.77|5.83|5.81|54.21|38.64|14.87|13.21|0.61|1|778.27|129.87|124.98|33.57|
|天孚通信|300394.SZ|2021-11-29|127.58|115.48|45.71|45.96|5.72|5.71|53.26|37.96|14.61|12.98|0.62|1.02|764.69|127.6|122.71|32.96|
|天孚通信|300394.SZ|2021-11-26|123.52|111.81|44.25|44.49|5.54|5.53|51.57|36.75|14.14|12.57|0.64|1.05|740.35|123.54|118.65|31.87|
|天孚通信|300394.SZ|2021-11-25|128.13|115.98|45.9|46.15|5.75|5.74|53.49|38.12|14.67|13.04|0.62|1.02|767.97|128.15|123.26|33.11|
|天孚通信|300394.SZ|2021-11-24|137.58|124.53|49.29|49.56|6.17|6.16|57.44|40.94|15.75|14|0.58|0.95|824.61|137.6|132.71|35.64|
|天孚通信|300394.SZ|2021-11-23|135.47|122.62|48.53|48.8|6.08|6.07|56.56|40.31|15.51|13.79|0.59|0.96|811.97|135.49|130.6|35.08|
|天孚通信|300394.SZ|2021-11-22|118.68|107.42|42.52|42.75|5.32|5.31|49.55|35.31|13.59|12.08|0.67|1.1|711.32|118.7|113.81|30.57|
|天孚通信|300394.SZ|2021-11-19|113.87|103.08|40.8|41.02|5.11|5.1|47.54|33.88|13.04|11.59|0.7|1.14|682.53|113.9|109|29.28|
|天孚通信|300394.SZ|2021-11-18|112.08|101.45|40.15|40.37|5.03|5.02|46.79|33.35|12.83|11.41|0.71|1.16|671.77|112.1|107.21|28.8|
|天孚通信|300394.SZ|2021-11-17|112.43|101.77|40.28|40.5|5.04|5.03|46.94|33.45|12.87|11.44|0.71|1.16|673.87|112.45|107.56|28.89|
|天孚通信|300394.SZ|2021-11-16|108.56|98.27|38.9|39.1|4.87|4.86|45.32|32.3|12.43|11.05|0.73|1.2|650.7|108.58|103.69|27.85|
|天孚通信|300394.SZ|2021-11-15|110.2|99.75|39.48|39.7|4.94|4.93|46.01|32.79|12.62|11.21|0.72|1.18|660.53|110.22|105.33|28.29|
|天孚通信|300394.SZ|2021-11-12|107.31|97.14|38.45|38.65|4.81|4.81|44.8|31.93|12.29|10.92|0.74|1.21|643.21|107.33|102.44|27.52|
|天孚通信|300394.SZ|2021-11-11|108.29|98.02|38.8|39.01|4.86|4.85|45.21|32.22|12.4|11.02|0.73|1.2|649.06|108.31|103.42|27.78|
|天孚通信|300394.SZ|2021-11-10|109.3|98.94|39.16|39.37|4.9|4.89|45.63|32.52|12.51|11.12|0.73|1.19|655.15|109.33|104.43|28.05|
|天孚通信|300394.SZ|2021-11-09|107.2|96.92|38.41|38.61|4.81|4.81|44.75|31.9|12.27|10.91|0.74|1.21|642.51|107.22|102.33|27.48|
|天孚通信|300394.SZ|2021-11-08|107.16|96.89|38.39|38.6|4.81|4.81|44.74|31.88|12.27|10.9|0.74|1.21|642.27|107.18|102.29|27.47|
|天孚通信|300394.SZ|2021-11-05|104.54|94.52|37.45|37.66|4.69|4.69|43.64|31.11|11.97|10.64|0.76|1.25|626.59|104.56|99.67|26.77|
|天孚通信|300394.SZ|2021-11-04|104.27|94.28|37.36|37.56|4.68|4.68|43.53|31.02|11.94|10.61|0.76|1.25|624.95|104.29|99.4|26.7|
|天孚通信|300394.SZ|2021-11-03|104.07|94.1|37.29|37.49|4.67|4.67|43.45|30.97|11.91|10.59|0.76|1.25|623.78|104.09|99.2|26.65|
|天孚通信|300394.SZ|2021-11-02|105.13|95.05|37.66|37.87|4.72|4.72|43.89|31.28|12.04|10.7|0.76|1.24|630.1|105.15|100.26|26.93|
|天孚通信|300394.SZ|2021-11-01|101.34|91.63|36.31|36.5|4.55|4.55|42.31|30.15|11.6|10.31|0.79|1.28|607.4|101.36|96.47|25.91|
|天孚通信|300394.SZ|2021-10-29|100.17|90.57|35.89|36.08|4.49|4.49|41.82|29.8|11.47|10.19|0.79|1.3|600.38|100.19|95.3|25.6|
|天孚通信|300394.SZ|2021-10-28|98.41|88.98|35.26|35.45|4.42|4.42|41.08|29.28|11.27|10.01|0.81|1.32|589.84|98.43|93.54|25.12|
|天孚通信|300394.SZ|2021-10-27|101.03|91.35|36.19|36.39|4.53|4.53|42.18|30.06|11.57|10.28|0.79|1.29|605.53|101.05|96.16|25.83|
|天孚通信|300394.SZ|2021-10-26|105.4|95.3|37.76|37.97|4.73|4.73|44|31.36|12.07|10.73|0.75|1.24|631.74|105.42|100.53|27|
|天孚通信|300394.SZ|2021-10-25|97.71|88.34|35.01|33.61|4.54|4.54|40.79|30.8|11.19|10.07|0.81|1.33|344.13|97.75|93.02|24.98|
|天孚通信|300394.SZ|2021-10-22|95.56|86.4|34.24|32.87|4.44|4.44|39.89|30.12|10.94|9.85|0.83|1.36|336.56|95.61|90.87|24.41|
|天孚通信|300394.SZ|2021-10-21|95.25|86.12|34.12|32.77|4.43|4.43|39.76|30.02|10.9|9.81|0.84|1.37|335.46|95.29|90.56|24.32|
|天孚通信|300394.SZ|2021-10-20|97.12|87.81|34.8|33.41|4.52|4.52|40.55|30.61|11.12|10.01|0.82|1.34|342.07|97.17|92.44|24.83|
|天孚通信|300394.SZ|2021-10-19|97.71|88.34|35.01|33.61|4.54|4.54|40.79|30.8|11.19|10.07|0.81|1.33|344.13|97.75|93.02|24.98|
|天孚通信|300394.SZ|2021-10-18|100.13|90.53|35.87|34.45|4.66|4.66|41.8|31.56|11.46|10.32|0.79|1.3|352.66|100.17|95.44|25.64|
|天孚通信|300394.SZ|2021-10-15|101.26|91.56|36.28|34.84|4.71|4.71|42.27|31.92|11.59|10.43|0.79|1.29|356.64|101.31|96.57|25.94|
|天孚通信|300394.SZ|2021-10-14|99.27|89.76|35.57|34.15|4.62|4.62|41.44|31.29|11.37|10.23|0.8|1.31|349.63|99.32|94.58|25.4|
|天孚通信|300394.SZ|2021-10-13|101.81|92.05|36.47|35.02|4.74|4.74|42.5|32.09|11.66|10.49|0.78|1.28|358.57|101.85|97.12|26.09|
|天孚通信|300394.SZ|2021-10-12|98.02|88.63|35.12|33.72|4.56|4.56|40.92|30.9|11.22|10.1|0.81|1.33|345.23|98.07|93.33|25.07|
|天孚通信|300394.SZ|2021-10-11|100.75|91.1|36.1|34.66|4.69|4.69|42.06|31.76|11.53|10.38|0.79|1.29|354.86|100.8|96.07|25.8|
|天孚通信|300394.SZ|2021-10-08|98.25|88.84|35.2|33.8|4.57|4.57|41.02|30.97|11.25|10.12|0.81|1.32|346.05|98.3|93.57|25.13|
|天孚通信|300394.SZ|2021-09-30|95.79|86.61|34.32|32.96|4.46|4.46|39.99|30.2|10.97|9.87|0.83|1.36|337.39|95.84|91.11|24.47|
|天孚通信|300394.SZ|2021-09-29|94.74|85.66|33.94|32.59|4.41|4.41|39.55|29.86|10.85|9.76|0.84|1.37|333.68|94.79|90.05|24.19|
|天孚通信|300394.SZ|2021-09-28|99.39|89.86|35.61|34.19|4.62|4.62|41.49|31.33|11.38|10.24|0.8|1.31|350.04|99.43|94.7|25.44|
|天孚通信|300394.SZ|2021-09-27|100.75|91.1|36.1|34.66|4.69|4.69|42.06|31.76|11.53|10.38|0.79|1.29|354.86|100.8|96.07|25.8|
|天孚通信|300394.SZ|2021-09-24|103.25|93.36|36.99|35.52|4.8|4.8|43.11|32.55|11.82|10.64|0.77|1.26|363.66|103.3|98.57|26.47|
|天孚通信|300394.SZ|2021-09-23|105.75|95.62|37.89|36.38|4.92|4.92|44.15|33.33|12.11|10.9|0.75|1.23|372.46|105.8|101.07|27.15|
|天孚通信|300394.SZ|2021-09-22|102.04|92.26|36.56|35.1|4.75|4.75|42.6|32.16|11.68|10.51|0.78|1.28|359.4|102.09|97.36|26.15|
|天孚通信|300394.SZ|2021-09-17|104.62|94.59|37.48|35.99|4.87|4.87|43.68|32.98|11.98|10.78|0.76|1.24|368.47|104.67|99.93|26.84|
|天孚通信|300394.SZ|2021-09-16|103.09|93.22|36.94|35.47|4.8|4.8|43.04|32.5|11.8|10.62|0.77|1.26|363.11|103.14|98.41|26.43|
|天孚通信|300394.SZ|2021-09-15|107.98|97.63|38.69|37.15|5.02|5.02|45.08|34.04|12.36|11.13|0.74|1.21|380.3|108.02|103.29|27.74|
|天孚通信|300394.SZ|2021-09-14|107.59|97.28|38.55|37.01|5|5|44.92|33.91|12.32|11.09|0.74|1.21|378.93|107.63|102.9|27.64|
|天孚通信|300394.SZ|2021-09-13|109.34|98.87|39.17|37.62|5.09|5.09|45.65|34.47|12.52|11.27|0.73|1.19|385.12|109.39|104.66|28.11|
|天孚通信|300394.SZ|2021-09-10|114.65|103.67|41.08|39.44|5.33|5.33|47.87|36.14|13.13|11.81|0.69|1.14|403.82|114.7|109.97|29.54|
|天孚通信|300394.SZ|2021-09-09|114.38|103.42|40.98|39.35|5.32|5.32|47.75|36.05|13.1|11.79|0.7|1.14|402.86|114.43|109.7|29.46|
|天孚通信|300394.SZ|2021-09-08|115.08|104.06|41.23|39.59|5.35|5.35|48.05|36.28|13.18|11.86|0.69|1.13|405.33|115.13|110.4|29.65|
|天孚通信|300394.SZ|2021-09-07|111.69|100.99|40.01|38.42|5.2|5.2|46.63|35.2|12.79|11.51|0.71|1.17|393.37|111.73|107|28.74|
|天孚通信|300394.SZ|2021-09-06|111.8|101.09|40.06|38.46|5.2|5.2|46.68|35.24|12.8|11.52|0.71|1.16|393.78|111.85|107.12|28.77|
|天孚通信|300394.SZ|2021-09-03|106.26|96.08|38.07|36.56|4.94|4.94|44.36|33.49|12.17|10.95|0.75|1.23|374.25|106.31|101.57|27.28|
|天孚通信|300394.SZ|2021-09-02|103.41|93.5|37.05|35.58|4.81|4.81|43.17|32.6|11.84|10.66|0.77|1.26|364.21|103.45|98.72|26.52|
|天孚通信|300394.SZ|2021-09-01|104.11|94.14|37.3|35.82|4.84|4.84|43.46|32.82|11.92|10.73|0.76|1.25|366.69|104.16|99.43|26.7|
|天孚通信|300394.SZ|2021-08-31|102.67|92.83|36.78|35.32|4.78|4.78|42.86|32.36|11.75|10.58|0.78|1.27|361.6|102.71|97.98|26.32|
|天孚通信|300394.SZ|2021-08-30|106.34|96.15|38.1|36.58|4.95|4.95|44.39|33.52|12.17|10.96|0.75|1.22|374.53|106.38|101.65|27.3|
|天孚通信|300394.SZ|2021-08-27|104.81|94.77|37.55|36.06|4.88|4.88|43.76|33.04|12|10.8|0.76|1.24|369.16|104.86|100.13|26.89|
|天孚通信|300394.SZ|2021-08-26|106.06|95.9|38|36.49|4.93|4.93|44.28|33.43|12.14|10.93|0.75|1.23|373.56|106.11|101.38|27.23|
|天孚通信|300394.SZ|2021-08-25|111.18|100.53|39.83|38.25|5.17|5.17|46.42|35.04|12.73|11.46|0.72|1.17|391.58|111.23|106.49|28.6|
|天孚通信|300394.SZ|2021-08-24|108.25|97.88|38.78|37.24|5.04|5.04|45.19|34.12|12.39|11.15|0.73|1.2|381.26|108.3|103.56|27.82|
|天孚通信|300394.SZ|2021-08-23|116.84|105.65|41.86|38.59|5.29|5.62|48.78|47.34|13.38|12.17|0.68|1.11|112.31|116.88|111.75|30.02|
|天孚通信|300394.SZ|2021-08-20|116.18|105.05|41.62|38.37|5.26|5.59|48.5|47.07|13.3|12.1|0.68|1.12|111.67|116.21|111.09|29.84|
|天孚通信|300394.SZ|2021-08-19|117.35|106.11|42.04|38.76|5.31|5.64|48.99|47.55|13.44|12.22|0.68|1.11|112.8|117.39|112.26|30.15|
|天孚通信|300394.SZ|2021-08-18|111.33|100.67|39.89|36.77|5.04|5.36|46.48|45.11|12.75|11.59|0.71|1.17|107.02|111.37|106.24|28.54|
|天孚通信|300394.SZ|2021-08-17|111.45|100.77|39.93|36.81|5.04|5.36|46.53|45.16|12.76|11.61|0.71|1.17|107.13|111.49|106.36|28.57|
|天孚通信|300394.SZ|2021-08-16|116.84|105.65|41.86|38.59|5.29|5.62|48.78|47.34|13.38|12.17|0.68|1.11|112.31|116.88|111.75|30.02|
|天孚通信|300394.SZ|2021-08-13|117.15|105.93|41.97|38.69|5.3|5.63|48.91|47.47|13.41|12.2|0.68|1.11|112.61|117.19|112.06|30.1|
|天孚通信|300394.SZ|2021-08-12|127.38|115.18|45.64|42.07|5.77|6.13|53.18|51.61|14.58|13.27|0.62|1.02|122.45|127.42|122.29|32.85|
|天孚通信|300394.SZ|2021-08-11|131.29|118.71|47.04|43.36|5.94|6.31|54.81|53.2|15.03|13.67|0.61|0.99|126.2|131.33|126.2|33.9|
|天孚通信|300394.SZ|2021-08-10|124.57|112.64|44.63|41.14|5.64|5.99|52.01|50.47|14.26|12.97|0.64|1.04|119.74|124.61|119.48|32.09|
|天孚通信|300394.SZ|2021-08-09|122.43|110.7|43.86|40.43|5.54|5.89|51.11|49.6|14.02|12.75|0.65|1.06|117.68|122.46|117.33|31.52|
|天孚通信|300394.SZ|2021-08-06|121.84|110.17|43.65|40.24|5.51|5.86|50.87|49.37|13.95|12.69|0.65|1.07|117.12|121.88|116.75|31.36|
|天孚通信|300394.SZ|2021-08-05|125.67|113.63|45.02|41.51|5.69|6.04|52.46|50.92|14.39|13.09|0.63|1.04|120.8|125.7|120.57|32.39|
|天孚通信|300394.SZ|2021-08-04|131.72|119.1|47.19|43.5|5.96|6.34|54.99|53.37|15.08|13.72|0.6|0.99|126.61|131.76|126.63|34.01|
|天孚通信|300394.SZ|2021-08-03|132.19|108.3|47.36|43.66|5.98|6.36|55.19|53.56|15.13|13.77|0.6|0.98|127.06|132.23|127.1|34.14|
|天孚通信|300394.SZ|2021-08-02|141.95|116.29|50.86|46.88|6.43|6.83|59.26|57.52|16.25|14.78|0.56|0.92|136.45|141.99|136.86|36.76|
|天孚通信|300394.SZ|2021-07-30|132.81|108.81|47.58|43.87|6.01|6.39|55.45|53.81|15.21|13.83|0.6|0.98|127.66|132.85|127.72|34.3|
|天孚通信|300394.SZ|2021-07-29|134.06|109.83|48.03|44.28|6.07|6.45|55.97|54.32|15.35|13.96|0.59|0.97|128.87|134.1|128.97|34.64|
|天孚通信|300394.SZ|2021-07-28|120.67|98.86|43.23|39.85|5.46|5.8|50.38|48.89|13.82|12.57|0.66|1.08|115.99|120.71|115.58|31.04|
|天孚通信|300394.SZ|2021-07-27|113.6|93.07|40.7|37.52|5.14|5.46|47.43|46.03|13.01|11.83|0.7|1.15|109.2|113.64|108.51|29.14|
|天孚通信|300394.SZ|2021-07-26|109.93|90.06|39.38|36.31|4.98|5.29|45.89|44.54|12.59|11.45|0.72|1.18|105.67|109.97|104.84|28.16|
|天孚通信|300394.SZ|2021-07-23|112.7|92.33|40.38|37.22|5.1|5.42|47.05|45.66|12.9|11.74|0.71|1.16|108.33|112.74|107.61|28.9|
|天孚通信|300394.SZ|2021-07-22|107.27|87.88|38.43|35.43|4.86|5.16|44.78|43.47|12.28|11.17|0.74|1.21|103.11|107.31|102.18|27.45|
|天孚通信|300394.SZ|2021-07-21|106.22|87.02|38.06|35.08|4.81|5.11|44.34|43.04|12.16|11.06|0.75|1.23|102.1|106.26|101.13|27.16|
|天孚通信|300394.SZ|2021-07-20|108.29|88.72|38.8|35.77|4.9|5.21|45.21|43.88|12.4|11.28|0.73|1.2|104.09|108.33|103.2|27.72|
|天孚通信|300394.SZ|2021-07-19|107.23|87.85|38.42|35.42|4.85|5.16|44.77|43.45|12.28|11.17|0.74|1.21|103.08|107.27|102.14|27.43|
|天孚通信|300394.SZ|2021-07-16|99.11|81.2|35.51|32.73|4.49|4.77|41.38|40.16|11.35|10.32|0.8|1.31|95.27|99.15|94.02|25.25|
|天孚通信|300394.SZ|2021-07-15|100.17|82.06|35.89|33.08|4.53|4.82|41.82|40.59|11.47|10.43|0.79|1.3|96.28|100.2|95.07|25.54|
|天孚通信|300394.SZ|2021-07-14|103.52|84.81|37.09|34.19|4.69|4.98|43.22|41.95|11.85|10.78|0.77|1.26|99.51|103.56|98.43|26.44|
|天孚通信|300394.SZ|2021-07-13|104.62|85.71|37.48|34.55|4.74|5.03|43.68|42.39|11.98|10.89|0.76|1.24|100.56|104.66|99.53|26.73|
|天孚通信|300394.SZ|2021-07-12|106.84|87.53|38.28|35.29|4.84|5.14|44.61|43.29|12.23|11.13|0.74|1.22|102.7|106.88|101.75|27.33|
|天孚通信|300394.SZ|2021-07-09|95.75|78.45|34.31|31.63|4.33|4.61|39.98|38.8|10.96|9.97|0.83|1.36|92.04|95.79|90.66|24.35|
|天孚通信|300394.SZ|2021-07-08|94.31|77.26|33.79|31.15|4.27|4.54|39.37|38.21|10.8|9.82|0.84|1.38|90.65|94.35|89.22|23.96|
|天孚通信|300394.SZ|2021-07-07|92.71|75.95|33.21|30.62|4.2|4.46|38.7|37.56|10.61|9.65|0.86|1.4|89.11|92.74|87.62|23.53|
|天孚通信|300394.SZ|2021-07-06|91.03|74.58|32.61|30.06|4.12|4.38|38|36.88|10.42|9.48|0.87|1.43|87.5|91.07|85.94|23.08|
|天孚通信|300394.SZ|2021-07-05|93.92|76.94|33.65|31.02|4.25|4.52|39.21|38.05|10.75|9.78|0.85|1.39|90.28|93.96|88.83|23.86|
|天孚通信|300394.SZ|2021-07-02|93.37|76.5|33.45|30.84|4.23|4.49|38.98|37.83|10.69|9.72|0.85|1.39|89.75|93.41|88.28|23.71|
|天孚通信|300394.SZ|2021-07-01|94.46|77.39|33.84|31.2|4.28|4.54|39.44|38.28|10.82|9.84|0.84|1.38|90.8|94.5|89.37|24|
|天孚通信|300394.SZ|2021-06-30|98.88|81.01|35.43|32.66|4.48|4.76|41.28|40.06|11.32|10.3|0.8|1.32|95.04|98.92|93.79|25.19|
|天孚通信|300394.SZ|2021-06-29|99.97|81.9|35.82|33.02|4.53|4.81|41.74|40.51|11.45|10.41|0.8|1.3|96.1|100.01|94.88|25.48|
|天孚通信|300394.SZ|2021-06-28|105.44|86.38|37.78|34.82|4.77|5.07|44.02|42.72|12.07|10.98|0.75|1.23|101.35|105.48|100.35|26.95|
|天孚通信|300394.SZ|2021-06-25|102.43|83.92|36.7|33.83|4.64|4.93|42.76|41.5|11.73|10.67|0.78|1.27|98.46|102.47|97.34|26.14|
|天孚通信|300394.SZ|2021-06-24|106.05|86.88|37.99|35.02|4.8|4.8|44.27|42.97|12.14|11.04|0.75||101.93|106.08|100.95|27.12|
|天孚通信|300394.SZ|2021-06-23|109.97|90.1|39.4|36.32|4.98|4.98|45.91|44.56|12.59|11.45|0.72||105.71|110.01|104.88|28.17|
|天孚通信|300394.SZ|2021-06-22|104.79|85.85|37.54|34.61|4.74|4.74|43.75|42.46|12|10.91|0.76||100.72|104.82|99.7|26.78|
|天孚通信|300394.SZ|2021-06-21|106.46|87.22|38.14|35.16|4.82|4.82|44.44|43.13|12.19|11.09|0.75||102.33|106.5|101.37|27.23|
|天孚通信|300394.SZ|2021-06-18|107.43|88.02|38.49|35.48|4.86|4.86|44.85|43.53|12.3|11.19|0.74||103.27|107.47|102.34|27.49|
|天孚通信|300394.SZ|2021-06-17|106.09|86.91|38.01|35.04|4.8|4.8|44.29|42.99|12.15|11.05|0.75||101.98|106.13|101|27.13|
|天孚通信|300394.SZ|2021-06-16|102.53|84|36.73|33.86|4.64|4.64|42.8|41.54|11.74|10.68|0.78||98.56|102.57|97.44|26.17|
|天孚通信|300394.SZ|2021-06-15|106.05|86.88|37.99|35.02|4.8|4.8|44.27|42.97|12.14|11.04|0.75||101.93|106.08|100.95|27.12|
|天孚通信|300394.SZ|2021-06-11|105.76|86.65|37.89|34.93|4.79|4.79|44.15|42.85|12.11|11.01|0.75||101.66|105.8|100.67|27.04|
|天孚通信|300394.SZ|2021-06-10|104.18|85.35|37.33|34.41|4.72|4.72|43.49|42.21|11.93|10.85|0.76||100.14|104.22|99.09|26.61|
|天孚通信|300394.SZ|2021-06-09|103.77|85.01|37.18|34.27|4.7|4.7|43.32|42.04|11.88|10.81|0.77||99.74|103.81|98.68|26.5|
|天孚通信|300394.SZ|2021-06-08|105.98|86.83|37.97|35|4.8|4.8|44.24|42.94|12.13|11.04|0.75||101.87|106.02|100.89|27.1|
|天孚通信|300394.SZ|2021-06-07|107.5|88.07|38.51|35.51|4.87|4.87|44.88|43.56|12.31|11.19|0.74|0.74|103.33|107.54|102.41|27.51|
|天孚通信|300394.SZ|2021-06-04|104.94|85.97|37.6|34.66|4.75|4.75|43.81|42.52|12.01|10.93|0.76|0.76|100.87|104.98|99.85|26.82|
|天孚通信|300394.SZ|2021-06-03|102.16|83.7|36.6|33.74|4.62|4.62|42.65|41.39|11.7|10.64|0.78|0.78|98.2|102.2|97.07|26.07|
|天孚通信|300394.SZ|2021-06-02|100.47|82.31|36|33.18|4.55|4.55|41.94|40.71|11.5|10.46|0.79|0.79|96.58|100.51|95.38|25.62|
|天孚通信|300394.SZ|2021-06-01|103.38|84.69|37.04|34.14|4.68|4.68|43.16|41.89|11.84|10.77|0.77|0.77|99.37|103.41|98.29|26.4|
|天孚通信|300394.SZ|2021-05-31|102.18|83.72|36.61|33.75|4.63|4.63|42.66|41.4|11.7|10.64|0.78|0.78|98.22|102.22|97.09|26.08|
|天孚通信|300394.SZ|2021-05-28|101.71|83.32|36.44|33.59|4.6|4.6|42.46|41.21|11.64|10.59|0.78|0.78|97.76|101.74|96.61|25.95|
|天孚通信|300394.SZ|2021-05-27|101.77|83.38|36.46|33.61|4.61|4.61|42.49|41.24|11.65|10.6|0.78|0.78|97.83|101.81|96.68|25.97|
|天孚通信|300394.SZ|2021-05-26|96.59|79.13|34.6|31.9|4.37|4.37|40.32|39.13|11.06|10.06|0.82|0.82|92.84|96.62|91.49|24.57|
|天孚通信|300394.SZ|2021-05-25|97.76|80.09|35.02|32.29|4.42|4.42|40.81|39.61|11.19|10.18|0.81|0.81|93.97|97.8|92.67|24.89|
|天孚通信|300394.SZ|2021-05-24|95.85|78.53|34.34|31.66|4.34|4.34|40.02|38.84|10.97|9.98|0.83|0.83|92.13|95.89|90.76|24.38|
|天孚通信|300394.SZ|2021-05-21|93.35|76.48|33.45|30.83|4.23|4.23|38.97|37.83|10.69|9.72|0.85|0.85|89.73|93.39|88.26|23.71|
|天孚通信|300394.SZ|2021-05-20|95.52|78.26|34.22|31.55|4.32|4.32|39.88|38.7|10.94|9.95|0.83|0.83|91.82|95.56|90.43|24.29|
|天孚通信|300394.SZ|2021-05-19|93.09|76.27|33.35|30.75|4.21|4.21|38.87|37.72|10.66|9.69|0.85|0.85|89.48|93.13|88|23.64|
|天孚通信|300394.SZ|2021-05-18|94.18|77.16|33.74|31.11|4.26|4.26|39.32|38.16|10.78|9.81|0.84|0.84|90.53|94.22|89.09|23.93|
|天孚通信|300394.SZ|2021-05-17|93.9|76.93|33.64|31.01|4.25|4.25|39.2|38.04|10.75|9.78|0.85|0.85|90.26|93.93|88.8|23.85|
|天孚通信|300394.SZ|2021-05-14|93.94|76.96|33.66|31.03|4.25|4.25|39.22|38.06|10.76|9.78|0.85|0.85|90.3|93.98|88.85|23.86|
|天孚通信|300394.SZ|2021-05-13|91.66|75.09|32.84|30.27|4.15|4.15|38.27|37.14|10.49|9.55|0.87|0.87|88.11|91.7|86.57|23.25|
|天孚通信|300394.SZ|2021-05-12|88.6|72.59|31.74|29.26|4.01|4.01|36.99|35.9|10.14|9.23|0.9|0.9|85.17|88.64|83.51|22.43|
|天孚通信|300394.SZ|2021-05-11|86.67|71.01|31.05|28.63|3.92|3.92|36.18|35.12|9.92|9.03|0.92|0.92|83.31|86.71|81.58|21.91|
|天孚通信|300394.SZ|2021-05-10|87.34|71.56|31.29|28.85|3.95|3.95|36.46|35.39|10|9.1|0.91|0.91|83.96|87.38|82.25|22.09|
|天孚通信|300394.SZ|2021-05-07|90.1|73.82|32.28|29.76|4.08|4.08|37.62|36.51|10.32|9.38|0.88|0.88|86.61|90.14|85.01|22.83|
|天孚通信|300394.SZ|2021-05-06|93.31|76.45|33.43|30.82|4.22|4.22|38.96|37.81|10.68|9.72|0.85|0.85|89.69|93.35|88.22|23.69|
|天孚通信|300394.SZ|2021-04-30|92.42|75.72|33.11|30.52|4.18|4.18|38.58|37.45|10.58|9.62|0.86|0.86|88.84|92.46|87.33|23.46|
|天孚通信|300394.SZ|2021-04-29|97.39|79.79|34.89|32.17|4.41|4.41|40.66|39.46|11.15|10.14|0.82|0.82|93.61|97.43|92.3|24.79|
|天孚通信|300394.SZ|2021-04-28|98.93|81.05|35.44|32.67|4.48|4.48|41.3|40.08|11.33|10.3|0.8|0.8|95.09|98.97|93.84|25.2|
|天孚通信|300394.SZ|2021-04-27|100.04|81.96|35.84|33.04|4.53|4.53|41.76|40.53|11.45|10.42|0.8|0.8|96.16|100.07|94.94|25.5|
|天孚通信|300394.SZ|2021-04-26|99.3|81.35|35.58|32.8|4.49|4.49|41.46|40.23|11.37|10.34|0.8|0.8|95.45|99.34|94.21|25.3|
|天孚通信|300394.SZ|2021-04-23|97.45|79.84|34.92|32.19|4.41|4.41|40.69|39.49|11.16|10.15|0.82|0.82|93.68|97.49|92.36|24.81|
|天孚通信|300394.SZ|2021-04-22|89.21|73.09|53.55|31.97|6.83|4.15|50.44|44.51|17.06|10.21|0.89|0.89|97.16|89.52|86.38|39.12|
|天孚通信|300394.SZ|2021-04-21|85.15|69.76|51.12|30.52|6.52|3.96|48.15|42.48|16.28|9.75|0.93|0.93|92.74|85.47|82.32|37.28|
|天孚通信|300394.SZ|2021-04-20|86.32|70.72|51.82|30.94|6.61|4.02|48.81|43.07|16.51|9.88|0.92|0.92|94.02|86.64|83.49|37.81|
|天孚通信|300394.SZ|2021-04-19|89.75|73.53|53.88|32.17|6.87|4.18|50.75|44.78|17.16|10.28|0.89|0.89|97.75|90.07|86.92|39.37|
|天孚通信|300394.SZ|2021-04-16|87.08|71.34|52.28|31.21|6.66|4.05|49.24|43.45|16.65|9.97|0.91|0.91|94.84|87.4|84.25|38.16|
|天孚通信|300394.SZ|2021-04-15|88.47|72.48|53.11|31.71|6.77|4.12|50.03|44.14|16.92|10.13|0.9|0.9|96.36|88.79|85.64|38.79|
|天孚通信|300394.SZ|2021-04-14|87.3|71.52|52.41|31.29|6.68|4.06|49.36|43.55|16.69|9.99|0.91|0.91|95.08|87.62|84.47|38.26|
|天孚通信|300394.SZ|2021-04-13|84.15|68.93|50.51|30.16|6.44|3.92|47.58|41.98|16.09|9.63|0.95|0.95|91.65|84.46|81.32|36.83|
|天孚通信|300394.SZ|2021-04-12|84.78|69.44|50.89|30.38|6.49|3.95|47.94|42.3|16.21|9.71|0.94|0.94|92.33|85.09|81.95|37.11|
|天孚通信|300394.SZ|2021-04-09|86.99|71.26|52.22|31.18|6.66|4.05|49.19|43.4|16.64|9.96|0.91|0.91|94.74|87.31|84.16|38.12|
|天孚通信|300394.SZ|2021-04-08|87.27|71.49|52.39|31.28|6.68|4.06|49.35|43.54|16.69|9.99|0.91|0.91|95.05|87.59|84.44|38.24|
|天孚通信|300394.SZ|2021-04-07|88.92|72.84|53.38|34.9|6.8|4.27|50.28|44.36|17|11.17|0.89|0.89|130.33|89.24|86.09|38.99|
|天孚通信|300394.SZ|2021-04-06|89.94|73.67|53.99|35.3|6.88|4.32|50.86|44.87|17.2|11.3|0.88|0.88|131.82|90.26|87.11|39.45|
|天孚通信|300394.SZ|2021-04-02|90.92|74.47|54.58|35.68|6.96|4.36|51.41|45.36|17.39|11.42|0.88|0.88|133.25|91.23|88.09|39.9|
|天孚通信|300394.SZ|2021-04-01|89.68|73.46|53.84|35.19|6.86|4.3|50.71|44.74|17.15|11.26|0.89|0.89|131.44|90|86.85|39.34|
|天孚通信|300394.SZ|2021-03-31|89.62|73.41|53.8|35.17|6.86|4.3|50.67|44.71|17.14|11.26|0.89|0.89|131.35|89.93|86.79|39.31|
|天孚通信|300394.SZ|2021-03-30|86.71|71.02|52.05|34.03|6.64|4.16|49.03|43.26|16.58|10.89|0.92|0.92|127.08|87.02|83.88|37.99|
|天孚通信|300394.SZ|2021-03-29|86.32|70.7|51.82|33.87|6.61|4.14|48.81|43.06|16.51|10.84|0.92|0.92|126.51|86.63|83.49|37.81|
|天孚通信|300394.SZ|2021-03-26|86.71|71.02|52.05|34.03|6.64|4.16|49.03|43.26|16.58|10.89|0.92|0.92|127.08|87.02|83.88|37.99|
|天孚通信|300394.SZ|2021-03-25|86.49|70.85|51.92|33.94|6.62|4.15|48.91|43.15|16.54|10.86|0.92|0.92|126.77|86.81|83.66|37.89|
|天孚通信|300394.SZ|2021-03-24|84.56|69.27|50.76|33.18|6.47|4.06|47.82|42.19|16.17|10.62|0.94|0.94|123.94|84.88|81.73|37.02|
|天孚通信|300394.SZ|2021-03-23|85.28|69.85|51.19|33.46|6.53|4.09|48.22|42.55|16.31|10.71|0.93|0.93|124.99|85.59|82.45|37.34|
|天孚通信|300394.SZ|2021-03-22|84.17|68.95|50.53|33.03|6.44|4.04|47.59|41.99|16.1|10.57|0.95|0.95|123.36|84.49|81.34|36.84|
|天孚通信|300394.SZ|2021-03-19|81.42|66.69|48.87|31.95|6.23|3.91|46.04|40.62|15.57|10.23|0.98|0.98|119.32|81.73|78.58|35.59|
|天孚通信|300394.SZ|2021-03-18|82.7|67.74|49.64|32.45|6.33|3.97|46.76|41.26|15.81|10.39|0.96|0.96|121.2|83.01|79.86|36.17|
|天孚通信|300394.SZ|2021-03-17|83.87|68.7|50.34|32.91|6.42|4.02|47.42|41.84|16.04|10.53|0.95|0.95|122.92|84.18|81.04|36.7|
|天孚通信|300394.SZ|2021-03-16|83.54|68.43|50.15|32.78|6.39|4.01|47.24|41.68|15.98|10.49|0.95|0.95|122.44|83.86|80.71|36.55|
|天孚通信|300394.SZ|2021-03-15|84.3|69.05|50.61|33.08|6.45|4.05|47.67|42.06|16.12|10.59|0.94|0.94|123.55|84.62|81.47|36.9|
|天孚通信|300394.SZ|2021-03-12|86.15|70.56|51.71|33.8|6.59|4.13|48.71|42.98|16.47|10.82|0.92|0.92|126.26|86.46|83.31|37.73|
|天孚通信|300394.SZ|2021-03-11|87.1|71.34|52.29|34.18|6.67|4.18|49.25|43.45|16.66|10.94|0.91|0.91|127.66|87.42|84.27|38.17|
|天孚通信|300394.SZ|2021-03-10|85.93|70.38|51.58|33.72|6.58|4.12|48.59|42.87|16.43|10.79|0.93|0.93|125.94|86.24|83.1|37.64|
|天孚通信|300394.SZ|2021-03-09|87.12|71.36|52.3|34.19|6.67|4.18|49.26|43.47|16.66|10.94|0.91|0.91|127.69|87.44|84.29|38.18|
|天孚通信|300394.SZ|2021-03-08|90.94|74.49|54.59|35.69|6.96|4.36|51.42|45.37|17.39|11.42|0.87|0.87|133.29|91.26|88.11|39.91|
|天孚通信|300394.SZ|2021-03-05|93.57|76.64|56.17|36.72|7.16|4.49|52.91|46.68|17.89|11.75|0.85|0.85|137.13|93.88|90.73|41.09|
|天孚通信|300394.SZ|2021-03-04|93.83|76.85|56.32|36.82|7.18|4.5|53.06|46.81|17.94|11.79|0.85|0.85|137.52|94.14|91|41.21|
|天孚通信|300394.SZ|2021-03-03|96.17|78.77|57.73|37.74|7.36|4.62|54.38|47.98|18.39|12.08|0.83|0.83|140.95|96.49|93.34|42.27|
|天孚通信|300394.SZ|2021-03-02|97.89|80.18|58.76|38.41|7.49|4.7|55.35|48.83|18.72|12.29|0.81|0.81|143.46|98.2|95.05|43.05|
|天孚通信|300394.SZ|2021-03-01|99.6|81.58|59.79|39.08|7.62|4.78|56.32|49.69|19.05|12.51|0.8|0.8|145.98|99.91|96.77|43.83|
|天孚通信|300394.SZ|2021-02-26|97.02|79.47|58.24|38.07|7.42|4.66|54.86|48.4|18.55|12.19|0.82|0.82|142.19|97.33|94.19|42.66|
|天孚通信|300394.SZ|2021-02-25|96.76|79.25|58.08|37.97|7.4|4.64|54.71|48.27|18.5|12.15|0.82|0.82|141.81|97.07|93.92|42.54|
|天孚通信|300394.SZ|2021-02-24|98.8|80.92|59.31|38.77|7.56|4.74|55.86|49.29|18.89|12.41|0.81|0.81|144.8|99.11|95.96|43.46|
|天孚通信|300394.SZ|2021-02-23|99.17|81.23|59.53|38.91|7.59|4.76|56.07|49.47|18.96|12.46|0.8|0.8|145.34|99.48|96.33|43.63|
|天孚通信|300394.SZ|2021-02-22|100.25|82.12|60.18|39.34|7.67|4.81|56.69|50.01|19.17|12.59|0.79|0.79|146.93|100.56|97.42|44.12|
|天孚通信|300394.SZ|2021-02-19|101.88|83.45|61.16|39.98|7.8|4.89|57.61|50.83|19.48|12.8|0.78|0.78|149.31|102.19|99.05|44.86|
|天孚通信|300394.SZ|2021-02-18|98.15|80.39|58.92|38.51|7.51|4.71|55.5|48.96|18.77|12.33|0.81|0.81|143.84|98.46|95.31|43.17|
|天孚通信|300394.SZ|2021-02-10|94.63|77.51|56.81|37.13|7.24|4.54|53.51|47.21|18.1|11.89|0.84|0.84|138.69|94.94|91.8|41.58|
|天孚通信|300394.SZ|2021-02-09|90.31|73.98|54.21|35.44|6.91|4.33|51.07|45.06|17.27|11.34|0.88|0.88|132.36|90.63|87.48|39.62|
|天孚通信|300394.SZ|2021-02-08|87.99|72.07|52.82|34.53|6.73|4.22|49.75|43.9|16.83|11.05|0.9|0.9|128.96|88.3|85.16|38.57|
|天孚通信|300394.SZ|2021-02-05|87.32|71.52|52.42|34.26|6.68|4.19|49.37|43.56|16.7|10.97|0.91|0.91|127.98|87.63|84.49|38.26|
|天孚通信|300394.SZ|2021-02-04|91.57|75.01|54.97|35.93|7.01|4.39|51.78|45.68|17.51|11.5|0.87|0.87|134.21|91.89|88.74|40.19|
|天孚通信|300394.SZ|2021-02-03|98.56|80.73|59.16|38.68|7.54|7.54|55.73|49.17|18.85|12.38|0.81|0.81|144.45|98.87|95.73|43.36|
|天孚通信|300394.SZ|2021-02-02|94.6|84.68|56.79|37.12|7.24|7.24|53.49|47.19|18.09|11.88|0.84|0.84|138.64|94.91|91.77|41.56|
|天孚通信|300394.SZ|2021-02-01|94.64|84.71|56.81|37.14|7.24|7.24|53.51|47.21|18.1|11.89|0.84|0.84|138.7|94.95|91.81|41.58|
|天孚通信|300394.SZ|2021-01-29|97.52|87.29|58.54|38.27|7.46|7.46|55.14|48.65|18.65|12.25|0.82|0.82|142.92|97.83|94.68|42.88|
|天孚通信|300394.SZ|2021-01-28|96.38|86.27|57.86|37.82|7.38|7.38|54.5|48.09|18.43|12.11|0.83|0.83|141.26|96.7|93.55|42.37|
|天孚通信|300394.SZ|2021-01-27|97.26|87.06|58.38|38.17|7.44|7.44|55|48.52|18.6|12.22|0.82|0.82|142.54|97.57|94.43|42.77|
|天孚通信|300394.SZ|2021-01-26|88.3|79.04|53.01|34.65|6.76|6.76|49.93|44.05|16.89|11.09|0.9|0.9|129.42|88.62|85.47|38.71|
|天孚通信|300394.SZ|2021-01-25|91.52|81.92|54.94|35.91|7|7|51.75|45.66|17.5|11.5|0.87|0.87|134.13|91.83|88.69|40.17|
|天孚通信|300394.SZ|2021-01-22|94.22|83.53|56.56|36.97|7.21|7.21|53.28|47.01|18.02|11.83|0.84|0.84|138.09|94.53|91.39|41.39|
|天孚通信|300394.SZ|2021-01-21|98.99|87.75|59.42|38.84|7.57|7.57|55.97|49.38|18.93|12.43|0.8|0.8|145.08|99.3|96.15|43.55|
|天孚通信|300394.SZ|2021-01-20|100.2|88.83|60.15|39.32|7.67|7.67|56.66|49.99|19.16|12.59|0.79|0.79|146.85|100.51|97.36|44.1|
|天孚通信|300394.SZ|2021-01-19|98.47|87.3|59.11|38.64|7.54|7.54|55.68|49.13|18.83|12.37|0.81|0.81|144.32|98.78|95.64|43.32|
|天孚通信|300394.SZ|2021-01-18|104.47|92.61|62.71|40.99|7.99|7.99|59.07|52.12|19.98|13.12|0.76|0.76|153.11|104.78|101.63|46.03|
|天孚通信|300394.SZ|2021-01-15|99.42|88.14|59.68|39.02|7.61|7.61|56.22|49.6|19.01|12.49|0.8|0.8|145.72|99.74|96.59|43.75|
|天孚通信|300394.SZ|2021-01-14|99.24|87.98|59.58|38.95|7.59|7.59|56.12|49.51|18.98|12.47|0.8|0.8|145.45|99.56|96.41|43.67|
|天孚通信|300394.SZ|2021-01-13|99.38|88.11|59.66|39|7.61|7.61|56.2|49.58|19|12.48|0.8|0.8|145.66|99.7|96.55|43.73|
|天孚通信|300394.SZ|2021-01-12|96.42|85.48|57.88|37.84|7.38|7.38|54.52|48.11|18.44|12.11|0.83|0.83|141.32|96.74|93.59|42.39|
|天孚通信|300394.SZ|2021-01-11|98.77|87.56|59.29|38.76|7.56|7.56|55.85|49.27|18.89|12.41|0.81|0.81|144.76|99.08|95.94|43.45|
|天孚通信|300394.SZ|2021-01-08|97.91|86.8|58.78|38.42|7.49|7.49|55.37|48.85|18.72|12.3|0.81|0.81|143.5|98.23|95.08|43.06|
|天孚通信|300394.SZ|2021-01-07|98.01|86.89|58.84|38.46|7.5|7.5|55.42|48.9|18.74|12.31|0.81|0.81|143.65|98.33|95.18|43.11|
|天孚通信|300394.SZ|2021-01-06|102.96|91.27|61.8|40.4|7.88|7.88|58.22|51.37|19.69|12.93|0.77|0.77|150.9|103.27|100.13|45.35|
|天孚通信|300394.SZ|2021-01-05|108.87|96.52|65.36|42.72|8.33|8.33|61.56|54.32|20.82|13.68|0.73|0.73|159.57|109.19|106.04|48.03|
|天孚通信|300394.SZ|2021-01-04|107.88|95.64|64.76|42.33|8.26|8.26|61|53.82|20.63|13.55|0.74|0.74|158.11|108.2|105.05|47.58|",2026-07-18T11:27:40.443133+08:00
