vendor,tool_name,query,result_index,api_name,title,score,table_markdown,retrieved_at
gildata,FinQuery,新易盛2021年1月至2026年7月市盈率TTM历史走势,1,股票价值分析,,,"|股票名称|股票代码|交易日|总市值（亿元）|流通市值（亿元）|市盈率PE(LYR)|市盈率PE(TTM)|市净率PB(MRQ)|市净率PB(LF)|市现率PCF(LYR)|市现率PCF(TTM)|市销率PS(LYR)|市销率PS(TTM)|股息率|滚动股息率|PEG|企业价值(含货币资金)EV1(亿元)|企业价值(剔除货币资金)EV2(亿元)|企业价值倍数EV2/EBITDA|
|----------|----------|----------|----------|----------|----------|----------|----------|----------|----------|----------|----------|----------|----------|----------|----------|----------|----------|----------|
|新易盛|300502.SZ|2026-07-17|6732.59|6056.49|70.63|62.69|33.04|34.68|87.42|82.24|27.1|23.11|0.05|0.15|74.6|6732.62|6653.45|59.47|
|新易盛|300502.SZ|2026-07-16|7565.24|6805.52|79.37|70.44|37.12|38.97|98.23|92.41|30.45|25.97|0.04|0.13|83.83|7565.27|7486.1|66.91|
|新易盛|300502.SZ|2026-07-15|7752.07|6973.59|81.33|72.18|38.04|39.93|100.66|94.7|31.21|26.61|0.04|0.13|85.9|7752.1|7672.93|68.58|
|新易盛|300502.SZ|2026-07-14|7930.81|7134.39|83.2|73.85|38.92|40.85|102.98|96.88|31.93|27.23|0.04|0.13|87.88|7930.85|7851.68|70.18|
|新易盛|300502.SZ|2026-07-13|7145.57|6428|74.96|66.53|35.06|36.81|92.78|87.29|28.76|24.53|0.04|0.14|79.18|7145.6|7066.43|63.16|
|新易盛|300502.SZ|2026-07-10|7292.66|6560.32|76.51|67.9|35.79|37.57|94.69|89.08|29.36|25.04|0.04|0.14|80.81|7292.69|7213.52|64.48|
|新易盛|300502.SZ|2026-07-09|7605.67|6841.9|79.79|70.82|37.32|39.18|98.76|92.91|30.62|26.11|0.04|0.13|84.27|7605.7|7526.53|67.27|
|新易盛|300502.SZ|2026-07-08|7122.42|6407.18|74.72|66.32|34.95|36.69|92.48|87|28.67|24.45|0.04|0.14|78.92|7122.46|7043.29|62.95|
|新易盛|300502.SZ|2026-07-07|7112.1|6397.89|74.61|66.22|34.9|36.64|92.35|86.88|28.63|24.42|0.04|0.14|78.81|7112.14|7032.97|62.86|
|新易盛|300502.SZ|2026-07-06|7067.35|6357.63|74.14|65.81|34.68|36.4|91.77|86.33|28.45|24.26|0.05|0.14|78.31|7067.38|6988.21|62.46|
|新易盛|300502.SZ|2026-07-03|7333.79|6597.32|76.94|68.29|35.99|37.78|95.23|89.59|29.52|25.18|0.04|0.14|81.26|7333.82|7254.65|64.84|
|新易盛|300502.SZ|2026-07-02|7096.77|6384.1|74.45|66.08|34.82|36.56|92.15|86.69|28.57|24.36|0.04|0.14|78.64|7096.8|7017.63|62.73|
|新易盛|300502.SZ|2026-07-01|8024.78|7218.92|84.19|74.72|39.38|41.34|104.2|98.03|32.3|27.55|0.04|0.12|88.92|8024.82|7945.65|71.02|
|新易盛|300502.SZ|2026-06-30|8463.14|7613.26|88.79|78.8|41.53|43.59|109.89|103.38|34.07|29.06|0.04|0.12|93.78|8463.17|8384|74.94|
|新易盛|300502.SZ|2026-06-29|7765.45|6985.63|81.47|72.31|38.11|40|100.83|94.86|31.26|26.66|0.04|0.13|86.04|7765.49|7686.32|68.7|
|新易盛|300502.SZ|2026-06-26|7891.49|7099.02|82.79|73.48|38.72|40.65|102.47|96.4|31.77|27.09|0.04|0.13|87.44|7891.53|7812.36|69.83|
|新易盛|300502.SZ|2026-06-25|8511.8|7657.03|89.3|79.26|41.77|43.85|110.53|103.98|34.26|29.22|0.04|0.12|94.31|8511.83|8432.66|75.37|
|新易盛|300502.SZ|2026-06-24|7742.31|6964.81|81.22|72.09|37.99|39.88|100.53|94.58|31.17|26.58|0.04|0.13|85.79|7742.34|7663.17|68.5|
|新易盛|300502.SZ|2026-06-23|7696.3|6923.42|80.74|71.66|37.77|39.64|99.94|94.01|30.98|26.42|0.04|0.13|85.28|7696.33|7617.16|68.08|
|新易盛|300502.SZ|2026-06-22|8086.27|7274.23|84.83|75.29|39.68|41.65|105|98.78|32.55|27.76|0.04|0.12|89.6|8086.3|8007.14|71.57|
|新易盛|300502.SZ|2026-06-18|8107.32|7293.17|85.05|75.49|39.78|41.76|105.27|99.04|32.64|27.83|0.04|0.12|89.83|8107.36|8028.19|71.76|
|新易盛|300502.SZ|2026-06-17|7778.28|6997.17|81.6|72.43|38.17|40.07|101|95.02|31.31|26.7|0.04|0.13|86.19|7778.31|7699.14|68.82|
|新易盛|300502.SZ|2026-06-16|7654.47|6885.79|80.3|71.27|37.56|39.43|99.39|93.5|30.81|26.28|0.04|0.13|84.81|7654.5|7575.33|67.71|
|新易盛|300502.SZ|2026-06-15|7535.82|6779.06|79.06|70.17|36.98|38.82|97.85|92.05|30.34|25.87|0.04|0.13|83.5|7535.85|7456.68|66.65|
|新易盛|300502.SZ|2026-06-12|7061.35|6352.24|74.08|65.75|34.65|36.37|91.69|86.26|28.43|24.24|0.05|0.14|78.24|7061.39|6982.22|62.41|
|新易盛|300502.SZ|2026-06-11|7333.79|6597.32|76.94|68.29|35.99|37.78|95.23|89.59|29.52|25.18|0.04|0.14|81.26|7333.82|7254.65|64.84|
|新易盛|300502.SZ|2026-06-10|7693.31|6920.73|80.71|71.63|37.75|37.7|99.9|93.98|30.97|26.41|0.04||85.25|7693.34|7614.17|68.06|
|新易盛|300502.SZ|2026-06-09|7825.07|7039.26|82.09|72.86|38.4|38.34|101.61|95.59|31.5|26.86|0.04||86.7|7825.1|7745.93|69.24|
|新易盛|300502.SZ|2026-06-08|7220.26|6495.19|75.75|67.23|35.43|35.38|93.75|88.2|29.06|24.79|0.04||80|7220.29|7141.12|63.83|
|新易盛|300502.SZ|2026-06-05|7449.31|6701.24|78.15|69.36|36.55|36.5|96.73|91|29.99|25.57|0.04||82.54|7449.35|7370.18|65.88|
|新易盛|300502.SZ|2026-06-04|7727.57|6951.55|81.07|71.95|37.92|37.86|100.34|94.4|31.11|26.53|0.04||85.62|7727.6|7648.43|68.36|
|新易盛|300502.SZ|2026-06-03|7790.41|6940.75|81.73|72.54|38.23|38.17|101.16|95.16|31.36|26.75|0.04||86.32|7790.44|7711.27|68.93|
|新易盛|300502.SZ|2026-06-02|7439.36|6627.98|78.05|69.27|36.51|36.45|96.6|90.88|29.95|25.54|0.04||82.43|7439.39|7360.22|65.79|
|新易盛|300502.SZ|2026-06-01|6770.31|6031.91|71.03|63.04|33.22|33.17|87.91|82.7|27.25|23.24|0.05||75.02|6770.35|6691.18|59.81|
|新易盛|300502.SZ|2026-05-29|7035.52|6268.19|73.81|65.51|34.52|34.47|91.36|85.94|28.32|24.15|0.05||77.96|7035.55|6956.38|62.18|
|新易盛|300502.SZ|2026-05-28|7153.93|6373.69|75.05|66.61|35.1|35.05|92.89|87.39|28.8|24.56|0.04||79.27|7153.97|7074.8|63.24|
|新易盛|300502.SZ|2026-05-27|6921.49|6166.59|72.61|64.45|33.96|33.91|89.88|84.55|27.86|23.76|0.05|0.05|76.69|6921.52|6842.35|61.16|
|新易盛|300502.SZ|2026-05-26|6971.28|6210.96|73.14|64.91|34.21|34.16|90.52|85.16|28.06|23.93|0.05|0.05|77.24|6971.32|6892.15|61.6|
|新易盛|300502.SZ|2026-05-25|6563.06|5847.26|68.85|61.11|32.21|32.16|85.22|80.17|26.42|22.53|0.05|0.05|72.72|6563.1|6483.93|57.96|
|新易盛|300502.SZ|2026-05-22|6042.81|5383.75|63.4|56.27|29.65|29.61|78.47|73.82|24.33|20.75|0.05|0.05|66.96|6042.84|5963.67|53.3|
|新易盛|300502.SZ|2026-05-21|5626.09|5011.32|59.02|52.39|27.61|27.61|73.05|68.73|22.65|19.32|0.06|0.06|62.34|5626.13|5546.96|49.58|
|新易盛|300502.SZ|2026-05-20|5844.48|5205.84|61.31|54.42|28.68|28.68|75.89|71.39|23.53|20.07|0.05|0.05|64.76|5844.51|5765.34|51.53|
|新易盛|300502.SZ|2026-05-19|5690.7|5068.87|59.7|52.99|27.92|27.92|73.89|69.52|22.91|19.54|0.06|0.06|63.06|5690.74|5611.57|50.16|
|新易盛|300502.SZ|2026-05-18|5963.26|5311.64|62.56|55.53|29.26|29.26|77.43|72.84|24|20.47|0.05|0.05|66.08|5963.29|5884.13|52.59|
|新易盛|300502.SZ|2026-05-15|6063.95|5401.33|63.62|56.46|29.76|29.76|78.74|74.07|24.41|20.82|0.05|0.05|67.19|6063.99|5984.82|53.49|
|新易盛|300502.SZ|2026-05-14|6141.98|5470.83|64.44|57.19|30.14|30.14|79.75|75.03|24.72|21.09|0.05|0.05|68.06|6142.02|6062.85|54.19|
|新易盛|300502.SZ|2026-05-13|6252.22|5569.02|65.59|58.22|30.68|30.68|81.18|76.37|25.17|21.46|0.05|0.05|69.28|6252.25|6173.08|55.18|
|新易盛|300502.SZ|2026-05-12|5889.7|5246.12|61.79|54.84|28.9|28.9|76.48|71.95|23.71|20.22|0.05|0.05|65.26|5889.74|5810.57|51.94|
|新易盛|300502.SZ|2026-05-11|5603.23|4990.95|58.78|52.17|27.5|27.5|72.76|68.45|22.56|19.24|0.06|0.06|62.09|5603.26|5524.1|49.38|
|新易盛|300502.SZ|2026-05-08|5483.65|4884.44|57.53|51.06|26.91|26.91|71.2|66.99|22.07|18.83|0.06|0.06|60.76|5483.69|5404.52|48.31|
|新易盛|300502.SZ|2026-05-07|5601.24|4989.18|58.76|52.15|27.49|27.49|72.73|68.42|22.55|19.23|0.06|0.06|62.06|5601.28|5522.11|49.36|
|新易盛|300502.SZ|2026-05-06|5193.5|4625.99|54.49|48.36|25.48|25.48|67.44|63.44|20.91|17.83|0.06|0.06|57.55|5193.53|5114.36|45.71|
|新易盛|300502.SZ|2026-04-30|5226.4|4655.3|54.83|48.66|25.65|25.65|67.86|63.84|21.04|17.94|0.06|0.06|57.91|5226.44|5147.27|46.01|
|新易盛|300502.SZ|2026-04-29|5337.83|4754.55|56|49.7|26.19|26.19|69.31|65.2|21.49|18.33|0.06|0.06|59.15|5337.86|5258.69|47|
|新易盛|300502.SZ|2026-04-28|5322.52|4740.92|55.84|49.56|26.12|26.12|69.11|65.02|21.43|18.27|0.06|0.06|58.98|5322.56|5243.39|46.87|
|新易盛|300502.SZ|2026-04-27|5347.77|4763.41|56.1|49.79|26.24|26.24|69.44|65.33|21.53|18.36|0.06|0.06|59.26|5347.8|5268.63|47.09|
|新易盛|300502.SZ|2026-04-24|5340.51|4756.94|56.03|49.73|26.21|26.21|69.35|65.24|21.5|18.34|0.06|0.06|59.18|5340.55|5261.38|47.03|
|新易盛|300502.SZ|2026-04-23|6046.36|5385.83|213.06|80.42|41.63|41.63|943.37|121.08|69.93|30.2|0.05|0.05|136.97|6046.67|5992.29|177.69|
|新易盛|300502.SZ|2026-04-22|6189.8|5513.59|218.12|82.32|42.62|42.62|965.75|123.95|71.58|30.92|0.05|0.05|140.22|6190.11|6135.72|181.94|
|新易盛|300502.SZ|2026-04-21|5750.34|5122.15|202.63|76.48|39.59|39.59|897.19|115.15|66.5|28.72|0.06|0.06|130.27|5750.66|5696.27|168.91|
|新易盛|300502.SZ|2026-04-20|5795.07|5161.99|204.21|77.07|39.9|39.9|904.17|116.05|67.02|28.94|0.06|0.06|131.28|5795.39|5741|170.24|
|新易盛|300502.SZ|2026-04-17|5854.71|5215.12|206.31|77.87|40.31|40.31|913.47|117.24|67.71|29.24|0.05|0.05|132.63|5855.03|5800.64|172|
|新易盛|300502.SZ|2026-04-16|5342.8|4759.13|188.27|71.06|36.79|36.78|833.6|106.99|61.79|26.69|0.06|0.06|121.03|5343.11|5288.73|156.82|
|新易盛|300502.SZ|2026-04-15|4940.03|4400.36|174.08|65.7|34.01|34.01|770.76|98.92|57.13|24.67|0.06|0.06|111.91|4940.34|4885.95|144.88|
|新易盛|300502.SZ|2026-04-14|5168.85|4604.18|182.14|68.75|35.59|35.59|806.46|103.51|59.78|25.82|0.06|0.06|117.09|5169.16|5114.77|151.67|
|新易盛|300502.SZ|2026-04-13|5096.48|4539.72|179.59|67.78|35.09|35.09|795.17|102.06|58.94|25.46|0.06|0.06|115.45|5096.8|5042.41|149.52|
|新易盛|300502.SZ|2026-04-10|5193.7|4626.31|183.02|69.08|35.76|35.76|810.34|104|60.06|25.94|0.06|0.06|117.66|5194.01|5139.62|152.4|
|新易盛|300502.SZ|2026-04-09|4870.65|4338.55|171.63|64.78|33.54|33.53|759.93|97.53|56.33|24.33|0.07|0.07|110.34|4870.96|4816.57|142.82|
|新易盛|300502.SZ|2026-04-08|4984.96|4440.38|175.66|66.3|34.32|34.32|777.77|99.82|57.65|24.9|0.06|0.06|112.93|4985.27|4930.88|146.21|
|新易盛|300502.SZ|2026-04-07|4559.52|4061.42|160.67|60.64|31.39|31.39|711.39|91.3|52.73|22.77|0.07|0.07|103.29|4559.83|4505.45|133.6|
|新易盛|300502.SZ|2026-04-03|4525.72|4031.31|159.48|60.19|31.16|31.16|706.12|90.63|52.34|22.6|0.07|0.07|102.52|4526.04|4471.65|132.6|
|新易盛|300502.SZ|2026-04-02|4448.09|3962.16|156.74|59.16|30.63|30.62|694.01|89.07|51.44|22.22|0.07|0.07|100.76|4448.4|4394.02|130.29|
|新易盛|300502.SZ|2026-04-01|4578.41|4078.24|161.34|60.89|31.52|31.52|714.34|91.68|52.95|22.87|0.07|0.07|103.72|4578.72|4524.33|134.16|
|新易盛|300502.SZ|2026-03-31|4401.87|3920.99|155.11|58.54|30.31|30.31|686.79|88.15|50.91|21.99|0.07|0.07|99.72|4402.18|4347.8|128.92|
|新易盛|300502.SZ|2026-03-30|4556.34|4058.58|160.56|60.6|31.37|31.37|710.89|91.24|52.69|22.76|0.07|0.07|103.22|4556.65|4502.27|133.5|
|新易盛|300502.SZ|2026-03-27|4447.3|3961.45|156.72|59.15|30.62|30.62|693.88|89.06|51.43|22.21|0.07|0.07|100.75|4447.61|4393.22|130.27|
|新易盛|300502.SZ|2026-03-26|4542.62|4046.37|160.07|60.42|31.28|31.28|708.75|90.97|52.54|22.69|0.07|0.07|102.91|4542.93|4488.55|133.1|
|新易盛|300502.SZ|2026-03-25|4733.47|4216.37|166.8|62.95|32.59|32.59|738.53|94.79|54.74|23.64|0.07|0.07|107.23|4733.78|4679.4|138.76|
|新易盛|300502.SZ|2026-03-24|4651.96|4143.76|163.93|61.87|32.03|32.03|725.81|93.16|53.8|23.24|0.07|0.07|105.38|4652.28|4597.89|136.34|
|新易盛|300502.SZ|2026-03-23|4576.82|4076.82|161.28|60.87|31.51|31.51|714.09|91.65|52.93|22.86|0.07|0.07|103.68|4577.13|4522.74|134.11|
|新易盛|300502.SZ|2026-03-20|4741.92|4223.89|167.1|63.07|32.65|32.65|739.85|94.96|54.84|23.68|0.07|0.07|107.42|4742.23|4687.85|139.01|
|新易盛|300502.SZ|2026-03-19|4377.62|3899.39|154.26|58.22|30.14|30.14|683.01|87.66|50.63|21.86|0.07|0.07|99.17|4377.93|4323.54|128.2|
|新易盛|300502.SZ|2026-03-18|4283.19|3815.27|150.93|56.97|29.49|29.49|668.28|85.77|49.53|21.39|0.07|0.07|97.03|4283.5|4229.11|125.4|
|新易盛|300502.SZ|2026-03-17|3869.98|3447.2|136.37|51.47|26.65|26.64|603.81|77.5|44.76|19.33|0.08|0.08|87.67|3870.29|3815.9|113.15|
|新易盛|300502.SZ|2026-03-16|4107.54|3658.82|144.74|54.63|28.28|28.28|640.87|82.25|47.5|20.52|0.08|0.08|93.05|4107.86|4053.47|120.2|
|新易盛|300502.SZ|2026-03-13|3916.69|3488.82|138.02|52.09|26.97|26.97|611.1|78.43|45.3|19.56|0.08|0.08|88.73|3917.01|3862.62|114.54|
|新易盛|300502.SZ|2026-03-12|3765.01|3353.7|132.67|50.07|25.92|25.92|587.43|75.39|43.54|18.81|0.08|0.08|85.29|3765.32|3710.94|110.04|
|新易盛|300502.SZ|2026-03-11|3908.74|3481.73|137.74|51.99|26.91|26.91|609.85|78.27|45.2|19.52|0.08|0.08|88.55|3909.06|3854.67|114.3|
|新易盛|300502.SZ|2026-03-10|3949.5|3518.04|139.17|52.53|27.19|27.19|616.21|79.09|45.68|19.73|0.08|0.08|89.47|3949.81|3895.42|115.51|
|新易盛|300502.SZ|2026-03-09|3817|3400.01|134.5|50.77|26.28|26.28|595.54|76.44|44.14|19.06|0.08|0.08|86.47|3817.31|3762.92|111.58|
|新易盛|300502.SZ|2026-03-06|3995.92|3559.38|140.81|53.15|27.51|27.51|623.46|80.02|46.21|19.96|0.08|0.08|90.52|3996.23|3941.84|116.89|
|新易盛|300502.SZ|2026-03-05|3988.36|3552.66|140.54|53.05|27.46|27.46|622.28|79.87|46.13|19.92|0.08|0.08|90.35|3988.68|3934.29|116.66|
|新易盛|300502.SZ|2026-03-04|3671.57|3270.47|129.38|48.83|25.28|25.28|572.85|73.52|42.46|18.34|0.09|0.09|83.17|3671.88|3617.5|107.27|
|新易盛|300502.SZ|2026-03-03|3799.1|3384.07|133.87|50.53|26.16|26.16|592.75|76.08|43.94|18.98|0.08|0.08|86.06|3799.42|3745.03|111.05|
|新易盛|300502.SZ|2026-03-02|3787.18|3373.45|133.45|50.37|26.08|26.07|590.89|75.84|43.8|18.92|0.08|0.08|85.79|3787.49|3733.1|110.7|
|新易盛|300502.SZ|2026-02-27|3577.04|3186.27|126.05|47.57|24.63|24.63|558.1|71.63|41.37|17.87|0.09|0.09|81.03|3577.35|3522.97|104.46|
|新易盛|300502.SZ|2026-02-26|3835.88|3416.83|135.17|51.02|26.41|26.41|598.49|76.81|44.36|19.16|0.08|0.08|86.9|3836.19|3781.81|112.14|
|新易盛|300502.SZ|2026-02-25|3797.12|3382.3|133.8|50.5|26.14|26.14|592.44|76.04|43.91|18.97|0.08|0.08|86.02|3797.43|3743.04|110.99|
|新易盛|300502.SZ|2026-02-24|3698.31|3294.29|130.32|49.19|25.46|25.46|577.02|74.06|42.77|18.47|0.09|0.09|83.78|3698.62|3644.24|108.06|
|新易盛|300502.SZ|2026-02-13|3639.17|3241.61|128.24|48.4|25.06|25.06|567.79|72.87|42.09|18.18|0.09|0.09|82.44|3639.48|3585.09|106.31|
|新易盛|300502.SZ|2026-02-12|3635.69|3238.51|128.12|48.35|25.03|25.03|567.25|72.8|42.05|18.16|0.09|0.09|82.36|3636|3581.61|106.2|
|新易盛|300502.SZ|2026-02-11|3694.34|3290.75|130.18|49.13|25.44|25.43|576.4|73.98|42.72|18.45|0.09|0.09|83.69|3694.65|3640.26|107.94|
|新易盛|300502.SZ|2026-02-10|3907.55|3480.67|137.7|51.97|26.9|26.9|609.67|78.25|45.19|19.52|0.08|0.08|88.52|3907.86|3853.48|114.27|
|新易盛|300502.SZ|2026-02-09|3878.13|3454.46|136.66|51.58|26.7|26.7|605.08|77.66|44.85|19.37|0.08|0.08|87.85|3878.44|3824.05|113.39|
|新易盛|300502.SZ|2026-02-06|3618.79|3223.46|127.52|48.13|24.92|24.91|564.62|72.47|41.85|18.07|0.09|0.09|81.98|3619.1|3564.72|105.7|
|新易盛|300502.SZ|2026-02-05|3807.06|3391.16|134.15|50.63|26.21|26.21|593.99|76.24|44.03|19.02|0.08|0.08|86.24|3807.37|3752.98|111.29|
|新易盛|300502.SZ|2026-02-04|3968.09|3534.59|139.83|52.78|27.32|27.32|619.11|79.46|45.89|19.82|0.08|0.08|89.89|3968.4|3914.01|116.06|
|新易盛|300502.SZ|2026-02-03|4265.29|3799.33|150.3|56.73|29.37|29.37|665.49|85.41|49.33|21.3|0.07|0.07|96.62|4265.61|4211.22|124.87|
|新易盛|300502.SZ|2026-02-02|4363.7|3886.99|153.77|58.04|30.04|30.04|680.84|87.38|50.47|21.8|0.07|0.07|98.85|4364.01|4309.63|127.79|
|新易盛|300502.SZ|2026-01-30|4169.77|3714.24|146.94|55.46|28.71|28.71|650.58|83.5|48.22|20.83|0.08|0.08|94.46|4170.08|4115.7|122.04|
|新易盛|300502.SZ|2026-01-29|3906.46|3479.7|137.66|51.96|26.9|26.9|609.5|78.23|45.18|19.51|0.08|0.08|88.49|3906.77|3852.38|114.23|
|新易盛|300502.SZ|2026-01-28|3906.95|3480.14|137.67|51.96|26.9|26.9|609.58|78.24|45.18|19.51|0.08|0.08|88.51|3907.27|3852.88|114.25|
|新易盛|300502.SZ|2026-01-27|3968.48|3534.95|139.84|52.78|27.32|27.32|619.18|79.47|45.9|19.82|0.08|0.08|89.9|3968.8|3914.41|116.07|
|新易盛|300502.SZ|2026-01-26|3863.02|3441|136.13|51.38|26.6|26.6|602.72|77.36|44.68|19.29|0.08|0.08|87.51|3863.33|3808.94|112.94|
|新易盛|300502.SZ|2026-01-23|3807.25|3391.33|134.16|50.64|26.21|26.21|594.02|76.24|44.03|19.02|0.08|0.08|86.25|3807.57|3753.18|111.29|
|新易盛|300502.SZ|2026-01-22|4072.46|3627.56|143.51|54.16|28.04|28.04|635.4|81.55|47.1|20.34|0.08|0.08|92.26|4072.77|4018.38|119.16|
|新易盛|300502.SZ|2026-01-21|3924.35|3495.63|138.29|52.19|27.02|27.02|612.29|78.58|45.38|19.6|0.08|0.08|88.9|3924.66|3870.27|114.76|
|新易盛|300502.SZ|2026-01-20|3802.68|3387.26|134|50.58|26.18|26.18|593.31|76.15|43.98|18.99|0.08|0.08|86.14|3802.99|3748.61|111.16|
|新易盛|300502.SZ|2026-01-19|4007.65|3569.83|141.22|53.3|27.59|27.59|625.29|80.25|46.35|20.02|0.08|0.08|90.79|4007.96|3953.57|117.23|
|新易盛|300502.SZ|2026-01-16|3948.11|3516.8|139.12|52.51|27.18|27.18|616|79.06|45.66|19.72|0.08|0.08|89.44|3948.42|3894.03|115.47|
|新易盛|300502.SZ|2026-01-15|3976.04|3541.68|140.11|52.88|27.38|27.37|620.35|79.62|45.98|19.86|0.08|0.08|90.07|3976.35|3921.96|116.3|
|新易盛|300502.SZ|2026-01-14|3816.7|3399.74|134.49|50.76|26.28|26.28|595.49|76.43|44.14|19.06|0.08|0.08|86.46|3817.01|3762.62|111.57|
|新易盛|300502.SZ|2026-01-13|3809.04|3392.93|134.22|50.66|26.23|26.22|594.3|76.28|44.05|19.03|0.08|0.08|86.29|3809.36|3754.97|111.34|
|新易盛|300502.SZ|2026-01-12|3890.06|3465.09|137.08|51.74|26.78|26.78|606.94|77.9|44.99|19.43|0.08|0.08|88.12|3890.37|3835.98|113.75|
|新易盛|300502.SZ|2026-01-09|3958.34|3525.92|139.49|52.65|27.25|27.25|617.59|79.27|45.78|19.77|0.08|0.08|89.67|3958.66|3904.27|115.77|
|新易盛|300502.SZ|2026-01-08|4078.82|3633.23|143.73|54.25|28.08|28.08|636.39|81.68|47.17|20.37|0.08|0.08|92.4|4079.13|4024.74|119.34|
|新易盛|300502.SZ|2026-01-07|4177.82|3721.42|147.22|55.56|28.76|28.76|651.84|83.66|48.32|20.87|0.08|0.08|94.64|4178.13|4123.75|122.28|
|新易盛|300502.SZ|2026-01-06|4150.49|3697.07|146.26|55.2|28.58|28.58|647.57|83.11|48|20.73|0.08|0.08|94.02|4150.8|4096.41|121.47|
|新易盛|300502.SZ|2026-01-05|4240.74|3777.46|149.44|56.4|29.2|29.2|661.65|84.92|49.04|21.18|0.08|0.08|96.07|4241.05|4186.67|124.15|
|新易盛|300502.SZ|2025-12-31|4282.99|3815.09|150.93|56.96|29.49|29.49|668.25|85.77|49.53|21.39|0.03|0.07|97.02|4283.3|4228.91|125.4|
|新易盛|300502.SZ|2025-12-30|4433.28|3948.97|156.22|58.96|30.52|30.52|691.7|88.78|51.27|22.14|0.02|0.07|100.43|4433.59|4379.21|129.85|
|新易盛|300502.SZ|2025-12-29|4418.37|3935.69|155.7|58.76|30.42|30.42|689.37|88.48|51.1|22.07|0.02|0.07|100.09|4418.68|4364.3|129.41|
|新易盛|300502.SZ|2025-12-26|4426.32|3942.77|155.98|58.87|30.48|30.47|690.61|88.64|51.19|22.11|0.02|0.07|100.27|4426.64|4372.25|129.65|
|新易盛|300502.SZ|2025-12-25|4452.9|3966.42|156.91|59.22|30.66|30.66|694.76|89.17|51.5|22.24|0.02|0.07|100.87|4453.21|4398.82|130.44|
|新易盛|300502.SZ|2025-12-24|4507.76|4015.3|158.85|59.95|31.04|31.04|703.32|90.27|52.13|22.52|0.02|0.07|102.12|4508.08|4453.69|132.06|
|新易盛|300502.SZ|2025-12-23|4552.39|4055.05|160.42|60.55|31.34|31.34|710.28|91.16|52.65|22.74|0.02|0.07|103.13|4552.71|4498.32|133.39|
|新易盛|300502.SZ|2025-12-22|4601.99|4099.23|162.17|61.21|31.69|31.69|718.02|92.15|53.22|22.99|0.02|0.07|104.25|4602.3|4547.92|134.86|
|新易盛|300502.SZ|2025-12-19|4316.82|3845.26|152.12|57.41|29.72|29.72|673.52|86.44|49.92|21.56|0.03|0.07|97.79|4317.13|4262.75|126.4|
|新易盛|300502.SZ|2025-12-18|4229.35|3767.34|149.04|56.25|29.12|29.12|659.88|84.69|48.91|21.12|0.03|0.08|95.81|4229.66|4175.28|123.81|
|新易盛|300502.SZ|2025-12-17|4434.11|3949.73|156.25|58.97|30.53|30.53|691.82|88.79|51.28|22.15|0.02|0.07|100.45|4434.42|4380.04|129.88|
|新易盛|300502.SZ|2025-12-16|4047.46|3605.32|142.63|53.83|27.87|27.87|631.5|81.05|46.81|20.22|0.03|0.08|91.69|4047.77|3993.38|118.41|
|新易盛|300502.SZ|2025-12-15|4242.37|3778.94|149.49|56.42|29.21|29.21|661.91|84.95|49.06|21.19|0.03|0.08|96.1|4242.69|4188.3|124.19|
|新易盛|300502.SZ|2025-12-12|4254.2|3789.48|149.91|56.58|29.29|29.29|663.75|85.19|49.2|21.25|0.03|0.07|96.37|4254.51|4200.13|124.54|
|新易盛|300502.SZ|2025-12-11|4139.99|3687.75|145.89|55.06|28.5|28.5|645.94|82.9|47.88|20.68|0.03|0.08|93.79|4140.31|4085.92|121.16|
|新易盛|300502.SZ|2025-12-10|4296.54|3827.2|151.4|57.14|29.58|29.58|670.36|86.04|49.69|21.46|0.03|0.07|97.33|4296.86|4242.47|125.8|
|新易盛|300502.SZ|2025-12-09|4166.04|3710.94|146.8|55.41|28.68|28.68|650|83.42|48.18|20.81|0.03|0.08|94.38|4166.35|4111.96|121.93|
|新易盛|300502.SZ|2025-12-08|4020.82|3581.59|141.69|53.48|27.68|27.68|627.34|80.52|46.5|20.08|0.03|0.08|91.09|4021.13|3966.74|117.62|
|新易盛|300502.SZ|2025-12-05|3752.35|3342.44|132.23|49.91|25.84|25.84|585.45|75.14|43.4|18.74|0.03|0.09|85|3752.66|3698.27|109.66|
|新易盛|300502.SZ|2025-12-04|3719.94|3313.58|131.08|49.48|25.61|25.61|580.4|74.49|43.02|18.58|0.03|0.09|84.27|3720.25|3665.87|108.7|
|新易盛|300502.SZ|2025-12-03|3708.81|3303.66|130.69|49.33|25.54|25.54|578.66|74.27|42.89|18.52|0.03|0.09|84.02|3709.12|3654.74|108.37|
|新易盛|300502.SZ|2025-12-02|3628|3231.68|127.84|48.25|24.98|24.98|566.05|72.65|41.96|18.12|0.03|0.09|82.19|3628.31|3573.93|105.98|
|新易盛|300502.SZ|2025-12-01|3534.67|3148.54|124.56|47.01|24.34|24.34|551.49|70.78|40.88|17.65|0.03|0.09|80.07|3534.98|3480.59|103.21|
|新易盛|300502.SZ|2025-11-28|3457.04|3079.39|121.82|45.98|23.8|23.8|539.38|69.23|39.98|17.27|0.03|0.09|78.31|3457.35|3402.96|100.91|
|新易盛|300502.SZ|2025-11-27|3387.46|3017.42|119.37|45.05|23.32|23.32|528.52|67.83|39.18|16.92|0.03|0.09|76.74|3387.77|3333.38|98.84|
|新易盛|300502.SZ|2025-11-26|3291.24|2931.71|115.98|43.77|22.66|22.66|513.51|65.91|38.06|16.44|0.03|0.1|74.56|3291.55|3237.17|95.99|
|新易盛|300502.SZ|2025-11-25|3028.83|2697.97|106.73|40.28|20.85|20.85|472.57|60.65|35.03|15.13|0.04|0.11|68.61|3029.14|2974.76|88.21|
|新易盛|300502.SZ|2025-11-24|2912.34|2594.2|102.63|38.73|20.05|20.05|454.39|58.32|33.68|14.55|0.04|0.11|65.97|2912.65|2858.27|84.75|
|新易盛|300502.SZ|2025-11-21|2981.92|2656.18|105.08|39.66|20.53|20.53|465.25|59.71|34.49|14.89|0.04|0.11|67.55|2982.23|2927.84|86.82|
|新易盛|300502.SZ|2025-11-20|3257.64|2901.78|114.79|43.33|22.43|22.43|508.27|65.23|37.67|16.27|0.03|0.1|73.8|3257.96|3203.57|94.99|
|新易盛|300502.SZ|2025-11-19|3204.57|2854.5|112.92|42.62|22.06|22.06|499.99|64.17|37.06|16.01|0.03|0.1|72.59|3204.88|3150.49|93.42|
|新易盛|300502.SZ|2025-11-18|3149.5|2805.45|110.98|41.89|21.68|21.68|491.4|63.07|36.42|15.73|0.03|0.1|71.35|3149.81|3095.43|91.79|
|新易盛|300502.SZ|2025-11-17|3098.21|2759.77|109.18|41.21|21.33|21.33|483.39|62.04|35.83|15.47|0.04|0.1|70.19|3098.52|3044.14|90.27|
|新易盛|300502.SZ|2025-11-14|3087.08|2749.85|108.78|41.06|21.25|21.25|481.66|61.82|35.7|15.42|0.04|0.1|69.93|3087.39|3033.01|89.94|
|新易盛|300502.SZ|2025-11-13|3238.86|2885.05|114.13|43.08|22.3|22.3|505.34|64.86|37.46|16.18|0.03|0.1|73.37|3239.17|3184.78|94.44|
|新易盛|300502.SZ|2025-11-12|3271.16|2913.83|115.27|43.51|22.52|22.52|510.38|65.5|37.83|16.34|0.03|0.1|74.1|3271.48|3217.09|95.39|
|新易盛|300502.SZ|2025-11-11|3240.35|2886.38|114.18|43.1|22.31|22.31|505.57|64.89|37.47|16.18|0.03|0.1|73.41|3240.66|3186.28|94.48|
|新易盛|300502.SZ|2025-11-10|3339.75|2974.92|117.69|44.42|22.99|22.99|521.08|66.88|38.62|16.68|0.03|0.1|75.66|3340.06|3285.67|97.43|
|新易盛|300502.SZ|2025-11-07|3476.82|3097.01|122.52|46.24|23.94|23.94|542.46|69.62|40.21|17.37|0.03|0.09|78.76|3477.13|3422.74|101.49|
|新易盛|300502.SZ|2025-11-06|3545.6|3158.28|124.94|47.16|24.41|24.41|553.2|71|41|17.71|0.03|0.09|80.32|3545.91|3491.52|103.53|
|新易盛|300502.SZ|2025-11-05|3440.14|3064.34|121.22|45.75|23.69|23.69|536.74|68.89|39.78|17.18|0.03|0.09|77.93|3440.45|3386.06|100.41|
|新易盛|300502.SZ|2025-11-04|3459.42|3081.52|121.9|46.01|23.82|23.82|539.75|69.27|40.01|17.28|0.03|0.09|78.37|3459.73|3405.35|100.98|
|新易盛|300502.SZ|2025-11-03|3446.7|3070.19|121.46|45.84|23.73|23.73|537.77|69.02|39.86|17.22|0.03|0.09|78.08|3447.01|3392.62|100.6|
|新易盛|300502.SZ|2025-10-31|3422.35|3048.49|120.6|45.52|23.56|23.56|533.97|68.53|39.58|17.09|0.03|0.09|77.53|3422.66|3368.27|99.88|
|新易盛|300502.SZ|2025-10-30|3717.46|3311.37|131|49.44|25.6|25.6|580.01|74.44|42.99|18.57|0.03|0.09|84.21|3717.77|3663.38|108.63|
|新易盛|300502.SZ|2025-10-29|4036.52|3595.58|142.24|68.24|33.38|33.36|629.79|214.21|46.68|24.68|0.03|0.08|122.41|4036.84|4016.42|119.1|
|新易盛|300502.SZ|2025-10-28|4081.45|3635.6|143.82|69|33.75|33.74|636.8|216.6|47.2|24.95|0.03|0.08|123.77|4081.76|4061.35|120.43|
|新易盛|300502.SZ|2025-10-27|4015.15|3576.54|141.49|67.88|33.2|33.19|626.46|213.08|46.43|24.55|0.03|0.08|121.76|4015.47|3995.05|118.46|
|新易盛|300502.SZ|2025-10-24|3707.22|3302.25|130.64|62.68|30.65|30.64|578.41|196.74|42.87|22.67|0.03|0.09|112.42|3707.53|3687.12|109.33|
|新易盛|300502.SZ|2025-10-23|3456.64|3079.04|121.81|58.44|28.58|28.57|539.32|183.44|39.98|21.13|0.03|0.09|104.82|3456.95|3436.54|101.9|
|新易盛|300502.SZ|2025-10-22|3606.43|3212.47|127.08|60.97|29.82|29.81|562.69|191.39|41.71|22.05|0.03|0.09|109.37|3606.74|3586.33|106.34|
|新易盛|300502.SZ|2025-10-21|3632.17|3235.4|127.99|61.41|30.03|30.02|566.7|192.75|42.01|22.21|0.03|0.09|110.15|3632.49|3612.08|107.11|
|新易盛|300502.SZ|2025-10-20|3272.55|2915.06|115.32|55.33|27.06|27.05|510.59|173.67|37.85|20.01|0.03|0.1|99.24|3272.87|3252.46|96.44|
|新易盛|300502.SZ|2025-10-17|3144.03|2800.58|110.79|53.15|26|25.99|490.54|166.85|36.36|19.22|0.03|0.1|95.34|3144.35|3123.94|92.63|
|新易盛|300502.SZ|2025-10-16|3228.02|2875.4|113.75|54.57|26.69|26.68|503.65|171.31|37.33|19.74|0.03|0.1|97.89|3228.34|3207.93|95.12|
|新易盛|300502.SZ|2025-10-15|3206.46|2856.19|112.99|54.21|26.51|26.5|500.28|170.16|37.08|19.6|0.03|0.1|97.24|3206.77|3186.36|94.48|
|新易盛|300502.SZ|2025-10-14|3145.92|2802.27|110.86|53.19|26.01|26|490.84|166.95|36.38|19.23|0.03|0.1|95.4|3146.24|3125.82|92.69|
|新易盛|300502.SZ|2025-10-13|3464.99|3086.48|122.1|58.58|28.65|28.64|540.62|183.88|40.07|21.18|0.03|0.09|105.08|3465.3|3444.89|102.15|
|新易盛|300502.SZ|2025-10-10|3441.13|3065.23|121.26|58.18|28.45|28.44|536.9|182.62|39.8|21.04|0.03|0.09|104.35|3441.45|3421.03|101.44|
|新易盛|300502.SZ|2025-10-09|3490.33|3109.05|122.99|59.01|28.86|28.85|544.57|185.23|40.37|21.34|0.03|0.09|105.85|3490.65|3470.24|102.9|
|新易盛|300502.SZ|2025-09-30|3635.65|3238.5|128.11|61.47|30.06|30.05|567.25|192.94|42.05|22.23|0.03|0.09|110.25|3635.97|3615.55|107.21|
|新易盛|300502.SZ|2025-09-29|3859.4|3437.8|136|65.25|31.91|31.9|602.16|204.81|44.63|23.6|0.03|0.08|117.04|3859.71|3839.3|113.84|
|新易盛|300502.SZ|2025-09-26|3717.46|3311.37|131|62.85|30.74|30.73|580.01|197.28|42.99|22.73|0.03|0.09|112.73|3717.77|3697.36|109.64|
|新易盛|300502.SZ|2025-09-25|3737.34|3329.07|131.7|63.18|30.9|30.89|583.11|198.33|43.22|22.85|0.03|0.09|113.34|3737.65|3717.24|110.23|
|新易盛|300502.SZ|2025-09-24|3525.02|3139.95|124.22|59.59|29.15|29.14|549.99|187.07|40.77|21.55|0.03|0.09|106.9|3525.34|3504.93|103.93|
|新易盛|300502.SZ|2025-09-23|3508.72|3125.43|123.64|59.32|29.01|29|547.44|186.2|40.58|21.45|0.03|0.09|106.4|3509.04|3488.62|103.45|
|新易盛|300502.SZ|2025-09-22|3409.33|3036.89|120.14|57.64|28.19|28.18|531.93|180.93|39.43|20.84|0.03|0.09|103.39|3409.64|3389.23|100.5|
|新易盛|300502.SZ|2025-09-19|3478.9|3098.87|122.59|58.82|28.77|28.76|542.79|184.62|40.23|21.27|0.03|0.09|105.5|3479.22|3458.81|102.56|
|新易盛|300502.SZ|2025-09-18|3434.27|3059.12|121.02|58.06|28.4|28.39|535.83|182.25|39.72|21|0.03|0.09|104.14|3434.59|3414.18|101.24|
|新易盛|300502.SZ|2025-09-17|3455.64|3078.15|121.77|58.42|28.57|28.56|539.16|183.39|39.96|21.13|0.03|0.09|104.79|3455.96|3435.55|101.87|
|新易盛|300502.SZ|2025-09-16|3436.66|3061.24|121.1|58.1|28.42|28.41|536.2|182.38|39.74|21.01|0.03|0.09|104.22|3436.97|3416.56|101.31|
|新易盛|300502.SZ|2025-09-15|3481.89|3101.53|122.7|58.87|28.79|28.78|543.25|184.78|40.27|21.29|0.03|0.09|105.59|3482.2|3461.79|102.65|
|新易盛|300502.SZ|2025-09-12|3558.22|3169.53|125.39|60.16|29.42|29.41|555.17|188.83|41.15|21.75|0.03|0.09|107.9|3558.54|3538.12|104.91|
|新易盛|300502.SZ|2025-09-11|3775.12|3362.63|133.03|63.82|31.21|31.21|589.01|200.34|43.66|23.08|0.03|0.08|114.48|3775.44|3755.02|111.35|
|新易盛|300502.SZ|2025-09-10|3328.45|2964.76|117.29|56.27|27.52|27.52|519.32|176.64|38.49|20.35|0.03|0.1|100.94|3328.76|3308.35|98.1|
|新易盛|300502.SZ|2025-09-09|3133.38|2791.01|110.42|52.97|25.91|25.91|488.88|166.28|36.24|19.16|0.04|0.1|95.02|3133.7|3113.28|92.32|
|新易盛|300502.SZ|2025-09-08|3125.23|2783.8|110.13|52.84|25.84|25.84|487.61|165.85|36.14|19.11|0.04|0.1|94.77|3125.55|3105.14|92.08|
|新易盛|300502.SZ|2025-09-05|3470.55|3091.39|122.3|58.67|28.7|28.7|541.49|184.18|40.14|21.22|0.03|0.09|105.25|3470.86|3450.45|102.31|
|新易盛|300502.SZ|2025-09-04|3101.38|2762.56|109.29|52.43|25.64|25.64|483.89|164.59|35.87|18.96|0.04|0.1|94.05|3101.7|3081.29|91.37|
|新易盛|300502.SZ|2025-09-03|3673.86|3272.49|129.46|62.11|30.38|30.38|573.21|194.97|42.49|22.46|0.03|0.09|111.41|3674.18|3653.77|108.34|
|新易盛|300502.SZ|2025-09-02|3559.49|3170.61|125.43|60.18|29.43|29.43|555.36|188.9|41.17|21.76|0.03|0.09|107.94|3559.8|3539.39|104.95|
|新易盛|300502.SZ|2025-09-01|3860.58|3438.81|136.04|65.27|31.92|31.92|602.34|204.87|44.65|23.6|0.03|0.08|117.07|3860.9|3840.48|113.88|
|新易盛|300502.SZ|2025-08-29|3539.61|3152.91|124.73|59.84|29.27|29.27|552.26|187.84|40.94|21.64|0.03|0.09|107.34|3539.93|3519.51|104.36|
|新易盛|300502.SZ|2025-08-28|3527.19|3141.85|124.29|59.63|29.16|29.16|550.32|187.18|40.79|21.56|0.03|0.09|106.96|3527.51|3507.09|103.99|
|新易盛|300502.SZ|2025-08-27|3063.92|2729.19|107.97|51.8|25.33|25.33|478.04|162.6|35.43|18.73|0.04|0.1|92.91|3064.24|3043.82|90.26|
|新易盛|300502.SZ|2025-08-26|2802.67|2496.48|98.76|47.38|23.17|23.17|437.28|148.73|32.41|17.14|0.04|0.11|84.99|2802.99|2782.58|82.51|
|新易盛|300502.SZ|2025-08-25|2942.59|2621.11|103.69|72.02|29.64|30.49|459.11|436.12|34.03|25.4|0.04|0.11|115.34|2942.9|2925.37|86.74|
|新易盛|300502.SZ|2025-08-22|2720.89|2423.63|95.88|66.59|27.41|28.2|424.52|403.26|31.47|23.48|0.04|0.12|106.65|2721.21|2703.68|80.17|
|新易盛|300502.SZ|2025-08-21|2562.39|2282.45|90.29|62.71|25.81|26.55|399.79|379.77|29.63|22.12|0.04|0.12|100.44|2562.71|2545.18|75.47|
|新易盛|300502.SZ|2025-08-20|2535.36|2258.38|89.34|62.05|25.54|26.27|395.58|375.77|29.32|21.88|0.04|0.13|99.38|2535.68|2518.15|74.67|
|新易盛|300502.SZ|2025-08-19|2551.76|2272.98|89.92|62.45|25.7|26.44|398.13|378.2|29.51|22.02|0.04|0.12|100.02|2552.08|2534.55|75.16|
|新易盛|300502.SZ|2025-08-18|2427.55|2162.34|85.54|59.41|24.45|25.16|378.75|359.79|28.07|20.95|0.05|0.13|95.15|2427.86|2410.33|71.47|
|新易盛|300502.SZ|2025-08-15|2317.34|2064.17|81.66|56.72|23.34|24.02|361.56|343.45|26.8|20|0.05|0.14|90.83|2317.66|2300.13|68.2|
|新易盛|300502.SZ|2025-08-14|2296.08|2045.23|80.91|56.2|23.13|23.79|358.24|340.3|26.55|19.82|0.05|0.14|90|2296.39|2278.86|67.57|
|新易盛|300502.SZ|2025-08-13|2350.73|2093.91|82.84|57.53|23.68|24.36|366.77|348.4|27.19|20.29|0.05|0.14|92.14|2351.05|2333.52|69.19|
|新易盛|300502.SZ|2025-08-12|2036.12|1813.68|71.75|49.83|20.51|21.1|317.68|301.77|23.55|17.57|0.05|0.16|79.81|2036.44|2018.91|59.87|
|新易盛|300502.SZ|2025-08-11|1916.78|1707.37|67.54|46.91|19.31|19.86|299.06|284.08|22.17|16.54|0.06|0.17|75.13|1917.09|1899.56|56.33|
|新易盛|300502.SZ|2025-08-08|1811.34|1613.45|63.83|44.33|18.24|18.77|282.61|268.46|20.95|15.63|0.06|0.18|71|1811.66|1794.13|53.2|
|新易盛|300502.SZ|2025-08-07|1824.66|1625.32|64.3|44.66|18.38|18.91|284.69|270.43|21.1|15.75|0.06|0.17|71.52|1824.98|1807.44|53.6|
|新易盛|300502.SZ|2025-08-06|1852.28|1649.92|65.27|45.33|18.66|19.2|289|274.53|21.42|15.99|0.06|0.17|72.6|1852.6|1835.07|54.41|
|新易盛|300502.SZ|2025-08-05|1813.03|1614.96|63.89|44.37|18.26|18.79|282.88|268.71|20.97|15.65|0.06|0.18|71.07|1813.35|1795.82|53.25|
|新易盛|300502.SZ|2025-08-04|1833.4|1633.1|64.61|44.87|18.47|19|286.05|271.73|21.2|15.82|0.06|0.17|71.86|1833.72|1816.19|53.85|
|新易盛|300502.SZ|2025-08-01|1819.69|1620.89|64.12|44.54|18.33|18.86|283.91|269.7|21.04|15.71|0.06|0.18|71.33|1820.01|1802.48|53.45|
|新易盛|300502.SZ|2025-07-31|1880.21|1674.8|66.26|46.02|18.94|19.48|293.36|278.66|21.74|16.23|0.06|0.17|73.7|1880.52|1862.99|55.24|
|新易盛|300502.SZ|2025-07-30|1891.54|1684.89|66.65|46.3|19.05|19.6|295.12|280.34|21.88|16.33|0.06|0.17|74.14|1891.85|1874.32|55.58|
|新易盛|300502.SZ|2025-07-29|1921.75|1711.79|67.72|47.03|19.36|19.92|299.84|284.82|22.22|16.59|0.06|0.17|75.33|1922.06|1904.53|56.47|
|新易盛|300502.SZ|2025-07-28|1766.83|1573.8|62.26|43.24|17.8|18.31|275.67|261.86|20.43|15.25|0.06|0.18|69.25|1767.14|1749.61|51.88|
|新易盛|300502.SZ|2025-07-25|1718.83|1531.05|60.57|42.07|17.31|17.81|268.18|254.75|19.88|14.84|0.06|0.19|67.37|1719.14|1701.61|50.46|
|新易盛|300502.SZ|2025-07-24|1717.14|1529.54|60.51|42.03|17.3|17.8|267.91|254.5|19.86|14.82|0.06|0.19|67.31|1717.46|1699.92|50.41|
|新易盛|300502.SZ|2025-07-23|1731.05|1541.93|61|42.37|17.44|17.94|270.08|256.56|20.02|14.94|0.06|0.18|67.85|1731.37|1713.84|50.82|
|新易盛|300502.SZ|2025-07-22|1755.99|1564.15|61.88|42.98|17.69|18.2|273.98|260.25|20.31|15.16|0.06|0.18|68.83|1756.31|1738.78|51.56|
|新易盛|300502.SZ|2025-07-21|1771.4|1577.87|62.42|43.35|17.84|18.36|276.38|262.54|20.49|15.29|0.06|0.18|69.43|1771.71|1754.18|52.02|
|新易盛|300502.SZ|2025-07-18|1811.74|1613.81|63.84|44.34|18.25|18.78|282.67|268.52|20.95|15.64|0.06|0.18|71.02|1812.06|1794.53|53.21|
|新易盛|300502.SZ|2025-07-17|1823.47|1624.25|64.26|44.63|18.37|18.9|284.5|270.26|21.09|15.74|0.06|0.17|71.48|1823.78|1806.25|53.56|
|新易盛|300502.SZ|2025-07-16|1687.33|1502.99|59.46|41.3|17|17.49|263.26|250.08|19.51|14.56|0.07|0.19|66.14|1687.64|1670.11|49.52|
|新易盛|300502.SZ|2025-07-15|1560.93|1390.4|55|38.2|15.72|16.18|243.54|231.34|18.05|13.47|0.07|0.2|61.18|1561.24|1543.71|45.77|
|新易盛|300502.SZ|2025-07-14|1300.77|1158.66|45.84|31.84|13.1|13.48|202.95|192.79|15.04|11.23|0.08|0.25|50.99|1301.09|1283.56|38.06|
|新易盛|300502.SZ|2025-07-11|1303.36|1160.96|45.93|31.9|13.13|13.51|203.35|193.17|15.07|11.25|0.08|0.24|51.09|1303.67|1286.14|38.14|
|新易盛|300502.SZ|2025-07-10|1322.14|1177.69|46.59|32.36|13.32|13.7|206.28|195.95|15.29|11.41|0.08|0.24|51.82|1322.45|1304.92|38.69|
|新易盛|300502.SZ|2025-07-09|1346.98|1199.82|47.47|32.97|13.57|13.96|210.16|199.64|15.58|11.63|0.08|0.24|52.8|1347.3|1329.77|39.43|
|新易盛|300502.SZ|2025-07-08|1341.32|1194.78|47.27|32.83|13.51|13.9|209.28|198.8|15.51|11.58|0.08|0.24|52.58|1341.63|1324.1|39.26|
|新易盛|300502.SZ|2025-07-07|1256.95|1119.63|44.29|30.76|12.66|13.03|196.11|186.29|14.54|10.85|0.09|0.25|49.27|1257.27|1239.73|36.76|
|新易盛|300502.SZ|2025-07-04|1275.43|1136.09|44.94|31.22|12.85|13.22|199|189.03|14.75|11.01|0.09|0.25|49.99|1275.75|1258.22|37.31|
|新易盛|300502.SZ|2025-07-03|1286.65|1145.89|45.34|31.49|12.96|13.36|200.75|190.69|14.88|11.11|0.09|0.25|50.43|1286.97|1269.44|37.64|
|新易盛|300502.SZ|2025-07-02|1240.21|1104.53|43.7|30.35|12.49|12.88|193.5|183.81|14.34|10.7|0.09|0.26|48.61|1240.53|1223|36.27|
|新易盛|300502.SZ|2025-07-01|1262.24|1124.15|44.48|30.89|12.71|13.11|196.94|187.08|14.6|10.89|0.09|0.25|49.48|1262.56|1245.03|36.92|
|新易盛|300502.SZ|2025-06-30|1260.46|1122.57|44.42|30.85|12.7|13.09|196.66|186.81|14.58|10.88|0.09|0.25|49.41|1260.77|1243.24|36.87|
|新易盛|300502.SZ|2025-06-27|1222.35|1088.63|43.07|29.92|12.31|12.7|190.72|181.16|14.14|10.55|0.09|0.26|47.91|1222.67|1205.14|35.74|
|新易盛|300502.SZ|2025-06-26|1159.04|1032.25|40.84|28.37|11.67|12.04|180.84|171.78|13.4|10|0.09|0.28|45.43|1159.36|1141.83|33.86|
|新易盛|300502.SZ|2025-06-25|1095.53|975.68|38.6|26.81|11.03|11.38|170.93|162.37|12.67|9.46|0.1|0.29|42.94|1095.85|1078.32|31.97|
|新易盛|300502.SZ|2025-06-24|1058.91|943.07|37.31|25.92|10.67|11|165.22|156.94|12.25|9.14|0.1|0.3|41.51|1059.23|1041.7|30.89|
|新易盛|300502.SZ|2025-06-23|1064.57|948.11|37.51|26.06|10.72|11.06|166.1|157.78|12.31|9.19|0.1|0.3|41.73|1064.89|1047.36|31.06|
|新易盛|300502.SZ|2025-06-20|1091.66|972.24|38.47|26.72|11|11.34|170.32|161.79|12.62|9.42|0.1|0.29|42.79|1091.98|1074.45|31.86|
|新易盛|300502.SZ|2025-06-19|1121.33|998.66|39.51|27.44|11.29|11.65|174.95|166.19|12.97|9.68|0.1|0.28|43.95|1121.65|1104.12|32.74|
|新易盛|300502.SZ|2025-06-18|1113.59|991.77|39.24|27.26|11.22|11.57|173.75|165.04|12.88|9.61|0.1|0.29|43.65|1113.91|1096.38|32.51|
|新易盛|300502.SZ|2025-06-17|1062.98|946.7|37.46|26.02|10.71|11.04|165.85|157.54|12.29|9.17|0.1|0.3|41.67|1063.3|1045.77|31.01|
|新易盛|300502.SZ|2025-06-16|1058.82|942.98|37.31|25.91|10.66|11|165.2|156.93|12.25|9.14|0.1|0.3|41.5|1059.13|1041.6|30.89|
|新易盛|300502.SZ|2025-06-13|992.83|884.21|34.99|24.3|10|10.31|154.9|147.15|11.48|8.57|0.11|0.32|38.92|993.14|975.61|28.93|
|新易盛|300502.SZ|2025-06-12|1000.37|889.41|35.25|24.48|10.08|10.41|156.08|148.26|11.57|8.63|0.11|0.32|39.21|1000.68|983.15|29.15|
|新易盛|300502.SZ|2025-06-11|976.06|867.8|34.39|23.89|9.83|10.16|152.29|144.66|11.29|8.42|0.11|0.33|38.26|976.37|958.84|28.43|
|新易盛|300502.SZ|2025-06-10|988.36|878.74|34.83|24.19|9.96|10.29|154.21|146.48|11.43|8.53|0.11|0.32|38.74|988.68|971.14|28.8|
|新易盛|300502.SZ|2025-06-09|1000.96|889.94|35.27|24.5|10.08|10.42|156.17|148.35|11.58|8.64|0.11|0.32|39.24|1001.28|983.75|29.17|
|新易盛|300502.SZ|2025-06-06|989.65|879.89|34.87|24.22|9.97|10.3|154.41|146.68|11.45|8.54|0.11|0.32|38.79|989.97|972.43|28.84|
|新易盛|300502.SZ|2025-06-05|961.57|854.92|33.88|23.53|9.69|10.01|150.03|142.51|11.12|8.3|0.11|0.33|37.69|961.88|944.35|28|
|新易盛|300502.SZ|2025-06-04|918.4|816.54|32.36|22.48|9.25|9.56|143.29|136.12|10.62|7.93|0.12|0.35|36|918.72|901.19|26.72|
|新易盛|300502.SZ|2025-06-03|856.98|761.93|30.2|20.97|8.63|8.92|133.71|127.01|9.91|7.4|0.13|0.37|33.59|857.29|839.76|24.9|
|新易盛|300502.SZ|2025-05-30|875.93|778.78|30.87|21.44|8.82|9.12|136.67|129.82|10.13|7.56|0.13|0.36|34.33|876.24|858.71|25.46|
|新易盛|300502.SZ|2025-05-29|864.91|768.98|30.48|21.17|8.71|9|134.95|128.19|10|7.46|0.13|0.37|33.9|865.23|847.7|25.14|
|新易盛|300502.SZ|2025-05-28|839.71|746.57|29.59|20.55|8.46|8.74|131.01|124.45|9.71|7.25|0.13|0.38|32.91|840.02|822.49|24.39|
|新易盛|300502.SZ|2025-05-27|794.78|706.63|28.01|19.45|8.01|8.01|124|117.79|9.19|6.86|0.14|0.14|31.15|795.1|777.57|23.06|
|新易盛|300502.SZ|2025-05-26|820.51|729.51|28.91|20.08|8.26|8.26|128.02|121.61|9.49|7.08|0.13|0.13|32.16|820.83|803.3|23.82|
|新易盛|300502.SZ|2025-05-23|821.72|730.58|28.96|20.11|8.28|8.28|128.21|121.79|9.5|7.09|0.13|0.13|32.21|822.04|804.5|23.86|
|新易盛|300502.SZ|2025-05-22|834.41|741.86|29.4|20.42|8.4|8.4|130.19|123.67|9.65|7.2|0.13|0.13|32.71|834.72|817.19|24.23|
|新易盛|300502.SZ|2025-05-21|827.6|735.81|29.16|20.26|8.34|8.34|129.13|122.66|9.57|7.14|0.13|0.13|32.44|827.92|810.39|24.03|
|新易盛|300502.SZ|2025-05-20|825.97|734.36|29.11|20.22|8.32|8.32|128.87|122.42|9.55|7.13|0.13|0.13|32.38|826.29|808.76|23.98|
|新易盛|300502.SZ|2025-05-19|822.07|730.9|28.97|20.12|8.28|8.28|128.26|121.84|9.51|7.1|0.13|0.13|32.22|822.39|804.86|23.87|
|新易盛|300502.SZ|2025-05-16|840.64|747.41|29.62|20.57|8.47|8.47|131.16|124.59|9.72|7.26|0.13|0.13|32.95|840.96|823.43|24.42|
|新易盛|300502.SZ|2025-05-15|821.44|730.33|28.95|20.1|8.27|8.27|128.16|121.74|9.5|7.09|0.13|0.13|32.2|821.75|804.22|23.85|
|新易盛|300502.SZ|2025-05-14|842.42|748.99|29.69|20.62|8.48|8.48|131.44|124.85|9.74|7.27|0.13|0.13|33.02|842.73|825.2|24.47|
|新易盛|300502.SZ|2025-05-13|821.37|730.27|28.94|20.1|8.27|8.27|128.15|121.73|9.5|7.09|0.13|0.13|32.2|821.68|804.15|23.85|
|新易盛|300502.SZ|2025-05-12|799.82|711.11|28.18|19.58|8.06|8.06|124.79|118.54|9.25|6.9|0.14|0.14|31.35|800.13|782.6|23.21|
|新易盛|300502.SZ|2025-05-09|774.09|688.24|27.28|18.95|7.8|7.8|120.78|114.73|8.95|6.68|0.14|0.14|30.34|774.4|756.87|22.44|
|新易盛|300502.SZ|2025-05-08|765.16|680.3|26.96|18.73|7.71|7.71|119.38|113.4|8.85|6.6|0.14|0.14|29.99|765.47|747.94|22.18|
|新易盛|300502.SZ|2025-05-07|667.7|593.64|23.53|16.34|6.73|6.73|104.18|98.96|7.72|5.76|0.16|0.16|26.17|668.01|650.48|19.29|
|新易盛|300502.SZ|2025-05-06|663.66|590.05|23.39|16.24|6.68|6.68|103.55|98.36|7.68|5.73|0.17|0.17|26.01|663.97|646.44|19.17|
|新易盛|300502.SZ|2025-04-30|636.44|565.85|22.43|15.58|6.41|6.41|99.3|94.33|7.36|5.49|0.17|0.17|24.95|636.75|619.22|18.36|
|新易盛|300502.SZ|2025-04-29|640.41|569.38|22.57|15.67|6.45|6.45|99.92|94.91|7.41|5.53|0.17|0.17|25.1|640.72|623.19|18.48|
|新易盛|300502.SZ|2025-04-28|646.5|574.8|22.78|15.82|6.51|6.51|100.87|95.82|7.48|5.58|0.17|0.17|25.34|646.82|629.29|18.66|
|新易盛|300502.SZ|2025-04-25|674.5|599.69|23.77|16.51|6.79|6.79|105.24|99.97|7.8|5.82|0.16|0.16|26.44|674.82|657.29|19.49|
|新易盛|300502.SZ|2025-04-24|640.41|569.38|22.57|15.67|6.45|6.45|99.92|94.91|7.41|5.53|0.17|0.17|25.1|640.72|623.19|18.48|
|新易盛|300502.SZ|2025-04-23|647.35|575.56|22.81|15.84|6.52|6.52|101|95.94|7.49|5.59|0.17|0.17|25.37|647.67|630.14|18.69|
|新易盛|300502.SZ|2025-04-22|575.55|511.72|83.61|30.21|8.12|8.12|46.19|88.08|18.58|9.37|0.19|0.19|99.43|575.86|556.84|65.77|
|新易盛|300502.SZ|2025-04-21|577.11|513.11|83.84|30.3|8.15|8.15|46.32|88.31|18.63|9.4|0.19|0.19|99.7|577.42|558.4|65.95|
|新易盛|300502.SZ|2025-04-18|551.88|490.67|80.17|28.97|7.79|7.79|44.29|84.45|17.82|8.99|0.2|0.2|95.34|552.19|533.16|62.97|
|新易盛|300502.SZ|2025-04-17|533.87|474.66|77.56|28.03|7.54|7.54|42.85|81.7|17.23|8.69|0.21|0.21|92.23|534.18|515.16|60.84|
|新易盛|300502.SZ|2025-04-16|532.17|473.15|77.31|27.94|7.51|7.51|42.71|81.44|17.18|8.67|0.21|0.21|91.94|532.48|513.46|60.64|
|新易盛|300502.SZ|2025-04-15|556.84|495.08|80.89|29.23|7.86|7.86|44.69|85.21|17.98|9.07|0.2|0.2|96.2|557.15|538.13|63.56|
|新易盛|300502.SZ|2025-04-14|559.39|497.35|81.26|29.37|7.9|7.9|44.9|85.6|18.06|9.11|0.2|0.2|96.64|559.7|540.68|63.86|
|新易盛|300502.SZ|2025-04-11|551.03|489.91|80.05|28.93|7.78|7.78|44.22|84.32|17.79|8.97|0.2|0.2|95.2|551.34|532.31|62.87|
|新易盛|300502.SZ|2025-04-10|544.15|483.8|79.05|28.57|7.68|7.68|43.67|83.27|17.57|8.86|0.2|0.2|94.01|544.46|525.44|62.06|
|新易盛|300502.SZ|2025-04-09|499.07|443.72|72.5|26.2|7.05|7.05|40.05|76.37|16.11|8.13|0.22|0.22|86.22|499.38|480.36|56.73|
|新易盛|300502.SZ|2025-04-08|498.79|443.47|72.46|26.18|7.04|7.04|40.03|76.33|16.1|8.12|0.22|0.22|86.17|499.1|480.07|56.7|
|新易盛|300502.SZ|2025-04-07|526.08|467.73|76.42|27.62|7.43|7.43|42.22|80.51|16.98|8.57|0.21|0.21|90.89|526.39|507.36|59.92|
|新易盛|300502.SZ|2025-04-03|657.63|584.7|95.54|34.52|9.28|9.28|52.78|100.64|21.23|10.71|0.17|0.17|113.61|657.94|638.92|75.46|
|新易盛|300502.SZ|2025-04-02|705.48|627.23|102.49|37.04|9.96|9.96|56.62|107.96|22.77|11.49|0.16|0.16|121.88|705.78|686.76|81.11|
|新易盛|300502.SZ|2025-04-01|688.82|612.42|100.07|36.16|9.72|9.72|55.28|105.41|22.24|11.22|0.16|0.16|119|689.13|670.11|79.14|
|新易盛|300502.SZ|2025-03-31|695.48|618.35|101.03|36.51|9.82|9.82|55.82|106.43|22.45|11.33|0.16|0.16|120.15|695.79|676.77|79.93|
|新易盛|300502.SZ|2025-03-28|674.57|599.76|98|35.41|9.52|9.52|54.14|103.23|21.78|10.98|0.16|0.16|116.54|674.88|655.86|77.46|
|新易盛|300502.SZ|2025-03-27|674.71|599.88|98.02|35.42|9.52|9.52|54.15|103.25|21.78|10.99|0.16|0.16|116.57|675.02|656|77.48|
|新易盛|300502.SZ|2025-03-26|693.14|616.27|100.69|36.39|9.79|9.79|55.63|106.07|22.38|11.29|0.16|0.16|119.75|693.45|674.43|79.65|
|新易盛|300502.SZ|2025-03-25|700.94|623.2|101.83|36.8|9.9|9.9|56.26|107.26|22.63|11.41|0.16|0.16|121.1|701.25|682.23|80.57|
|新易盛|300502.SZ|2025-03-24|704.55|626.41|102.35|36.99|9.95|9.95|56.55|107.82|22.75|11.47|0.16|0.16|121.72|704.86|685.84|81|
|新易盛|300502.SZ|2025-03-21|673.86|599.13|97.89|35.38|9.51|9.51|54.08|103.12|21.75|10.97|0.16|0.16|116.42|674.17|655.15|77.38|
|新易盛|300502.SZ|2025-03-20|697.75|620.36|101.36|36.63|9.85|9.85|56|106.78|22.53|11.36|0.16|0.16|120.55|698.06|679.04|80.2|
|新易盛|300502.SZ|2025-03-19|695.55|618.41|101.04|36.51|9.82|9.82|55.82|106.44|22.45|11.33|0.16|0.16|120.17|695.86|676.84|79.94|
|新易盛|300502.SZ|2025-03-18|735.03|653.51|106.78|38.59|10.38|10.38|58.99|112.48|23.73|11.97|0.15|0.15|126.99|735.34|716.32|84.6|
|新易盛|300502.SZ|2025-03-17|678.04|602.84|98.5|35.6|9.57|9.57|54.42|103.76|21.89|11.04|0.16|0.16|117.14|678.35|659.33|77.87|
|新易盛|300502.SZ|2025-03-14|665.07|591.31|96.62|34.91|9.39|9.39|53.38|101.78|21.47|10.83|0.17|0.17|114.9|665.38|646.36|76.34|
|新易盛|300502.SZ|2025-03-13|655.86|583.12|95.28|34.43|9.26|9.26|52.64|100.37|21.17|10.68|0.17|0.17|113.31|656.17|637.15|75.25|
|新易盛|300502.SZ|2025-03-12|665.29|591.5|96.65|34.93|9.39|9.39|53.39|101.81|21.48|10.83|0.17|0.17|114.94|665.6|646.57|76.36|
|新易盛|300502.SZ|2025-03-11|668.4|594.27|97.1|35.09|9.44|9.44|53.64|102.29|21.58|10.88|0.16|0.16|115.48|668.71|649.69|76.73|
|新易盛|300502.SZ|2025-03-10|669.11|594.9|97.2|35.13|9.45|9.45|53.7|102.39|21.6|10.9|0.16|0.16|115.6|669.42|650.4|76.82|
|新易盛|300502.SZ|2025-03-07|658.27|585.26|95.63|34.56|9.29|9.29|52.83|100.73|21.25|10.72|0.17|0.17|113.73|658.58|639.56|75.53|
|新易盛|300502.SZ|2025-03-06|675.78|600.83|98.17|35.48|9.54|9.54|54.24|103.41|21.82|11|0.16|0.16|116.75|676.09|657.06|77.6|
|新易盛|300502.SZ|2025-03-05|668.33|594.21|97.09|35.09|9.43|9.43|53.64|102.27|21.58|10.88|0.16|0.16|115.46|668.64|649.62|76.72|
|新易盛|300502.SZ|2025-03-04|660.25|587.03|95.92|34.66|9.32|9.32|52.99|101.04|21.32|10.75|0.17|0.17|114.07|660.56|641.54|75.77|
|新易盛|300502.SZ|2025-03-03|650.68|578.52|94.53|34.16|9.19|9.19|52.22|99.57|21.01|10.6|0.17|0.17|112.41|650.99|631.97|74.64|
|新易盛|300502.SZ|2025-02-28|680.74|605.24|98.89|35.74|9.61|9.61|54.63|104.17|21.98|11.09|0.16|0.16|117.61|681.05|662.03|78.19|
|新易盛|300502.SZ|2025-02-27|753.96|670.34|109.53|39.58|10.64|10.64|60.51|115.38|24.34|12.28|0.15|0.15|130.26|754.27|735.25|86.84|
|新易盛|300502.SZ|2025-02-26|800.95|712.12|116.36|42.05|11.31|11.31|64.28|122.57|25.86|13.04|0.14|0.14|138.38|801.26|782.24|92.39|
|新易盛|300502.SZ|2025-02-25|784.65|697.63|113.99|41.19|11.08|11.08|62.97|120.07|25.33|12.78|0.14|0.14|135.56|784.96|765.94|90.46|
|新易盛|300502.SZ|2025-02-24|804.5|715.27|116.87|42.23|11.36|11.36|64.57|123.11|25.97|13.1|0.14|0.14|138.99|804.8|785.78|92.8|
|新易盛|300502.SZ|2025-02-21|857.94|762.79|124.64|45.04|12.11|12.11|68.86|131.29|27.7|13.97|0.13|0.13|148.22|858.25|839.23|99.12|
|新易盛|300502.SZ|2025-02-20|844.9|751.19|122.74|44.35|11.93|11.93|67.81|129.29|27.28|13.76|0.13|0.13|145.97|845.21|826.19|97.58|
|新易盛|300502.SZ|2025-02-19|860.35|764.93|124.99|45.17|12.15|12.15|69.05|131.66|27.77|14.01|0.13|0.13|148.64|860.66|841.64|99.4|
|新易盛|300502.SZ|2025-02-18|877.5|780.18|127.48|46.07|12.39|12.39|70.43|134.28|28.33|14.29|0.13|0.13|151.6|877.81|858.79|101.43|
|新易盛|300502.SZ|2025-02-17|873.96|777.03|126.96|45.88|12.34|12.34|70.14|133.74|28.21|14.23|0.13|0.13|150.99|874.27|855.25|101.01|
|新易盛|300502.SZ|2025-02-14|772.67|686.98|112.25|40.56|10.91|10.91|62.01|118.24|24.94|12.58|0.14|0.14|133.49|772.98|753.96|89.05|
|新易盛|300502.SZ|2025-02-13|783.3|696.43|113.79|41.12|11.06|11.06|62.87|119.87|25.29|12.76|0.14|0.14|135.33|783.61|764.59|90.3|
|新易盛|300502.SZ|2025-02-12|811.58|721.57|117.9|42.61|11.46|11.46|65.14|124.2|26.2|13.22|0.14|0.14|140.21|811.89|792.87|93.64|
|新易盛|300502.SZ|2025-02-11|819.03|728.19|118.98|43|11.56|11.56|65.73|125.34|26.44|13.34|0.13|0.13|141.5|819.34|800.31|94.52|
|新易盛|300502.SZ|2025-02-10|812.01|721.95|117.96|42.63|11.46|11.46|65.17|124.26|26.21|13.22|0.14|0.14|140.29|812.32|793.3|93.69|
|新易盛|300502.SZ|2025-02-07|803.72|714.58|116.76|42.19|11.35|11.35|64.5|122.99|25.95|13.09|0.14|0.14|138.85|804.03|785|92.71|
|新易盛|300502.SZ|2025-02-06|755.94|672.1|109.82|39.68|10.67|10.67|60.67|115.68|24.4|12.31|0.15|0.15|130.6|756.25|737.23|87.07|
|新易盛|300502.SZ|2025-02-05|726.6|646.01|105.55|38.14|10.26|10.26|58.32|111.19|23.46|11.83|0.15|0.15|125.53|726.91|707.89|83.6|
|新易盛|300502.SZ|2025-01-27|891.47|792.6|129.51|46.8|12.58|12.58|71.55|136.42|28.78|14.52|0.12|0.12|154.01|891.78|872.75|103.08|
|新易盛|300502.SZ|2025-01-24|953.27|847.55|138.48|50.04|13.46|13.46|76.51|145.88|30.77|15.52|0.12|0.12|164.69|953.58|934.56|110.38|
|新易盛|300502.SZ|2025-01-23|968.94|861.48|140.76|50.87|13.68|13.68|77.76|148.28|31.28|15.78|0.11|0.11|167.4|969.25|950.23|112.23|
|新易盛|300502.SZ|2025-01-22|1002.96|891.73|145.7|52.65|14.16|14.16|80.5|153.48|32.38|16.33|0.11|0.11|173.28|1003.27|984.25|116.24|
|新易盛|300502.SZ|2025-01-21|944.13|839.42|137.16|49.56|13.33|13.33|75.77|144.48|30.48|15.37|0.12|0.12|163.11|944.44|925.42|109.3|
|新易盛|300502.SZ|2025-01-20|904.79|804.44|131.44|47.5|12.77|12.77|72.62|138.46|29.21|14.73|0.12|0.12|156.32|905.1|886.08|104.65|
|新易盛|300502.SZ|2025-01-17|846.53|752.64|122.98|44.44|11.95|11.95|67.94|129.54|27.33|13.78|0.13|0.13|146.25|846.84|827.82|97.77|
|新易盛|300502.SZ|2025-01-16|841.21|747.92|122.2|44.16|11.88|11.88|67.51|128.73|27.16|13.7|0.13|0.13|145.33|841.52|822.5|97.14|
|新易盛|300502.SZ|2025-01-15|791.74|703.93|115.02|41.56|11.18|11.18|63.54|121.16|25.56|12.89|0.14|0.14|136.78|792.05|773.02|91.3|
|新易盛|300502.SZ|2025-01-14|805.84|716.47|117.07|42.3|11.38|11.38|64.68|123.32|26.02|13.12|0.14|0.14|139.22|806.15|787.13|92.96|
|新易盛|300502.SZ|2025-01-13|781.74|695.04|113.57|41.04|11.04|11.04|62.74|119.63|25.24|12.73|0.14|0.14|135.06|782.05|763.03|90.12|
|新易盛|300502.SZ|2025-01-10|767.35|682.25|111.48|40.28|10.83|10.83|61.59|117.43|24.77|12.5|0.14|0.14|132.57|767.66|748.64|88.42|
|新易盛|300502.SZ|2025-01-09|813.28|723.09|118.15|42.7|11.48|11.48|65.27|124.46|26.26|13.24|0.14|0.14|140.51|813.59|794.57|93.84|
|新易盛|300502.SZ|2025-01-08|829.45|737.45|120.5|43.54|11.71|11.71|66.57|126.93|26.78|13.51|0.13|0.13|143.3|829.75|810.73|95.75|
|新易盛|300502.SZ|2025-01-07|850.57|756.23|123.56|44.65|12.01|12.01|68.26|130.16|27.46|13.85|0.13|0.13|146.95|850.88|831.86|98.25|
|新易盛|300502.SZ|2025-01-06|829.45|737.45|120.5|43.54|11.71|11.71|66.57|126.93|26.78|13.51|0.13|0.13|143.3|829.75|810.73|95.75|
|新易盛|300502.SZ|2025-01-03|822.22|731.03|119.45|43.16|11.61|11.61|65.99|125.82|26.54|13.39|0.13|0.13|142.05|822.52|803.5|94.9|
|新易盛|300502.SZ|2025-01-02|804.28|715.08|116.84|42.22|11.35|11.35|64.55|123.08|25.96|13.1|0.14|0.14|138.95|804.59|785.57|92.78|
|新易盛|300502.SZ|2024-12-31|819.24|728.38|119.01|43.01|11.57|11.57|65.75|125.37|26.45|13.34|0.08|0.13|141.53|819.55|800.53|94.55|
|新易盛|300502.SZ|2024-12-30|853.69|759.01|124.02|44.82|12.05|12.05|68.52|130.64|27.56|13.9|0.07|0.13|147.49|854|834.97|98.61|
|新易盛|300502.SZ|2024-12-27|917.34|815.6|133.26|48.16|12.95|12.95|73.62|140.38|29.61|14.94|0.07|0.12|158.48|917.65|898.63|106.13|
|新易盛|300502.SZ|2024-12-26|913.86|812.51|132.76|47.98|12.9|12.9|73.34|139.85|29.5|14.88|0.07|0.12|157.88|914.17|895.15|105.72|
|新易盛|300502.SZ|2024-12-25|864.74|768.84|125.62|45.4|12.21|12.21|69.4|132.33|27.92|14.08|0.07|0.13|149.4|865.05|846.03|99.92|
|新易盛|300502.SZ|2024-12-24|864.74|768.84|125.62|45.4|12.21|12.21|69.4|132.33|27.92|14.08|0.07|0.13|149.4|865.05|846.03|99.92|
|新易盛|300502.SZ|2024-12-23|883.53|785.54|128.35|46.38|12.47|12.47|70.91|135.21|28.52|14.39|0.07|0.12|152.64|883.84|864.82|102.14|
|新易盛|300502.SZ|2024-12-20|911.88|810.75|132.47|47.87|12.87|12.87|73.19|139.54|29.44|14.85|0.07|0.12|157.54|912.19|893.17|105.49|
|新易盛|300502.SZ|2024-12-19|905.5|805.07|131.54|47.54|12.78|12.78|72.67|138.57|29.23|14.75|0.07|0.12|156.44|905.81|886.79|104.73|
|新易盛|300502.SZ|2024-12-18|911.03|809.99|132.35|47.83|12.86|12.86|73.12|139.41|29.41|14.84|0.07|0.12|157.39|911.34|892.32|105.39|
|新易盛|300502.SZ|2024-12-17|947.67|842.57|137.67|49.75|13.38|13.38|76.06|145.02|30.59|15.43|0.07|0.12|163.72|947.98|928.96|109.71|
|新易盛|300502.SZ|2024-12-16|936.9|832.99|136.11|49.18|13.23|13.23|75.19|143.37|30.25|15.26|0.07|0.12|161.86|937.21|918.19|108.44|
|新易盛|300502.SZ|2024-12-13|916.06|814.46|133.08|48.09|12.93|12.93|73.52|140.18|29.57|14.92|0.07|0.12|158.26|916.37|897.35|105.98|
|新易盛|300502.SZ|2024-12-12|921.24|819.06|133.83|48.36|13.01|13.01|73.94|140.98|29.74|15|0.07|0.12|159.16|921.55|902.52|106.59|
|新易盛|300502.SZ|2024-12-11|878.28|780.87|127.59|46.11|12.4|12.4|70.49|134.4|28.35|14.3|0.07|0.13|151.74|878.59|859.57|101.52|
|新易盛|300502.SZ|2024-12-10|828.24|736.38|120.32|43.48|11.69|11.69|66.47|126.75|26.74|13.49|0.08|0.13|143.09|828.55|809.53|95.61|
|新易盛|300502.SZ|2024-12-09|822.22|731.03|119.45|43.16|11.61|11.61|65.99|125.82|26.54|13.39|0.08|0.13|142.05|822.52|803.5|94.9|
|新易盛|300502.SZ|2024-12-06|856.95|761.91|124.49|44.99|12.1|12.1|68.78|131.14|27.66|13.95|0.07|0.13|148.05|857.26|838.23|99|
|新易盛|300502.SZ|2024-12-05|858.22|763.04|124.68|45.05|12.12|12.12|68.88|131.33|27.71|13.98|0.07|0.13|148.27|858.53|839.51|99.15|
|新易盛|300502.SZ|2024-12-04|831.64|739.41|120.81|43.66|11.74|11.74|66.75|127.27|26.85|13.54|0.08|0.13|143.68|831.95|812.93|96.01|
|新易盛|300502.SZ|2024-12-03|840.15|746.97|122.05|44.11|11.86|11.86|67.43|128.57|27.12|13.68|0.08|0.13|145.15|840.46|821.44|97.02|
|新易盛|300502.SZ|2024-12-02|855.6|760.71|124.3|44.92|12.08|12.08|68.67|130.93|27.62|13.93|0.07|0.13|147.82|855.91|836.89|98.84|
|新易盛|300502.SZ|2024-11-29|814.77|724.41|118.36|42.77|11.5|11.5|65.39|124.68|26.3|13.27|0.08|0.13|140.76|815.08|796.06|94.02|
|新易盛|300502.SZ|2024-11-28|793.01|705.06|115.2|41.63|11.19|11.19|63.65|121.35|25.6|12.91|0.08|0.14|137|793.32|774.3|91.45|
|新易盛|300502.SZ|2024-11-27|824.06|732.67|119.71|43.26|11.63|11.63|66.14|126.11|26.6|13.42|0.08|0.13|142.37|824.37|805.35|95.12|
|新易盛|300502.SZ|2024-11-26|818.39|727.62|118.89|42.96|11.55|11.55|65.68|125.24|26.42|13.33|0.08|0.13|141.39|818.7|799.68|94.45|
|新易盛|300502.SZ|2024-11-25|803.64|714.52|116.75|42.19|11.35|11.35|64.5|122.98|25.94|13.09|0.08|0.14|138.84|803.95|784.93|92.7|
|新易盛|300502.SZ|2024-11-22|836.39|743.63|121.5|43.91|11.81|11.81|67.13|127.99|27|13.62|0.08|0.13|144.5|836.7|817.68|96.57|
|新易盛|300502.SZ|2024-11-21|876.44|779.24|127.32|46.01|12.37|12.37|70.34|134.12|28.29|14.27|0.07|0.13|151.42|876.75|857.73|101.3|
|新易盛|300502.SZ|2024-11-20|896.43|797.01|130.23|47.06|12.65|12.65|71.95|137.18|28.94|14.6|0.07|0.12|154.87|896.74|877.72|103.66|
|新易盛|300502.SZ|2024-11-19|886.01|787.74|128.71|46.51|12.51|12.51|71.11|135.59|28.6|14.43|0.07|0.12|153.07|886.32|867.3|102.43|
|新易盛|300502.SZ|2024-11-18|857.66|762.54|124.59|45.02|12.11|12.11|68.83|131.25|27.69|13.97|0.07|0.13|148.17|857.97|838.94|99.08|
|新易盛|300502.SZ|2024-11-15|905.29|804.89|131.51|47.52|12.78|12.78|72.66|138.54|29.23|14.74|0.07|0.12|156.4|905.6|886.58|104.71|
|新易盛|300502.SZ|2024-11-14|964.69|857.7|140.14|50.64|13.62|13.62|77.42|147.63|31.14|15.71|0.07|0.11|166.66|965|945.97|111.72|
|新易盛|300502.SZ|2024-11-13|1006.36|894.75|146.2|52.83|14.21|14.21|80.77|154|32.49|16.39|0.06|0.11|173.86|1006.67|987.65|116.65|
|新易盛|300502.SZ|2024-11-12|940.59|836.27|136.64|49.38|13.28|13.28|75.49|143.94|30.36|15.32|0.07|0.12|162.5|940.9|921.87|108.88|
|新易盛|300502.SZ|2024-11-11|941.79|837.34|136.82|49.44|13.3|13.3|75.59|144.12|30.4|15.34|0.07|0.12|162.71|942.1|923.08|109.02|
|新易盛|300502.SZ|2024-11-08|920.88|818.75|133.78|48.34|13|13|73.91|140.92|29.73|15|0.07|0.12|159.1|921.19|902.17|106.55|
|新易盛|300502.SZ|2024-11-07|934.92|831.23|135.82|49.08|13.2|13.2|75.03|143.07|30.18|15.22|0.07|0.12|161.52|935.23|916.2|108.21|
|新易盛|300502.SZ|2024-11-06|903.66|803.44|131.28|47.44|12.76|12.76|72.53|138.29|29.17|14.72|0.07|0.12|156.12|903.97|884.95|104.52|
|新易盛|300502.SZ|2024-11-05|945.97|841.06|137.42|49.66|13.35|13.35|75.92|144.76|30.54|15.4|0.07|0.12|163.43|946.28|927.26|109.51|
|新易盛|300502.SZ|2024-11-04|933.99|830.41|135.68|49.03|13.19|13.19|74.96|142.93|30.15|15.21|0.07|0.12|161.36|934.3|915.28|108.1|
|新易盛|300502.SZ|2024-11-01|916.91|815.22|133.2|48.14|12.94|12.94|73.59|140.31|29.6|14.93|0.07|0.12|158.41|917.22|898.2|106.08|
|新易盛|300502.SZ|2024-10-31|922.66|815.39|134.04|48.44|13.03|13.03|74.05|141.19|29.79|15.02|0.07|0.12|159.4|922.97|903.95|106.76|
|新易盛|300502.SZ|2024-10-30|921.45|814.32|133.86|48.37|13.01|13.01|73.95|141.01|29.75|15.01|0.07|0.12|159.19|921.76|902.74|106.62|
|新易盛|300502.SZ|2024-10-29|925|817.45|134.38|48.56|13.06|13.06|74.24|141.55|29.86|15.06|0.07|0.12|159.81|925.31|906.29|107.04|
|新易盛|300502.SZ|2024-10-28|964.41|852.28|140.1|50.63|13.61|13.61|77.4|147.58|31.13|15.7|0.07|0.11|166.62|964.72|945.7|111.69|
|新易盛|300502.SZ|2024-10-25|1011.12|893.56|146.89|53.08|14.27|14.27|81.15|154.73|32.64|16.47|0.06|0.11|174.69|1011.43|992.41|117.21|
|新易盛|300502.SZ|2024-10-24|988.93|873.96|143.66|78.17|15.84|15.84|79.37|209.25|31.93|21.88|0.06|0.11|591.09|989.52|971.07|114.69|
|新易盛|300502.SZ|2024-10-23|959.16|847.65|139.34|75.81|15.36|15.36|76.98|202.95|30.96|21.22|0.07|0.11|573.29|959.75|941.3|111.17|
|新易盛|300502.SZ|2024-10-22|1004.74|887.93|145.96|79.42|16.09|16.09|80.64|212.59|32.44|22.23|0.06|0.11|600.54|1005.33|986.88|116.56|
|新易盛|300502.SZ|2024-10-21|1002.61|886.05|145.65|79.25|16.06|16.06|80.47|212.14|32.37|22.18|0.06|0.11|599.26|1003.2|984.75|116.3|
|新易盛|300502.SZ|2024-10-18|1041.6|920.5|151.32|82.33|16.68|16.68|83.6|220.39|33.63|23.04|0.06|0.11|622.57|1042.19|1023.74|120.91|
|新易盛|300502.SZ|2024-10-17|952.36|841.63|138.35|75.28|15.25|15.25|76.43|201.51|30.75|21.07|0.07|0.12|569.23|952.95|934.5|110.37|
|新易盛|300502.SZ|2024-10-16|945.91|835.93|137.41|74.77|15.15|15.15|75.92|200.15|30.54|20.92|0.07|0.12|565.37|946.5|928.05|109.61|
|新易盛|300502.SZ|2024-10-15|1005.73|888.8|146.11|79.5|16.11|16.11|80.72|212.8|32.47|22.25|0.06|0.11|601.13|1006.32|987.87|116.67|
|新易盛|300502.SZ|2024-10-14|1052.8|930.4|152.94|83.22|16.86|16.86|84.5|222.76|33.99|23.29|0.06|0.1|629.26|1053.39|1034.94|122.23|
|新易盛|300502.SZ|2024-10-11|1020.55|901.89|148.26|80.67|16.35|16.35|81.91|215.94|32.95|22.58|0.06|0.11|609.98|1021.14|1002.69|118.42|
|新易盛|300502.SZ|2024-10-10|1015.8|897.7|147.57|80.29|16.27|16.27|81.53|214.93|32.79|22.47|0.06|0.11|607.14|1016.39|997.94|117.86|
|新易盛|300502.SZ|2024-10-09|1052.58|930.21|152.91|83.2|16.86|16.86|84.48|222.72|33.98|23.28|0.06|0.1|629.13|1053.17|1034.73|122.21|
|新易盛|300502.SZ|2024-10-08|1105.46|976.94|160.59|87.38|17.71|17.71|88.72|233.91|35.69|24.45|0.06|0.1|660.74|1106.05|1087.6|128.45|
|新易盛|300502.SZ|2024-09-30|921.24|814.13|133.83|72.82|14.76|14.76|73.94|194.93|29.74|20.38|0.07|0.12|550.63|921.83|903.38|106.69|
|新易盛|300502.SZ|2024-09-27|796.42|703.83|115.7|62.95|12.76|12.76|63.92|168.52|25.71|17.62|0.08|0.14|476.02|797.01|778.56|91.95|
|新易盛|300502.SZ|2024-09-26|779.48|688.85|113.24|61.61|12.49|12.49|62.56|164.93|25.16|17.24|0.08|0.14|465.9|780.07|761.62|89.95|
|新易盛|300502.SZ|2024-09-25|741.77|655.53|107.76|58.63|11.88|11.88|59.53|156.95|23.95|16.41|0.09|0.15|443.36|742.36|723.91|85.5|
|新易盛|300502.SZ|2024-09-24|746.38|659.6|108.43|59|11.96|11.96|59.9|157.93|24.1|16.51|0.09|0.15|446.11|746.97|728.52|86.04|
|新易盛|300502.SZ|2024-09-23|675.14|596.65|98.08|53.37|10.81|10.81|54.19|142.85|21.8|14.93|0.09|0.16|403.53|675.73|657.28|77.63|
|新易盛|300502.SZ|2024-09-20|678.76|599.84|98.6|53.65|10.87|10.87|54.48|143.62|21.91|15.01|0.09|0.16|405.7|679.35|660.9|78.06|
|新易盛|300502.SZ|2024-09-19|693.64|613|100.77|54.83|11.11|11.11|55.67|146.77|22.39|15.34|0.09|0.16|414.59|694.23|675.78|79.81|
|新易盛|300502.SZ|2024-09-18|705.76|623.71|102.53|55.79|11.3|11.3|56.64|149.33|22.78|15.61|0.09|0.16|421.84|706.35|687.9|81.24|
|新易盛|300502.SZ|2024-09-13|711.15|628.47|103.31|56.21|11.39|11.39|57.08|150.47|22.96|15.73|0.09|0.15|425.06|711.74|693.29|81.88|
|新易盛|300502.SZ|2024-09-12|674.93|596.46|98.05|53.35|10.81|10.81|54.17|142.81|21.79|14.93|0.09|0.16|403.41|675.52|657.07|77.6|
|新易盛|300502.SZ|2024-09-11|663.59|586.44|96.4|52.45|10.63|10.63|53.26|140.41|21.42|14.68|0.1|0.17|396.63|664.18|645.73|76.26|
|新易盛|300502.SZ|2024-09-10|656.43|580.11|95.36|51.89|10.51|10.51|52.68|138.89|21.19|14.52|0.1|0.17|392.35|657.02|638.57|75.42|
|新易盛|300502.SZ|2024-09-09|645.66|570.59|93.8|51.03|10.34|10.34|51.82|136.62|20.84|14.28|0.1|0.17|385.91|646.25|627.8|74.15|
|新易盛|300502.SZ|2024-09-06|628.08|555.06|91.24|49.65|10.06|10.06|50.41|132.9|20.28|13.89|0.1|0.17|375.4|628.67|610.22|72.07|
|新易盛|300502.SZ|2024-09-05|639.84|565.45|92.95|50.58|10.25|10.25|51.35|135.39|20.66|14.15|0.1|0.17|382.44|640.43|621.99|73.46|
|新易盛|300502.SZ|2024-09-04|625.17|552.49|90.82|49.42|10.01|10.01|50.17|132.28|20.18|13.83|0.1|0.18|373.67|625.76|607.31|71.73|
|新易盛|300502.SZ|2024-09-03|626.66|553.8|91.04|49.53|10.04|10.04|50.29|132.6|20.23|13.86|0.1|0.18|374.56|627.25|608.8|71.9|
|新易盛|300502.SZ|2024-09-02|627.23|554.3|91.12|49.58|10.05|10.05|50.34|132.72|20.25|13.87|0.1|0.18|374.9|627.82|609.37|71.97|
|新易盛|300502.SZ|2024-08-30|664.79|587.5|96.58|52.55|10.65|10.65|53.35|140.66|21.46|14.71|0.1|0.17|397.35|665.38|646.94|76.41|
|新易盛|300502.SZ|2024-08-29|649.2|573.72|94.31|51.31|10.4|10.4|52.1|137.37|20.96|14.36|0.1|0.17|388.03|649.79|631.34|74.56|
|新易盛|300502.SZ|2024-08-28|693.43|612.81|100.74|76.62|11.96|12.21|55.65|59.97|22.39|19.21|0.09|0.16|-1381.93|694.02|668.7|78.98|
|新易盛|300502.SZ|2024-08-27|691.59|611.18|100.47|76.41|11.93|12.18|55.51|59.81|22.33|19.16|0.09|0.16|-1378.25|692.18|666.86|78.76|
|新易盛|300502.SZ|2024-08-26|690.03|609.8|100.24|76.24|11.9|12.15|55.38|59.67|22.28|19.11|0.09|0.16|-1375.15|690.62|665.3|78.58|
|新易盛|300502.SZ|2024-08-23|701.65|620.08|101.93|77.52|12.1|12.36|56.31|60.68|22.65|19.44|0.09|0.16|-1398.31|702.24|676.92|79.95|
|新易盛|300502.SZ|2024-08-22|712|629.22|103.43|78.67|12.28|12.54|57.14|61.57|22.99|19.72|0.09|0.15|-1418.94|712.59|687.27|81.17|
|新易盛|300502.SZ|2024-08-21|711.72|628.97|103.39|78.64|12.28|12.53|57.12|61.55|22.98|19.71|0.09|0.15|-1418.37|712.31|686.99|81.14|
|新易盛|300502.SZ|2024-08-20|708.03|625.71|102.86|78.23|12.21|12.47|56.83|61.23|22.86|19.61|0.09|0.16|-1411.03|708.62|683.3|80.7|
|新易盛|300502.SZ|2024-08-19|705.98|623.9|102.56|78|12.18|12.43|56.66|61.05|22.79|19.55|0.09|0.16|-1406.93|706.56|681.25|80.46|
|新易盛|300502.SZ|2024-08-16|696.05|615.13|101.12|76.91|12.01|12.26|55.86|60.2|22.47|19.28|0.09|0.16|-1387.15|696.64|671.32|79.29|
|新易盛|300502.SZ|2024-08-15|670.54|592.58|97.41|74.09|11.57|11.81|53.82|57.99|21.65|18.57|0.1|0.16|-1336.3|671.12|645.81|76.27|
|新易盛|300502.SZ|2024-08-14|673.37|595.08|97.82|74.4|11.62|11.86|54.04|58.23|21.74|18.65|0.09|0.16|-1341.95|673.96|648.64|76.61|
|新易盛|300502.SZ|2024-08-13|680.32|601.22|98.83|75.17|11.73|11.98|54.6|58.83|21.96|18.84|0.09|0.16|-1355.79|680.91|655.59|77.43|
|新易盛|300502.SZ|2024-08-12|676.42|597.78|98.27|74.74|11.67|11.91|54.29|58.5|21.84|18.74|0.09|0.16|-1348.02|677.01|651.69|76.97|
|新易盛|300502.SZ|2024-08-09|665.43|588.07|96.67|73.52|11.48|11.72|53.41|57.55|21.48|18.43|0.1|0.17|-1326.13|666.02|640.7|75.67|
|新易盛|300502.SZ|2024-08-08|643.6|568.77|93.5|71.11|11.1|11.33|51.65|55.66|20.78|17.83|0.1|0.17|-1282.62|644.19|618.87|73.09|
|新易盛|300502.SZ|2024-08-07|649.77|574.22|94.39|71.79|11.21|11.44|52.15|56.19|20.98|18|0.1|0.17|-1294.91|650.36|625.04|73.82|
|新易盛|300502.SZ|2024-08-06|641.4|566.83|93.18|70.87|11.06|11.3|51.48|55.47|20.71|17.77|0.1|0.17|-1278.24|641.99|616.68|72.83|
|新易盛|300502.SZ|2024-08-05|606.03|535.57|88.04|66.96|10.45|10.67|48.64|52.41|19.56|16.79|0.11|0.18|-1207.76|606.62|581.31|68.66|
|新易盛|300502.SZ|2024-08-02|655.01|578.86|95.16|72.37|11.3|11.54|52.57|56.65|21.15|18.14|0.1|0.17|-1305.36|655.6|630.28|74.44|
|新易盛|300502.SZ|2024-08-01|721.29|637.43|104.78|79.69|12.44|12.7|57.89|62.38|23.29|19.98|0.09|0.15|-1437.44|721.87|696.56|82.27|
|新易盛|300502.SZ|2024-07-31|707.18|624.96|102.73|78.14|12.2|12.45|56.76|61.16|22.83|19.59|0.09|0.16|-1409.33|707.77|682.45|80.6|
|新易盛|300502.SZ|2024-07-30|692.44|611.93|100.59|76.51|11.94|12.19|55.57|59.88|22.35|19.18|0.09|0.16|-1379.95|693.03|667.71|78.86|
|新易盛|300502.SZ|2024-07-29|706.4|624.27|102.62|78.05|12.18|12.44|56.69|61.09|22.8|19.57|0.09|0.16|-1407.78|706.99|681.67|80.51|
|新易盛|300502.SZ|2024-07-26|675.99|597.4|98.2|74.69|11.66|11.91|54.25|58.46|21.82|18.72|0.09|0.16|-1347.18|676.58|651.27|76.92|
|新易盛|300502.SZ|2024-07-25|664.08|586.88|96.47|73.37|11.46|11.7|53.3|57.43|21.44|18.39|0.1|0.17|-1323.45|664.67|639.36|75.51|
|新易盛|300502.SZ|2024-07-24|716.32|633.04|104.06|79.15|12.36|12.62|57.49|61.95|23.13|19.84|0.09|0.15|-1427.55|716.91|691.6|81.68|
|新易盛|300502.SZ|2024-07-23|724.33|640.12|105.23|80.03|12.49|12.76|58.13|62.64|23.38|20.06|0.09|0.15|-1443.51|724.92|699.61|82.63|
|新易盛|300502.SZ|2024-07-22|745.03|658.41|108.23|82.32|12.85|13.12|59.79|64.43|24.05|20.64|0.09|0.15|-1484.76|745.62|720.3|85.07|
|新易盛|300502.SZ|2024-07-19|746.8|659.98|108.49|82.51|12.88|13.15|59.94|64.58|24.11|20.69|0.09|0.15|-1488.29|747.39|722.08|85.28|
|新易盛|300502.SZ|2024-07-18|771.33|681.65|112.05|85.22|13.3|13.58|61.91|66.7|24.9|21.36|0.08|0.14|-1537.17|771.92|746.6|88.18|
|新易盛|300502.SZ|2024-07-17|783.59|692.49|113.83|86.58|13.52|13.8|62.89|67.77|25.3|21.7|0.08|0.14|-1561.61|784.18|758.86|89.63|
|新易盛|300502.SZ|2024-07-16|807.97|714.04|117.38|89.27|13.94|14.23|64.85|69.87|26.08|22.38|0.08|0.14|-1610.2|808.56|783.25|92.51|
|新易盛|300502.SZ|2024-07-15|796.85|704.2|115.76|88.04|13.75|14.03|63.95|68.91|25.72|22.07|0.08|0.14|-1588.02|797.43|772.12|91.19|
|新易盛|300502.SZ|2024-07-12|803.44|710.03|116.72|88.77|13.86|14.15|64.48|69.48|25.94|22.25|0.08|0.14|-1601.16|804.03|778.71|91.97|
|新易盛|300502.SZ|2024-07-11|824.28|728.44|119.74|91.07|14.22|14.52|66.15|71.28|26.61|22.83|0.08|0.13|-1642.69|824.87|799.55|94.43|
|新易盛|300502.SZ|2024-07-10|846.32|747.92|122.95|93.51|14.6|14.9|67.92|73.19|27.32|23.44|0.08|0.13|-1686.62|846.91|821.59|97.03|
|新易盛|300502.SZ|2024-07-09|840.37|742.66|122.08|92.85|14.5|14.8|67.45|72.68|27.13|23.28|0.08|0.13|-1674.75|840.96|815.64|96.33|
|新易盛|300502.SZ|2024-07-08|804.15|710.65|116.82|88.85|13.87|14.16|64.54|69.54|25.96|22.27|0.08|0.14|-1602.57|804.73|779.42|92.05|
|新易盛|300502.SZ|2024-07-05|800.81|707.71|116.34|88.48|13.81|14.1|64.27|69.25|25.85|22.18|0.08|0.14|-1595.93|801.4|776.09|91.66|
|新易盛|300502.SZ|2024-07-04|796.21|703.64|115.67|87.97|13.73|13.76|63.9|68.86|25.7|22.05|0.08||-1586.75|796.8|771.48|91.12|
|新易盛|300502.SZ|2024-07-03|779.62|688.98|113.26|86.14|13.45|13.47|62.57|67.42|25.17|21.59|0.08||-1553.7|780.21|754.89|89.16|
|新易盛|300502.SZ|2024-07-02|800.6|707.52|116.31|88.46|13.81|13.83|64.25|69.24|25.85|22.18|0.08||-1595.51|801.19|775.87|91.63|
|新易盛|300502.SZ|2024-07-01|782.03|691.11|113.61|86.41|13.49|13.51|62.76|67.63|25.25|21.66|0.08||-1558.5|782.62|757.3|89.44|
|新易盛|300502.SZ|2024-06-28|748.15|661.17|108.69|82.66|12.91|12.93|60.04|64.7|24.15|20.72|0.09||-1490.98|748.74|723.42|85.44|
|新易盛|300502.SZ|2024-06-27|744.53|657.97|108.16|82.26|12.84|12.86|59.75|64.39|24.04|20.62|0.09||-1483.77|745.12|719.81|85.01|
|新易盛|300502.SZ|2024-06-26|769.84|680.34|111.84|85.06|13.28|13.3|61.79|66.58|24.85|21.32|0.08||-1534.2|770.43|745.11|88|
|新易盛|300502.SZ|2024-06-25|749.78|662.61|108.92|82.84|12.93|12.95|60.18|64.84|24.21|20.77|0.09||-1494.23|750.37|725.05|85.63|
|新易盛|300502.SZ|2024-06-24|787.49|695.93|114.4|87.01|13.58|13.61|63.2|68.1|25.42|21.81|0.08||-1569.38|788.08|762.76|90.09|
|新易盛|300502.SZ|2024-06-21|800.58|696.49|116.3|88.45|13.81|13.81|64.25|69.23|25.84|22.18|0.08||-1595.46|801.16|775.85|91.63|
|新易盛|300502.SZ|2024-06-20|802.92|698.53|116.64|88.71|13.85|13.85|64.44|69.44|25.92|22.24|0.08||-1600.12|803.51|778.19|91.91|
|新易盛|300502.SZ|2024-06-19|815.91|709.83|118.53|90.15|14.07|14.07|65.48|70.56|26.34|22.6|0.08||-1626.02|816.5|791.18|93.44|
|新易盛|300502.SZ|2024-06-18|817.83|711.5|118.81|90.36|14.11|14.11|65.64|70.73|26.4|22.65|0.08||-1629.84|818.42|793.1|93.67|
|新易盛|300502.SZ|2024-06-17|784.39|682.41|113.95|86.67|13.53|13.53|62.95|67.83|25.32|21.73|0.08||-1563.2|784.98|759.66|89.72|
|新易盛|300502.SZ|2024-06-14|770.26|670.12|111.9|85.11|13.29|13.29|61.82|66.61|24.87|21.34|0.08||-1535.04|770.85|745.53|88.05|
|新易盛|300502.SZ|2024-06-13|679.25|590.94|98.68|75.05|11.72|11.72|54.52|58.74|21.93|18.81|0.09||-1353.67|679.84|654.52|77.3|
|新易盛|300502.SZ|2024-06-12|651.35|566.66|94.62|71.97|11.24|11.24|52.28|56.33|21.03|18.04|0.1||-1298.07|651.94|626.62|74.01|
|新易盛|300502.SZ|2024-06-11|651.28|566.6|94.61|71.96|11.23|11.23|52.27|56.32|21.03|18.04|0.1||-1297.93|651.87|626.55|74|
|新易盛|300502.SZ|2024-06-07|646.88|562.77|93.97|71.47|11.16|11.16|51.92|55.94|20.88|17.92|0.1|0.1|-1289.15|647.47|622.15|73.48|
|新易盛|300502.SZ|2024-06-06|665.76|579.2|96.72|73.56|11.48|11.48|53.43|57.58|21.49|18.44|0.1|0.1|-1326.79|666.35|641.03|75.71|
|新易盛|300502.SZ|2024-06-05|662.5|576.36|96.24|73.2|11.43|11.43|53.17|57.29|21.39|18.35|0.1|0.1|-1320.28|663.09|637.77|75.32|
|新易盛|300502.SZ|2024-06-04|682.09|593.41|99.09|75.36|11.77|11.77|54.74|58.99|22.02|18.89|0.09|0.09|-1359.33|682.68|657.36|77.64|
|新易盛|300502.SZ|2024-06-03|676.91|588.9|98.34|74.79|11.68|11.68|54.33|58.54|21.85|18.75|0.09|0.09|-1349|677.5|652.18|77.03|
|新易盛|300502.SZ|2024-05-31|615.71|535.66|89.45|68.03|10.62|10.62|49.42|53.25|19.88|17.05|0.1|0.1|-1227.05|616.3|590.99|69.8|
|新易盛|300502.SZ|2024-05-30|614.79|534.86|89.31|67.93|10.6|10.6|49.34|53.17|19.85|17.03|0.1|0.1|-1225.21|615.38|590.06|69.69|
|新易盛|300502.SZ|2024-05-29|623.73|542.64|90.61|68.92|10.76|10.76|50.06|53.94|20.14|17.28|0.1|0.1|-1243.03|624.32|599.01|70.75|
|新易盛|300502.SZ|2024-05-28|627.99|546.34|91.23|69.39|10.83|10.83|50.4|54.31|20.27|17.39|0.1|0.1|-1251.52|628.58|603.27|71.25|
|新易盛|300502.SZ|2024-05-27|630.62|548.63|91.61|69.68|10.88|10.88|50.61|54.54|20.36|17.47|0.1|0.1|-1256.76|631.21|605.89|71.56|
|新易盛|300502.SZ|2024-05-24|605.56|526.83|87.97|66.91|10.45|10.45|48.6|52.37|19.55|16.77|0.11|0.11|-1206.81|606.15|580.83|68.6|
|新易盛|300502.SZ|2024-05-23|617.63|537.33|89.72|68.24|10.65|10.65|49.57|53.41|19.94|17.11|0.1|0.1|-1230.87|618.22|592.9|70.02|
|新易盛|300502.SZ|2024-05-22|629.34|547.52|91.43|69.54|10.86|10.86|50.51|54.43|20.32|17.43|0.1|0.1|-1254.21|629.93|604.62|71.41|
|新易盛|300502.SZ|2024-05-21|637.79|554.87|92.65|70.47|11|11|51.19|55.16|20.59|17.67|0.1|0.1|-1271.05|638.38|613.06|72.41|
|新易盛|300502.SZ|2024-05-20|639.78|556.6|92.94|70.69|11.04|11.04|51.35|55.33|20.65|17.72|0.1|0.1|-1275.01|640.37|615.05|72.64|
|新易盛|300502.SZ|2024-05-17|603.43|524.98|87.66|66.67|10.41|10.41|48.43|52.19|19.48|16.71|0.11|0.11|-1202.57|604.02|578.7|68.35|
|新易盛|300502.SZ|2024-05-16|587.32|510.96|85.32|64.89|10.13|10.13|47.14|50.79|18.96|16.27|0.11|0.11|-1170.45|587.9|562.59|66.44|
|新易盛|300502.SZ|2024-05-15|573.4|498.85|83.3|63.35|9.89|9.89|46.02|49.59|18.51|15.88|0.11|0.11|-1142.72|573.99|548.67|64.8|
|新易盛|300502.SZ|2024-05-14|569|495.02|82.66|62.87|9.81|9.81|45.67|49.21|18.37|15.76|0.11|0.11|-1133.95|569.59|544.27|64.28|
|新易盛|300502.SZ|2024-05-13|592.64|515.59|86.09|65.48|10.22|10.22|47.56|51.25|19.13|16.42|0.11|0.11|-1181.06|593.23|567.91|67.07|
|新易盛|300502.SZ|2024-05-10|595.13|517.75|86.46|65.75|10.27|10.27|47.76|51.47|19.21|16.48|0.11|0.11|-1186.02|595.71|570.4|67.37|
|新易盛|300502.SZ|2024-05-09|597.68|519.97|86.83|66.04|10.31|10.31|47.97|51.69|19.29|16.56|0.11|0.11|-1191.11|598.27|572.95|67.67|
|新易盛|300502.SZ|2024-05-08|593.71|516.51|86.25|65.6|10.24|10.24|47.65|51.34|19.17|16.45|0.11|0.11|-1183.19|594.29|568.98|67.2|
|新易盛|300502.SZ|2024-05-07|591.36|514.48|85.91|65.34|10.2|10.2|47.46|51.14|19.09|16.38|0.11|0.11|-1178.52|591.95|566.64|66.92|
|新易盛|300502.SZ|2024-05-06|609.61|530.35|88.56|67.36|10.52|10.52|48.93|52.72|19.68|16.89|0.1|0.1|-1214.88|610.2|584.88|69.08|
|新易盛|300502.SZ|2024-04-30|614.08|534.24|89.21|67.85|10.59|10.59|49.28|53.11|19.82|17.01|0.1|0.1|-1223.79|614.67|589.35|69.61|
|新易盛|300502.SZ|2024-04-29|619.76|539.18|90.03|68.48|10.69|10.69|49.74|53.6|20.01|17.17|0.1|0.1|-1235.11|620.35|595.03|70.28|
|新易盛|300502.SZ|2024-04-26|594.91|517.56|86.42|65.73|10.26|10.26|47.75|51.45|19.21|16.48|0.11|0.11|-1185.59|595.5|570.18|67.34|
|新易盛|300502.SZ|2024-04-25|561.97|488.91|81.64|62.09|9.69|9.69|45.1|48.6|18.14|15.57|0.11|0.11|-1119.95|562.56|537.24|63.45|
|新易盛|300502.SZ|2024-04-24|563.53|490.27|81.87|62.26|9.72|9.72|45.23|48.73|18.19|15.61|0.11|0.11|-1123.06|564.12|538.81|63.64|
|新易盛|300502.SZ|2024-04-23|490.13|426.4|71.2|54.15|8.45|8.45|39.34|42.39|15.82|13.58|0.13|0.13|-976.77|490.72|465.4|54.97|
|新易盛|300502.SZ|2024-04-22|462.51|402.38|51.19|66.97|8.89|8.46|55.63|35.6|13.97|14.88|0.14|0.14|-636.81|463.12|439.23|39.8|
|新易盛|300502.SZ|2024-04-19|488.42|424.92|54.05|70.72|9.39|8.93|58.75|37.6|14.75|15.72|0.13|0.13|-672.48|489.03|465.14|42.14|
|新易盛|300502.SZ|2024-04-18|500.49|435.42|55.39|72.47|9.62|9.15|60.2|38.53|15.12|16.1|0.13|0.13|-689.1|501.1|477.21|43.24|
|新易盛|300502.SZ|2024-04-17|507.24|441.29|56.14|73.45|9.75|9.28|61.01|39.04|15.32|16.32|0.13|0.13|-698.39|507.84|483.95|43.85|
|新易盛|300502.SZ|2024-04-16|484.52|421.52|53.62|70.16|9.31|8.86|58.28|37.3|14.64|15.59|0.13|0.13|-667.11|485.12|461.23|41.79|
|新易盛|300502.SZ|2024-04-15|502.84|437.46|55.65|72.81|9.66|9.2|60.48|38.71|15.19|16.18|0.13|0.13|-692.33|503.44|479.55|43.45|
|新易盛|300502.SZ|2024-04-12|493.39|429.24|54.6|71.44|9.48|9.02|59.35|37.98|14.9|15.88|0.13|0.13|-679.33|494|470.11|42.59|
|新易盛|300502.SZ|2024-04-11|469.19|408.18|51.93|67.94|9.02|8.58|56.44|36.12|14.17|15.1|0.14|0.14|-645.99|469.79|445.9|40.4|
|新易盛|300502.SZ|2024-04-10|464.78|404.35|51.44|67.3|8.93|8.5|55.91|35.78|14.04|14.96|0.14|0.14|-639.93|465.39|441.5|40|
|新易盛|300502.SZ|2024-04-09|479.27|416.95|53.04|69.4|9.21|8.76|57.65|36.89|14.48|15.42|0.13|0.13|-659.87|479.87|455.98|41.31|
|新易盛|300502.SZ|2024-04-08|490.48|426.71|54.28|71.02|9.43|8.97|59|37.75|14.82|15.78|0.13|0.13|-675.32|491.09|467.2|42.33|
|新易盛|300502.SZ|2024-04-03|481.11|418.56|53.24|69.67|9.25|8.8|57.87|37.03|14.53|15.48|0.13|0.13|-662.42|481.72|457.83|41.48|
|新易盛|300502.SZ|2024-04-02|506.53|440.67|56.06|73.35|9.73|9.26|60.93|38.99|15.3|16.3|0.13|0.13|-697.41|507.13|483.24|43.78|
|新易盛|300502.SZ|2024-04-01|503.55|438.08|55.73|72.91|9.68|9.21|60.57|38.76|15.21|16.2|0.13|0.13|-693.3|504.15|480.26|43.51|
|新易盛|300502.SZ|2024-03-29|475.65|413.8|52.64|68.87|9.14|8.7|57.21|36.61|14.37|15.3|0.13|0.13|-654.89|476.25|452.36|40.99|
|新易盛|300502.SZ|2024-03-28|482.53|419.79|53.4|69.87|9.27|8.82|58.04|37.14|14.58|15.53|0.13|0.13|-664.37|483.14|459.25|41.61|
|新易盛|300502.SZ|2024-03-27|475.72|413.87|52.65|68.88|9.14|8.7|57.22|36.62|14.37|15.31|0.13|0.13|-654.99|476.32|452.43|40.99|
|新易盛|300502.SZ|2024-03-26|500.28|435.24|55.37|72.44|9.61|9.15|60.18|38.51|15.11|16.1|0.13|0.13|-688.81|500.88|476.99|43.22|
|新易盛|300502.SZ|2024-03-25|538.47|468.46|59.59|77.97|10.35|9.85|64.77|41.45|16.27|17.33|0.12|0.12|-741.39|539.08|515.19|46.68|
|新易盛|300502.SZ|2024-03-22|565.81|492.24|62.62|81.93|10.87|10.35|68.06|43.55|17.09|18.21|0.11|0.11|-779.02|566.41|542.52|49.16|
|新易盛|300502.SZ|2024-03-21|534|464.57|59.1|77.32|10.26|9.77|64.23|41.1|16.13|17.18|0.12|0.12|-735.23|534.6|510.72|46.27|
|新易盛|300502.SZ|2024-03-20|531.94|462.78|58.87|77.03|10.22|9.73|63.99|40.95|16.07|17.12|0.12|0.12|-732.4|532.55|508.66|46.09|
|新易盛|300502.SZ|2024-03-19|547.06|475.94|60.54|79.22|10.51|10|65.8|42.11|16.52|17.6|0.12|0.12|-753.22|547.67|523.78|47.46|
|新易盛|300502.SZ|2024-03-18|563.68|490.39|62.38|81.62|10.83|10.31|67.8|43.39|17.03|18.14|0.11|0.11|-776.09|564.28|540.39|48.96|
|新易盛|300502.SZ|2024-03-15|546.5|475.44|60.48|79.13|10.5|9.99|65.74|42.07|16.51|17.58|0.12|0.12|-752.44|547.1|523.21|47.41|
|新易盛|300502.SZ|2024-03-14|481.33|418.74|53.27|69.7|9.25|8.8|57.9|37.05|14.54|15.49|0.13|0.13|-662.71|481.93|458.04|41.5|
|新易盛|300502.SZ|2024-03-13|472.31|410.9|52.27|68.39|9.08|8.64|56.81|36.36|14.27|15.2|0.14|0.14|-650.29|472.91|449.02|40.68|
|新易盛|300502.SZ|2024-03-12|476.71|414.73|52.76|69.03|9.16|8.72|57.34|36.69|14.4|15.34|0.13|0.13|-656.36|477.31|453.42|41.08|
|新易盛|300502.SZ|2024-03-11|482.04|419.36|53.35|69.8|9.26|8.82|57.98|37.1|14.56|15.51|0.13|0.13|-663.69|482.64|458.75|41.57|
|新易盛|300502.SZ|2024-03-08|488.5|424.98|54.06|70.73|9.39|8.93|58.76|37.6|14.76|15.72|0.13|0.13|-672.58|489.1|465.21|42.15|
|新易盛|300502.SZ|2024-03-07|464.5|404.11|51.41|67.26|8.93|8.49|55.87|35.75|14.03|14.95|0.14|0.14|-639.54|465.1|441.21|39.98|
|新易盛|300502.SZ|2024-03-06|482.04|419.36|53.35|69.8|9.26|8.82|57.98|37.1|14.56|15.51|0.13|0.13|-663.69|482.64|458.75|41.57|
|新易盛|300502.SZ|2024-03-05|487.57|424.18|53.96|70.6|9.37|8.92|58.65|37.53|14.73|15.69|0.13|0.13|-671.31|488.18|464.29|42.07|
|新易盛|300502.SZ|2024-03-04|493.04|428.94|54.56|71.39|9.47|9.02|59.31|37.95|14.89|15.86|0.13|0.13|-678.84|493.64|469.75|42.56|
|新易盛|300502.SZ|2024-03-01|460.03|400.22|50.91|66.61|8.84|8.41|55.33|35.41|13.9|14.8|0.14|0.14|-633.38|460.63|436.74|39.57|
|新易盛|300502.SZ|2024-02-29|426.31|370.88|47.18|61.73|8.19|7.8|51.28|32.81|12.88|13.72|0.15|0.15|-586.96|426.91|403.02|36.52|
|新易盛|300502.SZ|2024-02-28|411.4|357.91|45.53|72.09|7.91|7.91|49.49|31.67|12.43|13.79|0.16|0.16|-506.51|412|388.11|35.16|
|新易盛|300502.SZ|2024-02-27|452.43|393.61|50.07|79.28|8.69|8.69|54.42|34.83|13.67|15.17|0.14|0.14|-557.03|453.04|429.15|38.88|
|新易盛|300502.SZ|2024-02-26|431.06|375.02|47.71|75.53|8.28|8.28|51.85|33.18|13.02|14.45|0.15|0.15|-530.72|431.67|407.78|36.95|
|新易盛|300502.SZ|2024-02-23|425.67|370.32|47.11|74.59|8.18|8.18|51.2|32.77|12.86|14.27|0.15|0.15|-524.08|426.27|402.38|36.46|
|新易盛|300502.SZ|2024-02-22|426.38|370.94|47.19|74.71|8.19|8.19|51.29|32.82|12.88|14.29|0.15|0.15|-524.95|426.98|403.09|36.52|
|新易盛|300502.SZ|2024-02-21|422.54|367.61|46.76|74.04|8.12|8.12|50.83|32.53|12.76|14.16|0.15|0.15|-520.23|423.15|399.26|36.17|
|新易盛|300502.SZ|2024-02-20|447.25|389.1|49.5|78.37|8.59|8.59|53.8|34.43|13.51|14.99|0.14|0.14|-550.65|447.85|423.96|38.41|
|新易盛|300502.SZ|2024-02-19|467.69|406.89|51.76|81.95|8.99|8.99|56.26|36|14.13|15.68|0.14|0.14|-575.82|468.3|444.41|40.27|
|新易盛|300502.SZ|2024-02-08|389.75|339.07|43.13|68.29|7.49|7.49|46.88|30|11.77|13.07|0.16|0.16|-479.85|390.35|366.46|33.2|
|新易盛|300502.SZ|2024-02-07|374.13|325.48|41.41|65.55|7.19|7.19|45|28.8|11.3|12.54|0.17|0.17|-460.62|374.73|350.84|31.79|
|新易盛|300502.SZ|2024-02-06|367.74|319.93|40.7|64.44|7.07|7.07|44.23|28.31|11.11|12.33|0.17|0.17|-452.75|368.34|344.45|31.21|
|新易盛|300502.SZ|2024-02-05|328.83|286.08|36.39|57.62|6.32|6.32|39.55|25.31|9.93|11.02|0.19|0.19|-404.86|329.44|305.55|27.68|
|新易盛|300502.SZ|2024-02-02|323.01|281.02|35.75|56.6|6.21|6.21|38.85|24.86|9.76|10.83|0.2|0.2|-397.69|323.62|299.73|27.16|
|新易盛|300502.SZ|2024-02-01|322.8|280.83|35.72|56.56|6.2|6.2|38.83|24.85|9.75|10.82|0.2|0.2|-397.43|323.4|299.51|27.14|
|新易盛|300502.SZ|2024-01-31|301.01|261.87|33.31|52.74|5.78|5.78|36.21|23.17|9.09|10.09|0.21|0.21|-370.59|301.61|277.72|25.16|
|新易盛|300502.SZ|2024-01-30|305.19|265.51|33.78|53.48|5.86|5.86|36.71|23.49|9.22|10.23|0.21|0.21|-375.75|305.8|281.91|25.54|
|新易盛|300502.SZ|2024-01-29|317.33|276.08|35.12|55.6|6.1|6.1|38.17|24.43|9.59|10.64|0.2|0.2|-390.7|317.94|294.05|26.64|
|新易盛|300502.SZ|2024-01-26|369.16|321.16|40.85|64.68|7.09|7.09|44.4|28.42|11.15|12.37|0.17|0.17|-454.5|369.76|345.87|31.34|
|新易盛|300502.SZ|2024-01-25|387.62|337.22|42.9|67.92|7.45|7.45|46.62|29.84|11.71|12.99|0.16|0.16|-477.23|388.22|364.33|33.01|
|新易盛|300502.SZ|2024-01-24|380.23|330.8|42.08|66.62|7.31|7.31|45.74|29.27|11.49|12.75|0.17|0.17|-468.14|380.84|356.95|32.34|
|新易盛|300502.SZ|2024-01-23|388.96|338.39|43.05|68.15|7.47|7.47|46.79|29.94|11.75|13.04|0.16|0.16|-478.89|389.57|365.68|33.13|
|新易盛|300502.SZ|2024-01-22|372.78|324.31|41.26|65.32|7.16|7.16|44.84|28.69|11.26|12.5|0.17|0.17|-458.96|373.38|349.49|31.67|
|新易盛|300502.SZ|2024-01-19|362.34|315.23|40.1|63.49|6.96|6.96|43.58|27.89|10.95|12.15|0.18|0.18|-446.11|362.95|339.06|30.72|
|新易盛|300502.SZ|2024-01-18|372.99|324.5|41.28|65.36|7.17|7.17|44.87|28.71|11.27|12.5|0.17|0.17|-459.22|373.6|349.71|31.69|
|新易盛|300502.SZ|2024-01-17|342.68|298.12|37.92|60.04|6.59|6.59|41.22|26.38|10.35|11.49|0.19|0.19|-421.9|343.28|319.39|28.94|
|新易盛|300502.SZ|2024-01-16|339.27|295.16|37.55|59.45|6.52|6.52|40.81|26.12|10.25|11.37|0.19|0.19|-417.71|339.87|315.98|28.63|
|新易盛|300502.SZ|2024-01-15|332.6|289.35|36.81|58.28|6.39|6.39|40.01|25.6|10.05|11.15|0.19|0.19|-409.49|333.2|309.31|28.03|
|新易盛|300502.SZ|2024-01-12|313.86|273.05|34.73|54.99|6.03|6.03|37.75|24.16|9.48|10.52|0.2|0.2|-386.41|314.46|290.57|26.33|
|新易盛|300502.SZ|2024-01-11|325.92|283.55|36.07|57.11|6.26|6.26|39.2|25.09|9.84|10.93|0.2|0.2|-401.27|326.53|302.64|27.42|
|新易盛|300502.SZ|2024-01-10|315.13|274.16|34.88|55.22|6.06|6.06|37.91|24.26|9.52|10.56|0.2|0.2|-387.99|315.74|291.85|26.44|
|新易盛|300502.SZ|2024-01-09|321.81|279.97|35.61|56.39|6.18|6.18|38.71|24.77|9.72|10.79|0.2|0.2|-396.2|322.41|298.52|27.05|
|新易盛|300502.SZ|2024-01-08|312.08|271.5|34.54|54.68|6|6|37.54|24.02|9.43|10.46|0.2|0.2|-384.23|312.68|288.79|26.17|
|新易盛|300502.SZ|2024-01-05|317.48|276.2|35.14|55.63|6.1|6.1|38.19|24.44|9.59|10.64|0.2|0.2|-390.87|318.08|294.19|26.66|
|新易盛|300502.SZ|2024-01-04|337.78|293.86|37.38|59.19|6.49|6.49|40.63|26|10.2|11.32|0.19|0.19|-415.87|338.38|314.49|28.49|
|新易盛|300502.SZ|2024-01-03|330.25|287.32|36.55|57.87|6.35|6.35|39.73|25.42|9.98|11.07|0.19|0.19|-406.61|330.86|306.97|27.81|
|新易盛|300502.SZ|2024-01-02|340.55|296.27|37.69|59.67|6.54|6.54|40.96|26.21|10.29|11.42|0.19|0.19|-419.28|341.15|317.26|28.75|
|新易盛|300502.SZ|2023-12-29|350.13|304.61|38.75|61.35|6.73|6.73|42.12|26.95|10.58|11.74|0.16|0.18|-431.08|350.74|326.85|29.61|
|新易盛|300502.SZ|2023-12-28|342.89|298.31|37.95|60.08|6.59|6.59|41.24|26.39|10.36|11.49|0.17|0.19|-422.16|343.49|319.6|28.96|
|新易盛|300502.SZ|2023-12-27|333.8|290.4|36.94|58.49|6.41|6.41|40.15|25.69|10.08|11.19|0.17|0.19|-410.98|334.41|310.52|28.13|
|新易盛|300502.SZ|2023-12-26|336.22|292.5|37.21|58.91|6.46|6.46|40.44|25.88|10.16|11.27|0.17|0.19|-413.95|336.82|312.93|28.35|
|新易盛|300502.SZ|2023-12-25|351.2|305.54|38.87|61.54|6.75|6.75|42.24|27.03|10.61|11.77|0.16|0.18|-432.39|351.8|327.91|29.71|
|新易盛|300502.SZ|2023-12-22|346.8|301.71|38.38|60.77|6.66|6.66|41.71|26.69|10.48|11.63|0.16|0.18|-426.97|347.4|323.51|29.31|
|新易盛|300502.SZ|2023-12-21|360.35|313.5|39.88|63.14|6.92|6.92|43.35|27.74|10.88|12.08|0.16|0.18|-443.66|360.96|337.07|30.54|
|新易盛|300502.SZ|2023-12-20|349.42|303.99|38.67|61.23|6.71|6.71|42.03|26.9|10.55|11.71|0.16|0.18|-430.2|350.03|326.14|29.55|
|新易盛|300502.SZ|2023-12-19|368.31|320.42|40.76|64.53|7.08|7.08|44.3|28.35|11.13|12.35|0.16|0.17|-453.45|368.91|345.02|31.26|
|新易盛|300502.SZ|2023-12-18|367.03|319.31|40.62|64.31|7.05|7.05|44.15|28.25|11.09|12.3|0.16|0.17|-451.88|367.63|343.74|31.14|
|新易盛|300502.SZ|2023-12-15|362.06|314.99|40.07|63.44|6.96|6.96|43.55|27.87|10.94|12.14|0.16|0.18|-445.76|362.66|338.77|30.69|
|新易盛|300502.SZ|2023-12-14|381.94|332.28|42.27|66.92|7.34|7.34|45.94|29.4|11.54|12.8|0.15|0.17|-470.24|382.54|358.65|32.5|
|新易盛|300502.SZ|2023-12-13|371.86|323.51|41.15|65.16|7.15|7.15|44.73|28.62|11.23|12.47|0.15|0.17|-457.82|372.46|348.57|31.58|
|新易盛|300502.SZ|2023-12-12|374.34|325.67|41.43|65.59|7.19|7.19|45.03|28.81|11.31|12.55|0.15|0.17|-460.88|374.94|351.05|31.81|
|新易盛|300502.SZ|2023-12-11|392.44|341.42|43.43|68.76|7.54|7.54|47.21|30.21|11.85|13.16|0.15|0.16|-483.17|393.05|369.16|33.45|
|新易盛|300502.SZ|2023-12-08|384.78|334.75|42.58|67.42|7.39|7.39|46.28|29.62|11.62|12.9|0.15|0.17|-473.73|385.38|361.49|32.75|
|新易盛|300502.SZ|2023-12-07|361.92|314.86|40.05|63.42|6.95|6.95|43.53|27.86|10.93|12.13|0.16|0.18|-445.59|362.52|338.63|30.68|
|新易盛|300502.SZ|2023-12-06|343.6|298.93|38.03|60.21|6.6|6.6|41.33|26.45|10.38|11.52|0.17|0.19|-423.04|344.2|320.31|29.02|
|新易盛|300502.SZ|2023-12-05|341.47|297.07|37.79|59.83|6.56|6.56|41.07|26.28|10.31|11.45|0.17|0.19|-420.42|342.07|318.19|28.83|
|新易盛|300502.SZ|2023-12-04|347.86|302.63|38.5|60.95|6.68|6.68|41.84|26.78|10.51|11.66|0.16|0.18|-428.28|348.46|324.57|29.41|
|新易盛|300502.SZ|2023-12-01|353.75|307.76|39.15|61.98|6.8|6.8|42.55|27.23|10.69|11.86|0.16|0.18|-435.54|354.36|330.47|29.94|
|新易盛|300502.SZ|2023-11-30|328.69|285.96|36.38|57.59|6.32|6.32|39.54|25.3|9.93|11.02|0.17|0.19|-404.68|329.3|305.41|27.67|
|新易盛|300502.SZ|2023-11-29|314.42|273.54|34.8|55.09|6.04|6.04|37.82|24.2|9.5|10.54|0.18|0.2|-387.11|315.03|291.14|26.38|
|新易盛|300502.SZ|2023-11-28|318.4|277|35.24|55.79|6.12|6.12|38.3|24.51|9.62|10.67|0.18|0.2|-392.01|319|295.11|26.74|
|新易盛|300502.SZ|2023-11-27|321.59|279.78|35.59|56.35|6.18|6.18|38.68|24.75|9.71|10.78|0.18|0.2|-395.94|322.2|298.31|27.03|
|新易盛|300502.SZ|2023-11-24|302.21|262.92|33.45|52.95|5.81|5.81|36.35|23.26|9.13|10.13|0.19|0.21|-372.08|302.82|278.93|25.27|
|新易盛|300502.SZ|2023-11-23|316.98|275.77|35.08|55.54|6.09|6.09|38.13|24.4|9.57|10.63|0.18|0.2|-390.26|317.58|293.69|26.61|
|新易盛|300502.SZ|2023-11-22|308.46|268.35|34.14|54.05|5.93|5.93|37.1|23.74|9.32|10.34|0.19|0.21|-379.77|309.06|285.17|25.84|
|新易盛|300502.SZ|2023-11-21|328.55|285.83|36.36|57.57|6.31|6.31|39.52|25.29|9.92|11.01|0.17|0.19|-404.51|329.15|305.26|27.66|
|新易盛|300502.SZ|2023-11-20|335.37|291.76|37.12|58.76|6.44|6.44|40.34|25.81|10.13|11.24|0.17|0.19|-412.9|335.97|312.08|28.28|
|新易盛|300502.SZ|2023-11-17|332.46|289.23|36.79|58.25|6.39|6.39|39.99|25.59|10.04|11.14|0.17|0.19|-409.31|333.06|309.17|28.01|
|新易盛|300502.SZ|2023-11-16|294.4|256.13|32.58|51.59|5.66|5.66|35.41|22.66|8.89|9.87|0.19|0.22|-362.47|295.01|271.12|24.56|
|新易盛|300502.SZ|2023-11-15|303.06|263.66|33.54|53.1|5.82|5.82|36.45|23.33|9.15|10.16|0.19|0.21|-373.13|303.67|279.78|25.35|
|新易盛|300502.SZ|2023-11-14|312.79|272.12|34.62|54.81|6.01|6.01|37.62|24.08|9.45|10.49|0.18|0.2|-385.1|313.39|289.5|26.23|
|新易盛|300502.SZ|2023-11-13|307.04|267.12|33.98|53.8|5.9|5.9|36.93|23.63|9.27|10.29|0.19|0.21|-378.02|307.64|283.75|25.71|
|新易盛|300502.SZ|2023-11-10|302.43|263.11|33.47|52.99|5.81|5.81|36.38|23.28|9.14|10.14|0.19|0.21|-372.34|303.03|279.14|25.29|
|新易盛|300502.SZ|2023-11-09|293.98|255.76|32.53|51.51|5.65|5.65|35.36|22.63|8.88|9.85|0.19|0.22|-361.94|294.58|270.69|24.53|
|新易盛|300502.SZ|2023-11-08|292.84|254.77|32.41|51.31|5.63|5.63|35.22|22.54|8.85|9.82|0.2|0.22|-360.54|293.45|269.56|24.42|
|新易盛|300502.SZ|2023-11-07|281.2|244.64|31.12|49.27|5.4|5.4|33.82|21.65|8.49|9.43|0.2|0.23|-346.21|281.8|257.91|23.37|
|新易盛|300502.SZ|2023-11-06|234.34|203.88|25.94|41.06|4.5|4.5|28.19|18.04|7.08|7.86|0.24|0.27|-288.52|234.95|211.06|19.12|
|新易盛|300502.SZ|2023-11-03|227.17|197.64|25.14|39.81|4.37|4.37|27.33|17.49|6.86|7.62|0.25|0.28|-279.69|227.78|203.89|18.47|
|新易盛|300502.SZ|2023-11-02|213.4|185.66|23.62|37.39|4.1|4.1|25.67|16.43|6.45|7.15|0.27|0.3|-262.74|214.01|190.12|17.23|
|新易盛|300502.SZ|2023-11-01|217.8|189.49|24.1|38.16|4.19|4.19|26.2|16.77|6.58|7.3|0.26|0.29|-268.16|218.41|194.52|17.62|
|新易盛|300502.SZ|2023-10-31|222.77|193.81|24.65|39.03|4.28|4.28|26.8|17.15|6.73|7.47|0.26|0.29|-274.27|223.38|199.49|18.07|
|新易盛|300502.SZ|2023-10-30|230.3|200.36|25.49|40.35|4.43|4.43|27.7|17.73|6.96|7.72|0.25|0.28|-283.54|230.9|207.01|18.76|
|新易盛|300502.SZ|2023-10-27|230.08|200.17|25.46|40.32|4.42|4.42|27.68|17.71|6.95|7.71|0.25|0.28|-283.28|230.69|206.8|18.74|
|新易盛|300502.SZ|2023-10-26|232.14|201.96|25.69|40.68|4.46|4.46|27.92|17.87|7.01|7.78|0.25|0.28|-285.81|232.75|208.86|18.92|
|新易盛|300502.SZ|2023-10-25|229.02|199.24|25.35|40.13|4.4|4.4|27.55|17.63|6.92|7.68|0.25|0.28|-281.97|229.62|205.73|18.64|
|新易盛|300502.SZ|2023-10-24|241.09|209.74|26.68|42.24|4.63|4.63|29|18.56|7.28|8.08|0.24|0.27|-296.83|241.69|217.8|19.73|
|新易盛|300502.SZ|2023-10-23|237.18|206.35|26.25|41.56|4.56|4.56|28.53|18.26|7.16|7.95|0.24|0.27|-292.02|237.79|213.9|19.38|
|新易盛|300502.SZ|2023-10-20|259.55|225.8|28.72|35.51|5.13|5.13|31.22|23.32|7.84|8.28|0.22|0.25|2015.65|260.4|238.56|21.61|
|新易盛|300502.SZ|2023-10-19|270.62|235.44|29.95|37.03|5.35|5.35|32.55|24.31|8.17|8.63|0.21|0.24|2101.65|271.47|249.63|22.62|
|新易盛|300502.SZ|2023-10-18|278.15|241.98|30.78|38.06|5.49|5.49|33.46|24.99|8.4|8.87|0.21|0.23|2160.09|279|257.16|23.3|
|新易盛|300502.SZ|2023-10-17|291.56|253.66|32.27|39.89|5.76|5.76|35.07|26.19|8.81|9.3|0.2|0.22|2264.29|292.41|270.58|24.52|
|新易盛|300502.SZ|2023-10-16|292.49|254.46|32.37|40.02|5.78|5.78|35.18|26.27|8.83|9.33|0.2|0.22|2271.46|293.34|271.5|24.6|
|新易盛|300502.SZ|2023-10-13|304.34|264.77|33.68|41.64|6.01|6.01|36.61|27.34|9.19|9.7|0.19|0.21|2363.53|305.19|283.36|25.67|
|新易盛|300502.SZ|2023-10-12|310.45|270.08|34.36|42.48|6.13|6.13|37.34|27.89|9.38|9.9|0.18|0.21|2410.95|311.3|289.46|26.23|
|新易盛|300502.SZ|2023-10-11|319.68|278.11|35.38|43.74|6.31|6.31|38.45|28.72|9.66|10.19|0.18|0.2|2482.62|320.53|298.69|27.06|
|新易盛|300502.SZ|2023-10-10|317.55|276.26|35.14|43.45|6.27|6.27|38.2|28.53|9.59|10.12|0.18|0.2|2466.08|318.4|296.56|26.87|
|新易盛|300502.SZ|2023-10-09|319.25|277.74|35.33|43.68|6.31|6.31|38.4|28.68|9.64|10.18|0.18|0.2|2479.31|320.1|298.26|27.02|
|新易盛|300502.SZ|2023-09-28|326.56|284.1|36.14|44.68|6.45|6.45|39.28|29.34|9.86|10.41|0.17|0.2|2536.1|327.41|305.58|27.69|
|新易盛|300502.SZ|2023-09-27|320.17|278.55|35.43|43.81|6.32|6.32|38.51|28.76|9.67|10.21|0.18|0.2|2486.48|321.02|299.19|27.11|
|新易盛|300502.SZ|2023-09-26|311.37|270.89|34.46|42.6|6.15|6.15|37.45|27.97|9.41|9.93|0.18|0.21|2418.11|312.22|290.38|26.31|
|新易盛|300502.SZ|2023-09-25|303.14|263.72|33.55|41.48|5.99|5.99|36.46|27.23|9.16|9.66|0.19|0.21|2354.16|303.99|282.15|25.56|
|新易盛|300502.SZ|2023-09-22|316.91|275.7|35.07|43.36|6.26|6.26|38.12|28.47|9.57|10.1|0.18|0.2|2461.12|317.76|295.92|26.81|
|新易盛|300502.SZ|2023-09-21|282.55|245.81|31.27|38.66|5.58|5.58|33.99|25.38|8.53|9.01|0.2|0.23|2194.28|283.4|261.56|23.7|
|新易盛|300502.SZ|2023-09-20|281.41|244.82|31.14|38.5|5.56|5.56|33.85|25.28|8.5|8.97|0.2|0.23|2185.45|282.26|260.43|23.6|
|新易盛|300502.SZ|2023-09-19|276.3|240.38|30.58|37.8|5.46|5.46|33.24|24.82|8.35|8.81|0.21|0.23|2145.76|277.15|255.31|23.13|
|新易盛|300502.SZ|2023-09-18|277.22|241.18|30.68|37.93|5.48|5.48|33.35|24.9|8.37|8.84|0.21|0.23|2152.93|278.07|256.24|23.22|
|新易盛|300502.SZ|2023-09-15|285.74|248.59|31.62|39.1|5.64|5.64|34.37|25.67|8.63|9.11|0.2|0.22|2219.08|286.59|264.76|23.99|
|新易盛|300502.SZ|2023-09-14|296.89|258.29|32.86|40.62|5.86|5.86|35.71|26.67|8.97|9.47|0.19|0.22|2305.64|297.74|275.9|25|
|新易盛|300502.SZ|2023-09-13|301.64|262.43|33.38|41.27|5.96|5.96|36.28|27.1|9.11|9.62|0.19|0.21|2342.58|302.5|280.66|25.43|
|新易盛|300502.SZ|2023-09-12|314.35|273.48|34.79|43.01|6.21|6.21|37.81|28.24|9.5|10.02|0.18|0.2|2441.27|315.2|293.37|26.58|
|新易盛|300502.SZ|2023-09-11|312.51|271.88|34.59|42.76|6.17|6.17|37.59|28.07|9.44|9.96|0.18|0.2|2426.93|313.36|291.52|26.41|
|新易盛|300502.SZ|2023-09-08|293.84|255.63|32.52|40.2|5.8|5.8|35.34|26.4|8.88|9.37|0.19|0.22|2281.94|294.69|272.85|24.72|
|新易盛|300502.SZ|2023-09-07|299.51|260.57|33.15|40.98|5.92|5.92|36.03|26.91|9.05|9.55|0.19|0.21|2326.04|300.37|278.53|25.24|
|新易盛|300502.SZ|2023-09-06|311.16|270.7|34.44|42.57|6.15|6.15|37.43|27.95|9.4|9.92|0.18|0.21|2416.46|312.01|290.17|26.29|
|新易盛|300502.SZ|2023-09-05|310.94|270.52|34.41|42.55|6.14|6.14|37.4|27.93|9.39|9.91|0.18|0.21|2414.81|311.8|289.96|26.27|
|新易盛|300502.SZ|2023-09-04|318.33|276.94|35.23|43.56|6.29|6.29|38.29|28.6|9.62|10.15|0.18|0.2|2472.14|319.18|297.34|26.94|
|新易盛|300502.SZ|2023-09-01|314.14|273.3|34.77|42.98|6.21|6.21|37.79|28.22|9.49|10.02|0.18|0.2|2439.61|314.99|293.15|26.56|
|新易盛|300502.SZ|2023-08-31|323.58|281.51|35.81|44.27|6.39|6.39|38.92|29.07|9.77|10.32|0.18|0.2|2512.94|324.43|302.59|27.42|
|新易盛|300502.SZ|2023-08-30|322.45|280.52|35.69|44.12|6.37|6.37|38.79|28.97|9.74|10.28|0.18|0.2|2504.12|323.3|301.46|27.31|
|新易盛|300502.SZ|2023-08-29|320.53|278.85|35.47|43.86|6.33|6.33|38.56|28.79|9.68|10.22|0.18|0.2|2489.23|321.38|299.54|27.14|
|新易盛|300502.SZ|2023-08-28|315.77|274.72|34.95|43.21|6.24|6.24|37.98|28.37|9.54|10.07|0.18|0.2|2452.3|316.62|294.79|26.71|
|新易盛|300502.SZ|2023-08-25|310.94|270.52|34.41|42.55|6.14|6.14|37.4|27.93|9.39|9.91|0.18|0.21|2414.81|311.8|289.96|26.27|
|新易盛|300502.SZ|2023-08-24|332.95|289.66|36.85|37.88|6.74|6.83|40.05|31.14|10.06|10.5|0.17|0.19|188.54|333.75|312.98|28.36|
|新易盛|300502.SZ|2023-08-23|335.08|291.52|37.08|38.12|6.79|6.87|40.31|31.34|10.12|10.56|0.17|0.19|189.74|335.88|315.11|28.55|
|新易盛|300502.SZ|2023-08-22|354.68|308.56|39.25|40.35|7.18|7.28|42.66|33.18|10.71|11.18|0.16|0.18|200.84|355.47|334.71|30.33|
|新易盛|300502.SZ|2023-08-21|339.77|295.59|37.6|38.65|6.88|6.97|40.87|31.78|10.26|10.71|0.17|0.19|192.39|340.57|319.8|28.98|
|新易盛|300502.SZ|2023-08-18|333.66|290.28|36.93|37.96|6.76|6.85|40.13|31.21|10.08|10.52|0.17|0.19|188.94|334.46|313.69|28.42|
|新易盛|300502.SZ|2023-08-17|356.24|309.92|39.43|40.53|7.21|7.31|42.85|33.32|10.76|11.23|0.16|0.18|201.72|357.04|336.27|30.47|
|新易盛|300502.SZ|2023-08-16|348.78|303.44|38.6|39.68|7.06|7.16|41.95|32.62|10.54|10.99|0.16|0.18|197.5|349.58|328.82|29.79|
|新易盛|300502.SZ|2023-08-15|357.37|310.91|39.55|40.66|7.24|7.33|42.99|33.43|10.79|11.27|0.16|0.18|202.36|358.17|337.41|30.57|
|新易盛|300502.SZ|2023-08-14|362.06|314.99|40.07|41.19|7.33|7.43|43.55|33.87|10.94|11.41|0.16|0.18|205.02|362.86|342.09|31|
|新易盛|300502.SZ|2023-08-11|359.57|312.82|39.79|40.91|7.28|7.38|43.25|33.63|10.86|11.33|0.16|0.18|203.61|360.37|339.61|30.77|
|新易盛|300502.SZ|2023-08-10|367.45|319.68|40.67|41.8|7.44|7.54|44.2|34.37|11.1|11.58|0.16|0.17|208.07|368.25|347.49|31.48|
|新易盛|300502.SZ|2023-08-09|374.62|325.92|41.46|42.62|7.59|7.69|45.06|35.04|11.32|11.81|0.15|0.17|212.13|375.42|354.66|32.13|
|新易盛|300502.SZ|2023-08-08|395.35|343.95|43.75|44.98|8.01|8.11|47.56|36.98|11.94|12.46|0.14|0.16|223.87|396.15|375.39|34.01|
|新易盛|300502.SZ|2023-08-07|409.41|356.18|45.31|46.58|8.29|8.4|49.25|38.3|12.37|12.91|0.14|0.16|231.83|410.21|389.44|35.29|
|新易盛|300502.SZ|2023-08-04|402.74|350.37|44.57|45.82|8.16|8.26|48.44|37.67|12.17|12.7|0.14|0.16|228.05|403.54|382.77|34.68|
|新易盛|300502.SZ|2023-08-03|379.88|330.49|42.04|43.22|7.69|7.79|45.69|35.53|11.47|11.97|0.15|0.17|215.11|380.68|359.91|32.61|
|新易盛|300502.SZ|2023-08-02|387.54|337.16|42.89|44.09|7.85|7.95|46.62|36.25|11.71|12.22|0.15|0.16|219.45|388.34|367.58|33.3|
|新易盛|300502.SZ|2023-08-01|381.72|332.09|42.25|43.43|7.73|7.83|45.92|35.71|11.53|12.03|0.15|0.17|216.15|382.52|361.76|32.78|
|新易盛|300502.SZ|2023-07-31|368.45|320.54|40.78|41.92|7.46|7.56|44.32|34.46|11.13|11.61|0.15|0.17|208.64|369.25|348.48|31.57|
|新易盛|300502.SZ|2023-07-28|373.42|324.87|41.33|42.48|7.56|7.66|44.92|34.93|11.28|11.77|0.15|0.17|211.45|374.22|353.45|32.02|
|新易盛|300502.SZ|2023-07-27|379.74|330.36|42.03|43.2|7.69|7.79|45.68|35.52|11.47|11.97|0.15|0.17|215.03|380.53|359.77|32.6|
|新易盛|300502.SZ|2023-07-26|390.46|339.69|43.21|44.42|7.91|8.01|46.97|36.52|11.79|12.31|0.15|0.16|221.1|391.25|370.49|33.57|
|新易盛|300502.SZ|2023-07-25|410.33|356.98|45.41|46.68|8.31|8.42|49.36|38.38|12.39|12.93|0.14|0.16|232.35|411.13|390.37|35.37|
|新易盛|300502.SZ|2023-07-24|401.46|349.26|44.43|45.67|8.13|8.24|48.29|37.55|12.13|12.66|0.14|0.16|227.33|402.26|381.49|34.57|
|新易盛|300502.SZ|2023-07-21|394.86|343.52|43.7|44.92|8|8.1|47.5|36.93|11.93|12.45|0.14|0.16|223.59|395.66|374.89|33.97|
|新易盛|300502.SZ|2023-07-20|410.48|357.11|45.43|46.7|8.31|8.42|49.37|38.4|12.4|12.94|0.14|0.16|232.43|411.27|390.51|35.38|
|新易盛|300502.SZ|2023-07-19|455.56|396.33|50.42|51.83|9.23|9.35|54.8|42.61|13.76|14.36|0.13|0.14|257.96|456.35|435.59|39.47|
|新易盛|300502.SZ|2023-07-18|461.66|401.64|51.09|52.52|9.35|9.47|55.53|43.18|13.95|14.55|0.12|0.14|261.42|462.46|441.69|40.02|
|新易盛|300502.SZ|2023-07-17|484.02|421.09|53.57|55.07|9.8|9.93|58.22|45.28|14.62|15.26|0.12|0.13|274.08|484.82|464.05|42.05|
|新易盛|300502.SZ|2023-07-14|464.22|403.86|51.38|52.81|9.4|9.52|55.84|43.42|14.02|14.63|0.12|0.14|262.86|465.02|444.25|40.25|
|新易盛|300502.SZ|2023-07-13|450.09|391.57|49.81|51.2|9.11|9.23|54.14|42.1|13.6|14.19|0.13|0.14|254.86|450.89|430.12|38.97|
|新易盛|300502.SZ|2023-07-12|421.27|366.49|46.62|47.93|8.53|8.64|50.67|39.4|12.72|13.28|0.14|0.15|238.54|422.07|401.3|36.36|
|新易盛|300502.SZ|2023-07-11|463.58|403.3|51.3|52.74|9.39|9.51|55.76|43.36|14|14.61|0.12|0.14|262.5|464.38|443.61|40.19|
|新易盛|300502.SZ|2023-07-10|460.38|400.53|50.95|52.38|9.32|9.45|55.38|43.06|13.91|14.51|0.12|0.14|260.69|461.18|440.41|39.9|
|新易盛|300502.SZ|2023-07-07|479.05|416.77|53.02|54.5|9.7|9.83|57.62|44.81|14.47|15.1|0.12|0.13|271.27|479.85|459.09|41.6|
|新易盛|300502.SZ|2023-07-06|482.74|419.98|53.43|54.92|9.78|9.9|58.07|45.16|14.58|15.22|0.12|0.13|273.36|483.54|462.78|41.93|
|新易盛|300502.SZ|2023-07-05|471.46|410.16|52.18|53.64|9.55|9.67|56.71|44.1|14.24|14.86|0.12|0.14|266.96|472.26|451.49|40.91|
|新易盛|300502.SZ|2023-07-04|506.81|440.92|56.09|57.66|10.26|10.4|60.96|47.41|15.31|15.98|0.11|0.13|286.98|507.61|486.84|44.11|
|新易盛|300502.SZ|2023-07-03|481.04|418.5|53.24|54.73|9.74|9.87|57.86|45|14.53|15.16|0.12|0.13|272.39|481.84|461.07|41.78|
|新易盛|300502.SZ|2023-06-30|482.53|419.79|53.4|54.9|9.77|9.9|58.04|45.14|14.58|15.21|0.12|0.13|273.24|483.33|462.56|41.91|
|新易盛|300502.SZ|2023-06-29|430.21|374.28|47.61|48.94|8.71|8.83|51.75|40.24|13|13.56|0.13|0.15|243.61|431.01|410.24|37.17|
|新易盛|300502.SZ|2023-06-28|404.65|352.04|44.78|46.04|8.19|8.3|48.67|37.85|12.22|12.76|0.14|0.16|229.14|405.45|384.69|34.85|
|新易盛|300502.SZ|2023-06-27|437.03|380.21|48.37|49.72|8.85|8.97|52.57|40.88|13.2|13.78|0.13|0.15|247.47|437.83|417.06|37.79|
|新易盛|300502.SZ|2023-06-26|456.34|397|50.5|51.92|9.24|9.36|54.89|42.69|13.78|14.39|0.13|0.14|258.4|457.14|436.37|39.54|
|新易盛|300502.SZ|2023-06-21|500.07|435.05|55.34|56.89|10.13|10.26|60.15|46.78|15.11|15.76|0.11|0.13|283.17|500.87|480.1|43.5|
|新易盛|300502.SZ|2023-06-20|567.94|494.09|62.85|64.61|11.5|11.65|68.31|53.12|17.16|17.9|0.1|0.11|321.6|568.73|547.97|49.65|
|新易盛|300502.SZ|2023-06-19|555.87|483.59|61.52|63.24|11.26|11.4|66.86|52|16.79|17.52|0.1|0.11|314.76|556.67|535.9|48.56|
|新易盛|300502.SZ|2023-06-16|487.29|423.93|53.93|55.44|9.87|10|58.61|45.58|14.72|15.36|0.12|0.13|275.93|488.09|467.32|42.34|
|新易盛|300502.SZ|2023-06-15|452.93|394.04|50.13|51.53|9.17|9.29|54.48|42.37|13.68|14.28|0.13|0.14|256.47|453.73|432.96|39.23|
|新易盛|300502.SZ|2023-06-14|467.13|406.39|51.7|53.14|9.46|9.58|56.19|43.69|14.11|14.73|0.12|0.14|264.51|467.93|447.16|40.51|
|新易盛|300502.SZ|2023-06-13|435.75|379.09|48.22|49.57|8.82|8.94|52.41|40.76|13.16|13.74|0.13|0.15|246.74|436.55|415.78|37.67|
|新易盛|300502.SZ|2023-06-12|431.77|375.64|47.78|49.12|8.74|8.86|51.94|40.39|13.04|13.61|0.13|0.15|244.49|432.57|411.8|37.31|
|新易盛|300502.SZ|2023-06-09|418.07|363.72|46.27|47.56|8.47|8.58|50.29|39.11|12.63|13.18|0.14|0.15|236.73|418.87|398.1|36.07|
|新易盛|300502.SZ|2023-06-08|391.02|340.18|43.27|44.49|7.92|8.02|47.03|36.58|11.81|12.33|0.15|0.16|221.42|391.82|371.06|33.62|
|新易盛|300502.SZ|2023-06-07|408.46|355.35|45.2|46.47|8.27|8.27|49.13|38.21|12.34|12.88|0.14|0.14|231.29|409.26|388.49|35.2|
|新易盛|300502.SZ|2023-06-06|403.13|350.72|44.62|45.86|8.16|8.16|48.49|37.71|12.18|12.71|0.14|0.14|228.28|403.93|383.17|34.72|
|新易盛|300502.SZ|2023-06-05|406.94|354.03|45.04|46.3|8.24|8.24|48.95|38.06|12.29|12.83|0.14|0.14|230.43|407.74|386.97|35.06|
|新易盛|300502.SZ|2023-06-02|401.76|349.53|44.46|45.71|8.14|8.14|48.33|37.58|12.14|12.66|0.14|0.14|227.5|402.56|381.8|34.59|
|新易盛|300502.SZ|2023-06-01|414.8|360.87|45.91|47.19|8.4|8.4|49.89|38.8|12.53|13.08|0.14|0.14|234.88|415.6|394.83|35.77|
|新易盛|300502.SZ|2023-05-31|428.13|370.4|47.38|48.71|8.67|8.67|51.5|40.05|12.93|13.5|0.13|0.13|242.43|428.93|408.16|36.98|
|新易盛|300502.SZ|2023-05-30|386.96|334.78|42.82|44.02|7.84|7.84|46.55|36.2|11.69|12.2|0.15|0.15|219.12|387.76|366.99|33.25|
|新易盛|300502.SZ|2023-05-29|362.52|313.63|40.12|41.24|7.34|7.34|43.61|33.91|10.95|11.43|0.16|0.16|205.28|363.32|342.55|31.04|
|新易盛|300502.SZ|2023-05-26|351.92|304.46|38.95|40.04|7.13|7.13|42.33|32.92|10.63|11.09|0.16|0.16|199.28|352.72|331.95|30.08|
|新易盛|300502.SZ|2023-05-25|347.61|300.73|38.47|39.55|7.04|7.04|41.81|32.52|10.5|10.96|0.16|0.16|196.83|348.41|327.64|29.69|
|新易盛|300502.SZ|2023-05-24|324.94|281.12|35.96|36.97|6.58|6.58|39.09|30.39|9.82|10.24|0.18|0.18|184|325.74|304.97|27.63|
|新易盛|300502.SZ|2023-05-23|319.62|276.52|35.37|36.36|6.47|6.47|38.45|29.9|9.65|10.08|0.18|0.18|180.98|320.42|299.65|27.15|
|新易盛|300502.SZ|2023-05-22|316.37|273.71|35.01|35.99|6.41|6.41|38.05|29.59|9.56|9.97|0.18|0.18|179.15|317.17|296.4|26.86|
|新易盛|300502.SZ|2023-05-19|336.2|290.86|37.21|38.25|6.81|6.81|40.44|31.45|10.16|10.6|0.17|0.17|190.37|337|316.23|28.65|
|新易盛|300502.SZ|2023-05-18|373.98|323.55|41.39|42.55|7.57|7.57|44.98|34.98|11.3|11.79|0.15|0.15|211.77|374.78|354.01|32.08|
|新易盛|300502.SZ|2023-05-17|311.66|269.63|34.49|35.46|6.31|6.31|37.49|29.15|9.41|9.82|0.18|0.18|176.48|312.45|291.69|26.43|
|新易盛|300502.SZ|2023-05-16|304.2|263.18|33.67|34.61|6.16|6.16|36.59|28.45|9.19|9.59|0.19|0.19|172.26|305|284.23|25.75|
|新易盛|300502.SZ|2023-05-15|322.56|279.06|35.7|36.7|6.53|6.53|38.8|30.17|9.74|10.17|0.18|0.18|182.65|323.36|302.59|27.42|
|新易盛|300502.SZ|2023-05-12|318.3|275.38|35.23|36.21|6.45|6.45|38.29|29.77|9.61|10.03|0.18|0.18|180.24|319.1|298.33|27.03|
|新易盛|300502.SZ|2023-05-11|308.76|267.13|34.17|35.13|6.25|6.25|37.14|28.88|9.33|9.73|0.18|0.18|174.84|309.56|288.8|26.17|
|新易盛|300502.SZ|2023-05-10|312.16|270.07|34.55|35.51|6.32|6.32|37.55|29.2|9.43|9.84|0.18|0.18|176.76|312.96|292.19|26.47|
|新易盛|300502.SZ|2023-05-09|325.96|282|36.07|37.08|6.6|6.6|39.21|30.49|9.85|10.28|0.18|0.18|184.57|326.75|305.99|27.72|
|新易盛|300502.SZ|2023-05-08|314.09|271.73|34.76|35.73|6.36|6.36|37.78|29.38|9.49|9.9|0.18|0.18|177.85|314.89|294.12|26.65|
|新易盛|300502.SZ|2023-05-05|302.48|261.69|33.48|34.41|6.13|6.13|36.38|28.29|9.14|9.54|0.19|0.19|171.28|303.28|282.51|25.6|
|新易盛|300502.SZ|2023-05-04|325.6|281.69|36.03|37.04|6.59|6.59|39.17|30.46|9.84|10.26|0.18|0.18|184.37|326.4|305.63|27.69|
|新易盛|300502.SZ|2023-04-28|349.84|302.66|38.72|39.8|7.08|7.08|42.08|32.72|10.57|11.03|0.16|0.16|198.1|350.64|329.87|29.89|
|新易盛|300502.SZ|2023-04-27|319.46|276.38|35.36|36.34|6.47|6.47|38.43|29.88|9.65|10.07|0.18|0.18|180.9|320.26|299.5|27.14|
|新易盛|300502.SZ|2023-04-26|361.05|312.36|54.54|37.63|7.74|7.74|165.21|89.9|12.41|10.93|0.16|0.16|91.64|361.83|344.9|42.55|
|新易盛|300502.SZ|2023-04-25|374.23|323.76|56.54|39|8.02|8.02|171.25|93.19|12.87|11.33|0.15|0.15|94.98|375.02|358.09|44.18|
|新易盛|300502.SZ|2023-04-24|400.55|346.53|60.51|41.75|8.59|8.59|183.29|99.74|13.77|12.12|0.14|0.14|101.66|401.34|384.4|47.42|
|新易盛|300502.SZ|2023-04-21|383.86|332.1|57.99|40.01|8.23|8.23|175.66|95.59|13.2|11.62|0.15|0.15|97.43|384.65|367.72|45.36|
|新易盛|300502.SZ|2023-04-20|418.7|362.24|63.26|43.64|8.97|8.97|191.6|104.26|14.4|12.67|0.14|0.14|106.27|419.49|402.56|49.66|
|新易盛|300502.SZ|2023-04-19|390.51|337.85|59|40.7|8.37|8.37|178.7|97.24|13.43|11.82|0.15|0.15|99.12|391.3|374.36|46.18|
|新易盛|300502.SZ|2023-04-18|405.16|350.53|61.21|42.23|8.68|8.68|185.4|100.89|13.93|12.26|0.14|0.14|102.84|405.95|389.02|47.99|
|新易盛|300502.SZ|2023-04-17|354.1|306.35|53.5|36.9|7.59|7.59|162.04|88.17|12.18|10.72|0.16|0.16|89.88|354.89|337.95|41.69|
|新易盛|300502.SZ|2023-04-14|368.55|318.85|55.68|38.41|7.9|7.9|168.65|91.77|12.67|11.16|0.15|0.15|93.54|369.34|352.41|43.48|
|新易盛|300502.SZ|2023-04-13|339.04|293.32|51.22|35.34|7.27|7.27|155.14|84.42|11.66|10.26|0.17|0.17|86.05|339.83|322.89|39.83|
|新易盛|300502.SZ|2023-04-12|359.98|311.44|54.38|37.52|7.72|7.72|164.73|89.64|12.38|10.9|0.16|0.16|91.37|360.77|343.84|42.42|
|新易盛|300502.SZ|2023-04-11|365.51|316.22|55.22|38.09|7.83|7.83|167.26|91.02|12.57|11.06|0.16|0.16|92.77|366.3|349.36|43.1|
|新易盛|300502.SZ|2023-04-10|364.34|315.21|55.04|37.97|7.81|7.81|166.72|90.73|12.53|11.03|0.16|0.16|92.47|365.13|348.2|42.96|
|新易盛|300502.SZ|2023-04-07|355.97|307.97|53.78|37.1|7.63|7.63|162.89|88.64|12.24|10.78|0.16|0.16|90.35|356.76|339.83|41.92|
|新易盛|300502.SZ|2023-04-06|334.12|289.06|50.48|34.82|7.16|7.16|152.89|83.2|11.49|10.11|0.17|0.17|84.8|334.91|317.98|39.23|
|新易盛|300502.SZ|2023-04-04|312.87|270.68|47.27|32.61|6.71|6.71|143.17|77.91|10.76|9.47|0.18|0.18|79.41|313.66|296.73|36.61|
|新易盛|300502.SZ|2023-04-03|295.12|255.33|44.59|30.76|6.33|6.33|135.05|73.49|10.15|8.93|0.19|0.19|74.91|295.91|278.98|34.42|
|新易盛|300502.SZ|2023-03-31|245.94|212.77|37.15|25.63|5.27|5.27|112.54|61.24|8.46|7.44|0.23|0.23|62.42|246.73|229.79|28.35|
|新易盛|300502.SZ|2023-03-30|231.03|199.87|34.9|24.08|4.95|4.95|105.72|57.53|7.94|6.99|0.25|0.25|58.64|231.82|214.89|26.51|
|新易盛|300502.SZ|2023-03-29|229.76|198.78|34.71|23.95|4.92|4.92|105.14|57.21|7.9|6.95|0.25|0.25|58.32|230.55|213.62|26.35|
|新易盛|300502.SZ|2023-03-28|216.68|187.46|32.73|22.58|4.64|4.64|99.15|53.96|7.45|6.56|0.26|0.26|55|217.47|200.53|24.74|
|新易盛|300502.SZ|2023-03-27|219.06|189.52|33.09|22.83|4.7|4.7|100.24|54.55|7.53|6.63|0.26|0.26|55.6|219.85|202.92|25.03|
|新易盛|300502.SZ|2023-03-24|199.28|172.41|30.11|20.77|4.27|4.27|91.19|49.62|6.85|6.03|0.29|0.29|50.58|200.07|183.14|22.59|
|新易盛|300502.SZ|2023-03-23|197.56|170.92|29.85|20.59|4.23|4.23|90.4|49.19|6.79|5.98|0.29|0.29|50.14|198.35|181.42|22.38|
|新易盛|300502.SZ|2023-03-22|187.88|162.54|28.38|19.58|4.03|4.03|85.97|46.78|6.46|5.69|0.3|0.3|47.69|188.66|171.73|21.19|
|新易盛|300502.SZ|2023-03-21|162.93|140.96|24.61|16.98|3.49|3.49|74.56|40.57|5.6|4.93|0.35|0.35|41.35|163.72|146.78|18.11|
|新易盛|300502.SZ|2023-03-20|161.76|139.95|24.44|16.86|3.47|3.47|74.02|40.28|5.56|4.9|0.35|0.35|41.06|162.55|145.62|17.96|
|新易盛|300502.SZ|2023-03-17|159.02|137.58|24.02|16.57|3.41|3.41|72.77|39.6|5.47|4.81|0.36|0.36|40.36|159.81|142.88|17.63|
|新易盛|300502.SZ|2023-03-16|149.89|129.68|22.65|15.62|3.21|3.21|68.59|37.33|5.15|4.54|0.38|0.38|38.05|150.68|133.75|16.5|
|新易盛|300502.SZ|2023-03-15|152.13|131.61|22.98|15.85|3.26|3.26|69.61|37.88|5.23|4.6|0.38|0.38|38.61|152.91|135.98|16.78|
|新易盛|300502.SZ|2023-03-14|156.54|135.43|23.65|16.31|3.36|3.36|71.63|38.98|5.38|4.74|0.36|0.36|39.73|157.33|140.39|17.32|
|新易盛|300502.SZ|2023-03-13|160.44|138.81|24.24|16.72|3.44|3.44|73.42|39.95|5.52|4.86|0.36|0.36|40.72|161.23|144.3|17.8|
|新易盛|300502.SZ|2023-03-10|156.39|135.3|23.63|16.3|3.35|3.35|71.56|38.94|5.38|4.73|0.37|0.37|39.69|157.17|140.24|17.3|
|新易盛|300502.SZ|2023-03-09|159.07|137.62|24.03|16.58|3.41|3.41|72.79|39.61|5.47|4.82|0.36|0.36|40.37|159.86|142.93|17.63|
|新易盛|300502.SZ|2023-03-08|157.6|136.35|23.81|16.43|3.38|3.38|72.12|39.24|5.42|4.77|0.36|0.36|40|158.39|141.46|17.45|
|新易盛|300502.SZ|2023-03-07|154.26|133.45|23.3|16.08|3.31|3.31|70.59|38.41|5.3|4.67|0.37|0.37|39.15|155.04|138.11|17.04|
|新易盛|300502.SZ|2023-03-06|163.08|141.09|24.64|17|3.5|3.5|74.62|40.61|5.61|4.94|0.35|0.35|41.39|163.87|146.94|18.13|
|新易盛|300502.SZ|2023-03-03|164.8|142.58|24.9|17.18|3.53|3.53|75.41|41.04|5.67|4.99|0.35|0.35|41.83|165.59|148.66|18.34|
|新易盛|300502.SZ|2023-03-02|169.42|146.57|25.59|17.66|3.63|3.63|77.53|42.19|5.83|5.13|0.34|0.34|43|170.21|153.27|18.91|
|新易盛|300502.SZ|2023-03-01|168.15|145.47|25.4|17.52|3.6|3.6|76.95|41.87|5.78|5.09|0.34|0.34|42.68|168.94|152.01|18.75|
|新易盛|300502.SZ|2023-02-28|163.23|141.22|24.66|17.01|3.5|3.5|74.69|40.65|5.61|4.94|0.35|0.35|41.43|164.02|147.09|18.15|
|新易盛|300502.SZ|2023-02-27|156.69|135.56|23.67|16.33|3.36|3.36|71.7|39.02|5.39|4.74|0.36|0.36|39.77|157.48|140.55|17.34|
|新易盛|300502.SZ|2023-02-24|159.12|137.67|24.04|16.58|3.41|3.41|72.81|39.62|5.47|4.82|0.36|0.36|40.39|159.91|142.98|17.64|
|新易盛|300502.SZ|2023-02-23|155.47|134.51|23.49|16.2|3.33|3.33|71.14|38.71|5.35|4.71|0.37|0.37|39.46|156.26|139.33|17.19|
|新易盛|300502.SZ|2023-02-22|157.1|135.91|23.73|16.37|3.37|3.37|71.89|39.12|5.4|4.76|0.36|0.36|39.87|157.88|140.95|17.39|
|新易盛|300502.SZ|2023-02-21|156.39|135.3|23.63|16.3|3.35|3.35|71.56|38.94|5.38|4.73|0.37|0.37|39.69|157.17|140.24|17.3|
|新易盛|300502.SZ|2023-02-20|158.57|137.18|23.96|16.53|3.4|3.4|72.56|39.48|5.45|4.8|0.36|0.36|40.25|159.35|142.42|17.57|
|新易盛|300502.SZ|2023-02-17|156.39|135.3|23.63|16.3|3.35|3.35|71.56|38.94|5.38|4.73|0.37|0.37|39.69|157.17|140.24|17.3|
|新易盛|300502.SZ|2023-02-16|159.63|138.1|24.12|16.64|3.42|3.42|73.05|39.75|5.49|4.83|0.36|0.36|40.52|160.42|143.49|17.7|
|新易盛|300502.SZ|2023-02-15|167.59|144.99|25.32|17.47|3.59|3.59|76.69|41.73|5.76|5.07|0.34|0.34|42.54|168.38|151.45|18.68|
|新易盛|300502.SZ|2023-02-14|164.09|141.97|24.79|17.1|3.52|3.52|75.09|40.86|5.64|4.97|0.35|0.35|41.65|164.88|147.95|18.25|
|新易盛|300502.SZ|2023-02-13|170.99|147.93|25.83|17.82|3.67|3.67|78.24|42.58|5.88|5.18|0.33|0.33|43.4|171.78|154.85|19.1|
|新易盛|300502.SZ|2023-02-10|164.6|142.4|24.87|17.15|3.53|3.53|75.32|40.99|5.66|4.98|0.35|0.35|41.78|165.39|148.46|18.31|
|新易盛|300502.SZ|2023-02-09|162.27|140.39|24.51|16.91|3.48|3.48|74.25|40.41|5.58|4.91|0.35|0.35|41.19|163.06|146.12|18.03|
|新易盛|300502.SZ|2023-02-08|144.93|125.38|21.89|15.1|3.11|3.11|66.32|36.09|4.98|4.39|0.39|0.39|36.78|145.71|128.78|15.89|
|新易盛|300502.SZ|2023-02-07|146.8|127.01|22.18|15.3|3.15|3.15|67.18|36.56|5.05|4.44|0.39|0.39|37.26|147.59|130.66|16.12|
|新易盛|300502.SZ|2023-02-06|138.13|119.5|20.87|14.4|2.96|2.96|63.21|34.4|4.75|4.18|0.41|0.41|35.06|138.92|121.99|15.05|
|新易盛|300502.SZ|2023-02-03|133.82|115.77|20.22|13.95|2.87|2.87|61.24|33.32|4.6|4.05|0.43|0.43|33.97|134.61|117.68|14.52|
|新易盛|300502.SZ|2023-02-02|132.55|114.68|20.03|13.81|2.84|2.84|60.66|33.01|4.56|4.01|0.43|0.43|33.64|133.34|116.41|14.36|
|新易盛|300502.SZ|2023-02-01|130.78|113.14|19.76|13.63|2.8|2.8|59.84|32.57|4.5|3.96|0.44|0.44|33.19|131.57|114.63|14.14|
|新易盛|300502.SZ|2023-01-31|127.48|110.29|19.26|13.29|2.73|2.73|58.34|31.74|4.38|3.86|0.45|0.45|32.36|128.27|111.34|13.74|
|新易盛|300502.SZ|2023-01-30|130.63|113.01|19.73|13.61|2.8|2.8|59.77|32.53|4.49|3.95|0.44|0.44|33.15|131.41|114.48|14.12|
|新易盛|300502.SZ|2023-01-20|129.81|112.31|19.61|13.53|2.78|2.78|59.4|32.33|4.46|3.93|0.44|0.44|32.95|130.6|113.67|14.02|
|新易盛|300502.SZ|2023-01-19|128.9|111.52|19.47|13.43|2.76|2.76|58.99|32.1|4.43|3.9|0.44|0.44|32.72|129.69|112.76|13.91|
|新易盛|300502.SZ|2023-01-18|128.29|110.99|19.38|13.37|2.75|2.75|58.71|31.95|4.41|3.88|0.45|0.45|32.56|129.08|112.15|13.84|
|新易盛|300502.SZ|2023-01-17|127.63|110.42|19.28|13.3|2.74|2.74|58.41|31.78|4.39|3.86|0.45|0.45|32.4|128.42|111.49|13.75|
|新易盛|300502.SZ|2023-01-16|127.28|110.12|19.23|13.27|2.73|2.73|58.24|31.69|4.38|3.85|0.45|0.45|32.31|128.07|111.14|13.71|
|新易盛|300502.SZ|2023-01-13|124.34|107.57|18.78|12.96|2.67|2.67|56.9|30.96|4.28|3.76|0.46|0.46|31.56|125.13|108.19|13.35|
|新易盛|300502.SZ|2023-01-12|125.15|108.27|18.91|13.04|2.68|2.68|57.27|31.16|4.3|3.79|0.46|0.46|31.76|125.94|109.01|13.45|
|新易盛|300502.SZ|2023-01-11|124.34|107.57|18.78|12.96|2.67|2.67|56.9|30.96|4.28|3.76|0.46|0.46|31.56|125.13|108.19|13.35|
|新易盛|300502.SZ|2023-01-10|126.21|109.19|19.07|13.15|2.71|2.71|57.76|31.43|4.34|3.82|0.45|0.45|32.03|127|110.07|13.58|
|新易盛|300502.SZ|2023-01-09|126.57|109.5|19.12|13.19|2.71|2.71|57.92|31.52|4.35|3.83|0.45|0.45|32.12|127.36|110.43|13.62|
|新易盛|300502.SZ|2023-01-06|127.89|110.64|19.32|13.33|2.74|2.74|58.52|31.85|4.4|3.87|0.45|0.45|32.46|128.68|111.74|13.79|
|新易盛|300502.SZ|2023-01-05|127.13|109.98|19.21|13.25|2.72|2.72|58.17|31.66|4.37|3.85|0.45|0.45|32.27|127.92|110.98|13.69|
|新易盛|300502.SZ|2023-01-04|125.81|108.84|19.01|13.11|2.7|2.7|57.57|31.33|4.33|3.81|0.45|0.45|31.93|126.6|109.66|13.53|
|新易盛|300502.SZ|2023-01-03|125.25|108.36|18.92|13.05|2.68|2.68|57.31|31.19|4.31|3.79|0.46|0.46|31.79|126.04|109.11|13.46|
|新易盛|300502.SZ|2022-12-30|120.43|104.19|18.19|12.55|2.58|2.58|55.11|29.99|4.14|3.65|0.82|0.47|30.57|121.22|104.29|12.87|
|新易盛|300502.SZ|2022-12-29|119.77|103.62|18.09|12.48|2.57|2.57|54.81|29.82|4.12|3.63|0.82|0.48|30.4|120.56|103.63|12.78|
|新易盛|300502.SZ|2022-12-28|117.75|101.87|17.79|12.27|2.52|2.52|53.88|29.32|4.05|3.56|0.84|0.49|29.89|118.53|101.6|12.53|
|新易盛|300502.SZ|2022-12-27|119.57|103.45|18.06|12.46|2.56|2.56|54.72|29.77|4.11|3.62|0.82|0.48|30.35|120.36|103.43|12.76|
|新易盛|300502.SZ|2022-12-26|118.66|102.66|17.93|12.37|2.54|2.54|54.3|29.55|4.08|3.59|0.83|0.48|30.12|119.45|102.51|12.65|
|新易盛|300502.SZ|2022-12-23|117.9|102|17.81|12.29|2.53|2.53|53.95|29.36|4.05|3.57|0.83|0.48|29.92|118.69|101.75|12.55|
|新易盛|300502.SZ|2022-12-22|117.64|101.78|17.77|12.26|2.52|2.52|53.83|29.29|4.04|3.56|0.84|0.49|29.86|118.43|101.5|12.52|
|新易盛|300502.SZ|2022-12-21|119.42|103.32|18.04|12.45|2.56|2.56|54.65|29.74|4.11|3.61|0.82|0.48|30.31|120.21|103.28|12.74|
|新易盛|300502.SZ|2022-12-20|121.19|104.85|18.31|12.63|2.6|2.6|55.46|30.18|4.17|3.67|0.81|0.47|30.76|121.98|105.05|12.96|
|新易盛|300502.SZ|2022-12-19|121.7|105.29|18.39|12.68|2.61|2.61|55.69|30.3|4.18|3.68|0.81|0.47|30.89|122.49|105.56|13.02|
|新易盛|300502.SZ|2022-12-16|122.87|106.3|18.56|12.81|2.63|2.63|56.22|30.6|4.22|3.72|0.8|0.46|31.19|123.66|106.72|13.17|
|新易盛|300502.SZ|2022-12-15|127.38|110.2|19.24|13.28|2.73|2.73|58.29|31.72|4.38|3.86|0.77|0.45|32.33|128.17|111.24|13.72|
|新易盛|300502.SZ|2022-12-14|125.05|108.18|18.89|13.03|2.68|2.68|57.22|31.14|4.3|3.79|0.79|0.46|31.74|125.84|108.9|13.44|
|新易盛|300502.SZ|2022-12-13|124.95|108.1|18.88|13.02|2.68|2.68|57.18|31.11|4.3|3.78|0.79|0.46|31.71|125.73|108.8|13.42|
|新易盛|300502.SZ|2022-12-12|128.6|111.26|19.43|13.4|2.76|2.76|58.85|32.02|4.42|3.89|0.76|0.44|32.64|129.39|112.45|13.87|
|新易盛|300502.SZ|2022-12-09|126.01|109.02|19.04|13.13|2.7|2.7|57.66|31.38|4.33|3.81|0.78|0.45|31.98|126.8|109.87|13.55|
|新易盛|300502.SZ|2022-12-08|126.42|109.37|19.1|13.18|2.71|2.71|57.85|31.48|4.35|3.83|0.78|0.45|32.09|127.21|110.27|13.6|
|新易盛|300502.SZ|2022-12-07|126.87|109.76|19.17|13.22|2.72|2.72|58.06|31.59|4.36|3.84|0.78|0.45|32.2|127.66|110.73|13.66|
|新易盛|300502.SZ|2022-12-06|128.7|111.34|19.44|13.41|2.76|2.76|58.89|32.05|4.43|3.9|0.76|0.44|32.67|129.49|112.56|13.89|
|新易盛|300502.SZ|2022-12-05|131.08|113.41|19.8|13.66|2.81|2.81|59.98|32.64|4.51|3.97|0.75|0.44|33.27|131.87|114.94|14.18|
|新易盛|300502.SZ|2022-12-02|130.78|113.14|19.76|13.63|2.8|2.8|59.84|32.57|4.5|3.96|0.75|0.44|33.19|131.57|114.63|14.14|
|新易盛|300502.SZ|2022-12-01|130.78|113.55|19.76|13.63|2.8|2.8|59.84|32.57|4.5|3.96|0.75|0.44|33.19|131.57|114.63|14.14|
|新易盛|300502.SZ|2022-11-30|130.83|113.59|19.76|13.64|2.8|2.8|59.87|32.58|4.5|3.96|0.75|0.44|33.21|131.62|114.68|14.15|
|新易盛|300502.SZ|2022-11-29|130.98|113.72|19.79|13.65|2.81|2.81|59.94|32.62|4.5|3.96|0.75|0.44|33.24|131.77|114.84|14.17|
|新易盛|300502.SZ|2022-11-28|130.12|112.98|19.66|13.56|2.79|2.79|59.54|32.4|4.47|3.94|0.76|0.44|33.03|130.91|113.97|14.06|
|新易盛|300502.SZ|2022-11-25|132.7|115.22|20.05|13.83|2.84|2.84|60.73|33.04|4.56|4.02|0.74|0.43|33.68|133.49|116.56|14.38|
|新易盛|300502.SZ|2022-11-24|135.59|117.73|20.48|14.13|2.91|2.91|62.05|33.76|4.66|4.1|0.73|0.42|34.42|136.38|119.45|14.74|
|新易盛|300502.SZ|2022-11-23|135.39|117.55|20.45|14.11|2.9|2.9|61.96|33.71|4.66|4.1|0.73|0.42|34.36|136.18|119.25|14.71|
|新易盛|300502.SZ|2022-11-22|138.43|120.2|20.91|14.43|2.97|2.97|63.35|34.47|4.76|4.19|0.71|0.41|35.14|139.22|122.29|15.09|
|新易盛|300502.SZ|2022-11-21|142.8|123.98|21.57|14.88|3.06|3.06|65.34|35.56|4.91|4.32|0.69|0.4|36.24|143.58|126.65|15.62|
|新易盛|300502.SZ|2022-11-18|139.3|120.95|21.04|14.52|2.99|2.99|63.74|34.69|4.79|4.22|0.71|0.41|35.36|140.09|123.15|15.19|
|新易盛|300502.SZ|2022-11-17|143.15|124.29|21.63|14.92|3.07|3.07|65.51|35.65|4.92|4.33|0.69|0.4|36.33|143.94|127.01|15.67|
|新易盛|300502.SZ|2022-11-16|140.97|122.4|21.3|14.69|3.02|3.02|64.51|35.1|4.85|4.27|0.7|0.41|35.78|141.76|124.83|15.4|
|新易盛|300502.SZ|2022-11-15|139.96|121.52|21.14|14.59|3|3|64.04|34.85|4.81|4.24|0.7|0.41|35.52|140.74|123.81|15.27|
|新易盛|300502.SZ|2022-11-14|134.28|116.59|20.29|13.99|2.88|2.88|61.44|33.44|4.62|4.06|0.73|0.43|34.08|135.07|118.13|14.57|
|新易盛|300502.SZ|2022-11-11|133.52|115.93|20.17|13.92|2.86|2.86|61.1|33.25|4.59|4.04|0.74|0.43|33.89|134.3|117.37|14.48|
|新易盛|300502.SZ|2022-11-10|132.45|115|20.01|13.8|2.84|2.84|60.61|32.98|4.55|4.01|0.74|0.43|33.62|133.24|116.31|14.35|
|新易盛|300502.SZ|2022-11-09|135.49|117.64|20.47|14.12|2.9|2.9|62|33.74|4.66|4.1|0.73|0.42|34.39|136.28|119.35|14.72|
|新易盛|300502.SZ|2022-11-08|136.81|118.79|20.67|14.26|2.93|2.93|62.6|34.07|4.7|4.14|0.72|0.42|34.72|137.6|120.67|14.89|
|新易盛|300502.SZ|2022-11-07|138.43|120.2|20.91|14.43|2.97|2.97|63.35|34.47|4.76|4.19|0.71|0.41|35.14|139.22|122.29|15.09|
|新易盛|300502.SZ|2022-11-04|139.65|121.25|21.1|14.55|2.99|2.99|63.9|34.77|4.8|4.23|0.7|0.41|35.45|140.44|123.51|15.24|
|新易盛|300502.SZ|2022-11-03|138.54|120.28|20.93|14.44|2.97|2.97|63.39|34.5|4.76|4.19|0.71|0.41|35.16|139.32|122.39|15.1|
|新易盛|300502.SZ|2022-11-02|134.38|116.67|20.3|14.01|2.88|2.88|61.49|33.46|4.62|4.07|0.73|0.43|34.11|135.17|118.23|14.59|
|新易盛|300502.SZ|2022-11-01|133.92|116.28|20.23|13.96|2.87|2.87|61.28|33.35|4.6|4.05|0.73|0.43|33.99|134.71|117.78|14.53|
|新易盛|300502.SZ|2022-10-31|131.18|113.9|19.82|13.67|2.81|2.81|60.03|32.67|4.51|3.97|0.75|0.44|33.3|131.97|115.04|14.19|
|新易盛|300502.SZ|2022-10-28|124.03|107.69|18.74|12.93|2.66|2.66|56.76|30.89|4.26|3.75|0.79|0.46|31.48|124.82|107.89|13.31|
|新易盛|300502.SZ|2022-10-27|128.7|111.74|19.44|13.41|2.76|2.76|58.89|32.05|4.43|3.9|0.76|0.44|32.67|129.49|112.56|13.89|
|新易盛|300502.SZ|2022-10-26|114.6|99.5|17.31|14.32|2.63|2.63|52.44|39.48|3.94|3.89|0.86|0.5|33.06|115.34|99.58|12.29|
|新易盛|300502.SZ|2022-10-25|110.65|96.07|16.72|13.83|2.54|2.54|50.63|38.12|3.8|3.76|0.89|0.52|31.91|111.39|95.63|11.8|
|新易盛|300502.SZ|2022-10-24|110.54|95.98|16.7|13.82|2.53|2.53|50.59|38.08|3.8|3.75|0.89|0.52|31.89|111.29|95.52|11.78|
|新易盛|300502.SZ|2022-10-21|112.47|97.65|16.99|14.06|2.58|2.58|51.47|38.74|3.87|3.82|0.87|0.51|32.44|113.21|97.45|12.02|
|新易盛|300502.SZ|2022-10-20|113.79|98.8|17.19|14.22|2.61|2.61|52.07|39.2|3.91|3.86|0.86|0.5|32.82|114.53|98.77|12.18|
|新易盛|300502.SZ|2022-10-19|112.42|97.61|16.98|14.05|2.58|2.58|51.44|38.73|3.87|3.82|0.87|0.51|32.43|113.16|97.4|12.02|
|新易盛|300502.SZ|2022-10-18|112.83|97.96|17.05|14.1|2.59|2.59|51.63|38.87|3.88|3.83|0.87|0.51|32.54|113.57|97.81|12.07|
|新易盛|300502.SZ|2022-10-17|113.23|98.31|17.11|14.15|2.6|2.6|51.81|39.01|3.89|3.84|0.87|0.5|32.66|113.98|98.21|12.12|
|新易盛|300502.SZ|2022-10-14|111.36|96.69|16.82|13.92|2.55|2.55|50.96|38.36|3.83|3.78|0.88|0.51|32.12|112.1|96.34|11.88|
|新易盛|300502.SZ|2022-10-13|110.34|95.81|16.67|13.79|2.53|2.53|50.49|38.01|3.79|3.75|0.89|0.52|31.83|111.08|95.32|11.76|
|新易盛|300502.SZ|2022-10-12|108.36|94.09|16.37|13.55|2.48|2.48|49.59|37.33|3.73|3.68|0.91|0.53|31.26|109.11|93.34|11.52|
|新易盛|300502.SZ|2022-10-11|103.24|89.64|15.6|12.91|2.37|2.37|47.24|35.57|3.55|3.5|0.95|0.55|29.78|103.99|88.22|10.88|
|新易盛|300502.SZ|2022-10-10|102.94|89.38|15.55|12.87|2.36|2.36|47.1|35.46|3.54|3.49|0.96|0.55|29.69|103.68|87.92|10.85|
|新易盛|300502.SZ|2022-09-30|107.2|93.08|16.19|13.4|2.46|2.46|49.05|36.93|3.69|3.64|0.92|0.53|30.92|107.94|92.18|11.37|
|新易盛|300502.SZ|2022-09-29|108.87|94.53|16.45|13.61|2.5|2.5|49.82|37.5|3.74|3.7|0.9|0.52|31.4|109.61|93.85|11.58|
|新易盛|300502.SZ|2022-09-28|105.98|92.02|16.01|13.25|2.43|2.43|48.5|36.51|3.64|3.6|0.93|0.54|30.57|106.72|90.96|11.22|
|新易盛|300502.SZ|2022-09-27|111.36|96.69|16.82|13.92|2.55|2.55|50.96|38.36|3.83|3.78|0.88|0.51|32.12|112.1|96.34|11.88|
|新易盛|300502.SZ|2022-09-26|108.52|94.22|16.39|13.56|2.49|2.49|49.66|37.38|3.73|3.68|0.91|0.53|31.3|109.26|93.5|11.53|
|新易盛|300502.SZ|2022-09-23|109.53|95.1|16.55|13.69|2.51|2.51|50.12|37.73|3.77|3.72|0.9|0.52|31.59|110.27|94.51|11.66|
|新易盛|300502.SZ|2022-09-22|112.52|97.7|17|14.07|2.58|2.58|51.49|38.76|3.87|3.82|0.87|0.51|32.46|113.27|97.5|12.03|
|新易盛|300502.SZ|2022-09-21|111.46|96.77|16.84|13.93|2.55|2.55|51|38.4|3.83|3.78|0.88|0.51|32.15|112.2|96.44|11.9|
|新易盛|300502.SZ|2022-09-20|111.46|96.77|16.84|13.93|2.55|2.55|51|38.4|3.83|3.78|0.88|0.51|32.15|112.2|96.44|11.9|
|新易盛|300502.SZ|2022-09-19|111.51|96.82|16.85|13.94|2.56|2.56|51.03|38.41|3.83|3.79|0.88|0.51|32.16|112.25|96.49|11.9|
|新易盛|300502.SZ|2022-09-16|111.56|96.86|16.85|13.94|2.56|2.56|51.05|38.43|3.84|3.79|0.88|0.51|32.18|112.3|96.54|11.91|
|新易盛|300502.SZ|2022-09-15|114.6|99.5|17.31|14.32|2.63|2.63|52.44|39.48|3.94|3.89|0.86|0.5|33.06|115.34|99.58|12.29|
|新易盛|300502.SZ|2022-09-14|119.11|103.42|18|14.89|2.73|2.73|54.51|41.03|4.1|4.04|0.83|0.48|34.36|119.86|104.09|12.84|
|新易盛|300502.SZ|2022-09-13|121.19|105.23|18.31|15.15|2.78|2.78|55.46|41.75|4.17|4.11|0.81|0.47|34.96|121.94|106.17|13.1|
|新易盛|300502.SZ|2022-09-09|121.9|105.84|18.42|15.24|2.79|2.79|55.78|41.99|4.19|4.14|0.81|0.47|35.16|122.65|106.88|13.19|
|新易盛|300502.SZ|2022-09-08|122.36|106.24|18.49|15.29|2.8|2.8|55.99|42.15|4.21|4.15|0.8|0.47|35.29|123.1|107.34|13.24|
|新易盛|300502.SZ|2022-09-07|124.95|108.49|18.88|15.62|2.86|2.86|57.18|43.04|4.3|4.24|0.79|0.46|36.04|125.69|109.93|13.56|
|新易盛|300502.SZ|2022-09-06|125.05|108.57|18.89|15.63|2.87|2.87|57.22|43.08|4.3|4.24|0.79|0.46|36.07|125.79|110.03|13.57|
|新易盛|300502.SZ|2022-09-05|123.53|107.25|18.66|15.44|2.83|2.83|56.53|42.55|4.25|4.19|0.8|0.46|35.63|124.27|108.51|13.39|
|新易盛|300502.SZ|2022-09-02|125.45|108.93|18.95|15.68|2.88|2.88|57.41|43.22|4.31|4.26|0.78|0.46|36.19|126.2|110.43|13.62|
|新易盛|300502.SZ|2022-09-01|121.19|105.23|18.31|15.15|2.78|2.78|55.46|41.75|4.17|4.11|0.81|0.47|34.96|121.94|106.17|13.1|
|新易盛|300502.SZ|2022-08-31|124.44|108.04|18.8|15.55|2.85|2.85|56.94|42.87|4.28|4.22|0.79|0.46|35.89|125.18|109.42|13.5|
|新易盛|300502.SZ|2022-08-30|127.89|111.04|19.32|15.99|2.93|2.93|58.52|44.05|4.4|4.34|0.77|0.45|36.89|128.63|112.87|13.92|
|新易盛|300502.SZ|2022-08-29|127.28|110.51|19.23|15.91|2.92|2.92|58.24|43.85|4.38|4.32|0.77|0.45|36.71|128.02|112.26|13.85|
|新易盛|300502.SZ|2022-08-26|126.16|109.54|19.06|15.77|2.89|2.89|57.73|43.46|4.34|4.28|0.78|0.45|36.39|126.91|111.14|13.71|
|新易盛|300502.SZ|2022-08-25|132.5|114.74|20.02|19.43|3.24|3.28|60.63|49.95|4.56|4.38|0.74|0.43|28.68|132.51|116.74|14.4|
|新易盛|300502.SZ|2022-08-24|131.89|114.21|19.93|19.34|3.22|3.27|60.35|49.72|4.53|4.36|0.75|0.43|28.55|131.9|116.13|14.33|
|新易盛|300502.SZ|2022-08-23|139.04|120.41|21.01|20.39|3.4|3.45|63.63|52.42|4.78|4.6|0.71|0.41|30.09|139.05|123.28|15.21|
|新易盛|300502.SZ|2022-08-22|140.06|121.28|21.16|20.54|3.42|3.47|64.09|52.8|4.82|4.63|0.7|0.41|30.31|140.06|124.29|15.33|
|新易盛|300502.SZ|2022-08-19|140.26|121.46|21.19|20.57|3.43|3.48|64.18|52.87|4.82|4.64|0.7|0.41|30.36|140.27|124.49|15.36|
|新易盛|300502.SZ|2022-08-18|144.62|125.24|21.85|21.21|3.54|3.58|66.18|54.52|4.97|4.78|0.68|0.4|31.3|144.63|128.86|15.9|
|新易盛|300502.SZ|2022-08-17|141.93|122.91|21.44|20.81|3.47|3.52|64.95|53.5|4.88|4.7|0.69|0.4|30.72|141.94|126.17|15.57|
|新易盛|300502.SZ|2022-08-16|139.65|120.93|21.1|20.48|3.41|3.46|63.9|52.64|4.8|4.62|0.7|0.41|30.23|139.66|123.89|15.28|
|新易盛|300502.SZ|2022-08-15|141.78|122.78|21.42|20.79|3.47|3.51|64.88|53.45|4.87|4.69|0.69|0.4|30.69|141.79|126.02|15.55|
|新易盛|300502.SZ|2022-08-12|140.97|122.07|21.3|20.67|3.45|3.49|64.51|53.14|4.85|4.66|0.7|0.41|30.51|140.98|125.2|15.45|
|新易盛|300502.SZ|2022-08-11|146.19|126.6|22.09|21.44|3.57|3.62|66.9|55.11|5.03|4.84|0.67|0.39|31.64|146.2|130.43|16.09|
|新易盛|300502.SZ|2022-08-10|135.39|117.24|20.45|19.85|3.31|3.36|61.96|51.04|4.66|4.48|0.73|0.42|29.3|135.4|119.63|14.76|
|新易盛|300502.SZ|2022-08-09|136.25|117.99|20.58|19.98|3.33|3.38|62.35|51.36|4.68|4.51|0.72|0.42|29.49|136.26|120.49|14.86|
|新易盛|300502.SZ|2022-08-08|134.78|116.72|20.36|19.76|3.29|3.34|61.68|50.81|4.63|4.46|0.73|0.42|29.17|134.79|119.02|14.68|
|新易盛|300502.SZ|2022-08-05|135.19|117.07|20.42|19.82|3.3|3.35|61.86|50.96|4.65|4.47|0.73|0.42|29.26|135.19|119.42|14.73|
|新易盛|300502.SZ|2022-08-04|129.36|112.02|19.54|18.97|3.16|3.21|59.19|48.76|4.45|4.28|0.76|0.44|28|129.36|113.59|14.01|
|新易盛|300502.SZ|2022-08-03|127.74|110.61|19.3|18.73|3.12|3.17|58.45|48.15|4.39|4.23|0.77|0.45|27.65|127.74|111.97|13.81|
|新易盛|300502.SZ|2022-08-02|124.13|107.5|18.75|18.2|3.03|3.08|56.8|46.8|4.27|4.11|0.79|0.46|26.87|124.14|108.37|13.37|
|新易盛|300502.SZ|2022-08-01|129.61|112.24|19.58|19.01|3.17|3.21|59.31|48.86|4.46|4.29|0.76|0.44|28.05|129.62|113.85|14.04|
|新易盛|300502.SZ|2022-07-29|127.43|110.35|19.25|18.69|3.11|3.16|58.31|48.04|4.38|4.22|0.77|0.45|27.58|127.44|111.67|13.78|
|新易盛|300502.SZ|2022-07-28|128.6|111.36|19.43|18.86|3.14|3.19|58.85|48.48|4.42|4.25|0.76|0.44|27.83|128.6|112.83|13.92|
|新易盛|300502.SZ|2022-07-27|128.29|111.1|19.38|18.81|3.14|3.18|58.71|48.36|4.41|4.24|0.77|0.45|27.77|128.3|112.53|13.88|
|新易盛|300502.SZ|2022-07-26|124.95|108.2|18.88|18.32|3.05|3.1|57.18|47.1|4.3|4.13|0.79|0.46|27.04|124.95|109.18|13.47|
|新易盛|300502.SZ|2022-07-25|125.71|108.86|18.99|18.43|3.07|3.12|57.52|47.39|4.32|4.16|0.78|0.45|27.21|125.71|109.94|13.56|
|新易盛|300502.SZ|2022-07-22|125.81|108.94|19.01|18.45|3.08|3.12|57.57|47.43|4.33|4.16|0.78|0.45|27.23|125.81|110.04|13.58|
|新易盛|300502.SZ|2022-07-21|126.87|109.87|19.17|18.6|3.1|3.15|58.06|47.83|4.36|4.2|0.78|0.45|27.46|126.88|111.11|13.71|
|新易盛|300502.SZ|2022-07-20|128.19|111.01|19.37|18.8|3.13|3.18|58.66|48.32|4.41|4.24|0.77|0.45|27.75|128.2|112.43|13.87|
|新易盛|300502.SZ|2022-07-19|126.62|109.65|19.13|18.57|3.1|3.14|57.94|47.73|4.35|4.19|0.78|0.45|27.41|126.62|110.85|13.68|
|新易盛|300502.SZ|2022-07-18|124.29|107.63|18.78|18.23|3.04|3.08|56.87|46.85|4.27|4.11|0.79|0.46|26.9|124.29|108.52|13.39|
|新易盛|300502.SZ|2022-07-15|119.88|103.81|18.11|17.58|2.93|2.97|54.85|45.19|4.12|3.97|0.82|0.48|25.95|119.88|104.11|12.84|
|新易盛|300502.SZ|2022-07-14|117.9|102.09|17.81|17.29|2.88|2.92|53.95|44.44|4.05|3.9|0.83|0.48|25.52|117.9|102.13|12.6|
|新易盛|300502.SZ|2022-07-13|111.66|96.69|16.87|16.37|2.73|2.77|51.1|42.09|3.84|3.69|0.88|0.51|24.17|111.67|95.9|11.83|
|新易盛|300502.SZ|2022-07-12|112.32|97.26|16.97|16.47|2.75|2.78|51.4|42.34|3.86|3.72|0.88|0.51|24.31|112.33|96.55|11.91|
|新易盛|300502.SZ|2022-07-11|115.62|100.12|17.47|16.95|2.83|2.87|52.91|43.58|3.98|3.83|0.85|0.49|25.02|115.62|99.85|12.32|
|新易盛|300502.SZ|2022-07-08|119.93|103.85|18.12|17.59|2.93|2.97|54.88|45.21|4.12|3.97|0.82|0.48|25.96|119.93|104.16|12.85|
|新易盛|300502.SZ|2022-07-07|121.14|104.9|18.3|17.76|2.96|3|55.43|45.67|4.17|4.01|0.81|0.47|26.22|121.15|105.38|13|
|新易盛|300502.SZ|2022-07-06|123.22|106.71|18.62|18.07|3.01|3.05|56.39|46.45|4.24|4.08|0.8|0.46|26.67|123.23|107.46|13.26|
|新易盛|300502.SZ|2022-07-05|122.77|106.31|18.55|18|3|3.04|56.18|46.28|4.22|4.06|0.8|0.47|26.57|122.77|107|13.2|
|新易盛|300502.SZ|2022-07-04|123.73|107.14|18.69|18.14|3.02|3.07|56.62|46.64|4.25|4.09|0.79|0.46|26.78|123.73|107.96|13.32|
|新易盛|300502.SZ|2022-07-01|129.66|112.28|19.59|19.01|3.17|3.21|59.33|48.88|4.46|4.29|0.76|0.44|28.06|129.67|113.9|14.05|
|新易盛|300502.SZ|2022-06-30|132.86|115.05|20.07|19.48|3.25|3.29|60.8|50.08|4.57|4.4|0.74|0.43|28.76|132.86|117.09|14.45|
|新易盛|300502.SZ|2022-06-29|130.07|112.63|19.65|19.07|3.18|3.22|59.52|49.03|4.47|4.3|0.76|0.44|28.15|130.07|114.3|14.1|
|新易盛|300502.SZ|2022-06-28|132.5|114.74|20.02|19.43|3.24|3.28|60.63|49.95|4.56|4.38|0.74|0.43|28.68|132.51|116.74|14.4|
|新易盛|300502.SZ|2022-06-27|129.61|112.24|19.58|19.01|3.17|3.21|59.31|48.86|4.46|4.29|0.76|0.44|28.05|129.62|113.85|14.04|
|新易盛|300502.SZ|2022-06-24|128.24|111.05|19.37|18.81|3.13|3.18|58.68|48.34|4.41|4.24|0.77|0.45|27.76|128.25|112.48|13.88|
|新易盛|300502.SZ|2022-06-23|130.37|112.9|19.7|19.12|3.19|3.23|59.66|49.15|4.48|4.31|0.75|0.44|28.22|130.38|114.61|14.14|
|新易盛|300502.SZ|2022-06-22|125.66|108.81|18.98|18.43|3.07|3.07|57.5|47.37|4.32|4.16|0.78||27.2|125.66|109.89|13.56|
|新易盛|300502.SZ|2022-06-21|132.3|114.57|19.99|19.4|3.23|3.23|60.54|49.87|4.55|4.38|0.74||28.63|132.3|116.53|14.38|
|新易盛|300502.SZ|2022-06-20|135.7|117.51|20.5|19.9|3.32|3.32|62.09|51.15|4.67|4.49|0.72||29.37|135.7|119.93|14.8|
|新易盛|300502.SZ|2022-06-17|134.99|116.89|20.39|19.79|3.3|3.3|61.77|50.89|4.64|4.47|0.73||29.22|134.99|119.22|14.71|
|新易盛|300502.SZ|2022-06-16|134.58|116.54|20.33|19.73|3.29|3.29|61.58|50.73|4.63|4.45|0.73||29.13|134.59|118.82|14.66|
|新易盛|300502.SZ|2022-06-15|134.12|116.15|20.26|19.67|3.28|3.28|61.38|50.56|4.61|4.44|0.73||29.03|134.13|118.36|14.6|
|新易盛|300502.SZ|2022-06-14|131.99|114.3|19.94|19.36|3.23|3.23|60.4|49.76|4.54|4.37|0.75||28.57|132|116.23|14.34|
|新易盛|300502.SZ|2022-06-13|135.8|117.6|20.52|19.91|3.32|3.32|62.14|51.19|4.67|4.49|0.72||29.39|135.8|120.03|14.81|
|新易盛|300502.SZ|2022-06-10|134.83|116.76|20.37|19.77|3.3|3.3|61.7|50.83|4.64|4.46|0.73||29.18|134.84|119.07|14.69|
|新易盛|300502.SZ|2022-06-09|131.34|113.73|19.84|19.26|3.21|3.21|60.1|49.51|4.52|4.35|0.75||28.43|131.34|115.57|14.26|
|新易盛|300502.SZ|2022-06-08|135.34|117.2|20.45|19.85|3.31|3.31|61.93|51.02|4.65|4.48|0.73||29.29|135.35|119.58|14.75|
|新易盛|300502.SZ|2022-06-07|136.86|118.52|20.68|20.07|3.35|3.35|62.63|51.59|4.71|4.53|0.72|0.72|29.62|136.87|121.1|14.94|
|新易盛|300502.SZ|2022-06-06|137.62|119.18|20.79|20.18|3.36|3.36|62.98|51.88|4.73|4.55|0.71|0.71|29.79|137.63|121.86|15.03|
|新易盛|300502.SZ|2022-06-02|133.11|115.27|20.11|19.52|3.25|3.25|60.91|50.18|4.58|4.4|0.74|0.74|28.81|133.12|117.34|14.48|
|新易盛|300502.SZ|2022-06-01|130.68|113.16|19.74|19.16|3.19|3.19|59.8|49.26|4.49|4.32|0.75|0.75|28.28|130.68|114.91|14.18|
|新易盛|300502.SZ|2022-05-31|130.63|113.12|19.73|19.15|3.19|3.19|59.77|49.24|4.49|4.32|0.75|0.75|28.27|130.63|114.86|14.17|
|新易盛|300502.SZ|2022-05-30|126.26|109.34|19.08|18.52|3.09|3.09|57.78|47.6|4.34|4.18|0.78|0.78|27.33|126.27|110.5|13.63|
|新易盛|300502.SZ|2022-05-27|124.74|108.02|18.85|18.29|3.05|3.05|57.08|47.02|4.29|4.13|0.79|0.79|27|124.75|108.98|13.44|
|新易盛|300502.SZ|2022-05-26|128.75|111.49|19.45|18.88|3.15|3.15|58.92|48.53|4.43|4.26|0.76|0.76|27.87|128.75|112.98|13.94|
|新易盛|300502.SZ|2022-05-25|122.41|106|18.49|17.95|2.99|2.99|56.02|46.15|4.21|4.05|0.8|0.8|26.49|122.42|106.65|13.16|
|新易盛|300502.SZ|2022-05-24|122.11|105.74|18.45|17.91|2.98|2.98|55.88|46.03|4.2|4.04|0.81|0.81|26.43|122.11|106.34|13.12|
|新易盛|300502.SZ|2022-05-23|129.86|112.46|19.62|19.04|3.17|3.17|59.43|48.96|4.47|4.3|0.76|0.76|28.11|129.87|114.1|14.08|
|新易盛|300502.SZ|2022-05-20|129.81|112.41|19.61|19.04|3.17|3.17|59.4|48.94|4.46|4.29|0.76|0.76|28.1|129.82|114.05|14.07|
|新易盛|300502.SZ|2022-05-19|129.31|111.97|19.54|18.96|3.16|3.16|59.17|48.74|4.45|4.28|0.76|0.76|27.99|129.31|113.54|14.01|
|新易盛|300502.SZ|2022-05-18|130.52|113.03|19.72|19.14|3.19|3.19|59.73|49.2|4.49|4.32|0.75|0.75|28.25|130.53|114.76|14.16|
|新易盛|300502.SZ|2022-05-17|130.52|113.03|19.72|19.14|3.19|3.19|59.73|49.2|4.49|4.32|0.75|0.75|28.25|130.53|114.76|14.16|
|新易盛|300502.SZ|2022-05-16|128.8|111.54|19.46|18.89|3.15|3.15|58.94|48.55|4.43|4.26|0.76|0.76|27.88|128.81|113.03|13.94|
|新易盛|300502.SZ|2022-05-13|131.39|113.77|19.85|19.27|3.21|3.21|60.12|49.53|4.52|4.35|0.75|0.75|28.44|131.39|115.62|14.26|
|新易盛|300502.SZ|2022-05-12|132.05|114.35|19.95|19.36|3.23|3.23|60.42|49.78|4.54|4.37|0.74|0.74|28.58|132.05|116.28|14.35|
|新易盛|300502.SZ|2022-05-11|131.13|113.56|19.81|19.23|3.21|3.21|60.01|49.43|4.51|4.34|0.75|0.75|28.38|131.14|115.37|14.23|
|新易盛|300502.SZ|2022-05-10|125.76|108.9|19|18.44|3.07|3.07|57.55|47.41|4.32|4.16|0.78|0.78|27.22|125.76|109.99|13.57|
|新易盛|300502.SZ|2022-05-09|119.67|103.63|18.08|17.55|2.93|2.93|54.76|45.11|4.11|3.96|0.82|0.82|25.9|119.68|103.91|12.82|
|新易盛|300502.SZ|2022-05-06|119.17|103.19|18|17.47|2.91|2.91|54.53|44.92|4.1|3.94|0.83|0.83|25.79|119.17|103.4|12.76|
|新易盛|300502.SZ|2022-05-05|120.89|104.69|18.26|17.73|2.95|2.95|55.32|45.57|4.16|4|0.81|0.81|26.17|120.89|105.12|12.97|
|新易盛|300502.SZ|2022-04-29|118.51|102.62|17.9|17.38|2.9|2.9|54.23|44.67|4.07|3.92|0.83|0.83|25.65|118.51|102.74|12.67|
|新易盛|300502.SZ|2022-04-28|111.71|96.74|16.88|16.38|2.73|2.73|51.12|42.11|3.84|3.7|0.88|0.88|24.18|111.72|95.95|11.84|
|新易盛|300502.SZ|2022-04-27|116.22|100.65|17.56|17.04|2.84|2.84|53.18|43.81|4|3.85|0.85|0.85|25.16|116.23|100.46|12.39|
|新易盛|300502.SZ|2022-04-26|108.77|94.19|16.43|15.95|2.66|2.66|49.77|41|3.74|3.6|0.9|0.9|23.54|108.78|93|11.47|
|新易盛|300502.SZ|2022-04-25|112.22|97.18|16.95|16.46|2.74|2.74|51.35|42.3|3.86|3.71|0.88|0.88|24.29|112.22|96.45|11.9|
|新易盛|300502.SZ|2022-04-22|117.29|101.57|17.72|17.2|2.87|2.87|53.67|44.21|4.03|3.88|0.84|0.84|25.39|117.29|101.52|12.52|
|新易盛|300502.SZ|2022-04-21|139.6|120.89|28.39|21.17|3.67|3.53|90.4|29.47|6.99|4.8|0.7|0.7|18.65|139.6|122.75|20.14|
|新易盛|300502.SZ|2022-04-20|144.01|124.71|29.29|21.84|3.79|3.64|93.25|30.41|7.21|4.95|0.68|0.68|19.23|144.01|127.16|20.86|
|新易盛|300502.SZ|2022-04-19|143.76|124.49|29.23|21.8|3.78|3.63|93.09|30.35|7.2|4.94|0.68|0.68|19.2|143.76|126.9|20.82|
|新易盛|300502.SZ|2022-04-18|143.45|124.23|29.17|21.75|3.77|3.63|92.89|30.29|7.18|4.93|0.69|0.69|19.16|143.45|126.6|20.77|
|新易盛|300502.SZ|2022-04-15|136.61|118.3|27.78|20.72|3.59|3.45|88.46|28.84|6.84|4.7|0.72|0.72|18.25|136.61|119.75|19.65|
|新易盛|300502.SZ|2022-04-14|133.97|116.01|27.24|20.32|3.52|3.39|86.75|28.29|6.71|4.61|0.73|0.73|17.89|133.97|117.12|19.21|
|新易盛|300502.SZ|2022-04-13|131.34|113.73|26.71|19.92|3.46|3.32|85.04|27.73|6.57|4.52|0.75|0.75|17.54|131.34|114.48|18.78|
|新易盛|300502.SZ|2022-04-12|137.78|119.31|28.02|20.89|3.62|3.48|89.21|29.09|6.9|4.74|0.71|0.71|18.4|137.78|120.92|19.84|
|新易盛|300502.SZ|2022-04-11|137.62|119.18|27.99|20.87|3.62|3.48|89.11|29.06|6.89|4.73|0.71|0.71|18.38|137.62|120.77|19.81|
|新易盛|300502.SZ|2022-04-08|145.38|125.89|29.56|22.05|3.82|3.67|94.14|30.69|7.28|5|0.68|0.68|19.42|145.38|128.53|21.09|
|新易盛|300502.SZ|2022-04-07|146.45|126.82|29.78|22.21|3.85|3.7|94.83|30.92|7.33|5.04|0.67|0.67|19.56|146.45|129.59|21.26|
|新易盛|300502.SZ|2022-04-06|151.16|130.9|30.74|22.92|3.98|3.82|97.88|31.91|7.57|5.2|0.65|0.65|20.19|151.16|134.31|22.03|
|新易盛|300502.SZ|2022-04-01|153.09|132.57|31.13|23.22|4.03|3.87|99.13|32.32|7.66|5.26|0.64|0.64|20.45|153.09|136.23|22.35|
|新易盛|300502.SZ|2022-03-31|158.21|137|32.17|23.99|4.16|4|102.45|33.4|7.92|5.44|0.62|0.62|21.13|158.21|141.36|23.19|
|新易盛|300502.SZ|2022-03-30|160.24|138.76|32.59|24.3|4.22|4.05|103.76|33.83|8.02|5.51|0.61|0.61|21.4|160.24|143.38|23.52|
|新易盛|300502.SZ|2022-03-29|157.91|136.74|32.11|23.95|4.15|3.99|102.25|33.34|7.9|5.43|0.62|0.62|21.09|157.91|141.05|23.14|
|新易盛|300502.SZ|2022-03-28|159.83|138.41|32.5|24.24|4.2|4.04|103.5|33.75|8|5.5|0.62|0.62|21.35|159.83|142.98|23.46|
|新易盛|300502.SZ|2022-03-25|156.99|135.95|31.93|23.81|4.13|3.97|101.66|33.15|7.86|5.4|0.63|0.63|20.97|156.99|140.14|22.99|
|新易盛|300502.SZ|2022-03-24|162.27|140.52|33|24.61|4.27|4.1|105.07|34.26|8.12|5.58|0.61|0.61|21.67|162.27|145.41|23.86|
|新易盛|300502.SZ|2022-03-23|169.37|146.66|34.44|25.68|4.46|4.28|109.67|35.76|8.48|5.82|0.58|0.58|22.62|169.37|152.51|25.02|
|新易盛|300502.SZ|2022-03-22|155.27|134.46|31.57|23.55|4.08|3.92|100.54|32.78|7.77|5.34|0.63|0.63|20.74|155.27|138.41|22.71|
|新易盛|300502.SZ|2022-03-21|159.38|138.01|32.41|25.92|4.19|4.24|103.2|33.65|7.98|6.18|0.62|0.62|18|159.38|142.52|23.38|
|新易盛|300502.SZ|2022-03-18|158.72|137.44|32.28|25.82|4.18|4.22|102.77|33.51|7.94|6.15|0.62|0.62|17.92|158.72|141.86|23.27|
|新易盛|300502.SZ|2022-03-17|158.77|137.49|32.29|25.83|4.18|4.22|102.81|33.52|7.95|6.15|0.62|0.62|17.93|158.77|141.91|23.28|
|新易盛|300502.SZ|2022-03-16|154.76|134.02|31.47|25.17|4.07|4.11|100.21|32.68|7.75|6|0.64|0.64|17.48|154.76|137.91|22.62|
|新易盛|300502.SZ|2022-03-15|149.74|129.67|30.45|24.36|3.94|3.98|96.96|31.62|7.49|5.8|0.66|0.66|16.91|149.74|132.89|21.8|
|新易盛|300502.SZ|2022-03-14|158.72|137.44|32.28|25.82|4.18|4.22|102.77|33.51|7.94|6.15|0.62|0.62|17.92|158.72|141.86|23.27|
|新易盛|300502.SZ|2022-03-11|167.49|145.04|34.06|27.24|4.41|4.45|108.45|35.36|8.38|6.49|0.59|0.59|18.91|167.49|150.64|24.71|
|新易盛|300502.SZ|2022-03-10|172.05|148.99|34.99|27.99|4.53|4.57|111.41|36.33|8.61|6.67|0.57|0.57|19.43|172.05|155.2|25.46|
|新易盛|300502.SZ|2022-03-09|173.73|150.44|35.33|28.26|4.57|4.62|112.49|36.68|8.7|6.73|0.57|0.57|19.62|173.73|156.87|25.74|
|新易盛|300502.SZ|2022-03-08|171.04|148.11|34.78|27.82|4.5|4.55|110.75|36.11|8.56|6.63|0.57|0.57|19.32|171.04|154.19|25.3|
|新易盛|300502.SZ|2022-03-07|172.31|149.21|35.04|28.03|4.53|4.58|111.57|36.38|8.62|6.68|0.57|0.57|19.46|172.31|155.45|25.5|
|新易盛|300502.SZ|2022-03-04|179.76|155.67|36.55|29.24|4.73|4.78|116.4|37.95|9|6.97|0.55|0.55|20.3|179.76|162.91|26.73|
|新易盛|300502.SZ|2022-03-03|185.14|160.32|37.65|30.11|4.87|4.92|119.88|39.09|9.27|7.18|0.53|0.53|20.91|185.14|168.28|27.61|
|新易盛|300502.SZ|2022-03-02|188.74|163.44|38.38|30.7|4.97|5.02|122.21|39.85|9.45|7.32|0.52|0.52|21.31|188.74|171.88|28.2|
|新易盛|300502.SZ|2022-03-01|194.11|168.09|39.47|31.57|5.11|5.16|125.69|40.98|9.72|7.52|0.51|0.51|21.92|194.11|177.26|29.08|
|新易盛|300502.SZ|2022-02-28|190.97|165.37|38.83|31.06|5.02|5.08|123.66|40.32|9.56|7.4|0.52|0.52|21.57|190.97|174.11|28.56|
|新易盛|300502.SZ|2022-02-25|188.13|162.91|38.26|30.6|4.95|5|121.82|39.72|9.42|7.29|0.52|0.52|21.25|188.13|171.27|28.1|
|新易盛|300502.SZ|2022-02-24|191.17|165.55|38.88|31.1|5.03|5.08|123.79|40.36|9.57|7.41|0.51|0.51|21.59|191.17|174.32|28.6|
|新易盛|300502.SZ|2022-02-23|201.06|174.11|40.89|32.7|5.29|5.34|130.19|42.45|10.06|7.79|0.49|0.49|22.71|201.06|184.2|30.22|
|新易盛|300502.SZ|2022-02-22|196.7|170.33|40|32|5.17|5.23|127.37|41.53|9.85|7.62|0.5|0.5|22.21|196.7|179.84|29.5|
|新易盛|300502.SZ|2022-02-21|207.7|179.86|42.24|33.78|5.46|5.52|134.49|43.85|10.4|8.05|0.47|0.47|23.46|207.7|190.85|31.31|
|新易盛|300502.SZ|2022-02-18|195.23|169.06|39.7|31.76|5.14|5.19|126.42|41.22|9.77|7.57|0.5|0.5|22.05|195.23|178.37|29.26|
|新易盛|300502.SZ|2022-02-17|187.32|162.21|38.09|30.47|4.93|4.98|121.29|39.55|9.38|7.26|0.53|0.53|21.15|187.32|170.46|27.97|
|新易盛|300502.SZ|2022-02-16|193.25|167.35|39.3|31.43|5.08|5.14|125.14|40.8|9.67|7.49|0.51|0.51|21.82|193.25|176.4|28.94|
|新易盛|300502.SZ|2022-02-15|193|167.13|39.25|31.39|5.08|5.13|124.97|40.75|9.66|7.48|0.51|0.51|21.8|193|176.14|28.9|
|新易盛|300502.SZ|2022-02-14|188.48|163.22|38.33|30.66|4.96|5.01|122.05|39.79|9.43|7.31|0.52|0.52|21.29|188.48|171.63|28.16|
|新易盛|300502.SZ|2022-02-11|186.35|161.37|37.9|30.31|4.9|4.95|120.67|39.35|9.33|7.22|0.53|0.53|21.05|186.35|169.5|27.81|
|新易盛|300502.SZ|2022-02-10|193.45|167.52|39.34|31.47|5.09|5.14|125.27|40.84|9.68|7.5|0.51|0.51|21.85|193.45|176.6|28.97|
|新易盛|300502.SZ|2022-02-09|193.96|167.96|39.44|31.55|5.1|5.16|125.6|40.95|9.71|7.52|0.51|0.51|21.9|193.96|177.11|29.06|
|新易盛|300502.SZ|2022-02-08|179.61|155.53|36.52|29.22|4.72|4.77|116.3|37.92|8.99|6.96|0.55|0.55|20.28|179.61|162.75|26.7|
|新易盛|300502.SZ|2022-02-07|184.17|159.49|37.45|29.96|4.84|4.9|119.26|38.88|9.22|7.14|0.53|0.53|20.8|184.17|167.32|27.45|
|新易盛|300502.SZ|2022-01-28|177.13|153.38|36.02|28.81|4.66|4.71|114.69|37.4|8.87|6.87|0.56|0.56|20|177.13|160.27|26.29|
|新易盛|300502.SZ|2022-01-27|179.51|155.45|36.5|29.2|4.72|4.77|116.24|37.9|8.98|6.96|0.55|0.55|20.27|179.51|162.65|26.68|
|新易盛|300502.SZ|2022-01-26|187.22|162.12|38.07|30.45|4.93|4.98|121.23|39.53|9.37|7.26|0.53|0.53|21.14|187.22|170.36|27.95|
|新易盛|300502.SZ|2022-01-25|186.86|161.81|38|30.39|4.92|4.97|121|39.45|9.35|7.24|0.53|0.53|21.1|186.86|170.01|27.89|
|新易盛|300502.SZ|2022-01-24|189.24|163.88|38.48|30.78|4.98|5.03|122.54|39.96|9.47|7.34|0.52|0.52|21.37|189.24|172.39|28.28|
|新易盛|300502.SZ|2022-01-21|191.88|166.16|39.02|31.21|5.05|5.1|124.25|40.51|9.6|7.44|0.51|0.51|21.67|191.88|175.03|28.71|
|新易盛|300502.SZ|2022-01-20|192.13|166.38|39.07|31.25|5.05|5.11|124.41|40.57|9.62|7.45|0.51|0.51|21.7|192.13|175.28|28.76|
|新易盛|300502.SZ|2022-01-19|194.16|168.14|39.48|31.58|5.11|5.16|125.73|40.99|9.72|7.53|0.51|0.51|21.93|194.16|177.31|29.09|
|新易盛|300502.SZ|2022-01-18|194.82|168.71|39.62|31.69|5.13|5.18|126.15|41.13|9.75|7.55|0.5|0.5|22|194.82|177.97|29.2|
|新易盛|300502.SZ|2022-01-17|194.01|168.01|39.45|31.56|5.1|5.16|125.63|40.96|9.71|7.52|0.51|0.51|21.91|194.01|177.16|29.06|
|新易盛|300502.SZ|2022-01-14|174.39|151.01|35.46|28.37|4.59|4.64|112.92|36.82|8.73|6.76|0.56|0.56|19.69|174.39|157.53|25.84|
|新易盛|300502.SZ|2022-01-13|174.34|150.97|35.45|28.36|4.59|4.63|112.89|36.81|8.73|6.76|0.56|0.56|19.69|174.34|157.48|25.84|
|新易盛|300502.SZ|2022-01-12|185.75|160.85|37.77|30.21|4.89|4.94|120.28|39.22|9.3|7.2|0.53|0.53|20.98|185.75|168.89|27.71|
|新易盛|300502.SZ|2022-01-11|193.2|167.3|39.29|31.43|5.08|5.14|125.1|40.79|9.67|7.49|0.51|0.51|21.82|193.2|176.34|28.93|
|新易盛|300502.SZ|2022-01-10|195.58|169.37|39.77|31.81|5.15|5.2|126.65|41.29|9.79|7.58|0.5|0.5|22.09|195.58|178.73|29.32|
|新易盛|300502.SZ|2022-01-07|187.47|162.34|38.12|30.49|4.93|4.98|121.39|39.58|9.38|7.27|0.52|0.52|21.17|187.47|170.61|27.99|
|新易盛|300502.SZ|2022-01-06|194.11|168.09|39.47|31.57|5.11|5.16|125.69|40.98|9.72|7.52|0.51|0.51|21.92|194.11|177.26|29.08|
|新易盛|300502.SZ|2022-01-05|192.39|166.6|39.12|31.29|5.06|5.11|124.58|40.62|9.63|7.46|0.51|0.51|21.73|192.39|175.53|28.8|
|新易盛|300502.SZ|2022-01-04|199.39|172.66|40.55|32.43|5.25|5.3|129.11|42.1|9.98|7.73|0.49|0.49|22.52|199.39|182.53|29.95|
|新易盛|300502.SZ|2021-12-31|198.68|172.05|40.4|32.32|5.23|5.28|128.65|41.95|9.94|7.7|0.21|0.49|22.44|198.68|181.82|29.83|
|新易盛|300502.SZ|2021-12-30|195.89|169.63|39.83|31.86|5.15|5.21|126.84|41.36|9.8|7.59|0.22|0.5|22.12|195.89|179.03|29.37|
|新易盛|300502.SZ|2021-12-29|195.48|169.28|39.75|31.8|5.14|5.2|126.58|41.27|9.78|7.58|0.22|0.5|22.08|195.48|178.63|29.3|
|新易盛|300502.SZ|2021-12-28|198.88|172.22|40.44|32.35|5.23|5.29|128.78|41.99|9.95|7.71|0.21|0.49|22.46|198.88|182.02|29.86|
|新易盛|300502.SZ|2021-12-27|197.76|171.25|40.22|32.17|5.2|5.26|128.06|41.75|9.9|7.67|0.22|0.5|22.33|197.76|180.91|29.68|
|新易盛|300502.SZ|2021-12-24|186.46|161.46|37.92|30.33|4.91|4.96|120.74|39.37|9.33|7.23|0.23|0.53|21.06|186.46|169.6|27.82|
|新易盛|300502.SZ|2021-12-23|188.03|162.82|38.24|30.58|4.95|5|121.75|39.7|9.41|7.29|0.23|0.52|21.23|188.03|171.17|28.08|
|新易盛|300502.SZ|2021-12-22|188.33|163.09|38.3|30.63|4.95|5.01|121.95|39.76|9.43|7.3|0.23|0.52|21.27|188.33|171.48|28.13|
|新易盛|300502.SZ|2021-12-21|184.12|159.44|37.44|29.95|4.84|4.89|119.22|38.87|9.22|7.14|0.23|0.53|20.79|184.12|167.27|27.44|
|新易盛|300502.SZ|2021-12-20|171.8|148.77|34.94|27.95|4.52|4.57|111.25|36.27|8.6|6.66|0.25|0.57|19.4|171.8|154.95|25.42|
|新易盛|300502.SZ|2021-12-17|176.11|152.5|35.81|28.65|4.63|4.68|114.04|37.18|8.81|6.83|0.24|0.56|19.89|176.11|159.26|26.13|
|新易盛|300502.SZ|2021-12-16|181.89|157.51|36.99|29.59|4.79|4.84|117.78|38.4|9.1|7.05|0.23|0.54|20.54|181.89|165.04|27.08|
|新易盛|300502.SZ|2021-12-15|183.97|159.31|37.41|29.92|4.84|4.89|119.13|38.84|9.21|7.13|0.23|0.53|20.78|183.97|167.12|27.42|
|新易盛|300502.SZ|2021-12-14|182.8|158.3|37.17|29.74|4.81|4.86|118.37|38.6|9.15|7.09|0.23|0.54|20.64|182.8|165.95|27.23|
|新易盛|300502.SZ|2021-12-13|167.85|145.35|34.13|27.3|4.42|4.46|108.68|35.44|8.4|6.51|0.25|0.59|18.96|167.85|150.99|24.77|
|新易盛|300502.SZ|2021-12-10|165.92|143.68|33.74|26.99|4.36|4.41|107.44|35.03|8.3|6.43|0.26|0.59|18.74|165.92|149.06|24.45|
|新易盛|300502.SZ|2021-12-09|162.57|140.78|33.06|26.44|4.28|4.32|105.27|34.32|8.14|6.3|0.26|0.6|18.36|162.57|145.72|23.91|
|新易盛|300502.SZ|2021-12-08|162.27|140.52|33|26.39|4.27|4.31|105.07|34.26|8.12|6.29|0.26|0.61|18.33|162.27|145.41|23.86|
|新易盛|300502.SZ|2021-12-07|156.33|135.38|31.79|25.43|4.11|4.16|101.23|33.01|7.82|6.06|0.27|0.63|17.66|156.33|139.48|22.88|
|新易盛|300502.SZ|2021-12-06|165.06|142.93|33.56|26.85|4.34|4.39|106.88|34.85|8.26|6.4|0.26|0.6|18.64|165.06|148.2|24.31|
|新易盛|300502.SZ|2021-12-03|170.63|147.76|34.7|27.76|4.49|4.54|110.49|36.03|8.54|6.61|0.25|0.58|19.27|170.63|153.78|25.23|
|新易盛|300502.SZ|2021-12-02|171.14|148.2|34.8|27.84|4.5|4.55|110.82|36.13|8.57|6.63|0.25|0.57|19.33|171.14|154.29|25.31|
|新易盛|300502.SZ|2021-12-01|177.18|153.43|36.03|28.82|4.66|4.71|114.73|37.41|8.87|6.87|0.24|0.56|20.01|177.18|160.32|26.3|
|新易盛|300502.SZ|2021-11-30|174.94|151.49|35.58|28.46|4.6|4.65|113.28|36.94|8.76|6.78|0.24|0.56|19.76|174.94|158.09|25.94|
|新易盛|300502.SZ|2021-11-29|176.11|152.5|35.81|28.65|4.63|4.68|114.04|37.18|8.81|6.83|0.24|0.56|19.89|176.11|159.26|26.13|
|新易盛|300502.SZ|2021-11-26|177.99|154.13|36.19|28.95|4.68|4.73|115.25|37.58|8.91|6.9|0.24|0.55|20.1|177.99|161.13|26.43|
|新易盛|300502.SZ|2021-11-25|183.87|159.22|37.39|29.91|4.84|4.89|119.06|38.82|9.2|7.13|0.23|0.53|20.76|183.87|167.01|27.4|
|新易盛|300502.SZ|2021-11-24|184.99|160.19|37.62|30.09|4.87|4.92|119.78|39.06|9.26|7.17|0.23|0.53|20.89|184.99|168.13|27.58|
|新易盛|300502.SZ|2021-11-23|171.65|148.64|34.91|27.92|4.52|4.56|111.15|36.24|8.59|6.65|0.25|0.57|19.38|171.65|154.79|25.39|
|新易盛|300502.SZ|2021-11-22|162.52|140.74|33.05|26.44|4.28|4.32|105.24|34.31|8.13|6.3|0.26|0.61|18.35|162.52|145.67|23.9|
|新易盛|300502.SZ|2021-11-19|154.41|133.71|31.4|25.12|4.06|4.1|99.98|32.6|7.73|5.99|0.28|0.64|17.44|154.41|137.55|22.57|
|新易盛|300502.SZ|2021-11-18|152.89|132.39|31.09|24.87|4.02|4.06|99|32.28|7.65|5.93|0.28|0.64|17.27|152.89|136.03|22.32|
|新易盛|300502.SZ|2021-11-17|156.13|135.2|31.75|25.4|4.11|4.15|101.1|32.96|7.81|6.05|0.27|0.63|17.63|156.13|139.28|22.85|
|新易盛|300502.SZ|2021-11-16|151.11|130.86|30.73|24.58|3.98|4.02|97.85|31.9|7.56|5.86|0.28|0.65|17.07|151.11|134.26|22.03|
|新易盛|300502.SZ|2021-11-15|155.78|134.9|31.68|25.34|4.1|4.14|100.87|32.89|7.8|6.04|0.27|0.63|17.59|155.78|138.92|22.79|
|新易盛|300502.SZ|2021-11-12|155.52|134.68|31.63|25.3|4.09|4.13|100.71|32.84|7.78|6.03|0.27|0.63|17.56|155.52|138.67|22.75|
|新易盛|300502.SZ|2021-11-11|155.62|134.76|31.65|25.31|4.09|4.14|100.77|32.86|7.79|6.03|0.27|0.63|17.57|155.62|138.77|22.77|
|新易盛|300502.SZ|2021-11-10|151.26|130.99|30.76|24.6|3.98|4.02|97.95|31.94|7.57|5.86|0.28|0.65|17.08|151.26|134.41|22.05|
|新易盛|300502.SZ|2021-11-09|150.55|130.37|30.62|24.49|3.96|4|97.49|31.79|7.54|5.84|0.28|0.65|17|150.55|133.7|21.93|
|新易盛|300502.SZ|2021-11-08|147.56|127.78|30.01|24|3.88|3.92|95.55|31.15|7.39|5.72|0.29|0.67|16.66|147.56|130.71|21.44|
|新易盛|300502.SZ|2021-11-05|150.35|130.2|30.57|24.46|3.96|4|97.36|31.74|7.53|5.83|0.28|0.65|16.98|150.35|133.5|21.9|
|新易盛|300502.SZ|2021-11-04|149.95|129.85|30.49|24.39|3.94|3.99|97.09|31.66|7.5|5.81|0.28|0.66|16.93|149.95|133.09|21.83|
|新易盛|300502.SZ|2021-11-03|149.13|129.14|30.33|24.26|3.92|3.96|96.57|31.49|7.46|5.78|0.29|0.66|16.84|149.13|132.28|21.7|
|新易盛|300502.SZ|2021-11-02|148.53|128.62|30.2|24.16|3.91|3.91|96.17|31.36|7.43|5.76|0.29|0.66|16.77|148.53|131.67|21.6|
|新易盛|300502.SZ|2021-11-01|147.61|127.83|30.02|24.01|3.88|3.88|95.58|31.17|7.39|5.72|0.29|0.67|16.67|147.61|130.76|21.45|
|新易盛|300502.SZ|2021-10-29|143.86|124.58|29.25|23.4|3.78|3.78|93.15|30.37|7.2|5.58|0.3|0.68|16.25|143.86|127.01|20.84|
|新易盛|300502.SZ|2021-10-28|142.9|123.74|29.06|23.24|3.76|3.76|92.53|30.17|7.15|5.54|0.3|0.69|16.14|142.9|126.04|20.68|
|新易盛|300502.SZ|2021-10-27|154.76|134.02|31.47|24.82|4.23|4.23|100.21|48.89|7.75|5.95|0.28|0.64|23.34|154.76|138.82|22.77|
|新易盛|300502.SZ|2021-10-26|157.7|136.56|32.07|25.29|4.31|4.31|102.12|49.81|7.89|6.06|0.27|0.62|23.78|157.7|141.76|23.26|
|新易盛|300502.SZ|2021-10-25|153.85|133.23|31.29|24.67|4.2|4.2|99.62|48.6|7.7|5.91|0.28|0.64|23.2|153.85|137.9|22.62|
|新易盛|300502.SZ|2021-10-22|151.77|131.43|30.86|24.34|4.15|4.15|98.28|47.94|7.6|5.83|0.28|0.65|22.89|151.77|135.83|22.28|
|新易盛|300502.SZ|2021-10-21|156.69|135.69|31.86|25.13|4.28|4.28|101.46|49.49|7.84|6.02|0.27|0.63|23.63|156.69|140.74|23.09|
|新易盛|300502.SZ|2021-10-20|159.48|138.1|32.43|25.58|4.36|4.36|103.27|50.37|7.98|6.13|0.27|0.62|24.05|159.48|143.53|23.55|
|新易盛|300502.SZ|2021-10-19|160.04|138.58|32.54|25.67|4.37|4.37|103.63|50.55|8.01|6.15|0.27|0.61|24.14|160.04|144.09|23.64|
|新易盛|300502.SZ|2021-10-18|162.27|140.52|33|26.02|4.43|4.43|105.07|51.26|8.12|6.23|0.26|0.61|24.47|162.27|146.32|24|
|新易盛|300502.SZ|2021-10-15|172.36|149.26|35.05|27.64|4.71|4.71|111.61|54.44|8.63|6.62|0.25|0.57|25.99|172.36|156.41|25.66|
|新易盛|300502.SZ|2021-10-14|176.97|153.25|35.99|28.38|4.84|4.84|114.6|55.9|8.86|6.8|0.24|0.56|26.69|176.97|161.03|26.42|
|新易盛|300502.SZ|2021-10-13|180.57|156.37|36.72|28.96|4.93|4.93|116.93|57.04|9.04|6.94|0.24|0.54|27.23|180.57|164.63|27.01|
|新易盛|300502.SZ|2021-10-12|178.34|154.44|36.27|28.6|4.87|4.87|115.48|56.33|8.93|6.85|0.24|0.55|26.9|178.34|162.4|26.64|
|新易盛|300502.SZ|2021-10-11|181.08|156.81|36.82|29.04|4.95|4.95|117.25|57.2|9.06|6.96|0.23|0.54|27.31|181.08|165.13|27.09|
|新易盛|300502.SZ|2021-10-08|174.49|151.1|35.48|27.98|4.77|4.77|112.99|55.12|8.73|6.7|0.24|0.56|26.32|174.49|158.54|26.01|
|新易盛|300502.SZ|2021-09-30|170.74|147.85|34.72|27.38|4.67|4.67|110.56|53.93|8.55|6.56|0.25|0.58|25.75|170.74|154.79|25.39|
|新易盛|300502.SZ|2021-09-29|167.34|144.91|34.03|26.84|4.57|4.57|108.36|52.86|8.38|6.43|0.25|0.59|25.24|167.34|151.39|24.84|
|新易盛|300502.SZ|2021-09-28|171.65|148.64|34.91|27.53|4.69|4.69|111.15|54.22|8.59|6.6|0.25|0.57|25.89|171.65|155.7|25.54|
|新易盛|300502.SZ|2021-09-27|171.19|148.25|34.81|27.45|4.68|4.68|110.85|54.07|8.57|6.58|0.25|0.57|25.82|171.19|155.25|25.47|
|新易盛|300502.SZ|2021-09-24|163.99|142.01|33.35|26.3|4.48|4.48|106.19|51.8|8.21|6.3|0.26|0.6|24.73|163.99|148.05|24.29|
|新易盛|300502.SZ|2021-09-23|168.86|146.23|34.34|27.08|4.61|4.61|109.34|53.34|8.45|6.49|0.25|0.58|25.47|168.86|152.91|25.09|
|新易盛|300502.SZ|2021-09-22|166.12|143.85|33.78|26.64|4.54|4.54|107.57|52.47|8.31|6.38|0.26|0.59|25.05|166.12|150.18|24.64|
|新易盛|300502.SZ|2021-09-17|165.56|143.37|33.67|26.55|4.52|4.52|107.21|52.3|8.29|6.36|0.26|0.59|24.97|165.56|149.62|24.55|
|新易盛|300502.SZ|2021-09-16|172.41|149.3|35.06|27.65|4.71|4.71|111.64|54.46|8.63|6.62|0.25|0.57|26|172.41|156.46|25.67|
|新易盛|300502.SZ|2021-09-15|177.28|153.51|36.05|28.43|4.84|4.84|114.79|56|8.87|6.81|0.24|0.55|26.74|177.28|161.33|26.47|
|新易盛|300502.SZ|2021-09-14|176.72|153.03|35.94|28.34|4.83|4.83|114.43|55.82|8.85|6.79|0.24|0.56|26.65|176.72|160.77|26.38|
|新易盛|300502.SZ|2021-09-13|182.55|158.08|37.12|29.28|4.99|4.99|118.21|57.66|9.14|7.01|0.23|0.54|27.53|182.55|166.61|27.33|
|新易盛|300502.SZ|2021-09-10|192.19|166.42|39.08|30.82|5.25|5.25|124.45|60.71|9.62|7.38|0.22|0.51|28.98|192.19|176.24|28.91|
|新易盛|300502.SZ|2021-09-09|193.71|167.74|39.39|31.07|5.29|5.29|125.43|61.19|9.7|7.44|0.22|0.51|29.21|193.71|177.76|29.16|
|新易盛|300502.SZ|2021-09-08|193.35|167.43|39.32|31.01|5.28|5.28|125.2|61.07|9.68|7.43|0.22|0.51|29.16|193.35|177.41|29.1|
|新易盛|300502.SZ|2021-09-07|184.38|159.66|37.49|29.57|5.04|5.04|119.39|58.24|9.23|7.08|0.23|0.53|27.81|184.38|168.43|27.63|
|新易盛|300502.SZ|2021-09-06|184.83|160.06|37.59|29.64|5.05|5.05|119.68|58.38|9.25|7.1|0.23|0.53|27.88|184.83|168.89|27.71|
|新易盛|300502.SZ|2021-09-03|178.6|154.66|36.32|28.64|4.88|4.88|115.65|56.41|8.94|6.86|0.24|0.55|26.93|178.6|162.65|26.68|
|新易盛|300502.SZ|2021-09-02|173.37|150.13|35.26|27.8|4.74|4.74|112.26|54.76|8.68|6.66|0.25|0.57|26.15|173.37|157.43|25.83|
|新易盛|300502.SZ|2021-09-01|176.47|152.81|35.88|28.3|4.82|4.82|114.27|55.74|8.83|6.78|0.24|0.56|26.61|176.47|160.52|26.33|
|新易盛|300502.SZ|2021-08-31|173.78|150.48|35.34|27.87|4.75|4.75|112.53|54.89|8.7|6.68|0.24|0.57|26.21|173.78|157.83|25.89|
|新易盛|300502.SZ|2021-08-30|181.23|156.94|36.85|29.06|4.95|4.95|117.35|57.25|9.07|6.96|0.23|0.54|27.33|181.23|165.29|27.12|
|新易盛|300502.SZ|2021-08-27|183.67|159.05|37.35|29.46|5.02|5.02|118.93|58.02|9.19|7.06|0.23|0.54|27.7|183.67|167.72|27.52|
|新易盛|300502.SZ|2021-08-26|183.92|159.27|37.4|29.5|5.03|5.03|119.09|58.1|9.21|7.07|0.23|0.53|27.74|183.92|167.97|27.56|
|新易盛|300502.SZ|2021-08-25|194.52|142.52|39.56|35.5|5.47|5.64|125.96|911.85|9.74|8.27|0.22|0.51|53.19|194.52|177.94|29.19|
|新易盛|300502.SZ|2021-08-24|191.88|140.58|39.02|35.02|5.4|5.56|124.25|899.49|9.6|8.16|0.22|0.51|52.47|191.88|175.31|28.76|
|新易盛|300502.SZ|2021-08-23|193.2|141.55|39.29|35.26|5.43|5.6|125.1|905.67|9.67|8.21|0.22|0.51|52.83|193.2|176.63|28.98|
|新易盛|300502.SZ|2021-08-20|192.13|140.77|39.07|35.06|5.4|5.57|124.41|900.68|9.62|8.17|0.22|0.51|52.53|192.13|175.56|28.8|
|新易盛|300502.SZ|2021-08-19|193.35|141.66|39.32|35.29|5.44|5.61|125.2|906.39|9.68|8.22|0.22|0.51|52.87|193.35|176.78|29|
|新易盛|300502.SZ|2021-08-18|183.46|134.42|37.31|33.48|5.16|5.32|118.8|860.03|9.18|7.8|0.23|0.54|50.16|183.46|166.89|27.38|
|新易盛|300502.SZ|2021-08-17|186.2|136.42|37.86|33.98|5.24|5.4|120.57|872.87|9.32|7.92|0.23|0.53|50.91|186.2|169.63|27.83|
|新易盛|300502.SZ|2021-08-16|196.5|143.96|39.96|35.86|5.53|5.7|127.24|921.13|9.83|8.35|0.22|0.5|53.73|196.5|179.92|29.52|
|新易盛|300502.SZ|2021-08-13|196.55|144|39.97|35.87|5.53|5.7|127.27|921.36|9.84|8.36|0.22|0.5|53.74|196.55|179.97|29.53|
|新易盛|300502.SZ|2021-08-12|200.3|146.75|40.73|36.55|5.63|5.81|129.7|938.95|10.03|8.52|0.21|0.49|54.77|200.3|183.73|30.14|
|新易盛|300502.SZ|2021-08-11|206.89|151.58|42.07|37.76|5.82|6|133.97|969.86|10.36|8.8|0.21|0.48|56.57|206.89|190.32|31.22|
|新易盛|300502.SZ|2021-08-10|214.24|156.97|43.57|39.1|6.02|6.21|138.73|1004.32|10.72|9.11|0.2|0.46|58.58|214.24|197.67|32.43|
|新易盛|300502.SZ|2021-08-09|211.1|154.66|42.93|38.53|5.94|6.12|136.69|989.59|10.57|8.97|0.2|0.47|57.72|211.1|194.53|31.91|
|新易盛|300502.SZ|2021-08-06|222.1|162.73|45.17|40.53|6.25|6.44|143.82|1041.17|11.12|9.44|0.19|0.44|60.73|222.1|205.53|33.72|
|新易盛|300502.SZ|2021-08-05|235.59|172.61|47.91|43|6.62|6.83|152.55|1104.4|11.79|10.02|0.18|0.42|64.42|235.59|219.02|35.93|
|新易盛|300502.SZ|2021-08-04|231.84|169.86|47.15|42.31|6.52|6.72|150.12|1086.81|11.6|9.86|0.18|0.42|63.39|231.84|215.27|35.32|
|新易盛|300502.SZ|2021-08-03|237.27|173.83|48.25|43.3|6.67|6.88|153.64|1112.24|11.88|10.09|0.18|0.41|64.87|237.27|220.69|36.21|
|新易盛|300502.SZ|2021-08-02|244.92|179.44|49.81|44.7|6.89|7.1|158.59|1148.14|12.26|10.41|0.17|0.4|66.97|244.92|228.35|37.46|
|新易盛|300502.SZ|2021-07-30|232.09|170.05|47.2|42.36|6.53|6.73|150.29|1088|11.62|9.87|0.18|0.42|63.46|232.09|215.52|35.36|
|新易盛|300502.SZ|2021-07-29|223.73|163.91|45.5|40.83|6.29|6.49|144.87|1048.78|11.2|9.51|0.19|0.44|61.17|223.73|207.15|33.98|
|新易盛|300502.SZ|2021-07-28|223.63|163.84|45.47|40.81|6.29|6.48|144.8|1048.3|11.19|9.51|0.19|0.44|61.15|223.63|207.05|33.97|
|新易盛|300502.SZ|2021-07-27|208.67|152.88|42.43|38.08|5.87|6.05|135.12|978.18|10.44|8.87|0.2|0.47|57.05|208.67|192.09|31.51|
|新易盛|300502.SZ|2021-07-26|202.43|148.31|41.16|36.94|5.69|5.87|131.08|948.94|10.13|8.61|0.21|0.49|55.35|202.43|185.86|30.49|
|新易盛|300502.SZ|2021-07-23|199.44|146.12|40.56|36.4|5.61|5.78|129.14|934.91|9.98|8.48|0.21|0.49|54.53|199.44|182.86|30|
|新易盛|300502.SZ|2021-07-22|189.85|139.1|38.61|34.65|5.34|5.51|122.94|889.99|9.5|8.07|0.22|0.52|51.91|189.85|173.28|28.43|
|新易盛|300502.SZ|2021-07-21|185.59|135.98|37.74|33.87|5.22|5.38|120.18|870.02|9.29|7.89|0.23|0.53|50.75|185.59|169.02|27.73|
|新易盛|300502.SZ|2021-07-20|189.09|138.54|38.45|34.51|5.32|5.48|122.44|886.42|9.46|8.04|0.23|0.52|51.7|189.09|172.52|28.3|
|新易盛|300502.SZ|2021-07-19|192.29|140.88|39.1|35.09|5.41|5.58|124.51|901.4|9.62|8.17|0.22|0.51|52.58|192.29|175.71|28.83|
|新易盛|300502.SZ|2021-07-16|179|131.15|36.4|32.67|5.03|5.19|115.91|839.12|8.96|7.61|0.24|0.55|48.94|179|162.43|26.65|
|新易盛|300502.SZ|2021-07-15|188.18|137.87|38.27|34.34|5.29|5.46|121.85|882.14|9.42|8|0.23|0.52|51.45|188.18|171.61|28.15|
|新易盛|300502.SZ|2021-07-14|187.47|137.35|38.12|34.21|5.27|5.44|121.39|878.81|9.38|7.97|0.23|0.52|51.26|187.47|170.9|28.04|
|新易盛|300502.SZ|2021-07-13|190.06|139.25|38.65|34.69|5.34|5.51|123.07|890.94|9.51|8.08|0.22|0.52|51.97|190.06|173.48|28.46|
|新易盛|300502.SZ|2021-07-12|185.04|135.57|37.63|33.77|5.2|5.37|119.82|867.4|9.26|7.87|0.23|0.53|50.59|185.04|168.46|27.64|
|新易盛|300502.SZ|2021-07-09|163.54|119.82|33.26|29.84|4.6|4.74|105.89|766.61|8.19|6.95|0.26|0.6|44.72|163.54|146.96|24.11|
|新易盛|300502.SZ|2021-07-08|154.66|113.31|31.45|28.23|4.35|4.48|100.15|725.01|7.74|6.58|0.28|0.64|42.29|154.66|138.09|22.65|
|新易盛|300502.SZ|2021-07-07|150.66|110.38|30.64|27.49|4.24|4.37|97.55|706.24|7.54|6.4|0.28|0.65|41.19|150.66|134.08|22|
|新易盛|300502.SZ|2021-07-06|146.04|107|29.7|26.65|4.11|4.23|94.57|684.6|7.31|6.21|0.29|0.67|39.93|146.04|129.47|21.24|
|新易盛|300502.SZ|2021-07-05|146.7|107.48|29.83|26.77|4.12|4.25|94.99|687.69|7.34|6.24|0.29|0.67|40.11|146.7|130.13|21.35|
|新易盛|300502.SZ|2021-07-02|147.16|107.82|29.92|26.86|4.14|4.27|95.29|689.83|7.37|6.26|0.29|0.67|40.24|147.16|130.58|21.42|
|新易盛|300502.SZ|2021-07-01|150.81|110.49|30.67|27.52|4.24|4.37|97.65|706.95|7.55|6.41|0.28|0.65|41.23|150.81|134.23|22.02|
|新易盛|300502.SZ|2021-06-30|158.46|116.1|32.22|28.92|4.46|4.59|102.61|742.84|7.93|6.74|0.27|0.62|43.33|158.46|141.89|23.28|
|新易盛|300502.SZ|2021-06-29|156.99|115.02|31.93|28.65|4.41|4.55|101.66|735.95|7.86|6.67|0.27|0.63|42.93|156.99|140.42|23.04|
|新易盛|300502.SZ|2021-06-28|158.97|116.47|32.33|29.01|4.47|4.61|102.94|745.22|7.96|6.76|0.27|0.62|43.47|158.97|142.4|23.36|
|新易盛|300502.SZ|2021-06-25|156.03|100.86|31.73|28.48|4.39|4.52|101.03|731.43|7.81|6.63|0.27|0.63|42.66|156.03|139.46|22.88|
|新易盛|300502.SZ|2021-06-24|160.44|103.71|32.63|29.28|4.51|4.65|103.89|752.11|8.03|6.82|0.27|0.61|43.87|160.44|143.87|23.6|
|新易盛|300502.SZ|2021-06-23|163.13|105.45|33.17|29.77|4.59|4.73|105.63|764.71|8.16|6.94|0.26|0.6|44.6|163.13|146.56|24.04|
|新易盛|300502.SZ|2021-06-22|158.67|102.57|32.27|28.96|4.46|4.6|102.74|743.79|7.94|6.75|0.27|0.62|43.38|158.67|142.09|23.31|
|新易盛|300502.SZ|2021-06-21|165.92|107.25|33.74|30.28|4.67|4.81|107.44|777.79|8.3|7.05|0.26|0.59|45.37|165.92|149.35|24.5|
|新易盛|300502.SZ|2021-06-18|165.87|107.22|33.73|30.27|4.66|4.81|107.4|777.55|8.3|7.05|0.26|0.59|45.35|165.87|149.29|24.49|
|新易盛|300502.SZ|2021-06-17|168.35|108.83|34.23|30.72|4.73|4.88|109.01|789.2|8.43|7.16|0.25|0.58|46.03|168.35|151.78|24.9|
|新易盛|300502.SZ|2021-06-16|162.52|105.06|33.05|29.66|4.57|4.71|105.24|761.86|8.13|6.91|0.26|0.61|44.44|162.52|145.95|23.94|
|新易盛|300502.SZ|2021-06-15|163.13|105.45|33.17|29.77|4.59|4.73|105.63|764.71|8.16|6.94|0.26|0.6|44.6|163.13|146.56|24.04|
|新易盛|300502.SZ|2021-06-11|164.8|106.53|33.51|30.08|4.63|4.78|106.71|772.56|8.25|7.01|0.26|0.6|45.06|164.8|148.23|24.32|
|新易盛|300502.SZ|2021-06-10|168.91|109.19|34.35|30.83|4.75|4.9|109.37|791.81|8.45|7.18|0.25|0.58|46.18|168.91|152.34|24.99|
|新易盛|300502.SZ|2021-06-09|168.35|108.83|34.23|30.72|4.73|4.88|109.01|789.2|8.43|7.16|0.25|0.58|46.03|168.35|151.78|24.9|
|新易盛|300502.SZ|2021-06-08|167.59|108.34|34.08|30.59|4.71|4.86|108.52|785.63|8.39|7.12|0.25|0.59|45.82|167.59|151.02|24.78|
|新易盛|300502.SZ|2021-06-07|175.13|113.22|35.61|31.96|4.92|4.94|113.4|820.95|8.77|7.45|0.24||47.88|175.13|158.55|26.01|
|新易盛|300502.SZ|2021-06-04|173.71|112.3|35.32|31.7|4.88|4.9|112.48|814.33|8.69|7.38|0.24||47.5|173.71|157.14|25.78|
|新易盛|300502.SZ|2021-06-03|171.68|110.99|34.91|31.33|4.83|4.84|111.17|804.82|8.59|7.3|0.25||46.94|171.68|155.11|25.45|
|新易盛|300502.SZ|2021-06-02|166.69|107.76|33.9|30.42|4.69|4.7|107.93|781.39|8.34|7.09|0.26||45.58|166.69|150.11|24.63|
|新易盛|300502.SZ|2021-06-01|169.44|109.54|34.46|30.92|4.76|4.77|109.72|794.29|8.48|7.2|0.25||46.33|169.44|152.87|25.08|
|新易盛|300502.SZ|2021-05-31|177.41|114.69|36.08|32.38|4.99|5|114.88|831.64|8.88|7.54|0.24||48.51|177.41|160.83|26.39|
|新易盛|300502.SZ|2021-05-28|172.05|111.23|34.99|31.4|4.84|4.84|111.41|806.52|8.61|7.31|0.25|0.25|47.04|172.05|155.47|25.51|
|新易盛|300502.SZ|2021-05-27|170.16|110.01|34.6|31.05|4.78|4.79|110.19|797.69|8.52|7.23|0.25|0.25|46.53|170.16|153.59|25.2|
|新易盛|300502.SZ|2021-05-26|156.15|100.95|31.75|28.5|4.39|4.4|101.11|731.98|7.82|6.64|0.27|0.27|42.69|156.15|139.57|22.9|
|新易盛|300502.SZ|2021-05-25|156.15|100.95|31.75|28.5|4.39|4.4|101.11|731.98|7.82|6.64|0.27|0.27|42.69|156.15|139.57|22.9|
|新易盛|300502.SZ|2021-05-24|149.34|96.55|30.37|27.25|4.2|4.21|96.7|700.06|7.47|6.35|0.28|0.28|40.83|149.34|132.76|21.78|
|新易盛|300502.SZ|2021-05-21|150.68|97.41|30.64|27.5|4.24|4.24|97.57|706.34|7.54|6.41|0.28|0.28|41.2|150.68|134.1|22|
|新易盛|300502.SZ|2021-05-20|150.64|97.39|30.63|27.49|4.24|4.24|97.54|706.17|7.54|6.4|0.28|0.28|41.19|150.64|134.07|21.99|
|新易盛|300502.SZ|2021-05-19|146.69|94.84|29.83|26.77|4.12|4.12|94.99|687.66|7.34|6.24|0.29|0.29|40.11|146.69|130.12|21.35|
|新易盛|300502.SZ|2021-05-18|147.96|95.66|30.09|27|4.16|4.16|95.81|693.6|7.41|6.29|0.29|0.29|40.46|147.96|131.39|21.55|
|新易盛|300502.SZ|2021-05-17|144.88|93.34|29.46|26.44|4.07|4.07|93.82|679.17|7.25|6.16|0.29|0.29|39.61|144.88|128.31|21.05|
|新易盛|300502.SZ|2021-05-14|144.12|92.85|29.31|26.3|4.05|4.05|93.32|675.61|7.21|6.13|0.3|0.3|39.41|144.12|127.55|20.93|
|新易盛|300502.SZ|2021-05-13|139.48|89.86|28.36|25.46|3.92|3.92|90.32|653.87|6.98|5.93|0.31|0.31|38.14|139.48|122.91|20.16|
|新易盛|300502.SZ|2021-05-12|131.01|84.4|26.64|23.91|3.68|3.68|84.83|614.14|6.56|5.57|0.32|0.32|35.82|131.01|114.44|18.77|
|新易盛|300502.SZ|2021-05-11|131.41|84.66|26.72|23.98|3.69|3.69|85.09|616.01|6.58|5.59|0.32|0.32|35.93|131.41|114.83|18.84|
|新易盛|300502.SZ|2021-05-10|129.31|83.3|26.29|23.6|3.64|3.64|83.73|606.16|6.47|5.5|0.33|0.33|35.36|129.31|112.73|18.49|
|新易盛|300502.SZ|2021-05-07|133.94|86.29|27.24|24.44|3.77|3.77|86.73|627.89|6.7|5.69|0.32|0.32|36.62|133.94|117.37|19.26|
|新易盛|300502.SZ|2021-05-06|140.1|90.26|28.49|25.57|3.94|3.94|90.72|656.76|7.01|5.96|0.3|0.3|38.31|140.1|123.53|20.27|
|新易盛|300502.SZ|2021-04-30|139.88|90.12|28.45|25.53|3.93|3.93|90.58|655.74|7|5.95|0.3|0.3|38.25|139.88|123.31|20.23|
|新易盛|300502.SZ|2021-04-29|144.12|92.85|29.31|26.3|4.05|4.05|93.32|675.61|7.21|6.13|0.3|0.3|39.41|144.12|127.55|20.93|
|新易盛|300502.SZ|2021-04-28|145.21|93.55|29.53|26.5|4.08|4.08|94.03|680.7|7.27|6.17|0.29|0.29|39.7|145.21|128.63|21.1|
|新易盛|300502.SZ|2021-04-27|144.52|93.11|29.39|26.37|4.06|4.06|93.58|677.47|7.23|6.14|0.29|0.29|39.52|144.52|127.95|20.99|
|新易盛|300502.SZ|2021-04-26|147.74|95.18|30.04|26.96|4.15|4.15|95.67|692.58|7.39|6.28|0.29|0.29|40.4|147.74|131.17|21.52|
|新易盛|300502.SZ|2021-04-23|152.31|98.12|30.97|27.8|4.28|4.28|98.62|713.98|7.62|6.47|0.28|0.28|41.64|152.31|135.73|22.27|
|新易盛|300502.SZ|2021-04-22|155.6|103.76|73.1|31.64|9.46|4.52|142.13|-206.99|13.36|7.79|0.27|0.27|74.11|156.73|156.22|56.83|
|新易盛|300502.SZ|2021-04-21|150.6|100.42|70.75|30.63|9.16|4.37|137.57|-200.34|12.93|7.54|0.28|0.28|71.73|151.73|151.22|55.01|
|新易盛|300502.SZ|2021-04-20|152.89|101.94|71.83|31.09|9.3|4.44|139.65|-203.38|13.12|7.65|0.28|0.28|72.82|154.02|153.5|55.84|
|新易盛|300502.SZ|2021-04-19|155.1|103.42|72.86|31.54|9.43|4.5|141.67|-206.32|13.31|7.76|0.27|0.27|73.87|156.23|155.71|56.64|
|新易盛|300502.SZ|2021-04-16|151.8|101.22|71.32|30.87|9.23|4.41|138.66|-201.93|13.03|7.6|0.28|0.28|72.3|152.93|152.42|55.44|
|新易盛|300502.SZ|2021-04-15|147.53|98.37|69.31|30|8.97|4.28|134.76|-196.25|12.66|7.38|0.29|0.29|70.27|148.66|148.14|53.89|
|新易盛|300502.SZ|2021-04-14|148.9|99.29|69.95|30.28|9.05|4.32|136.01|-198.08|12.78|7.45|0.29|0.29|70.92|150.03|149.52|54.39|
|新易盛|300502.SZ|2021-04-13|148|98.68|69.53|30.1|9|4.3|135.19|-196.87|12.71|7.41|0.29|0.29|70.49|149.13|148.61|54.06|
|新易盛|300502.SZ|2021-04-12|149.74|99.84|70.35|30.45|9.1|4.35|136.77|-199.19|12.85|7.49|0.28|0.28|71.32|150.87|150.35|54.69|
|新易盛|300502.SZ|2021-04-09|156.11|104.09|73.34|31.75|9.49|4.53|142.6|-207.67|13.4|7.81|0.27|0.27|74.35|157.24|156.73|57.01|
|新易盛|300502.SZ|2021-04-08|156.83|104.58|73.68|31.89|9.54|4.55|143.26|-208.63|13.46|7.85|0.27|0.27|74.7|157.96|157.45|57.27|
|新易盛|300502.SZ|2021-04-07|161.18|107.47|75.72|32.78|9.8|4.68|147.23|-214.41|13.84|8.07|0.26|0.26|76.77|162.31|161.8|58.85|
|新易盛|300502.SZ|2021-04-06|159.73|106.51|75.04|32.48|9.71|4.64|145.91|-212.49|13.71|7.99|0.27|0.27|76.08|160.86|160.35|58.33|
|新易盛|300502.SZ|2021-04-02|163.25|108.85|76.69|33.2|9.93|4.74|149.12|-217.16|14.01|8.17|0.26|0.26|77.75|164.38|163.86|59.61|
|新易盛|300502.SZ|2021-04-01|154.05|102.72|72.37|31.33|9.37|4.47|140.71|-204.92|13.22|7.71|0.28|0.28|73.37|155.18|154.66|56.26|
|新易盛|300502.SZ|2021-03-31|147.74|98.51|69.41|35.03|8.98|4.47|134.96|-196.54|12.68|8.07|0.29|0.29|101.01|148.87|148.36|53.97|
|新易盛|300502.SZ|2021-03-30|148.97|99.34|69.99|35.33|9.06|4.51|136.08|-198.18|12.79|8.14|0.29|0.29|101.85|150.1|149.59|54.41|
|新易盛|300502.SZ|2021-03-29|148.83|99.24|69.92|35.29|9.05|4.5|135.95|-197.98|12.78|8.13|0.29|0.29|101.75|149.96|149.45|54.36|
|新易盛|300502.SZ|2021-03-26|151.69|101.15|71.26|35.97|9.22|4.59|138.56|-201.79|13.02|8.28|0.28|0.28|103.71|152.82|152.31|55.4|
|新易盛|300502.SZ|2021-03-25|141.77|94.53|66.6|33.62|8.62|4.29|129.5|-188.59|12.17|7.74|0.3|0.3|96.92|142.9|142.38|51.79|
|新易盛|300502.SZ|2021-03-24|137.75|91.85|64.71|32.66|8.37|4.17|125.82|-183.24|11.82|7.52|0.31|0.31|94.17|138.88|138.36|50.33|
|新易盛|300502.SZ|2021-03-23|147.31|98.22|69.21|34.93|8.96|4.46|134.56|-195.96|12.65|8.04|0.29|0.29|100.71|148.44|147.93|53.81|
|新易盛|300502.SZ|2021-03-22|144.63|96.44|67.95|34.29|8.79|4.38|132.11|-192.39|12.42|7.9|0.29|0.29|98.88|145.76|145.25|52.83|
|新易盛|300502.SZ|2021-03-19|142.53|95.04|66.96|33.8|8.67|4.31|130.19|-189.6|12.24|7.78|0.3|0.3|97.44|143.66|143.14|52.07|
|新易盛|300502.SZ|2021-03-18|144.34|96.24|67.81|34.23|8.78|4.37|131.84|-192.01|12.39|7.88|0.29|0.29|98.68|145.47|144.96|52.73|
|新易盛|300502.SZ|2021-03-17|142.67|95.13|67.03|33.83|8.67|4.32|130.32|-189.79|12.25|7.79|0.3|0.3|97.54|143.8|143.29|52.12|
|新易盛|300502.SZ|2021-03-16|139.7|93.15|65.63|33.13|8.49|4.23|127.61|-185.84|11.99|7.63|0.3|0.3|95.51|140.83|140.32|51.04|
|新易盛|300502.SZ|2021-03-15|141.95|94.65|66.69|33.66|8.63|4.3|129.66|-188.83|12.19|7.75|0.3|0.3|97.04|143.08|142.57|51.86|
|新易盛|300502.SZ|2021-03-12|145.79|97.21|68.49|34.57|8.86|4.41|133.17|-193.94|12.52|7.96|0.29|0.29|99.67|146.92|146.4|53.26|
|新易盛|300502.SZ|2021-03-11|149.59|99.75|70.28|35.47|9.1|4.53|136.64|-198.99|12.84|8.17|0.28|0.28|102.27|150.72|150.21|54.64|
|新易盛|300502.SZ|2021-03-10|147.27|98.2|69.19|34.92|8.95|4.46|134.52|-195.91|12.64|8.04|0.29|0.29|100.68|148.4|147.89|53.8|
|新易盛|300502.SZ|2021-03-09|149.74|99.84|70.35|35.51|9.1|4.53|136.77|-199.19|12.85|8.18|0.28|0.28|102.37|150.87|150.35|54.69|
|新易盛|300502.SZ|2021-03-08|155.82|103.9|73.2|36.95|9.47|4.72|142.33|-207.28|13.38|8.51|0.27|0.27|106.53|156.95|156.44|56.9|
|新易盛|300502.SZ|2021-03-05|164.62|109.77|77.34|39.04|10.01|4.98|150.37|-218.99|14.13|8.99|0.26|0.26|112.55|165.75|165.24|60.11|
|新易盛|300502.SZ|2021-03-04|162.92|108.63|76.54|38.63|9.91|4.93|148.82|-216.73|13.99|8.9|0.26|0.26|111.38|164.05|163.54|59.49|
|新易盛|300502.SZ|2021-03-03|170.92|113.97|80.3|40.53|10.39|5.17|156.13|-227.37|14.67|9.33|0.25|0.25|116.85|172.05|171.54|62.4|
|新易盛|300502.SZ|2021-03-02|169.11|112.76|79.45|40.1|10.28|5.12|154.48|-224.97|14.52|9.24|0.25|0.25|115.62|170.24|169.73|61.74|
|新易盛|300502.SZ|2021-03-01|173.5|115.69|81.51|41.14|10.55|5.25|158.48|-230.8|14.89|9.47|0.25|0.25|118.61|174.63|174.11|63.33|
|新易盛|300502.SZ|2021-02-26|166.9|111.29|78.41|39.58|10.15|5.05|152.46|-222.03|14.33|9.12|0.26|0.26|114.11|168.03|167.52|60.94|
|新易盛|300502.SZ|2021-02-25|174.26|116.19|81.87|41.32|10.59|5.27|159.17|-231.81|14.96|9.52|0.24|0.24|119.13|175.39|174.87|63.61|
|新易盛|300502.SZ|2021-02-24|177.55|118.39|83.41|42.1|10.8|5.37|162.18|-236.19|15.24|9.7|0.24|0.24|121.39|178.68|178.17|64.81|
|新易盛|300502.SZ|2021-02-23|175.52|117.04|82.46|41.62|10.67|5.31|160.33|-233.49|15.07|9.59|0.24|0.24|120|176.65|176.14|64.07|
|新易盛|300502.SZ|2021-02-22|178.86|119.26|84.03|42.41|10.87|5.41|163.38|-237.93|15.35|9.77|0.24|0.24|122.28|179.99|179.47|65.28|
|新易盛|300502.SZ|2021-02-19|186.35|124.26|87.55|44.19|11.33|5.64|170.22|-247.9|16|10.18|0.23|0.23|127.4|187.48|186.97|68.01|
|新易盛|300502.SZ|2021-02-18|180.41|120.3|84.76|42.78|10.97|5.46|164.8|-240|15.49|9.85|0.24|0.24|123.34|181.54|181.03|65.85|
|新易盛|300502.SZ|2021-02-10|179.73|119.84|84.44|42.62|10.93|5.44|164.17|-239.08|15.43|9.82|0.24|0.24|122.87|180.86|180.34|65.6|
|新易盛|300502.SZ|2021-02-09|172.95|115.32|81.25|41.01|10.52|5.23|157.98|-230.07|14.85|9.45|0.25|0.25|118.24|174.08|173.57|63.14|
|新易盛|300502.SZ|2021-02-08|172.63|115.11|81.1|40.93|10.5|5.22|157.68|-229.64|14.82|9.43|0.25|0.25|118.02|173.76|173.24|63.02|
|新易盛|300502.SZ|2021-02-05|169.44|112.98|79.6|40.18|10.3|5.13|154.77|-225.4|14.55|9.25|0.25|0.25|115.84|170.57|170.06|61.86|
|新易盛|300502.SZ|2021-02-04|177.55|118.39|83.41|42.1|10.8|5.37|162.18|-236.19|15.24|9.7|0.24|0.24|121.39|178.68|178.17|64.81|
|新易盛|300502.SZ|2021-02-03|187.77|125.2|88.21|44.52|11.42|5.68|171.51|-249.78|16.12|10.25|0.23|0.23|128.37|188.9|188.38|68.53|
|新易盛|300502.SZ|2021-02-02|193.13|128.78|90.73|45.79|11.74|5.85|176.41|-256.91|16.58|10.55|0.22|0.22|132.03|194.26|193.74|70.48|
|新易盛|300502.SZ|2021-02-01|201.89|134.62|94.85|47.87|12.28|6.11|184.42|-268.57|17.33|11.03|0.21|0.21|138.03|203.02|202.51|73.66|
|新易盛|300502.SZ|2021-01-29|198.09|132.09|93.06|46.97|12.04|6|180.94|-263.51|17.01|10.82|0.21|0.21|135.43|199.22|198.71|72.28|
|新易盛|300502.SZ|2021-01-28|191.9|127.96|90.15|45.5|11.67|5.81|175.29|-255.27|16.47|10.48|0.22|0.22|131.19|193.03|192.51|70.03|
|新易盛|300502.SZ|2021-01-27|195.77|130.54|91.97|46.42|11.9|5.93|178.83|-260.43|16.81|10.69|0.22|0.22|133.84|196.9|196.39|71.44|
|新易盛|300502.SZ|2021-01-26|189.36|126.26|88.96|44.9|11.51|5.73|172.97|-251.9|16.26|10.34|0.22|0.22|129.46|190.49|189.98|69.11|
|新易盛|300502.SZ|2021-01-25|190.92|127.3|89.69|45.27|11.61|5.78|174.39|-253.97|16.39|10.43|0.22|0.22|130.52|192.05|191.54|69.67|
|新易盛|300502.SZ|2021-01-22|198.23|132.18|93.13|47.01|12.05|6|181.08|-263.7|17.02|10.83|0.21|0.21|135.53|199.36|198.85|72.33|
|新易盛|300502.SZ|2021-01-21|202.54|135.06|95.16|48.03|12.31|6.13|185.01|-269.44|17.39|11.06|0.21|0.21|138.47|203.67|203.16|73.9|
|新易盛|300502.SZ|2021-01-20|203.02|135.37|95.38|48.14|12.34|6.14|185.44|-270.06|17.43|11.09|0.21|0.21|138.79|204.15|203.63|74.07|
|新易盛|300502.SZ|2021-01-19|199.57|133.08|93.76|47.32|12.13|6.04|182.3|-265.49|17.13|10.9|0.21|0.21|136.44|200.7|200.19|72.82|
|新易盛|300502.SZ|2021-01-18|200.3|133.56|94.1|47.5|12.18|6.06|182.96|-266.45|17.19|10.94|0.21|0.21|136.94|201.43|200.92|73.08|
|新易盛|300502.SZ|2021-01-15|191.53|127.71|89.98|45.42|11.65|5.8|174.96|-254.79|16.44|10.46|0.22|0.22|130.94|192.66|192.15|69.9|
|新易盛|300502.SZ|2021-01-14|201.75|134.52|94.78|47.84|12.27|6.11|184.29|-268.38|17.32|11.02|0.21|0.21|137.93|202.88|202.37|73.61|
|新易盛|300502.SZ|2021-01-13|197.08|131.41|92.59|46.73|11.98|5.96|180.02|-262.16|16.92|10.76|0.22|0.22|134.73|198.21|197.69|71.91|
|新易盛|300502.SZ|2021-01-12|189.07|126.07|88.83|44.83|11.5|5.72|172.71|-251.51|16.23|10.33|0.23|0.23|129.26|190.2|189.69|69|
|新易盛|300502.SZ|2021-01-11|187.84|125.25|88.25|44.54|11.42|5.69|171.58|-249.88|16.13|10.26|0.23|0.23|128.42|188.97|188.46|68.55|
|新易盛|300502.SZ|2021-01-08|184.36|122.93|86.61|43.72|11.21|5.58|168.4|-245.25|15.83|10.07|0.23|0.23|126.04|185.49|184.98|67.29|
|新易盛|300502.SZ|2021-01-07|184|122.69|86.44|43.63|11.19|5.57|168.07|-244.77|15.8|10.05|0.23|0.23|125.79|185.13|184.62|67.16|
|新易盛|300502.SZ|2021-01-06|197.26|131.53|92.67|46.77|11.99|5.97|180.18|-262.4|16.93|10.77|0.22|0.22|134.86|198.39|197.87|71.98|
|新易盛|300502.SZ|2021-01-05|210.4|140.3|98.85|49.89|12.79|6.37|192.19|-279.89|18.06|11.49|0.2|0.2|143.85|211.53|211.02|76.76|
|新易盛|300502.SZ|2021-01-04|203.99|136.02|95.84|48.37|12.4|6.17|186.34|-271.37|17.51|11.14|0.21|0.21|139.46|205.12|204.61|74.43|",2026-07-18T11:25:12.726484+08:00
