vendor,tool_name,query,result_index,api_name,title,score,table_markdown,retrieved_at
gildata,FinQuery,工业富联2021年1月至2026年7月市盈率TTM历史走势,1,股票价值分析,,,"|股票名称|股票代码|交易日|总市值（亿元）|流通市值（亿元）|市盈率PE(LYR)|市盈率PE(TTM)|市净率PB(MRQ)|市净率PB(LF)|市现率PCF(LYR)|市现率PCF(TTM)|市销率PS(LYR)|市销率PS(TTM)|股息率|滚动股息率|PEG|企业价值(含货币资金)EV1(亿元)|企业价值(剔除货币资金)EV2(亿元)|企业价值倍数EV2/EBITDA|
|----------|----------|----------|----------|----------|----------|----------|----------|----------|----------|----------|----------|----------|----------|----------|----------|----------|----------|----------|
|工业富联|601138.SH|2026-07-17|11428.21|11428.21|32.39|28.11|6.49|6.49|218.18|39.46|1.27|1.15|1.11|1.68|104.8|12266.52|11245.17|21.91|
|工业富联|601138.SH|2026-07-16|12505.75|12505.75|35.44|30.76|7.1|7.1|238.75|43.18|1.39|1.26|1.02|1.54|114.68|13344.05|12322.7|24.01|
|工业富联|601138.SH|2026-07-15|12624.81|12624.81|35.78|31.06|7.16|7.16|241.03|43.59|1.4|1.27|1.01|1.53|115.78|13463.12|12441.77|24.24|
|工业富联|601138.SH|2026-07-14|13017.72|13017.72|36.89|32.02|7.39|7.39|248.53|44.95|1.44|1.31|0.98|1.48|119.38|13856.03|12834.68|25|
|工业富联|601138.SH|2026-07-13|12517.65|12517.65|35.48|30.79|7.1|7.1|238.98|43.22|1.39|1.26|1.01|1.54|114.79|13355.96|12334.61|24.03|
|工业富联|601138.SH|2026-07-10|13150.68|13150.68|37.27|32.35|7.46|7.46|251.07|45.41|1.46|1.32|0.97|1.46|120.6|13988.99|12967.64|25.26|
|工业富联|601138.SH|2026-07-09|13797.6|13797.6|39.1|33.94|7.83|7.83|263.42|47.64|1.53|1.39|0.92|1.4|126.53|14635.9|13614.55|26.52|
|工业富联|601138.SH|2026-07-08|13099.09|13099.09|37.12|32.22|7.43|7.43|250.08|45.23|1.45|1.32|0.97|1.47|120.13|13937.39|12916.04|25.16|
|工业富联|601138.SH|2026-07-07|12656.56|12656.56|35.87|31.14|7.18|7.18|241.63|43.7|1.4|1.27|1|1.52|116.07|13494.87|12473.52|24.3|
|工业富联|601138.SH|2026-07-06|12618.86|12618.86|35.76|31.04|7.16|7.16|240.91|43.57|1.4|1.27|1.01|1.53|115.72|13457.16|12435.81|24.23|
|工业富联|601138.SH|2026-07-03|12843.1|12843.1|36.4|31.59|7.29|7.29|245.2|44.34|1.42|1.29|0.99|1.5|117.78|13681.4|12660.05|24.66|
|工业富联|601138.SH|2026-07-02|12704.19|12704.19|36|31.25|7.21|7.21|242.54|43.86|1.41|1.28|1|1.52|116.5|13542.49|12521.14|24.39|
|工业富联|601138.SH|2026-07-01|13890.86|13890.86|39.37|34.17|7.88|7.88|265.2|47.96|1.54|1.4|0.91|1.39|127.39|14729.17|13707.82|26.7|
|工业富联|601138.SH|2026-06-30|14317.51|14317.51|40.58|35.22|8.12|8.12|273.34|49.43|1.59|1.44|0.89|1.34|131.3|15155.82|14134.47|27.54|
|工业富联|601138.SH|2026-06-29|13813.47|13813.47|39.15|33.98|7.84|7.84|263.72|47.69|1.53|1.39|0.92|1.39|126.68|14651.78|13630.43|26.55|
|工业富联|601138.SH|2026-06-26|13934.52|13934.52|39.49|34.28|7.91|7.91|266.03|48.11|1.54|1.4|0.91|1.38|127.79|14772.83|13751.48|26.79|
|工业富联|601138.SH|2026-06-25|15277.97|15277.97|43.3|37.58|8.67|8.67|291.68|52.75|1.69|1.54|0.83|1.26|140.11|16116.27|15094.92|29.41|
|工业富联|601138.SH|2026-06-24|15236.29|15236.29|43.18|37.48|8.65|8.65|290.88|52.61|1.69|1.53|0.83|1.26|139.73|16074.6|15053.25|29.33|
|工业富联|601138.SH|2026-06-23|14704.47|14704.47|41.67|36.17|8.34|8.34|280.73|50.77|1.63|1.48|0.86|1.31|134.85|15542.78|14521.43|28.29|
|工业富联|601138.SH|2026-06-22|15653.02|15653.02|44.36|38.51|8.88|8.88|298.84|54.05|1.73|1.58|0.81|1.23|143.55|16491.33|15469.98|30.14|
|工业富联|601138.SH|2026-06-18|15494.27|15494.27|43.91|38.12|8.79|8.79|295.81|53.5|1.72|1.56|0.82|1.24|142.09|16332.57|15311.22|29.83|
|工业富联|601138.SH|2026-06-17|14414.75|14414.75|40.85|35.46|8.18|8.18|275.2|49.77|1.6|1.45|0.88|1.34|132.19|15253.06|14231.7|27.72|
|工业富联|601138.SH|2026-06-16|14466.34|14466.34|41|35.59|8.21|8.21|276.19|49.95|1.6|1.46|0.88|1.33|132.66|15304.65|14283.3|27.83|
|工业富联|601138.SH|2026-06-15|14565.56|14565.56|41.28|35.83|8.27|8.27|278.08|50.29|1.61|1.47|0.87|1.32|133.57|15403.87|14382.52|28.02|
|工业富联|601138.SH|2026-06-12|13916.66|13916.66|39.44|34.24|7.9|7.9|265.69|48.05|1.54|1.4|0.91|1.38|127.62|14754.97|13733.62|26.75|
|工业富联|601138.SH|2026-06-11|13795.61|13795.61|39.1|33.94|7.83|7.83|263.38|47.63|1.53|1.39|0.92|1.4|126.51|14633.92|13612.57|26.52|
|工业富联|601138.SH|2026-06-10|14115.1|14115.1|40|34.72|8.01|8.01|269.48|48.74|1.56|1.42|0.9|1.36|129.44|14953.41|13932.06|27.14|
|工业富联|601138.SH|2026-06-09|14831.47|14831.47|42.03|36.49|8.42|8.42|283.16|51.21|1.64|1.49|0.86|1.3|136.01|15669.78|14648.43|28.54|
|工业富联|601138.SH|2026-06-08|13986.12|13986.12|39.64|34.41|7.94|7.94|267.02|48.29|1.55|1.41|0.91|1.38|128.26|14824.42|13803.07|26.89|
|工业富联|601138.SH|2026-06-05|14696.53|14696.53|41.65|36.15|8.34|8.34|280.58|50.74|1.63|1.48|0.86|1.31|134.78|15534.84|14513.49|28.27|
|工业富联|601138.SH|2026-06-04|15587.53|15587.53|44.18|38.35|8.85|8.85|297.59|53.82|1.73|1.57|0.81|1.24|142.95|16425.84|15404.49|30.01|
|工业富联|601138.SH|2026-06-03|16083.64|16083.64|45.58|39.57|9.13|9.13|307.06|55.53|1.78|1.62|0.79|1.2|147.5|16921.94|15900.59|30.98|
|工业富联|601138.SH|2026-06-02|15877.26|15877.26|45|39.06|9.01|9.01|303.12|54.82|1.76|1.6|0.8|1.21|145.6|16715.56|15694.21|30.57|
|工业富联|601138.SH|2026-06-01|14635.02|14635.02|41.48|36|8.31|8.31|279.41|50.53|1.62|1.47|0.87|1.32|134.21|15473.32|14451.97|28.15|
|工业富联|601138.SH|2026-05-29|14565.56|14565.56|41.28|35.83|8.27|8.27|278.08|50.29|1.61|1.47|0.87|1.32|133.57|15403.87|14382.52|28.02|
|工业富联|601138.SH|2026-05-28|14883.07|14883.07|42.18|36.61|8.45|8.45|284.14|51.39|1.65|1.5|0.85|1.29|136.49|15721.38|14700.02|28.64|
|工业富联|601138.SH|2026-05-27|13906.74|13906.74|39.41|34.21|7.89|7.89|265.5|48.02|1.54|1.4|0.91|1.38|127.53|14745.05|13723.69|26.74|
|工业富联|601138.SH|2026-05-26|13886.9|13886.9|39.36|34.16|7.88|7.88|265.12|47.95|1.54|1.4|0.91|1.39|127.35|14725.2|13703.85|26.7|
|工业富联|601138.SH|2026-05-25|13950.4|13950.4|39.54|34.32|7.92|7.92|266.34|48.17|1.55|1.4|0.91|1.38|127.93|14788.7|13767.35|26.82|
|工业富联|601138.SH|2026-05-22|13327.29|13327.29|37.77|32.79|7.56|7.56|254.44|46.02|1.48|1.34|0.95|1.44|122.22|14165.6|13144.25|25.61|
|工业富联|601138.SH|2026-05-21|12997.88|12997.88|36.84|31.98|7.38|7.38|248.15|44.88|1.44|1.31|0.98|1.48|119.2|13836.19|12814.84|24.96|
|工业富联|601138.SH|2026-05-20|13523.75|13523.75|38.33|33.27|7.67|7.67|258.19|46.69|1.5|1.36|0.94|1.42|124.02|14362.06|13340.7|25.99|
|工业富联|601138.SH|2026-05-19|13605.11|13605.11|38.56|33.47|7.72|7.72|259.74|46.97|1.51|1.37|0.93|1.42|124.77|14443.42|13422.06|26.15|
|工业富联|601138.SH|2026-05-18|13688.45|13688.45|38.79|33.67|7.77|7.77|261.33|47.26|1.52|1.38|0.93|1.41|125.53|14526.76|13505.41|26.31|
|工业富联|601138.SH|2026-05-15|13418.58|13418.58|38.03|33.01|7.61|7.61|256.18|46.33|1.49|1.35|0.95|1.43|123.06|14256.88|13235.53|25.78|
|工业富联|601138.SH|2026-05-14|13613.05|13613.05|38.58|33.49|7.73|7.73|259.89|47|1.51|1.37|0.93|1.41|124.84|14451.35|13430|26.16|
|工业富联|601138.SH|2026-05-13|14057.55|14057.55|39.84|34.58|7.98|7.98|268.38|48.54|1.56|1.41|0.9|1.37|128.92|14895.86|13874.51|27.03|
|工业富联|601138.SH|2026-05-12|12779.6|12779.6|36.22|31.44|7.25|7.25|243.98|44.12|1.42|1.29|0.99|1.51|117.2|13617.9|12596.55|24.54|
|工业富联|601138.SH|2026-05-11|13067.33|13067.33|37.03|32.15|7.42|7.42|249.48|45.12|1.45|1.32|0.97|1.47|119.83|13905.64|12884.29|25.1|
|工业富联|601138.SH|2026-05-08|12557.34|12557.34|35.59|30.89|7.13|7.13|239.74|43.36|1.39|1.26|1.01|1.53|115.16|13395.65|12374.3|24.11|
|工业富联|601138.SH|2026-05-07|12735.94|12735.94|36.09|31.33|7.23|7.23|243.15|43.97|1.41|1.28|1|1.51|116.8|13574.24|12552.89|24.45|
|工业富联|601138.SH|2026-05-06|12517.65|12517.65|35.48|30.79|7.1|7.1|238.98|43.22|1.39|1.26|1.01|1.54|114.79|13355.96|12334.61|24.03|
|工业富联|601138.SH|2026-04-30|12477.97|12477.97|35.36|30.7|7.08|7.08|238.22|43.08|1.38|1.26|1.02|1.54|114.43|13316.27|12294.92|23.95|
|工业富联|601138.SH|2026-04-29|13148.7|13148.7|37.26|32.35|7.46|7.46|251.03|45.4|1.46|1.32|0.97|1.46|120.58|13987|12965.65|25.26|
|工业富联|601138.SH|2026-04-28|13533.67|13533.67|38.35|38.35|8.11|8.13|258.38|258.38|1.5|1.5|0.94|1.42|185.38|14591.49|13491.24|26.28|
|工业富联|601138.SH|2026-04-27|13345.15|13345.15|37.82|37.82|8|8.01|254.78|254.78|1.48|1.48|0.95|1.44|182.8|14402.97|13302.73|25.92|
|工业富联|601138.SH|2026-04-24|12900.64|12900.64|36.56|36.56|7.74|7.75|246.29|246.29|1.43|1.43|0.98|1.49|176.71|13958.46|12858.22|25.05|
|工业富联|601138.SH|2026-04-23|13478.11|13478.11|38.2|38.2|8.08|8.09|257.32|257.32|1.49|1.49|0.94|1.43|184.62|14535.93|13435.68|26.17|
|工业富联|601138.SH|2026-04-22|13273.71|13273.71|37.62|37.62|7.96|7.97|253.42|253.42|1.47|1.47|0.96|1.45|181.82|14331.53|13231.29|25.78|
|工业富联|601138.SH|2026-04-21|12186.26|12186.26|34.54|34.54|7.31|7.32|232.66|232.66|1.35|1.35|1.04|1.58|166.92|13244.08|12143.83|23.66|
|工业富联|601138.SH|2026-04-20|12206.1|12206.1|34.59|34.59|7.32|7.33|233.03|233.03|1.35|1.35|1.04|1.58|167.19|13263.92|12163.67|23.7|
|工业富联|601138.SH|2026-04-17|12098.94|12098.94|34.29|34.29|7.25|7.27|230.99|230.99|1.34|1.34|1.05|1.59|165.73|13156.76|12056.52|23.49|
|工业富联|601138.SH|2026-04-16|11771.52|11771.52|33.36|33.36|7.06|7.07|224.74|224.74|1.3|1.3|1.08|1.64|161.24|12829.33|11729.09|22.85|
|工业富联|601138.SH|2026-04-15|11473.85|11473.85|32.52|32.52|6.88|6.89|219.05|219.05|1.27|1.27|1.11|1.68|157.16|12531.67|11431.43|22.27|
|工业富联|601138.SH|2026-04-14|11692.14|11692.14|33.14|33.14|7.01|7.02|223.22|223.22|1.29|1.29|1.09|1.65|160.15|12749.96|11649.71|22.69|
|工业富联|601138.SH|2026-04-13|11053.16|11053.16|31.32|31.32|6.63|6.64|211.02|211.02|1.22|1.22|1.15|1.74|151.4|12110.98|11010.73|21.45|
|工业富联|601138.SH|2026-04-10|11215.88|11215.88|31.79|31.79|6.72|6.74|214.13|214.13|1.24|1.24|1.13|1.72|153.63|12273.7|11173.45|21.77|
|工业富联|601138.SH|2026-04-09|10918.22|10918.22|30.94|30.94|6.55|6.56|208.45|208.45|1.21|1.21|1.16|1.76|149.55|11976.04|10875.79|21.19|
|工业富联|601138.SH|2026-04-08|11233.74|11233.74|31.84|31.84|6.74|6.75|214.47|214.47|1.24|1.24|1.13|1.71|153.87|12291.56|11191.31|21.8|
|工业富联|601138.SH|2026-04-07|10434.02|10434.02|29.57|29.57|6.26|6.27|199.2|199.2|1.16|1.16|1.22|1.85|142.92|11491.84|10391.6|20.24|
|工业富联|601138.SH|2026-04-03|10354.65|10354.65|29.35|29.35|6.21|6.22|197.69|197.69|1.15|1.15|1.23|1.86|141.83|11412.47|10312.22|20.09|
|工业富联|601138.SH|2026-04-02|10318.93|10318.93|29.24|29.24|6.19|6.2|197|197|1.14|1.14|1.23|1.87|141.34|11376.75|10276.5|20.02|
|工业富联|601138.SH|2026-04-01|10580.87|10580.87|29.99|29.99|6.34|6.35|202.01|202.01|1.17|1.17|1.2|1.82|144.93|11638.69|10538.44|20.53|
|工业富联|601138.SH|2026-03-31|10211.77|10211.77|28.94|28.94|6.12|6.13|194.96|194.96|1.13|1.13|1.24|1.89|139.88|11269.59|10169.34|19.81|
|工业富联|601138.SH|2026-03-30|9784.13|9784.13|27.73|27.73|5.87|5.87|186.79|186.79|1.08|1.08|1.3|1.97|134.02|10841.95|9741.71|18.98|
|工业富联|601138.SH|2026-03-27|9835.76|9835.76|27.87|27.87|5.9|5.9|187.78|187.78|1.09|1.09|1.29|1.96|134.73|10893.58|9793.34|19.08|
|工业富联|601138.SH|2026-03-26|9877.47|9877.47|27.99|27.99|5.92|5.93|188.58|188.58|1.09|1.09|1.29|1.95|135.3|10935.29|9835.04|19.16|
|工业富联|601138.SH|2026-03-25|9990.66|9990.66|28.31|28.31|5.99|5.99|190.74|190.74|1.11|1.11|1.27|1.93|136.85|11048.48|9948.23|19.38|
|工业富联|601138.SH|2026-03-24|9698.74|9698.74|27.49|27.49|5.82|5.82|185.16|185.16|1.07|1.07|1.31|1.99|132.85|10756.56|9656.32|18.81|
|工业富联|601138.SH|2026-03-23|9452.5|9452.5|26.79|26.79|5.67|5.67|180.46|180.46|1.05|1.05|1.34|2.04|129.48|10510.32|9410.07|18.33|
|工业富联|601138.SH|2026-03-20|9988.67|9988.67|28.31|28.31|5.99|5.99|190.7|190.7|1.11|1.11|1.27|1.93|136.82|11046.49|9946.25|19.38|
|工业富联|601138.SH|2026-03-19|10020.45|10020.45|28.4|28.4|6.01|6.01|191.31|191.31|1.11|1.11|1.27|1.92|137.26|11078.26|9978.02|19.44|
|工业富联|601138.SH|2026-03-18|10338.18|10338.18|29.3|29.3|6.2|6.2|197.37|197.37|1.15|1.15|1.23|1.86|141.61|11396|10295.75|20.06|
|工业富联|601138.SH|2026-03-17|10107.82|10107.82|28.65|28.65|6.06|6.06|192.97|192.97|1.12|1.12|1.26|1.9|138.45|11165.64|10065.4|19.61|
|工业富联|601138.SH|2026-03-16|10465.27|10465.27|29.66|29.66|6.28|6.28|199.8|199.8|1.16|1.16|1.21|1.84|143.35|11523.09|10422.84|20.3|
|工业富联|601138.SH|2026-03-13|10423.57|10423.57|29.54|29.54|6.25|6.25|199|199|1.15|1.15|1.22|1.85|142.78|11481.39|10381.14|20.22|
|工业富联|601138.SH|2026-03-12|10433.5|10433.5|29.57|29.57|6.26|6.26|199.19|199.19|1.16|1.16|1.22|1.85|142.91|11491.31|10391.07|20.24|
|工业富联|601138.SH|2026-03-11|10701.58|10701.58|30.33|30.33|6.42|6.42|204.31|204.31|1.19|1.19|1.19|1.8|146.59|11759.4|10659.16|20.77|
|工业富联|601138.SH|2026-03-10|10794.92|10794.92|46.5|35.32|6.68|6.97|45.32|69.52|1.77|1.39|1.18|1.78|257.94|11700.48|10762.71|32.39|
|工业富联|601138.SH|2026-03-09|10483.14|10483.14|45.15|34.3|6.49|6.77|44.01|67.51|1.72|1.35|1.21|1.84|250.49|11388.71|10450.94|31.46|
|工业富联|601138.SH|2026-03-06|10788.96|10788.96|46.47|35.3|6.68|6.97|45.29|69.48|1.77|1.39|1.18|1.78|257.8|11694.53|10756.76|32.38|
|工业富联|601138.SH|2026-03-05|10941.87|10941.87|47.13|35.8|6.77|7.07|45.94|70.47|1.8|1.41|1.16|1.76|261.45|11847.43|10909.66|32.84|
|工业富联|601138.SH|2026-03-04|10675.77|10675.77|45.98|34.93|6.61|6.9|44.82|68.75|1.75|1.37|1.19|1.8|255.1|11581.33|10643.56|32.04|
|工业富联|601138.SH|2026-03-03|10898.18|10898.18|46.94|35.66|6.75|7.04|45.75|70.19|1.79|1.4|1.17|1.77|260.41|11803.75|10865.98|32.7|
|工业富联|601138.SH|2026-03-02|11027.26|11027.26|47.5|36.08|6.83|7.12|46.29|71.02|1.81|1.42|1.15|1.75|263.49|11932.82|10995.05|33.09|
|工业富联|601138.SH|2026-02-27|11061.02|11061.02|47.64|36.19|6.85|7.14|46.44|71.23|1.82|1.42|1.15|1.74|264.3|11966.58|11028.81|33.19|
|工业富联|601138.SH|2026-02-26|11507.82|11507.82|49.57|37.65|7.12|7.43|48.31|74.11|1.89|1.48|1.1|1.67|274.98|12413.39|11475.62|34.54|
|工业富联|601138.SH|2026-02-25|11396.62|11396.62|49.09|37.29|7.06|7.36|47.84|73.4|1.87|1.47|1.11|1.69|272.32|12302.19|11364.42|34.2|
|工业富联|601138.SH|2026-02-24|10997.47|10997.47|47.37|35.98|6.81|7.1|46.17|70.82|1.81|1.42|1.16|1.75|262.78|11903.04|10965.27|33|
|工业富联|601138.SH|2026-02-13|10872.36|10872.36|46.83|35.57|6.73|7.02|45.64|70.02|1.78|1.4|1.17|1.77|259.79|11777.93|10840.16|32.63|
|工业富联|601138.SH|2026-02-12|10987.54|10987.54|47.33|35.95|6.8|7.09|46.13|70.76|1.8|1.41|1.16|1.75|262.55|11893.11|10955.34|32.97|
|工业富联|601138.SH|2026-02-11|10961.72|10961.72|47.22|35.87|6.79|7.08|46.02|70.59|1.8|1.41|1.16|1.76|261.93|11867.29|10929.52|32.9|
|工业富联|601138.SH|2026-02-10|11134.49|11134.49|47.96|36.43|6.89|7.19|46.74|71.71|1.83|1.43|1.14|1.73|266.06|12040.06|11102.29|33.42|
|工业富联|601138.SH|2026-02-09|11025.27|11025.27|47.49|36.07|6.83|7.12|46.29|71|1.81|1.42|1.15|1.75|263.45|11930.84|10993.07|33.09|
|工业富联|601138.SH|2026-02-06|10802.86|10802.86|46.53|35.35|6.69|6.98|45.35|69.57|1.77|1.39|1.18|1.78|258.13|11708.43|10770.66|32.42|
|工业富联|601138.SH|2026-02-05|10699.6|10699.6|46.09|35.01|6.62|6.91|44.92|68.91|1.76|1.38|1.19|1.8|255.67|11605.16|10667.39|32.11|
|工业富联|601138.SH|2026-02-04|10606.26|10606.26|45.68|34.7|6.57|6.85|44.53|68.31|1.74|1.37|1.2|1.82|253.44|11511.83|10574.06|31.83|
|工业富联|601138.SH|2026-02-03|11070.94|11070.94|47.69|36.22|6.85|7.15|46.48|71.3|1.82|1.43|1.15|1.74|264.54|11976.51|11038.74|33.22|
|工业富联|601138.SH|2026-02-02|11057.04|11057.04|47.63|36.18|6.85|7.14|46.42|71.21|1.82|1.42|1.15|1.74|264.21|11962.61|11024.84|33.18|
|工业富联|601138.SH|2026-01-30|11458.18|11458.18|49.35|37.49|7.09|7.4|48.1|73.79|1.88|1.48|1.11|1.68|273.79|12363.75|11425.98|34.39|
|工业富联|601138.SH|2026-01-29|11438.32|11438.32|49.27|37.43|7.08|7.39|48.02|73.66|1.88|1.47|1.11|1.68|273.32|12343.89|11406.12|34.33|
|工业富联|601138.SH|2026-01-28|12051.94|12051.94|51.91|39.43|7.46|7.78|50.6|77.62|1.98|1.55|1.05|1.6|287.98|12957.51|12019.74|36.18|
|工业富联|601138.SH|2026-01-27|12107.54|12107.54|52.15|39.62|7.5|7.82|50.83|77.97|1.99|1.56|1.05|1.59|289.31|13013.11|12075.34|36.34|
|工业富联|601138.SH|2026-01-26|11767.97|11767.97|50.69|38.51|7.29|7.6|49.4|75.79|1.93|1.52|1.08|1.64|281.19|12673.53|11735.77|35.32|
|工业富联|601138.SH|2026-01-23|11936.76|11936.76|51.42|39.06|7.39|7.71|50.11|76.87|1.96|1.54|1.06|1.61|285.23|12842.33|11904.56|35.83|
|工业富联|601138.SH|2026-01-22|12461.02|12461.02|53.67|40.77|7.71|8.05|52.31|80.25|2.05|1.6|1.02|1.55|297.75|13366.59|12428.82|37.41|
|工业富联|601138.SH|2026-01-21|12224.71|12224.71|52.66|40|7.57|7.89|51.32|78.73|2.01|1.57|1.04|1.57|292.11|13130.27|12192.5|36.7|
|工业富联|601138.SH|2026-01-20|11849.39|11849.39|51.04|38.77|7.34|7.65|49.75|76.31|1.95|1.53|1.07|1.62|283.14|12754.95|11817.18|35.57|
|工业富联|601138.SH|2026-01-19|12093.64|12093.64|52.09|39.57|7.49|7.81|50.77|77.88|1.99|1.56|1.05|1.59|288.98|12999.21|12061.44|36.3|
|工业富联|601138.SH|2026-01-16|12510.66|12510.66|53.89|40.94|7.75|8.08|52.52|80.57|2.05|1.61|1.02|1.54|298.94|13416.23|12478.46|37.56|
|工业富联|601138.SH|2026-01-15|12071.8|12071.8|52|39.5|7.47|7.48|50.68|77.74|1.98|1.55|1.05|1.05|288.45|12977.37|12039.6|36.24|
|工业富联|601138.SH|2026-01-14|11914.92|11914.92|51.32|38.99|7.38|7.38|50.02|76.73|1.96|1.53|1.07|1.07|284.71|12820.49|11882.72|35.76|
|工业富联|601138.SH|2026-01-13|11801.73|11801.73|50.83|38.62|7.31|7.31|49.55|76|1.94|1.52|1.08|1.08|282|12707.29|11769.52|35.42|
|工业富联|601138.SH|2026-01-12|12099.6|12099.6|52.12|39.59|7.49|7.5|50.8|77.92|1.99|1.56|1.05|1.05|289.12|13005.17|12067.4|36.32|
|工业富联|601138.SH|2026-01-09|12208.82|12208.82|52.59|39.95|7.56|7.56|51.25|78.63|2|1.57|1.04|1.04|291.73|13114.39|12176.62|36.65|
|工业富联|601138.SH|2026-01-08|12179.03|12179.03|52.46|39.85|7.54|7.54|51.13|78.43|2|1.57|1.04|1.04|291.02|13084.6|12146.83|36.56|
|工业富联|601138.SH|2026-01-07|12540.45|12540.45|54.02|41.03|7.76|7.77|52.65|80.76|2.06|1.61|1.01|1.01|299.65|13446.02|12508.25|37.65|
|工业富联|601138.SH|2026-01-06|12719.17|12719.17|54.79|41.62|7.87|7.88|53.4|81.91|2.09|1.64|1|1|303.92|13624.73|12686.97|38.19|
|工业富联|601138.SH|2026-01-05|12643.71|12643.71|54.46|41.37|7.83|7.83|53.08|81.43|2.08|1.63|1|1|302.12|13549.27|12611.5|37.96|
|工业富联|601138.SH|2025-12-31|12322|12322|53.07|40.32|7.63|7.63|51.73|79.36|2.02|1.59|0.94|1.03|294.43|13227.57|12289.8|36.99|
|工业富联|601138.SH|2025-12-30|12754.91|12754.91|54.94|41.73|7.9|7.9|53.55|82.14|2.09|1.64|0.9|1|304.78|13660.48|12722.71|38.29|
|工业富联|601138.SH|2025-12-29|12955.48|12955.48|55.8|42.39|8.02|8.03|54.39|83.43|2.13|1.67|0.89|0.98|309.57|13861.05|12923.28|38.9|
|工业富联|601138.SH|2025-12-26|12677.46|12677.46|54.61|41.48|7.85|7.85|53.22|81.64|2.08|1.63|0.91|1|302.93|13583.03|12645.26|38.06|
|工业富联|601138.SH|2025-12-25|13249.38|13249.38|57.07|43.35|8.2|8.21|55.62|85.33|2.18|1.71|0.87|0.96|316.59|14154.95|13217.18|39.78|
|工业富联|601138.SH|2025-12-24|12935.62|12935.62|55.72|42.33|8.01|8.01|54.31|83.31|2.12|1.67|0.89|0.98|309.09|13841.19|12903.42|38.84|
|工业富联|601138.SH|2025-12-23|12482.85|12482.85|53.77|40.84|7.73|7.73|52.41|80.39|2.05|1.61|0.92|1.02|298.28|13388.42|12450.65|37.47|
|工业富联|601138.SH|2025-12-22|12038.03|12038.03|51.85|39.39|7.45|7.46|50.54|77.53|1.98|1.55|0.96|1.06|287.65|12943.6|12005.83|36.14|
|工业富联|601138.SH|2025-12-19|11577.32|11577.32|49.87|37.88|7.17|7.17|48.6|74.56|1.9|1.49|1|1.1|276.64|12482.89|11545.12|34.75|
|工业富联|601138.SH|2025-12-18|11573.35|11573.35|49.85|37.87|7.16|7.17|48.59|74.53|1.9|1.49|1|1.1|276.54|12478.92|11541.15|34.74|
|工业富联|601138.SH|2025-12-17|12212.78|12212.78|52.6|39.96|7.56|7.57|51.27|78.65|2|1.57|0.94|1.04|291.82|13118.35|12180.58|36.66|
|工业富联|601138.SH|2025-12-16|11706.4|11706.4|50.42|38.3|7.25|7.25|49.15|75.39|1.92|1.51|0.98|1.09|279.72|12611.97|11674.2|35.14|
|工业富联|601138.SH|2025-12-15|11744.13|11744.13|50.59|38.43|7.27|7.28|49.3|75.63|1.93|1.51|0.98|1.08|280.62|12649.7|11711.93|35.25|
|工业富联|601138.SH|2025-12-12|12262.43|12262.43|52.82|40.12|7.59|7.6|51.48|78.97|2.01|1.58|0.94|1.04|293.01|13168|12230.23|36.81|
|工业富联|601138.SH|2025-12-11|12371.65|12371.65|53.29|40.48|7.66|7.66|51.94|79.67|2.03|1.59|0.93|1.03|295.62|13277.22|12339.45|37.14|
|工业富联|601138.SH|2025-12-10|12949.52|12949.52|55.78|42.37|8.02|8.02|54.36|83.4|2.13|1.67|0.89|0.98|309.43|13855.09|12917.32|38.88|
|工业富联|601138.SH|2025-12-09|13501.58|13501.58|58.16|44.18|8.36|8.36|56.68|86.95|2.22|1.74|0.85|0.94|322.62|14407.15|13469.38|40.54|
|工业富联|601138.SH|2025-12-08|12592.07|12592.07|54.24|41.2|7.8|7.8|52.86|81.09|2.07|1.62|0.92|1.01|300.89|13497.64|12559.87|37.8|
|工业富联|601138.SH|2025-12-05|12137.32|12137.32|52.28|39.71|7.51|7.52|50.95|78.17|1.99|1.56|0.95|1.05|290.02|13042.89|12105.12|36.43|
|工业富联|601138.SH|2025-12-04|12192.92|12192.92|52.52|39.9|7.55|7.55|51.19|78.52|2|1.57|0.94|1.04|291.35|13098.49|12160.72|36.6|
|工业富联|601138.SH|2025-12-03|12248.53|12248.53|52.76|40.08|7.58|7.59|51.42|78.88|2.01|1.58|0.94|1.04|292.68|13154.1|12216.33|36.77|
|工业富联|601138.SH|2025-12-02|12105.55|12105.55|52.14|39.61|7.49|7.5|50.82|77.96|1.99|1.56|0.95|1.05|289.26|13011.12|12073.35|36.34|
|工业富联|601138.SH|2025-12-01|11877.18|11877.18|51.16|38.86|7.35|7.35|49.86|76.49|1.95|1.53|0.97|1.07|283.8|12782.75|11844.98|35.65|
|工业富联|601138.SH|2025-11-28|12057.89|12057.89|51.94|39.45|7.46|7.46|50.62|77.65|1.98|1.55|0.96|1.05|288.12|12963.46|12025.69|36.2|
|工业富联|601138.SH|2025-11-27|11968.53|11968.53|51.55|39.16|7.41|7.41|50.25|77.08|1.96|1.54|0.96|1.06|285.99|12874.1|11936.33|35.93|
|工业富联|601138.SH|2025-11-26|11702.43|11702.43|50.41|38.29|7.24|7.24|49.13|75.36|1.92|1.51|0.98|1.09|279.63|12608|11670.23|35.13|
|工业富联|601138.SH|2025-11-25|11241.72|11241.72|48.42|36.78|6.96|6.96|47.19|72.4|1.85|1.45|1.02|1.13|268.62|12147.29|11209.52|33.74|
|工业富联|601138.SH|2025-11-24|11108.67|11108.67|47.85|36.35|6.88|6.88|46.64|71.54|1.82|1.43|1.04|1.14|265.44|12014.24|11076.47|33.34|
|工业富联|601138.SH|2025-11-21|12047.96|12047.96|51.89|39.42|7.46|7.46|50.58|77.59|1.98|1.55|0.96|1.05|287.88|12953.53|12015.76|36.17|
|工业富联|601138.SH|2025-11-20|13094.49|13094.49|56.4|42.85|8.11|8.11|54.97|84.33|2.15|1.69|0.88|0.97|312.89|14000.05|13062.29|39.32|
|工业富联|601138.SH|2025-11-19|12919.73|12919.73|55.65|42.27|8|8|54.24|83.2|2.12|1.66|0.89|0.98|308.72|13825.3|12887.53|38.79|
|工业富联|601138.SH|2025-11-18|12852.22|12852.22|55.36|42.05|7.96|7.96|53.96|82.77|2.11|1.65|0.9|0.99|307.1|13757.78|12820.02|38.59|
|工业富联|601138.SH|2025-11-17|12895.9|12895.9|55.55|42.2|7.98|7.98|54.14|83.05|2.12|1.66|0.89|0.99|308.15|13801.47|12863.7|38.72|
|工业富联|601138.SH|2025-11-14|12762.85|12762.85|54.97|41.76|7.9|7.9|53.58|82.19|2.1|1.64|0.9|1|304.97|13668.42|12730.65|38.32|
|工业富联|601138.SH|2025-11-13|13501.58|13501.58|58.16|44.18|8.36|8.36|56.68|86.95|2.22|1.74|0.85|0.94|322.62|14407.15|13469.38|40.54|
|工业富联|601138.SH|2025-11-12|13622.71|13622.71|58.68|44.57|8.43|8.43|57.19|87.73|2.24|1.75|0.85|0.93|325.51|14528.28|13590.51|40.91|
|工业富联|601138.SH|2025-11-11|13509.52|13509.52|58.19|44.2|8.36|8.36|56.72|87|2.22|1.74|0.85|0.94|322.81|14415.09|13477.32|40.56|
|工业富联|601138.SH|2025-11-10|14198.6|14198.6|61.16|46.46|8.79|8.79|59.61|91.44|2.33|1.83|0.81|0.89|339.27|15104.17|14166.4|42.64|
|工业富联|601138.SH|2025-11-07|14436.9|14436.9|62.18|47.24|8.94|8.94|60.61|92.98|2.37|1.86|0.8|0.88|344.97|15342.47|14404.7|43.36|
|工业富联|601138.SH|2025-11-06|15135.91|15135.91|65.19|49.52|9.37|9.37|63.54|97.48|2.48|1.95|0.76|0.84|361.67|16041.48|15103.71|45.46|
|工业富联|601138.SH|2025-11-05|14941.3|14941.3|64.36|48.89|9.25|9.25|62.73|96.22|2.45|1.92|0.77|0.85|357.02|15846.87|14909.1|44.87|
|工业富联|601138.SH|2025-11-04|14593.78|14593.78|62.86|47.75|9.03|9.03|61.27|93.99|2.4|1.88|0.79|0.87|348.72|15499.35|14561.58|43.83|
|工业富联|601138.SH|2025-11-03|14871.79|14871.79|64.06|48.66|9.21|9.21|62.43|95.78|2.44|1.91|0.77|0.85|355.36|15777.36|14839.59|44.66|
|工业富联|601138.SH|2025-10-31|14297.89|14297.89|61.59|46.78|8.85|8.85|60.03|92.08|2.35|1.84|0.81|0.89|341.65|15203.46|14265.69|42.94|
|工业富联|601138.SH|2025-10-30|15483.43|15483.43|66.69|50.66|9.59|9.59|65|99.72|2.54|1.99|0.74|0.82|369.97|16388.99|15451.22|46.51|
|工业富联|601138.SH|2025-10-29|16045.41|16045.41|69.11|60.34|10.58|10.58|67.36|78.59|2.63|2.28|0.72|0.79|622.86|16710.1|15801.23|47.56|
|工业富联|601138.SH|2025-10-28|14693.07|14693.07|63.29|55.26|9.69|9.69|61.68|71.97|2.41|2.09|0.78|0.86|570.36|15357.76|14448.89|43.49|
|工业富联|601138.SH|2025-10-27|14448.81|14448.81|62.24|54.34|9.53|9.53|60.66|70.77|2.37|2.05|0.8|0.88|560.88|15113.5|14204.64|42.75|
|工业富联|601138.SH|2025-10-24|13354.63|13354.63|57.52|50.22|8.81|8.8|56.07|65.41|2.19|1.9|0.86|0.95|518.41|14019.31|13110.45|39.46|
|工业富联|601138.SH|2025-10-23|12707.25|12707.25|54.73|47.79|8.38|8.38|53.35|62.24|2.09|1.81|0.91|1|493.28|13371.94|12463.07|37.51|
|工业富联|601138.SH|2025-10-22|12999.17|12999.17|55.99|48.89|8.57|8.57|54.57|63.67|2.13|1.85|0.89|0.98|504.61|13663.85|12754.99|38.39|
|工业富联|601138.SH|2025-10-21|13503.56|13503.56|58.16|50.78|8.9|8.9|56.69|66.14|2.22|1.92|0.85|0.94|524.19|14168.25|13259.39|39.91|
|工业富联|601138.SH|2025-10-20|12323.99|12323.99|53.08|46.35|8.13|8.13|51.74|60.37|2.02|1.75|0.94|1.03|478.4|12988.67|12079.81|36.36|
|工业富联|601138.SH|2025-10-17|11916.9|11916.9|51.33|44.82|7.86|7.86|50.03|58.37|1.96|1.69|0.97|1.07|462.6|12581.58|11672.72|35.13|
|工业富联|601138.SH|2025-10-16|12627.82|12627.82|54.39|47.49|8.33|8.33|53.01|61.85|2.07|1.79|0.91|1.01|490.19|13292.5|12383.64|37.27|
|工业富联|601138.SH|2025-10-15|12586.12|12586.12|54.21|47.33|8.3|8.3|52.84|61.65|2.07|1.79|0.92|1.01|488.58|13250.8|12341.94|37.15|
|工业富联|601138.SH|2025-10-14|11859.31|11859.31|51.08|44.6|7.82|7.82|49.79|58.09|1.95|1.69|0.97|1.07|460.36|12523.99|11615.13|34.96|
|工业富联|601138.SH|2025-10-13|12605.98|12605.98|54.3|47.41|8.31|8.31|52.92|61.75|2.07|1.79|0.91|1.01|489.35|13270.66|12361.8|37.21|
|工业富联|601138.SH|2025-10-10|13187.82|13187.82|56.8|49.6|8.7|8.7|55.36|64.6|2.17|1.87|0.87|0.96|511.93|13852.5|12943.64|38.96|
|工业富联|601138.SH|2025-10-09|13592.93|13592.93|58.55|51.12|8.96|8.96|57.07|66.58|2.23|1.93|0.85|0.93|527.66|14257.61|13348.75|40.18|
|工业富联|601138.SH|2025-09-30|13108.39|13108.39|56.46|49.3|8.64|8.64|55.03|64.21|2.15|1.86|0.88|0.97|508.85|13773.07|12864.21|38.72|
|工业富联|601138.SH|2025-09-29|13221.58|13221.58|56.95|49.72|8.72|8.72|55.51|64.76|2.17|1.88|0.87|0.96|513.24|13886.26|12977.4|39.06|
|工业富联|601138.SH|2025-09-26|12882|12882|55.49|48.45|8.49|8.49|54.08|63.1|2.11|1.83|0.89|0.99|500.06|13546.69|12637.83|38.04|
|工业富联|601138.SH|2025-09-25|13594.91|13594.91|58.56|51.13|8.96|8.96|57.07|66.59|2.23|1.93|0.85|0.93|527.74|14259.6|13350.73|40.18|
|工业富联|601138.SH|2025-09-24|13628.67|13628.67|58.7|51.25|8.99|8.99|57.22|66.76|2.24|1.94|0.85|0.93|529.05|14293.36|13384.49|40.28|
|工业富联|601138.SH|2025-09-23|14073.49|14073.49|60.62|52.93|9.28|9.28|59.08|68.94|2.31|2|0.82|0.9|546.31|14738.18|13829.32|41.62|
|工业富联|601138.SH|2025-09-22|14000.02|14000.02|60.3|52.65|9.23|9.23|58.77|68.58|2.3|1.99|0.82|0.91|543.46|14664.7|13755.84|41.4|
|工业富联|601138.SH|2025-09-19|13126.26|13126.26|56.54|49.36|8.65|8.65|55.11|64.3|2.15|1.86|0.88|0.97|509.54|13790.94|12882.08|38.77|
|工业富联|601138.SH|2025-09-18|12780.73|12780.73|55.05|48.06|8.43|8.43|53.66|62.6|2.1|1.82|0.9|0.99|496.13|13445.41|12536.55|37.73|
|工业富联|601138.SH|2025-09-17|12138.11|12137.32|52.28|45.65|8|8|50.96|59.46|1.99|1.72|0.95|1.05|471.18|12802.79|11893.93|35.8|
|工业富联|601138.SH|2025-09-16|11862.06|11861.29|51.09|44.61|7.82|7.82|49.8|58.1|1.95|1.69|0.97|1.07|460.47|12526.75|11617.88|34.97|
|工业富联|601138.SH|2025-09-15|11895.82|11895.05|51.24|44.74|7.84|7.84|49.94|58.27|1.95|1.69|0.97|1.07|461.78|12560.51|11651.64|35.07|
|工业富联|601138.SH|2025-09-12|12293.01|12292.21|52.95|46.23|8.11|8.1|51.61|60.21|2.02|1.75|0.94|1.03|477.2|12957.7|12048.83|36.26|
|工业富联|601138.SH|2025-09-11|11725.03|11724.27|50.5|44.09|7.73|7.73|49.22|57.43|1.92|1.67|0.98|1.08|455.15|12389.72|11480.85|34.56|
|工业富联|601138.SH|2025-09-10|10658.58|10657.89|45.91|40.08|7.03|7.03|44.75|52.21|1.75|1.51|1.08|1.19|413.75|11323.26|10414.4|31.35|
|工业富联|601138.SH|2025-09-09|9689.43|9688.81|41.74|36.44|6.39|6.39|40.68|47.46|1.59|1.38|1.19|1.31|376.13|10354.12|9445.26|28.43|
|工业富联|601138.SH|2025-09-08|10207.77|10207.11|43.97|38.39|6.73|6.73|42.85|50|1.68|1.45|1.13|1.24|396.25|10872.45|9963.59|29.99|
|工业富联|601138.SH|2025-09-05|11087.54|11086.82|47.76|41.7|7.31|7.31|46.55|54.31|1.82|1.58|1.04|1.15|430.4|11752.23|10843.36|32.64|
|工业富联|601138.SH|2025-09-04|10551.34|10550.65|45.45|39.68|6.96|6.96|44.3|51.68|1.73|1.5|1.09|1.2|409.59|11216.02|10307.16|31.02|
|工业富联|601138.SH|2025-09-03|10771.78|10771.08|46.4|40.51|7.1|7.1|45.22|52.76|1.77|1.53|1.07|1.18|418.15|11436.46|10527.6|31.69|
|工业富联|601138.SH|2025-09-02|10700.28|10699.59|46.09|40.24|7.05|7.05|44.92|52.41|1.76|1.52|1.08|1.19|415.37|11364.97|10456.1|31.47|
|工业富联|601138.SH|2025-09-01|11045.84|11045.12|47.58|41.54|7.28|7.28|46.37|54.11|1.81|1.57|1.04|1.15|428.78|11710.52|10801.66|32.51|
|工业富联|601138.SH|2025-08-29|10690.35|10689.66|46.05|40.2|7.05|7.05|44.88|52.36|1.75|1.52|1.08|1.19|414.98|11355.04|10446.17|31.44|
|工业富联|601138.SH|2025-08-28|9719.22|9718.59|41.86|36.55|6.41|6.41|40.8|47.61|1.6|1.38|1.19|1.31|377.29|10383.91|9475.05|28.52|
|工业富联|601138.SH|2025-08-27|9079.75|9079.16|39.11|34.15|5.99|5.99|38.12|44.47|1.49|1.29|1.27|1.4|352.46|9744.43|8835.57|26.59|
|工业富联|601138.SH|2025-08-26|9032.09|9031.5|38.9|33.97|5.96|5.95|37.92|44.24|1.48|1.28|1.28|1.41|350.61|9696.77|8787.91|26.45|
|工业富联|601138.SH|2025-08-25|9532.54|9531.93|41.06|35.85|6.29|6.28|40.02|46.69|1.56|1.35|1.21|1.33|370.04|10197.23|9288.37|27.96|
|工业富联|601138.SH|2025-08-22|9101.59|9101|39.2|34.23|6|6|38.21|44.58|1.49|1.29|1.27|1.4|353.31|9766.28|8857.42|26.66|
|工业富联|601138.SH|2025-08-21|8994.35|8993.77|38.74|33.83|5.93|5.93|37.76|44.06|1.48|1.28|1.28|1.41|349.15|9659.04|8750.18|26.34|
|工业富联|601138.SH|2025-08-20|9514.67|9514.06|40.98|35.78|6.27|6.27|39.94|46.61|1.56|1.35|1.21|1.34|369.35|10179.36|9270.49|27.9|
|工业富联|601138.SH|2025-08-19|9713.27|9712.64|41.84|36.53|6.4|6.4|40.78|47.58|1.59|1.38|1.19|1.31|377.06|10377.95|9469.09|28.5|
|工业富联|601138.SH|2025-08-18|8829.52|8828.95|38.03|33.21|5.82|5.82|37.07|43.25|1.45|1.25|1.3|1.44|342.75|9494.21|8585.34|25.84|
|工业富联|601138.SH|2025-08-15|8908.96|8908.38|38.37|33.5|5.87|5.87|37.4|43.64|1.46|1.27|1.29|1.43|345.83|9573.64|8664.78|26.08|
|工业富联|601138.SH|2025-08-14|8583.26|8582.71|36.97|32.28|5.66|5.66|36.03|42.04|1.41|1.22|1.34|1.48|333.19|9247.95|8339.08|25.1|
|工业富联|601138.SH|2025-08-13|8674.62|8674.05|37.36|32.62|5.72|5.72|36.42|42.49|1.42|1.23|1.33|1.46|336.74|9339.3|8430.44|25.37|
|工业富联|601138.SH|2025-08-12|7886.19|7885.68|33.97|29.66|5.2|5.2|33.11|38.63|1.29|1.12|1.46|1.61|306.13|8550.88|7642.02|23|
|工业富联|601138.SH|2025-08-11|7218.92|7218.45|31.09|27.15|4.76|4.76|30.31|35.36|1.19|1.03|1.6|1.76|280.23|7883.6|6974.74|20.99|
|工业富联|601138.SH|2025-08-08|7266.58|7266.11|31.3|29.95|4.62|5.04|30.51|36.49|1.19|1.12|1.59|1.75|458.92|7895.18|6975.47|20.99|
|工业富联|601138.SH|2025-08-07|7079.9|7079.44|30.5|29.18|4.5|4.91|29.72|35.55|1.16|1.09|1.63|1.79|447.13|7708.5|6788.79|20.43|
|工业富联|601138.SH|2025-08-06|6811.8|6811.36|29.34|28.08|4.33|4.72|28.6|34.21|1.12|1.05|1.69|1.86|430.2|7440.4|6520.69|19.63|
|工业富联|601138.SH|2025-08-05|6960.74|6960.29|29.98|28.69|4.43|4.82|29.22|34.95|1.14|1.07|1.66|1.83|439.6|7589.35|6669.63|20.07|
|工业富联|601138.SH|2025-08-04|6547.67|6547.24|28.2|26.99|4.17|4.54|27.49|32.88|1.07|1.01|1.76|1.94|413.52|7176.27|6256.56|18.83|
|工业富联|601138.SH|2025-08-01|6553.62|6553.2|28.23|27.01|4.17|4.54|27.51|32.91|1.08|1.01|1.76|1.94|413.89|7182.23|6262.51|18.85|
|工业富联|601138.SH|2025-07-31|6873.36|6872.92|29.61|28.33|4.37|4.76|28.86|34.52|1.13|1.06|1.68|1.85|434.08|7501.97|6582.25|19.81|
|工业富联|601138.SH|2025-07-30|6609.23|6608.8|28.47|27.24|4.21|4.21|27.75|33.19|1.08|1.02|1.74|1.74|417.4|7237.83|6318.12|19.02|
|工业富联|601138.SH|2025-07-29|6194.17|6193.77|26.68|25.53|3.94|3.94|26|31.1|1.02|0.95|1.86|1.86|391.19|6822.77|5903.06|17.77|
|工业富联|601138.SH|2025-07-28|5872.44|5872.06|25.29|24.2|3.74|3.74|24.65|29.49|0.96|0.9|1.96|1.96|370.87|6501.05|5581.33|16.8|
|工业富联|601138.SH|2025-07-25|5691.72|5691.35|24.52|23.46|3.62|3.62|23.89|28.58|0.93|0.87|2.02|2.02|359.46|6320.33|5400.61|16.25|
|工业富联|601138.SH|2025-07-24|5650.02|5649.65|24.34|23.29|3.6|3.6|23.72|28.37|0.93|0.87|2.04|2.04|356.82|6278.62|5358.91|16.13|
|工业富联|601138.SH|2025-07-23|5278.65|5278.3|22.74|21.76|3.36|3.36|22.16|26.51|0.87|0.81|2.18|2.18|333.37|5907.25|4987.53|15.01|
|工业富联|601138.SH|2025-07-22|5354.11|5353.77|23.06|22.07|3.41|3.41|22.48|26.89|0.88|0.82|2.15|2.15|338.14|5982.72|5063|15.24|
|工业富联|601138.SH|2025-07-21|5366.03|5365.68|23.11|22.12|3.41|3.42|22.53|26.95|0.88|0.82|2.15|2.15|338.89|5994.63|5074.92|15.27|
|工业富联|601138.SH|2025-07-18|5383.9|5383.55|23.19|22.19|3.43|3.43|22.6|27.04|0.88|0.83|2.14|2.14|340.02|6012.51|5092.79|15.33|
|工业富联|601138.SH|2025-07-17|5461.35|5461|23.52|22.51|3.48|3.48|22.93|27.42|0.9|0.84|2.11|2.11|344.91|6089.96|5170.24|15.56|
|工业富联|601138.SH|2025-07-16|5308.44|5308.09|22.86|21.88|3.38|3.38|22.29|26.66|0.87|0.82|2.17|2.17|335.25|5937.04|5017.32|15.1|
|工业富联|601138.SH|2025-07-15|5411.7|5411.35|23.31|22.3|3.44|3.45|22.72|27.18|0.89|0.83|2.13|2.13|341.77|6040.31|5120.59|15.41|
|工业富联|601138.SH|2025-07-14|5147.57|5147.24|22.17|21.22|3.28|3.28|21.61|25.85|0.85|0.79|2.24|2.24|325.09|5776.18|4856.46|14.62|
|工业富联|601138.SH|2025-07-11|5163.46|5163.13|22.24|21.28|3.29|3.29|21.68|25.93|0.85|0.79|2.23|2.23|326.1|5792.07|4872.35|14.66|
|工业富联|601138.SH|2025-07-10|5195.24|5194.9|22.38|21.41|3.31|3.31|21.81|26.09|0.85|0.8|2.22|2.22|328.1|5823.84|4904.12|14.76|
|工业富联|601138.SH|2025-07-09|5282.62|5282.28|22.75|21.77|3.36|3.36|22.18|26.53|0.87|0.81|2.18|2.18|333.62|5911.22|4991.51|15.02|
|工业富联|601138.SH|2025-07-08|5238.93|5238.59|22.57|21.59|3.33|3.34|21.99|26.31|0.86|0.8|2.2|2.2|330.86|5867.53|4947.82|14.89|
|工业富联|601138.SH|2025-07-07|4762.3|4761.99|20.51|19.63|3.03|3.03|19.99|23.91|0.78|0.73|2.42|2.42|300.76|5390.9|4471.19|13.46|
|工业富联|601138.SH|2025-07-04|4728.54|4728.23|20.37|19.49|3.01|3.01|19.85|23.75|0.78|0.73|2.44|2.44|298.63|5357.14|4437.43|13.36|
|工业富联|601138.SH|2025-07-03|4623.28|4622.98|19.91|19.06|2.94|2.94|19.41|23.22|0.76|0.71|2.49|2.49|291.98|5251.89|4332.17|13.04|
|工业富联|601138.SH|2025-07-02|4202.14|4201.86|18.1|17.32|2.67|2.68|17.64|21.1|0.69|0.65|2.74|2.74|265.38|4830.74|3911.02|11.77|
|工业富联|601138.SH|2025-07-01|4249.8|4249.52|18.31|17.52|2.7|2.71|17.84|21.34|0.7|0.65|2.71|2.71|268.39|4878.4|3958.69|11.91|
|工业富联|601138.SH|2025-06-30|4245.82|4245.55|18.29|17.5|2.7|2.7|17.82|21.32|0.7|0.65|2.71|2.71|268.14|4874.43|3954.71|11.9|
|工业富联|601138.SH|2025-06-27|4239.87|4239.59|18.26|17.48|2.7|2.7|17.8|21.29|0.7|0.65|2.72|2.72|267.77|4868.47|3948.76|11.89|
|工业富联|601138.SH|2025-06-26|4178.3|4178.03|18|17.22|2.66|2.66|17.54|20.98|0.69|0.64|2.76|2.76|263.88|4806.91|3887.19|11.7|
|工业富联|601138.SH|2025-06-25|4166.39|4166.12|17.95|17.17|2.65|2.65|17.49|20.92|0.68|0.64|2.77|2.77|263.13|4794.99|3875.28|11.66|
|工业富联|601138.SH|2025-06-24|4029.36|4029.1|17.36|16.61|2.56|2.57|16.92|20.23|0.66|0.62|2.86|2.86|254.47|4657.97|3738.25|11.25|
|工业富联|601138.SH|2025-06-23|4011.49|4011.23|17.28|16.53|2.55|2.55|16.84|20.14|0.66|0.62|2.87|2.87|253.34|4640.09|3720.38|11.2|
|工业富联|601138.SH|2025-06-20|4088.94|4088.68|17.61|16.85|2.6|2.6|17.17|20.53|0.67|0.63|2.82|2.82|258.24|4717.54|3797.83|11.43|
|工业富联|601138.SH|2025-06-19|4132.63|4132.36|17.8|17.03|2.63|2.63|17.35|20.75|0.68|0.63|2.79|2.79|260.99|4761.23|3841.52|11.56|
|工业富联|601138.SH|2025-06-18|4202.14|4201.86|18.1|17.32|2.67|2.68|17.64|21.1|0.69|0.65|2.74|2.74|265.38|4830.74|3911.02|11.77|
|工业富联|601138.SH|2025-06-17|4090.93|4090.66|17.62|16.86|2.6|2.61|17.17|20.54|0.67|0.63|2.82|2.82|258.36|4719.53|3799.81|11.44|
|工业富联|601138.SH|2025-06-16|4214.05|4213.78|18.15|17.37|2.68|2.68|17.69|21.16|0.69|0.65|2.73|2.73|266.14|4842.65|3922.94|11.81|
|工业富联|601138.SH|2025-06-13|4150.5|4150.23|17.88|17.11|2.64|2.64|17.42|20.84|0.68|0.64|2.78|2.78|262.12|4779.11|3859.39|11.62|
|工业富联|601138.SH|2025-06-12|4102.84|4102.58|17.67|16.91|2.61|2.61|17.22|20.6|0.67|0.63|2.81|2.81|259.11|4731.45|3811.73|11.47|
|工业富联|601138.SH|2025-06-11|4051.21|4050.95|17.45|16.7|2.58|2.58|17.01|20.34|0.67|0.62|2.84|2.84|255.85|4679.81|3760.1|11.32|
|工业富联|601138.SH|2025-06-10|4003.55|4003.29|17.24|16.5|2.55|2.55|16.81|20.1|0.66|0.62|2.88|2.88|252.84|4632.15|3712.44|11.17|
|工业富联|601138.SH|2025-06-09|4057.17|4056.9|17.48|16.72|2.58|2.58|17.03|20.37|0.67|0.62|2.84|2.84|256.23|4685.77|3766.05|11.34|
|工业富联|601138.SH|2025-06-06|4033.34|4033.07|17.37|16.62|2.57|2.57|16.93|20.25|0.66|0.62|2.86|2.86|254.72|4661.94|3742.22|11.26|
|工业富联|601138.SH|2025-06-05|4082.98|4082.72|17.59|16.83|2.6|2.6|17.14|20.5|0.67|0.63|2.82|2.82|257.86|4711.59|3791.87|11.41|
|工业富联|601138.SH|2025-06-04|3858.58|3858.33|16.62|15.9|2.46|2.46|16.2|19.38|0.63|0.59|2.99|2.99|243.69|4487.18|3567.47|10.74|
|工业富联|601138.SH|2025-06-03|3731.48|3731.24|16.07|15.38|2.37|2.38|15.67|18.74|0.61|0.57|3.09|3.09|235.66|4360.08|3440.37|10.35|
|工业富联|601138.SH|2025-05-30|3759.28|3759.04|16.19|15.49|2.39|2.39|15.78|18.88|0.62|0.58|3.07|3.07|237.42|4387.89|3468.17|10.44|
|工业富联|601138.SH|2025-05-29|3912.2|3911.94|16.85|16.12|2.49|2.49|16.42|19.65|0.64|0.6|2.95|2.95|247.07|4540.8|3621.08|10.9|
|工业富联|601138.SH|2025-05-28|3689.78|3689.54|15.89|15.21|2.35|2.35|15.49|18.53|0.61|0.57|3.12|3.12|233.03|4318.38|3398.67|10.23|
|工业富联|601138.SH|2025-05-27|3667.93|3667.69|15.8|15.12|2.33|2.33|15.4|18.42|0.6|0.56|3.14|3.14|231.65|4296.54|3376.82|10.16|
|工业富联|601138.SH|2025-05-26|3725.52|3725.28|16.05|15.36|2.37|2.37|15.64|18.71|0.61|0.57|3.09|3.09|235.28|4354.13|3434.41|10.34|
|工业富联|601138.SH|2025-05-23|3731.48|3731.24|16.07|15.38|2.37|2.38|15.67|18.74|0.61|0.57|3.09|3.09|235.66|4360.08|3440.37|10.35|
|工业富联|601138.SH|2025-05-22|3783.11|3782.87|16.3|15.59|2.41|2.41|15.88|19|0.62|0.58|3.05|3.05|238.92|4411.72|3492|10.51|
|工业富联|601138.SH|2025-05-21|3767.23|3766.98|16.23|15.53|2.4|2.4|15.82|18.92|0.62|0.58|3.06|3.06|237.92|4395.83|3476.12|10.46|
|工业富联|601138.SH|2025-05-20|3785.1|3784.85|16.3|15.6|2.41|2.41|15.89|19.01|0.62|0.58|3.04|3.04|239.05|4413.7|3493.99|10.52|
|工业富联|601138.SH|2025-05-19|3783.11|3782.87|16.3|15.59|2.41|2.41|15.88|19|0.62|0.58|3.05|3.05|238.92|4411.72|3492|10.51|
|工业富联|601138.SH|2025-05-16|3816.87|3816.63|16.44|15.73|2.43|2.43|16.02|19.17|0.63|0.59|3.02|3.02|241.05|4445.48|3525.76|10.61|
|工业富联|601138.SH|2025-05-15|3793.04|3792.8|16.34|15.63|2.41|2.41|15.92|19.05|0.62|0.58|3.04|3.04|239.55|4421.65|3501.93|10.54|
|工业富联|601138.SH|2025-05-14|3882.41|3882.16|16.72|16|2.47|2.47|16.3|19.5|0.64|0.6|2.97|2.97|245.19|4511.01|3591.3|10.81|
|工业富联|601138.SH|2025-05-13|3791.06|3790.81|16.33|15.63|2.41|2.41|15.92|19.04|0.62|0.58|3.04|3.04|239.42|4419.66|3499.95|10.53|
|工业富联|601138.SH|2025-05-12|3826.8|3826.56|16.48|15.77|2.44|2.43|16.07|19.22|0.63|0.59|3.01|3.01|241.68|4455.41|3535.69|10.64|
|工业富联|601138.SH|2025-05-09|3711.62|3711.38|15.99|15.3|2.36|2.36|15.58|18.64|0.61|0.57|3.1|3.1|234.41|4340.23|3420.51|10.3|
|工业富联|601138.SH|2025-05-08|3779.14|3778.9|16.28|15.58|2.4|2.4|15.87|18.98|0.62|0.58|3.05|3.05|238.67|4407.75|3488.03|10.5|
|工业富联|601138.SH|2025-05-07|3699.71|3699.47|15.94|15.25|2.35|2.35|15.53|18.58|0.61|0.57|3.11|3.11|233.65|4328.31|3408.59|10.26|
|工业富联|601138.SH|2025-05-06|3735.45|3735.21|16.09|15.4|2.38|2.38|15.68|18.76|0.61|0.57|3.08|3.08|235.91|4364.06|3444.34|10.37|
|工业富联|601138.SH|2025-04-30|3586.51|3586.28|15.45|14.78|2.28|2.28|15.06|18.01|0.59|0.55|3.21|3.21|226.5|4215.11|3295.4|9.92|
|工业富联|601138.SH|2025-04-29|3592.47|3592.24|17.07|15.47|2.5|2.35|8.34|23.77|0.75|0.59|3.21|3.21|304.94|3984.28|3418.03|11.67|
|工业富联|601138.SH|2025-04-28|3574.6|3574.36|16.99|15.4|2.49|2.34|8.3|23.65|0.75|0.59|3.22|3.22|303.42|3966.41|3400.16|11.61|
|工业富联|601138.SH|2025-04-25|3622.26|3622.02|17.22|15.6|2.52|2.37|8.41|23.97|0.76|0.59|3.18|3.18|307.47|4014.07|3447.82|11.78|
|工业富联|601138.SH|2025-04-24|3558.71|3558.48|16.91|15.33|2.48|2.33|8.26|23.55|0.75|0.58|3.24|3.24|302.08|3950.52|3384.27|11.56|
|工业富联|601138.SH|2025-04-23|3622.26|3622.02|17.22|15.6|2.52|2.37|8.41|23.97|0.76|0.59|3.18|3.18|307.47|4014.07|3447.82|11.78|
|工业富联|601138.SH|2025-04-22|3530.91|3530.68|16.78|15.21|2.46|2.31|8.2|23.36|0.74|0.58|3.26|3.26|299.72|3922.72|3356.47|11.46|
|工业富联|601138.SH|2025-04-21|3536.86|3536.63|16.81|15.23|2.46|2.32|8.21|23.4|0.74|0.58|3.26|3.26|300.22|3928.68|3362.43|11.48|
|工业富联|601138.SH|2025-04-18|3487.22|3486.99|16.57|15.02|2.43|2.29|8.09|23.07|0.73|0.57|3.3|3.3|296.01|3879.03|3312.78|11.31|
|工业富联|601138.SH|2025-04-17|3455.44|3455.22|16.42|14.88|2.41|2.26|8.02|22.86|0.73|0.57|3.33|3.33|293.31|3847.26|3281.01|11.21|
|工业富联|601138.SH|2025-04-16|3475.3|3475.08|16.52|14.97|2.42|2.28|8.07|23|0.73|0.57|3.32|3.32|295|3867.12|3300.87|11.27|
|工业富联|601138.SH|2025-04-15|3594.45|3594.22|17.08|15.48|2.5|2.36|8.34|23.78|0.75|0.59|3.21|3.21|305.11|3986.27|3420.02|11.68|
|工业富联|601138.SH|2025-04-14|3558.71|3558.48|16.91|15.33|2.48|2.33|8.26|23.55|0.75|0.58|3.24|3.24|302.08|3950.52|3384.27|11.56|
|工业富联|601138.SH|2025-04-11|3534.88|3534.65|16.8|15.23|2.46|2.32|8.2|23.39|0.74|0.58|3.26|3.26|300.05|3926.69|3360.44|11.48|
|工业富联|601138.SH|2025-04-10|3566.65|3566.42|16.95|15.36|2.48|2.34|8.28|23.6|0.75|0.59|3.23|3.23|302.75|3958.47|3392.22|11.59|
|工业富联|601138.SH|2025-04-09|3242.95|3242.74|15.41|13.97|2.26|2.13|7.53|21.46|0.68|0.53|3.55|3.55|275.27|3634.77|3068.52|10.48|
|工业富联|601138.SH|2025-04-08|3066.21|3066.01|14.57|13.21|2.14|2.01|7.12|20.29|0.64|0.5|3.76|3.76|260.27|3458.02|2891.77|9.88|
|工业富联|601138.SH|2025-04-07|3405.79|3405.57|16.19|14.67|2.37|2.23|7.91|22.54|0.71|0.56|3.38|3.38|289.1|3797.61|3231.36|11.04|
|工业富联|601138.SH|2025-04-03|3783.11|3782.87|17.98|16.3|2.64|2.48|8.78|25.03|0.79|0.62|3.05|3.05|321.12|4174.93|3608.68|12.32|
|工业富联|601138.SH|2025-04-02|3971.71|3971.45|18.88|17.11|2.77|2.6|9.22|26.28|0.83|0.65|2.9|2.9|337.13|4363.53|3797.28|12.97|
|工业富联|601138.SH|2025-04-01|3975.68|3975.42|18.9|17.12|2.77|2.61|9.23|26.31|0.83|0.65|2.9|2.9|337.47|4367.5|3801.25|12.98|
|工业富联|601138.SH|2025-03-31|3943.91|3943.65|18.74|16.99|2.75|2.58|9.15|26.1|0.83|0.65|2.92|2.92|334.77|4335.72|3769.47|12.87|
|工业富联|601138.SH|2025-03-28|3967.74|3967.48|18.86|17.09|2.76|2.6|9.21|26.25|0.83|0.65|2.9|2.9|336.8|4359.55|3793.3|12.96|
|工业富联|601138.SH|2025-03-27|4015.4|4015.14|19.08|17.3|2.8|2.63|9.32|26.57|0.84|0.66|2.87|2.87|340.84|4407.21|3840.97|13.12|
|工业富联|601138.SH|2025-03-26|4047.17|4046.91|19.24|17.43|2.82|2.65|9.39|26.78|0.85|0.66|2.85|2.85|343.54|4438.99|3872.74|13.23|
|工业富联|601138.SH|2025-03-25|4072.99|4072.72|19.36|17.54|2.84|2.67|9.45|26.95|0.86|0.67|2.83|2.83|345.73|4464.8|3898.55|13.31|
|工业富联|601138.SH|2025-03-24|4138.52|4138.25|19.67|17.83|2.88|2.71|9.61|27.38|0.87|0.68|2.78|2.78|351.29|4530.34|3964.09|13.54|
|工业富联|601138.SH|2025-03-21|4096.82|4096.55|19.47|17.65|2.85|2.68|9.51|27.11|0.86|0.67|2.81|2.81|347.75|4488.63|3922.39|13.4|
|工业富联|601138.SH|2025-03-20|4140.51|4140.24|19.68|17.83|2.88|2.71|9.61|27.4|0.87|0.68|2.78|2.78|351.46|4532.32|3966.07|13.55|
|工业富联|601138.SH|2025-03-19|4174.27|4174|19.84|17.98|2.91|2.74|9.69|27.62|0.88|0.69|2.76|2.76|354.33|4566.08|3999.83|13.66|
|工业富联|601138.SH|2025-03-18|4277.53|4277.25|20.33|18.42|2.98|2.8|9.93|28.3|0.9|0.7|2.69|2.69|363.09|4669.35|4103.1|14.01|
|工业富联|601138.SH|2025-03-17|4273.56|4273.28|20.31|18.41|2.98|2.8|9.92|28.28|0.9|0.7|2.7|2.7|362.75|4665.38|4099.13|14|
|工业富联|601138.SH|2025-03-14|4221.93|4221.65|20.07|18.19|2.94|2.77|9.8|27.94|0.89|0.69|2.73|2.73|358.37|4613.74|4047.49|13.82|
|工业富联|601138.SH|2025-03-13|4104.76|4104.5|19.51|17.68|2.86|2.69|9.53|27.16|0.86|0.67|2.81|2.81|348.43|4496.58|3930.33|13.42|
|工业富联|601138.SH|2025-03-12|4152.42|4152.15|19.74|17.89|2.89|2.72|9.64|27.48|0.87|0.68|2.77|2.77|352.47|4544.24|3977.99|13.59|
|工业富联|601138.SH|2025-03-11|4134.55|4134.28|19.65|17.81|2.88|2.71|9.6|27.36|0.87|0.68|2.79|2.79|350.96|4526.37|3960.12|13.53|
|工业富联|601138.SH|2025-03-10|4176.25|4175.98|19.85|17.99|2.91|2.74|9.69|27.63|0.88|0.69|2.76|2.76|354.5|4568.07|4001.82|13.67|
|工业富联|601138.SH|2025-03-07|4144.48|4144.21|19.7|17.85|2.89|2.72|9.62|27.42|0.87|0.68|2.78|2.78|351.8|4536.29|3970.05|13.56|
|工业富联|601138.SH|2025-03-06|4233.84|4233.57|20.12|18.24|2.95|2.77|9.83|28.01|0.89|0.7|2.72|2.72|359.38|4625.66|4059.41|13.86|
|工业富联|601138.SH|2025-03-05|4178.24|4177.97|19.86|18|2.91|2.74|9.7|27.65|0.88|0.69|2.76|2.76|354.66|4570.05|4003.81|13.67|
|工业富联|601138.SH|2025-03-04|4178.24|4177.97|19.86|18|2.91|2.74|9.7|27.65|0.88|0.69|2.76|2.76|354.66|4570.05|4003.81|13.67|
|工业富联|601138.SH|2025-03-03|4184.2|4183.93|19.89|18.02|2.91|2.74|9.71|27.69|0.88|0.69|2.75|2.75|355.17|4576.01|4009.76|13.69|
|工业富联|601138.SH|2025-02-28|4208.03|4207.75|20|18.13|2.93|2.76|9.77|27.84|0.88|0.69|2.74|2.74|357.19|4599.84|4033.59|13.78|
|工业富联|601138.SH|2025-02-27|4360.94|4360.66|20.73|18.78|3.04|2.86|10.12|28.86|0.92|0.72|2.64|2.64|370.17|4752.75|4186.5|14.3|
|工业富联|601138.SH|2025-02-26|4521.79|4521.5|21.49|19.48|3.15|2.96|10.5|29.92|0.95|0.74|2.55|2.55|383.83|4913.61|4347.36|14.85|
|工业富联|601138.SH|2025-02-25|4583.35|4583.06|21.78|19.74|3.19|3|10.64|30.33|0.96|0.75|2.51|2.51|389.05|4975.17|4408.92|15.06|
|工业富联|601138.SH|2025-02-24|4609.17|4608.87|21.91|19.85|3.21|3.02|10.7|30.5|0.97|0.76|2.5|2.5|391.24|5000.98|4434.74|15.15|
|工业富联|601138.SH|2025-02-21|4607.18|4606.89|21.9|20.3|3.21|3.21|10.69|30.48|0.97|0.79|2.5|2.5|409.86|4999|4432.75|15.14|
|工业富联|601138.SH|2025-02-20|4492|4491.71|21.35|19.79|3.13|3.13|10.43|29.72|0.94|0.77|2.57|2.57|399.61|4883.82|4317.57|14.75|
|工业富联|601138.SH|2025-02-19|4615.13|4614.83|21.93|20.33|3.21|3.22|10.71|30.54|0.97|0.79|2.5|2.5|410.57|5006.94|4440.69|15.17|
|工业富联|601138.SH|2025-02-18|4503.92|4503.63|21.41|19.84|3.14|3.14|10.45|29.8|0.95|0.77|2.56|2.56|400.67|4895.73|4329.49|14.79|
|工业富联|601138.SH|2025-02-17|4547.61|4547.31|21.61|20.04|3.17|3.17|10.56|30.09|0.95|0.78|2.53|2.53|404.56|4939.42|4373.17|14.94|
|工业富联|601138.SH|2025-02-14|4388.74|4388.46|20.86|19.34|3.06|3.06|10.19|29.04|0.92|0.75|2.63|2.63|390.43|4780.55|4214.31|14.39|
|工业富联|601138.SH|2025-02-13|4327.18|4326.9|20.57|19.07|3.01|3.02|10.04|28.63|0.91|0.74|2.66|2.66|384.95|4718.99|4152.74|14.18|
|工业富联|601138.SH|2025-02-12|4398.67|4398.38|20.91|19.38|3.06|3.07|10.21|29.1|0.92|0.75|2.62|2.62|391.31|4790.48|4224.24|14.43|
|工业富联|601138.SH|2025-02-11|4323.21|4322.93|20.55|19.05|3.01|3.02|10.03|28.61|0.91|0.74|2.67|2.67|384.6|4715.02|4148.77|14.17|
|工业富联|601138.SH|2025-02-10|4313.28|4313|20.5|19|3|3.01|10.01|28.54|0.91|0.74|2.67|2.67|383.71|4705.09|4138.84|14.14|
|工业富联|601138.SH|2025-02-07|4279.52|4279.24|20.34|18.86|2.98|2.98|9.93|28.32|0.9|0.73|2.69|2.69|380.71|4671.33|4105.08|14.02|
|工业富联|601138.SH|2025-02-06|4068.97|4068.71|19.34|17.93|2.83|2.84|9.44|26.92|0.85|0.7|2.83|2.83|361.98|4460.78|3894.54|13.3|
|工业富联|601138.SH|2025-02-05|3973.6|3973.35|18.89|17.51|2.77|2.77|9.22|26.29|0.83|0.68|2.9|2.9|353.5|4365.42|3799.17|12.98|
|工业富联|601138.SH|2025-01-27|4261.69|4261.41|20.25|18.78|2.97|2.97|9.89|28.2|0.89|0.73|2.7|2.7|379.12|4653.5|4087.26|13.96|
|工业富联|601138.SH|2025-01-24|4639.18|4638.26|22.05|20.44|3.23|3.24|10.77|30.7|0.97|0.79|2.48|2.48|412.71|5031|4464.75|15.25|
|工业富联|601138.SH|2025-01-23|4569.64|4568.73|21.72|20.13|3.18|3.19|10.61|30.24|0.96|0.78|2.52|2.52|406.52|4961.46|4395.21|15.01|
|工业富联|601138.SH|2025-01-22|4635.21|4634.29|22.03|20.42|3.23|3.23|10.76|30.67|0.97|0.79|2.49|2.49|412.35|5027.02|4460.77|15.23|
|工业富联|601138.SH|2025-01-21|4214.01|4213.17|20.03|18.57|2.94|2.94|9.78|27.88|0.88|0.72|2.73|2.73|374.88|4605.82|4039.57|13.8|
|工业富联|601138.SH|2025-01-20|4126.59|4125.77|19.61|18.18|2.87|2.88|9.58|27.3|0.87|0.71|2.79|2.79|367.11|4518.4|3952.15|13.5|
|工业富联|601138.SH|2025-01-17|4104.73|4103.92|19.51|18.09|2.86|2.86|9.53|27.16|0.86|0.7|2.81|2.81|365.16|4496.55|3930.3|13.42|
|工业富联|601138.SH|2025-01-16|4140.49|4139.67|19.68|18.24|2.88|2.89|9.61|27.4|0.87|0.71|2.78|2.78|368.34|4532.31|3966.06|13.55|
|工业富联|601138.SH|2025-01-15|4001.42|4000.62|19.02|17.63|2.79|2.79|9.29|26.48|0.84|0.69|2.88|2.88|355.97|4393.23|3826.98|13.07|
|工业富联|601138.SH|2025-01-14|4086.85|4086.04|19.42|18.01|2.85|2.85|9.49|27.04|0.86|0.7|2.82|2.82|363.57|4478.67|3912.42|13.36|
|工业富联|601138.SH|2025-01-13|3917.97|3917.19|18.62|17.26|2.73|2.73|9.09|25.92|0.82|0.67|2.94|2.94|348.55|4309.79|3743.54|12.79|
|工业富联|601138.SH|2025-01-10|3923.93|3923.15|18.65|17.29|2.73|2.73|9.11|25.96|0.82|0.67|2.94|2.94|349.08|4315.75|3749.5|12.81|
|工业富联|601138.SH|2025-01-09|4080.89|4080.08|19.4|17.98|2.84|2.84|9.47|27|0.86|0.7|2.82|2.82|363.04|4472.71|3906.46|13.34|
|工业富联|601138.SH|2025-01-08|4098.77|4097.96|19.48|18.06|2.86|2.86|9.51|27.12|0.86|0.7|2.81|2.81|364.63|4490.59|3924.34|13.4|
|工业富联|601138.SH|2025-01-07|4221.95|4221.11|20.07|18.6|2.94|2.94|9.8|27.94|0.89|0.72|2.73|2.73|375.59|4613.77|4047.52|13.82|
|工业富联|601138.SH|2025-01-06|4106.72|4105.9|19.52|18.09|2.86|2.86|9.53|27.17|0.86|0.7|2.81|2.81|365.34|4498.53|3932.28|13.43|
|工业富联|601138.SH|2025-01-03|4082.86|4082.04|19.41|17.99|2.84|2.85|9.48|27.02|0.86|0.7|2.82|2.82|363.22|4474.67|3908.42|13.35|
|工业富联|601138.SH|2025-01-02|4114.64|4113.83|19.56|18.13|2.87|2.87|9.55|27.23|0.86|0.7|2.8|2.8|366.04|4506.46|3940.21|13.46|
|工业富联|601138.SH|2024-12-31|4271.6|4270.75|20.3|18.82|2.98|2.98|9.91|28.26|0.9|0.73|2.56|2.7|380.01|4663.42|4097.17|13.99|
|工业富联|601138.SH|2024-12-30|4460.35|4459.46|21.2|19.65|3.11|3.11|10.35|29.51|0.94|0.76|2.45|2.58|396.8|4852.16|4285.91|14.64|
|工业富联|601138.SH|2024-12-27|4492.13|4491.24|21.35|19.79|3.13|3.13|10.43|29.72|0.94|0.77|2.43|2.57|399.63|4883.95|4317.7|14.75|
|工业富联|601138.SH|2024-12-26|4635.18|4634.26|22.03|20.42|3.23|3.23|10.76|30.67|0.97|0.79|2.36|2.49|412.35|5027|4460.75|15.23|
|工业富联|601138.SH|2024-12-25|4513.99|4513.09|21.45|19.89|3.14|3.15|10.48|29.87|0.95|0.77|2.42|2.55|401.57|4905.8|4339.56|14.82|
|工业富联|601138.SH|2024-12-24|4569.62|4568.71|21.72|20.13|3.18|3.18|10.61|30.24|0.96|0.78|2.39|2.52|406.52|4961.43|4395.19|15.01|
|工业富联|601138.SH|2024-12-23|4380.87|4380|20.82|19.3|3.05|3.05|10.17|28.99|0.92|0.75|2.49|2.63|389.73|4772.69|4206.44|14.37|
|工业富联|601138.SH|2024-12-20|4374.91|4374.04|20.79|19.28|3.05|3.05|10.15|28.95|0.92|0.75|2.5|2.63|389.2|4766.73|4200.48|14.35|
|工业富联|601138.SH|2024-12-19|4408.69|4407.81|20.95|19.42|3.07|3.07|10.23|29.17|0.93|0.76|2.48|2.61|392.2|4800.5|4234.26|14.46|
|工业富联|601138.SH|2024-12-18|4253.72|4252.87|20.22|18.74|2.96|2.96|9.87|28.15|0.89|0.73|2.57|2.71|378.42|4645.53|4079.29|13.93|
|工业富联|601138.SH|2024-12-17|4291.47|4290.62|20.4|18.91|2.99|2.99|9.96|28.4|0.9|0.73|2.55|2.69|381.77|4683.28|4117.03|14.06|
|工业富联|601138.SH|2024-12-16|4184.18|4183.35|19.89|18.44|2.91|2.92|9.71|27.69|0.88|0.72|2.61|2.75|372.23|4576|4009.75|13.69|
|工业富联|601138.SH|2024-12-13|4241.8|4240.96|20.16|18.69|2.95|2.96|9.85|28.07|0.89|0.73|2.58|2.72|377.36|4633.61|4067.37|13.89|
|工业富联|601138.SH|2024-12-12|4438.49|4437.61|21.1|19.56|3.09|3.09|10.3|29.37|0.93|0.76|2.46|2.6|394.85|4830.31|4264.06|14.56|
|工业富联|601138.SH|2024-12-11|4436.5|4435.62|21.09|19.55|3.09|3.09|10.3|29.36|0.93|0.76|2.46|2.6|394.68|4828.32|4262.07|14.56|
|工业富联|601138.SH|2024-12-10|4398.76|4397.88|20.91|19.38|3.06|3.06|10.21|29.11|0.92|0.75|2.48|2.62|391.32|4790.57|4224.32|14.43|
|工业富联|601138.SH|2024-12-09|4396.77|4395.89|20.9|19.37|3.06|3.06|10.21|29.09|0.92|0.75|2.48|2.62|391.14|4788.58|4222.33|14.42|
|工业富联|601138.SH|2024-12-06|4490.15|4489.25|21.34|19.78|3.13|3.13|10.42|29.71|0.94|0.77|2.43|2.57|399.45|4881.96|4315.71|14.74|
|工业富联|601138.SH|2024-12-05|4478.23|4477.34|21.28|19.73|3.12|3.12|10.39|29.63|0.94|0.77|2.44|2.57|398.39|4870.04|4303.79|14.7|
|工业富联|601138.SH|2024-12-04|4347.1|4346.23|20.66|19.15|3.03|3.03|10.09|28.76|0.91|0.74|2.51|2.65|386.72|4738.91|4172.66|14.25|
|工业富联|601138.SH|2024-12-03|4418.62|4417.74|21|19.47|3.08|3.08|10.26|29.24|0.93|0.76|2.47|2.61|393.09|4810.44|4244.19|14.5|
|工业富联|601138.SH|2024-12-02|4482.2|4481.31|21.3|19.75|3.12|3.12|10.4|29.66|0.94|0.77|2.44|2.57|398.74|4874.02|4307.77|14.71|
|工业富联|601138.SH|2024-11-29|4408.69|4407.81|20.95|19.42|3.07|3.07|10.23|29.17|0.93|0.76|2.48|2.61|392.2|4800.5|4234.26|14.46|
|工业富联|601138.SH|2024-11-28|4341.14|4340.28|20.63|19.13|3.02|3.02|10.08|28.72|0.91|0.74|2.52|2.65|386.19|4732.95|4166.7|14.23|
|工业富联|601138.SH|2024-11-27|4434.52|4433.64|21.08|19.54|3.09|3.09|10.29|29.34|0.93|0.76|2.46|2.6|394.5|4826.33|4260.08|14.55|
|工业富联|601138.SH|2024-11-26|4388.82|4387.95|20.86|19.34|3.06|3.06|10.19|29.04|0.92|0.75|2.49|2.63|390.43|4780.64|4214.39|14.39|
|工业富联|601138.SH|2024-11-25|4392.79|4391.92|20.88|19.35|3.06|3.06|10.2|29.07|0.92|0.75|2.49|2.62|390.79|4784.61|4218.36|14.41|
|工业富联|601138.SH|2024-11-22|4537.83|4536.93|21.57|19.99|3.16|3.16|10.53|30.03|0.95|0.78|2.41|2.54|403.69|4929.65|4363.4|14.9|
|工业富联|601138.SH|2024-11-21|4655.05|4654.13|22.12|20.51|3.24|3.24|10.8|30.8|0.98|0.8|2.35|2.48|414.12|5046.87|4480.62|15.3|
|工业富联|601138.SH|2024-11-20|4768.3|4767.35|22.66|21.01|3.32|3.32|11.07|31.55|1|0.82|2.29|2.42|424.19|5160.11|4593.86|15.69|
|工业富联|601138.SH|2024-11-19|4712.67|4711.73|22.4|20.76|3.28|3.28|10.94|31.18|0.99|0.81|2.32|2.45|419.24|5104.48|4538.23|15.5|
|工业富联|601138.SH|2024-11-18|4617.3|4616.38|21.95|20.34|3.22|3.22|10.72|30.55|0.97|0.79|2.37|2.5|410.76|5009.12|4442.87|15.17|
|工业富联|601138.SH|2024-11-15|4752.4|4751.46|22.59|20.94|3.31|3.31|11.03|31.45|1|0.81|2.3|2.42|422.78|5144.22|4577.97|15.64|
|工业富联|601138.SH|2024-11-14|4941.15|4940.17|23.48|21.77|3.44|3.44|11.47|32.69|1.04|0.85|2.21|2.33|439.57|5332.96|4766.72|16.28|
|工业富联|601138.SH|2024-11-13|5259.04|5257.99|25|23.17|3.66|3.66|12.21|34.8|1.1|0.9|2.08|2.19|467.85|5650.85|5084.6|17.37|
|工业富联|601138.SH|2024-11-12|5110.03|5109.01|24.29|22.51|3.56|3.56|11.86|33.81|1.07|0.88|2.14|2.25|454.59|5501.84|4935.59|16.86|
|工业富联|601138.SH|2024-11-11|5366.32|5365.26|25.51|23.64|3.74|3.74|12.46|35.51|1.13|0.92|2.04|2.15|477.39|5758.14|5191.89|17.73|
|工业富联|601138.SH|2024-11-08|5161.68|5160.66|24.53|22.74|3.6|3.6|11.98|34.15|1.08|0.88|2.12|2.23|459.19|5553.5|4987.25|17.03|
|工业富联|601138.SH|2024-11-07|4895.45|4894.48|23.27|21.57|3.41|3.41|11.36|32.39|1.03|0.84|2.23|2.35|435.51|5287.27|4721.02|16.12|
|工业富联|601138.SH|2024-11-06|4804.06|4803.11|22.83|21.17|3.35|3.35|11.15|31.79|1.01|0.82|2.27|2.4|427.38|5195.88|4629.63|15.81|
|工业富联|601138.SH|2024-11-05|4917.31|4916.33|23.37|21.67|3.43|3.43|11.41|32.54|1.03|0.84|2.22|2.34|437.45|5309.12|4742.87|16.2|
|工业富联|601138.SH|2024-11-04|4833.86|4832.9|22.97|21.3|3.37|3.37|11.22|31.98|1.01|0.83|2.26|2.38|430.03|5225.68|4659.43|15.91|
|工业富联|601138.SH|2024-11-01|4704.72|4703.79|22.36|20.73|3.28|3.28|10.92|31.13|0.99|0.81|2.32|2.45|418.54|5096.54|4530.29|15.47|
|工业富联|601138.SH|2024-10-31|4817.97|4817.01|22.9|21.23|3.36|3.36|11.18|31.88|1.01|0.83|2.27|2.39|428.61|5209.78|4643.53|15.86|
|工业富联|601138.SH|2024-10-30|4935.19|4934.21|23.46|21.82|3.56|3.56|11.45|23.16|1.04|0.92|2.21|2.33|378.04|5281.82|4597.04|15.7|
|工业富联|601138.SH|2024-10-29|4976.91|4975.92|23.65|22|3.59|3.59|11.55|23.36|1.04|0.93|2.2|2.32|381.23|5323.54|4638.76|15.84|
|工业富联|601138.SH|2024-10-28|5018.63|5017.64|23.85|22.19|3.62|3.62|11.65|23.55|1.05|0.94|2.18|2.3|384.43|5365.26|4680.48|15.99|
|工业富联|601138.SH|2024-10-25|5098.11|5097.09|24.23|22.54|3.68|3.67|11.83|23.92|1.07|0.95|2.14|2.26|390.52|5444.73|4759.95|16.26|
|工业富联|601138.SH|2024-10-24|5036.52|5035.51|23.94|22.27|3.63|3.63|11.69|23.63|1.06|0.94|2.17|2.29|385.8|5383.14|4698.36|16.05|
|工业富联|601138.SH|2024-10-23|5088.17|5087.16|24.18|22.5|3.67|3.67|11.81|23.88|1.07|0.95|2.15|2.26|389.75|5434.8|4750.02|16.22|
|工业富联|601138.SH|2024-10-22|5217.31|5216.28|24.8|23.07|3.76|3.76|12.11|24.48|1.1|0.97|2.09|2.21|399.65|5563.94|4879.16|16.66|
|工业富联|601138.SH|2024-10-21|5205.39|5204.36|24.74|23.01|3.75|3.75|12.08|24.43|1.09|0.97|2.1|2.21|398.73|5552.02|4867.24|16.62|
|工业富联|601138.SH|2024-10-18|5181.55|5180.52|24.63|22.91|3.74|3.73|12.03|24.32|1.09|0.97|2.11|2.22|396.91|5528.18|4843.4|16.54|
|工业富联|601138.SH|2024-10-17|4710.68|4709.74|22.39|20.83|3.4|3.4|10.93|22.11|0.99|0.88|2.32|2.45|360.84|5057.31|4372.53|14.93|
|工业富联|601138.SH|2024-10-16|4674.92|4673.99|22.22|20.67|3.37|3.37|10.85|21.94|0.98|0.87|2.34|2.46|358.1|5021.55|4336.77|14.81|
|工业富联|601138.SH|2024-10-15|4887.51|4886.53|23.23|21.61|3.52|3.52|11.34|22.94|1.03|0.91|2.24|2.36|374.38|5234.13|4549.35|15.54|
|工业富联|601138.SH|2024-10-14|4998.77|4997.77|23.76|22.1|3.6|3.6|11.6|23.46|1.05|0.93|2.19|2.31|382.91|5345.39|4660.62|15.92|
|工业富联|601138.SH|2024-10-11|4885.52|4884.55|23.22|21.6|3.52|3.52|11.34|22.93|1.03|0.91|2.24|2.36|374.23|5232.15|4547.37|15.53|
|工业富联|601138.SH|2024-10-10|5125.92|5124.9|24.36|22.66|3.7|3.69|11.9|24.05|1.08|0.96|2.13|2.25|392.65|5472.55|4787.77|16.35|
|工业富联|601138.SH|2024-10-09|5165.66|5164.23|24.55|22.84|3.72|3.72|11.99|24.24|1.08|0.96|2.12|2.23|395.69|5512.28|4827.5|16.49|
|工业富联|601138.SH|2024-10-08|5505.4|5503.88|26.17|24.34|3.97|3.97|12.78|25.84|1.16|1.03|1.98|2.09|421.71|5852.02|5167.25|17.65|
|工业富联|601138.SH|2024-09-30|5004.73|5003.34|23.79|22.13|3.61|3.61|11.62|23.49|1.05|0.93|2.18|2.3|383.36|5351.35|4666.57|15.94|
|工业富联|601138.SH|2024-09-27|4569.62|4568.36|21.72|20.2|3.29|3.29|10.61|21.44|0.96|0.85|2.39|2.52|350.03|4916.25|4231.47|14.45|
|工业富联|601138.SH|2024-09-26|4303.39|4302.2|20.45|19.03|3.1|3.1|9.99|20.19|0.9|0.8|2.54|2.68|329.64|4650.02|3965.24|13.54|
|工业富联|601138.SH|2024-09-25|4186.17|4185.01|19.9|18.51|3.02|3.02|9.72|19.64|0.88|0.78|2.61|2.75|320.66|4532.8|3848.02|13.14|
|工业富联|601138.SH|2024-09-24|4088.82|4087.68|19.43|18.08|2.95|2.95|9.49|19.19|0.86|0.76|2.67|2.82|313.2|4435.44|3750.66|12.81|
|工业富联|601138.SH|2024-09-23|3717.28|3716.25|17.67|16.43|2.68|2.68|8.63|17.44|0.78|0.69|2.94|3.1|284.74|4063.91|3379.13|11.54|
|工业富联|601138.SH|2024-09-20|3747.08|3746.05|17.81|16.57|2.7|2.7|8.7|17.58|0.79|0.7|2.92|3.08|287.03|4093.71|3408.93|11.64|
|工业富联|601138.SH|2024-09-19|3745.1|3744.06|17.8|16.56|2.7|2.7|8.69|17.57|0.79|0.7|2.92|3.08|286.88|4091.72|3406.94|11.64|
|工业富联|601138.SH|2024-09-18|3725.23|3724.2|17.71|16.47|2.69|2.69|8.65|17.48|0.78|0.7|2.93|3.09|285.35|4071.86|3387.08|11.57|
|工业富联|601138.SH|2024-09-13|3824.57|3823.51|18.18|16.91|2.76|2.76|8.88|17.95|0.8|0.71|2.86|3.01|292.96|4171.19|3486.42|11.91|
|工业富联|601138.SH|2024-09-12|3743.11|3742.07|17.79|16.55|2.7|2.7|8.69|17.57|0.79|0.7|2.92|3.08|286.72|4089.74|3404.96|11.63|
|工业富联|601138.SH|2024-09-11|3731.19|3730.16|17.73|16.5|2.69|2.69|8.66|17.51|0.78|0.7|2.93|3.09|285.81|4077.82|3393.04|11.59|
|工业富联|601138.SH|2024-09-10|3739.13|3738.1|17.77|16.53|2.7|2.7|8.68|17.55|0.79|0.7|2.92|3.08|286.42|4085.76|3400.98|11.62|
|工业富联|601138.SH|2024-09-09|3695.43|3694.4|17.56|16.34|2.66|2.66|8.58|17.34|0.78|0.69|2.96|3.12|283.07|4042.05|3357.27|11.47|
|工业富联|601138.SH|2024-09-06|3647.74|3646.73|17.34|16.13|2.63|2.63|8.47|17.12|0.77|0.68|3|3.16|279.42|3994.37|3309.59|11.3|
|工业富联|601138.SH|2024-09-05|3751.06|3750.02|17.83|16.58|2.7|2.7|8.71|17.6|0.79|0.7|2.91|3.07|287.33|4097.68|3412.9|11.66|
|工业富联|601138.SH|2024-09-04|3759|3757.96|17.87|16.62|2.71|2.71|8.72|17.64|0.79|0.7|2.91|3.07|287.94|4105.63|3420.85|11.68|
|工业富联|601138.SH|2024-09-03|3862.32|3861.25|18.36|17.08|2.79|2.78|8.96|18.12|0.81|0.72|2.83|2.98|295.85|4208.94|3524.16|12.04|
|工业富联|601138.SH|2024-09-02|3864.3|3863.23|18.37|17.08|2.79|2.79|8.97|18.13|0.81|0.72|2.83|2.98|296.01|4210.93|3526.15|12.04|
|工业富联|601138.SH|2024-08-30|4066.95|4065.83|19.33|17.98|2.93|2.93|9.44|19.08|0.85|0.76|2.69|2.83|311.53|4413.58|3728.8|12.73|
|工业富联|601138.SH|2024-08-29|3818.61|3817.55|18.15|16.88|2.75|2.75|8.86|17.92|0.8|0.71|2.86|3.02|292.51|4165.23|3480.46|11.89|
|工业富联|601138.SH|2024-08-28|3927.88|3926.79|18.67|17.37|2.83|2.83|9.12|18.43|0.82|0.73|2.78|2.93|300.88|4274.51|3589.73|12.26|
|工业富联|601138.SH|2024-08-27|3923.91|3922.82|18.65|17.35|2.83|2.83|9.11|18.41|0.82|0.73|2.78|2.94|300.57|4270.53|3585.76|12.25|
|工业富联|601138.SH|2024-08-26|3997.42|3996.31|19|17.67|2.88|2.88|9.28|18.76|0.84|0.75|2.73|2.88|306.2|4344.05|3659.27|12.5|
|工业富联|601138.SH|2024-08-23|4064.97|4063.84|19.32|17.97|2.93|2.93|9.44|19.08|0.85|0.76|2.69|2.83|311.38|4411.6|3726.82|12.73|
|工业富联|601138.SH|2024-08-22|4051.06|4049.94|19.25|17.91|2.92|2.92|9.4|19.01|0.85|0.76|2.7|2.84|310.31|4397.69|3712.91|12.68|
|工业富联|601138.SH|2024-08-21|4126.56|4125.42|19.61|18.24|2.98|2.97|9.58|19.36|0.87|0.77|2.65|2.79|316.1|4473.19|3788.41|12.94|
|工业富联|601138.SH|2024-08-20|4102.72|4101.58|19.5|18.14|2.96|2.96|9.52|19.25|0.86|0.77|2.66|2.81|314.27|4449.34|3764.57|12.86|
|工业富联|601138.SH|2024-08-19|4128.55|4127.4|19.62|18.25|2.98|2.98|9.58|19.37|0.87|0.77|2.65|2.79|316.25|4475.17|3790.39|12.95|
|工业富联|601138.SH|2024-08-16|4184.18|4183.02|19.89|18.5|3.02|3.02|9.71|19.64|0.88|0.78|2.61|2.75|320.51|4530.8|3846.02|13.14|
|工业富联|601138.SH|2024-08-15|4104.7|4103.57|19.51|18.15|2.96|2.96|9.53|19.26|0.86|0.77|2.66|2.81|314.42|4451.33|3766.55|12.86|
|工业富联|601138.SH|2024-08-14|4247.75|4246.58|20.19|18.78|3.06|3.06|9.86|19.93|0.89|0.79|2.57||325.38|4594.38|3909.6|13.35|
|工业富联|601138.SH|2024-08-13|4128.55|4127.4|19.62|18.25|2.84|2.98|9.58|15.04|0.87|0.77|2.65||316.25|4553.54|3754.61|12.82|
|工业富联|601138.SH|2024-08-12|4100.73|4099.6|19.49|18.13|2.82|2.96|9.52|14.94|0.86|0.77|2.66||314.12|4525.73|3726.79|12.73|
|工业富联|601138.SH|2024-08-09|4130.53|4129.39|19.63|18.26|2.84|2.98|9.59|15.05|0.87|0.77|2.65||316.4|4555.53|3756.59|12.83|
|工业富联|601138.SH|2024-08-08|4068.94|4067.82|19.34|17.99|2.8|2.93|9.44|14.83|0.85|0.76|2.69||311.68|4493.94|3695|12.62|
|工业富联|601138.SH|2024-08-07|4053.05|4051.93|19.26|17.92|2.79|2.92|9.41|14.77|0.85|0.76|2.7||310.46|4478.04|3679.11|12.57|
|工业富联|601138.SH|2024-08-06|4134.51|4133.36|19.65|18.28|2.84|2.98|9.6|15.06|0.87|0.77|2.64||316.7|4559.5|3760.57|12.84|
|工业富联|601138.SH|2024-08-05|4057.02|4055.9|19.28|17.94|2.79|2.92|9.42|14.78|0.85|0.76|2.69||310.77|4482.02|3683.08|12.58|
|工业富联|601138.SH|2024-08-02|4436.5|4435.27|21.09|20.08|3.05|3.05|10.3|16.17|0.93|0.91|2.46||356.05|4861.49|4062.56|13.87|
|工业富联|601138.SH|2024-08-01|4762.33|4761.01|22.63|21.55|3.27|3.27|11.05|17.35|1|0.97|2.29||382.2|5187.33|4388.39|14.99|
|工业富联|601138.SH|2024-07-31|4736.5|4735.19|22.51|21.44|3.26|3.25|10.99|17.26|0.99|0.97|2.31||380.12|5161.5|4362.56|14.9|
|工业富联|601138.SH|2024-07-30|4539.73|4538.48|21.58|20.54|3.12|3.12|10.54|16.54|0.95|0.93|2.41||364.33|4964.73|4165.79|14.23|
|工业富联|601138.SH|2024-07-29|4728.48|4727.17|22.47|21.4|3.25|3.25|10.98|17.23|0.99|0.97|2.31||379.48|5153.47|4354.54|14.87|
|工业富联|601138.SH|2024-07-26|4668.87|4667.58|22.19|21.13|3.21|3.21|10.84|17.01|0.98|0.95|2.34|2.34|374.7|5093.87|4294.93|14.67|
|工业富联|601138.SH|2024-07-25|4609.27|4608|21.91|20.86|3.17|3.17|10.7|16.79|0.97|0.94|2.37|2.37|369.91|5034.27|4235.33|14.46|
|工业富联|601138.SH|2024-07-24|4827.81|4826.48|22.95|21.85|3.32|3.32|11.21|17.59|1.01|0.99|2.26|2.26|387.45|5252.81|4453.87|15.21|
|工业富联|601138.SH|2024-07-23|4875.5|4874.15|23.17|22.06|3.35|3.35|11.32|17.76|1.02|1|2.24|2.24|391.28|5300.49|4501.56|15.37|
|工业富联|601138.SH|2024-07-22|4949.01|4947.64|23.52|22.4|3.4|3.4|11.49|18.03|1.04|1.01|2.21|2.21|397.18|5374|4575.07|15.63|
|工业富联|601138.SH|2024-07-19|4899.34|4897.98|23.29|22.17|3.37|3.36|11.37|17.85|1.03|1|2.23|2.23|393.19|5324.33|4525.4|15.46|
|工业富联|601138.SH|2024-07-18|5048.34|5046.95|23.99|22.85|3.47|3.47|11.72|18.39|1.06|1.03|2.16|2.16|405.15|5473.34|4674.4|15.96|
|工业富联|601138.SH|2024-07-17|5155.63|5154.2|24.5|23.33|3.54|3.54|11.97|18.79|1.08|1.05|2.12|2.12|413.76|5580.62|4781.69|16.33|
|工业富联|601138.SH|2024-07-16|5455.63|5454.12|25.93|24.69|3.75|3.75|12.66|19.88|1.15|1.12|2|2|437.84|5880.62|5081.69|17.36|
|工业富联|601138.SH|2024-07-15|5356.29|5354.81|25.46|24.24|3.68|3.68|12.43|19.52|1.12|1.09|2.04|2.04|429.86|5781.29|4982.35|17.02|
|工业富联|601138.SH|2024-07-12|5415.89|5414.4|25.74|24.51|3.72|3.72|12.57|19.73|1.14|1.11|2.02|2.02|434.65|5840.89|5041.95|17.22|
|工业富联|601138.SH|2024-07-11|5713.91|5712.33|27.16|25.86|3.93|3.92|13.26|20.82|1.2|1.17|1.91|1.91|458.56|6138.9|5339.97|18.24|
|工业富联|601138.SH|2024-07-10|5751.65|5750.06|27.34|26.03|3.95|3.95|13.35|20.96|1.21|1.18|1.9|1.9|461.59|6176.65|5377.71|18.37|
|工业富联|601138.SH|2024-07-09|5761.59|5759.99|27.38|26.07|3.96|3.96|13.37|20.99|1.21|1.18|1.9|1.9|462.39|6186.58|5387.65|18.4|
|工业富联|601138.SH|2024-07-08|5356.29|5354.81|25.46|24.24|3.68|3.68|12.43|19.52|1.12|1.09|2.04|2.04|429.86|5781.29|4982.35|17.02|
|工业富联|601138.SH|2024-07-05|5380.13|5378.64|25.57|24.35|3.7|3.69|12.49|19.6|1.13|1.1|2.03|2.03|431.78|5805.13|5006.19|17.1|
|工业富联|601138.SH|2024-07-04|5417.88|5416.38|25.75|24.52|3.73|3.72|12.58|19.74|1.14|1.11|2.02|2.02|434.81|5842.88|5043.94|17.23|
|工业富联|601138.SH|2024-07-03|5439.73|5438.23|25.85|24.62|3.74|3.74|12.63|19.82|1.14|1.11|2.01|2.01|436.56|5864.73|5065.79|17.3|
|工业富联|601138.SH|2024-07-02|5434.8|5433.3|25.83|24.6|3.74|3.73|12.61|19.8|1.14|1.11|2.01|2.01|436.17|5859.79|5060.86|17.28|
|工业富联|601138.SH|2024-07-01|5561.93|5560.39|26.43|25.17|3.82|3.82|12.91|20.27|1.17|1.14|1.96|1.96|446.37|5986.92|5187.99|17.72|
|工业富联|601138.SH|2024-06-28|5442.74|5441.24|25.87|24.63|3.74|3.74|12.63|19.83|1.14|1.11|2.01|2.01|436.8|5867.74|5068.8|17.31|
|工业富联|601138.SH|2024-06-27|5325.55|5324.07|25.31|24.1|3.66|3.66|12.36|19.4|1.12|1.09|2.05|2.05|427.4|5750.54|4951.61|16.91|
|工业富联|601138.SH|2024-06-26|5397.06|5395.56|25.65|24.42|3.71|3.71|12.53|19.67|1.13|1.1|2.02|2.02|433.14|5822.05|5023.12|17.16|
|工业富联|601138.SH|2024-06-25|5252.05|5250.6|24.96|23.77|3.61|3.61|12.19|19.14|1.1|1.07|2.08|2.08|421.5|5677.05|4878.11|16.66|
|工业富联|601138.SH|2024-06-24|5472.54|5471.03|26.01|24.77|3.76|3.76|12.7|19.94|1.15|1.12|2|2|439.19|5897.54|5098.6|17.41|
|工业富联|601138.SH|2024-06-21|5655.29|5647.02|26.88|25.59|3.89|3.89|13.13|20.61|1.19|1.16|1.93|1.93|453.86|6080.29|5281.35|18.04|
|工业富联|601138.SH|2024-06-20|5683.1|5674.79|27.01|25.72|3.91|3.91|13.19|20.71|1.19|1.16|1.92|1.92|456.09|6108.1|5309.16|18.13|
|工业富联|601138.SH|2024-06-19|5655.29|5647.02|26.88|25.59|3.89|3.89|13.13|20.61|1.19|1.16|1.93|1.93|453.86|6080.29|5281.35|18.04|
|工业富联|601138.SH|2024-06-18|5685.08|5676.77|27.02|25.73|3.91|3.91|13.2|20.71|1.19|1.16|1.92|1.92|456.25|6110.08|5311.15|18.14|
|工业富联|601138.SH|2024-06-17|5464.59|5456.6|25.97|24.73|3.76|3.76|12.68|19.91|1.15|1.12|2|2|438.56|5889.59|5090.65|17.39|
|工业富联|601138.SH|2024-06-14|5408.97|5401.07|25.71|24.48|3.72|3.72|12.55|19.71|1.14|1.11|2.02|2.02|434.09|5833.97|5035.04|17.2|
|工业富联|601138.SH|2024-06-13|5144.78|5137.26|24.45|23.28|3.54|3.54|11.94|18.75|1.08|1.05|2.12|2.12|412.89|5569.78|4770.84|16.29|
|工业富联|601138.SH|2024-06-12|4840.86|4833.79|23.01|21.91|3.33|3.33|11.24|17.64|1.02|0.99|2.26|2.26|388.5|5265.86|4466.92|15.26|
|工业富联|601138.SH|2024-06-11|4809.08|4802.05|22.86|21.76|3.31|3.31|11.16|17.52|1.01|0.98|2.27|2.27|385.95|5234.08|4435.14|15.15|
|工业富联|601138.SH|2024-06-07|4872.65|4865.52|23.16|22.05|3.35|3.35|11.31|17.75|1.02|1|2.24|2.24|391.05|5297.64|4498.71|15.36|
|工业富联|601138.SH|2024-06-06|5178.55|5170.98|24.61|23.44|3.56|3.56|12.02|18.87|1.09|1.06|2.11|2.11|415.6|5603.55|4804.61|16.41|
|工业富联|601138.SH|2024-06-05|4707.77|4700.89|22.38|21.31|3.24|3.24|10.93|17.15|0.99|0.96|2.32|2.32|377.82|5132.77|4333.84|14.8|
|工业富联|601138.SH|2024-06-04|4725.65|4718.74|22.46|21.39|3.25|3.25|10.97|17.22|0.99|0.97|2.31|2.31|379.25|5150.65|4351.71|14.86|
|工业富联|601138.SH|2024-06-03|4741.54|4734.61|22.54|21.46|3.26|3.26|11.01|17.28|1|0.97|2.3|2.3|380.53|5166.54|4367.6|14.92|
|工业富联|601138.SH|2024-05-31|4550.85|4544.2|21.63|20.6|3.13|3.13|10.56|16.58|0.96|0.93|2.4|2.4|365.22|4975.85|4176.91|14.27|
|工业富联|601138.SH|2024-05-30|4755.45|4748.5|22.6|21.52|3.27|3.27|11.04|17.33|1|0.97|2.3|2.3|381.64|5180.45|4381.51|14.96|
|工业富联|601138.SH|2024-05-29|4809.08|4802.05|22.86|21.76|3.31|3.31|11.16|17.52|1.01|0.98|2.27|2.27|385.95|5234.08|4435.14|15.15|
|工业富联|601138.SH|2024-05-28|4791.2|4784.2|22.77|21.68|3.29|3.29|11.12|17.46|1.01|0.98|2.28|2.28|384.51|5216.2|4417.26|15.09|
|工业富联|601138.SH|2024-05-27|4938.2|4930.98|23.47|22.35|3.4|3.4|11.46|17.99|1.04|1.01|2.21|2.21|396.31|5363.19|4564.26|15.59|
|工业富联|601138.SH|2024-05-24|4797.16|4790.15|22.8|21.71|3.3|3.3|11.13|17.48|1.01|0.98|2.28|2.28|384.99|5222.16|4423.22|15.11|
|工业富联|601138.SH|2024-05-23|5089.16|5081.72|24.19|23.03|3.5|3.5|11.81|18.54|1.07|1.04|2.15|2.15|408.43|5514.16|4715.22|16.1|
|工业富联|601138.SH|2024-05-22|5051.42|5044.04|24.01|22.86|3.47|3.47|11.72|18.41|1.06|1.03|2.16|2.16|405.4|5476.42|4677.48|15.98|
|工业富联|601138.SH|2024-05-21|5109.03|5101.56|24.28|23.12|3.51|3.51|11.86|18.62|1.07|1.04|2.14|2.14|410.02|5534.02|4735.09|16.17|
|工业富联|601138.SH|2024-05-20|5208.35|5200.73|24.75|23.57|3.58|3.58|12.09|18.98|1.09|1.06|2.1|2.1|417.99|5633.35|4834.41|16.51|
|工业富联|601138.SH|2024-05-17|5105.06|5097.59|24.26|23.1|3.51|3.51|11.85|18.6|1.07|1.04|2.14|2.14|409.7|5530.05|4731.12|16.16|
|工业富联|601138.SH|2024-05-16|5081.22|5073.79|24.15|23|3.49|3.49|11.79|18.51|1.07|1.04|2.15|2.15|407.79|5506.22|4707.28|16.08|
|工业富联|601138.SH|2024-05-15|4826.96|4819.9|22.94|21.84|3.32|3.32|11.2|17.59|1.01|0.99|2.26|2.26|387.38|5251.96|4453.02|15.21|
|工业富联|601138.SH|2024-05-14|4727.64|4720.73|22.47|21.4|3.25|3.25|10.97|17.23|0.99|0.97|2.31|2.31|379.41|5152.64|4353.7|14.87|
|工业富联|601138.SH|2024-05-13|4767.37|4760.4|22.66|21.57|3.28|3.28|11.07|17.37|1|0.97|2.29|2.29|382.6|5192.36|4393.43|15|
|工业富联|601138.SH|2024-05-10|4751.48|4744.53|22.58|21.5|3.27|3.27|11.03|17.31|1|0.97|2.3|2.3|381.33|5176.47|4377.54|14.95|
|工业富联|601138.SH|2024-05-09|4811.07|4804.03|22.87|21.77|3.31|3.31|11.17|17.53|1.01|0.98|2.27|2.27|386.11|5236.06|4437.13|15.15|
|工业富联|601138.SH|2024-05-08|4858.74|4851.64|23.09|21.99|3.34|3.34|11.28|17.7|1.02|0.99|2.25|2.25|389.93|5283.74|4484.8|15.32|
|工业富联|601138.SH|2024-05-07|5041.49|5034.12|23.96|22.82|3.47|3.47|11.7|18.37|1.06|1.03|2.17|2.17|404.6|5466.49|4667.55|15.94|
|工业富联|601138.SH|2024-05-06|4930.25|4923.04|23.43|22.31|3.39|3.39|11.44|17.96|1.03|1.01|2.22|2.22|395.67|5355.25|4556.31|15.56|
|工业富联|601138.SH|2024-04-30|4866.69|4859.57|23.13|22.02|3.35|3.35|11.3|17.73|1.02|0.99|2.24|2.24|390.57|5291.68|4492.75|15.34|
|工业富联|601138.SH|2024-04-29|4870.66|4863.54|23.15|23.15|3.47|3.47|11.31|11.31|1.02|1.02|2.24|2.24|357.12|5359.36|4524.73|15.45|
|工业富联|601138.SH|2024-04-26|4848.81|4841.72|23.05|23.05|3.46|3.46|11.25|11.25|1.02|1.02|2.25|2.25|355.51|5337.51|4502.88|15.38|
|工业富联|601138.SH|2024-04-25|4407.83|4401.38|20.95|20.95|3.14|3.14|10.23|10.23|0.93|0.93|2.48|2.48|323.18|4896.52|4061.9|13.87|
|工业富联|601138.SH|2024-04-24|4417.76|4411.3|21|21|3.15|3.15|10.25|10.25|0.93|0.93|2.47|2.47|323.91|4906.46|4071.83|13.91|
|工业富联|601138.SH|2024-04-23|4090|4084.02|19.44|19.44|2.92|2.92|9.49|9.49|0.86|0.86|2.67|2.67|299.88|4578.7|3744.08|12.79|
|工业富联|601138.SH|2024-04-22|4139.66|4133.61|19.68|19.68|2.95|2.95|9.61|9.61|0.87|0.87|2.64|2.64|303.52|4628.36|3793.74|12.96|
|工业富联|601138.SH|2024-04-19|4380.02|4373.61|20.82|20.82|3.12|3.12|10.17|10.17|0.92|0.92|2.49|2.49|321.14|4868.72|4034.09|13.78|
|工业富联|601138.SH|2024-04-18|4548.86|4542.21|21.62|21.62|3.24|3.24|10.56|10.56|0.95|0.95|2.4|2.4|333.52|5037.56|4202.94|14.35|
|工业富联|601138.SH|2024-04-17|4469.41|4462.87|21.24|21.24|3.19|3.19|10.37|10.37|0.94|0.94|2.44|2.44|327.7|4958.1|4123.48|14.08|
|工业富联|601138.SH|2024-04-16|4332.34|4326.01|20.59|20.59|3.09|3.09|10.06|10.06|0.91|0.91|2.52|2.52|317.65|4821.04|3986.42|13.61|
|工业富联|601138.SH|2024-04-15|4417.76|4411.3|21|21|3.15|3.15|10.25|10.25|0.93|0.93|2.47|2.47|323.91|4906.46|4071.83|13.91|
|工业富联|601138.SH|2024-04-12|4421.73|4415.27|21.02|21.02|3.15|3.15|10.26|10.26|0.93|0.93|2.47|2.47|324.2|4910.43|4075.81|13.92|
|工业富联|601138.SH|2024-04-11|4221.11|4214.93|20.06|20.06|3.01|3.01|9.8|9.8|0.89|0.89|2.59|2.59|309.49|4709.8|3875.18|13.23|
|工业富联|601138.SH|2024-04-10|4191.31|4185.18|19.92|19.92|2.99|2.99|9.73|9.73|0.88|0.88|2.61|2.61|307.31|4680.01|3845.38|13.13|
|工业富联|601138.SH|2024-04-09|4348.24|4341.88|20.67|20.67|3.1|3.1|10.09|10.09|0.91|0.91|2.51|2.51|318.81|4836.93|4002.31|13.67|
|工业富联|601138.SH|2024-04-08|4370.09|4363.7|20.77|20.77|3.12|3.12|10.14|10.14|0.92|0.92|2.5|2.5|320.42|4858.78|4024.16|13.74|
|工业富联|601138.SH|2024-04-03|4354.19|4347.83|20.69|20.69|3.11|3.11|10.11|10.11|0.91|0.91|2.51|2.51|319.25|4842.89|4008.27|13.69|
|工业富联|601138.SH|2024-04-02|4548.84|4542.19|21.62|21.62|3.24|3.24|10.56|10.56|0.95|0.95|2.4|2.4|333.52|5037.54|4202.92|14.35|
|工业富联|601138.SH|2024-04-01|4630.28|4623.52|22.01|22.01|3.3|3.3|10.75|10.75|0.97|0.97|2.36|2.36|339.49|5118.98|4284.36|14.63|
|工业富联|601138.SH|2024-03-29|4523.02|4516.41|21.5|21.5|3.23|3.23|10.5|10.5|0.95|0.95|2.42|2.42|331.63|5011.72|4177.09|14.27|
|工业富联|601138.SH|2024-03-28|4658.09|4651.28|22.14|22.14|3.32|3.32|10.81|10.81|0.98|0.98|2.35|2.35|341.53|5146.79|4312.17|14.73|
|工业富联|601138.SH|2024-03-27|4451.51|4445|21.16|21.16|3.18|3.17|10.33|10.33|0.93|0.93|2.45|2.45|326.38|4940.21|4105.58|14.02|
|工业富联|601138.SH|2024-03-26|4713.71|4706.82|22.4|22.4|3.36|3.36|10.94|10.94|0.99|0.99|2.32|2.32|345.61|5202.41|4367.79|14.92|
|工业富联|601138.SH|2024-03-25|4749.47|4742.52|22.57|22.57|3.39|3.39|11.02|11.02|1|1|2.3|2.3|348.23|5238.17|4403.54|15.04|
|工业富联|601138.SH|2024-03-22|4852.76|4845.67|23.06|23.06|3.46|3.46|11.26|11.26|1.02|1.02|2.25|2.25|355.8|5341.46|4506.83|15.39|
|工业富联|601138.SH|2024-03-21|4964|4956.74|23.59|23.59|3.54|3.54|11.52|11.52|1.04|1.04|2.2|2.2|363.96|5452.7|4618.07|15.77|
|工业富联|601138.SH|2024-03-20|4981.88|4974.59|23.68|23.68|3.55|3.55|11.56|11.56|1.05|1.05|2.19|2.19|365.27|5470.57|4635.95|15.83|
|工业富联|601138.SH|2024-03-19|5067.29|5059.88|24.08|24.08|3.61|3.61|11.76|11.76|1.06|1.06|2.16|2.16|371.53|5555.99|4721.37|16.12|
|工业富联|601138.SH|2024-03-18|4967.97|4960.71|23.61|23.61|3.54|3.54|11.53|11.53|1.04|1.04|2.2|2.2|364.25|5456.67|4622.05|15.79|
|工业富联|601138.SH|2024-03-15|4584.6|4577.89|21.79|21.79|3.27|3.27|10.64|10.64|0.96|0.96|2.38|2.38|336.14|5073.29|4238.67|14.48|
|工业富联|601138.SH|2024-03-14|4538.91|4532.27|21.57|21.57|3.24|3.24|10.54|10.54|0.95|0.95|2.41|2.41|332.79|5027.61|4192.98|14.32|
|工业富联|601138.SH|2024-03-13|4836.87|4829.79|24.1|22.23|3.64|3.64|31.48|9.79|0.94|1.01|2.26|2.26|273.86|5361.49|4563.23|17.26|
|工业富联|601138.SH|2024-03-12|4926.25|4919.05|24.54|22.64|3.71|3.71|32.06|9.97|0.96|1.03|2.22|2.22|278.92|5450.88|4652.61|17.6|
|工业富联|601138.SH|2024-03-11|5128.86|5121.37|25.55|23.57|3.86|3.86|33.38|10.38|1|1.07|2.13|2.13|290.4|5653.49|4855.23|18.37|
|工业富联|601138.SH|2024-03-08|4940.16|4932.94|24.61|22.7|3.72|3.72|32.15|10|0.97|1.03|2.21|2.21|279.71|5464.78|4666.52|17.65|
|工业富联|601138.SH|2024-03-07|4491.23|4484.67|22.37|20.64|3.38|3.38|29.23|9.09|0.88|0.94|2.43|2.43|254.29|5015.86|4217.59|15.95|
|工业富联|601138.SH|2024-03-06|4372.05|4365.66|21.78|20.09|3.29|3.29|28.45|8.85|0.85|0.91|2.5|2.5|247.55|4896.68|4098.41|15.5|
|工业富联|601138.SH|2024-03-05|4519.04|4512.44|22.51|20.77|3.4|3.4|29.41|9.15|0.88|0.94|2.42|2.42|255.87|5043.67|4245.4|16.06|
|工业富联|601138.SH|2024-03-04|4374.04|4367.64|21.79|20.1|3.29|3.29|28.47|8.85|0.85|0.91|2.5|2.5|247.66|4898.66|4100.4|15.51|
|工业富联|601138.SH|2024-03-01|3976.76|3970.94|19.81|18.27|2.99|2.99|25.88|8.05|0.78|0.83|2.75|2.75|225.16|4501.38|3703.12|14.01|
|工业富联|601138.SH|2024-02-29|3712.57|3707.14|18.5|17.06|2.8|2.8|24.16|7.51|0.73|0.77|2.94|2.94|210.21|4237.19|3438.93|13.01|
|工业富联|601138.SH|2024-02-28|3615.23|3609.95|18.01|16.61|2.72|2.72|23.53|7.32|0.71|0.75|3.02|3.02|204.69|4139.86|3341.59|12.64|
|工业富联|601138.SH|2024-02-27|3839.7|3834.08|19.13|17.64|2.89|2.89|24.99|7.77|0.75|0.8|2.85|2.85|217.4|4364.32|3566.06|13.49|
|工业富联|601138.SH|2024-02-26|3509.96|3504.82|17.49|16.13|2.64|2.64|22.84|7.1|0.69|0.73|3.11|3.11|198.73|4034.58|3236.32|12.24|
|工业富联|601138.SH|2024-02-23|3609.27|3604|17.98|16.59|2.72|2.72|23.49|7.31|0.71|0.75|3.03|3.03|204.36|4133.9|3335.64|12.62|
|工业富联|601138.SH|2024-02-22|3613.25|3607.96|18|16.6|2.72|2.72|23.52|7.31|0.71|0.75|3.02|3.02|204.58|4137.87|3339.61|12.63|
|工业富联|601138.SH|2024-02-21|3486.12|3481.02|17.37|16.02|2.62|2.62|22.69|7.06|0.68|0.73|3.13|3.13|197.38|4010.75|3212.48|12.15|
|工业富联|601138.SH|2024-02-20|3672.84|3667.47|18.3|16.88|2.77|2.77|23.9|7.43|0.72|0.77|2.97|2.97|207.96|4197.47|3399.2|12.86|
|工业富联|601138.SH|2024-02-19|3430.5|3425.48|17.09|15.76|2.58|2.58|22.33|6.94|0.67|0.72|3.18|3.18|194.24|3955.13|3156.86|11.94|
|工业富联|601138.SH|2024-02-08|3118.64|3114.08|15.54|14.33|2.35|2.35|20.3|6.31|0.61|0.65|3.5|3.5|176.58|3643.26|2845|10.76|
|工业富联|601138.SH|2024-02-07|3039.18|3034.74|15.14|13.97|2.29|2.29|19.78|6.15|0.59|0.63|3.59|3.59|172.08|3563.81|2765.54|10.46|
|工业富联|601138.SH|2024-02-06|3084.87|3080.36|15.37|14.18|2.32|2.32|20.08|6.24|0.6|0.64|3.54|3.54|174.67|3609.49|2811.23|10.63|
|工业富联|601138.SH|2024-02-05|2933.9|2929.61|14.62|13.48|2.21|2.21|19.09|5.94|0.57|0.61|3.72|3.72|166.12|3458.53|2660.26|10.06|
|工业富联|601138.SH|2024-02-02|2765.06|2761.02|13.78|12.71|2.08|2.08|18|5.6|0.54|0.58|3.95|3.95|156.56|3289.69|2491.42|9.42|
|工业富联|601138.SH|2024-02-01|2892.19|2887.96|14.41|13.29|2.18|2.18|18.82|5.85|0.56|0.6|3.78|3.78|163.76|3416.81|2618.55|9.91|
|工业富联|601138.SH|2024-01-31|2643.89|2640.02|13.17|12.15|1.99|1.99|17.21|5.35|0.52|0.55|4.13|4.13|149.7|3168.52|2370.25|8.97|
|工业富联|601138.SH|2024-01-30|2681.63|2677.71|13.36|12.32|2.02|2.02|17.45|5.43|0.52|0.56|4.07|4.07|151.83|3206.26|2407.99|9.11|
|工业富联|601138.SH|2024-01-29|2699.51|2695.17|13.45|12.4|2.03|2.03|17.57|5.46|0.53|0.56|4.05|4.05|152.85|3224.13|2425.87|9.18|
|工业富联|601138.SH|2024-01-26|2862.39|2857.8|14.26|13.15|2.16|2.16|18.63|5.79|0.56|0.6|3.82|3.82|162.07|3387.02|2588.75|9.79|
|工业富联|601138.SH|2024-01-25|2995.48|2990.67|14.92|13.76|2.26|2.26|19.49|6.06|0.59|0.62|3.65|3.65|169.6|3520.11|2721.84|10.3|
|工业富联|601138.SH|2024-01-24|2880.27|2875.65|14.35|13.24|2.17|2.17|18.74|5.83|0.56|0.6|3.79|3.79|163.08|3404.9|2606.63|9.86|
|工业富联|601138.SH|2024-01-23|2880.27|2875.65|14.35|13.24|2.17|2.17|18.74|5.83|0.56|0.6|3.79|3.79|163.08|3404.9|2606.63|9.86|
|工业富联|601138.SH|2024-01-22|2860.4|2855.81|14.25|13.14|2.15|2.15|18.62|5.79|0.56|0.6|3.82|3.82|161.96|3385.03|2586.77|9.79|
|工业富联|601138.SH|2024-01-19|2820.68|2816.15|14.05|12.96|2.12|2.12|18.36|5.71|0.55|0.59|3.87|3.87|159.71|3345.3|2547.04|9.64|
|工业富联|601138.SH|2024-01-18|2723.34|2718.97|13.57|12.51|2.05|2.05|17.72|5.51|0.53|0.57|4.01|4.01|154.2|3247.97|2449.7|9.27|
|工业富联|601138.SH|2024-01-17|2518.75|2514.7|12.55|11.57|1.9|1.9|16.39|5.1|0.49|0.53|4.34|4.34|142.61|3043.37|2245.11|8.49|
|工业富联|601138.SH|2024-01-16|2564.43|2560.32|12.78|11.78|1.93|1.93|16.69|5.19|0.5|0.53|4.26|4.26|145.2|3089.06|2290.79|8.67|
|工业富联|601138.SH|2024-01-15|2526.69|2522.64|12.59|11.61|1.9|1.9|16.44|5.11|0.49|0.53|4.32|4.32|143.06|3051.32|2253.05|8.52|
|工业富联|601138.SH|2024-01-12|2554.5|2550.4|12.73|11.74|1.92|1.92|16.62|5.17|0.5|0.53|4.28|4.28|144.64|3079.13|2280.86|8.63|
|工业富联|601138.SH|2024-01-11|2612.11|2607.91|13.01|12|1.97|1.97|17|5.29|0.51|0.54|4.18|4.18|147.9|3136.73|2338.47|8.85|
|工业富联|601138.SH|2024-01-10|2564.71|2560.32|12.78|11.79|1.93|1.93|16.69|5.19|0.5|0.53|4.26|4.26|145.21|3089.34|2291.08|8.67|
|工业富联|601138.SH|2024-01-09|2620.34|2615.85|13.05|12.04|1.97|1.97|17.05|5.3|0.51|0.55|4.17|4.17|148.36|3144.97|2346.7|8.88|
|工业富联|601138.SH|2024-01-08|2598.49|2594.03|12.95|11.94|1.96|1.96|16.91|5.26|0.51|0.54|4.2|4.2|147.13|3123.11|2324.85|8.79|
|工业富联|601138.SH|2024-01-05|2642.19|2637.66|13.16|12.14|1.99|1.99|17.2|5.35|0.52|0.55|4.13|4.13|149.6|3166.82|2368.55|8.96|
|工业富联|601138.SH|2024-01-04|2675.96|2671.38|13.33|12.3|2.01|2.01|17.42|5.42|0.52|0.56|4.08|4.08|151.51|3200.59|2402.33|9.09|
|工业富联|601138.SH|2024-01-03|2757.38|2752.65|13.74|12.67|2.08|2.08|17.95|5.58|0.54|0.57|3.96|3.96|156.12|3282.01|2483.74|9.4|
|工业富联|601138.SH|2024-01-02|2820.95|2816.11|14.05|12.96|2.12|2.12|18.36|5.71|0.55|0.59|3.87|3.87|159.72|3345.58|2547.31|9.64|
|工业富联|601138.SH|2023-12-29|3003.72|2998.56|14.96|13.8|2.26|2.26|19.55|6.08|0.59|0.63|3.29|3.64|170.07|3528.34|2730.08|10.33|
|工业富联|601138.SH|2023-12-28|2940.14|2935.1|14.65|13.51|2.21|2.21|19.13|5.95|0.57|0.61|3.36|3.72|166.47|3464.77|2666.51|10.09|
|工业富联|601138.SH|2023-12-27|2767.31|2762.57|13.79|12.72|2.08|2.08|18.01|5.6|0.54|0.58|3.57|3.95|156.69|3291.94|2493.67|9.43|
|工业富联|601138.SH|2023-12-26|2755.39|2750.67|13.73|12.66|2.07|2.07|17.93|5.58|0.54|0.57|3.59|3.96|156.01|3280.02|2481.75|9.39|
|工业富联|601138.SH|2023-12-25|2822.94|2818.1|14.06|12.97|2.13|2.13|18.37|5.71|0.55|0.59|3.5|3.87|159.83|3347.56|2549.3|9.64|
|工业富联|601138.SH|2023-12-22|2844.79|2839.91|14.17|13.07|2.14|2.14|18.51|5.76|0.56|0.59|3.48|3.84|161.07|3369.42|2571.15|9.73|
|工业富联|601138.SH|2023-12-21|2894.45|2889.49|14.42|13.3|2.18|2.18|18.84|5.86|0.57|0.6|3.42|3.77|163.88|3419.08|2620.81|9.91|
|工业富联|601138.SH|2023-12-20|2890.48|2885.52|14.4|13.28|2.18|2.18|18.81|5.85|0.56|0.6|3.42|3.78|163.66|3415.11|2616.84|9.9|
|工业富联|601138.SH|2023-12-19|3013.65|3008.48|15.01|13.85|2.27|2.27|19.61|6.1|0.59|0.63|3.28|3.63|170.63|3538.28|2740.01|10.37|
|工业富联|601138.SH|2023-12-18|2985.84|2980.72|14.87|13.72|2.25|2.25|19.43|6.04|0.58|0.62|3.31|3.66|169.06|3510.46|2712.2|10.26|
|工业富联|601138.SH|2023-12-15|2936.17|2931.14|14.63|13.49|2.21|2.21|19.11|5.94|0.57|0.61|3.37|3.72|166.25|3460.8|2662.53|10.07|
|工业富联|601138.SH|2023-12-14|2979.88|2974.77|14.85|13.69|2.24|2.24|19.39|6.03|0.58|0.62|3.32|3.67|168.72|3504.5|2706.24|10.24|
|工业富联|601138.SH|2023-12-13|2995.77|2990.63|14.92|13.77|2.26|2.26|19.5|6.06|0.59|0.62|3.3|3.65|169.62|3520.4|2722.13|10.3|
|工业富联|601138.SH|2023-12-12|3031.53|3026.33|15.1|13.93|2.28|2.28|19.73|6.14|0.59|0.63|3.26|3.6|171.65|3556.15|2757.89|10.43|
|工业富联|601138.SH|2023-12-11|3097.08|3091.77|15.43|14.23|2.33|2.33|20.16|6.27|0.61|0.65|3.19|3.53|175.36|3621.71|2823.45|10.68|
|工业富联|601138.SH|2023-12-08|3130.86|3125.49|15.6|14.39|2.36|2.36|20.38|6.34|0.61|0.65|3.16|3.49|177.27|3655.48|2857.22|10.81|
|工业富联|601138.SH|2023-12-07|2846.78|2841.89|14.18|13.08|2.14|2.14|18.53|5.76|0.56|0.59|3.47|3.84|161.18|3371.4|2573.14|9.73|
|工业富联|601138.SH|2023-12-06|2830.88|2826.03|14.1|13.01|2.13|2.13|18.42|5.73|0.55|0.59|3.49|3.86|160.28|3355.51|2557.24|9.67|
|工业富联|601138.SH|2023-12-05|2811.02|2806.2|14|12.92|2.12|2.12|18.29|5.69|0.55|0.59|3.52|3.89|159.16|3335.64|2537.38|9.6|
|工业富联|601138.SH|2023-12-04|2936.17|2931.14|14.63|13.49|2.21|2.21|19.11|5.94|0.57|0.61|3.37|3.72|166.25|3460.8|2662.53|10.07|
|工业富联|601138.SH|2023-12-01|3009.68|3004.51|14.99|13.83|2.27|2.27|19.59|6.09|0.59|0.63|3.29|3.63|170.41|3534.3|2736.04|10.35|
|工业富联|601138.SH|2023-11-30|2999.74|2994.6|14.94|13.78|2.26|2.26|19.52|6.07|0.59|0.63|3.3|3.64|169.85|3524.37|2726.1|10.31|
|工业富联|601138.SH|2023-11-29|2969.94|2964.85|14.8|13.65|2.24|2.24|19.33|6.01|0.58|0.62|3.33|3.68|168.16|3494.57|2696.3|10.2|
|工业富联|601138.SH|2023-11-28|3009.68|3004.51|14.99|13.83|2.27|2.27|19.59|6.09|0.59|0.63|3.29|3.63|170.41|3534.3|2736.04|10.35|
|工业富联|601138.SH|2023-11-27|2958.02|2952.95|14.74|13.59|2.23|2.23|19.25|5.99|0.58|0.62|3.34|3.69|167.48|3482.65|2684.38|10.15|
|工业富联|601138.SH|2023-11-24|3059.34|3054.09|15.24|14.06|2.3|2.3|19.91|6.19|0.6|0.64|3.23|3.57|173.22|3583.97|2785.7|10.54|
|工业富联|601138.SH|2023-11-23|3122.91|3117.56|15.56|14.35|2.35|2.35|20.32|6.32|0.61|0.65|3.17|3.5|176.82|3647.54|2849.27|10.78|
|工业富联|601138.SH|2023-11-22|3093.11|3087.81|15.41|14.21|2.33|2.33|20.13|6.26|0.6|0.65|3.2|3.53|175.13|3617.74|2819.47|10.67|
|工业富联|601138.SH|2023-11-21|3170.59|3165.15|15.8|14.57|2.39|2.39|20.63|6.42|0.62|0.66|3.12|3.45|179.52|3695.22|2896.95|10.96|
|工业富联|601138.SH|2023-11-20|3202.37|3196.88|15.95|14.72|2.41|2.41|20.84|6.48|0.63|0.67|3.09|3.41|181.32|3727|2928.73|11.08|
|工业富联|601138.SH|2023-11-17|3248.07|3242.5|16.18|14.93|2.45|2.45|21.14|6.57|0.63|0.68|3.05|3.36|183.91|3772.69|2974.43|11.25|
|工业富联|601138.SH|2023-11-16|3166.62|3161.19|15.78|14.55|2.38|2.38|20.61|6.41|0.62|0.66|3.12|3.45|179.29|3691.24|2892.98|10.94|
|工业富联|601138.SH|2023-11-15|3259.98|3254.39|16.24|14.98|2.45|2.45|21.22|6.6|0.64|0.68|3.03|3.35|184.58|3784.61|2986.35|11.3|
|工业富联|601138.SH|2023-11-14|3252.04|3246.46|16.2|14.94|2.45|2.45|21.16|6.58|0.64|0.68|3.04|3.36|184.13|3776.67|2978.4|11.27|
|工业富联|601138.SH|2023-11-13|3200.39|3194.9|15.94|14.71|2.41|2.41|20.83|6.48|0.63|0.67|3.09|3.41|181.21|3725.01|2926.75|11.07|
|工业富联|601138.SH|2023-11-10|3061.33|3056.08|15.25|14.07|2.31|2.31|19.92|6.2|0.6|0.64|3.23|3.57|173.33|3585.95|2787.69|10.55|
|工业富联|601138.SH|2023-11-09|3097.08|3091.77|15.43|14.23|2.33|2.33|20.16|6.27|0.61|0.65|3.19|3.53|175.36|3621.71|2823.45|10.68|
|工业富联|601138.SH|2023-11-08|3039.47|3034.26|15.14|13.97|2.29|2.29|19.78|6.15|0.59|0.63|3.25|3.59|172.1|3564.1|2765.83|10.46|
|工业富联|601138.SH|2023-11-07|3057.35|3052.11|15.23|14.05|2.3|2.3|19.9|6.19|0.6|0.64|3.24|3.57|173.11|3581.98|2783.71|10.53|
|工业富联|601138.SH|2023-11-06|2973.92|2968.82|14.82|13.67|2.24|2.24|19.35|6.02|0.58|0.62|3.33|3.67|168.38|3498.54|2700.28|10.21|
|工业富联|601138.SH|2023-11-03|2930.21|2925.19|14.6|13.46|2.21|2.21|19.07|5.93|0.57|0.61|3.38|3.73|165.91|3454.84|2656.57|10.05|
|工业富联|601138.SH|2023-11-02|2900.41|2895.44|14.45|13.33|2.18|2.18|18.88|5.87|0.57|0.6|3.41|3.77|164.22|3425.04|2626.77|9.94|
|工业富联|601138.SH|2023-11-01|2886.51|2881.56|14.38|13.26|2.17|2.17|18.79|5.84|0.56|0.6|3.43|3.78|163.43|3411.13|2612.87|9.88|
|工业富联|601138.SH|2023-10-31|2924.25|2919.24|14.57|13.44|2.2|2.2|19.03|5.92|0.57|0.61|3.38|3.74|165.57|3448.88|2650.61|10.03|
|工业富联|601138.SH|2023-10-30|2900.41|2895.44|14.45|14.24|2.29|2.29|18.88|6.13|0.57|0.59|3.41|3.77|366.94|3404.82|2567.79|9.71|
|工业富联|601138.SH|2023-10-27|2795.12|2790.33|13.92|13.73|2.21|2.21|18.19|5.9|0.55|0.57|3.54|3.91|353.62|3299.54|2462.5|9.32|
|工业富联|601138.SH|2023-10-26|2747.45|2742.73|13.69|13.49|2.17|2.17|17.88|5.8|0.54|0.56|3.6|3.98|347.59|3251.86|2414.82|9.14|
|工业富联|601138.SH|2023-10-25|2689.84|2685.22|13.4|13.21|2.13|2.12|17.51|5.68|0.53|0.55|3.68|4.06|340.3|3194.25|2357.21|8.92|
|工业富联|601138.SH|2023-10-24|2733.54|2728.85|13.62|13.42|2.16|2.16|17.79|5.77|0.53|0.55|3.62|4|345.83|3237.95|2400.91|9.08|
|工业富联|601138.SH|2023-10-23|2890.48|2885.52|14.4|14.2|2.28|2.28|18.81|6.1|0.56|0.59|3.42|3.78|365.68|3394.89|2557.85|9.68|
|工业富联|601138.SH|2023-10-20|3212.31|3206.8|16|15.78|2.54|2.54|20.91|6.78|0.63|0.65|3.08|3.4|406.4|3716.72|2879.68|10.89|
|工业富联|601138.SH|2023-10-19|3283.82|3278.19|16.36|16.13|2.6|2.59|21.37|6.93|0.64|0.67|3.01|3.33|415.45|3788.23|2951.2|11.16|
|工业富联|601138.SH|2023-10-18|3361.3|3355.54|16.75|16.51|2.66|2.65|21.88|7.1|0.66|0.68|2.94|3.25|425.25|3865.71|3028.67|11.46|
|工业富联|601138.SH|2023-10-17|3432.82|3426.93|17.1|16.86|2.71|2.71|22.34|7.25|0.67|0.7|2.88|3.18|434.3|3937.23|3100.19|11.73|
|工业富联|601138.SH|2023-10-16|3460.63|3454.7|17.24|17|2.74|2.73|22.52|7.31|0.68|0.7|2.86|3.16|437.81|3965.04|3128|11.83|
|工业富联|601138.SH|2023-10-13|3552.01|3545.92|17.7|17.44|2.81|2.8|23.12|7.5|0.69|0.72|2.78|3.08|449.37|4056.42|3219.39|12.18|
|工业富联|601138.SH|2023-10-12|3724.85|3718.46|18.56|18.29|2.94|2.94|24.24|7.87|0.73|0.76|2.66|2.93|471.24|4229.26|3392.22|12.83|
|工业富联|601138.SH|2023-10-11|3808.28|3801.75|18.97|18.7|3.01|3.01|24.78|8.04|0.74|0.77|2.6|2.87|481.8|4312.69|3475.66|13.15|
|工业富联|601138.SH|2023-10-10|3746.68|3740.25|18.67|18.4|2.96|2.96|24.38|7.91|0.73|0.76|2.64|2.92|474|4251.09|3414.05|12.92|
|工业富联|601138.SH|2023-10-09|3826.14|3819.58|19.06|18.79|3.02|3.02|24.9|8.08|0.75|0.78|2.59|2.86|484.06|4330.55|3493.51|13.22|
|工业富联|601138.SH|2023-09-28|3913.55|3906.84|19.5|19.22|3.09|3.09|25.47|8.26|0.76|0.79|2.53|2.79|495.11|4417.96|3580.92|13.55|
|工业富联|601138.SH|2023-09-27|3933.42|3926.36|19.6|19.32|3.11|3.11|25.6|8.31|0.77|0.8|2.51|2.78|497.63|4437.83|3600.79|13.62|
|工业富联|601138.SH|2023-09-26|3919.51|3912.48|19.53|19.25|3.1|3.09|25.51|8.28|0.77|0.79|2.52|2.79|495.87|4423.92|3586.88|13.57|
|工业富联|601138.SH|2023-09-25|3832.1|3825.22|19.09|18.82|3.03|3.03|24.94|8.09|0.75|0.78|2.58|2.85|484.81|4336.51|3499.47|13.24|
|工业富联|601138.SH|2023-09-22|3961.23|3954.12|19.73|19.45|3.13|3.13|25.78|8.37|0.77|0.8|2.5|2.76|501.15|4465.64|3628.6|13.73|
|工业富联|601138.SH|2023-09-21|3637.42|3630.89|18.12|17.86|2.88|2.87|23.67|7.68|0.71|0.74|2.72|3|460.18|4141.83|3304.79|12.5|
|工业富联|601138.SH|2023-09-20|3655.3|3648.74|18.21|17.95|2.89|2.89|23.79|7.72|0.71|0.74|2.71|2.99|462.44|4159.71|3322.67|12.57|
|工业富联|601138.SH|2023-09-19|3671.19|3664.6|18.29|18.03|2.9|2.9|23.89|7.75|0.72|0.74|2.69|2.98|464.45|4175.6|3338.56|12.63|
|工业富联|601138.SH|2023-09-18|3635.43|3628.91|18.11|17.85|2.87|2.87|23.66|7.68|0.71|0.74|2.72|3.01|459.93|4139.84|3302.8|12.49|
|工业富联|601138.SH|2023-09-15|3601.66|3595.2|17.94|17.69|2.85|2.84|23.44|7.61|0.7|0.73|2.75|3.03|455.66|4106.07|3269.03|12.37|
|工业富联|601138.SH|2023-09-14|3693.04|3686.41|18.4|18.14|2.92|2.92|24.03|7.8|0.72|0.75|2.68|2.96|467.22|4197.45|3360.41|12.71|
|工业富联|601138.SH|2023-09-13|3746.68|3739.96|18.67|18.4|2.96|2.96|24.38|7.91|0.73|0.76|2.64|2.92|474|4251.09|3414.05|12.92|
|工业富联|601138.SH|2023-09-12|3830.11|3823.24|19.08|18.81|3.03|3.02|24.93|8.09|0.75|0.78|2.58|2.85|484.56|4334.52|3497.49|13.23|
|工业富联|601138.SH|2023-09-11|3865.87|3858.94|19.26|18.99|3.06|3.05|25.16|8.16|0.76|0.78|2.56|2.83|489.08|4370.28|3533.25|13.37|
|工业富联|601138.SH|2023-09-08|3790.52|3783.58|18.88|18.62|3|2.99|24.67|8.01|0.74|0.77|2.61|2.88|479.55|4294.93|3457.89|13.08|
|工业富联|601138.SH|2023-09-07|3814.36|3807.38|19|18.73|3.01|3.01|24.82|8.06|0.75|0.77|2.59|2.86|482.56|4318.77|3481.73|13.17|
|工业富联|601138.SH|2023-09-06|4017|4009.64|20.01|19.73|3.17|3.17|26.14|8.48|0.78|0.81|2.46|2.72|508.2|4521.41|3684.37|13.94|
|工业富联|601138.SH|2023-09-05|4034.88|4027.49|20.1|19.82|3.19|3.19|26.26|8.52|0.79|0.82|2.45|2.71|510.46|4539.29|3702.25|14.01|
|工业富联|601138.SH|2023-09-04|4169.97|4162.34|20.77|20.48|3.3|3.29|27.14|8.81|0.81|0.85|2.37|2.62|527.55|4674.38|3837.34|14.52|
|工业富联|601138.SH|2023-09-01|4221.62|4213.89|21.03|20.73|3.34|3.33|27.47|8.92|0.82|0.86|2.34|2.59|534.09|4726.03|3888.99|14.71|
|工业富联|601138.SH|2023-08-31|4352.74|4344.77|21.68|21.38|3.44|3.44|28.33|9.19|0.85|0.88|2.27|2.51|550.68|4857.15|4020.11|15.21|
|工业富联|601138.SH|2023-08-30|4330.89|4322.96|21.58|21.27|3.42|3.42|28.19|9.15|0.85|0.88|2.28|2.52|547.91|4835.3|3998.26|15.13|
|工业富联|601138.SH|2023-08-29|4289.17|4281.32|21.37|21.06|3.39|3.39|27.91|9.06|0.84|0.87|2.31|2.55|542.63|4793.58|3956.54|14.97|
|工业富联|601138.SH|2023-08-28|4108.38|4100.86|20.47|20.18|3.25|3.24|26.74|8.68|0.8|0.83|2.41|2.66|519.76|4612.79|3775.76|14.28|
|工业富联|601138.SH|2023-08-25|4036.86|4029.47|20.11|19.82|3.19|3.19|26.27|8.53|0.79|0.82|2.45|2.71|510.71|4541.27|3704.24|14.01|
|工业富联|601138.SH|2023-08-24|4456.05|4447.89|22.2|21.88|3.52|3.52|29|9.41|0.87|0.9|2.22|2.45|563.75|4960.46|4123.42|15.6|
|工业富联|601138.SH|2023-08-23|4239.5|4231.74|21.12|20.82|3.35|3.35|27.59|8.95|0.83|0.86|2.33|2.58|536.35|4743.91|3906.87|14.78|
|工业富联|601138.SH|2023-08-22|4460.02|4451.86|22.22|21.9|3.53|3.52|29.03|9.42|0.87|0.9|2.22|2.45|564.25|4964.43|4127.39|15.61|
|工业富联|601138.SH|2023-08-21|4054.74|4047.32|20.2|19.91|3.2|3.2|26.39|8.56|0.79|0.82|2.44|2.69|512.98|4559.15|3722.12|14.08|
|工业富联|601138.SH|2023-08-18|3993.16|3985.85|19.89|19.61|3.16|3.15|25.99|8.43|0.78|0.81|2.48|2.74|505.19|4497.57|3660.53|13.85|
|工业富联|601138.SH|2023-08-17|4154.08|4146.47|20.69|20.4|3.28|3.28|27.03|8.77|0.81|0.84|2.38|2.63|525.54|4658.49|3821.45|14.46|
|工业富联|601138.SH|2023-08-16|4150.1|4137.32|20.68|20.38|3.28|3.28|27.01|8.76|0.81|0.84|2.38|2.63|525.04|4654.51|3817.48|14.44|
|工业富联|601138.SH|2023-08-15|4249.43|4236.35|21.17|20.87|3.36|3.36|27.66|8.97|0.83|0.86|2.33|2.57|537.61|4753.85|3916.81|14.82|
|工业富联|601138.SH|2023-08-14|4251.42|4238.33|21.18|20.88|3.36|3.36|27.67|8.98|0.83|0.86|2.33|2.57|537.86|4755.83|3918.79|14.82|
|工业富联|601138.SH|2023-08-11|4271.29|4258.14|21.28|20.98|3.38|3.38|27.8|9.02|0.83|0.87|2.32|2.56|540.37|4775.7|3938.66|14.9|
|工业富联|601138.SH|2023-08-10|4271.29|4258.14|21.28|20.98|3.38|3.38|27.8|9.02|0.83|0.87|2.32|2.56|540.37|4775.7|3938.66|14.9|
|工业富联|601138.SH|2023-08-09|4420.29|4406.68|22.02|21.71|3.49|3.49|28.77|9.34|0.86|0.9|2.24|2.47|559.22|4924.7|4087.66|15.46|
|工业富联|601138.SH|2023-08-08|4803.71|4788.92|23.93|24.08|3.63|3.96|31.26|13.94|0.94|0.94|2.06|2.27|567.47|5305.81|4503.33|17.04|
|工业富联|601138.SH|2023-08-07|4962.64|4947.36|24.72|24.88|3.75|4.09|32.3|14.4|0.97|0.97|1.99|2.2|586.25|5464.74|4662.26|17.64|
|工业富联|601138.SH|2023-08-04|4722.26|4707.72|23.53|23.68|3.57|3.89|30.73|13.71|0.92|0.92|2.09|2.31|557.85|5224.36|4421.87|16.73|
|工业富联|601138.SH|2023-08-03|4469.95|4456.19|22.27|22.41|3.38|3.69|29.09|12.97|0.87|0.87|2.21|2.44|528.05|4972.05|4169.57|15.77|
|工业富联|601138.SH|2023-08-02|4434.19|4420.54|22.09|22.23|3.35|3.66|28.86|12.87|0.87|0.86|2.23|2.46|523.82|4936.29|4133.81|15.64|
|工业富联|601138.SH|2023-08-01|4503.73|4489.86|22.44|22.58|3.41|3.71|29.31|13.07|0.88|0.88|2.2|2.43|532.04|5005.83|4203.34|15.9|
|工业富联|601138.SH|2023-07-31|4436.18|4422.52|22.1|22.24|3.36|3.66|28.87|12.88|0.87|0.87|2.23|2.46|524.06|4938.28|4135.8|15.65|
|工业富联|601138.SH|2023-07-28|4422.27|4408.66|22.03|22.17|3.35|3.65|28.78|12.84|0.86|0.86|2.24|2.47|522.41|4924.37|4121.89|15.59|
|工业富联|601138.SH|2023-07-27|4505.71|4491.84|22.45|22.59|3.41|3.41|29.32|13.08|0.88|0.88|2.2|2.2|532.27|5007.81|4205.33|15.91|
|工业富联|601138.SH|2023-07-26|4618.95|4604.73|23.01|23.16|3.49|3.49|30.06|13.41|0.9|0.9|2.14|2.14|545.65|5121.05|4318.57|16.34|
|工业富联|601138.SH|2023-07-25|4767.95|4753.27|23.75|23.9|3.61|3.61|31.03|13.84|0.93|0.93|2.07|2.07|563.25|5270.05|4467.57|16.9|
|工业富联|601138.SH|2023-07-24|4700.4|4685.93|23.42|23.57|3.56|3.56|30.59|13.64|0.92|0.92|2.1|2.1|555.27|5202.5|4400.02|16.64|
|工业富联|601138.SH|2023-07-21|4577.23|4563.14|22.8|22.95|3.46|3.46|29.79|13.29|0.89|0.89|2.16|2.16|540.72|5079.33|4276.85|16.18|
|工业富联|601138.SH|2023-07-20|4618.95|4604.73|23.01|23.16|3.49|3.49|30.06|13.41|0.9|0.9|2.14|2.14|545.65|5121.05|4318.57|16.34|
|工业富联|601138.SH|2023-07-19|4984.49|4969.15|24.83|24.99|3.77|3.77|32.44|14.47|0.97|0.97|1.98|1.98|588.83|5486.59|4684.11|17.72|
|工业富联|601138.SH|2023-07-18|5071.91|5056.29|25.27|25.43|3.84|3.84|33.01|14.72|0.99|0.99|1.95|1.95|599.16|5574.01|4771.52|18.05|
|工业富联|601138.SH|2023-07-17|5187.13|5171.16|25.84|26.01|3.92|3.92|33.76|15.06|1.01|1.01|1.91|1.91|612.77|5689.23|4886.75|18.49|
|工业富联|601138.SH|2023-07-14|5415.6|5398.92|26.98|27.15|4.1|4.1|35.24|15.72|1.06|1.06|1.83|1.83|639.76|5917.7|5115.21|19.35|
|工业富联|601138.SH|2023-07-13|4922.91|4907.75|24.52|24.68|3.72|3.72|32.04|14.29|0.96|0.96|2.01|2.01|581.55|5425.01|4622.53|17.49|
|工业富联|601138.SH|2023-07-12|4475.91|4462.13|22.3|22.44|3.39|3.39|29.13|12.99|0.87|0.87|2.21|2.21|528.75|4978.01|4175.53|15.8|
|工业富联|601138.SH|2023-07-11|4815.63|4800.8|23.99|24.14|3.64|3.64|31.34|13.98|0.94|0.94|2.05|2.05|568.88|5317.73|4515.25|17.08|
|工业富联|601138.SH|2023-07-10|4728.22|4713.66|23.55|23.71|3.58|3.58|30.77|13.72|0.92|0.92|2.09|2.09|558.55|5230.32|4427.83|16.75|
|工业富联|601138.SH|2023-07-07|4700.4|4685.93|23.42|23.57|3.56|3.56|30.59|13.64|0.92|0.92|2.1|2.1|555.27|5202.5|4400.02|16.64|
|工业富联|601138.SH|2023-07-06|4744.11|4729.5|23.63|23.79|3.59|3.59|30.87|13.77|0.93|0.93|2.08|2.08|560.43|5246.21|4443.73|16.81|
|工业富联|601138.SH|2023-07-05|4740.14|4725.54|23.61|23.77|3.59|3.59|30.85|13.76|0.93|0.92|2.09|2.09|559.96|5242.24|4439.75|16.8|
|工业富联|601138.SH|2023-07-04|4882.3|4867.26|24.32|24.48|3.69|3.69|31.77|14.17|0.95|0.95|2.03|2.03|576.76|5384.4|4581.92|17.33|
|工业富联|601138.SH|2023-07-03|4840.59|4825.68|24.11|24.27|3.66|3.66|31.5|14.05|0.95|0.94|2.04|2.04|571.83|5342.69|4540.21|17.18|
|工业富联|601138.SH|2023-06-30|5005.45|4990.03|24.94|25.1|3.79|3.79|32.58|14.53|0.98|0.98|1.98|1.98|591.31|5507.55|4705.07|17.8|
|工业富联|601138.SH|2023-06-29|4727.37|4712.81|23.55|23.7|3.58|3.58|30.77|13.72|0.92|0.92|2.09|2.09|558.45|5229.47|4426.99|16.75|
|工业富联|601138.SH|2023-06-28|4564.49|4550.44|22.74|22.88|3.45|3.45|29.71|13.25|0.89|0.89|2.17|2.17|539.21|5066.59|4264.11|16.13|
|工业富联|601138.SH|2023-06-27|4570.45|4556.38|22.77|22.91|3.46|3.46|29.74|13.27|0.89|0.89|2.16|2.16|539.92|5072.55|4270.07|16.15|
|工业富联|601138.SH|2023-06-26|4586.34|4571.54|22.85|22.99|3.47|3.47|29.85|13.31|0.9|0.89|2.16|2.16|541.8|5088.44|4285.96|16.21|
|工业富联|601138.SH|2023-06-21|4866.41|4850.71|24.24|24.4|3.68|3.68|31.67|14.12|0.95|0.95|2.03|2.03|574.88|5368.51|4566.03|17.27|
|工业富联|601138.SH|2023-06-20|5170.31|5153.63|25.76|25.92|3.91|3.91|33.65|15.01|1.01|1.01|1.91|1.91|610.78|5672.41|4869.93|18.42|
|工业富联|601138.SH|2023-06-19|5255.72|5238.76|26.18|26.35|3.98|3.98|34.2|15.25|1.03|1.03|1.88|1.88|620.87|5757.82|4955.34|18.75|
|工业富联|601138.SH|2023-06-16|4779.01|4763.59|23.81|23.96|3.62|3.62|31.1|13.87|0.93|0.93|2.07|2.07|564.56|5281.11|4478.63|16.94|
|工业富联|601138.SH|2023-06-15|4496.96|4482.45|22.4|22.55|3.4|3.4|29.27|13.05|0.88|0.88|2.2|2.2|531.24|4999.06|4196.58|15.88|
|工业富联|601138.SH|2023-06-14|4526.75|4512.15|22.55|22.7|3.42|3.42|29.46|13.14|0.88|0.88|2.19|2.19|534.76|5028.85|4226.37|15.99|
|工业富联|601138.SH|2023-06-13|4373.81|4359.7|21.79|21.93|3.31|3.31|28.46|12.7|0.85|0.85|2.26|2.26|516.69|4875.91|4073.43|15.41|
|工业富联|601138.SH|2023-06-12|4240.73|4227.04|21.13|21.26|3.21|3.21|27.6|12.31|0.83|0.83|2.33|2.33|500.97|4742.83|3940.35|14.91|
|工业富联|601138.SH|2023-06-09|3901.07|3888.48|19.43|19.56|2.95|2.95|25.39|11.32|0.76|0.76|2.54|2.54|460.84|4403.17|3600.69|13.62|
|工业富联|601138.SH|2023-06-08|3545.53|3534.09|17.66|17.78|2.68|2.68|23.07|10.29|0.69|0.69|2.79|2.79|418.84|4047.63|3245.14|12.28|
|工业富联|601138.SH|2023-06-07|3581.28|3569.72|17.84|17.96|2.71|2.71|23.31|10.39|0.7|0.7|2.76|2.76|423.06|4083.38|3280.9|12.41|
|工业富联|601138.SH|2023-06-06|3619.02|3607.34|18.03|18.14|2.74|2.74|23.55|10.5|0.71|0.71|2.73|2.73|427.52|4121.12|3318.64|12.55|
|工业富联|601138.SH|2023-06-05|3760.05|3747.91|18.73|18.85|2.84|2.84|24.47|10.91|0.73|0.73|2.63|2.63|444.18|4262.15|3459.66|13.09|
|工业富联|601138.SH|2023-06-02|3541.55|3530.13|17.64|17.76|2.68|2.68|23.05|10.28|0.69|0.69|2.79|2.79|418.37|4043.66|3241.17|12.26|
|工业富联|601138.SH|2023-06-01|3559.43|3547.94|17.73|17.85|2.69|2.69|23.16|10.33|0.7|0.69|2.78|2.78|420.48|4061.53|3259.05|12.33|
|工业富联|601138.SH|2023-05-31|3585.25|3573.68|17.86|17.98|2.71|2.71|23.33|10.41|0.7|0.7|2.76|2.76|423.53|4087.35|3284.87|12.43|
|工业富联|601138.SH|2023-05-30|3581.28|3569.72|17.84|17.96|2.71|2.71|23.31|10.39|0.7|0.7|2.76|2.76|423.06|4083.38|3280.9|12.41|
|工业富联|601138.SH|2023-05-29|3555.46|3543.98|17.71|17.83|2.69|2.69|23.14|10.32|0.69|0.69|2.78|2.78|420.01|4057.56|3255.08|12.31|
|工业富联|601138.SH|2023-05-26|3334.98|3324.22|16.61|16.72|2.52|2.52|21.7|9.68|0.65|0.65|2.97|2.97|393.97|3837.08|3034.6|11.48|
|工业富联|601138.SH|2023-05-25|3237.65|3227.2|16.13|16.23|2.45|2.45|21.07|9.4|0.63|0.63|3.06|3.06|382.47|3739.75|2937.27|11.11|
|工业富联|601138.SH|2023-05-24|2943.68|2934.18|14.66|14.76|2.23|2.23|19.16|8.54|0.58|0.57|3.36|3.36|347.74|3445.78|2643.3|10|
|工业富联|601138.SH|2023-05-23|3025.12|3015.36|15.07|15.17|2.29|2.29|19.69|8.78|0.59|0.59|3.27|3.27|357.36|3527.22|2724.74|10.31|
|工业富联|601138.SH|2023-05-22|3060.87|3050.99|15.25|15.35|2.32|2.32|19.92|8.88|0.6|0.6|3.23|3.23|361.59|3562.97|2760.49|10.44|
|工业富联|601138.SH|2023-05-19|3209.84|3199.49|15.99|16.09|2.43|2.43|20.89|9.32|0.63|0.63|3.08|3.08|379.19|3711.95|2909.46|11.01|
|工业富联|601138.SH|2023-05-18|3247.58|3237.1|16.18|16.28|2.46|2.46|21.14|9.43|0.63|0.63|3.05|3.05|383.64|3749.68|2947.2|11.15|
|工业富联|601138.SH|2023-05-17|3088.68|3078.71|15.39|15.49|2.34|2.34|20.1|8.96|0.6|0.6|3.2|3.2|364.87|3590.78|2788.3|10.55|
|工业富联|601138.SH|2023-05-16|2935.74|2926.26|14.63|14.72|2.22|2.22|19.11|8.52|0.57|0.57|3.37|3.37|346.81|3437.84|2635.35|9.97|
|工业富联|601138.SH|2023-05-15|3003.27|2993.58|14.96|15.06|2.27|2.27|19.55|8.72|0.59|0.59|3.29|3.29|354.78|3505.37|2702.89|10.22|
|工业富联|601138.SH|2023-05-12|2852.31|2843.11|14.21|14.3|2.16|2.16|18.56|8.28|0.56|0.56|3.47|3.47|336.95|3354.41|2551.93|9.65|
|工业富联|601138.SH|2023-05-11|2872.17|2862.91|14.31|14.4|2.17|2.17|18.69|8.34|0.56|0.56|3.44|3.44|339.3|3374.28|2571.79|9.73|
|工业富联|601138.SH|2023-05-10|2899.98|2890.62|14.45|14.54|2.19|2.19|18.87|8.42|0.57|0.57|3.41|3.41|342.58|3402.08|2599.6|9.83|
|工业富联|601138.SH|2023-05-09|2919.85|2910.42|14.55|14.64|2.21|2.21|19|8.47|0.57|0.57|3.39|3.39|344.93|3421.95|2619.46|9.91|
|工业富联|601138.SH|2023-05-08|2915.87|2906.46|14.53|14.62|2.21|2.21|18.98|8.46|0.57|0.57|3.39|3.39|344.46|3417.97|2615.49|9.89|
|工业富联|601138.SH|2023-05-05|2933.75|2924.28|14.62|14.71|2.22|2.22|19.09|8.52|0.57|0.57|3.37|3.37|346.57|3435.85|2633.37|9.96|
|工业富联|601138.SH|2023-05-04|3054.91|3045.06|15.22|15.32|2.31|2.31|19.88|8.87|0.6|0.6|3.24|3.24|360.88|3557.01|2754.53|10.42|
|工业富联|601138.SH|2023-04-28|3201.9|3191.57|15.95|16.05|2.42|2.42|20.84|9.29|0.63|0.62|3.09|3.09|378.25|3704|2901.52|10.98|
|工业富联|601138.SH|2023-04-27|3197.93|3187.61|15.93|15.93|2.48|2.48|20.81|20.81|0.62|0.62|3.09|3.09|623.89|3791.44|3097.14|11.72|
|工业富联|601138.SH|2023-04-26|3307.17|3296.5|16.48|16.48|2.56|2.56|21.52|21.52|0.65|0.65|2.99|2.99|645.2|3900.68|3206.39|12.13|
|工业富联|601138.SH|2023-04-25|3674.64|3662.78|18.31|18.31|2.85|2.85|23.91|23.91|0.72|0.72|2.69|2.69|716.89|4268.15|3573.85|13.52|
|工业富联|601138.SH|2023-04-24|3640.87|3629.12|18.14|18.14|2.82|2.82|23.69|23.69|0.71|0.71|2.72|2.72|710.3|4234.38|3540.08|13.39|
|工业富联|601138.SH|2023-04-21|3732.24|3720.19|18.59|18.59|2.89|2.89|24.29|24.29|0.73|0.73|2.65|2.65|728.13|4325.75|3631.45|13.74|
|工业富联|601138.SH|2023-04-20|3773.95|3761.77|18.8|18.8|2.93|2.93|24.56|24.56|0.74|0.74|2.62|2.62|736.27|4367.46|3673.16|13.9|
|工业富联|601138.SH|2023-04-19|3430.32|3419.25|17.09|17.09|2.66|2.66|22.32|22.32|0.67|0.67|2.88|2.88|669.23|4023.83|3329.54|12.6|
|工业富联|601138.SH|2023-04-18|3811.69|3799.39|18.99|18.99|2.96|2.95|24.81|24.81|0.74|0.74|2.59|2.59|743.63|4405.2|3710.9|14.04|
|工业富联|601138.SH|2023-04-17|3561.42|3549.92|17.74|17.74|2.76|2.76|23.18|23.18|0.7|0.7|2.78|2.78|694.8|4154.93|3460.63|13.09|
|工业富联|601138.SH|2023-04-14|3589.22|3577.64|17.88|17.88|2.78|2.78|23.36|23.36|0.7|0.7|2.76|2.76|700.23|4182.74|3488.44|13.2|
|工业富联|601138.SH|2023-04-13|3507.79|3496.47|17.48|17.48|2.72|2.72|22.83|22.83|0.69|0.69|2.82|2.82|684.34|4101.3|3407|12.89|
|工业富联|601138.SH|2023-04-12|3658.75|3646.94|18.23|18.23|2.84|2.84|23.81|23.81|0.71|0.71|2.7|2.7|713.79|4252.26|3557.96|13.46|
|工业富联|601138.SH|2023-04-11|3446.21|3435.09|17.17|17.17|2.67|2.67|22.43|22.43|0.67|0.67|2.87|2.87|672.33|4039.72|3345.43|12.66|
|工业富联|601138.SH|2023-04-10|3470.05|3458.85|17.29|17.29|2.69|2.69|22.58|22.58|0.68|0.68|2.85|2.85|676.98|4063.56|3369.26|12.75|
|工业富联|601138.SH|2023-04-07|3648.81|3637.04|18.18|18.18|2.83|2.83|23.75|23.75|0.71|0.71|2.71|2.71|711.85|4242.33|3548.03|13.42|
|工业富联|601138.SH|2023-04-06|3773.95|3761.77|18.8|18.8|2.93|2.93|24.56|24.56|0.74|0.74|2.62|2.62|736.27|4367.46|3673.16|13.9|
|工业富联|601138.SH|2023-04-04|3457.56|3446.4|17.22|17.22|2.68|2.68|22.5|22.5|0.68|0.68|2.86|2.86|674.54|4051.07|3356.77|12.7|
|工业富联|601138.SH|2023-04-03|3527.06|3515.68|17.57|17.57|2.73|2.73|22.95|22.95|0.69|0.69|2.8|2.8|688.1|4120.58|3426.28|12.96|
|工业富联|601138.SH|2023-03-31|3419.82|3408.78|17.04|17.04|2.65|2.65|22.26|22.26|0.67|0.67|2.89|2.89|667.18|4013.33|3319.04|12.56|
|工业富联|601138.SH|2023-03-30|3352.3|3341.48|16.7|16.7|2.6|2.6|21.82|21.82|0.65|0.65|2.95|2.95|654|3945.81|3251.51|12.3|
|工业富联|601138.SH|2023-03-29|3209.31|3198.95|15.99|15.99|2.49|2.49|20.89|20.89|0.63|0.63|3.08|3.08|626.11|3802.82|3108.52|11.76|
|工业富联|601138.SH|2023-03-28|3266.9|3256.36|16.28|16.28|2.53|2.53|21.26|21.26|0.64|0.64|3.03|3.03|637.34|3860.42|3166.12|11.98|
|工业富联|601138.SH|2023-03-27|3501.25|3489.95|17.44|17.44|2.71|2.71|22.79|22.79|0.68|0.68|2.83|2.83|683.06|4094.76|3400.46|12.86|
|工业富联|601138.SH|2023-03-24|3507.2|3495.88|17.47|17.47|2.72|2.72|22.82|22.82|0.69|0.69|2.82|2.82|684.23|4100.72|3406.42|12.89|
|工业富联|601138.SH|2023-03-23|3374.14|3363.25|16.81|16.81|2.62|2.62|21.96|21.96|0.66|0.66|2.93|2.93|658.27|3967.66|3273.36|12.38|
|工业富联|601138.SH|2023-03-22|3189.45|3179.16|15.89|15.89|2.47|2.47|20.76|20.76|0.62|0.62|3.1|3.1|622.23|3782.96|3088.66|11.68|
|工业富联|601138.SH|2023-03-21|2899.5|2890.14|14.44|14.44|2.25|2.25|18.87|18.87|0.57|0.57|3.41|3.41|565.67|3493.01|2798.71|10.59|
|工业富联|601138.SH|2023-03-20|2955.11|2945.57|14.72|14.72|2.29|2.29|19.23|19.23|0.58|0.58|3.35|3.35|576.52|3548.62|2854.32|10.8|
|工业富联|601138.SH|2023-03-17|2698.92|2690.21|13.45|13.45|2.09|2.09|17.56|17.56|0.53|0.53|3.66|3.66|526.54|3292.43|2598.13|9.83|
|工业富联|601138.SH|2023-03-16|2452.66|2444.74|12.22|12.22|1.9|1.9|15.96|15.96|0.48|0.48|4.03|4.03|478.49|3046.17|2351.87|8.9|
|工业富联|601138.SH|2023-03-15|2397.05|2389.32|11.94|11.94|1.86|1.86|15.6|15.6|0.47|0.47|4.13|4.13|467.64|2990.57|2296.27|8.69|
|工业富联|601138.SH|2023-03-14|2335.49|2327.95|11.67|11.23|1.93|1.93|26.77|40.85|0.53|0.47|4.24|4.24|179.97|3086.93|2370.01|9.48|
|工业富联|601138.SH|2023-03-13|2305.7|2298.26|11.52|11.09|1.91|1.91|26.43|40.33|0.52|0.47|4.29|4.29|177.68|3057.14|2340.22|9.36|
|工业富联|601138.SH|2023-03-10|2154.77|2147.81|10.77|10.36|1.78|1.78|24.7|37.69|0.49|0.44|4.59|4.59|166.05|2906.21|2189.28|8.76|
|工业富联|601138.SH|2023-03-09|2214.34|2207.2|11.07|10.65|1.83|1.83|25.38|38.73|0.5|0.45|4.47|4.47|170.64|2965.79|2248.86|9|
|工业富联|601138.SH|2023-03-08|2099.16|2092.38|10.49|10.09|1.74|1.74|24.06|36.71|0.48|0.42|4.71|4.71|161.76|2850.6|2133.68|8.54|
|工业富联|601138.SH|2023-03-07|2087.24|2080.51|10.43|10.04|1.73|1.73|23.92|36.51|0.47|0.42|4.74|4.74|160.84|2838.69|2121.76|8.49|
|工业富联|601138.SH|2023-03-06|2196.47|2189.38|10.98|10.56|1.82|1.82|25.18|38.42|0.5|0.44|4.5|4.5|169.26|2947.92|2230.99|8.93|
|工业富联|601138.SH|2023-03-03|2258.04|2250.75|11.28|10.86|1.87|1.87|25.88|39.49|0.51|0.46|4.38|4.38|174.01|3009.48|2292.55|9.17|
|工业富联|601138.SH|2023-03-02|2053.48|2046.85|10.26|9.87|1.7|1.7|23.54|35.91|0.47|0.41|4.82|4.82|158.24|2804.93|2088|8.35|
|工业富联|601138.SH|2023-03-01|1978.02|1971.63|9.89|9.51|1.64|1.64|22.67|34.59|0.45|0.4|5|5|152.43|2729.46|2012.53|8.05|
|工业富联|601138.SH|2023-02-28|1906.52|1900.37|9.53|9.17|1.58|1.58|21.85|33.34|0.43|0.38|5.19|5.19|146.92|2657.97|1941.04|7.77|
|工业富联|601138.SH|2023-02-27|1890.63|1884.53|9.45|9.09|1.57|1.57|21.67|33.07|0.43|0.38|5.23|5.23|145.69|2642.08|1925.15|7.7|
|工业富联|601138.SH|2023-02-24|1910.49|1904.33|9.55|9.19|1.58|1.58|21.9|33.41|0.43|0.39|5.18|5.18|147.22|2661.94|1945.01|7.78|
|工业富联|601138.SH|2023-02-23|1926.38|1920.16|9.63|9.26|1.59|1.59|22.08|33.69|0.44|0.39|5.13|5.13|148.45|2677.83|1960.9|7.85|
|工业富联|601138.SH|2023-02-22|1936.31|1930.06|9.68|9.31|1.6|1.6|22.19|33.87|0.44|0.39|5.11|5.11|149.21|2687.75|1970.83|7.89|
|工业富联|601138.SH|2023-02-21|1962.13|1955.8|9.81|9.43|1.62|1.62|22.49|34.32|0.45|0.4|5.04|5.04|151.2|2713.57|1996.65|7.99|
|工业富联|601138.SH|2023-02-20|1968.09|1961.73|9.84|9.46|1.63|1.63|22.56|34.42|0.45|0.4|5.03|5.03|151.66|2719.53|2002.6|8.01|
|工业富联|601138.SH|2023-02-17|1928.37|1922.14|9.64|9.27|1.6|1.6|22.1|33.73|0.44|0.39|5.13|5.13|148.6|2679.81|1962.89|7.85|
|工业富联|601138.SH|2023-02-16|1964.11|1957.77|9.82|9.44|1.63|1.63|22.51|34.35|0.45|0.4|5.04|5.04|151.36|2715.56|1998.63|8|
|工业富联|601138.SH|2023-02-15|1995.89|1989.45|9.97|9.6|1.65|1.65|22.88|34.91|0.45|0.4|4.96|4.96|153.8|2747.33|2030.41|8.12|
|工业富联|601138.SH|2023-02-14|1926.38|1920.16|9.63|9.26|1.59|1.59|22.08|33.69|0.44|0.39|5.13|5.13|148.45|2677.83|1960.9|7.85|
|工业富联|601138.SH|2023-02-13|1918.44|1912.24|9.59|9.22|1.59|1.59|21.99|33.55|0.44|0.39|5.16|5.16|147.84|2669.88|1952.96|7.81|
|工业富联|601138.SH|2023-02-10|1942.27|1936|9.71|9.34|1.61|1.61|22.26|33.97|0.44|0.39|5.09|5.09|149.67|2693.71|1976.79|7.91|
|工业富联|601138.SH|2023-02-09|1876.73|1870.67|9.38|9.02|1.55|1.55|21.51|32.82|0.43|0.38|5.27|5.27|144.62|2628.18|1911.25|7.65|
|工业富联|601138.SH|2023-02-08|1839|1833.06|9.19|8.84|1.52|1.52|21.08|32.16|0.42|0.37|5.38|5.38|141.71|2590.44|1873.52|7.5|
|工业富联|601138.SH|2023-02-07|1840.98|1835.04|9.2|8.85|1.52|1.52|21.1|32.2|0.42|0.37|5.37|5.37|141.87|2592.43|1875.5|7.5|
|工业富联|601138.SH|2023-02-06|1852.9|1846.92|9.26|8.91|1.53|1.53|21.24|32.41|0.42|0.37|5.34|5.34|142.79|2604.34|1887.42|7.55|
|工业富联|601138.SH|2023-02-03|1858.86|1852.86|9.29|8.94|1.54|1.54|21.31|32.51|0.42|0.38|5.32|5.32|143.25|2610.3|1893.38|7.58|
|工业富联|601138.SH|2023-02-02|1896.59|1890.47|9.48|9.12|1.57|1.57|21.74|33.17|0.43|0.38|5.22|5.22|146.15|2648.04|1931.11|7.73|
|工业富联|601138.SH|2023-02-01|1902.55|1896.41|9.51|9.15|1.58|1.58|21.81|33.27|0.43|0.38|5.2|5.2|146.61|2653.99|1937.07|7.75|
|工业富联|601138.SH|2023-01-31|1888.65|1882.55|9.44|9.08|1.56|1.56|21.65|33.03|0.43|0.38|5.24|5.24|145.54|2640.09|1923.17|7.69|
|工业富联|601138.SH|2023-01-30|1914.46|1908.29|9.57|9.2|1.59|1.59|21.94|33.48|0.44|0.39|5.17|5.17|147.53|2665.91|1948.98|7.8|
|工业富联|601138.SH|2023-01-20|1892.62|1886.51|9.46|9.1|1.57|1.57|21.69|33.1|0.43|0.38|5.23|5.23|145.85|2644.06|1927.14|7.71|
|工业富联|601138.SH|2023-01-19|1892.62|1886.51|9.46|9.1|1.57|1.57|21.69|33.1|0.43|0.38|5.23|5.23|145.85|2644.06|1927.14|7.71|
|工业富联|601138.SH|2023-01-18|1892.62|1886.51|9.46|9.1|1.57|1.57|21.69|33.1|0.43|0.38|5.23|5.23|145.85|2644.06|1927.14|7.71|
|工业富联|601138.SH|2023-01-17|1890.63|1884.53|9.45|9.09|1.57|1.57|21.67|33.07|0.43|0.38|5.23|5.23|145.69|2642.08|1925.15|7.7|
|工业富联|601138.SH|2023-01-16|1886.66|1880.57|9.43|9.07|1.56|1.56|21.62|33|0.43|0.38|5.24|5.24|145.39|2638.11|1921.18|7.69|
|工业富联|601138.SH|2023-01-13|1872.76|1866.72|9.36|9|1.55|1.55|21.47|32.75|0.43|0.38|5.28|5.28|144.32|2624.2|1907.28|7.63|
|工业富联|601138.SH|2023-01-12|1850.91|1844.94|9.25|8.9|1.53|1.53|21.21|32.37|0.42|0.37|5.34|5.34|142.63|2602.36|1885.43|7.54|
|工业富联|601138.SH|2023-01-11|1858.86|1852.86|9.29|8.94|1.54|1.54|21.31|32.51|0.42|0.38|5.32|5.32|143.25|2610.3|1893.38|7.58|
|工业富联|601138.SH|2023-01-10|1866.8|1860.78|9.33|8.98|1.55|1.55|21.4|32.65|0.42|0.38|5.3|5.3|143.86|2618.25|1901.32|7.61|
|工业富联|601138.SH|2023-01-09|1888.65|1882.55|9.44|9.08|1.56|1.56|21.65|33.03|0.43|0.38|5.24|5.24|145.54|2640.09|1923.17|7.69|
|工业富联|601138.SH|2023-01-06|1862.83|1856.82|9.31|8.96|1.54|1.54|21.35|32.58|0.42|0.38|5.31|5.31|143.55|2614.27|1897.35|7.59|
|工业富联|601138.SH|2023-01-05|1884.68|1878.59|9.42|9.06|1.56|1.56|21.6|32.96|0.43|0.38|5.25|5.25|145.23|2636.12|1919.19|7.68|
|工业富联|601138.SH|2023-01-04|1856.87|1850.88|9.28|8.93|1.54|1.54|21.28|32.48|0.42|0.37|5.33|5.33|143.09|2608.32|1891.39|7.57|
|工业富联|601138.SH|2023-01-03|1848.93|1842.96|9.24|8.89|1.53|1.53|21.19|32.34|0.42|0.37|5.35|5.35|142.48|2600.37|1883.45|7.54|
|工业富联|601138.SH|2022-12-30|1823.11|1817.23|9.11|8.77|1.51|1.51|20.9|31.89|0.41|0.37|2.72|5.43|140.49|2574.56|1857.63|7.43|
|工业富联|601138.SH|2022-12-29|1801.27|1795.45|9|8.66|1.49|1.49|20.65|31.5|0.41|0.36|2.76|5.49|138.81|2552.71|1835.78|7.34|
|工业富联|601138.SH|2022-12-28|1821.12|1815.25|9.1|8.76|1.51|1.51|20.87|31.85|0.41|0.37|2.73|5.43|140.34|2572.57|1855.64|7.42|
|工业富联|601138.SH|2022-12-27|1829.07|1823.17|9.14|8.79|1.51|1.51|20.96|31.99|0.42|0.37|2.72|5.41|140.95|2580.51|1863.59|7.46|
|工业富联|601138.SH|2022-12-26|1819.14|1813.27|9.09|8.75|1.51|1.51|20.85|31.82|0.41|0.37|2.73|5.44|140.18|2570.58|1853.66|7.42|
|工业富联|601138.SH|2022-12-23|1823.24|1817.23|9.11|8.77|1.51|1.51|20.9|31.89|0.41|0.37|2.72|5.42|140.5|2574.69|1857.76|7.43|
|工业富联|601138.SH|2022-12-22|1845.09|1839|9.22|8.87|1.53|1.53|21.15|32.27|0.42|0.37|2.69|5.36|142.18|2596.53|1879.61|7.52|
|工业富联|601138.SH|2022-12-21|1857.01|1850.88|9.28|8.93|1.54|1.54|21.28|32.48|0.42|0.37|2.67|5.33|143.1|2608.45|1891.53|7.57|
|工业富联|601138.SH|2022-12-20|1845.09|1839|9.22|8.87|1.53|1.53|21.15|32.27|0.42|0.37|2.69|5.36|142.18|2596.53|1879.61|7.52|
|工业富联|601138.SH|2022-12-19|1860.98|1854.84|9.3|8.95|1.54|1.54|21.33|32.55|0.42|0.38|2.67|5.31|143.41|2612.42|1895.5|7.58|
|工业富联|601138.SH|2022-12-16|1886.8|1880.57|9.43|9.07|1.56|1.56|21.63|33|0.43|0.38|2.63|5.24|145.4|2638.24|1921.32|7.69|
|工业富联|601138.SH|2022-12-15|1878.85|1872.65|9.39|9.03|1.56|1.56|21.54|32.86|0.43|0.38|2.64|5.26|144.79|2630.3|1913.37|7.66|
|工业富联|601138.SH|2022-12-14|1870.91|1864.74|9.35|9|1.55|1.55|21.44|32.72|0.43|0.38|2.65|5.29|144.17|2622.35|1905.43|7.62|
|工业富联|601138.SH|2022-12-13|1876.87|1870.67|9.38|9.02|1.55|1.55|21.51|32.83|0.43|0.38|2.65|5.27|144.63|2628.31|1911.39|7.65|
|工业富联|601138.SH|2022-12-12|1878.85|1872.65|9.39|9.03|1.56|1.56|21.54|32.86|0.43|0.38|2.64|5.26|144.79|2630.3|1913.37|7.66|
|工业富联|601138.SH|2022-12-09|1878.85|1872.65|9.39|9.03|1.56|1.56|21.54|32.86|0.43|0.38|2.64|5.26|144.79|2630.3|1913.37|7.66|
|工业富联|601138.SH|2022-12-08|1870.91|1864.74|9.35|9|1.55|1.55|21.44|32.72|0.43|0.38|2.65|5.29|144.17|2622.35|1905.43|7.62|
|工业富联|601138.SH|2022-12-07|1870.91|1864.74|9.35|9|1.55|1.55|21.44|32.72|0.43|0.38|2.65|5.29|144.17|2622.35|1905.43|7.62|
|工业富联|601138.SH|2022-12-06|1874.88|1868.69|9.37|9.01|1.55|1.55|21.49|32.79|0.43|0.38|2.65|5.28|144.48|2626.33|1909.4|7.64|
|工业富联|601138.SH|2022-12-05|1843.1|1837.02|9.21|8.86|1.53|1.53|21.13|32.24|0.42|0.37|2.69|5.37|142.03|2594.55|1877.62|7.51|
|工业富联|601138.SH|2022-12-02|1815.3|1809.31|9.07|8.73|1.5|1.5|20.81|31.75|0.41|0.37|2.74|5.45|139.89|2566.74|1849.82|7.4|
|工业富联|601138.SH|2022-12-01|1825.23|1819.21|9.12|8.78|1.51|1.51|20.92|31.92|0.42|0.37|2.72|5.42|140.65|2576.67|1859.75|7.44|
|工业富联|601138.SH|2022-11-30|1817.28|1811.29|9.08|8.74|1.5|1.5|20.83|31.78|0.41|0.37|2.73|5.44|140.04|2568.73|1851.8|7.41|
|工业富联|601138.SH|2022-11-29|1809.34|1803.37|9.04|8.7|1.5|1.5|20.74|31.64|0.41|0.37|2.75|5.47|139.43|2560.78|1843.86|7.38|
|工业富联|601138.SH|2022-11-28|1739.83|1734.09|8.69|8.37|1.44|1.44|19.94|30.43|0.4|0.35|2.85|5.68|134.07|2491.27|1774.35|7.1|
|工业富联|601138.SH|2022-11-25|1797.42|1791.49|8.98|8.64|1.49|1.49|20.6|31.44|0.41|0.36|2.76|5.5|138.51|2548.87|1831.94|7.33|
|工业富联|601138.SH|2022-11-24|1779.55|1773.68|8.89|8.56|1.47|1.47|20.4|31.12|0.4|0.36|2.79|5.56|137.13|2530.99|1814.07|7.26|
|工业富联|601138.SH|2022-11-23|1797.42|1791.49|8.98|8.64|1.49|1.49|20.6|31.44|0.41|0.36|2.76|5.5|138.51|2548.87|1831.94|7.33|
|工业富联|601138.SH|2022-11-22|1807.35|1801.39|9.03|8.69|1.5|1.5|20.72|31.61|0.41|0.36|2.75|5.47|139.28|2558.8|1841.87|7.37|
|工业富联|601138.SH|2022-11-21|1787.49|1781.59|8.93|8.59|1.48|1.48|20.49|31.26|0.41|0.36|2.78|5.53|137.75|2538.94|1822.01|7.29|
|工业富联|601138.SH|2022-11-18|1777.56|1771.7|8.88|8.55|1.47|1.47|20.37|31.09|0.4|0.36|2.79|5.56|136.98|2529.01|1812.08|7.25|
|工业富联|601138.SH|2022-11-17|1789.48|1783.57|8.94|8.6|1.48|1.48|20.51|31.3|0.41|0.36|2.78|5.53|137.9|2540.92|1824|7.3|
|工业富联|601138.SH|2022-11-16|1785.51|1779.62|8.92|8.58|1.48|1.48|20.47|31.23|0.41|0.36|2.78|5.54|137.59|2536.95|1820.03|7.28|
|工业富联|601138.SH|2022-11-15|1797.42|1791.49|8.98|8.64|1.49|1.49|20.6|31.44|0.41|0.36|2.76|5.5|138.51|2548.87|1831.94|7.33|
|工业富联|601138.SH|2022-11-14|1777.56|1771.7|8.88|8.55|1.47|1.47|20.37|31.09|0.4|0.36|2.79|5.56|136.98|2529.01|1812.08|7.25|
|工业富联|601138.SH|2022-11-11|1755.72|1749.92|8.77|8.44|1.45|1.45|20.12|30.71|0.4|0.35|2.83|5.63|135.3|2507.16|1790.23|7.16|
|工业富联|601138.SH|2022-11-10|1712.02|1706.37|8.56|8.23|1.42|1.42|19.62|29.94|0.39|0.35|2.9|5.78|131.93|2463.47|1746.54|6.99|
|工业富联|601138.SH|2022-11-09|1715.99|1710.33|8.58|8.25|1.42|1.42|19.67|30.01|0.39|0.35|2.89|5.76|132.24|2467.44|1750.51|7|
|工业富联|601138.SH|2022-11-08|1731.88|1726.17|8.66|8.33|1.43|1.43|19.85|30.29|0.39|0.35|2.87|5.71|133.46|2483.33|1766.4|7.07|
|工业富联|601138.SH|2022-11-07|1725.92|1720.23|8.63|8.3|1.43|1.43|19.78|30.19|0.39|0.35|2.88|5.73|133|2477.37|1760.44|7.04|
|工业富联|601138.SH|2022-11-04|1725.92|1720.23|8.63|8.3|1.43|1.43|19.78|30.19|0.39|0.35|2.88|5.73|133|2477.37|1760.44|7.04|
|工业富联|601138.SH|2022-11-03|1714.01|1708.35|8.57|8.24|1.42|1.42|19.65|29.98|0.39|0.35|2.9|5.77|132.08|2465.45|1748.53|7|
|工业富联|601138.SH|2022-11-02|1719.97|1714.29|8.6|8.27|1.42|1.42|19.71|30.08|0.39|0.35|2.89|5.75|132.54|2471.41|1754.48|7.02|
|工业富联|601138.SH|2022-11-01|1700.1|1694.49|8.5|8.17|1.41|1.41|19.49|29.73|0.39|0.34|2.92|5.82|131.01|2451.55|1734.62|6.94|
|工业富联|601138.SH|2022-10-31|1628.6|1623.23|8.14|7.83|1.35|1.35|18.67|28.48|0.37|0.33|3.05|6.07|125.5|2380.05|1663.12|6.65|
|工业富联|601138.SH|2022-10-28|1644.49|1639.07|8.22|8.16|1.42|1.42|18.85|-38.18|0.37|0.35|3.02|6.01|137.49|2363.22|1582.07|6.33|
|工业富联|601138.SH|2022-10-27|1666.34|1660.84|8.33|8.27|1.44|1.44|19.1|-38.69|0.38|0.36|2.98|5.94|139.32|2385.07|1603.92|6.42|
|工业富联|601138.SH|2022-10-26|1648.47|1643.03|8.24|8.18|1.42|1.43|18.89|-38.28|0.38|0.35|3.01|6|137.82|2367.19|1586.04|6.35|
|工业富联|601138.SH|2022-10-25|1664.35|1658.86|8.32|8.26|1.43|1.44|19.08|-38.65|0.38|0.35|2.98|5.94|139.15|2383.08|1601.93|6.41|
|工业富联|601138.SH|2022-10-24|1646.48|1641.05|8.23|8.17|1.42|1.43|18.87|-38.23|0.37|0.35|3.02|6.01|137.66|2365.21|1584.06|6.34|
|工业富联|601138.SH|2022-10-21|1682.23|1676.68|8.41|8.35|1.45|1.46|19.28|-39.06|0.38|0.36|2.95|5.88|140.64|2400.96|1619.81|6.48|
|工业富联|601138.SH|2022-10-20|1688.19|1682.62|8.44|8.38|1.45|1.46|19.35|-39.2|0.38|0.36|2.94|5.86|141.14|2406.92|1625.76|6.5|
|工业富联|601138.SH|2022-10-19|1668.33|1662.82|8.34|8.28|1.44|1.45|19.12|-38.74|0.38|0.36|2.98|5.93|139.48|2387.05|1605.9|6.42|
|工业富联|601138.SH|2022-10-18|1688.19|1682.62|8.44|8.38|1.45|1.46|19.35|-39.2|0.38|0.36|2.94|5.86|141.14|2406.92|1625.76|6.5|
|工业富联|601138.SH|2022-10-17|1692.16|1686.58|8.46|8.4|1.46|1.47|19.4|-39.29|0.39|0.36|2.94|5.85|141.47|2410.89|1629.74|6.52|
|工业富联|601138.SH|2022-10-14|1676.27|1670.74|8.38|8.32|1.44|1.45|19.21|-38.92|0.38|0.36|2.96|5.9|140.15|2395|1613.85|6.46|
|工业富联|601138.SH|2022-10-13|1658.4|1652.92|8.29|8.23|1.43|1.44|19.01|-38.51|0.38|0.35|2.99|5.96|138.65|2377.12|1595.97|6.39|
|工业富联|601138.SH|2022-10-12|1650.45|1645.01|8.25|8.19|1.42|1.43|18.92|-38.32|0.38|0.35|3.01|5.99|137.99|2369.18|1588.03|6.35|
|工业富联|601138.SH|2022-10-11|1624.63|1619.27|8.12|8.06|1.4|1.41|18.62|-37.72|0.37|0.35|3.06|6.09|135.83|2343.36|1562.21|6.25|
|工业富联|601138.SH|2022-10-10|1620.66|1615.31|8.1|8.04|1.4|1.4|18.58|-37.63|0.37|0.35|3.06|6.1|135.5|2339.39|1558.24|6.23|
|工业富联|601138.SH|2022-09-30|1692.16|1686.58|8.46|8.4|1.46|1.47|19.4|-39.29|0.39|0.36|2.94|5.85|141.47|2410.89|1629.74|6.52|
|工业富联|601138.SH|2022-09-29|1664.35|1658.86|8.32|8.26|1.43|1.44|19.08|-38.65|0.38|0.35|2.98|5.94|139.15|2383.08|1601.93|6.41|
|工业富联|601138.SH|2022-09-28|1700.1|1694.49|8.5|8.44|1.47|1.47|19.49|-39.48|0.39|0.36|2.92|5.82|142.14|2418.83|1637.68|6.55|
|工业富联|601138.SH|2022-09-27|1717.98|1712.31|8.59|8.52|1.48|1.49|19.69|-39.89|0.39|0.37|2.89|5.76|143.63|2436.71|1655.56|6.62|
|工业富联|601138.SH|2022-09-26|1698.12|1692.51|8.49|8.43|1.46|1.47|19.46|-39.43|0.39|0.36|2.92|5.82|141.97|2416.85|1635.69|6.54|
|工业富联|601138.SH|2022-09-23|1725.92|1720.23|8.63|8.56|1.49|1.5|19.78|-40.07|0.39|0.37|2.88|5.73|144.3|2444.65|1663.5|6.66|
|工业富联|601138.SH|2022-09-22|1723.94|1718.25|8.62|8.55|1.49|1.49|19.76|-40.03|0.39|0.37|2.88|5.74|144.13|2442.67|1661.51|6.65|
|工业富联|601138.SH|2022-09-21|1737.84|1731.97|8.69|8.62|1.5|1.5|19.92|-40.35|0.4|0.37|2.86|5.69|145.29|2456.57|1675.42|6.7|
|工业富联|601138.SH|2022-09-20|1735.85|1729.99|8.68|8.61|1.5|1.5|19.9|-40.31|0.39|0.37|2.86|5.7|145.13|2454.58|1673.43|6.7|
|工业富联|601138.SH|2022-09-19|1765.65|1759.68|8.82|8.76|1.52|1.52|20.24|-41|0.4|0.38|2.81|5.6|147.62|2484.37|1703.22|6.81|
|工业富联|601138.SH|2022-09-16|1811.33|1805.2|9.05|8.99|1.56|1.56|20.76|-42.06|0.41|0.39|2.74|5.46|151.44|2530.05|1748.9|7|
|工业富联|601138.SH|2022-09-15|1862.97|1856.67|9.31|9.24|1.61|1.61|21.35|-43.26|0.42|0.4|2.67|5.31|155.75|2581.69|1800.54|7.2|
|工业富联|601138.SH|2022-09-14|1862.97|1856.67|9.31|9.24|1.61|1.61|21.35|-43.26|0.42|0.4|2.67|5.31|155.75|2581.69|1800.54|7.2|
|工业富联|601138.SH|2022-09-13|1884.81|1878.44|9.42|9.35|1.62|1.62|21.6|-43.76|0.43|0.4|2.64|5.25|157.58|2603.54|1822.39|7.29|
|工业富联|601138.SH|2022-09-09|1880.84|1874.48|9.4|9.33|1.62|1.62|21.56|-43.67|0.43|0.4|2.64|5.26|157.25|2599.57|1818.42|7.28|
|工业富联|601138.SH|2022-09-08|1874.88|1868.54|9.37|9.3|1.62|1.62|21.49|-43.53|0.43|0.4|2.65|5.28|156.75|2593.61|1812.46|7.25|
|工业富联|601138.SH|2022-09-07|1864.95|1858.65|9.32|9.25|1.61|1.61|21.38|-43.3|0.42|0.4|2.66|5.3|155.92|2583.68|1802.53|7.21|
|工业富联|601138.SH|2022-09-06|1874.88|1868.54|9.37|9.3|1.62|1.62|21.49|-43.53|0.43|0.4|2.65|5.28|156.75|2593.61|1812.46|7.25|
|工业富联|601138.SH|2022-09-05|1853.03|1846.77|9.26|9.19|1.6|1.6|21.24|-43.03|0.42|0.4|2.68|5.34|154.92|2571.76|1790.61|7.16|
|工业富联|601138.SH|2022-09-02|1849.06|1842.81|9.24|9.17|1.59|1.59|21.19|-42.93|0.42|0.39|2.69|5.35|154.59|2567.79|1786.64|7.15|
|工业富联|601138.SH|2022-09-01|1831.19|1825|9.15|9.09|1.58|1.58|20.99|-42.52|0.42|0.39|2.71|5.4|153.1|2549.92|1768.76|7.08|
|工业富联|601138.SH|2022-08-31|1845.09|1838.85|9.22|9.15|1.59|1.59|21.15|-42.84|0.42|0.39|2.69|5.36|154.26|2563.82|1782.67|7.13|
|工业富联|601138.SH|2022-08-30|1827.22|1821.04|9.13|9.07|1.57|1.57|20.94|-42.43|0.42|0.39|2.72|5.41|152.77|2545.94|1764.79|7.06|
|工业富联|601138.SH|2022-08-29|1835.16|1828.96|9.17|9.11|1.58|1.58|21.03|-42.61|0.42|0.39|2.71|5.39|153.43|2553.89|1772.74|7.09|
|工业富联|601138.SH|2022-08-26|1858.99|1852.71|9.29|9.22|1.6|1.6|21.31|-43.16|0.42|0.4|2.67|5.32|155.42|2577.72|1796.57|7.19|
|工业富联|601138.SH|2022-08-25|1849.06|1842.81|9.24|9.17|1.59|1.59|21.19|-42.93|0.42|0.39|2.69|5.35|154.59|2567.79|1786.64|7.15|
|工业富联|601138.SH|2022-08-24|1860.98|1854.69|9.3|9.23|1.6|1.6|21.33|-43.21|0.42|0.4|2.67|5.31|155.59|2579.71|1798.56|7.2|
|工业富联|601138.SH|2022-08-23|1874.88|1868.54|9.37|9.3|1.62|1.62|21.49|-43.53|0.43|0.4|2.65|5.28|156.75|2593.61|1812.46|7.25|
|工业富联|601138.SH|2022-08-22|1891.16|1884.38|9.45|9.38|1.63|1.63|21.68|-43.91|0.43|0.4|2.63|5.23|158.11|2609.89|1828.73|7.32|
|工业富联|601138.SH|2022-08-19|1891.16|1884.38|9.45|9.38|1.63|1.63|21.68|-43.91|0.43|0.4|2.63|5.23|158.11|2609.89|1828.73|7.32|
|工业富联|601138.SH|2022-08-18|1909.04|1902.19|9.54|9.47|1.65|1.65|21.88|-44.33|0.43|0.41|2.6|5.18|159.61|2627.76|1846.61|7.39|
|工业富联|601138.SH|2022-08-17|1916.98|1910.11|9.58|9.51|1.65|1.65|21.97|-44.51|0.44|0.41|2.59|5.16|160.27|2635.71|1854.56|7.42|
|工业富联|601138.SH|2022-08-16|1883.21|1876.46|9.41|9.34|1.62|1.62|21.59|-43.73|0.43|0.4|2.64|5.25|157.45|2601.94|1820.79|7.28|
|工业富联|601138.SH|2022-08-15|1899.1|1892.3|9.49|9.42|1.64|1.64|21.77|-44.1|0.43|0.41|2.62|5.21|158.78|2617.83|1836.68|7.35|
|工业富联|601138.SH|2022-08-12|1920.96|1914.07|9.6|9.53|1.66|1.66|22.02|-44.6|0.44|0.41|2.59|5.15|160.6|2639.68|1858.53|7.44|
|工业富联|601138.SH|2022-08-11|1948.77|1941.78|9.74|9.67|1.68|1.68|22.34|-45.25|0.44|0.42|2.55|5.08|162.93|2667.49|1886.34|7.55|
|工业富联|601138.SH|2022-08-10|1901.09|1894.28|9.5|9.43|1.64|1.64|21.79|-44.14|0.43|0.41|2.61|5.2|158.94|2619.82|1838.67|7.36|
|工业富联|601138.SH|2022-08-09|1924.93|1918.03|9.62|9.59|1.57|1.71|22.06|60.22|0.44|0.43|2.58|5.14|186.26|2550.22|1728.54|6.92|
|工业富联|601138.SH|2022-08-08|1911.02|1904.17|9.55|9.52|1.56|1.7|21.9|59.79|0.43|0.43|2.6|5.18|184.91|2536.32|1714.63|6.86|
|工业富联|601138.SH|2022-08-05|1905.06|1898.23|9.52|9.49|1.55|1.69|21.84|59.6|0.43|0.43|2.61|5.19|184.34|2530.36|1708.67|6.84|
|工业富联|601138.SH|2022-08-04|1964.66|1957.62|9.82|9.79|1.6|1.61|22.52|61.46|0.45|0.44|2.53||190.1|2589.95|1768.27|7.07|
|工业富联|601138.SH|2022-08-03|1930.89|1923.97|9.65|9.62|1.58|1.58|22.13|60.41|0.44|0.43|2.57||186.84|2556.18|1734.5|6.94|
|工业富联|601138.SH|2022-08-02|1968.63|1961.57|9.84|9.81|1.61|1.61|22.56|61.59|0.45|0.44|2.52||190.49|2593.93|1772.24|7.09|
|工业富联|601138.SH|2022-08-01|1998.43|1991.27|9.99|9.95|1.63|1.63|22.91|62.52|0.45|0.45|2.49||193.37|2623.72|1802.04|7.21|
|工业富联|601138.SH|2022-07-29|1996.44|1989.29|9.98|9.94|1.63|1.63|22.88|62.46|0.45|0.45|2.49||193.18|2621.74|1800.05|7.2|
|工业富联|601138.SH|2022-07-28|2008.36|2001.16|10.04|10|1.64|1.64|23.02|62.83|0.46|0.45|2.47||194.33|2633.66|1811.97|7.25|
|工业富联|601138.SH|2022-07-27|1974.59|1967.51|9.87|9.84|1.61|1.61|22.63|61.78|0.45|0.44|2.52||191.07|2599.88|1778.2|7.11|
|工业富联|601138.SH|2022-07-26|1986.51|1979.39|9.93|9.89|1.62|1.62|22.77|62.15|0.45|0.45|2.5|2.5|192.22|2611.8|1790.12|7.16|
|工业富联|601138.SH|2022-07-25|1976.58|1969.49|9.88|9.85|1.61|1.62|22.66|61.84|0.45|0.44|2.51|2.51|191.26|2601.87|1780.19|7.12|
|工业富联|601138.SH|2022-07-22|1986.51|1979.39|9.93|9.89|1.62|1.62|22.77|62.15|0.45|0.45|2.5|2.5|192.22|2611.8|1790.12|7.16|
|工业富联|601138.SH|2022-07-21|2000.42|1993.24|10|9.96|1.63|1.64|22.93|62.58|0.46|0.45|2.48|2.48|193.56|2625.71|1804.02|7.22|
|工业富联|601138.SH|2022-07-20|1974.59|1967.51|9.87|9.84|1.61|1.61|22.63|61.78|0.45|0.44|2.52|2.52|191.07|2599.88|1778.2|7.11|
|工业富联|601138.SH|2022-07-19|1946.78|1939.8|9.73|9.7|1.59|1.59|22.31|60.91|0.44|0.44|2.55|2.55|188.37|2572.07|1750.39|7|
|工业富联|601138.SH|2022-07-18|1920.96|1914.07|9.6|9.57|1.57|1.57|22.02|60.1|0.44|0.43|2.59|2.59|185.88|2546.25|1724.56|6.9|
|工业富联|601138.SH|2022-07-15|1857.39|1850.73|9.28|9.25|1.52|1.52|21.29|58.11|0.42|0.42|2.67|2.67|179.72|2482.68|1660.99|6.65|
|工业富联|601138.SH|2022-07-14|1897.12|1890.32|9.48|9.45|1.55|1.55|21.74|59.35|0.43|0.43|2.62|2.62|183.57|2522.41|1700.73|6.8|
|工业富联|601138.SH|2022-07-13|1915|1908.13|9.57|9.54|1.56|1.57|21.95|59.91|0.44|0.43|2.59|2.59|185.3|2540.29|1718.6|6.88|
|工业富联|601138.SH|2022-07-12|1913.01|1906.15|9.56|9.53|1.56|1.56|21.93|59.85|0.44|0.43|2.6|2.6|185.11|2538.3|1716.62|6.87|
|工业富联|601138.SH|2022-07-11|1915|1908.13|9.57|9.54|1.56|1.57|21.95|59.91|0.44|0.43|2.59|2.59|185.3|2540.29|1718.6|6.88|
|工业富联|601138.SH|2022-07-08|1934.86|1927.92|9.67|9.64|1.58|1.58|22.18|60.53|0.44|0.43|2.57|2.57|187.22|2560.15|1738.47|6.96|
|工业富联|601138.SH|2022-07-07|1905.06|1898.23|9.52|9.49|1.55|1.56|21.84|59.6|0.43|0.43|2.61|2.61|184.34|2530.36|1708.67|6.84|
|工业富联|601138.SH|2022-07-06|1909.04|1902.19|9.54|9.51|1.56|1.56|21.88|59.72|0.43|0.43|2.6|2.6|184.72|2534.33|1712.64|6.85|
|工业富联|601138.SH|2022-07-05|1924.93|1918.03|9.62|9.59|1.57|1.57|22.06|60.22|0.44|0.43|2.58|2.58|186.26|2550.22|1728.54|6.92|
|工业富联|601138.SH|2022-07-04|1938.83|1931.88|9.69|9.66|1.58|1.58|22.22|60.66|0.44|0.43|2.56|2.56|187.61|2564.13|1742.44|6.97|
|工业富联|601138.SH|2022-07-01|1942.81|1935.84|9.71|9.68|1.59|1.59|22.27|60.78|0.44|0.44|2.56|2.56|187.99|2568.1|1746.41|6.99|
|工业富联|601138.SH|2022-06-30|1954.73|1947.72|9.77|9.74|1.59|1.6|22.4|61.15|0.44|0.44|2.54|2.54|189.14|2580.02|1758.33|7.03|
|工业富联|601138.SH|2022-06-29|1954.73|1947.72|9.77|9.74|1.59|1.6|22.4|61.15|0.44|0.44|2.54|2.54|189.14|2580.02|1758.33|7.03|
|工业富联|601138.SH|2022-06-28|1966.65|1959.6|9.83|9.8|1.6|1.61|22.54|61.53|0.45|0.44|2.53|2.53|190.3|2591.94|1770.25|7.08|
|工业富联|601138.SH|2022-06-27|1940.82|1933.86|9.7|9.67|1.58|1.58|22.25|60.72|0.44|0.43|2.56|2.56|187.8|2566.11|1744.43|6.98|
|工业富联|601138.SH|2022-06-24|1936.85|1929.9|9.68|9.65|1.58|1.58|22.2|60.59|0.44|0.43|2.56|2.56|187.41|2562.14|1740.46|6.96|
|工业富联|601138.SH|2022-06-23|1920.96|1914.07|9.6|9.57|1.57|1.57|22.02|60.1|0.44|0.43|2.59|2.59|185.88|2546.25|1724.56|6.9|
|工业富联|601138.SH|2022-06-22|1897.12|1890.32|9.48|9.45|1.55|1.55|21.74|59.35|0.43|0.43|2.62|2.62|183.57|2522.41|1700.73|6.8|
|工业富联|601138.SH|2022-06-21|1930.89|1923.97|9.65|9.62|1.58|1.58|22.13|60.41|0.44|0.43|2.57|2.57|186.84|2556.18|1734.5|6.94|
|工业富联|601138.SH|2022-06-20|1924.93|1918.03|9.62|9.59|1.57|1.57|22.06|60.22|0.44|0.43|2.58|2.58|186.26|2550.22|1728.54|6.92|
|工业富联|601138.SH|2022-06-17|1924.93|1918.03|9.62|9.59|1.57|1.57|22.06|60.22|0.44|0.43|2.58|2.58|186.26|2550.22|1728.54|6.92|
|工业富联|601138.SH|2022-06-16|1903.08|1896.25|9.51|9.48|1.55|1.55|21.81|59.54|0.43|0.43|2.61|2.61|184.15|2528.37|1706.68|6.83|
|工业富联|601138.SH|2022-06-15|1915|1908.13|9.57|9.54|1.56|1.56|21.95|59.91|0.44|0.43|2.59|2.59|185.3|2540.29|1718.6|6.88|
|工业富联|601138.SH|2022-06-14|1863.35|1856.67|9.31|9.28|1.52|1.52|21.36|58.29|0.42|0.42|2.67|2.67|180.3|2488.64|1666.95|6.67|
|工业富联|601138.SH|2022-06-13|1865.33|1858.65|9.32|9.29|1.52|1.52|21.38|58.36|0.42|0.42|2.66|2.66|180.49|2490.63|1668.94|6.68|
|工业富联|601138.SH|2022-06-10|1907.05|1900.21|9.53|9.5|1.56|1.56|21.86|59.66|0.43|0.43|2.6|2.6|184.53|2532.34|1710.66|6.84|
|工业富联|601138.SH|2022-06-09|1853.41|1846.77|9.26|9.23|1.51|1.51|21.24|57.98|0.42|0.42|2.68|2.68|179.34|2478.71|1657.02|6.63|
|工业富联|601138.SH|2022-06-08|1871.29|1864.58|9.35|9.32|1.53|1.53|21.45|58.54|0.43|0.42|2.65|2.65|181.07|2496.59|1674.9|6.7|
|工业富联|601138.SH|2022-06-07|1873.28|1864.51|9.36|9.33|1.53|1.53|21.47|58.61|0.43|0.42|2.65|2.65|181.26|2498.57|1676.89|6.71|
|工业富联|601138.SH|2022-06-06|1873.28|1864.51|9.36|9.33|1.53|1.53|21.47|58.61|0.43|0.42|2.65|2.65|181.26|2498.57|1676.89|6.71|
|工业富联|601138.SH|2022-06-02|1867.32|1858.58|9.33|9.3|1.52|1.52|21.4|58.42|0.42|0.42|2.66|2.66|180.69|2492.61|1670.93|6.69|
|工业富联|601138.SH|2022-06-01|1861.36|1852.65|9.3|9.27|1.52|1.52|21.33|58.23|0.42|0.42|2.67|2.67|180.11|2486.65|1664.97|6.66|
|工业富联|601138.SH|2022-05-31|1869.31|1860.56|9.34|9.31|1.53|1.52|21.43|58.48|0.43|0.42|2.66|2.66|180.88|2494.6|1672.91|6.69|
|工业富联|601138.SH|2022-05-30|1821.63|1813.1|9.1|9.07|1.49|1.49|20.88|56.99|0.41|0.41|2.73|2.73|176.26|2446.92|1625.24|6.5|
|工业富联|601138.SH|2022-05-27|1835.54|1826.94|9.17|9.14|1.5|1.5|21.04|57.42|0.42|0.41|2.71|2.71|177.61|2460.83|1639.14|6.56|
|工业富联|601138.SH|2022-05-26|1831.56|1822.99|9.15|9.12|1.49|1.49|20.99|57.3|0.42|0.41|2.71|2.71|177.23|2456.86|1635.17|6.54|
|工业富联|601138.SH|2022-05-25|1815.67|1807.17|9.07|9.04|1.48|1.48|20.81|56.8|0.41|0.41|2.74|2.74|175.69|2440.96|1619.28|6.48|
|工业富联|601138.SH|2022-05-24|1807.72|1799.26|9.03|9|1.47|1.47|20.72|56.55|0.41|0.41|2.75|2.75|174.92|2433.02|1611.33|6.45|
|工业富联|601138.SH|2022-05-23|1873.28|1864.51|9.36|9.33|1.53|1.53|21.47|58.61|0.43|0.42|2.65|2.65|181.26|2498.57|1676.89|6.71|
|工业富联|601138.SH|2022-05-20|1879.24|1867.95|9.39|9.36|1.53|1.54|21.54|58.79|0.43|0.42|2.64|2.64|181.84|2504.53|1682.85|6.73|
|工业富联|601138.SH|2022-05-19|1857.39|1846.23|9.28|9.25|1.52|1.52|21.29|58.11|0.42|0.42|2.67|2.67|179.72|2482.68|1660.99|6.65|
|工业富联|601138.SH|2022-05-18|1871.29|1860.06|9.35|9.32|1.53|1.53|21.45|58.54|0.43|0.42|2.65|2.65|181.07|2496.59|1674.9|6.7|
|工业富联|601138.SH|2022-05-17|1865.33|1854.13|9.32|9.29|1.52|1.52|21.38|58.36|0.42|0.42|2.66|2.66|180.49|2490.63|1668.94|6.68|
|工业富联|601138.SH|2022-05-16|1847.45|1836.36|9.23|9.2|1.51|1.51|21.18|57.8|0.42|0.41|2.69|2.69|178.76|2472.75|1651.06|6.61|
|工业富联|601138.SH|2022-05-13|1863.35|1852.16|9.31|9.28|1.52|1.52|21.36|58.29|0.42|0.42|2.67|2.67|180.3|2488.64|1666.95|6.67|
|工业富联|601138.SH|2022-05-12|1863.35|1852.16|9.31|9.28|1.52|1.52|21.36|58.29|0.42|0.42|2.67|2.67|180.3|2488.64|1666.95|6.67|
|工业富联|601138.SH|2022-05-11|1865.33|1854.13|9.32|9.29|1.52|1.52|21.38|58.36|0.42|0.42|2.66|2.66|180.49|2490.63|1668.94|6.68|
|工业富联|601138.SH|2022-05-10|1855.4|1844.26|9.27|9.24|1.51|1.52|21.27|58.05|0.42|0.42|2.68|2.68|179.53|2480.69|1659.01|6.64|
|工业富联|601138.SH|2022-05-09|1829.58|1818.59|9.14|9.11|1.49|1.49|20.97|57.24|0.42|0.41|2.71|2.71|177.03|2454.87|1633.18|6.53|
|工业富联|601138.SH|2022-05-06|1825.6|1814.64|9.12|9.09|1.49|1.49|20.92|57.11|0.42|0.41|2.72|2.72|176.65|2450.9|1629.21|6.52|
|工业富联|601138.SH|2022-05-05|1907.05|1895.6|9.53|9.5|1.56|1.56|21.86|59.66|0.43|0.43|2.6|2.6|184.53|2532.34|1710.66|6.84|
|工业富联|601138.SH|2022-04-29|1891.16|1879.8|9.45|9.45|1.59|1.59|21.68|21.68|0.43|0.43|2.63|2.63|172.32|2461.33|1632.56|6.53|
|工业富联|601138.SH|2022-04-28|1871.29|1860.06|9.35|9.35|1.57|1.57|21.45|21.45|0.43|0.43|2.65|2.65|170.51|2441.46|1612.69|6.45|
|工业富联|601138.SH|2022-04-27|1861.36|1850.18|9.3|9.3|1.56|1.57|21.33|21.33|0.42|0.42|2.67|2.67|169.6|2431.53|1602.76|6.41|
|工业富联|601138.SH|2022-04-26|1825.6|1814.64|9.12|9.12|1.53|1.54|20.92|20.92|0.42|0.42|2.72|2.72|166.35|2395.77|1567|6.27|
|工业富联|601138.SH|2022-04-25|1809.71|1798.84|9.04|9.04|1.52|1.52|20.74|20.74|0.41|0.41|2.74|2.74|164.9|2379.88|1551.11|6.21|
|工业富联|601138.SH|2022-04-22|1930.89|1919.29|9.65|9.65|1.62|1.63|22.13|22.13|0.44|0.44|2.57|2.57|175.94|2501.06|1672.29|6.69|
|工业富联|601138.SH|2022-04-21|1942.81|1931.14|9.71|9.71|1.63|1.64|22.27|22.27|0.44|0.44|2.56|2.56|177.03|2512.98|1684.21|6.74|
|工业富联|601138.SH|2022-04-20|1956.71|1944.96|9.78|9.78|1.64|1.65|22.43|22.43|0.45|0.45|2.54|2.54|178.29|2526.88|1698.11|6.79|
|工业富联|601138.SH|2022-04-19|1964.66|1952.86|9.82|9.82|1.65|1.65|22.52|22.52|0.45|0.45|2.53|2.53|179.02|2534.83|1706.06|6.83|
|工业富联|601138.SH|2022-04-18|1982.54|1970.63|9.91|9.91|1.66|1.67|22.72|22.72|0.45|0.45|2.51|2.51|180.65|2552.71|1723.94|6.9|
|工业富联|601138.SH|2022-04-15|1994.46|1982.48|9.97|9.97|1.67|1.68|22.86|22.86|0.45|0.45|2.49|2.49|181.73|2564.63|1735.86|6.95|
|工业富联|601138.SH|2022-04-14|2006.38|1994.33|10.03|10.03|1.68|1.69|23|23|0.46|0.46|2.48|2.48|182.82|2576.55|1747.77|6.99|
|工业富联|601138.SH|2022-04-13|1986.51|1974.58|9.93|9.93|1.67|1.67|22.77|22.77|0.45|0.45|2.5|2.5|181.01|2556.68|1727.91|6.91|
|工业富联|601138.SH|2022-04-12|1994.46|1982.48|9.97|9.97|1.67|1.68|22.86|22.86|0.45|0.45|2.49|2.49|181.73|2564.63|1735.86|6.95|
|工业富联|601138.SH|2022-04-11|1972.6|1960.76|9.86|9.86|1.66|1.66|22.61|22.61|0.45|0.45|2.52|2.52|179.74|2542.77|1714|6.86|
|工业富联|601138.SH|2022-04-08|2016.31|2004.2|10.08|10.08|1.69|1.7|23.11|23.11|0.46|0.46|2.46|2.46|183.72|2586.48|1757.71|7.03|
|工业富联|601138.SH|2022-04-07|1998.43|1986.43|9.99|9.99|1.68|1.68|22.91|22.91|0.45|0.45|2.49|2.49|182.09|2568.6|1739.83|6.96|
|工业富联|601138.SH|2022-04-06|2026.24|2014.07|10.13|10.13|1.7|1.7|23.22|23.22|0.46|0.46|2.45|2.45|184.63|2596.41|1767.64|7.07|
|工业富联|601138.SH|2022-04-01|2022.27|2010.12|10.11|10.11|1.7|1.7|23.18|23.18|0.46|0.46|2.46|2.46|184.27|2592.44|1763.67|7.06|
|工业富联|601138.SH|2022-03-31|2016.31|2004.2|10.08|10.08|1.69|1.7|23.11|23.11|0.46|0.46|2.46|2.46|183.72|2586.48|1757.71|7.03|
|工业富联|601138.SH|2022-03-30|2026.24|2014.07|10.13|10.13|1.7|1.7|23.22|23.22|0.46|0.46|2.45|2.45|184.63|2596.41|1767.64|7.07|
|工业富联|601138.SH|2022-03-29|2002.4|1990.38|10.01|10.01|1.68|1.68|22.95|22.95|0.46|0.46|2.48|2.48|182.46|2572.57|1743.8|6.98|
|工业富联|601138.SH|2022-03-28|2034.19|2021.97|10.17|10.17|1.71|1.71|23.32|23.32|0.46|0.46|2.44|2.44|185.35|2604.36|1775.59|7.1|
|工业富联|601138.SH|2022-03-25|2030.21|2018.02|10.15|10.15|1.7|1.71|23.27|23.27|0.46|0.46|2.45|2.45|184.99|2600.38|1771.61|7.09|
|工业富联|601138.SH|2022-03-24|2063.98|2051.59|10.31|10.31|1.73|1.74|23.66|23.66|0.47|0.47|2.41|2.41|188.07|2634.15|1805.38|7.22|
|工业富联|601138.SH|2022-03-23|2063.98|2051.59|10.31|10.31|1.73|1.74|23.66|23.66|0.47|0.47|2.41|2.41|188.07|2634.15|1805.38|7.22|
|工业富联|601138.SH|2022-03-22|2024.25|2012.1|11.61|10.12|1.84|1.7|26.31|12.34|0.47|0.46|2.45|2.45|184.45|2565.66|1786.18|8.46|
|工业富联|601138.SH|2022-03-21|2006.37|1994.32|11.51|10.03|1.82|1.69|26.08|12.23|0.46|0.46|2.48|2.48|182.82|2547.78|1768.3|8.37|
|工业富联|601138.SH|2022-03-18|2026.24|2014.07|11.62|10.13|1.84|1.7|26.34|12.35|0.47|0.46|2.45|2.45|184.63|2567.64|1788.17|8.47|
|工业富联|601138.SH|2022-03-17|2008.36|1996.3|11.52|10.04|1.82|1.69|26.1|12.24|0.47|0.46|2.47|2.47|183|2549.76|1770.29|8.38|
|工业富联|601138.SH|2022-03-16|1964.66|1952.86|11.27|9.82|1.78|1.65|25.54|11.98|0.46|0.45|2.53|2.53|179.02|2506.06|1726.59|8.18|
|工业富联|601138.SH|2022-03-15|1936.84|1925.21|11.11|9.68|1.76|1.63|25.17|11.81|0.45|0.44|2.56|2.56|176.48|2478.25|1698.78|8.05|
|工业富联|601138.SH|2022-03-14|2022.26|2010.12|11.6|10.3|1.83|1.84|26.28|12.33|0.47|0.44|2.46|2.46|159.1|2563.67|1784.2|8.45|
|工业富联|601138.SH|2022-03-11|2042.13|2029.87|11.72|10.4|1.85|1.86|26.54|12.45|0.47|0.45|2.43|2.43|160.66|2583.54|1804.06|8.54|
|工业富联|601138.SH|2022-03-10|2056.03|2043.69|11.8|10.47|1.86|1.87|26.72|12.54|0.48|0.45|2.42|2.42|161.75|2597.44|1817.97|8.61|
|工业富联|601138.SH|2022-03-09|2065.97|2053.56|11.85|10.52|1.87|1.88|26.85|12.6|0.48|0.45|2.4|2.4|162.53|2607.37|1827.9|8.66|
|工业富联|601138.SH|2022-03-08|2105.7|2093.05|12.08|10.73|1.91|1.91|27.37|12.84|0.49|0.46|2.36|2.36|165.66|2647.1|1867.63|8.84|
|工业富联|601138.SH|2022-03-07|2149.4|2136.49|12.33|10.95|1.95|1.95|27.94|13.1|0.5|0.47|2.31|2.31|169.1|2690.81|1911.33|9.05|
|工业富联|601138.SH|2022-03-04|2212.97|2199.68|12.7|11.27|2.01|2.01|28.76|13.49|0.51|0.49|2.24|2.24|174.1|2754.37|1974.9|9.35|
|工业富联|601138.SH|2022-03-03|2224.89|2211.53|12.76|11.33|2.02|2.02|28.92|13.56|0.52|0.49|2.23|2.23|175.04|2766.29|1986.82|9.41|
|工业富联|601138.SH|2022-03-02|2226.87|2213.5|12.78|11.34|2.02|2.02|28.94|13.58|0.52|0.49|2.23|2.23|175.19|2768.28|1988.81|9.42|
|工业富联|601138.SH|2022-03-01|2218.93|2205.6|12.73|11.3|2.01|2.01|28.84|13.53|0.51|0.49|2.24|2.24|174.57|2760.33|1980.86|9.38|
|工业富联|601138.SH|2022-02-28|2218.93|2205.6|12.73|11.3|2.01|2.01|28.84|13.53|0.51|0.49|2.24|2.24|174.57|2760.33|1980.86|9.38|
|工业富联|601138.SH|2022-02-25|2224.89|2211.53|12.76|11.33|2.02|2.02|28.92|13.56|0.52|0.49|2.23|2.23|175.04|2766.29|1986.82|9.41|
|工业富联|601138.SH|2022-02-24|2224.89|2211.53|12.76|11.33|2.02|2.02|28.92|13.56|0.52|0.49|2.23|2.23|175.04|2766.29|1986.82|9.41|
|工业富联|601138.SH|2022-02-23|2252.7|2239.17|12.92|11.47|2.04|2.04|29.28|13.73|0.52|0.5|2.2|2.2|177.22|2794.11|2014.63|9.54|
|工业富联|601138.SH|2022-02-22|2238.79|2225.35|12.84|11.4|2.03|2.03|29.1|13.65|0.52|0.49|2.22|2.22|176.13|2780.2|2000.73|9.47|
|工业富联|601138.SH|2022-02-21|2264.62|2251.02|12.99|11.54|2.05|2.05|29.43|13.81|0.52|0.5|2.19|2.19|178.16|2806.02|2026.55|9.6|
|工业富联|601138.SH|2022-02-18|2242.77|2229.3|12.87|11.42|2.03|2.03|29.15|13.67|0.52|0.49|2.21|2.21|176.44|2784.17|2004.7|9.49|
|工业富联|601138.SH|2022-02-17|2234.82|2221.4|12.82|11.38|2.03|2.03|29.05|13.63|0.52|0.49|2.22|2.22|175.82|2776.23|1996.75|9.46|
|工业富联|601138.SH|2022-02-16|2238.79|2225.35|12.84|11.4|2.03|2.03|29.1|13.65|0.52|0.49|2.22|2.22|176.13|2780.2|2000.73|9.47|
|工业富联|601138.SH|2022-02-15|2232.83|2219.43|12.81|11.37|2.02|2.03|29.02|13.61|0.52|0.49|2.22|2.22|175.66|2774.24|1994.77|9.45|
|工业富联|601138.SH|2022-02-14|2236.81|2223.38|12.83|11.39|2.03|2.03|29.07|13.64|0.52|0.49|2.22|2.22|175.97|2778.21|1998.74|9.47|
|工业富联|601138.SH|2022-02-11|2250.71|2237.2|12.91|11.46|2.04|2.04|29.25|13.72|0.52|0.5|2.21|2.21|177.07|2792.12|2012.64|9.53|
|工业富联|601138.SH|2022-02-10|2266.6|2252.99|13|11.55|2.06|2.06|29.46|13.82|0.52|0.5|2.19|2.19|178.32|2808.01|2028.54|9.61|
|工业富联|601138.SH|2022-02-09|2254.69|2241.15|12.94|11.48|2.04|2.05|29.31|13.75|0.52|0.5|2.2|2.2|177.38|2796.09|2016.62|9.55|
|工业富联|601138.SH|2022-02-08|2242.77|2229.3|12.87|11.42|2.03|2.03|29.15|13.67|0.52|0.49|2.21|2.21|176.44|2784.17|2004.7|9.49|
|工业富联|601138.SH|2022-02-07|2216.94|2203.63|12.72|11.29|2.01|2.01|28.81|13.52|0.51|0.49|2.24|2.24|174.41|2758.35|1978.87|9.37|
|工业富联|601138.SH|2022-01-28|2207.01|2193.76|12.66|11.24|2|2|28.69|13.46|0.51|0.49|2.25|2.25|173.63|2748.42|1968.94|9.32|
|工业富联|601138.SH|2022-01-27|2210.98|2197.71|12.68|11.26|2|2.01|28.74|13.48|0.51|0.49|2.25|2.25|173.94|2752.39|1972.91|9.34|
|工业富联|601138.SH|2022-01-26|2234.82|2221.4|12.82|11.38|2.03|2.03|29.05|13.63|0.52|0.49|2.22|2.22|175.82|2776.23|1996.75|9.46|
|工业富联|601138.SH|2022-01-25|2246.74|2233.25|12.89|11.44|2.04|2.04|29.2|13.7|0.52|0.49|2.21|2.21|176.76|2788.15|2008.67|9.51|
|工业富联|601138.SH|2022-01-24|2282.5|2268.79|13.09|11.63|2.07|2.07|29.67|13.92|0.53|0.5|2.18|2.18|179.57|2823.9|2044.43|9.68|
|工业富联|601138.SH|2022-01-21|2306.33|2292.49|13.23|11.75|2.09|2.09|29.98|14.06|0.53|0.51|2.15|2.15|181.44|2847.74|2068.27|9.79|
|工业富联|601138.SH|2022-01-20|2338.12|2324.08|13.41|11.91|2.12|2.12|30.39|14.26|0.54|0.51|2.12|2.12|183.94|2879.52|2100.05|9.95|
|工业富联|601138.SH|2022-01-19|2312.29|2298.41|13.27|11.78|2.1|2.1|30.05|14.1|0.54|0.51|2.15|2.15|181.91|2853.7|2074.23|9.82|
|工业富联|601138.SH|2022-01-18|2328.19|2313.83|13.36|11.86|2.11|2.11|30.26|14.19|0.54|0.51|2.13|2.13|183.16|2869.59|2090.12|9.9|
|工业富联|601138.SH|2022-01-17|2268.59|2254.6|13.01|11.56|2.06|2.06|29.49|13.83|0.53|0.5|2.19|2.19|178.47|2810|2030.52|9.62|
|工业富联|601138.SH|2022-01-14|2252.7|2238.81|12.92|11.47|2.04|2.04|29.28|13.73|0.52|0.5|2.2|2.2|177.22|2794.11|2014.63|9.54|
|工业富联|601138.SH|2022-01-13|2294.42|2280.27|13.16|11.69|2.08|2.08|29.82|13.99|0.53|0.5|2.16|2.16|180.51|2835.82|2056.35|9.74|
|工业富联|601138.SH|2022-01-12|2348.05|2333.57|13.47|11.96|2.13|2.13|30.52|14.32|0.54|0.52|2.12|2.12|184.73|2889.46|2109.98|9.99|
|工业富联|601138.SH|2022-01-11|2354.01|2339.49|13.5|11.99|2.13|2.13|30.6|14.35|0.55|0.52|2.11|2.11|185.19|2895.42|2115.94|10.02|
|工业富联|601138.SH|2022-01-10|2375.86|2361.21|13.63|12.1|2.15|2.15|30.88|14.49|0.55|0.52|2.09|2.09|186.91|2917.27|2137.79|10.12|
|工业富联|601138.SH|2022-01-07|2350.04|2335.54|13.48|11.97|2.13|2.13|30.54|14.33|0.54|0.52|2.11|2.11|184.88|2891.44|2111.97|10|
|工业富联|601138.SH|2022-01-06|2361.96|2347.39|13.55|12.03|2.14|2.14|30.7|14.4|0.55|0.52|2.1|2.1|185.82|2903.36|2123.89|10.06|
|工业富联|601138.SH|2022-01-05|2405.64|2390.8|13.8|12.25|2.18|2.18|31.27|14.67|0.56|0.53|2.06|2.06|189.26|2947.05|2167.57|10.27|
|工业富联|601138.SH|2022-01-04|2391.74|2376.99|13.72|12.18|2.17|2.17|31.09|14.58|0.55|0.53|2.08|2.08|188.16|2933.14|2153.67|10.2|
|工业富联|601138.SH|2021-12-31|2367.9|2353.29|13.58|12.06|2.15|2.15|30.78|14.44|0.55|0.52|1.68|2.1|186.29|2909.3|2129.83|10.09|
|工业富联|601138.SH|2021-12-30|2363.93|2349.35|13.56|12.04|2.14|2.14|30.73|14.41|0.55|0.52|1.68|2.1|185.97|2905.33|2125.86|10.07|
|工业富联|601138.SH|2021-12-29|2363.93|2349.35|13.56|12.04|2.14|2.14|30.73|14.41|0.55|0.52|1.68|2.1|185.97|2905.33|2125.86|10.07|
|工业富联|601138.SH|2021-12-28|2393.72|2378.96|13.73|12.19|2.17|2.17|31.11|14.59|0.55|0.53|1.66|2.07|188.32|2935.13|2155.65|10.21|
|工业富联|601138.SH|2021-12-27|2399.68|2384.88|13.77|12.22|2.18|2.18|31.19|14.63|0.56|0.53|1.66|2.07|188.79|2941.09|2161.61|10.24|
|工业富联|601138.SH|2021-12-24|2379.82|2365.14|13.65|12.12|2.16|2.16|30.93|14.51|0.55|0.52|1.67|2.09|187.23|2921.22|2141.75|10.14|
|工业富联|601138.SH|2021-12-23|2389.75|2375.01|13.71|12.17|2.17|2.17|31.06|14.57|0.55|0.53|1.66|2.08|188.01|2931.16|2151.68|10.19|
|工业富联|601138.SH|2021-12-22|2365.91|2351.32|13.57|12.05|2.15|2.15|30.75|14.42|0.55|0.52|1.68|2.1|186.13|2907.32|2127.84|10.08|
|工业富联|601138.SH|2021-12-21|2413.59|2398.7|13.85|12.29|2.19|2.19|31.37|14.72|0.56|0.53|1.65|2.06|189.88|2954.99|2175.52|10.3|
|工业富联|601138.SH|2021-12-20|2403.65|2388.83|13.79|12.24|2.18|2.18|31.24|14.65|0.56|0.53|1.65|2.07|189.1|2945.06|2165.59|10.26|
|工业富联|601138.SH|2021-12-17|2411.89|2396.73|13.84|12.29|2.19|2.19|31.35|14.7|0.56|0.53|1.65|2.06|189.75|2953.29|2173.82|10.29|
|工业富联|601138.SH|2021-12-16|2394.01|2378.96|13.73|12.19|2.17|2.17|31.12|14.6|0.55|0.53|1.66|2.07|188.34|2935.41|2155.94|10.21|
|工业富联|601138.SH|2021-12-15|2358.25|2343.42|13.53|12.01|2.14|2.14|30.65|14.38|0.55|0.52|1.69|2.11|185.53|2899.65|2120.18|10.04|
|工业富联|601138.SH|2021-12-14|2378.11|2363.17|13.64|12.11|2.16|2.16|30.91|14.5|0.55|0.52|1.67|2.09|187.09|2919.52|2140.05|10.13|
|工业富联|601138.SH|2021-12-13|2380.1|2365.14|13.65|12.12|2.16|2.16|30.94|14.51|0.55|0.52|1.67|2.09|187.25|2921.51|2142.03|10.14|
|工业富联|601138.SH|2021-12-10|2362.22|2347.37|13.55|12.03|2.14|2.14|30.7|14.4|0.55|0.52|1.68|2.1|185.84|2903.63|2124.15|10.06|
|工业富联|601138.SH|2021-12-09|2338.38|2323.68|13.42|11.91|2.12|2.12|30.39|14.26|0.54|0.51|1.7|2.12|183.97|2879.79|2100.31|9.95|
|工业富联|601138.SH|2021-12-08|2296.66|2282.22|13.18|11.7|2.08|2.08|29.85|14|0.53|0.51|1.73|2.16|180.68|2838.06|2058.59|9.75|
|工业富联|601138.SH|2021-12-07|2254.94|345.12|12.94|11.49|2.04|2.04|29.31|13.75|0.52|0.5|1.76|2.2|177.4|2796.34|2016.87|9.55|
|工业富联|601138.SH|2021-12-06|2241.03|342.99|12.86|11.42|2.03|2.03|29.13|13.66|0.52|0.49|1.77|2.22|176.31|2782.44|2002.96|9.49|
|工业富联|601138.SH|2021-12-03|2235.07|342.08|12.82|11.38|2.03|2.03|29.05|13.63|0.52|0.49|1.78|2.22|175.84|2776.48|1997|9.46|
|工业富联|601138.SH|2021-12-02|2225.14|340.56|12.77|11.33|2.02|2.02|28.92|13.57|0.52|0.49|1.79|2.23|175.06|2766.54|1987.07|9.41|
|工业富联|601138.SH|2021-12-01|2237.06|342.38|12.83|11.39|2.03|2.03|29.08|13.64|0.52|0.49|1.78|2.22|175.99|2778.46|1998.99|9.47|
|工业富联|601138.SH|2021-11-30|2219.18|339.65|12.73|11.3|2.01|2.01|28.84|13.53|0.51|0.49|1.79|2.24|174.59|2760.58|1981.11|9.38|
|工业富联|601138.SH|2021-11-29|2181.43|333.87|12.51|11.11|1.98|1.98|28.35|13.3|0.51|0.48|1.82|2.28|171.62|2722.83|1943.36|9.2|
|工业富联|601138.SH|2021-11-26|2219.18|339.65|12.73|11.3|2.01|2.01|28.84|13.53|0.51|0.49|1.79|2.24|174.59|2760.58|1981.11|9.38|
|工业富联|601138.SH|2021-11-25|2310.56|353.63|13.26|11.77|2.1|2.1|30.03|14.09|0.54|0.51|1.72|2.15|181.78|2851.97|2072.5|9.81|
|工业富联|601138.SH|2021-11-24|2326.46|356.07|13.35|11.85|2.11|2.11|30.24|14.18|0.54|0.51|1.71|2.13|183.03|2867.86|2088.39|9.89|
|工业富联|601138.SH|2021-11-23|2330.43|356.67|13.37|11.87|2.11|2.11|30.29|14.21|0.54|0.51|1.71|2.13|183.34|2871.84|2092.36|9.91|
|工业富联|601138.SH|2021-11-22|2356.26|360.63|13.52|12|2.14|2.14|30.63|14.37|0.55|0.52|1.69|2.11|185.37|2897.67|2118.19|10.03|
|工业富联|601138.SH|2021-11-19|2366.19|362.15|13.57|12.05|2.15|2.15|30.75|14.43|0.55|0.52|1.68|2.1|186.15|2907.6|2128.13|10.08|
|工业富联|601138.SH|2021-11-18|2308.58|353.33|13.24|11.76|2.09|2.09|30.01|14.07|0.53|0.51|1.72|2.15|181.62|2849.98|2070.51|9.81|
|工业富联|601138.SH|2021-11-17|2332.42|356.98|13.38|11.88|2.11|2.11|30.32|14.22|0.54|0.51|1.7|2.13|183.5|2873.82|2094.35|9.92|
|工业富联|601138.SH|2021-11-16|2346.33|359.11|13.46|11.95|2.13|2.13|30.5|14.3|0.54|0.52|1.69|2.12|184.59|2887.73|2108.26|9.98|
|工业富联|601138.SH|2021-11-15|2358.25|360.93|13.53|12.01|2.14|2.14|30.65|14.38|0.55|0.52|1.69|2.11|185.53|2899.65|2120.18|10.04|
|工业富联|601138.SH|2021-11-12|2328.45|356.37|13.36|11.86|2.11|2.11|30.26|14.2|0.54|0.51|1.71|2.13|183.18|2869.85|2090.38|9.9|
|工业富联|601138.SH|2021-11-11|2330.43|356.67|13.37|11.87|2.11|2.11|30.29|14.21|0.54|0.51|1.71|2.13|183.34|2871.84|2092.36|9.91|
|工业富联|601138.SH|2021-11-10|2292.68|350.9|13.15|11.68|2.08|2.08|29.8|13.98|0.53|0.5|1.73|2.17|180.37|2834.09|2054.62|9.73|
|工业富联|601138.SH|2021-11-09|2302.62|352.42|13.21|11.73|2.09|2.09|29.93|14.04|0.53|0.51|1.73|2.16|181.15|2844.02|2064.55|9.78|
|工业富联|601138.SH|2021-11-08|2314.54|354.24|13.28|11.79|2.1|2.1|30.08|14.11|0.54|0.51|1.72|2.15|182.09|2855.94|2076.47|9.83|
|工业富联|601138.SH|2021-11-05|2322.49|355.46|13.32|11.83|2.11|2.11|30.19|14.16|0.54|0.51|1.71|2.14|182.71|2863.89|2084.42|9.87|
|工业富联|601138.SH|2021-11-04|2308.58|353.33|13.24|11.76|2.09|2.09|30.01|14.07|0.53|0.51|1.72|2.15|181.62|2849.98|2070.51|9.81|
|工业富联|601138.SH|2021-11-03|2278.78|348.77|13.07|11.61|2.07|2.07|29.62|13.89|0.53|0.5|1.74|2.18|179.28|2820.18|2040.71|9.66|
|工业富联|601138.SH|2021-11-02|2270.83|347.55|13.03|11.57|2.06|2.06|29.52|13.84|0.53|0.5|1.75|2.19|178.65|2812.24|2032.76|9.63|
|工业富联|601138.SH|2021-11-01|2272.82|347.86|13.04|11.58|2.06|2.06|29.54|13.86|0.53|0.5|1.75|2.19|178.81|2814.22|2034.75|9.64|
|工业富联|601138.SH|2021-10-29|2254.94|345.12|12.94|11.8|2.13|2.13|29.31|10.97|0.52|0.5|1.76|2.2|202.38|2758.53|1885.13|8.93|
|工业富联|601138.SH|2021-10-28|2217.19|339.34|12.72|11.6|2.1|2.1|28.82|10.78|0.51|0.49|1.79|2.24|198.99|2720.79|1847.39|8.75|
|工业富联|601138.SH|2021-10-27|2241.03|342.99|12.86|11.72|2.12|2.12|29.13|10.9|0.52|0.5|1.77|2.22|201.13|2744.63|1871.23|8.86|
|工业富联|601138.SH|2021-10-26|2270.83|347.55|13.03|11.88|2.15|2.15|29.52|11.05|0.53|0.5|1.75|2.19|203.81|2774.43|1901.03|9|
|工业富联|601138.SH|2021-10-25|2260.9|346.03|12.97|11.83|2.14|2.14|29.39|11|0.52|0.5|1.76|2.2|202.91|2764.49|1891.1|8.96|
|工业富联|601138.SH|2021-10-22|2292.68|350.9|13.15|11.99|2.17|2.17|29.8|11.15|0.53|0.51|1.73|2.17|205.77|2796.28|1922.88|9.11|
|工业富联|601138.SH|2021-10-21|2282.75|349.38|13.1|11.94|2.16|2.16|29.67|11.1|0.53|0.51|1.74|2.18|204.88|2786.35|1912.95|9.06|
|工业富联|601138.SH|2021-10-20|2302.62|352.42|13.21|12.05|2.18|2.18|29.93|11.2|0.53|0.51|1.73|2.16|206.66|2806.21|1932.82|9.15|
|工业富联|601138.SH|2021-10-19|2312.55|353.94|13.27|12.1|2.19|2.19|30.06|11.25|0.54|0.51|1.72|2.15|207.55|2816.15|1942.75|9.2|
|工业富联|601138.SH|2021-10-18|2300.63|352.11|13.2|12.03|2.18|2.18|29.9|11.19|0.53|0.51|1.73|2.16|206.48|2804.23|1930.83|9.14|
|工业富联|601138.SH|2021-10-15|2330.43|356.67|13.37|12.19|2.21|2.2|30.29|11.34|0.54|0.52|1.71|2.13|209.16|2834.03|1960.63|9.29|
|工业富联|601138.SH|2021-10-14|2356.26|360.63|13.52|12.33|2.23|2.23|30.63|11.46|0.55|0.52|1.69|2.11|211.47|2859.86|1986.46|9.41|
|工业富联|601138.SH|2021-10-13|2362.22|361.54|13.55|12.36|2.24|2.23|30.7|11.49|0.55|0.52|1.68|2.1|212.01|2865.82|1992.42|9.44|
|工业富联|601138.SH|2021-10-12|2360.23|361.23|13.54|12.35|2.23|2.23|30.68|11.48|0.55|0.52|1.68|2.1|211.83|2863.83|1990.43|9.43|
|工业富联|601138.SH|2021-10-11|2409.89|368.82|13.83|12.61|2.28|2.28|31.32|11.72|0.56|0.53|1.65|2.06|216.29|2913.48|2040.08|9.66|
|工业富联|601138.SH|2021-10-08|2407.9|368.52|13.81|12.6|2.28|2.28|31.3|11.71|0.56|0.53|1.65|2.06|216.11|2911.5|2038.1|9.65|
|工业富联|601138.SH|2021-09-30|2308.56|353.31|13.24|12.08|2.18|2.18|30.01|11.23|0.53|0.51|1.72|2.15|207.19|2812.16|1938.76|9.18|
|工业富联|601138.SH|2021-09-29|2352.27|360|13.49|12.3|2.23|2.23|30.57|11.44|0.54|0.52|1.69|2.11|211.12|2855.87|1982.47|9.39|
|工业富联|601138.SH|2021-09-28|2344.32|358.79|13.45|12.26|2.22|2.22|30.47|11.4|0.54|0.52|1.7|2.12|210.4|2847.92|1974.52|9.35|
|工业富联|601138.SH|2021-09-27|2358.23|360.92|13.53|12.34|2.23|2.23|30.65|11.47|0.55|0.52|1.69|2.11|211.65|2861.83|1988.43|9.42|
|工业富联|601138.SH|2021-09-24|2356.25|360.4|13.52|12.33|2.23|2.23|30.63|11.46|0.55|0.52|1.69|2.11|211.47|2859.84|1986.44|9.41|
|工业富联|601138.SH|2021-09-23|2399.95|367.09|13.77|12.55|2.27|2.27|31.19|11.67|0.56|0.53|1.66|2.07|215.39|2903.55|2030.15|9.61|
|工业富联|601138.SH|2021-09-22|2322.47|355.24|13.32|12.15|2.2|2.2|30.19|11.3|0.54|0.51|1.71|2.14|208.44|2826.07|1952.67|9.25|
|工业富联|601138.SH|2021-09-17|2334.39|357.06|13.39|12.21|2.21|2.21|30.34|11.36|0.54|0.52|1.7|2.13|209.51|2837.99|1964.59|9.3|
|工业富联|601138.SH|2021-09-16|2334.39|357.06|13.39|12.21|2.21|2.21|30.34|11.36|0.54|0.52|1.7|2.13|209.51|2837.99|1964.59|9.3|
|工业富联|601138.SH|2021-09-15|2344.32|358.58|13.45|12.26|2.22|2.22|30.47|11.4|0.54|0.52|1.7|2.12|210.4|2847.92|1974.52|9.35|
|工业富联|601138.SH|2021-09-14|2372.14|362.84|13.61|12.41|2.24|2.24|30.83|11.54|0.55|0.53|1.68|2.09|212.9|2875.74|2002.34|9.48|
|工业富联|601138.SH|2021-09-13|2417.83|369.82|13.87|12.65|2.29|2.29|31.43|11.76|0.56|0.54|1.64|2.05|217|2921.43|2048.03|9.7|
|工业富联|601138.SH|2021-09-10|2423.79|370.74|13.91|12.68|2.29|2.29|31.5|11.79|0.56|0.54|1.64|2.05|217.53|2927.39|2053.99|9.73|
|工业富联|601138.SH|2021-09-09|2419.82|370.13|13.88|12.66|2.29|2.29|31.45|11.77|0.56|0.54|1.64|2.05|217.18|2923.42|2050.02|9.71|
|工业富联|601138.SH|2021-09-08|2421.81|370.43|13.89|12.67|2.29|2.29|31.48|11.78|0.56|0.54|1.64|2.05|217.36|2925.4|2052.01|9.72|
|工业富联|601138.SH|2021-09-07|2417.83|369.82|13.87|12.65|2.29|2.29|31.43|11.76|0.56|0.54|1.64|2.05|217|2921.43|2048.03|9.7|
|工业富联|601138.SH|2021-09-06|2393.99|366.18|13.73|12.52|2.27|2.27|31.12|11.64|0.55|0.53|1.66|2.07|214.86|2897.59|2024.19|9.59|
|工业富联|601138.SH|2021-09-03|2384.06|364.66|13.68|12.47|2.26|2.26|30.99|11.6|0.55|0.53|1.67|2.08|213.97|2887.66|2014.26|9.54|
|工业富联|601138.SH|2021-09-02|2334.39|357.06|13.39|12.21|2.21|2.21|30.34|11.36|0.54|0.52|1.7|2.13|209.51|2837.99|1964.59|9.3|
|工业富联|601138.SH|2021-09-01|2326.44|355.85|13.35|12.17|2.2|2.2|30.24|11.32|0.54|0.52|1.71|2.13|208.8|2830.04|1956.64|9.27|
|工业富联|601138.SH|2021-08-31|2280.75|348.86|13.08|11.93|2.16|2.16|29.64|11.09|0.53|0.51|1.74|2.18|204.7|2784.35|1910.95|9.05|
|工业富联|601138.SH|2021-08-30|2286.71|349.77|13.12|11.96|2.16|2.16|29.72|11.12|0.53|0.51|1.74|2.17|205.23|2790.31|1916.91|9.08|
|工业富联|601138.SH|2021-08-27|2326.44|355.85|13.35|12.17|2.2|2.2|30.24|11.32|0.54|0.52|1.71|2.13|208.8|2830.04|1956.64|9.27|
|工业富联|601138.SH|2021-08-26|2322.47|355.24|13.32|12.15|2.2|2.2|30.19|11.3|0.54|0.51|1.71|2.14|208.44|2826.07|1952.67|9.25|
|工业富联|601138.SH|2021-08-25|2380.09|364.05|13.65|12.45|2.25|2.25|30.94|11.58|0.55|0.53|1.67|2.09|213.61|2883.68|2010.28|9.52|
|工业富联|601138.SH|2021-08-24|2393.99|366.18|13.73|12.52|2.27|2.27|31.12|11.64|0.55|0.53|1.66|2.07|214.86|2897.59|2024.19|9.59|
|工业富联|601138.SH|2021-08-23|2392.01|365.87|13.72|12.51|2.26|2.26|31.09|11.64|0.55|0.53|1.66|2.08|214.68|2895.6|2022.2|9.58|
|工业富联|601138.SH|2021-08-20|2360.22|361.01|13.54|12.35|2.23|2.23|30.68|11.48|0.55|0.52|1.68|2.1|211.83|2863.82|1990.42|9.43|
|工业富联|601138.SH|2021-08-19|2354.26|360.1|13.51|12.32|2.23|2.23|30.6|11.45|0.55|0.52|1.69|2.11|211.29|2857.86|1984.46|9.4|
|工业富联|601138.SH|2021-08-18|2433.73|372.26|13.96|12.73|2.3|2.3|31.63|11.84|0.56|0.54|1.63|2.04|218.43|2937.32|2063.93|9.77|
|工业富联|601138.SH|2021-08-17|2388.03|365.27|13.7|12.49|2.26|2.26|31.04|11.62|0.55|0.53|1.66|2.08|214.32|2891.63|2018.23|9.56|
|工业富联|601138.SH|2021-08-16|2437.7|372.86|13.98|12.75|2.31|2.31|31.68|11.86|0.56|0.54|1.63|2.04|218.78|2941.3|2067.9|9.79|
|工业富联|601138.SH|2021-08-13|2352.27|359.8|13.49|12.3|2.23|2.23|30.57|11.44|0.54|0.52|1.69|2.11|211.12|2855.87|1982.47|9.39|
|工业富联|601138.SH|2021-08-12|2334.39|357.06|13.39|12.21|2.21|2.21|30.34|11.36|0.54|0.52|1.7|2.13|209.51|2837.99|1964.59|9.3|
|工业富联|601138.SH|2021-08-11|2340.35|357.97|13.43|12.24|2.21|2.21|30.42|11.38|0.54|0.52|1.7|2.12|210.05|2843.95|1970.55|9.33|
|工业富联|601138.SH|2021-08-10|2411.87|368.91|13.84|12.86|2.26|2.36|31.35|15.59|0.56|0.54|1.65|2.06|842.38|2885.46|2006.83|9.5|
|工业富联|601138.SH|2021-08-09|2390.02|365.57|13.71|12.75|2.24|2.34|31.06|15.45|0.55|0.53|1.66|2.08|834.74|2863.6|1984.97|9.4|
|工业富联|601138.SH|2021-08-06|2350.28|359.49|13.48|12.53|2.2|2.3|30.55|15.2|0.54|0.52|1.69|2.11|820.87|2823.87|1945.24|9.21|
|工业富联|601138.SH|2021-08-05|2354.26|360.1|13.51|12.55|2.2|2.31|30.6|15.22|0.55|0.52|1.69|2.11|822.25|2827.84|1949.21|9.23|
|工业富联|601138.SH|2021-08-04|2366.18|361.92|13.57|12.62|2.21|2.32|30.75|15.3|0.55|0.53|1.68|2.1|826.42|2839.76|1961.13|9.29|
|工业富联|601138.SH|2021-08-03|2350.28|359.49|13.48|12.53|2.2|2.3|30.55|15.2|0.54|0.52|1.69|2.11|820.87|2823.87|1945.24|9.21|
|工业富联|601138.SH|2021-08-02|2346.31|358.88|13.46|12.51|2.2|2.3|30.5|15.17|0.54|0.52|1.69|2.12|819.48|2819.9|1941.26|9.19|
|工业富联|601138.SH|2021-07-30|2229.1|340.96|12.79|11.89|2.09|2.18|28.97|14.41|0.52|0.5|1.78|2.23|778.54|2702.68|1824.05|8.64|
|工业富联|601138.SH|2021-07-29|2183.4|333.97|12.53|11.64|2.04|2.14|28.38|14.12|0.51|0.49|1.82|2.27|762.58|2656.98|1778.35|8.42|
|工业富联|601138.SH|2021-07-28|2185.39|334.27|12.54|11.65|2.05|2.14|28.4|14.13|0.51|0.49|1.82|2.27|763.27|2658.97|1780.34|8.43|
|工业富联|601138.SH|2021-07-27|2241.02|342.78|12.86|11.95|2.1|2.2|29.13|14.49|0.52|0.5|1.77|2.22|782.7|2714.6|1835.97|8.69|
|工业富联|601138.SH|2021-07-26|2308.56|353.11|13.24|12.31|2.16|2.16|30.01|14.93|0.53|0.51|1.72||806.29|2782.15|1903.52|9.01|
|工业富联|601138.SH|2021-07-23|2336.38|357.37|13.4|12.46|2.19|2.18|30.37|15.11|0.54|0.52|1.7||816.01|2809.96|1931.33|9.15|
|工业富联|601138.SH|2021-07-22|2326.44|355.85|13.35|12.41|2.18|2.17|30.24|15.04|0.54|0.52|1.71||812.54|2800.03|1921.4|9.1|
|工业富联|601138.SH|2021-07-21|2338.36|357.67|13.42|12.47|2.19|2.19|30.39|15.12|0.54|0.52|1.7||816.7|2811.95|1933.32|9.16|
|工业富联|601138.SH|2021-07-20|2328.43|356.15|13.36|12.42|2.18|2.18|30.26|15.06|0.54|0.52|1.71||813.23|2802.02|1923.38|9.11|
|工业富联|601138.SH|2021-07-19|2296.64|351.29|13.18|12.25|2.15|2.15|29.85|14.85|0.53|0.51|1.73||802.13|2770.23|1891.6|8.96|
|工业富联|601138.SH|2021-07-16|2282.74|349.16|13.1|12.17|2.14|2.13|29.67|14.76|0.53|0.51|1.74||797.27|2756.32|1877.69|8.89|
|工业富联|601138.SH|2021-07-15|2334.39|357.06|13.39|12.45|2.18|2.18|30.34|15.09|0.54|0.52|1.7||815.31|2807.97|1929.34|9.14|
|工业富联|601138.SH|2021-07-14|2312.54|353.72|13.27|12.33|2.16|2.16|30.06|14.95|0.54|0.51|1.72||807.68|2786.12|1907.49|9.03|
|工业富联|601138.SH|2021-07-13|2392|365.87|13.72|12.76|2.24|2.24|31.09|15.47|0.55|0.53|1.66||835.44|2865.59|1986.96|9.41|
|工业富联|601138.SH|2021-07-12|2384.06|364.66|13.68|12.71|2.23|2.23|30.99|15.41|0.55|0.53|1.67||832.66|2857.64|1979.01|9.37|
|工业富联|601138.SH|2021-07-09|2374.12|363.14|13.62|12.66|2.22|2.22|30.86|15.35|0.55|0.53|1.67||829.19|2847.71|1969.08|9.33|
|工业富联|601138.SH|2021-07-08|2390.02|365.57|13.71|12.75|2.24|2.23|31.06|15.45|0.55|0.53|1.66||834.74|2863.6|1984.97|9.4|
|工业富联|601138.SH|2021-07-07|2413.86|369.22|13.85|12.87|2.26|2.26|31.37|15.61|0.56|0.54|1.65||843.07|2887.44|2008.81|9.51|
|工业富联|601138.SH|2021-07-06|2429.75|371.65|13.94|12.96|2.27|2.27|31.58|15.71|0.56|0.54|1.64||848.62|2903.34|2024.71|9.59|
|工业富联|601138.SH|2021-07-05|2422.19|370.43|13.9|12.92|2.27|2.26|31.48|15.66|0.56|0.54|1.64||845.98|2895.77|2017.14|9.55|
|工业富联|601138.SH|2021-07-02|2378.43|363.71|13.64|12.68|2.23|2.22|30.91|15.38|0.55|0.53|1.67||830.7|2852.02|1973.39|9.35|
|工业富联|601138.SH|2021-07-01|2444|373.73|14.02|13.03|2.29|2.28|31.77|15.8|0.57|0.54|1.63||853.6|2917.59|2038.96|9.66|
|工业富联|601138.SH|2021-06-30|2465.86|377.08|14.15|13.15|2.31|2.3|32.05|15.94|0.57|0.55|1.61||861.23|2939.44|2060.81|9.76|
|工业富联|601138.SH|2021-06-29|2465.86|377.08|14.15|13.15|2.31|2.3|32.05|15.94|0.57|0.55|1.61|1.61|861.23|2939.44|2060.81|9.76|
|工业富联|601138.SH|2021-06-28|2499.64|382.24|14.34|13.33|2.34|2.34|32.49|16.16|0.58|0.56|1.59|1.59|873.03|2973.22|2094.59|9.92|
|工业富联|601138.SH|2021-06-25|2505.6|383.15|14.37|13.36|2.35|2.34|32.57|16.2|0.58|0.56|1.59|1.59|875.11|2979.18|2100.55|9.95|
|工业富联|601138.SH|2021-06-24|2517.52|384.98|14.44|13.43|2.36|2.35|32.72|16.28|0.58|0.56|1.58|1.58|879.28|2991.11|2112.48|10|
|工业富联|601138.SH|2021-06-23|2495.67|381.63|14.32|13.31|2.34|2.33|32.44|16.14|0.58|0.55|1.59|1.59|871.64|2969.25|2090.62|9.9|
|工业富联|601138.SH|2021-06-22|2445.99|374.04|14.03|13.04|2.29|2.29|31.79|15.82|0.57|0.54|1.62|1.62|854.29|2919.57|2040.94|9.67|
|工业富联|601138.SH|2021-06-21|2459.9|376.17|14.11|13.12|2.3|2.3|31.97|15.91|0.57|0.55|1.62|1.62|859.15|2933.48|2054.85|9.73|
|工业富联|601138.SH|2021-06-18|2481.76|379.51|14.24|13.23|2.32|2.32|32.26|16.05|0.57|0.55|1.6|1.6|866.78|2955.34|2076.71|9.83|
|工业富联|601138.SH|2021-06-17|2473.81|378.29|14.19|13.19|2.32|2.31|32.15|16|0.57|0.55|1.61|1.61|864.01|2947.39|2068.76|9.8|
|工业富联|601138.SH|2021-06-16|2447.98|374.34|14.04|13.05|2.29|2.29|31.82|15.83|0.57|0.54|1.62|1.62|854.99|2921.56|2042.93|9.67|
|工业富联|601138.SH|2021-06-15|2493.68|381.33|14.31|13.3|2.33|2.33|32.41|16.12|0.58|0.55|1.59|1.59|870.95|2967.26|2088.63|9.89|
|工业富联|601138.SH|2021-06-11|2483.74|379.81|14.25|13.25|2.32|2.32|32.28|16.06|0.58|0.55|1.6|1.6|867.48|2957.33|2078.7|9.84|
|工业富联|601138.SH|2021-06-10|2495.67|381.63|14.32|13.31|2.34|2.33|32.44|16.14|0.58|0.55|1.59|1.59|871.64|2969.25|2090.62|9.9|
|工业富联|601138.SH|2021-06-09|2491.69|381.03|14.29|13.29|2.33|2.33|32.39|16.11|0.58|0.55|1.6|1.6|870.25|2965.28|2086.65|9.88|
|工业富联|601138.SH|2021-06-08|2485.73|380.12|14.26|13.26|2.33|2.32|32.31|16.07|0.58|0.55|1.6|1.6|868.17|2959.31|2080.68|9.85|
|工业富联|601138.SH|2021-06-07|2481.76|365.9|14.24|13.23|2.32|2.32|32.26|16.05|0.57|0.55|1.6|1.6|866.78|2955.34|2076.71|9.83|
|工业富联|601138.SH|2021-06-04|2428.11|357.99|13.93|12.95|2.27|2.27|31.56|15.7|0.56|0.54|1.64|1.64|848.05|2901.69|2023.06|9.58|
|工业富联|601138.SH|2021-06-03|2436.06|359.16|13.98|12.99|2.28|2.28|31.66|15.75|0.56|0.54|1.63|1.63|850.82|2909.64|2031.01|9.62|
|工业富联|601138.SH|2021-06-02|2428.11|357.99|13.93|12.95|2.27|2.27|31.56|15.7|0.56|0.54|1.64|1.64|848.05|2901.69|2023.06|9.58|
|工业富联|601138.SH|2021-06-01|2469.83|364.14|14.17|13.17|2.31|2.31|32.1|15.97|0.57|0.55|1.61|1.61|862.62|2943.42|2064.79|9.78|
|工业富联|601138.SH|2021-05-31|2468.15|363.85|14.16|13.16|2.31|2.31|32.08|15.96|0.57|0.55|1.61|1.61|862.03|2941.73|2063.1|9.77|
|工业富联|601138.SH|2021-05-28|2454.24|361.8|14.08|13.09|2.3|2.29|31.9|15.87|0.57|0.55|1.62|1.62|857.17|2927.82|2049.19|9.7|
|工业富联|601138.SH|2021-05-27|2507.89|369.71|14.39|13.37|2.35|2.34|32.6|16.22|0.58|0.56|1.58|1.58|875.91|2981.48|2102.85|9.96|
|工业富联|601138.SH|2021-05-26|2495.97|364.43|14.32|13.31|2.34|2.34|32.44|16.14|0.58|0.55|1.59|1.59|871.75|2969.55|2090.92|9.9|
|工业富联|601138.SH|2021-05-25|2511.87|366.75|14.41|13.4|2.35|2.35|32.65|16.24|0.58|0.56|1.58|1.58|877.3|2985.45|2106.82|9.98|
|工业富联|601138.SH|2021-05-24|2493.98|364.14|14.31|13.3|2.33|2.33|32.42|16.13|0.58|0.55|1.59|1.59|871.05|2967.57|2088.94|9.89|
|工业富联|601138.SH|2021-05-21|2605.27|380.39|14.95|13.89|2.44|2.44|33.86|16.85|0.6|0.58|1.53|1.53|909.92|3078.85|2200.22|10.42|
|工业富联|601138.SH|2021-05-20|2627.13|383.58|15.07|14.01|2.46|2.46|34.15|16.99|0.61|0.58|1.51|1.51|917.56|3100.71|2222.08|10.52|
|工业富联|601138.SH|2021-05-19|2625.14|383.29|15.06|14|2.46|2.46|34.12|16.97|0.61|0.58|1.51|1.51|916.86|3098.73|2220.09|10.51|
|工业富联|601138.SH|2021-05-18|2652.96|387.35|15.22|14.15|2.48|2.48|34.48|17.15|0.61|0.59|1.5|1.5|926.58|3126.55|2247.92|10.65|
|工业富联|601138.SH|2021-05-17|2643.03|385.9|15.16|14.1|2.47|2.47|34.35|17.09|0.61|0.59|1.5|1.5|923.11|3116.61|2237.98|10.6|
|工业富联|601138.SH|2021-05-14|2678.8|391.12|15.37|14.29|2.51|2.51|34.82|17.32|0.62|0.6|1.48|1.48|935.6|3152.38|2273.75|10.77|
|工业富联|601138.SH|2021-05-13|2658.92|388.22|15.25|14.18|2.49|2.49|34.56|17.19|0.62|0.59|1.49|1.49|928.66|3132.51|2253.88|10.67|
|工业富联|601138.SH|2021-05-12|2686.75|392.29|15.41|14.33|2.51|2.51|34.92|17.37|0.62|0.6|1.48|1.48|938.38|3160.33|2281.7|10.81|
|工业富联|601138.SH|2021-05-11|2680.78|391.41|15.38|14.3|2.51|2.51|34.84|17.33|0.62|0.6|1.48|1.48|936.3|3154.37|2275.74|10.78|
|工业富联|601138.SH|2021-05-10|2686.75|392.29|15.41|14.33|2.51|2.51|34.92|17.37|0.62|0.6|1.48|1.48|938.38|3160.33|2281.7|10.81|
|工业富联|601138.SH|2021-05-07|2672.83|390.25|15.33|14.25|2.5|2.5|34.74|17.28|0.62|0.59|1.49|1.49|933.52|3146.42|2267.79|10.74|
|工业富联|601138.SH|2021-05-06|2716.55|396.64|15.58|14.49|2.54|2.54|35.31|17.56|0.63|0.6|1.46|1.46|948.79|3190.14|2311.51|10.95|
|工业富联|601138.SH|2021-04-30|2734.44|399.25|15.69|14.58|2.56|2.56|35.54|17.68|0.63|0.61|1.45|1.45|955.04|3208.02|2329.39|11.03|
|工业富联|601138.SH|2021-04-29|2921.24|426.52|16.76|16.76|2.82|2.81|37.97|37.97|0.68|0.68|1.36|1.36|-2489.26|3363.47|2582.91|12.23|
|工业富联|601138.SH|2021-04-28|2891.43|422.17|16.59|16.59|2.79|2.79|37.58|37.58|0.67|0.67|1.37|1.37|-2463.86|3333.67|2553.1|12.09|
|工业富联|601138.SH|2021-04-27|2865.6|418.4|16.44|16.44|2.76|2.76|37.25|37.25|0.66|0.66|1.39|1.39|-2441.85|3307.83|2527.27|11.97|
|工业富联|601138.SH|2021-04-26|2851.69|416.37|16.36|16.36|2.75|2.75|37.06|37.06|0.66|0.66|1.39|1.39|-2429.99|3293.92|2513.35|11.9|
|工业富联|601138.SH|2021-04-23|2817.9|411.44|16.17|16.17|2.72|2.72|36.63|36.63|0.65|0.65|1.41|1.41|-2401.21|3260.14|2479.57|11.74|
|工业富联|601138.SH|2021-04-22|2817.9|411.44|16.17|16.17|2.72|2.72|36.63|36.63|0.65|0.65|1.41|1.41|-2401.21|3260.14|2479.57|11.74|
|工业富联|601138.SH|2021-04-21|2865.6|418.4|16.44|16.44|2.76|2.76|37.25|37.25|0.66|0.66|1.39|1.39|-2441.85|3307.83|2527.27|11.97|
|工业富联|601138.SH|2021-04-20|2857.65|417.24|16.39|16.39|2.75|2.75|37.14|37.14|0.66|0.66|1.39|1.39|-2435.07|3299.88|2519.32|11.93|
|工业富联|601138.SH|2021-04-19|2923.23|426.81|16.77|16.77|2.82|2.82|37.99|37.99|0.68|0.68|1.36|1.36|-2490.96|3365.46|2584.9|12.24|
|工业富联|601138.SH|2021-04-16|2861.62|417.82|16.42|16.42|2.76|2.76|37.19|37.19|0.66|0.66|1.39|1.39|-2438.46|3303.86|2523.29|11.95|
|工业富联|601138.SH|2021-04-15|2857.65|417.24|16.39|16.39|2.75|2.75|37.14|37.14|0.66|0.66|1.39|1.39|-2435.07|3299.88|2519.32|11.93|
|工业富联|601138.SH|2021-04-14|2881.49|420.72|16.53|16.53|2.78|2.78|37.45|37.45|0.67|0.67|1.38|1.38|-2455.39|3323.73|2543.16|12.04|
|工业富联|601138.SH|2021-04-13|2879.51|420.43|16.52|16.52|2.78|2.77|37.43|37.43|0.67|0.67|1.38|1.38|-2453.7|3321.74|2541.18|12.03|
|工业富联|601138.SH|2021-04-12|2794.06|407.95|16.03|16.03|2.69|2.69|36.32|36.32|0.65|0.65|1.42|1.42|-2380.89|3236.29|2455.73|11.63|
|工业富联|601138.SH|2021-04-09|2794.06|407.95|16.03|16.03|2.69|2.69|36.32|36.32|0.65|0.65|1.42|1.42|-2380.89|3236.29|2455.73|11.63|
|工业富联|601138.SH|2021-04-08|2853.67|416.66|16.37|16.37|2.75|2.75|37.09|37.09|0.66|0.66|1.39|1.39|-2431.69|3295.91|2515.34|11.91|
|工业富联|601138.SH|2021-04-07|2857.65|417.24|16.39|16.39|2.75|2.75|37.14|37.14|0.66|0.66|1.39|1.39|-2435.07|3299.88|2519.32|11.93|
|工业富联|601138.SH|2021-04-06|2813.93|410.85|16.14|16.14|2.71|2.71|36.57|36.57|0.65|0.65|1.41|1.41|-2397.82|3256.16|2475.6|11.72|
|工业富联|601138.SH|2021-04-02|2811.94|410.56|16.13|16.13|2.71|2.71|36.55|36.55|0.65|0.65|1.41|1.41|-2396.13|3254.18|2473.61|11.71|
|工业富联|601138.SH|2021-04-01|2865.6|418.4|16.44|16.44|2.76|2.76|37.25|37.25|0.66|0.66|1.39|1.39|-2441.85|3307.83|2527.27|11.97|
|工业富联|601138.SH|2021-03-31|2855.66|416.95|16.38|16.38|2.75|2.75|37.12|37.12|0.66|0.66|1.39|1.39|-2433.38|3297.9|2517.33|11.92|
|工业富联|601138.SH|2021-03-30|2853.67|416.66|16.37|16.37|2.75|2.75|37.09|37.09|0.66|0.66|1.39|1.39|-2431.69|3295.91|2515.34|11.91|
|工业富联|601138.SH|2021-03-29|2712.34|395.82|14.58|15.74|2.85|2.85|42.12|-67.54|0.66|0.66|1.47|1.47||3216.19|2520.95|10.91|
|工业富联|601138.SH|2021-03-26|2789.84|407.13|14.99|16.19|2.93|2.93|43.33|-69.47|0.68|0.68|1.42|1.42||3293.68|2598.44|11.25|
|工业富联|601138.SH|2021-03-25|2746.12|400.75|14.76|15.94|2.89|2.89|42.65|-68.38|0.67|0.67|1.45|1.45||3249.97|2554.73|11.06|
|工业富联|601138.SH|2021-03-24|2754.07|401.91|14.8|15.99|2.9|2.9|42.77|-68.58|0.67|0.67|1.44|1.44||3257.92|2562.68|11.09|
|工业富联|601138.SH|2021-03-23|2712.34|395.82|14.58|15.74|2.85|2.85|42.12|-67.54|0.66|0.66|1.47|1.47||3216.19|2520.95|10.91|
|工业富联|601138.SH|2021-03-22|2692.47|392.92|14.47|15.63|2.83|2.83|41.81|-67.04|0.66|0.65|1.48|1.48||3196.32|2501.08|10.82|
|工业富联|601138.SH|2021-03-19|2682.54|391.47|14.42|15.57|2.82|2.82|41.66|-66.79|0.66|0.65|1.48|1.48||3186.38|2491.14|10.78|
|工业富联|601138.SH|2021-03-18|2686.51|392.05|14.44|15.59|2.83|2.82|41.72|-66.89|0.66|0.65|1.48|1.48||3190.35|2495.12|10.8|
|工业富联|601138.SH|2021-03-17|2692.47|392.92|14.47|15.63|2.83|2.83|41.81|-67.04|0.66|0.65|1.48|1.48||3196.32|2501.08|10.82|
|工业富联|601138.SH|2021-03-16|2676.58|390.6|14.39|15.54|2.82|2.81|41.57|-66.65|0.65|0.65|1.48|1.48||3180.42|2485.18|10.76|
|工业富联|601138.SH|2021-03-15|2646.77|386.25|14.23|15.36|2.78|2.78|41.1|-65.9|0.65|0.64|1.5|1.5||3150.61|2455.37|10.63|
|工业富联|601138.SH|2021-03-12|2688.5|392.34|14.45|15.61|2.83|2.83|41.75|-66.94|0.66|0.65|1.48|1.48||3192.34|2497.1|10.81|
|工业富联|601138.SH|2021-03-11|2716.32|396.4|14.6|15.77|2.86|2.86|42.18|-67.64|0.66|0.66|1.46|1.46||3220.16|2524.92|10.93|
|工业富联|601138.SH|2021-03-10|2728.24|398.14|14.66|15.84|2.87|2.87|42.37|-67.93|0.67|0.66|1.46|1.46||3232.08|2536.84|10.98|
|工业富联|601138.SH|2021-03-09|2762.02|403.07|14.84|16.03|2.91|2.9|42.89|-68.77|0.68|0.67|1.44|1.44||3265.86|2570.62|11.12|
|工业富联|601138.SH|2021-03-08|2722.28|397.27|14.63|15.8|2.86|2.86|42.28|-67.78|0.67|0.66|1.46|1.46||3226.12|2530.88|10.95|
|工业富联|601138.SH|2021-03-05|2732.21|398.72|14.68|15.86|2.87|2.87|42.43|-68.03|0.67|0.66|1.45|1.45||3236.06|2540.82|11|
|工业富联|601138.SH|2021-03-04|2708.37|395.24|14.56|15.72|2.85|2.85|42.06|-67.44|0.66|0.66|1.47|1.47||3212.21|2516.97|10.89|
|工业富联|601138.SH|2021-03-03|2762.02|403.07|14.84|16.03|2.91|2.9|42.89|-68.77|0.68|0.67|1.44|1.44||3265.86|2570.62|11.12|
|工业富联|601138.SH|2021-03-02|2698.43|393.79|14.5|15.66|2.84|2.84|41.91|-67.19|0.66|0.66|1.47|1.47||3202.28|2507.04|10.85|
|工业富联|601138.SH|2021-03-01|2752.08|401.62|14.79|15.98|2.9|2.89|42.74|-68.53|0.67|0.67|1.44|1.44||3255.93|2560.69|11.08|
|工业富联|601138.SH|2021-02-26|2744.14|400.46|14.75|15.93|2.89|2.89|42.62|-68.33|0.67|0.67|1.45|1.45||3247.98|2552.74|11.05|
|工业富联|601138.SH|2021-02-25|2765.99|403.65|14.87|16.06|2.91|2.91|42.95|-68.87|0.68|0.67|1.44|1.44||3269.84|2574.6|11.14|
|工业富联|601138.SH|2021-02-24|2791.83|407.42|15|16.21|2.94|2.94|43.36|-69.52|0.68|0.68|1.42|1.42||3295.67|2600.43|11.25|
|工业富联|601138.SH|2021-02-23|2740.16|399.88|14.73|15.91|2.88|2.88|42.55|-68.23|0.67|0.67|1.45|1.45||3244.01|2548.77|11.03|
|工业富联|601138.SH|2021-02-22|2775.93|405.1|14.92|16.11|2.92|2.92|43.11|-69.12|0.68|0.67|1.43|1.43||3279.77|2584.53|11.19|
|工业富联|601138.SH|2021-02-19|2819.64|411.48|15.15|16.37|2.97|2.96|43.79|-70.21|0.69|0.69|1.41|1.41||3323.49|2628.25|11.37|
|工业富联|601138.SH|2021-02-18|2773.94|404.81|14.91|16.1|2.92|2.92|43.08|-69.07|0.68|0.67|1.43|1.43||3277.79|2582.55|11.18|
|工业富联|601138.SH|2021-02-10|2789.84|407.13|14.99|16.19|2.93|2.93|43.33|-69.47|0.68|0.68|1.42|1.42||3293.68|2598.44|11.25|
|工业富联|601138.SH|2021-02-09|2706.38|394.95|14.55|15.71|2.85|2.85|42.03|-67.39|0.66|0.66|1.47|1.47||3210.23|2514.99|10.88|
|工业富联|601138.SH|2021-02-08|2632.86|384.22|14.15|15.28|2.77|2.77|40.89|-65.56|0.64|0.64|1.51|1.51||3136.7|2441.46|10.57|
|工业富联|601138.SH|2021-02-05|2624.91|383.06|14.11|15.24|2.76|2.76|40.76|-65.36|0.64|0.64|1.51|1.51||3128.76|2433.52|10.53|
|工业富联|601138.SH|2021-02-04|2686.51|392.05|14.44|15.59|2.83|2.82|41.72|-66.89|0.66|0.65|1.48|1.48||3190.35|2495.12|10.8|
|工业富联|601138.SH|2021-02-03|2636.83|384.8|14.17|15.31|2.77|2.77|40.95|-65.66|0.65|0.64|1.51|1.51||3140.68|2445.44|10.58|
|工业富联|601138.SH|2021-02-02|2722.28|397.27|14.63|15.8|2.86|2.86|42.28|-67.78|0.67|0.66|1.46|1.46||3226.12|2530.88|10.95|
|工业富联|601138.SH|2021-02-01|2762.02|403.07|14.84|16.03|2.91|2.9|42.89|-68.77|0.68|0.67|1.44|1.44||3265.86|2570.62|11.12|
|工业富联|601138.SH|2021-01-29|2839.52|414.38|15.26|16.48|2.99|2.99|44.1|-70.7|0.69|0.69|1.4|1.4||3343.36|2648.12|11.46|
|工业富联|601138.SH|2021-01-28|2823.62|412.06|15.18|16.39|2.97|2.97|43.85|-70.31|0.69|0.69|1.41|1.41||3327.46|2632.22|11.39|
|工业富联|601138.SH|2021-01-27|2952.78|430.91|15.87|17.14|3.11|3.1|45.86|-73.52|0.72|0.72|1.35|1.35||3456.62|2761.38|11.95|
|工业富联|601138.SH|2021-01-26|2944.83|429.75|15.83|17.09|3.1|3.1|45.73|-73.33|0.72|0.72|1.35|1.35||3448.67|2753.43|11.92|
|工业富联|601138.SH|2021-01-25|3020.34|440.77|16.23|17.53|3.18|3.18|46.9|-75.21|0.74|0.73|1.32|1.32||3524.18|2828.94|12.24|
|工业富联|601138.SH|2021-01-22|2930.92|427.72|15.75|17.01|3.08|3.08|45.52|-72.98|0.72|0.71|1.36|1.36||3434.76|2739.52|11.86|
|工业富联|601138.SH|2021-01-21|3018.35|440.48|16.22|17.52|3.18|3.17|46.87|-75.16|0.74|0.73|1.32|1.32||3522.19|2826.95|12.23|
|工业富联|601138.SH|2021-01-20|3008.42|439.03|16.17|17.46|3.16|3.16|46.72|-74.91|0.74|0.73|1.32|1.32||3512.26|2817.02|12.19|
|工业富联|601138.SH|2021-01-19|3000.47|437.87|16.13|17.42|3.16|3.16|46.6|-74.71|0.73|0.73|1.32|1.32||3504.31|2809.07|12.16|
|工业富联|601138.SH|2021-01-18|3155.46|459.95|16.96|18.32|3.32|3.32|49|-78.57|0.77|0.77|1.26|1.26||3659.3|2964.06|12.83|
|工业富联|601138.SH|2021-01-15|3030.27|441.7|16.29|17.59|3.19|3.19|47.06|-75.45|0.74|0.74|1.31|1.31||3534.12|2838.88|12.29|
|工业富联|601138.SH|2021-01-14|3113.73|453.86|16.73|18.07|3.28|3.27|48.36|-77.53|0.76|0.76|1.28|1.28||3617.57|2922.33|12.65|
|工业富联|601138.SH|2021-01-13|3016.36|439.67|16.21|17.51|3.17|3.17|46.84|-75.11|0.74|0.73|1.32|1.32||3520.21|2824.97|12.23|
|工业富联|601138.SH|2021-01-12|2895.15|422|15.56|16.81|3.05|3.04|44.96|-72.09|0.71|0.7|1.37|1.37||3399|2703.76|11.7|
|工业富联|601138.SH|2021-01-11|2853.42|415.92|15.34|16.56|3|3|44.31|-71.05|0.7|0.69|1.39|1.39||3357.27|2662.03|11.52|
|工业富联|601138.SH|2021-01-08|2829.58|412.45|15.21|16.43|2.98|2.98|43.94|-70.46|0.69|0.69|1.4|1.4||3333.42|2638.18|11.42|
|工业富联|601138.SH|2021-01-07|2728.24|397.67|14.66|15.84|2.87|2.87|42.37|-67.93|0.67|0.66|1.46|1.46||3232.08|2536.84|10.98|
|工业富联|601138.SH|2021-01-06|2756.06|401.73|14.81|16|2.9|2.9|42.8|-68.63|0.67|0.67|1.44|1.44||3259.9|2564.66|11.1|
|工业富联|601138.SH|2021-01-05|2771.9|403.99|14.9|16.09|2.92|2.92|43.05|-69.02|0.68|0.67|1.43|1.43||3275.74|2580.5|11.17|
|工业富联|601138.SH|2021-01-04|2742.09|399.65|14.74|15.92|2.88|2.88|42.58|-68.28|0.67|0.67|1.45|1.45||3245.94|2550.7|11.04|",2026-07-18T11:26:02.910521+08:00
