vendor,tool_name,query,result_index,api_name,title,score,table_markdown,retrieved_at
gildata,FinQuery,兆易创新2017年1月至2026年7月市盈率TTM历史走势,1,股票价值分析,,,"|股票名称|股票代码|交易日|总市值（亿元）|流通市值（亿元）|市盈率PE(LYR)|市盈率PE(TTM)|市净率PB(MRQ)|市净率PB(LF)|市现率PCF(LYR)|市现率PCF(TTM)|市销率PS(LYR)|市销率PS(TTM)|股息率|滚动股息率|PEG|企业价值(含货币资金)EV1(亿元)|企业价值(剔除货币资金)EV2(亿元)|企业价值倍数EV2/EBITDA|
|----------|----------|----------|----------|----------|----------|----------|----------|----------|----------|----------|----------|----------|----------|----------|----------|----------|----------|----------|
|兆易创新|603986.SH|2026-07-17|3250.13|3096.12|197.21|113.06|12.86|13.09|152.7|90.89|35.31|28.31|0.07|0.16|520.67|3250.39|3103.45|159.22|
|兆易创新|603986.SH|2026-07-16|3611.25|3440.13|219.13|125.62|14.29|14.55|169.66|100.99|39.24|31.45|0.07|0.15|578.52|3613.52|3466.58|177.85|
|兆易创新|603986.SH|2026-07-15|4012.51|3822.37|243.47|139.58|15.88|16.17|188.51|112.22|43.6|34.94|0.06|0.13|642.8|4012.22|3865.28|198.31|
|兆易创新|603986.SH|2026-07-14|4098.12|3903.93|248.67|142.56|16.22|16.51|192.54|114.61|44.53|35.69|0.06|0.13|656.51|4103.22|3956.29|202.97|
|兆易创新|603986.SH|2026-07-13|3865.21|3682.05|234.54|134.46|15.29|15.57|181.59|108.1|42|33.66|0.06|0.14|619.2|3863.93|3716.99|190.7|
|兆易创新|603986.SH|2026-07-10|4294.68|4091.17|260.6|149.4|16.99|17.3|201.77|120.11|46.66|37.4|0.06|0.12|688|4305.92|4158.98|213.37|
|兆易创新|603986.SH|2026-07-09|4656.01|4435.38|282.52|161.97|18.42|18.76|218.75|130.21|50.59|40.55|0.05|0.11|745.89|4707.36|4560.42|233.97|
|兆易创新|603986.SH|2026-07-08|4232.74|4032.14|256.84|147.24|16.75|17.05|198.86|118.37|45.99|36.86|0.06|0.12|678.08|4255.71|4108.77|210.8|
|兆易创新|603986.SH|2026-07-07|4350.85|4144.65|264|151.35|17.22|17.53|204.41|121.68|47.27|37.89|0.05|0.12|697|4367.42|4220.48|216.53|
|兆易创新|603986.SH|2026-07-06|4591.48|4373.88|278.61|159.72|18.17|18.5|215.71|128.41|49.89|39.99|0.05|0.11|735.55|4627.39|4480.45|229.87|
|兆易创新|603986.SH|2026-07-03|4756.25|4530.84|288.6|165.46|18.82|19.16|223.46|133.02|51.68|41.42|0.05|0.11|761.94|4796.1|4649.16|238.52|
|兆易创新|603986.SH|2026-07-02|4875.83|4644.75|295.86|169.62|19.29|19.64|229.07|136.36|52.98|42.46|0.05|0.11|781.1|4925.18|4778.24|245.14|
|兆易创新|603986.SH|2026-07-01|5417.58|5160.82|328.73|188.46|21.44|21.83|254.53|151.51|58.86|47.18|0.04|0.1|867.89|5504.53|5357.59|274.87|
|兆易创新|603986.SH|2026-06-30|5719.26|5448.21|347.04|198.96|22.63|23.04|268.7|159.95|62.14|49.81|0.04|0.09|916.22|5791.92|5644.98|289.61|
|兆易创新|603986.SH|2026-06-29|5894.7|5615.33|357.68|205.06|23.32|23.75|276.94|164.85|64.05|51.34|0.04|0.09|944.32|5974.61|5827.67|298.98|
|兆易创新|603986.SH|2026-06-26|5403.47|5147.39|327.88|187.97|21.38|21.77|253.86|151.12|58.71|47.06|0.04|0.1|865.63|5461.08|5314.14|272.64|
|兆易创新|603986.SH|2026-06-25|5440.03|5182.22|330.09|189.24|21.52|21.92|255.58|152.14|59.11|47.38|0.04|0.1|871.49|5503.39|5356.45|274.81|
|兆易创新|603986.SH|2026-06-24|4947.97|4713.47|300.24|172.12|19.58|19.93|232.46|138.38|53.76|43.09|0.05|0.11|792.66|4999.37|4852.43|248.95|
|兆易创新|603986.SH|2026-06-23|4498.14|4284.97|272.94|156.48|17.8|18.12|211.33|125.8|48.87|39.17|0.05|0.12|720.6|4556.33|4409.39|226.22|
|兆易创新|603986.SH|2026-06-22|4835.5|4606.13|293.41|168.21|19.13|19.54|227.18|135.23|52.54|42.11|0.05|0.11|774.64|4908.58|4761.64|244.29|
|兆易创新|603986.SH|2026-06-18|4409.93|4200.74|267.59|153.41|17.45|17.82|207.18|123.33|47.92|38.41|0.05|0.12|706.47|4472.82|4325.88|221.94|
|兆易创新|603986.SH|2026-06-17|4108.74|3913.84|249.31|142.93|16.26|16.6|193.03|114.91|44.64|35.78|0.06|0.13|658.21|4158.14|4011.2|205.79|
|兆易创新|603986.SH|2026-06-16|3735.19|3558.01|226.65|129.94|14.78|15.09|175.48|104.46|40.58|32.53|0.06|0.14|598.37|3771.35|3624.41|185.95|
|兆易创新|603986.SH|2026-06-15|3631.71|3459.44|220.37|126.34|14.37|14.67|170.62|101.57|39.46|31.63|0.07|0.14|581.8|3668.93|3521.99|180.69|
|兆易创新|603986.SH|2026-06-12|3375.6|3215.47|204.83|117.43|13.36|13.64|158.59|94.4|36.68|29.4|0.07|0.16|540.77|3404.94|3258|167.15|
|兆易创新|603986.SH|2026-06-11|3389.83|3229.03|205.69|117.92|13.41|13.7|159.26|94.8|36.83|29.52|0.07|0.15|543.05|3428.3|3281.36|168.35|
|兆易创新|603986.SH|2026-06-10|3371.18|3211.26|204.56|117.27|13.34|13.62|158.38|94.28|36.63|29.36|0.07|0.16|540.06|3400.9|3253.96|166.94|
|兆易创新|603986.SH|2026-06-09|3509.02|3342.56|212.92|122.07|13.88|14.18|164.86|98.13|38.13|30.56|0.07|0.15|562.14|3547.57|3400.63|174.47|
|兆易创新|603986.SH|2026-06-08|3323.3|3165.65|201.65|115.61|13.15|13.43|156.13|92.94|36.11|28.94|0.07|0.16|532.39|3367.4|3220.46|165.22|
|兆易创新|603986.SH|2026-06-05|3421.38|3259.08|207.61|119.02|13.54|13.82|160.74|95.68|37.17|29.8|0.07|0.15|548.1|3468.83|3321.89|170.43|
|兆易创新|603986.SH|2026-06-04|3711.01|3534.97|225.18|129.09|14.68|15|174.35|103.78|40.32|32.32|0.06|0.14|594.5|3763.02|3616.08|185.52|
|兆易创新|603986.SH|2026-06-03|3451.04|3287.33|209.4|120.05|13.65|13.94|162.13|96.51|37.5|30.05|0.07|0.15|552.85|3500.69|3353.75|172.06|
|兆易创新|603986.SH|2026-06-02|3328.06|3170.19|201.94|115.77|13.17|13.45|156.36|93.07|36.16|28.98|0.07|0.16|533.15|3376.45|3229.52|165.69|
|兆易创新|603986.SH|2026-06-01|3281.16|3125.51|199.1|114.14|12.98|13.26|154.15|91.76|35.65|28.58|0.07|0.16|525.64|3331.02|3184.08|163.36|
|兆易创新|603986.SH|2026-05-29|3274.22|3118.9|198.68|113.9|12.96|13.23|153.83|91.57|35.58|28.51|0.07|0.16|524.53|3333.63|3186.69|163.49|
|兆易创新|603986.SH|2026-05-28|3386.32|3225.69|205.48|117.8|13.4|13.68|159.09|94.7|36.79|29.49|0.07|0.16|542.48|3455.11|3308.18|169.72|
|兆易创新|603986.SH|2026-05-27|3604.93|3433.92|218.74|125.4|14.26|14.57|169.36|100.82|39.17|31.39|0.07|0.15|577.5|3678.66|3531.72|181.19|
|兆易创新|603986.SH|2026-05-26|3689.34|3514.33|223.86|128.34|14.6|14.91|173.33|103.18|40.09|32.13|0.06|0.14|591.03|3754.01|3607.07|185.06|
|兆易创新|603986.SH|2026-05-25|3614.88|3443.41|219.35|125.75|14.3|14.3|169.83|101.1|39.28|31.48|0.07|0.07|579.1|3669.74|3522.8|180.73|
|兆易创新|603986.SH|2026-05-22|3286.35|3130.46|199.41|114.32|13|13|154.4|91.91|35.71|28.62|0.07|0.07|526.47|3356.78|3209.84|164.68|
|兆易创新|603986.SH|2026-05-21|3028.06|2884.42|183.74|105.34|11.98|11.98|142.26|84.68|32.9|26.37|0.08|0.08|485.09|3084.93|2937.99|150.73|
|兆易创新|603986.SH|2026-05-20|3120.05|2972.04|189.32|108.54|12.35|12.35|146.58|87.26|33.9|27.17|0.08|0.08|499.83|3177.15|3030.21|155.46|
|兆易创新|603986.SH|2026-05-19|2836.38|2701.83|172.11|98.67|11.22|11.22|133.26|79.32|30.82|24.7|0.08|0.08|454.38|2877.2|2730.26|140.07|
|兆易创新|603986.SH|2026-05-18|2804.41|2671.38|170.17|97.56|11.1|11.1|131.75|78.43|30.47|24.42|0.08|0.08|449.26|2842.86|2695.92|138.31|
|兆易创新|603986.SH|2026-05-15|2631.52|2506.69|159.68|91.54|10.41|10.41|123.63|73.59|28.59|22.92|0.09|0.09|421.57|2665.26|2518.32|129.2|
|兆易创新|603986.SH|2026-05-14|2497.26|2378.8|151.53|86.87|9.88|9.88|117.32|69.84|27.13|21.75|0.09|0.09|400.06|2531.74|2384.8|122.35|
|兆易创新|603986.SH|2026-05-13|2559.02|2437.63|155.28|89.02|10.13|10.13|120.23|71.57|27.8|22.29|0.09|0.09|409.95|2597.48|2450.54|125.72|
|兆易创新|603986.SH|2026-05-12|2478.75|2361.17|150.41|86.23|9.81|9.81|116.45|69.32|26.93|21.59|0.1|0.1|397.09|2508.49|2361.55|121.16|
|兆易创新|603986.SH|2026-05-11|2538.9|2418.47|154.06|88.32|10.05|10.05|119.28|71|27.59|22.11|0.09|0.09|406.73|2572.9|2425.96|124.46|
|兆易创新|603986.SH|2026-05-08|2342.38|2231.27|142.13|81.48|9.27|9.27|110.05|65.51|25.45|20.4|0.1|0.1|375.25|2374.35|2227.41|114.28|
|兆易创新|603986.SH|2026-05-07|2454.98|2338.53|148.97|85.4|9.71|9.71|115.34|68.66|26.67|21.38|0.1|0.1|393.28|2489.81|2342.87|120.2|
|兆易创新|603986.SH|2026-05-06|2413.83|2299.32|146.47|83.97|9.55|9.55|113.4|67.51|26.23|21.02|0.1|0.1|386.69|2455.13|2308.19|118.42|
|兆易创新|603986.SH|2026-04-30|2194.38|2090.29|133.15|76.34|8.68|8.68|103.09|61.37|23.84|19.11|0.11|0.11|351.54|2227.27|2080.33|106.73|
|兆易创新|603986.SH|2026-04-29|2165.64|2062.91|131.41|131.41|11.39|9.35|101.74|101.74|23.53|23.53|0.11|0.11|-1852.35|2204.39|2112.53|108.38|
|兆易创新|603986.SH|2026-04-28|2155.89|2053.62|130.82|130.82|11.34|9.31|101.29|101.29|23.42|23.42|0.11|0.11|-1844.01|2185.77|2093.91|107.43|
|兆易创新|603986.SH|2026-04-27|2127.29|2026.37|129.08|129.08|11.19|9.19|99.94|99.94|23.11|23.11|0.11|0.11|-1819.55|2160.54|2068.68|106.13|
|兆易创新|603986.SH|2026-04-24|2087.18|1988.17|126.65|126.65|10.98|9.01|98.06|98.06|22.68|22.68|0.11|0.11|-1785.24|2121.77|2029.91|104.14|
|兆易创新|603986.SH|2026-04-23|2136.96|2035.59|129.67|129.67|11.24|9.23|100.4|100.4|23.22|23.22|0.11|0.11|-1827.82|2169.81|2077.94|106.61|
|兆易创新|603986.SH|2026-04-22|2201.32|2096.9|133.57|133.57|11.58|9.51|103.42|103.42|23.92|23.92|0.11|0.11|-1882.87|2230.64|2138.77|109.73|
|兆易创新|603986.SH|2026-04-21|2147.27|2045.41|130.29|130.29|11.3|9.27|100.88|100.88|23.33|23.33|0.11|0.11|-1836.64|2176.45|2084.58|106.95|
|兆易创新|603986.SH|2026-04-20|2036.98|1940.36|123.6|123.6|10.72|8.8|95.7|95.7|22.13|22.13|0.12|0.12|-1742.31|2066.26|1974.39|101.29|
|兆易创新|603986.SH|2026-04-17|2025.91|1929.8|122.93|122.93|10.66|8.75|95.18|95.18|22.01|22.01|0.12|0.12|-1732.83|2058.03|1966.16|100.87|
|兆易创新|603986.SH|2026-04-16|2010.27|1914.91|121.98|121.98|10.58|8.68|94.45|94.45|21.84|21.84|0.12|0.12|-1719.46|2052.24|1960.38|100.58|
|兆易创新|603986.SH|2026-04-15|1921.02|1829.89|116.57|116.57|10.11|8.3|90.25|90.25|20.87|20.87|0.12|0.12|-1643.12|1951.14|1859.28|95.39|
|兆易创新|603986.SH|2026-04-14|1963.16|1870.03|119.12|119.12|10.33|8.48|92.23|92.23|21.33|21.33|0.12|0.12|-1679.16|1996.98|1905.12|97.74|
|兆易创新|603986.SH|2026-04-13|1837.87|1750.69|111.52|111.52|9.67|7.94|86.35|86.35|19.97|19.97|0.13|0.13|-1572|1867.41|1775.55|91.09|
|兆易创新|603986.SH|2026-04-10|1858.55|1770.39|112.77|112.77|9.78|8.03|87.32|87.32|20.19|20.19|0.13|0.13|-1589.69|1887.28|1795.42|92.11|
|兆易创新|603986.SH|2026-04-09|1756.19|1672.88|106.56|106.56|9.24|7.58|82.51|82.51|19.08|19.08|0.13|0.13|-1502.14|1777.49|1685.63|86.48|
|兆易创新|603986.SH|2026-04-08|1794.54|1709.42|108.89|108.89|9.44|7.75|84.31|84.31|19.5|19.5|0.13|0.13|-1534.94|1818.68|1726.82|88.59|
|兆易创新|603986.SH|2026-04-07|1750.37|1667.34|106.21|106.21|9.21|7.56|82.23|82.23|19.02|19.02|0.14|0.14|-1497.16|1771.04|1679.18|86.15|
|兆易创新|603986.SH|2026-04-03|1746.45|1663.6|105.97|105.97|9.19|7.54|82.05|82.05|18.98|18.98|0.14|0.14|-1493.8|1767.3|1675.44|85.96|
|兆易创新|603986.SH|2026-04-02|1731.65|1649.51|105.07|105.07|9.11|7.48|81.36|81.36|18.82|18.82|0.14|0.14|-1481.15|1753.21|1661.34|85.23|
|兆易创新|603986.SH|2026-04-01|1787.81|1703|108.48|108.48|9.41|7.72|83.99|83.99|19.43|19.43|0.13|0.13|-1529.18|1812.78|1720.91|88.29|
|兆易创新|603986.SH|2026-03-31|1669.32|1590.14|101.29|101.29|8.78|7.21|78.43|78.43|18.14|18.14|0.14|0.14|-1427.84|1693.44|1601.57|82.17|
|兆易创新|603986.SH|2026-03-30|1793.77|1708.68|162.69|132.51|9.86|7.94|88.27|91.01|24.39|21.01|0.13|0.13|-621.99|1825.49|1725.35|135.24|
|兆易创新|603986.SH|2026-03-27|1813.47|1727.45|164.48|133.97|9.97|8.03|89.24|92.01|24.65|21.24|0.13|0.13|-628.82|1841.76|1741.62|136.51|
|兆易创新|603986.SH|2026-03-26|1836.89|1749.75|166.6|135.7|10.1|8.13|90.39|93.19|24.97|21.51|0.13|0.13|-636.94|1867.29|1767.16|138.51|
|兆易创新|603986.SH|2026-03-25|1951.87|1859.28|177.03|144.19|10.73|8.64|96.05|99.03|26.53|22.86|0.12|0.12|-676.81|1985.51|1885.37|147.78|
|兆易创新|603986.SH|2026-03-24|1918.99|1827.96|174.05|141.76|10.55|8.5|94.43|97.36|26.09|22.48|0.12|0.12|-665.4|1952.33|1852.19|145.18|
|兆易创新|603986.SH|2026-03-23|1916.46|1825.55|173.82|141.58|10.53|8.49|94.3|97.23|26.05|22.45|0.12|0.12|-664.53|1946.13|1845.99|144.69|
|兆易创新|603986.SH|2026-03-20|2034.6|1938.09|184.54|150.3|11.18|9.01|100.12|103.23|27.66|23.83|0.12|0.12|-705.49|2067.7|1967.57|154.22|
|兆易创新|603986.SH|2026-03-19|2129.11|2028.11|193.11|157.29|11.7|9.43|104.77|108.02|28.94|24.94|0.11|0.11|-738.26|2161.89|2061.76|161.6|
|兆易创新|603986.SH|2026-03-18|2182.18|2078.67|197.92|161.21|11.99|9.66|107.38|110.71|29.67|25.56|0.11|0.11|-756.67|2217|2116.86|165.92|
|兆易创新|603986.SH|2026-03-17|2075.26|1976.82|188.23|153.31|11.41|9.19|102.12|105.29|28.21|24.31|0.11|0.11|-719.59|2101.8|2001.66|156.89|
|兆易创新|603986.SH|2026-03-16|2146.5|2044.67|194.69|158.57|11.8|9.5|105.62|108.9|29.18|25.14|0.11|0.11|-744.29|2177.94|2077.8|162.86|
|兆易创新|603986.SH|2026-03-13|1951.38|1858.81|176.99|144.16|10.73|8.64|96.02|99|26.53|22.86|0.12|0.12|-676.64|1972.36|1872.22|146.75|
|兆易创新|603986.SH|2026-03-12|1926.49|1835.1|174.73|142.32|10.59|8.53|94.8|97.74|26.19|22.56|0.12|0.12|-668.01|1947.43|1847.3|144.79|
|兆易创新|603986.SH|2026-03-11|1973.81|1880.18|179.02|145.81|10.85|8.74|97.13|100.14|26.83|23.12|0.12|0.12|-684.41|1995.91|1895.77|148.59|
|兆易创新|603986.SH|2026-03-10|2001.23|1906.3|181.51|147.84|11|8.86|98.47|101.53|27.21|23.44|0.12|0.12|-693.92|2023.99|1923.85|150.79|
|兆易创新|603986.SH|2026-03-09|1935.67|1843.85|175.56|143|10.64|8.57|95.25|98.21|26.31|22.67|0.12|0.12|-671.19|1958.34|1858.2|145.65|
|兆易创新|603986.SH|2026-03-06|1998.07|1903.29|181.22|147.61|10.98|8.85|98.32|101.37|27.16|23.4|0.12|0.12|-692.83|2025.04|1924.91|150.88|
|兆易创新|603986.SH|2026-03-05|1982.72|1888.67|179.83|146.47|10.9|8.78|97.56|100.59|26.95|23.22|0.12|0.12|-687.5|2005.14|1905.01|149.32|
|兆易创新|603986.SH|2026-03-04|1956.57|1863.75|177.46|144.54|10.75|8.66|96.28|99.27|26.6|22.92|0.12|0.12|-678.43|1978.74|1878.6|147.25|
|兆易创新|603986.SH|2026-03-03|1913.24|1822.48|173.53|141.34|10.52|8.47|94.14|97.07|26.01|22.41|0.12|0.12|-663.41|1930.94|1830.8|143.5|
|兆易创新|603986.SH|2026-03-02|2055.28|1957.79|186.41|151.83|11.3|9.1|101.13|104.27|27.94|24.07|0.12|0.12|-712.66|2075|1974.86|154.79|
|兆易创新|603986.SH|2026-02-27|2103.31|2003.53|190.77|155.38|11.56|9.31|103.5|106.71|28.59|24.63|0.11|0.11|-729.32|2125.71|2025.57|158.77|
|兆易创新|603986.SH|2026-02-26|2169.21|2066.31|196.75|160.25|11.92|9.6|106.74|110.05|29.49|25.41|0.11|0.11|-752.17|2198.47|2098.34|164.47|
|兆易创新|603986.SH|2026-02-25|2182.67|2079.13|197.97|161.24|12|9.66|107.4|110.74|29.67|25.56|0.11|0.11|-756.84|2207.54|2107.41|165.18|
|兆易创新|603986.SH|2026-02-24|2264.91|2157.47|205.43|167.32|12.45|10.03|111.45|114.91|30.79|26.53|0.1|0.1|-785.35|2291.89|2191.75|171.79|
|兆易创新|603986.SH|2026-02-13|2164.3|2061.64|196.3|159.89|11.9|9.58|106.5|109.81|29.42|25.35|0.11|0.11|-750.47|2177.71|2077.57|162.84|
|兆易创新|603986.SH|2026-02-12|2126.02|2025.17|192.83|157.06|11.69|9.41|104.62|107.86|28.9|24.9|0.11|0.11|-737.19|2137.81|2037.68|159.72|
|兆易创新|603986.SH|2026-02-11|1995.27|1900.62|180.97|147.4|10.97|8.83|98.18|101.23|27.12|23.37|0.12|0.12|-691.85|1994.88|1894.74|148.51|
|兆易创新|603986.SH|2026-02-10|2019.92|1936.08|183.21|149.22|11.1|8.94|99.39|102.48|27.46|23.66|0.12|0.12|-700.4|2020.53|1920.39|150.52|
|兆易创新|603986.SH|2026-02-09|2041.38|1956.65|185.15|150.8|11.22|9.04|100.45|103.57|27.75|23.91|0.12|0.12|-707.84|2044.26|1944.13|152.38|
|兆易创新|603986.SH|2026-02-06|1924.26|1844.39|174.53|142.15|10.58|8.52|94.69|97.63|26.16|22.54|0.12|0.12|-667.23|1923.8|1823.67|142.94|
|兆易创新|603986.SH|2026-02-05|1935.2|1854.87|175.52|142.96|10.64|8.57|95.23|98.18|26.31|22.67|0.12|0.12|-671.02|1936.59|1836.46|143.94|
|兆易创新|603986.SH|2026-02-04|1967.18|1885.53|178.42|145.32|10.81|8.71|96.8|99.8|26.74|23.04|0.12|0.12|-682.11|1970.67|1870.54|146.62|
|兆易创新|603986.SH|2026-02-03|2038.53|1953.91|184.89|150.59|11.2|9.03|100.31|103.42|27.71|23.88|0.12|0.12|-706.85|2042.33|1942.19|152.23|
|兆易创新|603986.SH|2026-02-02|1974.56|1892.61|179.09|145.87|10.85|8.74|97.16|100.18|26.84|23.13|0.12|0.12|-684.67|1977.89|1877.75|147.18|
|兆易创新|603986.SH|2026-01-30|2193.97|2102.91|198.99|162.08|12.06|9.71|107.96|111.31|29.83|25.7|0.11|0.11|-760.75|2196.21|2096.07|164.29|
|兆易创新|603986.SH|2026-01-29|2142.55|2053.62|194.33|158.28|11.78|9.49|105.43|108.7|29.13|25.09|0.11|0.11|-742.92|2146.26|2046.12|160.38|
|兆易创新|603986.SH|2026-01-28|2255.29|2161.68|204.55|166.61|12.4|9.99|110.98|114.42|30.66|26.41|0.1|0.1|-782.02|2257.52|2157.38|169.1|
|兆易创新|603986.SH|2026-01-27|2140.88|2052.02|194.18|158.16|11.77|9.48|105.35|108.62|29.1|25.07|0.11|0.11|-742.34|2142.01|2041.87|160.05|
|兆易创新|603986.SH|2026-01-26|2038.73|1954.11|184.91|150.61|11.21|9.03|100.32|103.44|27.72|23.88|0.12|0.12|-706.93|2040.48|1940.34|152.09|
|兆易创新|603986.SH|2026-01-23|2071.13|1985.17|187.85|153|11.38|9.17|101.91|105.08|28.16|24.26|0.11|0.11|-718.16|2073.89|1973.75|154.71|
|兆易创新|603986.SH|2026-01-22|2100.54|2013.35|190.52|155.17|11.54|9.3|103.36|106.57|28.56|24.6|0.11|0.11|-728.36|2097.58|1997.44|156.56|
|兆易创新|603986.SH|2026-01-21|2143.6|2054.62|194.42|158.36|11.78|9.49|105.48|108.76|29.14|25.11|0.11|0.11|-743.29|2145.78|2045.64|160.34|
|兆易创新|603986.SH|2026-01-20|2034.55|1950.11|184.53|150.3|11.18|9.01|100.11|103.22|27.66|23.83|0.12|0.12|-705.48|2036.37|1936.24|151.77|
|兆易创新|603986.SH|2026-01-19|2009.82|1926.4|182.29|148.47|11.05|8.9|98.9|101.97|27.32|23.54|0.12|0.12|-696.9|2008.56|1908.42|149.59|
|兆易创新|603986.SH|2026-01-16|1954.15|1873.04|177.24|144.36|10.74|8.65|96.16|99.14|26.57|22.89|0.12|0.12|-677.6|1950.56|1850.42|145.04|
|兆易创新|603986.SH|2026-01-15|1776.47|1702.74|161.12|131.23|9.76|7.87|87.41|90.13|24.15|20.81|0.13|0.13|-615.99|1770.12|1669.99|130.9|
|兆易创新|603986.SH|2026-01-14|1762.82|1689.65|159.89|130.23|9.69|7.8|86.74|89.44|23.96|20.65|0.13|0.13|-611.25|1754.96|1654.82|129.71|
|兆易创新|603986.SH|2026-01-13|1759.78|1759.77|159.61|130|9.67|9.54|86.59|89.28|23.92|20.61|0.13|0.13|-610.2|1766.6|1666.46|130.62|
|兆易创新|603986.SH|2026-01-12|1748.63|1748.62|158.6|129.18|9.61|9.48|86.04|88.72|23.77|20.48|0.13|0.13|-606.33|1755.45|1655.31|129.75|
|兆易创新|603986.SH|2026-01-09|1669.96|1669.95|151.46|123.37|9.18|9.06|82.17|84.73|22.7|19.56|0.14|0.14|-579.05|1676.78|1576.64|123.58|
|兆易创新|603986.SH|2026-01-08|1728.06|1728.05|156.73|127.66|9.5|9.37|85.03|87.67|23.49|20.24|0.13|0.13|-599.2|1734.88|1634.74|128.13|
|兆易创新|603986.SH|2026-01-07|1753.1|1753.09|159.01|129.51|9.64|9.51|86.27|88.94|23.83|20.53|0.13|0.13|-607.88|1759.92|1659.79|130.1|
|兆易创新|603986.SH|2026-01-06|1674.83|1674.82|151.91|123.73|9.21|9.08|82.41|84.97|22.77|19.62|0.13|0.13|-580.74|1681.65|1581.51|123.96|
|兆易创新|603986.SH|2026-01-05|1573.99|1573.98|142.76|116.28|8.65|8.54|77.45|79.86|21.4|18.43|0.14|0.14|-545.78|1580.81|1480.67|116.06|
|兆易创新|603986.SH|2025-12-31|1430.87|1430.86|129.78|105.7|7.86|7.76|70.41|72.59|19.45|16.76|0|0.16|-496.15|1437.68|1337.55|104.84|
|兆易创新|603986.SH|2025-12-30|1470.74|1470.73|133.4|108.65|8.08|7.98|72.37|74.62|19.99|17.23|0|0.15|-509.97|1477.56|1377.42|107.96|
|兆易创新|603986.SH|2025-12-29|1522.23|1522.22|138.07|112.45|8.37|8.25|74.9|77.23|20.69|17.83|0|0.15|-527.83|1529.05|1428.91|112|
|兆易创新|603986.SH|2025-12-26|1515.82|1515.81|137.48|111.98|8.33|8.22|74.59|76.9|20.61|17.75|0|0.15|-525.61|1522.64|1422.5|111.5|
|兆易创新|603986.SH|2025-12-25|1482.63|1482.62|134.47|109.53|8.15|8.04|72.96|75.22|20.16|17.36|0|0.15|-514.1|1489.44|1389.31|108.9|
|兆易创新|603986.SH|2025-12-24|1496.65|1496.64|135.75|110.56|8.23|8.12|73.65|75.93|20.35|17.53|0|0.15|-518.96|1503.47|1403.33|110|
|兆易创新|603986.SH|2025-12-23|1451.77|1451.76|131.67|107.25|7.98|7.87|71.44|73.66|19.74|17|0|0.16|-503.4|1458.59|1358.45|106.48|
|兆易创新|603986.SH|2025-12-22|1445.63|1445.62|131.12|106.79|7.95|7.84|71.14|73.34|19.65|16.93|0|0.16|-501.27|1452.44|1352.31|106|
|兆易创新|603986.SH|2025-12-19|1403.89|1403.8|127.33|103.71|7.72|7.61|69.08|71.23|19.09|16.44|0|0.16|-486.79|1410.7|1310.57|102.72|
|兆易创新|603986.SH|2025-12-18|1432.2|1432.12|129.9|105.8|7.87|7.77|70.47|72.66|19.47|16.77|0|0.16|-496.61|1439.02|1338.88|104.94|
|兆易创新|603986.SH|2025-12-17|1350.26|1350.18|122.47|99.75|7.42|7.32|66.44|68.51|18.36|15.81|0|0.17|-468.2|1357.08|1256.94|98.52|
|兆易创新|603986.SH|2025-12-16|1321.41|1321.33|119.85|97.62|7.26|7.17|65.02|67.04|17.96|15.48|0|0.17|-458.19|1328.22|1228.09|96.26|
|兆易创新|603986.SH|2025-12-15|1363.48|1363.4|123.67|100.73|7.49|7.4|67.09|69.18|18.54|15.97|0|0.17|-472.78|1370.3|1270.16|99.56|
|兆易创新|603986.SH|2025-12-12|1401.75|1401.67|127.14|103.55|7.7|7.6|68.98|71.12|19.06|16.42|0|0.16|-486.05|1408.57|1308.43|102.56|
|兆易创新|603986.SH|2025-12-11|1387.86|1387.78|125.88|102.53|7.63|7.53|68.29|70.41|18.87|16.25|0|0.16|-481.24|1394.68|1294.54|101.47|
|兆易创新|603986.SH|2025-12-10|1394.74|1394.65|126.5|103.03|7.67|7.56|68.63|70.76|18.96|16.34|0|0.16|-483.62|1401.55|1301.42|102.01|
|兆易创新|603986.SH|2025-12-09|1408.83|1408.75|127.78|104.08|7.74|7.64|69.32|71.48|19.15|16.5|0|0.16|-488.51|1415.65|1315.51|103.11|
|兆易创新|603986.SH|2025-12-08|1428.46|1428.38|129.56|105.53|7.85|7.75|70.29|72.47|19.42|16.73|0|0.16|-495.32|1435.28|1335.14|104.65|
|兆易创新|603986.SH|2025-12-05|1381.18|1381.1|125.27|102.03|7.59|7.49|67.96|70.07|18.78|16.18|0|0.16|-478.92|1388|1287.86|100.94|
|兆易创新|603986.SH|2025-12-04|1405.22|1405.14|127.45|103.81|7.72|7.62|69.15|71.29|19.1|16.46|0|0.16|-487.26|1412.04|1311.9|102.83|
|兆易创新|603986.SH|2025-12-03|1386.46|1386.37|125.75|102.42|7.62|7.52|68.22|70.34|18.85|16.24|0|0.16|-480.75|1393.27|1293.14|101.36|
|兆易创新|603986.SH|2025-12-02|1405.82|1405.74|127.51|103.85|7.73|7.62|69.18|71.32|19.11|16.47|0|0.16|-487.47|1412.64|1312.5|102.88|
|兆易创新|603986.SH|2025-12-01|1421.32|1421.23|128.91|105|7.81|7.71|69.94|72.11|19.32|16.65|0|0.16|-492.84|1428.13|1328|104.09|
|兆易创新|603986.SH|2025-11-28|1355.73|1355.65|122.96|100.15|7.45|7.35|66.71|68.78|18.43|15.88|0|0.17|-470.1|1362.55|1262.42|98.95|
|兆易创新|603986.SH|2025-11-27|1341.44|1341.36|121.67|99.1|7.37|7.28|66.01|68.06|18.24|15.71|0|0.17|-465.14|1348.26|1248.12|97.83|
|兆易创新|603986.SH|2025-11-26|1312.32|1312.25|119.03|96.95|7.21|7.12|64.58|66.58|17.84|15.37|0|0.17|-455.04|1319.14|1219.01|95.55|
|兆易创新|603986.SH|2025-11-25|1273.05|1272.98|115.47|94.05|7|6.9|62.64|64.59|17.31|14.91|0|0.18|-441.43|1279.87|1179.74|92.47|
|兆易创新|603986.SH|2025-11-24|1196.65|1196.58|108.54|88.4|6.58|6.49|58.88|60.71|16.27|14.02|0|0.19|-414.94|1203.47|1103.33|86.48|
|兆易创新|603986.SH|2025-11-21|1218.89|1218.82|110.55|90.04|6.7|6.61|59.98|61.84|16.57|14.28|0|0.19|-422.65|1225.71|1125.57|88.22|
|兆易创新|603986.SH|2025-11-20|1328.55|1328.47|120.5|98.15|7.3|7.25|65.37|67.4|18.06|15.56|0|0.17|-460.67|1335.37|1235.23|96.82|
|兆易创新|603986.SH|2025-11-19|1351.37|1351.29|122.57|99.83|7.43|7.37|66.5|68.56|18.37|15.83|0|0.17|-468.58|1358.19|1258.05|98.61|
|兆易创新|603986.SH|2025-11-18|1351.24|1351.16|122.56|99.82|7.43|7.37|66.49|68.55|18.37|15.83|0|0.17|-468.54|1358.06|1257.92|98.6|
|兆易创新|603986.SH|2025-11-17|1384.6|1384.52|125.58|102.29|7.61|7.55|68.13|70.25|18.82|16.22|0|0.16|-480.11|1391.42|1291.28|101.21|
|兆易创新|603986.SH|2025-11-14|1373.12|1373.04|124.54|101.44|7.55|7.49|67.57|69.67|18.67|16.08|0|0.16|-476.13|1379.94|1279.81|100.31|
|兆易创新|603986.SH|2025-11-13|1518.06|1517.97|137.69|112.14|8.34|8.28|74.7|77.02|20.64|17.78|0|0.15|-526.38|1524.88|1424.74|111.67|
|兆易创新|603986.SH|2025-11-12|1397.95|1397.87|126.79|103.27|7.68|7.63|68.79|70.92|19|16.37|0|0.16|-484.73|1404.77|1304.63|102.26|
|兆易创新|603986.SH|2025-11-11|1447.93|1447.84|131.33|106.96|7.96|7.9|71.25|73.46|19.68|16.96|0|0.16|-502.06|1454.74|1354.61|106.18|
|兆易创新|603986.SH|2025-11-10|1461.07|1460.99|132.52|107.94|8.03|7.97|71.89|74.13|19.86|17.11|0|0.15|-506.62|1467.89|1367.75|107.21|
|兆易创新|603986.SH|2025-11-07|1474.35|1474.26|133.72|108.92|8.1|8.04|72.55|74.8|20.04|17.27|0|0.15|-511.23|1481.17|1381.03|108.25|
|兆易创新|603986.SH|2025-11-06|1516.06|1515.97|137.51|112|8.33|8.27|74.6|76.92|20.61|17.76|0|0.15|-525.69|1522.87|1422.74|111.52|
|兆易创新|603986.SH|2025-11-05|1457.27|1457.18|132.17|107.65|8.01|7.95|71.71|73.93|19.81|17.07|0|0.15|-505.3|1464.09|1363.95|106.91|
|兆易创新|603986.SH|2025-11-04|1501.31|1501.22|136.17|110.91|8.25|8.19|73.87|76.17|20.41|17.58|0|0.15|-520.57|1508.13|1407.99|110.36|
|兆易创新|603986.SH|2025-11-03|1535.41|1535.32|139.26|113.43|8.44|8.38|75.55|77.9|20.87|17.98|0|0.15|-532.4|1542.22|1442.09|113.03|
|兆易创新|603986.SH|2025-10-31|1468.01|1467.93|133.15|108.45|8.07|8.01|72.24|74.48|19.96|17.19|0|0.15|-509.03|1474.83|1374.69|107.75|
|兆易创新|603986.SH|2025-10-30|1548.08|1547.99|140.41|114.36|8.51|8.45|76.18|78.54|21.05|18.13|0|0.15|-536.79|1554.9|1454.77|114.03|
|兆易创新|603986.SH|2025-10-29|1609.14|1609.05|145.95|118.87|8.84|8.78|79.18|81.64|21.88|18.85|0|0.14|-557.97|1615.96|1515.82|118.81|
|兆易创新|603986.SH|2025-10-28|1647.84|1647.75|149.46|141.93|9.56|9.48|81.09|94.63|22.4|20.87|0|0.14|-513.8|1654.71|1562.6|122.48|
|兆易创新|603986.SH|2025-10-27|1622.75|1622.66|147.18|139.77|9.41|9.34|79.85|93.19|22.06|20.55|0|0.14|-505.98|1629.62|1537.51|120.51|
|兆易创新|603986.SH|2025-10-24|1475.22|1475.13|133.8|127.06|8.56|8.49|72.59|84.72|20.05|18.68|0|0.15|-459.97|1482.08|1389.98|108.95|
|兆易创新|603986.SH|2025-10-23|1381|1380.92|125.26|118.95|8.01|7.95|67.95|79.31|18.77|17.49|0|0.16|-430.6|1387.86|1295.76|101.56|
|兆易创新|603986.SH|2025-10-22|1407.49|1407.41|127.66|121.23|8.16|8.1|69.26|80.83|19.13|17.82|0|0.16|-438.86|1414.35|1322.25|103.64|
|兆易创新|603986.SH|2025-10-21|1461.41|1461.32|132.55|125.87|8.48|8.41|71.91|83.92|19.87|18.51|0|0.15|-455.67|1468.27|1376.17|107.87|
|兆易创新|603986.SH|2025-10-20|1390.27|1390.19|126.1|119.75|8.06|8|68.41|79.84|18.9|17.6|0|0.16|-433.49|1397.14|1305.03|102.29|
|兆易创新|603986.SH|2025-10-17|1342.63|1342.55|121.78|115.64|7.79|7.73|66.07|77.1|18.25|17|0|0.17|-418.63|1349.49|1257.39|98.56|
|兆易创新|603986.SH|2025-10-16|1388.81|1388.72|125.96|119.62|8.06|7.99|68.34|79.76|18.88|17.59|0|0.16|-433.03|1395.67|1303.57|102.18|
|兆易创新|603986.SH|2025-10-15|1347.97|1347.89|122.26|116.1|7.82|7.76|66.33|77.41|18.32|17.07|0|0.17|-420.3|1354.83|1262.73|98.97|
|兆易创新|603986.SH|2025-10-14|1307.86|1307.79|118.62|112.65|7.59|7.53|64.36|75.11|17.78|16.56|0|0.17|-407.79|1314.73|1222.63|95.83|
|兆易创新|603986.SH|2025-10-13|1384.94|1384.86|125.61|119.29|8.03|8.03|68.15|79.53|18.83|17.54|0|0.16|-431.83|1391.8|1299.7|101.87|
|兆易创新|603986.SH|2025-10-10|1432.71|1432.63|129.95|123.4|8.31|8.31|70.5|82.28|19.48|18.14|0|0.16|-446.72|1439.58|1347.47|105.62|
|兆易创新|603986.SH|2025-10-09|1502.48|1502.39|136.27|129.41|8.72|8.72|73.93|86.28|20.43|19.03|0|0.15|-468.47|1509.34|1417.24|111.09|
|兆易创新|603986.SH|2025-09-30|1421.25|1421.17|128.91|122.41|8.24|8.25|69.94|81.62|19.32|18|0|0.16|-443.15|1428.12|1336.01|104.72|
|兆易创新|603986.SH|2025-09-29|1313.51|1313.43|119.13|113.13|7.62|7.62|64.63|75.43|17.86|16.63|0|0.17|-409.55|1320.37|1228.27|96.27|
|兆易创新|603986.SH|2025-09-26|1267.4|1267.33|114.95|109.16|7.35|7.35|62.37|72.78|17.23|16.05|0|0.18|-395.18|1274.27|1182.16|92.66|
|兆易创新|603986.SH|2025-09-25|1315.38|1315.3|119.3|113.29|7.63|7.63|64.73|75.54|17.88|16.66|0|0.17|-410.14|1322.24|1230.14|96.42|
|兆易创新|603986.SH|2025-09-24|1331.3|1331.22|120.75|114.67|7.72|7.72|65.51|76.45|18.1|16.86|0|0.17|-415.1|1338.16|1246.06|97.67|
|兆易创新|603986.SH|2025-09-23|1293.12|1293.04|117.29|111.38|7.5|7.5|63.63|74.26|17.58|16.37|0|0.17|-403.2|1299.98|1207.88|94.68|
|兆易创新|603986.SH|2025-09-22|1299.38|1299.31|117.85|111.92|7.54|7.54|63.94|74.62|17.66|16.45|0|0.17|-405.15|1306.25|1214.14|95.17|
|兆易创新|603986.SH|2025-09-19|1234.02|1233.95|111.92|106.29|7.16|7.16|60.72|70.87|16.78|15.63|0|0.18|-384.77|1240.88|1148.78|90.04|
|兆易创新|603986.SH|2025-09-18|1271.86|1271.79|115.36|109.55|7.38|7.38|62.58|73.04|17.29|16.11|0|0.18|-396.57|1278.73|1186.63|93.01|
|兆易创新|603986.SH|2025-09-17|1243.35|1243.27|112.77|107.09|7.21|7.21|61.18|71.4|16.9|15.74|0|0.18|-387.68|1250.21|1158.11|90.77|
|兆易创新|603986.SH|2025-09-16|1260.4|1260.33|114.32|108.56|7.31|7.31|62.02|72.38|17.13|15.96|0|0.18|-393|1267.27|1175.17|92.11|
|兆易创新|603986.SH|2025-09-15|1272.26|1271.66|115.39|109.58|7.38|7.39|62.6|73.06|17.3|16.11|0|0.18|-396.69|1279.13|1187.03|93.04|
|兆易创新|603986.SH|2025-09-12|1267.4|1266.8|114.95|109.16|7.35|7.36|62.37|72.78|17.23|16.05|0|0.18|-395.18|1274.27|1182.16|92.66|
|兆易创新|603986.SH|2025-09-11|1182.18|1181.62|107.22|101.82|6.86|6.87|58.17|67.89|16.07|14.97|0|0.19|-368.6|1189.04|1096.94|85.98|
|兆易创新|603986.SH|2025-09-10|1074.7|1074.2|97.47|92.57|6.23|6.24|52.88|61.72|14.61|13.61|0|0.21|-335.09|1081.57|989.46|77.56|
|兆易创新|603986.SH|2025-09-09|1043.52|1043.03|94.65|89.88|6.05|6.13|51.35|59.93|14.19|13.21|0|0.22|-325.37|1050.39|958.28|75.11|
|兆易创新|603986.SH|2025-09-08|1087.88|1087.37|98.67|93.7|6.31|6.39|53.53|62.47|14.79|13.78|0|0.21|-339.2|1094.75|1002.64|78.59|
|兆易创新|603986.SH|2025-09-05|1059.53|1059.03|96.1|91.26|6.15|6.23|52.14|60.85|14.4|13.42|0|0.21|-330.36|1066.39|974.29|76.37|
|兆易创新|603986.SH|2025-09-04|1022.47|1021.99|92.74|88.07|5.93|6.01|50.31|58.72|13.9|12.95|0|0.22|-318.81|1029.34|937.23|73.46|
|兆易创新|603986.SH|2025-09-03|1136.09|1135.55|103.04|97.85|6.59|6.68|55.9|65.24|15.44|14.39|0|0.2|-354.23|1142.95|1050.85|82.37|
|兆易创新|603986.SH|2025-09-02|1168.69|1168.14|106|100.66|6.78|6.87|57.51|67.11|15.89|14.8|0|0.19|-364.4|1175.56|1083.45|84.92|
|兆易创新|603986.SH|2025-09-01|1161.26|1160.71|105.33|100.02|6.74|6.83|57.14|66.69|15.79|14.7|0|0.19|-362.08|1168.12|1076.02|84.34|
|兆易创新|603986.SH|2025-08-29|1055.67|1055.18|95.75|90.93|6.12|6.2|51.95|60.62|14.35|13.37|0|0.21|-329.16|1062.54|970.44|76.06|
|兆易创新|603986.SH|2025-08-28|1092|1091.48|99.04|94.06|6.33|6.42|53.73|62.71|14.85|13.83|0|0.21|-340.49|1098.86|1006.76|78.91|
|兆易创新|603986.SH|2025-08-27|1053.35|1052.85|95.54|90.73|6.11|6.19|51.83|60.49|14.32|13.34|0|0.21|-328.44|1060.22|968.11|75.88|
|兆易创新|603986.SH|2025-08-26|1025.26|1024.78|92.99|88.31|5.95|6.03|50.45|58.88|13.94|12.98|0|0.22|-319.68|1032.13|940.02|73.68|
|兆易创新|603986.SH|2025-08-25|1047.84|1047.34|95.04|90.25|6.08|6.16|51.56|60.17|14.24|13.27|0|0.22|-326.72|1054.7|962.6|75.45|
|兆易创新|603986.SH|2025-08-22|1001.89|1001.41|90.87|88.48|5.96|5.99|49.3|57.56|13.62|13.12|0|0.23|-350.87|1012.19|918.1|71.96|
|兆易创新|603986.SH|2025-08-21|910.78|910.35|82.61|80.43|5.42|5.45|44.82|52.33|12.38|11.92|0|0.25|-318.97|921.08|826.99|64.82|
|兆易创新|603986.SH|2025-08-20|843.38|842.99|76.49|74.48|5.02|5.04|41.5|48.45|11.47|11.04|0|0.27|-295.36|853.68|759.59|59.54|
|兆易创新|603986.SH|2025-08-19|818.48|818.1|74.24|72.28|4.87|4.89|40.28|47.02|11.13|10.72|0|0.28|-286.64|828.78|734.69|57.59|
|兆易创新|603986.SH|2025-08-18|834.69|834.29|75.71|73.71|4.97|4.99|41.07|47.95|11.35|10.93|0|0.27|-292.32|844.99|750.89|58.86|
|兆易创新|603986.SH|2025-08-15|816.09|815.71|74.02|72.07|4.86|4.88|40.16|46.89|11.09|10.69|0|0.28|-285.8|826.39|732.3|57.4|
|兆易创新|603986.SH|2025-08-14|803.54|803.16|72.88|70.96|4.78|4.81|39.54|46.16|10.92|10.52|0|0.28|-281.41|813.84|719.75|56.42|
|兆易创新|603986.SH|2025-08-13|806.53|806.15|73.15|71.22|4.8|4.82|39.69|46.34|10.96|10.56|0|0.28|-282.46|816.83|722.74|56.65|
|兆易创新|603986.SH|2025-08-12|799.96|799.58|72.56|70.64|4.76|4.78|39.36|45.96|10.87|10.47|0|0.28|-280.15|810.26|716.17|56.13|
|兆易创新|603986.SH|2025-08-11|783.22|782.85|71.04|69.17|4.66|4.68|38.54|45|10.65|10.25|0|0.29|-274.29|793.52|699.43|54.82|
|兆易创新|603986.SH|2025-08-08|772.93|772.57|70.1|68.26|4.6|4.62|38.03|44.41|10.51|10.12|0|0.29|-270.69|783.23|689.14|54.02|
|兆易创新|603986.SH|2025-08-07|781.36|780.99|70.87|69|4.65|4.67|38.45|44.89|10.62|10.23|0|0.29|-273.64|791.66|697.57|54.68|
|兆易创新|603986.SH|2025-08-06|785.45|785.04|71.24|69.36|4.68|4.7|38.65|45.13|10.68|10.28|0|0.29|-275.07|795.75|701.66|55|
|兆易创新|603986.SH|2025-08-05|783.59|783.18|71.07|69.2|4.67|4.69|38.56|45.02|10.65|10.26|0|0.29|-274.42|793.89|699.8|54.85|
|兆易创新|603986.SH|2025-08-04|789.17|788.76|71.58|69.69|4.7|4.72|38.83|45.34|10.73|10.33|0|0.29|-276.38|799.47|705.38|55.29|
|兆易创新|603986.SH|2025-08-01|779.01|778.61|70.66|68.79|4.64|4.66|38.33|44.76|10.59|10.2|0|0.29|-272.82|789.31|695.22|54.49|
|兆易创新|603986.SH|2025-07-31|804.37|803.96|72.96|71.03|4.79|4.81|39.58|46.21|10.94|10.53|0|0.28|-281.7|814.68|720.58|56.48|
|兆易创新|603986.SH|2025-07-30|823.37|822.94|74.68|72.71|4.9|4.92|40.52|47.3|11.19|10.78|0|0.27|-288.35|833.67|739.58|57.97|
|兆易创新|603986.SH|2025-07-29|798.73|798.32|72.44|70.54|4.76|4.78|39.3|45.89|10.86|10.46|0|0.28|-279.72|809.03|714.94|56.04|
|兆易创新|603986.SH|2025-07-28|798.6|798.18|72.43|70.52|4.75|4.78|39.3|45.88|10.86|10.46|0|0.28|-279.68|808.9|714.81|56.03|
|兆易创新|603986.SH|2025-07-25|809.75|809.34|73.44|71.51|4.82|4.84|39.85|46.52|11.01|10.6|0|0.28|-283.58|820.05|725.96|56.9|
|兆易创新|603986.SH|2025-07-24|782.86|782.45|71|69.13|4.66|4.68|38.52|44.98|10.64|10.25|0|0.29|-274.17|793.16|699.07|54.79|
|兆易创新|603986.SH|2025-07-23|776.88|776.48|70.46|68.61|4.63|4.65|38.23|44.63|10.56|10.17|0|0.29|-272.07|787.18|693.09|54.33|
|兆易创新|603986.SH|2025-07-22|769.45|769.05|69.79|67.95|4.58|4.6|37.86|44.21|10.46|10.07|0|0.29|-269.47|779.75|685.65|53.74|
|兆易创新|603986.SH|2025-07-21|777.68|777.28|70.54|68.68|4.63|4.65|38.27|44.68|10.57|10.18|0|0.29|-272.35|787.98|693.89|54.39|
|兆易创新|603986.SH|2025-07-18|778.01|777.61|70.57|68.71|4.63|4.65|38.28|44.7|10.58|10.19|0|0.29|-272.47|788.31|694.22|54.41|
|兆易创新|603986.SH|2025-07-17|783.52|783.12|71.07|69.19|4.66|4.69|38.55|45.01|10.65|10.26|0|0.29|-274.4|793.82|699.73|54.85|
|兆易创新|603986.SH|2025-07-16|758.62|758.23|68.81|66.99|4.52|4.54|37.33|43.58|10.31|9.93|0|0.3|-265.68|768.92|674.83|52.89|
|兆易创新|603986.SH|2025-07-15|763.67|763.27|69.26|67.44|4.55|4.57|37.58|43.87|10.38|10|0|0.3|-267.44|773.97|679.88|53.29|
|兆易创新|603986.SH|2025-07-14|780.87|780.46|70.82|68.96|4.65|4.67|38.42|44.86|10.62|10.22|0|0.29|-273.47|791.17|697.08|54.64|
|兆易创新|603986.SH|2025-07-11|785.98|785.57|71.29|69.41|4.68|4.7|38.68|45.16|10.68|10.29|0|0.29|-275.26|796.28|702.19|55.04|
|兆易创新|603986.SH|2025-07-10|783.99|783.58|71.11|69.23|4.67|4.69|38.58|45.04|10.66|10.26|0|0.29|-274.56|794.29|700.2|54.88|
|兆易创新|603986.SH|2025-07-09|793.35|792.94|71.96|70.06|4.72|4.74|39.04|45.58|10.79|10.39|0|0.28|-277.84|803.65|709.56|55.62|
|兆易创新|603986.SH|2025-07-08|808.23|807.81|73.31|71.37|4.81|4.83|39.77|46.43|10.99|10.58|0|0.28|-283.05|818.53|724.44|56.78|
|兆易创新|603986.SH|2025-07-07|802.25|801.84|72.76|70.85|4.78|4.8|39.48|46.09|10.91|10.5|0|0.28|-280.96|812.55|718.46|56.31|
|兆易创新|603986.SH|2025-07-04|789.23|788.83|71.58|69.7|4.7|4.72|38.84|45.34|10.73|10.33|0|0.29|-276.4|799.53|705.44|55.29|
|兆易创新|603986.SH|2025-07-03|795.01|794.6|72.11|70.21|4.73|4.75|39.12|45.67|10.81|10.41|0|0.28|-278.42|805.31|711.22|55.75|
|兆易创新|603986.SH|2025-07-02|803.38|802.96|72.87|70.95|4.78|4.74|39.53|46.16|10.92|10.52|0||-281.35|813.68|719.59|56.4|
|兆易创新|603986.SH|2025-07-01|823.57|823.14|74.7|72.73|4.9|4.86|40.53|47.32|11.2|10.78|0||-288.42|833.87|739.77|57.98|
|兆易创新|603986.SH|2025-06-30|840.23|839.8|76.21|74.2|5|4.96|41.35|48.27|11.42|11|0||-294.26|850.53|756.44|59.29|
|兆易创新|603986.SH|2025-06-27|838.97|838.54|76.09|74.09|5|4.95|41.28|48.2|11.41|10.98|0||-293.82|849.27|755.18|59.19|
|兆易创新|603986.SH|2025-06-26|818.45|818.03|74.23|72.28|4.87|4.83|40.27|47.02|11.13|10.72|0||-286.63|828.75|734.66|57.58|
|兆易创新|603986.SH|2025-06-25|833.39|832.96|75.59|73.6|4.96|4.92|41.01|47.88|11.33|10.91|0||-291.86|843.69|749.6|58.76|
|兆易创新|603986.SH|2025-06-24|822.84|822.41|74.63|72.66|4.9|4.86|40.49|47.27|11.19|10.77|0||-288.17|833.14|739.04|57.93|
|兆易创新|603986.SH|2025-06-23|798.27|797.85|72.4|70.49|4.75|4.71|39.28|45.86|10.85|10.45|0||-279.56|808.57|714.47|56|
|兆易创新|603986.SH|2025-06-20|789.96|789.56|71.65|69.76|4.7|4.66|38.87|45.38|10.74|10.34|0||-276.65|800.27|706.17|55.35|
|兆易创新|603986.SH|2025-06-19|818.19|817.76|74.21|72.25|4.87|4.83|40.26|47.01|11.12|10.71|0||-286.54|828.49|734.4|57.56|
|兆易创新|603986.SH|2025-06-18|814.27|813.85|73.85|71.91|4.85|4.8|40.07|46.78|11.07|10.66|0||-285.17|824.57|730.48|57.26|
|兆易创新|603986.SH|2025-06-17|812.28|811.86|73.67|71.73|4.84|4.79|39.97|46.67|11.04|10.63|0||-284.47|822.58|728.49|57.1|
|兆易创新|603986.SH|2025-06-16|803.58|803.16|72.88|70.96|4.78|4.74|39.54|46.17|10.92|10.52|0||-281.42|813.88|719.79|56.42|
|兆易创新|603986.SH|2025-06-13|789.57|789.16|71.61|69.73|4.7|4.66|38.85|45.36|10.73|10.34|0||-276.51|799.87|705.78|55.32|
|兆易创新|603986.SH|2025-06-12|796.54|796.13|72.25|70.34|4.74|4.7|39.2|45.76|10.83|10.43|0||-278.96|806.84|712.75|55.87|
|兆易创新|603986.SH|2025-06-11|791.23|790.82|71.76|69.87|4.71|4.67|38.93|45.46|10.76|10.36|0||-277.1|801.53|707.44|55.45|
|兆易创新|603986.SH|2025-06-10|792.89|792.48|71.91|70.02|4.72|4.68|39.02|45.55|10.78|10.38|0||-277.68|803.19|709.1|55.58|
|兆易创新|603986.SH|2025-06-09|814.34|813.91|73.86|71.91|4.85|4.81|40.07|46.78|11.07|10.66|0||-285.19|824.64|730.54|57.26|
|兆易创新|603986.SH|2025-06-06|819.71|819.29|74.35|72.39|4.88|4.86|40.34|47.09|11.14|10.73|0||-287.07|830.01|735.92|57.68|
|兆易创新|603986.SH|2025-06-05|782.93|782.52|71.01|69.14|4.66|4.64|38.53|44.98|10.64|10.25|0||-274.19|793.23|699.13|54.8|
|兆易创新|603986.SH|2025-06-04|767.52|767.12|69.61|67.78|4.57|4.55|37.77|44.1|10.43|10.05|0||-268.79|777.82|683.73|53.59|
|兆易创新|603986.SH|2025-06-03|749.59|749.2|67.99|66.2|4.46|4.44|36.89|43.07|10.19|9.81|0||-262.51|759.89|665.8|52.19|
|兆易创新|603986.SH|2025-05-30|745.74|745.35|67.64|65.86|4.44|4.42|36.7|42.84|10.14|9.76|0||-261.17|756.04|661.95|51.88|
|兆易创新|603986.SH|2025-05-29|755.37|754.98|68.51|66.71|4.5|4.48|37.17|43.4|10.27|9.89|0||-264.54|765.67|671.58|52.64|
|兆易创新|603986.SH|2025-05-28|753.71|753.32|68.36|66.56|4.49|4.47|37.09|43.3|10.25|9.87|0||-263.96|764.01|669.92|52.51|
|兆易创新|603986.SH|2025-05-27|749.72|749.34|68|66.21|4.46|4.44|36.89|43.07|10.19|9.82|0||-262.56|760.02|665.93|52.2|
|兆易创新|603986.SH|2025-05-26|770.51|770.11|69.88|68.04|4.59|4.57|37.91|44.27|10.47|10.09|0||-269.84|780.81|686.72|53.83|
|兆易创新|603986.SH|2025-05-23|766.32|765.93|69.51|67.67|4.56|4.54|37.71|44.03|10.42|10.03|0||-268.38|776.62|682.53|53.5|
|兆易创新|603986.SH|2025-05-22|781.33|780.93|70.87|69|4.65|4.63|38.45|44.89|10.62|10.23|0||-273.63|791.63|697.54|54.67|
|兆易创新|603986.SH|2025-05-21|784.52|784.11|71.16|69.28|4.67|4.65|38.6|45.07|10.67|10.27|0||-274.75|794.82|700.73|54.92|
|兆易创新|603986.SH|2025-05-20|837.71|837.28|75.98|73.98|4.99|4.97|41.22|48.13|11.39|10.97|0||-293.38|848.01|753.92|59.09|
|兆易创新|603986.SH|2025-05-19|838.71|838.27|76.07|74.07|4.99|4.97|41.27|48.19|11.4|10.98|0||-293.72|849.01|754.92|59.17|
|兆易创新|603986.SH|2025-05-16|812.08|811.66|73.66|71.71|4.83|4.81|39.96|46.66|11.04|10.63|0||-284.4|822.38|728.29|57.08|
|兆易创新|603986.SH|2025-05-15|810.15|809.73|73.48|71.54|4.82|4.8|39.87|46.54|11.01|10.61|0||-283.72|820.45|726.36|56.93|
|兆易创新|603986.SH|2025-05-14|826.69|826.26|74.98|73|4.92|4.9|40.68|47.49|11.24|10.82|0||-289.51|836.99|742.9|58.23|
|兆易创新|603986.SH|2025-05-13|833.46|833.03|75.59|73.6|4.96|4.94|41.01|47.88|11.33|10.91|0||-291.89|843.76|749.67|58.76|
|兆易创新|603986.SH|2025-05-12|833.26|832.83|75.58|73.58|4.96|4.94|41|47.87|11.33|10.91|0||-291.82|843.56|749.47|58.74|
|兆易创新|603986.SH|2025-05-09|826.09|825.66|74.93|72.95|4.92|4.9|40.65|47.46|11.23|10.82|0||-289.31|836.39|742.3|58.18|
|兆易创新|603986.SH|2025-05-08|846.81|845.44|76.81|74.78|5.04|5.04|41.67|48.65|11.51|11.09|0||-296.56|857.11|763.02|59.81|
|兆易创新|603986.SH|2025-05-07|865.6|864.2|78.51|76.44|5.15|5.15|42.59|49.73|11.77|11.33|0||-303.14|875.9|781.81|61.28|
|兆易创新|603986.SH|2025-05-06|875.56|874.15|79.41|77.32|5.21|5.21|43.08|50.3|11.9|11.46|0||-306.63|885.86|791.77|62.06|
|兆易创新|603986.SH|2025-04-30|854.58|853.2|77.51|75.47|5.09|5.09|42.05|49.1|11.62|11.19|0||-299.28|864.88|770.79|60.42|
|兆易创新|603986.SH|2025-04-29|841.5|840.14|76.32|74.31|5.01|5.01|41.41|48.35|11.44|11.02|0||-294.7|851.8|757.7|59.39|
|兆易创新|603986.SH|2025-04-28|765|763.76|69.38|67.56|4.55|4.55|37.64|43.95|10.4|10.02|0||-267.91|775.3|681.2|53.39|
|兆易创新|603986.SH|2025-04-25|747.93|746.72|464.15|133.66|4.68|4.72|63.02|36.27|12.98|10.66|0||-405.65|755.4|662.74|196.06|
|兆易创新|603986.SH|2025-04-24|738.17|736.98|458.09|131.92|4.62|4.66|62.2|35.79|12.81|10.52|0||-400.35|745.64|652.98|193.17|
|兆易创新|603986.SH|2025-04-23|761.01|759.78|472.26|136|4.76|4.8|64.13|36.9|13.21|10.85|0||-412.74|768.48|675.82|199.93|
|兆易创新|603986.SH|2025-04-22|746.07|744.87|462.99|133.33|4.67|4.71|62.87|36.17|12.95|10.63|0||-404.64|753.54|660.88|195.51|
|兆易创新|603986.SH|2025-04-21|746.8|745.6|463.44|133.46|4.67|4.71|62.93|36.21|12.96|10.64|0||-405.04|754.27|661.61|195.73|
|兆易创新|603986.SH|2025-04-18|719.18|718.02|446.3|128.52|4.5|4.54|60.6|34.87|12.48|10.25|0||-390.05|726.65|633.98|187.55|
|兆易创新|603986.SH|2025-04-17|725.15|723.98|450.01|129.59|4.53|4.57|61.1|35.16|12.59|10.34|0||-393.3|732.62|639.96|189.32|
|兆易创新|603986.SH|2025-04-16|725.09|723.92|449.97|129.58|4.53|4.57|61.1|35.16|12.59|10.33|0||-393.26|732.56|639.89|189.3|
|兆易创新|603986.SH|2025-04-15|730.47|729.29|453.31|130.54|4.57|4.61|61.55|35.42|12.68|10.41|0||-396.18|737.93|645.27|190.89|
|兆易创新|603986.SH|2025-04-14|741.95|740.76|460.44|132.59|4.64|4.68|62.52|35.98|12.88|10.58|0||-402.41|749.42|656.76|194.29|
|兆易创新|603986.SH|2025-04-11|745.87|744.67|462.87|133.29|4.66|4.7|62.85|36.17|12.95|10.63|0||-404.53|753.34|660.68|195.45|
|兆易创新|603986.SH|2025-04-10|716.52|715.36|444.65|128.05|4.48|4.52|60.38|34.74|12.44|10.21|0||-388.61|723.99|631.33|186.77|
|兆易创新|603986.SH|2025-04-09|697|695.87|432.54|124.56|4.36|4.4|58.73|33.8|12.1|9.93|0||-378.02|704.47|611.8|180.99|
|兆易创新|603986.SH|2025-04-08|687.17|686.06|426.44|122.8|4.3|4.33|57.9|33.32|11.93|9.79|0||-372.69|694.64|601.98|178.09|
|兆易创新|603986.SH|2025-04-07|691.95|690.83|429.41|123.66|4.33|4.36|58.31|33.55|12.01|9.86|0||-375.29|699.42|606.76|179.5|
|兆易创新|603986.SH|2025-04-03|768.65|767.41|477|137.36|4.81|4.85|64.77|37.27|13.34|10.96|0||-416.89|776.12|683.46|202.19|
|兆易创新|603986.SH|2025-04-02|780.87|779.61|484.59|139.55|4.88|4.93|65.8|37.86|13.55|11.13|0||-423.51|788.34|695.67|205.81|
|兆易创新|603986.SH|2025-04-01|780.2|778.94|484.17|139.43|4.88|4.92|65.74|37.83|13.54|11.12|0||-423.15|787.67|695.01|205.61|
|兆易创新|603986.SH|2025-03-31|776.15|774.9|481.66|138.7|4.85|4.9|65.4|37.63|13.47|11.06|0||-420.96|783.62|690.96|204.41|
|兆易创新|603986.SH|2025-03-28|777.02|775.76|482.2|138.86|4.86|4.9|65.47|37.68|13.49|11.07|0||-421.42|784.48|691.82|204.67|
|兆易创新|603986.SH|2025-03-27|781.13|779.87|484.75|139.59|4.88|4.93|65.82|37.88|13.56|11.13|0||-423.66|788.6|695.94|205.88|
|兆易创新|603986.SH|2025-03-26|776.68|775.43|481.99|138.8|4.86|4.9|65.45|37.66|13.48|11.07|0||-421.24|784.15|691.49|204.57|
|兆易创新|603986.SH|2025-03-25|792.29|791.01|491.67|141.59|4.95|5|66.76|38.42|13.75|11.29|0||-429.71|799.76|707.1|209.18|
|兆易创新|603986.SH|2025-03-24|830.87|829.53|515.62|148.48|5.2|5.24|70.01|40.29|14.42|11.84|0||-450.63|838.34|745.68|220.6|
|兆易创新|603986.SH|2025-03-21|820.84|819.52|509.39|146.69|5.13|5.18|69.17|39.8|14.25|11.7|0||-445.19|828.31|735.65|217.63|
|兆易创新|603986.SH|2025-03-20|852.65|851.28|529.13|152.37|5.33|5.38|71.85|41.34|14.8|12.15|0||-462.45|860.12|767.46|227.04|
|兆易创新|603986.SH|2025-03-19|869.59|868.18|539.64|155.4|5.44|5.49|73.27|42.16|15.09|12.39|0||-471.63|877.05|784.39|232.05|
|兆易创新|603986.SH|2025-03-18|862.68|861.29|535.36|154.17|5.39|5.44|72.69|41.83|14.97|12.3|0||-467.88|870.15|777.49|230.01|
|兆易创新|603986.SH|2025-03-17|850.19|848.82|527.61|151.94|5.32|5.36|71.64|41.22|14.76|12.12|0||-461.11|857.66|765|226.31|
|兆易创新|603986.SH|2025-03-14|862.55|861.15|535.27|154.14|5.39|5.44|72.68|41.82|14.97|12.29|0||-467.81|870.02|777.35|229.97|
|兆易创新|603986.SH|2025-03-13|825.29|823.96|512.15|147.48|5.16|5.21|69.54|40.02|14.33|11.76|0||-447.61|832.76|740.1|218.95|
|兆易创新|603986.SH|2025-03-12|853.18|851.81|529.46|152.47|5.33|5.38|71.89|41.37|14.81|12.16|0||-462.73|860.65|767.99|227.2|
|兆易创新|603986.SH|2025-03-11|851.19|849.82|528.23|152.11|5.32|5.37|71.72|41.27|14.78|12.13|0||-461.65|858.66|766|226.61|
|兆易创新|603986.SH|2025-03-10|880.01|878.59|546.11|157.26|5.5|5.55|74.15|42.67|15.28|12.54|0||-477.29|887.48|794.82|235.14|
|兆易创新|603986.SH|2025-03-07|894.35|892.91|555.01|159.83|5.59|5.64|75.36|43.36|15.52|12.75|0||-485.06|901.82|809.16|239.38|
|兆易创新|603986.SH|2025-03-06|914.61|913.13|567.58|163.45|5.72|5.77|77.07|44.35|15.88|13.04|0||-496.05|922.08|829.42|245.37|
|兆易创新|603986.SH|2025-03-05|902.32|900.87|559.96|161.25|5.64|5.69|76.03|43.75|15.66|12.86|0||-489.39|909.79|817.13|241.74|
|兆易创新|603986.SH|2025-03-04|893.16|891.72|554.27|159.61|5.58|5.63|75.26|43.31|15.5|12.73|0||-484.42|900.63|807.97|239.03|
|兆易创新|603986.SH|2025-03-03|860.49|859.1|534|153.77|5.38|5.43|72.51|41.72|14.94|12.26|0||-466.7|867.96|775.29|229.36|
|兆易创新|603986.SH|2025-02-28|875.43|874.02|543.27|156.44|5.47|5.52|73.77|42.45|15.2|12.48|0||-474.8|882.9|790.24|233.78|
|兆易创新|603986.SH|2025-02-27|888.11|886.68|551.14|158.71|5.55|5.6|74.84|43.06|15.42|12.66|0||-481.68|895.58|802.92|237.53|
|兆易创新|603986.SH|2025-02-26|908.23|906.77|563.63|162.31|5.68|5.73|76.53|44.04|15.77|12.95|0||-492.59|915.7|823.04|243.49|
|兆易创新|603986.SH|2025-02-25|909.76|908.29|564.57|162.58|5.69|5.74|76.66|44.11|15.79|12.97|0||-493.42|917.23|824.57|243.94|
|兆易创新|603986.SH|2025-02-24|949.6|948.07|589.3|169.7|5.94|5.99|80.02|46.04|16.48|13.54|0||-515.03|957.07|864.41|255.72|
|兆易创新|603986.SH|2025-02-21|916.73|915.25|568.9|163.83|5.73|5.78|77.25|44.45|15.91|13.07|0||-497.2|924.2|831.54|246|
|兆易创新|603986.SH|2025-02-20|852.59|851.21|529.09|152.36|5.33|5.38|71.84|41.34|14.8|12.15|0||-462.41|860.05|767.39|227.02|
|兆易创新|603986.SH|2025-02-19|846.74|845.38|525.47|151.32|5.29|5.34|71.35|41.06|14.7|12.07|0||-459.24|854.21|761.55|225.29|
|兆易创新|603986.SH|2025-02-18|819.91|818.59|508.82|146.52|5.13|5.17|69.09|39.76|14.23|11.69|0||-444.69|827.38|734.72|217.36|
|兆易创新|603986.SH|2025-02-17|846.61|845.24|525.38|151.29|5.29|5.34|71.34|41.05|14.7|12.07|0||-459.17|854.08|761.42|225.25|
|兆易创新|603986.SH|2025-02-14|845.48|844.12|524.68|151.09|5.29|5.33|71.24|41|14.68|12.05|0||-458.56|852.95|760.29|224.92|
|兆易创新|603986.SH|2025-02-13|847.87|846.5|526.17|151.52|5.3|5.35|71.44|41.11|14.72|12.08|0||-459.85|855.34|762.68|225.63|
|兆易创新|603986.SH|2025-02-12|896.35|894.9|556.25|160.18|5.6|5.65|75.53|43.46|15.56|12.78|0||-486.14|903.82|811.15|239.97|
|兆易创新|603986.SH|2025-02-11|889.84|888.4|552.21|159.02|5.56|5.61|74.98|43.15|15.45|12.68|0||-482.62|897.31|804.65|238.04|
|兆易创新|603986.SH|2025-02-10|894.02|892.58|554.81|159.77|5.59|5.64|75.33|43.35|15.52|12.74|0||-484.88|901.49|808.83|239.28|
|兆易创新|603986.SH|2025-02-07|920.12|918.64|571|164.43|5.75|5.8|77.53|44.61|15.97|13.11|0||-499.04|927.59|834.93|247|
|兆易创新|603986.SH|2025-02-06|933.87|932.36|579.53|166.89|5.84|5.89|78.69|45.28|16.21|13.31|0||-506.49|941.34|848.67|251.07|
|兆易创新|603986.SH|2025-02-05|898.8|897.35|557.77|160.62|5.62|5.67|75.74|43.58|15.6|12.81|0||-487.48|906.27|813.61|240.7|
|兆易创新|603986.SH|2025-01-27|846.01|844.65|525.01|151.19|5.29|5.34|71.29|41.02|14.69|12.06|0||-458.84|853.48|760.82|225.08|
|兆易创新|603986.SH|2025-01-24|866.6|865.2|537.79|154.87|5.42|5.47|73.02|42.02|15.04|12.35|0||-470.01|874.07|781.4|231.17|
|兆易创新|603986.SH|2025-01-23|866.4|865|537.66|154.83|5.42|5.46|73.01|42.01|15.04|12.35|0||-469.9|873.87|781.2|231.11|
|兆易创新|603986.SH|2025-01-22|904.52|903.06|561.32|161.64|5.66|5.71|76.22|43.86|15.7|12.89|0||-490.57|911.98|819.32|242.38|
|兆易创新|603986.SH|2025-01-21|877.22|875.81|544.38|156.76|5.49|5.53|73.92|42.53|15.23|12.5|0||-475.77|884.69|792.03|234.31|
|兆易创新|603986.SH|2025-01-20|883.29|881.77|548.14|157.85|5.52|5.57|74.43|42.83|15.33|12.59|0||-479.06|890.75|798.09|236.1|
|兆易创新|603986.SH|2025-01-17|895.17|893.64|555.52|159.97|5.6|5.65|75.43|43.4|15.54|12.76|0||-485.51|902.64|809.98|239.62|
|兆易创新|603986.SH|2025-01-16|851.41|849.95|528.36|152.15|5.32|5.37|71.74|41.28|14.78|12.14|0||-461.77|858.88|766.21|226.67|
|兆易创新|603986.SH|2025-01-15|882.36|880.84|547.57|157.68|5.52|5.57|74.35|42.78|15.32|12.58|0||-478.56|889.82|797.16|235.83|
|兆易创新|603986.SH|2025-01-14|860.97|859.5|534.3|153.86|5.38|5.43|72.55|41.75|14.95|12.27|0||-466.96|868.44|775.78|229.5|
|兆易创新|603986.SH|2025-01-13|782.67|781.33|485.7|139.87|4.89|4.94|65.95|37.95|13.59|11.16|0||-424.49|790.14|697.48|206.34|
|兆易创新|603986.SH|2025-01-10|800.27|798.9|496.63|143.01|5|5.05|67.43|38.8|13.89|11.41|0||-434.04|807.74|715.08|211.55|
|兆易创新|603986.SH|2025-01-09|816.21|814.81|506.52|145.86|5.1|5.15|68.78|39.58|14.17|11.63|0||-442.68|823.68|731.02|216.26|
|兆易创新|603986.SH|2025-01-08|761.42|760.11|472.52|136.07|4.76|4.8|64.16|36.92|13.22|10.85|0||-412.96|768.89|676.23|200.05|
|兆易创新|603986.SH|2025-01-07|698.66|697.46|433.57|124.85|4.37|4.41|58.87|33.88|12.13|9.96|0||-378.93|706.13|613.47|181.49|
|兆易创新|603986.SH|2025-01-06|661.07|659.94|410.24|118.14|4.13|4.17|55.7|32.05|11.48|9.42|0||-358.54|668.54|575.88|170.36|
|兆易创新|603986.SH|2025-01-03|684.71|683.54|424.91|122.36|4.28|4.32|57.7|33.2|11.89|9.76|0||-371.36|692.18|599.52|177.36|
|兆易创新|603986.SH|2025-01-02|683.98|682.81|424.46|122.23|4.28|4.31|57.63|33.16|11.87|9.75|0||-370.97|691.45|598.79|177.14|
|兆易创新|603986.SH|2024-12-31|709.28|708.07|440.16|126.75|4.44|4.47|59.77|34.39|12.31|10.11|0.58||-384.69|716.75|624.09|184.63|
|兆易创新|603986.SH|2024-12-30|755.91|754.61|469.1|135.09|4.73|4.77|63.7|36.65|13.12|10.77|0.55||-409.98|763.38|670.71|198.42|
|兆易创新|603986.SH|2024-12-27|743.55|742.28|461.43|132.88|4.65|4.69|62.65|36.05|12.91|10.6|0.56||-403.28|751.02|658.36|194.77|
|兆易创新|603986.SH|2024-12-26|763.74|762.44|473.96|136.49|4.78|4.82|64.36|37.03|13.26|10.89|0.54||-414.23|771.21|678.55|200.74|
|兆易创新|603986.SH|2024-12-25|728.94|727.69|452.36|130.27|4.56|4.6|61.42|35.34|12.65|10.39|0.57||-395.35|736.41|643.75|190.44|
|兆易创新|603986.SH|2024-12-24|717.25|716.03|445.11|128.18|4.48|4.52|60.44|34.78|12.45|10.22|0.58||-389.01|724.72|632.06|186.99|
|兆易创新|603986.SH|2024-12-23|712.27|711.05|442.02|127.29|4.45|4.49|60.02|34.54|12.36|10.15|0.58||-386.31|719.74|627.08|185.51|
|兆易创新|603986.SH|2024-12-20|751.79|750.5|466.54|134.35|4.7|4.74|63.35|36.45|13.05|10.72|0.55||-407.74|759.26|666.6|197.2|
|兆易创新|603986.SH|2024-12-19|744.82|743.54|462.21|133.1|4.66|4.7|62.76|36.11|12.93|10.62|0.56||-403.96|752.28|659.62|195.14|
|兆易创新|603986.SH|2024-12-18|684.38|683.21|424.71|122.3|4.28|4.32|57.67|33.18|11.88|9.75|0.6||-371.18|691.85|599.19|177.26|
|兆易创新|603986.SH|2024-12-17|622.15|621.09|386.09|111.18|3.89|3.92|52.42|30.17|10.8|8.87|0.66||-337.43|629.62|536.96|158.85|
|兆易创新|603986.SH|2024-12-16|641.94|640.84|398.37|114.72|4.01|4.05|54.09|31.13|11.14|9.15|0.64||-348.17|649.41|556.75|164.71|
|兆易创新|603986.SH|2024-12-13|617.5|616.45|383.21|110.35|3.86|3.9|52.03|29.94|10.72|8.8|0.67||-334.91|624.97|532.31|157.48|
|兆易创新|603986.SH|2024-12-12|561.38|560.42|348.38|100.32|3.51|3.54|47.3|27.22|9.74|8|0.74||-304.47|568.85|476.19|140.87|
|兆易创新|603986.SH|2024-12-11|559.26|558.3|347.06|99.94|3.5|3.53|47.13|27.12|9.71|7.97|0.74||-303.32|566.73|474.07|140.25|
|兆易创新|603986.SH|2024-12-10|555.81|554.85|344.92|99.33|3.48|3.51|46.83|26.95|9.65|7.92|0.74||-301.45|563.27|470.61|139.22|
|兆易创新|603986.SH|2024-12-09|553.35|552.4|343.39|98.89|3.46|3.49|46.63|26.83|9.61|7.89|0.75||-300.12|560.82|468.16|138.5|
|兆易创新|603986.SH|2024-12-06|571.01|570.04|354.36|102.04|3.57|3.6|48.12|27.69|9.91|8.14|0.72||-309.7|578.48|485.82|143.72|
|兆易创新|603986.SH|2024-12-05|565.04|564.07|350.65|100.98|3.53|3.56|47.61|27.4|9.81|8.05|0.73||-306.45|572.51|479.84|141.96|
|兆易创新|603986.SH|2024-12-04|570.28|569.31|353.9|101.91|3.57|3.6|48.05|27.65|9.9|8.13|0.73||-309.3|577.75|485.09|143.51|
|兆易创新|603986.SH|2024-12-03|556|555.05|345.04|99.36|3.48|3.51|46.85|26.96|9.65|7.92|0.74||-301.56|563.47|470.81|139.28|
|兆易创新|603986.SH|2024-12-02|563.04|562.08|349.41|100.62|3.52|3.55|47.44|27.3|9.77|8.03|0.73||-305.37|570.51|477.85|141.37|
|兆易创新|603986.SH|2024-11-29|569.69|568.71|353.53|101.81|3.56|3.59|48|27.62|9.89|8.12|0.73||-308.98|577.15|484.49|143.33|
|兆易创新|603986.SH|2024-11-28|566.1|565.13|351.31|101.17|3.54|3.57|47.7|27.45|9.83|8.07|0.73||-307.03|573.57|480.91|142.27|
|兆易创新|603986.SH|2024-11-27|564.51|563.54|350.32|100.88|3.53|3.56|47.57|27.37|9.8|8.05|0.73||-306.17|571.97|479.31|141.8|
|兆易创新|603986.SH|2024-11-26|552.68|551.74|342.98|98.77|3.46|3.49|46.57|26.8|9.59|7.88|0.75||-299.76|560.15|467.49|138.3|
|兆易创新|603986.SH|2024-11-25|557.27|556.31|345.82|99.59|3.48|3.52|46.96|27.02|9.67|7.94|0.74||-302.24|564.74|472.07|139.66|
|兆易创新|603986.SH|2024-11-22|560.39|559.43|347.76|100.14|3.5|3.53|47.22|27.17|9.73|7.99|0.74||-303.93|567.86|475.19|140.58|
|兆易创新|603986.SH|2024-11-21|586.55|585.55|364|104.82|3.67|3.7|49.43|28.44|10.18|8.36|0.71||-318.13|594.02|501.36|148.32|
|兆易创新|603986.SH|2024-11-20|588.03|587.03|364.92|105.08|3.68|3.69|49.55|28.51|10.21|8.38|0.7||-318.93|595.5|502.84|148.76|
|兆易创新|603986.SH|2024-11-19|591.03|590.02|366.78|105.62|3.7|3.71|49.8|28.66|10.26|8.42|0.7||-320.55|598.5|505.84|149.64|
|兆易创新|603986.SH|2024-11-18|575.71|574.73|357.27|102.88|3.6|3.61|48.51|27.91|9.99|8.21|0.72||-312.25|583.18|490.52|145.11|
|兆易创新|603986.SH|2024-11-15|596.55|595.54|370.21|106.61|3.73|3.75|50.27|28.93|10.36|8.5|0.69||-323.55|604.02|511.36|151.28|
|兆易创新|603986.SH|2024-11-14|614.07|613.02|381.07|109.74|3.84|3.86|51.74|29.77|10.66|8.75|0.67||-333.05|621.54|528.87|156.46|
|兆易创新|603986.SH|2024-11-13|641.3|640.21|397.97|114.6|4.01|4.03|54.04|31.09|11.13|9.14|0.64||-347.82|648.77|556.11|164.52|
|兆易创新|603986.SH|2024-11-12|644.96|643.86|400.25|115.26|4.03|4.05|54.35|31.27|11.2|9.19|0.64||-349.8|652.43|559.77|165.6|
|兆易创新|603986.SH|2024-11-11|660.15|659.02|409.67|117.97|4.13|4.14|55.63|32.01|11.46|9.41|0.63||-358.04|667.61|574.95|170.09|
|兆易创新|603986.SH|2024-11-08|635.77|634.69|394.55|113.62|3.98|3.99|53.57|30.83|11.04|9.06|0.65||-344.82|643.24|550.58|162.88|
|兆易创新|603986.SH|2024-11-07|643.5|642.4|399.34|115|4.02|4.04|54.22|31.2|11.17|9.17|0.64||-349.01|650.97|558.31|165.17|
|兆易创新|603986.SH|2024-11-06|629.38|628.31|390.58|112.47|3.94|3.95|53.03|30.52|10.93|8.97|0.66||-341.35|636.85|544.19|160.99|
|兆易创新|603986.SH|2024-11-05|613.14|612.09|380.5|109.57|3.83|3.85|51.67|29.73|10.64|8.74|0.67||-332.54|620.6|527.94|156.18|
|兆易创新|603986.SH|2024-11-04|599.28|598.26|371.9|107.1|3.75|3.75|50.5|29.06|10.4|8.54|0.69||-325.03|606.75|514.09|152.09|
|兆易创新|603986.SH|2024-11-01|574.65|573.67|356.61|102.69|3.59|3.59|48.42|27.86|9.98|8.19|0.72||-311.67|582.12|489.45|144.8|
|兆易创新|603986.SH|2024-10-31|600.42|599.39|372.6|107.3|3.75|3.75|50.59|29.11|10.42|8.56|0.69||-325.64|607.89|515.22|152.42|
|兆易创新|603986.SH|2024-10-30|591.03|590.02|366.78|105.62|3.7|3.7|49.8|28.66|10.26|8.42|0.7||-320.55|598.5|505.84|149.64|
|兆易创新|603986.SH|2024-10-29|589.96|588.96|366.12|105.43|3.69|3.69|49.71|28.61|10.24|8.41|0.7||-319.97|597.43|504.77|149.33|
|兆易创新|603986.SH|2024-10-28|604.35|603.31|375.04|108|3.78|3.78|50.92|29.3|10.49|8.61|0.68||-327.77|611.81|519.15|153.58|
|兆易创新|603986.SH|2024-10-25|593.63|592.61|368.39|173.49|3.8|3.8|50.02|33.15|10.3|9.27|0.7||-481.26|598.09|509.81|150.82|
|兆易创新|603986.SH|2024-10-24|587.97|586.96|364.88|171.84|3.76|3.76|49.54|32.83|10.21|9.18|0.7||-476.68|592.43|504.15|149.15|
|兆易创新|603986.SH|2024-10-23|585.97|584.97|363.64|171.26|3.75|3.75|49.38|32.72|10.17|9.15|0.71||-475.06|590.44|502.15|148.56|
|兆易创新|603986.SH|2024-10-22|591.29|590.29|366.94|172.81|3.78|3.79|49.82|33.02|10.26|9.23|0.7||-479.38|595.76|507.48|150.13|
|兆易创新|603986.SH|2024-10-21|598.75|597.73|371.57|174.99|3.83|3.83|50.45|33.43|10.39|9.35|0.69||-485.42|603.22|514.94|152.34|
|兆易创新|603986.SH|2024-10-18|584.24|583.24|362.56|170.75|3.74|3.74|49.23|32.62|10.14|9.12|0.71||-473.65|588.7|500.42|148.04|
|兆易创新|603986.SH|2024-10-17|548.61|547.68|340.45|160.34|3.51|3.51|46.23|30.63|9.52|8.57|0.75||-444.77|553.08|464.8|137.5|
|兆易创新|603986.SH|2024-10-16|553.21|552.26|343.31|161.68|3.54|3.54|46.62|30.89|9.6|8.64|0.75||-448.5|557.67|469.39|138.86|
|兆易创新|603986.SH|2024-10-15|565.99|565.03|351.24|165.42|3.62|3.62|47.69|31.6|9.82|8.84|0.73||-458.86|570.46|482.18|142.65|
|兆易创新|603986.SH|2024-10-14|573.45|572.47|355.87|167.6|3.67|3.67|48.32|32.02|9.95|8.95|0.72||-464.91|577.92|489.64|144.85|
|兆易创新|603986.SH|2024-10-11|559.33|558.38|347.11|163.47|3.58|3.58|47.13|31.23|9.71|8.73|0.74||-453.46|563.8|475.52|140.68|
|兆易创新|603986.SH|2024-10-10|586.5|585.5|363.97|171.41|3.75|3.75|49.42|32.75|10.18|9.16|0.71||-475.49|590.97|502.69|148.71|
|兆易创新|603986.SH|2024-10-09|619.93|618.87|384.71|181.18|3.96|3.97|52.24|34.62|10.76|9.68|0.67||-502.59|624.39|536.11|158.6|
|兆易创新|603986.SH|2024-10-08|647.29|646.19|401.69|189.18|4.14|4.14|54.54|36.14|11.24|10.11|0.64||-524.78|651.76|563.48|166.7|
|兆易创新|603986.SH|2024-09-30|588.43|587.43|365.16|171.98|3.76|3.77|49.58|32.86|10.21|9.19|0.7||-477.05|592.9|504.62|149.28|
|兆易创新|603986.SH|2024-09-27|535.36|534.45|332.23|156.47|3.42|3.42|45.11|29.89|9.29|8.36|0.77||-434.03|539.83|451.55|133.58|
|兆易创新|603986.SH|2024-09-26|501.2|500.35|311.03|146.48|3.21|3.21|42.23|27.99|8.7|7.83|0.83||-406.34|505.67|417.39|123.48|
|兆易创新|603986.SH|2024-09-25|462.45|461.66|286.98|135.16|2.96|2.96|38.97|25.82|8.03|7.22|0.89||-374.92|466.92|378.64|112.01|
|兆易创新|603986.SH|2024-09-24|455.46|454.68|282.64|133.11|2.91|2.91|38.38|25.43|7.91|7.11|0.91||-369.25|459.92|371.64|109.95|
|兆易创新|603986.SH|2024-09-23|433.68|432.94|269.13|126.75|2.77|2.77|36.54|24.22|7.53|6.77|0.95||-351.6|438.15|349.87|103.5|
|兆易创新|603986.SH|2024-09-20|434.75|434.01|269.79|127.06|2.78|2.78|36.63|24.28|7.55|6.79|0.95||-352.46|439.22|350.94|103.82|
|兆易创新|603986.SH|2024-09-19|436.21|435.47|270.7|127.49|2.79|2.79|36.76|24.36|7.57|6.81|0.95||-353.65|440.68|352.4|104.25|
|兆易创新|603986.SH|2024-09-18|431.35|430.62|267.69|126.07|2.76|2.76|36.35|24.09|7.49|6.74|0.96||-349.71|435.82|347.54|102.81|
|兆易创新|603986.SH|2024-09-13|434.81|434.07|269.83|127.08|2.78|2.78|36.64|24.28|7.55|6.79|0.95||-352.51|439.28|351|103.84|
|兆易创新|603986.SH|2024-09-12|444.8|444.04|276.03|130|2.84|2.84|37.48|24.84|7.72|6.95|0.93||-360.61|449.27|360.99|106.79|
|兆易创新|603986.SH|2024-09-11|450.4|449.63|279.5|131.63|2.88|2.88|37.95|25.15|7.82|7.03|0.92||-365.15|454.86|366.58|108.45|
|兆易创新|603986.SH|2024-09-10|452.33|451.55|280.7|132.2|2.89|2.89|38.11|25.26|7.85|7.06|0.91||-366.71|456.79|368.51|109.02|
|兆易创新|603986.SH|2024-09-09|450.4|449.63|279.5|131.63|2.88|2.88|37.95|25.15|7.82|7.03|0.92||-365.15|454.86|366.58|108.45|
|兆易创新|603986.SH|2024-09-06|451.99|451.22|280.5|132.1|2.89|2.89|38.09|25.24|7.85|7.06|0.92||-366.44|456.46|368.18|108.92|
|兆易创新|603986.SH|2024-09-05|462.05|461.26|286.74|135.04|2.96|2.96|38.93|25.8|8.02|7.21|0.9||-374.59|466.52|378.24|111.9|
|兆易创新|603986.SH|2024-09-04|458.39|457.6|284.46|133.97|2.93|2.93|38.63|25.6|7.96|7.16|0.9||-371.62|462.85|374.57|110.81|
|兆易创新|603986.SH|2024-09-03|466.24|465.45|289.34|136.26|2.98|2.98|39.29|26.03|8.09|7.28|0.89||-377.99|470.71|382.43|113.14|
|兆易创新|603986.SH|2024-09-02|456.39|455.61|283.22|133.38|2.92|2.92|38.46|25.48|7.92|7.13|0.91||-370|460.86|372.58|110.22|
|兆易创新|603986.SH|2024-08-30|481.96|481.14|299.09|140.86|3.08|3.08|40.61|26.91|8.37|7.53|0.86||-390.73|486.43|398.15|117.79|
|兆易创新|603986.SH|2024-08-29|466.11|465.31|289.26|136.23|2.98|2.98|39.28|26.03|8.09|7.28|0.89||-377.89|470.58|382.3|113.1|
|兆易创新|603986.SH|2024-08-28|465.78|464.98|289.05|136.13|2.98|2.98|39.25|26.01|8.09|7.27|0.89||-377.62|470.25|381.97|113|
|兆易创新|603986.SH|2024-08-27|467.64|466.84|290.21|136.67|2.99|2.99|39.41|26.11|8.12|7.3|0.88||-379.13|472.11|383.83|113.55|
|兆易创新|603986.SH|2024-08-26|474.63|473.82|294.55|138.72|3.04|3.04|39.99|26.5|8.24|7.41|0.87||-384.8|479.1|390.82|115.62|
|兆易创新|603986.SH|2024-08-23|481.83|481|299.01|140.82|3.08|3.08|40.6|26.9|8.36|7.52|0.86||-390.63|486.29|398.01|117.75|
|兆易创新|603986.SH|2024-08-22|490.41|489.58|304.34|143.33|3.14|3.14|41.32|27.38|8.51|7.66|0.84||-397.59|494.88|406.6|120.29|
|兆易创新|603986.SH|2024-08-21|492.68|491.84|305.74|143.99|3.15|3.15|41.52|27.51|8.55|7.69|0.84||-399.43|497.15|408.87|120.96|
|兆易创新|603986.SH|2024-08-20|527.57|526.67|327.4|244.42|3.44|3.44|44.46|33.26|9.16|8.72|0.78||-523.37|532|451.52|133.58|
|兆易创新|603986.SH|2024-08-19|525.91|525.01|326.36|243.65|3.43|3.43|44.31|33.15|9.13|8.7|0.79||-521.71|530.34|449.85|133.08|
|兆易创新|603986.SH|2024-08-16|525.37|524.48|326.03|243.4|3.43|3.42|44.27|33.12|9.12|8.69|0.79||-521.19|529.8|449.32|132.93|
|兆易创新|603986.SH|2024-08-15|524.37|523.48|325.41|242.94|3.42|3.42|44.19|33.06|9.1|8.67|0.79||-520.2|528.81|448.32|132.63|
|兆易创新|603986.SH|2024-08-14|520.91|520.02|323.26|241.33|3.4|3.39|43.89|32.84|9.04|8.61|0.79||-516.76|525.34|444.86|131.61|
|兆易创新|603986.SH|2024-08-13|525.77|524.88|326.28|243.59|3.43|3.42|44.3|33.14|9.13|8.7|0.79||-521.58|530.2|449.72|133.04|
|兆易创新|603986.SH|2024-08-12|520.65|519.76|323.1|241.21|3.39|3.39|43.87|32.82|9.04|8.61|0.79||-516.5|525.08|444.59|131.53|
|兆易创新|603986.SH|2024-08-09|520.18|519.29|322.81|240.99|3.39|3.39|43.83|32.79|9.03|8.6|0.8||-516.03|524.61|444.13|131.39|
|兆易创新|603986.SH|2024-08-08|516.52|515.64|320.54|239.3|3.37|3.36|43.52|32.56|8.97|8.54|0.8||-512.4|520.95|440.47|130.31|
|兆易创新|603986.SH|2024-08-07|512.39|511.51|317.97|237.38|3.34|3.34|43.18|32.3|8.89|8.47|0.81||-508.31|516.82|436.34|129.08|
|兆易创新|603986.SH|2024-08-06|520.58|519.69|323.06|241.18|3.39|3.39|43.87|32.82|9.04|8.61|0.79||-516.43|525.01|444.53|131.51|
|兆易创新|603986.SH|2024-08-05|517.12|516.23|320.91|239.58|3.37|3.37|43.57|32.6|8.98|8.55|0.8||-513|521.55|441.07|130.48|
|兆易创新|603986.SH|2024-08-02|553.07|552.13|343.22|256.23|3.61|3.6|46.6|34.87|9.6|9.15|0.75||-548.67|557.5|477.02|141.12|
|兆易创新|603986.SH|2024-08-01|577.58|576.59|358.43|267.59|3.77|3.76|48.67|36.41|10.03|9.55|0.72||-572.97|582.01|501.53|148.37|
|兆易创新|603986.SH|2024-07-31|572.52|571.54|355.29|265.24|3.73|3.73|48.24|36.09|9.94|9.47|0.72||-567.95|576.95|496.47|146.87|
|兆易创新|603986.SH|2024-07-30|552.61|551.66|342.93|256.02|3.6|3.6|46.56|34.84|9.59|9.14|0.75||-548.2|557.04|476.56|140.98|
|兆易创新|603986.SH|2024-07-29|549.68|548.74|341.12|254.66|3.58|3.58|46.32|34.65|9.54|9.09|0.75||-545.3|554.11|473.63|140.12|
|兆易创新|603986.SH|2024-07-26|562.06|561.1|348.8|260.4|3.66|3.66|47.36|35.43|9.76|9.3|0.74||-557.58|566.49|486.01|143.78|
|兆易创新|603986.SH|2024-07-25|562|561.04|348.76|260.37|3.66|3.66|47.36|35.43|9.76|9.29|0.74||-557.52|566.43|485.95|143.76|
|兆易创新|603986.SH|2024-07-24|574.65|573.67|356.61|266.23|3.75|3.74|48.42|36.23|9.98|9.5|0.72||-570.07|579.08|498.6|147.5|
|兆易创新|603986.SH|2024-07-23|592.27|591.26|367.55|274.39|3.86|3.86|49.91|37.34|10.28|9.79|0.7||-587.55|596.7|516.22|152.72|
|兆易创新|603986.SH|2024-07-22|628.86|627.78|390.25|291.34|4.1|4.1|52.99|39.64|10.92|10.4|0.66||-623.84|633.29|552.8|163.54|
|兆易创新|603986.SH|2024-07-19|640.23|638.63|397.31|296.61|4.17|4.17|53.95|40.36|11.11|10.59|0.65||-635.13|644.66|564.18|166.9|
|兆易创新|603986.SH|2024-07-18|626.89|625.32|389.03|290.43|4.09|4.08|52.82|39.52|10.88|10.37|0.66||-621.9|631.32|550.84|162.96|
|兆易创新|603986.SH|2024-07-17|640.23|638.63|397.31|296.61|4.17|4.17|53.95|40.36|11.11|10.59|0.65||-635.13|644.66|564.18|166.9|
|兆易创新|603986.SH|2024-07-16|653.5|651.86|405.55|302.76|4.26|4.26|55.07|41.2|11.34|10.81|0.63||-648.29|657.93|577.45|170.83|
|兆易创新|603986.SH|2024-07-15|648.23|646.61|402.28|300.32|4.23|4.22|54.62|40.86|11.25|10.72|0.64||-643.07|652.66|572.18|169.27|
|兆易创新|603986.SH|2024-07-12|649.23|647.61|402.9|300.78|4.23|4.23|54.71|40.93|11.27|10.74|0.64||-644.06|653.66|573.18|169.57|
|兆易创新|603986.SH|2024-07-11|652.37|650.73|404.84|302.24|4.25|4.25|54.97|41.13|11.32|10.79|0.63||-647.17|656.8|576.32|170.5|
|兆易创新|603986.SH|2024-07-10|647.17|645.54|401.61|299.83|4.22|4.22|54.53|40.8|11.23|10.7|0.64||-642.01|651.6|571.11|168.96|
|兆易创新|603986.SH|2024-07-09|643.03|641.42|399.05|297.91|4.19|4.19|54.18|40.54|11.16|10.63|0.64||-637.91|647.46|566.98|167.73|
|兆易创新|603986.SH|2024-07-08|613.29|611.75|380.59|284.13|4|3.99|51.68|38.66|10.65|10.14|0.67||-608.4|617.72|537.24|158.93|
|兆易创新|603986.SH|2024-07-05|612.49|610.95|380.09|283.76|3.99|3.99|51.61|38.61|10.63|10.13|0.68||-607.61|616.92|536.44|158.7|
|兆易创新|603986.SH|2024-07-04|610.89|609.36|379.1|283.02|3.98|3.98|51.48|38.51|10.6|10.1|0.68||-606.02|615.32|534.84|158.22|
|兆易创新|603986.SH|2024-07-03|611.49|609.95|379.47|283.3|3.99|3.98|51.53|38.55|10.61|10.11|0.68||-606.61|615.92|535.44|158.4|
|兆易创新|603986.SH|2024-07-02|601.62|600.11|373.35|278.72|3.92|3.92|50.69|37.93|10.44|9.95|0.69||-596.82|606.05|525.57|155.48|
|兆易创新|603986.SH|2024-07-01|629.63|628.05|390.73|291.7|4.11|4.1|53.05|39.69|10.93|10.41|0.66||-624.61|634.06|553.58|163.77|
|兆易创新|603986.SH|2024-06-28|637.7|636.1|395.74|295.44|4.16|4.15|53.73|40.2|11.07|10.55|0.65||-632.61|642.13|561.64|166.15|
|兆易创新|603986.SH|2024-06-27|628.23|626.65|389.86|291.05|4.1|4.09|52.94|39.6|10.91|10.39|0.66||-623.22|632.66|552.17|163.35|
|兆易创新|603986.SH|2024-06-26|621.56|620|385.72|287.96|4.05|4.05|52.37|39.18|10.79|10.28|0.67||-616.6|625.99|545.51|161.38|
|兆易创新|603986.SH|2024-06-25|599.88|598.38|372.27|277.92|3.91|3.91|50.55|37.82|10.41|9.92|0.69||-595.1|604.31|523.83|154.97|
|兆易创新|603986.SH|2024-06-24|616.55|615.01|382.62|285.64|4.02|4.02|51.95|38.87|10.7|10.2|0.67||-611.64|620.99|540.5|159.9|
|兆易创新|603986.SH|2024-06-21|630.23|628.65|391.1|291.98|4.11|4.1|53.11|39.73|10.94|10.42|0.66||-625.2|634.66|554.18|163.94|
|兆易创新|603986.SH|2024-06-20|620.22|618.67|384.89|287.34|4.04|4.04|52.26|39.1|10.77|10.26|0.67||-615.28|624.65|544.17|160.99|
|兆易创新|603986.SH|2024-06-19|631.63|630.04|391.97|292.63|4.12|4.11|53.22|39.82|10.96|10.45|0.65|0.65|-626.59|636.06|555.58|164.36|
|兆易创新|603986.SH|2024-06-18|624.22|622.66|387.38|289.2|4.07|4.07|52.6|39.35|10.84|10.32|0.66|0.66|-619.25|628.66|548.17|162.17|
|兆易创新|603986.SH|2024-06-17|628.76|627.18|390.19|291.3|4.1|4.1|52.98|39.64|10.91|10.4|0.66|0.66|-623.75|633.19|552.71|163.51|
|兆易创新|603986.SH|2024-06-14|604.62|603.1|375.21|280.11|3.94|3.94|50.95|38.12|10.5|10|0.68|0.68|-599.8|609.05|528.57|156.37|
|兆易创新|603986.SH|2024-06-13|593.55|592.06|368.34|274.98|3.87|3.87|50.01|37.42|10.3|9.82|0.7|0.7|-588.82|597.98|517.5|153.09|
|兆易创新|603986.SH|2024-06-12|577.54|576.09|358.41|267.57|3.77|3.76|48.67|36.41|10.03|9.55|0.72|0.72|-572.94|581.97|501.49|148.36|
|兆易创新|603986.SH|2024-06-11|583.94|582.48|362.38|270.54|3.81|3.8|49.21|36.81|10.14|9.66|0.71|0.71|-579.29|588.37|507.89|150.25|
|兆易创新|603986.SH|2024-06-07|556.6|555.21|345.41|257.87|3.63|3.63|46.9|35.09|9.66|9.2|0.74|0.74|-552.16|561.03|480.55|142.16|
|兆易创新|603986.SH|2024-06-06|554.53|553.14|344.13|256.91|3.62|3.61|46.73|34.96|9.63|9.17|0.75|0.75|-550.11|558.96|478.48|141.55|
|兆易创新|603986.SH|2024-06-05|565.34|563.92|350.83|261.92|3.69|3.68|47.64|35.64|9.81|9.35|0.73|0.73|-560.83|569.77|489.29|144.75|
|兆易创新|603986.SH|2024-06-04|568.87|567.45|353.03|263.55|3.71|3.71|47.94|35.86|9.87|9.41|0.73|0.73|-564.34|573.3|492.82|145.79|
|兆易创新|603986.SH|2024-06-03|574.67|573.23|356.63|266.24|3.75|3.74|48.42|36.23|9.98|9.5|0.72|0.72|-570.09|579.1|498.62|147.51|
|兆易创新|603986.SH|2024-05-31|554.27|552.88|343.96|256.79|3.61|3.61|46.7|34.94|9.62|9.17|0.75|0.75|-549.85|558.7|478.21|141.47|
|兆易创新|603986.SH|2024-05-30|549.4|548.02|340.94|254.53|3.58|3.58|46.29|34.63|9.54|9.09|0.75|0.75|-545.02|553.83|473.35|140.03|
|兆易创新|603986.SH|2024-05-29|536.46|535.12|332.91|248.54|3.5|3.49|45.2|33.82|9.31|8.87|0.77|0.77|-532.18|540.89|460.41|136.21|
|兆易创新|603986.SH|2024-05-28|544.8|543.43|338.09|252.4|3.55|3.55|45.91|34.34|9.46|9.01|0.76|0.76|-540.45|549.23|468.74|138.67|
|兆易创新|603986.SH|2024-05-27|543.4|542.03|337.22|251.75|3.54|3.54|45.79|34.26|9.43|8.99|0.76|0.76|-539.06|547.83|467.34|138.26|
|兆易创新|603986.SH|2024-05-24|524.19|522.88|325.3|242.85|3.42|3.41|44.17|33.04|9.1|8.67|0.79|0.79|-520.01|528.62|448.14|132.58|
|兆易创新|603986.SH|2024-05-23|541.93|540.57|336.31|251.07|3.53|3.53|45.66|34.16|9.41|8.96|0.76|0.76|-537.61|546.36|465.88|137.82|
|兆易创新|603986.SH|2024-05-22|550.4|549.02|341.56|254.99|3.59|3.58|46.38|34.7|9.55|9.1|0.75|0.75|-546.01|554.83|474.35|140.33|
|兆易创新|603986.SH|2024-05-21|553|551.61|343.18|256.2|3.61|3.6|46.6|34.86|9.6|9.15|0.75|0.75|-548.59|557.43|476.95|141.1|
|兆易创新|603986.SH|2024-05-20|551.4|550.02|342.18|255.46|3.6|3.59|46.46|34.76|9.57|9.12|0.75|0.75|-547|555.83|475.35|140.62|
|兆易创新|603986.SH|2024-05-17|552.67|551.28|342.97|256.04|3.6|3.6|46.57|34.84|9.59|9.14|0.75|0.75|-548.26|557.1|476.61|141|
|兆易创新|603986.SH|2024-05-16|543.86|542.5|337.51|251.97|3.55|3.54|45.83|34.28|9.44|8.99|0.76|0.76|-539.53|548.29|467.81|138.4|
|兆易创新|603986.SH|2024-05-15|556.33|554.94|345.25|257.74|3.63|3.62|46.88|35.07|9.66|9.2|0.74|0.74|-551.9|560.76|480.28|142.08|
|兆易创新|603986.SH|2024-05-14|577.67|576.23|358.49|267.63|3.77|3.76|48.68|36.42|10.03|9.55|0.72|0.72|-573.07|582.1|501.62|148.4|
|兆易创新|603986.SH|2024-05-13|575.67|574.23|357.25|266.7|3.75|3.75|48.51|36.29|9.99|9.52|0.72|0.72|-571.09|580.1|499.62|147.81|
|兆易创新|603986.SH|2024-05-10|550.13|548.75|341.4|254.87|3.59|3.58|46.36|34.68|9.55|9.1|0.75|0.75|-545.75|554.56|474.08|140.25|
|兆易创新|603986.SH|2024-05-09|550.8|549.42|341.81|255.18|3.59|3.59|46.41|34.72|9.56|9.11|0.75|0.75|-546.41|555.23|474.75|140.45|
|兆易创新|603986.SH|2024-05-08|546.8|545.43|339.33|253.33|3.56|3.56|46.08|34.47|9.49|9.04|0.76|0.76|-542.44|551.23|470.75|139.26|
|兆易创新|603986.SH|2024-05-07|560.4|559|347.77|259.63|3.65|3.65|47.22|35.33|9.73|9.27|0.74|0.74|-555.94|564.83|484.35|143.29|
|兆易创新|603986.SH|2024-05-06|546.46|545.09|339.12|253.17|3.56|3.56|46.05|34.45|9.49|9.04|0.76|0.76|-542.11|550.89|470.41|139.16|
|兆易创新|603986.SH|2024-04-30|525.19|523.28|325.92|243.32|3.42|3.44|44.25|33.11|9.12|8.69|0.79|0.79|-521|529.62|449.14|132.87|
|兆易创新|603986.SH|2024-04-29|525.19|523.28|325.92|243.32|3.42|3.42|44.25|33.11|9.12|8.69|0.79|0.79|-521|529.62|449.14|132.87|
|兆易创新|603986.SH|2024-04-26|524.86|522.95|325.71|243.16|3.42|3.42|44.23|33.09|9.11|8.68|0.79|0.79|-520.67|529.29|448.8|132.77|
|兆易创新|603986.SH|2024-04-25|514.25|512.39|319.13|238.25|3.35|3.35|43.33|32.42|8.93|8.5|0.8|0.8|-510.15|518.68|438.2|129.64|
|兆易创新|603986.SH|2024-04-24|519.52|517.63|322.4|240.69|3.39|3.39|43.78|32.75|9.02|8.59|0.8|0.8|-515.38|523.95|443.47|131.19|
|兆易创新|603986.SH|2024-04-23|496.85|495.04|308.33|230.18|3.24|3.24|41.87|31.32|8.62|8.22|0.83|0.83|-492.89|501.28|420.79|124.49|
|兆易创新|603986.SH|2024-04-22|506.58|504.74|314.37|234.69|3.3|3.3|42.69|31.93|8.79|8.38|0.82|0.82|-502.54|511.01|430.53|127.37|
|兆易创新|603986.SH|2024-04-19|494.11|492.32|24.07|125.3|3.18|3.19|52.03|33.14|6.08|8.59|0.84|0.84|-410.99|494.52|430.51|17.3|
|兆易创新|603986.SH|2024-04-18|506.85|505.01|24.69|128.53|3.26|3.27|53.37|33.99|6.23|8.81|0.82|0.82|-421.58|507.26|443.25|17.81|
|兆易创新|603986.SH|2024-04-17|505.25|503.41|24.62|128.13|3.25|3.26|53.2|33.88|6.21|8.78|0.82|0.82|-420.25|505.66|441.65|17.75|
|兆易创新|603986.SH|2024-04-16|459.3|457.63|22.38|116.48|2.96|2.97|48.36|30.8|5.65|7.98|0.9|0.9|-382.03|459.71|395.7|15.9|
|兆易创新|603986.SH|2024-04-15|488.18|486.4|23.78|123.8|3.14|3.15|51.4|32.74|6|8.48|0.85|0.85|-406.05|488.58|424.58|17.06|
|兆易创新|603986.SH|2024-04-12|492.51|490.72|23.99|124.9|3.17|3.18|51.86|33.03|6.06|8.56|0.84|0.84|-409.66|492.92|428.91|17.24|
|兆易创新|603986.SH|2024-04-11|468.03|466.34|22.8|118.69|3.01|3.02|49.28|31.39|5.76|8.13|0.88|0.88|-389.3|468.44|404.44|16.25|
|兆易创新|603986.SH|2024-04-10|442.96|441.35|21.58|112.33|2.85|2.86|46.64|29.71|5.45|7.7|0.93|0.93|-368.44|443.37|379.36|15.25|
|兆易创新|603986.SH|2024-04-09|465.83|464.14|22.7|118.13|3|3.01|49.05|31.24|5.73|8.09|0.89|0.89|-387.47|466.24|402.24|16.16|
|兆易创新|603986.SH|2024-04-08|465.1|463.41|22.66|117.95|2.99|3|48.97|31.19|5.72|8.08|0.89|0.89|-386.86|465.51|401.5|16.13|
|兆易创新|603986.SH|2024-04-03|477.57|475.84|23.27|121.11|3.07|3.08|50.29|32.03|5.87|8.3|0.87|0.87|-397.23|477.98|413.98|16.64|
|兆易创新|603986.SH|2024-04-02|479.51|477.77|23.36|121.6|3.09|3.1|50.49|32.16|5.9|8.33|0.86|0.86|-398.84|479.91|415.91|16.71|
|兆易创新|603986.SH|2024-04-01|483.11|481.35|23.54|122.51|3.11|3.11|50.87|32.4|5.94|8.39|0.86|0.86|-401.84|483.52|419.51|16.86|
|兆易创新|603986.SH|2024-03-29|479.31|477.57|23.35|121.55|3.08|3.09|50.47|32.14|5.9|8.33|0.86|0.86|-398.67|479.71|415.71|16.71|
|兆易创新|603986.SH|2024-03-28|485.17|483.41|23.64|123.04|3.12|3.12|51.09|32.54|5.97|8.43|0.85|0.85|-403.56|485.58|421.58|16.94|
|兆易创新|603986.SH|2024-03-27|471.84|470.12|22.99|119.66|3.04|3.04|49.68|31.64|5.8|8.2|0.88|0.88|-392.46|472.25|408.24|16.41|
|兆易创新|603986.SH|2024-03-26|509.98|508.13|24.85|129.33|3.28|3.28|53.7|34.2|6.27|8.86|0.81|0.81|-424.19|510.39|446.39|17.94|
|兆易创新|603986.SH|2024-03-25|490.38|488.6|23.89|124.36|3.16|3.16|51.64|32.89|6.03|8.52|0.84|0.84|-407.88|490.79|426.78|17.15|
|兆易创新|603986.SH|2024-03-22|522.72|520.82|25.47|132.56|3.36|3.37|55.04|35.06|6.43|9.08|0.79|0.79|-434.79|523.13|459.13|18.45|
|兆易创新|603986.SH|2024-03-21|534.53|532.59|26.04|135.55|3.44|3.44|56.28|35.85|6.57|9.29|0.77|0.77|-444.61|534.93|470.93|18.92|
|兆易创新|603986.SH|2024-03-20|514.18|512.32|25.05|130.39|3.31|3.31|54.14|34.48|6.32|8.93|0.8|0.8|-427.69|514.59|450.59|18.11|
|兆易创新|603986.SH|2024-03-19|514.92|513.05|25.09|130.58|3.31|3.32|54.22|34.53|6.33|8.95|0.8|0.8|-428.3|515.33|451.32|18.14|
|兆易创新|603986.SH|2024-03-18|519.45|517.57|25.31|131.73|3.34|3.35|54.7|34.84|6.39|9.03|0.8|0.8|-432.07|519.86|455.86|18.32|
|兆易创新|603986.SH|2024-03-15|516.32|514.45|25.15|130.94|3.32|3.33|54.37|34.63|6.35|8.97|0.8|0.8|-429.46|516.73|452.72|18.19|
|兆易创新|603986.SH|2024-03-14|514.72|512.85|25.08|130.53|3.31|3.31|54.2|34.52|6.33|8.94|0.8|0.8|-428.13|515.13|451.12|18.13|
|兆易创新|603986.SH|2024-03-13|522.52|520.62|25.46|132.51|3.36|3.37|55.02|35.04|6.43|9.08|0.79|0.79|-434.62|522.93|458.92|18.44|
|兆易创新|603986.SH|2024-03-12|526.86|524.94|25.67|133.61|3.39|3.39|55.48|35.33|6.48|9.15|0.78|0.78|-438.23|527.26|463.26|18.62|
|兆易创新|603986.SH|2024-03-11|497.71|495.91|24.25|126.22|3.2|3.2|52.41|33.38|6.12|8.65|0.83|0.83|-413.99|498.12|434.12|17.45|
|兆易创新|603986.SH|2024-03-08|477.5|475.77|23.26|121.09|3.07|3.07|50.28|32.02|5.87|8.3|0.87|0.87|-397.18|477.91|413.91|16.63|
|兆易创新|603986.SH|2024-03-07|470.3|468.6|22.91|119.27|3.03|3.03|49.52|31.54|5.78|8.17|0.88|0.88|-391.19|470.71|406.71|16.34|
|兆易创新|603986.SH|2024-03-06|485.71|483.95|23.66|123.17|3.13|3.13|51.14|32.57|5.97|8.44|0.85|0.85|-404|486.12|422.11|16.96|
|兆易创新|603986.SH|2024-03-05|495.24|493.45|24.13|125.59|3.19|3.19|52.15|33.21|6.09|8.6|0.84|0.84|-411.93|495.65|431.65|17.35|
|兆易创新|603986.SH|2024-03-04|499.71|497.9|24.35|126.72|3.22|3.22|52.62|33.51|6.15|8.68|0.83|0.83|-415.65|500.12|436.12|17.53|
|兆易创新|603986.SH|2024-03-01|505.25|503.41|24.62|128.13|3.25|3.25|53.2|33.88|6.21|8.78|0.82|0.82|-420.25|505.66|441.65|17.75|
|兆易创新|603986.SH|2024-02-29|488.64|486.87|23.81|123.92|3.15|3.15|51.45|32.77|6.01|8.49|0.85|0.85|-406.44|489.05|425.05|17.08|
|兆易创新|603986.SH|2024-02-28|466.17|464.48|22.71|118.22|3|3|49.09|31.26|5.73|8.1|0.89|0.89|-387.75|466.58|402.57|16.18|
|兆易创新|603986.SH|2024-02-27|494.78|492.98|24.11|125.47|3.18|3.19|52.1|33.18|6.09|8.6|0.84|0.84|-411.54|495.19|431.18|17.33|
|兆易创新|603986.SH|2024-02-26|475.9|474.18|23.19|120.69|3.06|3.06|50.11|31.92|5.85|8.27|0.87|0.87|-395.85|476.31|412.31|16.57|
|兆易创新|603986.SH|2024-02-23|480.04|478.3|23.39|121.74|3.09|3.09|50.55|32.19|5.9|8.34|0.86|0.86|-399.29|480.45|416.44|16.74|
|兆易创新|603986.SH|2024-02-22|483.77|482.02|23.57|122.68|3.11|3.11|50.94|32.44|5.95|8.41|0.85|0.85|-402.39|484.18|420.18|16.89|
|兆易创新|603986.SH|2024-02-21|461.97|460.29|22.51|117.15|2.97|2.97|48.64|30.98|5.68|8.03|0.9|0.9|-384.25|462.38|398.37|16.01|
|兆易创新|603986.SH|2024-02-20|467.83|466.14|22.79|118.64|3.01|3.01|49.26|31.38|5.75|8.13|0.88|0.88|-389.13|468.24|404.24|16.24|
|兆易创新|603986.SH|2024-02-19|446.49|444.87|21.75|113.23|2.87|2.87|47.01|29.94|5.49|7.76|0.93|0.93|-371.38|446.9|382.9|15.39|
|兆易创新|603986.SH|2024-02-08|457.03|455.37|22.27|115.9|2.94|2.94|48.12|30.65|5.62|7.94|0.9|0.9|-380.15|457.44|393.43|15.81|
|兆易创新|603986.SH|2024-02-07|415.48|413.97|20.24|105.36|2.67|2.67|43.75|27.86|5.11|7.22|1|1|-345.59|415.89|351.89|14.14|
|兆易创新|603986.SH|2024-02-06|413.22|411.72|20.13|104.79|2.66|2.66|43.51|27.71|5.08|7.18|1|1|-343.7|413.62|349.62|14.05|
|兆易创新|603986.SH|2024-02-05|386.27|384.87|18.82|97.96|2.49|2.49|40.67|25.91|4.75|6.71|1.07|1.07|-321.29|386.68|322.68|12.97|
|兆易创新|603986.SH|2024-02-02|401.34|399.85|19.55|101.78|2.58|2.58|42.26|26.92|4.94|6.97|1.03|1.03|-333.83|401.75|337.75|13.57|
|兆易创新|603986.SH|2024-02-01|422.22|420.65|20.57|107.07|2.72|2.72|44.46|28.32|5.19|7.34|0.98|0.98|-351.19|422.63|358.62|14.41|
|兆易创新|603986.SH|2024-01-31|416.82|415.26|20.31|105.7|2.68|2.68|43.89|27.95|5.13|7.24|0.99|0.99|-346.7|417.23|353.22|14.19|
|兆易创新|603986.SH|2024-01-30|435.82|434.2|21.23|110.52|2.81|2.81|45.89|29.23|5.36|7.57|0.95|0.95|-362.51|436.23|372.23|14.96|
|兆易创新|603986.SH|2024-01-29|444.69|443.04|21.67|112.77|2.86|2.86|46.83|29.82|5.47|7.73|0.93|0.93|-369.88|445.1|381.1|15.31|
|兆易创新|603986.SH|2024-01-26|458.36|456.66|22.33|116.24|2.95|2.95|48.26|30.74|5.64|7.96|0.9|0.9|-381.26|458.77|394.77|15.86|
|兆易创新|603986.SH|2024-01-25|494.58|492.74|24.1|125.42|3.18|3.19|52.08|33.17|6.08|8.59|0.84|0.84|-411.38|494.99|430.98|17.32|
|兆易创新|603986.SH|2024-01-24|480.84|479.05|23.43|121.94|3.09|3.1|50.63|32.25|5.91|8.35|0.86|0.86|-399.95|481.25|417.24|16.77|
|兆易创新|603986.SH|2024-01-23|488.38|486.56|23.79|123.85|3.14|3.15|51.42|32.75|6.01|8.49|0.85|0.85|-406.22|488.78|424.78|17.07|
|兆易创新|603986.SH|2024-01-22|482.11|480.31|23.49|122.26|3.1|3.11|50.76|32.33|5.93|8.38|0.86|0.86|-401|482.52|418.51|16.82|
|兆易创新|603986.SH|2024-01-19|502.05|500.18|24.46|127.32|3.23|3.23|52.86|33.67|6.18|8.72|0.82|0.82|-417.59|502.46|438.45|17.62|
|兆易创新|603986.SH|2024-01-18|506.38|504.5|24.67|128.42|3.26|3.26|53.32|33.96|6.23|8.8|0.82|0.82|-421.2|506.79|442.79|17.79|
|兆易创新|603986.SH|2024-01-17|495.71|493.86|24.15|125.71|3.19|3.19|52.2|33.24|6.1|8.61|0.83|0.83|-412.32|496.12|432.12|17.36|
|兆易创新|603986.SH|2024-01-16|510.05|508.15|24.85|129.35|3.28|3.29|53.71|34.21|6.27|8.86|0.81|0.81|-424.25|510.46|446.45|17.94|
|兆易创新|603986.SH|2024-01-15|510.52|508.61|24.87|129.46|3.29|3.29|53.76|34.24|6.28|8.87|0.81|0.81|-424.64|510.93|446.92|17.96|
|兆易创新|603986.SH|2024-01-12|510.85|508.95|24.89|129.55|3.29|3.29|53.79|34.26|6.28|8.88|0.81|0.81|-424.91|511.26|447.25|17.97|
|兆易创新|603986.SH|2024-01-11|519.25|517.32|25.3|131.68|3.34|3.34|54.68|34.82|6.39|9.02|0.8|0.8|-431.9|519.66|455.66|18.31|
|兆易创新|603986.SH|2024-01-10|510.72|508.81|24.88|129.52|3.29|3.29|53.78|34.25|6.28|8.87|0.81|0.81|-424.8|511.13|447.12|17.97|
|兆易创新|603986.SH|2024-01-09|518.19|516.26|25.25|131.41|3.34|3.34|54.56|34.75|6.37|9|0.8|0.8|-431.01|518.6|454.59|18.27|
|兆易创新|603986.SH|2024-01-08|517.59|515.66|25.22|131.26|3.33|3.33|54.5|34.71|6.37|8.99|0.8|0.8|-430.52|517.99|453.99|18.24|
|兆易创新|603986.SH|2024-01-05|531.52|529.54|25.9|134.79|3.42|3.42|55.97|35.65|6.54|9.24|0.78|0.78|-442.11|531.93|467.93|18.8|
|兆易创新|603986.SH|2024-01-04|542.19|540.17|26.42|137.5|3.49|3.49|57.09|36.36|6.67|9.42|0.76|0.76|-450.98|542.6|478.6|19.23|
|兆易创新|603986.SH|2024-01-03|573.94|571.8|27.96|145.55|3.69|3.7|60.43|38.49|7.06|9.97|0.72|0.72|-477.39|574.35|510.34|20.51|
|兆易创新|603986.SH|2024-01-02|600.08|597.85|29.24|152.18|3.86|3.87|63.19|40.24|7.38|10.43|0.69|0.69|-499.13|600.49|536.49|21.56|
|兆易创新|603986.SH|2023-12-29|616.15|613.86|30.02|156.25|3.97|3.97|64.88|41.32|7.58|10.71|1.15|0.67|-512.5|616.56|552.56|22.21|
|兆易创新|603986.SH|2023-12-28|616.89|614.59|30.05|156.44|3.97|3.97|64.96|41.37|7.59|10.72|1.15|0.67|-513.11|617.3|553.29|22.23|
|兆易创新|603986.SH|2023-12-27|605.75|603.49|29.51|153.62|3.9|3.9|63.78|40.62|7.45|10.52|1.17|0.68|-503.85|606.16|542.15|21.79|
|兆易创新|603986.SH|2023-12-26|594.48|592.27|28.96|150.76|3.83|3.83|62.6|39.87|7.31|10.33|1.19|0.7|-494.47|594.89|530.88|21.33|
|兆易创新|603986.SH|2023-12-25|606.35|604.09|29.54|153.77|3.9|3.91|63.85|40.66|7.46|10.54|1.17|0.68|-504.35|606.76|542.76|21.81|
|兆易创新|603986.SH|2023-12-22|607.69|605.42|29.61|154.11|3.91|3.91|63.99|40.75|7.47|10.56|1.16|0.68|-505.46|608.09|544.09|21.86|
|兆易创新|603986.SH|2023-12-21|611.49|609.21|29.79|155.07|3.94|3.94|64.39|41.01|7.52|10.62|1.16|0.68|-508.62|611.9|547.89|22.02|
|兆易创新|603986.SH|2023-12-20|607.95|605.69|29.62|154.17|3.91|3.92|64.02|40.77|7.48|10.56|1.16|0.68|-505.68|608.36|544.36|21.88|
|兆易创新|603986.SH|2023-12-19|626.09|623.76|30.5|158.77|4.03|4.03|65.93|41.99|7.7|10.88|1.13|0.66|-520.77|626.5|562.5|22.6|
|兆易创新|603986.SH|2023-12-18|617.82|615.52|30.1|156.68|3.98|3.98|65.06|41.43|7.6|10.73|1.15|0.67|-513.89|618.23|554.23|22.27|
|兆易创新|603986.SH|2023-12-15|627.83|625.49|30.59|159.21|4.04|4.04|66.11|42.1|7.72|10.91|1.13|0.66|-522.21|628.23|564.23|22.67|
|兆易创新|603986.SH|2023-12-14|634.29|631.93|30.9|160.85|4.08|4.09|66.79|42.54|7.8|11.02|1.12|0.65|-527.59|634.7|570.7|22.93|
|兆易创新|603986.SH|2023-12-13|622.22|619.91|30.31|157.79|4|4.01|65.52|41.73|7.65|10.81|1.14|0.66|-517.55|622.63|558.63|22.45|
|兆易创新|603986.SH|2023-12-12|624.36|622.03|30.42|158.33|4.02|4.02|65.74|41.87|7.68|10.85|1.13|0.66|-519.33|624.77|560.76|22.53|
|兆易创新|603986.SH|2023-12-11|619.56|617.25|30.18|157.12|3.99|3.99|65.24|41.55|7.62|10.76|1.14|0.67|-515.33|619.96|555.96|22.34|
|兆易创新|603986.SH|2023-12-08|612.95|610.67|29.86|155.44|3.94|3.95|64.54|41.11|7.54|10.65|1.15|0.67|-509.84|613.36|549.36|22.08|
|兆易创新|603986.SH|2023-12-07|598.68|596.45|29.17|151.82|3.85|3.86|63.04|40.15|7.36|10.4|1.18|0.69|-497.97|599.09|535.09|21.5|
|兆易创新|603986.SH|2023-12-06|609.02|606.75|29.67|154.44|3.92|3.92|64.13|40.84|7.49|10.58|1.16|0.68|-506.57|609.43|545.42|21.92|
|兆易创新|603986.SH|2023-12-05|600.62|598.38|29.26|152.31|3.87|3.87|63.24|40.28|7.39|10.44|1.18|0.69|-499.58|601.02|537.02|21.58|
|兆易创新|603986.SH|2023-12-04|630.03|627.68|30.69|159.77|4.05|4.06|66.34|42.25|7.75|10.95|1.12|0.66|-524.04|630.44|566.43|22.76|
|兆易创新|603986.SH|2023-12-01|634.56|632.2|30.92|160.92|4.08|4.09|66.82|42.56|7.81|11.03|1.11|0.65|-527.81|634.97|570.97|22.94|
|兆易创新|603986.SH|2023-11-30|627.56|625.22|30.57|159.15|4.04|4.04|66.08|42.09|7.72|10.9|1.13|0.66|-521.99|627.97|563.96|22.66|
|兆易创新|603986.SH|2023-11-29|631.16|628.81|30.75|160.06|4.06|4.07|66.46|42.33|7.76|10.97|1.12|0.66|-524.98|631.57|567.56|22.81|
|兆易创新|603986.SH|2023-11-28|634.89|632.53|30.93|161.01|4.09|4.09|66.85|42.58|7.81|11.03|1.11|0.65|-528.09|635.3|571.3|22.96|
|兆易创新|603986.SH|2023-11-27|633.83|631.47|30.88|160.74|4.08|4.08|66.74|42.51|7.8|11.01|1.12|0.65|-527.2|634.24|570.23|22.92|
|兆易创新|603986.SH|2023-11-24|631.96|629.61|30.79|160.26|4.07|4.07|66.54|42.38|7.77|10.98|1.12|0.65|-525.65|632.37|568.36|22.84|
|兆易创新|603986.SH|2023-11-23|644.83|642.43|31.42|163.53|4.15|4.15|67.9|43.25|7.93|11.2|1.1|0.64|-536.36|645.24|581.24|23.36|
|兆易创新|603986.SH|2023-11-22|638.16|635.79|31.09|161.83|4.11|4.11|67.2|42.8|7.85|11.09|1.11|0.65|-530.81|638.57|574.57|23.09|
|兆易创新|603986.SH|2023-11-21|652.9|650.47|31.81|165.57|4.2|4.21|68.75|43.79|8.03|11.34|1.08|0.63|-543.07|653.31|589.31|23.68|
|兆易创新|603986.SH|2023-11-20|667.31|664.82|32.51|169.23|4.29|4.3|70.27|44.75|8.21|11.59|1.06|0.62|-555.05|667.72|603.71|24.26|
|兆易创新|603986.SH|2023-11-17|700.12|697.51|34.11|177.55|4.51|4.51|73.72|46.95|8.61|12.16|1.01|0.59|-582.34|700.53|636.52|25.58|
|兆易创新|603986.SH|2023-11-16|698.18|695.58|34.02|177.06|4.49|4.5|73.52|46.82|8.59|12.13|1.01|0.59|-580.73|698.59|634.59|25.5|
|兆易创新|603986.SH|2023-11-15|713.52|710.86|34.76|180.95|4.59|4.6|75.13|47.85|8.78|12.4|0.99|0.58|-593.49|713.93|649.93|26.12|
|兆易创新|603986.SH|2023-11-14|691.38|688.81|33.68|175.33|4.45|4.45|72.8|46.37|8.5|12.01|1.02|0.6|-575.07|691.79|627.79|25.23|
|兆易创新|603986.SH|2023-11-13|694.32|691.73|33.83|176.07|4.47|4.47|73.11|46.56|8.54|12.06|1.02|0.6|-577.52|694.73|630.72|25.35|
|兆易创新|603986.SH|2023-11-10|701.45|698.84|34.17|177.88|4.51|4.52|73.86|47.04|8.63|12.19|1.01|0.59|-583.45|701.86|637.86|25.63|
|兆易创新|603986.SH|2023-11-09|700.92|698.31|34.15|177.75|4.51|4.51|73.8|47.01|8.62|12.18|1.01|0.59|-583.01|701.33|637.32|25.61|
|兆易创新|603986.SH|2023-11-08|711.52|708.55|34.66|180.44|4.58|4.59|74.92|47.72|8.75|12.36|0.99|0.58|-591.83|711.93|647.93|26.04|
|兆易创新|603986.SH|2023-11-07|713.19|710.21|34.75|180.86|4.59|4.6|75.1|47.83|8.77|12.39|0.99|0.58|-593.21|713.6|649.59|26.1|
|兆易创新|603986.SH|2023-11-06|729.26|726.21|35.53|184.94|4.69|4.7|76.79|48.91|8.97|12.67|0.97|0.57|-606.58|729.67|665.67|26.75|
|兆易创新|603986.SH|2023-11-03|720.26|717.25|35.09|182.65|4.64|4.65|75.84|48.3|8.86|12.51|0.98|0.57|-599.09|720.67|656.66|26.39|
|兆易创新|603986.SH|2023-11-02|697.12|694.2|33.96|176.79|4.49|4.5|73.4|46.75|8.57|12.11|1.01|0.59|-579.85|697.53|633.52|25.46|
|兆易创新|603986.SH|2023-11-01|703.32|700.38|34.27|178.36|4.53|4.54|74.06|47.17|8.65|12.22|1.01|0.59|-585|703.73|639.72|25.71|
|兆易创新|603986.SH|2023-10-31|713.59|710.6|34.77|180.96|4.59|4.6|75.14|47.86|8.78|12.4|0.99|0.58|-593.55|714|649.99|26.12|
|兆易创新|603986.SH|2023-10-30|712.79|709.81|34.73|180.76|4.59|4.6|75.05|47.8|8.77|12.38|0.99|0.58|-592.88|713.2|649.19|26.09|
|兆易创新|603986.SH|2023-10-27|679.11|676.27|33.09|172.22|4.37|4.37|71.51|45.54|8.35|11.8|1.04|0.61|-564.87|679.52|615.51|24.74|
|兆易创新|603986.SH|2023-10-26|629.43|626.79|30.67|159.62|4.05|4.05|66.28|42.21|7.74|10.94|1.12|0.66|-523.54|629.84|565.83|22.74|
|兆易创新|603986.SH|2023-10-25|643.23|640.54|31.34|163.12|4.14|4.14|67.73|43.14|7.91|11.18|1.1|0.64|-535.02|643.64|579.64|23.29|
|兆易创新|603986.SH|2023-10-24|651.43|648.71|31.74|75.61|4.26|4.28|68.59|43.78|8.01|10.32|1.09|0.63|-937.19|651.78|585.49|23.53|
|兆易创新|603986.SH|2023-10-23|631.56|628.92|30.77|73.3|4.13|4.15|66.5|42.44|7.77|10|1.12|0.65|-908.6|631.91|565.62|22.73|
|兆易创新|603986.SH|2023-10-20|649.5|646.78|31.64|75.38|4.25|4.27|68.39|43.65|7.99|10.29|1.09|0.64|-934.4|649.85|583.56|23.45|
|兆易创新|603986.SH|2023-10-19|663.31|660.53|32.32|76.99|4.34|4.36|69.84|44.58|8.16|10.5|1.07|0.62|-954.26|663.66|597.36|24.01|
|兆易创新|603986.SH|2023-10-18|669.57|666.77|32.62|77.71|4.38|4.4|70.5|45|8.24|10.6|1.06|0.62|-963.28|669.92|603.63|24.26|
|兆易创新|603986.SH|2023-10-17|681.58|678.73|33.21|79.11|4.46|4.48|71.77|45.8|8.38|10.79|1.04|0.61|-980.55|681.93|615.64|24.74|
|兆易创新|603986.SH|2023-10-16|674.51|671.69|32.86|78.29|4.42|4.43|71.02|45.33|8.3|10.68|1.05|0.61|-970.38|674.86|608.57|24.46|
|兆易创新|603986.SH|2023-10-13|688.11|685.24|33.52|79.87|4.5|4.52|72.46|46.24|8.46|10.9|1.03|0.6|-989.96|688.46|622.17|25|
|兆易创新|603986.SH|2023-10-12|695.58|692.67|33.89|80.73|4.55|4.57|73.24|46.75|8.56|11.02|1.02|0.59|-1000.7|695.93|629.64|25.3|
|兆易创新|603986.SH|2023-10-11|700.25|697.32|34.12|81.27|4.58|4.6|73.73|47.06|8.61|11.09|1.01|0.59|-1007.42|700.6|634.31|25.49|
|兆易创新|603986.SH|2023-10-10|692.58|689.69|33.74|80.38|4.53|4.55|72.93|46.54|8.52|10.97|1.02|0.6|-996.38|692.93|626.64|25.18|
|兆易创新|603986.SH|2023-10-09|684.85|681.98|33.37|79.49|4.48|4.5|72.11|46.02|8.42|10.85|1.03|0.6|-985.25|685.2|618.9|24.87|
|兆易创新|603986.SH|2023-09-28|657.57|654.82|32.04|76.32|4.3|4.32|69.24|44.19|8.09|10.41|1.08|0.63|-946.01|657.92|591.63|23.78|
|兆易创新|603986.SH|2023-09-27|659.44|656.68|32.13|76.54|4.32|4.33|69.44|44.32|8.11|10.44|1.07|0.63|-948.7|659.79|593.5|23.85|
|兆易创新|603986.SH|2023-09-26|658.77|656.01|32.09|76.46|4.31|4.32|69.37|44.27|8.1|10.43|1.07|0.63|-947.74|659.12|592.83|23.82|
|兆易创新|603986.SH|2023-09-25|666.57|663.78|32.48|77.37|4.36|4.37|70.19|44.8|8.2|10.56|1.06|0.62|-958.97|666.92|600.63|24.14|
|兆易创新|603986.SH|2023-09-22|680.11|677.27|33.13|78.94|4.45|4.46|71.61|45.71|8.37|10.77|1.04|0.61|-978.44|680.46|614.17|24.68|
|兆易创新|603986.SH|2023-09-21|670.37|667.57|32.66|77.81|4.39|4.39|70.59|45.05|8.25|10.62|1.06|0.62|-964.43|670.73|604.43|24.29|
|兆易创新|603986.SH|2023-09-20|669.84|667.04|32.63|77.74|4.38|4.39|70.53|45.02|8.24|10.61|1.06|0.62|-963.67|670.19|603.9|24.27|
|兆易创新|603986.SH|2023-09-19|676.18|673.35|32.94|78.48|4.43|4.43|71.2|45.44|8.32|10.71|1.05|0.61|-972.78|676.53|610.24|24.52|
|兆易创新|603986.SH|2023-09-18|663.64|660.86|32.33|77.02|4.34|4.34|69.88|44.6|8.16|10.51|1.07|0.62|-954.74|663.99|597.7|24.02|
|兆易创新|603986.SH|2023-09-15|666.91|664.12|32.49|77.4|4.37|4.37|70.22|44.82|8.2|10.56|1.06|0.62|-959.45|667.26|600.97|24.15|
|兆易创新|603986.SH|2023-09-14|646.63|643.93|31.5|75.05|4.23|4.23|68.09|43.46|7.95|10.24|1.09|0.64|-930.28|646.98|580.69|23.34|
|兆易创新|603986.SH|2023-09-13|659.9|657.14|32.15|76.59|4.32|4.32|69.49|44.35|8.12|10.45|1.07|0.63|-949.37|660.25|593.96|23.87|
|兆易创新|603986.SH|2023-09-12|652.17|649.44|31.77|75.69|4.27|4.27|68.67|43.83|8.02|10.33|1.08|0.63|-938.24|652.52|586.23|23.56|
|兆易创新|603986.SH|2023-09-11|650.23|647.51|31.68|75.47|4.26|4.26|68.47|43.7|8|10.3|1.09|0.64|-935.46|650.58|584.29|23.48|
|兆易创新|603986.SH|2023-09-08|649.23|646.52|31.63|75.35|4.25|4.25|68.36|43.63|7.99|10.28|1.09|0.64|-934.02|649.58|583.29|23.44|
|兆易创新|603986.SH|2023-09-07|655.57|652.83|31.94|76.09|4.29|4.29|69.03|44.06|8.06|10.38|1.08|0.63|-943.13|655.92|589.63|23.69|
|兆易创新|603986.SH|2023-09-06|666.37|663.59|32.47|77.34|4.36|4.36|70.17|44.78|8.2|10.55|1.06|0.62|-958.68|666.72|600.43|24.13|
|兆易创新|603986.SH|2023-09-05|664.51|661.73|32.37|77.13|4.35|4.35|69.97|44.66|8.17|10.52|1.06|0.62|-955.99|664.86|598.56|24.05|
|兆易创新|603986.SH|2023-09-04|645.57|642.86|31.45|74.93|4.23|4.23|67.98|43.38|7.94|10.22|1.1|0.64|-928.74|645.92|579.62|23.29|
|兆易创新|603986.SH|2023-09-01|630.23|627.59|30.7|73.15|4.13|4.13|66.36|42.35|7.75|9.98|1.12|0.66|-906.68|630.58|564.29|22.68|
|兆易创新|603986.SH|2023-08-31|626.76|624.14|30.54|72.74|4.1|4.1|66|42.12|7.71|9.93|1.13|0.66|-901.69|627.11|560.82|22.54|
|兆易创新|603986.SH|2023-08-30|626.89|624.27|30.54|72.76|4.1|4.1|66.01|42.13|7.71|9.93|1.13|0.66|-901.88|627.24|560.95|22.54|
|兆易创新|603986.SH|2023-08-29|615.35|612.78|29.98|71.42|4.03|4.03|64.8|41.35|7.57|9.74|1.15|0.67|-885.28|615.71|549.41|22.08|
|兆易创新|603986.SH|2023-08-28|596.81|594.32|29.08|69.27|3.91|3.91|62.84|40.11|7.34|9.45|1.19|0.69|-858.61|597.17|530.87|21.33|
|兆易创新|603986.SH|2023-08-25|594.21|591.73|28.95|39.18|3.87|3.95|62.57|50.43|7.31|8.21|1.19|0.7|-16676.09|594.6|528.07|21.22|
|兆易创新|603986.SH|2023-08-24|610.29|607.73|29.73|40.24|3.97|4.06|64.26|51.79|7.51|8.43|1.16|0.68|-17127.15|610.67|544.14|21.87|
|兆易创新|603986.SH|2023-08-23|600.88|598.37|29.27|39.62|3.91|4|63.27|51|7.39|8.3|1.18|0.69|-16863.25|601.27|534.74|21.49|
|兆易创新|603986.SH|2023-08-22|614.49|611.92|29.94|40.51|4|4.09|64.7|52.15|7.56|8.49|1.15|0.67|-17245.06|614.87|548.34|22.04|
|兆易创新|603986.SH|2023-08-21|610.29|607.73|29.73|40.24|3.97|4.06|64.26|51.79|7.51|8.43|1.16|0.68|-17127.15|610.67|544.14|21.87|
|兆易创新|603986.SH|2023-08-18|625.36|622.74|30.47|41.23|4.07|4.16|65.85|53.07|7.69|8.64|1.13|0.66|-17550.13|625.74|559.21|22.47|
|兆易创新|603986.SH|2023-08-17|636.7|634.03|31.02|41.98|4.14|4.24|67.04|54.04|7.83|8.79|1.11|0.65|-17868.31|637.08|570.55|22.93|
|兆易创新|603986.SH|2023-08-16|630.23|627.59|30.7|41.55|4.1|4.19|66.36|53.49|7.75|8.7|1.12|0.66|-17686.76|630.61|564.08|22.67|
|兆易创新|603986.SH|2023-08-15|651.9|649.17|31.76|42.98|4.24|4.34|68.64|55.33|8.02|9|1.09|0.63|-18295.04|652.28|585.76|23.54|
|兆易创新|603986.SH|2023-08-14|674.84|672.02|32.88|44.49|4.39|4.49|71.06|57.27|8.3|9.32|1.05|0.61|-18938.87|675.23|608.7|24.46|
|兆易创新|603986.SH|2023-08-11|680.58|677.73|33.16|44.87|4.43|4.53|71.66|57.76|8.37|9.4|1.04|0.61|-19099.83|680.96|614.43|24.69|
|兆易创新|603986.SH|2023-08-10|691.25|688.36|33.68|45.57|4.5|4.6|72.79|58.67|8.5|9.55|1.02|0.6|-19399.29|691.63|625.1|25.12|
|兆易创新|603986.SH|2023-08-09|693.98|691.08|33.81|45.75|4.52|4.62|73.07|58.9|8.54|9.58|1.02|0.6|-19476.03|694.37|627.84|25.23|
|兆易创新|603986.SH|2023-08-08|698.58|695.66|34.03|46.06|4.55|4.65|73.56|59.29|8.59|9.65|1.01|0.59|-19605.17|698.97|632.44|25.42|
|兆易创新|603986.SH|2023-08-07|702.52|699.51|34.23|46.32|4.57|4.67|73.97|59.62|8.64|9.7|1.01|0.59|-19715.74|702.91|636.38|25.57|
|兆易创新|603986.SH|2023-08-04|712.73|709.67|34.72|46.99|4.64|4.74|75.05|60.49|8.77|9.84|0.99|0.58|-20002.12|713.11|646.58|25.98|
|兆易创新|603986.SH|2023-08-03|761.08|757.82|37.08|50.18|4.95|5.06|80.14|64.59|9.36|10.51|0.93|0.54|-21359.18|761.47|694.94|27.93|
|兆易创新|603986.SH|2023-08-02|760.28|756.96|37.04|50.13|4.95|5.06|80.06|64.52|9.35|10.5|0.93|0.54|-21336.47|760.66|694.13|27.89|
|兆易创新|603986.SH|2023-08-01|763.14|759.82|37.18|50.31|4.97|5.08|80.36|64.77|9.39|10.54|0.93|0.54|-21416.96|763.53|697|28.01|
|兆易创新|603986.SH|2023-07-31|765.61|762.27|37.3|50.48|4.98|5.09|80.62|64.98|9.42|10.57|0.92|0.54|-21486.22|765.99|699.47|28.11|
|兆易创新|603986.SH|2023-07-28|761.94|758.62|37.12|50.24|4.96|5.07|80.23|64.67|9.37|10.52|0.93|0.54|-21383.27|762.33|695.8|27.96|
|兆易创新|603986.SH|2023-07-27|736.8|733.58|35.9|48.58|4.8|4.9|77.58|62.53|9.06|10.17|0.96|0.56|-20677.54|737.18|670.65|26.95|
|兆易创新|603986.SH|2023-07-26|745.73|742.48|36.33|49.17|4.85|4.96|78.52|63.29|9.17|10.3|0.95|0.55|-20928.38|746.12|679.59|27.31|
|兆易创新|603986.SH|2023-07-25|753.07|749.79|36.69|49.65|4.9|5.01|79.3|63.91|9.26|10.4|0.94|0.55|-21134.3|753.45|686.93|27.6|
|兆易创新|603986.SH|2023-07-24|739.93|736.7|36.05|48.78|4.82|4.92|77.91|62.8|9.1|10.22|0.96|0.56|-20765.52|740.31|673.79|27.08|
|兆易创新|603986.SH|2023-07-21|748.87|745.6|36.48|49.37|4.87|4.98|78.85|63.56|9.21|10.34|0.94|0.55|-21016.37|749.25|682.72|27.44|
|兆易创新|603986.SH|2023-07-20|749.54|746.27|36.52|49.42|4.88|4.99|78.92|63.61|9.22|10.35|0.94|0.55|-21035.09|749.92|683.39|27.46|
|兆易创新|603986.SH|2023-07-19|764.41|761.08|37.24|50.4|4.98|5.08|80.49|64.88|9.4|10.56|0.93|0.54|-21452.53|764.79|698.27|28.06|
|兆易创新|603986.SH|2023-07-18|771.95|768.58|37.61|50.9|5.03|5.13|81.28|65.51|9.5|10.66|0.92|0.54|-21664.06|772.33|705.8|28.36|
|兆易创新|603986.SH|2023-07-17|789.49|786.05|38.46|52.05|5.14|5.25|83.13|67|9.71|10.9|0.9|0.52|-22156.38|789.87|723.35|29.07|
|兆易创新|603986.SH|2023-07-14|782.69|779.27|38.13|51.6|5.09|5.21|82.41|66.43|9.63|10.81|0.9|0.53|-21965.44|783.07|716.54|28.8|
|兆易创新|603986.SH|2023-07-13|788.76|785.32|38.43|52|5.13|5.25|83.05|66.94|9.7|10.89|0.9|0.52|-22135.79|789.14|722.61|29.04|
|兆易创新|603986.SH|2023-07-12|755.14|751.85|36.79|49.79|4.92|5.02|79.51|64.09|9.29|10.43|0.94|0.55|-21192.33|755.52|688.99|27.69|
|兆易创新|603986.SH|2023-07-11|769.28|765.93|37.48|50.72|5.01|5.12|81|65.29|9.46|10.62|0.92|0.54|-21589.18|769.66|703.14|28.26|
|兆易创新|603986.SH|2023-07-10|707.05|703.96|34.45|46.62|4.6|4.7|74.45|60.01|8.7|9.76|1|0.58|-19842.65|707.43|640.9|25.76|
|兆易创新|603986.SH|2023-07-07|701.78|698.72|34.19|46.27|4.57|4.67|73.9|59.56|8.63|9.69|1.01|0.59|-19694.77|702.16|635.63|25.54|
|兆易创新|603986.SH|2023-07-06|736.66|733.45|35.89|48.57|4.8|4.9|77.57|62.52|9.06|10.17|0.96|0.56|-20673.8|737.05|670.52|26.95|
|兆易创新|603986.SH|2023-07-05|736.06|732.85|35.86|48.53|4.79|4.9|77.51|62.47|9.05|10.16|0.96|0.56|-20656.95|736.45|669.92|26.92|
|兆易创新|603986.SH|2023-07-04|725.86|722.69|35.36|47.86|4.72|4.83|76.43|61.6|8.93|10.02|0.97|0.57|-20370.54|726.24|659.71|26.51|
|兆易创新|603986.SH|2023-07-03|709.65|706.55|34.57|46.79|4.62|4.72|74.72|60.23|8.73|9.8|1|0.58|-19915.66|710.03|643.5|25.86|
|兆易创新|603986.SH|2023-06-30|708.71|705.62|34.53|46.73|4.61|4.71|74.63|60.15|8.72|9.79|1|0.58|-19889.45|709.1|642.57|25.82|
|兆易创新|603986.SH|2023-06-29|702.78|699.71|34.24|46.33|4.57|4.67|74|59.64|8.64|9.7|1.01|0.59|-19722.85|703.16|636.63|25.58|
|兆易创新|603986.SH|2023-06-28|700.71|697.65|34.14|46.2|4.56|4.66|73.78|59.47|8.62|9.68|1.01|0.59|-19664.82|701.09|634.57|25.5|
|兆易创新|603986.SH|2023-06-27|705.98|702.9|34.39|46.55|4.6|4.7|74.34|59.92|8.68|9.75|1|0.59|-19812.7|706.36|639.83|25.71|
|兆易创新|603986.SH|2023-06-26|706.05|702.97|34.4|46.55|4.6|4.7|74.34|59.92|8.68|9.75|1|0.59|-19814.57|706.43|639.9|25.72|
|兆易创新|603986.SH|2023-06-21|719.05|715.92|35.03|47.41|4.68|4.78|75.71|61.03|8.84|9.93|0.98|0.58|-20179.6|719.44|652.91|26.24|
|兆易创新|603986.SH|2023-06-20|756.14|752.84|36.84|49.85|4.92|5.03|79.62|64.17|9.3|10.44|0.94|0.55|-21220.41|756.52|689.99|27.73|
|兆易创新|603986.SH|2023-06-19|760.94|757.62|37.07|50.17|4.95|4.93|80.13|64.58|9.36|10.51|0.93||-21355.19|761.33|694.8|27.92|
|兆易创新|603986.SH|2023-06-16|746.27|743.01|36.36|49.2|4.86|4.83|78.58|63.34|9.18|10.31|0.95||-20943.36|746.65|680.12|27.33|
|兆易创新|603986.SH|2023-06-15|739.8|736.57|36.04|48.78|4.82|4.79|77.9|62.79|9.1|10.22|0.96||-20761.78|740.18|673.65|27.07|
|兆易创新|603986.SH|2023-06-14|748.4|745.14|36.46|49.34|4.87|4.85|78.8|63.52|9.21|10.33|0.95||-21003.26|748.79|682.26|27.42|
|兆易创新|603986.SH|2023-06-13|746.67|743.41|36.38|49.23|4.86|4.83|78.62|63.37|9.18|10.31|0.95||-20954.59|747.05|680.52|27.35|
|兆易创新|603986.SH|2023-06-12|686.37|683.38|33.44|45.25|4.47|4.44|72.27|58.25|8.44|9.48|1.03||-19262.35|686.75|620.22|24.92|
|兆易创新|603986.SH|2023-06-09|688.7|685.7|33.55|45.41|4.48|4.46|72.52|58.45|8.47|9.51|1.03||-19327.87|689.09|622.56|25.02|
|兆易创新|603986.SH|2023-06-08|674.56|671.62|32.86|44.47|4.39|4.37|71.03|57.25|8.3|9.32|1.05||-18931.02|674.95|608.42|24.45|
|兆易创新|603986.SH|2023-06-07|688.64|685.63|33.55|45.4|4.48|4.46|72.51|58.44|8.47|9.51|1.03||-19326|689.02|622.49|25.02|
|兆易创新|603986.SH|2023-06-06|687.44|684.44|33.49|45.32|4.47|4.45|72.39|58.34|8.46|9.49|1.03||-19292.3|687.82|621.29|24.97|
|兆易创新|603986.SH|2023-06-05|713.72|710.6|34.77|47.06|4.65|4.62|75.15|60.57|8.78|9.86|0.99||-20029.85|714.1|647.57|26.02|
|兆易创新|603986.SH|2023-06-02|726.32|723.16|35.39|47.89|4.73|4.7|76.48|61.64|8.93|10.03|0.97||-20383.65|726.71|660.18|26.53|
|兆易创新|603986.SH|2023-06-01|735.8|732.59|35.85|48.51|4.79|4.76|77.48|62.45|9.05|10.16|0.96|0.96|-20649.46|736.18|669.65|26.91|
|兆易创新|603986.SH|2023-05-31|739.06|735.84|36.01|48.73|4.81|4.78|77.82|62.72|9.09|10.21|0.96|0.96|-20741.19|739.45|672.92|27.04|
|兆易创新|603986.SH|2023-05-30|751.07|747.8|36.59|49.52|4.89|4.86|79.09|63.74|9.24|10.37|0.94|0.94|-21078.14|751.45|684.93|27.52|
|兆易创新|603986.SH|2023-05-29|748.2|744.94|36.45|49.33|4.87|4.84|78.78|63.5|9.2|10.33|0.95|0.95|-20997.65|748.59|682.06|27.41|
|兆易创新|603986.SH|2023-05-26|760.41|757.09|37.05|50.13|4.95|4.92|80.07|64.54|9.35|10.5|0.93|0.93|-21340.21|760.79|694.26|27.9|
|兆易创新|603986.SH|2023-05-25|739.06|735.84|36.01|48.73|4.81|4.78|77.82|62.72|9.09|10.21|0.96|0.96|-20741.19|739.45|672.92|27.04|
|兆易创新|603986.SH|2023-05-24|722.92|719.77|35.22|47.66|4.71|4.68|76.12|61.35|8.89|9.98|0.98|0.98|-20288.18|723.31|656.78|26.39|
|兆易创新|603986.SH|2023-05-23|716.92|713.79|34.93|47.27|4.67|4.64|75.49|60.84|8.82|9.9|0.99|0.99|-20119.7|717.3|650.77|26.15|
|兆易创新|603986.SH|2023-05-22|755.81|752.51|36.82|49.83|4.92|4.89|79.58|64.14|9.3|10.44|0.94|0.94|-21211.05|756.19|689.66|27.71|
|兆易创新|603986.SH|2023-05-19|747.13|743.88|36.4|49.26|4.86|4.84|78.67|63.41|9.19|10.32|0.95|0.95|-20967.7|747.52|680.99|27.37|
|兆易创新|603986.SH|2023-05-18|715.05|711.93|34.84|47.14|4.65|4.63|75.29|60.69|8.8|9.87|0.99|0.99|-20067.29|715.43|648.91|26.08|
|兆易创新|603986.SH|2023-05-17|730.06|726.88|35.57|48.13|4.75|4.73|76.87|61.96|8.98|10.08|0.97|0.97|-20488.48|730.44|663.91|26.68|
|兆易创新|603986.SH|2023-05-16|707.51|704.43|34.47|46.65|4.61|4.58|74.5|60.05|8.7|9.77|1|1|-19855.76|707.9|641.37|25.77|
|兆易创新|603986.SH|2023-05-15|680.9|677.93|33.17|44.89|4.43|4.41|71.7|57.79|8.38|9.4|1.04|1.04|-19108.85|681.28|614.75|24.7|
|兆易创新|603986.SH|2023-05-12|670.49|667.57|32.67|44.21|4.36|4.34|70.6|56.9|8.25|9.26|1.06|1.06|-18816.83|670.88|604.35|24.29|
|兆易创新|603986.SH|2023-05-11|672.56|669.63|32.77|44.34|4.38|4.35|70.82|57.08|8.27|9.29|1.05|1.05|-18874.86|672.94|606.42|24.37|
|兆易创新|603986.SH|2023-05-10|667.63|664.71|32.53|44.02|4.35|4.32|70.3|56.66|8.21|9.22|1.06|1.06|-18736.33|668.01|601.48|24.17|
|兆易创新|603986.SH|2023-05-09|678.76|675.8|33.07|44.75|4.42|4.39|71.47|57.61|8.35|9.37|1.04|1.04|-19048.95|679.15|612.62|24.62|
|兆易创新|603986.SH|2023-05-08|694.77|690.87|33.85|45.81|4.52|4.52|73.16|58.97|8.55|9.59|1.02|1.02|-19498.22|695.16|628.63|25.26|
|兆易创新|603986.SH|2023-05-05|699.04|695.12|34.06|46.09|4.55|4.55|73.61|59.33|8.6|9.65|1.01|1.01|-19618.02|699.43|632.9|25.43|
|兆易创新|603986.SH|2023-05-04|700.38|696.44|34.12|46.18|4.56|4.56|73.75|59.44|8.61|9.67|1.01|1.01|-19655.46|700.76|634.23|25.49|
|兆易创新|603986.SH|2023-04-28|723.52|719.46|35.25|47.7|4.71|4.71|76.19|61.4|8.9|9.99|0.98|0.98|-20305.03|723.91|657.38|26.42|
|兆易创新|603986.SH|2023-04-27|750.27|746.06|32.11|26.98|4.93|4.93|33.17|77.46|8.82|8.38|0.94|0.94|67.38|750.62|685.35|25.71|
|兆易创新|603986.SH|2023-04-26|740.26|736.11|31.68|26.62|4.87|4.87|32.73|76.43|8.7|8.27|0.96|0.96|66.48|740.61|675.35|25.33|
|兆易创新|603986.SH|2023-04-25|785.22|780.81|33.6|28.24|5.16|5.16|34.71|81.07|9.23|8.77|0.9|0.9|70.52|785.57|720.31|27.02|
|兆易创新|603986.SH|2023-04-24|805.37|800.84|34.46|28.96|5.3|5.29|35.6|83.15|9.46|9|0.88|0.88|72.33|805.71|740.45|27.78|
|兆易创新|603986.SH|2023-04-21|843.19|838.45|36.08|30.32|5.54|5.54|37.27|87.05|9.91|9.42|0.84|0.84|75.73|843.54|778.27|29.2|
|兆易创新|603986.SH|2023-04-20|909.02|903.92|38.9|32.69|5.98|5.97|40.19|93.85|10.68|10.16|0.78|0.78|81.64|909.37|844.11|31.67|
|兆易创新|603986.SH|2023-04-19|872.14|867.24|37.32|31.37|5.73|5.73|38.55|90.04|10.25|9.75|0.81|0.81|78.33|872.48|807.22|30.28|
|兆易创新|603986.SH|2023-04-18|886.54|881.57|37.94|31.88|5.83|5.83|39.19|91.53|10.42|9.91|0.8|0.8|79.62|886.89|821.63|30.82|
|兆易创新|603986.SH|2023-04-17|906.49|901.4|38.79|32.6|5.96|5.96|40.07|93.59|10.65|10.13|0.78|0.78|81.41|906.84|841.57|31.57|
|兆易创新|603986.SH|2023-04-14|903.22|898.15|38.65|32.48|5.94|5.94|39.93|93.25|10.61|10.09|0.78|0.78|81.12|903.57|838.3|31.45|
|兆易创新|603986.SH|2023-04-13|855.86|851.05|36.63|30.78|5.63|5.63|37.84|88.36|10.06|9.56|0.83|0.83|76.86|856.21|790.94|29.67|
|兆易创新|603986.SH|2023-04-12|900.42|895.36|38.53|32.38|5.92|5.92|39.8|92.96|10.58|10.06|0.79|0.79|80.87|900.77|835.5|31.34|
|兆易创新|603986.SH|2023-04-11|885.28|880.31|37.88|31.84|5.82|5.82|39.14|91.4|10.4|9.89|0.8|0.8|79.51|885.62|820.36|30.77|
|兆易创新|603986.SH|2023-04-10|872.87|867.97|37.35|31.39|5.74|5.74|38.59|90.12|10.26|9.75|0.81|0.81|78.39|873.22|807.95|30.31|
|兆易创新|603986.SH|2023-04-07|924.5|919.31|39.56|33.25|6.08|6.08|40.87|95.45|10.86|10.33|0.77|0.77|83.03|924.85|859.58|32.25|
|兆易创新|603986.SH|2023-04-06|897.15|892.11|38.39|32.27|5.9|5.9|39.66|92.62|10.54|10.02|0.79|0.79|80.57|897.5|832.23|31.22|
|兆易创新|603986.SH|2023-04-04|870.87|865.98|37.27|31.32|5.73|5.72|38.5|89.91|10.23|9.73|0.81|0.81|78.21|871.22|805.95|30.23|
|兆易创新|603986.SH|2023-04-03|877.34|872.41|37.54|31.55|5.77|5.77|38.78|90.58|10.31|9.8|0.81|0.81|78.79|877.69|812.42|30.48|
|兆易创新|603986.SH|2023-03-31|813.77|809.2|34.82|29.27|5.35|5.35|35.97|84.01|9.56|9.09|0.87|0.87|73.08|814.12|748.86|28.09|
|兆易创新|603986.SH|2023-03-30|809.23|804.69|34.63|29.1|5.32|5.32|35.77|83.55|9.51|9.04|0.87|0.87|72.68|809.58|744.32|27.92|
|兆易创新|603986.SH|2023-03-29|767.21|762.9|32.83|27.59|5.04|5.04|33.92|79.21|9.02|8.57|0.92|0.92|68.9|767.56|702.3|26.35|
|兆易创新|603986.SH|2023-03-28|725.72|721.65|31.06|26.1|4.77|4.77|32.08|74.92|8.53|8.11|0.97|0.97|65.18|726.07|660.81|24.79|
|兆易创新|603986.SH|2023-03-27|760.48|756.21|32.54|27.35|5|5|33.62|78.51|8.94|8.5|0.93|0.93|68.3|760.82|695.56|26.09|
|兆易创新|603986.SH|2023-03-24|786.42|782.01|33.65|28.28|5.17|5.17|34.77|81.19|9.24|8.79|0.9|0.9|70.63|786.77|721.51|27.07|
|兆易创新|603986.SH|2023-03-23|778.15|773.78|33.3|27.99|5.12|5.11|34.4|80.34|9.14|8.7|0.91|0.91|69.88|778.5|713.24|26.76|
|兆易创新|603986.SH|2023-03-22|707.38|703.41|30.27|25.44|4.65|4.65|31.27|73.03|8.31|7.9|1|1|63.53|707.73|642.46|24.1|
|兆易创新|603986.SH|2023-03-21|717.12|713.09|30.69|25.79|4.72|4.71|31.7|74.04|8.43|8.01|0.99|0.99|64.4|717.47|652.2|24.47|
|兆易创新|603986.SH|2023-03-20|719.19|715.15|30.78|25.87|4.73|4.73|31.79|74.25|8.45|8.04|0.98|0.98|64.59|719.54|654.27|24.54|
|兆易创新|603986.SH|2023-03-17|701.51|697.57|30.02|25.23|4.61|4.61|31.01|72.42|8.24|7.84|1.01|1.01|63|701.86|636.6|23.88|
|兆易创新|603986.SH|2023-03-16|702.24|698.3|30.05|25.26|4.62|4.62|31.04|72.5|8.25|7.85|1.01|1.01|63.07|702.59|637.33|23.91|
|兆易创新|603986.SH|2023-03-15|700.11|696.18|29.96|25.18|4.6|4.6|30.95|72.28|8.23|7.82|1.01|1.01|62.88|700.46|635.19|23.83|
|兆易创新|603986.SH|2023-03-14|700.64|696.71|29.98|25.2|4.61|4.61|30.97|72.34|8.23|7.83|1.01|1.01|62.92|700.99|635.73|23.85|
|兆易创新|603986.SH|2023-03-13|677.03|673.23|28.97|24.35|4.45|4.45|29.93|69.9|7.96|7.57|1.04|1.04|60.8|677.38|612.12|22.96|
|兆易创新|603986.SH|2023-03-10|673.9|670.11|28.84|24.24|4.43|4.43|29.79|69.57|7.92|7.53|1.05|1.05|60.52|674.24|608.98|22.84|
|兆易创新|603986.SH|2023-03-09|681.63|677.81|29.17|24.51|4.48|4.48|30.13|70.37|8.01|7.62|1.04|1.04|61.22|681.98|616.72|23.14|
|兆易创新|603986.SH|2023-03-08|679.03|675.22|29.06|24.42|4.47|4.46|30.02|70.1|7.98|7.59|1.04|1.04|60.98|679.38|614.12|23.04|
|兆易创新|603986.SH|2023-03-07|675.5|671.7|28.91|24.29|4.44|4.44|29.86|69.74|7.94|7.55|1.05|1.05|60.67|675.85|610.58|22.9|
|兆易创新|603986.SH|2023-03-06|701.18|697.24|30.01|25.22|4.61|4.61|31|72.39|8.24|7.83|1.01|1.01|62.97|701.53|636.26|23.87|
|兆易创新|603986.SH|2023-03-03|705.38|701.42|30.19|25.37|4.64|4.64|31.18|72.82|8.29|7.88|1|1|63.35|705.73|640.46|24.03|
|兆易创新|603986.SH|2023-03-02|701.64|697.7|30.03|25.23|4.61|4.61|31.02|72.44|8.24|7.84|1.01|1.01|63.01|701.99|636.73|23.89|
|兆易创新|603986.SH|2023-03-01|697.04|693.13|29.83|25.07|4.58|4.58|30.81|71.96|8.19|7.79|1.01|1.01|62.6|697.39|632.13|23.71|
|兆易创新|603986.SH|2023-02-28|699.64|695.71|29.94|25.16|4.6|4.6|30.93|72.23|8.22|7.82|1.01|1.01|62.83|699.99|634.73|23.81|
|兆易创新|603986.SH|2023-02-27|693.84|689.94|29.69|24.95|4.56|4.56|30.67|71.63|8.15|7.75|1.02|1.02|62.31|694.19|628.92|23.59|
|兆易创新|603986.SH|2023-02-24|713.85|709.84|30.55|25.67|4.69|4.69|31.56|73.7|8.39|7.98|0.99|0.99|64.11|714.2|648.94|24.34|
|兆易创新|603986.SH|2023-02-23|723.92|719.86|30.98|26.04|4.76|4.76|32|74.74|8.51|8.09|0.98|0.98|65.01|724.27|659.01|24.72|
|兆易创新|603986.SH|2023-02-22|723.72|719.66|30.97|26.03|4.76|4.76|31.99|74.72|8.5|8.09|0.98|0.98|65|724.07|658.81|24.71|
|兆易创新|603986.SH|2023-02-21|726.06|721.98|31.07|26.11|4.77|4.77|32.1|74.96|8.53|8.11|0.97|0.97|65.21|726.41|661.14|24.8|
|兆易创新|603986.SH|2023-02-20|730.53|726.42|31.26|26.27|4.8|4.8|32.29|75.42|8.58|8.16|0.97|0.97|65.61|730.87|665.61|24.97|
|兆易创新|603986.SH|2023-02-17|725.32|721.25|31.04|26.09|4.77|4.77|32.06|74.88|8.52|8.1|0.98|0.98|65.14|725.67|660.41|24.77|
|兆易创新|603986.SH|2023-02-16|755.94|751.7|32.35|27.19|4.97|4.97|33.42|78.04|8.88|8.45|0.94|0.94|67.89|756.29|691.02|25.92|
|兆易创新|603986.SH|2023-02-15|778.89|774.51|33.33|28.01|5.12|5.12|34.43|80.41|9.15|8.7|0.91|0.91|69.95|779.23|713.97|26.78|
|兆易创新|603986.SH|2023-02-14|772.82|768.48|33.07|27.79|5.08|5.08|34.16|79.79|9.08|8.64|0.92|0.92|69.41|773.16|707.9|26.56|
|兆易创新|603986.SH|2023-02-13|780.75|776.37|33.41|28.08|5.13|5.13|34.52|80.61|9.17|8.72|0.91|0.91|70.12|781.1|715.84|26.85|
|兆易创新|603986.SH|2023-02-10|777.42|773.05|33.27|27.96|5.11|5.11|34.37|80.26|9.14|8.69|0.91|0.91|69.82|777.77|712.5|26.73|
|兆易创新|603986.SH|2023-02-09|787.62|783.2|33.71|28.33|5.18|5.18|34.82|81.32|9.26|8.8|0.9|0.9|70.74|787.97|722.71|27.11|
|兆易创新|603986.SH|2023-02-08|754.27|750.04|32.28|27.13|4.96|4.96|33.34|77.87|8.86|8.43|0.94|0.94|67.74|754.62|689.36|25.86|
|兆易创新|603986.SH|2023-02-07|757.01|752.76|32.4|27.23|4.98|4.98|33.47|78.15|8.9|8.46|0.93|0.93|67.99|757.36|692.09|25.96|
|兆易创新|603986.SH|2023-02-06|763.01|758.73|32.65|27.44|5.02|5.02|33.73|78.77|8.97|8.53|0.93|0.93|68.53|763.36|698.09|26.19|
|兆易创新|603986.SH|2023-02-03|783.89|779.49|33.55|28.19|5.15|5.15|34.65|80.93|9.21|8.76|0.9|0.9|70.4|784.24|718.97|26.97|
|兆易创新|603986.SH|2023-02-02|781.02|776.63|33.42|28.09|5.14|5.13|34.53|80.63|9.18|8.73|0.91|0.91|70.14|781.37|716.1|26.86|
|兆易创新|603986.SH|2023-02-01|767.08|762.77|32.83|27.59|5.04|5.04|33.91|79.19|9.01|8.57|0.92|0.92|68.89|767.43|702.16|26.34|
|兆易创新|603986.SH|2023-01-31|764.08|759.79|32.7|27.48|5.02|5.02|33.78|78.88|8.98|8.54|0.93|0.93|68.62|764.43|699.16|26.23|
|兆易创新|603986.SH|2023-01-30|808.77|804.23|34.61|29.09|5.32|5.32|35.75|83.5|9.5|9.04|0.87|0.87|72.63|809.12|743.85|27.9|
|兆易创新|603986.SH|2023-01-20|817.97|813.38|35|29.42|5.38|5.38|36.16|84.45|9.61|9.14|0.86|0.86|73.46|818.32|753.06|28.25|
|兆易创新|603986.SH|2023-01-19|792.63|788.18|33.92|28.51|5.21|5.21|35.04|81.83|9.31|8.86|0.89|0.89|71.18|792.97|727.71|27.3|
|兆易创新|603986.SH|2023-01-18|778.35|773.98|33.31|27.99|5.12|5.12|34.41|80.36|9.15|8.7|0.91|0.91|69.9|778.7|713.44|26.76|
|兆易创新|603986.SH|2023-01-17|800.5|796|34.26|28.79|5.26|5.26|35.39|82.64|9.41|8.94|0.88|0.88|71.89|800.85|735.58|27.59|
|兆易创新|603986.SH|2023-01-16|767.21|762.9|32.83|27.59|5.04|5.04|33.92|79.21|9.02|8.57|0.92|0.92|68.9|767.56|702.3|26.35|
|兆易创新|603986.SH|2023-01-13|723.26|719.19|30.95|26.01|4.76|4.75|31.97|74.67|8.5|8.08|0.98|0.98|64.95|723.6|658.34|24.7|
|兆易创新|603986.SH|2023-01-12|709.25|705.27|30.35|25.51|4.66|4.66|31.35|73.22|8.33|7.93|1|1|63.7|709.6|644.33|24.17|
|兆易创新|603986.SH|2023-01-11|714.38|710.37|30.57|25.69|4.7|4.7|31.58|73.75|8.39|7.98|0.99|0.99|64.16|714.73|649.47|24.36|
|兆易创新|603986.SH|2023-01-10|709.58|705.6|30.37|25.52|4.67|4.66|31.37|73.26|8.34|7.93|1|1|63.73|709.93|644.67|24.18|
|兆易创新|603986.SH|2023-01-09|700.78|696.84|29.99|25.2|4.61|4.61|30.98|72.35|8.23|7.83|1.01|1.01|62.94|701.13|635.86|23.85|
|兆易创新|603986.SH|2023-01-06|686.24|682.38|29.37|24.68|4.51|4.51|30.34|70.85|8.06|7.67|1.03|1.03|61.63|686.58|621.32|23.31|
|兆易创新|603986.SH|2023-01-05|684.77|680.92|29.3|24.63|4.5|4.5|30.27|70.7|8.05|7.65|1.03|1.03|61.5|685.12|619.85|23.25|
|兆易创新|603986.SH|2023-01-04|669.76|666|28.66|24.09|4.4|4.4|29.61|69.15|7.87|7.48|1.06|1.06|60.15|670.11|604.84|22.69|
|兆易创新|603986.SH|2023-01-03|688.37|684.5|29.46|24.76|4.53|4.52|30.43|71.07|8.09|7.69|1.03|1.03|61.82|688.72|623.45|23.39|
|兆易创新|603986.SH|2022-12-30|683.5|679.66|29.25|24.58|4.49|4.49|30.22|70.57|8.03|7.64|0.39|1.04|61.38|683.85|618.59|23.21|
|兆易创新|603986.SH|2022-12-29|688.17|684.31|29.45|24.75|4.53|4.52|30.42|71.05|8.09|7.69|0.39|1.03|61.8|688.52|623.25|23.38|
|兆易创新|603986.SH|2022-12-28|688.37|684.5|29.46|24.76|4.53|4.52|30.43|71.07|8.09|7.69|0.39|1.03|61.82|688.72|623.45|23.39|
|兆易创新|603986.SH|2022-12-27|693.11|689.21|29.66|24.93|4.56|4.56|30.64|71.56|8.14|7.74|0.38|1.02|62.25|693.45|628.19|23.57|
|兆易创新|603986.SH|2022-12-26|675.1|671.31|28.89|24.28|4.44|4.44|29.84|69.7|7.93|7.54|0.39|1.05|60.63|675.44|610.18|22.89|
|兆易创新|603986.SH|2022-12-23|631.67|628.06|27.03|22.72|4.15|4.15|27.92|65.21|7.42|7.06|0.42|1.12|56.73|632.02|566.76|21.26|
|兆易创新|603986.SH|2022-12-22|669.36|665.54|28.64|24.07|4.4|4.4|29.59|69.11|7.87|7.48|0.4|1.06|60.11|669.71|604.44|22.67|
|兆易创新|603986.SH|2022-12-21|675.16|671.31|28.89|24.28|4.44|4.44|29.85|69.7|7.93|7.54|0.39|1.05|60.64|675.51|610.25|22.89|
|兆易创新|603986.SH|2022-12-20|675.36|671.51|28.9|24.29|4.44|4.44|29.86|69.73|7.94|7.55|0.39|1.05|60.65|675.71|610.45|22.9|
|兆易创新|603986.SH|2022-12-19|670.89|667.06|28.71|24.13|4.41|4.41|29.66|69.26|7.88|7.5|0.4|1.05|60.25|671.24|605.98|22.73|
|兆易创新|603986.SH|2022-12-16|691.17|687.22|29.58|24.86|4.54|4.54|30.55|71.36|8.12|7.72|0.38|1.02|62.07|691.52|626.26|23.49|
|兆易创新|603986.SH|2022-12-15|708.65|704.6|30.33|25.49|4.66|4.66|31.33|73.16|8.33|7.92|0.37|1|63.64|709|643.73|24.15|
|兆易创新|603986.SH|2022-12-14|697.04|693.06|29.83|25.07|4.58|4.58|30.81|71.96|8.19|7.79|0.38|1.01|62.6|697.39|632.13|23.71|
|兆易创新|603986.SH|2022-12-13|719.19|715.08|30.78|25.87|4.73|4.73|31.79|74.25|8.45|8.04|0.37|0.98|64.59|719.54|654.27|24.54|
|兆易创新|603986.SH|2022-12-12|711.72|707.65|30.46|25.6|4.68|4.68|31.46|73.48|8.36|7.95|0.37|0.99|63.92|712.06|646.8|24.26|
|兆易创新|603986.SH|2022-12-09|662.76|658.97|28.36|23.84|4.36|4.36|29.3|68.42|7.79|7.41|0.4|1.07|59.52|663.1|597.84|22.43|
|兆易创新|603986.SH|2022-12-08|656.89|653.13|28.11|23.62|4.32|4.32|29.04|67.82|7.72|7.34|0.4|1.08|58.99|657.24|591.97|22.21|
|兆易创新|603986.SH|2022-12-07|667.69|663.88|28.57|24.01|4.39|4.39|29.52|68.93|7.85|7.46|0.4|1.06|59.96|668.04|602.78|22.61|
|兆易创新|603986.SH|2022-12-06|681.23|677.34|29.15|24.5|4.48|4.48|30.12|70.33|8|7.61|0.39|1.04|61.18|681.58|616.32|23.12|
|兆易创新|603986.SH|2022-12-05|666.96|663.15|28.54|23.99|4.39|4.39|29.48|68.86|7.84|7.45|0.4|1.06|59.9|667.31|602.04|22.58|
|兆易创新|603986.SH|2022-12-02|658.35|654.59|28.17|23.68|4.33|4.33|29.1|67.97|7.74|7.36|0.4|1.07|59.13|658.7|593.44|22.26|
|兆易创新|603986.SH|2022-12-01|678.3|674.42|29.03|24.39|4.46|4.46|29.99|70.03|7.97|7.58|0.39|1.04|60.92|678.65|613.38|23.01|
|兆易创新|603986.SH|2022-11-30|672.29|668.45|28.77|24.18|4.42|4.42|29.72|69.41|7.9|7.51|0.4|1.05|60.38|672.64|607.38|22.78|
|兆易创新|603986.SH|2022-11-29|681.03|677.14|29.14|24.49|4.48|4.48|30.11|70.31|8|7.61|0.39|1.04|61.16|681.38|616.12|23.11|
|兆易创新|603986.SH|2022-11-28|654.08|650.35|27.99|23.52|4.3|4.3|28.92|67.53|7.69|7.31|0.41|1.08|58.74|654.43|589.17|22.1|
|兆易创新|603986.SH|2022-11-25|669.56|665.74|28.65|24.08|4.4|4.4|29.6|69.13|7.87|7.48|0.4|1.06|60.13|669.91|604.64|22.68|
|兆易创新|603986.SH|2022-11-24|657.89|654.13|28.15|23.66|4.33|4.33|29.08|67.92|7.73|7.35|0.4|1.08|59.08|658.24|592.97|22.24|
|兆易创新|603986.SH|2022-11-23|664.36|660.56|28.43|23.89|4.37|4.37|29.37|68.59|7.81|7.42|0.4|1.06|59.67|664.71|599.44|22.49|
|兆易创新|603986.SH|2022-11-22|671.83|667.99|28.75|24.16|4.42|4.42|29.7|69.36|7.89|7.51|0.4|1.05|60.34|672.18|606.91|22.77|
|兆易创新|603986.SH|2022-11-21|669.56|665.74|28.65|24.08|4.4|4.4|29.6|69.13|7.87|7.48|0.4|1.06|60.13|669.91|604.64|22.68|
|兆易创新|603986.SH|2022-11-18|692.04|688.09|29.61|24.89|4.55|4.55|30.59|71.45|8.13|7.73|0.38|1.02|62.15|692.39|627.12|23.53|
|兆易创新|603986.SH|2022-11-17|720.12|716.01|30.82|25.9|4.74|4.74|31.83|74.35|8.46|8.05|0.37|0.98|64.67|720.47|655.21|24.58|
|兆易创新|603986.SH|2022-11-16|688.7|684.77|29.47|24.77|4.53|4.53|30.45|71.1|8.09|7.7|0.39|1.03|61.85|689.05|623.79|23.4|
|兆易创新|603986.SH|2022-11-15|680.17|676.28|29.11|24.46|4.47|4.47|30.07|70.22|7.99|7.6|0.39|1.04|61.08|680.51|615.25|23.08|
|兆易创新|603986.SH|2022-11-14|618.33|614.8|26.46|22.24|4.07|4.07|27.33|63.84|7.27|6.91|0.43|1.14|55.53|618.68|553.42|20.76|
|兆易创新|603986.SH|2022-11-11|594.19|590.79|25.43|21.37|3.91|3.91|26.27|61.34|6.98|6.64|0.45|1.19|53.36|594.53|529.27|19.85|
|兆易创新|603986.SH|2022-11-10|578.78|575.47|24.77|20.82|3.81|3.81|25.59|59.75|6.8|6.47|0.46|1.22|51.98|579.13|513.86|19.28|
|兆易创新|603986.SH|2022-11-09|588.05|584.69|25.16|21.15|3.87|3.87|26|60.71|6.91|6.57|0.45|1.2|52.81|588.4|523.13|19.62|
|兆易创新|603986.SH|2022-11-08|593.32|589.93|25.39|21.34|3.9|3.9|26.23|61.26|6.97|6.63|0.45|1.19|53.29|593.67|528.4|19.82|
|兆易创新|603986.SH|2022-11-07|601.06|597.62|25.72|21.62|3.95|3.95|26.57|62.05|7.06|6.72|0.44|1.18|53.98|601.41|536.14|20.11|
|兆易创新|603986.SH|2022-11-04|606.79|603.33|25.97|21.82|3.99|3.99|26.82|62.65|7.13|6.78|0.44|1.17|54.5|607.14|541.88|20.33|
|兆易创新|603986.SH|2022-11-03|601.99|598.55|25.76|21.65|3.96|3.96|26.61|62.15|7.07|6.73|0.44|1.18|54.06|602.34|537.08|20.15|
|兆易创新|603986.SH|2022-11-02|581.98|578.66|24.91|20.93|3.83|3.83|25.73|60.08|6.84|6.5|0.46|1.22|52.27|582.33|517.06|19.4|
|兆易创新|603986.SH|2022-11-01|572.71|569.44|24.51|20.6|3.77|3.77|25.32|59.13|6.73|6.4|0.46|1.24|51.43|573.06|507.79|19.05|
|兆易创新|603986.SH|2022-10-31|548.76|545.63|23.48|19.74|3.61|3.61|24.26|56.65|6.45|6.13|0.48|1.29|49.28|549.11|483.85|18.15|
|兆易创新|603986.SH|2022-10-28|553.56|550.4|23.69|17.98|3.81|3.8|24.47|35.48|6.5|5.74|0.48|1.28|30.84|553.88|489.85|18.38|
|兆易创新|603986.SH|2022-10-27|579.04|575.74|24.78|18.81|3.98|3.98|25.6|37.12|6.8|6|0.46|1.22|32.26|579.37|515.33|19.33|
|兆易创新|603986.SH|2022-10-26|577.64|574.34|24.72|18.77|3.97|3.97|25.54|37.03|6.79|5.99|0.46|1.22|32.18|577.96|513.93|19.28|
|兆易创新|603986.SH|2022-10-25|558.97|555.77|23.92|18.16|3.85|3.84|24.71|35.83|6.57|5.79|0.48|1.27|31.14|559.29|495.25|18.58|
|兆易创新|603986.SH|2022-10-24|570.31|567.05|24.41|18.53|3.92|3.92|25.21|36.56|6.7|5.91|0.47|1.24|31.77|570.63|506.59|19|
|兆易创新|603986.SH|2022-10-21|568.17|564.93|24.31|18.46|3.91|3.9|25.12|36.42|6.68|5.89|0.47|1.25|31.65|568.49|504.45|18.92|
|兆易创新|603986.SH|2022-10-20|583.45|580.11|24.97|18.96|4.01|4.01|25.79|37.4|6.86|6.05|0.46|1.21|32.5|583.77|519.73|19.5|
|兆易创新|603986.SH|2022-10-19|560.97|557.76|24.01|18.22|3.86|3.85|24.8|35.96|6.59|5.81|0.47|1.26|31.25|561.29|497.25|18.65|
|兆易创新|603986.SH|2022-10-18|569.64|566.39|24.38|18.51|3.92|3.91|25.18|36.51|6.69|5.9|0.47|1.24|31.73|569.96|505.92|18.98|
|兆易创新|603986.SH|2022-10-17|578.78|575.47|24.77|18.8|3.98|3.97|25.59|37.1|6.8|6|0.46|1.22|32.24|579.1|515.06|19.32|
|兆易创新|603986.SH|2022-10-14|576.51|573.22|24.67|18.73|3.97|3.96|25.49|36.95|6.77|5.97|0.46|1.23|32.12|576.83|512.79|19.24|
|兆易创新|603986.SH|2022-10-13|548.96|545.83|23.49|17.83|3.78|3.77|24.27|35.19|6.45|5.69|0.48|1.29|30.58|549.28|485.24|18.2|
|兆易创新|603986.SH|2022-10-12|556.5|553.32|23.81|18.08|3.83|3.82|24.6|35.67|6.54|5.77|0.48|1.27|31|556.82|492.78|18.49|
|兆易创新|603986.SH|2022-10-11|556.17|552.99|23.8|18.07|3.83|3.82|24.59|35.65|6.54|5.76|0.48|1.27|30.98|556.49|492.45|18.47|
|兆易创新|603986.SH|2022-10-10|570.31|567.05|24.41|18.53|3.92|3.92|25.21|36.56|6.7|5.91|0.47|1.24|31.77|570.63|506.59|19|
|兆易创新|603986.SH|2022-09-30|625.34|621.76|26.76|20.32|4.3|4.29|27.64|40.08|7.35|6.48|0.42|1.13|34.84|625.66|561.62|21.07|
|兆易创新|603986.SH|2022-09-29|641.95|638.28|27.47|20.86|4.42|4.41|28.38|41.15|7.54|6.65|0.41|1.1|35.76|642.27|578.23|21.69|
|兆易创新|603986.SH|2022-09-28|649.68|645.97|27.8|21.11|4.47|4.46|28.72|41.64|7.63|6.73|0.41|1.09|36.19|650|585.97|21.98|
|兆易创新|603986.SH|2022-09-27|666.42|662.62|28.52|21.65|4.58|4.58|29.46|42.72|7.83|6.91|0.4|1.06|37.12|666.75|602.71|22.61|
|兆易创新|603986.SH|2022-09-26|656.02|652.27|28.07|21.31|4.51|4.5|29|42.05|7.71|6.8|0.41|1.08|36.54|656.34|592.3|22.22|
|兆易创新|603986.SH|2022-09-23|655.29|651.54|28.04|21.29|4.51|4.5|28.97|42|7.7|6.79|0.41|1.08|36.5|655.61|591.57|22.19|
|兆易创新|603986.SH|2022-09-22|674.1|670.25|28.85|21.9|4.64|4.63|29.8|43.21|7.92|6.99|0.39|1.05|37.55|674.42|610.38|22.9|
|兆易创新|603986.SH|2022-09-21|682.37|678.47|29.2|22.17|4.69|4.68|30.17|43.74|8.02|7.07|0.39|1.04|38.01|682.69|618.65|23.21|
|兆易创新|603986.SH|2022-09-20|703.78|699.29|30.12|22.86|4.84|4.83|31.11|45.11|8.27|7.29|0.38|1.01|39.21|704.1|640.06|24.01|
|兆易创新|603986.SH|2022-09-19|697.84|693.39|29.86|22.67|4.8|4.79|30.85|44.73|8.2|7.23|0.38|1.01|38.87|698.16|634.12|23.79|
|兆易创新|603986.SH|2022-09-16|708.92|704.4|30.34|23.03|4.88|4.87|31.34|45.44|8.33|7.35|0.37|1|39.49|709.24|645.2|24.2|
|兆易创新|603986.SH|2022-09-15|724.87|720.25|31.02|23.55|4.99|4.98|32.04|46.46|8.52|7.51|0.37|0.98|40.38|725.19|661.15|24.8|
|兆易创新|603986.SH|2022-09-14|750.37|745.59|32.11|24.38|5.16|5.15|33.17|48.1|8.82|7.78|0.35|0.94|41.8|750.69|686.65|25.76|
|兆易创新|603986.SH|2022-09-13|762.18|757.33|32.62|24.76|5.24|5.23|33.69|48.85|8.96|7.9|0.35|0.93|42.46|762.5|698.46|26.2|
|兆易创新|603986.SH|2022-09-09|767.05|762.17|32.83|24.92|5.28|5.27|33.91|49.17|9.01|7.95|0.35|0.92|42.73|767.37|703.34|26.38|
|兆易创新|603986.SH|2022-09-08|769.59|764.69|32.93|25|5.29|5.28|34.02|49.33|9.04|7.97|0.35|0.92|42.87|769.91|705.87|26.48|
|兆易创新|603986.SH|2022-09-07|778.47|773.13|33.31|25.29|5.36|5.36|34.41|49.9|9.15|8.07|0.34|0.91|43.37|778.79|714.75|26.81|
|兆易创新|603986.SH|2022-09-06|752.3|747.15|32.19|24.44|5.18|5.18|33.26|48.22|8.84|7.8|0.35|0.94|41.91|752.62|688.59|25.83|
|兆易创新|603986.SH|2022-09-05|742.36|737.27|31.77|24.12|5.11|5.11|32.82|47.58|8.72|7.69|0.36|0.95|41.35|742.68|678.64|25.46|
|兆易创新|603986.SH|2022-09-02|755.91|750.73|32.35|24.56|5.2|5.2|33.42|48.45|8.88|7.83|0.35|0.94|42.11|756.23|692.19|25.97|
|兆易创新|603986.SH|2022-09-01|753.9|748.74|32.26|24.49|5.19|5.19|33.33|48.32|8.86|7.81|0.35|0.94|42|754.22|690.19|25.89|
|兆易创新|603986.SH|2022-08-31|774.06|768.76|33.12|25.15|5.33|5.33|34.22|49.62|9.1|8.02|0.34|0.91|43.12|774.38|710.34|26.65|
|兆易创新|603986.SH|2022-08-30|751.03|745.89|32.14|24.4|5.17|5.17|33.2|48.14|8.83|7.78|0.35|0.94|41.84|751.35|687.32|25.78|
|兆易创新|603986.SH|2022-08-29|764.18|758.95|32.7|24.83|5.26|5.26|33.78|48.98|8.98|7.92|0.35|0.93|42.57|764.5|700.47|26.28|
|兆易创新|603986.SH|2022-08-26|766.92|761.67|32.82|28.18|5.4|5.64|33.9|41.98|9.01|8.39|0.35|0.92|58.21|767.26|697.39|26.16|
|兆易创新|603986.SH|2022-08-25|763.25|758.02|32.66|28.05|5.37|5.61|33.74|41.78|8.97|8.35|0.35|0.93|57.94|763.58|693.71|26.02|
|兆易创新|603986.SH|2022-08-24|767.39|762.13|32.84|28.2|5.4|5.64|33.92|42|9.02|8.4|0.35|0.92|58.25|767.72|697.85|26.18|
|兆易创新|603986.SH|2022-08-23|789.01|783.61|33.76|28.99|5.55|5.8|34.88|43.19|9.27|8.64|0.34|0.9|59.89|789.35|719.48|26.99|
|兆易创新|603986.SH|2022-08-22|798.69|793.22|34.18|29.35|5.62|5.87|35.31|43.72|9.39|8.74|0.33|0.89|60.63|799.03|729.16|27.35|
|兆易创新|603986.SH|2022-08-19|796.29|790.83|34.08|29.26|5.6|5.85|35.2|43.59|9.36|8.72|0.33|0.89|60.44|796.62|726.75|27.26|
|兆易创新|603986.SH|2022-08-18|825.46|819.8|35.32|30.33|5.81|6.07|36.49|45.18|9.7|9.04|0.32|0.86|62.66|825.79|755.92|28.36|
|兆易创新|603986.SH|2022-08-17|822.65|817.02|35.2|30.23|5.79|6.05|36.37|45.03|9.67|9|0.32|0.86|62.44|822.99|753.12|28.25|
|兆易创新|603986.SH|2022-08-16|824.32|818.67|35.28|30.29|5.8|6.06|36.44|45.12|9.69|9.02|0.32|0.86|62.57|824.66|754.79|28.31|
|兆易创新|603986.SH|2022-08-15|832.93|827.23|35.64|30.61|5.86|6.12|36.82|45.59|9.79|9.12|0.32|0.85|63.23|833.27|763.4|28.64|
|兆易创新|603986.SH|2022-08-12|845.68|839.89|36.19|31.08|5.95|6.22|37.39|46.29|9.94|9.26|0.31|0.84|64.19|846.02|776.15|29.12|
|兆易创新|603986.SH|2022-08-11|857.49|851.62|36.7|31.51|6.03|6.3|37.91|46.94|10.08|9.39|0.31|0.83|65.09|857.83|787.96|29.56|
|兆易创新|603986.SH|2022-08-10|840.67|834.91|35.98|30.89|5.91|6.18|37.16|46.02|9.88|9.2|0.32|0.84|63.81|841.01|771.14|28.93|
|兆易创新|603986.SH|2022-08-09|859.7|853.81|36.79|31.59|6.05|6.32|38|47.06|10.1|9.41|0.31|0.82|65.26|860.03|790.16|29.64|
|兆易创新|603986.SH|2022-08-08|852.49|846.65|36.48|31.33|6|6.27|37.69|46.66|10.02|9.33|0.31|0.83|64.71|852.82|782.95|29.37|
|兆易创新|603986.SH|2022-08-05|868.24|862.29|37.16|31.9|6.11|6.38|38.38|47.52|10.2|9.5|0.31|0.81|65.91|868.58|798.71|29.96|
|兆易创新|603986.SH|2022-08-04|831.53|825.83|35.58|30.56|5.85|6.11|36.76|45.51|9.77|9.1|0.32|0.85|63.12|831.87|762|28.58|
|兆易创新|603986.SH|2022-08-03|815.98|810.39|34.92|29.98|5.74|6|36.07|44.66|9.59|8.93|0.33|0.87|61.94|816.31|746.44|28|
|兆易创新|603986.SH|2022-08-02|785.54|780.16|33.62|28.87|5.53|5.77|34.73|43|9.23|8.6|0.34|0.9|59.63|785.88|716.01|26.86|
|兆易创新|603986.SH|2022-08-01|796.15|790.7|34.07|29.26|5.6|5.85|35.2|43.58|9.36|8.71|0.33|0.89|60.43|796.49|726.62|27.26|
|兆易创新|603986.SH|2022-07-29|789.41|784|33.78|29.01|5.55|5.8|34.9|43.21|9.28|8.64|0.34|0.9|59.92|789.75|719.88|27|
|兆易创新|603986.SH|2022-07-28|796.62|791.16|34.09|29.27|5.6|5.86|35.22|43.6|9.36|8.72|0.33|0.89|60.47|796.96|727.09|27.28|
|兆易创新|603986.SH|2022-07-27|791.75|786.32|33.88|29.09|5.57|5.82|35|43.34|9.3|8.67|0.34|0.89|60.1|792.08|722.22|27.09|
|兆易创新|603986.SH|2022-07-26|811.11|805.55|34.71|29.8|5.71|5.96|35.86|44.4|9.53|8.88|0.33|0.87|61.57|811.44|741.57|27.82|
|兆易创新|603986.SH|2022-07-25|805.17|799.65|34.46|29.59|5.66|5.92|35.59|44.07|9.46|8.81|0.33|0.88|61.12|805.5|735.63|27.6|
|兆易创新|603986.SH|2022-07-22|822.25|816.62|35.19|30.21|5.78|6.04|36.35|45.01|9.66|9|0.32|0.86|62.41|822.59|752.72|28.24|
|兆易创新|603986.SH|2022-07-21|845.55|839.75|36.18|31.07|5.95|6.22|37.38|46.28|9.94|9.26|0.31|0.84|64.18|845.88|776.01|29.11|
|兆易创新|603986.SH|2022-07-20|832.4|826.7|35.62|30.59|5.86|6.12|36.8|45.56|9.78|9.11|0.32|0.85|63.18|832.73|762.86|28.62|
|兆易创新|603986.SH|2022-07-19|814.11|808.53|34.84|29.92|5.73|5.98|35.99|44.56|9.57|8.91|0.33|0.87|61.8|814.44|744.58|27.93|
|兆易创新|603986.SH|2022-07-18|820.45|814.83|35.11|30.15|5.77|6.03|36.27|44.91|9.64|8.98|0.32|0.86|62.28|820.79|750.92|28.17|
|兆易创新|603986.SH|2022-07-15|843.01|837.24|36.08|30.98|5.93|6.2|37.27|46.14|9.91|9.23|0.32|0.84|63.99|843.35|773.48|29.02|
|兆易创新|603986.SH|2022-07-14|841.88|836.11|36.03|30.94|5.92|6.19|37.22|46.08|9.89|9.21|0.32|0.84|63.9|842.21|772.34|28.97|
|兆易创新|603986.SH|2022-07-13|831.26|825.57|35.57|30.55|5.85|6.11|36.75|45.5|9.77|9.1|0.32|0.85|63.1|831.6|761.73|28.57|
|兆易创新|603986.SH|2022-07-12|841.01|835.25|35.99|30.9|5.92|6.18|37.18|46.03|9.88|9.21|0.32|0.84|63.84|841.34|771.47|28.94|
|兆易创新|603986.SH|2022-07-11|860.97|855.07|36.84|31.64|6.06|6.33|38.06|47.13|10.12|9.42|0.31|0.82|65.35|861.3|791.43|29.69|
|兆易创新|603986.SH|2022-07-08|902.95|896.76|38.64|33.18|6.35|6.64|39.92|49.42|10.61|9.88|0.29|0.78|68.54|903.28|833.42|31.26|
|兆易创新|603986.SH|2022-07-07|863.03|857.12|36.93|31.71|6.07|6.34|38.15|47.24|10.14|9.45|0.31|0.82|65.51|863.37|793.5|29.77|
|兆易创新|603986.SH|2022-07-06|876.25|870.25|37.5|32.2|6.16|6.44|38.74|47.96|10.3|9.59|0.3|0.81|66.51|876.59|806.72|30.26|
|兆易创新|603986.SH|2022-07-05|871.51|865.54|37.3|32.02|6.13|6.41|38.53|47.7|10.24|9.54|0.3|0.81|66.15|871.85|801.98|30.08|
|兆易创新|603986.SH|2022-07-04|868.98|863.02|37.19|31.93|6.11|6.39|38.42|47.56|10.21|9.51|0.31|0.81|65.96|869.31|799.44|29.99|
|兆易创新|603986.SH|2022-07-01|926.78|920.43|39.66|34.06|6.52|6.81|40.97|50.73|10.89|10.14|0.29|0.76|70.35|927.11|857.24|32.16|
|兆易创新|603986.SH|2022-06-30|949.2|942.7|40.62|34.88|6.68|6.98|41.96|51.96|11.15|10.39|0.28|0.75|72.05|949.54|879.67|33|
|兆易创新|603986.SH|2022-06-29|912.03|905.78|39.03|33.51|6.42|6.7|40.32|49.92|10.72|9.98|0.29|0.78|69.23|912.36|842.49|31.6|
|兆易创新|603986.SH|2022-06-28|934.32|927.92|39.98|34.33|6.57|6.87|41.3|51.14|10.98|10.23|0.28|0.76|70.92|934.66|864.79|32.44|
|兆易创新|603986.SH|2022-06-27|890.27|824.86|38.1|32.71|6.26|6.54|39.36|48.73|10.46|9.74|0.3|0.79|67.58|890.6|820.73|30.79|
|兆易创新|603986.SH|2022-06-24|881.06|816.32|37.7|32.38|6.2|6.48|38.95|48.23|10.35|9.64|0.3|0.8|66.88|881.39|811.52|30.44|
|兆易创新|603986.SH|2022-06-23|855.83|792.95|36.62|31.45|6.02|6.29|37.83|46.84|10.06|9.37|0.31|0.83|64.96|856.16|786.29|29.5|
|兆易创新|603986.SH|2022-06-22|845.08|782.99|36.16|31.05|5.95|6.21|37.36|46.26|9.93|9.25|0.31|0.84|64.15|845.42|775.55|29.09|
|兆易创新|603986.SH|2022-06-21|870.38|806.43|37.25|31.98|6.12|6.4|38.48|47.64|10.23|9.53|0.31|0.81|66.07|870.71|800.84|30.04|
|兆易创新|603986.SH|2022-06-20|890.07|824.67|38.09|32.71|6.26|6.54|39.35|48.72|10.46|9.74|0.3|0.79|67.56|890.4|820.53|30.78|
|兆易创新|603986.SH|2022-06-17|875.65|811.31|37.47|32.18|6.16|6.44|38.71|47.93|10.29|9.58|0.3|0.81|66.47|875.99|806.12|30.24|
|兆易创新|603986.SH|2022-06-16|875.38|811.07|37.46|32.17|6.16|6.43|38.7|47.91|10.29|9.58|0.3|0.81|66.45|875.72|805.85|30.23|
|兆易创新|603986.SH|2022-06-15|871.71|807.66|37.3|32.03|6.13|6.41|38.54|47.71|10.24|9.54|0.3|0.81|66.17|872.05|802.18|30.09|
|兆易创新|603986.SH|2022-06-14|877.92|813.42|37.57|32.26|6.18|6.45|38.81|48.05|10.32|9.61|0.3|0.81|66.64|878.25|808.39|30.33|
|兆易创新|603986.SH|2022-06-13|892.34|826.77|38.19|32.79|6.28|6.56|39.45|48.84|10.49|9.77|0.3|0.79|67.73|892.67|822.8|30.87|
|兆易创新|603986.SH|2022-06-10|912.49|845.45|39.05|33.53|6.42|6.71|40.34|49.95|10.72|9.99|0.29|0.78|69.26|912.83|842.96|31.62|
|兆易创新|603986.SH|2022-06-09|912.36|845.33|39.04|33.53|6.42|6.71|40.33|49.94|10.72|9.99|0.29|0.78|69.25|912.7|842.83|31.62|
|兆易创新|603986.SH|2022-06-08|951.67|881.75|40.73|34.97|6.7|7|42.07|52.09|11.18|10.42|0.28|0.74|72.24|952.01|882.14|33.09|
|兆易创新|603986.SH|2022-06-07|933.52|864.93|39.95|34.3|6.57|6.86|41.27|51.1|10.97|10.22|0.28|0.76|70.86|933.85|863.99|32.41|
|兆易创新|603986.SH|2022-06-06|960.82|890.22|41.12|35.31|6.76|7.06|42.48|52.59|11.29|10.52|0.28|0.74|72.93|961.15|891.28|33.44|
|兆易创新|603986.SH|2022-06-02|967.96|896.84|41.42|35.57|6.81|7.12|42.79|52.98|11.37|10.59|0.27|0.73|73.47|968.3|898.43|33.7|
|兆易创新|603986.SH|2022-06-01|960.15|889.61|41.09|35.28|6.75|6.71|42.45|52.55|11.28|10.51|0.28||72.88|960.49|890.62|33.41|
|兆易创新|603986.SH|2022-05-31|958.75|888.31|41.03|35.23|6.74|6.7|42.38|52.48|11.27|10.49|0.28||72.78|959.09|889.22|33.36|
|兆易创新|603986.SH|2022-05-30|947.8|878.16|40.56|34.83|6.67|6.62|41.9|51.88|11.14|10.37|0.28||71.94|948.14|878.27|32.95|
|兆易创新|603986.SH|2022-05-27|927.51|859.36|39.69|34.08|6.53|6.48|41|50.77|10.9|10.15|0.29||70.4|927.85|857.98|32.19|
|兆易创新|603986.SH|2022-05-26|933.12|864.56|39.93|34.29|6.56|6.52|41.25|51.08|10.96|10.21|0.28||70.83|933.45|863.58|32.4|
|兆易创新|603986.SH|2022-05-25|942.4|873.15|40.33|34.63|6.63|6.58|41.66|51.58|11.07|10.32|0.28||71.53|942.73|872.86|32.74|
|兆易创新|603986.SH|2022-05-24|943.46|874.14|40.37|34.67|6.64|6.59|41.71|51.64|11.09|10.33|0.28||71.62|943.8|873.93|32.78|
|兆易创新|603986.SH|2022-05-23|989.79|917.06|42.36|36.37|6.96|6.92|43.76|54.18|11.63|10.83|0.27||75.13|990.12|920.25|34.52|
|兆易创新|603986.SH|2022-05-20|949.47|879.71|40.63|34.89|6.68|6.63|41.97|51.97|11.16|10.39|0.28|0.28|72.07|949.81|879.94|33.01|
|兆易创新|603986.SH|2022-05-19|918.5|851.02|39.31|33.75|6.46|6.42|40.6|50.27|10.79|10.05|0.29|0.29|69.72|918.84|848.97|31.85|
|兆易创新|603986.SH|2022-05-18|900.01|833.88|38.51|33.07|6.33|6.29|39.79|49.26|10.58|9.85|0.3|0.3|68.32|900.35|830.48|31.15|
|兆易创新|603986.SH|2022-05-17|865.84|802.22|37.05|31.82|6.09|6.05|38.28|47.39|10.17|9.48|0.31|0.31|65.72|866.17|796.3|29.87|
|兆易创新|603986.SH|2022-05-16|833|771.8|35.65|30.61|5.86|5.82|36.82|45.59|9.79|9.12|0.32|0.32|63.23|833.33|763.46|28.64|
|兆易创新|603986.SH|2022-05-13|843.75|781.75|36.11|31|5.94|5.9|37.3|46.18|9.91|9.24|0.31|0.31|64.05|844.08|774.21|29.04|
|兆易创新|603986.SH|2022-05-12|858.36|794.05|36.73|31.54|6.04|6.04|37.95|46.98|10.09|9.4|0.31|0.31|65.16|858.7|788.83|29.59|
|兆易创新|603986.SH|2022-05-11|863.37|798.69|36.95|31.73|6.07|6.07|38.17|47.26|10.15|9.45|0.31|0.31|65.54|863.7|793.83|29.78|
|兆易创新|603986.SH|2022-05-10|816.98|755.77|34.96|30.02|5.75|5.75|36.12|44.72|9.6|8.94|0.33|0.33|62.01|817.32|747.45|28.04|
|兆易创新|603986.SH|2022-05-09|781.8|723.23|33.46|28.73|5.5|5.5|34.56|42.79|9.19|8.56|0.34|0.34|59.34|782.14|712.27|26.72|
|兆易创新|603986.SH|2022-05-06|796.29|736.63|34.08|29.26|5.6|5.6|35.2|43.59|9.36|8.72|0.33|0.33|60.44|796.62|726.75|27.26|
|兆易创新|603986.SH|2022-05-05|834.13|771.64|35.7|30.65|5.87|5.87|36.87|45.66|9.8|9.13|0.32|0.32|63.32|834.47|764.6|28.68|
|兆易创新|603986.SH|2022-04-29|833.07|770.65|35.65|30.61|5.86|5.86|36.83|45.6|9.79|9.12|0.32|0.32|63.24|833.4|763.53|28.64|
|兆易创新|603986.SH|2022-04-28|791.35|732.06|33.86|29.08|5.57|5.57|34.98|43.32|9.3|8.66|0.34|0.34|60.07|791.68|721.81|27.08|
|兆易创新|603986.SH|2022-04-27|834.33|771.83|94.74|35.7|6.63|6.19|78.73|38.35|18.55|9.8|0.32|0.32|102|834.64|768.46|70.49|
|兆易创新|603986.SH|2022-04-26|773.99|716.01|87.88|33.12|6.15|5.74|73.04|35.58|17.21|9.09|0.34|0.34|94.62|774.3|708.12|64.96|
|兆易创新|603986.SH|2022-04-25|820.98|759.48|93.22|35.13|6.52|6.09|77.47|37.74|18.26|9.65|0.32|0.32|100.37|821.29|755.11|69.27|
|兆易创新|603986.SH|2022-04-22|867.71|802.7|98.52|37.13|6.89|6.43|81.88|39.89|19.3|10.2|0.31|0.31|106.08|868.01|801.83|73.55|
|兆易创新|603986.SH|2022-04-21|885.86|819.49|100.59|37.91|7.04|6.57|83.59|40.72|19.7|10.41|0.3|0.3|108.3|886.17|819.98|75.22|
|兆易创新|603986.SH|2022-04-20|891.07|824.31|101.18|38.13|7.08|6.61|84.09|40.96|19.82|10.47|0.3|0.3|108.93|891.37|825.19|75.7|
|兆易创新|603986.SH|2022-04-19|902.88|835.24|102.52|38.64|7.17|6.69|85.2|41.5|20.08|10.61|0.29|0.29|110.38|903.19|837|76.78|
|兆易创新|603986.SH|2022-04-18|933.12|863.21|105.95|39.93|7.41|6.92|88.05|42.89|20.75|10.96|0.28|0.28|114.07|933.42|867.24|79.56|
|兆易创新|603986.SH|2022-04-15|883.73|817.52|100.34|37.82|7.02|6.55|83.39|40.62|19.65|10.38|0.3|0.3|108.04|884.03|817.85|75.02|
|兆易创新|603986.SH|2022-04-14|871.71|806.4|98.98|37.3|6.93|6.46|82.26|40.07|19.38|10.24|0.3|0.3|106.57|872.02|805.83|73.92|
|兆易创新|603986.SH|2022-04-13|822.99|761.33|93.45|35.22|6.54|6.1|77.66|37.83|18.3|9.67|0.32|0.32|100.61|823.29|757.11|69.45|
|兆易创新|603986.SH|2022-04-12|848.28|784.73|96.32|36.3|6.74|6.29|80.05|38.99|18.86|9.97|0.31|0.31|103.7|848.59|782.41|71.77|
|兆易创新|603986.SH|2022-04-11|824.86|763.06|93.66|35.3|6.55|6.12|77.84|37.92|18.34|9.69|0.32|0.32|100.84|825.16|758.98|69.62|
|兆易创新|603986.SH|2022-04-08|896.88|829.68|101.84|38.38|7.13|6.65|84.63|41.23|19.94|10.54|0.3|0.3|109.64|897.18|831|76.23|
|兆易创新|603986.SH|2022-04-07|887.6|821.1|100.78|37.98|7.05|6.58|83.76|40.8|19.74|10.43|0.3|0.3|108.51|887.9|821.72|75.38|
|兆易创新|603986.SH|2022-04-06|899.75|832.34|102.16|38.5|7.15|6.67|84.9|41.36|20.01|10.57|0.3|0.3|109.99|900.05|833.87|76.49|
|兆易创新|603986.SH|2022-04-01|937.39|867.16|106.44|40.11|7.45|6.95|88.46|43.09|20.85|11.01|0.28|0.28|114.6|937.69|871.51|79.95|
|兆易创新|603986.SH|2022-03-31|941.33|870.8|106.88|40.28|7.48|6.98|88.83|43.27|20.93|11.06|0.28|0.28|115.08|941.63|875.45|80.31|
|兆易创新|603986.SH|2022-03-30|978.44|905.14|111.1|41.87|7.77|7.25|92.33|44.98|21.76|11.5|0.27|0.27|119.61|978.74|912.56|83.71|
|兆易创新|603986.SH|2022-03-29|946.94|875.99|107.52|40.52|7.52|7.02|89.36|43.53|21.06|11.13|0.28|0.28|115.76|947.24|881.06|80.82|
|兆易创新|603986.SH|2022-03-28|1000|925.08|113.55|42.79|7.95|7.41|94.37|45.97|22.24|11.75|0.27|0.27|122.25|1000.3|934.12|85.69|
|兆易创新|603986.SH|2022-03-25|1021.42|944.9|115.98|43.71|8.12|7.57|96.39|46.95|22.71|12|0.26|0.26|124.87|1021.73|955.55|87.66|
|兆易创新|603986.SH|2022-03-24|1030.64|953.42|117.02|44.1|8.19|7.64|97.26|47.38|22.92|12.11|0.26|0.26|126|1030.94|964.76|88.5|
|兆易创新|603986.SH|2022-03-23|1053.93|974.97|119.67|45.1|8.37|7.81|99.45|48.45|23.44|12.38|0.25|0.25|128.84|1054.23|988.05|90.64|
|兆易创新|603986.SH|2022-03-22|1066.48|986.58|121.09|45.64|8.47|7.91|100.64|49.02|23.72|12.53|0.25|0.25|130.38|1066.78|1000.6|91.79|
|兆易创新|603986.SH|2022-03-21|1062.94|983.31|120.69|45.49|8.45|7.88|100.3|48.86|23.64|12.49|0.25|0.25|129.94|1063.25|997.06|91.46|
|兆易创新|603986.SH|2022-03-18|1078.23|997.45|122.43|46.14|8.57|7.99|101.75|49.56|23.98|12.67|0.25|0.25|131.81|1078.53|1012.35|92.87|
|兆易创新|603986.SH|2022-03-17|1086.64|1005.23|123.38|46.5|8.63|8.06|102.54|49.95|24.16|12.77|0.24|0.24|132.84|1086.94|1020.76|93.64|
|兆易创新|603986.SH|2022-03-16|1071.42|991.15|121.66|45.85|8.51|7.94|101.1|49.25|23.83|12.59|0.25|0.25|130.98|1071.72|1005.54|92.24|
|兆易创新|603986.SH|2022-03-15|980.18|906.74|111.29|41.95|7.79|7.27|92.49|45.06|21.8|11.52|0.27|0.27|119.83|980.48|914.3|83.87|
|兆易创新|603986.SH|2022-03-14|1030.1|952.93|116.96|44.08|8.18|7.64|97.21|47.35|22.91|12.1|0.26|0.26|125.93|1030.41|964.22|88.45|
|兆易创新|603986.SH|2022-03-11|1053.4|974.48|119.61|56.76|8.37|8.32|99.4|48.42|23.43|13.76|0.25|0.25|245.61|1053.7|987.52|90.59|
|兆易创新|603986.SH|2022-03-10|1062.81|983.18|120.68|57.27|8.44|8.39|100.29|48.86|23.63|13.89|0.25|0.25|247.8|1063.11|996.93|91.45|
|兆易创新|603986.SH|2022-03-09|1029.83|952.68|116.93|55.49|8.18|8.13|97.18|47.34|22.9|13.46|0.26|0.26|240.11|1030.14|963.96|88.43|
|兆易创新|603986.SH|2022-03-08|1005.21|929.9|114.14|54.16|7.99|7.94|94.86|46.21|22.35|13.13|0.26|0.26|234.37|1005.51|939.33|86.17|
|兆易创新|603986.SH|2022-03-07|1001.2|926.19|113.68|53.95|7.96|7.9|94.48|46.02|22.26|13.08|0.27|0.27|233.44|1001.5|935.32|85.8|
|兆易创新|603986.SH|2022-03-04|1033.04|955.64|117.3|55.66|8.21|8.16|97.48|47.49|22.97|13.5|0.26|0.26|240.86|1033.34|967.16|88.72|
|兆易创新|603986.SH|2022-03-03|989.99|915.82|112.41|53.34|7.87|7.82|93.42|45.51|22.01|12.94|0.27|0.27|230.82|990.29|924.11|84.77|
|兆易创新|603986.SH|2022-03-02|1004.54|929.28|114.06|54.13|7.98|7.93|94.79|46.18|22.34|13.13|0.26|0.26|234.21|1004.84|938.66|86.11|
|兆易创新|603986.SH|2022-03-01|1022.16|945.58|116.06|55.07|8.12|8.07|96.46|46.99|22.73|13.36|0.26|0.26|238.32|1022.46|956.28|87.72|
|兆易创新|603986.SH|2022-02-28|1023.29|946.63|116.19|55.14|8.13|8.08|96.56|47.04|22.76|13.37|0.26|0.26|238.59|1023.6|957.42|87.83|
|兆易创新|603986.SH|2022-02-25|1032.57|955.21|117.24|55.64|8.2|8.15|97.44|47.47|22.96|13.49|0.26|0.26|240.75|1032.88|966.69|88.68|
|兆易创新|603986.SH|2022-02-24|1012.75|936.87|114.99|54.57|8.05|8|95.57|46.55|22.52|13.23|0.26|0.26|236.13|1013.05|946.87|86.86|
|兆易创新|603986.SH|2022-02-23|1027.23|950.27|116.64|55.35|8.16|8.11|96.94|47.22|22.84|13.42|0.26|0.26|239.51|1027.54|961.35|88.19|
|兆易创新|603986.SH|2022-02-22|975.7|902.6|110.79|52.57|7.75|7.7|92.07|44.85|21.7|12.75|0.27|0.27|227.49|976.01|909.83|83.46|
|兆易创新|603986.SH|2022-02-21|963.82|891.61|109.44|51.93|7.66|7.61|90.95|44.31|21.43|12.59|0.28|0.28|224.72|964.13|897.94|82.37|
|兆易创新|603986.SH|2022-02-18|974.44|901.43|110.64|52.5|7.74|7.69|91.95|44.79|21.67|12.73|0.27|0.27|227.2|974.74|908.56|83.35|
|兆易创新|603986.SH|2022-02-17|996.6|921.93|113.16|53.7|7.92|7.87|94.04|45.81|22.16|13.02|0.27|0.27|232.36|996.9|930.72|85.38|
|兆易创新|603986.SH|2022-02-16|973.17|900.26|110.5|52.44|7.73|7.68|91.83|44.74|21.64|12.72|0.27|0.27|226.9|973.47|907.29|83.23|
|兆易创新|603986.SH|2022-02-15|969.9|897.23|110.13|52.26|7.71|7.66|91.52|44.58|21.57|12.67|0.27|0.27|226.14|970.2|904.02|82.93|
|兆易创新|603986.SH|2022-02-14|931.38|861.6|105.75|50.18|7.4|7.35|87.89|42.81|20.71|12.17|0.29|0.29|217.16|931.69|865.51|79.4|
|兆易创新|603986.SH|2022-02-11|943.13|872.47|107.09|50.82|7.49|7.45|89|43.35|20.97|12.32|0.28|0.28|219.9|943.44|877.25|80.47|
|兆易创新|603986.SH|2022-02-10|968.09|895.56|109.92|52.16|7.69|7.64|91.35|44.5|21.53|12.65|0.27|0.27|225.72|968.4|902.22|82.76|
|兆易创新|603986.SH|2022-02-09|956.38|884.64|108.59|51.53|7.6|7.55|90.25|43.96|21.27|12.5|0.28|0.28|222.99|956.69|890.51|81.69|
|兆易创新|603986.SH|2022-02-08|940.96|870.37|106.84|50.7|7.48|7.43|88.79|43.25|20.92|12.3|0.28|0.28|219.39|941.27|875.09|80.27|
|兆易创新|603986.SH|2022-02-07|960.12|888.09|109.02|51.73|7.63|7.58|90.6|44.14|21.35|12.55|0.28|0.28|223.86|960.43|894.24|82.03|
|兆易创新|603986.SH|2022-01-28|928.55|858.89|105.43|50.03|7.38|7.33|87.62|42.68|20.65|12.13|0.29|0.29|216.5|928.85|862.67|79.14|
|兆易创新|603986.SH|2022-01-27|978.68|905.26|111.12|52.73|7.78|7.73|92.35|44.99|21.76|12.79|0.27|0.27|228.19|978.98|912.8|83.73|
|兆易创新|603986.SH|2022-01-26|1000.78|925.7|113.63|53.92|7.95|7.9|94.44|46|22.25|13.08|0.27|0.27|233.34|1001.08|934.9|85.76|
|兆易创新|603986.SH|2022-01-25|990.7|916.37|112.49|53.38|7.87|7.82|93.49|45.54|22.03|12.95|0.27|0.27|230.99|991|924.82|84.84|
|兆易创新|603986.SH|2022-01-24|1038.02|960.15|117.86|55.93|8.25|8.2|97.95|47.72|23.08|13.56|0.26|0.26|242.02|1038.33|972.15|89.18|
|兆易创新|603986.SH|2022-01-21|1021.34|944.71|115.97|55.03|8.12|8.06|96.38|46.95|22.71|13.35|0.26|0.26|238.13|1021.64|955.46|87.65|
|兆易创新|603986.SH|2022-01-20|1060.05|980.53|120.36|57.12|8.42|8.37|100.03|48.73|23.57|13.85|0.25|0.25|247.16|1060.36|994.18|91.2|
|兆易创新|603986.SH|2022-01-19|1053.88|974.81|119.66|56.78|8.37|8.32|99.45|48.45|23.44|13.77|0.25|0.25|245.72|1054.18|988|90.63|
|兆易创新|603986.SH|2022-01-18|1077.04|996.23|122.29|58.03|8.56|8.51|101.64|49.51|23.95|14.07|0.25|0.25|251.12|1077.34|1011.16|92.76|
|兆易创新|603986.SH|2022-01-17|1079.31|998.33|122.55|58.15|8.58|8.53|101.85|49.61|24|14.1|0.25|0.25|251.65|1079.61|1013.43|92.97|
|兆易创新|603986.SH|2022-01-14|1050.54|971.72|119.28|56.6|8.35|8.3|99.14|48.29|23.36|13.73|0.25|0.25|244.94|1050.85|984.67|90.33|
|兆易创新|603986.SH|2022-01-13|1035.46|957.77|117.57|55.79|8.23|8.18|97.71|47.6|23.03|13.53|0.26|0.26|241.42|1035.76|969.58|88.94|
|兆易创新|603986.SH|2022-01-12|1034.32|956.72|117.44|55.73|8.22|8.17|97.6|47.55|23|13.52|0.26|0.26|241.16|1034.63|968.45|88.84|
|兆易创新|603986.SH|2022-01-11|1015.77|939.55|115.34|54.73|8.07|8.02|95.85|46.69|22.59|13.27|0.26|0.26|236.83|1016.07|949.89|87.14|
|兆易创新|603986.SH|2022-01-10|1044.54|966.16|118.6|56.28|8.3|8.25|98.57|48.02|23.23|13.65|0.25|0.25|243.54|1044.84|978.66|89.78|
|兆易创新|603986.SH|2022-01-07|1047.87|969.25|118.98|56.46|8.33|8.28|98.88|48.17|23.3|13.69|0.25|0.25|244.32|1048.18|982|90.08|
|兆易创新|603986.SH|2022-01-06|1087.65|1006.04|123.5|58.6|8.64|8.59|102.64|50|24.19|14.21|0.24|0.24|253.59|1087.96|1021.77|93.73|
|兆易创新|603986.SH|2022-01-05|1056.55|977.28|119.97|56.93|8.4|8.35|99.7|48.57|23.5|13.81|0.25|0.25|246.34|1056.85|990.67|90.88|
|兆易创新|603986.SH|2022-01-04|1173.89|1085.81|133.29|63.25|9.33|9.27|110.77|53.96|26.1|15.34|0.23|0.23|273.7|1174.19|1108.01|101.64|
|兆易创新|603986.SH|2021-12-31|1173.69|1085.62|133.27|63.24|9.33|9.27|110.76|53.95|26.1|15.34|0.1|0.23|273.65|1173.99|1107.81|101.62|
|兆易创新|603986.SH|2021-12-30|1177.82|1089.45|133.74|63.46|9.36|9.3|111.15|54.14|26.19|15.39|0.1|0.23|274.62|1178.13|1111.95|102|
|兆易创新|603986.SH|2021-12-29|1101.27|1018.64|125.04|59.34|8.75|8.7|103.92|50.62|24.49|14.39|0.11|0.24|256.77|1101.57|1035.39|94.98|
|兆易创新|603986.SH|2021-12-28|1141.45|1055.8|129.61|61.5|9.07|9.02|107.71|52.47|25.38|14.91|0.11|0.23|266.14|1141.75|1075.57|98.67|
|兆易创新|603986.SH|2021-12-27|1119.29|1035.31|127.09|60.31|8.89|8.84|105.62|51.45|24.89|14.63|0.11|0.24|260.97|1119.59|1053.41|96.63|
|兆易创新|603986.SH|2021-12-24|1160.6|1073.52|131.78|62.53|9.22|9.17|109.52|53.35|25.81|15.17|0.11|0.23|270.6|1160.91|1094.73|100.42|
|兆易创新|603986.SH|2021-12-23|1144.28|1058.83|129.93|61.65|9.09|9.04|107.98|52.6|25.45|14.95|0.11|0.23|266.79|1144.58|1078.4|98.93|
|兆易创新|603986.SH|2021-12-22|1141.41|1056.17|129.6|61.5|9.07|9.02|107.71|52.47|25.38|14.91|0.11|0.23|266.13|1141.71|1075.53|98.66|
|兆易创新|603986.SH|2021-12-21|1109.05|1026.23|125.93|59.76|8.81|8.76|104.66|50.98|24.66|14.49|0.11|0.24|258.58|1109.35|1043.17|95.69|
|兆易创新|603986.SH|2021-12-20|1090.7|1009.25|123.84|58.77|8.67|8.62|102.92|50.14|24.25|14.25|0.11|0.24|254.3|1091.01|1024.82|94.01|
|兆易创新|603986.SH|2021-12-17|1115.12|1031.85|126.62|60.08|8.86|8.81|105.23|51.26|24.8|14.57|0.11|0.24|260|1115.42|1049.24|96.25|
|兆易创新|603986.SH|2021-12-16|1140.34|1055.19|129.48|61.44|9.06|9.01|107.61|52.42|25.36|14.9|0.11|0.23|265.88|1140.64|1074.46|98.56|
|兆易创新|603986.SH|2021-12-15|1137.34|1052.41|129.14|61.28|9.04|8.98|107.33|52.28|25.29|14.86|0.11|0.23|265.18|1137.64|1071.46|98.29|
|兆易创新|603986.SH|2021-12-14|1151.21|1065.25|130.72|62.03|9.15|9.09|108.63|52.92|25.6|15.04|0.11|0.23|268.41|1151.52|1085.34|99.56|
|兆易创新|603986.SH|2021-12-13|1163.56|1076.67|132.12|62.69|9.25|9.19|109.8|53.49|25.87|15.2|0.1|0.23|271.29|1163.86|1097.68|100.69|
|兆易创新|603986.SH|2021-12-10|1166.76|1079.63|132.48|62.87|9.27|9.22|110.1|53.63|25.95|15.25|0.1|0.23|272.04|1167.06|1100.88|100.99|
|兆易创新|603986.SH|2021-12-09|1201.65|1111.92|136.44|64.75|9.55|9.49|113.39|55.24|26.72|15.7|0.1|0.22|280.17|1201.96|1135.77|104.19|
|兆易创新|603986.SH|2021-12-08|1204.59|1114.64|136.78|64.9|9.57|9.51|113.67|55.37|26.79|15.74|0.1|0.22|280.86|1204.89|1138.71|104.46|
|兆易创新|603986.SH|2021-12-07|1140.87|1055.68|129.54|61.47|9.07|9.01|107.66|52.44|25.37|14.91|0.11|0.23|266|1141.18|1075|98.61|
|兆易创新|603986.SH|2021-12-06|1151.68|1065.68|130.77|62.05|9.15|9.1|108.68|52.94|25.61|15.05|0.11|0.23|268.52|1151.99|1085.8|99.6|
|兆易创新|603986.SH|2021-12-03|1177.5|1089.57|133.7|63.44|9.36|9.3|111.12|54.13|26.18|15.39|0.1|0.23|274.54|1177.81|1111.62|101.97|
|兆易创新|603986.SH|2021-12-02|1132.8|1048.21|128.62|61.04|9|8.95|106.9|52.07|25.19|14.8|0.11|0.23|264.12|1133.1|1066.92|97.87|
|兆易创新|603986.SH|2021-12-01|1105.25|1022.71|125.5|59.55|8.78|8.73|104.3|50.81|24.58|14.44|0.11|0.24|257.69|1105.55|1039.37|95.34|
|兆易创新|603986.SH|2021-11-30|1004.77|929.74|114.09|54.14|7.98|7.94|94.82|46.19|22.34|13.13|0.12|0.26|234.27|1005.07|938.89|86.13|
|兆易创新|603986.SH|2021-11-29|1002.3|927.45|113.81|54|7.96|7.92|94.58|46.07|22.29|13.1|0.12|0.27|233.69|1002.6|936.42|85.9|
|兆易创新|603986.SH|2021-11-26|1014.04|938.32|115.14|54.64|8.06|8.01|95.69|46.61|22.55|13.25|0.12|0.26|236.43|1014.35|948.16|86.98|
|兆易创新|603986.SH|2021-11-25|1043|965.11|118.43|56.2|8.29|8.24|98.42|47.95|23.19|13.63|0.12|0.25|243.18|1043.3|977.12|89.63|
|兆易创新|603986.SH|2021-11-24|1040.93|963.2|118.19|56.09|8.27|8.22|98.23|47.85|23.15|13.6|0.12|0.26|242.7|1041.23|975.05|89.45|
|兆易创新|603986.SH|2021-11-23|1081.89|1001.1|122.84|58.29|8.6|8.55|102.09|49.73|24.06|14.14|0.11|0.25|252.25|1082.2|1016.02|93.2|
|兆易创新|603986.SH|2021-11-22|1103.91|1021.48|125.34|59.48|8.77|8.72|104.17|50.75|24.55|14.42|0.11|0.24|257.38|1104.22|1038.03|95.22|
|兆易创新|603986.SH|2021-11-19|1062.81|983.45|120.68|57.27|8.44|8.39|100.29|48.86|23.63|13.89|0.11|0.25|247.8|1063.12|996.94|91.45|
|兆易创新|603986.SH|2021-11-18|1058.08|979.07|120.14|57.01|8.41|8.36|99.85|48.64|23.53|13.83|0.12|0.25|246.7|1058.38|992.2|91.02|
|兆易创新|603986.SH|2021-11-17|1080.29|999.62|122.66|58.21|8.58|8.53|101.94|49.66|24.02|14.12|0.11|0.25|251.88|1080.6|1014.42|93.06|
|兆易创新|603986.SH|2021-11-16|1088.7|1007.4|123.62|58.66|8.65|8.6|102.74|50.05|24.21|14.23|0.11|0.24|253.84|1089|1022.82|93.83|
|兆易创新|603986.SH|2021-11-15|1112.72|1029.63|126.34|59.95|8.84|8.79|105|51.15|24.74|14.54|0.11|0.24|259.44|1113.02|1046.84|96.03|
|兆易创新|603986.SH|2021-11-12|1085.96|1004.87|123.31|58.51|8.63|8.58|102.48|49.92|24.15|14.19|0.11|0.24|253.2|1086.27|1020.09|93.58|
|兆易创新|603986.SH|2021-11-11|1097.91|1015.92|124.66|59.16|8.72|8.67|103.6|50.47|24.41|14.35|0.11|0.24|255.98|1098.21|1032.03|94.67|
|兆易创新|603986.SH|2021-11-10|1108.85|1026.05|125.91|59.75|8.81|8.76|104.64|50.97|24.66|14.49|0.11|0.24|258.53|1109.15|1042.97|95.68|
|兆易创新|603986.SH|2021-11-09|1093.8|1011.94|124.2|58.93|8.69|8.69|103.22|50.28|24.32|14.29|0.11|0.24|255.03|1094.1|1027.92|94.29|
|兆易创新|603986.SH|2021-11-08|1078.42|997.71|122.45|58.11|8.57|8.57|101.77|49.57|23.98|14.09|0.11|0.25|251.44|1078.72|1012.54|92.88|
|兆易创新|603986.SH|2021-11-05|1113.84|1030.48|126.47|60.01|8.85|8.85|105.11|51.2|24.77|14.55|0.11|0.24|259.7|1114.14|1047.96|96.13|
|兆易创新|603986.SH|2021-11-04|1111.77|1028.57|126.24|59.9|8.83|8.83|104.91|51.11|24.72|14.53|0.11|0.24|259.22|1112.08|1045.89|95.94|
|兆易创新|603986.SH|2021-11-03|1123.76|1039.66|127.6|60.55|8.93|8.93|106.04|51.66|24.99|14.68|0.11|0.24|262.01|1124.06|1057.88|97.04|
|兆易创新|603986.SH|2021-11-02|1145.06|1059.37|130.02|61.7|9.1|9.1|108.05|52.64|25.46|14.96|0.11|0.23|266.98|1145.36|1079.18|99|
|兆易创新|603986.SH|2021-11-01|1139|1053.76|129.33|61.37|9.05|9.05|107.48|52.36|25.33|14.88|0.11|0.23|265.56|1139.31|1073.12|98.44|
|兆易创新|603986.SH|2021-10-29|1128.48|1044.03|128.13|60.8|8.97|8.97|106.49|51.87|25.09|14.75|0.11|0.24|263.11|1128.79|1062.6|97.48|
|兆易创新|603986.SH|2021-10-28|1093.8|1011.94|124.2|58.93|8.69|8.69|103.22|50.28|24.32|14.29|0.11|0.24|255.03|1094.1|1027.92|94.29|
|兆易创新|603986.SH|2021-10-27|1048.93|970.43|119.1|80.49|9.26|9.23|98.98|58.58|23.33|16.19|0.12|0.25|1132.64|1049.18|989.86|90.8|
|兆易创新|603986.SH|2021-10-26|1051.92|973.2|119.44|80.72|9.29|9.26|99.27|58.75|23.39|16.23|0.12|0.25|1135.87|1052.17|992.85|91.08|
|兆易创新|603986.SH|2021-10-25|1015.91|939.88|115.35|77.96|8.97|8.94|95.87|56.74|22.59|15.68|0.12|0.26|1096.98|1016.16|956.84|87.77|
|兆易创新|603986.SH|2021-10-22|1027.89|950.97|116.71|78.88|9.07|9.05|97|57.41|22.86|15.86|0.12|0.26|1109.92|1028.14|968.82|88.87|
|兆易创新|603986.SH|2021-10-21|976.56|903.48|110.88|74.94|8.62|8.59|92.15|54.54|21.72|15.07|0.12|0.27|1054.5|976.81|917.49|84.17|
|兆易创新|603986.SH|2021-10-20|977.56|904.4|111|75.01|8.63|8.6|92.25|54.59|21.74|15.09|0.12|0.27|1055.57|977.81|918.49|84.26|
|兆易创新|603986.SH|2021-10-19|988.28|914.32|112.21|75.84|8.72|8.7|93.26|55.19|21.98|15.25|0.12|0.27|1067.15|988.53|929.21|85.24|
|兆易创新|603986.SH|2021-10-18|994|919.62|112.86|76.27|8.77|8.75|93.8|55.51|22.1|15.34|0.12|0.27|1073.33|994.25|934.94|85.77|
|兆易创新|603986.SH|2021-10-15|1035.48|957.99|117.57|79.46|9.14|9.11|97.71|57.83|23.03|15.98|0.12|0.26|1118.11|1035.73|976.41|89.57|
|兆易创新|603986.SH|2021-10-14|972.77|899.97|110.45|74.65|8.59|8.56|91.8|54.33|21.63|15.01|0.13|0.27|1050.4|973.02|913.7|83.82|
|兆易创新|603986.SH|2021-10-13|967.04|894.67|109.8|74.21|8.54|8.51|91.26|54.01|21.5|14.92|0.13|0.27|1044.22|967.29|907.97|83.29|
|兆易创新|603986.SH|2021-10-12|946.34|875.52|107.45|72.62|8.35|8.33|89.3|52.85|21.04|14.6|0.13|0.28|1021.86|946.59|887.27|81.39|
|兆易创新|603986.SH|2021-10-11|980.96|907.55|111.38|75.27|8.66|8.63|92.57|54.78|21.81|15.14|0.12|0.27|1059.24|981.21|921.89|84.57|
|兆易创新|603986.SH|2021-10-08|996.6|922.02|113.16|76.47|8.8|8.77|94.04|55.66|22.16|15.38|0.12|0.27|1076.13|996.85|937.53|86|
|兆易创新|603986.SH|2021-09-30|965.24|893.01|109.6|74.07|8.52|8.49|91.09|53.91|21.46|14.9|0.13|0.28|1042.27|965.49|906.18|83.13|
|兆易创新|603986.SH|2021-09-29|978.89|905.64|111.15|75.12|8.64|8.61|92.37|54.67|21.77|15.11|0.12|0.27|1057.01|979.14|919.82|84.38|
|兆易创新|603986.SH|2021-09-28|1017.97|941.79|115.59|78.11|8.99|8.96|96.06|56.85|22.64|15.71|0.12|0.26|1099.21|1018.22|958.9|87.96|
|兆易创新|603986.SH|2021-09-27|966.58|894.24|109.75|74.17|8.53|8.51|91.21|53.98|21.49|14.92|0.13|0.27|1043.71|966.83|907.51|83.25|
|兆易创新|603986.SH|2021-09-24|999.93|925.1|113.54|76.73|8.83|8.8|94.36|55.84|22.24|15.43|0.12|0.27|1079.73|1000.18|940.86|86.31|
|兆易创新|603986.SH|2021-09-23|1002.66|927.62|113.85|76.94|8.85|8.82|94.62|56|22.3|15.47|0.12|0.27|1082.67|1002.91|943.59|86.56|
|兆易创新|603986.SH|2021-09-22|993.87|919.49|112.85|76.26|8.77|8.75|93.79|55.51|22.1|15.34|0.12|0.27|1073.19|994.12|934.8|85.75|
|兆易创新|603986.SH|2021-09-17|1006.92|931.57|114.33|77.27|8.89|8.86|95.02|56.23|22.39|15.54|0.12|0.26|1087.28|1007.17|947.85|86.95|
|兆易创新|603986.SH|2021-09-16|984.62|909.93|111.8|75.55|8.69|8.69|92.91|54.99|21.9|15.19|0.12|0.27|1063.19|984.87|925.55|84.9|
|兆易创新|603986.SH|2021-09-15|1008.92|932.39|114.56|77.42|8.91|8.91|95.21|56.35|22.44|15.57|0.12|0.26|1089.43|1009.17|949.85|87.13|
|兆易创新|603986.SH|2021-09-14|1029.49|951.4|116.89|79|9.09|9.09|97.15|57.49|22.89|15.89|0.12|0.26|1111.64|1029.74|970.42|89.02|
|兆易创新|603986.SH|2021-09-13|1033.88|955.46|117.39|79.33|9.13|9.13|97.56|57.74|22.99|15.96|0.12|0.26|1116.39|1034.13|974.81|89.42|
|兆易创新|603986.SH|2021-09-10|1064.51|983.76|120.87|81.68|9.4|9.4|100.45|59.45|23.67|16.43|0.11|0.25|1149.46|1064.76|1005.44|92.23|
|兆易创新|603986.SH|2021-09-09|1024.71|949|116.35|78.63|9.05|9.05|96.7|57.23|22.79|15.81|0.12|0.26|1106.48|1024.96|965.64|88.58|
|兆易创新|603986.SH|2021-09-08|1036.33|959.77|117.67|79.52|9.15|9.15|97.79|57.88|23.05|15.99|0.12|0.26|1119.03|1036.58|977.26|89.65|
|兆易创新|603986.SH|2021-09-07|1036.33|959.77|117.67|79.52|9.15|9.15|97.79|57.88|23.05|15.99|0.12|0.26|1119.03|1036.58|977.26|89.65|
|兆易创新|603986.SH|2021-09-06|1013.48|938.6|115.08|77.77|8.95|8.95|95.64|56.6|22.54|15.64|0.12|0.26|1094.36|1013.73|954.41|87.55|
|兆易创新|603986.SH|2021-09-03|982.32|909.75|111.54|75.38|8.67|8.67|92.7|54.86|21.84|15.16|0.12|0.27|1060.72|982.57|923.25|84.69|
|兆易创新|603986.SH|2021-09-02|973.16|901.26|110.5|74.67|8.59|8.59|91.83|54.35|21.64|15.02|0.13|0.27|1050.82|973.4|914.09|83.85|
|兆易创新|603986.SH|2021-09-01|1020.72|945.31|115.9|78.32|9.01|9.01|96.32|57.01|22.7|15.75|0.12|0.26|1102.18|1020.97|961.65|88.22|
|兆易创新|603986.SH|2021-08-31|1016.73|941.62|115.45|78.02|8.97|8.97|95.94|56.78|22.61|15.69|0.12|0.26|1097.87|1016.98|957.67|87.85|
|兆易创新|603986.SH|2021-08-30|1129.73|1046.27|128.28|86.69|9.97|9.97|106.61|63.09|25.12|17.43|0.11|0.24|1219.89|1129.98|1070.67|98.22|
|兆易创新|603986.SH|2021-08-27|1165.59|1079.46|132.35|114.94|10.55|10.8|109.99|74.48|25.92|22.01|0.1|0.23|9106.42|1165.72|1108.72|101.71|
|兆易创新|603986.SH|2021-08-26|1115.78|1033.33|126.69|110.03|10.1|10.34|105.29|71.3|24.81|21.07|0.11|0.24|8717.26|1115.91|1058.91|97.14|
|兆易创新|603986.SH|2021-08-25|1138.03|1053.93|129.22|112.22|10.3|10.55|107.39|72.72|25.31|21.49|0.11|0.23|8891.08|1138.16|1081.16|99.18|
|兆易创新|603986.SH|2021-08-24|1186.05|1098.4|134.67|116.96|10.73|10.99|111.92|75.79|26.37|22.4|0.1|0.22|9266.24|1186.18|1129.17|103.58|
|兆易创新|603986.SH|2021-08-23|1100.84|1019.49|125|108.56|9.96|10.2|103.88|70.34|24.48|20.79|0.11|0.24|8600.51|1100.97|1043.96|95.77|
|兆易创新|603986.SH|2021-08-20|1116.38|1033.88|126.76|110.09|10.1|10.35|105.35|71.34|24.83|21.08|0.11|0.24|8721.93|1116.51|1059.5|97.19|
|兆易创新|603986.SH|2021-08-19|1109.27|1027.3|125.95|109.39|10.04|10.28|104.68|70.88|24.67|20.95|0.11|0.24|8666.41|1109.4|1052.4|96.54|
|兆易创新|603986.SH|2021-08-18|1107.81|1025.95|125.79|109.24|10.03|10.27|104.54|70.79|24.64|20.92|0.11|0.24|8654.99|1107.94|1050.94|96.41|
|兆易创新|603986.SH|2021-08-17|1087.35|1007|123.46|107.23|9.84|10.08|102.61|69.48|24.18|20.53|0.11|0.24|8495.17|1087.48|1030.48|94.53|
|兆易创新|603986.SH|2021-08-16|1158.95|1073.31|131.59|114.29|10.49|10.74|109.36|74.06|25.77|21.89|0.11|0.23|9054.53|1159.08|1102.08|101.1|
|兆易创新|603986.SH|2021-08-13|1145.07|1060.45|130.02|112.92|10.36|10.61|108.06|73.17|25.46|21.62|0.11|0.23|8946.08|1145.2|1088.2|99.82|
|兆易创新|603986.SH|2021-08-12|1250.4|1158|141.98|123.3|11.32|11.59|118|79.9|27.81|23.61|0.1|0.21|9769.04|1250.53|1193.53|109.49|
|兆易创新|603986.SH|2021-08-11|1235.39|1144.1|140.27|121.82|11.18|11.45|116.58|78.94|27.47|23.33|0.1|0.21|9651.77|1235.52|1178.52|108.11|
|兆易创新|603986.SH|2021-08-10|1214.67|1124.91|137.92|119.78|10.99|11.26|114.62|77.62|27.01|22.94|0.1|0.22|9489.88|1214.8|1157.8|106.21|
|兆易创新|603986.SH|2021-08-09|1260.17|1167.05|143.09|124.27|11.41|11.68|118.92|80.53|28.02|23.8|0.1|0.21|9845.31|1260.3|1203.29|110.38|
|兆易创新|603986.SH|2021-08-06|1301.74|1205.55|147.81|128.37|11.78|12.06|122.84|83.18|28.95|24.58|0.09|0.2|10170.13|1301.87|1244.87|114.2|
|兆易创新|603986.SH|2021-08-05|1318.75|1221.3|149.74|130.04|11.94|12.22|124.44|84.27|29.33|24.9|0.09|0.2|10302.97|1318.88|1261.87|115.76|
|兆易创新|603986.SH|2021-08-04|1337.28|1238.46|151.84|131.87|12.1|12.39|126.19|85.45|29.74|25.25|0.09|0.2|10447.74|1337.41|1280.4|117.46|
|兆易创新|603986.SH|2021-08-03|1315.03|1217.85|149.32|129.68|11.9|12.19|124.09|84.03|29.24|24.83|0.09|0.2|10273.91|1315.16|1258.15|115.42|
|兆易创新|603986.SH|2021-08-02|1461.14|1353.17|165.91|144.09|13.22|13.54|137.88|93.37|32.49|27.59|0.08|0.18|11415.46|1461.27|1404.27|128.82|
|兆易创新|603986.SH|2021-07-30|1527.89|1414.98|173.49|150.67|13.83|14.16|144.18|97.63|33.98|28.85|0.08|0.17|11936.93|1528.02|1471.02|134.94|
|兆易创新|603986.SH|2021-07-29|1427.34|1321.86|162.07|140.75|12.92|13.23|134.69|91.21|31.74|26.95|0.09|0.19|11151.34|1427.46|1370.46|125.72|
|兆易创新|603986.SH|2021-07-28|1340.86|1241.78|152.25|132.22|12.14|12.43|126.53|85.68|29.82|25.32|0.09|0.2|10475.76|1340.99|1283.99|117.78|
|兆易创新|603986.SH|2021-07-27|1365.64|1264.72|155.06|134.67|12.36|12.66|128.87|87.27|30.37|25.79|0.09|0.19|10669.3|1365.76|1308.76|120.06|
|兆易创新|603986.SH|2021-07-26|1332.03|1233.6|151.25|131.35|12.06|12.34|125.7|85.12|29.62|25.15|0.09|0.2|10406.74|1332.16|1275.16|116.97|
|兆易创新|603986.SH|2021-07-23|1301.81|1205.61|147.82|128.37|11.78|12.06|122.85|83.19|28.95|24.58|0.09|0.2|10170.65|1301.94|1244.94|114.2|
|兆易创新|603986.SH|2021-07-22|1259.84|1166.74|143.05|124.23|11.4|11.67|118.88|80.5|28.02|23.79|0.1|0.21|9842.72|1259.97|1202.96|110.35|
|兆易创新|603986.SH|2021-07-21|1222.31|1131.99|138.79|120.53|11.06|11.33|115.34|78.11|27.18|23.08|0.1|0.22|9549.55|1222.44|1165.44|106.91|
|兆易创新|603986.SH|2021-07-20|1147.66|1062.85|130.31|113.17|10.39|10.64|108.3|73.34|25.52|21.67|0.11|0.23|8966.32|1147.79|1090.79|100.06|
|兆易创新|603986.SH|2021-07-19|1136.9|1052.89|129.09|112.11|10.29|10.54|107.28|72.65|25.28|21.47|0.11|0.23|8882.26|1137.03|1080.03|99.07|
|兆易创新|603986.SH|2021-07-16|1112.79|1030.56|126.35|109.73|10.07|10.31|105.01|71.11|24.75|21.01|0.11|0.24|8693.91|1112.92|1055.92|96.86|
|兆易创新|603986.SH|2021-07-15|1154.5|1069.19|131.09|113.85|10.45|10.7|108.94|73.77|25.67|21.8|0.11|0.23|9019.77|1154.63|1097.63|100.69|
|兆易创新|603986.SH|2021-07-14|1161.61|1075.77|131.9|114.55|10.51|10.76|109.62|74.23|25.83|21.94|0.1|0.23|9075.29|1161.74|1104.73|101.34|
|兆易创新|603986.SH|2021-07-13|1186.78|1099.08|134.75|117.03|10.74|11|111.99|75.84|26.39|22.41|0.1|0.22|9271.94|1186.91|1129.91|103.65|
|兆易创新|603986.SH|2021-07-12|1275.18|1180.95|144.79|125.75|11.54|11.82|120.33|81.48|28.36|24.08|0.1|0.21|9962.58|1275.31|1218.3|111.76|
|兆易创新|603986.SH|2021-07-09|1255.25|1162.49|142.53|123.78|11.36|11.63|118.45|80.21|27.91|23.7|0.1|0.21|9806.91|1255.38|1198.38|109.93|
|兆易创新|603986.SH|2021-07-08|1269.8|1175.96|144.18|125.22|11.49|11.77|119.83|81.14|28.24|23.98|0.1|0.21|9920.55|1269.93|1212.92|111.27|
|兆易创新|603986.SH|2021-07-07|1214.74|1124.97|137.93|119.79|10.99|11.26|114.63|77.62|27.01|22.94|0.1|0.22|9490.39|1214.87|1157.87|106.22|
|兆易创新|603986.SH|2021-07-06|1187.51|1099.76|134.84|117.1|10.75|11|112.06|75.88|26.41|22.43|0.1|0.22|9277.65|1187.64|1130.64|103.72|
|兆易创新|603986.SH|2021-07-05|1270.4|1176.52|144.25|125.28|11.5|11.77|119.88|81.18|28.25|23.99|0.1|0.21|9925.22|1270.53|1213.52|111.32|
|兆易创新|603986.SH|2021-07-02|1184.12|1096.62|134.45|116.77|10.72|10.97|111.74|75.67|26.33|22.36|0.1|0.22|9251.19|1184.25|1127.25|103.41|
|兆易创新|603986.SH|2021-07-01|1226.56|1135.92|139.27|120.95|11.1|11.37|115.75|78.38|27.28|23.16|0.1|0.22|9582.76|1226.69|1169.69|107.3|
|兆易创新|603986.SH|2021-06-30|1247.95|1155.73|141.7|123.06|11.3|11.56|117.76|79.74|27.75|23.57|0.1|0.21|9749.84|1248.08|1191.07|109.26|
|兆易创新|603986.SH|2021-06-29|1160.61|1074.85|131.78|114.45|10.5|10.76|109.52|74.16|25.81|21.92|0.11|0.23|9067.5|1160.74|1103.74|101.25|
|兆易创新|603986.SH|2021-06-28|1186.05|1098.4|134.67|116.96|10.73|10.99|111.92|75.79|26.37|22.4|0.1|0.22|9266.24|1186.18|1129.17|103.58|
|兆易创新|603986.SH|2021-06-25|1135.71|1051.78|128.95|111.99|10.28|10.52|107.17|72.57|25.26|21.45|0.11|0.23|8872.92|1135.83|1078.83|98.97|
|兆易创新|603986.SH|2021-06-24|1148.59|1063.71|130.42|113.26|10.4|10.64|108.39|73.4|25.54|21.69|0.11|0.23|8973.59|1148.72|1091.72|100.15|
|兆易创新|603986.SH|2021-06-23|1149.98|1065|130.58|113.4|10.41|10.66|108.52|73.48|25.57|21.72|0.11|0.23|8984.48|1150.11|1093.11|100.28|
|兆易创新|603986.SH|2021-06-22|1097.58|1016.48|124.63|108.23|9.93|10.17|103.57|70.14|24.41|20.73|0.11|0.24|8575.08|1097.71|1040.71|95.47|
|兆易创新|603986.SH|2021-06-21|1055.21|977.23|119.81|104.06|9.55|9.78|99.58|67.43|23.47|19.93|0.12|0.25|8244.03|1055.34|998.34|91.58|
|兆易创新|603986.SH|2021-06-18|1049.37|971.82|119.15|103.48|9.5|9.72|99.02|67.06|23.34|19.82|0.12|0.25|8198.37|1049.49|992.49|91.04|
|兆易创新|603986.SH|2021-06-17|988.26|915.23|112.21|97.45|8.94|9.16|93.26|63.15|21.98|18.66|0.12|0.27|7721|988.39|931.39|85.44|
|兆易创新|603986.SH|2021-06-16|898.4|832.01|102.01|88.59|8.13|8.33|84.78|57.41|19.98|16.97|0.14|0.3|7018.95|898.53|841.53|77.2|
|兆易创新|603986.SH|2021-06-15|915.67|848.01|103.97|90.3|8.29|8.49|86.41|58.51|20.36|17.29|0.13|0.29|7153.86|915.8|858.8|78.78|
|兆易创新|603986.SH|2021-06-11|936.46|867.26|106.33|92.35|8.48|8.68|88.37|59.84|20.82|17.68|0.13|0.28|7316.27|936.59|879.59|80.69|
|兆易创新|603986.SH|2021-06-10|940.44|870.95|106.78|92.74|8.51|8.71|88.75|60.1|20.91|17.76|0.13|0.28|7347.4|940.57|883.57|81.05|
|兆易创新|603986.SH|2021-06-09|934.4|865.35|106.1|92.14|8.46|8.66|88.17|59.71|20.78|17.65|0.13|0.28|7300.18|934.53|877.53|80.5|
|兆易创新|603986.SH|2021-06-08|931.08|862.28|105.72|91.81|8.43|8.63|87.86|59.5|20.7|17.58|0.13|0.29|7274.24|931.21|874.21|80.19|
|兆易创新|603986.SH|2021-06-07|955.65|885.03|108.51|94.24|8.65|8.86|90.18|61.07|21.25|18.05|0.13|0.28|7466.23|955.78|898.78|82.45|
|兆易创新|603986.SH|2021-06-04|947.22|877.22|107.55|93.41|8.57|8.78|89.38|60.53|21.06|17.89|0.13|0.28|7400.33|947.35|890.34|81.67|
|兆易创新|603986.SH|2021-06-03|916.53|848.81|104.07|90.38|8.3|8.49|86.49|58.57|20.38|17.31|0.13|0.29|7160.6|916.66|859.66|78.86|
|兆易创新|603986.SH|2021-06-02|918.73|850.84|104.32|90.6|8.32|8.51|86.7|58.71|20.43|17.35|0.13|0.29|7177.73|918.86|861.85|79.06|
|兆易创新|603986.SH|2021-06-01|903.78|837|102.62|89.12|8.18|8.38|85.29|57.75|20.1|17.07|0.14|0.29|7060.98|903.91|846.91|77.69|
|兆易创新|603986.SH|2021-05-31|898.4|832.01|102.01|88.59|8.13|8.33|84.78|57.41|19.98|16.97|0.14|0.3|7018.95|898.53|841.53|77.2|
|兆易创新|603986.SH|2021-05-28|886.65|821.13|100.67|87.43|8.03|8.22|83.67|56.66|19.72|16.74|0.14|0.3|6927.11|886.78|829.77|76.12|
|兆易创新|603986.SH|2021-05-27|889.17|823.46|100.96|87.68|8.05|8.24|83.91|56.82|19.77|16.79|0.14|0.3|6946.82|889.3|832.3|76.35|
|兆易创新|603986.SH|2021-05-26|860.74|797.14|97.73|84.88|7.79|7.98|81.22|55|19.14|16.25|0.14|0.31|6724.74|860.87|803.87|73.74|
|兆易创新|603986.SH|2021-05-25|865.73|801.75|98.3|85.37|7.84|8.02|81.69|55.32|19.25|16.35|0.14|0.31|6763.66|865.86|808.85|74.2|
|兆易创新|603986.SH|2021-05-24|795.13|736.37|90.28|78.41|7.2|7.37|75.03|50.81|17.68|15.02|0.15|0.33|6212.08|795.26|738.25|67.72|
|兆易创新|603986.SH|2021-05-21|808.94|535.12|91.85|79.77|7.32|7.5|76.34|51.69|17.99|15.28|0.15|0.33|6320.01|809.07|752.07|68.99|
|兆易创新|603986.SH|2021-05-20|825.26|764.28|93.7|81.38|7.47|7.46|77.88|52.73|18.35|15.58|0.15||6447.51|825.39|768.39|70.49|
|兆易创新|603986.SH|2021-05-19|831.14|769.72|94.37|81.96|7.52|7.52|78.43|53.11|18.48|15.7|0.15||6493.47|831.27|774.27|71.03|
|兆易创新|603986.SH|2021-05-18|820.52|759.88|93.17|80.91|7.43|7.42|77.43|52.43|18.25|15.49|0.15||6410.45|820.65|763.64|70.05|
|兆易创新|603986.SH|2021-05-17|825.92|764.89|93.78|81.45|7.48|7.47|77.94|52.78|18.37|15.6|0.15||6452.7|826.05|769.05|70.55|
|兆易创新|603986.SH|2021-05-14|815.44|755.18|92.59|80.41|7.38|7.38|76.95|52.11|18.13|15.4|0.15||6370.79|815.57|758.57|69.59|
|兆易创新|603986.SH|2021-05-13|794.14|735.46|90.17|78.31|7.19|7.18|74.94|50.75|17.66|15|0.15||6204.37|794.27|737.27|67.63|
|兆易创新|603986.SH|2021-05-12|806.52|746.92|91.58|79.53|7.3|7.29|76.11|51.54|17.94|15.23|0.15||6301.11|806.65|749.65|68.77|
|兆易创新|603986.SH|2021-05-11|787.74|729.52|89.44|77.68|7.13|7.12|74.33|50.34|17.52|14.88|0.15||6154.34|787.86|730.86|67.04|
|兆易创新|603986.SH|2021-05-10|803.91|744.51|91.28|79.27|7.28|7.27|75.86|51.37|17.88|15.18|0.15||6280.72|804.04|747.04|68.53|
|兆易创新|603986.SH|2021-05-07|844.19|781.81|95.85|83.25|7.64|7.63|79.66|53.94|18.77|15.94|0.14||6595.39|844.32|787.32|72.22|
|兆易创新|603986.SH|2021-05-06|888.92|823.24|100.93|87.66|8.05|8.04|83.88|56.8|19.77|16.79|0.14|0.14|6944.9|889.05|832.05|76.33|
|兆易创新|603986.SH|2021-04-30|916.68|848.94|104.08|90.39|8.3|8.29|86.5|58.58|20.38|17.31|0.13|0.13|7161.72|916.81|859.8|78.87|
|兆易创新|603986.SH|2021-04-29|919.38|851.44|104.39|90.66|8.32|8.32|86.76|58.75|20.44|17.36|0.13|0.13|7182.84|919.51|862.51|79.12|
|兆易创新|603986.SH|2021-04-28|928.73|860.1|105.45|91.58|8.41|8.4|87.64|59.35|20.65|17.54|0.13|0.13|7255.86|928.86|871.85|79.98|
|兆易创新|603986.SH|2021-04-27|882.33|817.13|100.18|100.18|8.25|8.24|83.26|83.26|19.62|19.62|0.14|0.14|-6206|882.33|808.71|74.19|
|兆易创新|603986.SH|2021-04-26|873.13|808.61|99.14|99.14|8.16|8.16|82.39|82.39|19.42|19.42|0.14|0.14|-6141.27|873.13|799.51|73.34|
|兆易创新|603986.SH|2021-04-23|830.53|769.15|94.3|94.3|7.77|7.76|78.37|78.37|18.47|18.47|0.15|0.15|-5841.63|830.53|756.9|69.43|
|兆易创新|603986.SH|2021-04-22|809.79|749.95|91.95|91.95|7.57|7.57|76.42|76.42|18.01|18.01|0.15|0.15|-5695.81|809.79|736.17|67.53|
|兆易创新|603986.SH|2021-04-21|808.18|748.16|91.77|91.77|7.56|7.56|76.26|76.26|17.97|17.97|0.15|0.15|-5684.47|808.18|734.56|67.38|
|兆易创新|603986.SH|2021-04-20|815.01|754.49|92.54|92.54|7.62|7.62|76.91|76.91|18.12|18.12|0.15|0.15|-5732.52|815.01|741.39|68.01|
|兆易创新|603986.SH|2021-04-19|809.32|749.22|91.89|91.89|7.57|7.57|76.37|76.37|18|18|0.15|0.15|-5692.48|809.32|735.7|67.49|
|兆易创新|603986.SH|2021-04-16|825.45|764.15|136.01|99.43|7.88|7.88|85.33|93.65|25.77|19.78|0.15|0.15|-7567.73|826.3|755.88|101.45|
|兆易创新|603986.SH|2021-04-15|859.13|795.33|141.56|103.49|8.2|8.2|88.81|97.47|26.82|20.59|0.14|0.14|-7876.53|859.98|789.56|105.97|
|兆易创新|603986.SH|2021-04-14|866.77|802.4|142.81|104.41|8.27|8.27|89.6|98.34|27.06|20.77|0.14|0.14|-7946.55|867.62|797.2|106.99|
|兆易创新|603986.SH|2021-04-13|855.34|791.81|140.93|103.03|8.16|8.16|88.42|97.04|26.7|20.5|0.14|0.14|-7841.73|856.18|785.76|105.46|
|兆易创新|603986.SH|2021-04-12|872.42|807.62|143.74|105.09|8.33|8.32|90.19|98.98|27.24|20.91|0.14|0.14|-7998.31|873.26|802.84|107.75|
|兆易创新|603986.SH|2021-04-09|863.4|799.28|142.26|104|8.24|8.24|89.25|97.96|26.96|20.69|0.14|0.14|-7915.67|864.25|793.83|106.54|
|兆易创新|603986.SH|2021-04-08|864.35|800.16|142.42|104.12|8.25|8.25|89.35|98.06|26.99|20.71|0.14|0.14|-7924.37|865.2|794.78|106.67|
|兆易创新|603986.SH|2021-04-07|864.45|800.25|142.43|104.13|8.25|8.25|89.36|98.07|26.99|20.72|0.14|0.14|-7925.24|865.29|794.87|106.68|
|兆易创新|603986.SH|2021-04-06|854.15|790.72|140.73|102.89|8.15|8.15|88.3|96.91|26.67|20.47|0.14|0.14|-7830.86|855|784.58|105.3|
|兆易创新|603986.SH|2021-04-02|865.82|801.52|142.66|104.29|8.26|8.26|89.5|98.23|27.03|20.75|0.14|0.14|-7937.85|866.67|796.25|106.86|
|兆易创新|603986.SH|2021-04-01|830.34|768.67|136.81|100.02|7.92|7.92|85.84|94.2|25.92|19.9|0.15|0.15|-7612.53|831.18|760.76|102.1|
|兆易创新|603986.SH|2021-03-31|810.65|750.45|133.57|97.65|7.74|7.73|83.8|91.97|25.31|19.43|0.15|0.15|-7432.03|811.49|741.08|99.46|
|兆易创新|603986.SH|2021-03-30|802.25|742.67|132.18|96.64|7.66|7.65|82.93|91.02|25.05|19.23|0.15|0.15|-7355.05|803.1|732.68|98.33|
|兆易创新|603986.SH|2021-03-29|817.62|756.9|134.72|98.49|7.8|7.8|84.52|92.76|25.53|19.59|0.15|0.15|-7495.97|818.47|748.05|100.4|
|兆易创新|603986.SH|2021-03-26|810.89|750.67|133.61|97.68|7.74|7.74|83.83|92|25.32|19.43|0.15|0.15|-7434.21|811.73|741.31|99.49|
|兆易创新|603986.SH|2021-03-25|805.24|745.44|132.68|97|7.69|7.68|83.24|91.36|25.14|19.3|0.15|0.15|-7382.45|806.09|735.67|98.73|
|兆易创新|603986.SH|2021-03-24|792.05|733.23|130.5|95.41|7.56|7.56|81.88|89.86|24.73|18.98|0.15|0.15|-7261.54|792.9|722.48|96.96|
|兆易创新|603986.SH|2021-03-23|797.93|738.68|131.47|96.12|7.62|7.61|82.49|90.53|24.91|19.12|0.15|0.15|-7315.47|798.78|728.36|97.75|
|兆易创新|603986.SH|2021-03-22|804.2|744.47|132.5|96.87|7.68|7.67|83.13|91.24|25.11|19.27|0.15|0.15|-7372.88|805.04|734.62|98.59|
|兆易创新|603986.SH|2021-03-19|806.47|746.58|132.88|97.15|7.7|7.69|83.37|91.5|25.18|19.33|0.15|0.15|-7393.76|807.32|736.9|98.9|
|兆易创新|603986.SH|2021-03-18|791.29|732.53|130.38|95.32|7.55|7.55|81.8|89.77|24.71|18.96|0.15|0.15|-7254.58|792.14|721.72|96.86|
|兆易创新|603986.SH|2021-03-17|801.16|741.66|132|96.51|7.65|7.64|82.82|90.89|25.01|19.2|0.15|0.15|-7345.05|802.01|731.59|98.19|
|兆易创新|603986.SH|2021-03-16|737.78|682.99|121.56|88.87|7.04|7.04|76.27|83.7|23.03|17.68|0.17|0.17|-6763.99|738.63|668.21|89.68|
|兆易创新|603986.SH|2021-03-15|727.58|673.55|119.88|87.64|6.94|6.94|75.21|82.55|22.72|17.44|0.17|0.17|-6670.48|728.43|658.01|88.31|
|兆易创新|603986.SH|2021-03-12|801.73|742.19|132.1|96.57|7.65|7.65|82.88|90.96|25.03|19.21|0.15|0.15|-7350.27|802.58|732.16|98.26|
|兆易创新|603986.SH|2021-03-11|824.22|763.01|135.8|99.28|7.87|7.86|85.2|93.51|25.73|19.75|0.15|0.15|-7556.42|825.06|754.64|101.28|
|兆易创新|603986.SH|2021-03-10|811.5|751.24|133.71|97.75|7.75|7.74|83.89|92.07|25.34|19.45|0.15|0.15|-7439.86|812.35|741.93|99.57|
|兆易创新|603986.SH|2021-03-09|822.7|761.6|135.55|99.1|7.85|7.85|85.05|93.34|25.69|19.71|0.15|0.15|-7542.51|823.54|753.13|101.08|
|兆易创新|603986.SH|2021-03-08|858.66|794.89|141.48|103.43|8.2|8.19|88.76|97.42|26.81|20.58|0.14|0.14|-7872.18|859.5|789.08|105.9|
|兆易创新|603986.SH|2021-03-05|924.03|855.41|152.25|111.31|8.82|8.82|95.52|104.83|28.85|22.14|0.13|0.13|-8471.51|924.87|854.46|114.68|
|兆易创新|603986.SH|2021-03-04|920.38|852.02|151.65|110.87|8.78|8.78|95.14|104.42|28.74|22.06|0.13|0.13|-8438.02|921.22|850.8|114.19|
|兆易创新|603986.SH|2021-03-03|944.05|873.94|155.55|113.72|9.01|9.01|97.59|107.1|29.47|22.62|0.13|0.13|-8655.05|944.89|874.48|117.36|
|兆易创新|603986.SH|2021-03-02|970.9|898.8|159.97|116.95|9.27|9.26|100.37|110.15|30.31|23.27|0.13|0.13|-8901.22|971.75|901.33|120.97|
|兆易创新|603986.SH|2021-03-01|962.08|890.63|158.52|115.89|9.18|9.18|99.46|109.15|30.04|23.05|0.13|0.13|-8820.32|962.92|892.5|119.78|
|兆易创新|603986.SH|2021-02-26|913.21|845.39|150.47|110|8.72|8.71|94.4|103.61|28.51|21.88|0.13|0.13|-8372.35|914.06|843.64|113.22|
|兆易创新|603986.SH|2021-02-25|931.76|862.56|153.52|112.24|8.89|8.89|96.32|105.71|29.09|22.33|0.13|0.13|-8542.4|932.61|862.19|115.71|
|兆易创新|603986.SH|2021-02-24|916.45|853.43|151|110.39|8.75|8.74|94.74|103.97|28.61|21.96|0.13|0.13|-8402.02|917.29|846.88|113.66|
|兆易创新|603986.SH|2021-02-23|863.96|804.55|142.35|104.07|8.25|8.24|89.31|98.02|26.97|20.7|0.14|0.14|-7920.8|864.81|794.39|106.61|
|兆易创新|603986.SH|2021-02-22|886.6|825.63|146.08|106.8|8.46|8.46|91.65|100.59|27.68|21.25|0.14|0.14|-8128.33|887.44|817.02|109.65|
|兆易创新|603986.SH|2021-02-19|923.9|860.37|152.23|111.29|8.82|8.81|95.51|104.82|28.85|22.14|0.13|0.13|-8470.33|924.75|854.33|114.66|
|兆易创新|603986.SH|2021-02-18|891.64|830.33|146.91|107.4|8.51|8.51|92.17|101.16|27.84|21.37|0.14|0.14|-8174.6|892.49|822.07|110.33|
|兆易创新|603986.SH|2021-02-10|866.88|807.27|142.83|104.42|8.27|8.27|89.61|98.35|27.07|20.77|0.14|0.14|-7947.61|867.73|797.31|107.01|
|兆易创新|603986.SH|2021-02-09|866.13|806.57|142.71|104.33|8.27|8.26|89.54|98.26|27.04|20.76|0.14|0.14|-7940.69|866.98|796.56|106.91|
|兆易创新|603986.SH|2021-02-08|844.48|786.41|139.14|101.72|8.06|8.06|87.3|95.81|26.37|20.24|0.14|0.14|-7742.24|845.33|774.91|104|
|兆易创新|603986.SH|2021-02-05|828.59|771.61|136.52|99.81|7.91|7.91|85.66|94.01|25.87|19.86|0.15|0.15|-7596.53|829.44|759.02|101.87|
|兆易创新|603986.SH|2021-02-04|877.02|816.72|144.5|105.64|8.37|8.37|90.66|99.5|27.38|21.02|0.14|0.14|-8040.56|877.87|807.45|108.37|
|兆易创新|603986.SH|2021-02-03|858.3|799.28|141.42|103.39|8.19|8.19|88.73|97.38|26.8|20.57|0.14|0.14|-7868.92|859.15|788.73|105.86|
|兆易创新|603986.SH|2021-02-02|893.91|832.44|147.29|107.68|8.53|8.53|92.41|101.42|27.91|21.42|0.14|0.14|-8195.35|894.75|824.33|110.63|
|兆易创新|603986.SH|2021-02-01|869.43|809.65|143.25|104.73|8.3|8.29|89.88|98.64|27.14|20.83|0.14|0.14|-7970.96|870.28|799.86|107.35|
|兆易创新|603986.SH|2021-01-29|858.3|799.28|141.42|103.39|8.19|8.19|88.73|97.38|26.8|20.57|0.14|0.14|-7868.92|859.15|788.73|105.86|
|兆易创新|603986.SH|2021-01-28|878.58|818.16|144.76|105.83|8.39|8.38|90.82|99.68|27.43|21.05|0.14|0.14|-8054.83|879.43|809.01|108.58|
|兆易创新|603986.SH|2021-01-27|899.24|837.4|148.16|108.32|8.58|8.58|92.96|102.02|28.08|21.55|0.14|0.14|-8244.21|900.08|829.66|111.35|
|兆易创新|603986.SH|2021-01-26|922.96|859.49|152.07|111.18|8.81|8.81|95.41|104.71|28.82|22.12|0.13|0.13|-8461.68|923.8|853.38|114.53|
|兆易创新|603986.SH|2021-01-25|952.95|887.42|157.01|114.79|9.1|9.09|98.51|108.11|29.75|22.84|0.13|0.13|-8736.66|953.8|883.38|118.56|
|兆易创新|603986.SH|2021-01-22|988.84|920.84|162.93|119.11|9.44|9.43|102.22|112.19|30.87|23.7|0.12|0.12|-9065.69|989.68|919.27|123.37|
|兆易创新|603986.SH|2021-01-21|1028.31|957.6|169.43|123.87|9.81|9.81|106.3|116.66|32.11|24.64|0.12|0.12|-9427.57|1029.16|958.74|128.67|
|兆易创新|603986.SH|2021-01-20|1063.45|990.32|175.22|128.1|10.15|10.15|109.93|120.65|33.2|25.48|0.11|0.11|-9749.68|1064.29|993.87|133.39|
|兆易创新|603986.SH|2021-01-19|1061.09|988.12|174.83|127.81|10.13|10.12|109.69|120.38|33.13|25.43|0.12|0.12|-9728.06|1061.93|991.51|133.07|
|兆易创新|603986.SH|2021-01-18|1059.34|986.5|174.54|127.6|10.11|10.11|109.51|120.19|33.07|25.39|0.12|0.12|-9712.06|1060.19|989.77|132.84|
|兆易创新|603986.SH|2021-01-15|1012.98|943.33|166.91|122.02|9.67|9.66|104.72|114.93|31.63|24.27|0.12|0.12|-9287.05|1013.83|943.41|126.62|
|兆易创新|603986.SH|2021-01-14|1034.77|963.62|170.5|124.65|9.88|9.87|106.97|117.4|32.31|24.8|0.12|0.12|-9486.8|1035.62|965.2|129.54|
|兆易创新|603986.SH|2021-01-13|1014.54|944.78|167.16|122.21|9.68|9.68|104.88|115.1|31.68|24.31|0.12|0.12|-9301.32|1015.39|944.97|126.82|
|兆易创新|603986.SH|2021-01-12|972.14|905.3|160.18|117.1|9.28|9.27|100.5|110.29|30.35|23.3|0.13|0.13|-8912.63|972.99|902.57|121.13|
|兆易创新|603986.SH|2021-01-11|962.95|896.73|158.66|115.99|9.19|9.19|99.55|109.25|30.06|23.08|0.13|0.13|-8828.32|963.79|893.38|119.9|
|兆易创新|603986.SH|2021-01-08|955.33|889.57|157.41|115.08|9.12|9.11|98.76|108.38|29.83|22.89|0.13|0.13|-8758.45|956.17|885.75|118.88|
|兆易创新|603986.SH|2021-01-07|945.85|880.75|155.84|113.93|9.03|9.02|97.78|107.31|29.53|22.67|0.13|0.13|-8671.54|946.69|876.27|117.6|
|兆易创新|603986.SH|2021-01-06|960.8|894.67|158.31|115.73|9.17|9.17|99.32|109|30|23.02|0.13|0.13|-8808.6|961.64|891.22|119.61|
|兆易创新|603986.SH|2021-01-05|985.23|917.42|162.33|118.68|9.4|9.4|101.85|111.78|30.76|23.61|0.12|0.12|-9032.58|986.07|915.65|122.89|
|兆易创新|603986.SH|2021-01-04|936.74|872.27|154.34|112.84|8.94|8.94|96.84|106.28|29.25|22.45|0.13|0.13|-8588.08|937.59|867.17|116.38|
|兆易创新|603986.SH|2020-12-31|931.46|867.35|153.47|112.2|8.89|8.89|96.29|105.68|29.08|22.32|0.09|0.13|-8539.66|932.31|861.89|115.67|
|兆易创新|603986.SH|2020-12-30|920.71|857.34|151.7|110.91|8.79|8.78|95.18|104.46|28.75|22.06|0.09|0.13|-8441.07|921.56|851.14|114.23|
|兆易创新|603986.SH|2020-12-29|914.06|851.15|150.61|110.1|8.72|8.72|94.49|103.7|28.54|21.9|0.09|0.13|-8380.11|914.91|844.49|113.34|
|兆易创新|603986.SH|2020-12-28|868.97|809.16|143.18|104.67|8.29|8.29|89.83|98.59|27.13|20.82|0.09|0.14|-7966.74|869.82|799.4|107.29|
|兆易创新|603986.SH|2020-12-25|863.69|804.24|142.31|104.04|8.24|8.24|89.28|97.99|26.97|20.7|0.09|0.14|-7918.32|864.54|794.12|106.58|
|兆易创新|603986.SH|2020-12-24|891.37|830.02|146.87|107.37|8.51|8.5|92.15|101.13|27.83|21.36|0.09|0.14|-8172.13|892.22|821.8|110.29|
|兆易创新|603986.SH|2020-12-23|917.27|854.13|151.13|110.49|8.75|8.75|94.82|104.07|28.64|21.98|0.09|0.13|-8409.51|918.11|847.69|113.77|
|兆易创新|603986.SH|2020-12-22|912.6|849.78|150.36|109.93|8.71|8.71|94.34|103.54|28.49|21.87|0.09|0.13|-8366.7|913.44|843.02|113.14|
|兆易创新|603986.SH|2020-12-21|944.15|879.16|155.56|113.73|9.01|9.01|97.6|107.12|29.48|22.63|0.09|0.13|-8655.97|944.99|874.58|117.38|
|兆易创新|603986.SH|2020-12-18|952.21|886.67|156.89|114.7|9.09|9.08|98.44|108.03|29.73|22.82|0.09|0.13|-8729.91|953.06|882.64|118.46|
|兆易创新|603986.SH|2020-12-17|968.3|901.65|159.54|116.64|9.24|9.24|100.1|109.86|30.23|23.2|0.08|0.13|-8877.35|969.14|898.72|120.62|
|兆易创新|603986.SH|2020-12-16|957.45|891.55|157.75|115.33|9.14|9.13|98.98|108.63|29.89|22.94|0.08|0.13|-8777.9|958.29|887.88|119.16|
|兆易创新|603986.SH|2020-12-15|966.36|899.85|159.22|116.4|9.22|9.22|99.9|109.64|30.17|23.16|0.08|0.13|-8859.62|967.21|896.79|120.36|
|兆易创新|603986.SH|2020-12-14|969.62|902.88|159.76|116.8|9.25|9.25|100.23|110.01|30.27|23.24|0.08|0.13|-8889.46|970.46|900.04|120.79|
|兆易创新|603986.SH|2020-12-11|945.61|880.53|155.8|113.91|9.03|9.02|97.75|107.28|29.52|22.66|0.09|0.13|-8669.37|946.46|876.04|117.57|
|兆易创新|603986.SH|2020-12-10|989.94|921.81|163.11|119.25|9.45|9.44|102.34|112.31|30.91|23.72|0.08|0.12|-9075.82|990.79|920.37|123.52|
|兆易创新|603986.SH|2020-12-09|977.49|910.21|161.06|117.75|9.33|9.33|101.05|110.9|30.52|23.42|0.08|0.12|-8961.67|978.34|907.92|121.85|
|兆易创新|603986.SH|2020-12-08|1006.92|937.62|165.91|121.29|9.61|9.61|104.09|114.24|31.44|24.13|0.08|0.12|-9231.48|1007.77|937.35|125.8|
|兆易创新|603986.SH|2020-12-07|1009.28|939.81|166.29|121.57|9.63|9.63|104.33|114.51|31.51|24.19|0.08|0.12|-9253.1|1010.13|939.71|126.12|
|兆易创新|603986.SH|2020-12-04|1021.07|950.79|168.24|122.99|9.75|9.74|105.55|115.84|31.88|24.47|0.08|0.12|-9361.19|1021.92|951.5|127.7|
|兆易创新|603986.SH|2020-12-03|1004.47|935.33|165.5|121|9.59|9.58|103.84|113.96|31.36|24.07|0.08|0.12|-9208.99|1005.32|934.9|125.47|
|兆易创新|603986.SH|2020-12-02|1014.42|898.96|167.14|122.19|9.68|9.68|104.87|115.09|31.67|24.31|0.08|0.12|-9300.23|1015.27|944.85|126.81|
|兆易创新|603986.SH|2020-12-01|976.6|865.44|160.91|117.64|9.32|9.32|100.96|110.8|30.49|23.4|0.08|0.12|-8953.45|977.44|907.02|121.73|
|兆易创新|603986.SH|2020-11-30|974.33|863.43|160.54|117.36|9.3|9.3|100.72|110.54|30.42|23.35|0.08|0.13|-8932.7|975.18|904.76|121.43|
|兆易创新|603986.SH|2020-11-27|960.18|850.9|158.21|115.66|9.16|9.16|99.26|108.94|29.98|23.01|0.08|0.13|-8802.98|961.03|890.61|119.53|
|兆易创新|603986.SH|2020-11-26|951.55|843.25|156.78|114.62|9.08|9.08|98.37|107.96|29.71|22.8|0.09|0.13|-8723.85|952.4|881.98|118.37|
|兆易创新|603986.SH|2020-11-25|970.61|860.13|159.92|116.92|9.26|9.26|100.34|110.12|30.3|23.26|0.08|0.13|-8898.54|971.45|901.03|120.93|
|兆易创新|603986.SH|2020-11-24|993.25|880.19|163.65|119.64|9.48|9.48|102.68|112.69|31.01|23.8|0.08|0.12|-9106.08|994.09|923.67|123.97|
|兆易创新|603986.SH|2020-11-23|993.29|880.24|163.66|119.65|9.48|9.48|102.68|112.69|31.01|23.8|0.08|0.12|-9106.52|994.14|923.72|123.97|
|兆易创新|603986.SH|2020-11-20|979.1|867.66|161.32|117.94|9.34|9.34|101.21|111.08|30.57|23.46|0.08|0.12|-8976.37|979.94|909.52|122.07|
|兆易创新|603986.SH|2020-11-19|999.85|886.05|164.74|120.44|9.54|9.54|103.36|113.44|31.22|23.96|0.08|0.12|-9166.62|1000.69|930.28|124.85|
|兆易创新|603986.SH|2020-11-18|994.19|881.03|163.81|119.76|9.49|9.48|102.77|112.79|31.04|23.82|0.08|0.12|-9114.73|995.03|924.62|124.09|
|兆易创新|603986.SH|2020-11-17|1012.18|896.96|166.77|121.92|9.66|9.66|104.63|114.83|31.6|24.26|0.08|0.12|-9279.67|1013.03|942.61|126.51|
|兆易创新|603986.SH|2020-11-16|945.5|837.87|155.79|113.89|9.02|9.02|97.74|107.27|29.52|22.66|0.09|0.13|-8668.35|946.34|875.93|117.56|
|兆易创新|603986.SH|2020-11-13|976.86|865.66|160.95|117.67|9.32|9.32|100.98|110.83|30.5|23.41|0.08|0.12|-8955.85|977.7|907.29|121.77|
|兆易创新|603986.SH|2020-11-12|959.18|849.99|158.04|115.54|9.15|9.15|99.16|108.82|29.95|22.99|0.08|0.13|-8793.72|960.02|889.6|119.39|
|兆易创新|603986.SH|2020-11-11|952.62|844.18|156.96|114.75|9.09|9.09|98.48|108.08|29.74|22.83|0.09|0.13|-8733.63|953.47|883.05|118.51|
|兆易创新|603986.SH|2020-11-10|1020.67|904.48|168.17|122.95|9.74|9.74|105.51|115.8|31.87|24.46|0.08|0.12|-9357.49|1021.51|951.09|127.65|
|兆易创新|603986.SH|2020-11-09|1061.46|940.63|174.89|127.86|10.13|10.13|109.73|120.43|33.14|25.44|0.08|0.11|-9731.46|1062.3|991.89|133.12|
|兆易创新|603986.SH|2020-11-06|1000.48|886.6|164.85|120.52|9.55|9.55|103.43|113.51|31.24|23.98|0.08|0.12|-9172.45|1001.33|930.91|124.94|
|兆易创新|603986.SH|2020-11-05|975.21|864.2|160.68|117.47|9.31|9.31|100.81|110.64|30.45|23.37|0.08|0.13|-8940.72|976.05|905.64|121.55|
|兆易创新|603986.SH|2020-11-04|966.72|856.68|159.28|116.45|9.23|9.23|99.94|109.68|30.18|23.17|0.08|0.13|-8862.9|967.57|897.15|120.41|
|兆易创新|603986.SH|2020-11-03|958.7|849.57|157.96|115.48|9.15|9.15|99.11|108.77|29.93|22.97|0.08|0.13|-8789.4|959.55|889.13|119.33|
|兆易创新|603986.SH|2020-11-02|969.55|859.18|159.75|116.79|9.25|9.25|100.23|110|30.27|23.23|0.08|0.13|-8888.84|970.4|899.98|120.79|
|兆易创新|603986.SH|2020-10-30|918.15|813.63|151.28|110.6|8.76|8.76|94.91|104.17|28.67|22|0.09|0.13|-8417.59|918.99|848.58|113.89|
|兆易创新|603986.SH|2020-10-29|834.68|739.67|137.53|106.65|8.26|8.2|86.29|120.26|26.06|22.81|0.1|0.15|1299.45|835.55|803.25|107.8|
|兆易创新|603986.SH|2020-10-28|854.25|757.01|140.75|109.15|8.46|8.39|88.31|123.08|26.67|23.35|0.1|0.14|1329.92|855.12|822.82|110.43|
|兆易创新|603986.SH|2020-10-27|837.7|742.34|138.02|107.03|8.29|8.23|86.6|120.7|26.15|22.9|0.1|0.15|1304.15|838.57|806.27|108.21|
|兆易创新|603986.SH|2020-10-26|825.15|731.22|135.96|105.43|8.17|8.11|85.3|118.89|25.76|22.55|0.1|0.15|1284.62|826.02|793.72|106.53|
|兆易创新|603986.SH|2020-10-23|834.87|739.83|137.56|106.67|8.27|8.2|86.31|120.29|26.07|22.82|0.1|0.15|1299.74|835.74|803.44|107.83|
|兆易创新|603986.SH|2020-10-22|850.34|753.54|140.11|108.65|8.42|8.36|87.9|122.52|26.55|23.24|0.1|0.14|1323.82|851.2|818.91|109.91|
|兆易创新|603986.SH|2020-10-21|837.75|742.38|138.03|107.04|8.29|8.23|86.6|120.7|26.16|22.9|0.1|0.15|1304.22|838.61|806.32|108.22|
|兆易创新|603986.SH|2020-10-20|856.89|759.35|141.19|109.48|8.48|8.42|88.58|123.46|26.75|23.42|0.09|0.14|1334.03|857.76|825.46|110.78|
|兆易创新|603986.SH|2020-10-19|854.91|757.59|140.86|109.23|8.46|8.4|88.38|123.18|26.69|23.37|0.1|0.14|1330.94|855.78|823.48|110.52|
|兆易创新|603986.SH|2020-10-16|865.47|766.95|142.6|110.58|8.57|8.5|89.47|124.7|27.02|23.66|0.09|0.14|1347.39|866.34|834.04|111.94|
|兆易创新|603986.SH|2020-10-15|875.09|775.48|144.19|111.81|8.66|8.6|90.46|126.08|27.32|23.92|0.09|0.14|1362.37|875.96|843.66|113.23|
|兆易创新|603986.SH|2020-10-14|868.82|769.92|143.15|111.01|8.6|8.54|89.81|125.18|27.13|23.75|0.09|0.14|1352.6|869.69|837.39|112.39|
|兆易创新|603986.SH|2020-10-13|876.93|777.11|144.49|112.05|8.68|8.62|90.65|126.35|27.38|23.97|0.09|0.14|1365.23|877.8|845.5|113.47|
|兆易创新|603986.SH|2020-10-12|884.05|783.42|145.66|112.96|8.75|8.69|91.39|127.38|27.6|24.16|0.09|0.14|1376.31|884.92|852.62|114.43|
|兆易创新|603986.SH|2020-10-09|847.98|751.45|139.72|108.35|8.4|8.33|87.66|122.18|26.48|23.18|0.1|0.14|1320.15|848.85|816.55|109.59|
|兆易创新|603986.SH|2020-09-30|816.34|723.41|134.5|104.3|8.08|8.02|84.39|117.62|25.49|22.31|0.1|0.15|1270.89|817.2|784.91|105.34|
|兆易创新|603986.SH|2020-09-29|821.71|728.17|135.39|104.99|8.14|8.07|84.94|118.39|25.66|22.46|0.1|0.15|1279.26|822.58|790.28|106.06|
|兆易创新|603986.SH|2020-09-28|820.53|727.13|135.2|104.84|8.12|8.06|84.82|118.22|25.62|22.43|0.1|0.15|1277.42|821.4|789.1|105.91|
|兆易创新|603986.SH|2020-09-25|841.75|745.93|138.69|107.55|8.33|8.27|87.02|121.28|26.28|23.01|0.1|0.14|1310.46|842.62|810.32|108.75|
|兆易创新|603986.SH|2020-09-24|850.71|753.87|140.17|108.7|8.42|8.36|87.94|122.57|26.56|23.25|0.1|0.14|1324.41|851.58|819.28|109.96|
|兆易创新|603986.SH|2020-09-23|861.56|763.49|141.96|110.08|8.53|8.47|89.06|124.13|26.9|23.55|0.09|0.14|1341.3|862.43|830.13|111.41|
|兆易创新|603986.SH|2020-09-22|834.68|739.67|137.53|106.65|8.26|8.2|86.29|120.26|26.06|22.81|0.1|0.15|1299.45|835.55|803.25|107.8|
|兆易创新|603986.SH|2020-09-21|845.62|749.36|139.33|108.04|8.37|8.31|87.42|121.84|26.4|23.11|0.1|0.14|1316.48|846.49|814.19|109.27|
|兆易创新|603986.SH|2020-09-18|862.03|763.9|142.03|110.14|8.53|8.47|89.11|124.2|26.91|23.56|0.09|0.14|1342.03|862.9|830.6|111.47|
|兆易创新|603986.SH|2020-09-17|850.94|753.91|140.21|108.72|8.42|8.41|87.97|122.6|26.57|23.26|0.1|0.14|1324.76|851.8|819.51|109.99|
|兆易创新|603986.SH|2020-09-16|841.66|745.69|138.68|107.54|8.33|8.32|87.01|121.27|26.28|23|0.1|0.14|1310.32|842.53|810.23|108.74|
|兆易创新|603986.SH|2020-09-15|849.76|752.87|140.01|108.57|8.41|8.4|87.84|122.43|26.53|23.23|0.1|0.14|1322.92|850.63|818.33|109.83|
|兆易创新|603986.SH|2020-09-14|838.13|742.56|138.1|107.09|8.3|8.28|86.64|120.76|26.17|22.91|0.1|0.15|1304.82|839|806.7|108.27|
|兆易创新|603986.SH|2020-09-11|842.23|746.19|138.77|107.61|8.34|8.32|87.07|121.35|26.3|23.02|0.1|0.14|1311.2|843.09|810.8|108.82|
|兆易创新|603986.SH|2020-09-10|821.51|727.84|135.36|104.96|8.13|8.12|84.92|118.36|25.65|22.45|0.1|0.15|1278.95|822.38|790.08|106.04|
|兆易创新|603986.SH|2020-09-09|828.57|734.1|136.52|105.87|8.2|8.19|85.65|119.38|25.87|22.65|0.1|0.15|1289.94|829.44|797.14|106.98|
|兆易创新|603986.SH|2020-09-08|874.62|774.89|144.11|111.75|8.66|8.64|90.41|126.02|27.31|23.91|0.09|0.14|1361.62|875.48|843.19|113.16|
|兆易创新|603986.SH|2020-09-07|873.35|773.76|143.9|111.59|8.65|8.63|90.28|125.83|27.27|23.87|0.09|0.14|1359.64|874.21|841.91|112.99|
|兆易创新|603986.SH|2020-09-04|960.67|850.38|158.29|122.75|9.51|9.51|99.31|138.42|29.99|26.26|0.08|0.13|1495.6|961.54|929.24|124.71|
|兆易创新|603986.SH|2020-09-03|953.19|843.76|157.05|121.79|9.44|9.44|98.54|137.34|29.76|26.05|0.09|0.13|1483.95|954.06|921.76|123.71|
|兆易创新|603986.SH|2020-09-02|927.06|820.63|152.75|118.45|9.18|9.18|95.84|133.57|28.94|25.34|0.09|0.13|1443.27|927.93|895.63|120.2|
|兆易创新|603986.SH|2020-09-01|940.76|832.76|155.01|120.2|9.31|9.31|97.25|135.55|29.37|25.71|0.09|0.13|1464.6|941.63|909.33|122.04|
|兆易创新|603986.SH|2020-08-31|939.35|831.51|154.77|120.02|9.3|9.3|97.11|135.34|29.33|25.67|0.09|0.13|1462.4|940.22|907.92|121.85|
|兆易创新|603986.SH|2020-08-28|927.06|820.63|152.75|118.45|9.18|9.18|95.84|133.57|28.94|25.34|0.09|0.13|1443.27|927.93|895.63|120.2|
|兆易创新|603986.SH|2020-08-27|908.09|803.83|149.62|116.03|8.99|8.99|93.87|130.84|28.35|24.82|0.09|0.13|1413.73|908.96|876.66|117.66|
|兆易创新|603986.SH|2020-08-26|900.46|797.08|148.37|115.05|8.92|8.92|93.09|129.74|28.11|24.61|0.09|0.14|1401.86|901.33|869.03|116.63|
|兆易创新|603986.SH|2020-08-25|968.87|857.63|159.64|131.79|17.81|9.98|100.16|112.36|30.25|27.28|0.08|0.13|4533.11|969.76|950.26|127.53|
|兆易创新|603986.SH|2020-08-24|969.29|858.01|159.71|131.85|17.82|9.99|100.2|112.4|30.26|27.29|0.08|0.13|4535.09|970.19|950.68|127.59|
|兆易创新|603986.SH|2020-08-21|968.87|857.63|159.64|131.79|17.81|9.98|100.16|112.36|30.25|27.28|0.08|0.13|4533.11|969.76|950.26|127.53|
|兆易创新|603986.SH|2020-08-20|969.34|858.05|159.71|131.85|17.82|9.99|100.21|112.41|30.26|27.29|0.08|0.13|4535.31|970.24|950.73|127.6|
|兆易创新|603986.SH|2020-08-19|973.81|862.01|160.45|132.46|17.9|10.03|100.67|112.93|30.4|27.42|0.08|0.13|4556.24|974.71|955.2|128.2|
|兆易创新|603986.SH|2020-08-18|1007.38|891.72|165.98|137.03|18.52|10.38|104.14|116.82|31.45|28.36|0.08|0.12|4713.29|1008.27|988.77|132.7|
|兆易创新|603986.SH|2020-08-17|1012.13|895.93|166.76|137.67|18.6|10.43|104.63|117.37|31.6|28.49|0.08|0.12|4735.53|1013.03|993.52|133.34|
|兆易创新|603986.SH|2020-08-14|998.53|883.89|164.52|135.82|18.35|10.29|103.22|115.79|31.18|28.11|0.08|0.12|4671.88|999.42|979.92|131.51|
|兆易创新|603986.SH|2020-08-13|991.61|877.76|163.38|134.88|18.23|10.22|102.51|114.99|30.96|27.92|0.08|0.12|4639.5|992.5|972.99|130.59|
|兆易创新|603986.SH|2020-08-12|995.7|881.39|164.06|135.44|18.3|10.26|102.93|115.47|31.09|28.03|0.08|0.12|4658.66|996.6|977.09|131.14|
|兆易创新|603986.SH|2020-08-11|1015.29|898.72|167.28|138.1|18.66|10.46|104.96|117.74|31.7|28.58|0.08|0.12|4750.29|1016.18|996.68|133.76|
|兆易创新|603986.SH|2020-08-10|1026.49|908.64|169.13|139.63|18.87|10.58|106.11|119.04|32.05|28.9|0.08|0.12|4802.71|1027.39|1007.88|135.27|
|兆易创新|603986.SH|2020-08-07|1039.91|920.52|171.34|141.45|19.11|10.71|107.5|120.59|32.47|29.28|0.08|0.12|4865.49|1040.81|1021.3|137.07|
|兆易创新|603986.SH|2020-08-06|1083.5|917.36|178.52|147.38|19.91|11.16|112.01|125.65|33.83|30.5|0.07|0.11|5069.46|1084.4|1064.89|142.92|
|兆易创新|603986.SH|2020-08-05|1112.45|941.88|183.29|151.32|20.45|11.46|115|129.01|34.73|31.32|0.07|0.11|5204.92|1113.35|1093.84|146.8|
|兆易创新|603986.SH|2020-08-04|1101.16|932.31|181.43|149.78|20.24|11.35|113.83|127.7|34.38|31|0.07|0.11|5152.06|1102.05|1082.55|145.29|
|兆易创新|603986.SH|2020-08-03|1094.8|926.93|180.39|148.92|20.12|11.28|113.18|126.96|34.18|30.82|0.07|0.11|5122.32|1095.7|1076.19|144.44|
|兆易创新|603986.SH|2020-07-31|1089.86|922.74|179.57|148.25|20.03|11.23|112.66|126.39|34.03|30.68|0.07|0.11|5099.2|1090.76|1071.25|143.77|
|兆易创新|603986.SH|2020-07-30|1081.19|915.41|178.14|147.07|19.87|11.14|111.77|125.38|33.76|30.44|0.08|0.11|5058.67|1082.09|1062.58|142.61|
|兆易创新|603986.SH|2020-07-29|1101.44|932.55|181.48|149.82|20.24|11.35|113.86|127.73|34.39|31.01|0.07|0.11|5153.38|1102.34|1082.83|145.33|
|兆易创新|603986.SH|2020-07-28|1059.3|896.87|174.54|144.09|19.47|10.91|109.51|122.84|33.07|29.82|0.08|0.12|4956.24|1060.2|1040.69|139.67|
|兆易创新|603986.SH|2020-07-27|1057.75|895.56|174.28|143.88|19.44|10.9|109.35|122.66|33.02|29.78|0.08|0.12|4948.97|1058.65|1039.14|139.46|
|兆易创新|603986.SH|2020-07-24|1062.03|899.19|174.99|144.46|19.52|10.94|109.79|123.16|33.16|29.9|0.08|0.11|4969.02|1062.93|1043.42|140.04|
|兆易创新|603986.SH|2020-07-23|1129.36|956.19|186.08|153.62|20.76|11.64|116.75|130.97|35.26|31.79|0.07|0.11|5284|1130.25|1110.75|149.07|
|兆易创新|603986.SH|2020-07-22|1141.78|966.71|188.13|155.31|20.99|11.76|118.03|132.41|35.65|32.14|0.07|0.11|5342.15|1142.68|1123.17|150.74|
|兆易创新|603986.SH|2020-07-21|1135.99|961.81|187.17|154.52|20.88|11.71|117.43|131.74|35.47|31.98|0.07|0.11|5315.06|1136.89|1117.38|149.96|
|兆易创新|603986.SH|2020-07-20|1130.77|957.38|186.31|153.81|20.78|11.65|116.89|131.13|35.3|31.83|0.07|0.11|5290.61|1131.67|1112.16|149.26|
|兆易创新|603986.SH|2020-07-17|1096.45|928.32|180.66|149.14|20.15|11.3|113.35|127.15|34.23|30.87|0.07|0.11|5130.03|1097.35|1077.84|144.66|
|兆易创新|603986.SH|2020-07-16|1144|968.58|188.49|155.61|21.03|11.79|118.26|132.66|35.72|32.21|0.07|0.11|5352.5|1144.9|1125.39|151.04|
|兆易创新|603986.SH|2020-07-15|1271.11|1076.2|209.44|172.9|23.36|13.1|131.4|147.4|39.69|35.79|0.06|0.1|5947.23|1272.01|1252.5|168.1|
|兆易创新|603986.SH|2020-07-14|1360.09|1151.54|224.1|185|25|14.01|140.6|157.72|42.46|38.29|0.06|0.09|6363.53|1360.98|1341.47|180.04|
|兆易创新|603986.SH|2020-07-13|1289.94|1092.15|212.54|175.46|23.71|13.29|133.35|149.59|40.27|36.32|0.06|0.09|6035.33|1290.84|1271.33|170.62|
|兆易创新|603986.SH|2020-07-10|1289|1091.35|212.38|175.33|23.69|13.28|133.25|149.48|40.24|36.29|0.06|0.09|6030.93|1289.9|1270.39|170.5|
|兆易创新|603986.SH|2020-07-09|1303.64|1103.74|214.8|177.33|23.96|13.43|134.76|151.18|40.7|36.7|0.06|0.09|6099.43|1304.54|1285.03|172.46|
|兆易创新|603986.SH|2020-07-08|1264.05|1070.22|208.27|171.94|23.23|13.02|130.67|146.59|39.47|35.59|0.06|0.1|5914.19|1264.94|1245.44|167.15|
|兆易创新|603986.SH|2020-07-07|1252.84|1060.74|206.43|170.42|23.03|12.91|129.51|145.29|39.12|35.27|0.06|0.1|5861.76|1253.74|1234.23|165.65|
|兆易创新|603986.SH|2020-07-06|1213.91|1027.77|200.01|165.12|22.31|12.51|125.49|140.77|37.9|34.17|0.07|0.1|5679.6|1214.81|1195.3|160.42|
|兆易创新|603986.SH|2020-07-03|1103.56|934.34|181.83|150.11|20.28|11.37|114.08|127.97|34.45|31.07|0.07|0.11|5163.29|1104.46|1084.95|145.61|
|兆易创新|603986.SH|2020-07-02|1122.11|950.05|184.88|152.63|20.62|11.56|116|130.13|35.03|31.59|0.07|0.11|5250.08|1123|1103.5|148.1|
|兆易创新|603986.SH|2020-07-01|1116.32|945.14|183.93|151.85|20.52|11.5|115.4|129.45|34.85|31.43|0.07|0.11|5222.99|1117.21|1097.7|147.32|
|兆易创新|603986.SH|2020-06-30|1110.62|940.32|182.99|151.07|20.41|11.44|114.81|128.79|34.68|31.27|0.07|0.11|5196.33|1111.52|1092.01|146.56|
|兆易创新|603986.SH|2020-06-29|1100.59|931.83|181.34|149.71|20.23|11.34|113.77|127.63|34.36|30.98|0.07|0.11|5149.42|1101.49|1081.98|145.21|
|兆易创新|603986.SH|2020-06-24|1149.03|972.85|189.32|156.3|21.12|11.84|118.78|133.25|35.87|32.35|0.07|0.11|5376.07|1149.93|1130.42|151.71|
|兆易创新|603986.SH|2020-06-23|1117.07|945.78|184.05|151.95|20.53|11.51|115.48|129.54|34.88|31.45|0.07|0.11|5226.51|1117.97|1098.46|147.42|
|兆易创新|603986.SH|2020-06-22|1113.16|942.47|183.41|151.42|20.46|11.47|115.07|129.09|34.75|31.34|0.07|0.11|5208.23|1114.06|1094.55|146.9|
|兆易创新|603986.SH|2020-06-19|1065.38|897.47|175.54|144.92|19.58|11.08|110.13|123.55|33.26|29.99|0.08|0.11|4984.66|1066.27|1046.77|140.49|
|兆易创新|603986.SH|2020-06-18|1041.88|877.68|171.67|141.72|19.15|10.84|107.71|120.82|32.53|29.33|0.08|0.12|4874.74|1042.78|1023.27|137.33|
|兆易创新|603986.SH|2020-06-17|1013.12|853.44|166.93|137.81|18.62|10.54|104.73|117.49|31.63|28.52|0.08|0.12|4740.16|1014.02|994.51|133.47|
|兆易创新|603986.SH|2020-06-16|1024.04|862.65|168.73|139.29|18.82|10.65|105.86|118.75|31.97|28.83|0.08|0.12|4791.26|1024.94|1005.43|134.94|
|兆易创新|603986.SH|2020-06-15|1013.17|853.48|166.94|137.81|18.62|10.54|104.74|117.49|31.63|28.52|0.08|0.12|4740.38|1014.07|994.56|133.48|
|兆易创新|603986.SH|2020-06-12|1082.94|912.26|178.43|147.3|19.9|11.26|111.95|125.58|33.81|30.49|0.07|0.11|5066.82|1083.83|1064.33|142.84|
|兆易创新|603986.SH|2020-06-11|1072.91|903.81|176.78|145.94|19.72|11.16|110.91|124.42|33.5|30.21|0.08|0.11|5019.9|1073.81|1054.3|141.5|
|兆易创新|603986.SH|2020-06-10|1102.99|929.15|181.74|150.03|20.27|11.47|114.02|127.91|34.44|31.05|0.07|0.11|5160.65|1103.89|1084.38|145.53|
|兆易创新|603986.SH|2020-06-09|1068.58|900.16|176.07|145.35|19.64|11.11|110.46|123.92|33.36|30.08|0.08|0.11|4999.63|1069.48|1049.97|140.92|
|兆易创新|603986.SH|2020-06-08|1052.24|886.4|173.37|143.13|19.34|10.94|108.78|122.02|32.85|29.62|0.08|0.12|4923.2|1053.14|1033.63|138.72|
|兆易创新|603986.SH|2020-06-05|1065.05|897.19|175.48|144.87|19.58|11.08|110.1|123.51|33.25|29.98|0.08|0.11|4983.11|1065.95|1046.44|140.44|
|兆易创新|603986.SH|2020-06-04|924.57|815.61|152.34|125.76|16.99|17.34|95.58|107.22|28.87|26.03|0.09|0.13|4325.85|925.47|905.96|121.59|
|兆易创新|603986.SH|2020-06-03|933.29|823.3|153.77|126.95|17.15|17.5|96.48|108.23|29.14|26.27|0.09|0.13|4366.65|934.19|914.68|122.76|
|兆易创新|603986.SH|2020-06-02|933.29|823.3|153.77|126.95|17.15|17.5|96.48|108.23|29.14|26.27|0.09|0.13|4366.65|934.19|914.68|122.76|
|兆易创新|603986.SH|2020-06-01|927.45|818.15|152.81|126.15|17.05|17.39|95.88|107.55|28.96|26.11|0.09|0.13|4339.31|928.34|908.84|121.97|
|兆易创新|603986.SH|2020-05-29|869.19|766.73|143.21|118.23|15.98|16.32|89.85|100.8|27.14|24.47|0.09|0.14|4066.72|870.08|850.58|114.16|
|兆易创新|603986.SH|2020-05-28|883.12|779.02|145.51|120.12|16.23|16.59|91.29|102.41|27.57|24.86|0.09|0.14|4131.91|884.02|864.51|116.03|
|兆易创新|603986.SH|2020-05-27|876.42|773.11|144.4|119.21|16.11|16.46|90.6|101.63|27.36|24.67|0.09|0.14|4100.58|877.32|857.81|115.13|
|兆易创新|603986.SH|2020-05-26|912.15|804.63|150.29|124.07|16.77|17.13|94.29|105.78|28.48|25.68|0.09|0.13|4267.76|913.05|893.54|119.92|
|兆易创新|603986.SH|2020-05-25|894.4|788.97|147.37|121.66|16.44|16.8|92.46|103.72|27.92|25.18|0.09|0.14|4184.7|895.3|875.79|117.54|
|兆易创新|603986.SH|2020-05-22|921.37|812.76|151.81|125.33|16.93|17.3|95.25|106.85|28.77|25.94|0.09|0.13|4310.87|922.27|902.76|121.16|
|兆易创新|603986.SH|2020-05-21|966.31|852.41|159.22|131.44|17.76|18.15|99.89|112.06|30.17|27.2|0.08|0.13|4521.15|967.21|947.7|127.19|
|兆易创新|603986.SH|2020-05-20|973.77|858.99|160.44|132.46|17.9|18.29|100.66|112.92|30.4|27.41|0.08|0.13|4556.06|974.67|955.16|128.19|
|兆易创新|603986.SH|2020-05-19|997.41|879.84|164.34|135.67|18.33|18.73|103.11|115.67|31.14|28.08|0.08|0.12|4666.67|998.31|978.8|131.37|
|兆易创新|603986.SH|2020-05-18|970.81|856.37|159.96|132.05|17.84|18.23|100.36|112.58|30.31|27.33|0.08|0.13|4542.18|971.7|952.2|127.79|
|兆易创新|603986.SH|2020-05-15|1033.73|911.88|170.32|140.61|19|19.41|106.86|119.88|32.27|29.1|0.08|0.12|4836.58|1034.63|1015.12|136.24|
|兆易创新|603986.SH|2020-05-14|965.1|851.34|159.02|131.28|17.74|18.13|99.77|111.92|30.13|27.17|0.08|0.13|4515.48|966|946.49|127.03|
|兆易创新|603986.SH|2020-05-13|984.29|868.26|162.18|133.89|18.09|18.49|101.75|114.14|30.73|27.71|0.08|0.12|4605.27|985.19|965.68|129.6|
|兆易创新|603986.SH|2020-05-12|979.3|863.86|161.36|133.21|18|18.39|101.24|113.57|30.58|27.57|0.08|0.12|4581.93|980.2|960.69|128.93|
|兆易创新|603986.SH|2020-05-11|990.49|873.74|163.2|134.73|18.21|18.6|102.39|114.86|30.92|27.89|0.08|0.12|4634.29|991.39|971.88|130.44|
|兆易创新|603986.SH|2020-05-08|993.32|876.23|163.67|135.12|18.26|18.66|102.69|115.19|31.01|27.96|0.08|0.12|4647.54|994.22|974.71|130.82|
|兆易创新|603986.SH|2020-05-07|1015.75|640.01|167.36|138.17|18.67|19.08|105|117.79|31.71|28.6|0.08|0.12|4752.47|1016.65|997.14|133.83|
|兆易创新|603986.SH|2020-05-06|981.08|865.43|161.65|133.45|18.03|18.01|101.42|113.77|30.63|27.62|0.08|0.08|4590.25|981.98|962.47|129.17|
|兆易创新|603986.SH|2020-04-30|891.9|786.76|146.95|121.32|16.39|16.38|92.2|103.43|27.85|25.11|0.09|0.09|4172.98|892.79|873.29|117.2|
|兆易创新|603986.SH|2020-04-29|810.8|715.23|133.59|110.29|14.9|14.89|83.82|94.03|25.31|22.83|0.1|0.1|3793.56|811.7|792.19|106.32|
|兆易创新|603986.SH|2020-04-28|832.44|734.31|137.16|137.16|15.93|15.91|86.05|86.05|25.99|25.99|0.1|0.1|5896.56|833.36|813.66|109.2|
|兆易创新|603986.SH|2020-04-27|789.74|696.65|130.12|130.12|15.11|15.1|81.64|81.64|24.66|24.66|0.1|0.1|5594.11|790.66|770.96|103.47|
|兆易创新|603986.SH|2020-04-24|790.03|696.91|130.17|130.17|15.12|15.1|81.67|81.67|24.67|24.67|0.1|0.1|5596.16|790.95|771.25|103.51|
|兆易创新|603986.SH|2020-04-23|808.04|712.79|133.14|133.14|15.46|15.45|83.53|83.53|25.23|25.23|0.1|0.1|5723.73|808.96|789.26|105.93|
|兆易创新|603986.SH|2020-04-22|821.81|724.94|135.41|135.41|15.73|15.71|84.96|84.96|25.66|25.66|0.1|0.1|5821.29|822.73|803.03|107.77|
|兆易创新|603986.SH|2020-04-21|825.12|727.86|135.95|135.95|15.79|15.77|85.3|85.3|25.76|25.76|0.1|0.1|5844.71|826.04|806.34|108.22|
|兆易创新|603986.SH|2020-04-20|857.48|756.4|141.28|141.28|16.41|16.39|88.64|88.64|26.77|26.77|0.09|0.09|6073.93|858.4|838.7|112.56|
|兆易创新|603986.SH|2020-04-17|863.58|761.78|142.29|142.29|16.53|16.51|89.27|89.27|26.96|26.96|0.09|0.09|6117.14|864.5|844.8|113.38|
|兆易创新|603986.SH|2020-04-16|828.43|730.77|136.5|136.5|15.85|15.84|85.64|85.64|25.86|25.86|0.1|0.1|5868.13|829.35|809.65|108.66|
|兆易创新|603986.SH|2020-04-15|819.05|722.51|134.95|134.95|15.67|15.66|84.67|84.67|25.57|25.57|0.1|0.1|5801.73|819.97|800.27|107.4|
|兆易创新|603986.SH|2020-04-14|787.56|694.72|129.76|129.76|15.07|15.05|81.41|81.41|24.59|24.59|0.1|0.1|5578.65|788.48|768.78|103.18|
|兆易创新|603986.SH|2020-04-13|758.28|668.9|124.94|124.94|14.51|14.5|78.39|78.39|23.67|23.67|0.11|0.11|5371.26|759.2|739.5|99.25|
|兆易创新|603986.SH|2020-04-10|792.73|699.28|130.61|130.61|15.17|15.15|81.95|81.95|24.75|24.75|0.1|0.1|5615.26|793.65|773.95|103.87|
|兆易创新|603986.SH|2020-04-09|841.59|742.39|138.67|138.67|16.11|16.09|87|87|26.28|26.28|0.1|0.1|5961.37|842.51|822.81|110.43|
|兆易创新|603986.SH|2020-04-08|862.46|760.79|142.1|142.1|16.5|16.49|89.16|89.16|26.93|26.93|0.09|0.09|6109.18|863.38|843.67|113.23|
|兆易创新|603986.SH|2020-04-07|849.13|749.04|139.91|139.91|16.25|16.23|87.78|87.78|26.51|26.51|0.1|0.1|6014.81|850.05|830.35|111.44|
|兆易创新|603986.SH|2020-04-03|827.56|730.01|136.35|136.35|15.84|15.82|85.55|85.55|25.84|25.84|0.1|0.1|5861.99|828.48|808.78|108.55|
|兆易创新|603986.SH|2020-04-02|855.62|754.76|140.98|140.98|16.37|16.36|88.45|88.45|26.71|26.71|0.09|0.09|6060.74|856.54|836.84|112.31|
|兆易创新|603986.SH|2020-04-01|777.83|685.84|128.16|128.16|14.89|14.89|80.41|80.41|24.29|24.29|0.1|0.1|5509.75|778.75|759.05|101.87|
|兆易创新|603986.SH|2020-03-31|776.93|685.05|128.01|128.01|14.87|14.87|80.32|80.32|24.26|24.26|0.1|0.1|5503.38|777.85|758.15|101.75|
|兆易创新|603986.SH|2020-03-30|810.9|715|133.61|133.61|15.52|15.52|83.83|83.83|25.32|25.32|0.1|0.1|5743.97|811.82|792.12|106.31|
|兆易创新|603986.SH|2020-03-27|802.81|707.86|132.28|132.28|15.36|15.36|82.99|82.99|25.06|25.06|0.1|0.1|5686.66|803.73|784.03|105.22|
|兆易创新|603986.SH|2020-03-26|790.71|697.19|195.23|162.24|15.96|15.96|127.61|77.38|35.21|28.98|0.1|0.1|-2809.78|791.67|772.62|153.55|
|兆易创新|603986.SH|2020-03-25|806.76|711.35|199.2|165.54|16.28|16.28|130.2|78.95|35.92|29.57|0.1|0.1|-2866.82|807.72|788.67|156.74|
|兆易创新|603986.SH|2020-03-24|783.68|690.99|193.5|160.8|15.81|15.81|126.47|76.69|34.9|28.72|0.1|0.1|-2784.8|784.64|765.59|152.15|
|兆易创新|603986.SH|2020-03-23|791.09|697.53|195.33|162.32|15.96|15.96|127.67|77.42|35.23|29|0.1|0.1|-2811.15|792.05|773.01|153.62|
|兆易创新|603986.SH|2020-03-20|878.99|775.04|217.03|180.36|17.74|17.74|141.85|86.02|39.14|32.22|0.09|0.09|-3123.5|879.95|860.91|171.09|
|兆易创新|603986.SH|2020-03-19|886.02|781.23|218.77|181.8|17.88|17.88|142.99|86.71|39.45|32.47|0.09|0.09|-3148.49|886.98|867.94|172.49|
|兆易创新|603986.SH|2020-03-18|878.28|774.41|216.86|180.21|17.72|17.72|141.74|85.95|39.11|32.19|0.09|0.09|-3120.99|879.24|860.2|170.95|
|兆易创新|603986.SH|2020-03-17|908.88|801.39|224.41|186.49|18.34|18.34|146.68|88.94|40.47|33.31|0.09|0.09|-3229.71|909.84|890.8|177.03|
|兆易创新|603986.SH|2020-03-16|897.48|791.34|221.6|184.15|18.11|18.11|144.84|87.83|39.96|32.9|0.09|0.09|-3189.21|898.44|879.4|174.77|
|兆易创新|603986.SH|2020-03-13|997.2|879.26|246.22|204.61|20.12|20.12|160.93|97.59|44.4|36.55|0.08|0.08|-3543.54|998.15|979.11|194.58|
|兆易创新|603986.SH|2020-03-12|963.87|849.76|237.99|197.78|19.45|19.45|155.55|94.33|42.92|35.33|0.08|0.08|-3425.12|964.83|945.79|187.96|
|兆易创新|603986.SH|2020-03-11|942.1|830.57|232.61|193.31|19.01|19.01|152.04|92.2|41.95|34.53|0.09|0.09|-3347.77|943.06|924.02|183.64|
|兆易创新|603986.SH|2020-03-10|1010.14|890.55|249.41|207.27|20.38|20.38|163.02|98.85|44.98|37.02|0.08|0.08|-3589.53|1011.1|992.05|197.16|
|兆易创新|603986.SH|2020-03-09|950.13|837.65|234.6|194.96|19.17|19.17|153.33|92.98|42.31|34.82|0.09|0.09|-3376.29|951.09|932.04|185.23|
|兆易创新|603986.SH|2020-03-06|1033.48|911.13|255.18|212.06|20.85|20.85|166.79|101.14|46.02|37.88|0.08|0.08|-3672.48|1034.44|1015.4|201.8|
|兆易创新|603986.SH|2020-03-05|1046.39|922.51|258.36|214.71|21.11|21.11|168.87|102.4|46.59|38.35|0.08|0.08|-3718.35|1047.35|1028.3|204.36|
|兆易创新|603986.SH|2020-03-04|1033.19|910.88|255.1|212|20.85|20.85|166.74|101.11|46.01|37.87|0.08|0.08|-3671.45|1034.15|1015.11|201.74|
|兆易创新|603986.SH|2020-03-03|1124.73|991.58|277.71|230.78|22.7|22.7|181.51|110.07|50.08|41.22|0.07|0.07|-3996.74|1125.69|1106.65|219.93|
|兆易创新|603986.SH|2020-03-02|1131.28|997.36|279.32|232.13|22.83|22.83|182.57|110.71|50.37|41.46|0.07|0.07|-4020.01|1132.24|1113.19|221.23|
|兆易创新|603986.SH|2020-02-28|1165.63|1027.64|287.81|239.18|23.52|23.52|188.11|114.07|51.9|42.72|0.07|0.07|-4142.09|1166.59|1147.55|228.06|
|兆易创新|603986.SH|2020-02-27|1140.08|1005.11|281.5|233.93|23.01|23.01|183.99|111.57|50.77|41.79|0.07|0.07|-4051.27|1141.04|1121.99|222.98|
|兆易创新|603986.SH|2020-02-26|1236.14|1089.8|305.22|253.64|24.94|24.94|199.49|120.97|55.04|45.31|0.07|0.07|-4392.65|1237.1|1218.06|242.07|
|兆易创新|603986.SH|2020-02-25|1368.3|1206.31|337.85|280.76|27.61|27.61|220.82|133.9|60.93|50.15|0.06|0.06|-4862.26|1369.26|1350.21|268.34|
|兆易创新|603986.SH|2020-02-24|1290.72|1137.93|318.69|264.84|26.05|26.05|208.3|126.31|57.47|47.31|0.06|0.06|-4586.61|1291.68|1272.64|252.92|
|兆易创新|603986.SH|2020-02-21|1266.58|1116.64|312.73|259.89|25.56|25.56|204.4|123.95|56.4|46.42|0.06|0.06|-4500.81|1267.54|1248.5|248.12|
|兆易创新|603986.SH|2020-02-20|1204.8|1062.18|297.48|247.21|24.31|24.31|194.43|117.91|53.65|44.16|0.07|0.07|-4281.29|1205.76|1186.72|235.84|
|兆易创新|603986.SH|2020-02-19|1095.29|965.62|270.44|224.74|22.1|22.1|176.76|107.19|48.77|40.15|0.07|0.07|-3892.11|1096.25|1077.2|214.08|
|兆易创新|603986.SH|2020-02-18|1050.14|925.82|259.29|215.48|21.19|21.19|169.47|102.77|46.76|38.49|0.08|0.08|-3731.69|1051.1|1032.06|205.11|
|兆易创新|603986.SH|2020-02-17|1021.02|900.15|252.1|209.5|20.6|20.6|164.78|99.92|45.46|37.42|0.08|0.08|-3628.21|1021.98|1002.94|199.32|
|兆易创新|603986.SH|2020-02-14|999.86|881.5|246.88|205.16|20.18|20.18|161.36|97.85|44.52|36.65|0.08|0.08|-3553.02|1000.82|981.78|195.11|
|兆易创新|603986.SH|2020-02-13|1020.89|900.04|252.07|209.48|20.6|20.6|164.75|99.91|45.46|37.42|0.08|0.08|-3627.75|1021.85|1002.81|199.29|
|兆易创新|603986.SH|2020-02-12|936.45|825.59|231.22|192.15|18.9|18.9|151.13|91.64|41.7|34.32|0.09|0.09|-3327.69|937.41|918.37|182.51|
|兆易创新|603986.SH|2020-02-11|908.32|800.79|224.27|186.38|18.33|18.33|146.59|88.89|40.45|33.29|0.09|0.09|-3227.74|909.28|890.24|176.92|
|兆易创新|603986.SH|2020-02-10|904.15|797.11|223.24|185.52|18.24|18.24|145.91|88.48|40.26|33.14|0.09|0.09|-3212.91|905.11|886.07|176.09|
|兆易创新|603986.SH|2020-02-07|945.5|833.57|233.45|194.01|19.08|19.08|152.59|92.53|42.1|34.66|0.09|0.09|-3359.86|946.46|927.42|184.31|
|兆易创新|603986.SH|2020-02-06|909.03|801.42|224.45|186.52|18.34|18.34|146.7|88.96|40.48|33.32|0.09|0.09|-3230.25|909.99|890.95|177.06|
|兆易创新|603986.SH|2020-02-05|903.8|796.8|223.16|185.45|18.24|18.24|145.86|88.45|40.24|33.13|0.09|0.09|-3211.65|904.76|885.71|176.02|
|兆易创新|603986.SH|2020-02-04|895.48|789.47|221.1|183.74|18.07|18.07|144.52|87.63|39.87|32.82|0.09|0.09|-3182.1|896.44|877.4|174.37|
|兆易创新|603986.SH|2020-02-03|817.78|720.97|201.92|167.8|16.5|16.5|131.98|80.03|36.41|29.97|0.1|0.1|-2905.99|818.74|799.7|158.93|
|兆易创新|603986.SH|2020-01-23|908.64|801.08|224.35|186.44|18.34|18.34|146.64|88.92|40.46|33.3|0.09|0.09|-3228.88|909.6|890.56|176.99|
|兆易创新|603986.SH|2020-01-22|929.84|819.76|229.59|190.79|18.76|18.76|150.06|91|41.4|34.08|0.09|0.09|-3304.18|930.8|911.75|181.2|
|兆易创新|603986.SH|2020-01-21|871.46|768.3|215.17|178.81|17.59|17.59|140.64|85.28|38.8|31.94|0.09|0.09|-3096.76|872.42|853.38|169.6|
|兆易创新|603986.SH|2020-01-20|886.17|781.26|218.8|181.83|17.88|17.88|143.01|86.72|39.46|32.48|0.09|0.09|-3149.01|887.13|868.09|172.52|
|兆易创新|603986.SH|2020-01-17|812.35|716.19|200.58|166.69|16.39|16.39|131.1|79.5|36.17|29.77|0.1|0.1|-2886.71|813.31|794.27|157.85|
|兆易创新|603986.SH|2020-01-16|809.75|713.89|199.94|166.15|16.34|16.34|130.68|79.24|36.06|29.68|0.1|0.1|-2877.47|810.71|791.67|157.33|
|兆易创新|603986.SH|2020-01-15|822.53|725.16|203.09|168.77|16.6|16.6|132.74|80.5|36.63|30.15|0.1|0.1|-2922.88|823.49|804.45|159.87|
|兆易创新|603986.SH|2020-01-14|815.5|718.96|201.35|167.33|16.46|16.46|131.61|79.81|36.31|29.89|0.1|0.1|-2897.89|816.46|797.42|158.48|
|兆易创新|603986.SH|2020-01-13|840.58|741.07|207.55|172.48|16.96|16.96|135.65|82.26|37.43|30.81|0.1|0.1|-2987|841.54|822.49|163.46|
|兆易创新|603986.SH|2020-01-10|786.64|693.51|194.23|161.41|15.87|15.87|126.95|76.98|35.03|28.83|0.1|0.1|-2795.32|787.6|768.55|152.74|
|兆易创新|603986.SH|2020-01-09|724.99|639.16|179.01|148.76|14.63|14.63|117|70.95|32.28|26.57|0.11|0.11|-2576.26|725.95|706.91|140.49|
|兆易创新|603986.SH|2020-01-08|685.5|604.35|169.26|140.66|13.83|13.83|110.63|67.08|30.52|25.13|0.12|0.12|-2435.92|686.46|667.41|132.64|
|兆易创新|603986.SH|2020-01-07|683.19|602.31|168.69|140.18|13.79|13.79|110.25|66.86|30.42|25.04|0.12|0.12|-2427.71|684.14|665.1|132.18|
|兆易创新|603986.SH|2020-01-06|725.63|639.73|179.17|148.89|14.64|14.64|117.1|71.01|32.31|26.6|0.11|0.11|-2578.54|726.59|707.55|140.61|
|兆易创新|603986.SH|2020-01-03|707.65|623.88|174.73|145.2|14.28|14.28|114.2|69.25|31.51|25.94|0.11|0.11|-2514.65|708.61|689.57|137.04|
|兆易创新|603986.SH|2020-01-02|704.86|621.42|174.04|144.63|14.22|14.22|113.75|68.98|31.39|25.83|0.12|0.12|-2504.72|705.82|686.77|136.49|
|兆易创新|603986.SH|2019-12-31|657.85|579.97|162.43|134.98|13.27|13.27|106.17|64.38|29.29|24.11|0.12|0.12|-2337.69|658.81|639.77|127.14|
|兆易创新|603986.SH|2019-12-30|665.85|587.02|164.4|136.62|13.44|13.44|107.46|65.16|29.65|24.41|0.12|0.12|-2366.1|666.81|647.76|128.73|
|兆易创新|603986.SH|2019-12-27|642.15|566.13|158.55|131.76|12.96|12.96|103.63|62.84|28.59|23.54|0.12|0.13|-2281.89|643.11|624.07|124.02|
|兆易创新|603986.SH|2019-12-26|675.32|595.37|166.74|138.57|13.63|13.63|108.98|66.09|30.07|24.75|0.12|0.12|-2399.75|676.28|657.24|130.62|
|兆易创新|603986.SH|2019-12-25|690.06|608.37|170.38|141.59|13.92|13.92|111.36|67.53|30.73|25.29|0.12|0.12|-2452.12|691.02|671.97|133.54|
|兆易创新|603986.SH|2019-12-24|627.32|553.05|154.89|128.72|12.66|12.66|101.24|61.39|27.93|22.99|0.13|0.13|-2229.18|628.28|609.23|121.08|
|兆易创新|603986.SH|2019-12-23|585.32|516.03|144.52|120.1|11.81|11.81|94.46|57.28|26.06|21.45|0.14|0.14|-2079.95|586.28|567.24|112.73|
|兆易创新|603986.SH|2019-12-20|627.06|552.83|154.83|128.67|12.65|12.65|101.2|61.37|27.92|22.98|0.13|0.13|-2228.27|628.02|608.98|121.03|
|兆易创新|603986.SH|2019-12-19|629.21|554.72|155.36|129.11|12.7|12.7|101.54|61.58|28.02|23.06|0.13|0.13|-2235.91|630.17|611.13|121.45|
|兆易创新|603986.SH|2019-12-18|661.32|583.03|163.29|135.7|13.34|13.34|106.73|64.72|29.45|24.24|0.12|0.12|-2350.01|662.28|643.24|127.83|
|兆易创新|603986.SH|2019-12-17|653.55|576.18|161.37|134.1|13.19|13.19|105.47|63.96|29.1|23.95|0.12|0.12|-2322.4|654.51|635.47|126.29|
|兆易创新|603986.SH|2019-12-16|658.17|580.26|162.51|135.05|13.28|13.28|106.22|64.41|29.31|24.12|0.12|0.12|-2338.83|659.13|640.09|127.21|
|兆易创新|603986.SH|2019-12-13|652.84|575.56|161.19|133.96|13.17|13.17|105.36|63.89|29.07|23.93|0.12|0.12|-2319.89|653.8|634.76|126.15|
|兆易创新|603986.SH|2019-12-12|674.26|594.44|166.48|138.35|13.61|13.61|108.81|65.98|30.02|24.71|0.12|0.12|-2395.99|675.22|656.18|130.41|
|兆易创新|603986.SH|2019-12-11|642.15|566.13|158.55|131.76|12.96|12.96|103.63|62.84|28.59|23.54|0.12|0.13|-2281.89|643.11|624.07|124.02|
|兆易创新|603986.SH|2019-12-10|639.29|563.61|157.85|131.18|12.9|12.9|103.17|62.56|28.47|23.43|0.12|0.13|-2271.74|640.25|621.21|123.46|
|兆易创新|603986.SH|2019-12-09|632.04|557.22|156.06|129.69|12.75|12.75|102|61.85|28.14|23.17|0.13|0.13|-2245.95|633|613.95|122.01|
|兆易创新|603986.SH|2019-12-06|623.05|549.29|153.84|127.84|12.57|12.57|100.55|60.97|27.74|22.84|0.13|0.13|-2214.01|624.01|604.96|120.23|
|兆易创新|603986.SH|2019-12-05|605.23|533.58|149.44|124.19|12.21|12.21|97.67|59.23|26.95|22.18|0.13|0.13|-2150.68|606.19|587.14|116.69|
|兆易创新|603986.SH|2019-12-04|583.39|514.33|144.05|119.71|11.77|11.77|94.15|57.09|25.98|21.38|0.14|0.14|-2073.1|584.35|565.31|112.35|
|兆易创新|603986.SH|2019-12-03|576.49|508.25|142.34|118.29|11.63|11.63|93.04|56.42|25.67|21.13|0.14|0.14|-2048.57|577.45|558.41|110.98|
|兆易创新|603986.SH|2019-12-02|550.97|485.74|136.04|113.05|11.12|11.12|88.92|53.92|24.53|20.19|0.14|0.15|-1957.86|551.93|532.88|105.9|
|兆易创新|603986.SH|2019-11-29|531.06|468.19|131.12|108.97|10.72|10.72|85.7|51.97|23.65|19.46|0.15|0.15|-1887.13|532.02|512.98|101.95|
|兆易创新|603986.SH|2019-11-28|535.52|472.13|132.23|109.88|10.81|10.81|86.42|52.41|23.85|19.63|0.15|0.15|-1902.99|536.48|517.44|102.83|
|兆易创新|603986.SH|2019-11-27|533.79|470.6|131.8|109.53|10.77|10.77|86.14|52.24|23.77|19.56|0.15|0.15|-1896.82|534.75|515.7|102.49|
|兆易创新|603986.SH|2019-11-26|522.94|461.03|129.12|107.3|10.55|10.55|84.39|51.18|23.29|19.17|0.15|0.16|-1858.26|523.9|504.85|100.33|
|兆易创新|603986.SH|2019-11-25|505.73|445.86|124.87|103.77|10.21|10.21|81.62|49.49|22.52|18.54|0.16|0.16|-1797.11|506.69|487.64|96.91|
|兆易创新|603986.SH|2019-11-22|519.82|458.28|128.35|106.66|10.49|10.49|83.89|50.87|23.15|19.05|0.15|0.16|-1847.19|520.78|501.74|99.71|
|兆易创新|603986.SH|2019-11-21|543.58|479.23|134.22|111.54|10.97|10.97|87.72|53.2|24.2|19.92|0.15|0.15|-1931.62|544.54|525.5|104.44|
|兆易创新|603986.SH|2019-11-20|547.05|482.29|135.07|112.25|11.04|11.04|88.28|53.54|24.36|20.05|0.15|0.15|-1943.95|548.01|528.97|105.12|
|兆易创新|603986.SH|2019-11-19|574.4|506.41|141.83|117.86|11.59|11.59|92.7|56.21|25.58|21.05|0.14|0.14|-2041.15|575.36|556.32|110.56|
|兆易创新|603986.SH|2019-11-18|554.18|488.57|136.83|113.71|11.18|11.18|89.43|54.23|24.68|20.31|0.14|0.15|-1969.27|555.14|536.09|106.54|
|兆易创新|603986.SH|2019-11-15|552.01|486.59|136.3|113.27|11.14|11.14|89.08|54.02|24.58|20.23|0.14|0.15|-1961.57|552.97|533.92|106.11|
|兆易创新|603986.SH|2019-11-14|580.84|512.01|143.42|119.18|11.72|11.72|93.74|56.84|25.86|21.29|0.14|0.14|-2064.04|581.8|562.76|111.84|
|兆易创新|603986.SH|2019-11-13|564.37|497.49|139.35|115.8|11.39|11.39|91.08|55.23|25.13|20.69|0.14|0.14|-2005.5|565.33|546.29|108.57|
|兆易创新|603986.SH|2019-11-12|525.35|463.1|129.72|107.8|10.6|10.6|84.78|51.41|23.39|19.26|0.15|0.15|-1866.86|526.31|507.27|100.81|
|兆易创新|603986.SH|2019-11-11|536.05|472.52|132.36|109.99|10.82|10.82|86.51|52.46|23.87|19.65|0.15|0.15|-1904.85|537.01|517.96|102.94|
|兆易创新|603986.SH|2019-11-08|536.24|472.69|132.4|110.03|10.82|10.82|86.54|52.48|23.88|19.65|0.15|0.15|-1905.54|537.2|518.16|102.98|
|兆易创新|603986.SH|2019-11-07|537.56|473.85|132.73|110.3|10.85|10.85|86.75|52.61|23.94|19.7|0.15|0.15|-1910.22|538.52|519.47|103.24|
|兆易创新|603986.SH|2019-11-06|544.37|479.85|134.41|111.7|10.98|10.98|87.85|53.27|24.24|19.95|0.15|0.15|-1934.41|545.32|526.28|104.59|
|兆易创新|603986.SH|2019-11-05|558.11|491.97|137.8|114.52|11.26|11.26|90.07|54.62|24.85|20.46|0.14|0.15|-1983.25|559.07|540.03|107.32|
|兆易创新|603986.SH|2019-11-04|530.24|467.4|130.92|108.8|10.7|10.7|85.57|51.89|23.61|19.43|0.15|0.15|-1884.2|531.2|512.15|101.78|
|兆易创新|603986.SH|2019-11-01|513.28|452.45|126.73|105.32|10.36|10.36|82.83|50.23|22.86|18.81|0.16|0.16|-1823.95|514.24|495.2|98.41|
|兆易创新|603986.SH|2019-10-31|494.3|435.72|122.05|101.43|9.97|9.97|79.77|48.37|22.01|18.12|0.16|0.16|-1756.51|495.26|476.22|94.64|
|兆易创新|603986.SH|2019-10-30|509.3|448.94|125.75|104.5|10.28|10.28|82.19|49.84|22.68|18.67|0.16|0.16|-1809.8|510.26|491.22|97.62|
|兆易创新|603986.SH|2019-10-29|464.02|409.03|114.57|129.82|12.86|7.65|74.89|59.01|20.66|19.82|0.17|0.17|-583.88|465.69|456.47|90.72|
|兆易创新|603986.SH|2019-10-28|479.31|422.5|118.35|134.1|13.28|7.91|77.35|60.96|21.34|20.47|0.17|0.17|-603.12|480.97|471.75|93.75|
|兆易创新|603986.SH|2019-10-25|456.63|402.52|112.75|127.75|12.66|7.53|73.69|58.08|20.33|19.5|0.17|0.18|-574.59|458.3|449.08|89.25|
|兆易创新|603986.SH|2019-10-24|438.62|386.64|108.3|122.71|12.16|7.23|70.79|55.78|19.53|18.73|0.18|0.19|-551.92|440.29|431.07|85.67|
|兆易创新|603986.SH|2019-10-23|452.78|399.12|111.8|126.67|12.55|7.47|73.07|57.59|20.16|19.34|0.18|0.18|-569.74|454.45|445.23|88.48|
|兆易创新|603986.SH|2019-10-22|454.23|400.4|112.15|127.08|12.59|7.49|73.3|57.77|20.23|19.4|0.18|0.18|-571.56|455.89|446.67|88.77|
|兆易创新|603986.SH|2019-10-21|435.09|383.53|107.43|121.72|12.06|7.18|70.22|55.34|19.37|18.58|0.18|0.19|-547.48|436.75|427.53|84.97|
|兆易创新|603986.SH|2019-10-18|423.88|373.65|104.66|118.59|11.75|6.99|68.41|53.91|18.87|18.1|0.19|0.19|-533.37|425.55|416.33|82.74|
|兆易创新|603986.SH|2019-10-17|442.25|389.84|109.2|123.73|12.26|7.29|71.37|56.25|19.69|18.89|0.18|0.18|-556.49|443.92|434.69|86.39|
|兆易创新|603986.SH|2019-10-16|440.9|388.65|108.86|123.35|12.22|7.27|71.15|56.07|19.63|18.83|0.18|0.18|-554.79|442.57|433.35|86.12|
|兆易创新|603986.SH|2019-10-15|444.75|392.05|109.81|124.43|12.33|7.34|71.78|56.56|19.8|19|0.18|0.18|-559.64|446.42|437.2|86.89|
|兆易创新|603986.SH|2019-10-14|471.41|415.54|116.39|131.89|13.07|7.78|76.08|59.95|20.99|20.13|0.17|0.17|-593.18|473.07|463.85|92.18|
|兆易创新|603986.SH|2019-10-11|453.42|399.69|111.95|126.85|12.57|7.48|73.17|57.67|20.19|19.37|0.18|0.18|-570.55|455.09|445.87|88.61|
|兆易创新|603986.SH|2019-10-10|470.48|414.72|116.16|131.62|13.04|7.76|75.93|59.84|20.95|20.09|0.17|0.17|-592.01|472.14|462.92|92|
|兆易创新|603986.SH|2019-10-09|458.11|403.82|113.11|128.17|12.7|7.56|73.93|58.26|20.4|19.57|0.17|0.18|-576.45|459.78|450.56|89.54|
|兆易创新|603986.SH|2019-10-08|450.69|397.28|111.28|126.09|12.49|7.43|72.73|57.32|20.07|19.25|0.18|0.18|-567.11|452.36|443.14|88.07|
|兆易创新|603986.SH|2019-09-30|466.85|411.52|115.27|130.61|12.94|7.7|75.34|59.37|20.79|19.94|0.17|0.17|-587.44|468.51|459.29|91.28|
|兆易创新|603986.SH|2019-09-27|475.32|418.99|117.36|132.98|13.17|7.84|76.71|60.45|21.17|20.3|0.17|0.17|-598.11|476.99|467.77|92.96|
|兆易创新|603986.SH|2019-09-26|476.9|420.38|117.75|133.42|13.22|7.87|76.96|60.65|21.24|20.37|0.17|0.17|-600.09|478.56|469.34|93.28|
|兆易创新|603986.SH|2019-09-25|507.67|447.4|125.35|142.03|14.07|8.46|81.93|64.57|22.61|21.68|0.16|0.16|-638.81|509.34|500.11|99.39|
|兆易创新|603986.SH|2019-09-24|554.15|488.36|136.82|155.03|15.36|9.23|89.43|70.48|24.68|23.67|0.14|0.15|-697.29|555.81|546.59|108.63|
|兆易创新|603986.SH|2019-09-23|577.9|509.29|142.69|161.68|16.02|9.63|93.26|73.5|25.73|24.68|0.14|0.14|-727.18|579.57|570.34|113.35|
|兆易创新|603986.SH|2019-09-20|525.36|462.99|129.72|146.98|14.56|8.75|84.78|66.82|23.39|22.44|0.15|0.15|-661.07|527.03|517.81|102.91|
|兆易创新|603986.SH|2019-09-19|481.77|424.57|118.95|134.78|13.35|8.03|77.75|61.27|21.45|20.58|0.17|0.17|-606.22|483.44|474.21|94.24|
|兆易创新|603986.SH|2019-09-18|472.47|416.38|116.66|132.18|13.1|7.87|76.25|60.09|21.04|20.18|0.17|0.17|-594.52|474.14|464.92|92.4|
|兆易创新|603986.SH|2019-09-17|461.64|406.83|113.98|129.15|12.79|7.69|74.5|58.71|20.56|19.72|0.17|0.18|-580.89|463.31|454.08|90.24|
|兆易创新|603986.SH|2019-09-16|480.68|423.61|118.68|134.48|13.32|8.01|77.57|61.13|21.4|20.53|0.17|0.17|-604.85|482.35|473.12|94.03|
|兆易创新|603986.SH|2019-09-12|484.65|427.11|119.67|135.59|13.43|8.07|78.21|61.64|21.58|20.7|0.16|0.17|-609.85|486.32|477.1|94.82|
|兆易创新|603986.SH|2019-09-11|483.12|425.76|119.29|135.16|13.39|8.05|77.97|61.44|21.51|20.63|0.16|0.17|-607.91|484.78|475.56|94.51|
|兆易创新|603986.SH|2019-09-10|493.6|435|121.87|138.09|13.68|8.22|79.66|62.78|21.98|21.08|0.16|0.16|-621.1|495.26|486.04|96.59|
|兆易创新|603986.SH|2019-09-09|497.16|438.13|122.75|139.09|13.78|8.28|80.23|63.23|22.14|21.23|0.16|0.16|-625.58|498.82|489.6|97.3|
|兆易创新|603986.SH|2019-09-06|451.96|398.3|111.59|126.44|12.53|7.53|72.94|57.48|20.12|19.3|0.18|0.18|-568.71|453.63|444.4|88.32|
|兆易创新|603986.SH|2019-09-05|454.84|400.47|112.31|127.25|12.61|7.59|73.4|57.85|20.25|19.43|0.18|0.18|-572.34|456.51|447.29|88.89|
|兆易创新|603986.SH|2019-09-04|464.04|408.57|114.58|129.83|12.86|7.75|74.89|59.02|20.66|19.82|0.17|0.17|-583.91|465.71|456.49|90.72|
|兆易创新|603986.SH|2019-09-03|461.42|406.25|113.93|129.09|12.79|7.7|74.46|58.68|20.55|19.71|0.17|0.18|-580.61|463.08|453.86|90.2|
|兆易创新|603986.SH|2019-09-02|440.04|387.43|108.65|123.11|12.2|7.35|71.01|55.96|19.59|18.79|0.18|0.18|-553.7|441.7|432.48|85.95|
|兆易创新|603986.SH|2019-08-30|421.67|371.26|104.11|117.97|11.69|7.04|68.05|53.63|18.78|18.01|0.19|0.19|-530.59|423.34|414.11|82.3|
|兆易创新|603986.SH|2019-08-29|394.55|347.38|97.42|110.38|10.94|6.59|63.67|50.18|17.57|16.85|0.2|0.21|-496.47|396.22|387|76.91|
|兆易创新|603986.SH|2019-08-28|384.65|338.66|94.97|107.61|10.66|6.42|62.08|48.92|17.13|16.43|0.21|0.21|-484.01|386.31|377.09|74.94|
|兆易创新|603986.SH|2019-08-27|389.45|342.9|96.16|109.6|19.48|8.95|62.85|63.1|17.34|18.03|0.2|0.21|-678|392.31|383.22|76.16|
|兆易创新|603986.SH|2019-08-26|364.93|321.31|90.11|102.7|18.25|8.39|58.89|59.13|16.25|16.89|0.22|0.22|-635.32|367.79|358.7|71.29|
|兆易创新|603986.SH|2019-08-23|367.98|323.99|90.86|103.55|18.4|8.46|59.39|59.62|16.39|17.03|0.22|0.22|-640.62|370.84|361.75|71.89|
|兆易创新|603986.SH|2019-08-22|360.61|317.5|89.04|101.48|18.03|8.29|58.2|58.43|16.06|16.69|0.22|0.23|-627.78|363.47|354.38|70.43|
|兆易创新|603986.SH|2019-08-21|355.12|312.67|87.68|99.94|17.76|8.16|57.31|57.54|15.81|16.44|0.22|0.23|-618.24|357.98|348.89|69.34|
|兆易创新|603986.SH|2019-08-20|329.58|290.18|81.38|92.75|16.48|7.58|53.19|53.4|14.68|15.25|0.24|0.25|-573.77|332.44|323.35|64.26|
|兆易创新|603986.SH|2019-08-19|324.48|285.69|80.12|91.31|16.23|7.46|52.37|52.58|14.45|15.02|0.25|0.25|-564.89|327.34|318.25|63.25|
|兆易创新|603986.SH|2019-08-16|308.77|200.85|76.24|86.89|15.44|7.1|49.83|50.03|13.75|14.29|0.26|0.26|-537.55|311.63|302.54|60.13|
|兆易创新|603986.SH|2019-08-15|290.38|188.88|71.7|81.71|14.52|6.68|46.86|47.05|12.93|13.44|0.27|0.28|-505.52|293.24|284.15|56.47|
|兆易创新|603986.SH|2019-08-14|294.29|191.43|72.66|82.81|14.72|6.77|47.49|47.68|13.1|13.62|0.27|0.28|-512.33|297.15|288.06|57.25|
|兆易创新|603986.SH|2019-08-13|279.51|181.81|69.01|78.66|13.98|6.43|45.11|45.29|12.45|12.94|0.28|0.29|-486.6|282.37|273.28|54.31|
|兆易创新|603986.SH|2019-08-12|278.87|181.4|68.86|78.48|13.95|6.41|45|45.19|12.42|12.91|0.29|0.29|-485.49|281.73|272.64|54.18|
|兆易创新|603986.SH|2019-08-09|276.3|179.73|68.22|77.75|13.82|6.35|44.59|44.77|12.3|12.79|0.29|0.29|-481.02|279.16|270.07|53.67|
|兆易创新|603986.SH|2019-08-08|272.76|184.9|67.35|76.76|13.64|7.99|44.02|44.2|12.15|12.62|0.29|0.3|-474.86|275.62|266.53|52.97|
|兆易创新|603986.SH|2019-08-07|268.92|182.29|66.4|75.68|13.45|7.88|43.4|43.57|11.97|12.45|0.3|0.3|-468.16|271.78|262.69|52.21|
|兆易创新|603986.SH|2019-08-06|270.27|183.21|66.73|76.06|13.52|7.92|43.62|43.79|12.03|12.51|0.29|0.3|-470.52|273.13|264.04|52.47|
|兆易创新|603986.SH|2019-08-05|277.25|187.94|68.46|78.02|13.86|8.12|44.74|44.92|12.35|12.83|0.29|0.29|-482.68|280.11|271.02|53.86|
|兆易创新|603986.SH|2019-08-02|286.36|194.12|70.7|80.58|14.32|8.39|46.21|46.4|12.75|13.25|0.28|0.28|-498.53|289.22|280.13|55.67|
|兆易创新|603986.SH|2019-08-01|283.9|192.45|70.1|79.89|14.2|8.32|45.82|46|12.64|13.14|0.28|0.29|-494.24|286.76|277.67|55.18|
|兆易创新|603986.SH|2019-07-31|300.82|203.91|74.27|84.65|15.04|8.81|48.55|48.74|13.39|13.92|0.26|0.27|-523.69|303.68|294.59|58.54|
|兆易创新|603986.SH|2019-07-30|301.62|204.46|74.47|84.88|15.08|8.84|48.68|48.87|13.43|13.96|0.26|0.27|-525.09|304.48|295.39|58.7|
|兆易创新|603986.SH|2019-07-29|312.5|211.84|77.16|87.94|15.63|9.16|50.43|50.64|13.92|14.46|0.25|0.26|-544.04|315.36|306.27|60.87|
|兆易创新|603986.SH|2019-07-26|314.04|212.88|77.54|88.37|15.7|9.2|50.68|50.89|13.98|14.53|0.25|0.26|-546.72|316.9|307.81|61.17|
|兆易创新|603986.SH|2019-07-25|316.66|214.65|78.19|89.11|15.83|9.28|51.1|51.31|14.1|14.66|0.25|0.26|-551.27|319.52|310.43|61.69|
|兆易创新|603986.SH|2019-07-24|308.41|209.06|76.15|86.79|15.42|9.04|49.77|49.97|13.73|14.27|0.26|0.26|-536.92|311.27|302.18|60.05|
|兆易创新|603986.SH|2019-07-23|310.35|210.38|76.63|87.34|15.52|9.09|50.09|50.29|13.82|14.36|0.26|0.26|-540.29|313.21|304.12|60.44|
|兆易创新|603986.SH|2019-07-22|294.57|199.68|72.73|82.9|14.73|8.63|47.54|47.73|13.12|13.63|0.27|0.28|-512.82|297.43|288.34|57.3|
|兆易创新|603986.SH|2019-07-19|301.22|204.19|74.37|84.76|15.06|8.82|48.61|48.81|13.41|13.94|0.26|0.27|-524.39|304.08|294.99|58.62|
|兆易创新|603986.SH|2019-07-18|297.89|201.93|73.55|83.83|14.9|8.73|48.07|48.27|13.26|13.79|0.27|0.27|-518.61|300.75|291.66|57.96|
|兆易创新|603986.SH|2019-07-17|309.06|209.5|76.31|86.97|15.45|9.05|49.88|50.08|13.76|14.3|0.26|0.26|-538.04|311.92|302.83|60.18|
|兆易创新|603986.SH|2019-07-16|313.06|212.21|77.3|88.1|15.65|9.17|50.52|50.73|13.94|14.49|0.25|0.26|-545|315.92|306.83|60.98|
|兆易创新|603986.SH|2019-07-15|303.28|205.58|74.88|85.34|15.17|8.89|48.94|49.14|13.5|14.04|0.26|0.27|-527.98|306.14|297.05|59.03|
|兆易创新|603986.SH|2019-07-12|282.42|191.45|69.73|79.48|14.12|8.27|45.58|45.76|12.58|13.07|0.28|0.29|-491.67|285.28|276.19|54.89|
|兆易创新|603986.SH|2019-07-11|286.05|193.91|70.63|80.5|14.3|8.38|46.16|46.35|12.74|13.24|0.28|0.28|-497.99|288.91|279.82|55.61|
|兆易创新|603986.SH|2019-07-10|285.99|193.86|70.61|80.48|14.3|8.38|46.15|46.34|12.73|13.24|0.28|0.28|-497.88|288.85|279.76|55.6|
|兆易创新|603986.SH|2019-07-09|272.18|184.5|67.2|76.59|13.61|7.97|43.93|44.1|12.12|12.6|0.29|0.3|-473.84|275.04|265.95|52.85|
|兆易创新|603986.SH|2019-07-08|269.75|182.86|66.6|75.91|13.49|7.9|43.53|43.71|12.01|12.48|0.3|0.3|-469.61|272.61|263.52|52.37|
|兆易创新|603986.SH|2019-07-05|286.51|194.22|70.74|80.63|14.33|8.39|46.24|46.42|12.76|13.26|0.28|0.28|-498.79|289.37|280.28|55.7|
|兆易创新|603986.SH|2019-07-04|287.44|194.84|70.97|80.89|14.37|8.42|46.39|46.57|12.8|13.3|0.28|0.28|-500.4|290.3|281.21|55.89|
|兆易创新|603986.SH|2019-07-03|283.53|192.2|70.01|79.79|14.18|8.31|45.76|45.94|12.62|13.12|0.28|0.29|-493.6|286.39|277.3|55.11|
|兆易创新|603986.SH|2019-07-02|279.59|189.53|69.03|78.68|13.98|8.19|45.12|45.3|12.45|12.94|0.28|0.29|-486.75|282.45|273.36|54.33|
|兆易创新|603986.SH|2019-07-01|260.17|190.4|64.24|73.21|13.01|13.22|41.99|42.16|11.58|12.04|0.31|0.31|-452.92|263.03|253.94|50.47|
|兆易创新|603986.SH|2019-06-28|247|180.77|60.99|69.51|12.35|12.55|39.86|40.02|11|11.43|0.32|0.33|-430.01|249.86|240.77|47.85|
|兆易创新|603986.SH|2019-06-27|246.06|180.08|60.76|69.24|12.3|12.5|39.71|39.87|10.96|11.39|0.32|0.33|-428.37|248.92|239.83|47.66|
|兆易创新|603986.SH|2019-06-26|244.81|179.17|60.45|68.89|12.24|12.44|39.51|39.67|10.9|11.33|0.33|0.33|-426.19|247.67|238.58|47.41|
|兆易创新|603986.SH|2019-06-25|231.19|169.2|57.08|65.06|11.56|11.75|37.31|37.46|10.29|10.7|0.34|0.35|-402.48|234.05|224.96|44.71|
|兆易创新|603986.SH|2019-06-24|240.96|176.35|59.5|67.81|12.05|12.24|38.89|39.04|10.73|11.15|0.33|0.34|-419.5|243.82|234.73|46.65|
|兆易创新|603986.SH|2019-06-21|246.29|180.25|60.81|69.31|12.32|12.51|39.75|39.91|10.97|11.4|0.32|0.33|-428.77|249.15|240.06|47.71|
|兆易创新|603986.SH|2019-06-20|239.03|174.01|59.02|67.26|11.95|12.46|38.57|38.73|10.64|11.06|0.33|0.34|-416.12|241.89|232.8|46.26|
|兆易创新|603986.SH|2019-06-19|229.51|167.08|56.67|64.59|11.48|11.96|37.04|37.19|10.22|10.62|0.35|0.35|-399.56|232.37|223.28|44.37|
|兆易创新|603986.SH|2019-06-18|217.29|158.18|53.65|61.15|10.87|11.33|35.07|35.21|9.68|10.06|0.37|0.37|-378.28|220.15|211.06|41.94|
|兆易创新|603986.SH|2019-06-17|219.71|159.94|54.25|61.83|10.99|11.45|35.46|35.6|9.78|10.17|0.36|0.37|-382.5|222.57|213.48|42.43|
|兆易创新|603986.SH|2019-06-14|225.1|163.86|55.58|63.34|11.26|11.73|36.33|36.47|10.02|10.42|0.35|0.36|-391.87|227.95|218.86|43.5|
|兆易创新|603986.SH|2019-06-13|221.82|161.48|54.77|62.42|11.09|11.56|35.8|35.94|9.88|10.27|0.36|0.37|-386.17|224.68|215.59|42.85|
|兆易创新|603986.SH|2019-06-12|222.02|161.62|54.82|62.48|11.1|11.57|35.83|35.97|9.89|10.28|0.36|0.37|-386.51|224.88|215.79|42.88|
|兆易创新|603986.SH|2019-06-11|223.07|162.39|55.08|62.77|11.15|11.63|36|36.15|9.93|10.32|0.36|0.36|-388.35|225.93|216.84|43.09|
|兆易创新|603986.SH|2019-06-10|216.61|157.68|53.48|60.95|10.83|11.29|34.96|35.1|9.64|10.03|0.37|0.37|-377.09|219.46|210.38|41.81|
|兆易创新|603986.SH|2019-06-06|211.96|154.3|52.34|59.65|10.6|11.05|34.21|34.34|9.44|9.81|0.38|0.38|-369.01|214.82|205.73|40.89|
|兆易创新|603986.SH|2019-06-05|214.18|155.92|52.88|60.27|10.71|11.16|34.57|34.7|9.54|9.91|0.37|0.38|-372.87|217.04|207.95|41.33|
|兆易创新|603986.SH|2019-06-04|215.04|156.54|53.1|60.51|10.75|11.21|34.7|34.84|9.58|9.95|0.37|0.38|-374.36|217.9|208.81|41.5|
|兆易创新|603986.SH|2019-06-03|213.96|155.76|52.83|60.21|10.7|11.15|34.53|34.67|9.53|9.9|0.37|0.38|-372.48|216.82|207.73|41.28|
|兆易创新|603986.SH|2019-05-31|219.4|159.72|54.17|61.74|10.97|10.97|35.41|35.55|9.77|10.15|0.36||-381.95|222.26|213.17|42.36|
|兆易创新|603986.SH|2019-05-30|224.75|163.62|55.49|63.25|11.24|11.24|36.27|36.42|10.01|10.4|0.35||-391.28|227.61|218.52|43.43|
|兆易创新|603986.SH|2019-05-29|240.42|175.02|59.36|67.66|12.02|12.02|38.8|38.96|10.71|11.13|0.33||-418.55|243.28|234.19|46.54|
|兆易创新|603986.SH|2019-05-28|238.8|173.84|58.96|67.2|11.94|11.94|38.54|38.69|10.63|11.05|0.33||-415.73|241.66|232.57|46.22|
|兆易创新|603986.SH|2019-05-27|242.27|176.37|59.82|68.18|12.12|12.12|39.1|39.26|10.79|11.21|0.33||-421.78|245.13|236.04|46.91|
|兆易创新|603986.SH|2019-05-24|232.25|169.07|57.34|65.36|11.61|11.61|37.48|37.63|10.34|10.75|0.34||-404.32|235.11|226.02|44.92|
|兆易创新|603986.SH|2019-05-23|241.73|175.98|59.69|68.03|12.09|12.09|39.01|39.17|10.76|11.19|0.33||-420.84|244.59|235.5|46.8|
|兆易创新|603986.SH|2019-05-22|248.29|180.75|61.3|69.87|12.42|12.42|40.07|40.23|11.06|11.49|0.32||-432.24|251.15|242.06|48.1|
|兆易创新|603986.SH|2019-05-21|230.39|167.72|56.89|64.83|11.52|11.52|37.18|37.33|10.26|10.66|0.35||-401.1|233.25|224.16|44.55|
|兆易创新|603986.SH|2019-05-20|232.13|168.99|57.32|65.32|11.61|11.61|37.46|37.61|10.34|10.74|0.34|0.34|-404.12|234.99|225.9|44.89|
|兆易创新|603986.SH|2019-05-17|223.13|162.43|55.09|62.79|11.16|11.16|36.01|36.15|9.94|10.33|0.36|0.36|-388.45|225.99|216.9|43.11|
|兆易创新|603986.SH|2019-05-16|227.32|165.48|56.13|63.97|11.37|11.37|36.69|36.83|10.12|10.52|0.35|0.35|-395.74|230.18|221.09|43.94|
|兆易创新|603986.SH|2019-05-15|231.33|168.41|57.12|65.1|11.57|11.57|37.33|37.48|10.3|10.71|0.34|0.34|-402.73|234.19|225.1|44.74|
|兆易创新|603986.SH|2019-05-14|227.55|165.65|56.18|64.03|11.38|11.38|36.72|36.87|10.13|10.53|0.35|0.35|-396.14|230.4|221.32|43.98|
|兆易创新|603986.SH|2019-05-13|234.75|170.9|57.96|66.06|11.74|11.74|37.89|38.04|10.45|10.87|0.34|0.34|-408.68|237.61|228.52|45.42|
|兆易创新|603986.SH|2019-05-10|242.9|176.83|59.97|68.35|12.15|12.15|39.2|39.36|10.82|11.24|0.33|0.33|-422.87|245.76|236.67|47.03|
|兆易创新|603986.SH|2019-05-09|226.92|165.19|56.03|63.86|11.35|11.35|36.62|36.77|10.1|10.5|0.35|0.35|-395.04|229.78|220.69|43.86|
|兆易创新|603986.SH|2019-05-08|224.78|163.64|55.5|63.26|11.24|11.24|36.28|36.42|10.01|10.4|0.35|0.35|-391.32|227.64|218.55|43.43|
|兆易创新|603986.SH|2019-05-07|214.64|156.25|53|60.4|10.73|10.73|34.64|34.78|9.56|9.93|0.37|0.37|-373.67|217.5|208.41|41.42|
|兆易创新|603986.SH|2019-05-06|212.76|154.88|52.53|59.87|10.64|10.64|34.34|34.47|9.47|9.85|0.37|0.37|-370.39|215.62|206.53|41.04|
|兆易创新|603986.SH|2019-04-30|236.41|172.1|58.37|66.53|11.82|11.82|38.15|38.31|10.53|10.94|0.34|0.34|-411.56|239.27|230.18|45.74|
|兆易创新|603986.SH|2019-04-29|248.26|180.73|62.47|58.37|12.99|12.99|125.57|95.57|12.23|11.11|0.32|0.32||251.67|244.28|50.3|
|兆易创新|603986.SH|2019-04-26|275.49|200.55|69.32|64.78|14.42|14.42|139.35|106.05|13.57|12.33|0.29|0.29||278.9|271.51|55.91|
|兆易创新|603986.SH|2019-04-25|283.95|206.71|71.45|66.77|14.86|14.86|143.63|109.31|13.99|12.71|0.28|0.28||287.36|279.98|57.65|
|兆易创新|603986.SH|2019-04-24|299.22|217.83|75.29|70.36|15.66|15.66|151.35|115.19|14.74|13.4|0.27|0.27||302.63|295.25|60.8|
|兆易创新|603986.SH|2019-04-23|285.75|208.02|71.9|67.19|14.95|14.95|144.53|110|14.08|12.79|0.28|0.28||289.16|281.77|58.02|
|兆易创新|603986.SH|2019-04-22|285.21|207.63|71.77|67.06|14.93|14.93|144.26|109.79|14.05|12.77|0.28|0.28||288.62|281.23|57.91|
|兆易创新|603986.SH|2019-04-19|282.33|205.53|71.04|66.38|14.78|14.78|142.8|108.68|13.91|12.64|0.28|0.28||285.74|278.35|57.32|
|兆易创新|603986.SH|2019-04-18|283.67|206.51|71.38|66.7|14.85|14.85|143.48|109.2|13.98|12.7|0.28|0.28||287.08|279.69|57.59|
|兆易创新|603986.SH|2019-04-17|291.22|212|73.28|68.47|15.24|15.24|147.3|112.1|14.35|13.04|0.27|0.27||294.63|287.24|59.15|
|兆易创新|603986.SH|2019-04-16|294.3|214.24|74.05|69.2|15.4|15.4|148.86|113.29|14.5|13.17|0.27|0.27||297.7|290.32|59.78|
|兆易创新|603986.SH|2019-04-15|283.01|206.03|71.21|66.54|14.81|14.81|143.15|108.95|13.94|12.67|0.28|0.28||286.42|279.04|57.46|
|兆易创新|603986.SH|2019-04-12|290.59|211.55|73.12|68.33|15.21|15.21|146.98|111.86|14.32|13.01|0.27|0.27||294|286.61|59.02|
|兆易创新|603986.SH|2019-04-11|296.15|215.59|74.52|69.63|15.5|15.5|149.79|114|14.59|13.26|0.27|0.27||299.56|292.17|60.16|
|兆易创新|603986.SH|2019-04-10|307.12|223.57|77.28|72.21|16.07|16.07|155.34|118.22|15.13|13.75|0.26|0.26||310.52|303.14|62.42|
|兆易创新|603986.SH|2019-04-09|314.38|228.86|79.11|73.92|16.45|16.45|159.02|121.02|15.49|14.07|0.25|0.25||317.79|310.4|63.92|
|兆易创新|603986.SH|2019-04-08|319.85|232.84|80.48|75.21|16.74|16.74|161.78|123.13|15.76|14.32|0.25|0.25||323.26|315.87|65.05|
|兆易创新|603986.SH|2019-04-04|339.11|246.86|85.33|79.73|17.75|17.75|171.52|130.54|16.71|15.18|0.23|0.23||342.52|335.13|69.01|
|兆易创新|603986.SH|2019-04-03|308.28|224.42|77.57|72.49|16.13|16.13|155.93|118.67|15.19|13.8|0.26|0.26||311.69|304.31|62.66|
|兆易创新|603986.SH|2019-04-02|308.28|224.42|77.57|72.49|16.13|16.13|155.93|118.67|15.19|13.8|0.26|0.26||311.69|304.31|62.66|
|兆易创新|603986.SH|2019-04-01|296.86|216.11|74.7|69.8|15.54|15.54|150.15|114.28|14.63|13.29|0.27|0.27||300.27|292.88|60.31|
|兆易创新|603986.SH|2019-03-29|289.42|210.69|72.83|68.05|15.15|15.15|146.39|111.41|14.26|12.96|0.28|0.28||292.83|285.45|58.78|
|兆易创新|603986.SH|2019-03-28|279.81|203.87|70.41|65.79|14.64|14.64|141.53|107.71|13.79|12.53|0.28|0.28||283.21|275.83|56.8|
|兆易创新|603986.SH|2019-03-27|279.24|203.46|70.26|65.66|14.61|14.61|141.24|107.49|13.76|12.5|0.29|0.29||282.64|275.26|56.68|
|兆易创新|603986.SH|2019-03-26|284.64|207.4|71.62|66.93|14.9|14.9|143.97|109.57|14.02|12.74|0.28|0.28||288.05|280.67|57.8|
|兆易创新|603986.SH|2019-03-25|292.9|213.41|73.7|68.87|15.33|15.33|148.15|112.75|14.43|13.11|0.27|0.27||296.31|288.92|59.5|
|兆易创新|603986.SH|2019-03-22|296.03|215.69|74.49|69.61|15.49|15.49|149.73|113.96|14.58|13.25|0.27|0.27||299.44|292.05|60.14|
|兆易创新|603986.SH|2019-03-21|290.88|211.94|73.19|68.39|15.22|15.22|147.13|111.97|14.33|13.02|0.27|0.27||294.29|286.9|59.08|
|兆易创新|603986.SH|2019-03-20|288.57|210.26|72.61|67.85|15.1|15.1|145.96|111.09|14.22|12.92|0.28|0.28||291.98|284.59|58.6|
|兆易创新|603986.SH|2019-03-19|297.71|216.92|74.91|70|15.58|15.58|150.58|114.6|14.67|13.33|0.27|0.27||301.12|293.73|60.49|
|兆易创新|603986.SH|2019-03-18|289.74|211.11|72.91|68.13|15.16|15.16|146.55|111.54|14.27|12.97|0.27|0.27||293.15|285.76|58.84|
|兆易创新|603986.SH|2019-03-15|278.95|203.25|70.19|65.59|14.6|14.6|141.1|107.38|13.74|12.49|0.29|0.29||282.36|274.97|56.62|
|兆易创新|603986.SH|2019-03-14|286.07|208.43|71.98|67.26|14.97|14.97|144.69|110.12|14.09|12.81|0.28|0.28||289.48|282.09|58.09|
|兆易创新|603986.SH|2019-03-13|297.45|216.73|74.85|69.94|15.57|15.57|150.45|114.5|14.65|13.32|0.27|0.27||300.86|293.48|60.43|
|兆易创新|603986.SH|2019-03-12|324.49|236.43|81.65|76.3|16.98|16.98|164.13|124.91|15.99|14.53|0.25|0.25||327.9|320.52|66|
|兆易创新|603986.SH|2019-03-11|307.73|224.22|77.43|72.36|16.1|16.1|155.65|118.46|15.16|13.78|0.26|0.26||311.14|303.75|62.55|
|兆易创新|603986.SH|2019-03-08|301.44|219.63|75.85|70.88|15.78|15.78|152.47|116.04|14.85|13.49|0.26|0.26||304.85|297.46|61.25|
|兆易创新|603986.SH|2019-03-07|297.45|216.73|74.85|69.94|15.57|15.57|150.45|114.5|14.65|13.32|0.27|0.27||300.86|293.48|60.43|
|兆易创新|603986.SH|2019-03-06|304.43|221.81|76.6|71.58|15.93|15.93|153.98|117.19|15|13.63|0.26|0.26||307.84|300.45|61.87|
|兆易创新|603986.SH|2019-03-05|302.8|220.63|76.19|71.2|15.85|15.85|153.16|116.56|14.92|13.56|0.26|0.26||306.21|298.83|61.54|
|兆易创新|603986.SH|2019-03-04|275.28|200.57|69.27|64.73|14.41|14.41|139.24|105.97|13.56|12.32|0.29|0.29||278.69|271.3|55.87|
|兆易创新|603986.SH|2019-03-01|262.47|191.24|66.04|61.71|13.74|13.74|132.76|101.04|12.93|11.75|0.3|0.3||265.88|258.49|53.23|
|兆易创新|603986.SH|2019-02-28|261.87|190.81|65.89|61.57|13.7|13.7|132.46|100.81|12.9|11.72|0.3|0.3||265.28|257.89|53.11|
|兆易创新|603986.SH|2019-02-27|263.58|192.05|66.32|61.98|13.79|13.79|133.32|101.47|12.99|11.8|0.3|0.3||266.99|259.6|53.46|
|兆易创新|603986.SH|2019-02-26|265.03|193.11|66.69|62.32|13.87|13.87|134.06|102.02|13.06|11.86|0.3|0.3||268.44|261.05|53.76|
|兆易创新|603986.SH|2019-02-25|254.27|185.27|63.98|59.79|13.31|13.31|128.61|97.88|12.53|11.38|0.31|0.31||257.68|250.29|51.54|
|兆易创新|603986.SH|2019-02-22|231.16|168.43|58.17|54.35|12.1|12.1|116.92|88.98|11.39|10.35|0.34|0.34||234.57|227.18|46.78|
|兆易创新|603986.SH|2019-02-21|219.49|159.92|55.23|51.61|11.49|11.49|111.02|84.49|10.81|9.83|0.36|0.36||222.9|215.51|44.38|
|兆易创新|603986.SH|2019-02-20|217.75|158.66|54.79|51.2|11.4|11.4|110.14|83.82|10.73|9.75|0.37|0.37||221.16|213.77|44.02|
|兆易创新|603986.SH|2019-02-19|223.13|162.58|56.15|52.46|11.68|11.68|112.86|85.9|10.99|9.99|0.36|0.36||226.54|219.15|45.13|
|兆易创新|603986.SH|2019-02-18|223.73|163.01|56.3|52.61|11.71|11.71|113.16|86.13|11.02|10.02|0.36|0.36||227.14|219.75|45.25|
|兆易创新|603986.SH|2019-02-15|212.63|154.93|53.5|50|11.13|11.13|107.55|81.85|10.48|9.52|0.37|0.37||216.04|208.65|42.97|
|兆易创新|603986.SH|2019-02-14|219.46|159.9|55.22|51.6|11.49|11.49|111|84.48|10.81|9.82|0.36|0.36||222.87|215.48|44.37|
|兆易创新|603986.SH|2019-02-13|214.48|156.27|53.97|50.43|11.22|11.22|108.49|82.56|10.57|9.6|0.37|0.37||217.89|210.5|43.35|
|兆易创新|603986.SH|2019-02-12|211.04|153.76|53.1|49.62|11.04|11.04|106.74|81.24|10.4|9.45|0.38|0.38||214.44|207.06|42.64|
|兆易创新|603986.SH|2019-02-11|214.11|156|53.88|50.34|11.21|11.21|108.3|82.42|10.55|9.59|0.37|0.37||217.52|210.13|43.27|
|兆易创新|603986.SH|2019-02-01|202.27|147.38|50.9|47.56|10.59|10.59|102.31|77.86|9.97|9.05|0.39|0.39||205.68|198.29|40.83|
|兆易创新|603986.SH|2019-01-31|192.68|140.39|48.48|45.3|10.08|10.08|97.46|74.17|9.49|8.63|0.41|0.41||196.08|188.7|38.86|
|兆易创新|603986.SH|2019-01-30|191.05|139.2|48.07|44.92|10|10|96.64|73.55|9.41|8.55|0.42|0.42||194.46|187.08|38.52|
|兆易创新|603986.SH|2019-01-29|196.97|143.52|49.56|46.31|10.31|10.31|99.63|75.83|9.7|8.82|0.4|0.4||200.38|193|39.74|
|兆易创新|603986.SH|2019-01-28|198.97|144.97|50.06|46.78|10.41|10.41|100.64|76.59|9.8|8.91|0.4|0.4||202.38|194.99|40.15|
|兆易创新|603986.SH|2019-01-25|198.45|144.6|49.94|46.66|10.39|10.39|100.38|76.39|9.78|8.88|0.4|0.4||201.86|194.48|40.05|
|兆易创新|603986.SH|2019-01-24|194.13|141.44|48.85|45.64|10.16|10.16|98.19|74.73|9.56|8.69|0.41|0.41||197.54|190.15|39.16|
|兆易创新|603986.SH|2019-01-23|185.02|134.81|46.56|43.5|9.68|9.68|93.58|71.22|9.12|8.28|0.43|0.43||188.43|181.04|37.28|
|兆易创新|603986.SH|2019-01-22|187.87|136.88|47.27|44.17|9.83|9.83|95.02|72.32|9.26|8.41|0.42|0.42||191.27|183.89|37.87|
|兆易创新|603986.SH|2019-01-21|191.99|139.89|48.31|45.14|10.05|10.05|97.11|73.91|9.46|8.6|0.41|0.41||195.4|188.01|38.72|
|兆易创新|603986.SH|2019-01-18|174.54|127.18|43.92|41.04|9.13|9.13|88.29|67.19|8.6|7.81|0.46|0.46||177.95|170.57|35.12|
|兆易创新|603986.SH|2019-01-17|171.47|124.94|43.15|40.32|8.97|8.97|86.73|66.01|8.45|7.68|0.46|0.46||174.88|167.49|34.49|
|兆易创新|603986.SH|2019-01-16|173.06|126.1|43.55|40.69|9.06|9.06|87.54|66.62|8.53|7.75|0.46|0.46||176.47|169.09|34.82|
|兆易创新|603986.SH|2019-01-15|171.07|124.65|43.05|40.22|8.95|8.95|86.53|65.85|8.43|7.66|0.47|0.47||174.48|167.09|34.41|
|兆易创新|603986.SH|2019-01-14|166.46|121.29|41.89|39.14|8.71|8.71|84.2|64.08|8.2|7.45|0.48|0.48||169.87|162.48|33.46|
|兆易创新|603986.SH|2019-01-11|174.29|126.99|43.86|40.98|9.12|9.12|88.16|67.09|8.59|7.8|0.46|0.46||177.7|170.31|35.07|
|兆易创新|603986.SH|2019-01-10|173.97|126.76|43.78|40.91|9.1|9.1|88|66.97|8.57|7.79|0.46|0.46||177.38|170|35.01|
|兆易创新|603986.SH|2019-01-09|176.82|128.84|44.49|41.58|9.25|9.25|89.44|68.07|8.71|7.92|0.45|0.45||180.23|172.84|35.59|
|兆易创新|603986.SH|2019-01-08|174.2|126.93|43.83|40.96|9.12|9.12|88.11|67.06|8.58|7.8|0.46|0.46||177.61|170.22|35.05|
|兆易创新|603986.SH|2019-01-07|179.04|130.45|45.05|42.1|9.37|9.37|90.56|68.92|8.82|8.02|0.44|0.44||182.45|175.06|36.05|
|兆易创新|603986.SH|2019-01-04|172.86|125.95|43.5|40.65|9.05|9.05|87.44|66.54|8.52|7.74|0.46|0.46||176.27|168.89|34.78|
|兆易创新|603986.SH|2019-01-03|168.51|122.78|42.4|39.62|8.82|8.82|85.23|64.87|8.3|7.54|0.47|0.47||171.92|164.53|33.88|
|兆易创新|603986.SH|2019-01-02|170.22|124.02|42.83|40.02|8.91|8.91|86.1|65.53|8.39|7.62|0.47|0.47||173.63|166.24|34.23|
|兆易创新|603986.SH|2018-12-28|177.39|129.25|44.64|41.71|9.28|9.28|89.73|68.29|8.74|7.94|0.3|0.45||180.8|173.41|35.71|
|兆易创新|603986.SH|2018-12-27|177.33|129.21|44.62|41.7|9.28|9.28|89.7|68.26|8.74|7.94|0.3|0.45||180.74|173.36|35.7|
|兆易创新|603986.SH|2018-12-26|185.02|134.81|46.56|43.5|9.68|9.68|93.58|71.22|9.12|8.28|0.29|0.43||188.43|181.04|37.28|
|兆易创新|603986.SH|2018-12-25|190.14|138.54|47.84|44.71|9.95|9.95|96.18|73.2|9.37|8.51|0.28|0.42||193.55|186.16|38.34|
|兆易创新|603986.SH|2018-12-24|192.45|140.22|48.42|45.25|10.07|10.07|97.34|74.08|9.48|8.62|0.28|0.41||195.86|188.47|38.81|
|兆易创新|603986.SH|2018-12-21|190.63|138.89|47.97|44.82|9.98|9.98|96.42|73.38|9.39|8.53|0.28|0.42||194.04|186.65|38.44|
|兆易创新|603986.SH|2018-12-20|193.87|141.26|48.78|45.58|10.15|10.15|98.06|74.63|9.55|8.68|0.27|0.41||197.28|189.89|39.1|
|兆易创新|603986.SH|2018-12-19|192.65|140.37|48.48|45.3|10.08|10.08|97.44|74.16|9.49|8.62|0.28|0.41||196.06|188.67|38.85|
|兆易创新|603986.SH|2018-12-18|194.98|142.07|49.06|45.85|10.2|10.2|98.62|75.06|9.61|8.73|0.27|0.41||198.39|191|39.33|
|兆易创新|603986.SH|2018-12-17|197.12|143.62|49.6|46.35|10.32|10.32|99.7|75.88|9.71|8.82|0.27|0.4||200.52|193.14|39.77|
|兆易创新|603986.SH|2018-12-14|200.73|146.26|50.51|47.2|10.51|10.51|101.53|77.27|9.89|8.99|0.26|0.4||204.14|196.75|40.52|
|兆易创新|603986.SH|2018-12-13|207.28|151.03|52.16|48.74|10.85|10.85|104.84|79.79|10.21|9.28|0.26|0.38||210.69|203.3|41.86|
|兆易创新|603986.SH|2018-12-12|205|149.37|51.58|48.2|10.73|10.73|103.69|78.92|10.1|9.18|0.26|0.39||208.41|201.02|41.4|
|兆易创新|603986.SH|2018-12-11|219.55|159.97|55.24|51.62|11.49|11.49|111.05|84.51|10.82|9.83|0.24|0.36||222.95|215.57|44.39|
|兆易创新|603986.SH|2018-12-10|218.29|159.05|54.93|51.33|11.42|11.42|110.41|84.03|10.75|9.77|0.24|0.36||221.7|214.32|44.13|
|兆易创新|603986.SH|2018-12-07|217.78|158.68|54.8|51.21|11.4|11.4|110.16|83.84|10.73|9.75|0.24|0.37||221.19|213.8|44.03|
|兆易创新|603986.SH|2018-12-06|214.05|155.96|53.86|50.33|11.2|11.2|108.27|82.4|10.55|9.58|0.25|0.37||217.46|210.07|43.26|
|兆易创新|603986.SH|2018-12-05|220.4|160.59|55.46|51.82|11.53|11.53|111.48|84.84|10.86|9.87|0.24|0.36||223.81|216.42|44.57|
|兆易创新|603986.SH|2018-12-04|224.41|163.51|56.47|52.77|11.74|11.74|113.51|86.39|11.06|10.05|0.24|0.35||227.82|220.44|45.39|
|兆易创新|603986.SH|2018-12-03|226.18|164.8|56.91|53.18|11.84|11.84|114.4|87.07|11.14|10.13|0.23|0.35||229.59|222.2|45.76|
|兆易创新|603986.SH|2018-11-30|214.45|156.25|53.96|50.42|11.22|11.22|108.47|82.55|10.57|9.6|0.25|0.37||217.86|210.47|43.34|
|兆易创新|603986.SH|2018-11-29|210.35|153.27|52.93|49.46|11.01|11.01|106.4|80.98|10.36|9.42|0.25|0.38||213.76|206.37|42.5|
|兆易创新|603986.SH|2018-11-28|214.79|156.5|54.05|50.5|11.24|11.24|108.64|82.68|10.58|9.62|0.25|0.37||218.2|210.81|43.41|
|兆易创新|603986.SH|2018-11-27|210.52|153.39|52.97|49.5|11.02|11.02|106.48|81.04|10.37|9.42|0.25|0.38||213.93|206.54|42.53|
|兆易创新|603986.SH|2018-11-26|205.17|149.49|51.63|48.24|10.74|10.74|103.78|78.98|10.11|9.19|0.26|0.39||208.58|201.19|41.43|
|兆易创新|603986.SH|2018-11-23|207.28|151.03|52.16|48.74|10.85|10.85|104.84|79.79|10.21|9.28|0.26|0.38||210.69|203.3|41.86|
|兆易创新|603986.SH|2018-11-22|213.6|155.63|53.75|50.22|11.18|11.18|108.04|82.22|10.52|9.56|0.25|0.37||217.01|209.62|43.17|
|兆易创新|603986.SH|2018-11-21|219.06|159.61|55.12|51.51|11.46|11.46|110.8|84.33|10.79|9.81|0.24|0.36||222.47|215.08|44.29|
|兆易创新|603986.SH|2018-11-20|218.69|159.34|55.03|51.42|11.45|11.45|110.62|84.19|10.77|9.79|0.24|0.36||222.1|214.71|44.21|
|兆易创新|603986.SH|2018-11-19|227.86|166.02|57.33|53.58|11.92|11.92|115.25|87.71|11.23|10.2|0.23|0.35||231.27|223.88|46.1|
|兆易创新|603986.SH|2018-11-16|224.47|163.55|56.48|52.78|11.75|11.75|113.54|86.41|11.06|10.05|0.24|0.35||227.88|220.49|45.4|
|兆易创新|603986.SH|2018-11-15|212.52|154.84|53.47|49.97|11.12|11.12|107.49|81.81|10.47|9.51|0.25|0.37||215.92|208.54|42.94|
|兆易创新|603986.SH|2018-11-14|210.61|153.45|52.99|49.52|11.02|11.02|106.53|81.07|10.38|9.43|0.25|0.38||214.02|206.63|42.55|
|兆易创新|603986.SH|2018-11-13|193.22|140.78|48.62|45.43|10.11|10.11|97.73|74.38|9.52|8.65|0.27|0.41||196.63|189.24|38.97|
|兆易创新|603986.SH|2018-11-12|193.84|141.24|48.78|45.58|10.14|10.14|98.05|74.62|9.55|8.68|0.27|0.41||197.25|189.86|39.1|
|兆易创新|603986.SH|2018-11-09|188.18|137.11|47.35|44.25|9.85|9.85|95.18|72.44|9.27|8.42|0.28|0.42||191.59|184.2|37.93|
|兆易创新|603986.SH|2018-11-08|190.34|138.69|47.89|44.75|9.96|9.96|96.28|73.27|9.38|8.52|0.28|0.42||193.75|186.36|38.38|
|兆易创新|603986.SH|2018-11-07|195.35|142.34|49.16|45.93|10.22|10.22|98.81|75.2|9.62|8.75|0.27|0.41||198.76|191.37|39.41|
|兆易创新|603986.SH|2018-11-06|194.3|141.57|48.89|45.69|10.17|10.17|98.28|74.8|9.57|8.7|0.27|0.41||197.71|190.32|39.19|
|兆易创新|603986.SH|2018-11-05|202.87|147.81|51.05|47.7|10.62|10.62|102.61|78.09|9.99|9.08|0.26|0.39||206.27|198.89|40.96|
|兆易创新|603986.SH|2018-11-02|208.3|151.77|52.41|48.98|10.9|10.9|105.36|80.19|10.26|9.33|0.25|0.38||211.71|204.32|42.08|
|兆易创新|603986.SH|2018-11-01|192.05|139.93|48.32|45.16|10.05|10.05|97.14|73.93|9.46|8.6|0.28|0.41||195.46|188.07|38.73|
|兆易创新|603986.SH|2018-10-31|196.23|142.98|49.38|46.14|10.27|10.27|99.26|75.54|9.67|8.78|0.27|0.41||199.64|192.26|39.59|
|兆易创新|603986.SH|2018-10-30|196.23|142.98|49.38|43.32|10.7|10.7|99.26|79.2|9.67|8.93|0.27|0.41||198.54|192.65|39.67|
|兆易创新|603986.SH|2018-10-29|196.23|142.98|49.38|43.32|10.7|10.7|99.26|79.2|9.67|8.93|0.27|0.41||198.54|192.65|39.67|
|兆易创新|603986.SH|2018-10-26|196.23|142.98|49.38|43.32|10.7|10.7|99.26|79.2|9.67|8.93|0.27|0.41||198.54|192.65|39.67|
|兆易创新|603986.SH|2018-10-25|196.23|142.98|49.38|43.32|10.7|10.7|99.26|79.2|9.67|8.93|0.27|0.41||198.54|192.65|39.67|
|兆易创新|603986.SH|2018-10-24|196.23|142.98|49.38|43.32|10.7|10.7|99.26|79.2|9.67|8.93|0.27|0.41||198.54|192.65|39.67|
|兆易创新|603986.SH|2018-10-23|203.21|148.06|51.13|44.86|11.08|11.08|102.78|82.01|10.01|9.25|0.26|0.39||205.52|199.63|41.11|
|兆易创新|603986.SH|2018-10-22|216.44|157.7|54.46|47.78|11.81|11.81|109.48|87.36|10.66|9.85|0.24|0.37||218.75|212.86|43.83|
|兆易创新|603986.SH|2018-10-19|200.96|146.42|50.57|44.36|10.96|10.96|101.65|81.11|9.9|9.14|0.26|0.4||203.27|197.38|40.65|
|兆易创新|603986.SH|2018-10-18|197.09|143.6|49.59|43.5|10.75|10.75|99.69|79.54|9.71|8.97|0.27|0.4||199.4|193.51|39.85|
|兆易创新|603986.SH|2018-10-17|203.46|148.25|51.2|44.91|11.1|11.1|102.91|82.12|10.02|9.26|0.26|0.39||205.77|199.88|41.16|
|兆易创新|603986.SH|2018-10-16|197.26|143.73|49.64|43.54|10.76|10.76|99.77|79.61|9.72|8.98|0.27|0.4||199.57|193.68|39.88|
|兆易创新|603986.SH|2018-10-15|205.14|149.47|51.62|45.28|11.19|11.19|103.76|82.79|10.11|9.34|0.26|0.39||207.45|201.56|41.51|
|兆易创新|603986.SH|2018-10-12|203.95|148.6|51.32|45.02|11.12|11.12|103.16|82.31|10.05|9.28|0.26|0.39||206.26|200.37|41.26|
|兆易创新|603986.SH|2018-10-11|196.4|143.1|49.42|43.35|10.71|10.71|99.34|79.27|9.68|8.94|0.27|0.41||198.71|192.82|39.71|
|兆易创新|603986.SH|2018-10-10|214.14|156.02|53.88|47.27|11.68|11.68|108.31|86.42|10.55|9.74|0.25|0.37||216.45|210.56|43.36|
|兆易创新|603986.SH|2018-10-09|211.92|154.41|53.32|46.78|11.56|11.56|107.19|85.53|10.44|9.64|0.25|0.38||214.23|208.34|42.9|
|兆易创新|603986.SH|2018-10-08|227.32|165.63|57.2|50.18|12.4|12.4|114.98|91.74|11.2|10.34|0.23|0.35||229.63|223.74|46.07|
|兆易创新|603986.SH|2018-09-28|252.57|184.02|63.55|55.75|13.78|13.78|127.75|101.93|12.44|11.49|0.21|0.32||254.87|248.99|51.27|
|兆易创新|603986.SH|2018-09-27|251.91|183.55|63.39|55.61|13.74|13.74|127.42|101.67|12.41|11.46|0.21|0.32||254.22|248.33|51.14|
|兆易创新|603986.SH|2018-09-26|258.66|188.46|65.08|57.09|14.11|14.11|130.83|104.39|12.74|11.77|0.2|0.31||260.97|255.08|52.53|
|兆易创新|603986.SH|2018-09-25|254.76|185.62|64.1|56.23|13.9|13.9|128.86|102.82|12.55|11.59|0.21|0.31||257.07|251.18|51.72|
|兆易创新|603986.SH|2018-09-21|252.48|183.96|63.53|55.73|13.77|13.77|127.71|101.9|12.44|11.49|0.21|0.32||254.79|248.9|51.25|
|兆易创新|603986.SH|2018-09-20|253.22|184.5|63.72|55.9|13.81|13.81|128.08|102.2|12.48|11.52|0.21|0.31||255.53|249.64|51.41|
|兆易创新|603986.SH|2018-09-19|257.2|187.4|64.72|56.77|14.03|14.03|130.1|103.81|12.67|11.7|0.21|0.31||259.51|253.62|52.23|
|兆易创新|603986.SH|2018-09-18|248.21|180.85|62.46|54.79|13.54|13.54|125.55|100.18|12.23|11.29|0.21|0.32||250.52|244.63|50.38|
|兆易创新|603986.SH|2018-09-17|241.81|176.18|60.84|53.38|13.19|13.19|122.31|97.59|11.91|11|0.22|0.33||244.12|238.23|49.06|
|兆易创新|603986.SH|2018-09-14|249.95|182.12|62.89|55.17|13.63|13.63|126.42|100.88|12.31|11.37|0.21|0.32||252.26|246.37|50.73|
|兆易创新|603986.SH|2018-09-13|255.92|186.47|64.4|56.49|13.96|13.96|129.45|103.29|12.61|11.65|0.21|0.31||258.23|252.34|51.96|
|兆易创新|603986.SH|2018-09-12|265.57|193.5|66.83|58.62|14.49|14.49|134.33|107.18|13.08|12.09|0.2|0.3||267.88|261.99|53.95|
|兆易创新|603986.SH|2018-09-11|264.09|192.42|66.45|58.3|14.41|14.41|133.58|106.59|13.01|12.02|0.2|0.3||266.4|260.51|53.65|
|兆易创新|603986.SH|2018-09-10|268.02|195.29|67.44|59.16|14.62|14.62|135.57|108.17|13.2|12.2|0.2|0.3||270.33|264.44|54.45|
|兆易创新|603986.SH|2018-09-07|291.03|212.75|73.23|64.24|15.88|15.88|147.21|117.46|14.34|13.24|0.18|0.27||293.34|287.45|59.19|
|兆易创新|603986.SH|2018-09-06|305.59|223.39|76.89|67.45|16.67|16.67|154.57|123.33|15.06|13.91|0.17|0.26||307.9|302.01|62.19|
|兆易创新|603986.SH|2018-09-05|305.27|223.16|76.81|67.39|16.65|16.65|154.41|123.21|15.04|13.89|0.17|0.26||307.58|301.69|62.13|
|兆易创新|603986.SH|2018-09-04|318.04|232.49|80.03|70.2|17.35|17.35|160.87|128.36|15.67|14.47|0.17|0.25||320.35|314.46|64.75|
|兆易创新|603986.SH|2018-09-03|312.08|228.14|78.53|68.89|17.02|17.02|157.85|125.95|15.38|14.2|0.17|0.26||314.39|308.5|63.53|
|兆易创新|603986.SH|2018-08-31|310.15|226.73|78.04|68.46|16.92|16.92|156.88|125.18|15.28|14.11|0.17|0.26||312.46|306.57|63.13|
|兆易创新|603986.SH|2018-08-30|313.5|229.17|78.89|69.2|17.1|17.1|158.57|126.53|15.45|14.27|0.17|0.25||315.81|309.92|63.82|
|兆易创新|603986.SH|2018-08-29|326.13|238.4|82.06|71.99|17.79|17.79|164.96|131.62|16.07|14.84|0.16|0.24||328.44|322.55|66.42|
|兆易创新|603986.SH|2018-08-28|325.59|238.01|81.93|71.87|17.76|17.76|164.68|131.41|16.04|14.82|0.16|0.24||327.9|322.01|66.31|
|兆易创新|603986.SH|2018-08-27|323.43|236.43|81.38|71.39|17.64|17.64|163.59|130.53|15.93|14.72|0.16|0.25||325.74|319.85|65.87|
|兆易创新|603986.SH|2018-08-24|318.04|232.49|80.03|76.22|18.59|18.92|160.87|128.65|15.67|15.01|0.17|0.25||320.24|314.69|64.8|
|兆易创新|603986.SH|2018-08-23|305.61|223.41|76.9|73.24|17.86|18.18|154.58|123.62|15.06|14.42|0.17|0.26||307.81|302.26|62.24|
|兆易创新|603986.SH|2018-08-22|293.84|214.8|73.94|70.42|17.18|17.48|148.63|118.86|14.48|13.87|0.18|0.27||296.04|290.49|59.82|
|兆易创新|603986.SH|2018-08-21|300.45|219.63|75.6|72.01|17.56|17.87|151.97|121.53|14.8|14.18|0.18|0.27||302.65|297.1|61.18|
|兆易创新|603986.SH|2018-08-20|297.78|217.68|74.93|71.37|17.41|17.71|150.62|120.45|14.67|14.05|0.18|0.27||299.98|294.43|60.63|
|兆易创新|603986.SH|2018-08-17|291.63|213.18|73.38|69.89|17.05|17.35|147.51|117.96|14.37|13.76|0.18|0.27||293.83|288.28|59.36|
|兆易创新|603986.SH|2018-08-16|291.85|213.35|73.44|69.95|17.06|17.36|147.62|118.05|14.38|13.77|0.18|0.27||294.05|288.5|59.41|
|兆易创新|603986.SH|2018-08-15|297.61|217.56|74.89|71.33|17.4|17.7|150.54|120.38|14.66|14.05|0.18|0.27||299.81|294.26|60.6|
|兆易创新|603986.SH|2018-08-14|309.13|225.98|77.79|74.09|18.07|18.39|156.36|125.04|15.23|14.59|0.17|0.26||311.33|305.78|62.97|
|兆易创新|603986.SH|2018-08-13|325.25|237.76|81.84|77.95|19.01|19.35|164.51|131.56|16.02|15.35|0.16|0.24||327.45|321.89|66.29|
|兆易创新|603986.SH|2018-08-10|315.4|230.56|79.36|75.59|18.44|18.76|159.53|127.58|15.54|14.89|0.17|0.25||317.6|312.05|64.26|
|兆易创新|603986.SH|2018-08-09|302.98|221.48|76.24|72.61|17.71|18.02|153.25|122.55|14.93|14.3|0.17|0.26||305.17|299.62|61.7|
|兆易创新|603986.SH|2018-08-08|282.07|206.19|70.98|67.6|16.49|16.78|142.67|114.09|13.9|13.31|0.19|0.28||284.26|278.71|57.39|
|兆易创新|603986.SH|2018-08-07|303.77|222.06|76.44|72.8|17.76|18.07|153.65|122.87|14.97|14.34|0.17|0.26||305.97|300.42|61.86|
|兆易创新|603986.SH|2018-08-06|297.06|217.12|74.75|71.19|17.36|17.67|150.25|120.16|14.64|14.02|0.18|0.27||299.26|293.71|60.48|
|兆易创新|603986.SH|2018-08-03|308.41|225.42|77.6|73.91|18.03|18.34|156|124.75|15.19|14.56|0.17|0.26||310.61|305.06|62.82|
|兆易创新|603986.SH|2018-08-02|341.92|249.91|86.04|81.95|19.99|20.34|172.95|138.3|16.85|16.14|0.15|0.23||344.12|338.57|69.72|
|兆易创新|603986.SH|2018-08-01|336.76|246.14|84.74|80.71|19.68|20.03|170.33|136.22|16.59|15.89|0.16|0.24||338.95|333.4|68.66|
|兆易创新|603986.SH|2018-07-31|326.14|238.38|82.07|78.16|19.06|19.4|164.97|131.92|16.07|15.39|0.16|0.24||328.34|322.79|66.47|
|兆易创新|603986.SH|2018-07-30|322.2|235.5|81.07|77.22|18.83|19.16|162.97|130.33|15.87|15.21|0.16|0.25||324.4|318.85|65.66|
|兆易创新|603986.SH|2018-07-27|335.71|245.37|84.47|80.46|19.62|19.97|169.8|135.79|16.54|15.84|0.16|0.24||337.9|332.35|68.44|
|兆易创新|603986.SH|2018-07-26|333.92|244.07|84.02|80.03|19.52|19.86|168.9|135.07|16.45|15.76|0.16|0.24||336.12|330.57|68.07|
|兆易创新|603986.SH|2018-07-25|358.44|261.98|90.19|85.9|20.95|21.32|181.3|144.98|17.66|16.92|0.15|0.22||360.63|355.08|73.12|
|兆易创新|603986.SH|2018-07-24|358.63|262.13|90.24|85.95|20.96|21.33|181.4|145.06|17.67|16.93|0.15|0.22||360.83|355.28|73.16|
|兆易创新|603986.SH|2018-07-23|363.88|265.97|91.56|87.21|21.27|21.64|184.05|147.19|17.93|17.17|0.15|0.22||366.08|360.53|74.24|
|兆易创新|603986.SH|2018-07-20|337.78|246.89|84.99|80.95|19.74|20.09|170.85|136.63|16.64|15.94|0.16|0.24||339.98|334.43|68.87|
|兆易创新|603986.SH|2018-07-19|329.21|240.62|82.84|78.9|19.24|19.58|166.52|133.16|16.22|15.54|0.16|0.24||331.41|325.86|67.1|
|兆易创新|603986.SH|2018-07-18|331.9|242.59|83.52|79.55|19.4|19.74|167.88|134.25|16.35|15.66|0.16|0.24||334.1|328.55|67.66|
|兆易创新|603986.SH|2018-07-17|339.31|248.01|85.38|81.32|19.83|20.18|171.63|137.25|16.72|16.01|0.16|0.23||341.51|335.96|69.18|
|兆易创新|603986.SH|2018-07-16|332.1|242.74|83.57|79.59|19.41|19.75|167.98|134.33|16.36|15.67|0.16|0.24||334.3|328.75|67.7|
|兆易创新|603986.SH|2018-07-13|329.69|240.97|82.96|79.01|19.27|19.61|166.76|133.36|16.24|15.56|0.16|0.24||331.89|326.34|67.2|
|兆易创新|603986.SH|2018-07-12|309.71|226.37|77.93|74.23|18.1|18.42|156.66|125.28|15.26|14.62|0.17|0.26||311.91|306.36|63.09|
|兆易创新|603986.SH|2018-07-11|286.45|209.37|72.08|68.65|16.74|17.04|144.89|115.87|14.11|13.52|0.18|0.28||288.64|283.09|58.3|
|兆易创新|603986.SH|2018-07-10|291.73|213.23|73.41|69.92|17.05|17.35|147.56|118|14.37|13.77|0.18|0.27||293.92|288.37|59.38|
|兆易创新|603986.SH|2018-07-09|296.78|216.92|74.68|71.13|17.35|17.65|150.11|120.04|14.62|14.01|0.18|0.27||298.97|293.42|60.42|
|兆易创新|603986.SH|2018-07-06|293.34|214.41|73.81|70.3|17.15|17.45|148.37|118.65|14.45|13.84|0.18|0.27||295.54|289.99|59.72|
|兆易创新|603986.SH|2018-07-05|290.99|212.69|73.22|69.74|17.01|17.31|147.18|117.7|14.34|13.73|0.18|0.27||293.19|287.63|59.23|
|兆易创新|603986.SH|2018-07-04|310.06|226.62|78.02|74.31|18.12|18.44|156.83|125.41|15.28|14.63|0.17|0.26||312.25|306.7|63.16|
|兆易创新|603986.SH|2018-07-03|321.09|234.69|80.8|76.95|18.77|19.1|162.41|129.88|15.82|15.15|0.17|0.25||323.29|317.74|65.43|
|兆易创新|603986.SH|2018-07-02|305.12|223.01|76.78|73.13|17.84|18.15|154.33|123.42|15.03|14.4|0.17|0.26||307.32|301.77|62.14|
|兆易创新|603986.SH|2018-06-29|307.93|225.07|77.48|73.8|18|18.32|155.75|124.55|15.17|14.53|0.17|0.26||310.12|304.57|62.72|
|兆易创新|603986.SH|2018-06-28|280.06|204.7|70.47|67.12|16.37|16.66|141.66|113.28|13.8|13.22|0.19|0.28||282.26|276.71|56.98|
|兆易创新|603986.SH|2018-06-27|286.62|209.49|72.12|68.69|16.75|17.05|144.97|115.93|14.12|13.53|0.18|0.28||288.82|283.26|58.33|
|兆易创新|603986.SH|2018-06-26|277.06|202.5|69.71|66.4|16.19|16.48|140.14|112.07|13.65|13.08|0.19|0.29||279.25|273.7|56.36|
|兆易创新|603986.SH|2018-06-25|257.85|188.46|64.88|61.8|15.07|15.34|130.42|104.3|12.7|12.17|0.21|0.31||260.04|254.49|52.41|
|兆易创新|603986.SH|2018-06-22|260.82|190.64|65.63|62.51|15.25|15.51|131.93|105.5|12.85|12.31|0.2|0.31||263.02|257.47|53.02|
|兆易创新|603986.SH|2018-06-21|256.97|187.82|64.66|61.59|15.02|15.28|129.97|103.94|12.66|12.13|0.21|0.31||259.16|253.61|52.22|
|兆易创新|603986.SH|2018-06-20|284.49|206.82|71.58|68.18|16.63|17.44|143.9|115.07|14.02|13.43|0.19|0.28||286.69|281.14|57.89|
|兆易创新|603986.SH|2018-06-19|287.13|208.74|72.25|68.81|16.78|17.6|145.23|116.14|14.15|13.55|0.18|0.28||289.33|283.78|58.44|
|兆易创新|603986.SH|2018-06-15|297.57|216.33|74.88|71.32|17.39|18.24|150.51|120.36|14.66|14.04|0.18|0.27||299.77|294.22|60.59|
|兆易创新|603986.SH|2018-06-14|294.87|214.37|74.2|70.67|17.24|18.08|149.15|119.27|14.53|13.92|0.18|0.27||297.07|291.52|60.03|
|兆易创新|603986.SH|2018-06-13|294.62|214.18|74.13|70.61|17.22|18.06|149.02|119.17|14.52|13.9|0.18|0.27||296.82|291.27|59.98|
|兆易创新|603986.SH|2018-06-12|283.75|206.28|71.4|68|16.59|17.4|143.52|114.78|13.98|13.39|0.19|0.28||285.95|280.4|57.74|
|兆易创新|603986.SH|2018-06-11|284.49|206.82|71.58|68.18|16.63|17.44|143.9|115.07|14.02|13.43|0.19|0.28||286.69|281.14|57.89|
|兆易创新|603986.SH|2018-06-08|297.09|215.98|74.75|71.2|17.37|18.21|150.27|120.17|14.64|14.02|0.18|0.27||299.29|293.74|60.49|
|兆易创新|603986.SH|2018-06-07|307.39|223.47|77.35|73.67|17.97|18.85|155.48|124.34|15.14|14.51|0.17|0.26||309.59|304.04|62.61|
|兆易创新|603986.SH|2018-06-06|315.25|229.18|79.32|75.55|18.43|19.33|159.45|127.52|15.53|14.88|0.17|0.25||317.45|311.9|64.23|
|兆易创新|603986.SH|2018-06-05|316.89|230.38|79.74|75.95|18.52|19.43|160.29|128.18|15.61|14.96|0.17|0.25||319.09|313.54|64.57|
|兆易创新|603986.SH|2018-06-04|300.58|218.52|75.63|72.04|17.57|18.43|152.03|121.58|14.81|14.19|0.18|0.27||302.78|297.23|61.21|
|兆易创新|603986.SH|2018-06-01|295.61|214.91|74.38|70.85|17.28|18.12|149.52|119.57|14.56|13.95|0.18|0.27||297.81|292.26|60.18|
|兆易创新|603986.SH|2018-05-31|307.73|223.71|77.43|73.75|17.99|18.87|155.65|124.47|15.16|14.52|0.17|0.26||309.93|304.38|62.68|
|兆易创新|603986.SH|2018-05-30|311.3|226.31|78.33|74.61|18.2|19.09|157.46|125.92|15.34|14.69|0.17|0.26||313.5|307.95|63.41|
|兆易创新|603986.SH|2018-05-29|321.21|233.51|80.82|76.98|18.78|19.69|162.47|129.93|15.83|15.16|0.17|0.25||323.4|317.85|65.45|
|兆易创新|603986.SH|2018-05-28|329.15|239.29|82.82|78.89|19.24|20.18|166.49|133.14|16.22|15.53|0.16|0.24||331.35|325.8|67.09|
|兆易创新|603986.SH|2018-05-25|342.35|248.88|86.14|82.05|20.01|20.99|173.16|138.48|16.87|16.16|0.15|0.23||344.54|338.99|69.81|
|兆易创新|603986.SH|2018-05-24|349.67|254.2|87.99|83.8|20.44|21.44|176.86|141.44|17.23|16.5|0.15|0.23||351.86|346.31|71.31|
|兆易创新|603986.SH|2018-05-23|363.97|264.6|91.58|87.23|21.28|22.31|184.1|147.22|17.93|17.18|0.15|0.22||366.17|360.62|74.26|
|兆易创新|603986.SH|2018-05-22|365.67|265.84|92.01|87.64|21.37|22.42|184.96|147.91|18.02|17.26|0.14|0.22||367.87|362.32|74.61|
|兆易创新|603986.SH|2018-05-21|372.71|193.54|93.78|89.32|21.79|22.85|188.52|150.76|18.36|17.59|0.14|0.21||374.91|369.35|76.06|
|兆易创新|603986.SH|2018-05-18|339.61|246.89|85.45|81.39|19.85|19.85|171.78|137.37|16.73|16.03|0.16|0.16||341.81|336.26|69.24|
|兆易创新|603986.SH|2018-05-17|345.67|251.3|86.98|82.84|20.21|20.21|174.84|139.82|17.03|16.31|0.15|0.15||347.87|342.32|70.49|
|兆易创新|603986.SH|2018-05-16|343.12|249.44|86.34|82.23|20.06|20.06|173.55|138.79|16.9|16.19|0.15|0.15||345.31|339.76|69.97|
|兆易创新|603986.SH|2018-05-15|332.17|241.48|83.58|79.61|19.42|19.42|168.01|134.36|16.37|15.68|0.16|0.16||334.37|328.82|67.71|
|兆易创新|603986.SH|2018-05-14|327.75|238.27|82.47|78.55|19.16|19.16|165.78|132.57|16.15|15.47|0.16|0.16||329.95|324.4|66.8|
|兆易创新|603986.SH|2018-05-11|334.56|243.22|84.18|80.18|19.56|19.56|169.22|135.33|16.48|15.79|0.16|0.16||336.76|331.21|68.2|
|兆易创新|603986.SH|2018-05-10|338.29|245.93|85.12|81.08|19.77|19.77|171.11|136.84|16.67|15.97|0.16|0.16||340.49|334.94|68.97|
|兆易创新|603986.SH|2018-05-09|350.07|254.49|88.09|83.9|20.46|20.46|177.07|141.6|17.25|16.52|0.15|0.15||352.27|346.72|71.4|
|兆易创新|603986.SH|2018-05-08|350.62|254.89|88.22|84.03|20.49|20.49|177.34|141.82|17.27|16.55|0.15|0.15||352.81|347.26|71.51|
|兆易创新|603986.SH|2018-05-07|350.86|255.07|88.28|84.09|20.51|20.51|177.47|141.92|17.29|16.56|0.15|0.15||353.06|347.51|71.56|
|兆易创新|603986.SH|2018-05-04|351|255.17|88.32|84.12|20.52|20.52|177.54|141.98|17.29|16.57|0.15|0.15||353.2|347.65|71.59|
|兆易创新|603986.SH|2018-05-03|340.72|247.7|85.74|81.66|19.92|19.92|172.34|137.82|16.79|16.08|0.16|0.16||342.92|337.37|69.47|
|兆易创新|603986.SH|2018-05-02|353.64|257.09|88.98|84.75|20.67|20.67|178.87|143.04|17.42|16.69|0.15|0.15||355.83|350.28|72.13|
|兆易创新|603986.SH|2018-04-27|353.86|257.25|89.04|89.04|20.15|20.15|178.98|178.98|17.43|17.43|0.15|0.15|616.64|356.14|350.27|72.13|
|兆易创新|603986.SH|2018-04-26|367.32|267.03|92.43|92.43|20.91|20.91|185.79|185.79|18.1|18.1|0.14|0.14|640.09|369.6|363.73|74.9|
|兆易创新|603986.SH|2018-04-25|384.2|279.31|96.67|96.67|21.87|21.87|194.33|194.33|18.93|18.93|0.14|0.14|669.52|386.48|380.61|78.38|
|兆易创新|603986.SH|2018-04-24|403.64|293.44|101.57|101.57|22.98|22.98|204.16|204.16|19.89|19.89|0.13|0.13|703.39|405.92|400.05|82.38|
|兆易创新|603986.SH|2018-04-23|392.61|285.42|98.79|98.79|22.35|22.35|198.59|198.59|19.34|19.34|0.14|0.14|684.17|394.89|389.02|80.11|
|兆易创新|603986.SH|2018-04-20|416.24|302.6|104.74|104.74|23.7|23.7|210.54|210.54|20.51|20.51|0.13|0.13|725.36|418.53|412.66|84.98|
|兆易创新|603986.SH|2018-04-19|399.04|290.09|100.41|100.41|22.72|22.72|201.83|201.83|19.66|19.66|0.13|0.13|695.37|401.32|395.45|81.43|
|兆易创新|603986.SH|2018-04-18|397.23|288.78|99.95|99.95|22.62|22.62|200.92|200.92|19.57|19.57|0.13|0.13|692.23|399.51|393.64|81.06|
|兆易创新|603986.SH|2018-04-17|361.11|262.53|90.87|90.87|20.56|20.56|182.65|182.65|17.79|17.79|0.15|0.15|629.29|363.4|357.53|73.62|
|兆易创新|603986.SH|2018-04-16|380.43|276.57|95.73|95.73|21.66|21.66|192.42|192.42|18.74|18.74|0.14|0.14|662.95|382.71|376.84|77.6|
|兆易创新|603986.SH|2018-04-13|378.87|275.43|214.74|102.05|23.63|23.63|453.12|131.23|25.45|19.35|0.14|0.14||378.87|368.78|172.76|
|兆易创新|603986.SH|2018-04-12|366.85|266.7|207.93|98.81|22.88|22.88|438.75|127.07|24.64|18.74|0.14|0.14||366.85|356.76|167.13|
|兆易创新|603986.SH|2018-04-11|387.99|282.06|219.91|104.5|24.2|24.2|464.03|134.39|26.06|19.82|0.14|0.14||387.99|377.9|177.03|
|兆易创新|603986.SH|2018-04-10|387.5|281.71|219.64|104.37|24.17|24.17|463.45|134.22|26.03|19.8|0.14|0.14||387.5|377.41|176.8|
|兆易创新|603986.SH|2018-04-09|395.79|287.74|224.34|106.6|24.68|24.68|473.36|137.09|26.58|20.22|0.13|0.13||395.79|385.7|180.69|
|兆易创新|603986.SH|2018-04-04|405.06|294.47|229.59|109.1|25.26|25.26|484.44|140.3|27.2|20.69|0.13|0.13||405.06|394.96|185.03|
|兆易创新|603986.SH|2018-04-03|423.24|307.69|239.89|114|26.39|26.39|506.19|146.6|28.43|21.62|0.13|0.13||423.24|413.14|193.54|
|兆易创新|603986.SH|2018-04-02|421.45|306.39|238.88|113.52|26.28|26.28|504.05|145.98|28.31|21.53|0.13|0.13||421.45|411.36|192.71|
|兆易创新|603986.SH|2018-03-30|398.87|289.98|226.08|107.43|24.87|24.87|477.05|138.16|26.79|20.38|0.13|0.13||398.87|388.78|182.13|
|兆易创新|603986.SH|2018-03-29|386.9|281.27|219.29|104.21|24.13|24.13|462.72|134.01|25.98|19.76|0.14|0.14||386.9|376.8|176.52|
|兆易创新|603986.SH|2018-03-28|394.9|287.09|223.83|106.36|24.63|24.63|472.3|136.78|26.52|20.17|0.13|0.13||394.9|384.81|180.27|
|兆易创新|603986.SH|2018-03-27|397.05|288.65|225.05|106.94|24.76|24.76|474.87|137.53|26.67|20.28|0.13|0.13||397.05|386.96|181.28|
|兆易创新|603986.SH|2018-03-26|382.94|278.39|217.05|103.14|23.88|23.88|458|132.64|25.72|19.56|0.14|0.14||382.94|372.85|174.67|
|兆易创新|603986.SH|2018-03-23|358.99|260.98|203.48|96.69|22.39|22.39|429.34|124.34|24.11|18.34|0.15|0.15||358.99|348.89|163.44|
|兆易创新|603986.SH|2018-03-22|369.12|268.35|209.22|99.42|23.02|23.02|441.46|127.85|24.79|18.86|0.14|0.14||369.12|359.03|168.19|
|兆易创新|603986.SH|2018-03-21|392.31|285.2|222.36|105.66|24.46|24.46|469.2|135.88|26.35|20.04|0.14|0.14||392.31|382.21|179.05|
|兆易创新|603986.SH|2018-03-20|410.65|298.54|232.76|110.61|25.61|25.61|491.13|142.24|27.58|20.98|0.13|0.13||410.65|400.56|187.65|
|兆易创新|603986.SH|2018-03-19|414.64|301.44|235.02|111.68|25.86|25.86|495.91|143.62|27.85|21.18|0.13|0.13||414.64|404.55|189.52|
|兆易创新|603986.SH|2018-03-16|385.11|279.97|218.28|103.73|24.02|24.02|460.59|133.39|25.86|19.67|0.14|0.14||385.11|375.02|175.68|
|兆易创新|603986.SH|2018-03-15|404.67|294.19|229.37|108.99|25.24|25.24|483.98|140.17|27.18|20.67|0.13|0.13||404.67|394.58|184.85|
|兆易创新|603986.SH|2018-03-14|390.56|283.93|221.37|105.2|24.36|24.36|467.11|135.28|26.23|19.95|0.14|0.14||390.56|380.47|178.24|
|兆易创新|603986.SH|2018-03-13|399|290.06|226.15|107.47|24.88|24.88|477.19|138.2|26.8|20.38|0.13|0.13||399|388.9|182.19|
|兆易创新|603986.SH|2018-03-12|390.79|284.1|221.5|105.26|24.37|24.37|467.38|135.36|26.25|19.96|0.14|0.14||390.79|380.69|178.34|
|兆易创新|603986.SH|2018-03-09|355.26|258.27|201.36|95.69|22.15|22.15|424.88|123.05|23.86|18.15|0.15|0.15||355.26|345.16|161.7|
|兆易创新|603986.SH|2018-03-08|350.23|254.61|198.51|94.33|21.84|21.84|418.87|121.31|23.52|17.89|0.15|0.15||350.23|340.14|159.34|
|兆易创新|603986.SH|2018-03-07|355.66|258.56|201.59|95.8|22.18|22.18|425.37|123.19|23.89|18.17|0.15|0.15||355.66|345.57|161.89|
|兆易创新|603986.SH|2018-03-06|358.99|260.98|203.48|96.69|22.39|22.39|429.34|124.34|24.11|18.34|0.15|0.15||358.99|348.89|163.44|
|兆易创新|603986.SH|2018-03-05|338.17|245.85|191.68|91.08|21.09|21.09|404.45|117.13|22.71|17.28|0.16|0.16||338.17|328.08|153.69|
|兆易创新|603986.SH|2018-03-02|307.42|223.49|174.25|82.8|19.17|19.17|367.68|106.48|20.65|15.71|0.17|0.17||307.42|297.33|139.29|
|兆易创新|603986.SH|2018-03-01|330.61|240.35|187.39|89.05|20.62|20.62|395.41|114.51|22.2|16.89|0.16|0.16||330.61|320.52|150.15|
|兆易创新|603986.SH|2018-02-28|330.61|240.35|187.39|89.05|20.62|20.62|395.41|114.51|22.2|16.89|0.16|0.16||330.61|320.52|150.15|
|兆易创新|603986.SH|2018-02-27|330.61|240.35|187.39|89.05|20.62|20.62|395.41|114.51|22.2|16.89|0.16|0.16||330.61|320.52|150.15|
|兆易创新|603986.SH|2018-02-26|330.61|240.35|187.39|89.05|20.62|20.62|395.41|114.51|22.2|16.89|0.16|0.16||330.61|320.52|150.15|
|兆易创新|603986.SH|2018-02-23|330.61|240.35|187.39|89.05|20.62|20.62|395.41|114.51|22.2|16.89|0.16|0.16||330.61|320.52|150.15|
|兆易创新|603986.SH|2018-02-22|330.61|240.35|187.39|89.05|20.62|20.62|395.41|114.51|22.2|16.89|0.16|0.16||330.61|320.52|150.15|
|兆易创新|603986.SH|2018-02-14|330.61|240.35|187.39|89.05|20.62|20.62|395.41|114.51|22.2|16.89|0.16|0.16||330.61|320.52|150.15|
|兆易创新|603986.SH|2018-02-13|330.61|240.35|187.39|89.05|20.62|20.62|395.41|114.51|22.2|16.89|0.16|0.16||330.61|320.52|150.15|
|兆易创新|603986.SH|2018-02-12|330.61|240.35|187.39|89.05|20.62|20.62|395.41|114.51|22.2|16.89|0.16|0.16||330.61|320.52|150.15|
|兆易创新|603986.SH|2018-02-09|330.61|240.35|187.39|89.05|20.62|20.62|395.41|114.51|22.2|16.89|0.16|0.16||330.61|320.52|150.15|
|兆易创新|603986.SH|2018-02-08|330.61|240.35|187.39|89.05|20.62|20.62|395.41|114.51|22.2|16.89|0.16|0.16||330.61|320.52|150.15|
|兆易创新|603986.SH|2018-02-07|330.61|240.35|187.39|89.05|20.62|20.62|395.41|114.51|22.2|16.89|0.16|0.16||330.61|320.52|150.15|
|兆易创新|603986.SH|2018-02-06|330.61|240.35|187.39|89.05|20.62|20.62|395.41|114.51|22.2|16.89|0.16|0.16||330.61|320.52|150.15|
|兆易创新|603986.SH|2018-02-05|330.61|240.35|187.39|89.05|20.62|20.62|395.41|114.51|22.2|16.89|0.16|0.16||330.61|320.52|150.15|
|兆易创新|603986.SH|2018-02-02|330.61|240.35|187.39|89.05|20.62|20.62|395.41|114.51|22.2|16.89|0.16|0.16||330.61|320.52|150.15|
|兆易创新|603986.SH|2018-02-01|330.61|240.35|187.39|89.05|20.62|20.62|395.41|114.51|22.2|16.89|0.16|0.16||330.61|320.52|150.15|
|兆易创新|603986.SH|2018-01-31|330.61|240.35|187.39|89.05|20.62|20.62|395.41|114.51|22.2|16.89|0.16|0.16||330.61|320.52|150.15|
|兆易创新|603986.SH|2018-01-30|330.61|240.35|187.39|89.05|20.62|20.62|395.41|114.51|22.2|16.89|0.16|0.16||330.61|320.52|150.15|
|兆易创新|603986.SH|2018-01-29|330.61|240.35|187.39|89.05|20.62|20.62|395.41|114.51|22.2|16.89|0.16|0.16||330.61|320.52|150.15|
|兆易创新|603986.SH|2018-01-26|330.61|240.35|187.39|89.05|20.62|20.62|395.41|114.51|22.2|16.89|0.16|0.16||330.61|320.52|150.15|
|兆易创新|603986.SH|2018-01-25|330.61|240.35|187.39|89.05|20.62|20.62|395.41|114.51|22.2|16.89|0.16|0.16||330.61|320.52|150.15|
|兆易创新|603986.SH|2018-01-24|330.61|240.35|187.39|89.05|20.62|20.62|395.41|114.51|22.2|16.89|0.16|0.16||330.61|320.52|150.15|
|兆易创新|603986.SH|2018-01-23|330.61|240.35|187.39|89.05|20.62|20.62|395.41|114.51|22.2|16.89|0.16|0.16||330.61|320.52|150.15|
|兆易创新|603986.SH|2018-01-22|330.61|240.35|187.39|89.05|20.62|20.62|395.41|114.51|22.2|16.89|0.16|0.16||330.61|320.52|150.15|
|兆易创新|603986.SH|2018-01-19|330.61|240.35|187.39|89.05|20.62|20.62|395.41|114.51|22.2|16.89|0.16|0.16||330.61|320.52|150.15|
|兆易创新|603986.SH|2018-01-18|330.61|240.35|187.39|89.05|20.62|20.62|395.41|114.51|22.2|16.89|0.16|0.16||330.61|320.52|150.15|
|兆易创新|603986.SH|2018-01-17|330.61|240.35|187.39|89.05|20.62|20.62|395.41|114.51|22.2|16.89|0.16|0.16||330.61|320.52|150.15|
|兆易创新|603986.SH|2018-01-16|330.61|240.35|187.39|89.05|20.62|20.62|395.41|114.51|22.2|16.89|0.16|0.16||330.61|320.52|150.15|
|兆易创新|603986.SH|2018-01-15|330.61|240.35|187.39|89.05|20.62|20.62|395.41|114.51|22.2|16.89|0.16|0.16||330.61|320.52|150.15|
|兆易创新|603986.SH|2018-01-12|330.61|240.35|187.39|89.05|20.62|20.62|395.41|114.51|22.2|16.89|0.16|0.16||330.61|320.52|150.15|
|兆易创新|603986.SH|2018-01-11|330.61|240.35|187.39|89.05|20.62|20.62|395.41|114.51|22.2|16.89|0.16|0.16||330.61|320.52|150.15|
|兆易创新|603986.SH|2018-01-10|330.61|240.35|187.39|89.05|20.62|20.62|395.41|114.51|22.2|16.89|0.16|0.16||330.61|320.52|150.15|
|兆易创新|603986.SH|2018-01-09|330.61|240.35|187.39|89.05|20.62|20.62|395.41|114.51|22.2|16.89|0.16|0.16||330.61|320.52|150.15|
|兆易创新|603986.SH|2018-01-08|330.61|240.35|187.39|89.05|20.62|20.62|395.41|114.51|22.2|16.89|0.16|0.16||330.61|320.52|150.15|
|兆易创新|603986.SH|2018-01-05|330.61|240.35|187.39|89.05|20.62|20.62|395.41|114.51|22.2|16.89|0.16|0.16||330.61|320.52|150.15|
|兆易创新|603986.SH|2018-01-04|330.61|240.35|187.39|89.05|20.62|20.62|395.41|114.51|22.2|16.89|0.16|0.16||330.61|320.52|150.15|
|兆易创新|603986.SH|2018-01-03|330.61|240.35|187.39|89.05|20.62|20.62|395.41|114.51|22.2|16.89|0.16|0.16||330.61|320.52|150.15|
|兆易创新|603986.SH|2018-01-02|330.61|240.35|187.39|89.05|20.62|20.62|395.41|114.51|22.2|16.89|0.16|0.16||330.61|320.52|150.15|
|兆易创新|603986.SH|2017-12-29|330.61|240.35|187.39|89.05|20.62|20.62|395.41|114.51|22.2|16.89|0|0.16||330.61|320.52|150.15|
|兆易创新|603986.SH|2017-12-28|330.61|240.35|187.39|89.05|20.62|20.62|395.41|114.51|22.2|16.89|0|0.16||330.61|320.52|150.15|
|兆易创新|603986.SH|2017-12-27|330.61|240.35|187.39|89.05|20.62|20.62|395.41|114.51|22.2|16.89|0|0.16||330.61|320.52|150.15|
|兆易创新|603986.SH|2017-12-26|330.61|240.35|187.39|89.05|20.62|20.62|395.41|114.51|22.2|16.89|0|0.16||330.61|320.52|150.15|
|兆易创新|603986.SH|2017-12-25|330.61|240.35|187.39|89.05|20.62|20.62|395.41|114.51|22.2|16.89|0|0.16||330.61|320.52|150.15|
|兆易创新|603986.SH|2017-12-22|330.61|240.35|187.39|89.05|20.62|20.62|395.41|114.51|22.2|16.89|0|0.16||330.61|320.52|150.15|
|兆易创新|603986.SH|2017-12-21|330.61|240.35|187.39|89.05|20.62|20.62|395.41|114.51|22.2|16.89|0|0.16||330.61|320.52|150.15|
|兆易创新|603986.SH|2017-12-20|330.61|240.35|187.39|89.05|20.62|20.62|395.41|114.51|22.2|16.89|0|0.16||330.61|320.52|150.15|
|兆易创新|603986.SH|2017-12-19|330.61|240.35|187.39|89.05|20.62|20.62|395.41|114.51|22.2|16.89|0|0.16||330.61|320.52|150.15|
|兆易创新|603986.SH|2017-12-18|330.61|240.35|187.39|89.05|20.62|20.62|395.41|114.51|22.2|16.89|0|0.16||330.61|320.52|150.15|
|兆易创新|603986.SH|2017-12-15|330.61|240.35|187.39|89.05|20.62|20.62|395.41|114.51|22.2|16.89|0|0.16||330.61|320.52|150.15|
|兆易创新|603986.SH|2017-12-14|330.61|240.35|187.39|89.05|20.62|20.62|395.41|114.51|22.2|16.89|0|0.16||330.61|320.52|150.15|
|兆易创新|603986.SH|2017-12-13|330.61|240.35|187.39|89.05|20.62|20.62|395.41|114.51|22.2|16.89|0|0.16||330.61|320.52|150.15|
|兆易创新|603986.SH|2017-12-12|330.61|240.35|187.39|89.05|20.62|20.62|395.41|114.51|22.2|16.89|0|0.16||330.61|320.52|150.15|
|兆易创新|603986.SH|2017-12-11|330.61|240.35|187.39|89.05|20.62|20.62|395.41|114.51|22.2|16.89|0|0.16||330.61|320.52|150.15|
|兆易创新|603986.SH|2017-12-08|330.61|240.35|187.39|89.05|20.62|20.62|395.41|114.51|22.2|16.89|0|0.16||330.61|320.52|150.15|
|兆易创新|603986.SH|2017-12-07|330.61|240.35|187.39|89.05|20.62|20.62|395.41|114.51|22.2|16.89|0|0.16||330.61|320.52|150.15|
|兆易创新|603986.SH|2017-12-06|330.61|240.35|187.39|89.05|20.62|20.62|395.41|114.51|22.2|16.89|0|0.16||330.61|320.52|150.15|
|兆易创新|603986.SH|2017-12-05|330.63|240.35|187.41|89.05|20.62|20.62|395.44|114.52|22.21|16.89|0|0.16||330.63|320.54|150.16|
|兆易创新|603986.SH|2017-12-04|330.63|240.35|187.41|89.05|20.62|20.62|395.44|114.52|22.21|16.89|0|0.16||330.63|320.54|150.16|
|兆易创新|603986.SH|2017-12-01|330.63|240.35|187.41|89.05|20.62|20.62|395.44|114.52|22.21|16.89|0|0.16||330.63|320.54|150.16|
|兆易创新|603986.SH|2017-11-30|330.63|240.35|187.41|89.05|20.62|20.62|395.44|114.52|22.21|16.89|0|0.16||330.63|320.54|150.16|
|兆易创新|603986.SH|2017-11-29|330.63|240.35|187.41|89.05|20.62|20.62|395.44|114.52|22.21|16.89|0|0.16||330.63|320.54|150.16|
|兆易创新|603986.SH|2017-11-28|330.63|240.35|187.41|89.05|20.62|20.62|395.44|114.52|22.21|16.89|0|0.16||330.63|320.54|150.16|
|兆易创新|603986.SH|2017-11-27|330.63|240.35|187.41|89.05|20.62|20.62|395.44|114.52|22.21|16.89|0|0.16||330.63|320.54|150.16|
|兆易创新|603986.SH|2017-11-24|330.63|240.35|187.41|89.05|20.62|20.62|395.44|114.52|22.21|16.89|0|0.16||330.63|320.54|150.16|
|兆易创新|603986.SH|2017-11-23|330.63|240.35|187.41|89.05|20.62|20.62|395.44|114.52|22.21|16.89|0|0.16||330.63|320.54|150.16|
|兆易创新|603986.SH|2017-11-22|330.63|240.35|187.41|89.05|20.62|20.62|395.44|114.52|22.21|16.89|0|0.16||330.63|320.54|150.16|
|兆易创新|603986.SH|2017-11-21|330.63|240.35|187.41|89.05|20.62|20.62|395.44|114.52|22.21|16.89|0|0.16||330.63|320.54|150.16|
|兆易创新|603986.SH|2017-11-20|330.63|240.35|187.41|89.05|20.62|20.62|395.44|114.52|22.21|16.89|0|0.16||330.63|320.54|150.16|
|兆易创新|603986.SH|2017-11-17|330.63|240.35|187.41|89.05|20.62|20.62|395.44|114.52|22.21|16.89|0|0.16||330.63|320.54|150.16|
|兆易创新|603986.SH|2017-11-16|330.63|240.35|187.41|89.05|20.62|20.62|395.44|114.52|22.21|16.89|0|0.16||330.63|320.54|150.16|
|兆易创新|603986.SH|2017-11-15|330.63|240.35|187.41|89.05|20.62|20.62|395.44|114.52|22.21|16.89|0|0.16||330.63|320.54|150.16|
|兆易创新|603986.SH|2017-11-14|330.63|240.35|187.41|89.05|20.62|20.62|395.44|114.52|22.21|16.89|0|0.16||330.63|320.54|150.16|
|兆易创新|603986.SH|2017-11-13|330.63|240.35|187.41|89.05|20.62|20.62|395.44|114.52|22.21|16.89|0|0.16||330.63|320.54|150.16|
|兆易创新|603986.SH|2017-11-10|330.63|240.35|187.41|89.05|20.62|20.62|395.44|114.52|22.21|16.89|0|0.16||330.63|320.54|150.16|
|兆易创新|603986.SH|2017-11-09|330.63|240.35|187.41|89.05|20.62|20.62|395.44|114.52|22.21|16.89|0|0.16||330.63|320.54|150.16|
|兆易创新|603986.SH|2017-11-08|330.63|240.35|187.41|89.05|20.62|20.62|395.44|114.52|22.21|16.89|0|0.16||330.63|320.54|150.16|
|兆易创新|603986.SH|2017-11-07|330.63|240.35|187.41|89.05|20.62|20.62|395.44|114.52|22.21|16.89|0|0.16||330.63|320.54|150.16|
|兆易创新|603986.SH|2017-11-06|330.63|240.35|187.41|89.05|20.62|20.62|395.44|114.52|22.21|16.89|0|0.16||330.63|320.54|150.16|
|兆易创新|603986.SH|2017-11-03|330.63|240.35|187.41|89.05|20.62|20.62|395.44|114.52|22.21|16.89|0|0.16||330.63|320.54|150.16|
|兆易创新|603986.SH|2017-11-02|330.63|240.35|187.41|89.05|20.62|20.62|395.44|114.52|22.21|16.89|0|0.16||330.63|320.54|150.16|
|兆易创新|603986.SH|2017-11-01|330.63|240.35|187.41|89.05|20.62|20.62|395.44|114.52|22.21|16.89|0|0.16||330.63|320.54|150.16|
|兆易创新|603986.SH|2017-10-31|330.63|240.35|187.41|89.05|20.62|20.62|395.44|114.52|22.21|16.89|0|0.16||330.63|320.54|150.16|
|兆易创新|603986.SH|2017-10-30|301.28|219.01|170.77|81.15|18.79|18.79|360.33|104.36|20.23|15.39|0|0.18||301.28|291.19|136.41|
|兆易创新|603986.SH|2017-10-27|273.9|199.11|155.25|102.98|18.97|18.97|327.58|125.6|18.4|15.45|0|0.19||273.9|263.23|123.31|
|兆易创新|603986.SH|2017-10-26|272.32|197.96|154.35|102.39|18.86|18.86|325.69|124.88|18.29|15.36|0|0.19||272.32|261.65|122.57|
|兆易创新|603986.SH|2017-10-25|252.17|183.31|142.93|94.81|17.46|17.46|301.59|115.64|16.94|14.23|0|0.21||252.17|241.5|113.14|
|兆易创新|603986.SH|2017-10-24|250.55|182.13|142.01|94.2|17.35|17.35|299.66|114.89|16.83|14.14|0|0.21||250.55|239.88|112.38|
|兆易创新|603986.SH|2017-10-23|252.5|183.55|143.12|94.94|17.49|17.49|301.98|115.79|16.96|14.24|0|0.21||252.5|241.82|113.29|
|兆易创新|603986.SH|2017-10-20|240.78|175.03|136.48|90.53|16.67|16.67|287.97|110.41|16.17|13.58|0|0.22||240.78|230.11|107.8|
|兆易创新|603986.SH|2017-10-19|234.68|170.6|133.02|88.24|16.25|16.25|280.67|107.62|15.76|13.24|0|0.23||234.68|224.01|104.94|
|兆易创新|603986.SH|2017-10-18|256.29|186.3|145.26|96.36|17.75|17.75|306.52|117.52|17.21|14.46|0|0.21||256.29|245.61|115.06|
|兆易创新|603986.SH|2017-10-17|257.24|187|145.8|96.72|17.81|17.81|307.66|117.96|17.28|14.51|0|0.21||257.24|246.57|115.51|
|兆易创新|603986.SH|2017-10-16|261.7|190.24|148.33|98.4|18.12|18.12|312.99|120.01|17.58|14.76|0|0.2||261.7|251.03|117.6|
|兆易创新|603986.SH|2017-10-13|265.89|193.29|150.71|99.97|18.41|18.41|318.01|121.93|17.86|15|0|0.2||265.89|255.22|119.56|
|兆易创新|603986.SH|2017-10-12|261.68|190.22|148.32|98.39|18.12|18.12|312.96|120|17.57|14.76|0|0.2||261.68|251.01|117.59|
|兆易创新|603986.SH|2017-10-11|260.83|189.6|147.84|98.07|18.06|18.06|311.95|119.61|17.52|14.71|0|0.2||260.83|250.16|117.19|
|兆易创新|603986.SH|2017-10-10|275.48|200.26|156.14|103.58|19.08|19.08|329.47|126.33|18.5|15.54|0|0.19||275.48|264.81|124.06|
|兆易创新|603986.SH|2017-10-09|273.45|198.78|155|102.82|18.94|18.94|327.05|125.4|18.37|15.43|0|0.19||273.45|262.78|123.11|
|兆易创新|603986.SH|2017-09-29|264.03|191.93|149.65|99.27|18.28|18.28|315.78|121.07|17.73|14.9|0|0.2||264.03|253.36|118.69|
|兆易创新|603986.SH|2017-09-28|257.77|187.38|146.1|96.92|17.85|17.85|308.29|118.2|17.31|14.54|0|0.21||257.77|247.09|115.76|
|兆易创新|603986.SH|2017-09-27|253.02|183.93|143.41|95.13|17.52|17.52|302.61|116.03|16.99|14.27|0|0.21||253.02|242.35|113.53|
|兆易创新|603986.SH|2017-09-26|250.25|181.91|141.84|94.09|17.33|17.33|299.29|114.75|16.81|14.12|0|0.21||250.25|239.57|112.23|
|兆易创新|603986.SH|2017-09-25|254.16|184.76|144.06|95.56|17.6|17.6|303.97|116.55|17.07|14.34|0|0.21||254.16|243.49|114.07|
|兆易创新|603986.SH|2017-09-22|268.06|194.86|151.94|100.79|18.56|18.56|320.6|122.92|18|15.12|0|0.2||268.06|257.39|120.58|
|兆易创新|603986.SH|2017-09-21|263.32|191.42|149.25|99|18.24|18.24|314.93|120.75|17.68|14.86|0|0.2||263.32|252.65|118.36|
|兆易创新|603986.SH|2017-09-20|266.28|193.57|150.93|100.12|18.44|18.44|318.47|122.11|17.88|15.02|0|0.2||266.28|255.61|119.74|
|兆易创新|603986.SH|2017-09-19|251.18|182.59|142.37|94.44|17.39|17.39|300.41|115.18|16.87|14.17|0|0.21||251.18|240.51|112.67|
|兆易创新|603986.SH|2017-09-18|258.62|188|146.59|97.24|17.91|17.91|309.3|118.59|17.37|14.59|0|0.2||258.62|247.95|116.15|
|兆易创新|603986.SH|2017-09-15|235.1|170.91|133.26|88.4|16.28|16.28|281.18|107.81|15.79|13.26|0|0.23||235.1|224.43|105.14|
|兆易创新|603986.SH|2017-09-14|252.17|183.31|142.93|94.81|17.46|17.46|301.59|115.64|16.94|14.23|0|0.21||252.17|241.5|113.14|
|兆易创新|603986.SH|2017-09-13|249.7|181.51|141.53|93.88|17.29|17.29|298.64|114.5|16.77|14.09|0|0.21||249.7|239.03|111.98|
|兆易创新|603986.SH|2017-09-12|227|165.01|128.66|85.35|15.72|15.72|271.49|104.09|15.25|12.81|0|0.23||227|216.33|101.34|
|兆易创新|603986.SH|2017-09-11|221.75|161.2|125.69|83.37|15.36|15.36|265.21|101.69|14.89|12.51|0|0.24||221.75|211.08|98.88|
|兆易创新|603986.SH|2017-09-08|221.16|160.77|125.35|83.15|15.32|15.32|264.5|101.42|14.85|12.48|0|0.24||221.16|210.49|98.61|
|兆易创新|603986.SH|2017-09-07|216.38|157.29|122.64|81.35|14.98|14.98|258.78|99.22|14.53|12.21|0|0.24||216.38|205.7|96.37|
|兆易创新|603986.SH|2017-09-06|208.73|151.74|118.31|78.48|14.46|14.46|249.64|95.72|14.02|11.78|0|0.25||208.73|198.06|92.79|
|兆易创新|603986.SH|2017-09-05|200.02|145.4|113.37|75.2|13.85|13.85|239.22|91.72|13.43|11.28|0|0.27||200.02|189.35|88.7|
|兆易创新|603986.SH|2017-09-04|199.82|145.25|113.26|75.13|13.84|13.84|238.98|91.63|13.42|11.27|0|0.27||199.82|189.14|88.61|
|兆易创新|603986.SH|2017-09-01|199.63|145.12|113.15|75.06|13.82|13.82|238.76|91.54|13.41|11.26|0|0.27||199.63|188.96|88.52|
|兆易创新|603986.SH|2017-08-31|193.78|140.86|109.83|72.86|13.42|13.42|231.75|88.86|13.01|10.93|0|0.27||193.78|183.1|85.78|
|兆易创新|603986.SH|2017-08-30|185.69|134.98|105.25|69.82|12.86|12.86|222.08|85.15|12.47|10.48|0|0.29||185.69|175.02|81.99|
|兆易创新|603986.SH|2017-08-29|177.26|128.85|100.47|66.65|12.28|12.28|212|81.28|11.9|10|0|0.3||177.26|166.58|78.04|
|兆易创新|603986.SH|2017-08-28|161.14|117.14|91.34|60.59|11.16|11.16|192.72|73.89|10.82|9.09|0|0.33||161.14|150.47|70.49|
|兆易创新|603986.SH|2017-08-25|146.49|106.49|83.03|69.71|10.88|11.33|175.2|143.05|9.84|8.97|0|0.36||146.49|138.05|64.67|
|兆易创新|603986.SH|2017-08-24|141.6|102.94|80.26|67.39|10.52|10.95|169.35|138.28|9.51|8.67|0|0.37||141.6|133.16|62.38|
|兆易创新|603986.SH|2017-08-23|142.51|103.6|80.78|67.82|10.59|11.02|170.45|139.17|9.57|8.73|0|0.37||142.51|134.07|62.81|
|兆易创新|603986.SH|2017-08-22|151.74|110.3|86.01|72.21|11.27|11.74|181.48|148.18|10.19|9.29|0|0.35||151.74|143.29|67.13|
|兆易创新|603986.SH|2017-08-21|148.84|108.2|84.36|70.83|11.06|11.51|178.01|145.35|10|9.12|0|0.36||148.84|140.4|65.77|
|兆易创新|603986.SH|2017-08-18|142.17|103.35|80.58|67.66|10.56|11|170.03|138.84|9.55|8.71|0|0.37||142.17|133.73|62.65|
|兆易创新|603986.SH|2017-08-17|144.2|35.57|81.73|68.62|10.71|11.15|172.46|140.82|9.68|8.83|0|0.37||144.2|135.75|63.6|
|兆易创新|603986.SH|2017-08-16|140.97|34.78|79.9|67.09|10.47|10.9|168.6|137.67|9.47|8.63|0|0.38||140.97|132.53|62.09|
|兆易创新|603986.SH|2017-08-15|139.9|34.51|79.3|66.58|10.39|10.82|167.32|136.62|9.4|8.57|0|0.38||139.9|131.46|61.58|
|兆易创新|603986.SH|2017-08-14|141.99|35.03|80.48|67.57|10.55|10.98|169.82|138.66|9.54|8.7|0|0.37||141.99|133.55|62.56|
|兆易创新|603986.SH|2017-08-11|138.64|34.2|78.58|65.98|10.3|10.72|165.82|135.39|9.31|8.49|0|0.38||138.64|130.2|60.99|
|兆易创新|603986.SH|2017-08-10|144.58|35.67|81.95|68.8|10.74|11.18|172.92|141.19|9.71|8.86|0|0.37||144.58|136.14|63.78|
|兆易创新|603986.SH|2017-08-09|160.63|39.63|91.05|76.44|11.93|12.42|192.12|156.87|10.79|9.84|0|0.33||160.63|152.19|71.3|
|兆易创新|603986.SH|2017-08-08|160.63|39.63|91.05|76.44|11.93|12.42|192.12|156.87|10.79|9.84|0|0.33||160.63|152.19|71.3|
|兆易创新|603986.SH|2017-08-07|160.63|39.63|91.05|76.44|11.93|12.42|192.12|156.87|10.79|9.84|0|0.33||160.63|152.19|71.3|
|兆易创新|603986.SH|2017-08-04|160.63|39.63|91.05|76.44|11.93|12.42|192.12|156.87|10.79|9.84|0|0.33||160.63|152.19|71.3|
|兆易创新|603986.SH|2017-08-03|160.63|39.63|91.05|76.44|11.93|12.42|192.12|156.87|10.79|9.84|0|0.33||160.63|152.19|71.3|
|兆易创新|603986.SH|2017-08-02|153.32|37.82|86.9|72.96|11.39|11.86|183.37|149.72|10.3|9.39|0|0.35||153.32|144.88|67.87|
|兆易创新|603986.SH|2017-08-01|156.09|38.51|88.48|74.28|11.6|12.07|186.69|152.44|10.48|9.56|0|0.34||156.09|147.65|69.17|
|兆易创新|603986.SH|2017-07-31|144.12|35.55|81.69|68.58|10.71|11.15|172.36|140.74|9.68|8.83|0|0.37||144.12|135.67|63.56|
|兆易创新|603986.SH|2017-07-28|144.07|35.54|81.66|68.56|10.7|11.14|172.31|140.7|9.68|8.82|0|0.37||144.07|135.63|63.54|
|兆易创新|603986.SH|2017-07-27|148.47|36.63|84.16|70.66|11.03|11.48|177.57|144.99|9.97|9.09|0|0.36||148.47|140.03|65.6|
|兆易创新|603986.SH|2017-07-26|145.37|35.86|82.4|69.18|10.8|11.24|173.86|141.96|9.76|8.9|0|0.36||145.37|136.93|64.15|
|兆易创新|603986.SH|2017-07-25|146.16|36.06|82.85|69.56|10.86|11.3|174.81|142.74|9.82|8.95|0|0.36||146.16|137.72|64.52|
|兆易创新|603986.SH|2017-07-24|148.72|36.69|84.29|70.77|11.05|11.5|177.86|145.23|9.99|9.11|0|0.36||148.72|140.27|65.71|
|兆易创新|603986.SH|2017-07-21|155.53|38.37|88.15|74.01|11.56|12.03|186.01|151.88|10.45|9.53|0|0.34||155.53|147.09|68.9|
|兆易创新|603986.SH|2017-07-20|153.74|37.92|87.14|73.16|11.42|11.89|183.88|150.14|10.33|9.42|0|0.34||153.74|145.3|68.07|
|兆易创新|603986.SH|2017-07-19|148.86|36.72|84.37|70.84|11.06|11.51|178.03|145.37|10|9.12|0|0.36||148.86|140.42|65.78|
|兆易创新|603986.SH|2017-07-18|153.8|37.94|87.18|73.19|11.43|11.9|183.95|150.2|10.33|9.42|0|0.34||153.8|145.36|68.1|
|兆易创新|603986.SH|2017-07-17|151.55|37.39|85.9|72.12|11.26|11.72|181.26|148|10.18|9.28|0|0.35||151.55|143.11|67.04|
|兆易创新|603986.SH|2017-07-14|164.55|40.59|93.27|78.31|12.23|12.73|196.8|160.69|11.05|10.08|0|0.32||164.55|156.11|73.13|
|兆易创新|603986.SH|2017-07-13|168.15|41.48|95.31|80.02|12.49|13.01|201.11|164.21|11.29|10.3|0|0.32||168.15|159.71|74.82|
|兆易创新|603986.SH|2017-07-12|170.73|42.12|96.77|81.25|12.68|13.2|204.19|166.73|11.47|10.46|0|0.31||170.73|162.29|76.03|
|兆易创新|603986.SH|2017-07-11|175.98|43.41|99.75|83.75|13.07|13.61|210.47|171.85|11.82|10.78|0|0.3||175.98|167.54|78.49|
|兆易创新|603986.SH|2017-07-10|176.47|43.53|100.02|83.98|13.11|13.65|211.05|172.33|11.85|10.81|0|0.3||176.47|168.02|78.71|
|兆易创新|603986.SH|2017-07-07|185.3|45.71|105.03|88.18|13.77|14.33|221.62|180.96|12.45|11.35|0|0.29||185.3|176.86|82.85|
|兆易创新|603986.SH|2017-07-06|174.76|43.11|99.06|83.17|12.98|13.52|209.01|170.67|11.74|10.7|0|0.3||174.76|166.32|77.92|
|兆易创新|603986.SH|2017-07-05|169.68|41.86|96.17|80.75|12.61|13.12|202.93|165.7|11.4|10.39|0|0.31||169.68|161.23|75.53|
|兆易创新|603986.SH|2017-07-04|168.46|41.56|95.48|80.17|12.52|13.03|201.48|164.51|11.31|10.32|0|0.31||168.46|160.02|74.96|
|兆易创新|603986.SH|2017-07-03|170.38|42.03|96.57|81.08|12.66|13.18|203.78|166.39|11.44|10.44|0|0.31||170.38|161.94|75.87|
|兆易创新|603986.SH|2017-06-30|157.72|38.91|89.39|75.05|11.72|12.2|188.63|154.02|10.59|9.66|0|0.34||157.72|149.27|69.93|
|兆易创新|603986.SH|2017-06-29|158.47|39.09|89.82|75.41|11.77|12.26|189.52|154.75|10.64|9.71|0|0.33||158.47|150.02|70.28|
|兆易创新|603986.SH|2017-06-28|157.76|38.92|89.42|75.07|11.72|12.2|188.68|154.06|10.6|9.66|0|0.34||157.76|149.32|69.95|
|兆易创新|603986.SH|2017-06-27|159.52|39.35|90.42|75.91|11.85|12.34|190.78|155.78|10.71|9.77|0|0.33||159.52|151.08|70.78|
|兆易创新|603986.SH|2017-06-26|161.04|39.73|91.28|76.64|11.96|12.46|192.6|157.27|10.82|9.86|0|0.33||161.04|152.6|71.49|
|兆易创新|603986.SH|2017-06-23|156.76|38.67|88.85|74.6|11.65|12.12|187.49|153.09|10.53|9.6|0|0.34||156.76|148.32|69.48|
|兆易创新|603986.SH|2017-06-22|154.52|38.63|87.58|73.53|11.48|11.95|184.8|150.9|10.38|9.46|0|0.34||154.52|146.08|68.43|
|兆易创新|603986.SH|2017-06-21|166.46|41.62|94.35|79.22|12.37|12.87|199.08|162.56|11.18|10.2|0|0.32||166.46|158.02|74.03|
|兆易创新|603986.SH|2017-06-20|167.6|41.9|95|79.76|12.45|12.96|200.45|163.67|11.26|10.26|0|0.32||167.6|159.16|74.56|
|兆易创新|603986.SH|2017-06-19|165.52|41.38|93.82|78.77|12.3|12.8|197.96|161.64|11.12|10.14|0|0.32||165.52|157.08|73.59|
|兆易创新|603986.SH|2017-06-16|163.38|40.85|92.6|77.75|12.14|12.64|195.4|159.55|10.97|10.01|0|0.32||163.38|154.94|72.58|
|兆易创新|603986.SH|2017-06-15|165.34|41.34|93.72|78.68|12.28|12.79|197.75|161.46|11.1|10.13|0|0.32||165.34|156.9|73.5|
|兆易创新|603986.SH|2017-06-14|158.44|39.61|89.8|75.4|11.77|12.25|189.49|154.73|10.64|9.7|0|0.33||158.44|150|70.27|
|兆易创新|603986.SH|2017-06-13|159.86|39.97|90.61|76.08|11.88|12.36|191.19|156.11|10.74|9.79|0|0.33||159.86|151.42|70.93|
|兆易创新|603986.SH|2017-06-12|159.76|39.94|90.55|76.03|11.87|12.36|191.07|156.02|10.73|9.78|0|0.33||159.76|151.32|70.89|
|兆易创新|603986.SH|2017-06-09|177.52|44.38|100.62|84.48|13.19|13.73|212.31|173.36|11.92|10.87|0|0.3||177.52|169.08|79.21|
|兆易创新|603986.SH|2017-06-08|176.46|44.12|100.02|83.97|13.11|13.65|211.04|172.32|11.85|10.81|0|0.3||176.46|168.02|78.71|
|兆易创新|603986.SH|2017-06-07|183.22|45.81|103.85|87.19|13.61|14.17|219.13|178.93|12.31|11.22|0|0.29||183.22|174.78|81.88|
|兆易创新|603986.SH|2017-06-06|177.74|44.44|100.74|84.58|13.21|13.75|212.58|173.57|11.94|10.89|0|0.3||177.74|169.3|79.31|
|兆易创新|603986.SH|2017-06-05|180.5|45.13|102.31|85.9|13.41|13.96|215.88|176.27|12.12|11.05|0|0.29||180.5|172.06|80.6|
|兆易创新|603986.SH|2017-06-02|178.52|44.63|101.19|84.96|13.26|13.81|213.51|174.34|11.99|10.93|0|0.3||178.52|170.08|79.68|
|兆易创新|603986.SH|2017-06-01|174.66|43.67|99|83.12|12.98|13.51|208.89|170.57|11.73|10.7|0|0.3||174.66|166.22|77.87|
|兆易创新|603986.SH|2017-05-31|175.54|43.89|99.5|83.54|13.04|13.58|209.94|171.43|11.79|10.75|0|0.3||175.54|167.1|78.28|
|兆易创新|603986.SH|2017-05-26|177.16|44.29|100.42|84.31|13.16|13.7|211.88|173.01|11.9|10.85|0|0.3||177.16|168.72|79.04|
|兆易创新|603986.SH|2017-05-25|181.64|45.41|102.95|86.44|13.5|14.05|217.24|177.38|12.2|11.12|0|0.29||181.64|173.2|81.14|
|兆易创新|603986.SH|2017-05-24|178.2|44.55|101|84.8|13.24|13.78|213.13|174.02|11.97|10.91|0|0.3||178.2|169.76|79.53|
|兆易创新|603986.SH|2017-05-23|175.56|43.89|99.51|83.55|13.04|13.58|209.97|171.44|11.79|10.75|0|0.3||175.56|167.12|78.29|
|兆易创新|603986.SH|2017-05-22|189.66|23.71|107.5|90.26|14.09|14.67|226.83|185.21|12.74|11.62|0|0.28||189.66|181.22|84.89|
|兆易创新|603986.SH|2017-05-19|195|48.75|110.53|92.8|14.49|14.49|233.22|190.43|13.1|11.94|0|||195|186.56|87.4|
|兆易创新|603986.SH|2017-05-18|199.32|49.83|112.98|94.85|14.81|14.81|238.38|194.65|13.39|12.21|0|||199.32|190.88|89.42|
|兆易创新|603986.SH|2017-05-17|200.11|50.03|113.42|95.23|14.87|14.87|239.33|195.42|13.44|12.26|0|||200.11|191.67|89.79|
|兆易创新|603986.SH|2017-05-16|198.96|49.74|112.77|94.68|14.78|14.78|237.95|194.3|13.36|12.19|0|||198.96|190.52|89.25|
|兆易创新|603986.SH|2017-05-15|188.98|47.25|107.11|89.93|14.04|14.04|226.02|184.55|12.69|11.57|0|||188.98|180.54|84.58|
|兆易创新|603986.SH|2017-05-12|194.66|48.67|110.33|92.64|14.46|14.46|232.81|190.1|13.07|11.92|0|||194.66|186.22|87.24|
|兆易创新|603986.SH|2017-05-11|205.42|51.36|116.43|97.76|15.26|15.26|245.68|200.61|13.8|12.58|0|||205.42|196.98|92.28|
|兆易创新|603986.SH|2017-05-10|201.65|50.41|114.3|95.96|14.98|14.98|241.17|196.92|13.54|12.35|0|||201.65|193.21|90.51|
|兆易创新|603986.SH|2017-05-09|204.48|51.12|115.9|97.31|15.19|15.19|244.56|199.69|13.73|12.52|0|||204.48|196.04|91.84|
|兆易创新|603986.SH|2017-05-08|193.73|48.43|109.81|92.19|14.39|14.39|231.7|189.19|13.01|11.87|0|||193.73|185.29|86.8|
|兆易创新|603986.SH|2017-05-05|189.99|47.5|107.69|90.41|14.12|14.12|227.23|185.54|12.76|11.64|0|||189.99|181.55|85.05|
|兆易创新|603986.SH|2017-05-04|189.38|47.35|107.34|90.12|14.07|14.07|226.5|184.94|12.72|11.6|0|||189.38|180.94|84.76|
|兆易创新|603986.SH|2017-05-03|191.38|47.85|108.48|91.08|14.22|14.22|228.89|186.89|12.85|11.72|0|||191.38|182.94|85.7|
|兆易创新|603986.SH|2017-05-02|198.55|49.64|112.54|94.49|14.75|14.75|237.46|193.9|13.33|12.16|0|||198.55|190.11|89.06|
|兆易创新|603986.SH|2017-04-28|198.06|49.52|112.26|94.25|14.72|14.72|236.88|193.42|13.3|12.13|0|||198.06|189.62|88.83|
|兆易创新|603986.SH|2017-04-27|194.99|48.75|110.52|110.52|15.25|15.25|233.21|233.21|13.1|13.1|0||437.79|194.99|186.27|87.26|
|兆易创新|603986.SH|2017-04-26|191.99|48|108.82|108.82|15.02|15.02|229.62|229.62|12.89|12.89|0||431.05|191.99|183.27|85.86|
|兆易创新|603986.SH|2017-04-25|174.58|43.65|98.95|98.95|13.65|13.65|208.8|208.8|11.73|11.73|0||391.96|174.58|165.86|77.7|
|兆易创新|603986.SH|2017-04-24|174.99|43.75|99.19|99.19|13.69|13.69|209.29|209.29|11.75|11.75|0||392.88|174.99|166.27|77.89|
|兆易创新|603986.SH|2017-04-21|174.9|43.73|99.13|99.13|13.68|13.68|209.18|209.18|11.75|11.75|0||392.68|174.9|166.18|77.85|
|兆易创新|603986.SH|2017-04-20|180.09|45.02|102.08|102.08|14.09|14.09|215.39|215.39|12.1|12.1|0||404.33|180.09|171.37|80.28|
|兆易创新|603986.SH|2017-04-19|181.5|45.38|102.88|102.88|14.2|14.2|217.07|217.07|12.19|12.19|0||407.5|181.5|172.78|80.94|
|兆易创新|603986.SH|2017-04-18|176.56|44.14|100.08|100.08|13.81|13.81|211.16|211.16|11.86|11.86|0||396.41|176.56|167.84|78.63|
|兆易创新|603986.SH|2017-04-17|178.53|44.63|101.19|101.19|13.96|13.96|213.52|213.52|11.99|11.99|0||400.83|178.53|169.81|79.55|
|兆易创新|603986.SH|2017-04-14|177.9|44.48|100.83|100.83|13.91|13.91|212.77|212.77|11.95|11.95|0||399.42|177.9|169.18|79.26|
|兆易创新|603986.SH|2017-04-13|179.49|44.87|101.74|101.74|14.04|14.04|214.67|214.67|12.05|12.05|0||402.98|179.49|170.77|80|
|兆易创新|603986.SH|2017-04-12|183.65|45.91|104.09|104.09|14.36|14.36|219.64|219.64|12.33|12.33|0||412.32|183.65|174.93|81.95|
|兆易创新|603986.SH|2017-04-11|204.06|51.02|115.66|115.66|15.96|15.96|244.05|244.05|13.71|13.71|0||458.15|204.06|195.34|91.51|
|兆易创新|603986.SH|2017-04-10|204.06|51.02|129.33|112.48|16.5|16.5|93.96|133.19|17.17|14.47|0|||204.06|194.92|97.18|
|兆易创新|603986.SH|2017-04-07|215.03|53.76|136.28|118.53|17.39|17.39|99.01|140.35|18.09|15.25|0|||215.03|205.89|102.65|
|兆易创新|603986.SH|2017-04-06|209.6|52.4|132.84|115.54|16.95|16.95|96.51|136.81|17.63|14.86|0|||209.6|200.46|99.94|
|兆易创新|603986.SH|2017-04-05|206.01|51.5|130.57|113.56|16.66|16.66|94.85|134.46|17.33|14.61|0|||206.01|196.87|98.15|
|兆易创新|603986.SH|2017-03-31|210.1|52.53|133.16|115.81|16.99|16.99|96.74|137.13|17.67|14.9|0|||210.1|200.96|100.19|
|兆易创新|603986.SH|2017-03-30|223.83|55.96|141.86|123.38|18.1|18.1|103.06|146.09|18.83|15.87|0|||223.83|214.69|107.04|
|兆易创新|603986.SH|2017-03-29|215.2|53.8|136.39|118.62|17.4|17.4|99.09|140.46|18.1|15.26|0|||215.2|206.06|102.73|
|兆易创新|603986.SH|2017-03-28|225.09|56.27|142.66|124.08|18.2|18.2|103.64|146.92|18.93|15.96|0|||225.09|215.95|107.66|
|兆易创新|603986.SH|2017-03-27|215.45|53.86|136.55|118.76|17.42|17.42|99.2|140.62|18.12|15.28|0|||215.45|206.31|102.86|
|兆易创新|603986.SH|2017-03-24|206.42|51.61|130.83|113.78|16.69|16.69|95.04|134.73|17.36|14.64|0|||206.42|197.28|98.36|
|兆易创新|603986.SH|2017-03-23|205.76|51.44|130.41|113.42|16.64|16.64|94.74|134.3|17.31|14.59|0|||205.76|196.62|98.03|
|兆易创新|603986.SH|2017-03-22|228.48|57.12|144.81|125.94|18.47|18.47|105.2|149.13|19.22|16.2|0|||228.48|219.34|109.36|
|兆易创新|603986.SH|2017-03-21|217.07|54.27|137.58|119.66|17.55|17.55|99.95|141.68|18.26|15.39|0|||217.07|207.93|103.67|
|兆易创新|603986.SH|2017-03-20|215.85|53.96|136.8|118.98|17.45|17.45|99.39|140.88|18.16|15.31|0|||215.85|206.71|103.06|
|兆易创新|603986.SH|2017-03-17|224.76|56.19|142.45|123.89|18.17|18.17|103.49|146.7|18.91|15.94|0|||224.76|215.62|107.5|
|兆易创新|603986.SH|2017-03-16|245.88|61.47|155.83|135.54|19.88|19.88|113.21|160.49|20.68|17.44|0|||245.88|236.74|118.03|
|兆易创新|603986.SH|2017-03-15|236.89|59.22|150.14|130.58|19.15|19.15|109.07|154.62|19.93|16.8|0|||236.89|227.75|113.55|
|兆易创新|603986.SH|2017-03-14|215.35|53.84|136.49|118.71|17.41|17.41|99.15|140.56|18.12|15.27|0|||215.35|206.21|102.81|
|兆易创新|603986.SH|2017-03-13|195.77|48.94|124.08|107.91|15.83|15.83|90.14|127.78|16.47|13.88|0|||195.77|186.63|93.05|
|兆易创新|603986.SH|2017-03-10|177.97|44.49|112.79|98.1|14.39|14.39|81.94|116.16|14.97|12.62|0|||177.97|168.83|84.17|
|兆易创新|603986.SH|2017-03-09|177.97|44.49|112.79|98.1|14.39|14.39|81.94|116.16|14.97|12.62|0|||177.97|168.83|84.17|
|兆易创新|603986.SH|2017-03-08|177.97|44.49|112.79|98.1|14.39|14.39|81.94|116.16|14.97|12.62|0|||177.97|168.83|84.17|
|兆易创新|603986.SH|2017-03-07|177.97|44.49|112.79|98.1|14.39|14.39|81.94|116.16|14.97|12.62|0|||177.97|168.83|84.17|
|兆易创新|603986.SH|2017-03-06|177.97|44.49|112.79|98.1|14.39|14.39|81.94|116.16|14.97|12.62|0|||177.97|168.83|84.17|
|兆易创新|603986.SH|2017-03-03|177.97|44.49|112.79|98.1|14.39|14.39|81.94|116.16|14.97|12.62|0|||177.97|168.83|84.17|
|兆易创新|603986.SH|2017-03-02|177.97|44.49|112.79|98.1|14.39|14.39|81.94|116.16|14.97|12.62|0|||177.97|168.83|84.17|
|兆易创新|603986.SH|2017-03-01|177.97|44.49|112.79|98.1|14.39|14.39|81.94|116.16|14.97|12.62|0|||177.97|168.83|84.17|
|兆易创新|603986.SH|2017-02-28|177.97|44.49|112.79|98.1|14.39|14.39|81.94|116.16|14.97|12.62|0|||177.97|168.83|84.17|
|兆易创新|603986.SH|2017-02-27|177.97|44.49|112.79|98.1|14.39|14.39|81.94|116.16|14.97|12.62|0|||177.97|168.83|84.17|
|兆易创新|603986.SH|2017-02-24|177.97|44.49|112.79|98.1|14.39|14.39|81.94|116.16|14.97|12.62|0|||177.97|168.83|84.17|
|兆易创新|603986.SH|2017-02-23|177.97|44.49|112.79|98.1|14.39|14.39|81.94|116.16|14.97|12.62|0|||177.97|168.83|84.17|
|兆易创新|603986.SH|2017-02-22|177.97|44.49|112.79|98.1|14.39|14.39|81.94|116.16|14.97|12.62|0|||177.97|168.83|84.17|
|兆易创新|603986.SH|2017-02-21|177.97|44.49|112.79|98.1|14.39|14.39|81.94|116.16|14.97|12.62|0|||177.97|168.83|84.17|
|兆易创新|603986.SH|2017-02-20|177.97|44.49|112.79|98.1|14.39|14.39|81.94|116.16|14.97|12.62|0|||177.97|168.83|84.17|
|兆易创新|603986.SH|2017-02-17|177.97|44.49|112.79|98.1|14.39|14.39|81.94|116.16|14.97|12.62|0|||177.97|168.83|84.17|
|兆易创新|603986.SH|2017-02-16|177.97|44.49|112.79|98.1|14.39|14.39|81.94|116.16|14.97|12.62|0|||177.97|168.83|84.17|
|兆易创新|603986.SH|2017-02-15|177.97|44.49|112.79|98.1|14.39|14.39|81.94|116.16|14.97|12.62|0|||177.97|168.83|84.17|
|兆易创新|603986.SH|2017-02-14|177.97|44.49|112.79|98.1|14.39|14.39|81.94|116.16|14.97|12.62|0|||177.97|168.83|84.17|
|兆易创新|603986.SH|2017-02-13|177.97|44.49|112.79|98.1|14.39|14.39|81.94|116.16|14.97|12.62|0|||177.97|168.83|84.17|
|兆易创新|603986.SH|2017-02-10|177.97|44.49|112.79|98.1|14.39|14.39|81.94|116.16|14.97|12.62|0|||177.97|168.83|84.17|
|兆易创新|603986.SH|2017-02-09|177.97|44.49|112.79|98.1|14.39|14.39|81.94|116.16|14.97|12.62|0|||177.97|168.83|84.17|
|兆易创新|603986.SH|2017-02-08|177.97|44.49|112.79|98.1|14.39|14.39|81.94|116.16|14.97|12.62|0|||177.97|168.83|84.17|
|兆易创新|603986.SH|2017-02-07|177.97|44.49|112.79|98.1|14.39|14.39|81.94|116.16|14.97|12.62|0|||177.97|168.83|84.17|
|兆易创新|603986.SH|2017-02-06|177.97|44.49|112.79|98.1|14.39|14.39|81.94|116.16|14.97|12.62|0|||177.97|168.83|84.17|
|兆易创新|603986.SH|2017-02-03|177.97|44.49|112.79|98.1|14.39|14.39|81.94|116.16|14.97|12.62|0|||177.97|168.83|84.17|
|兆易创新|603986.SH|2017-01-26|177.97|44.49|112.79|98.1|14.39|14.39|81.94|116.16|14.97|12.62|0|||177.97|168.83|84.17|
|兆易创新|603986.SH|2017-01-25|177.97|44.49|112.79|98.1|14.39|14.39|81.94|116.16|14.97|12.62|0|||177.97|168.83|84.17|
|兆易创新|603986.SH|2017-01-24|177.97|44.49|112.79|98.1|14.39|14.39|81.94|116.16|14.97|12.62|0|||177.97|168.83|84.17|
|兆易创新|603986.SH|2017-01-23|177.97|44.49|112.79|98.1|14.39|14.39|81.94|116.16|14.97|12.62|0|||177.97|168.83|84.17|
|兆易创新|603986.SH|2017-01-20|177.97|44.49|112.79|98.1|14.39|14.39|81.94|116.16|14.97|12.62|0|||177.97|168.83|84.17|
|兆易创新|603986.SH|2017-01-19|177.97|44.49|112.79|98.1|14.39|14.39|81.94|116.16|14.97|12.62|0|||177.97|168.83|84.17|
|兆易创新|603986.SH|2017-01-18|177.97|44.49|112.79|98.1|14.39|14.39|81.94|116.16|14.97|12.62|0|||177.97|168.83|84.17|
|兆易创新|603986.SH|2017-01-17|177.97|44.49|112.79|98.1|14.39|14.39|81.94|116.16|14.97|12.62|0|||177.97|168.83|84.17|
|兆易创新|603986.SH|2017-01-16|177.97|44.49|112.79|98.1|14.39|14.39|81.94|116.16|14.97|12.62|0|||177.97|168.83|84.17|
|兆易创新|603986.SH|2017-01-13|177.97|44.49|112.79|98.1|14.39|14.39|81.94|116.16|14.97|12.62|0|||177.97|168.83|84.17|
|兆易创新|603986.SH|2017-01-12|177.97|44.49|112.79|98.1|14.39|14.39|81.94|116.16|14.97|12.62|0|||177.97|168.83|84.17|
|兆易创新|603986.SH|2017-01-11|177.97|44.49|112.79|98.1|14.39|14.39|81.94|116.16|14.97|12.62|0|||177.97|168.83|84.17|
|兆易创新|603986.SH|2017-01-10|177.97|44.49|112.79|98.1|14.39|14.39|81.94|116.16|14.97|12.62|0|||177.97|168.83|84.17|
|兆易创新|603986.SH|2017-01-09|177.97|44.49|112.79|98.1|14.39|14.39|81.94|116.16|14.97|12.62|0|||177.97|168.83|84.17|
|兆易创新|603986.SH|2017-01-06|177.97|44.49|112.79|98.1|14.39|14.39|81.94|116.16|14.97|12.62|0|||177.97|168.83|84.17|
|兆易创新|603986.SH|2017-01-05|177.97|44.49|112.79|98.1|14.39|14.39|81.94|116.16|14.97|12.62|0|||177.97|168.83|84.17|
|兆易创新|603986.SH|2017-01-04|177.97|44.49|112.79|98.1|14.39|14.39|81.94|116.16|14.97|12.62|0|||177.97|168.83|84.17|
|兆易创新|603986.SH|2017-01-03|177.97|44.49|112.79|98.1|14.39|14.39|81.94|116.16|14.97|12.62|0|||177.97|168.83|84.17|",2026-07-18T11:30:34.893962+08:00
