trade_date,wind_code,open,high,low,close,volume,amt
2014-01-02,801790.SI,1067.86,1072.75,1050.10,1061.48,561082638,7044013921
2014-01-03,801790.SI,1053.12,1057.28,1027.83,1034.81,742635600,9107186606
2014-01-06,801790.SI,1032.32,1044.02,1002.37,1028.31,836853012,10911853090
2014-01-07,801790.SI,1015.97,1031.68,1009.70,1022.42,476373100,6031581717
2014-01-08,801790.SI,1025.57,1044.15,1015.97,1030.18,685541278,8750259382
2014-01-09,801790.SI,1026.75,1039.47,1006.78,1011.72,630383315,8027545314
2014-01-10,801790.SI,1008.59,1015.38,990.10,996.51,604026617,7126117396
2014-01-13,801790.SI,999.05,1010.58,981.77,989.88,678273597,7249315076
2014-01-14,801790.SI,991.10,1008.39,981.24,1000.83,553911318,6251063636
2014-01-15,801790.SI,999.46,1006.31,983.84,997.38,525597891,5889368353
2014-01-16,801790.SI,997.95,1022.92,991.72,1010.86,663925213,8625109456
2014-01-17,801790.SI,1005.87,1016.56,991.13,1004.90,721637696,8379431127
2014-01-20,801790.SI,1000.19,1013.76,992.37,999.76,501311747,5776961274
2014-01-21,801790.SI,1001.96,1030.19,1000.27,1017.06,679175903,7769000897
2014-01-22,801790.SI,1018.27,1046.58,1012.60,1040.81,924370615,10830317187
2014-01-23,801790.SI,1038.53,1044.61,1022.11,1029.00,724208725,8830206242
2014-01-24,801790.SI,1022.96,1047.10,1019.91,1032.56,823741999,9368854742
2014-01-27,801790.SI,1022.47,1027.66,997.31,1003.04,776793381,10085456436
2014-01-28,801790.SI,1007.65,1018.76,998.95,1009.30,541111733,6768583401
2014-01-29,801790.SI,1013.37,1021.49,1004.88,1015.61,557709671,6747530722
2014-01-30,801790.SI,1011.40,1017.98,997.79,1004.64,510097434,6367243499
2014-02-07,801790.SI,994.48,1007.50,981.27,1001.80,610781738,7953721269
2014-02-10,801790.SI,1005.05,1031.79,1002.58,1027.21,885805228,11105289049
2014-02-11,801790.SI,1025.55,1050.57,1016.91,1034.66,1112580332,13472009693
2014-02-12,801790.SI,1039.04,1049.98,1023.30,1034.14,895096175,10814640738
2014-02-13,801790.SI,1032.91,1041.99,1015.58,1023.17,923503574,11084469164
2014-02-14,801790.SI,1021.92,1034.66,1017.95,1028.83,656481760,7881509597
2014-02-17,801790.SI,1038.31,1048.40,1026.88,1039.22,934914082,11493437360
2014-02-18,801790.SI,1039.42,1042.59,1007.31,1013.56,1199671121,13821149958
2014-02-19,801790.SI,1011.78,1031.73,1000.24,1020.73,1047603871,12591459869
2014-02-20,801790.SI,1000.00,1000.00,1000.00,1000.00,1014023628,12005869675
2014-02-21,801790.SI,997.86,998.70,981.99,989.24,962930000,11128870000
2014-02-24,801790.SI,981.28,981.28,965.27,974.47,929320000,10867200000
2014-02-25,801790.SI,974.59,977.89,945.03,946.67,954810000,11129160000
2014-02-26,801790.SI,941.10,946.27,932.37,943.78,745380000,8486300000
2014-02-27,801790.SI,949.86,953.12,940.34,945.40,794130000,9369250000
2014-02-28,801790.SI,944.97,974.60,939.71,971.61,1190730000,12780330000
2014-03-03,801790.SI,965.17,967.99,957.91,962.89,903600000,8915360000
2014-03-04,801790.SI,961.64,965.84,955.84,963.03,841300000,8907600000
2014-03-05,801790.SI,966.65,966.65,951.09,952.72,723670000,7846290000
2014-03-06,801790.SI,951.09,965.24,940.27,960.73,884610000,9385420000
2014-03-07,801790.SI,955.32,968.22,948.89,950.85,734030000,8175720000
2014-03-10,801790.SI,939.68,939.80,917.48,917.65,804680000,8741450000
2014-03-11,801790.SI,915.09,924.32,910.97,919.70,657970000,7140480000
2014-03-12,801790.SI,916.07,924.97,908.10,916.72,755480000,7643330000
2014-03-13,801790.SI,920.06,935.02,917.58,926.83,745570000,7512710000
2014-03-14,801790.SI,922.04,928.94,917.29,921.47,577570000,6456800000
2014-03-17,801790.SI,925.45,926.93,917.07,926.78,548840000,6083990000
2014-03-18,801790.SI,927.82,930.45,921.74,921.96,559130000,5961400000
2014-03-19,801790.SI,918.92,918.92,907.47,914.18,481550000,5273660000
2014-03-20,801790.SI,913.62,924.68,904.14,904.14,555800000,6362780000
2014-03-21,801790.SI,901.09,944.82,900.52,942.58,1150320000,12692480000
2014-03-24,801790.SI,943.76,966.77,939.71,958.12,1375630000,14626430000
2014-03-25,801790.SI,952.85,965.70,950.82,953.21,961250000,10193350000
2014-03-26,801790.SI,962.04,964.78,946.75,948.61,716750000,7715950000
2014-03-27,801790.SI,946.91,958.62,933.59,943.34,916920000,10070880000
2014-03-28,801790.SI,940.98,949.88,936.53,941.39,785910000,8591030000
2014-03-31,801790.SI,944.45,945.99,931.05,935.77,532120000,5799510000
2014-04-01,801790.SI,936.34,950.87,935.75,944.74,494180000,5884000000
2014-04-02,801790.SI,946.04,954.13,944.18,954.08,555120000,6854640000
2014-04-03,801790.SI,958.69,973.54,955.12,955.36,880330000,10022330000
2014-04-04,801790.SI,950.43,965.49,949.68,965.49,593000000,6397050000
2014-04-08,801790.SI,962.23,993.96,961.41,991.02,1264940000,14399440000
2014-04-09,801790.SI,991.93,993.97,981.40,985.10,749530000,8713060000
2014-04-10,801790.SI,986.06,1052.09,981.42,1036.82,2260340000,28388730000
2014-04-11,801790.SI,1035.60,1043.63,1019.82,1023.42,1518560000,19639180000
2014-04-14,801790.SI,1022.37,1027.30,1009.51,1017.50,792650000,9740260000
2014-04-15,801790.SI,1012.33,1012.33,993.41,995.52,888150000,10216240000
2014-04-16,801790.SI,993.33,1011.70,993.33,1001.62,884120000,9093980000
2014-04-17,801790.SI,1006.22,1007.68,993.65,996.98,745770000,7783490000
2014-04-18,801790.SI,991.28,1005.48,986.09,1000.59,745360000,7814940000
2014-04-21,801790.SI,995.89,1007.88,977.89,977.89,889320000,9305980000
2014-04-22,801790.SI,975.54,985.47,967.32,985.47,863860000,8986710000
2014-04-23,801790.SI,981.49,984.57,974.43,976.95,564100000,6018460000
2014-04-24,801790.SI,975.63,986.55,973.95,979.16,534420000,6400860000
2014-04-25,801790.SI,981.14,984.84,967.40,967.53,616790000,6588100000
2014-04-28,801790.SI,965.26,969.50,949.45,950.24,666850000,7120240000
2014-04-29,801790.SI,952.67,970.17,949.29,969.22,643480000,6753830000
2014-04-30,801790.SI,968.60,970.23,964.32,968.34,480440000,5073010000
2014-05-05,801790.SI,964.45,975.78,959.16,974.39,511560000,5953410000
2014-05-06,801790.SI,970.14,982.99,969.77,975.11,546130000,5762360000
2014-05-07,801790.SI,971.13,978.77,968.85,971.10,552930000,6248160000
2014-05-08,801790.SI,969.46,994.96,967.00,974.56,773240000,8123110000
2014-05-09,801790.SI,976.08,980.75,967.19,976.96,674260000,6915940000
2014-05-12,801790.SI,992.38,1008.45,983.67,1003.73,1383490000,14668580000
2014-05-13,801790.SI,1001.36,1005.99,994.54,999.06,731240000,7997830000
2014-05-14,801790.SI,1000.86,1007.50,997.64,1000.77,637820000,7088430000
2014-05-15,801790.SI,1001.06,1002.43,980.70,982.09,707830000,7491950000
2014-05-16,801790.SI,984.08,985.61,968.11,974.92,668230000,7102320000
2014-05-19,801790.SI,971.16,971.18,950.66,953.21,644460000,7297620000
2014-05-20,801790.SI,960.54,963.88,953.41,956.68,421620000,4695850000
2014-05-21,801790.SI,951.91,966.96,947.29,966.43,504660000,5489200000
2014-05-22,801790.SI,965.87,980.02,963.23,964.17,581190000,6371340000
2014-05-23,801790.SI,964.24,972.55,963.61,972.54,430730000,4711230000
2014-05-26,801790.SI,977.43,978.29,966.15,970.97,450700000,4929540000
2014-05-27,801790.SI,970.19,972.95,964.24,964.32,424040000,4987900000
2014-05-28,801790.SI,965.15,982.26,962.05,981.13,739860000,8374530000
2014-05-29,801790.SI,980.41,983.47,971.58,971.59,599310000,6919910000
2014-05-30,801790.SI,972.39,980.57,966.96,973.29,565490000,6446650000
2014-06-03,801790.SI,974.53,982.86,969.79,969.79,516950000,6160780000
2014-06-04,801790.SI,969.10,969.10,955.37,959.82,475200000,5338520000
2014-06-05,801790.SI,958.76,971.58,958.13,971.30,448260000,5588690000
2014-06-06,801790.SI,971.28,971.28,958.48,964.54,451960000,5356730000
2014-06-09,801790.SI,959.56,974.46,958.45,963.27,426600000,5225140000
2014-06-10,801790.SI,967.28,982.19,965.32,981.75,748310000,9227650000
2014-06-11,801790.SI,976.72,979.61,970.92,974.28,496730000,5791940000
2014-06-12,801790.SI,973.02,976.90,970.16,971.41,436950000,5609650000
2014-06-13,801790.SI,970.97,991.69,970.97,986.59,751060000,9388820000
2014-06-16,801790.SI,986.89,997.26,985.96,993.78,700210000,8827670000
2014-06-17,801790.SI,990.19,990.24,980.45,981.19,515760000,6435530000
2014-06-18,801790.SI,981.54,984.73,975.39,975.70,426850000,5000970000
2014-06-19,801790.SI,977.28,980.44,956.69,959.28,616260000,7073770000
2014-06-20,801790.SI,960.22,964.44,957.25,964.44,445350000,5066420000
2014-06-23,801790.SI,964.36,971.34,960.43,960.59,366090000,4484570000
2014-06-24,801790.SI,961.32,967.32,959.30,967.20,359000000,4467720000
2014-06-25,801790.SI,965.68,965.68,957.11,959.07,313760000,3658570000
2014-06-26,801790.SI,960.31,971.58,960.28,967.97,561400000,5987380000
2014-06-27,801790.SI,964.96,966.35,957.70,962.63,508970000,5870520000
2014-06-30,801790.SI,965.44,976.04,965.43,971.39,657050000,7219050000
2014-07-01,801790.SI,975.07,976.59,966.55,969.23,482830000,5497920000
2014-07-02,801790.SI,969.86,977.27,968.96,976.29,606930000,6789420000
2014-07-03,801790.SI,975.63,982.30,973.57,978.96,595870000,6625650000
2014-07-04,801790.SI,979.38,986.24,979.38,981.22,525470000,6004560000
2014-07-07,801790.SI,981.24,986.59,979.64,983.31,495130000,5671640000
2014-07-08,801790.SI,981.88,984.00,976.80,982.77,469180000,5172760000
2014-07-09,801790.SI,981.98,986.80,969.40,969.40,692400000,7353660000
2014-07-10,801790.SI,971.16,972.57,964.64,966.41,583450000,6356150000
2014-07-11,801790.SI,967.04,975.12,965.52,970.95,452380000,4810520000
2014-07-14,801790.SI,972.34,985.09,971.05,985.07,680560000,7329390000
2014-07-15,801790.SI,983.39,986.14,978.85,983.43,549750000,6278550000
2014-07-16,801790.SI,983.18,990.52,978.45,980.10,517070000,5960000000
2014-07-17,801790.SI,978.70,979.11,972.96,977.72,441960000,5007050000
2014-07-18,801790.SI,972.95,986.70,971.06,981.58,629060000,6935000000
2014-07-21,801790.SI,981.96,984.96,977.03,979.00,534960000,5612360000
2014-07-22,801790.SI,978.04,995.38,977.98,994.19,927600000,10409410000
2014-07-23,801790.SI,993.84,1011.26,993.84,1006.07,1086260000,12689360000
2014-07-24,801790.SI,1006.19,1039.46,1006.19,1034.10,2046260000,21487360000
2014-07-25,801790.SI,1036.49,1044.74,1031.15,1044.74,1561140000,15355510000
2014-07-28,801790.SI,1056.44,1100.29,1056.44,1086.28,3180010000,33604870000
2014-07-29,801790.SI,1085.76,1093.02,1080.28,1088.67,1958160000,19659100000
2014-07-30,801790.SI,1087.58,1099.39,1085.89,1089.48,1814450000,19480840000
2014-07-31,801790.SI,1090.26,1105.60,1083.97,1105.60,1787450000,19511610000
2014-08-01,801790.SI,1100.43,1109.06,1082.89,1083.07,1820060000,19505880000
2014-08-04,801790.SI,1090.32,1122.36,1087.65,1122.36,2201300000,23986580000
2014-08-05,801790.SI,1122.09,1123.08,1103.67,1114.08,1696480000,18242730000
2014-08-06,801790.SI,1108.04,1115.01,1093.86,1109.03,1722690000,18893990000
2014-08-07,801790.SI,1109.03,1109.03,1084.84,1085.44,1575470000,17316600000
2014-08-08,801790.SI,1089.52,1092.55,1079.91,1084.74,1248680000,13371740000
2014-08-11,801790.SI,1089.01,1109.16,1087.79,1104.83,1384040000,15594180000
2014-08-12,801790.SI,1101.98,1102.37,1091.19,1097.16,1152100000,12693810000
2014-08-13,801790.SI,1097.18,1110.21,1090.81,1108.05,1418350000,15818300000
2014-08-14,801790.SI,1109.69,1110.91,1091.90,1092.69,1245290000,14371560000
2014-08-15,801790.SI,1094.11,1117.61,1089.57,1115.07,1638050000,18292210000
2014-08-18,801790.SI,1117.44,1124.86,1110.34,1116.53,1372740000,15195140000
2014-08-19,801790.SI,1117.69,1117.69,1098.50,1107.98,1283800000,14389780000
2014-08-20,801790.SI,1105.36,1108.88,1098.82,1101.97,1180440000,13161300000
2014-08-21,801790.SI,1102.51,1103.94,1082.30,1089.63,1260900000,14071030000
2014-08-22,801790.SI,1088.88,1097.66,1087.93,1097.26,1028510000,11576960000
2014-08-25,801790.SI,1098.27,1098.35,1079.36,1080.20,1003650000,11087470000
2014-08-26,801790.SI,1078.38,1084.54,1066.84,1070.91,923010000,9804180000
2014-08-27,801790.SI,1071.97,1079.39,1070.30,1071.15,648540000,7064920000
2014-08-28,801790.SI,1072.34,1080.74,1067.45,1068.33,730180000,8671070000
2014-08-29,801790.SI,1072.55,1080.96,1068.39,1080.96,632960000,7129500000
2014-09-01,801790.SI,1082.23,1086.77,1078.41,1086.64,728580000,8474990000
2014-09-02,801790.SI,1088.39,1106.77,1082.36,1105.97,1568870000,17534790000
2014-09-03,801790.SI,1106.98,1116.96,1106.86,1110.86,1408410000,16379740000
2014-09-04,801790.SI,1113.64,1128.76,1110.63,1128.54,1528070000,17615440000
2014-09-05,801790.SI,1134.10,1145.64,1129.01,1136.36,1685150000,19174350000
2014-09-09,801790.SI,1137.02,1139.49,1123.30,1125.05,1105030000,12958320000
2014-09-10,801790.SI,1118.31,1118.82,1110.91,1114.36,960010000,11114710000
2014-09-11,801790.SI,1113.05,1138.08,1111.75,1114.31,1618300000,19062950000
2014-09-12,801790.SI,1109.04,1116.92,1105.26,1116.80,982830000,11180630000
2014-09-15,801790.SI,1113.78,1116.80,1103.87,1114.48,1340040000,15826680000
2014-09-16,801790.SI,1116.88,1118.32,1088.05,1088.62,1751870000,19793160000
2014-09-17,801790.SI,1093.86,1097.55,1084.73,1092.38,1046580000,11522490000
2014-09-18,801790.SI,1089.81,1105.42,1085.49,1097.48,1227730000,12324060000
2014-09-19,801790.SI,1098.58,1107.95,1095.04,1105.75,969170000,10059120000
2014-09-22,801790.SI,1101.92,1101.92,1079.15,1081.09,1109210000,12015400000
2014-09-23,801790.SI,1081.38,1096.99,1080.79,1094.73,1216300000,11883380000
2014-09-24,801790.SI,1089.83,1137.32,1089.02,1133.07,2813000000,28283520000
2014-09-25,801790.SI,1139.26,1142.08,1120.58,1124.64,2395540000,24005840000
2014-09-26,801790.SI,1120.29,1128.96,1116.09,1124.32,1385240000,14128410000
2014-09-29,801790.SI,1130.18,1135.76,1123.69,1131.49,1804080000,19004280000
2014-09-30,801790.SI,1135.01,1136.08,1127.95,1130.29,1295080000,15448580000
2014-10-08,801790.SI,1134.48,1138.36,1124.42,1138.36,1291910000,15212780000
2014-10-09,801790.SI,1139.12,1146.07,1129.01,1135.77,1421800000,16003340000
2014-10-10,801790.SI,1129.76,1138.80,1123.70,1129.10,1520530000,17225360000
2014-10-13,801790.SI,1121.94,1121.94,1109.09,1117.46,1171420000,13778350000
2014-10-14,801790.SI,1114.70,1126.52,1110.46,1114.18,1218860000,13892080000
2014-10-15,801790.SI,1115.89,1148.68,1114.30,1144.60,2378670000,25367430000
2014-10-16,801790.SI,1134.03,1154.11,1131.85,1131.85,2136850000,22914290000
2014-10-17,801790.SI,1134.34,1147.15,1120.95,1142.97,2099540000,22635320000
2014-10-20,801790.SI,1147.31,1153.84,1141.21,1146.68,1639180000,18664080000
2014-10-21,801790.SI,1145.91,1158.37,1139.89,1140.34,1853200000,20701270000
2014-10-22,801790.SI,1141.42,1156.81,1135.48,1135.94,1505470000,18101050000
2014-10-23,801790.SI,1131.64,1143.20,1124.79,1125.89,1306010000,16141240000
2014-10-24,801790.SI,1127.56,1131.63,1118.95,1121.57,1023650000,11834170000
2014-10-27,801790.SI,1102.17,1102.17,1088.65,1090.92,1403650000,15370960000
2014-10-28,801790.SI,1093.37,1122.53,1093.37,1122.53,1483720000,16657140000
2014-10-29,801790.SI,1130.75,1167.55,1127.86,1153.39,2564900000,30309360000
2014-10-30,801790.SI,1152.30,1160.43,1148.89,1155.88,1802030000,20572870000
2014-10-31,801790.SI,1162.20,1198.62,1160.51,1188.46,3105990000,36654660000
2014-11-03,801790.SI,1193.30,1204.05,1181.42,1186.11,2728400000,30113000000
2014-11-04,801790.SI,1182.06,1190.09,1178.02,1182.84,1958090000,21688230000
2014-11-05,801790.SI,1185.69,1211.43,1176.74,1198.42,2913890000,32244710000
2014-11-06,801790.SI,1197.52,1201.00,1180.89,1193.37,2295550000,25377270000
2014-11-07,801790.SI,1196.24,1247.74,1194.61,1219.65,4765370000,51965160000
2014-11-10,801790.SI,1249.33,1260.49,1223.60,1258.24,4190340000,50903470000
2014-11-11,801790.SI,1274.15,1306.66,1241.70,1263.17,5758660000,73072920000
2014-11-12,801790.SI,1251.29,1307.57,1247.45,1307.46,3803680000,46039170000
2014-11-13,801790.SI,1308.33,1333.60,1299.10,1303.28,4453370000,58826450000
2014-11-14,801790.SI,1291.96,1302.42,1275.19,1299.10,2935990000,38087070000
2014-11-17,801790.SI,1319.72,1319.72,1275.76,1277.11,2677010000,35109750000
2014-11-18,801790.SI,1271.60,1279.94,1256.07,1259.19,1972820000,24982980000
2014-11-19,801790.SI,1257.25,1269.21,1254.11,1255.14,1647540000,20357350000
2014-11-20,801790.SI,1254.57,1282.41,1254.02,1275.15,1885000000,24451130000
2014-11-21,801790.SI,1274.25,1341.74,1266.84,1338.04,4184970000,53373730000
2014-11-24,801790.SI,1377.75,1435.84,1371.47,1416.87,6114590000,87799120000
2014-11-25,801790.SI,1412.70,1435.92,1405.49,1422.58,3794330000,52720570000
2014-11-26,801790.SI,1434.53,1500.53,1422.58,1492.75,4860990000,73173810000
2014-11-27,801790.SI,1511.15,1565.24,1492.40,1563.28,5858950000,91159490000
2014-11-28,801790.SI,1557.92,1576.22,1529.93,1562.07,5598840000,87030590000
2014-12-01,801790.SI,1597.31,1620.22,1560.23,1577.82,5690680000,96171010000
2014-12-02,801790.SI,1556.83,1715.96,1553.05,1697.78,6309620000,108021050000
2014-12-03,801790.SI,1714.65,1803.15,1673.04,1717.99,7509670000,137238840000
2014-12-04,801790.SI,1711.96,1864.56,1710.32,1864.06,6257420000,120034120000
2014-12-05,801790.SI,1932.81,2003.80,1863.98,1970.66,8547830000,178713810000
2014-12-08,801790.SI,1963.71,2150.42,1963.71,2138.65,7487790000,169458690000
2014-12-09,801790.SI,2135.62,2288.94,1988.64,2047.48,10078510000,244115920000
2014-12-10,801790.SI,2050.31,2116.93,1910.26,2059.65,8337450000,180056860000
2014-12-11,801790.SI,1986.34,2042.46,1928.81,1929.00,5948390000,125403200000
2014-12-12,801790.SI,1908.16,2043.37,1908.16,1964.88,5989760000,124860220000
2014-12-15,801790.SI,1951.40,2027.42,1937.88,2021.01,4514500000,94642490000
2014-12-16,801790.SI,2038.25,2198.44,2025.62,2198.15,7857010000,179485330000
2014-12-17,801790.SI,2266.63,2312.97,2154.30,2279.57,8646480000,209097320000
2014-12-18,801790.SI,2245.24,2279.83,2192.04,2194.38,5431400000,137037310000
2014-12-19,801790.SI,2203.95,2226.38,2077.86,2176.68,5154870000,122901150000
2014-12-22,801790.SI,2158.91,2209.22,2104.54,2146.62,4536280000,109561930000
2014-12-23,801790.SI,2134.15,2219.57,2120.89,2155.27,3722280000,93794880000
2014-12-24,801790.SI,2183.12,2190.19,1987.69,2013.56,4475140000,105307410000
2014-12-25,801790.SI,2027.59,2113.25,1991.48,2103.55,4299960000,98551280000
2014-12-26,801790.SI,2111.11,2287.94,2107.43,2283.59,6397040000,153812960000
2014-12-29,801790.SI,2365.44,2370.98,2243.50,2289.96,6142750000,162564260000
2014-12-30,801790.SI,2284.57,2381.90,2237.85,2336.30,5178490000,132726190000
2014-12-31,801790.SI,2335.21,2425.36,2307.95,2370.52,5237590000,132937720000
2015-01-05,801790.SI,2398.25,2416.99,2333.98,2384.07,4912610000,128603400000
2015-01-06,801790.SI,2333.50,2397.92,2284.69,2341.66,4428610000,115371030000
2015-01-07,801790.SI,2333.75,2452.09,2331.67,2388.10,4913710000,125902110000
2015-01-08,801790.SI,2402.77,2413.66,2293.24,2309.90,3869440000,99787600000
2015-01-09,801790.SI,2306.28,2443.28,2295.51,2323.46,4575090000,127576810000
2015-01-12,801790.SI,2332.34,2376.20,2273.09,2313.28,3817530000,105586930000
2015-01-13,801790.SI,2309.38,2322.97,2256.08,2270.82,2948440000,76626650000
2015-01-14,801790.SI,2278.98,2311.12,2253.48,2283.15,2690230000,70758060000
2015-01-15,801790.SI,2284.36,2397.22,2266.32,2390.73,4691820000,126233220000
2015-01-16,801790.SI,2400.38,2418.79,2360.33,2378.52,4007340000,111923980000
2015-01-19,801790.SI,2161.69,2191.64,2156.73,2158.07,2645230000,65860320000
2015-01-20,801790.SI,2067.11,2124.81,2038.59,2079.81,6113620000,140687360000
2015-01-21,801790.SI,2109.01,2251.45,2107.86,2242.26,5717270000,137091910000
2015-01-22,801790.SI,2253.05,2269.53,2206.74,2247.40,3930990000,98645130000
2015-01-23,801790.SI,2269.14,2346.03,2269.14,2292.74,4578790000,117800210000
2015-01-26,801790.SI,2302.05,2311.30,2271.71,2295.24,4308280000,98959310000
2015-01-27,801790.SI,2296.47,2303.51,2209.52,2257.71,4005530000,98775870000
2015-01-28,801790.SI,2236.02,2283.96,2217.53,2234.38,3374560000,81277370000
2015-01-29,801790.SI,2183.42,2207.63,2166.40,2189.81,3076090000,72522660000
2015-01-30,801790.SI,2199.74,2218.35,2142.74,2142.74,2421610000,58102420000
2015-02-02,801790.SI,2068.33,2115.77,2057.70,2071.26,2629300000,59965850000
2015-02-03,801790.SI,2103.46,2180.99,2077.49,2167.05,3255730000,78742350000
2015-02-04,801790.SI,2171.90,2209.73,2125.26,2126.66,3261250000,77719930000
2015-02-05,801790.SI,2209.00,2209.00,2112.17,2112.17,3691750000,90469890000
2015-02-06,801790.SI,2097.26,2149.68,2093.30,2114.39,2621010000,62034130000
2015-02-09,801790.SI,2106.82,2227.71,2106.82,2195.28,4097320000,92806440000
2015-02-10,801790.SI,2186.78,2237.08,2179.06,2219.92,3390720000,75448330000
2015-02-11,801790.SI,2227.84,2246.64,2204.67,2242.33,2486080000,58441220000
2015-02-12,801790.SI,2239.43,2249.23,2202.82,2235.61,2198660000,51783170000
2015-02-13,801790.SI,2251.57,2275.69,2230.06,2233.12,2826610000,66808870000
2015-02-16,801790.SI,2233.50,2246.58,2213.55,2231.09,2172880000,51317340000
2015-02-17,801790.SI,2239.55,2280.04,2239.55,2253.75,2507790000,58583420000
2015-02-25,801790.SI,2251.71,2254.15,2185.72,2194.14,2011290000,47242800000
2015-02-26,801790.SI,2186.73,2284.07,2158.24,2282.66,3739890000,85494690000
2015-02-27,801790.SI,2283.07,2305.11,2272.80,2272.80,2910490000,67596470000
2015-03-02,801790.SI,2308.86,2329.75,2273.86,2289.72,3884460000,93993270000
2015-03-03,801790.SI,2270.78,2286.85,2195.50,2198.12,3372530000,80441050000
2015-03-04,801790.SI,2197.39,2215.96,2177.89,2200.29,2358480000,55846410000
2015-03-05,801790.SI,2182.20,2216.22,2170.37,2188.84,2773350000,66322320000
2015-03-06,801790.SI,2192.58,2219.90,2169.92,2171.53,2278330000,52344490000
2015-03-09,801790.SI,2113.34,2171.63,2071.31,2154.99,3374250000,77539890000
2015-03-10,801790.SI,2140.50,2174.82,2119.55,2143.72,2401390000,53410620000
2015-03-11,801790.SI,2148.24,2190.74,2143.53,2150.78,2304090000,55192310000
2015-03-12,801790.SI,2173.20,2233.58,2151.53,2214.73,3087660000,75680550000
2015-03-13,801790.SI,2227.31,2260.03,2203.13,2216.84,2833410000,68059820000
2015-03-16,801790.SI,2233.34,2293.97,2207.80,2293.97,3547940000,89330370000
2015-03-17,801790.SI,2328.81,2357.05,2304.26,2346.32,5166220000,125057470000
2015-03-18,801790.SI,2366.03,2395.72,2358.13,2395.72,4636140000,113833410000
2015-03-19,801790.SI,2390.93,2390.93,2350.16,2367.21,3827190000,94037560000
2015-03-20,801790.SI,2395.44,2544.06,2366.64,2487.24,7286290000,187106350000
2015-03-23,801790.SI,2503.26,2524.95,2470.99,2522.42,5334950000,140835370000
2015-03-24,801790.SI,2524.16,2527.05,2434.65,2469.05,4827070000,128394010000
2015-03-25,801790.SI,2466.02,2510.53,2428.83,2439.11,4055620000,107475410000
2015-03-26,801790.SI,2417.36,2501.65,2389.02,2450.70,3444220000,97088210000
2015-03-27,801790.SI,2450.42,2481.15,2435.31,2449.12,2717610000,71160690000
2015-03-30,801790.SI,2464.19,2533.83,2442.00,2523.64,4735220000,125096080000
2015-03-31,801790.SI,2566.71,2646.59,2506.00,2515.61,6016260000,162154440000
2015-04-01,801790.SI,2535.65,2597.95,2521.90,2584.91,5019390000,131592310000
2015-04-02,801790.SI,2610.03,2615.33,2521.70,2558.16,4323510000,114623090000
2015-04-03,801790.SI,2549.05,2632.84,2547.02,2630.77,5530300000,143862950000
2015-04-07,801790.SI,2659.05,2683.81,2621.02,2682.85,5366500000,150678710000
2015-04-08,801790.SI,2691.39,2820.66,2659.01,2782.05,7262180000,207639240000
2015-04-09,801790.SI,2823.43,2942.61,2761.70,2765.72,7750860000,228423340000
2015-04-10,801790.SI,2755.98,2823.68,2726.66,2815.65,5022330000,151898650000
2015-04-13,801790.SI,2841.36,2845.70,2769.18,2797.65,4705640000,141574830000
2015-04-14,801790.SI,2792.13,2811.19,2720.79,2789.94,4829010000,138463010000
2015-04-15,801790.SI,2778.18,2805.58,2712.09,2713.28,3803600000,112033310000
2015-04-16,801790.SI,2678.01,2791.09,2668.41,2789.47,3562380000,110906590000
2015-04-17,801790.SI,2824.52,2853.78,2769.54,2799.06,4507500000,136080850000
2015-04-20,801790.SI,2787.12,2794.68,2668.14,2668.14,4862530000,139381340000
2015-04-21,801790.SI,2672.56,2797.91,2663.60,2782.50,4917920000,134761030000
2015-04-22,801790.SI,2807.06,2939.53,2792.58,2926.40,6121570000,178536250000
2015-04-23,801790.SI,2941.30,2960.07,2866.24,2886.94,5817230000,175890540000
2015-04-24,801790.SI,2835.02,2853.10,2771.32,2805.32,4666820000,141088620000
2015-04-27,801790.SI,2831.78,2874.38,2812.14,2835.50,4038710000,120814770000
2015-04-28,801790.SI,2838.39,2876.69,2795.28,2821.65,4545430000,138800150000
2015-04-29,801790.SI,2814.42,2851.22,2782.41,2826.65,3621080000,107302270000
2015-04-30,801790.SI,2831.99,2849.83,2784.61,2784.61,3572200000,112166130000
2015-05-04,801790.SI,2784.04,2796.78,2731.10,2796.30,2721350000,87421120000
2015-05-05,801790.SI,2796.65,2836.38,2697.72,2706.09,3523790000,110591230000
2015-05-06,801790.SI,2731.42,2845.03,2708.94,2741.50,4087600000,140553420000
2015-05-07,801790.SI,2709.07,2765.16,2703.11,2728.49,3076790000,96605140000
2015-05-08,801790.SI,2766.47,2773.84,2670.66,2727.31,3083110000,93009150000
2015-05-11,801790.SI,2741.31,2801.83,2710.12,2798.38,3772700000,114843830000
2015-05-12,801790.SI,2791.08,2877.24,2758.72,2832.31,4688110000,136266520000
2015-05-13,801790.SI,2823.11,2828.73,2754.68,2770.40,3175140000,94771130000
2015-05-14,801790.SI,2772.77,2804.53,2743.32,2756.09,2988450000,86053100000
2015-05-15,801790.SI,2742.19,2742.19,2653.90,2669.37,3132110000,89640240000
2015-05-18,801790.SI,2635.16,2656.91,2609.24,2609.43,2701840000,76156830000
2015-05-19,801790.SI,2604.99,2800.51,2604.99,2766.18,5196410000,145697920000
2015-05-20,801790.SI,2777.49,2792.30,2727.94,2740.06,4183550000,120806620000
2015-05-21,801790.SI,2740.08,2756.95,2718.04,2752.76,2915890000,84640160000
2015-05-22,801790.SI,2783.13,2871.14,2775.54,2856.30,5221120000,154893570000
2015-05-25,801790.SI,2875.72,2974.19,2875.72,2938.16,5677570000,172612170000
2015-05-26,801790.SI,2964.88,2988.02,2887.65,2980.60,5732450000,165583080000
2015-05-27,801790.SI,2979.37,2998.42,2943.28,2954.86,4686840000,136104440000
2015-05-28,801790.SI,2946.44,2955.48,2707.51,2709.22,5614110000,161505900000
2015-05-29,801790.SI,2721.64,2752.78,2635.42,2688.89,4186430000,114917520000
2015-06-01,801790.SI,2685.11,2845.13,2659.41,2817.43,4398050000,124923930000
2015-06-02,801790.SI,2809.45,2822.69,2762.83,2813.14,3828590000,107961510000
2015-06-03,801790.SI,2822.86,2858.27,2779.61,2800.11,3792960000,106622180000
2015-06-04,801790.SI,2801.90,2877.69,2685.50,2864.52,4826840000,139298490000
2015-06-05,801790.SI,2918.81,2935.30,2799.40,2848.21,4762300000,137648900000
2015-06-08,801790.SI,2852.54,2990.25,2830.25,2981.71,6074800000,186617920000
2015-06-09,801790.SI,2996.23,2999.67,2884.89,2913.70,4194550000,130112250000
2015-06-10,801790.SI,2882.70,2924.61,2860.71,2888.16,3248930000,97617160000
2015-06-11,801790.SI,2884.52,2884.52,2880.05,2880.05,3131290000,101013320000
2015-06-12,801790.SI,2892.19,2915.71,2865.91,2879.64,3101850000,93568540000
2015-06-15,801790.SI,2915.28,2924.44,2801.67,2805.94,3791420000,109170870000
2015-06-16,801790.SI,2782.47,2846.83,2741.23,2770.36,3213950000,88802610000
2015-06-17,801790.SI,2778.35,2796.25,2710.95,2787.33,2747840000,75183530000
2015-06-18,801790.SI,2768.93,2770.12,2657.95,2657.95,2593070000,73188070000
2015-06-19,801790.SI,2620.85,2682.69,2521.41,2521.41,2836600000,77246880000
2015-06-23,801790.SI,2533.39,2621.30,2466.37,2618.61,3052440000,81971700000
2015-06-24,801790.SI,2628.42,2632.00,2569.91,2627.70,2855640000,77101680000
2015-06-25,801790.SI,2631.48,2665.61,2540.05,2551.51,3183800000,85014170000
2015-06-26,801790.SI,2494.19,2577.70,2306.60,2335.75,4358370000,109322040000
2015-06-29,801790.SI,2400.88,2400.88,2127.55,2213.43,4912970000,116584090000
2015-06-30,801790.SI,2215.53,2392.77,2139.22,2391.29,4916610000,114719310000
2015-07-01,801790.SI,2360.02,2408.02,2238.93,2254.34,3826120000,89558890000
2015-07-02,801790.SI,2307.95,2327.86,2147.17,2219.17,4454650000,102576650000
2015-07-03,801790.SI,2190.26,2282.82,2051.27,2123.93,4389720000,100470010000
2015-07-06,801790.SI,2316.82,2316.82,2137.47,2237.27,6254020000,154403570000
2015-07-07,801790.SI,2178.61,2226.56,2051.04,2216.28,6491670000,183257410000
2015-07-08,801790.SI,2009.80,2075.76,2009.80,2016.63,4477420000,110742580000
2015-07-09,801790.SI,1981.98,2192.24,1882.57,2164.33,6079830000,137140210000
2015-07-10,801790.SI,2142.16,2346.43,2124.40,2300.57,6113240000,155349230000
2015-07-13,801790.SI,2278.15,2378.93,2238.13,2308.71,5859800000,140668660000
2015-07-14,801790.SI,2265.15,2301.03,2182.49,2208.53,4792380000,110358990000
2015-07-15,801790.SI,2173.23,2231.03,2078.94,2112.39,4299990000,87709580000
2015-07-16,801790.SI,2103.32,2161.06,2057.82,2113.74,2874880000,57368660000
2015-07-17,801790.SI,2130.15,2224.32,2111.77,2200.24,3274970000,69521020000
2015-07-20,801790.SI,2206.72,2228.44,2157.67,2175.61,3337770000,71587110000
2015-07-21,801790.SI,2149.69,2217.24,2131.76,2181.07,3513520000,71820820000
2015-07-22,801790.SI,2170.52,2186.96,2129.97,2148.25,2815790000,57780100000
2015-07-23,801790.SI,2156.97,2219.64,2156.35,2215.85,3681350000,81242610000
2015-07-24,801790.SI,2221.86,2221.86,2148.66,2153.62,3531350000,75259540000
2015-07-27,801790.SI,2117.55,2127.58,1944.37,1946.34,3589640000,68484140000
2015-07-28,801790.SI,1878.80,2012.45,1819.37,1983.68,5518400000,102490990000
2015-07-29,801790.SI,1986.92,1997.74,1925.39,1994.98,3126640000,60321560000
2015-07-30,801790.SI,1985.10,2027.63,1917.62,1924.11,2899810000,56543960000
2015-07-31,801790.SI,1899.85,1943.25,1890.34,1910.50,2584710000,48468870000
2015-08-03,801790.SI,1878.90,1908.34,1865.01,1908.34,2499330000,45847670000
2015-08-04,801790.SI,1905.56,1962.99,1892.24,1961.88,2431690000,43958230000
2015-08-05,801790.SI,1950.08,1952.13,1902.65,1904.27,2001130000,36038000000
2015-08-06,801790.SI,1870.58,1904.55,1863.70,1868.10,1626280000,29371830000
2015-08-07,801790.SI,1883.09,1925.22,1880.83,1903.41,1801380000,33114990000
2015-08-10,801790.SI,1911.83,2027.03,1903.22,2014.89,3591210000,67233170000
2015-08-11,801790.SI,1999.26,2028.90,1987.83,1994.44,2767600000,51654070000
2015-08-12,801790.SI,1970.42,2024.45,1965.79,1971.07,2486400000,46015940000
2015-08-13,801790.SI,1967.46,2001.70,1945.89,1995.07,2223910000,40428420000
2015-08-14,801790.SI,2006.62,2020.14,1989.34,2004.50,2799710000,50835840000
2015-08-17,801790.SI,1987.69,1991.32,1947.78,1974.66,2296690000,42343070000
2015-08-18,801790.SI,1985.92,2037.11,1850.12,1850.21,3739060000,70532340000
2015-08-19,801790.SI,1816.73,1877.63,1780.86,1875.60,2934250000,52287180000
2015-08-20,801790.SI,1848.87,1866.92,1800.87,1800.87,2185550000,38043580000
2015-08-21,801790.SI,1778.25,1812.50,1686.75,1690.57,2573540000,43033740000
2015-08-24,801790.SI,1621.68,1632.75,1524.92,1526.67,3072030000,49436130000
2015-08-25,801790.SI,1420.09,1499.94,1393.67,1401.02,3920520000,56731090000
2015-08-26,801790.SI,1404.53,1487.32,1354.02,1388.83,4252860000,57908870000
2015-08-27,801790.SI,1435.91,1500.47,1398.59,1500.17,4129890000,56992140000
2015-08-28,801790.SI,1515.70,1569.15,1492.20,1561.00,4455820000,64354690000
2015-08-31,801790.SI,1532.05,1542.64,1470.35,1542.64,3898390000,55722910000
2015-09-01,801790.SI,1507.95,1557.46,1448.42,1546.17,4437320000,65069410000
2015-09-02,801790.SI,1476.82,1546.95,1474.52,1531.75,3939030000,58992900000
2015-09-07,801790.SI,1526.74,1568.87,1492.91,1497.61,2063080000,28976220000
2015-09-08,801790.SI,1488.98,1551.80,1470.73,1551.35,1924940000,26775140000
2015-09-09,801790.SI,1558.27,1610.03,1546.97,1592.56,2906730000,41584580000
2015-09-10,801790.SI,1567.72,1581.53,1554.27,1563.14,1728600000,24264510000
2015-09-11,801790.SI,1558.91,1580.42,1541.45,1552.29,1453450000,19341700000
2015-09-14,801790.SI,1554.91,1557.55,1447.23,1503.98,3065750000,42951670000
2015-09-15,801790.SI,1467.28,1490.27,1431.35,1442.12,1774680000,23515380000
2015-09-16,801790.SI,1438.06,1551.30,1425.75,1530.00,2069280000,27521440000
2015-09-17,801790.SI,1516.12,1550.85,1492.40,1492.69,2019330000,27400610000
2015-09-18,801790.SI,1504.61,1525.13,1496.70,1505.26,1272080000,17363640000
2015-09-21,801790.SI,1486.22,1533.82,1481.39,1529.52,1503450000,19828350000
2015-09-22,801790.SI,1531.79,1602.13,1526.39,1575.09,2473720000,34713360000
2015-09-23,801790.SI,1546.30,1561.17,1521.05,1522.52,1648490000,22875070000
2015-09-24,801790.SI,1531.55,1544.85,1521.43,1535.34,1218470000,16483040000
2015-09-25,801790.SI,1529.06,1538.14,1489.18,1501.96,1357050000,18239540000
2015-09-28,801790.SI,1497.12,1511.53,1479.00,1508.93,836940000,10837140000
2015-09-29,801790.SI,1483.23,1505.30,1454.54,1480.81,1203430000,15729250000
2015-09-30,801790.SI,1482.28,1508.22,1479.22,1484.48,1197200000,15441410000
2015-10-08,801790.SI,1581.09,1581.09,1536.43,1538.51,2135390000,31516780000
2015-10-09,801790.SI,1543.90,1591.11,1542.36,1584.04,1974200000,27103430000
2015-10-12,801790.SI,1585.45,1681.42,1581.51,1653.87,3169730000,44739380000
2015-10-13,801790.SI,1633.89,1656.28,1628.59,1645.26,1780100000,24540900000
2015-10-14,801790.SI,1636.95,1661.84,1620.27,1620.27,2008880000,27857550000
2015-10-15,801790.SI,1618.22,1667.21,1618.22,1667.21,2060290000,28654580000
2015-10-16,801790.SI,1681.66,1709.52,1674.68,1701.18,3121110000,44175830000
2015-10-19,801790.SI,1706.98,1768.63,1702.50,1728.05,3262860000,48461880000
2015-10-20,801790.SI,1719.38,1739.30,1700.18,1739.12,2126450000,31336330000
2015-10-21,801790.SI,1740.80,1753.58,1638.99,1671.78,2984070000,45441620000
2015-10-22,801790.SI,1661.54,1693.06,1644.92,1691.42,1893890000,27776340000
2015-10-23,801790.SI,1700.66,1735.28,1684.01,1727.57,2168920000,32486190000
2015-10-26,801790.SI,1760.52,1806.96,1737.36,1748.54,3338650000,52112120000
2015-10-27,801790.SI,1735.78,1753.14,1683.43,1752.23,2061650000,31249270000
2015-10-28,801790.SI,1739.85,1748.86,1694.73,1697.33,1693630000,25293320000
2015-10-29,801790.SI,1709.79,1715.39,1686.72,1696.61,1519090000,22600080000
2015-10-30,801790.SI,1695.12,1758.27,1677.33,1721.81,2636800000,39238730000
2015-11-02,801790.SI,1690.71,1726.14,1681.21,1681.21,1841650000,27476900000
2015-11-03,801790.SI,1688.40,1702.82,1676.61,1687.06,1554220000,22514320000
2015-11-04,801790.SI,1694.77,1836.33,1694.77,1831.88,4512710000,71573090000
2015-11-05,801790.SI,1856.67,1987.26,1856.67,1918.60,8664960000,153111280000
2015-11-06,801790.SI,1906.68,2058.97,1895.13,2045.06,7721760000,134397340000
2015-11-09,801790.SI,2066.34,2133.27,2032.97,2039.96,8063140000,146492750000
2015-11-10,801790.SI,2011.16,2143.04,2007.59,2061.41,7281000000,127727990000
2015-11-11,801790.SI,2041.93,2105.74,2012.71,2082.18,5398390000,93807380000
2015-11-12,801790.SI,2080.75,2088.34,2026.25,2042.80,4756470000,85016040000
2015-11-13,801790.SI,2014.38,2089.40,2014.38,2049.76,5007010000,85708800000
2015-11-16,801790.SI,1997.07,2034.88,1996.38,2034.88,3471580000,61205130000
2015-11-17,801790.SI,2063.36,2157.40,2042.52,2049.72,6634160000,121134950000
2015-11-18,801790.SI,2047.04,2079.89,1976.68,1989.03,4753900000,87724670000
2015-11-19,801790.SI,1992.73,2030.68,1976.17,2030.68,2904830000,52705260000
2015-11-20,801790.SI,2027.39,2027.51,1992.61,2006.25,2751630000,49533300000
2015-11-23,801790.SI,2010.18,2045.40,1982.88,1988.90,2924930000,52570080000
2015-11-24,801790.SI,1979.94,2031.46,1973.56,2014.19,2844220000,50829710000
2015-11-25,801790.SI,1996.97,2025.53,1992.84,2022.42,2607060000,47698150000
2015-11-26,801790.SI,2039.84,2066.03,2004.81,2005.68,2967590000,54299070000
2015-11-27,801790.SI,1978.99,1985.69,1857.75,1867.00,3925300000,68834900000
2015-11-30,801790.SI,1850.97,1874.19,1784.92,1854.61,3340660000,55685140000
2015-12-01,801790.SI,1846.79,1883.41,1832.96,1858.67,2093060000,35843200000
2015-12-02,801790.SI,1857.72,1975.83,1850.13,1967.71,3620450000,65699430000
2015-12-03,801790.SI,1950.96,2004.23,1937.59,1973.19,3049500000,58128290000
2015-12-04,801790.SI,1947.15,1952.94,1912.92,1920.65,2301660000,41445880000
2015-12-07,801790.SI,1917.15,1921.12,1891.57,1907.15,1913110000,33154650000
2015-12-08,801790.SI,1893.21,1912.45,1874.95,1875.57,1903880000,33711080000
2015-12-09,801790.SI,1867.13,1902.26,1866.35,1880.18,1718470000,30476520000
2015-12-10,801790.SI,1886.45,1949.08,1880.61,1884.73,2604040000,47161250000
2015-12-11,801790.SI,1865.53,1917.95,1851.26,1893.00,2237320000,40136300000
2015-12-14,801790.SI,1865.97,2023.77,1865.97,2021.84,3745600000,68395720000
2015-12-15,801790.SI,2012.90,2013.44,1968.98,1976.26,3160570000,58916730000
2015-12-16,801790.SI,1985.93,2011.14,1972.26,1979.53,2440910000,45048330000
2015-12-17,801790.SI,2002.12,2037.48,1985.04,2006.62,3123650000,58602450000
2015-12-18,801790.SI,1998.94,2022.70,1989.74,1997.25,2223750000,42567590000
2015-12-21,801790.SI,1990.45,2056.62,1987.85,2042.67,2970400000,57562710000
2015-12-22,801790.SI,2042.19,2064.50,2030.53,2061.85,2742330000,48804370000
2015-12-23,801790.SI,2064.96,2165.20,2062.03,2092.26,5512280000,103282650000
2015-12-24,801790.SI,2077.52,2088.16,2012.15,2043.75,3343580000,62049470000
2015-12-25,801790.SI,2044.91,2060.12,2027.17,2052.43,1922550000,35031030000
2015-12-28,801790.SI,2067.26,2071.17,1972.69,1972.98,2824190000,50402120000
2015-12-29,801790.SI,1970.38,1997.10,1970.33,1996.69,1593710000,29857570000
2015-12-30,801790.SI,1998.18,1999.36,1960.64,1985.55,1676130000,31282390000
2015-12-31,801790.SI,1983.36,1996.05,1967.52,1969.99,1487770000,27693530000
2016-01-04,801790.SI,1960.52,1967.67,1805.86,1807.42,1752750000,30542480000
2016-01-05,801790.SI,1748.80,1837.70,1747.24,1816.43,2424820000,40255830000
2016-01-06,801790.SI,1809.32,1846.15,1790.70,1838.62,1878470000,31831810000
2016-01-07,801790.SI,1794.23,1830.45,1689.08,1698.08,608860000,9505800000
2016-01-08,801790.SI,1738.53,1784.96,1655.96,1735.55,2953240000,46272980000
2016-01-11,801790.SI,1684.52,1710.77,1610.53,1610.94,2488460000,37926900000
2016-01-12,801790.SI,1630.43,1659.09,1612.78,1632.43,2123840000,32073880000
2016-01-13,801790.SI,1651.46,1655.62,1610.70,1611.59,2220940000,33279740000
2016-01-14,801790.SI,1556.25,1647.15,1556.25,1645.00,2206120000,32623050000
2016-01-15,801790.SI,1629.42,1642.46,1579.11,1593.73,1907810000,29107020000
2016-01-18,801790.SI,1563.96,1616.56,1563.96,1596.34,1433970000,21501600000
2016-01-19,801790.SI,1599.52,1651.17,1585.68,1642.90,2042970000,31456680000
2016-01-20,801790.SI,1632.09,1643.67,1603.53,1613.48,1881130000,29907000000
2016-01-21,801790.SI,1595.10,1627.49,1555.71,1555.71,1711870000,26215810000
2016-01-22,801790.SI,1575.46,1583.35,1534.78,1571.74,1268600000,19202000000
2016-01-25,801790.SI,1578.66,1589.04,1560.96,1575.35,1125200000,15756880000
2016-01-26,801790.SI,1554.81,1556.41,1458.44,1459.86,1937840000,26833200000
2016-01-27,801790.SI,1464.93,1471.20,1398.65,1442.54,2072600000,26483190000
2016-01-28,801790.SI,1433.43,1468.19,1405.61,1417.30,1674650000,21315490000
2016-01-29,801790.SI,1421.28,1494.08,1420.29,1485.80,2132620000,28016180000
2016-02-01,801790.SI,1479.06,1479.06,1438.53,1457.77,1482740000,19234220000
2016-02-02,801790.SI,1458.23,1502.81,1458.21,1492.85,1475020000,19303530000
2016-02-03,801790.SI,1471.00,1482.45,1456.83,1480.43,1234490000,15516750000
2016-02-04,801790.SI,1488.75,1514.51,1488.75,1501.37,1526370000,19765610000
2016-02-05,801790.SI,1487.36,1493.41,1468.71,1468.71,1352400000,17366760000
2016-02-15,801790.SI,1418.52,1459.31,1418.31,1449.44,994440000,12636740000
2016-02-16,801790.SI,1462.08,1513.60,1462.05,1508.74,1705210000,22614480000
2016-02-17,801790.SI,1504.94,1520.97,1500.47,1518.49,1639840000,21986550000
2016-02-18,801790.SI,1531.86,1556.70,1514.37,1515.01,1873450000,25379600000
2016-02-19,801790.SI,1511.75,1529.17,1505.37,1521.03,1216440000,16227410000
2016-02-22,801790.SI,1544.51,1594.67,1529.66,1577.75,2258920000,32844290000
2016-02-23,801790.SI,1576.14,1576.14,1533.52,1551.38,1570330000,22495490000
2016-02-24,801790.SI,1542.66,1560.28,1522.16,1560.05,1476760000,20460410000
2016-02-25,801790.SI,1554.84,1554.84,1435.49,1442.01,2137580000,28475010000
2016-02-26,801790.SI,1459.58,1467.32,1428.93,1455.01,1499470000,19183070000
2016-02-29,801790.SI,1445.81,1445.81,1372.09,1414.40,1844550000,23033700000
2016-03-01,801790.SI,1416.70,1486.70,1399.99,1457.58,1890770000,24317650000
2016-03-02,801790.SI,1460.91,1535.49,1460.85,1531.59,2578400000,34496850000
2016-03-03,801790.SI,1527.09,1543.94,1516.81,1529.80,2238910000,30006520000
2016-03-04,801790.SI,1522.40,1557.47,1514.06,1551.07,2803040000,40473550000
2016-03-07,801790.SI,1559.47,1573.34,1540.35,1550.12,1750900000,24521730000
2016-03-08,801790.SI,1545.19,1552.80,1486.28,1552.80,1723450000,23480560000
2016-03-09,801790.SI,1517.95,1539.19,1501.58,1539.13,1464660000,20772890000
2016-03-10,801790.SI,1525.96,1536.75,1495.77,1496.39,1036840000,13876680000
2016-03-11,801790.SI,1481.38,1522.81,1479.84,1514.70,1177980000,16324700000
2016-03-14,801790.SI,1526.18,1574.83,1520.33,1541.77,2030780000,28126610000
2016-03-15,801790.SI,1536.33,1543.01,1514.63,1542.16,1257410000,18191570000
2016-03-16,801790.SI,1537.42,1564.03,1535.54,1555.72,1829360000,27507190000
2016-03-17,801790.SI,1561.07,1600.53,1549.86,1583.27,2250160000,30953500000
2016-03-18,801790.SI,1593.36,1640.55,1588.12,1623.60,3535830000,49272350000
2016-03-21,801790.SI,1665.67,1755.13,1663.36,1737.62,6177970000,89910840000
2016-03-22,801790.SI,1719.48,1732.38,1686.32,1694.71,4163280000,63676150000
2016-03-23,801790.SI,1689.15,1724.23,1678.87,1719.12,3227780000,49086260000
2016-03-24,801790.SI,1689.77,1694.21,1658.60,1658.60,2681360000,42115520000
2016-03-25,801790.SI,1655.46,1686.31,1652.12,1675.96,2047630000,33432740000
2016-03-28,801790.SI,1678.39,1693.29,1636.95,1640.64,1979740000,30109820000
2016-03-29,801790.SI,1644.50,1657.79,1616.52,1631.17,2021450000,31199840000
2016-03-30,801790.SI,1653.73,1684.16,1653.17,1682.02,2514400000,39219950000
2016-03-31,801790.SI,1690.36,1714.52,1672.83,1681.59,2600330000,40653370000
2016-04-01,801790.SI,1676.33,1684.55,1640.76,1674.01,1829890000,28922240000
2016-04-05,801790.SI,1665.83,1714.28,1663.13,1698.47,2362320000,36976790000
2016-04-06,801790.SI,1687.32,1701.84,1673.10,1687.12,1823170000,26960860000
2016-04-07,801790.SI,1696.22,1699.84,1655.08,1655.36,1824810000,27544840000
2016-04-08,801790.SI,1639.54,1641.29,1614.55,1630.47,1810970000,26988000000
2016-04-11,801790.SI,1674.54,1694.50,1665.63,1666.20,2581660000,37290780000
2016-04-12,801790.SI,1660.61,1667.90,1645.51,1661.68,1458830000,19855370000
2016-04-13,801790.SI,1675.40,1726.46,1675.40,1696.49,3393720000,48599080000
2016-04-14,801790.SI,1705.72,1712.95,1689.98,1706.44,1796060000,25464950000
2016-04-15,801790.SI,1704.18,1706.95,1690.67,1699.38,1457070000,21223950000
2016-04-18,801790.SI,1683.40,1683.40,1666.78,1668.73,1594140000,23127490000
2016-04-19,801790.SI,1679.98,1683.65,1664.27,1678.95,1292980000,19039360000
2016-04-20,801790.SI,1679.78,1681.76,1602.83,1660.14,2616680000,38026020000
2016-04-21,801790.SI,1638.08,1667.23,1632.52,1641.13,1585850000,25084510000
2016-04-22,801790.SI,1627.04,1654.28,1625.07,1652.43,1183150000,18354340000
2016-04-25,801790.SI,1643.41,1646.80,1622.10,1635.06,1080190000,16344480000
2016-04-26,801790.SI,1635.75,1652.12,1629.01,1648.18,1095050000,17109220000
2016-04-27,801790.SI,1649.47,1651.89,1631.07,1631.92,1045880000,15797730000
2016-04-28,801790.SI,1633.62,1636.58,1612.48,1626.26,1186980000,18005210000
2016-04-29,801790.SI,1617.92,1627.83,1615.75,1617.92,852290000,13002860000
2016-05-03,801790.SI,1616.46,1656.78,1612.47,1643.22,1757060000,26253260000
2016-05-04,801790.SI,1636.49,1644.10,1632.10,1637.48,1139540000,17072400000
2016-05-05,801790.SI,1633.18,1642.32,1630.21,1638.88,1021780000,14730630000
2016-05-06,801790.SI,1640.71,1642.95,1582.69,1582.90,1785150000,26378010000
2016-05-09,801790.SI,1571.85,1571.85,1537.07,1542.50,1476410000,20522990000
2016-05-10,801790.SI,1535.34,1548.41,1532.59,1539.61,901780000,12769610000
2016-05-11,801790.SI,1547.44,1550.04,1531.64,1534.83,893810000,12574030000
2016-05-12,801790.SI,1522.89,1551.56,1509.51,1549.33,1074930000,15334860000
2016-05-13,801790.SI,1542.63,1554.56,1535.13,1540.66,828440000,11865050000
2016-05-16,801790.SI,1532.15,1548.31,1527.61,1547.61,745800000,10548980000
2016-05-17,801790.SI,1548.86,1562.42,1535.50,1548.92,997090000,14113720000
2016-05-18,801790.SI,1538.12,1555.51,1527.21,1553.40,1479460000,22191430000
2016-05-19,801790.SI,1545.97,1560.53,1543.90,1548.15,984490000,15366780000
2016-05-20,801790.SI,1539.37,1560.51,1535.71,1560.34,1001420000,14500980000
2016-05-23,801790.SI,1559.23,1574.49,1556.95,1563.66,1138220000,17099670000
2016-05-24,801790.SI,1559.81,1559.81,1541.61,1546.30,759970000,10960600000
2016-05-25,801790.SI,1557.94,1567.98,1547.34,1547.85,883510000,13307240000
2016-05-26,801790.SI,1546.51,1557.94,1533.11,1552.86,944240000,13548100000
2016-05-27,801790.SI,1551.53,1556.26,1544.24,1548.40,756970000,11148590000
2016-05-30,801790.SI,1547.78,1561.66,1535.66,1556.93,822280000,11993080000
2016-05-31,801790.SI,1557.63,1653.79,1557.63,1646.93,3076700000,44047770000
2016-06-01,801790.SI,1649.26,1658.33,1628.14,1628.14,2512580000,37803590000
2016-06-02,801790.SI,1627.07,1639.08,1622.33,1635.63,1764690000,27049920000
2016-06-03,801790.SI,1640.23,1655.89,1623.15,1638.83,2038960000,31859760000
2016-06-06,801790.SI,1639.69,1641.73,1623.26,1626.72,1145130000,17997930000
2016-06-07,801790.SI,1631.13,1643.32,1630.22,1633.44,1292300000,19745090000
2016-06-08,801790.SI,1630.68,1635.34,1615.93,1626.68,1381690000,23000330000
2016-06-13,801790.SI,1605.19,1615.23,1563.59,1564.54,1470920000,22531300000
2016-06-14,801790.SI,1558.71,1578.60,1556.12,1577.12,1254790000,18576080000
2016-06-15,801790.SI,1551.51,1612.43,1551.45,1594.76,1574310000,23823900000
2016-06-16,801790.SI,1586.77,1591.72,1577.74,1580.09,1091550000,16504450000
2016-06-17,801790.SI,1581.16,1607.03,1581.16,1587.43,1249640000,19363850000
2016-06-20,801790.SI,1591.55,1593.06,1577.98,1590.42,917920000,14202270000
2016-06-21,801790.SI,1600.01,1648.62,1594.59,1599.34,2096110000,31361610000
2016-06-22,801790.SI,1592.67,1618.38,1591.02,1618.34,1375520000,20398300000
2016-06-23,801790.SI,1617.01,1617.47,1598.68,1610.61,1126350000,16943930000
2016-06-24,801790.SI,1607.14,1623.14,1559.50,1586.83,1932540000,26432760000
2016-06-27,801790.SI,1580.31,1610.35,1580.28,1610.03,1634450000,22787360000
2016-06-28,801790.SI,1601.86,1638.61,1598.11,1630.96,2212730000,33027130000
2016-06-29,801790.SI,1634.13,1648.32,1631.92,1636.36,2119440000,31627410000
2016-06-30,801790.SI,1639.01,1649.55,1636.26,1638.01,1520820000,23179510000
2016-07-01,801790.SI,1643.04,1650.83,1631.54,1634.95,1335810000,19856970000
2016-07-04,801790.SI,1625.10,1688.07,1623.66,1673.14,2492050000,36646460000
2016-07-05,801790.SI,1667.03,1677.15,1661.99,1667.38,1617710000,23421560000
2016-07-06,801790.SI,1662.81,1666.78,1649.65,1662.02,1364130000,19428640000
2016-07-07,801790.SI,1661.11,1671.10,1643.32,1662.83,1597770000,23321630000
2016-07-08,801790.SI,1661.07,1672.93,1656.54,1661.44,1552550000,23590360000
2016-07-11,801790.SI,1662.26,1674.20,1657.22,1657.22,1966430000,29112270000
2016-07-12,801790.SI,1656.34,1696.99,1652.33,1696.52,2521040000,38245650000
2016-07-13,801790.SI,1702.65,1730.18,1696.00,1702.65,2714000000,40067250000
2016-07-14,801790.SI,1698.46,1705.42,1692.34,1702.32,1385040000,19765360000
2016-07-15,801790.SI,1701.21,1702.44,1685.53,1689.95,1320890000,19009660000
2016-07-18,801790.SI,1682.02,1684.10,1665.24,1666.37,1478040000,21466410000
2016-07-19,801790.SI,1666.96,1673.76,1655.08,1670.54,1112240000,16646370000
2016-07-20,801790.SI,1669.33,1674.46,1662.44,1663.07,855230000,12528350000
2016-07-21,801790.SI,1663.67,1687.59,1663.67,1675.23,1251750000,18795980000
2016-07-22,801790.SI,1671.96,1673.27,1657.44,1659.55,1077630000,15811570000
2016-07-25,801790.SI,1658.00,1667.27,1653.20,1658.09,843000000,12550370000
2016-07-26,801790.SI,1657.83,1677.69,1657.83,1677.46,1081170000,16703950000
2016-07-27,801790.SI,1677.18,1677.79,1608.06,1652.09,2169480000,31420580000
2016-07-28,801790.SI,1640.24,1644.84,1619.75,1630.32,1420440000,19718120000
2016-07-29,801790.SI,1630.66,1635.22,1619.81,1621.06,1260450000,15557040000
2016-08-01,801790.SI,1617.34,1621.38,1599.78,1608.24,1146960000,14353060000
2016-08-02,801790.SI,1609.31,1615.82,1607.26,1615.72,910360000,11382020000
2016-08-03,801790.SI,1609.49,1616.57,1606.53,1613.88,1042510000,12984580000
2016-08-04,801790.SI,1612.89,1617.18,1603.39,1617.16,1119590000,13967590000
2016-08-05,801790.SI,1614.52,1630.68,1610.12,1617.63,1171530000,16247330000
2016-08-08,801790.SI,1616.14,1628.37,1606.00,1628.14,942160000,12857320000
2016-08-09,801790.SI,1627.77,1642.43,1626.62,1639.94,1161080000,16338530000
2016-08-10,801790.SI,1639.76,1646.52,1632.95,1633.24,1124370000,16383980000
2016-08-11,801790.SI,1632.74,1664.83,1632.74,1640.81,2078130000,29852180000
2016-08-12,801790.SI,1636.30,1679.42,1635.97,1679.42,2308800000,32159380000
2016-08-15,801790.SI,1683.03,1802.74,1679.58,1760.02,5271260000,77956430000
2016-08-16,801790.SI,1757.30,1770.01,1736.56,1739.27,3578100000,50910580000
2016-08-17,801790.SI,1746.81,1762.05,1722.58,1734.87,2964090000,40699860000
2016-08-18,801790.SI,1734.34,1751.83,1718.89,1730.02,2523680000,35670800000
2016-08-19,801790.SI,1724.91,1733.93,1715.70,1730.06,2238550000,26192900000
2016-08-22,801790.SI,1727.23,1731.59,1704.01,1704.63,1982570000,24384320000
2016-08-23,801790.SI,1704.66,1725.51,1702.22,1714.13,1408250000,19226330000
2016-08-24,801790.SI,1712.48,1713.42,1692.96,1696.54,1236620000,16693140000
2016-08-25,801790.SI,1688.67,1699.92,1680.87,1697.23,1898660000,23229620000
2016-08-26,801790.SI,1698.49,1706.56,1689.89,1692.06,1218380000,15549160000
2016-08-29,801790.SI,1690.71,1698.05,1684.55,1696.08,953720000,12710660000
2016-08-30,801790.SI,1697.88,1711.14,1693.70,1701.53,1317560000,17960020000
2016-08-31,801790.SI,1700.44,1716.96,1694.79,1711.43,1323640000,18626710000
2016-09-01,801790.SI,1710.13,1711.59,1694.42,1695.91,1338100000,18409990000
2016-09-02,801790.SI,1691.95,1713.79,1691.69,1710.04,1538250000,20142920000
2016-09-05,801790.SI,1710.40,1727.53,1706.32,1711.39,1481360000,18578280000
2016-09-06,801790.SI,1708.77,1727.96,1694.65,1722.80,1688550000,22031530000
2016-09-07,801790.SI,1723.67,1739.17,1720.94,1722.26,1476710000,20634660000
2016-09-08,801790.SI,1719.83,1726.85,1716.13,1722.13,1050520000,13736030000
2016-09-09,801790.SI,1722.76,1730.07,1715.88,1716.16,1240790000,17130170000
2016-09-12,801790.SI,1684.51,1685.52,1659.28,1684.28,1903130000,26517520000
2016-09-13,801790.SI,1682.10,1682.76,1663.80,1674.30,909590000,12191490000
2016-09-14,801790.SI,1663.28,1668.60,1654.67,1659.24,882570000,11874400000
2016-09-19,801790.SI,1661.14,1673.56,1661.14,1672.73,718710000,9696520000
2016-09-20,801790.SI,1672.77,1672.84,1666.05,1669.82,667190000,8435380000
2016-09-21,801790.SI,1670.36,1684.24,1665.39,1676.58,1056310000,14040580000
2016-09-22,801790.SI,1686.72,1697.26,1683.45,1684.89,1051320000,14409310000
2016-09-23,801790.SI,1686.61,1688.10,1674.95,1675.43,732850000,9880410000
2016-09-26,801790.SI,1670.43,1670.43,1646.07,1646.07,985860000,13341440000
2016-09-27,801790.SI,1642.18,1657.71,1642.18,1657.49,852580000,11858430000
2016-09-28,801790.SI,1657.67,1660.86,1651.18,1652.78,906060000,10339280000
2016-09-29,801790.SI,1657.48,1678.02,1655.69,1663.69,1398700000,15373010000
2016-09-30,801790.SI,1659.04,1669.16,1658.90,1665.49,971130000,11106770000
2016-10-10,801790.SI,1678.85,1694.54,1672.45,1691.12,1307030000,15947060000
2016-10-11,801790.SI,1692.83,1698.48,1686.71,1694.63,1550160000,18947500000
2016-10-12,801790.SI,1689.17,1692.82,1686.35,1690.27,995810000,12373560000
2016-10-13,801790.SI,1688.32,1694.68,1682.44,1688.23,1413050000,16255660000
2016-10-14,801790.SI,1686.48,1687.16,1676.11,1684.45,898810000,12004320000
2016-10-17,801790.SI,1685.21,1686.61,1663.12,1663.12,945600000,12856200000
2016-10-18,801790.SI,1662.06,1696.11,1662.06,1695.43,1580720000,20070980000
2016-10-19,801790.SI,1695.37,1696.92,1683.21,1685.73,975010000,12533400000
2016-10-20,801790.SI,1687.93,1691.59,1683.09,1684.34,772510000,9742350000
2016-10-21,801790.SI,1683.87,1703.29,1683.45,1692.17,1406440000,19300390000
2016-10-24,801790.SI,1691.32,1741.86,1688.79,1720.99,2812340000,40272060000
2016-10-25,801790.SI,1718.37,1721.62,1709.03,1715.28,1434280000,19006270000
2016-10-26,801790.SI,1715.78,1723.78,1709.79,1711.92,1396670000,18710870000
2016-10-27,801790.SI,1710.22,1713.09,1703.28,1709.65,1013670000,14519830000
2016-10-28,801790.SI,1720.27,1751.81,1717.94,1719.31,2186160000,31979750000
2016-10-31,801790.SI,1709.26,1722.91,1696.26,1719.81,1192810000,16994940000
2016-11-01,801790.SI,1719.07,1738.01,1717.69,1736.36,1418980000,19617260000
2016-11-02,801790.SI,1730.59,1744.90,1722.35,1723.61,1501850000,21731350000
2016-11-03,801790.SI,1719.44,1772.65,1718.58,1755.35,3156270000,46104560000
2016-11-04,801790.SI,1752.18,1764.55,1744.73,1749.81,1752460000,26147830000
2016-11-07,801790.SI,1751.93,1759.76,1748.51,1754.22,1318030000,19871910000
2016-11-08,801790.SI,1766.13,1771.23,1751.59,1757.39,1465410000,22132340000
2016-11-09,801790.SI,1756.30,1756.30,1720.68,1735.36,1935990000,29656290000
2016-11-10,801790.SI,1753.34,1774.19,1748.82,1761.05,1951130000,29437700000
2016-11-11,801790.SI,1765.86,1811.68,1758.96,1802.40,3952540000,56997990000
2016-11-14,801790.SI,1794.72,1841.25,1794.17,1811.67,4245470000,61531830000
2016-11-15,801790.SI,1807.96,1815.16,1796.10,1804.13,2074830000,29255280000
2016-11-16,801790.SI,1808.72,1811.43,1796.87,1807.36,1957690000,28500820000
2016-11-17,801790.SI,1802.54,1811.34,1791.47,1808.11,2037530000,28297520000
2016-11-18,801790.SI,1799.34,1801.95,1784.74,1786.79,1909990000,26384340000
2016-11-21,801790.SI,1781.22,1829.15,1781.06,1808.78,1998240000,31911520000
2016-11-22,801790.SI,1809.24,1832.64,1809.24,1827.56,2247040000,34557770000
2016-11-23,801790.SI,1831.14,1835.16,1811.99,1814.77,1993050000,29589670000
2016-11-24,801790.SI,1813.06,1847.55,1812.80,1832.95,2504660000,35846000000
2016-11-25,801790.SI,1831.14,1845.54,1808.29,1845.54,2201670000,31463010000
2016-11-28,801790.SI,1858.35,1859.04,1832.95,1835.66,2247540000,33913330000
2016-11-29,801790.SI,1829.49,1856.90,1819.20,1841.40,2363130000,35118770000
2016-11-30,801790.SI,1836.72,1853.90,1815.26,1822.80,2170550000,32408790000
2016-12-01,801790.SI,1820.60,1839.97,1819.63,1834.57,1867640000,26595760000
2016-12-02,801790.SI,1833.22,1833.22,1801.01,1808.43,2126330000,31028400000
2016-12-05,801790.SI,1783.61,1791.77,1762.08,1768.52,2199190000,29768230000
2016-12-06,801790.SI,1767.70,1776.43,1763.89,1764.15,1255590000,17916120000
2016-12-07,801790.SI,1764.26,1777.17,1759.95,1776.74,1117580000,16171260000
2016-12-08,801790.SI,1779.57,1780.18,1762.80,1763.12,1020940000,14787750000
2016-12-09,801790.SI,1763.07,1786.27,1762.97,1776.52,1359200000,21092070000
2016-12-12,801790.SI,1777.76,1783.67,1731.42,1740.87,2221780000,32705400000
2016-12-13,801790.SI,1734.50,1744.67,1729.61,1737.03,1459110000,21011970000
2016-12-14,801790.SI,1736.60,1744.95,1724.42,1724.42,1345100000,20099860000
2016-12-15,801790.SI,1716.56,1727.00,1693.83,1700.37,1460560000,22479370000
2016-12-16,801790.SI,1699.31,1707.59,1693.51,1696.84,1014680000,14982160000
2016-12-19,801790.SI,1694.66,1694.66,1685.77,1688.26,907790000,13103970000
2016-12-20,801790.SI,1688.46,1689.35,1669.97,1681.41,1030680000,15565170000
2016-12-21,801790.SI,1685.88,1700.71,1684.23,1689.84,1209800000,18016130000
2016-12-22,801790.SI,1688.76,1688.76,1676.40,1684.81,757690000,11309320000
2016-12-23,801790.SI,1683.60,1683.60,1663.95,1667.71,1022250000,13821850000
2016-12-26,801790.SI,1658.10,1684.97,1646.50,1683.28,1061480000,14999040000
2016-12-27,801790.SI,1679.03,1686.75,1677.51,1677.95,663230000,9613760000
2016-12-28,801790.SI,1676.43,1680.33,1667.23,1674.36,625480000,9319210000
2016-12-29,801790.SI,1670.85,1677.73,1666.74,1668.86,672960000,9824440000
2016-12-30,801790.SI,1670.72,1680.96,1667.86,1680.59,695460000,10309860000
2017-01-03,801790.SI,1680.22,1702.62,1680.22,1698.36,899980000,13416590000
2017-01-04,801790.SI,1697.21,1704.73,1692.37,1702.97,819400000,12021770000
2017-01-05,801790.SI,1704.20,1706.40,1698.84,1698.95,740930000,10850210000
2017-01-06,801790.SI,1699.00,1700.94,1682.43,1682.68,802320000,12112150000
2017-01-09,801790.SI,1682.91,1693.37,1680.73,1689.31,713390000,10522230000
2017-01-10,801790.SI,1689.58,1692.88,1685.36,1686.23,1131580000,13722730000
2017-01-11,801790.SI,1685.23,1693.89,1679.74,1681.04,982630000,12725540000
2017-01-12,801790.SI,1680.79,1691.49,1678.92,1679.25,942620000,12720570000
2017-01-13,801790.SI,1678.65,1699.39,1672.82,1686.45,1011380000,14634070000
2017-01-16,801790.SI,1682.36,1698.83,1662.73,1694.33,1918160000,28311150000
2017-01-17,801790.SI,1684.20,1688.85,1673.49,1687.46,795180000,11343450000
2017-01-18,801790.SI,1685.44,1699.51,1683.59,1688.70,746380000,10326950000
2017-01-19,801790.SI,1682.51,1694.14,1680.74,1683.58,1011500000,12244770000
2017-01-20,801790.SI,1680.62,1697.71,1680.61,1696.38,1347770000,15519970000
2017-01-23,801790.SI,1696.40,1707.27,1694.68,1697.87,956880000,12496700000
2017-01-24,801790.SI,1697.96,1698.84,1690.81,1691.49,711030000,9297010000
2017-01-25,801790.SI,1690.90,1697.73,1689.07,1697.53,708570000,9901330000
2017-01-26,801790.SI,1699.04,1711.06,1698.97,1703.20,813150000,10694800000
2017-02-03,801790.SI,1704.72,1704.91,1681.47,1681.71,651810000,9786700000
2017-02-06,801790.SI,1685.11,1690.08,1679.03,1688.64,900610000,13308540000
2017-02-07,801790.SI,1688.28,1690.85,1679.17,1685.49,956150000,13521540000
2017-02-08,801790.SI,1683.76,1706.67,1675.07,1704.61,1731920000,22711320000
2017-02-09,801790.SI,1701.11,1716.32,1699.97,1706.27,1885010000,24662900000
2017-02-10,801790.SI,1707.87,1719.72,1704.19,1712.91,1817290000,24277800000
2017-02-13,801790.SI,1713.52,1729.97,1713.48,1722.33,1806250000,25944560000
2017-02-14,801790.SI,1726.47,1727.08,1714.82,1717.73,1446140000,20512610000
2017-02-15,801790.SI,1718.74,1728.22,1710.40,1712.31,1775690000,24603110000
2017-02-16,801790.SI,1712.17,1726.12,1709.80,1726.11,2031040000,26537960000
2017-02-17,801790.SI,1732.23,1762.03,1723.53,1725.21,3465470000,44540690000
2017-02-20,801790.SI,1721.06,1742.01,1717.66,1741.99,2034330000,28624590000
2017-02-21,801790.SI,1742.73,1760.21,1740.70,1746.46,1965310000,27572330000
2017-02-22,801790.SI,1745.64,1745.64,1735.09,1742.19,1346480000,18486880000
2017-02-23,801790.SI,1740.75,1741.94,1720.06,1725.27,1445780000,19119610000
2017-02-24,801790.SI,1724.42,1729.23,1720.06,1728.33,1115390000,14684260000
2017-02-27,801790.SI,1725.75,1726.44,1709.22,1711.82,1121760000,16067400000
2017-02-28,801790.SI,1710.67,1719.98,1708.95,1713.26,1114280000,14734930000
2017-03-01,801790.SI,1712.69,1720.13,1710.03,1711.20,1249670000,16800850000
2017-03-02,801790.SI,1715.81,1727.32,1702.80,1703.50,2018700000,28052470000
2017-03-03,801790.SI,1695.83,1697.55,1689.05,1695.64,1552930000,20670530000
2017-03-06,801790.SI,1693.91,1703.67,1691.87,1703.67,1287240000,16737450000
2017-03-07,801790.SI,1702.32,1705.82,1697.23,1705.82,1332260000,16444860000
2017-03-08,801790.SI,1704.60,1704.66,1696.09,1699.00,1027730000,13308810000
2017-03-09,801790.SI,1696.49,1696.49,1681.21,1691.72,1244420000,15957100000
2017-03-10,801790.SI,1688.99,1693.63,1685.12,1685.12,1106360000,13955700000
2017-03-13,801790.SI,1682.71,1696.17,1676.02,1696.17,1070710000,14198690000
2017-03-14,801790.SI,1695.33,1699.95,1689.03,1693.15,958400000,12616990000
2017-03-15,801790.SI,1691.11,1694.49,1687.26,1691.97,897960000,11623050000
2017-03-16,801790.SI,1697.63,1718.74,1697.61,1718.66,2385940000,31985710000
2017-03-17,801790.SI,1722.94,1724.84,1690.62,1692.67,2429250000,32695730000
2017-03-20,801790.SI,1691.07,1693.63,1678.02,1686.73,1536320000,19953340000
2017-03-21,801790.SI,1688.16,1691.02,1679.33,1684.57,1427330000,20190810000
2017-03-22,801790.SI,1677.07,1679.14,1661.89,1663.87,1449070000,19382910000
2017-03-23,801790.SI,1666.64,1684.70,1665.02,1673.39,1604880000,22278980000
2017-03-24,801790.SI,1673.95,1691.59,1665.09,1687.87,1767920000,24040190000
2017-03-27,801790.SI,1686.22,1702.88,1684.67,1687.89,1588040000,23837190000
2017-03-28,801790.SI,1688.23,1690.66,1678.99,1680.97,1109030000,15954820000
2017-03-29,801790.SI,1680.91,1685.65,1665.98,1666.16,1389480000,19483050000
2017-03-30,801790.SI,1664.10,1669.29,1655.57,1661.33,1337690000,17985610000
2017-03-31,801790.SI,1661.53,1667.09,1657.95,1666.21,947590000,13806630000
2017-04-05,801790.SI,1666.65,1686.94,1666.53,1686.86,1419910000,19180840000
2017-04-06,801790.SI,1686.51,1687.88,1678.24,1681.84,1098050000,14874740000
2017-04-07,801790.SI,1680.81,1683.96,1675.00,1678.92,1111650000,15388130000
2017-04-10,801790.SI,1677.34,1680.36,1665.76,1666.71,1136170000,15043380000
2017-04-11,801790.SI,1664.15,1669.79,1643.83,1669.16,1454440000,18766240000
2017-04-12,801790.SI,1670.16,1684.82,1660.93,1672.87,1650070000,22622060000
2017-04-13,801790.SI,1665.14,1671.91,1663.81,1667.89,1087850000,13387630000
2017-04-14,801790.SI,1667.35,1667.96,1645.83,1654.07,1437160000,16558640000
2017-04-17,801790.SI,1645.97,1652.74,1636.55,1650.67,1179990000,13970820000
2017-04-18,801790.SI,1647.92,1648.28,1628.68,1628.68,893100000,11388420000
2017-04-19,801790.SI,1624.89,1627.46,1612.51,1622.54,1129390000,14353210000
2017-04-20,801790.SI,1622.11,1624.62,1611.97,1623.01,944440000,12013080000
2017-04-21,801790.SI,1622.37,1635.46,1619.09,1634.94,847300000,11652750000
2017-04-24,801790.SI,1630.71,1635.98,1616.14,1635.65,1217010000,15786340000
2017-04-25,801790.SI,1632.22,1639.74,1631.49,1631.85,753580000,10911910000
2017-04-26,801790.SI,1633.32,1661.41,1631.79,1650.82,1161820000,18669200000
2017-04-27,801790.SI,1647.59,1657.97,1644.81,1656.96,1226090000,17773020000
2017-04-28,801790.SI,1656.93,1659.87,1656.93,1659.87,824070000,11622480000
2017-05-02,801790.SI,1655.84,1660.84,1647.42,1647.65,744210000,10896130000
2017-05-03,801790.SI,1646.86,1653.86,1636.39,1641.86,854230000,12152890000
2017-05-04,801790.SI,1637.12,1642.85,1629.53,1632.82,950280000,12540180000
2017-05-05,801790.SI,1625.38,1625.38,1596.44,1609.44,1694360000,21572560000
2017-05-08,801790.SI,1600.31,1618.92,1597.23,1612.83,1425700000,19187550000
2017-05-09,801790.SI,1606.84,1616.89,1606.79,1611.80,820950000,11441800000
2017-05-10,801790.SI,1611.60,1641.45,1611.60,1628.41,1252060000,20257530000
2017-05-11,801790.SI,1618.95,1632.73,1611.38,1628.08,1403370000,18929970000
2017-05-12,801790.SI,1624.61,1664.56,1624.61,1652.83,1318210000,19715610000
2017-05-15,801790.SI,1653.52,1667.71,1652.13,1653.59,1071200000,15680400000
2017-05-16,801790.SI,1651.10,1660.65,1643.96,1660.65,1041850000,14028080000
2017-05-17,801790.SI,1658.47,1665.51,1648.80,1649.36,1169280000,16183590000
2017-05-18,801790.SI,1636.65,1651.45,1635.28,1638.66,798350000,11275360000
2017-05-19,801790.SI,1635.87,1647.82,1635.84,1640.18,705610000,10093340000
2017-05-22,801790.SI,1636.55,1656.82,1636.55,1651.86,1183210000,17136540000
2017-05-23,801790.SI,1649.87,1671.01,1648.62,1657.15,1412300000,20515920000
2017-05-24,801790.SI,1649.25,1659.43,1642.90,1659.43,1030200000,15026910000
2017-05-25,801790.SI,1652.76,1728.79,1652.76,1728.79,2241520000,31807900000
2017-05-26,801790.SI,1721.17,1739.69,1717.89,1722.81,1535430000,21473520000
2017-05-31,801790.SI,1730.62,1764.75,1721.66,1730.31,1569520000,22622700000
2017-06-01,801790.SI,1730.39,1739.57,1720.37,1736.16,1432480000,20488830000
2017-06-02,801790.SI,1730.97,1739.12,1708.87,1716.88,1213110000,16747650000
2017-06-05,801790.SI,1714.28,1717.79,1697.15,1708.20,903290000,13712940000
2017-06-06,801790.SI,1705.18,1726.35,1705.10,1726.27,852350000,13362710000
2017-06-07,801790.SI,1727.74,1751.50,1722.20,1739.77,1520630000,20933230000
2017-06-08,801790.SI,1737.91,1761.31,1735.97,1760.26,1095340000,16248420000
2017-06-09,801790.SI,1760.98,1778.09,1758.20,1765.15,1216020000,19413980000
2017-06-12,801790.SI,1760.06,1785.68,1755.72,1763.09,1073440000,16877370000
2017-06-13,801790.SI,1758.65,1766.09,1749.34,1761.98,816180000,12576760000
2017-06-14,801790.SI,1763.26,1763.26,1739.87,1743.14,908500000,14455850000
2017-06-15,801790.SI,1741.34,1749.39,1728.29,1742.61,1321600000,18729790000
2017-06-16,801790.SI,1741.00,1757.21,1740.92,1743.63,1076400000,15226310000
2017-06-19,801790.SI,1745.52,1785.75,1745.52,1785.75,1527370000,21409050000
2017-06-20,801790.SI,1789.87,1791.73,1769.68,1777.17,1156640000,17020510000
2017-06-21,801790.SI,1792.37,1797.89,1773.56,1794.17,1356260000,20559210000
2017-06-22,801790.SI,1788.72,1827.87,1788.67,1796.66,2002120000,30584160000
2017-06-23,801790.SI,1792.15,1801.39,1782.93,1801.39,1286350000,19745770000
2017-06-26,801790.SI,1803.13,1824.84,1803.13,1820.15,1625160000,26451580000
2017-06-27,801790.SI,1819.00,1822.02,1804.40,1818.33,1148060000,17429710000
2017-06-28,801790.SI,1811.68,1813.51,1796.42,1796.47,1092180000,16592660000
2017-06-29,801790.SI,1799.46,1814.95,1795.23,1813.71,915500000,14533480000
2017-06-30,801790.SI,1807.16,1813.49,1795.20,1809.72,881750000,14231540000
2017-07-03,801790.SI,1810.34,1810.34,1783.45,1795.67,1003580000,16085960000
2017-07-04,801790.SI,1791.59,1791.59,1775.36,1776.58,1152980000,17958660000
2017-07-05,801790.SI,1775.21,1820.09,1775.13,1818.67,1448620000,25108830000
2017-07-06,801790.SI,1817.02,1837.44,1810.24,1828.74,1433410000,24974020000
2017-07-07,801790.SI,1822.63,1841.45,1810.65,1837.03,1738710000,24618860000
2017-07-10,801790.SI,1833.57,1866.40,1830.19,1845.71,2261950000,30305820000
2017-07-11,801790.SI,1841.83,1877.15,1841.83,1850.96,2027040000,29781060000
2017-07-12,801790.SI,1852.87,1869.55,1828.23,1836.14,1739590000,26481930000
2017-07-13,801790.SI,1840.84,1873.15,1838.07,1873.15,1961320000,28869290000
2017-07-14,801790.SI,1872.19,1884.73,1863.39,1884.73,1596690000,25223580000
2017-07-17,801790.SI,1886.85,1908.19,1849.92,1867.00,2572950000,40313650000
2017-07-18,801790.SI,1857.95,1869.80,1835.88,1860.91,1769200000,26370360000
2017-07-19,801790.SI,1859.17,1924.72,1849.90,1924.72,3509000000,48070240000
2017-07-20,801790.SI,1919.11,1925.96,1905.15,1923.68,2800850000,40034150000
2017-07-21,801790.SI,1907.21,1914.60,1884.74,1888.55,1943010000,31839210000
2017-07-24,801790.SI,1886.17,1912.66,1884.94,1897.09,2082550000,32422830000
2017-07-25,801790.SI,1895.84,1902.78,1879.63,1882.10,1669630000,25207850000
2017-07-26,801790.SI,1880.29,1891.25,1863.72,1881.55,1679400000,26952750000
2017-07-27,801790.SI,1876.04,1894.73,1851.14,1890.45,2284870000,32973660000
2017-07-28,801790.SI,1882.83,1887.92,1874.75,1875.03,1246410000,18826380000
2017-07-31,801790.SI,1872.06,1896.02,1862.10,1884.57,1869430000,28651870000
2017-08-01,801790.SI,1887.34,1936.71,1887.34,1936.71,2736730000,42239580000
2017-08-02,801790.SI,1936.59,1956.39,1923.02,1939.20,3392400000,47467260000
2017-08-03,801790.SI,1934.73,1934.73,1913.65,1913.65,2445740000,34982640000
2017-08-04,801790.SI,1912.34,1931.36,1900.99,1901.17,2784810000,37083350000
2017-08-07,801790.SI,1893.61,1908.31,1886.75,1894.06,1762810000,25464460000
2017-08-08,801790.SI,1891.10,1902.90,1878.93,1900.68,1830300000,25602010000
2017-08-09,801790.SI,1893.58,1893.58,1877.54,1879.15,1406280000,20039340000
2017-08-10,801790.SI,1877.06,1894.81,1848.26,1864.31,1708820000,26473720000
2017-08-11,801790.SI,1847.72,1851.30,1820.17,1820.65,1767650000,26803050000
2017-08-14,801790.SI,1826.24,1857.54,1820.76,1850.74,1376220000,20693300000
2017-08-15,801790.SI,1853.37,1872.66,1848.50,1854.72,1117860000,18592580000
2017-08-16,801790.SI,1848.99,1861.30,1841.65,1856.57,1112350000,16267240000
2017-08-17,801790.SI,1858.60,1864.79,1851.59,1862.86,1213680000,18176410000
2017-08-18,801790.SI,1867.38,1883.33,1857.97,1872.20,1144650000,21480950000
2017-08-21,801790.SI,1876.21,1884.26,1869.71,1875.41,1080930000,18131300000
2017-08-22,801790.SI,1879.26,1900.79,1874.63,1899.84,1191820000,20947680000
2017-08-23,801790.SI,1897.39,1928.07,1896.31,1912.27,1605110000,24573360000
2017-08-24,801790.SI,1910.99,1923.71,1889.25,1890.58,1177030000,18126130000
2017-08-25,801790.SI,1887.25,1941.40,1887.25,1936.20,2262060000,35155220000
2017-08-28,801790.SI,1951.02,2031.96,1936.23,2009.13,5418470000,76469390000
2017-08-29,801790.SI,2004.35,2019.61,1995.57,2005.59,3284080000,47859040000
2017-08-30,801790.SI,2003.97,2038.68,1994.26,1998.79,3254510000,48381200000
2017-08-31,801790.SI,1996.70,2015.48,1992.78,2005.54,2457880000,36708960000
2017-09-01,801790.SI,2006.76,2024.96,1996.88,2011.45,2592490000,39568550000
2017-09-04,801790.SI,2000.62,2004.94,1983.51,1995.94,2058600000,31238930000
2017-09-05,801790.SI,1999.15,2022.09,1994.36,2011.09,1906250000,30254920000
2017-09-06,801790.SI,2001.02,2008.81,1982.24,1993.66,1745900000,26906450000
2017-09-07,801790.SI,1996.88,2005.89,1972.89,1973.15,1656630000,24994270000
2017-09-08,801790.SI,1974.99,1979.22,1962.99,1969.23,1432120000,22031920000
2017-09-11,801790.SI,1969.22,1987.96,1951.68,1954.89,1438780000,24939720000
2017-09-12,801790.SI,1963.52,1992.27,1951.98,1978.03,2410850000,38105290000
2017-09-13,801790.SI,1976.14,1979.37,1962.55,1974.34,1275510000,20741230000
2017-09-14,801790.SI,1973.91,1982.67,1952.98,1956.66,1576500000,25587250000
2017-09-15,801790.SI,1955.11,1964.06,1942.35,1954.48,1847730000,29915110000
2017-09-18,801790.SI,1954.97,1983.24,1954.79,1967.94,2486500000,38973280000
2017-09-19,801790.SI,1973.36,1977.06,1946.67,1953.55,1783960000,27997290000
2017-09-20,801790.SI,1951.77,1957.87,1945.93,1948.24,1449860000,23522450000
2017-09-21,801790.SI,1948.73,1979.66,1948.23,1955.80,1696950000,27791080000
2017-09-22,801790.SI,1948.27,1963.72,1938.42,1956.56,1535810000,24294200000
2017-09-25,801790.SI,1951.40,1959.69,1944.29,1951.22,1334140000,22477760000
2017-09-26,801790.SI,1946.50,1954.06,1944.44,1951.39,871520000,14639230000
2017-09-27,801790.SI,1947.43,1949.61,1936.68,1937.19,887320000,15147980000
2017-09-28,801790.SI,1935.74,1937.49,1930.68,1933.84,908150000,14541950000
2017-09-29,801790.SI,1934.77,1959.87,1933.76,1952.03,1324850000,21546980000
2017-10-09,801790.SI,2002.80,2006.79,1957.97,1958.89,1627620000,28324660000
2017-10-10,801790.SI,1959.04,1972.07,1935.62,1960.03,1437840000,26892720000
2017-10-11,801790.SI,1958.72,1972.87,1953.58,1961.29,1135220000,19840450000
2017-10-12,801790.SI,1959.27,1979.78,1959.24,1978.13,1032800000,19456450000
2017-10-13,801790.SI,1977.53,1985.48,1974.84,1979.76,957220000,16478060000
2017-10-16,801790.SI,1984.32,2004.44,1976.40,1976.46,1420630000,24180750000
2017-10-17,801790.SI,1977.64,1986.78,1969.20,1978.05,1064400000,17646720000
2017-10-18,801790.SI,1980.92,1992.82,1976.49,1991.92,1216070000,21273730000
2017-10-19,801790.SI,1989.82,1993.68,1969.18,1975.68,1428830000,23287710000
2017-10-20,801790.SI,1964.32,1971.21,1960.36,1966.49,748510000,12651470000
2017-10-23,801790.SI,1975.95,1977.00,1965.77,1971.79,811950000,14043590000
2017-10-24,801790.SI,1968.60,1998.35,1966.65,1990.64,1190480000,19985860000
2017-10-25,801790.SI,1988.91,1994.03,1977.98,1991.33,809110000,13016530000
2017-10-26,801790.SI,1987.92,2027.46,1984.70,2011.12,1443040000,24920550000
2017-10-27,801790.SI,2011.48,2033.76,2011.20,2030.10,993610000,19441170000
2017-10-30,801790.SI,2029.78,2036.85,1989.53,2011.98,1764020000,31106860000
2017-10-31,801790.SI,1998.60,2011.56,1996.34,2010.32,1040300000,18577000000
2017-11-01,801790.SI,2011.86,2044.39,2004.18,2005.76,1305300000,25286430000
2017-11-02,801790.SI,2005.59,2014.83,1980.80,2010.73,1486820000,25476440000
2017-11-03,801790.SI,2004.77,2012.29,1988.96,2011.07,1276600000,21757540000
2017-11-06,801790.SI,2008.56,2008.56,1979.83,1998.00,992230000,19410490000
2017-11-07,801790.SI,2002.01,2050.86,2002.01,2033.62,1609490000,30650490000
2017-11-08,801790.SI,2031.05,2077.43,2023.58,2038.53,2296470000,39174090000
2017-11-09,801790.SI,2030.70,2059.33,2030.11,2058.45,1231800000,22513110000
2017-11-10,801790.SI,2055.65,2111.41,2055.32,2108.32,1641270000,34244180000
2017-11-13,801790.SI,2112.51,2131.81,2099.03,2104.11,1387480000,26044540000
2017-11-14,801790.SI,2110.77,2117.38,2083.72,2097.05,1428750000,27123110000
2017-11-15,801790.SI,2086.45,2102.47,2069.65,2074.25,1247440000,25744540000
2017-11-16,801790.SI,2065.44,2109.84,2065.43,2105.63,1274910000,26691570000
2017-11-17,801790.SI,2101.47,2146.51,2089.63,2145.64,2156420000,41614300000
2017-11-20,801790.SI,2127.59,2137.36,2099.07,2130.43,1505730000,29391700000
2017-11-21,801790.SI,2123.11,2225.33,2122.91,2202.39,2700920000,49654050000
2017-11-22,801790.SI,2213.49,2223.37,2170.43,2186.84,2007230000,39884540000
2017-11-23,801790.SI,2175.93,2201.89,2103.36,2118.22,1757220000,36676660000
2017-11-24,801790.SI,2111.06,2129.26,2085.51,2120.65,1408800000,29552510000
2017-11-27,801790.SI,2115.03,2116.81,2075.86,2108.64,1319860000,29668140000
2017-11-28,801790.SI,2093.78,2103.72,2075.36,2096.57,937460000,18439720000
2017-11-29,801790.SI,2105.05,2111.09,2059.78,2089.56,1192060000,22599600000
2017-11-30,801790.SI,2072.89,2089.25,2045.63,2054.33,1310710000,26981050000
2017-12-01,801790.SI,2049.01,2058.89,2025.80,2028.97,1005570000,23440990000
2017-12-04,801790.SI,2017.91,2051.40,2015.33,2039.80,1218520000,24413980000
2017-12-05,801790.SI,2030.66,2079.99,2030.66,2072.98,1846980000,36992100000
2017-12-06,801790.SI,2064.14,2064.14,2018.38,2050.56,1147630000,23925930000
2017-12-07,801790.SI,2044.43,2049.44,2012.06,2023.99,1038590000,18587860000
2017-12-08,801790.SI,2025.17,2062.81,2020.69,2056.20,935160000,19734880000
2017-12-11,801790.SI,2050.79,2083.57,2046.94,2083.55,947860000,20610590000
2017-12-12,801790.SI,2080.75,2082.88,2034.49,2034.85,852710000,16952620000
2017-12-13,801790.SI,2033.71,2052.03,2019.92,2045.97,865610000,17128580000
2017-12-14,801790.SI,2045.25,2045.47,2008.90,2014.79,936220000,16717490000
2017-12-15,801790.SI,2009.37,2018.03,1996.91,2001.24,871420000,16316410000
2017-12-18,801790.SI,1999.14,2013.77,1997.10,2000.16,723700000,13647340000
2017-12-19,801790.SI,2002.88,2045.57,2002.85,2045.57,941340000,22025240000
2017-12-20,801790.SI,2043.99,2045.23,2026.12,2036.95,1008300000,19440220000
2017-12-21,801790.SI,2030.67,2065.60,2022.65,2053.66,1082720000,20726130000
2017-12-22,801790.SI,2050.47,2053.93,2033.08,2033.61,775990000,14715140000
2017-12-25,801790.SI,2032.75,2057.74,2006.15,2016.95,1003140000,20590190000
2017-12-26,801790.SI,2016.15,2031.65,2003.77,2026.93,971230000,18470200000
2017-12-27,801790.SI,2018.50,2026.04,1963.73,1968.90,1057340000,23195730000
2017-12-28,801790.SI,1966.31,1991.56,1956.83,1978.34,1376920000,23674730000
2017-12-29,801790.SI,1982.63,1992.83,1963.55,1971.27,888070000,17290600000
2018-01-02,801790.SI,1976.32,2017.69,1976.16,2015.02,1290210000,25415000000
2018-01-03,801790.SI,2022.43,2048.24,1996.78,2007.44,1694170000,34066830000
2018-01-04,801790.SI,2007.19,2015.73,1995.28,2002.72,1137270000,23529990000
2018-01-05,801790.SI,2007.92,2020.34,1996.94,2001.64,1369510000,23460480000
2018-01-08,801790.SI,2001.06,2018.83,1989.10,2010.35,1953200000,35790150000
2018-01-09,801790.SI,2012.49,2031.35,2010.10,2024.61,1255010000,26427730000
2018-01-10,801790.SI,2021.80,2026.25,2001.60,2018.59,1290740000,23987450000
2018-01-11,801790.SI,2006.88,2032.61,2005.10,2026.30,1127460000,22561030000
2018-01-12,801790.SI,2026.57,2046.92,2022.28,2045.56,1120270000,24791900000
2018-01-15,801790.SI,2053.28,2090.64,2049.48,2071.01,1675390000,39630810000
2018-01-16,801790.SI,2068.30,2095.18,2061.67,2093.84,1469690000,33181620000
2018-01-17,801790.SI,2102.00,2171.01,2102.00,2123.28,3591820000,60192830000
2018-01-18,801790.SI,2139.82,2168.92,2118.49,2129.69,2166080000,47318640000
2018-01-19,801790.SI,2137.13,2174.18,2132.05,2153.94,3700010000,60182060000
2018-01-22,801790.SI,2140.99,2167.42,2139.62,2161.16,2255490000,40788770000
2018-01-23,801790.SI,2179.40,2198.23,2150.99,2166.86,2307140000,48783390000
2018-01-24,801790.SI,2175.54,2195.16,2137.05,2177.57,3540790000,64326050000
2018-01-25,801790.SI,2160.10,2160.10,2136.11,2138.47,2219420000,41628120000
2018-01-26,801790.SI,2134.83,2168.82,2134.83,2149.91,1738020000,34547670000
2018-01-29,801790.SI,2157.07,2160.67,2090.20,2097.17,1902550000,38541350000
2018-01-30,801790.SI,2089.20,2108.91,2079.60,2083.59,1567370000,28683770000
2018-01-31,801790.SI,2067.17,2098.94,2063.88,2081.84,1811880000,31641330000
2018-02-01,801790.SI,2083.18,2089.38,2058.21,2075.83,2246340000,40185300000
2018-02-02,801790.SI,2056.41,2087.73,2035.76,2081.63,1615920000,28738300000
2018-02-05,801790.SI,2042.05,2094.79,2040.56,2089.40,1371530000,27230790000
2018-02-06,801790.SI,2044.47,2061.22,2015.24,2016.99,2255980000,44988030000
2018-02-07,801790.SI,2045.75,2047.06,1969.09,1976.10,1748300000,35180360000
2018-02-08,801790.SI,1963.10,1978.18,1926.18,1938.80,1267260000,27171290000
2018-02-09,801790.SI,1880.02,1881.59,1769.75,1805.39,2276320000,42922500000
2018-02-12,801790.SI,1810.70,1823.64,1789.73,1807.25,1277130000,22416650000
2018-02-13,801790.SI,1829.93,1871.08,1829.92,1839.71,1332390000,24646330000
2018-02-14,801790.SI,1845.39,1861.14,1831.09,1858.10,803630000,14049080000
2018-02-22,801790.SI,1884.60,1893.63,1869.12,1884.78,1159020000,19235700000
2018-02-23,801790.SI,1892.73,1917.67,1883.07,1903.96,1052240000,17249840000
2018-02-26,801790.SI,1914.56,1937.81,1891.41,1933.04,1537170000,24003190000
2018-02-27,801790.SI,1934.80,1934.80,1902.07,1908.62,1127990000,19538200000
2018-02-28,801790.SI,1888.93,1897.61,1866.12,1876.43,1351410000,21409480000
2018-03-01,801790.SI,1860.95,1899.05,1856.28,1892.68,1033760000,17016480000
2018-03-02,801790.SI,1872.00,1886.75,1864.67,1864.85,946360000,15170750000
2018-03-05,801790.SI,1864.35,1881.16,1854.14,1868.76,792490000,13316410000
2018-03-06,801790.SI,1880.03,1908.97,1866.11,1908.97,1534060000,22975260000
2018-03-07,801790.SI,1900.77,1922.43,1880.61,1889.80,1145340000,17935580000
2018-03-08,801790.SI,1891.12,1916.85,1887.69,1912.84,1018150000,16737970000
2018-03-09,801790.SI,1919.78,1933.84,1909.60,1932.96,1669960000,22823170000
2018-03-12,801790.SI,1948.83,1963.14,1933.76,1949.51,1872680000,26413820000
2018-03-13,801790.SI,1946.99,1947.00,1908.08,1911.35,1329200000,20028710000
2018-03-14,801790.SI,1899.97,1909.33,1890.42,1896.24,1035980000,15655670000
2018-03-15,801790.SI,1887.34,1918.53,1887.34,1914.66,1136230000,17577930000
2018-03-16,801790.SI,1917.14,1938.38,1904.59,1904.59,1130580000,18419010000
2018-03-19,801790.SI,1908.64,1945.76,1899.35,1945.65,956180000,17632560000
2018-03-20,801790.SI,1929.03,1946.02,1919.61,1945.13,915370000,15226750000
2018-03-21,801790.SI,1976.58,1980.76,1928.70,1938.90,1710210000,30078580000
2018-03-22,801790.SI,1935.38,1951.82,1908.04,1923.22,1203960000,21394090000
2018-03-23,801790.SI,1858.32,1870.84,1819.27,1841.64,2167850000,33453060000
2018-03-26,801790.SI,1816.82,1829.59,1792.67,1819.48,1168270000,22063910000
2018-03-27,801790.SI,1846.93,1848.95,1814.44,1830.67,1197080000,21221380000
2018-03-28,801790.SI,1805.99,1826.74,1779.76,1785.17,1076070000,21766690000
2018-03-29,801790.SI,1790.62,1830.00,1763.53,1818.66,1437350000,26222090000
2018-03-30,801790.SI,1815.92,1820.65,1797.31,1807.90,1054040000,18492950000
2018-04-02,801790.SI,1799.26,1843.83,1795.70,1808.81,1483880000,23273800000
2018-04-03,801790.SI,1788.22,1815.51,1785.26,1804.86,1211660000,18598670000
2018-04-04,801790.SI,1811.99,1824.47,1796.29,1796.59,1071850000,17647180000
2018-04-09,801790.SI,1798.35,1819.23,1785.40,1819.23,1001680000,16699210000
2018-04-10,801790.SI,1819.51,1863.27,1814.48,1863.11,1361530000,22963870000
2018-04-11,801790.SI,1859.23,1864.99,1846.74,1850.62,1178840000,19094620000
2018-04-12,801790.SI,1853.00,1860.27,1833.54,1833.55,1227920000,17240310000
2018-04-13,801790.SI,1847.85,1849.88,1815.30,1815.58,1208340000,16759110000
2018-04-16,801790.SI,1808.48,1818.70,1768.48,1770.88,1194390000,18993530000
2018-04-17,801790.SI,1774.66,1792.98,1752.88,1755.32,1133950000,18146000000
2018-04-18,801790.SI,1775.64,1778.50,1750.21,1772.25,1065060000,17330970000
2018-04-19,801790.SI,1777.39,1798.91,1772.98,1787.82,1019630000,16411690000
2018-04-20,801790.SI,1780.46,1783.94,1748.58,1748.58,1061750000,15893590000
2018-04-23,801790.SI,1748.02,1769.91,1745.73,1767.99,740750000,11923010000
2018-04-24,801790.SI,1772.76,1818.77,1772.76,1813.72,1188350000,20850990000
2018-04-25,801790.SI,1801.71,1806.12,1791.57,1795.62,802470000,12187160000
2018-04-26,801790.SI,1800.01,1803.80,1744.88,1746.73,886510000,15172490000
2018-04-27,801790.SI,1758.87,1761.32,1705.55,1738.20,1127250000,26963880000
2018-05-02,801790.SI,1755.59,1758.25,1737.48,1746.54,921750000,14461590000
2018-05-03,801790.SI,1739.60,1776.55,1737.06,1774.13,1592710000,21708750000
2018-05-04,801790.SI,1767.36,1774.37,1753.99,1756.12,922920000,13503900000
2018-05-07,801790.SI,1759.46,1779.79,1756.06,1776.65,1048620000,17329710000
2018-05-08,801790.SI,1776.70,1817.44,1775.75,1807.60,1195530000,22719440000
2018-05-09,801790.SI,1805.85,1805.88,1791.85,1797.54,835550000,13059620000
2018-05-10,801790.SI,1804.50,1812.53,1789.65,1806.12,862130000,13450220000
2018-05-11,801790.SI,1811.37,1811.50,1789.84,1789.96,730980000,11548440000
2018-05-14,801790.SI,1798.11,1816.01,1797.32,1806.57,779060000,14116260000
2018-05-15,801790.SI,1811.74,1812.13,1785.76,1802.13,849260000,13108290000
2018-05-16,801790.SI,1793.87,1794.59,1770.95,1772.90,778900000,12871760000
2018-05-17,801790.SI,1777.59,1779.11,1757.36,1757.74,613850000,10335880000
2018-05-18,801790.SI,1756.01,1783.98,1751.89,1783.14,737840000,12452310000
2018-05-21,801790.SI,1795.76,1806.01,1788.60,1797.27,922920000,15274300000
2018-05-22,801790.SI,1795.72,1795.82,1770.51,1782.13,833820000,12761100000
2018-05-23,801790.SI,1778.15,1778.15,1753.66,1753.76,749160000,12225910000
2018-05-24,801790.SI,1754.83,1761.65,1739.00,1740.46,644480000,9975800000
2018-05-25,801790.SI,1742.09,1751.57,1728.77,1732.31,701860000,9957910000
2018-05-28,801790.SI,1735.10,1753.17,1728.06,1743.02,689540000,10577580000
2018-05-29,801790.SI,1738.43,1743.81,1712.11,1727.05,818620000,13309000000
2018-05-30,801790.SI,1701.55,1704.66,1668.42,1669.00,1067860000,13996710000
2018-05-31,801790.SI,1681.36,1701.47,1673.13,1701.47,834930000,12965600000
2018-06-01,801790.SI,1694.47,1708.20,1683.88,1698.11,969470000,12345640000
2018-06-04,801790.SI,1705.03,1724.43,1699.28,1718.47,782830000,13497140000
2018-06-05,801790.SI,1719.23,1739.56,1711.20,1735.77,765420000,14161970000
2018-06-06,801790.SI,1731.17,1734.50,1718.02,1725.55,765090000,11037960000
2018-06-07,801790.SI,1724.56,1754.31,1723.43,1727.45,1166460000,17772170000
2018-06-08,801790.SI,1720.96,1722.14,1682.08,1693.06,1044760000,14200990000
2018-06-11,801790.SI,1687.42,1707.02,1680.46,1701.93,696950000,10451390000
2018-06-12,801790.SI,1702.82,1721.65,1692.26,1719.36,700980000,13006560000
2018-06-13,801790.SI,1714.13,1714.97,1698.85,1702.22,654810000,9901310000
2018-06-14,801790.SI,1697.69,1732.76,1696.95,1718.16,768470000,14212820000
2018-06-15,801790.SI,1713.06,1728.40,1705.32,1709.12,989430000,14612580000
2018-06-19,801790.SI,1688.60,1694.26,1605.27,1623.53,1760950000,26538790000
2018-06-20,801790.SI,1615.20,1627.47,1588.32,1615.76,1123100000,15438650000
2018-06-21,801790.SI,1612.90,1625.24,1574.85,1577.45,1022120000,13732900000
2018-06-22,801790.SI,1567.46,1592.75,1562.39,1589.62,889690000,10982380000
2018-06-25,801790.SI,1596.72,1597.04,1558.47,1561.43,1034370000,13191990000
2018-06-26,801790.SI,1541.99,1566.79,1531.11,1561.68,977340000,12813900000
2018-06-27,801790.SI,1557.22,1564.03,1527.10,1533.53,1174700000,15654400000
2018-06-28,801790.SI,1525.47,1561.06,1522.14,1531.92,1528310000,18353630000
2018-06-29,801790.SI,1533.56,1570.97,1533.56,1568.78,1284470000,15618550000
2018-07-02,801790.SI,1562.79,1562.79,1494.29,1505.74,1194290000,16496460000
2018-07-03,801790.SI,1510.16,1531.89,1491.07,1531.38,1089820000,15486040000
2018-07-04,801790.SI,1526.32,1535.29,1506.53,1510.15,887920000,11142440000
2018-07-05,801790.SI,1512.28,1530.24,1501.27,1502.95,938910000,12056960000
2018-07-06,801790.SI,1508.94,1542.33,1488.48,1525.47,1335990000,17250620000
2018-07-09,801790.SI,1533.06,1564.54,1530.47,1564.54,966140000,13224120000
2018-07-10,801790.SI,1564.66,1566.86,1544.71,1556.46,913480000,11442180000
2018-07-11,801790.SI,1523.80,1530.59,1506.38,1518.05,1044590000,12116560000
2018-07-12,801790.SI,1519.51,1569.80,1519.51,1560.62,1249210000,15239980000
2018-07-13,801790.SI,1565.77,1565.95,1553.77,1558.46,923020000,11121550000
2018-07-16,801790.SI,1557.07,1563.02,1535.57,1543.22,801620000,10517420000
2018-07-17,801790.SI,1542.80,1546.05,1527.42,1539.30,762690000,9443910000
2018-07-18,801790.SI,1543.96,1557.89,1530.16,1530.19,933430000,11285460000
2018-07-19,801790.SI,1536.90,1553.26,1531.88,1537.02,894660000,12687680000
2018-07-20,801790.SI,1534.57,1606.89,1529.51,1594.93,1813410000,24490090000
2018-07-23,801790.SI,1585.54,1617.88,1582.14,1610.56,1634820000,21193450000
2018-07-24,801790.SI,1609.44,1653.28,1609.44,1628.83,2244040000,27222550000
2018-07-25,801790.SI,1632.78,1632.78,1618.05,1628.93,1355840000,14723120000
2018-07-26,801790.SI,1630.29,1633.25,1601.19,1604.33,1288510000,14458900000
2018-07-27,801790.SI,1604.67,1613.18,1595.96,1601.70,970920000,10681940000
2018-07-30,801790.SI,1599.83,1619.95,1590.87,1605.04,996020000,11229930000
2018-07-31,801790.SI,1602.46,1614.03,1593.78,1607.48,776880000,9138540000
2018-08-01,801790.SI,1609.25,1622.80,1563.17,1563.37,998590000,13212020000
2018-08-02,801790.SI,1556.94,1558.27,1504.94,1521.37,1249660000,15100230000
2018-08-03,801790.SI,1521.59,1530.14,1508.23,1508.63,661090000,8149420000
2018-08-06,801790.SI,1510.97,1532.03,1492.49,1500.32,890900000,10874160000
2018-08-07,801790.SI,1506.40,1544.67,1502.87,1544.65,992260000,12704600000
2018-08-08,801790.SI,1540.08,1540.11,1513.10,1514.88,838820000,10253060000
2018-08-09,801790.SI,1512.38,1564.00,1510.54,1557.22,1039350000,13287450000
2018-08-10,801790.SI,1555.67,1563.73,1542.14,1555.27,682000000,8439670000
2018-08-13,801790.SI,1538.46,1544.93,1517.01,1539.66,770290000,9696170000
2018-08-14,801790.SI,1537.61,1542.58,1524.38,1534.02,576250000,6925850000
2018-08-15,801790.SI,1532.49,1532.49,1488.25,1491.62,750170000,10153770000
2018-08-16,801790.SI,1477.02,1520.54,1467.16,1498.98,1069430000,11972890000
2018-08-17,801790.SI,1512.19,1515.46,1483.88,1486.03,846920000,9764460000
2018-08-20,801790.SI,1491.47,1514.68,1489.93,1514.62,842180000,10687170000
2018-08-21,801790.SI,1514.93,1546.14,1514.93,1539.35,908140000,12931760000
2018-08-22,801790.SI,1557.03,1557.65,1541.25,1547.82,638030000,11647020000
2018-08-23,801790.SI,1548.53,1572.41,1548.15,1565.32,870970000,12552510000
2018-08-24,801790.SI,1554.23,1586.50,1550.41,1571.16,862580000,11673280000
2018-08-27,801790.SI,1577.05,1592.60,1573.13,1592.25,1065540000,13956690000
2018-08-28,801790.SI,1594.85,1595.13,1573.04,1578.38,694790000,9544460000
2018-08-29,801790.SI,1575.94,1580.81,1570.39,1573.99,588080000,7695600000
2018-08-30,801790.SI,1576.77,1583.98,1561.65,1562.12,687430000,9073500000
2018-08-31,801790.SI,1553.62,1571.47,1550.90,1561.18,720900000,9755920000
2018-09-03,801790.SI,1554.43,1560.46,1545.46,1558.12,621120000,7650350000
2018-09-04,801790.SI,1558.96,1591.88,1551.84,1587.99,812750000,11631520000
2018-09-05,801790.SI,1579.73,1582.43,1550.83,1550.83,698680000,9435490000
2018-09-06,801790.SI,1542.34,1553.02,1528.54,1533.15,598920000,7861950000
2018-09-07,801790.SI,1538.86,1565.90,1538.86,1550.25,758370000,9613280000
2018-09-10,801790.SI,1545.03,1549.20,1517.50,1518.88,810330000,8817700000
2018-09-11,801790.SI,1518.10,1527.49,1508.36,1515.65,598650000,7150360000
2018-09-12,801790.SI,1510.44,1520.66,1502.41,1509.13,693580000,8144410000
2018-09-13,801790.SI,1529.37,1540.07,1517.11,1540.07,780560000,9973500000
2018-09-14,801790.SI,1542.84,1556.37,1539.87,1545.52,660110000,8877810000
2018-09-17,801790.SI,1532.18,1542.51,1529.06,1533.07,668130000,7203270000
2018-09-18,801790.SI,1526.23,1567.99,1526.19,1567.17,892750000,11726230000
2018-09-19,801790.SI,1565.14,1598.07,1563.03,1584.43,1022850000,14781640000
2018-09-20,801790.SI,1586.17,1592.46,1575.05,1578.62,754180000,9345740000
2018-09-21,801790.SI,1584.94,1629.29,1578.60,1629.29,1318900000,17866430000
2018-09-25,801790.SI,1615.12,1625.04,1606.72,1617.15,716010000,10318800000
2018-09-26,801790.SI,1620.40,1651.29,1616.95,1632.40,1110100000,16539610000
2018-09-27,801790.SI,1629.54,1629.57,1612.12,1617.39,855960000,12361020000
2018-09-28,801790.SI,1621.77,1649.32,1621.77,1640.56,853840000,13811610000
2018-10-08,801790.SI,1604.80,1605.33,1566.73,1567.24,1065250000,16525620000
2018-10-09,801790.SI,1565.40,1576.21,1560.24,1567.25,675900000,9021280000
2018-10-10,801790.SI,1568.85,1579.49,1554.79,1564.93,605140000,9164700000
2018-10-11,801790.SI,1510.81,1523.55,1464.30,1476.89,1524530000,18779920000
2018-10-12,801790.SI,1478.18,1501.46,1460.38,1488.51,1195430000,13850420000
2018-10-15,801790.SI,1492.48,1500.13,1468.76,1468.86,825770000,9858450000
2018-10-16,801790.SI,1471.71,1503.24,1467.88,1472.31,891110000,10706590000
2018-10-17,801790.SI,1496.10,1500.46,1450.28,1480.07,954470000,12348660000
2018-10-18,801790.SI,1469.91,1473.69,1444.53,1445.72,880630000,10562690000
2018-10-19,801790.SI,1432.28,1515.74,1431.52,1511.17,1360580000,18513890000
2018-10-22,801790.SI,1527.80,1627.86,1527.79,1609.79,2513100000,33183030000
2018-10-23,801790.SI,1636.29,1642.99,1565.01,1579.66,3803930000,38645200000
2018-10-24,801790.SI,1570.35,1635.63,1570.35,1604.44,3958920000,34712620000
2018-10-25,801790.SI,1554.18,1641.58,1554.18,1641.58,4150820000,33570980000
2018-10-26,801790.SI,1636.57,1642.81,1586.66,1604.29,3689700000,30543860000
2018-10-29,801790.SI,1604.60,1611.87,1544.51,1552.33,2331270000,24352170000
2018-10-30,801790.SI,1534.69,1633.06,1534.69,1598.10,4361990000,39524620000
2018-10-31,801790.SI,1594.13,1614.65,1570.94,1599.65,3339030000,29753240000
2018-11-01,801790.SI,1613.66,1669.59,1612.72,1614.76,3985610000,36801990000
2018-11-02,801790.SI,1666.08,1674.61,1641.45,1674.61,3429750000,37641040000
2018-11-05,801790.SI,1658.73,1671.21,1640.87,1667.81,3139850000,29845240000
2018-11-06,801790.SI,1661.29,1676.82,1642.51,1660.42,2826790000,25685440000
2018-11-07,801790.SI,1657.86,1665.99,1634.60,1638.00,2335410000,22394350000
2018-11-08,801790.SI,1655.73,1656.58,1622.88,1626.94,2688720000,24531110000
2018-11-09,801790.SI,1617.49,1626.29,1603.12,1605.31,2025010000,19884600000
2018-11-12,801790.SI,1603.37,1620.48,1593.12,1619.90,2187200000,21154600000
2018-11-13,801790.SI,1598.46,1664.82,1595.54,1646.33,4416200000,36869290000
2018-11-14,801790.SI,1641.07,1645.91,1616.66,1621.35,3384230000,29077110000
2018-11-15,801790.SI,1618.70,1661.07,1618.58,1661.07,3363920000,30537470000
2018-11-16,801790.SI,1659.51,1714.61,1654.22,1683.62,4760630000,42730530000
2018-11-19,801790.SI,1681.67,1717.80,1681.58,1714.32,4559100000,42443850000
2018-11-20,801790.SI,1694.68,1706.99,1652.54,1653.75,3730650000,37491160000
2018-11-21,801790.SI,1637.13,1662.50,1635.33,1653.94,2628490000,26098280000
2018-11-22,801790.SI,1657.93,1658.62,1621.03,1634.78,2177380000,21675280000
2018-11-23,801790.SI,1632.58,1645.51,1592.80,1598.38,3017610000,27116040000
2018-11-26,801790.SI,1601.29,1619.33,1590.71,1599.76,1986280000,18278490000
2018-11-27,801790.SI,1607.53,1618.59,1592.25,1601.24,1720190000,16359970000
2018-11-28,801790.SI,1599.32,1632.72,1596.55,1629.54,2452800000,22324450000
2018-11-29,801790.SI,1638.93,1647.24,1592.22,1592.22,2432870000,21915960000
2018-11-30,801790.SI,1588.47,1613.52,1581.63,1610.17,2090540000,18116570000
2018-12-03,801790.SI,1670.46,1677.08,1649.96,1654.28,3096290000,33966470000
2018-12-04,801790.SI,1652.02,1660.64,1642.63,1660.64,2001630000,20713880000
2018-12-05,801790.SI,1633.41,1649.19,1632.74,1639.09,1663190000,16890380000
2018-12-06,801790.SI,1623.64,1625.30,1601.24,1602.63,1623580000,17715270000
2018-12-07,801790.SI,1609.96,1614.44,1603.73,1604.24,1122110000,11085940000
2018-12-10,801790.SI,1590.16,1594.91,1570.98,1580.30,1233070000,13416530000
2018-12-11,801790.SI,1584.19,1589.40,1575.66,1585.38,964040000,10166390000
2018-12-12,801790.SI,1597.80,1602.54,1588.19,1592.99,1248910000,12633220000
2018-12-13,801790.SI,1597.95,1622.63,1586.20,1611.42,1880140000,20298210000
2018-12-14,801790.SI,1604.17,1604.68,1573.96,1574.61,1712810000,17902460000
2018-12-17,801790.SI,1569.83,1580.04,1559.52,1573.36,1345950000,14856490000
2018-12-18,801790.SI,1562.96,1578.07,1545.64,1554.70,1372070000,14250620000
2018-12-19,801790.SI,1557.81,1558.47,1537.28,1540.37,1109810000,12328290000
2018-12-20,801790.SI,1536.20,1543.39,1516.46,1535.44,1856400000,18520330000
2018-12-21,801790.SI,1526.84,1528.33,1498.40,1512.31,1565880000,16608680000
2018-12-24,801790.SI,1504.15,1512.89,1497.93,1504.83,1251720000,11981560000
2018-12-25,801790.SI,1488.73,1496.82,1457.37,1486.95,1764400000,16399630000
2018-12-26,801790.SI,1485.06,1489.62,1467.21,1471.83,1165700000,11169350000
2018-12-27,801790.SI,1494.97,1496.53,1464.76,1464.76,1435630000,14962310000
2018-12-28,801790.SI,1468.21,1491.31,1465.66,1471.12,1677160000,16437220000
2019-01-02,801790.SI,1470.89,1470.89,1447.70,1455.58,1385410000,14203180000
2019-01-03,801790.SI,1454.74,1499.45,1454.74,1477.61,2252050000,19305720000
2019-01-04,801790.SI,1465.24,1552.22,1465.24,1541.90,4353230000,36781640000
2019-01-07,801790.SI,1551.33,1551.33,1528.34,1536.56,3809220000,33296230000
2019-01-08,801790.SI,1531.65,1543.07,1517.09,1531.62,3226000000,26613280000
2019-01-09,801790.SI,1535.88,1565.97,1535.86,1546.30,3244500000,29081490000
2019-01-10,801790.SI,1551.87,1557.08,1539.05,1541.09,2637450000,25157250000
2019-01-11,801790.SI,1548.10,1560.26,1540.15,1552.64,1990910000,18456820000
2019-01-14,801790.SI,1554.06,1557.95,1535.97,1538.24,1724660000,16890890000
2019-01-15,801790.SI,1540.27,1581.25,1539.21,1577.43,2930630000,27994800000
2019-01-16,801790.SI,1574.72,1578.87,1566.56,1572.72,1897400000,18722040000
2019-01-17,801790.SI,1577.99,1591.99,1563.89,1564.84,1731860000,18862170000
2019-01-18,801790.SI,1573.92,1591.81,1565.63,1590.47,1756700000,19407440000
2019-01-21,801790.SI,1589.88,1606.83,1585.12,1596.19,1603090000,18102600000
2019-01-22,801790.SI,1591.20,1594.26,1569.00,1573.68,1591330000,16125990000
2019-01-23,801790.SI,1570.16,1580.92,1562.15,1566.32,1068880000,11234840000
2019-01-24,801790.SI,1571.09,1594.05,1567.87,1588.70,2199390000,21064620000
2019-01-25,801790.SI,1589.47,1609.37,1589.47,1595.71,1906170000,20562050000
2019-01-28,801790.SI,1610.97,1623.19,1586.54,1593.54,2105920000,20862530000
2019-01-29,801790.SI,1586.51,1594.85,1566.15,1587.24,1759730000,16907270000
2019-01-30,801790.SI,1571.59,1590.03,1571.32,1571.32,1097990000,11372420000
2019-01-31,801790.SI,1580.81,1611.39,1578.60,1600.68,1672510000,19330170000
2019-02-01,801790.SI,1618.76,1626.48,1610.51,1625.31,1641650000,17473820000
2019-02-11,801790.SI,1619.43,1652.64,1619.42,1652.46,1673760000,18412420000
2019-02-12,801790.SI,1651.66,1664.68,1639.56,1658.53,1822450000,18969910000
2019-02-13,801790.SI,1662.43,1705.32,1651.24,1700.17,3381390000,33310870000
2019-02-14,801790.SI,1695.06,1705.24,1688.21,1696.08,2384920000,24037520000
2019-02-15,801790.SI,1689.83,1694.08,1655.43,1656.18,2388700000,25565410000
2019-02-18,801790.SI,1672.72,1735.18,1672.72,1733.85,4073610000,40411640000
2019-02-19,801790.SI,1740.92,1788.62,1736.68,1750.37,5301060000,51970340000
2019-02-20,801790.SI,1758.26,1772.40,1739.18,1759.62,3398650000,32275080000
2019-02-21,801790.SI,1753.42,1811.95,1745.71,1762.50,5216030000,49245090000
2019-02-22,801790.SI,1770.12,1875.39,1751.50,1875.39,7560660000,74951650000
2019-02-25,801790.SI,1943.42,2055.16,1936.33,2055.16,9378440000,112523280000
2019-02-26,801790.SI,2073.23,2106.43,2000.82,2004.16,10525090000,121706150000
2019-02-27,801790.SI,2003.98,2054.16,1962.19,2003.35,8956420000,101174120000
2019-02-28,801790.SI,1987.43,1987.43,1946.63,1955.22,6087180000,63096660000
2019-03-01,801790.SI,1971.36,2025.77,1953.89,2024.54,7411090000,79021620000
2019-03-04,801790.SI,2042.21,2130.70,2016.41,2039.54,9711980000,111340360000
2019-03-05,801790.SI,2023.61,2043.29,2009.46,2040.14,6514970000,72256430000
2019-03-06,801790.SI,2044.14,2123.61,2036.70,2108.81,9761430000,111777270000
2019-03-07,801790.SI,2120.09,2169.36,2088.62,2127.08,11119470000,133998700000
2019-03-08,801790.SI,2034.10,2085.52,1993.56,1994.21,9821210000,121683150000
2019-03-11,801790.SI,1990.82,2032.12,1963.77,2010.45,6537940000,79348840000
2019-03-12,801790.SI,2029.16,2076.40,2015.36,2030.91,6941790000,88182150000
2019-03-13,801790.SI,2052.60,2059.63,2004.70,2026.87,6270350000,81280530000
2019-03-14,801790.SI,2010.79,2043.21,1980.04,1998.25,4933780000,62653780000
2019-03-15,801790.SI,2014.51,2054.48,2010.89,2025.45,4344790000,59409360000
2019-03-18,801790.SI,2028.01,2067.82,1995.87,2067.82,4667910000,61268570000
2019-03-19,801790.SI,2074.00,2086.61,2050.06,2059.72,3819740000,51117890000
2019-03-20,801790.SI,2051.82,2107.22,2045.61,2089.12,5741670000,67085740000
2019-03-21,801790.SI,2094.86,2135.43,2074.85,2103.28,7659190000,89504370000
2019-03-22,801790.SI,2096.05,2106.32,2054.75,2079.11,4766170000,57543880000
2019-03-25,801790.SI,2038.13,2057.32,2002.97,2004.87,4404190000,57982510000
2019-03-26,801790.SI,2020.73,2022.77,1963.39,1971.20,3897830000,47650630000
2019-03-27,801790.SI,1987.60,2006.79,1974.57,1991.89,3193440000,40691370000
2019-03-28,801790.SI,1973.21,1993.25,1956.38,1971.35,3057420000,36668220000
2019-03-29,801790.SI,1984.65,2098.67,1984.65,2098.67,6817060000,87483830000
2019-04-01,801790.SI,2113.83,2163.99,2111.61,2141.30,7048660000,91791670000
2019-04-02,801790.SI,2144.75,2168.63,2137.05,2146.06,6145390000,74841350000
2019-04-03,801790.SI,2128.35,2214.97,2126.18,2209.43,7367260000,91900470000
2019-04-04,801790.SI,2218.32,2228.95,2189.12,2212.59,6097810000,79691390000
2019-04-08,801790.SI,2228.16,2246.32,2166.14,2189.34,5398450000,71905350000
2019-04-09,801790.SI,2181.97,2213.47,2166.10,2192.35,4059000000,52221130000
2019-04-10,801790.SI,2182.17,2202.76,2133.98,2181.41,5306200000,64401870000
2019-04-11,801790.SI,2178.70,2194.69,2132.93,2141.13,3774700000,47220360000
2019-04-12,801790.SI,2136.21,2163.95,2129.47,2146.17,3505840000,41596930000
2019-04-15,801790.SI,2194.83,2208.13,2139.34,2139.34,4448530000,59090730000
2019-04-16,801790.SI,2122.87,2212.59,2118.45,2212.59,4578250000,60853080000
2019-04-17,801790.SI,2205.01,2220.24,2185.62,2195.39,3431580000,45208340000
2019-04-18,801790.SI,2195.10,2207.41,2183.13,2187.51,2596330000,34015360000
2019-04-19,801790.SI,2202.82,2233.88,2189.66,2233.88,2789500000,41227200000
2019-04-22,801790.SI,2250.21,2250.21,2171.50,2178.10,3324300000,48620590000
2019-04-23,801790.SI,2170.37,2233.61,2166.98,2192.23,3700690000,49459900000
2019-04-24,801790.SI,2192.88,2207.21,2156.52,2190.87,2765050000,39162580000
2019-04-25,801790.SI,2179.34,2199.74,2133.86,2134.18,3790510000,47497110000
2019-04-26,801790.SI,2122.57,2166.36,2122.57,2131.61,3563500000,45536850000
2019-04-29,801790.SI,2139.97,2152.96,2098.10,2115.53,3912360000,50103750000
2019-04-30,801790.SI,2114.22,2132.20,2099.09,2115.24,2383630000,33935770000
2019-05-06,801790.SI,2018.41,2037.23,1935.29,1952.12,4069560000,56140910000
2019-05-07,801790.SI,1966.78,1976.85,1924.39,1965.62,3378600000,41976570000
2019-05-08,801790.SI,1911.22,1960.30,1911.22,1924.08,2347860000,30855860000
2019-05-09,801790.SI,1903.20,1914.01,1881.56,1885.12,2488840000,33431110000
2019-05-10,801790.SI,1916.73,1990.20,1890.63,1984.00,3866430000,50529360000
2019-05-13,801790.SI,1942.73,1957.13,1923.15,1927.63,2162810000,28880980000
2019-05-14,801790.SI,1907.80,1946.16,1907.80,1915.89,2152850000,28334630000
2019-05-15,801790.SI,1933.39,1971.90,1933.36,1959.02,2300810000,30964510000
2019-05-16,801790.SI,1958.41,1970.16,1944.25,1962.50,1903120000,24059620000
2019-05-17,801790.SI,1965.51,1965.51,1889.75,1896.54,2592430000,30540890000
2019-05-20,801790.SI,1884.02,1910.00,1874.54,1895.46,2045610000,26216310000
2019-05-21,801790.SI,1894.97,1935.03,1894.96,1916.69,2066510000,26167810000
2019-05-22,801790.SI,1916.91,1920.48,1888.74,1898.99,1608630000,19736620000
2019-05-23,801790.SI,1881.73,1903.13,1866.13,1872.16,1982540000,24502630000
2019-05-24,801790.SI,1875.15,1900.22,1875.15,1883.37,1601510000,19974270000
2019-05-27,801790.SI,1881.94,1929.02,1866.34,1920.10,2666570000,32039070000
2019-05-28,801790.SI,1918.43,1942.66,1912.08,1931.39,2383380000,31574130000
2019-05-29,801790.SI,1915.74,1975.17,1914.08,1955.09,2313930000,33452190000
2019-05-30,801790.SI,1941.28,1942.75,1918.04,1929.49,1811090000,23540130000
2019-05-31,801790.SI,1930.96,1951.39,1920.18,1920.18,1498570000,19764390000
2019-06-03,801790.SI,1933.76,1954.19,1913.58,1922.35,1951430000,24976340000
2019-06-04,801790.SI,1919.21,1919.92,1899.70,1903.15,1757850000,22320310000
2019-06-05,801790.SI,1924.72,1930.96,1903.10,1903.59,1956250000,25044480000
2019-06-06,801790.SI,1905.56,1912.58,1885.65,1888.29,1775480000,21917150000
2019-06-10,801790.SI,1894.94,1905.67,1869.37,1898.11,2135510000,26332580000
2019-06-11,801790.SI,1898.46,1980.98,1898.46,1978.31,3582520000,43998720000
2019-06-12,801790.SI,1966.14,1971.97,1951.48,1953.28,2558060000,30836040000
2019-06-13,801790.SI,1954.19,1970.11,1942.61,1959.97,2353530000,28535620000
2019-06-14,801790.SI,1960.96,1969.40,1930.77,1931.48,2299540000,26844640000
2019-06-17,801790.SI,1931.98,1952.21,1931.60,1940.25,1552800000,18974920000
2019-06-18,801790.SI,1944.80,1953.46,1929.81,1949.90,1423260000,18248170000
2019-06-19,801790.SI,2045.35,2052.70,1997.70,1997.91,3468850000,47693420000
2019-06-20,801790.SI,1999.63,2126.42,1999.63,2114.63,6085790000,79446630000
2019-06-21,801790.SI,2113.48,2136.15,2110.74,2127.80,5039530000,64402160000
2019-06-24,801790.SI,2138.42,2145.56,2117.45,2126.93,3146910000,45009200000
2019-06-25,801790.SI,2123.21,2126.20,2066.17,2107.92,3691170000,53108200000
2019-06-26,801790.SI,2085.36,2102.38,2079.07,2083.31,2283050000,30113700000
2019-06-27,801790.SI,2096.08,2138.43,2096.07,2115.99,3055100000,44724350000
2019-06-28,801790.SI,2111.95,2126.49,2100.45,2115.93,2129510000,30386120000
2019-07-01,801790.SI,2175.22,2194.94,2166.20,2177.87,3589360000,51786790000
2019-07-02,801790.SI,2171.91,2171.91,2154.55,2159.40,2366400000,32644360000
2019-07-03,801790.SI,2156.76,2156.76,2119.94,2131.92,2172900000,31862850000
2019-07-04,801790.SI,2135.61,2146.53,2108.89,2123.19,2017710000,28086180000
2019-07-05,801790.SI,2124.67,2137.74,2116.63,2132.74,1581800000,22460960000
2019-07-08,801790.SI,2120.48,2120.48,2060.54,2075.29,2513860000,34799890000
2019-07-09,801790.SI,2078.24,2085.46,2055.16,2072.18,2004590000,26552140000
2019-07-10,801790.SI,2080.96,2087.74,2065.42,2073.87,1840980000,23436540000
2019-07-11,801790.SI,2087.32,2106.84,2066.96,2077.29,2070020000,29041650000
2019-07-12,801790.SI,2077.43,2106.48,2076.08,2096.35,1849410000,27150380000
2019-07-15,801790.SI,2085.16,2131.29,2065.53,2111.70,2964350000,36375350000
2019-07-16,801790.SI,2106.00,2109.80,2092.25,2094.39,1725940000,21493870000
2019-07-17,801790.SI,2090.65,2101.73,2084.76,2091.65,1976200000,23501100000
2019-07-18,801790.SI,2079.85,2089.50,2073.90,2073.90,1762590000,21466700000
2019-07-19,801790.SI,2086.30,2120.25,2086.30,2110.81,2279140000,29424080000
2019-07-22,801790.SI,2115.56,2116.31,2077.31,2077.31,2339030000,28881830000
2019-07-23,801790.SI,2080.85,2088.83,2071.25,2078.72,1498000000,19391430000
2019-07-24,801790.SI,2088.79,2122.53,2088.77,2104.96,2016910000,28674630000
2019-07-25,801790.SI,2107.70,2118.30,2098.53,2115.92,1701970000,22553280000
2019-07-26,801790.SI,2103.14,2118.22,2103.12,2117.35,1471900000,18901620000
2019-07-29,801790.SI,2112.26,2112.26,2086.37,2094.31,1617510000,20459950000
2019-07-30,801790.SI,2108.32,2134.72,2108.31,2116.67,2553150000,30197410000
2019-07-31,801790.SI,2107.94,2107.94,2086.56,2088.48,1791080000,23037780000
2019-08-01,801790.SI,2074.78,2088.81,2062.83,2069.55,1874740000,23435000000
2019-08-02,801790.SI,2023.40,2027.54,2008.39,2017.40,2362900000,30217740000
2019-08-05,801790.SI,2000.39,2015.82,1978.12,1978.12,1962460000,26628490000
2019-08-06,801790.SI,1936.56,1980.63,1920.55,1968.20,3083670000,39490830000
2019-08-07,801790.SI,1975.59,1975.59,1941.12,1941.12,1731770000,22681050000
2019-08-08,801790.SI,1975.35,1976.83,1953.54,1965.69,1938470000,26053780000
2019-08-09,801790.SI,1978.57,1979.43,1947.04,1949.02,1625110000,20868580000
2019-08-12,801790.SI,1959.84,1994.62,1959.84,1994.62,1780850000,23958850000
2019-08-13,801790.SI,1976.36,1978.20,1958.83,1962.98,1256040000,17266690000
2019-08-14,801790.SI,1994.96,1996.34,1964.28,1964.28,1362020000,18897610000
2019-08-15,801790.SI,1924.28,1977.09,1922.20,1976.92,1518340000,21061720000
2019-08-16,801790.SI,1981.71,2008.93,1973.47,1990.54,1825920000,27094640000
2019-08-19,801790.SI,2015.09,2071.68,2001.73,2071.68,3848370000,49227430000
2019-08-20,801790.SI,2065.93,2075.90,2052.94,2056.14,2980940000,36371060000
2019-08-21,801790.SI,2050.70,2059.55,2047.94,2052.93,1975870000,23797400000
2019-08-22,801790.SI,2058.03,2058.18,2040.47,2055.20,1597840000,19811610000
2019-08-23,801790.SI,2055.15,2085.14,2054.51,2072.71,1910520000,27672670000
2019-08-26,801790.SI,2031.39,2039.83,2021.57,2028.44,1862870000,28274950000
2019-08-27,801790.SI,2042.60,2077.61,2042.60,2051.58,2678500000,36371350000
2019-08-28,801790.SI,2046.64,2048.00,2027.17,2027.71,1735860000,23407620000
2019-08-29,801790.SI,2031.93,2033.12,2015.87,2017.55,1519560000,22207440000
2019-08-30,801790.SI,2040.03,2051.43,2005.18,2019.47,1817170000,25251110000
2019-09-02,801790.SI,2015.86,2061.33,2015.21,2053.70,2424520000,32382730000
2019-09-03,801790.SI,2053.98,2060.24,2041.96,2053.57,2017810000,26837020000
2019-09-04,801790.SI,2046.27,2078.44,2046.27,2075.17,3099400000,39527570000
2019-09-05,801790.SI,2099.25,2165.72,2099.24,2117.55,5969000000,74803290000
2019-09-06,801790.SI,2139.57,2143.36,2121.58,2143.36,3337360000,43548280000
2019-09-09,801790.SI,2172.39,2178.44,2143.18,2154.06,3790160000,49861010000
2019-09-10,801790.SI,2154.15,2158.12,2121.48,2146.84,3673750000,46414230000
2019-09-11,801790.SI,2165.06,2178.50,2142.76,2157.50,4132880000,51476230000
2019-09-12,801790.SI,2167.00,2203.04,2152.95,2201.75,3370870000,46152490000
2019-09-16,801790.SI,2204.55,2204.55,2165.09,2172.33,2970640000,39615690000
2019-09-17,801790.SI,2162.21,2162.21,2114.27,2119.87,3002820000,40696010000
2019-09-18,801790.SI,2126.26,2132.28,2113.90,2117.48,1905440000,25630340000
2019-09-19,801790.SI,2128.40,2128.40,2106.38,2123.11,1874810000,24826600000
2019-09-20,801790.SI,2125.37,2127.77,2109.07,2119.24,1973640000,27033190000
2019-09-23,801790.SI,2108.18,2108.18,2078.65,2091.45,1934930000,26738200000
2019-09-24,801790.SI,2095.97,2110.46,2080.16,2089.91,1950060000,27974290000
2019-09-25,801790.SI,2076.61,2094.44,2071.43,2079.34,1740190000,24114290000
2019-09-26,801790.SI,2088.50,2099.98,2060.83,2060.83,2153520000,28994840000
2019-09-27,801790.SI,2062.20,2070.97,2057.27,2067.31,1361070000,18557020000
2019-09-30,801790.SI,2061.91,2063.22,2028.26,2028.26,1348790000,19987170000
2019-10-08,801790.SI,2029.62,2052.06,2028.11,2033.03,1257780000,18590370000
2019-10-09,801790.SI,2020.46,2040.30,2016.55,2039.21,1197610000,17759230000
2019-10-10,801790.SI,2039.54,2051.53,2032.81,2050.22,1328620000,18575170000
2019-10-11,801790.SI,2057.47,2095.02,2043.07,2084.34,2223620000,32324690000
2019-10-14,801790.SI,2110.38,2132.84,2101.24,2109.59,2985500000,39761710000
2019-10-15,801790.SI,2110.67,2110.67,2090.04,2091.59,1921170000,24884650000
2019-10-16,801790.SI,2100.74,2124.11,2088.71,2089.96,1933810000,26729280000
2019-10-17,801790.SI,2094.33,2110.51,2086.43,2094.99,1423110000,21462210000
2019-10-18,801790.SI,2103.73,2105.22,2049.13,2049.13,1667180000,24074660000
2019-10-21,801790.SI,2037.22,2048.78,2025.21,2043.19,1634750000,24031860000
2019-10-22,801790.SI,2050.32,2051.94,2035.52,2050.38,1283440000,18585370000
2019-10-23,801790.SI,2050.23,2054.23,2027.17,2033.79,1232250000,17146190000
2019-10-24,801790.SI,2038.48,2051.74,2027.78,2040.66,1288110000,17945210000
2019-10-25,801790.SI,2023.00,2040.39,2008.61,2035.05,1752690000,29026800000
2019-10-28,801790.SI,2039.88,2060.60,2034.45,2058.55,2229600000,29719680000
2019-10-29,801790.SI,2057.46,2057.46,2028.95,2028.95,1654170000,22151900000
2019-10-30,801790.SI,2026.15,2034.28,2017.74,2020.53,1544580000,21415550000
2019-10-31,801790.SI,2021.90,2030.40,2017.16,2019.90,1466820000,21400830000
2019-11-01,801790.SI,2015.44,2056.44,2013.72,2054.52,1624270000,24103150000
2019-11-04,801790.SI,2058.85,2071.67,2054.27,2062.08,1741180000,26488030000
2019-11-05,801790.SI,2064.38,2098.32,2060.13,2076.31,2667420000,37399680000
2019-11-06,801790.SI,2076.22,2078.34,2057.11,2062.17,1794120000,23533880000
2019-11-07,801790.SI,2060.48,2073.85,2054.23,2065.23,1489900000,20874660000
2019-11-08,801790.SI,2082.93,2083.87,2046.65,2046.65,1840060000,25412040000
2019-11-11,801790.SI,2033.31,2035.42,2014.77,2015.76,1852690000,24259170000
2019-11-12,801790.SI,2017.22,2021.65,2006.80,2019.98,1401190000,18842870000
2019-11-13,801790.SI,2014.57,2014.57,1997.25,2002.56,1280360000,17878030000
2019-11-14,801790.SI,2007.00,2011.97,1996.82,2002.44,1326500000,18338530000
2019-11-15,801790.SI,2000.91,2010.13,1989.84,1989.84,1396310000,18789610000
2019-11-18,801790.SI,1988.92,2016.60,1985.88,2013.05,1788240000,20708810000
2019-11-19,801790.SI,2006.25,2023.32,2006.25,2023.32,1710270000,20848090000
2019-11-20,801790.SI,2017.96,2018.22,1994.57,1995.84,1518810000,20785000000
2019-11-21,801790.SI,1986.37,1988.71,1972.42,1979.15,1212030000,19822140000
2019-11-22,801790.SI,1979.73,1996.39,1955.72,1960.53,1671990000,25060500000
2019-11-25,801790.SI,1962.57,1972.94,1950.96,1972.94,1344290000,19712190000
2019-11-26,801790.SI,1979.99,1979.99,1962.99,1970.90,1451240000,20081320000
2019-11-27,801790.SI,1967.04,1967.04,1955.32,1958.55,1111840000,16076740000
2019-11-28,801790.SI,1958.52,1963.24,1946.78,1950.86,1045740000,13735520000
2019-11-29,801790.SI,1950.31,1961.20,1935.30,1946.70,1357110000,18614710000
2019-12-02,801790.SI,1964.08,1964.49,1951.06,1951.06,1632310000,21096640000
2019-12-03,801790.SI,1943.22,1966.65,1938.89,1966.65,1347410000,18030730000
2019-12-04,801790.SI,1952.72,1961.27,1950.52,1961.27,1100530000,14163180000
2019-12-05,801790.SI,1969.53,1987.84,1968.95,1986.05,2053240000,26531680000
2019-12-06,801790.SI,1988.35,1991.80,1978.63,1991.02,1642750000,21572480000
2019-12-09,801790.SI,1995.54,1996.32,1975.58,1979.58,1473570000,20403540000
2019-12-10,801790.SI,1975.92,1979.63,1967.46,1977.62,1384750000,17466450000
2019-12-11,801790.SI,1982.78,1990.47,1975.22,1985.59,1935940000,22971740000
2019-12-12,801790.SI,1989.35,1989.37,1979.83,1980.68,1512060000,18494630000
2019-12-13,801790.SI,2009.28,2054.59,2009.28,2053.67,4758320000,57026260000
2019-12-16,801790.SI,2045.34,2066.92,2034.01,2061.88,4191630000,52267200000
2019-12-17,801790.SI,2059.97,2135.18,2053.27,2098.97,6614860000,76857990000
2019-12-18,801790.SI,2095.12,2121.52,2094.74,2102.35,5380840000,60887500000
2019-12-19,801790.SI,2103.32,2103.32,2084.86,2094.48,3750980000,42572800000
2019-12-20,801790.SI,2097.93,2127.28,2095.57,2095.58,5077410000,57259880000
2019-12-23,801790.SI,2097.66,2107.87,2051.95,2051.95,4309700000,49495180000
2019-12-24,801790.SI,2056.20,2063.84,2045.25,2063.84,2764650000,31635400000
2019-12-25,801790.SI,2056.90,2075.30,2051.56,2059.99,3171140000,35911520000
2019-12-26,801790.SI,2061.54,2094.21,2059.11,2094.21,3956540000,44350680000
2019-12-27,801790.SI,2091.25,2120.51,2073.29,2073.70,5449130000,63112720000
2019-12-30,801790.SI,2065.39,2160.22,2060.15,2150.77,6420450000,82757790000
2019-12-31,801790.SI,2145.02,2150.90,2126.75,2140.59,4442730000,56009170000
2020-01-02,801790.SI,2169.95,2184.73,2155.55,2158.43,5486680000,72727570000
2020-01-03,801790.SI,2160.73,2176.02,2150.99,2159.52,3931810000,50475010000
2020-01-06,801790.SI,2141.77,2181.66,2139.85,2150.25,4167300000,53321700000
2020-01-07,801790.SI,2158.32,2172.42,2145.39,2167.09,3778820000,48014600000
2020-01-08,801790.SI,2149.47,2149.47,2108.09,2114.64,3779410000,48403040000
2020-01-09,801790.SI,2139.55,2147.79,2125.39,2135.07,2782050000,36701130000
2020-01-10,801790.SI,2156.22,2159.40,2124.75,2132.62,2900550000,38374380000
2020-01-13,801790.SI,2128.16,2164.95,2112.82,2164.95,3039620000,42098770000
2020-01-14,801790.SI,2173.18,2180.06,2154.35,2154.79,2847060000,39853250000
2020-01-15,801790.SI,2150.28,2158.13,2134.09,2138.01,2171170000,30350860000
2020-01-16,801790.SI,2144.26,2144.26,2123.32,2124.56,1979110000,27937480000
2020-01-17,801790.SI,2136.03,2155.71,2129.63,2134.39,2409820000,33617530000
2020-01-20,801790.SI,2152.98,2170.05,2145.44,2166.41,2620100000,38676660000
2020-01-21,801790.SI,2153.00,2153.00,2120.55,2120.55,2779170000,39592270000
2020-01-22,801790.SI,2106.93,2135.11,2076.03,2124.82,2974060000,42981670000
2020-01-23,801790.SI,2094.73,2104.75,2034.91,2052.76,3440350000,49594110000
2020-02-03,801790.SI,1860.29,1887.81,1860.29,1872.53,1207290000,28812810000
2020-02-04,801790.SI,1825.69,1906.21,1825.69,1899.04,4662750000,57559130000
2020-02-05,801790.SI,1901.69,1949.03,1891.04,1912.40,3577520000,43241660000
2020-02-06,801790.SI,1919.75,1960.48,1907.97,1949.13,3856050000,46782960000
2020-02-07,801790.SI,1934.47,1949.39,1927.57,1947.69,3392260000,41080400000
2020-02-10,801790.SI,1931.42,1958.32,1929.46,1952.11,2954010000,36883450000
2020-02-11,801790.SI,1965.46,1981.80,1958.09,1959.21,2889300000,36980670000
2020-02-12,801790.SI,1953.71,1980.45,1947.82,1975.37,2997810000,36318260000
2020-02-13,801790.SI,1973.02,1975.69,1947.74,1949.49,2761480000,34011790000
2020-02-14,801790.SI,1945.74,1984.92,1945.74,1973.50,3565240000,40757830000
2020-02-17,801790.SI,2001.15,2045.37,1991.58,2042.18,5065490000,62113250000
2020-02-18,801790.SI,2034.08,2040.87,2016.30,2026.07,3679120000,44211470000
2020-02-19,801790.SI,2018.69,2059.65,2018.69,2031.83,4585310000,53621660000
2020-02-20,801790.SI,2038.09,2121.45,2027.47,2117.23,7419330000,90079480000
2020-02-21,801790.SI,2105.48,2145.89,2090.92,2104.83,7387870000,94063800000
2020-02-24,801790.SI,2081.51,2100.43,2071.65,2085.01,5535960000,71861290000
2020-02-25,801790.SI,2046.69,2086.54,2029.42,2083.26,7349600000,82274000000
2020-02-26,801790.SI,2053.83,2099.77,2053.01,2060.47,6695610000,76249320000
2020-02-27,801790.SI,2067.69,2090.58,2050.98,2059.23,4614440000,55436790000
2020-02-28,801790.SI,2008.20,2024.47,1958.41,1961.41,5350730000,65545700000
2020-03-02,801790.SI,1984.09,2050.54,1982.55,2034.11,4743730000,56613650000
2020-03-03,801790.SI,2065.16,2081.52,2030.95,2043.09,5109270000,61524570000
2020-03-04,801790.SI,2040.45,2084.68,2040.45,2084.68,5366250000,67366670000
2020-03-05,801790.SI,2105.44,2157.10,2080.80,2140.49,8188510000,104417330000
2020-03-06,801790.SI,2111.29,2120.43,2084.32,2084.68,5540870000,70017110000
2020-03-09,801790.SI,2039.15,2052.03,2006.38,2018.78,5495760000,70956720000
2020-03-10,801790.SI,2017.31,2074.55,2003.08,2067.26,6022130000,73660710000
2020-03-11,801790.SI,2064.48,2064.49,2023.10,2023.10,4262550000,53675870000
2020-03-12,801790.SI,1998.96,2013.38,1982.41,1993.87,3766930000,49208160000
2020-03-13,801790.SI,1890.44,1988.78,1890.44,1966.83,4838350000,65256480000
2020-03-16,801790.SI,1966.86,1966.86,1870.34,1871.48,4363810000,57562660000
2020-03-17,801790.SI,1884.04,1906.47,1838.63,1874.21,3522060000,46560170000
2020-03-18,801790.SI,1884.07,1894.32,1818.12,1818.15,3414430000,44102000000
2020-03-19,801790.SI,1808.91,1820.12,1758.12,1804.37,3916970000,51437770000
2020-03-20,801790.SI,1820.38,1827.87,1789.43,1826.55,2683980000,35236270000
2020-03-23,801790.SI,1758.99,1792.42,1757.78,1760.98,2574530000,31293430000
2020-03-24,801790.SI,1794.43,1808.73,1771.08,1807.62,2648140000,34524980000
2020-03-25,801790.SI,1847.72,1857.74,1832.39,1844.88,2809250000,37847950000
2020-03-26,801790.SI,1826.95,1848.07,1823.04,1825.13,1925710000,24924150000
2020-03-27,801790.SI,1848.83,1854.13,1825.35,1825.35,2252870000,29501090000
2020-03-30,801790.SI,1799.46,1816.01,1792.25,1807.38,2005390000,25051020000
2020-03-31,801790.SI,1828.58,1828.86,1802.15,1802.38,1820600000,22962910000
2020-04-01,801790.SI,1796.63,1830.15,1796.55,1798.21,1989170000,25562050000
2020-04-02,801790.SI,1783.95,1823.22,1781.38,1823.22,2103950000,26477370000
2020-04-03,801790.SI,1812.48,1812.85,1792.03,1798.44,1844150000,22938830000
2020-04-07,801790.SI,1830.81,1839.94,1819.41,1835.33,3105050000,37947460000
2020-04-08,801790.SI,1822.89,1831.96,1818.58,1823.88,2260310000,25957690000
2020-04-09,801790.SI,1835.94,1850.23,1833.58,1834.19,2842490000,32494150000
2020-04-10,801790.SI,1834.94,1859.22,1822.48,1830.74,2377460000,30385380000
2020-04-13,801790.SI,1817.41,1820.93,1806.00,1811.81,1612600000,18887790000
2020-04-14,801790.SI,1822.41,1855.79,1816.31,1848.87,2519340000,31602600000
2020-04-15,801790.SI,1842.58,1857.55,1833.76,1833.99,2121670000,27620930000
2020-04-16,801790.SI,1823.58,1850.81,1823.58,1840.39,2224270000,29828070000
2020-04-17,801790.SI,1854.31,1877.64,1847.04,1860.76,2415240000,35212620000
2020-04-20,801790.SI,1868.13,1878.16,1856.12,1875.69,1667690000,24207510000
2020-04-21,801790.SI,1864.61,1865.32,1832.08,1845.63,1973480000,25478870000
2020-04-22,801790.SI,1834.50,1846.94,1829.96,1846.88,1582440000,19836500000
2020-04-23,801790.SI,1850.69,1852.41,1836.78,1838.97,1444520000,18372910000
2020-04-24,801790.SI,1825.52,1825.53,1799.27,1804.55,1909390000,24919050000
2020-04-27,801790.SI,1808.64,1826.34,1808.64,1811.69,1526730000,20923370000
2020-04-28,801790.SI,1826.02,1841.46,1798.74,1832.17,2220950000,29261120000
2020-04-29,801790.SI,1825.46,1858.93,1825.46,1851.40,1462830000,20766100000
2020-04-30,801790.SI,1861.89,1882.95,1861.88,1877.51,2391830000,30178330000
2020-05-06,801790.SI,1845.47,1873.90,1845.47,1873.43,2317380000,29682110000
2020-05-07,801790.SI,1870.34,1873.10,1859.14,1861.27,2048280000,26202200000
2020-05-08,801790.SI,1867.22,1888.49,1857.19,1878.24,3142950000,38344910000
2020-05-11,801790.SI,1881.34,1899.81,1874.49,1881.09,2312800000,28122410000
2020-05-12,801790.SI,1884.35,1889.34,1865.46,1875.35,1710590000,22062090000
2020-05-13,801790.SI,1866.16,1876.52,1860.72,1872.05,1553750000,19351160000
2020-05-14,801790.SI,1862.18,1862.26,1845.44,1845.44,1545350000,19702070000
2020-05-15,801790.SI,1856.34,1862.73,1846.13,1846.13,1606160000,20629930000
2020-05-18,801790.SI,1843.74,1848.67,1837.13,1837.88,1744290000,21786300000
2020-05-19,801790.SI,1858.77,1862.80,1849.04,1851.85,1514820000,19337410000
2020-05-20,801790.SI,1850.18,1854.60,1844.74,1849.00,1733830000,20426760000
2020-05-21,801790.SI,1854.44,1855.31,1833.56,1833.56,1661100000,18930040000
2020-05-22,801790.SI,1828.24,1828.24,1783.14,1783.14,2111440000,25344570000
2020-05-25,801790.SI,1782.57,1785.10,1766.83,1774.54,1505920000,17330380000
2020-05-26,801790.SI,1788.39,1793.35,1783.75,1791.80,1373710000,15802700000
2020-05-27,801790.SI,1792.55,1800.61,1779.23,1781.77,1343450000,14886850000
2020-05-28,801790.SI,1784.77,1824.60,1784.76,1807.89,2412580000,26665870000
2020-05-29,801790.SI,1794.38,1799.48,1791.08,1791.83,1598660000,17458950000
2020-06-01,801790.SI,1823.04,1853.70,1822.07,1848.10,3569550000,40324010000
2020-06-02,801790.SI,1844.41,1873.47,1844.41,1868.63,2704700000,34715010000
2020-06-03,801790.SI,1880.61,1900.95,1865.47,1865.47,2593900000,36356000000
2020-06-04,801790.SI,1875.32,1875.76,1856.34,1861.22,1886820000,23049900000
2020-06-05,801790.SI,1863.95,1873.05,1850.16,1872.93,2447160000,27350490000
2020-06-08,801790.SI,1881.58,1896.94,1881.58,1885.95,2118520000,28246800000
2020-06-09,801790.SI,1886.32,1901.74,1885.43,1892.84,2191140000,27055950000
2020-06-10,801790.SI,1891.11,1891.11,1871.04,1873.89,1836640000,21476970000
2020-06-11,801790.SI,1867.53,1879.25,1845.50,1850.01,2346230000,29365070000
2020-06-12,801790.SI,1820.95,1849.43,1820.05,1844.37,2479390000,29139730000
2020-06-15,801790.SI,1842.42,1857.82,1825.74,1825.74,2559330000,31373970000
2020-06-16,801790.SI,1846.55,1850.80,1840.31,1847.70,2367320000,29355950000
2020-06-17,801790.SI,1844.73,1844.73,1828.97,1839.22,1964880000,23816620000
2020-06-18,801790.SI,1836.72,1860.03,1829.90,1852.55,2579540000,30445180000
2020-06-19,801790.SI,1853.25,1896.75,1850.94,1885.26,4959390000,60384290000
2020-06-22,801790.SI,1880.48,1944.61,1876.84,1901.30,6121260000,73665200000
2020-06-23,801790.SI,1893.69,1901.10,1879.23,1899.59,4046770000,49865580000
2020-06-24,801790.SI,1906.60,1924.36,1900.58,1904.18,3447770000,43510510000
2020-06-29,801790.SI,1890.44,1891.06,1851.60,1856.26,3927850000,48914380000
2020-06-30,801790.SI,1865.02,1905.00,1858.63,1890.19,3928530000,46320820000
2020-07-01,801790.SI,1889.86,1935.98,1869.39,1935.98,4375740000,55753690000
2020-07-02,801790.SI,1929.85,2049.34,1929.85,2042.90,9223080000,115469420000
2020-07-03,801790.SI,2070.72,2163.44,2067.48,2161.49,12377770000,161071680000
2020-07-06,801790.SI,2226.15,2359.61,2226.15,2354.89,12833670000,183820020000
2020-07-07,801790.SI,2416.75,2416.75,2315.64,2318.97,13409270000,195355030000
2020-07-08,801790.SI,2321.80,2478.03,2321.80,2436.09,13093250000,189623940000
2020-07-09,801790.SI,2421.03,2480.78,2396.66,2447.08,12610620000,184598760000
2020-07-10,801790.SI,2410.49,2438.04,2367.32,2371.84,10964670000,163479130000
2020-07-13,801790.SI,2361.18,2438.14,2339.79,2394.48,11037220000,164814870000
2020-07-14,801790.SI,2376.39,2404.55,2340.49,2376.96,9173140000,137161830000
2020-07-15,801790.SI,2403.57,2413.37,2329.47,2330.72,9579640000,142458760000
2020-07-16,801790.SI,2334.06,2373.29,2224.93,2225.92,10643650000,142717340000
2020-07-17,801790.SI,2242.97,2242.97,2153.78,2177.78,8229750000,102364350000
2020-07-20,801790.SI,2214.56,2314.02,2211.51,2302.89,8268020000,113226490000
2020-07-21,801790.SI,2313.49,2313.49,2248.66,2260.53,6731180000,89040670000
2020-07-22,801790.SI,2254.98,2329.28,2243.49,2261.72,8383040000,112120880000
2020-07-23,801790.SI,2227.21,2265.74,2197.88,2251.08,7136930000,95763280000
2020-07-24,801790.SI,2234.25,2236.66,2120.89,2133.61,7852720000,112451530000
2020-07-27,801790.SI,2141.48,2149.52,2096.49,2128.66,4640650000,65246100000
2020-07-28,801790.SI,2149.33,2149.33,2111.50,2128.41,3819930000,55782910000
2020-07-29,801790.SI,2119.64,2205.11,2115.40,2197.25,6166900000,91663820000
2020-07-30,801790.SI,2198.60,2198.60,2167.45,2167.45,5137110000,76633250000
2020-07-31,801790.SI,2164.28,2224.13,2162.25,2189.53,6188820000,89175330000
2020-08-03,801790.SI,2219.59,2232.11,2193.58,2232.11,6864550000,101968730000
2020-08-04,801790.SI,2237.29,2272.56,2219.39,2249.44,6576010000,100647390000
2020-08-05,801790.SI,2231.34,2237.54,2203.63,2225.98,4779850000,71808310000
2020-08-06,801790.SI,2226.40,2288.96,2194.27,2277.35,6622030000,101428600000
2020-08-07,801790.SI,2238.21,2269.43,2188.25,2220.41,6747500000,106266170000
2020-08-10,801790.SI,2197.04,2280.96,2195.86,2248.71,5644380000,97783220000
2020-08-11,801790.SI,2247.96,2274.54,2192.12,2193.82,5193670000,87930470000
2020-08-12,801790.SI,2185.13,2206.33,2156.11,2190.97,4340930000,70859610000
2020-08-13,801790.SI,2200.46,2213.15,2181.99,2191.59,3835690000,57582030000
2020-08-14,801790.SI,2180.04,2238.72,2180.04,2234.98,3725550000,58286510000
2020-08-17,801790.SI,2261.49,2386.01,2261.49,2339.55,9067620000,145978370000
2020-08-18,801790.SI,2335.11,2344.68,2308.73,2323.61,5884780000,94047780000
2020-08-19,801790.SI,2314.33,2325.53,2272.83,2273.64,5567930000,84313390000
2020-08-20,801790.SI,2256.68,2262.96,2231.20,2240.66,4345320000,62412210000
2020-08-21,801790.SI,2255.32,2268.91,2237.55,2266.40,4582590000,62330710000
2020-08-24,801790.SI,2274.36,2274.53,2244.20,2247.42,3746460000,52532740000
2020-08-25,801790.SI,2252.66,2280.69,2237.17,2243.86,4003100000,60431330000
2020-08-26,801790.SI,2236.05,2244.16,2189.81,2190.92,4362540000,67770120000
2020-08-27,801790.SI,2194.24,2205.66,2174.70,2198.04,3158850000,47348090000
2020-08-28,801790.SI,2192.54,2255.20,2184.04,2252.01,4276880000,68824400000
2020-08-31,801790.SI,2260.80,2292.49,2227.86,2227.86,5439970000,84306740000
2020-09-01,801790.SI,2216.96,2235.96,2214.39,2235.96,3217910000,47357770000
2020-09-02,801790.SI,2240.61,2248.46,2207.88,2230.92,4117670000,63079900000
2020-09-03,801790.SI,2229.11,2253.51,2206.50,2213.08,3772360000,59511400000
2020-09-04,801790.SI,2177.30,2197.43,2177.30,2192.39,2995710000,44583000000
2020-09-07,801790.SI,2187.91,2202.27,2146.55,2146.55,3848830000,58137120000
2020-09-08,801790.SI,2159.49,2209.61,2155.89,2199.35,3735300000,58827240000
2020-09-09,801790.SI,2169.64,2189.06,2155.35,2160.20,3781320000,52598270000
2020-09-10,801790.SI,2179.11,2179.61,2134.43,2134.43,3504790000,50028310000
2020-09-11,801790.SI,2127.65,2148.24,2123.92,2143.97,2627250000,38018430000
2020-09-14,801790.SI,2152.67,2162.20,2143.49,2156.45,2328520000,35816500000
2020-09-15,801790.SI,2154.19,2175.77,2147.33,2170.84,2029320000,34964400000
2020-09-16,801790.SI,2163.73,2181.11,2149.72,2155.21,2285710000,34743560000
2020-09-17,801790.SI,2152.78,2167.65,2135.06,2146.14,2439590000,38810840000
2020-09-18,801790.SI,2150.32,2265.03,2150.32,2259.31,5487060000,92309150000
2020-09-21,801790.SI,2296.34,2298.88,2235.29,2235.29,4983300000,77076240000
2020-09-22,801790.SI,2209.00,2269.77,2209.00,2216.14,5420230000,71089480000
2020-09-23,801790.SI,2220.54,2222.78,2195.51,2197.90,3328170000,43477560000
2020-09-24,801790.SI,2185.75,2204.66,2168.52,2168.52,3229160000,44274280000
2020-09-25,801790.SI,2180.86,2205.31,2170.77,2194.01,3579350000,47913640000
2020-09-28,801790.SI,2186.20,2207.19,2185.93,2193.27,2499730000,33547660000
2020-09-29,801790.SI,2205.58,2208.43,2187.75,2187.75,2562970000,37776170000
2020-09-30,801790.SI,2193.32,2197.89,2153.43,2164.60,2598580000,36869360000
2020-10-09,801790.SI,2194.78,2210.39,2192.95,2202.79,2611840000,39327130000
2020-10-12,801790.SI,2217.57,2292.73,2217.03,2287.05,4952500000,73342780000
2020-10-13,801790.SI,2267.67,2276.10,2247.39,2272.08,4034880000,57629840000
2020-10-14,801790.SI,2268.76,2269.33,2244.72,2253.77,2681590000,39134460000
2020-10-15,801790.SI,2256.67,2291.20,2254.18,2254.18,2721980000,40438660000
2020-10-16,801790.SI,2258.27,2282.57,2255.44,2268.70,2427440000,39109310000
2020-10-19,801790.SI,2287.70,2316.95,2254.04,2254.04,3187010000,51682720000
2020-10-20,801790.SI,2246.72,2251.10,2228.04,2250.38,2214560000,36016780000
2020-10-21,801790.SI,2252.86,2262.52,2239.72,2256.66,1941550000,32308000000
2020-10-22,801790.SI,2244.66,2273.71,2224.77,2257.95,2675230000,42754710000
2020-10-23,801790.SI,2252.88,2292.74,2245.01,2245.01,2549190000,44062010000
2020-10-26,801790.SI,2236.27,2236.27,2179.57,2189.30,2972300000,47785210000
2020-10-27,801790.SI,2179.91,2193.36,2171.31,2181.47,1895770000,31120690000
2020-10-28,801790.SI,2173.75,2183.31,2151.64,2173.64,2047710000,34250600000
2020-10-29,801790.SI,2142.15,2195.89,2139.51,2173.80,2554910000,41503660000
2020-10-30,801790.SI,2169.47,2181.60,2115.57,2115.95,2978990000,43898740000
2020-11-02,801790.SI,2122.16,2145.22,2081.68,2097.37,2937960000,45209170000
2020-11-03,801790.SI,2106.72,2162.95,2106.71,2151.18,3035470000,44918420000
2020-11-04,801790.SI,2142.99,2155.12,2125.35,2140.76,2253690000,33827030000
2020-11-05,801790.SI,2170.18,2185.17,2158.08,2172.39,2788460000,44266000000
2020-11-06,801790.SI,2174.73,2192.72,2160.72,2177.03,3257750000,50287010000
2020-11-09,801790.SI,2200.49,2266.92,2196.61,2248.85,5434980000,86006240000
2020-11-10,801790.SI,2265.52,2269.32,2222.68,2229.55,3886430000,67477210000
2020-11-11,801790.SI,2224.30,2233.93,2203.78,2204.96,2823970000,49418900000
2020-11-12,801790.SI,2207.81,2211.78,2177.55,2184.11,2118560000,34883850000
2020-11-13,801790.SI,2165.90,2165.90,2136.03,2148.85,2152700000,38431440000
2020-11-16,801790.SI,2163.13,2188.17,2158.44,2186.08,2109620000,36865750000
2020-11-17,801790.SI,2184.37,2196.82,2175.13,2196.14,2171020000,39153990000
2020-11-18,801790.SI,2199.61,2235.62,2199.61,2217.84,2834870000,50326580000
2020-11-19,801790.SI,2203.44,2229.00,2191.78,2225.65,2821720000,45794660000
2020-11-20,801790.SI,2219.67,2223.05,2203.98,2216.49,2134820000,34701350000
2020-11-23,801790.SI,2213.45,2280.80,2210.63,2259.08,4842160000,76107350000
2020-11-24,801790.SI,2254.81,2264.88,2231.11,2234.43,2906150000,47599680000
2020-11-25,801790.SI,2255.28,2281.86,2238.21,2238.21,3075450000,56549770000
2020-11-26,801790.SI,2234.61,2267.30,2227.95,2264.19,2453060000,45291530000
2020-11-27,801790.SI,2266.19,2303.05,2258.68,2303.05,3134460000,53297840000
2020-11-30,801790.SI,2321.41,2403.92,2309.34,2309.34,7227440000,125391530000
2020-12-01,801790.SI,2309.49,2401.48,2296.58,2390.91,6786650000,107325290000
2020-12-02,801790.SI,2387.77,2418.08,2368.66,2382.68,6165370000,96172250000
2020-12-03,801790.SI,2376.57,2395.14,2354.84,2375.88,5801480000,78430720000
2020-12-04,801790.SI,2366.98,2366.98,2325.86,2351.47,4296090000,64360690000
2020-12-07,801790.SI,2356.71,2357.72,2306.35,2308.56,3228000000,50119800000
2020-12-08,801790.SI,2305.57,2322.83,2283.01,2289.57,2899380000,48555250000
2020-12-09,801790.SI,2296.04,2312.69,2240.68,2240.68,3978190000,62281720000
2020-12-10,801790.SI,2237.70,2250.61,2218.67,2234.70,3085650000,48239750000
2020-12-11,801790.SI,2241.37,2241.90,2184.40,2202.88,3462100000,55250560000
2020-12-14,801790.SI,2207.72,2222.23,2195.15,2214.84,2101690000,35921500000
2020-12-15,801790.SI,2204.67,2209.59,2182.80,2203.01,2346240000,39135640000
2020-12-16,801790.SI,2207.79,2219.28,2193.63,2196.82,2140600000,34751800000
2020-12-17,801790.SI,2194.12,2255.92,2187.31,2252.81,3713350000,60386410000
2020-12-18,801790.SI,2243.60,2253.92,2215.55,2225.31,2802240000,43686860000
2020-12-21,801790.SI,2213.62,2243.54,2198.34,2231.82,2893400000,46577120000
2020-12-22,801790.SI,2224.28,2230.84,2144.65,2145.02,3760170000,60547400000
2020-12-23,801790.SI,2148.35,2174.05,2139.88,2162.59,2837340000,43585480000
2020-12-24,801790.SI,2164.86,2178.73,2137.34,2144.43,2469910000,36412380000
2020-12-25,801790.SI,2134.10,2154.45,2110.04,2146.75,2973550000,44443540000
2020-12-28,801790.SI,2143.03,2178.46,2138.21,2155.34,3427740000,48447220000
2020-12-29,801790.SI,2162.90,2197.22,2162.90,2169.34,3691000000,50903320000
2020-12-30,801790.SI,2163.49,2197.90,2150.30,2197.90,4144750000,59488980000
2020-12-31,801790.SI,2208.15,2285.20,2208.15,2271.31,6704830000,100872020000
2021-01-04,801790.SI,2285.97,2285.97,2237.51,2264.27,6428630000,97237860000
2021-01-05,801790.SI,2244.95,2263.94,2212.14,2252.44,6549670000,97478750000
2021-01-06,801790.SI,2250.61,2279.10,2236.17,2265.72,4925520000,78345610000
2021-01-07,801790.SI,2266.57,2285.85,2229.19,2285.57,5347420000,81776650000
2021-01-08,801790.SI,2284.07,2297.39,2260.53,2272.44,4415620000,73077160000
2021-01-11,801790.SI,2279.39,2283.21,2219.43,2219.44,4289900000,69675880000
2021-01-12,801790.SI,2210.38,2348.43,2203.53,2348.43,6934720000,120005570000
2021-01-13,801790.SI,2351.73,2359.32,2292.09,2309.10,5726430000,103648020000
2021-01-14,801790.SI,2305.87,2305.87,2252.40,2255.10,4166010000,74741250000
2021-01-15,801790.SI,2257.27,2310.99,2257.27,2273.30,3650040000,69316210000
2021-01-18,801790.SI,2268.67,2309.23,2264.88,2288.65,3406770000,62442800000
2021-01-19,801790.SI,2290.28,2325.91,2275.67,2287.45,3802600000,67723930000
2021-01-20,801790.SI,2292.59,2299.99,2262.65,2268.22,3143830000,61222740000
2021-01-21,801790.SI,2272.99,2313.87,2252.30,2281.45,4249540000,78886630000
2021-01-22,801790.SI,2275.82,2278.05,2232.38,2238.56,4168440000,70718120000
2021-01-25,801790.SI,2238.59,2253.99,2216.95,2242.37,3963750000,67520060000
2021-01-26,801790.SI,2227.57,2237.77,2170.66,2171.74,3622120000,63825530000
2021-01-27,801790.SI,2174.09,2193.83,2170.64,2175.22,2360700000,40586250000
2021-01-28,801790.SI,2153.22,2165.94,2139.77,2146.78,2887980000,50117300000
2021-01-29,801790.SI,2153.14,2156.90,2087.24,2112.21,3155290000,57326010000
2021-02-01,801790.SI,2117.14,2126.18,2097.07,2107.89,3009910000,43296960000
2021-02-02,801790.SI,2108.79,2108.79,2085.43,2102.52,2916780000,47475100000
2021-02-03,801790.SI,2094.00,2094.12,2064.14,2070.89,2648700000,45204600000
2021-02-04,801790.SI,2074.90,2092.06,2045.05,2067.69,3018370000,51583750000
2021-02-05,801790.SI,2074.27,2084.63,2060.74,2063.48,2440480000,39582420000
2021-02-08,801790.SI,2065.89,2075.14,2044.59,2053.96,2371000000,39969210000
2021-02-09,801790.SI,2054.21,2089.21,2027.68,2086.90,3015890000,51600800000
2021-02-10,801790.SI,2083.03,2108.54,2074.73,2099.26,2428310000,43002070000
2021-02-18,801790.SI,2148.35,2166.94,2132.96,2138.94,3116450000,56416180000
2021-02-19,801790.SI,2128.95,2184.24,2122.76,2183.94,3315900000,55132040000
2021-02-22,801790.SI,2188.01,2200.02,2139.13,2139.13,4416450000,69494500000
2021-02-23,801790.SI,2130.05,2172.21,2130.05,2149.43,2757820000,45382760000
2021-02-24,801790.SI,2143.03,2169.95,2113.35,2134.36,2819440000,47653690000
2021-02-25,801790.SI,2148.53,2194.44,2131.30,2171.33,3229160000,58142930000
2021-02-26,801790.SI,2133.46,2154.16,2125.11,2125.11,2833970000,48646830000
2021-03-01,801790.SI,2129.74,2129.74,2094.35,2113.66,2721600000,44340810000
2021-03-02,801790.SI,2115.89,2119.07,2079.00,2087.96,2534850000,40049720000
2021-03-03,801790.SI,2083.03,2145.04,2083.03,2144.79,2608820000,44189110000
2021-03-04,801790.SI,2127.41,2144.48,2110.14,2114.60,2627490000,44806620000
2021-03-05,801790.SI,2097.17,2133.47,2094.05,2118.14,3624390000,54207250000
2021-03-08,801790.SI,2135.33,2161.92,2096.16,2096.16,3338120000,52973810000
2021-03-09,801790.SI,2098.62,2110.30,2052.20,2055.32,3311260000,50617900000
2021-03-10,801790.SI,2069.91,2069.91,2035.41,2037.03,2354940000,34582740000
2021-03-11,801790.SI,2045.33,2084.46,2045.32,2084.46,2317160000,37108890000
2021-03-12,801790.SI,2083.84,2086.51,2055.08,2076.36,3043800000,43265560000
2021-03-15,801790.SI,2062.26,2062.34,2035.76,2048.48,2181630000,32156590000
2021-03-16,801790.SI,2054.74,2060.27,2037.39,2059.12,1887420000,28899300000
2021-03-17,801790.SI,2052.67,2052.67,2026.75,2033.51,2115260000,35456460000
2021-03-18,801790.SI,2032.85,2039.24,2018.95,2022.39,2108360000,35242130000
2021-03-19,801790.SI,2010.02,2010.04,1986.69,1991.65,2275690000,36896200000
2021-03-22,801790.SI,1999.34,2021.88,1994.52,2011.84,2543450000,36450610000
2021-03-23,801790.SI,2010.87,2027.88,1993.10,2020.66,2918620000,39891230000
2021-03-24,801790.SI,2011.40,2046.45,2011.04,2014.43,4017710000,53062410000
2021-03-25,801790.SI,2004.10,2023.35,2003.54,2005.99,2679410000,35403100000
2021-03-26,801790.SI,2011.01,2029.45,2011.01,2022.61,2282390000,34139260000
2021-03-29,801790.SI,2020.29,2027.60,2009.45,2013.17,2084600000,31358880000
2021-03-30,801790.SI,2010.64,2015.07,2002.61,2011.89,2049910000,28138460000
2021-03-31,801790.SI,2009.37,2009.37,1986.82,1987.47,2436090000,30634080000
2021-04-01,801790.SI,1991.29,2004.92,1987.22,2003.71,2011410000,26495150000
2021-04-02,801790.SI,2007.08,2008.22,1995.45,2001.90,2094340000,31325800000
2021-04-06,801790.SI,2009.11,2012.09,1999.54,2001.55,1694330000,24779640000
2021-04-07,801790.SI,2000.67,2000.67,1983.71,1989.52,2298130000,29941610000
2021-04-08,801790.SI,1983.94,2012.71,1981.75,1996.92,3477930000,37651340000
2021-04-09,801790.SI,1991.25,1991.25,1965.99,1968.89,2399910000,29687690000
2021-04-12,801790.SI,1966.40,1970.33,1939.74,1943.77,2552750000,30792550000
2021-04-13,801790.SI,1946.25,1951.50,1928.69,1934.39,2184730000,27477990000
2021-04-14,801790.SI,1937.12,1955.42,1937.12,1953.06,1837570000,24780410000
2021-04-15,801790.SI,1937.30,1937.30,1918.00,1928.09,1992900000,27386050000
2021-04-16,801790.SI,1928.78,1944.68,1921.05,1940.31,1989740000,25529770000
2021-04-19,801790.SI,1934.96,1975.55,1928.45,1974.18,3103230000,42100670000
2021-04-20,801790.SI,1966.63,1977.16,1956.95,1959.04,2340800000,31915560000
2021-04-21,801790.SI,1948.65,1961.91,1947.34,1952.17,1723680000,23038710000
2021-04-22,801790.SI,1955.96,1956.66,1944.31,1946.26,2000990000,28161820000
2021-04-23,801790.SI,1942.13,1960.01,1936.54,1944.70,1940160000,31687510000
2021-04-26,801790.SI,1943.10,1946.52,1905.04,1906.23,2572200000,39798810000
2021-04-27,801790.SI,1899.79,1907.19,1881.15,1903.93,2608200000,35863260000
2021-04-28,801790.SI,1898.82,1914.02,1896.37,1907.04,1968100000,28697320000
2021-04-29,801790.SI,1904.85,1953.23,1903.33,1943.88,3273180000,44949380000
2021-04-30,801790.SI,1940.73,1941.44,1911.31,1917.89,2846810000,37126600000
2021-05-06,801790.SI,1915.74,1926.07,1887.81,1890.19,2791930000,38893510000
2021-05-07,801790.SI,1890.48,1892.48,1865.71,1866.10,2470100000,31691540000
2021-05-10,801790.SI,1865.24,1866.35,1845.05,1860.07,2306040000,28078390000
2021-05-11,801790.SI,1848.97,1885.23,1843.25,1877.56,2428320000,30178180000
2021-05-12,801790.SI,1866.58,1877.71,1859.89,1872.84,1752480000,22151380000
2021-05-13,801790.SI,1858.89,1874.08,1854.49,1859.46,1640210000,21616500000
2021-05-14,801790.SI,1867.83,1973.78,1867.83,1968.45,5896700000,79795470000
2021-05-17,801790.SI,1944.59,1958.71,1931.65,1941.70,4147560000,58676490000
2021-05-18,801790.SI,1942.07,1965.76,1940.16,1950.81,3199970000,40391290000
2021-05-19,801790.SI,1944.64,1961.06,1937.26,1941.03,2797300000,37290510000
2021-05-20,801790.SI,1941.27,1981.90,1940.24,1966.24,3995830000,49996110000
2021-05-21,801790.SI,1969.24,1969.24,1934.73,1936.25,2906640000,38793250000
2021-05-24,801790.SI,1944.10,1975.38,1944.10,1959.38,3761620000,51124170000
2021-05-25,801790.SI,1959.63,2046.80,1959.63,2040.30,6567980000,95235890000
2021-05-26,801790.SI,2054.96,2065.78,2034.63,2037.90,6447990000,85335840000
2021-05-27,801790.SI,2032.32,2055.65,2022.15,2042.60,4605420000,60687700000
2021-05-28,801790.SI,2040.27,2084.74,2034.10,2060.92,5816740000,74060240000
2021-05-31,801790.SI,2054.43,2054.43,2030.98,2050.09,4525950000,58423720000
2021-06-01,801790.SI,2038.47,2038.47,2009.18,2022.33,4197110000,54829260000
2021-06-02,801790.SI,2024.90,2030.37,1992.54,1997.65,3752400000,48495770000
2021-06-03,801790.SI,1998.26,2022.26,1992.08,1992.08,3559400000,47669450000
2021-06-04,801790.SI,1983.32,2031.51,1983.32,2006.29,4744610000,60343790000
2021-06-07,801790.SI,2003.45,2022.81,1997.43,2009.41,3316400000,44243000000
2021-06-08,801790.SI,2004.84,2033.69,2001.87,2013.99,3542370000,47582720000
2021-06-09,801790.SI,2014.76,2014.76,1994.66,1999.95,2887790000,40088370000
2021-06-10,801790.SI,1997.08,2022.15,1996.68,1998.22,3208870000,45369360000
2021-06-11,801790.SI,1999.44,2002.63,1968.72,1971.51,3894410000,54326280000
2021-06-15,801790.SI,1965.29,1966.30,1928.85,1930.23,2858920000,42037590000
2021-06-16,801790.SI,1926.46,1937.34,1912.78,1920.28,2950360000,42402620000
2021-06-17,801790.SI,1919.07,1933.21,1911.64,1916.20,2570620000,36899560000
2021-06-18,801790.SI,1912.95,1925.87,1906.10,1918.47,2820610000,42223820000
2021-06-21,801790.SI,1914.07,1923.03,1902.21,1907.61,2621440000,40296000000
2021-06-22,801790.SI,1916.37,1927.86,1902.94,1913.89,2480640000,34779990000
2021-06-23,801790.SI,1913.11,1935.70,1911.83,1928.12,2708540000,39105410000
2021-06-24,801790.SI,1927.93,1950.19,1922.84,1934.09,2792400000,38460650000
2021-06-25,801790.SI,1938.01,1993.88,1934.75,1981.88,5178520000,74286310000
2021-06-28,801790.SI,1983.26,1983.26,1948.85,1955.58,3604060000,50740450000
2021-06-29,801790.SI,1949.72,1953.65,1923.83,1925.80,2645950000,39057890000
2021-06-30,801790.SI,1923.84,1942.59,1917.10,1937.09,2770180000,39799840000
2021-07-01,801790.SI,1955.81,1962.25,1899.76,1905.45,3747720000,53523360000
2021-07-02,801790.SI,1892.16,1892.16,1845.00,1846.73,3029180000,45233830000
2021-07-05,801790.SI,1842.03,1848.36,1828.07,1845.92,2110810000,30280990000
2021-07-06,801790.SI,1851.79,1866.09,1843.87,1864.77,2176500000,31268610000
2021-07-07,801790.SI,1853.89,1870.11,1853.89,1861.19,2013860000,29806490000
2021-07-08,801790.SI,1868.26,1869.71,1837.86,1842.40,2478250000,37855790000
2021-07-09,801790.SI,1833.15,1846.24,1829.08,1839.83,2166610000,31417580000
2021-07-12,801790.SI,1858.18,1872.67,1842.91,1857.39,3484280000,52184680000
2021-07-13,801790.SI,1853.27,1861.97,1844.75,1853.27,2380020000,32608400000
2021-07-14,801790.SI,1850.34,1850.34,1820.24,1821.66,2672960000,38983380000
2021-07-15,801790.SI,1822.31,1863.00,1819.70,1858.85,2897550000,42684190000
2021-07-16,801790.SI,1861.41,1874.51,1844.27,1853.27,2863510000,40653340000
2021-07-19,801790.SI,1846.20,1846.20,1822.20,1845.12,2494360000,32670040000
2021-07-20,801790.SI,1829.38,1844.73,1824.02,1832.08,1846160000,24173840000
2021-07-21,801790.SI,1832.13,1861.95,1832.12,1847.31,2840810000,42473100000
2021-07-22,801790.SI,1844.56,1884.56,1841.79,1876.81,3620560000,51357300000
2021-07-23,801790.SI,1875.56,1914.51,1856.84,1876.05,5336160000,71657710000
2021-07-26,801790.SI,1869.89,1869.89,1803.69,1806.09,4927040000,69789880000
2021-07-27,801790.SI,1810.98,1811.32,1746.81,1748.80,3971050000,54465760000
2021-07-28,801790.SI,1745.73,1760.50,1736.63,1739.32,3191290000,42588490000
2021-07-29,801790.SI,1761.24,1767.05,1743.09,1754.13,3193770000,43478470000
2021-07-30,801790.SI,1744.94,1746.39,1725.87,1732.17,2887250000,35386800000
2021-08-02,801790.SI,1726.20,1808.20,1708.00,1781.46,4339660000,57800260000
2021-08-03,801790.SI,1771.72,1815.12,1768.93,1788.13,4101320000,53725010000
2021-08-04,801790.SI,1785.94,1788.13,1772.18,1781.12,2786200000,37372790000
2021-08-05,801790.SI,1776.12,1802.14,1762.27,1765.45,2726910000,35990080000
2021-08-06,801790.SI,1758.54,1770.97,1754.51,1762.18,2407010000,29069460000
2021-08-09,801790.SI,1752.74,1815.08,1752.73,1801.85,3681170000,49178900000
2021-08-10,801790.SI,1793.17,1825.12,1782.29,1825.06,3656530000,49211090000
2021-08-11,801790.SI,1823.38,1841.25,1812.63,1815.58,3378460000,45020800000
2021-08-12,801790.SI,1812.27,1818.80,1793.35,1796.70,2520500000,33434410000
2021-08-13,801790.SI,1790.19,1806.72,1783.95,1793.91,2384280000,29954240000
2021-08-16,801790.SI,1794.66,1828.87,1794.66,1809.55,3412480000,42558680000
2021-08-17,801790.SI,1802.48,1855.90,1792.41,1793.37,5204030000,65438640000
2021-08-18,801790.SI,1790.79,1894.56,1790.79,1892.73,8329160000,106112400000
2021-08-19,801790.SI,1890.04,1902.11,1845.12,1845.82,7802080000,104637130000
2021-08-20,801790.SI,1832.59,1851.23,1814.79,1833.58,5580540000,69912510000
2021-08-23,801790.SI,1843.33,1854.02,1825.86,1834.25,5136720000,61499810000
2021-08-24,801790.SI,1830.63,1865.19,1818.11,1855.13,5915570000,78862590000
2021-08-25,801790.SI,1842.40,1849.22,1824.79,1832.01,4328490000,55353220000
2021-08-26,801790.SI,1826.59,1830.78,1803.81,1803.81,4250850000,54046520000
2021-08-27,801790.SI,1809.50,1832.94,1808.16,1815.66,3654420000,46988350000
2021-08-30,801790.SI,1821.50,1821.50,1774.45,1783.53,4128570000,53190160000
2021-08-31,801790.SI,1773.31,1814.06,1758.21,1806.30,5132940000,69775800000
2021-09-01,801790.SI,1800.22,1903.75,1798.69,1871.17,8475730000,115077990000
2021-09-02,801790.SI,1860.70,1894.92,1858.78,1891.67,7082830000,93566900000
2021-09-03,801790.SI,1946.06,1946.06,1881.25,1881.63,8742120000,109223290000
2021-09-06,801790.SI,1877.60,1930.25,1877.60,1917.87,7364030000,94076920000
2021-09-07,801790.SI,1909.12,1962.84,1894.03,1956.84,7280730000,96092940000
2021-09-08,801790.SI,1948.45,1996.98,1948.45,1957.24,7509370000,93512140000
2021-09-09,801790.SI,1932.95,1945.46,1923.36,1944.66,5835040000,69321500000
2021-09-10,801790.SI,1948.34,2012.55,1947.34,1960.21,7686930000,97329480000
2021-09-13,801790.SI,1956.00,1984.70,1953.28,1960.86,5143040000,67140150000
2021-09-14,801790.SI,1964.71,1967.21,1901.94,1905.36,5517810000,71499280000
2021-09-15,801790.SI,1904.36,1916.18,1888.59,1901.10,4790170000,54162120000
2021-09-16,801790.SI,1902.11,1908.54,1867.60,1869.24,4661860000,56132710000
2021-09-17,801790.SI,1870.37,1884.47,1860.92,1877.86,3682480000,46192840000
2021-09-22,801790.SI,1843.03,1867.87,1843.03,1858.68,3026540000,38817290000
2021-09-23,801790.SI,1874.09,1900.69,1863.81,1879.21,3876820000,48023350000
2021-09-24,801790.SI,1878.84,1892.13,1857.50,1859.03,3313270000,40587830000
2021-09-27,801790.SI,1855.42,1873.17,1824.16,1832.81,4074130000,53865830000
2021-09-28,801790.SI,1837.14,1867.85,1837.14,1857.39,3054100000,41618600000
2021-09-29,801790.SI,1841.93,1845.14,1814.37,1834.58,3263910000,41207450000
2021-09-30,801790.SI,1838.76,1838.76,1814.33,1824.54,2502400000,33171730000
2021-10-08,801790.SI,1856.77,1880.29,1852.55,1877.15,2901970000,45379160000
2021-10-11,801790.SI,1878.51,1896.69,1873.25,1874.67,2499980000,37066370000
2021-10-12,801790.SI,1861.36,1861.36,1812.44,1831.39,3121450000,44281580000
2021-10-13,801790.SI,1826.94,1838.78,1810.34,1830.40,2039480000,27443010000
2021-10-14,801790.SI,1829.76,1832.54,1814.51,1825.96,1723360000,21768110000
2021-10-15,801790.SI,1815.69,1830.69,1814.08,1820.03,2139420000,28381420000
2021-10-18,801790.SI,1824.04,1825.95,1804.02,1812.40,1875120000,26345880000
2021-10-19,801790.SI,1809.49,1843.70,1809.49,1834.84,2337260000,32352380000
2021-10-20,801790.SI,1840.30,1843.84,1826.02,1829.46,1939780000,27066550000
2021-10-21,801790.SI,1832.50,1875.58,1830.56,1859.73,2738530000,41507240000
2021-10-22,801790.SI,1863.64,1870.49,1849.72,1859.72,2126820000,29588080000
2021-10-25,801790.SI,1852.15,1871.65,1837.12,1868.89,3071670000,40033330000
2021-10-26,801790.SI,1861.62,1871.80,1845.46,1845.46,2391240000,31561270000
2021-10-27,801790.SI,1838.60,1838.60,1804.85,1806.14,2757150000,35266460000
2021-10-28,801790.SI,1793.85,1802.38,1787.64,1792.66,2358970000,31198120000
2021-10-29,801790.SI,1784.30,1795.88,1761.62,1783.94,3200850000,46579930000
2021-11-01,801790.SI,1774.08,1803.55,1773.95,1794.69,2837040000,33990040000
2021-11-02,801790.SI,1790.94,1800.56,1751.52,1766.17,2983890000,37543360000
2021-11-03,801790.SI,1767.01,1782.27,1762.98,1770.11,1875210000,23282600000
2021-11-04,801790.SI,1776.25,1783.77,1766.15,1768.13,1881340000,24022950000
2021-11-05,801790.SI,1763.66,1779.93,1760.84,1766.07,1952980000,23347550000
2021-11-08,801790.SI,1763.76,1789.08,1763.76,1783.22,2066390000,26429750000
2021-11-09,801790.SI,1786.48,1790.58,1774.65,1785.78,2340530000,26928870000
2021-11-10,801790.SI,1779.29,1781.41,1761.86,1778.10,2335180000,29386470000
2021-11-11,801790.SI,1776.26,1836.79,1776.25,1836.01,4050820000,55384690000
2021-11-12,801790.SI,1833.18,1833.18,1813.19,1825.75,2590290000,33236890000
2021-11-15,801790.SI,1829.65,1834.38,1812.80,1818.19,2272530000,27679610000
2021-11-16,801790.SI,1815.97,1824.52,1795.14,1798.21,2451600000,32832220000
2021-11-17,801790.SI,1795.44,1805.84,1792.69,1795.40,1741300000,21679290000
2021-11-18,801790.SI,1791.96,1791.96,1775.34,1775.52,1982220000,23150310000
2021-11-19,801790.SI,1772.47,1810.51,1772.27,1804.95,2963400000,35943490000
2021-11-22,801790.SI,1800.00,1818.19,1797.73,1809.29,2884000000,36552400000
2021-11-23,801790.SI,1807.24,1830.60,1806.72,1812.30,3181930000,40164150000
2021-11-24,801790.SI,1810.87,1819.37,1803.25,1810.45,2318280000,29575900000
2021-11-25,801790.SI,1811.04,1813.24,1800.00,1802.08,2073970000,25600900000
2021-11-26,801790.SI,1798.71,1798.71,1786.80,1786.81,2010840000,25583490000
2021-11-29,801790.SI,1769.64,1780.17,1768.81,1776.52,2187230000,26472030000
2021-11-30,801790.SI,1781.13,1793.22,1770.68,1776.08,2304330000,27246990000
2021-12-01,801790.SI,1773.45,1801.23,1773.45,1798.95,2798620000,33594040000
2021-12-02,801790.SI,1793.12,1816.08,1790.47,1807.44,3069570000,36663370000
2021-12-03,801790.SI,1810.03,1816.17,1793.75,1815.34,2697690000,34449200000
2021-12-06,801790.SI,1826.31,1872.34,1826.31,1833.60,5378400000,72152920000
2021-12-07,801790.SI,1853.05,1853.46,1828.58,1848.24,3654780000,48584530000
2021-12-08,801790.SI,1853.71,1866.61,1837.10,1866.61,3615840000,46308460000
2021-12-09,801790.SI,1863.92,1928.65,1860.27,1901.98,6394190000,82425910000
2021-12-10,801790.SI,1883.63,1892.81,1878.47,1882.65,4609740000,56512180000
2021-12-13,801790.SI,1910.54,1937.01,1889.60,1892.05,5012850000,69328140000
2021-12-14,801790.SI,1881.72,1890.95,1877.97,1881.55,3117550000,41319340000
2021-12-15,801790.SI,1881.45,1902.31,1881.45,1887.09,3027440000,39372070000
2021-12-16,801790.SI,1891.29,1902.90,1881.57,1902.90,2791590000,35258940000
2021-12-17,801790.SI,1900.78,1910.48,1881.64,1881.64,3402300000,43579890000
2021-12-20,801790.SI,1874.62,1887.40,1858.92,1859.31,3086150000,39764850000
2021-12-21,801790.SI,1858.52,1885.93,1858.52,1882.00,3835610000,39305800000
2021-12-22,801790.SI,1881.17,1881.92,1864.12,1865.20,3302440000,32758730000
2021-12-23,801790.SI,1867.14,1873.13,1851.37,1863.70,2831100000,31297800000
2021-12-24,801790.SI,1863.02,1870.50,1849.14,1849.14,2552160000,28895580000
2021-12-27,801790.SI,1854.70,1860.23,1848.72,1853.35,2106640000,23984660000
2021-12-28,801790.SI,1860.10,1871.88,1856.91,1871.61,2415490000,30341370000
2021-12-29,801790.SI,1873.69,1873.69,1852.76,1852.76,2230500000,27990400000
2021-12-30,801790.SI,1852.46,1882.86,1850.42,1871.33,3163590000,39238250000
2021-12-31,801790.SI,1874.30,1883.00,1867.34,1872.80,2894770000,35867830000
2022-01-04,801790.SI,1874.10,1875.66,1854.22,1871.94,2921660000,35746770000
2022-01-05,801790.SI,1872.05,1884.86,1863.25,1867.02,3343610000,45894320000
2022-01-06,801790.SI,1858.75,1861.04,1834.18,1835.62,3291370000,44939280000
2022-01-07,801790.SI,1842.74,1865.01,1842.33,1852.99,3028970000,40417180000
2022-01-10,801790.SI,1853.38,1865.23,1850.27,1854.20,2448580000,31219690000
2022-01-11,801790.SI,1852.84,1872.13,1848.26,1851.86,2770450000,33043960000
2022-01-12,801790.SI,1851.39,1857.77,1839.00,1853.81,2237430000,28441680000
2022-01-13,801790.SI,1860.71,1872.98,1841.19,1841.19,2648320000,34966240000
2022-01-14,801790.SI,1827.86,1828.66,1795.90,1796.62,3358930000,42484730000
2022-01-17,801790.SI,1793.47,1815.01,1793.47,1806.50,2319600000,31624220000
2022-01-18,801790.SI,1806.45,1824.89,1800.64,1814.19,2813840000,35605480000
2022-01-19,801790.SI,1817.30,1835.63,1813.19,1820.77,2638270000,32843080000
2022-01-20,801790.SI,1820.05,1865.59,1820.05,1857.90,4140020000,55216780000
2022-01-21,801790.SI,1854.20,1858.07,1840.78,1844.72,2816710000,36038400000
2022-01-24,801790.SI,1838.16,1842.91,1827.46,1830.68,2339050000,28704390000
2022-01-25,801790.SI,1819.82,1822.58,1777.11,1777.12,2708510000,33051660000
2022-01-26,801790.SI,1785.59,1808.61,1777.99,1804.66,2533040000,31238880000
2022-01-27,801790.SI,1798.50,1798.50,1765.18,1765.40,2776720000,36476760000
2022-01-28,801790.SI,1777.32,1789.52,1746.83,1747.62,2641560000,34906490000
2022-02-07,801790.SI,1779.73,1794.58,1766.19,1785.63,2294320000,31239970000
2022-02-08,801790.SI,1782.48,1815.51,1779.88,1815.51,2982760000,35617970000
2022-02-09,801790.SI,1815.32,1826.99,1810.81,1820.05,2477100000,31843140000
2022-02-10,801790.SI,1820.52,1831.92,1814.55,1830.21,2340790000,31250590000
2022-02-11,801790.SI,1827.25,1868.81,1827.25,1845.50,3213490000,46804710000
2022-02-14,801790.SI,1828.68,1829.89,1762.14,1769.87,3534580000,52698650000
2022-02-15,801790.SI,1761.55,1769.33,1755.17,1765.69,1996140000,28982130000
2022-02-16,801790.SI,1774.40,1784.25,1768.52,1772.46,1801380000,24973990000
2022-02-17,801790.SI,1770.82,1781.59,1758.61,1761.06,2024430000,24538150000
2022-02-18,801790.SI,1753.25,1772.99,1753.25,1772.99,1882670000,23645220000
2022-02-21,801790.SI,1770.79,1771.79,1756.67,1766.27,2237460000,30577860000
2022-02-22,801790.SI,1749.78,1750.83,1726.64,1733.09,2443780000,32422440000
2022-02-23,801790.SI,1735.80,1748.86,1730.56,1748.86,2371620000,30781900000
2022-02-24,801790.SI,1733.37,1737.11,1685.47,1699.46,3666360000,44136130000
2022-02-25,801790.SI,1711.93,1722.28,1697.94,1701.64,2290890000,28657670000
2022-02-28,801790.SI,1698.47,1702.45,1682.65,1695.50,2301020000,27788540000
2022-03-01,801790.SI,1700.23,1713.22,1696.01,1712.54,2396680000,30028890000
2022-03-02,801790.SI,1699.35,1706.17,1697.36,1701.36,1927150000,21252450000
2022-03-03,801790.SI,1705.02,1712.47,1696.68,1702.46,2140720000,22769520000
2022-03-04,801790.SI,1690.45,1690.45,1672.64,1677.06,2193850000,26723770000
2022-03-07,801790.SI,1667.42,1667.42,1630.86,1636.17,2411680000,31415070000
2022-03-08,801790.SI,1635.33,1643.57,1597.18,1598.11,2772680000,33730250000
2022-03-09,801790.SI,1603.66,1603.66,1512.74,1559.72,3525370000,40260960000
2022-03-10,801790.SI,1592.26,1592.26,1560.21,1560.21,2482070000,30628000000
2022-03-11,801790.SI,1536.93,1588.53,1515.90,1583.51,3452500000,40903180000
2022-03-14,801790.SI,1555.05,1580.49,1551.72,1551.72,2670660000,31251650000
2022-03-15,801790.SI,1535.97,1552.38,1482.09,1482.09,3844020000,46347160000
2022-03-16,801790.SI,1501.07,1574.56,1480.42,1564.67,5011690000,59607580000
2022-03-17,801790.SI,1589.80,1606.57,1567.23,1575.81,4647110000,60089010000
2022-03-18,801790.SI,1569.75,1614.81,1567.65,1610.11,3414700000,44740790000
2022-03-21,801790.SI,1602.05,1602.05,1573.12,1582.44,2902240000,36476750000
2022-03-22,801790.SI,1571.73,1604.15,1571.73,1592.00,2660300000,29612400000
2022-03-23,801790.SI,1591.09,1596.12,1583.03,1591.59,2171050000,24549690000
2022-03-24,801790.SI,1580.67,1594.34,1574.05,1581.68,2097040000,24666320000
2022-03-25,801790.SI,1579.72,1592.68,1562.59,1562.59,2055700000,23937520000
2022-03-28,801790.SI,1545.54,1576.87,1542.01,1566.95,2013120000,22636070000
2022-03-29,801790.SI,1569.52,1572.74,1547.84,1549.92,1679950000,17879610000
2022-03-30,801790.SI,1561.62,1607.53,1561.62,1606.49,3417140000,40766380000
2022-03-31,801790.SI,1595.57,1609.89,1594.37,1594.37,2567100000,28933790000
2022-04-01,801790.SI,1586.61,1620.00,1586.29,1618.22,3280990000,36664970000
2022-04-06,801790.SI,1610.38,1629.00,1610.38,1625.13,3123820000,32542910000
2022-04-07,801790.SI,1617.27,1630.00,1591.00,1591.00,2823750000,30944910000
2022-04-08,801790.SI,1591.94,1616.23,1581.73,1614.13,2752020000,30693190000
2022-04-11,801790.SI,1604.48,1604.48,1559.87,1563.23,2820580000,32317830000
2022-04-12,801790.SI,1562.82,1619.17,1558.85,1607.80,3683560000,41128840000
2022-04-13,801790.SI,1594.87,1610.35,1586.74,1587.32,3067560000,34952870000
2022-04-14,801790.SI,1602.28,1620.75,1594.63,1608.90,3157160000,37900250000
2022-04-15,801790.SI,1598.71,1618.99,1596.19,1602.43,2959550000,33071810000
2022-04-18,801790.SI,1581.19,1581.19,1550.89,1561.59,2862560000,31148840000
2022-04-19,801790.SI,1558.41,1565.26,1542.60,1548.59,2174110000,23302770000
2022-04-20,801790.SI,1549.14,1552.58,1521.91,1523.66,2373720000,25712940000
2022-04-21,801790.SI,1517.48,1550.98,1517.14,1522.16,3048660000,31661500000
2022-04-22,801790.SI,1513.52,1539.65,1513.52,1527.45,2761900000,28584260000
2022-04-25,801790.SI,1490.03,1516.74,1470.53,1471.84,4067310000,41010170000
2022-04-26,801790.SI,1470.74,1473.78,1412.64,1416.05,4241260000,41570480000
2022-04-27,801790.SI,1398.69,1438.05,1398.69,1435.47,3928530000,36641430000
2022-04-28,801790.SI,1421.68,1426.25,1397.87,1410.72,3030320000,28295400000
2022-04-29,801790.SI,1437.36,1474.12,1421.09,1467.40,4323420000,43440770000
2022-05-05,801790.SI,1450.35,1465.14,1449.79,1456.41,3102990000,28586050000
2022-05-06,801790.SI,1432.38,1437.20,1419.12,1420.71,2554370000,23412510000
2022-05-09,801790.SI,1415.01,1430.15,1415.01,1426.99,1712530000,15601320000
2022-05-10,801790.SI,1411.42,1448.26,1410.77,1441.92,2585350000,24336260000
2022-05-11,801790.SI,1441.82,1472.90,1439.25,1449.16,3441070000,35587210000
2022-05-12,801790.SI,1439.23,1458.75,1435.00,1444.67,2163970000,21819780000
2022-05-13,801790.SI,1451.73,1459.26,1440.76,1452.14,1979380000,19416270000
2022-05-16,801790.SI,1462.35,1462.35,1435.11,1437.95,1998020000,19694260000
2022-05-17,801790.SI,1439.12,1447.97,1431.19,1446.93,1760180000,17659510000
2022-05-18,801790.SI,1451.39,1455.39,1442.83,1447.17,2252720000,22752300000
2022-05-19,801790.SI,1429.54,1441.18,1426.70,1440.91,1993070000,18951240000
2022-05-20,801790.SI,1447.05,1469.77,1447.05,1469.77,2908690000,31608080000
2022-05-23,801790.SI,1466.62,1472.97,1456.55,1470.43,2442490000,22754160000
2022-05-24,801790.SI,1468.63,1475.85,1432.27,1432.27,2758450000,25248000000
2022-05-25,801790.SI,1432.24,1440.70,1431.63,1439.91,1740330000,15989810000
2022-05-26,801790.SI,1441.47,1465.16,1429.94,1455.95,2701950000,25481490000
2022-05-27,801790.SI,1461.71,1469.59,1448.60,1455.17,2412670000,22215390000
2022-05-30,801790.SI,1459.18,1462.81,1449.88,1454.61,1846660000,18044710000
2022-05-31,801790.SI,1455.12,1475.39,1450.99,1470.06,2513530000,26921950000
2022-06-01,801790.SI,1469.15,1476.08,1457.86,1465.69,1989400000,20699010000
2022-06-02,801790.SI,1458.05,1472.46,1451.30,1471.80,2209770000,21351300000
2022-06-06,801790.SI,1468.92,1497.10,1462.06,1497.10,3354110000,36170590000
2022-06-07,801790.SI,1494.29,1515.52,1493.36,1497.52,3292100000,36340410000
2022-06-08,801790.SI,1500.23,1521.84,1494.81,1516.48,3752940000,38603950000
2022-06-09,801790.SI,1521.07,1545.06,1512.64,1517.41,4515050000,46005810000
2022-06-10,801790.SI,1506.58,1552.46,1502.51,1549.21,5313710000,53616330000
2022-06-13,801790.SI,1528.48,1540.49,1514.70,1526.22,4280470000,45325250000
2022-06-14,801790.SI,1508.30,1593.69,1497.00,1587.97,6287030000,66654860000
2022-06-15,801790.SI,1598.13,1703.06,1598.13,1652.62,11302540000,128540440000
2022-06-16,801790.SI,1649.19,1649.19,1592.87,1592.87,8153330000,92070390000
2022-06-17,801790.SI,1577.12,1612.82,1565.73,1595.54,5704830000,63385840000
2022-06-20,801790.SI,1580.39,1593.88,1568.80,1575.20,3770110000,42194730000
2022-06-21,801790.SI,1577.89,1594.59,1569.48,1582.80,3509160000,40432140000
2022-06-22,801790.SI,1580.95,1585.79,1555.23,1555.23,3546020000,38937860000
2022-06-23,801790.SI,1554.87,1611.19,1554.87,1602.42,4752290000,55742930000
2022-06-24,801790.SI,1605.95,1615.66,1595.83,1606.32,3766590000,46807890000
2022-06-27,801790.SI,1616.26,1624.53,1604.04,1608.27,3326760000,41643690000
2022-06-28,801790.SI,1606.08,1626.67,1589.29,1618.46,3416720000,39020640000
2022-06-29,801790.SI,1610.23,1628.06,1590.94,1592.11,3932950000,43805220000
2022-06-30,801790.SI,1594.79,1617.99,1594.79,1602.29,3204740000,36485130000
2022-07-01,801790.SI,1603.10,1607.42,1581.72,1585.44,2536410000,27860450000
2022-07-04,801790.SI,1582.69,1591.55,1569.75,1591.55,2397190000,28124450000
2022-07-05,801790.SI,1592.50,1607.32,1567.80,1579.29,2581270000,30391090000
2022-07-06,801790.SI,1576.51,1576.51,1555.15,1559.97,2416990000,28182610000
2022-07-07,801790.SI,1555.53,1565.96,1551.27,1552.26,1792840000,20202180000
2022-07-08,801790.SI,1559.04,1567.56,1544.44,1544.67,1968830000,24736450000
2022-07-11,801790.SI,1538.75,1539.21,1525.03,1528.39,1825590000,20703110000
2022-07-12,801790.SI,1531.79,1548.25,1525.18,1531.64,2422540000,25768210000
2022-07-13,801790.SI,1528.47,1536.95,1521.67,1525.58,1967120000,20910780000
2022-07-14,801790.SI,1521.58,1521.58,1503.45,1505.38,2374290000,25703990000
2022-07-15,801790.SI,1499.54,1507.09,1466.22,1466.22,2788180000,28359930000
2022-07-18,801790.SI,1472.33,1505.20,1472.33,1499.20,2163700000,22752540000
2022-07-19,801790.SI,1499.38,1510.84,1490.34,1506.44,1813530000,19329690000
2022-07-20,801790.SI,1512.30,1514.59,1503.85,1506.76,1574960000,15970080000
2022-07-21,801790.SI,1501.99,1503.38,1489.77,1489.77,1635480000,17191400000
2022-07-22,801790.SI,1493.13,1508.23,1484.41,1495.41,1805810000,18728860000
2022-07-25,801790.SI,1494.35,1494.35,1479.10,1481.17,1429250000,15280280000
2022-07-26,801790.SI,1482.94,1496.16,1482.50,1490.11,1250640000,13098830000
2022-07-27,801790.SI,1485.83,1487.93,1481.24,1482.97,1302450000,13601050000
2022-07-28,801790.SI,1489.00,1505.48,1488.80,1489.13,2018460000,22004890000
2022-07-29,801790.SI,1489.32,1498.45,1470.38,1471.97,1726960000,18721990000
2022-08-01,801790.SI,1468.99,1468.99,1451.67,1458.93,1670970000,18124330000
2022-08-02,801790.SI,1444.97,1444.97,1403.79,1418.17,2849460000,27551720000
2022-08-03,801790.SI,1417.61,1432.77,1407.28,1407.28,1823550000,18557860000
2022-08-04,801790.SI,1416.57,1425.89,1411.82,1419.91,1539520000,15337980000
2022-08-05,801790.SI,1422.44,1447.85,1416.97,1447.31,2108330000,21007620000
2022-08-08,801790.SI,1439.29,1446.31,1439.29,1443.78,1506250000,14940130000
2022-08-09,801790.SI,1442.46,1446.11,1435.69,1437.23,1319920000,13567900000
2022-08-10,801790.SI,1435.35,1446.65,1425.23,1428.74,1426540000,15397790000
2022-08-11,801790.SI,1438.23,1494.40,1436.47,1493.39,4640910000,49597860000
2022-08-12,801790.SI,1482.49,1503.17,1480.64,1495.38,3967270000,37730160000
2022-08-15,801790.SI,1485.61,1497.94,1479.68,1482.55,2879130000,26621250000
2022-08-16,801790.SI,1487.90,1491.52,1477.42,1480.62,2215810000,20110970000
2022-08-17,801790.SI,1482.28,1508.34,1473.82,1503.52,3522790000,35471490000
2022-08-18,801790.SI,1496.53,1498.12,1487.05,1489.23,2464530000,23490980000
2022-08-19,801790.SI,1488.10,1499.74,1485.63,1485.63,2260920000,21940990000
2022-08-22,801790.SI,1480.17,1490.16,1479.85,1481.81,1960370000,18720670000
2022-08-23,801790.SI,1480.54,1499.84,1473.37,1483.89,2737170000,26261010000
2022-08-24,801790.SI,1487.46,1514.29,1476.00,1476.72,3948980000,40979400000
2022-08-25,801790.SI,1482.78,1513.89,1480.90,1509.85,3807070000,38067040000
2022-08-26,801790.SI,1506.75,1508.11,1493.29,1495.67,2988270000,27859640000
2022-08-29,801790.SI,1481.37,1490.69,1478.35,1489.43,2459880000,22251480000
2022-08-30,801790.SI,1488.31,1499.48,1477.84,1489.34,2733050000,24715440000
2022-08-31,801790.SI,1482.91,1518.40,1482.91,1504.68,3561690000,35771300000
2022-09-01,801790.SI,1497.67,1507.57,1489.54,1489.63,2505850000,23430000000
2022-09-02,801790.SI,1493.47,1502.88,1478.44,1487.40,2287290000,21270740000
2022-09-05,801790.SI,1482.38,1497.14,1477.60,1497.14,2168960000,19494160000
2022-09-06,801790.SI,1501.07,1511.30,1498.61,1510.70,2489530000,24826150000
2022-09-07,801790.SI,1504.10,1504.10,1494.18,1499.99,1937070000,18133190000
2022-09-08,801790.SI,1504.29,1511.44,1498.64,1498.85,1763310000,17681480000
2022-09-09,801790.SI,1501.19,1530.81,1500.63,1525.21,3081610000,32306180000
2022-09-13,801790.SI,1528.80,1542.24,1521.37,1527.44,2729510000,26767010000
2022-09-14,801790.SI,1507.01,1516.79,1502.78,1509.09,2519350000,23722110000
2022-09-15,801790.SI,1512.92,1527.05,1500.86,1509.23,2727420000,27043020000
2022-09-16,801790.SI,1502.95,1502.95,1433.02,1435.82,4391690000,47729950000
2022-09-19,801790.SI,1431.53,1436.92,1416.66,1422.82,2232550000,22324420000
2022-09-20,801790.SI,1429.37,1433.00,1412.67,1417.13,1686430000,16615430000
2022-09-21,801790.SI,1411.26,1423.40,1399.32,1416.58,1946520000,18767200000
2022-09-22,801790.SI,1403.79,1416.11,1403.79,1407.91,1671330000,16525780000
2022-09-23,801790.SI,1405.83,1424.96,1405.23,1411.95,1966810000,18406720000
2022-09-26,801790.SI,1401.67,1407.47,1383.11,1383.56,1987970000,18128920000
2022-09-27,801790.SI,1387.14,1394.97,1381.64,1394.87,1518560000,14487990000
2022-09-28,801790.SI,1389.30,1392.77,1371.92,1371.96,1730820000,16714630000
2022-09-29,801790.SI,1382.01,1384.32,1349.25,1354.41,1868780000,17175260000
2022-09-30,801790.SI,1355.08,1368.46,1355.08,1355.27,1504700000,13931230000
2022-10-10,801790.SI,1354.03,1365.80,1342.43,1343.24,1638610000,14801320000
2022-10-11,801790.SI,1348.56,1361.86,1339.35,1347.84,1721730000,14789710000
2022-10-12,801790.SI,1346.89,1379.58,1342.30,1379.06,2138000000,18770950000
2022-10-13,801790.SI,1371.55,1377.86,1365.50,1371.42,1752320000,16067140000
2022-10-14,801790.SI,1382.59,1399.02,1382.44,1389.23,2148600000,20889800000
2022-10-17,801790.SI,1382.31,1399.50,1381.56,1396.80,1787690000,16224100000
2022-10-18,801790.SI,1403.98,1403.98,1386.56,1388.45,1697970000,16027610000
2022-10-19,801790.SI,1386.71,1391.84,1372.69,1372.69,1573530000,15226840000
2022-10-20,801790.SI,1362.83,1386.21,1360.87,1367.16,2005980000,18753030000
2022-10-21,801790.SI,1390.35,1391.77,1363.89,1365.34,2623300000,24322490000
2022-10-24,801790.SI,1368.83,1389.16,1326.67,1328.01,3145800000,30129680000
2022-10-25,801790.SI,1324.71,1332.01,1298.86,1308.61,2715000000,26757210000
2022-10-26,801790.SI,1308.59,1333.53,1308.59,1316.82,2564670000,23778230000
2022-10-27,801790.SI,1318.17,1336.72,1317.00,1322.28,2223580000,21146180000
2022-10-28,801790.SI,1315.63,1322.02,1287.30,1289.12,2489330000,22950910000
2022-10-31,801790.SI,1281.27,1304.26,1278.70,1289.85,2313160000,21059160000
2022-11-01,801790.SI,1294.17,1333.13,1294.17,1333.13,2777530000,26705880000
2022-11-02,801790.SI,1325.64,1340.30,1322.55,1334.77,2420860000,23208670000
2022-11-03,801790.SI,1325.84,1328.40,1317.44,1324.58,1747710000,16081640000
2022-11-04,801790.SI,1323.66,1374.55,1323.66,1366.45,3389080000,34071770000
2022-11-07,801790.SI,1356.43,1379.20,1356.24,1371.19,2457850000,22823590000
2022-11-08,801790.SI,1371.17,1374.86,1359.13,1366.96,1704580000,15554330000
2022-11-09,801790.SI,1367.08,1370.34,1357.25,1357.43,1510100000,13781720000
2022-11-10,801790.SI,1348.94,1369.51,1348.03,1365.44,2052820000,18908190000
2022-11-11,801790.SI,1400.98,1425.58,1387.40,1407.98,4546660000,46830430000
2022-11-14,801790.SI,1424.00,1449.20,1423.93,1426.03,4171610000,44296120000
2022-11-15,801790.SI,1421.76,1485.49,1421.76,1469.15,5581770000,56155380000
2022-11-16,801790.SI,1464.79,1468.53,1446.99,1447.90,3547090000,35421000000
2022-11-17,801790.SI,1445.34,1458.34,1440.24,1458.34,3154740000,30000400000
2022-11-18,801790.SI,1457.83,1459.63,1439.80,1439.80,2853420000,27404760000
2022-11-21,801790.SI,1429.85,1429.85,1404.21,1414.09,2393610000,23514870000
2022-11-22,801790.SI,1414.22,1438.95,1411.54,1427.43,2417500000,23678280000
2022-11-23,801790.SI,1424.95,1439.13,1420.47,1425.77,2277260000,21074440000
2022-11-24,801790.SI,1437.95,1440.66,1419.19,1419.92,2055870000,17939460000
2022-11-25,801790.SI,1418.15,1447.34,1418.15,1440.57,2496890000,24237770000
2022-11-28,801790.SI,1411.44,1417.18,1394.50,1414.96,2855800000,25723470000
2022-11-29,801790.SI,1424.91,1489.40,1424.91,1484.45,4793870000,51232690000
2022-11-30,801790.SI,1481.07,1503.76,1480.31,1483.14,3862570000,39233420000
2022-12-01,801790.SI,1509.52,1528.80,1487.64,1487.69,4469860000,47142660000
2022-12-02,801790.SI,1487.48,1494.04,1476.14,1480.80,2906930000,28147440000
2022-12-05,801790.SI,1501.09,1545.37,1501.09,1545.37,5341880000,54978170000
2022-12-06,801790.SI,1538.74,1558.57,1535.53,1542.32,4755220000,44586290000
2022-12-07,801790.SI,1537.05,1543.91,1515.57,1524.99,4016860000,37868970000
2022-12-08,801790.SI,1522.02,1529.94,1516.76,1526.36,2961400000,26836540000
2022-12-09,801790.SI,1525.71,1543.65,1513.03,1536.88,4148350000,40684130000
2022-12-12,801790.SI,1525.94,1525.94,1495.98,1497.29,3188910000,30576720000
2022-12-13,801790.SI,1500.97,1512.77,1500.34,1503.13,2322990000,20612740000
2022-12-14,801790.SI,1507.06,1518.43,1495.07,1511.35,2404690000,21215920000
2022-12-15,801790.SI,1506.03,1510.68,1493.00,1496.74,1963090000,18051760000
2022-12-16,801790.SI,1488.88,1509.06,1488.88,1502.76,2019100000,19247240000
2022-12-19,801790.SI,1502.48,1510.05,1454.61,1461.57,2626550000,25346770000
2022-12-20,801790.SI,1458.57,1465.10,1443.12,1450.14,1830300000,17392100000
2022-12-21,801790.SI,1453.80,1461.51,1448.20,1452.10,1465280000,13448970000
2022-12-22,801790.SI,1466.26,1472.99,1448.84,1454.53,1766620000,17018720000
2022-12-23,801790.SI,1444.52,1463.85,1444.52,1454.44,1453230000,13659510000
2022-12-26,801790.SI,1454.91,1456.33,1440.01,1443.03,1536310000,15098100000
2022-12-27,801790.SI,1455.00,1470.08,1450.66,1465.99,1893300000,18985800000
2022-12-28,801790.SI,1459.97,1474.18,1459.97,1465.57,1677490000,16602360000
2022-12-29,801790.SI,1457.63,1460.70,1443.23,1457.35,1880390000,19426490000
2022-12-30,801790.SI,1461.64,1477.80,1461.63,1473.12,1759630000,18651720000
2023-01-03,801790.SI,1459.93,1471.46,1435.81,1469.34,2760880000,29238950000
2023-01-04,801790.SI,1469.35,1486.73,1469.35,1486.35,2211900000,24382200000
2023-01-05,801790.SI,1497.83,1514.59,1497.02,1509.36,3214450000,34869740000
2023-01-06,801790.SI,1510.51,1521.73,1506.42,1512.23,2446920000,25353700000
2023-01-09,801790.SI,1520.94,1545.34,1520.33,1540.10,3333360000,36344570000
2023-01-10,801790.SI,1539.91,1547.82,1520.30,1521.52,2948550000,31533240000
2023-01-11,801790.SI,1525.78,1539.03,1521.25,1528.39,2472850000,29292580000
2023-01-12,801790.SI,1533.79,1541.53,1525.59,1541.14,2373050000,24529640000
2023-01-13,801790.SI,1546.77,1576.23,1541.23,1576.23,3530170000,37841120000
2023-01-16,801790.SI,1580.10,1639.75,1575.84,1607.51,6868090000,74733390000
2023-01-17,801790.SI,1601.31,1613.44,1594.29,1612.32,4674070000,45958330000
2023-01-18,801790.SI,1605.16,1621.04,1605.16,1610.24,3981340000,36012410000
2023-01-19,801790.SI,1605.00,1634.88,1603.81,1634.88,4573660000,43603520000
2023-01-20,801790.SI,1637.02,1637.02,1618.31,1632.51,4217660000,40228360000
2023-01-30,801790.SI,1665.92,1665.92,1619.18,1619.18,4231510000,45814760000
2023-01-31,801790.SI,1621.91,1633.12,1599.28,1604.27,3783440000,37061550000
2023-02-01,801790.SI,1612.61,1640.32,1604.76,1640.32,4817120000,46151740000
2023-02-02,801790.SI,1657.80,1657.80,1609.80,1610.70,6278390000,60695010000
2023-02-03,801790.SI,1601.56,1604.08,1580.40,1595.36,3774290000,38226240000
2023-02-06,801790.SI,1578.23,1578.23,1558.19,1564.33,3358510000,35712100000
2023-02-07,801790.SI,1572.57,1574.76,1563.30,1571.51,2690760000,24841310000
2023-02-08,801790.SI,1572.64,1577.93,1557.56,1559.02,2417900000,21949730000
2023-02-09,801790.SI,1558.01,1586.61,1558.01,1586.26,3305500000,34926590000
2023-02-10,801790.SI,1583.37,1586.00,1569.91,1576.33,2576890000,24723560000
2023-02-13,801790.SI,1572.26,1584.84,1562.42,1584.36,2627340000,26255730000
2023-02-14,801790.SI,1586.41,1588.85,1577.54,1588.85,2422310000,22656180000
2023-02-15,801790.SI,1586.84,1587.90,1568.69,1570.24,2244760000,21702860000
2023-02-16,801790.SI,1572.24,1599.69,1553.15,1561.56,4583100000,44636190000
2023-02-17,801790.SI,1557.96,1567.23,1539.57,1540.01,2875180000,27789930000
2023-02-20,801790.SI,1552.98,1595.78,1550.38,1594.81,4263890000,43286470000
2023-02-21,801790.SI,1590.73,1600.50,1584.41,1599.34,3110860000,31052110000
2023-02-22,801790.SI,1589.15,1596.87,1579.65,1582.29,2520670000,26652190000
2023-02-23,801790.SI,1580.99,1604.19,1580.99,1587.26,3410120000,34083500000
2023-02-24,801790.SI,1587.96,1588.35,1561.45,1562.94,2867320000,31764710000
2023-02-27,801790.SI,1552.86,1559.01,1545.14,1547.29,2285930000,22678650000
2023-02-28,801790.SI,1552.61,1563.50,1543.39,1562.79,2273510000,21667670000
2023-03-01,801790.SI,1559.51,1593.76,1558.82,1592.56,3206250000,33046600000
2023-03-02,801790.SI,1589.20,1598.14,1587.15,1591.15,2422520000,22789300000
2023-03-03,801790.SI,1596.24,1602.57,1584.97,1600.36,2974460000,27453590000
2023-03-06,801790.SI,1598.90,1598.90,1567.18,1569.66,3041370000,29912340000
2023-03-07,801790.SI,1568.19,1583.80,1541.35,1542.38,3605560000,35892470000
2023-03-08,801790.SI,1535.57,1536.28,1528.16,1536.19,2167210000,21026300000
2023-03-09,801790.SI,1538.53,1538.53,1520.58,1524.39,1850760000,18351810000
2023-03-10,801790.SI,1512.40,1521.59,1503.47,1503.47,2242090000,22157120000
2023-03-13,801790.SI,1502.25,1518.92,1502.25,1516.26,2207610000,20587330000
2023-03-14,801790.SI,1509.97,1509.97,1483.45,1493.14,2576240000,24100920000
2023-03-15,801790.SI,1506.91,1514.72,1503.27,1505.53,2446000000,22829510000
2023-03-16,801790.SI,1489.55,1499.72,1487.82,1488.04,2498800000,24168450000
2023-03-17,801790.SI,1502.50,1533.49,1502.50,1516.30,3490280000,35836610000
2023-03-20,801790.SI,1514.35,1527.73,1499.91,1501.02,3020670000,29565220000
2023-03-21,801790.SI,1507.89,1516.58,1503.77,1511.48,2331820000,22248690000
2023-03-22,801790.SI,1515.20,1521.16,1504.72,1508.38,2675520000,29755040000
2023-03-23,801790.SI,1501.21,1527.78,1501.21,1527.78,2646580000,27961920000
2023-03-24,801790.SI,1529.21,1532.15,1515.03,1522.58,2642910000,28040270000
2023-03-27,801790.SI,1520.78,1526.71,1507.75,1523.71,2886940000,30558560000
2023-03-28,801790.SI,1524.24,1525.66,1510.39,1512.08,2529210000,24372830000
2023-03-29,801790.SI,1518.42,1518.42,1499.29,1501.40,2337270000,22780250000
2023-03-30,801790.SI,1501.65,1511.35,1483.12,1506.05,2629240000,25843570000
2023-03-31,801790.SI,1505.68,1518.28,1504.77,1508.00,2048770000,22636110000
2023-04-03,801790.SI,1507.05,1555.84,1507.05,1554.96,4826950000,58652330000
2023-04-04,801790.SI,1555.81,1565.42,1550.51,1559.53,3908630000,47861250000
2023-04-06,801790.SI,1553.59,1553.59,1539.25,1543.43,2880550000,32783980000
2023-04-07,801790.SI,1547.42,1565.75,1542.33,1560.39,2854900000,33630420000
2023-04-10,801790.SI,1571.44,1575.05,1553.52,1554.69,3251040000,37511020000
2023-04-11,801790.SI,1561.52,1580.53,1554.89,1560.66,3422560000,38883560000
2023-04-12,801790.SI,1563.39,1573.16,1557.67,1565.54,2829180000,32362930000
2023-04-13,801790.SI,1557.81,1557.81,1544.04,1548.42,2640960000,29400970000
2023-04-14,801790.SI,1553.38,1559.91,1544.60,1551.86,2411140000,25975890000
2023-04-17,801790.SI,1550.87,1600.03,1548.69,1600.03,5368120000,56865690000
2023-04-18,801790.SI,1595.36,1624.37,1594.88,1607.20,4366480000,48819540000
2023-04-19,801790.SI,1602.83,1602.83,1585.45,1587.81,3519510000,35691290000
2023-04-20,801790.SI,1585.91,1595.40,1577.26,1595.17,3102060000,31373450000
2023-04-21,801790.SI,1592.00,1592.00,1533.53,1534.20,3981810000,40869760000
2023-04-24,801790.SI,1532.92,1543.85,1512.02,1517.15,3233450000,33833370000
2023-04-25,801790.SI,1519.14,1528.81,1504.46,1518.56,3041710000,29953220000
2023-04-26,801790.SI,1512.56,1517.07,1504.87,1510.77,2438860000,24266600000
2023-04-27,801790.SI,1518.24,1562.63,1516.33,1560.09,3315680000,42281270000
2023-04-28,801790.SI,1564.21,1611.11,1561.75,1595.75,5300480000,56500510000
2023-05-04,801790.SI,1581.71,1638.10,1577.72,1633.33,5261310000,54412510000
2023-05-05,801790.SI,1637.52,1669.81,1637.52,1648.28,6051020000,64534050000
2023-05-08,801790.SI,1648.41,1694.72,1639.30,1683.74,7539460000,81201290000
2023-05-09,801790.SI,1687.79,1746.41,1680.65,1682.29,11580020000,127657390000
2023-05-10,801790.SI,1671.95,1676.96,1634.39,1639.64,7339030000,77059910000
2023-05-11,801790.SI,1648.22,1661.49,1635.69,1637.80,4522320000,46564280000
2023-05-12,801790.SI,1635.70,1641.73,1611.93,1613.09,3874120000,39666010000
2023-05-15,801790.SI,1613.33,1659.01,1590.98,1656.38,5278290000,55847290000
2023-05-16,801790.SI,1653.67,1661.70,1633.07,1638.95,3679960000,39287170000
2023-05-17,801790.SI,1631.55,1637.46,1614.13,1621.69,2935070000,30547420000
2023-05-18,801790.SI,1621.88,1638.98,1613.38,1619.27,3041020000,30686730000
2023-05-19,801790.SI,1610.02,1610.02,1591.51,1595.92,3129840000,30536740000
2023-05-22,801790.SI,1593.60,1605.12,1588.75,1596.08,2389320000,23229760000
2023-05-23,801790.SI,1596.17,1598.20,1563.30,1563.30,2478820000,25384490000
2023-05-24,801790.SI,1560.29,1560.29,1531.84,1531.91,2958500000,30130130000
2023-05-25,801790.SI,1528.29,1535.87,1516.90,1532.83,3022800000,29539340000
2023-05-26,801790.SI,1532.05,1543.81,1521.66,1536.38,2202330000,21490240000
2023-05-29,801790.SI,1537.73,1539.35,1522.53,1525.17,2687830000,27297390000
2023-05-30,801790.SI,1523.42,1529.33,1509.17,1527.88,2605630000,27369640000
2023-05-31,801790.SI,1522.42,1522.42,1508.85,1512.04,2434450000,25727570000
2023-06-01,801790.SI,1510.78,1531.61,1508.30,1518.74,2654720000,26920990000
2023-06-02,801790.SI,1525.17,1539.68,1525.17,1538.77,2337690000,26855190000
2023-06-05,801790.SI,1535.82,1540.29,1525.23,1528.24,1904560000,19588040000
2023-06-06,801790.SI,1525.44,1548.68,1515.42,1516.49,2542600000,26833190000
2023-06-07,801790.SI,1521.98,1535.89,1517.63,1522.43,1884170000,19790240000
2023-06-08,801790.SI,1519.76,1546.22,1512.30,1539.86,2532860000,26472270000
2023-06-09,801790.SI,1539.66,1541.29,1530.25,1533.71,2342030000,25250660000
2023-06-12,801790.SI,1530.72,1530.72,1517.94,1524.41,2344070000,23854410000
2023-06-13,801790.SI,1522.51,1532.07,1518.96,1531.69,1796260000,19793010000
2023-06-14,801790.SI,1526.45,1540.69,1518.51,1520.05,2327820000,25560260000
2023-06-15,801790.SI,1524.68,1539.19,1516.11,1535.35,3025020000,33430390000
2023-06-16,801790.SI,1538.56,1545.19,1530.69,1543.12,2825270000,29894710000
2023-06-19,801790.SI,1540.39,1540.39,1519.75,1522.03,2288800000,25220310000
2023-06-20,801790.SI,1520.50,1523.43,1510.41,1510.69,2063710000,23174100000
2023-06-21,801790.SI,1505.57,1507.28,1486.05,1486.05,2179350000,22609230000
2023-06-26,801790.SI,1474.46,1474.46,1453.84,1455.23,2405370000,23442790000
2023-06-27,801790.SI,1456.83,1474.68,1456.74,1470.44,1669240000,17120060000
2023-06-28,801790.SI,1469.47,1474.92,1459.65,1472.09,1565670000,15786890000
2023-06-29,801790.SI,1467.58,1473.04,1461.01,1464.99,1471690000,14107270000
2023-06-30,801790.SI,1463.19,1489.71,1463.19,1480.46,1993250000,19917290000
2023-07-03,801790.SI,1481.59,1520.41,1481.59,1516.70,2592470000,27325180000
2023-07-04,801790.SI,1513.78,1519.42,1506.20,1513.95,1861210000,18459150000
2023-07-05,801790.SI,1512.22,1513.50,1500.50,1501.24,1467290000,14221010000
2023-07-06,801790.SI,1495.76,1514.12,1494.36,1497.96,1449190000,15531680000
2023-07-07,801790.SI,1492.70,1514.53,1492.70,1505.42,1899700000,19690570000
2023-07-10,801790.SI,1513.62,1515.01,1497.79,1500.94,1577410000,16562970000
2023-07-11,801790.SI,1504.63,1511.45,1503.54,1510.34,1479920000,14653200000
2023-07-12,801790.SI,1510.46,1517.39,1498.33,1500.28,1743280000,17978710000
2023-07-13,801790.SI,1509.84,1534.08,1509.84,1532.64,2736380000,30293400000
2023-07-14,801790.SI,1535.59,1536.02,1528.06,1530.97,1788360000,18701960000
2023-07-17,801790.SI,1525.31,1525.31,1512.80,1518.60,1595210000,15850070000
2023-07-18,801790.SI,1521.67,1521.92,1511.19,1516.41,1479790000,14708680000
2023-07-19,801790.SI,1511.00,1523.98,1511.00,1523.98,1659010000,17006640000
2023-07-20,801790.SI,1528.31,1529.81,1509.43,1510.66,1915050000,18786320000
2023-07-21,801790.SI,1508.03,1521.12,1504.82,1508.64,1758370000,16618130000
2023-07-24,801790.SI,1501.70,1512.83,1497.99,1503.42,1491370000,14450200000
2023-07-25,801790.SI,1551.00,1593.38,1549.08,1586.66,7369220000,78746210000
2023-07-26,801790.SI,1582.76,1588.56,1571.49,1586.67,5985970000,49550570000
2023-07-27,801790.SI,1586.82,1603.15,1576.43,1579.43,4858170000,40527690000
2023-07-28,801790.SI,1573.30,1689.85,1573.30,1681.28,11959550000,119195660000
2023-07-31,801790.SI,1706.72,1729.50,1693.84,1693.84,11737990000,122692650000
2023-08-01,801790.SI,1683.34,1714.96,1672.37,1680.36,12188330000,97885430000
2023-08-02,801790.SI,1675.25,1716.47,1675.25,1685.97,9711160000,82071880000
2023-08-03,801790.SI,1698.27,1740.73,1676.26,1736.47,12365900000,111840580000
2023-08-04,801790.SI,1772.60,1814.29,1749.39,1749.77,19559100000,187391780000
2023-08-07,801790.SI,1723.25,1742.80,1720.68,1742.80,11277760000,102061640000
2023-08-08,801790.SI,1726.63,1757.61,1691.88,1731.50,10462100000,101825980000
2023-08-09,801790.SI,1722.79,1737.30,1718.88,1724.84,6840850000,66186890000
2023-08-10,801790.SI,1723.27,1747.38,1718.53,1747.38,9069960000,83152420000
2023-08-11,801790.SI,1733.44,1733.44,1675.42,1675.82,9792660000,93387790000
2023-08-14,801790.SI,1640.34,1673.28,1640.34,1655.92,7823490000,70743600000
2023-08-15,801790.SI,1650.55,1678.21,1650.55,1678.21,6974710000,65810290000
2023-08-16,801790.SI,1660.13,1709.84,1655.93,1678.24,8977940000,82550080000
2023-08-17,801790.SI,1666.88,1680.75,1647.24,1672.13,8971010000,80812070000
2023-08-18,801790.SI,1676.97,1696.96,1651.91,1651.91,6640030000,62547890000
2023-08-21,801790.SI,1640.05,1645.93,1602.05,1602.05,6260030000,61806860000
2023-08-22,801790.SI,1612.01,1634.22,1599.66,1623.99,6491380000,61280240000
2023-08-23,801790.SI,1614.48,1616.24,1591.37,1591.37,5499950000,48264050000
2023-08-24,801790.SI,1598.88,1626.84,1595.38,1603.56,5525040000,53611910000
2023-08-25,801790.SI,1594.12,1622.75,1594.12,1610.97,4911540000,48513630000
2023-08-28,801790.SI,1768.19,1768.19,1644.70,1648.86,14102390000,144150510000
2023-08-29,801790.SI,1638.15,1656.94,1609.79,1644.41,9766770000,92331550000
2023-08-30,801790.SI,1640.09,1640.09,1610.22,1610.23,6578650000,62851130000
2023-08-31,801790.SI,1611.63,1620.37,1592.56,1592.56,5370450000,49602820000
2023-09-01,801790.SI,1603.64,1624.27,1603.64,1609.29,4231430000,42470420000
2023-09-04,801790.SI,1615.40,1641.46,1613.46,1632.62,4377110000,43366320000
2023-09-05,801790.SI,1625.96,1625.96,1605.48,1608.67,3867680000,34812870000
2023-09-06,801790.SI,1601.82,1614.76,1597.48,1611.55,3345770000,31880840000
2023-09-07,801790.SI,1607.79,1616.46,1596.38,1599.35,3882680000,35085110000
2023-09-08,801790.SI,1593.43,1610.47,1588.05,1604.18,3090630000,27422190000
2023-09-11,801790.SI,1607.73,1631.71,1598.24,1621.57,4422290000,41614500000
2023-09-12,801790.SI,1615.33,1615.33,1603.06,1604.16,2864800000,27124270000
2023-09-13,801790.SI,1605.57,1605.62,1583.52,1588.45,2647460000,24889690000
2023-09-14,801790.SI,1592.03,1595.42,1583.48,1590.15,2644300000,24015750000
2023-09-15,801790.SI,1596.62,1604.08,1578.04,1583.76,2990820000,28548310000
2023-09-18,801790.SI,1576.11,1589.76,1570.17,1586.48,2472090000,21935510000
2023-09-19,801790.SI,1585.91,1592.15,1580.38,1586.34,2541880000,22476380000
2023-09-20,801790.SI,1584.23,1585.33,1577.72,1579.25,2447120000,20593550000
2023-09-21,801790.SI,1575.63,1584.86,1567.01,1567.01,2585350000,23108250000
2023-09-22,801790.SI,1565.04,1614.46,1565.04,1614.46,4732590000,42985070000
2023-09-25,801790.SI,1604.94,1604.94,1577.02,1577.95,3878630000,33684000000
2023-09-26,801790.SI,1577.07,1582.67,1573.20,1574.31,2606170000,22101430000
2023-09-27,801790.SI,1573.87,1583.03,1572.42,1575.03,2516420000,21837830000
2023-09-28,801790.SI,1578.83,1579.47,1562.66,1563.72,2573950000,23831090000
2023-10-09,801790.SI,1553.60,1554.13,1533.67,1550.62,2799120000,24143430000
2023-10-10,801790.SI,1556.98,1560.65,1541.27,1542.11,2192610000,18790520000
2023-10-11,801790.SI,1548.66,1554.85,1537.73,1540.69,2397750000,20687220000
2023-10-12,801790.SI,1567.85,1569.31,1557.75,1563.39,2669180000,25639520000
2023-10-13,801790.SI,1549.02,1553.55,1545.68,1549.20,2090110000,18482610000
2023-10-16,801790.SI,1547.56,1551.06,1538.11,1542.75,2268000000,20388230000
2023-10-17,801790.SI,1547.35,1570.99,1542.31,1561.55,3671780000,33242780000
2023-10-18,801790.SI,1553.70,1563.67,1553.35,1553.83,2980760000,27409280000
2023-10-19,801790.SI,1545.58,1555.98,1533.11,1533.52,4237160000,38171600000
2023-10-20,801790.SI,1523.04,1540.54,1523.04,1530.95,3798950000,34773680000
2023-10-23,801790.SI,1523.26,1523.30,1497.60,1505.56,3814750000,33619010000
2023-10-24,801790.SI,1510.84,1543.65,1508.67,1538.83,5338360000,45191670000
2023-10-25,801790.SI,1549.56,1549.56,1533.00,1534.59,4789800000,41478650000
2023-10-26,801790.SI,1524.99,1536.11,1521.68,1535.12,3391930000,29274040000
2023-10-27,801790.SI,1521.61,1540.02,1509.11,1532.89,3718650000,35067560000
2023-10-30,801790.SI,1524.92,1531.36,1513.41,1526.95,3637590000,34479250000
2023-10-31,801790.SI,1527.86,1540.20,1526.29,1532.67,3217570000,29266200000
2023-11-01,801790.SI,1543.59,1544.59,1527.13,1527.63,2807800000,24993040000
2023-11-02,801790.SI,1528.58,1537.62,1516.73,1516.73,2662970000,22818230000
2023-11-03,801790.SI,1519.35,1533.94,1516.84,1530.15,2889390000,27188140000
2023-11-06,801790.SI,1562.46,1584.31,1556.34,1579.64,6889660000,63090080000
2023-11-07,801790.SI,1572.85,1585.43,1572.20,1576.73,6068760000,53760720000
2023-11-08,801790.SI,1574.58,1576.82,1553.65,1557.56,5153580000,47221510000
2023-11-09,801790.SI,1550.17,1554.37,1534.77,1542.96,3913000000,40273530000
2023-11-10,801790.SI,1535.78,1543.97,1528.94,1533.00,4293630000,42478250000
2023-11-13,801790.SI,1532.30,1532.81,1522.00,1529.67,3303140000,31051860000
2023-11-14,801790.SI,1531.77,1559.86,1531.77,1544.28,5220570000,52271100000
2023-11-15,801790.SI,1559.67,1567.08,1551.17,1553.48,4547070000,47765370000
2023-11-16,801790.SI,1549.13,1556.31,1540.31,1540.31,3367320000,33868900000
2023-11-17,801790.SI,1535.79,1542.16,1530.54,1541.95,3045700000,30637940000
2023-11-20,801790.SI,1540.93,1540.93,1524.36,1538.22,2990690000,29683240000
2023-11-21,801790.SI,1542.37,1563.71,1538.07,1539.83,3972480000,39254050000
2023-11-22,801790.SI,1534.20,1541.34,1527.25,1527.25,2889430000,26543780000
2023-11-23,801790.SI,1526.56,1534.36,1520.24,1533.96,2725720000,26132840000
2023-11-24,801790.SI,1531.39,1531.39,1518.12,1519.04,2590100000,24818560000
2023-11-27,801790.SI,1514.38,1514.38,1492.89,1500.75,2814760000,27967720000
2023-11-28,801790.SI,1499.01,1504.57,1492.10,1496.45,2201010000,21561090000
2023-11-29,801790.SI,1497.69,1497.91,1473.42,1476.60,2318740000,23634450000
2023-11-30,801790.SI,1476.15,1485.56,1474.29,1480.64,2501780000,24418070000
2023-12-01,801790.SI,1478.26,1491.04,1473.89,1488.85,2437000000,23829480000
2023-12-04,801790.SI,1487.30,1493.17,1480.59,1480.59,2345490000,22404050000
2023-12-05,801790.SI,1475.76,1478.83,1458.34,1458.34,2676230000,26737590000
2023-12-06,801790.SI,1456.02,1463.34,1452.47,1453.66,2316820000,23002370000
2023-12-07,801790.SI,1450.92,1465.23,1447.37,1460.46,2759580000,26681350000
2023-12-08,801790.SI,1458.57,1464.06,1450.35,1450.35,3099020000,28410360000
2023-12-11,801790.SI,1447.32,1475.07,1430.15,1472.69,4110750000,38073550000
2023-12-12,801790.SI,1466.01,1475.27,1465.51,1472.75,2771250000,26617720000
2023-12-13,801790.SI,1469.84,1469.84,1451.18,1451.18,2241900000,22497100000
2023-12-14,801790.SI,1459.22,1462.56,1444.48,1444.48,2176410000,20893820000
2023-12-15,801790.SI,1451.33,1463.93,1442.58,1444.48,2447750000,23975450000
2023-12-18,801790.SI,1440.20,1451.97,1433.74,1439.32,2639100000,23932620000
2023-12-19,801790.SI,1435.98,1444.20,1427.21,1438.17,3155930000,26844010000
2023-12-20,801790.SI,1435.97,1435.97,1406.40,1406.40,3093020000,26498060000
2023-12-21,801790.SI,1400.11,1414.32,1397.24,1408.94,2553360000,22747490000
2023-12-22,801790.SI,1407.33,1418.62,1399.47,1409.56,2351040000,20790650000
2023-12-25,801790.SI,1404.61,1408.86,1398.75,1401.52,1788470000,15189870000
2023-12-26,801790.SI,1400.55,1401.75,1386.79,1389.95,1745770000,15474950000
2023-12-27,801790.SI,1389.99,1401.59,1377.56,1395.83,2646630000,24443020000
2023-12-28,801790.SI,1392.83,1436.20,1392.18,1432.48,3446450000,33142270000
2023-12-29,801790.SI,1428.13,1437.68,1428.13,1433.75,2515130000,23573280000
2024-01-02,801790.SI,1433.41,1433.80,1415.34,1415.34,2084020000,19905050000
2024-01-03,801790.SI,1413.48,1423.90,1410.82,1418.46,1941290000,18264620000
2024-01-04,801790.SI,1416.39,1416.85,1394.31,1403.04,2009530000,19578200000
2024-01-05,801790.SI,1400.55,1416.60,1391.64,1396.47,2330550000,22425450000
2024-01-08,801790.SI,1391.96,1393.61,1370.53,1371.97,2350630000,22074280000
2024-01-09,801790.SI,1372.01,1377.69,1360.07,1367.46,2089370000,18982890000
2024-01-10,801790.SI,1364.52,1371.39,1354.13,1355.49,1886440000,17999760000
2024-01-11,801790.SI,1354.53,1374.31,1352.39,1369.69,2269140000,20798700000
2024-01-12,801790.SI,1363.76,1373.83,1356.32,1356.32,1989420000,17620600000
2024-01-15,801790.SI,1349.90,1368.08,1346.13,1355.96,1971720000,16448730000
2024-01-16,801790.SI,1353.03,1371.63,1349.68,1371.61,2799220000,25654640000
2024-01-17,801790.SI,1365.36,1366.59,1346.65,1346.65,2620090000,24259050000
2024-01-18,801790.SI,1338.73,1365.83,1321.20,1364.73,4348720000,39978310000
2024-01-19,801790.SI,1355.96,1361.41,1348.83,1356.72,2776240000,25978790000
2024-01-22,801790.SI,1352.96,1364.75,1323.60,1332.53,3716360000,34505750000
2024-01-23,801790.SI,1327.96,1362.81,1320.54,1352.30,3755850000,33998540000
2024-01-24,801790.SI,1360.48,1411.91,1345.53,1406.75,6348840000,55957020000
2024-01-25,801790.SI,1400.79,1441.09,1400.79,1434.95,6955250000,64049280000
2024-01-26,801790.SI,1427.58,1447.18,1423.01,1435.80,6041200000,54029690000
2024-01-29,801790.SI,1433.24,1438.16,1415.43,1415.43,4931900000,43929030000
2024-01-30,801790.SI,1402.29,1418.31,1392.11,1392.46,4447340000,37915280000
2024-01-31,801790.SI,1386.01,1404.97,1375.24,1385.32,4779550000,40168960000
2024-02-01,801790.SI,1373.32,1396.75,1366.82,1375.58,4448860000,38024160000
2024-02-02,801790.SI,1375.65,1378.33,1320.05,1351.04,5361140000,45095150000
2024-02-05,801790.SI,1339.73,1358.83,1305.18,1332.83,5196970000,43175390000
2024-02-06,801790.SI,1321.57,1403.17,1321.34,1398.51,5591120000,46405020000
2024-02-07,801790.SI,1396.30,1418.41,1396.30,1418.41,6028900000,49207550000
2024-02-08,801790.SI,1427.83,1446.96,1420.77,1432.95,5752820000,47592810000
2024-02-19,801790.SI,1432.25,1432.25,1409.92,1422.73,4501920000,37399800000
2024-02-20,801790.SI,1416.83,1439.09,1412.96,1432.27,4606520000,39284470000
2024-02-21,801790.SI,1422.28,1481.82,1418.28,1453.60,6215500000,57730020000
2024-02-22,801790.SI,1445.27,1468.20,1445.27,1467.72,4365790000,40672240000
2024-02-23,801790.SI,1468.15,1476.46,1463.32,1473.06,4454090000,40709060000
2024-02-26,801790.SI,1469.11,1470.44,1450.79,1451.59,4155040000,36905530000
2024-02-27,801790.SI,1449.94,1470.63,1449.94,1470.63,4538610000,39520420000
2024-02-28,801790.SI,1477.77,1491.41,1449.91,1449.91,8483390000,70752170000
2024-02-29,801790.SI,1444.12,1474.71,1444.12,1474.71,6227180000,51536740000
2024-03-01,801790.SI,1472.62,1483.64,1462.08,1479.16,5252540000,46308150000
2024-03-04,801790.SI,1473.73,1473.73,1453.42,1459.38,4095480000,36917820000
2024-03-05,801790.SI,1452.51,1459.60,1451.26,1456.86,3554070000,33134840000
2024-03-06,801790.SI,1455.92,1466.17,1446.74,1453.60,3446960000,30982660000
2024-03-07,801790.SI,1453.62,1467.27,1440.42,1445.30,3779960000,35124400000
2024-03-08,801790.SI,1442.80,1449.28,1434.12,1444.16,2630610000,23148180000
2024-03-11,801790.SI,1444.23,1462.66,1444.22,1462.66,3300260000,29723120000
2024-03-12,801790.SI,1466.29,1476.12,1458.48,1473.55,3752940000,36127720000
2024-03-13,801790.SI,1471.16,1471.16,1443.78,1446.73,3291780000,32994440000
2024-03-14,801790.SI,1441.35,1452.34,1430.68,1436.07,3049170000,28306370000
2024-03-15,801790.SI,1434.20,1442.89,1426.41,1442.29,2986060000,26827860000
2024-03-18,801790.SI,1445.51,1470.96,1444.92,1466.95,5166780000,47843580000
2024-03-19,801790.SI,1462.29,1462.29,1441.35,1441.35,3349510000,31199790000
2024-03-20,801790.SI,1439.79,1448.98,1436.39,1444.53,2850090000,26083290000
2024-03-21,801790.SI,1448.27,1463.72,1445.66,1449.59,3685260000,34723940000
2024-03-22,801790.SI,1440.87,1440.87,1415.94,1419.37,3731250000,36550020000
2024-03-25,801790.SI,1405.10,1408.59,1387.29,1387.29,3687740000,33478300000
2024-03-26,801790.SI,1386.76,1395.81,1383.82,1395.02,2593920000,22993240000
2024-03-27,801790.SI,1390.31,1390.31,1372.47,1372.47,2620570000,23069220000
2024-03-28,801790.SI,1371.78,1392.53,1370.76,1377.92,2860500000,25079460000
2024-03-29,801790.SI,1376.12,1383.88,1371.99,1383.83,2914720000,25156570000
2024-04-01,801790.SI,1395.73,1404.92,1395.73,1404.92,3352640000,27945220000
2024-04-02,801790.SI,1403.76,1409.54,1392.79,1396.11,3042510000,25142730000
2024-04-03,801790.SI,1393.47,1397.37,1384.34,1385.14,2327480000,20118240000
2024-04-08,801790.SI,1374.63,1378.89,1362.53,1364.29,2654670000,22822420000
2024-04-09,801790.SI,1365.71,1372.32,1364.29,1366.61,1926860000,16291550000
2024-04-10,801790.SI,1364.82,1364.82,1336.07,1340.10,2511780000,22176560000
2024-04-11,801790.SI,1333.55,1346.36,1333.48,1335.82,2270940000,19182110000
2024-04-12,801790.SI,1334.20,1337.28,1304.80,1306.20,2547070000,23334970000
2024-04-15,801790.SI,1303.46,1341.42,1298.28,1332.97,4457710000,38904250000
2024-04-16,801790.SI,1324.90,1335.11,1311.04,1312.07,3829970000,31756650000
2024-04-17,801790.SI,1312.00,1339.46,1308.99,1339.46,3569420000,29922160000
2024-04-18,801790.SI,1334.85,1372.23,1334.85,1353.92,4270810000,38049760000
2024-04-19,801790.SI,1345.91,1356.86,1343.51,1345.96,3042090000,24585260000
2024-04-22,801790.SI,1344.85,1361.69,1344.85,1348.61,2570790000,22010870000
2024-04-23,801790.SI,1350.00,1354.06,1345.27,1347.49,2339190000,19347900000
2024-04-24,801790.SI,1352.72,1357.18,1346.05,1356.95,2567940000,22910300000
2024-04-25,801790.SI,1352.77,1366.90,1346.40,1357.97,2154480000,19584200000
2024-04-26,801790.SI,1381.47,1422.30,1370.74,1418.25,7321940000,63369220000
2024-04-29,801790.SI,1421.39,1455.37,1421.39,1440.90,8154540000,70838270000
2024-04-30,801790.SI,1434.85,1438.73,1414.58,1415.81,5503500000,45860200000
2024-05-06,801790.SI,1445.65,1453.30,1428.26,1433.92,4928190000,46896280000
2024-05-07,801790.SI,1431.57,1438.13,1425.85,1432.25,3759040000,34627500000
2024-05-08,801790.SI,1427.88,1428.31,1410.01,1410.88,3014560000,26469790000
2024-05-09,801790.SI,1411.68,1427.19,1411.68,1422.35,3214120000,27948900000
2024-05-10,801790.SI,1425.11,1440.96,1422.94,1436.17,3717450000,33550160000
2024-05-13,801790.SI,1427.88,1444.56,1416.51,1436.44,4188310000,36463190000
2024-05-14,801790.SI,1435.30,1439.98,1425.61,1439.57,3741210000,32366780000
2024-05-15,801790.SI,1443.82,1443.82,1408.04,1408.50,4497780000,38202620000
2024-05-16,801790.SI,1414.23,1430.39,1411.58,1420.44,3531710000,32595350000
2024-05-17,801790.SI,1423.35,1454.12,1422.17,1454.12,3770400000,39414150000
2024-05-20,801790.SI,1455.93,1470.90,1453.61,1458.66,3749820000,39418120000
2024-05-21,801790.SI,1452.20,1459.61,1447.26,1451.88,2359230000,22019270000
2024-05-22,801790.SI,1449.26,1461.14,1446.13,1453.94,2549290000,24357320000
2024-05-23,801790.SI,1446.59,1446.59,1425.74,1428.10,3209580000,28712520000
2024-05-24,801790.SI,1423.26,1429.72,1405.62,1406.16,2364750000,22124420000
2024-05-27,801790.SI,1410.13,1419.07,1404.69,1418.24,2489200000,21238560000
2024-05-28,801790.SI,1415.26,1422.34,1402.31,1404.01,2030570000,17907590000
2024-05-29,801790.SI,1401.05,1415.75,1398.48,1402.60,1958330000,16889690000
2024-05-30,801790.SI,1397.13,1405.24,1390.61,1397.29,1947980000,17324700000
2024-05-31,801790.SI,1402.14,1412.02,1395.44,1395.44,1883510000,17427810000
2024-06-03,801790.SI,1390.79,1392.49,1377.60,1385.09,2909450000,23380420000
2024-06-04,801790.SI,1382.29,1395.89,1382.29,1393.26,2472320000,21146850000
2024-06-05,801790.SI,1391.65,1396.92,1385.58,1385.98,2060750000,17372140000
2024-06-06,801790.SI,1387.59,1390.31,1364.47,1366.92,2856930000,23721330000
2024-06-07,801790.SI,1371.21,1375.66,1345.56,1359.98,3024310000,23637310000
2024-06-11,801790.SI,1353.43,1364.68,1351.03,1356.27,2493230000,19831660000
2024-06-12,801790.SI,1355.06,1357.47,1350.23,1352.20,2083930000,16743040000
2024-06-13,801790.SI,1354.35,1357.81,1347.03,1350.26,2480810000,18255530000
2024-06-14,801790.SI,1347.80,1384.41,1347.44,1376.33,4854670000,41226080000
2024-06-17,801790.SI,1364.32,1376.82,1360.77,1373.62,2758020000,23267650000
2024-06-18,801790.SI,1374.02,1381.54,1374.02,1381.47,2590110000,22024750000
2024-06-19,801790.SI,1382.11,1382.79,1369.98,1370.47,2176450000,18401970000
2024-06-20,801790.SI,1368.84,1368.84,1355.97,1356.04,2242600000,19026280000
2024-06-21,801790.SI,1357.48,1365.36,1352.80,1358.46,2127880000,18680650000
2024-06-24,801790.SI,1353.69,1360.63,1344.65,1347.93,2375670000,19978950000
2024-06-25,801790.SI,1347.79,1350.64,1325.81,1332.08,2394920000,20625080000
2024-06-26,801790.SI,1329.05,1346.58,1327.40,1343.48,2046090000,16899480000
2024-06-27,801790.SI,1338.64,1340.37,1330.69,1330.69,1926950000,16351280000
2024-06-28,801790.SI,1327.80,1342.83,1309.16,1310.79,3183230000,26506690000
2024-07-01,801790.SI,1308.06,1318.63,1295.98,1316.41,2245710000,19284570000
2024-07-02,801790.SI,1313.41,1333.88,1313.41,1316.21,2070760000,18070470000
2024-07-03,801790.SI,1315.46,1323.64,1309.86,1318.97,1760530000,14802160000
2024-07-04,801790.SI,1318.83,1323.13,1298.79,1298.79,2063660000,16534590000
2024-07-05,801790.SI,1299.02,1302.33,1288.19,1291.52,2058690000,17953270000
2024-07-08,801790.SI,1285.97,1289.52,1263.44,1266.48,2306470000,18344240000
2024-07-09,801790.SI,1267.32,1293.39,1259.17,1290.91,2573610000,19979300000
2024-07-10,801790.SI,1282.43,1307.14,1282.43,1295.35,1987140000,16666320000
2024-07-11,801790.SI,1308.36,1318.07,1301.78,1307.88,2408350000,19586450000
2024-07-12,801790.SI,1305.99,1315.18,1304.71,1310.67,1681600000,14396920000
2024-07-15,801790.SI,1308.08,1315.46,1306.32,1309.81,1495690000,12366390000
2024-07-16,801790.SI,1305.60,1308.60,1298.85,1306.32,1627960000,16614280000
2024-07-17,801790.SI,1305.85,1325.94,1305.85,1322.47,1953090000,18903110000
2024-07-18,801790.SI,1320.01,1330.15,1310.29,1329.60,2164060000,18603480000
2024-07-19,801790.SI,1327.14,1346.10,1324.56,1344.17,2502450000,22861370000
2024-07-22,801790.SI,1354.90,1356.66,1334.77,1349.64,2821210000,27486360000
2024-07-23,801790.SI,1344.65,1350.04,1324.96,1325.06,2805070000,24037050000
2024-07-24,801790.SI,1322.12,1325.11,1309.23,1311.66,2274520000,19273320000
2024-07-25,801790.SI,1309.27,1327.65,1309.27,1320.95,2373940000,19314040000
2024-07-26,801790.SI,1311.24,1337.27,1311.24,1325.55,2674980000,21999350000
2024-07-29,801790.SI,1320.74,1331.06,1319.36,1322.55,2056430000,16749240000
2024-07-30,801790.SI,1320.17,1327.01,1315.45,1325.35,2119310000,16815490000
2024-07-31,801790.SI,1326.19,1393.27,1326.19,1384.89,6276370000,51218970000
2024-08-01,801790.SI,1377.81,1389.26,1376.19,1380.75,4654770000,36993820000
2024-08-02,801790.SI,1373.58,1381.58,1350.97,1354.18,3440380000,28016960000
2024-08-05,801790.SI,1348.28,1372.75,1348.28,1350.52,3495160000,28605560000
2024-08-06,801790.SI,1362.16,1364.28,1327.20,1337.45,2822160000,25042440000
2024-08-07,801790.SI,1336.55,1341.71,1328.33,1329.89,2113690000,17605180000
2024-08-08,801790.SI,1328.66,1348.51,1324.49,1334.22,3087060000,21768060000
2024-08-09,801790.SI,1340.84,1344.30,1322.94,1322.94,2586800000,18743440000
2024-08-12,801790.SI,1318.89,1325.74,1315.34,1320.62,1994040000,14545900000
2024-08-13,801790.SI,1321.24,1334.29,1317.04,1334.02,2587720000,17591810000
2024-08-14,801790.SI,1331.17,1335.88,1324.14,1324.60,2229900000,16910360000
2024-08-15,801790.SI,1322.48,1354.36,1322.48,1342.10,3231300000,26599400000
2024-08-16,801790.SI,1338.15,1345.99,1333.50,1337.30,2443520000,18518790000
2024-08-19,801790.SI,1335.02,1350.09,1335.02,1344.27,2206550000,16963370000
2024-08-20,801790.SI,1344.83,1344.83,1330.51,1332.29,2226310000,17080110000
2024-08-21,801790.SI,1330.18,1335.66,1322.26,1327.60,1707990000,13214360000
2024-08-22,801790.SI,1330.79,1334.80,1309.27,1309.75,2390250000,18406470000
2024-08-23,801790.SI,1310.93,1339.18,1310.93,1332.06,2139320000,20040370000
2024-08-26,801790.SI,1329.79,1336.33,1324.03,1330.32,1721590000,14768880000
2024-08-27,801790.SI,1327.82,1327.85,1317.03,1320.86,1630210000,12977960000
2024-08-28,801790.SI,1320.92,1326.72,1316.65,1320.14,1583270000,12822960000
2024-08-29,801790.SI,1318.84,1334.14,1318.84,1319.24,2330320000,19200050000
2024-08-30,801790.SI,1321.81,1372.55,1321.81,1359.13,4311620000,39218420000
2024-09-02,801790.SI,1355.22,1355.41,1333.41,1333.41,3214400000,25973790000
2024-09-03,801790.SI,1333.09,1346.27,1331.68,1338.17,2251570000,17360430000
2024-09-04,801790.SI,1335.23,1345.58,1330.09,1331.31,2144310000,16824120000
2024-09-05,801790.SI,1330.71,1349.82,1330.71,1348.30,2053310000,17655220000
2024-09-06,801790.SI,1365.50,1374.46,1351.51,1352.22,4569240000,34463590000
2024-09-09,801790.SI,1340.73,1360.48,1340.56,1346.27,3664250000,25333240000
2024-09-10,801790.SI,1347.64,1347.64,1328.33,1340.28,3575440000,21342760000
2024-09-11,801790.SI,1337.09,1347.09,1332.56,1339.30,3017520000,17469780000
2024-09-12,801790.SI,1340.20,1342.52,1330.43,1337.42,3010040000,18131190000
2024-09-13,801790.SI,1337.82,1355.41,1337.81,1341.92,3672860000,21036000000
2024-09-18,801790.SI,1339.59,1357.55,1335.73,1352.79,3914040000,22621940000
2024-09-19,801790.SI,1356.54,1378.13,1349.40,1368.06,4574760000,31403980000
2024-09-20,801790.SI,1364.24,1369.77,1357.03,1367.66,3291270000,22758890000
2024-09-23,801790.SI,1367.47,1375.34,1361.60,1368.31,2635640000,17870480000
2024-09-24,801790.SI,1384.40,1451.06,1376.81,1451.03,8311190000,68876790000
2024-09-25,801790.SI,1487.02,1514.17,1468.91,1484.39,10601480000,90543030000
2024-09-26,801790.SI,1480.82,1572.84,1480.82,1572.84,13092340000,104692820000
2024-09-27,801790.SI,1620.30,1682.18,1597.85,1682.18,12458210000,118491890000
2024-09-30,801790.SI,1810.84,1857.37,1782.58,1857.02,16313760000,183288590000
2024-10-08,801790.SI,2053.08,2053.08,1979.49,2039.53,15294290000,195879280000
2024-10-09,801790.SI,2011.00,2079.73,1920.41,1920.41,24576650000,338539320000
2024-10-10,801790.SI,1929.93,1943.77,1829.55,1858.98,20331930000,227315250000
2024-10-11,801790.SI,1827.73,1886.74,1822.36,1845.12,13927830000,151500400000
2024-10-14,801790.SI,1867.03,1881.37,1791.54,1869.75,15207900000,168427130000
2024-10-15,801790.SI,1841.94,1872.57,1809.75,1809.75,12994010000,133934340000
2024-10-16,801790.SI,1781.34,1845.83,1781.34,1813.78,11068200000,114859590000
2024-10-17,801790.SI,1826.81,1858.28,1802.53,1802.79,10156940000,108049340000
2024-10-18,801790.SI,1791.67,1948.53,1774.69,1891.11,17455040000,204669480000
2024-10-21,801790.SI,1867.39,1884.22,1848.08,1868.00,13850120000,151063750000
2024-10-22,801790.SI,1863.40,1893.75,1857.86,1878.82,10490980000,113632040000
2024-10-23,801790.SI,1883.91,1925.51,1868.91,1885.43,12447900000,132250490000
2024-10-24,801790.SI,1871.77,1886.91,1862.72,1879.53,9634850000,94190030000
2024-10-25,801790.SI,1880.27,1909.17,1871.76,1885.90,10645310000,105891140000
2024-10-28,801790.SI,1882.15,1897.11,1877.95,1889.88,9235800000,90668950000
2024-10-29,801790.SI,1896.65,1920.20,1874.54,1878.52,11421200000,110971960000
2024-10-30,801790.SI,1870.95,1885.62,1841.49,1858.90,9603480000,99389290000
2024-10-31,801790.SI,1856.93,1939.62,1850.82,1901.08,15588300000,172959060000
2024-11-01,801790.SI,1902.74,1931.33,1886.68,1887.26,16603550000,167131310000
2024-11-04,801790.SI,1894.88,1947.18,1891.62,1947.18,13000170000,139069790000
2024-11-05,801790.SI,1951.71,2055.61,1930.56,2043.91,17646400000,211848810000
2024-11-06,801790.SI,2061.74,2111.23,2009.41,2024.27,19066880000,236261480000
2024-11-07,801790.SI,1990.04,2168.67,1990.04,2168.67,21076880000,257405400000
2024-11-08,801790.SI,2220.71,2220.71,2108.70,2113.82,18853280000,238086190000
2024-11-11,801790.SI,2076.04,2115.88,2074.72,2107.58,12711250000,154128090000
2024-11-12,801790.SI,2106.80,2125.85,2036.07,2058.63,11368980000,142093190000
2024-11-13,801790.SI,2038.55,2067.88,2024.05,2050.68,8805490000,109097670000
2024-11-14,801790.SI,2045.18,2075.28,2025.07,2027.58,8340240000,102983840000
2024-11-15,801790.SI,2023.15,2034.98,1952.15,1952.15,9767310000,117387350000
2024-11-18,801790.SI,1956.84,1983.86,1921.11,1935.96,8537000000,97990640000
2024-11-19,801790.SI,1940.75,1965.23,1916.79,1961.54,7467090000,88332910000
2024-11-20,801790.SI,1952.55,1978.26,1940.80,1963.71,6618760000,76273120000
2024-11-21,801790.SI,1961.14,1986.69,1952.00,1976.89,7422590000,88798640000
2024-11-22,801790.SI,1972.44,1972.50,1881.60,1881.60,7940940000,95850540000
2024-11-25,801790.SI,1882.03,1886.57,1838.76,1866.06,6002110000,71473840000
2024-11-26,801790.SI,1862.37,1895.03,1862.37,1867.91,4913420000,57218420000
2024-11-27,801790.SI,1863.88,1906.46,1856.46,1906.46,6092810000,74860180000
2024-11-28,801790.SI,1908.32,1915.35,1886.36,1889.69,5966700000,67114100000
2024-11-29,801790.SI,1887.04,1981.36,1884.58,1929.70,10177700000,122160330000
2024-12-02,801790.SI,1916.85,1963.53,1916.85,1956.02,8682940000,95899440000
2024-12-03,801790.SI,1952.43,1973.03,1936.66,1961.18,7370000000,82672560000
2024-12-04,801790.SI,1951.52,1964.84,1929.23,1937.86,6111050000,67708280000
2024-12-05,801790.SI,1931.43,1959.51,1931.43,1950.40,6353650000,69410120000
2024-12-06,801790.SI,1949.39,2006.26,1941.12,1984.98,8413390000,102744550000
2024-12-09,801790.SI,1976.10,1990.13,1950.28,1968.68,6084870000,71558370000
2024-12-10,801790.SI,2073.03,2073.03,1986.15,1989.40,10438600000,138126130000
2024-12-11,801790.SI,1984.72,1998.36,1968.82,1976.99,6036790000,71857040000
2024-12-12,801790.SI,1977.64,2016.99,1970.21,2003.68,7852670000,88805420000
2024-12-13,801790.SI,1984.62,1984.62,1938.14,1939.62,8425360000,102749940000
2024-12-16,801790.SI,1933.63,1933.85,1904.87,1912.03,5596470000,65878660000
2024-12-17,801790.SI,1906.59,1925.75,1902.70,1908.72,5366110000,62666290000
2024-12-18,801790.SI,1916.69,1925.57,1904.19,1907.82,4434710000,49475150000
2024-12-19,801790.SI,1888.27,1908.44,1886.17,1904.45,4168210000,46941210000
2024-12-20,801790.SI,1901.00,1919.01,1898.32,1905.94,4295870000,50619870000
2024-12-23,801790.SI,1899.72,1922.29,1888.61,1890.48,4519380000,51403670000
2024-12-24,801790.SI,1892.00,1923.58,1892.00,1922.56,4438590000,53589170000
2024-12-25,801790.SI,1923.06,1927.45,1898.80,1914.74,4384350000,49028690000
2024-12-26,801790.SI,1911.33,1918.33,1908.52,1912.12,3646420000,41240380000
2024-12-27,801790.SI,1912.15,1948.05,1905.98,1922.18,5977760000,73473350000
2024-12-30,801790.SI,1916.43,1942.67,1916.43,1942.16,4482500000,58375890000
2024-12-31,801790.SI,1940.31,1942.71,1866.30,1866.30,6270840000,76189890000
2025-01-02,801790.SI,1860.20,1860.20,1758.59,1774.70,6868950000,84073140000
2025-01-03,801790.SI,1777.00,1777.00,1729.49,1732.07,5220350000,57998590000
2025-01-06,801790.SI,1726.48,1756.06,1715.69,1729.73,3797640000,40234990000
2025-01-07,801790.SI,1731.29,1745.10,1720.42,1742.31,3831540000,38916990000
2025-01-08,801790.SI,1735.90,1745.42,1698.78,1732.81,4828580000,49910020000
2025-01-09,801790.SI,1726.67,1738.65,1719.14,1721.55,3067550000,30599440000
2025-01-10,801790.SI,1721.80,1731.28,1689.86,1689.86,3231400000,34028340000
2025-01-13,801790.SI,1670.38,1694.62,1670.38,1691.25,2996960000,31521730000
2025-01-14,801790.SI,1698.17,1756.69,1697.28,1753.05,5644150000,64238560000
2025-01-15,801790.SI,1743.89,1751.05,1735.19,1739.01,4071870000,41398250000
2025-01-16,801790.SI,1748.20,1767.17,1726.83,1740.38,3867970000,41081170000
2025-01-17,801790.SI,1733.66,1755.75,1732.53,1746.03,3345350000,35243670000
2025-01-20,801790.SI,1762.17,1776.96,1753.54,1757.13,4031810000,42877890000
2025-01-21,801790.SI,1771.11,1771.11,1745.67,1759.16,3536150000,37880960000
2025-01-22,801790.SI,1752.95,1757.14,1735.45,1744.33,3399360000,36960930000
2025-01-23,801790.SI,1779.73,1819.16,1767.52,1767.52,7230610000,81294280000
2025-01-24,801790.SI,1760.16,1794.57,1760.16,1784.84,4786360000,51949930000
2025-01-27,801790.SI,1789.93,1791.17,1749.59,1749.59,4109990000,44073380000
2025-02-05,801790.SI,1762.90,1762.90,1737.51,1740.42,3339730000,36138440000
2025-02-06,801790.SI,1738.34,1771.46,1736.78,1768.06,4453040000,46534850000
2025-02-07,801790.SI,1766.10,1826.59,1762.85,1803.28,7734860000,86281690000
2025-02-10,801790.SI,1803.86,1816.37,1800.49,1808.39,5413790000,57324610000
2025-02-11,801790.SI,1810.60,1810.60,1784.88,1795.12,4746760000,50750640000
2025-02-12,801790.SI,1792.39,1821.95,1788.78,1821.94,5813840000,60498090000
2025-02-13,801790.SI,1818.39,1840.58,1806.02,1813.92,8334830000,81321350000
2025-02-14,801790.SI,1806.90,1826.66,1802.12,1822.12,5925560000,58697840000
2025-02-17,801790.SI,1838.58,1845.13,1814.86,1826.46,6333850000,67289900000
2025-02-18,801790.SI,1819.00,1822.94,1782.47,1786.21,6168370000,64379190000
2025-02-19,801790.SI,1783.50,1810.57,1782.38,1803.91,5316010000,56299780000
2025-02-20,801790.SI,1797.85,1801.24,1787.90,1791.35,4320950000,46665220000
2025-02-21,801790.SI,1795.16,1830.31,1779.24,1823.85,7035000000,79775840000
2025-02-24,801790.SI,1819.51,1834.91,1812.31,1823.55,5537980000,64042870000
2025-02-25,801790.SI,1804.75,1818.97,1788.93,1792.63,4381660000,49664400000
2025-02-26,801790.SI,1796.71,1831.96,1794.83,1831.90,6043890000,69894150000
2025-02-27,801790.SI,1823.82,1837.67,1801.02,1828.35,6840190000,80552060000
2025-02-28,801790.SI,1817.75,1832.54,1771.24,1771.62,6532870000,75006160000
2025-03-03,801790.SI,1774.71,1786.85,1758.07,1765.36,4664050000,50584010000
2025-03-04,801790.SI,1755.87,1773.20,1755.67,1768.01,3537810000,37949440000
2025-03-05,801790.SI,1768.21,1777.09,1756.32,1772.18,3635580000,40787480000
2025-03-06,801790.SI,1784.54,1823.81,1783.47,1818.60,6607430000,77707760000
2025-03-07,801790.SI,1810.79,1810.79,1789.83,1793.64,5642300000,60537580000
2025-03-10,801790.SI,1789.43,1789.43,1769.16,1778.57,3609400000,41126380000
2025-03-11,801790.SI,1761.11,1785.06,1761.11,1785.06,3538500000,40494950000
2025-03-12,801790.SI,1787.09,1810.95,1780.16,1790.02,5055260000,60336240000
2025-03-13,801790.SI,1786.08,1796.38,1769.79,1779.49,4011340000,46719470000
2025-03-14,801790.SI,1783.65,1867.36,1783.65,1850.17,9175160000,118404340000
2025-03-17,801790.SI,1848.88,1849.62,1835.00,1839.29,5074140000,61830970000
2025-03-18,801790.SI,1848.71,1852.24,1837.92,1842.57,3571850000,43657730000
2025-03-19,801790.SI,1840.51,1852.21,1837.90,1844.56,3642010000,44128850000
2025-03-20,801790.SI,1843.72,1843.72,1813.72,1817.22,3539880000,45465120000
2025-03-21,801790.SI,1812.00,1820.87,1784.39,1788.65,4462070000,51602930000
2025-03-24,801790.SI,1787.32,1794.24,1776.51,1791.19,3813440000,41744970000
2025-03-25,801790.SI,1791.60,1793.46,1780.13,1783.69,2833520000,31573990000
2025-03-26,801790.SI,1782.92,1789.93,1781.45,1781.45,2700160000,28595300000
2025-03-27,801790.SI,1779.16,1799.90,1772.03,1787.07,3308840000,36511660000
2025-03-28,801790.SI,1790.15,1795.59,1782.66,1786.93,3456210000,38452890000
2025-03-31,801790.SI,1781.09,1789.00,1752.76,1760.89,5413370000,51509470000
2025-04-01,801790.SI,1763.59,1771.98,1753.79,1757.86,4150760000,40650180000
2025-04-02,801790.SI,1756.18,1773.10,1756.18,1767.99,3964100000,36695130000
2025-04-03,801790.SI,1751.99,1774.97,1751.99,1763.44,3894350000,39952810000
2025-04-07,801790.SI,1676.44,1684.82,1577.56,1604.91,7089540000,81910770000
2025-04-08,801790.SI,1613.25,1628.78,1604.21,1628.51,6072750000,64365910000
2025-04-09,801790.SI,1614.16,1659.27,1598.12,1650.21,6479940000,65934740000
2025-04-10,801790.SI,1674.71,1690.13,1660.73,1673.27,6092880000,64276900000
2025-04-11,801790.SI,1670.68,1682.56,1660.55,1671.97,4196970000,43905930000
2025-04-14,801790.SI,1681.51,1685.45,1674.94,1678.19,3984530000,38891910000
2025-04-15,801790.SI,1677.27,1677.98,1665.44,1676.93,2947950000,30429690000
2025-04-16,801790.SI,1672.62,1675.35,1652.89,1673.26,3280460000,33501070000
2025-04-17,801790.SI,1665.58,1680.22,1665.05,1675.07,2603590000,26928420000
2025-04-18,801790.SI,1670.87,1688.36,1670.86,1685.27,3434330000,32605160000
2025-04-21,801790.SI,1680.05,1695.93,1678.91,1692.24,3326760000,33097510000
2025-04-22,801790.SI,1690.66,1704.71,1690.66,1696.62,3632730000,37924320000
2025-04-23,801790.SI,1704.86,1708.66,1694.63,1699.09,3853930000,42235090000
2025-04-24,801790.SI,1698.29,1709.60,1691.88,1695.91,3394200000,36671430000
2025-04-25,801790.SI,1699.67,1712.70,1699.35,1705.03,3743280000,40111870000
2025-04-28,801790.SI,1695.99,1697.47,1683.71,1693.55,3316750000,34486650000
2025-04-29,801790.SI,1692.58,1699.21,1685.30,1686.74,2751340000,28267930000
2025-04-30,801790.SI,1690.86,1704.72,1687.17,1687.17,3483900000,34803970000
2025-05-06,801790.SI,1697.78,1714.35,1695.38,1710.44,4219010000,43654320000
2025-05-07,801790.SI,1753.99,1761.83,1716.53,1722.77,5627890000,63329210000
2025-05-08,801790.SI,1715.65,1741.37,1715.65,1732.88,3511870000,41963280000
2025-05-09,801790.SI,1731.51,1731.51,1715.91,1716.63,2956660000,31422640000
2025-05-12,801790.SI,1728.68,1754.15,1725.13,1752.28,3958280000,48128410000
2025-05-13,801790.SI,1762.74,1762.74,1740.04,1743.69,3423290000,39384590000
2025-05-14,801790.SI,1742.77,1837.56,1740.43,1813.20,8461000000,105045230000
2025-05-15,801790.SI,1797.21,1805.54,1779.71,1780.96,4907400000,56262230000
2025-05-16,801790.SI,1775.83,1775.83,1756.55,1759.36,3271960000,36504900000
2025-05-19,801790.SI,1757.67,1764.02,1751.37,1758.53,2940510000,31606300000
2025-05-20,801790.SI,1761.72,1771.91,1757.36,1763.06,2824710000,31869210000
2025-05-21,801790.SI,1761.39,1770.32,1759.97,1760.22,2735630000,29832730000
2025-05-22,801790.SI,1756.91,1759.09,1749.15,1753.68,2499070000,25949230000
2025-05-23,801790.SI,1751.15,1762.03,1729.02,1729.02,3021790000,33751250000
2025-05-26,801790.SI,1727.03,1741.56,1723.76,1731.25,2186050000,24241640000
2025-05-27,801790.SI,1730.74,1735.67,1723.01,1728.16,1910680000,20138510000
2025-05-28,801790.SI,1729.58,1732.80,1721.25,1722.37,1854190000,20662340000
2025-05-29,801790.SI,1723.47,1744.54,1721.80,1740.85,2846270000,32094930000
2025-05-30,801790.SI,1735.04,1737.50,1722.48,1731.99,2651750000,31643000000
2025-06-03,801790.SI,1726.58,1756.76,1726.58,1748.77,3166840000,37098370000
2025-06-04,801790.SI,1745.61,1770.77,1745.55,1766.05,3640320000,41972150000
2025-06-05,801790.SI,1766.60,1786.36,1763.64,1781.56,3933060000,47527410000
2025-06-06,801790.SI,1781.40,1784.06,1764.72,1766.54,2808760000,33892790000
2025-06-09,801790.SI,1775.52,1793.62,1775.52,1787.70,4006830000,48104870000
2025-06-10,801790.SI,1786.82,1792.59,1759.67,1767.77,3803870000,45150400000
2025-06-11,801790.SI,1770.45,1815.83,1770.45,1801.44,5370330000,62702150000
2025-06-12,801790.SI,1791.49,1821.28,1791.41,1804.95,4841750000,52770190000
2025-06-13,801790.SI,1799.76,1801.14,1782.57,1787.09,4724550000,51026770000
2025-06-16,801790.SI,1782.08,1808.15,1782.08,1806.50,3749620000,44967740000
2025-06-17,801790.SI,1805.96,1810.99,1799.40,1810.94,3571560000,44768670000
2025-06-18,801790.SI,1807.39,1807.39,1779.49,1789.98,3613100000,43840890000
2025-06-19,801790.SI,1786.34,1786.53,1754.86,1758.06,3698580000,42437420000
2025-06-20,801790.SI,1758.63,1774.71,1758.63,1767.53,2827090000,35648480000
2025-06-23,801790.SI,1757.73,1791.07,1757.73,1786.64,3135750000,39162700000
2025-06-24,801790.SI,1790.78,1845.79,1790.78,1834.44,5889770000,73789310000
2025-06-25,801790.SI,1840.35,1922.60,1840.35,1916.22,11816580000,139641470000
2025-06-26,801790.SI,1915.11,1915.11,1891.16,1893.24,10117750000,110359160000
2025-06-27,801790.SI,1894.59,1938.39,1882.60,1885.18,10759350000,114988570000
2025-06-30,801790.SI,1872.83,1879.07,1855.60,1870.63,6977770000,73400890000
2025-07-01,801790.SI,1872.63,1872.63,1854.52,1864.12,5453500000,57104820000
2025-07-02,801790.SI,1863.00,1865.82,1854.70,1856.91,4318560000,45859200000
2025-07-03,801790.SI,1858.51,1868.26,1855.50,1864.22,3863200000,42144520000
2025-07-04,801790.SI,1861.43,1901.44,1850.32,1871.55,6604710000,72143250000
2025-07-07,801790.SI,1866.29,1879.98,1866.29,1875.82,4654610000,48544880000
2025-07-08,801790.SI,1874.12,1895.47,1874.01,1892.79,6506810000,67568400000
2025-07-09,801790.SI,1893.16,1904.20,1879.42,1881.31,7411470000,75017840000
2025-07-10,801790.SI,1877.56,1919.43,1877.56,1907.13,8395650000,90048710000
2025-07-11,801790.SI,1915.21,1982.78,1911.73,1945.59,13464250000,154044050000
2025-07-14,801790.SI,1949.58,1949.58,1925.53,1925.53,8074850000,85730040000
2025-07-15,801790.SI,1930.09,1938.78,1906.66,1914.19,6463560000,71266830000
2025-07-16,801790.SI,1914.06,1918.47,1892.76,1906.02,5048080000,57191180000
2025-07-17,801790.SI,1904.86,1916.74,1904.18,1915.03,5173530000,58153930000
2025-07-18,801790.SI,1914.87,1928.05,1913.41,1921.37,5991010000,64740400000
2025-07-21,801790.SI,1918.60,1943.69,1918.22,1937.35,6569070000,76985780000
2025-07-22,801790.SI,1937.57,1940.06,1912.42,1935.15,6385700000,74585240000
2025-07-23,801790.SI,1940.42,1985.31,1940.42,1960.08,9719230000,119050350000
2025-07-24,801790.SI,1952.48,2003.88,1952.48,2000.45,9760930000,115405850000
2025-07-25,801790.SI,2001.75,2002.22,1983.44,1989.03,7771680000,90126140000
2025-07-28,801790.SI,1989.78,2036.16,1989.78,2019.03,7007530000,89314080000
2025-07-29,801790.SI,2010.03,2015.61,1986.41,2015.61,7007900000,81968480000
2025-07-30,801790.SI,2011.92,2029.26,1993.82,2008.13,6782410000,80754670000
2025-07-31,801790.SI,1995.81,2004.26,1947.96,1956.59,7107340000,80253710000
2025-08-01,801790.SI,1953.94,1966.88,1937.82,1941.35,5127450000,56247510000
2025-08-04,801790.SI,1933.04,1945.42,1932.73,1944.77,3840750000,41907050000
2025-08-05,801790.SI,1949.64,1969.19,1949.34,1968.72,4620140000,53721800000
2025-08-06,801790.SI,1965.85,1975.50,1961.03,1972.39,3972930000,45199380000
2025-08-07,801790.SI,1974.26,1988.67,1958.86,1968.55,4403560000,50678170000
2025-08-08,801790.SI,1964.86,1965.04,1947.56,1952.79,3668840000,44259150000
2025-08-11,801790.SI,1953.44,1979.83,1953.44,1968.61,4970880000,62326410000
2025-08-12,801790.SI,1970.31,1982.59,1967.46,1981.34,5332650000,61235230000
2025-08-13,801790.SI,1988.67,2020.75,1975.89,2003.82,9558290000,114959030000
2025-08-14,801790.SI,2006.00,2050.53,2006.00,2015.72,9354080000,123367030000
2025-08-15,801790.SI,2008.77,2099.99,2000.59,2079.34,13603970000,181686780000
2025-08-18,801790.SI,2092.91,2132.27,2067.33,2096.19,13561170000,179824030000
2025-08-19,801790.SI,2090.43,2105.53,2061.08,2061.90,9221310000,121354750000
2025-08-20,801790.SI,2053.68,2086.22,2039.26,2086.22,8187640000,101733760000
2025-08-21,801790.SI,2099.87,2099.87,2069.48,2077.85,7213860000,89291680000
2025-08-22,801790.SI,2071.04,2135.22,2071.04,2135.22,10059100000,133921960000
2025-08-25,801790.SI,2153.67,2175.42,2128.44,2154.74,11690650000,152447000000
2025-08-26,801790.SI,2143.68,2152.73,2129.51,2131.96,7590320000,95065600000
2025-08-27,801790.SI,2130.36,2138.95,2075.14,2075.14,10321260000,129703650000
2025-08-28,801790.SI,2072.34,2106.51,2057.81,2105.98,8947150000,111263220000
2025-08-29,801790.SI,2115.25,2145.46,2109.96,2118.30,8681150000,129475570000
2025-09-01,801790.SI,2122.72,2122.72,2084.97,2091.09,7052010000,98651450000
2025-09-02,801790.SI,2089.41,2091.26,2058.22,2069.11,8734270000,106386180000
2025-09-03,801790.SI,2077.68,2077.68,1993.94,2005.92,7714710000,97040370000
2025-09-04,801790.SI,2004.06,2010.25,1978.71,1997.96,7875730000,93565240000
2025-09-05,801790.SI,2000.03,2015.37,1982.73,2013.17,6122870000,70691300000
2025-09-08,801790.SI,2007.55,2012.79,1992.40,2000.22,5205600000,62025670000
2025-09-09,801790.SI,1999.05,2018.27,1993.63,2001.27,5015130000,60444160000
2025-09-10,801790.SI,1999.68,2009.44,1991.48,1996.61,4217930000,47654880000
2025-09-11,801790.SI,1993.36,2048.83,1986.80,2048.83,8095110000,93848670000
2025-09-12,801790.SI,2048.21,2053.73,2015.95,2018.88,6302790000,75659530000
2025-09-15,801790.SI,2018.19,2030.96,2005.69,2011.44,4792560000,62719430000
2025-09-16,801790.SI,2012.29,2021.56,1994.05,2007.97,6384230000,79456400000
2025-09-17,801790.SI,2007.41,2030.57,2007.41,2018.97,7930570000,101813300000
2025-09-18,801790.SI,2014.22,2014.22,1949.25,1962.20,9828410000,122672220000
2025-09-19,801790.SI,1957.65,1962.94,1943.40,1944.95,5200760000,60931010000
2025-09-22,801790.SI,1948.80,1961.34,1946.41,1960.78,4029910000,50112150000
2025-09-23,801790.SI,1949.79,1950.51,1921.28,1934.79,5449790000,66720220000
2025-09-24,801790.SI,1930.17,1958.18,1928.70,1950.20,4736420000,59654050000
2025-09-25,801790.SI,1947.35,1958.04,1944.60,1947.24,4043560000,52390710000
2025-09-26,801790.SI,1942.53,1960.51,1941.28,1943.12,3888200000,50496230000
2025-09-29,801790.SI,1939.87,2061.24,1939.87,2017.80,9993760000,148006840000
2025-09-30,801790.SI,2010.29,2018.15,1989.95,1994.85,6284960000,94468860000
2025-10-09,801790.SI,1982.50,2004.43,1963.16,1996.87,6484620000,95088160000
2025-10-10,801790.SI,1986.51,2032.88,1986.51,2004.82,6541530000,95627410000
2025-10-13,801790.SI,1954.16,1985.09,1954.16,1980.99,5816260000,77205290000
2025-10-14,801790.SI,1989.62,2017.09,1984.70,1988.89,6386120000,88979530000
2025-10-15,801790.SI,1993.02,2018.42,1982.84,2018.42,5368100000,75679200000
2025-10-16,801790.SI,2011.22,2030.98,2011.22,2018.46,4511190000,66127760000
2025-10-17,801790.SI,2016.25,2027.82,1977.32,1977.98,5283620000,70450400000
2025-10-20,801790.SI,2005.63,2005.63,1983.71,1987.74,3954180000,53261110000
2025-10-21,801790.SI,1990.24,2030.40,1990.24,2006.23,5768690000,75340310000
2025-10-22,801790.SI,1996.80,1999.11,1987.93,1992.96,3571330000,44036440000
2025-10-23,801790.SI,1992.34,2013.12,1978.25,2012.05,4010060000,50898560000
2025-10-24,801790.SI,2007.42,2020.17,2001.22,2017.91,4486870000,62656410000
2025-10-27,801790.SI,2035.40,2046.86,2023.77,2034.08,6523920000,94346560000
2025-10-28,801790.SI,2027.45,2039.54,2021.48,2024.55,4582250000,62996100000
2025-10-29,801790.SI,2028.87,2070.23,2028.87,2066.69,7619020000,101177310000
2025-10-30,801790.SI,2062.87,2067.89,2034.59,2035.29,6789850000,87325790000
2025-10-31,801790.SI,2042.13,2042.13,2008.58,2008.58,5683170000,71766710000
2025-11-03,801790.SI,2008.35,2009.75,1990.27,2007.29,4373060000,53285170000
2025-11-04,801790.SI,2003.25,2011.24,1997.68,2004.94,3744460000,46474710000
2025-11-05,801790.SI,1989.40,2004.12,1989.40,1995.09,3447710000,40904740000
2025-11-06,801790.SI,1998.94,2026.47,1998.94,2018.51,4409130000,57848590000
2025-11-07,801790.SI,2010.06,2015.56,2004.36,2005.20,3570170000,43323870000
2025-11-10,801790.SI,2003.68,2035.32,2001.93,2029.59,4155580000,53492770000
2025-11-11,801790.SI,2029.95,2032.84,2007.41,2009.22,3800870000,47562480000
2025-11-12,801790.SI,2009.72,2022.04,2004.00,2009.53,3784370000,52620100000
2025-11-13,801790.SI,2008.16,2032.88,2008.16,2032.39,3571040000,48577700000
2025-11-14,801790.SI,2022.12,2034.88,2008.36,2008.36,3497590000,45216490000
2025-11-17,801790.SI,2005.66,2005.66,1981.29,1986.16,3343100000,40678580000
2025-11-18,801790.SI,1983.29,1997.32,1979.64,1983.30,3343520000,40892200000
2025-11-19,801790.SI,1983.26,1999.89,1983.26,1989.50,3235210000,41234300000
2025-11-20,801790.SI,2016.95,2016.95,1980.63,1980.63,4073590000,49708950000
2025-11-21,801790.SI,1966.45,1976.23,1919.09,1919.09,4721840000,56061090000
2025-11-24,801790.SI,1926.64,1930.38,1915.31,1918.09,2995310000,36024060000
2025-11-25,801790.SI,1924.36,1940.59,1923.07,1933.08,2911440000,35682720000
2025-11-26,801790.SI,1935.45,1939.83,1930.27,1930.51,2386850000,28698520000
2025-11-27,801790.SI,1927.12,1940.59,1922.07,1928.92,2367620000,29250870000
2025-11-28,801790.SI,1926.82,1933.16,1914.18,1932.15,2329550000,28452330000
2025-12-01,801790.SI,1925.37,1935.89,1924.60,1932.72,3458540000,38807080000
2025-12-02,801790.SI,1931.66,1933.55,1918.35,1921.40,2651200000,30521690000
2025-12-03,801790.SI,1924.12,1928.80,1900.40,1903.60,2779330000,30987060000
2025-12-04,801790.SI,1903.78,1914.92,1899.63,1909.15,2412660000,26625360000
2025-12-05,801790.SI,1908.24,1987.76,1908.24,1975.96,5400910000,71363710000
2025-12-08,801790.SI,1998.62,2034.89,1998.62,2013.58,6967120000,90816960000
2025-12-09,801790.SI,2004.35,2007.01,1983.69,1986.08,3918440000,48144660000
2025-12-10,801790.SI,1984.05,1996.39,1973.45,1992.28,3452580000,41352770000
2025-12-11,801790.SI,1995.12,1995.12,1967.66,1972.21,3206160000,38260720000
2025-12-12,801790.SI,1971.79,1998.69,1965.73,1991.97,3626340000,49344720000
2025-12-15,801790.SI,1980.91,2043.12,1980.91,2023.71,3443920000,51991800000
2025-12-16,801790.SI,2016.45,2032.16,2005.81,2011.15,3102610000,44251310000
2025-12-17,801790.SI,2011.54,2065.83,2003.82,2049.97,4613320000,64188960000
2025-12-18,801790.SI,2047.30,2049.71,2034.29,2040.74,3446190000,49090620000
2025-12-19,801790.SI,2035.98,2059.04,2029.94,2049.66,3562560000,46997010000
2025-12-22,801790.SI,2047.89,2056.70,2046.19,2050.19,3075360000,40490970000
2025-12-23,801790.SI,2050.07,2071.42,2047.99,2053.99,3436100000,46160190000
2025-12-24,801790.SI,2048.79,2064.96,2044.17,2060.14,3139890000,41284810000
2025-12-25,801790.SI,2059.21,2089.34,2058.92,2082.35,3457490000,48468100000
2025-12-26,801790.SI,2077.84,2115.19,2077.19,2092.58,4668350000,62796830000
2025-12-29,801790.SI,2089.46,2101.66,2074.30,2077.28,3874300000,51174690000
2025-12-30,801790.SI,2072.04,2079.53,2060.62,2063.60,3463630000,49948880000
2025-12-31,801790.SI,2062.99,2074.21,2053.58,2054.14,3194890000,43630760000
2026-01-05,801790.SI,2062.91,2121.19,2062.91,2118.62,4933480000,73169700000
2026-01-06,801790.SI,2118.15,2200.28,2118.15,2197.57,8892170000,127582590000
2026-01-07,801790.SI,2191.15,2199.13,2161.89,2172.79,5902670000,85453800000
2026-01-08,801790.SI,2159.03,2159.03,2102.08,2111.77,5845050000,88059140000
2026-01-09,801790.SI,2113.71,2125.87,2093.78,2107.56,5575700000,82722610000
2026-01-12,801790.SI,2107.39,2124.94,2091.50,2118.64,8284440000,107149710000
2026-01-13,801790.SI,2126.78,2159.85,2109.41,2115.81,7375410000,96443380000
2026-01-14,801790.SI,2111.98,2152.64,2091.16,2098.11,9312610000,127281810000
2026-01-15,801790.SI,2086.40,2110.06,2068.47,2075.63,5963150000,80844320000
2026-01-16,801790.SI,2087.35,2093.13,2046.76,2052.10,4933820000,69616680000
2026-01-19,801790.SI,2046.51,2056.53,2038.85,2048.15,3775560000,52590280000
2026-01-20,801790.SI,2048.63,2063.87,2046.53,2055.80,4063860000,55301580000
2026-01-21,801790.SI,2052.91,2057.13,2035.95,2039.70,3832540000,52185680000
2026-01-22,801790.SI,2042.90,2056.48,2028.09,2032.20,3764450000,52328810000
2026-01-23,801790.SI,2038.67,2039.82,2015.27,2022.27,4566230000,64925770000
2026-01-26,801790.SI,2022.17,2071.45,2022.17,2038.27,6466810000,92075270000
2026-01-27,801790.SI,2036.01,2046.01,2022.19,2034.62,4825020000,67451500000
2026-01-28,801790.SI,2038.67,2050.83,2026.92,2030.03,5046550000,71862020000
2026-01-29,801790.SI,2028.76,2078.87,2014.39,2076.24,5992550000,93478500000
2026-01-30,801790.SI,2071.32,2075.89,2037.36,2043.23,4861410000,67011400000
2026-02-02,801790.SI,2035.74,2069.23,2011.45,2013.45,4831560000,65125110000
2026-02-03,801790.SI,2029.41,2029.41,1995.95,2016.90,3831990000,54260130000
2026-02-04,801790.SI,2011.84,2044.24,2011.84,2042.51,3857510000,52290270000
2026-02-05,801790.SI,2037.00,2051.24,2020.00,2043.74,3729850000,50234490000
2026-02-06,801790.SI,2031.80,2045.87,2024.63,2030.92,3211490000,43474460000
2026-02-09,801790.SI,2044.39,2063.67,2039.04,2060.45,3264620000,45241700000
2026-02-10,801790.SI,2059.82,2059.82,2051.26,2052.50,2418680000,31966400000
2026-02-11,801790.SI,2053.12,2055.84,2037.65,2042.70,2425240000,33723060000
2026-02-12,801790.SI,2042.85,2042.85,2022.80,2024.16,2653180000,35751850000
2026-02-13,801790.SI,2022.65,2026.40,1998.71,1998.71,3050590000,40003470000
2026-02-24,801790.SI,2009.40,2009.40,1990.14,1990.26,2797050000,36472670000
2026-02-25,801790.SI,1993.45,2020.76,1993.45,2002.35,4314750000,53304510000
2026-02-26,801790.SI,2006.23,2006.23,1969.72,1973.82,3334490000,46637110000
2026-02-27,801790.SI,1972.78,1981.64,1969.19,1975.15,3318310000,41224630000
2026-03-02,801790.SI,1955.68,1965.09,1933.38,1950.66,4437250000,56713140000
2026-03-03,801790.SI,1951.20,1975.86,1936.75,1938.57,5048920000,64978660000
2026-03-04,801790.SI,1924.08,1924.08,1885.35,1896.69,4224360000,55180720000
2026-03-05,801790.SI,1913.25,1916.30,1897.38,1903.70,3114160000,38745030000
2026-03-06,801790.SI,1896.10,1932.36,1896.10,1924.99,3298550000,40225930000
2026-03-09,801790.SI,1895.46,1895.46,1874.60,1890.50,3516180000,47248500000
2026-03-10,801790.SI,1903.31,1914.23,1899.79,1907.72,2755750000,35250160000
2026-03-11,801790.SI,1907.67,1918.48,1901.07,1913.55,2823810000,35694550000
2026-03-12,801790.SI,1907.27,1917.35,1896.67,1905.59,3174390000,38942050000
2026-03-13,801790.SI,1898.02,1907.32,1885.51,1887.83,3121090000,37240740000
2026-03-16,801790.SI,1887.52,1887.52,1870.40,1879.64,3294000000,41665580000
2026-03-17,801790.SI,1882.18,1935.63,1882.18,1903.72,5244010000,67720490000
2026-03-18,801790.SI,1901.79,1904.00,1891.37,1901.67,3424940000,39850600000
2026-03-19,801790.SI,1885.25,1886.79,1869.61,1874.10,4188940000,47612060000
2026-03-20,801790.SI,1875.65,1876.19,1839.69,1839.69,4174820000,49874230000
2026-03-23,801790.SI,1812.88,1812.88,1759.25,1765.84,5159400000,61178770000
2026-03-24,801790.SI,1784.72,1794.54,1765.15,1786.27,4052550000,45435770000
2026-03-25,801790.SI,1790.22,1811.37,1790.22,1807.69,3727920000,41559290000
2026-03-26,801790.SI,1803.33,1803.34,1754.71,1758.20,3269590000,42527610000
2026-03-27,801790.SI,1749.45,1774.06,1749.45,1766.51,2947700000,35509480000
2026-03-30,801790.SI,1746.75,1755.72,1738.48,1753.30,3010010000,35634730000
2026-03-31,801790.SI,1752.67,1773.18,1746.50,1746.50,3200300000,37544380000
2026-04-01,801790.SI,1772.20,1780.13,1770.65,1777.55,2944050000,35316250000
2026-04-02,801790.SI,1771.98,1771.98,1743.49,1748.20,2851900000,31597760000
2026-04-03,801790.SI,1756.49,1756.85,1736.72,1737.12,3002430000,32494590000
2026-04-07,801790.SI,1737.20,1742.16,1723.30,1729.78,2829880000,33005870000
2026-04-08,801790.SI,1762.76,1804.16,1762.76,1804.13,5247310000,62644930000
2026-04-09,801790.SI,1786.97,1786.97,1763.58,1767.05,3210090000,37351310000
2026-04-10,801790.SI,1788.87,1845.10,1788.87,1811.39,6311940000,77971960000
2026-04-13,801790.SI,1794.61,1818.23,1794.21,1809.02,3828440000,47466090000
2026-04-14,801790.SI,1822.26,1825.79,1806.68,1825.69,3395280000,42559660000
2026-04-15,801790.SI,1834.29,1834.50,1813.96,1814.84,2770850000,34633890000
2026-04-16,801790.SI,1819.87,1833.13,1816.02,1822.82,3321470000,41312320000
2026-04-17,801790.SI,1818.40,1820.41,1806.42,1814.74,2973740000,38744870000
2026-04-20,801790.SI,1815.97,1822.07,1813.38,1819.22,2823650000,36135680000
2026-04-21,801790.SI,1815.68,1819.07,1803.63,1805.40,2760980000,33365250000
2026-04-22,801790.SI,1801.23,1830.46,1797.26,1816.50,3750190000,46770930000
2026-04-23,801790.SI,1813.25,1820.19,1798.17,1803.68,3296730000,39674870000
2026-04-24,801790.SI,1797.25,1797.25,1776.90,1789.48,2926620000,34010360000
2026-04-27,801790.SI,1790.49,1807.50,1786.10,1788.19,3273450000,40011690000
2026-04-28,801790.SI,1788.67,1820.22,1788.67,1802.93,4125860000,53350530000
2026-04-29,801790.SI,1798.80,1827.90,1798.80,1825.54,3932190000,53025210000
2026-04-30,801790.SI,1824.85,1860.84,1824.50,1826.57,5201610000,62974290000
2026-05-06,801790.SI,1829.70,1855.26,1829.60,1842.86,5274800000,63071600000
2026-05-07,801790.SI,1853.73,1854.48,1837.92,1846.76,4763870000,61250210000
2026-05-08,801790.SI,1840.27,1845.27,1832.93,1837.26,3494780000,42633400000
2026-05-11,801790.SI,1832.02,1866.88,1824.12,1859.37,5728760000,74942630000
2026-05-12,801790.SI,1857.15,1870.11,1850.64,1855.48,5219240000,62677750000
2026-05-13,801790.SI,1850.16,1856.78,1823.35,1836.29,4610430000,60476930000
2026-05-14,801790.SI,1838.59,1841.36,1796.48,1796.48,4479500000,55982760000
2026-05-15,801790.SI,1797.56,1797.56,1751.69,1758.56,4414020000,53470270000
2026-05-18,801790.SI,1752.38,1757.88,1737.53,1747.36,3466800000,40438130000
2026-05-19,801790.SI,1749.26,1756.80,1733.12,1755.74,3741140000,44434960000
2026-05-20,801790.SI,1749.05,1750.89,1737.04,1743.02,3186070000,36753010000
2026-05-21,801790.SI,1754.64,1799.25,1738.45,1738.58,6356010000,79110310000
2026-05-22,801790.SI,1746.93,1748.29,1718.35,1719.85,4369520000,50676800000
2026-05-25,801790.SI,1727.47,1741.95,1717.87,1736.14,3535370000,43017840000
2026-05-26,801790.SI,1730.57,1765.62,1727.02,1745.94,4357560000,56904580000
2026-05-27,801790.SI,1738.81,1756.87,1712.15,1719.86,3959390000,48413600000
2026-05-28,801790.SI,1719.10,1719.10,1677.59,1689.92,3904590000,46568820000
2026-05-29,801790.SI,1692.43,1727.70,1692.43,1709.44,4585820000,59845690000
2026-06-01,801790.SI,1706.22,1724.57,1702.14,1714.12,3708150000,46682280000
2026-06-02,801790.SI,1711.59,1723.13,1699.93,1714.52,3657600000,46770760000
2026-06-03,801790.SI,1710.82,1720.33,1697.20,1706.46,3776300000,46026280000
2026-06-04,801790.SI,1698.85,1713.90,1677.19,1687.26,3515850000,39729780000
2026-06-05,801790.SI,1688.45,1711.83,1679.69,1681.47,3485320000,44279400000
2026-06-08,801790.SI,1664.01,1684.55,1652.89,1659.66,3846310000,46026430000
2026-06-09,801790.SI,1660.25,1671.84,1650.29,1669.71,2796450000,32701500000
2026-06-10,801790.SI,1649.82,1684.42,1649.61,1682.78,3925190000,47652170000
2026-06-11,801790.SI,1677.36,1700.25,1653.68,1666.05,3532640000,42600580000
2026-06-12,801790.SI,1667.15,1724.13,1659.61,1720.09,5990010000,73399080000
2026-06-15,801790.SI,1726.90,1794.36,1726.90,1755.82,7153000000,86756980000
2026-06-16,801790.SI,1744.84,1764.50,1743.94,1755.66,4938590000,62353730000
2026-06-17,801790.SI,1756.04,1765.54,1741.49,1750.56,3922330000,48334400000
2026-06-18,801790.SI,1744.93,1745.31,1680.08,1681.91,4723760000,65089890000
2026-06-22,801790.SI,1675.23,1797.54,1675.23,1796.90,8780710000,119830500000
2026-06-23,801790.SI,1792.42,1834.42,1776.16,1786.70,9333450000,121426920000
2026-06-24,801790.SI,1781.98,1803.98,1744.04,1748.76,7040270000,88659920000
2026-06-25,801790.SI,1744.02,1808.88,1733.90,1793.76,8608750000,112991100000
2026-06-26,801790.SI,1782.42,1798.05,1719.18,1719.88,7050210000,92024770000
2026-06-29,801790.SI,1728.05,1756.67,1721.38,1748.26,5582820000,75377160000
2026-06-30,801790.SI,1737.42,1759.65,1726.66,1740.70,4754940000,63055930000
2026-07-01,801790.SI,1738.14,1841.62,1733.61,1821.23,8536690000,118150340000
2026-07-02,801790.SI,1813.82,1823.30,1780.84,1783.08,6434140000,84299460000
2026-07-03,801790.SI,1796.36,1805.27,1775.58,1794.21,5005860000,65842110000
2026-07-06,801790.SI,1815.80,1815.80,1788.69,1809.36,4833970000,66584250000
2026-07-07,801790.SI,1800.43,1800.43,1756.64,1762.50,4352060000,55825360000
2026-07-08,801790.SI,1759.56,1772.94,1748.35,1748.36,3739390000,45243970000
2026-07-09,801790.SI,1746.79,1774.18,1737.92,1772.26,4467130000,56110620000
2026-07-10,801790.SI,1765.61,1770.65,1747.50,1748.61,4587830000,56332270000
2026-07-13,801790.SI,1742.41,1749.22,1729.66,1734.61,4107840000,48726550000
2026-07-14,801790.SI,1731.56,1743.46,1713.24,1743.46,4020940000,51518870000
2026-07-15,801790.SI,1741.63,1800.91,1741.63,1789.39,5400640000,69859610000
2026-07-16,801790.SI,1772.95,1779.63,1757.49,1763.83,4040330000,49374980000
2026-07-17,801790.SI,1757.43,1775.67,1738.73,1741.16,5195096500,61420583900
