trade_date,wind_code,open,high,low,close,volume,amt
2014-01-02,801760.SI,859.21,880.49,848.79,869.63,408142603,9317657598
2014-01-03,801760.SI,868.75,895.74,852.93,883.52,570923490,13020950532
2014-01-06,801760.SI,878.71,896.93,851.33,864.4,539797211,11668191185
2014-01-07,801760.SI,859.21,888.61,848.05,877.56,415639313,9826990413
2014-01-08,801760.SI,882.21,925.79,874.03,914.0,673772553,17186587575
2014-01-09,801760.SI,912.13,952.11,897.5,910.37,774173579,19117316332
2014-01-10,801760.SI,907.23,930.99,880.78,892.93,447808034,10004987798
2014-01-13,801760.SI,895.34,923.54,877.91,899.2,389401692,9307726893
2014-01-14,801760.SI,899.07,925.24,882.1,912.98,417094652,9342438803
2014-01-15,801760.SI,910.76,938.04,899.68,921.9,408438362,9496242907
2014-01-16,801760.SI,922.62,943.11,895.57,907.86,426361444,9985076403
2014-01-17,801760.SI,906.65,930.01,892.41,909.44,434199013,10694407173
2014-01-20,801760.SI,904.5,921.52,877.21,893.03,429908538,9770483781
2014-01-21,801760.SI,893.59,939.15,888.87,932.56,606392262,13435184838
2014-01-22,801760.SI,933.63,968.03,920.82,955.67,773705916,16869291831
2014-01-23,801760.SI,956.94,1007.46,946.43,988.02,1015254883,22595350203
2014-01-24,801760.SI,981.81,1015.62,968.51,996.09,827597100,18266192213
2014-01-27,801760.SI,988.02,1026.38,972.41,994.26,807155312,18051755647
2014-01-28,801760.SI,993.26,1010.62,960.76,981.42,548360990,13063716982
2014-01-29,801760.SI,982.31,1021.12,972.36,1008.11,666084519,15013825912
2014-01-30,801760.SI,1005.87,1046.27,992.79,1019.08,683019317,15489642739
2014-02-07,801760.SI,1010.91,1054.46,996.75,1043.86,745857947,15720052763
2014-02-10,801760.SI,1045.23,1071.59,1020.52,1050.37,864828166,19413885589
2014-02-11,801760.SI,1046.75,1065.19,998.55,1024.3,874266883,19336039115
2014-02-12,801760.SI,1020.16,1035.03,992.8,1015.87,661455040,14260285551
2014-02-13,801760.SI,1016.12,1041.75,970.44,990.06,927829690,18489505812
2014-02-14,801760.SI,993.55,1028.12,979.36,1013.24,757271597,14612244876
2014-02-17,801760.SI,1017.09,1042.28,995.26,1028.44,806358711,16001188922
2014-02-18,801760.SI,1028.6,1056.4,1005.95,1027.85,979980723,18295326185
2014-02-19,801760.SI,1024.59,1042.6,995.76,1020.54,734919317,14129249396
2014-02-20,801760.SI,1000.0,1000.0,1000.0,1000.0,646713519,12289323070
2014-02-21,801760.SI,997.65,1007.01,987.36,1000.62,562610000,11926800000
2014-02-24,801760.SI,999.21,1018.99,996.1,1017.51,616010000,13694180000
2014-02-25,801760.SI,1017.66,1040.43,972.04,978.67,952140000,20156670000
2014-02-26,801760.SI,967.83,967.83,934.29,959.03,637360000,13327030000
2014-02-27,801760.SI,960.79,975.0,918.45,923.77,708760000,15108610000
2014-02-28,801760.SI,921.08,933.47,903.98,931.63,534990000,10717830000
2014-03-03,801760.SI,927.87,949.92,925.35,948.93,454380000,8889900000
2014-03-04,801760.SI,946.0,951.54,931.08,942.63,425740000,9156860000
2014-03-05,801760.SI,944.57,948.72,936.83,938.58,431370000,8760040000
2014-03-06,801760.SI,939.19,947.15,923.11,945.06,454850000,10165250000
2014-03-07,801760.SI,949.32,955.41,939.13,942.18,490620000,10785200000
2014-03-10,801760.SI,928.24,928.24,895.54,896.54,510520000,10095720000
2014-03-11,801760.SI,891.9,905.19,887.05,898.41,339900000,6908860000
2014-03-12,801760.SI,899.4,917.59,889.65,906.57,390030000,8261600000
2014-03-13,801760.SI,906.46,916.83,903.9,916.83,291140000,6236940000
2014-03-14,801760.SI,913.9,927.11,911.18,920.15,290020000,6639760000
2014-03-17,801760.SI,921.4,942.76,921.4,942.6,353140000,7267780000
2014-03-18,801760.SI,946.28,953.8,943.42,952.35,443060000,9088700000
2014-03-19,801760.SI,949.92,950.93,936.13,939.98,347800000,7754540000
2014-03-20,801760.SI,938.35,944.21,903.17,903.45,414330000,9060620000
2014-03-21,801760.SI,895.92,918.75,880.69,917.85,474540000,8974160000
2014-03-24,801760.SI,913.9,917.23,907.99,910.39,324940000,7008780000
2014-03-25,801760.SI,909.62,921.33,908.72,919.53,339210000,6814520000
2014-03-26,801760.SI,921.49,928.13,920.43,926.16,316550000,6682210000
2014-03-27,801760.SI,923.62,923.63,897.5,897.5,326890000,6796570000
2014-03-28,801760.SI,895.81,897.79,869.26,873.41,341720000,6743150000
2014-03-31,801760.SI,869.33,869.39,855.36,860.69,317250000,5841300000
2014-04-01,801760.SI,856.03,873.3,855.87,871.45,276930000,5297440000
2014-04-02,801760.SI,872.37,874.61,851.22,860.06,312040000,5875600000
2014-04-03,801760.SI,859.26,872.16,855.92,861.42,277720000,5322050000
2014-04-04,801760.SI,860.25,876.94,857.59,876.94,288200000,5547370000
2014-04-08,801760.SI,869.96,882.24,867.11,882.05,338990000,6432370000
2014-04-09,801760.SI,889.77,909.03,889.64,899.11,503140000,8927560000
2014-04-10,801760.SI,901.02,910.43,897.85,904.22,374460000,7700010000
2014-04-11,801760.SI,898.43,902.91,894.38,900.87,314390000,6243180000
2014-04-14,801760.SI,903.39,911.1,903.38,908.09,332800000,6777190000
2014-04-15,801760.SI,908.68,911.09,901.95,902.68,359940000,7715130000
2014-04-16,801760.SI,900.61,904.57,896.93,902.56,319210000,6362840000
2014-04-17,801760.SI,905.45,914.46,905.1,905.29,380290000,7210190000
2014-04-18,801760.SI,903.58,913.66,901.54,910.17,344340000,6792990000
2014-04-21,801760.SI,903.73,914.05,899.11,899.75,433100000,7984330000
2014-04-22,801760.SI,897.3,905.52,878.74,893.0,473360000,8508440000
2014-04-23,801760.SI,890.44,892.34,876.7,880.54,377860000,7268360000
2014-04-24,801760.SI,880.06,882.58,865.64,875.48,413130000,7669160000
2014-04-25,801760.SI,872.96,874.63,854.53,855.55,341010000,6000250000
2014-04-28,801760.SI,847.93,848.93,828.41,828.52,382850000,6691500000
2014-04-29,801760.SI,827.11,840.13,827.11,839.82,300750000,5196860000
2014-04-30,801760.SI,841.35,857.64,840.99,852.63,330740000,6270920000
2014-05-05,801760.SI,851.06,860.43,849.34,860.22,294540000,5589540000
2014-05-06,801760.SI,860.2,872.88,859.24,868.34,350470000,7033960000
2014-05-07,801760.SI,863.43,865.49,849.29,849.29,319250000,6070920000
2014-05-08,801760.SI,845.91,860.79,844.18,847.73,306810000,5384960000
2014-05-09,801760.SI,848.32,850.06,832.38,841.18,354940000,5910090000
2014-05-12,801760.SI,845.65,860.13,840.82,857.34,368180000,6096690000
2014-05-13,801760.SI,856.91,868.96,856.56,862.31,362690000,6274240000
2014-05-14,801760.SI,861.54,866.65,856.75,859.94,304790000,4987020000
2014-05-15,801760.SI,859.72,863.46,846.0,846.1,352370000,6171410000
2014-05-16,801760.SI,844.0,846.86,826.99,835.87,309570000,5501280000
2014-05-19,801760.SI,834.98,840.1,828.6,836.13,287600000,4922130000
2014-05-20,801760.SI,841.39,851.55,840.54,842.9,370180000,6578770000
2014-05-21,801760.SI,838.48,846.52,831.14,846.5,338440000,5628740000
2014-05-22,801760.SI,846.59,860.72,846.58,848.85,442250000,7811600000
2014-05-23,801760.SI,847.93,865.91,845.11,865.87,423690000,7613880000
2014-05-26,801760.SI,868.72,880.25,868.52,880.17,545790000,9539400000
2014-05-27,801760.SI,878.32,878.33,868.73,869.81,417870000,7056330000
2014-05-28,801760.SI,869.68,887.05,868.41,886.1,532860000,9059300000
2014-05-29,801760.SI,885.95,887.81,867.97,868.52,432250000,7338090000
2014-05-30,801760.SI,872.0,873.27,860.43,869.39,447710000,7032620000
2014-06-03,801760.SI,868.66,881.09,868.63,876.29,457650000,7550630000
2014-06-04,801760.SI,876.93,876.93,866.01,876.83,469690000,7889990000
2014-06-05,801760.SI,876.63,908.13,875.83,907.44,760390000,13284040000
2014-06-06,801760.SI,907.08,911.37,893.59,900.79,676620000,11768920000
2014-06-09,801760.SI,897.7,905.12,891.9,892.42,594900000,10364140000
2014-06-10,801760.SI,892.42,910.91,883.21,908.25,626010000,11324690000
2014-06-11,801760.SI,904.95,915.95,904.26,909.46,577750000,10299180000
2014-06-12,801760.SI,907.59,915.38,902.26,907.77,563320000,10099420000
2014-06-13,801760.SI,906.71,917.84,901.89,916.34,588050000,10057280000
2014-06-16,801760.SI,915.81,926.94,915.55,926.03,606880000,10934440000
2014-06-17,801760.SI,926.6,926.6,913.7,913.86,492460000,9325080000
2014-06-18,801760.SI,913.19,916.78,901.77,902.06,470520000,8814180000
2014-06-19,801760.SI,900.59,905.76,867.09,873.66,536130000,9566690000
2014-06-20,801760.SI,873.74,881.99,868.12,878.35,322920000,6079010000
2014-06-23,801760.SI,879.26,898.03,878.78,893.5,393770000,7604850000
2014-06-24,801760.SI,892.91,901.41,892.73,899.26,440240000,7609110000
2014-06-25,801760.SI,898.81,898.81,889.75,894.67,440260000,7835550000
2014-06-26,801760.SI,893.32,909.75,893.31,905.26,502310000,8890670000
2014-06-27,801760.SI,907.06,913.22,904.77,909.27,497190000,9352380000
2014-06-30,801760.SI,909.94,913.25,901.59,913.25,539570000,9938970000
2014-07-01,801760.SI,914.09,923.2,910.16,922.24,628330000,11079970000
2014-07-02,801760.SI,921.92,927.56,915.74,925.01,599480000,11405370000
2014-07-03,801760.SI,923.92,925.3,919.41,920.82,557420000,10606130000
2014-07-04,801760.SI,921.96,923.23,914.53,920.78,627380000,11323030000
2014-07-07,801760.SI,920.12,920.12,906.94,912.24,508710000,9614650000
2014-07-08,801760.SI,912.01,916.1,902.8,915.94,480650000,9415140000
2014-07-09,801760.SI,914.55,915.88,894.71,894.91,517920000,9828140000
2014-07-10,801760.SI,894.8,896.41,883.72,885.9,449920000,8353460000
2014-07-11,801760.SI,884.15,894.23,882.66,886.93,433290000,7925490000
2014-07-14,801760.SI,885.7,886.04,873.84,884.85,546290000,9584510000
2014-07-15,801760.SI,885.31,886.09,870.12,872.62,507760000,8871500000
2014-07-16,801760.SI,870.24,873.64,854.25,861.19,477290000,8595390000
2014-07-17,801760.SI,858.26,861.42,846.36,852.2,355120000,6511710000
2014-07-18,801760.SI,849.74,852.15,844.43,847.22,261430000,4481930000
2014-07-21,801760.SI,846.87,853.01,840.79,851.14,346090000,6423340000
2014-07-22,801760.SI,849.75,857.54,848.31,857.01,324340000,5640240000
2014-07-23,801760.SI,856.5,856.5,838.63,840.01,382400000,7030650000
2014-07-24,801760.SI,838.64,840.21,823.24,831.02,384540000,6665250000
2014-07-25,801760.SI,831.03,840.82,831.03,840.75,333420000,5411510000
2014-07-28,801760.SI,843.66,862.28,843.6,860.3,509470000,8099560000
2014-07-29,801760.SI,861.19,870.76,858.85,868.49,481190000,8096570000
2014-07-30,801760.SI,868.48,871.67,865.87,871.67,388950000,6639050000
2014-07-31,801760.SI,871.42,879.15,867.24,878.33,531090000,8454230000
2014-08-01,801760.SI,874.11,876.44,862.29,862.34,473910000,7627310000
2014-08-04,801760.SI,862.08,868.0,862.05,868.0,347160000,5661650000
2014-08-05,801760.SI,868.11,886.35,864.27,884.34,646720000,10980980000
2014-08-06,801760.SI,881.38,884.26,878.51,883.02,451340000,7638600000
2014-08-07,801760.SI,883.09,890.9,879.05,879.57,485780000,8360210000
2014-08-08,801760.SI,884.22,891.55,884.15,888.07,429620000,8103200000
2014-08-11,801760.SI,890.25,896.01,889.6,896.01,482320000,8683310000
2014-08-12,801760.SI,895.53,899.2,893.01,898.41,520320000,9210100000
2014-08-13,801760.SI,899.45,899.6,884.27,892.82,596390000,9997140000
2014-08-14,801760.SI,892.44,899.37,889.96,890.6,542190000,9425940000
2014-08-15,801760.SI,891.13,902.12,888.54,900.92,631810000,10777980000
2014-08-18,801760.SI,903.77,928.44,903.76,928.44,984840000,17780510000
2014-08-19,801760.SI,948.28,954.1,937.71,940.67,1420000000,25420380000
2014-08-20,801760.SI,940.34,940.37,931.2,934.59,1050790000,18513640000
2014-08-21,801760.SI,933.15,965.78,930.77,965.78,1406740000,24478080000
2014-08-22,801760.SI,967.27,980.16,964.04,969.25,1351330000,24943660000
2014-08-25,801760.SI,969.08,970.92,960.64,962.35,1148210000,20119090000
2014-08-26,801760.SI,959.44,962.35,942.23,947.25,1045240000,18723320000
2014-08-27,801760.SI,947.92,955.71,946.87,948.97,753080000,14033760000
2014-08-28,801760.SI,949.28,954.87,941.13,941.13,725660000,13742440000
2014-08-29,801760.SI,939.48,944.08,931.17,944.08,605210000,11049430000
2014-09-01,801760.SI,944.43,962.61,942.94,960.77,799440000,14811530000
2014-09-02,801760.SI,961.71,970.39,960.01,970.1,868770000,16571340000
2014-09-03,801760.SI,972.16,994.14,972.15,988.95,1310430000,24861450000
2014-09-04,801760.SI,988.27,991.83,980.7,990.62,974300000,19463060000
2014-09-05,801760.SI,990.58,992.25,980.75,986.54,809060000,15918430000
2014-09-09,801760.SI,987.48,992.45,977.47,992.36,762660000,14246750000
2014-09-10,801760.SI,988.45,996.67,983.57,995.39,657250000,12957270000
2014-09-11,801760.SI,994.64,1014.07,992.8,997.54,985570000,19829380000
2014-09-12,801760.SI,994.77,1000.95,989.87,1000.77,640620000,12319770000
2014-09-15,801760.SI,998.67,1005.01,996.54,1002.18,762940000,15406270000
2014-09-16,801760.SI,1002.47,1002.7,963.11,963.6,851520000,16325900000
2014-09-17,801760.SI,963.75,971.36,955.82,967.34,660990000,11700040000
2014-09-18,801760.SI,965.91,970.77,961.84,967.94,486180000,8953950000
2014-09-19,801760.SI,968.48,975.43,967.32,974.98,495960000,9084210000
2014-09-22,801760.SI,974.25,974.26,960.64,962.48,528350000,9821240000
2014-09-23,801760.SI,964.16,974.71,964.16,974.67,538970000,10113300000
2014-09-24,801760.SI,972.38,983.99,970.54,982.75,615280000,11495800000
2014-09-25,801760.SI,986.08,993.66,982.22,984.35,781440000,14646800000
2014-09-26,801760.SI,984.53,987.05,980.72,985.8,568150000,11045790000
2014-09-29,801760.SI,988.32,996.87,988.32,994.78,625680000,11792460000
2014-09-30,801760.SI,996.43,1003.75,996.31,1001.6,630800000,12290970000
2014-10-08,801760.SI,1003.49,1003.91,992.66,1003.26,556810000,10957380000
2014-10-09,801760.SI,1006.81,1013.6,1001.25,1012.13,662630000,13704960000
2014-10-10,801760.SI,1011.2,1012.73,1003.54,1006.35,630330000,12764410000
2014-10-13,801760.SI,1002.73,1002.75,989.38,1001.97,556010000,10823940000
2014-10-14,801760.SI,1000.91,1009.03,995.03,998.82,516130000,10303780000
2014-10-15,801760.SI,998.24,1007.6,989.7,1007.5,550500000,10855050000
2014-10-16,801760.SI,1002.68,1010.53,998.59,998.86,657200000,13141800000
2014-10-17,801760.SI,995.14,996.51,979.5,987.03,577040000,11405920000
2014-10-20,801760.SI,989.11,998.48,988.47,997.93,478360000,9390690000
2014-10-21,801760.SI,998.16,999.5,988.57,991.87,498770000,9816480000
2014-10-22,801760.SI,990.54,992.62,978.09,978.88,455600000,8830380000
2014-10-23,801760.SI,976.56,978.76,958.81,961.39,432600000,8118940000
2014-10-24,801760.SI,962.24,975.87,961.18,968.86,393680000,7712020000
2014-10-27,801760.SI,963.98,972.63,956.99,972.63,317790000,6310330000
2014-10-28,801760.SI,975.22,989.27,975.08,989.27,458210000,9056880000
2014-10-29,801760.SI,991.14,999.93,989.15,996.52,606750000,11688970000
2014-10-30,801760.SI,996.07,999.65,989.15,990.94,533210000,10529740000
2014-10-31,801760.SI,989.82,991.91,978.6,987.13,459110000,8910160000
2014-11-03,801760.SI,987.32,993.92,986.4,993.92,408600000,7965390000
2014-11-04,801760.SI,994.89,995.98,983.25,984.92,488620000,9905380000
2014-11-05,801760.SI,983.18,983.61,978.86,980.13,349810000,6972980000
2014-11-06,801760.SI,980.72,989.86,976.04,989.86,432030000,8143350000
2014-11-07,801760.SI,990.39,998.64,983.47,986.52,517680000,10428800000
2014-11-10,801760.SI,987.5,994.73,985.51,994.42,516570000,9906630000
2014-11-11,801760.SI,994.4,994.79,960.29,965.57,625980000,12032910000
2014-11-12,801760.SI,963.56,975.38,962.04,975.38,351490000,6998370000
2014-11-13,801760.SI,973.6,973.64,950.39,955.93,493820000,9445400000
2014-11-14,801760.SI,953.33,957.07,951.33,954.79,304810000,6149060000
2014-11-17,801760.SI,955.26,975.27,953.56,971.18,510870000,9375380000
2014-11-18,801760.SI,970.85,979.1,970.54,978.46,406180000,8238200000
2014-11-19,801760.SI,988.27,1004.31,988.27,997.91,594630000,12265960000
2014-11-20,801760.SI,1000.82,1000.83,990.13,994.79,583200000,12580500000
2014-11-21,801760.SI,995.83,1014.17,995.55,1012.41,795770000,14983910000
2014-11-24,801760.SI,1028.92,1030.21,1020.65,1027.75,820840000,16023660000
2014-11-25,801760.SI,1039.35,1048.34,1038.57,1047.88,716820000,14795870000
2014-11-26,801760.SI,1055.48,1057.94,1047.59,1053.02,998250000,20666850000
2014-11-27,801760.SI,1055.13,1057.79,1042.92,1051.53,886470000,17769430000
2014-11-28,801760.SI,1049.86,1064.92,1041.63,1051.28,974300000,19746390000
2014-12-01,801760.SI,1048.17,1049.37,1035.63,1040.09,812840000,16749650000
2014-12-02,801760.SI,1038.47,1048.41,1037.92,1046.32,755460000,15763750000
2014-12-03,801760.SI,1049.04,1078.1,1037.96,1078.1,1391360000,28189020000
2014-12-04,801760.SI,1080.89,1097.13,1080.77,1093.99,1201560000,24955580000
2014-12-05,801760.SI,1099.53,1099.53,1045.09,1067.24,1206760000,25466210000
2014-12-08,801760.SI,1061.75,1095.31,1052.15,1070.26,1080990000,22960230000
2014-12-09,801760.SI,1061.21,1094.45,1047.85,1050.12,1893950000,37693450000
2014-12-10,801760.SI,1052.67,1111.65,1052.66,1111.39,1970320000,38767730000
2014-12-11,801760.SI,1114.04,1125.47,1092.5,1105.15,1535810000,29481300000
2014-12-12,801760.SI,1105.17,1126.27,1100.42,1123.4,1096210000,22781970000
2014-12-15,801760.SI,1123.19,1143.47,1117.52,1141.73,1006510000,21748790000
2014-12-16,801760.SI,1147.53,1151.8,1126.69,1137.29,1003380000,21291780000
2014-12-17,801760.SI,1130.03,1134.6,1109.19,1120.94,989570000,20661940000
2014-12-18,801760.SI,1120.5,1135.2,1116.06,1116.72,745250000,16329210000
2014-12-19,801760.SI,1113.83,1113.83,1075.27,1092.14,857140000,17751060000
2014-12-22,801760.SI,1084.74,1084.74,1036.62,1045.91,913130000,18434460000
2014-12-23,801760.SI,1035.45,1068.07,1027.85,1031.29,660090000,13611190000
2014-12-24,801760.SI,1036.06,1044.21,1031.37,1044.21,626670000,12433950000
2014-12-25,801760.SI,1047.75,1056.09,1043.95,1054.57,593930000,12396970000
2014-12-26,801760.SI,1056.25,1071.87,1053.55,1069.94,736200000,14843630000
2014-12-29,801760.SI,1070.39,1070.55,1044.99,1050.42,885670000,18507550000
2014-12-30,801760.SI,1043.7,1047.15,1007.54,1009.53,799290000,16195060000
2014-12-31,801760.SI,1003.85,1014.51,997.39,1010.73,588590000,12161880000
2015-01-05,801760.SI,1011.53,1025.5,993.21,1021.55,660470000,13782970000
2015-01-06,801760.SI,1017.3,1068.64,1012.85,1064.18,902090000,19729070000
2015-01-07,801760.SI,1066.79,1067.99,1049.14,1053.78,717020000,15573120000
2015-01-08,801760.SI,1050.86,1069.25,1048.96,1054.65,649180000,14526260000
2015-01-09,801760.SI,1049.14,1078.27,1049.14,1056.12,731440000,16132260000
2015-01-12,801760.SI,1057.36,1073.92,1055.39,1072.28,654120000,15229450000
2015-01-13,801760.SI,1072.36,1096.74,1068.0,1089.58,714280000,16379340000
2015-01-14,801760.SI,1087.79,1092.86,1073.5,1077.44,511840000,11502020000
2015-01-15,801760.SI,1076.01,1088.01,1073.9,1085.18,473340000,10983850000
2015-01-16,801760.SI,1086.45,1134.79,1086.45,1131.64,911050000,19989760000
2015-01-19,801760.SI,1107.42,1160.56,1099.72,1116.4,1026220000,23352840000
2015-01-20,801760.SI,1121.86,1156.64,1121.41,1156.64,950400000,21764040000
2015-01-21,801760.SI,1158.44,1182.59,1157.02,1178.26,1228280000,27843560000
2015-01-22,801760.SI,1180.65,1198.27,1177.49,1187.43,1058010000,25868520000
2015-01-23,801760.SI,1188.94,1190.65,1156.75,1160.41,938680000,22770990000
2015-01-26,801760.SI,1160.9,1195.37,1160.9,1193.67,838310000,20081670000
2015-01-27,801760.SI,1195.67,1199.58,1173.43,1190.17,870500000,20922790000
2015-01-28,801760.SI,1188.99,1207.95,1181.59,1187.45,1184370000,25949620000
2015-01-29,801760.SI,1177.98,1187.64,1174.01,1180.53,722230000,17190020000
2015-01-30,801760.SI,1185.38,1189.24,1168.8,1169.21,780260000,16900170000
2015-02-02,801760.SI,1159.64,1185.18,1155.4,1174.67,612340000,15279160000
2015-02-03,801760.SI,1183.55,1215.76,1183.47,1207.4,781520000,20577080000
2015-02-04,801760.SI,1212.49,1217.74,1204.58,1207.79,727860000,18411950000
2015-02-05,801760.SI,1213.99,1267.2,1207.1,1239.39,1537140000,34404470000
2015-02-06,801760.SI,1241.77,1248.65,1213.43,1219.89,1197950000,30697420000
2015-02-09,801760.SI,1216.61,1228.31,1199.32,1202.6,864420000,21726770000
2015-02-10,801760.SI,1197.67,1227.0,1193.84,1227.0,727470000,18702280000
2015-02-11,801760.SI,1229.67,1258.83,1229.66,1253.02,839210000,22698830000
2015-02-12,801760.SI,1256.69,1274.42,1256.69,1268.94,932180000,22684340000
2015-02-13,801760.SI,1273.05,1301.71,1272.84,1300.02,1136900000,28573460000
2015-02-16,801760.SI,1313.53,1362.46,1313.53,1359.24,1679070000,40400570000
2015-02-17,801760.SI,1368.79,1372.44,1347.08,1364.28,1221650000,32110970000
2015-02-25,801760.SI,1366.71,1366.71,1324.9,1327.66,1203070000,29929050000
2015-02-26,801760.SI,1324.09,1337.07,1313.24,1335.66,991230000,25477040000
2015-02-27,801760.SI,1335.33,1366.35,1330.98,1359.93,1290420000,32251700000
2015-03-02,801760.SI,1357.83,1374.95,1351.31,1374.92,1314620000,33888790000
2015-03-03,801760.SI,1368.47,1375.73,1348.91,1349.61,1314100000,33786520000
2015-03-04,801760.SI,1349.64,1396.86,1349.64,1390.14,1468380000,35294240000
2015-03-05,801760.SI,1390.32,1399.83,1381.57,1388.13,1373100000,36046560000
2015-03-06,801760.SI,1389.28,1389.28,1348.01,1349.93,1105210000,28574400000
2015-03-09,801760.SI,1346.98,1372.9,1340.52,1372.84,886400000,22977240000
2015-03-10,801760.SI,1378.86,1414.61,1377.87,1404.27,1160520000,31252910000
2015-03-11,801760.SI,1406.68,1423.26,1393.87,1407.52,1375760000,36484470000
2015-03-12,801760.SI,1407.52,1419.34,1384.08,1400.87,1291960000,34187210000
2015-03-13,801760.SI,1398.54,1422.32,1392.41,1421.74,1036200000,27522380000
2015-03-16,801760.SI,1433.63,1474.77,1433.63,1474.77,1457660000,40485390000
2015-03-17,801760.SI,1481.7,1487.78,1460.76,1474.57,1441430000,38120920000
2015-03-18,801760.SI,1473.44,1508.5,1465.99,1508.5,1478300000,39267010000
2015-03-19,801760.SI,1512.23,1514.22,1495.4,1512.78,1268860000,33948550000
2015-03-20,801760.SI,1523.46,1557.13,1523.46,1543.12,1457940000,39987350000
2015-03-23,801760.SI,1557.3,1602.51,1557.3,1602.48,1608690000,44895360000
2015-03-24,801760.SI,1621.39,1644.41,1576.49,1635.22,1938310000,59943590000
2015-03-25,801760.SI,1642.91,1653.87,1622.35,1638.76,1541790000,47609570000
2015-03-26,801760.SI,1620.37,1620.37,1571.17,1574.84,1315510000,41813740000
2015-03-27,801760.SI,1565.26,1592.62,1564.47,1589.44,918460000,29217570000
2015-03-30,801760.SI,1587.07,1593.58,1559.46,1574.45,1081050000,31314840000
2015-03-31,801760.SI,1576.97,1608.92,1568.92,1590.91,1268720000,37239300000
2015-04-01,801760.SI,1590.62,1629.99,1590.52,1625.64,1312460000,35696500000
2015-04-02,801760.SI,1634.4,1648.0,1619.6,1644.57,1426320000,43327170000
2015-04-03,801760.SI,1638.6,1663.83,1633.3,1660.12,1504120000,44548530000
2015-04-07,801760.SI,1679.08,1685.18,1670.98,1683.12,1553830000,46425720000
2015-04-08,801760.SI,1692.29,1693.3,1617.49,1644.95,1609020000,50337870000
2015-04-09,801760.SI,1641.08,1641.08,1569.57,1635.85,1373670000,44896460000
2015-04-10,801760.SI,1630.5,1676.63,1630.32,1671.85,1202610000,38781870000
2015-04-13,801760.SI,1669.69,1676.64,1649.14,1672.01,1244620000,40686900000
2015-04-14,801760.SI,1669.68,1681.15,1649.59,1660.31,1176350000,40039790000
2015-04-15,801760.SI,1659.78,1660.48,1587.73,1587.73,1129040000,37040460000
2015-04-16,801760.SI,1574.39,1631.82,1569.45,1606.45,963800000,30792260000
2015-04-17,801760.SI,1623.45,1639.66,1613.85,1622.67,1295530000,37001300000
2015-04-20,801760.SI,1625.24,1647.82,1602.74,1616.73,1407350000,40276060000
2015-04-21,801760.SI,1639.86,1701.65,1639.86,1701.51,1426330000,43721460000
2015-04-22,801760.SI,1730.98,1777.24,1730.94,1773.4,1649170000,52291210000
2015-04-23,801760.SI,1809.91,1844.41,1809.91,1834.99,1538360000,50573300000
2015-04-24,801760.SI,1851.05,1876.96,1834.18,1872.93,1730030000,59181470000
2015-04-27,801760.SI,1913.53,1923.33,1873.73,1883.76,1597530000,52784280000
2015-04-28,801760.SI,1897.85,1897.85,1814.86,1837.06,1457590000,46570460000
2015-04-29,801760.SI,1841.89,1931.83,1828.25,1931.35,1480730000,56296580000
2015-04-30,801760.SI,1964.79,2030.24,1964.76,1986.7,1315120000,50575350000
2015-05-04,801760.SI,2007.46,2009.86,1946.46,1956.72,1155590000,47226970000
2015-05-05,801760.SI,1945.45,1947.41,1879.27,1894.56,1235420000,45402280000
2015-05-06,801760.SI,1907.11,1979.01,1906.42,1920.16,1278770000,52917920000
2015-05-07,801760.SI,1906.21,1946.69,1897.35,1909.32,1119410000,43906580000
2015-05-08,801760.SI,1941.94,2012.83,1941.75,2012.13,1495490000,54889780000
2015-05-11,801760.SI,2047.62,2132.13,2035.3,2129.87,1780980000,68449650000
2015-05-12,801760.SI,2154.38,2223.97,2150.3,2220.22,1761210000,71411650000
2015-05-13,801760.SI,2213.11,2316.64,2183.83,2263.12,2133040000,84680160000
2015-05-14,801760.SI,2262.19,2278.63,2205.83,2207.43,1864750000,77902790000
2015-05-15,801760.SI,2185.0,2250.86,2166.39,2230.62,1733270000,66063170000
2015-05-18,801760.SI,2242.17,2311.22,2242.17,2285.68,1532830000,62081480000
2015-05-19,801760.SI,2300.88,2329.43,2260.83,2319.73,1563420000,62232840000
2015-05-20,801760.SI,2335.36,2415.13,2331.83,2371.37,1747800000,69607680000
2015-05-21,801760.SI,2381.36,2426.5,2372.16,2420.67,1657860000,67713050000
2015-05-22,801760.SI,2464.62,2478.47,2385.58,2440.33,2070140000,82159240000
2015-05-25,801760.SI,2383.5,2445.86,2368.32,2431.46,1768750000,67858870000
2015-05-26,801760.SI,2425.85,2522.43,2425.85,2521.86,1888370000,78932860000
2015-05-27,801760.SI,2536.34,2536.34,2467.05,2500.87,1678460000,71321990000
2015-05-28,801760.SI,2495.79,2517.02,2366.91,2368.47,1894380000,81122510000
2015-05-29,801760.SI,2364.38,2449.07,2302.97,2412.09,1565080000,68845730000
2015-06-01,801760.SI,2434.48,2517.65,2434.48,2513.92,1485680000,68089590000
2015-06-02,801760.SI,2533.01,2625.57,2526.76,2624.37,1646290000,73522940000
2015-06-03,801760.SI,2642.04,2671.76,2578.99,2660.25,1722330000,80797200000
2015-06-04,801760.SI,2660.05,2671.86,2478.63,2629.35,1661380000,74914120000
2015-06-05,801760.SI,2656.42,2674.81,2561.35,2590.72,1682130000,71523260000
2015-06-08,801760.SI,2571.5,2571.5,2465.43,2517.8,1494680000,62721180000
2015-06-09,801760.SI,2500.78,2563.74,2480.91,2521.1,1367430000,54952210000
2015-06-10,801760.SI,2505.15,2642.39,2500.94,2616.49,1686100000,65466530000
2015-06-11,801760.SI,2620.7,2620.7,2615.89,2615.89,1711650000,65649360000
2015-06-12,801760.SI,2621.54,2664.83,2609.18,2658.08,1621760000,63732940000
2015-06-15,801760.SI,2667.43,2667.43,2555.59,2558.35,1648110000,63360220000
2015-06-16,801760.SI,2519.45,2519.45,2423.02,2474.36,1392800000,53117770000
2015-06-17,801760.SI,2466.84,2550.12,2425.71,2541.85,1299750000,47526900000
2015-06-18,801760.SI,2534.75,2538.59,2397.12,2397.12,1221130000,46048840000
2015-06-19,801760.SI,2331.66,2358.41,2258.53,2262.39,1204330000,43179620000
2015-06-23,801760.SI,2242.1,2269.04,2140.53,2269.04,1215810000,42158150000
2015-06-24,801760.SI,2292.58,2306.89,2215.48,2266.87,1270300000,45127020000
2015-06-25,801760.SI,2275.57,2275.57,2122.16,2136.56,1229860000,43167980000
2015-06-26,801760.SI,2060.03,2060.03,1965.74,1969.11,1201060000,38943660000
2015-06-29,801760.SI,1969.97,1982.24,1813.63,1832.75,1512550000,44633550000
2015-06-30,801760.SI,1768.09,1937.47,1718.15,1932.81,1931130000,57844000000
2015-07-01,801760.SI,1917.25,2001.31,1844.8,1846.3,1927590000,61887760000
2015-07-02,801760.SI,1836.13,1871.31,1739.87,1761.26,1770180000,50817630000
2015-07-03,801760.SI,1702.25,1823.29,1640.21,1702.64,2036030000,53502150000
2015-07-06,801760.SI,1812.46,1812.46,1602.35,1652.21,2383480000,59500750000
2015-07-07,801760.SI,1588.83,1602.89,1552.75,1557.61,1231030000,26706710000
2015-07-08,801760.SI,1518.8,1536.25,1518.8,1526.36,1211340000,19021600000
2015-07-09,801760.SI,1498.38,1581.09,1498.38,1580.19,1082070000,27787380000
2015-07-10,801760.SI,1598.71,1642.0,1594.91,1642.0,751060000,24669260000
2015-07-13,801760.SI,1674.14,1718.02,1664.28,1718.02,1097110000,39023780000
2015-07-14,801760.SI,1739.15,1792.51,1732.19,1737.94,1588190000,48944500000
2015-07-15,801760.SI,1756.85,1756.85,1659.16,1663.39,2092390000,55601460000
2015-07-16,801760.SI,1636.23,1721.16,1579.36,1684.74,1743980000,45891410000
2015-07-17,801760.SI,1695.21,1777.78,1690.29,1765.3,1655150000,46304870000
2015-07-20,801760.SI,1779.9,1827.77,1760.39,1798.51,1979310000,60564670000
2015-07-21,801760.SI,1781.08,1841.2,1772.45,1821.95,1718120000,51773630000
2015-07-22,801760.SI,1827.28,1861.01,1805.69,1841.83,1780740000,52724100000
2015-07-23,801760.SI,1849.89,1904.24,1839.36,1904.24,1933940000,56569210000
2015-07-24,801760.SI,1910.18,1925.57,1846.83,1860.05,2078810000,63559840000
2015-07-27,801760.SI,1814.1,1888.63,1744.91,1745.11,2118090000,62392520000
2015-07-28,801760.SI,1677.67,1757.25,1642.62,1691.37,2009810000,51395350000
2015-07-29,801760.SI,1714.25,1772.78,1665.81,1772.67,1703260000,46463960000
2015-07-30,801760.SI,1764.11,1802.11,1714.55,1722.25,1760470000,50278490000
2015-07-31,801760.SI,1698.42,1744.62,1684.55,1708.66,1358010000,38907940000
2015-08-03,801760.SI,1675.23,1687.41,1621.5,1646.04,1378810000,36023930000
2015-08-04,801760.SI,1649.25,1726.7,1637.39,1726.7,1331890000,34886880000
2015-08-05,801760.SI,1720.56,1733.53,1677.0,1685.57,1196630000,32956940000
2015-08-06,801760.SI,1647.15,1681.98,1641.43,1660.19,763820000,20218950000
2015-08-07,801760.SI,1672.67,1718.77,1672.67,1712.68,1090420000,35361610000
2015-08-10,801760.SI,1729.15,1797.28,1712.68,1788.95,1343310000,42903460000
2015-08-11,801760.SI,1797.35,1829.36,1785.81,1804.39,1358310000,45230840000
2015-08-12,801760.SI,1787.92,1816.13,1778.74,1778.74,1150030000,38689990000
2015-08-13,801760.SI,1770.29,1823.35,1760.99,1823.35,1156680000,37775910000
2015-08-14,801760.SI,1835.59,1842.39,1809.27,1814.96,1262890000,40175350000
2015-08-17,801760.SI,1804.16,1810.46,1770.3,1803.15,1095270000,33686970000
2015-08-18,801760.SI,1804.45,1828.14,1685.64,1689.84,1370080000,41372830000
2015-08-19,801760.SI,1646.79,1734.51,1609.28,1726.9,1271600000,35470070000
2015-08-20,801760.SI,1715.61,1746.37,1685.6,1685.63,1243100000,33671980000
2015-08-21,801760.SI,1657.09,1671.72,1594.33,1597.41,1015310000,27166420000
2015-08-24,801760.SI,1530.91,1537.19,1491.2,1491.31,747950000,18033950000
2015-08-25,801760.SI,1402.58,1433.55,1395.7,1396.92,965360000,21284280000
2015-08-26,801760.SI,1389.83,1429.29,1329.53,1336.15,1459970000,31629350000
2015-08-27,801760.SI,1357.6,1382.24,1312.34,1382.24,1450020000,30223730000
2015-08-28,801760.SI,1397.19,1450.26,1381.11,1448.34,1510910000,33317620000
2015-08-31,801760.SI,1423.83,1424.28,1388.55,1403.78,1266890000,28348500000
2015-09-01,801760.SI,1371.73,1372.05,1330.49,1345.14,1251180000,27521580000
2015-09-02,801760.SI,1281.02,1373.76,1274.96,1319.82,1455760000,30640130000
2015-09-07,801760.SI,1333.97,1371.98,1328.51,1338.25,1358660000,28209050000
2015-09-08,801760.SI,1316.99,1398.62,1300.48,1394.72,1283370000,26859890000
2015-09-09,801760.SI,1399.71,1448.54,1395.58,1425.93,1957000000,40579670000
2015-09-10,801760.SI,1398.68,1434.25,1396.48,1412.82,1252050000,25914520000
2015-09-11,801760.SI,1408.66,1434.84,1404.71,1428.81,1078630000,23225440000
2015-09-14,801760.SI,1433.74,1437.69,1331.55,1346.45,1285520000,26267510000
2015-09-15,801760.SI,1306.78,1329.9,1269.33,1275.39,1093560000,20178270000
2015-09-16,801760.SI,1277.21,1354.56,1276.93,1351.78,1161600000,22212220000
2015-09-17,801760.SI,1349.79,1393.23,1332.1,1332.24,1474110000,30863020000
2015-09-18,801760.SI,1341.82,1366.56,1327.39,1358.63,1067900000,22574720000
2015-09-21,801760.SI,1341.23,1424.73,1339.2,1423.24,1290090000,29215240000
2015-09-22,801760.SI,1427.32,1444.8,1404.76,1427.28,1309690000,31248610000
2015-09-23,801760.SI,1405.03,1436.55,1403.31,1423.42,1032930000,24430100000
2015-09-24,801760.SI,1434.14,1458.01,1434.14,1453.04,1202740000,28354860000
2015-09-25,801760.SI,1442.69,1451.82,1387.81,1396.04,1078110000,24089120000
2015-09-28,801760.SI,1401.7,1441.35,1384.33,1439.98,896090000,21228420000
2015-09-29,801760.SI,1417.65,1443.84,1414.57,1426.4,943850000,22470330000
2015-09-30,801760.SI,1432.86,1438.04,1397.3,1416.88,776290000,19433560000
2015-10-08,801760.SI,1456.1,1481.63,1445.22,1468.37,1161740000,26933500000
2015-10-09,801760.SI,1467.41,1486.82,1461.91,1479.04,1176370000,26256300000
2015-10-12,801760.SI,1485.15,1551.17,1482.96,1530.77,1767300000,41855320000
2015-10-13,801760.SI,1515.78,1556.85,1512.57,1553.24,1485690000,36230930000
2015-10-14,801760.SI,1544.25,1558.99,1525.3,1529.78,1306050000,32815580000
2015-10-15,801760.SI,1529.52,1588.79,1529.52,1588.61,1498380000,38335390000
2015-10-16,801760.SI,1601.64,1632.17,1593.13,1629.43,1723200000,45626410000
2015-10-19,801760.SI,1644.61,1647.27,1610.02,1634.68,1613800000,43756150000
2015-10-20,801760.SI,1632.22,1684.68,1631.22,1680.28,1486980000,41587350000
2015-10-21,801760.SI,1674.85,1679.34,1566.76,1571.31,1819030000,50815260000
2015-10-22,801760.SI,1574.56,1631.55,1573.16,1625.78,1321020000,40007140000
2015-10-23,801760.SI,1635.93,1672.19,1620.18,1667.7,1604850000,46446450000
2015-10-26,801760.SI,1683.47,1683.47,1631.11,1655.72,1794640000,49672260000
2015-10-27,801760.SI,1643.18,1698.56,1603.42,1688.82,1632620000,46405400000
2015-10-28,801760.SI,1681.3,1695.59,1632.3,1636.96,1515960000,44479100000
2015-10-29,801760.SI,1648.54,1667.93,1618.99,1643.33,1115830000,32957320000
2015-10-30,801760.SI,1642.11,1682.2,1623.52,1652.31,1378660000,37989190000
2015-11-02,801760.SI,1616.98,1668.32,1612.96,1624.79,1179390000,33836450000
2015-11-03,801760.SI,1631.71,1642.05,1611.74,1626.78,981890000,28577260000
2015-11-04,801760.SI,1635.69,1708.01,1635.69,1707.97,1682490000,47200740000
2015-11-05,801760.SI,1709.26,1737.7,1686.43,1698.88,1963510000,58099600000
2015-11-06,801760.SI,1700.57,1759.3,1700.57,1756.08,1740300000,51550120000
2015-11-09,801760.SI,1749.4,1808.62,1735.08,1793.88,1924670000,60008750000
2015-11-10,801760.SI,1788.53,1845.22,1784.56,1816.7,1972910000,58043310000
2015-11-11,801760.SI,1824.09,1854.01,1806.64,1849.51,1995160000,56083290000
2015-11-12,801760.SI,1859.5,1862.9,1810.19,1830.62,2106360000,61439230000
2015-11-13,801760.SI,1801.99,1812.85,1759.99,1776.41,1779110000,49958770000
2015-11-16,801760.SI,1725.34,1818.6,1725.34,1818.6,1517360000,41740500000
2015-11-17,801760.SI,1838.7,1855.33,1773.06,1776.38,2243230000,65628830000
2015-11-18,801760.SI,1780.15,1797.57,1740.35,1744.95,1513470000,45370330000
2015-11-19,801760.SI,1755.59,1813.92,1755.2,1813.92,1693790000,49327750000
2015-11-20,801760.SI,1824.7,1841.89,1804.76,1826.96,1860510000,54619760000
2015-11-23,801760.SI,1825.26,1868.18,1817.19,1827.91,1876840000,57752380000
2015-11-24,801760.SI,1816.96,1846.24,1797.58,1846.24,1368770000,45100500000
2015-11-25,801760.SI,1838.72,1894.1,1838.11,1887.49,1821940000,59332370000
2015-11-26,801760.SI,1895.36,1902.79,1851.22,1856.35,1758440000,59791670000
2015-11-27,801760.SI,1838.38,1857.96,1723.57,1735.08,1770340000,56753290000
2015-11-30,801760.SI,1739.89,1756.69,1654.04,1744.38,1623530000,51962040000
2015-12-01,801760.SI,1740.9,1774.29,1713.77,1736.3,1432710000,44422040000
2015-12-02,801760.SI,1725.75,1731.93,1654.81,1710.92,1190030000,35180360000
2015-12-03,801760.SI,1716.93,1773.03,1716.93,1771.76,1199480000,38755800000
2015-12-04,801760.SI,1762.65,1803.16,1755.35,1767.39,1528200000,48617020000
2015-12-07,801760.SI,1772.33,1824.84,1769.05,1816.62,1511330000,45513920000
2015-12-08,801760.SI,1799.49,1810.79,1777.61,1787.13,1515750000,45585140000
2015-12-09,801760.SI,1780.38,1801.84,1767.88,1784.38,1339060000,40454290000
2015-12-10,801760.SI,1778.34,1818.91,1778.34,1790.7,1339000000,41572350000
2015-12-11,801760.SI,1777.43,1789.28,1764.6,1769.37,1036130000,30935510000
2015-12-14,801760.SI,1752.23,1802.13,1749.78,1802.13,1032560000,32327540000
2015-12-15,801760.SI,1805.7,1829.84,1802.67,1825.06,1197190000,37034490000
2015-12-16,801760.SI,1835.29,1853.51,1829.58,1834.0,1308120000,39830020000
2015-12-17,801760.SI,1847.12,1876.23,1846.26,1876.17,1640750000,49905890000
2015-12-18,801760.SI,1873.76,1877.36,1843.94,1862.96,1331010000,43048800000
2015-12-21,801760.SI,1858.77,1878.87,1853.16,1872.45,1343300000,42818640000
2015-12-22,801760.SI,1874.29,1888.34,1859.45,1886.89,1200960000,35662330000
2015-12-23,801760.SI,1885.68,1888.13,1838.76,1842.2,1269700000,37900010000
2015-12-24,801760.SI,1835.3,1850.0,1811.01,1844.73,905430000,27365280000
2015-12-25,801760.SI,1851.26,1860.02,1836.35,1846.47,855920000,26375840000
2015-12-28,801760.SI,1850.98,1859.78,1803.72,1803.72,1080270000,32968970000
2015-12-29,801760.SI,1802.68,1809.61,1788.47,1809.61,784150000,23341290000
2015-12-30,801760.SI,1814.46,1824.78,1806.39,1824.37,835410000,24457240000
2015-12-31,801760.SI,1828.73,1830.95,1785.43,1786.37,898190000,28197490000
2016-01-04,801760.SI,1781.42,1782.58,1636.52,1637.15,885860000,26099080000
2016-01-05,801760.SI,1546.78,1624.23,1527.22,1578.21,1332700000,36536980000
2016-01-06,801760.SI,1587.63,1613.32,1558.8,1612.83,1110960000,31938700000
2016-01-07,801760.SI,1580.77,1589.75,1480.2,1480.79,308860000,8525680000
2016-01-08,801760.SI,1504.99,1518.84,1412.84,1476.95,1200700000,31508270000
2016-01-11,801760.SI,1443.08,1459.25,1378.8,1379.26,1110110000,27088680000
2016-01-12,801760.SI,1385.6,1423.3,1372.16,1403.43,995930000,25096610000
2016-01-13,801760.SI,1414.99,1424.0,1359.76,1359.76,992760000,24789710000
2016-01-14,801760.SI,1314.72,1422.39,1314.45,1420.9,1186510000,29532770000
2016-01-15,801760.SI,1410.87,1425.85,1367.43,1376.09,1208950000,28280900000
2016-01-18,801760.SI,1349.17,1429.26,1349.17,1407.22,1170090000,27808210000
2016-01-19,801760.SI,1406.24,1452.28,1395.59,1449.73,1267910000,31369950000
2016-01-20,801760.SI,1436.72,1453.85,1416.8,1427.37,1268320000,29756510000
2016-01-21,801760.SI,1407.05,1442.62,1363.37,1363.37,1136520000,27796250000
2016-01-22,801760.SI,1379.73,1399.12,1345.47,1389.53,1093400000,24536450000
2016-01-25,801760.SI,1400.51,1418.01,1390.85,1404.01,947310000,22150560000
2016-01-26,801760.SI,1387.45,1387.45,1293.93,1295.74,1101790000,24983720000
2016-01-27,801760.SI,1298.2,1307.23,1230.34,1295.37,1186020000,24494240000
2016-01-28,801760.SI,1275.9,1291.69,1235.26,1238.34,896210000,18105190000
2016-01-29,801760.SI,1235.92,1294.88,1232.64,1281.32,933280000,20024920000
2016-02-01,801760.SI,1274.94,1285.27,1247.37,1266.87,812700000,17084020000
2016-02-02,801760.SI,1267.37,1321.64,1267.32,1314.19,926450000,20783110000
2016-02-03,801760.SI,1294.36,1331.43,1290.46,1325.46,833580000,18386430000
2016-02-04,801760.SI,1330.05,1359.64,1330.05,1351.75,982500000,22200790000
2016-02-05,801760.SI,1351.66,1356.02,1330.25,1330.35,759850000,17391790000
2016-02-15,801760.SI,1293.03,1342.55,1293.03,1332.61,764280000,16954500000
2016-02-16,801760.SI,1338.36,1392.73,1338.22,1389.68,1183190000,27739670000
2016-02-17,801760.SI,1389.02,1409.09,1374.03,1405.9,1318010000,30080660000
2016-02-18,801760.SI,1414.08,1420.68,1396.98,1400.01,1207830000,27962050000
2016-02-19,801760.SI,1397.87,1418.58,1393.85,1406.84,1105430000,26783860000
2016-02-22,801760.SI,1426.31,1433.76,1414.46,1433.76,1315220000,31367040000
2016-02-23,801760.SI,1434.64,1436.49,1396.99,1413.96,1115790000,28382150000
2016-02-24,801760.SI,1406.52,1417.81,1374.52,1404.08,1052510000,25715370000
2016-02-25,801760.SI,1399.32,1399.32,1295.22,1297.54,1291080000,28523680000
2016-02-26,801760.SI,1305.43,1311.1,1261.02,1283.01,956160000,20819500000
2016-02-29,801760.SI,1275.87,1275.87,1195.63,1206.7,1144220000,22102430000
2016-03-01,801760.SI,1203.53,1242.49,1175.94,1229.71,1124120000,22602560000
2016-03-02,801760.SI,1229.86,1283.74,1228.37,1281.8,1282240000,26161380000
2016-03-03,801760.SI,1279.5,1306.17,1277.87,1280.54,1275830000,26790770000
2016-03-04,801760.SI,1274.37,1278.75,1219.79,1235.66,1264270000,23904520000
2016-03-07,801760.SI,1246.86,1279.75,1246.7,1262.35,935740000,19231920000
2016-03-08,801760.SI,1256.24,1279.34,1210.71,1279.34,1169180000,23757240000
2016-03-09,801760.SI,1254.83,1283.43,1248.99,1263.0,993100000,20182050000
2016-03-10,801760.SI,1261.08,1270.48,1236.76,1237.83,778400000,16246860000
2016-03-11,801760.SI,1223.26,1247.87,1220.47,1240.46,650800000,13249490000
2016-03-14,801760.SI,1256.03,1303.48,1255.61,1288.96,1194360000,26053260000
2016-03-15,801760.SI,1286.77,1295.85,1271.85,1278.78,941640000,20340540000
2016-03-16,801760.SI,1290.14,1293.67,1261.12,1268.92,854700000,18061330000
2016-03-17,801760.SI,1273.41,1325.35,1273.11,1323.35,1457410000,32933770000
2016-03-18,801760.SI,1331.55,1383.66,1331.55,1377.79,1890760000,42734180000
2016-03-21,801760.SI,1400.22,1415.91,1390.63,1410.88,1989380000,46722230000
2016-03-22,801760.SI,1393.84,1423.27,1387.61,1407.29,1739220000,37342420000
2016-03-23,801760.SI,1403.01,1428.14,1399.1,1428.05,1531900000,36447620000
2016-03-24,801760.SI,1415.15,1434.5,1405.48,1407.16,1687020000,40737680000
2016-03-25,801760.SI,1403.01,1417.15,1389.92,1409.17,1199960000,28000950000
2016-03-28,801760.SI,1417.29,1427.9,1391.07,1396.44,1264170000,29729160000
2016-03-29,801760.SI,1391.94,1393.34,1352.55,1365.04,1137720000,27317350000
2016-03-30,801760.SI,1377.26,1412.8,1377.13,1412.76,1285470000,31726620000
2016-03-31,801760.SI,1418.54,1433.99,1414.05,1416.59,1528470000,38108530000
2016-04-01,801760.SI,1407.18,1411.62,1376.26,1401.32,1269070000,31740820000
2016-04-05,801760.SI,1397.28,1441.35,1388.95,1436.97,1463280000,36168310000
2016-04-06,801760.SI,1429.61,1444.44,1428.28,1443.54,1397870000,35689250000
2016-04-07,801760.SI,1446.16,1448.53,1414.1,1414.1,1297170000,33394880000
2016-04-08,801760.SI,1401.11,1407.77,1383.79,1400.36,1170150000,28565500000
2016-04-11,801760.SI,1414.36,1437.12,1413.96,1428.99,1349170000,32103440000
2016-04-12,801760.SI,1426.88,1431.26,1404.91,1422.16,1103170000,27699470000
2016-04-13,801760.SI,1430.06,1458.9,1429.8,1439.87,1632500000,41032350000
2016-04-14,801760.SI,1448.99,1461.23,1442.58,1461.08,1490020000,35794930000
2016-04-15,801760.SI,1461.39,1461.39,1441.9,1450.97,1093700000,26735140000
2016-04-18,801760.SI,1438.81,1438.81,1420.5,1426.4,1071900000,25307000000
2016-04-19,801760.SI,1432.9,1437.38,1418.93,1428.11,934700000,22321880000
2016-04-20,801760.SI,1430.49,1433.0,1338.05,1356.39,1558620000,34093360000
2016-04-21,801760.SI,1349.88,1359.92,1328.49,1330.23,941340000,20432750000
2016-04-22,801760.SI,1321.43,1347.44,1320.8,1347.33,763600000,17279720000
2016-04-25,801760.SI,1342.26,1342.33,1320.38,1338.38,627830000,13477820000
2016-04-26,801760.SI,1338.43,1357.92,1337.3,1357.67,662690000,14408470000
2016-04-27,801760.SI,1358.35,1363.31,1349.13,1350.53,677170000,14754330000
2016-04-28,801760.SI,1350.7,1353.6,1327.68,1349.16,684000000,14837300000
2016-04-29,801760.SI,1343.29,1355.09,1341.32,1347.98,587620000,13259620000
2016-05-03,801760.SI,1350.25,1388.62,1341.66,1388.61,1136670000,24040630000
2016-05-04,801760.SI,1384.99,1397.46,1381.64,1383.78,1000090000,21617290000
2016-05-05,801760.SI,1382.22,1398.26,1380.78,1397.15,1005040000,20490620000
2016-05-06,801760.SI,1398.67,1406.55,1353.68,1353.82,1421720000,27177560000
2016-05-09,801760.SI,1339.22,1339.22,1304.96,1309.3,1026170000,18624850000
2016-05-10,801760.SI,1305.27,1314.73,1300.7,1306.2,634640000,11655170000
2016-05-11,801760.SI,1313.33,1315.56,1288.88,1292.5,828700000,15290250000
2016-05-12,801760.SI,1277.42,1288.92,1259.58,1287.41,768840000,13682920000
2016-05-13,801760.SI,1284.14,1296.54,1272.43,1278.56,574830000,10456390000
2016-05-16,801760.SI,1277.73,1299.23,1273.48,1299.12,660330000,11926260000
2016-05-17,801760.SI,1300.47,1316.95,1285.97,1303.59,807490000,15484170000
2016-05-18,801760.SI,1292.34,1292.44,1262.12,1273.83,759480000,13564360000
2016-05-19,801760.SI,1274.4,1303.57,1274.37,1285.14,777020000,15721910000
2016-05-20,801760.SI,1275.28,1297.71,1272.1,1297.68,656190000,13241230000
2016-05-23,801760.SI,1297.56,1313.65,1297.56,1310.55,794340000,15795780000
2016-05-24,801760.SI,1306.33,1306.55,1291.9,1302.02,717470000,14316460000
2016-05-25,801760.SI,1309.47,1316.99,1295.67,1298.64,740400000,14890080000
2016-05-26,801760.SI,1295.69,1306.34,1275.13,1305.88,759120000,14892400000
2016-05-27,801760.SI,1302.38,1310.8,1299.55,1303.04,668960000,12935050000
2016-05-30,801760.SI,1294.71,1310.02,1286.05,1298.31,685460000,11827170000
2016-05-31,801760.SI,1300.18,1347.83,1300.12,1347.81,1375810000,24783780000
2016-06-01,801760.SI,1351.33,1359.64,1348.01,1349.83,1220210000,23641100000
2016-06-02,801760.SI,1347.63,1357.26,1345.6,1357.23,934600000,17506730000
2016-06-03,801760.SI,1350.07,1382.84,1349.39,1369.66,1495420000,38171330000
2016-06-06,801760.SI,1381.72,1383.27,1361.93,1369.73,1086530000,27555550000
2016-06-07,801760.SI,1369.98,1373.93,1357.07,1363.7,875900000,22322870000
2016-06-08,801760.SI,1359.28,1360.12,1339.58,1346.56,1020510000,24595530000
2016-06-13,801760.SI,1325.87,1325.87,1256.51,1256.79,1227710000,27177830000
2016-06-14,801760.SI,1249.39,1259.22,1235.28,1247.09,788780000,17189100000
2016-06-15,801760.SI,1234.35,1292.32,1232.42,1280.45,1019650000,21437030000
2016-06-16,801760.SI,1277.51,1282.56,1262.05,1265.08,905000000,19137140000
2016-06-17,801760.SI,1268.41,1291.53,1265.51,1272.57,826220000,17502980000
2016-06-20,801760.SI,1271.27,1274.63,1252.84,1269.53,713880000,15424780000
2016-06-21,801760.SI,1279.56,1290.37,1254.68,1259.1,1035620000,21738590000
2016-06-22,801760.SI,1255.47,1275.2,1252.07,1275.04,753220000,15783040000
2016-06-23,801760.SI,1274.46,1275.88,1259.65,1271.82,829130000,17564300000
2016-06-24,801760.SI,1270.35,1281.5,1220.24,1253.99,1133690000,22935140000
2016-06-27,801760.SI,1244.77,1282.7,1244.77,1282.7,982370000,20656030000
2016-06-28,801760.SI,1276.48,1314.14,1274.83,1310.87,1385300000,30233250000
2016-06-29,801760.SI,1316.4,1321.38,1306.0,1310.41,1186450000,26576800000
2016-06-30,801760.SI,1313.72,1336.92,1307.22,1332.21,1201530000,29924700000
2016-07-01,801760.SI,1333.73,1337.05,1317.76,1320.21,1067370000,26452960000
2016-07-04,801760.SI,1310.65,1340.6,1310.3,1336.06,1274430000,28510840000
2016-07-05,801760.SI,1339.6,1343.3,1330.64,1339.87,1208920000,27112200000
2016-07-06,801760.SI,1336.16,1345.73,1330.63,1343.46,1197840000,24282330000
2016-07-07,801760.SI,1342.71,1343.49,1323.53,1334.82,1193710000,24781780000
2016-07-08,801760.SI,1333.57,1342.16,1325.0,1334.74,1080830000,21897120000
2016-07-11,801760.SI,1341.48,1345.83,1326.84,1327.65,1266630000,26084710000
2016-07-12,801760.SI,1327.11,1344.08,1312.8,1344.0,1287050000,26072250000
2016-07-13,801760.SI,1349.24,1387.79,1346.83,1379.68,2187640000,44346630000
2016-07-14,801760.SI,1380.0,1386.38,1368.04,1383.1,1837620000,38507350000
2016-07-15,801760.SI,1380.43,1382.38,1365.56,1367.66,1485200000,30575150000
2016-07-18,801760.SI,1366.38,1368.28,1350.0,1358.94,1316820000,28161630000
2016-07-19,801760.SI,1358.63,1371.92,1352.64,1371.92,1283900000,28485420000
2016-07-20,801760.SI,1372.78,1387.61,1372.01,1377.5,1371550000,29739840000
2016-07-21,801760.SI,1375.59,1388.44,1371.06,1375.38,1279460000,28837730000
2016-07-22,801760.SI,1375.3,1378.96,1364.16,1365.92,1187900000,25274010000
2016-07-25,801760.SI,1364.3,1373.21,1360.18,1369.48,1152160000,25263810000
2016-07-26,801760.SI,1366.82,1383.52,1366.82,1383.41,1124450000,23420500000
2016-07-27,801760.SI,1385.3,1386.27,1303.28,1317.04,1932220000,39421120000
2016-07-28,801760.SI,1313.17,1323.32,1286.64,1306.75,1262030000,25032710000
2016-07-29,801760.SI,1306.86,1309.54,1288.43,1294.75,848760000,16910290000
2016-08-01,801760.SI,1288.83,1288.84,1261.21,1279.67,985740000,19697890000
2016-08-02,801760.SI,1278.19,1287.0,1274.9,1286.94,614040000,12803510000
2016-08-03,801760.SI,1285.19,1290.76,1280.81,1286.7,655510000,13250370000
2016-08-04,801760.SI,1286.36,1295.89,1279.27,1293.46,753370000,15376800000
2016-08-05,801760.SI,1292.7,1292.71,1279.61,1280.87,722420000,14473480000
2016-08-08,801760.SI,1277.19,1296.03,1268.56,1295.97,761620000,15036140000
2016-08-09,801760.SI,1292.86,1310.78,1292.78,1310.78,846390000,17446830000
2016-08-10,801760.SI,1310.92,1316.25,1303.66,1303.84,878540000,17377520000
2016-08-11,801760.SI,1302.9,1305.99,1288.72,1288.78,845860000,16159030000
2016-08-12,801760.SI,1286.55,1298.52,1280.96,1298.44,744290000,14807270000
2016-08-15,801760.SI,1300.33,1346.32,1295.97,1341.47,1623670000,32862560000
2016-08-16,801760.SI,1345.37,1354.82,1345.37,1349.05,1232560000,26478340000
2016-08-17,801760.SI,1352.47,1365.32,1351.4,1359.71,1365670000,30926020000
2016-08-18,801760.SI,1359.91,1364.28,1354.32,1358.82,1243760000,27470750000
2016-08-19,801760.SI,1360.2,1368.21,1356.61,1363.49,1020660000,22945000000
2016-08-22,801760.SI,1365.27,1368.94,1343.04,1343.14,1060150000,23386210000
2016-08-23,801760.SI,1345.58,1356.17,1341.92,1350.81,968490000,19108090000
2016-08-24,801760.SI,1358.12,1368.67,1356.43,1358.39,1024510000,20893610000
2016-08-25,801760.SI,1355.84,1355.86,1335.47,1352.03,1430440000,34044080000
2016-08-26,801760.SI,1355.92,1367.8,1354.03,1355.79,1214130000,26268990000
2016-08-29,801760.SI,1354.28,1358.25,1349.98,1353.45,936360000,20805130000
2016-08-30,801760.SI,1358.12,1362.41,1351.75,1353.88,1084340000,23757200000
2016-08-31,801760.SI,1355.48,1359.8,1344.72,1357.59,1026620000,23669570000
2016-09-01,801760.SI,1358.52,1361.62,1348.67,1348.77,966400000,22229290000
2016-09-02,801760.SI,1347.2,1356.84,1341.37,1349.06,1002870000,22058570000
2016-09-05,801760.SI,1353.21,1359.91,1346.67,1348.82,891220000,20627790000
2016-09-06,801760.SI,1348.66,1367.54,1335.34,1367.48,1145090000,27193990000
2016-09-07,801760.SI,1366.51,1368.9,1355.17,1355.82,989560000,22483610000
2016-09-08,801760.SI,1356.13,1360.52,1351.09,1358.27,859270000,20033120000
2016-09-09,801760.SI,1357.07,1359.19,1345.52,1345.54,970680000,20849110000
2016-09-12,801760.SI,1321.97,1327.58,1305.05,1305.2,1135390000,23104650000
2016-09-13,801760.SI,1310.42,1314.16,1298.81,1305.97,710440000,15137390000
2016-09-14,801760.SI,1299.38,1310.76,1295.17,1302.77,722660000,15421420000
2016-09-19,801760.SI,1306.32,1323.3,1306.28,1317.56,686880000,15764230000
2016-09-20,801760.SI,1318.06,1318.86,1310.92,1312.67,642490000,13820060000
2016-09-21,801760.SI,1311.66,1318.52,1310.84,1313.59,599480000,12774210000
2016-09-22,801760.SI,1322.08,1323.87,1317.53,1318.23,727130000,15617940000
2016-09-23,801760.SI,1319.72,1320.3,1311.97,1312.26,785840000,17003610000
2016-09-26,801760.SI,1311.27,1311.27,1284.48,1284.85,934540000,19659550000
2016-09-27,801760.SI,1280.77,1294.73,1278.51,1294.73,693260000,14330560000
2016-09-28,801760.SI,1295.49,1295.52,1285.54,1287.42,539190000,10962040000
2016-09-29,801760.SI,1288.14,1296.64,1288.03,1291.35,597800000,12700510000
2016-09-30,801760.SI,1289.77,1296.71,1289.77,1294.92,530870000,10928860000
2016-10-10,801760.SI,1302.54,1326.15,1299.57,1326.0,934600000,19751450000
2016-10-11,801760.SI,1326.9,1328.31,1323.18,1328.18,831230000,18076360000
2016-10-12,801760.SI,1323.53,1326.37,1320.23,1325.19,755630000,16186020000
2016-10-13,801760.SI,1326.38,1329.0,1321.5,1324.09,741880000,16192190000
2016-10-14,801760.SI,1320.53,1320.65,1308.27,1315.43,705770000,15049230000
2016-10-17,801760.SI,1315.83,1316.82,1298.82,1301.31,801550000,16914700000
2016-10-18,801760.SI,1300.65,1319.15,1300.55,1319.15,844290000,17301770000
2016-10-19,801760.SI,1321.92,1322.97,1314.57,1318.28,939460000,18442780000
2016-10-20,801760.SI,1318.6,1321.24,1313.45,1321.05,894590000,18025150000
2016-10-21,801760.SI,1320.94,1322.98,1306.49,1316.25,963390000,20790490000
2016-10-24,801760.SI,1315.36,1332.77,1312.96,1329.01,1080880000,23403880000
2016-10-25,801760.SI,1330.05,1332.61,1327.87,1331.61,918040000,20542010000
2016-10-26,801760.SI,1330.53,1330.53,1318.21,1322.8,976990000,20848050000
2016-10-27,801760.SI,1322.11,1325.99,1319.66,1325.82,880480000,18158050000
2016-10-28,801760.SI,1325.73,1331.5,1317.77,1318.07,1094820000,22732490000
2016-10-31,801760.SI,1314.43,1316.27,1307.22,1312.26,973140000,19389380000
2016-11-01,801760.SI,1312.55,1323.8,1312.38,1323.4,938570000,18905940000
2016-11-02,801760.SI,1321.11,1322.79,1309.63,1310.53,995360000,21648220000
2016-11-03,801760.SI,1305.78,1324.65,1305.29,1315.41,1266760000,27268960000
2016-11-04,801760.SI,1313.75,1324.97,1313.58,1321.3,1293290000,28227420000
2016-11-07,801760.SI,1317.98,1322.23,1310.46,1312.99,987710000,22555540000
2016-11-08,801760.SI,1317.9,1325.99,1315.13,1325.08,1125910000,25280100000
2016-11-09,801760.SI,1325.34,1326.42,1292.67,1308.55,1235000000,26859490000
2016-11-10,801760.SI,1321.19,1327.49,1313.54,1326.4,1179780000,25985700000
2016-11-11,801760.SI,1326.56,1332.97,1321.66,1332.97,1433140000,30972020000
2016-11-14,801760.SI,1334.11,1351.07,1334.11,1348.17,1429510000,31134110000
2016-11-15,801760.SI,1347.18,1358.28,1339.09,1358.28,1354140000,33580110000
2016-11-16,801760.SI,1362.52,1372.44,1361.28,1361.6,1637720000,38223030000
2016-11-17,801760.SI,1356.12,1358.99,1347.71,1350.61,1088890000,26768790000
2016-11-18,801760.SI,1350.67,1353.6,1343.18,1344.39,868490000,21717070000
2016-11-21,801760.SI,1345.35,1348.19,1341.62,1346.26,1087820000,26004040000
2016-11-22,801760.SI,1347.68,1363.42,1346.38,1363.42,1431280000,33614990000
2016-11-23,801760.SI,1364.92,1368.26,1352.64,1354.6,1619020000,38847760000
2016-11-24,801760.SI,1349.31,1356.37,1339.64,1341.65,1183670000,27881700000
2016-11-25,801760.SI,1339.92,1349.67,1323.44,1349.57,1397610000,31012280000
2016-11-28,801760.SI,1350.09,1352.01,1344.1,1345.02,1186190000,26020450000
2016-11-29,801760.SI,1342.04,1351.27,1338.23,1340.56,1451240000,29909780000
2016-11-30,801760.SI,1337.8,1354.86,1336.75,1347.64,1529100000,31225890000
2016-12-01,801760.SI,1347.59,1352.03,1344.58,1350.74,1333790000,28222480000
2016-12-02,801760.SI,1348.55,1351.26,1326.26,1327.36,1383090000,29667390000
2016-12-05,801760.SI,1314.87,1330.29,1312.96,1320.8,1063230000,21549270000
2016-12-06,801760.SI,1323.14,1326.4,1307.58,1308.45,1026230000,21659440000
2016-12-07,801760.SI,1308.58,1315.99,1304.88,1315.99,882660000,17536650000
2016-12-08,801760.SI,1316.23,1316.23,1305.18,1305.8,984210000,19859940000
2016-12-09,801760.SI,1305.8,1306.75,1296.95,1299.73,1135600000,22766000000
2016-12-12,801760.SI,1297.44,1297.44,1230.4,1230.79,1566250000,29949360000
2016-12-13,801760.SI,1226.29,1235.36,1211.44,1228.9,985650000,18506670000
2016-12-14,801760.SI,1227.97,1230.03,1215.76,1218.92,920080000,16983770000
2016-12-15,801760.SI,1216.97,1236.01,1216.27,1228.64,916890000,16520860000
2016-12-16,801760.SI,1229.89,1246.51,1229.6,1243.08,933600000,17364820000
2016-12-19,801760.SI,1241.68,1241.68,1232.63,1235.5,843640000,14661890000
2016-12-20,801760.SI,1235.35,1235.94,1227.02,1233.05,751790000,13073070000
2016-12-21,801760.SI,1238.25,1242.06,1237.3,1242.05,850700000,15888190000
2016-12-22,801760.SI,1242.18,1242.2,1230.54,1236.84,824120000,14714560000
2016-12-23,801760.SI,1235.34,1238.3,1224.48,1226.81,967800000,17720970000
2016-12-26,801760.SI,1221.93,1227.32,1205.12,1227.24,904220000,16513710000
2016-12-27,801760.SI,1225.19,1229.56,1220.99,1221.58,715010000,14025070000
2016-12-28,801760.SI,1219.89,1221.23,1211.29,1215.03,741860000,13852230000
2016-12-29,801760.SI,1213.21,1221.14,1210.87,1211.13,836630000,15016840000
2016-12-30,801760.SI,1211.57,1214.03,1204.77,1207.85,805450000,13901870000
2017-01-03,801760.SI,1210.05,1214.4,1210.01,1214.4,833880000,14728220000
2017-01-04,801760.SI,1214.66,1228.6,1211.84,1228.56,1167390000,20617390000
2017-01-05,801760.SI,1226.57,1227.86,1223.16,1223.23,838550000,14950050000
2017-01-06,801760.SI,1222.36,1222.37,1208.73,1209.57,785410000,13965080000
2017-01-09,801760.SI,1207.93,1212.96,1203.61,1211.43,695790000,11927410000
2017-01-10,801760.SI,1211.36,1213.49,1207.13,1208.75,751960000,12953350000
2017-01-11,801760.SI,1206.51,1209.0,1194.02,1195.82,788320000,13480120000
2017-01-12,801760.SI,1195.51,1200.32,1186.93,1186.96,694090000,12047540000
2017-01-13,801760.SI,1187.8,1189.6,1172.02,1174.85,916180000,16368660000
2017-01-16,801760.SI,1174.29,1174.6,1105.93,1136.67,1320120000,24307930000
2017-01-17,801760.SI,1131.48,1162.82,1120.86,1159.41,1081680000,21060680000
2017-01-18,801760.SI,1154.08,1156.66,1147.89,1148.55,779130000,15054900000
2017-01-19,801760.SI,1145.8,1153.08,1138.47,1147.84,633080000,14119670000
2017-01-20,801760.SI,1145.13,1171.19,1145.11,1166.59,819520000,18913240000
2017-01-23,801760.SI,1166.02,1175.16,1166.02,1174.13,713780000,14358580000
2017-01-24,801760.SI,1173.23,1173.27,1160.98,1161.71,598310000,13254110000
2017-01-25,801760.SI,1160.12,1170.18,1159.11,1169.01,580300000,12342830000
2017-01-26,801760.SI,1170.29,1176.26,1170.15,1175.15,570160000,12035180000
2017-02-03,801760.SI,1174.81,1175.58,1165.07,1167.37,508670000,10267670000
2017-02-06,801760.SI,1166.92,1178.22,1164.85,1178.03,619940000,12756470000
2017-02-07,801760.SI,1176.88,1177.01,1166.44,1170.39,635070000,12837100000
2017-02-08,801760.SI,1168.14,1179.15,1163.79,1179.15,683600000,13594570000
2017-02-09,801760.SI,1177.82,1183.18,1177.27,1182.7,714550000,14148260000
2017-02-10,801760.SI,1180.44,1181.98,1173.02,1173.26,841590000,16623400000
2017-02-13,801760.SI,1172.47,1183.04,1168.26,1180.55,906520000,17421850000
2017-02-14,801760.SI,1181.55,1184.27,1178.48,1181.33,749250000,15624690000
2017-02-15,801760.SI,1178.98,1183.61,1167.24,1168.25,945960000,19139620000
2017-02-16,801760.SI,1165.31,1168.34,1161.48,1168.11,837610000,16057020000
2017-02-17,801760.SI,1167.03,1173.53,1158.52,1158.9,1006170000,18968280000
2017-02-20,801760.SI,1157.27,1165.62,1153.28,1165.62,869100000,15919300000
2017-02-21,801760.SI,1165.23,1182.2,1164.16,1180.2,1001630000,19493640000
2017-02-22,801760.SI,1180.41,1183.64,1174.83,1183.01,932260000,17650090000
2017-02-23,801760.SI,1182.01,1183.87,1176.7,1183.7,856470000,16405000000
2017-02-24,801760.SI,1183.86,1199.71,1182.98,1199.33,1114630000,22489040000
2017-02-27,801760.SI,1198.42,1205.1,1194.36,1194.94,1058050000,20497830000
2017-02-28,801760.SI,1193.27,1196.32,1189.1,1196.32,1054280000,20142660000
2017-03-01,801760.SI,1194.2,1204.84,1193.18,1200.94,1288900000,25045180000
2017-03-02,801760.SI,1199.55,1201.0,1189.63,1189.88,1037520000,21002280000
2017-03-03,801760.SI,1185.59,1188.84,1179.18,1187.12,828380000,18056930000
2017-03-06,801760.SI,1185.97,1198.81,1185.93,1198.76,897860000,18456390000
2017-03-07,801760.SI,1199.64,1202.15,1194.44,1202.15,942620000,19547430000
2017-03-08,801760.SI,1202.07,1202.07,1191.38,1193.16,868110000,17346340000
2017-03-09,801760.SI,1191.37,1191.37,1181.1,1185.02,819030000,17207830000
2017-03-10,801760.SI,1184.75,1189.14,1183.91,1185.35,714080000,14936740000
2017-03-13,801760.SI,1184.06,1191.31,1174.64,1191.27,733510000,15267610000
2017-03-14,801760.SI,1191.64,1194.79,1185.15,1188.42,778030000,16599150000
2017-03-15,801760.SI,1186.58,1189.04,1178.3,1186.29,780700000,17585810000
2017-03-16,801760.SI,1186.21,1194.78,1186.17,1194.78,876040000,18317230000
2017-03-17,801760.SI,1196.88,1203.89,1187.02,1187.5,1214630000,24287160000
2017-03-20,801760.SI,1185.66,1188.82,1180.38,1188.73,933570000,19775300000
2017-03-21,801760.SI,1188.76,1188.9,1183.34,1186.33,803560000,17907580000
2017-03-22,801760.SI,1180.04,1181.6,1169.99,1174.03,873470000,17866590000
2017-03-23,801760.SI,1174.15,1181.36,1168.31,1177.64,856350000,18207440000
2017-03-24,801760.SI,1179.41,1183.36,1174.44,1181.25,896830000,18558150000
2017-03-27,801760.SI,1180.72,1181.4,1174.88,1178.18,890920000,18491450000
2017-03-28,801760.SI,1176.18,1177.79,1171.48,1172.64,753620000,15706210000
2017-03-29,801760.SI,1174.86,1174.88,1160.99,1161.91,766160000,16217540000
2017-03-30,801760.SI,1159.87,1159.99,1135.83,1136.05,916990000,17120710000
2017-03-31,801760.SI,1138.41,1145.17,1138.1,1143.86,658820000,13559490000
2017-04-05,801760.SI,1143.87,1157.85,1142.73,1157.85,783910000,14807690000
2017-04-06,801760.SI,1157.29,1160.11,1154.63,1155.53,688170000,13638540000
2017-04-07,801760.SI,1155.53,1157.28,1152.2,1155.2,745770000,14388420000
2017-04-10,801760.SI,1153.24,1153.29,1132.46,1132.88,902300000,16965060000
2017-04-11,801760.SI,1130.62,1135.61,1118.73,1135.61,864740000,15239310000
2017-04-12,801760.SI,1133.07,1133.22,1125.83,1126.75,665160000,12119020000
2017-04-13,801760.SI,1125.93,1132.43,1125.59,1127.66,532960000,9541530000
2017-04-14,801760.SI,1126.26,1126.26,1114.2,1115.52,645640000,10712410000
2017-04-17,801760.SI,1110.92,1111.01,1097.21,1100.81,727540000,11717510000
2017-04-18,801760.SI,1100.99,1103.28,1084.84,1085.44,613120000,9900910000
2017-04-19,801760.SI,1083.0,1084.5,1068.46,1082.35,706600000,11305000000
2017-04-20,801760.SI,1081.35,1084.55,1073.88,1080.47,603710000,9777880000
2017-04-21,801760.SI,1080.68,1083.83,1076.58,1078.58,478170000,7695660000
2017-04-24,801760.SI,1077.13,1077.19,1055.32,1061.74,661790000,10405990000
2017-04-25,801760.SI,1061.47,1069.87,1061.42,1063.0,486940000,8366640000
2017-04-26,801760.SI,1063.15,1066.39,1060.37,1063.34,553940000,9362610000
2017-04-27,801760.SI,1061.77,1076.48,1047.54,1075.25,856230000,13937040000
2017-04-28,801760.SI,1071.93,1079.65,1071.93,1079.65,598730000,10872020000
2017-05-02,801760.SI,1077.83,1080.33,1073.88,1076.0,567820000,9859860000
2017-05-03,801760.SI,1075.01,1078.27,1069.21,1075.14,601300000,10402430000
2017-05-04,801760.SI,1073.45,1078.88,1067.58,1069.63,588690000,10013380000
2017-05-05,801760.SI,1065.83,1069.54,1061.6,1061.6,627340000,11267350000
2017-05-08,801760.SI,1058.79,1072.22,1058.09,1063.28,742200000,12922650000
2017-05-09,801760.SI,1059.69,1071.59,1055.86,1071.24,729050000,12447360000
2017-05-10,801760.SI,1070.1,1076.26,1055.11,1055.11,814830000,14065710000
2017-05-11,801760.SI,1049.14,1051.09,1027.14,1046.52,931080000,14381210000
2017-05-12,801760.SI,1044.48,1045.84,1035.43,1041.05,662130000,10628660000
2017-05-15,801760.SI,1041.82,1047.81,1041.7,1042.42,561380000,9248630000
2017-05-16,801760.SI,1041.44,1057.46,1031.5,1057.44,897780000,14067830000
2017-05-17,801760.SI,1056.6,1076.04,1056.06,1070.58,1183250000,19189640000
2017-05-18,801760.SI,1062.72,1071.1,1062.72,1066.56,850570000,13209220000
2017-05-19,801760.SI,1066.26,1068.32,1057.73,1062.3,707260000,11302710000
2017-05-22,801760.SI,1059.56,1064.08,1045.21,1048.97,755160000,11606700000
2017-05-23,801760.SI,1045.89,1047.76,1027.85,1028.17,804080000,11859730000
2017-05-24,801760.SI,1023.51,1032.71,1012.74,1032.71,723500000,10412510000
2017-05-25,801760.SI,1027.97,1039.93,1019.43,1036.93,767070000,11153420000
2017-05-26,801760.SI,1033.59,1038.2,1032.59,1034.57,617100000,9096350000
2017-05-31,801760.SI,1044.09,1046.54,1034.91,1035.16,870770000,12893670000
2017-06-01,801760.SI,1030.74,1030.9,1012.83,1012.99,885270000,12670230000
2017-06-02,801760.SI,1010.34,1027.04,1004.55,1025.44,848260000,12716190000
2017-06-05,801760.SI,1026.84,1037.45,1026.26,1033.94,784280000,12652840000
2017-06-06,801760.SI,1033.35,1039.03,1031.94,1039.01,639420000,9733510000
2017-06-07,801760.SI,1038.93,1065.34,1038.38,1063.89,1177460000,19021480000
2017-06-08,801760.SI,1063.25,1068.45,1062.35,1063.65,922050000,14931020000
2017-06-09,801760.SI,1066.14,1068.79,1060.47,1067.51,829580000,13349350000
2017-06-12,801760.SI,1063.11,1063.16,1052.02,1053.35,831640000,12638750000
2017-06-13,801760.SI,1050.66,1066.71,1050.65,1065.86,911940000,12915770000
2017-06-14,801760.SI,1063.3,1065.28,1058.5,1059.88,812600000,12347280000
2017-06-15,801760.SI,1059.76,1080.18,1059.76,1076.3,1260930000,18336020000
2017-06-16,801760.SI,1078.81,1080.64,1072.92,1076.07,995200000,15205370000
2017-06-19,801760.SI,1071.64,1079.11,1070.41,1077.83,1057950000,16342620000
2017-06-20,801760.SI,1077.03,1079.47,1071.54,1072.6,909980000,13991330000
2017-06-21,801760.SI,1077.24,1078.17,1064.35,1070.32,1140830000,15384520000
2017-06-22,801760.SI,1069.57,1074.63,1054.84,1054.87,1160760000,17396180000
2017-06-23,801760.SI,1051.66,1054.16,1040.57,1053.68,1007730000,15462960000
2017-06-26,801760.SI,1052.72,1064.15,1051.48,1064.11,890800000,13512820000
2017-06-27,801760.SI,1064.81,1071.56,1064.25,1068.73,952670000,14036010000
2017-06-28,801760.SI,1065.72,1065.8,1057.4,1060.8,855650000,11980420000
2017-06-29,801760.SI,1061.01,1065.97,1059.07,1062.54,745090000,11201690000
2017-06-30,801760.SI,1058.41,1059.75,1052.38,1059.2,775010000,11436500000
2017-07-03,801760.SI,1058.99,1068.07,1056.85,1068.07,955630000,13821670000
2017-07-04,801760.SI,1066.52,1066.55,1058.42,1059.91,876730000,12607500000
2017-07-05,801760.SI,1058.37,1063.04,1054.53,1063.04,920140000,13544220000
2017-07-06,801760.SI,1061.81,1061.82,1048.7,1053.87,1055430000,14451940000
2017-07-07,801760.SI,1052.77,1054.18,1049.14,1052.21,993340000,13068990000
2017-07-10,801760.SI,1049.33,1049.33,1037.52,1038.06,974580000,13201250000
2017-07-11,801760.SI,1036.94,1039.21,1029.36,1029.45,810070000,10961810000
2017-07-12,801760.SI,1026.33,1028.81,1014.7,1025.62,862740000,11281400000
2017-07-13,801760.SI,1022.72,1022.86,1018.22,1019.94,692980000,9499650000
2017-07-14,801760.SI,1017.38,1018.27,1010.6,1012.66,766810000,9675530000
2017-07-17,801760.SI,1004.38,1004.46,962.9,963.28,1360040000,16299210000
2017-07-18,801760.SI,959.18,967.02,952.11,966.27,1025210000,12057520000
2017-07-19,801760.SI,963.38,973.75,959.46,973.57,957480000,10985380000
2017-07-20,801760.SI,972.83,980.95,971.78,974.57,877390000,10431920000
2017-07-21,801760.SI,974.64,978.72,972.91,974.6,748750000,9276730000
2017-07-24,801760.SI,972.98,977.12,968.79,976.5,824050000,10667000000
2017-07-25,801760.SI,975.67,985.75,974.39,983.54,1040850000,13043990000
2017-07-26,801760.SI,983.79,985.39,978.94,983.61,911840000,12344730000
2017-07-27,801760.SI,981.8,1015.37,979.89,1015.12,2030610000,26363820000
2017-07-28,801760.SI,1013.4,1015.67,1007.13,1008.84,1528950000,21239380000
2017-07-31,801760.SI,1007.71,1012.35,1003.19,1009.39,1224480000,16617380000
2017-08-01,801760.SI,1009.26,1012.12,1003.55,1009.75,1266330000,17489970000
2017-08-02,801760.SI,1008.28,1009.7,1001.09,1001.21,1275270000,16997790000
2017-08-03,801760.SI,1000.06,1010.63,1000.06,1010.63,1600210000,20898840000
2017-08-04,801760.SI,1009.85,1010.25,1002.59,1003.04,1260290000,16729590000
2017-08-07,801760.SI,1002.45,1011.51,1002.44,1007.5,1103230000,15434100000
2017-08-08,801760.SI,1006.04,1016.18,1001.0,1016.18,1548730000,20735860000
2017-08-09,801760.SI,1014.67,1021.61,1013.77,1016.22,1295400000,17926680000
2017-08-10,801760.SI,1014.91,1018.12,1001.5,1008.33,1306150000,17833580000
2017-08-11,801760.SI,1001.75,1010.5,999.85,1001.39,1303080000,17698420000
2017-08-14,801760.SI,1001.9,1020.29,1001.83,1020.24,1308260000,18232800000
2017-08-15,801760.SI,1019.84,1021.25,1015.61,1021.25,1265980000,16949330000
2017-08-16,801760.SI,1019.95,1041.23,1018.54,1037.78,1937360000,26774870000
2017-08-17,801760.SI,1034.7,1044.43,1033.99,1041.71,1672390000,23631180000
2017-08-18,801760.SI,1035.71,1039.54,1033.24,1034.31,1405130000,19025100000
2017-08-21,801760.SI,1033.91,1037.36,1031.95,1037.1,1170200000,15868140000
2017-08-22,801760.SI,1035.32,1036.94,1025.67,1027.22,1170900000,16326530000
2017-08-23,801760.SI,1026.9,1028.43,1020.01,1021.95,993860000,13863900000
2017-08-24,801760.SI,1020.56,1021.0,1010.81,1012.37,1068510000,15583370000
2017-08-25,801760.SI,1011.44,1024.31,1010.87,1024.31,1066310000,15162850000
2017-08-28,801760.SI,1027.28,1042.83,1024.38,1039.24,1600700000,23508080000
2017-08-29,801760.SI,1038.18,1041.53,1034.82,1036.82,1205140000,17791010000
2017-08-30,801760.SI,1036.6,1041.38,1036.51,1038.3,1153320000,16534170000
2017-08-31,801760.SI,1039.22,1043.24,1038.55,1043.24,1074540000,15949580000
2017-09-01,801760.SI,1044.05,1049.01,1039.91,1048.43,1369790000,19834970000
2017-09-04,801760.SI,1047.95,1054.59,1045.41,1053.22,1462390000,20724280000
2017-09-05,801760.SI,1053.94,1055.23,1048.51,1051.1,1664120000,23419330000
2017-09-06,801760.SI,1049.3,1057.27,1046.08,1057.27,1588350000,22354370000
2017-09-07,801760.SI,1058.14,1064.73,1054.1,1054.88,1874740000,27266290000
2017-09-08,801760.SI,1054.88,1058.05,1048.82,1053.13,1479450000,21034820000
2017-09-11,801760.SI,1053.43,1057.59,1051.64,1057.59,1317190000,18506850000
2017-09-12,801760.SI,1058.33,1058.52,1047.37,1047.77,1695580000,23110610000
2017-09-13,801760.SI,1046.37,1049.42,1044.33,1048.51,1146260000,15243160000
2017-09-14,801760.SI,1048.16,1052.48,1045.3,1048.96,1146800000,16056170000
2017-09-15,801760.SI,1048.32,1048.96,1043.24,1047.04,1200890000,16877150000
2017-09-18,801760.SI,1045.95,1051.68,1044.86,1051.68,1032160000,14252520000
2017-09-19,801760.SI,1052.09,1053.37,1045.82,1047.46,1153060000,15779730000
2017-09-20,801760.SI,1046.44,1050.97,1044.08,1050.97,1030250000,14157290000
2017-09-21,801760.SI,1050.74,1052.4,1038.91,1038.93,1139770000,15626600000
2017-09-22,801760.SI,1036.38,1036.4,1029.7,1034.25,1001620000,13151060000
2017-09-25,801760.SI,1032.38,1033.44,1020.88,1021.96,924130000,12172710000
2017-09-26,801760.SI,1021.09,1023.86,1015.24,1020.88,830140000,11126070000
2017-09-27,801760.SI,1020.89,1024.79,1020.78,1023.77,752450000,9962810000
2017-09-28,801760.SI,1023.59,1026.11,1020.68,1020.68,864050000,11555620000
2017-09-29,801760.SI,1020.46,1027.02,1020.45,1026.51,829320000,11365880000
2017-10-09,801760.SI,1035.85,1039.3,1028.63,1036.91,1174290000,16191560000
2017-10-10,801760.SI,1036.71,1051.76,1035.92,1051.76,1533610000,19768410000
2017-10-11,801760.SI,1053.31,1058.62,1052.04,1052.54,1715190000,21151540000
2017-10-12,801760.SI,1051.17,1054.5,1043.74,1050.45,1290790000,17073130000
2017-10-13,801760.SI,1050.32,1055.14,1048.32,1055.02,1081810000,14963780000
2017-10-16,801760.SI,1053.55,1053.9,1032.84,1032.84,1451780000,19089880000
2017-10-17,801760.SI,1031.62,1035.57,1027.9,1030.46,847940000,11276320000
2017-10-18,801760.SI,1032.01,1034.44,1023.73,1023.92,956330000,13208180000
2017-10-19,801760.SI,1023.34,1025.17,1014.33,1015.4,961490000,13341820000
2017-10-20,801760.SI,1015.49,1030.01,1013.88,1029.98,857330000,13624470000
2017-10-23,801760.SI,1029.52,1034.35,1028.7,1034.35,812730000,13656940000
2017-10-24,801760.SI,1032.75,1032.84,1022.38,1029.23,905370000,14836320000
2017-10-25,801760.SI,1028.06,1032.85,1026.02,1032.83,722170000,11514520000
2017-10-26,801760.SI,1032.72,1035.46,1029.29,1034.58,969130000,14925800000
2017-10-27,801760.SI,1033.01,1035.0,1027.25,1028.04,897280000,13344920000
2017-10-30,801760.SI,1026.34,1026.46,995.92,998.58,1364030000,18425930000
2017-10-31,801760.SI,997.37,1001.79,996.32,1001.78,780900000,10759650000
2017-11-01,801760.SI,1002.08,1005.69,1000.29,1001.41,856780000,12070020000
2017-11-02,801760.SI,1000.31,1000.31,993.0,993.39,886830000,12287090000
2017-11-03,801760.SI,995.82,999.07,985.07,989.36,998170000,14001420000
2017-11-06,801760.SI,986.72,993.81,984.76,993.79,883810000,13773580000
2017-11-07,801760.SI,994.06,1001.1,992.82,1000.94,998270000,15081200000
2017-11-08,801760.SI,1001.01,1017.63,999.96,1012.36,1422780000,21629020000
2017-11-09,801760.SI,1010.11,1012.47,1008.35,1011.91,1041620000,16532480000
2017-11-10,801760.SI,1011.92,1015.53,1008.74,1012.45,1115260000,17512620000
2017-11-13,801760.SI,1012.6,1013.94,1005.23,1006.82,1094430000,16860000000
2017-11-14,801760.SI,1005.96,1006.0,992.56,996.3,1078660000,16718620000
2017-11-15,801760.SI,994.38,995.49,985.16,989.16,856030000,13129990000
2017-11-16,801760.SI,987.43,992.99,985.11,986.2,817700000,12484120000
2017-11-17,801760.SI,985.9,985.94,957.61,959.14,1363460000,18254490000
2017-11-20,801760.SI,954.85,963.11,941.75,963.11,988720000,12700920000
2017-11-21,801760.SI,963.23,969.85,961.56,967.98,1057790000,14631400000
2017-11-22,801760.SI,967.91,970.9,962.48,970.0,1045980000,13922490000
2017-11-23,801760.SI,967.01,969.28,950.37,950.44,1099380000,14564950000
2017-11-24,801760.SI,947.24,955.62,947.21,952.71,854310000,11205630000
2017-11-27,801760.SI,953.17,953.21,941.12,942.34,832320000,10890520000
2017-11-28,801760.SI,941.95,952.76,941.81,952.76,787650000,10435390000
2017-11-29,801760.SI,951.49,952.14,937.65,946.08,879960000,11509050000
2017-11-30,801760.SI,943.85,947.3,938.42,940.68,714620000,9454170000
2017-12-01,801760.SI,940.46,958.96,940.38,958.25,1009790000,13091930000
2017-12-04,801760.SI,956.02,956.69,946.2,946.61,963470000,13052390000
2017-12-05,801760.SI,944.03,948.3,923.67,928.9,1042520000,12948920000
2017-12-06,801760.SI,927.58,941.23,924.57,941.18,972180000,12132250000
2017-12-07,801760.SI,937.79,945.2,936.83,941.57,939230000,12112810000
2017-12-08,801760.SI,940.23,950.36,940.22,949.31,964130000,12826300000
2017-12-11,801760.SI,951.61,962.58,951.58,960.3,1055870000,14008130000
2017-12-12,801760.SI,960.6,961.65,953.21,953.22,1092310000,15514100000
2017-12-13,801760.SI,952.19,955.92,948.76,955.92,826140000,11330210000
2017-12-14,801760.SI,955.28,957.89,951.95,954.46,953790000,13045450000
2017-12-15,801760.SI,954.06,954.92,948.85,954.12,932330000,13101420000
2017-12-18,801760.SI,953.63,953.65,943.96,947.48,877080000,11571950000
2017-12-19,801760.SI,947.1,954.44,947.08,953.26,895560000,11946650000
2017-12-20,801760.SI,952.28,952.44,940.29,940.72,846780000,10723000000
2017-12-21,801760.SI,938.51,941.74,931.46,940.07,883830000,11203980000
2017-12-22,801760.SI,938.53,939.36,934.1,935.07,713010000,9967870000
2017-12-25,801760.SI,934.83,935.58,919.07,920.89,965520000,11957640000
2017-12-26,801760.SI,920.13,924.22,913.92,924.22,976870000,12066050000
2017-12-27,801760.SI,922.07,922.79,913.56,916.4,882000000,11677310000
2017-12-28,801760.SI,913.67,926.75,912.48,924.89,1001690000,13206920000
2017-12-29,801760.SI,923.4,928.85,920.76,928.83,800750000,10771890000
2018-01-02,801760.SI,929.12,935.32,929.08,934.33,865840000,10547120000
2018-01-03,801760.SI,933.41,938.56,930.98,937.88,1049440000,13670080000
2018-01-04,801760.SI,936.95,936.95,932.21,934.39,867770000,11337860000
2018-01-05,801760.SI,934.56,938.18,934.33,935.9,906240000,11548220000
2018-01-08,801760.SI,935.05,935.07,928.4,933.07,1159240000,14203990000
2018-01-09,801760.SI,931.45,931.5,926.14,930.42,999760000,12327540000
2018-01-10,801760.SI,930.44,930.75,922.76,928.79,1097800000,13274540000
2018-01-11,801760.SI,928.57,940.2,925.64,938.4,1515620000,16360800000
2018-01-12,801760.SI,939.55,942.81,935.31,935.7,1275850000,15303920000
2018-01-15,801760.SI,929.98,930.0,908.35,911.29,1321180000,15667660000
2018-01-16,801760.SI,908.41,915.75,908.41,915.75,1071770000,12832010000
2018-01-17,801760.SI,913.69,923.49,904.7,922.17,1351370000,16618050000
2018-01-18,801760.SI,917.86,924.15,917.86,918.72,925280000,12074730000
2018-01-19,801760.SI,918.89,921.8,916.48,916.91,1043930000,13650060000
2018-01-22,801760.SI,916.0,943.03,911.09,939.62,1564080000,20381050000
2018-01-23,801760.SI,939.41,946.18,938.63,945.1,1210780000,17014610000
2018-01-24,801760.SI,940.12,971.17,936.53,970.17,2382250000,32481330000
2018-01-25,801760.SI,967.41,989.45,966.3,966.56,2786820000,38046320000
2018-01-26,801760.SI,962.29,970.56,961.59,966.84,1819580000,24975220000
2018-01-29,801760.SI,962.72,965.03,947.72,953.62,1717690000,23447340000
2018-01-30,801760.SI,949.03,952.69,943.02,944.81,1403360000,18716570000
2018-01-31,801760.SI,934.21,934.23,917.56,917.88,1842560000,23208780000
2018-02-01,801760.SI,916.69,918.34,892.92,893.09,1775030000,21953840000
2018-02-02,801760.SI,885.6,904.35,878.47,897.45,1599880000,21033110000
2018-02-05,801760.SI,883.69,893.7,882.08,891.02,1294220000,16849630000
2018-02-06,801760.SI,872.57,883.61,851.88,852.96,1659390000,21168840000
2018-02-07,801760.SI,865.69,869.97,841.98,861.57,1806630000,22415260000
2018-02-08,801760.SI,856.53,873.66,855.95,866.72,2311700000,22381250000
2018-02-09,801760.SI,843.85,851.34,827.82,836.49,2211080000,23146940000
2018-02-12,801760.SI,840.02,861.16,837.96,858.01,1570330000,17561200000
2018-02-13,801760.SI,859.22,865.24,851.27,853.1,1388600000,15534410000
2018-02-14,801760.SI,852.46,854.56,847.58,850.05,1129220000,11739570000
2018-02-22,801760.SI,861.01,871.71,857.29,867.94,1397690000,16287500000
2018-02-23,801760.SI,866.59,869.4,857.43,861.67,1530480000,15908460000
2018-02-26,801760.SI,865.81,884.74,863.78,883.22,1805680000,20792620000
2018-02-27,801760.SI,882.39,898.08,880.81,896.38,1992450000,24132560000
2018-02-28,801760.SI,887.96,906.59,883.78,898.67,1921470000,23639830000
2018-03-01,801760.SI,892.41,912.45,890.18,912.43,1793180000,21541740000
2018-03-02,801760.SI,905.56,913.87,902.96,906.66,1961710000,23022030000
2018-03-05,801760.SI,906.6,912.14,899.56,912.14,1519030000,17864430000
2018-03-06,801760.SI,912.31,918.54,911.58,915.71,1768780000,23686270000
2018-03-07,801760.SI,913.99,914.89,903.88,904.94,1508650000,18446180000
2018-03-08,801760.SI,904.58,908.71,901.9,907.09,1213590000,14939750000
2018-03-09,801760.SI,908.77,934.49,908.62,933.03,2378800000,30535790000
2018-03-12,801760.SI,939.28,952.12,938.66,952.1,2448240000,32230720000
2018-03-13,801760.SI,949.8,958.0,944.09,946.23,2082740000,27102130000
2018-03-14,801760.SI,942.86,946.69,934.08,934.55,1776010000,21496700000
2018-03-15,801760.SI,929.84,935.14,919.04,933.62,1517060000,20577090000
2018-03-16,801760.SI,930.82,937.3,925.6,925.62,1672880000,22009910000
2018-03-19,801760.SI,925.84,936.13,922.22,927.22,1533200000,20810950000
2018-03-20,801760.SI,919.99,930.14,914.34,930.13,1906920000,22022460000
2018-03-21,801760.SI,929.07,935.59,913.84,914.84,1861630000,22734760000
2018-03-22,801760.SI,915.45,926.09,911.57,918.13,1666360000,20403290000
2018-03-23,801760.SI,891.29,899.18,857.64,869.29,2517590000,27921970000
2018-03-26,801760.SI,857.35,883.65,850.92,883.65,1533020000,18677970000
2018-03-27,801760.SI,890.63,908.65,890.54,906.54,1878750000,24057610000
2018-03-28,801760.SI,894.05,904.64,892.49,898.87,1759190000,20699810000
2018-03-29,801760.SI,901.5,903.61,891.31,897.42,1593790000,18768010000
2018-03-30,801760.SI,900.6,912.04,900.07,911.97,1856250000,23430700000
2018-04-02,801760.SI,915.18,916.75,906.26,908.58,1918440000,23936060000
2018-04-03,801760.SI,896.23,896.25,881.71,890.42,1729260000,20710790000
2018-04-04,801760.SI,892.79,894.36,878.08,878.62,1432730000,17443180000
2018-04-09,801760.SI,876.6,883.4,870.89,875.99,1277030000,15987010000
2018-04-10,801760.SI,874.37,877.85,864.11,877.61,1550100000,19010760000
2018-04-11,801760.SI,878.51,889.02,878.43,884.92,1439380000,18667250000
2018-04-12,801760.SI,883.43,886.59,877.63,877.98,1254400000,15819300000
2018-04-13,801760.SI,881.92,883.65,875.18,877.03,1193490000,14638620000
2018-04-16,801760.SI,872.65,881.09,866.69,872.88,1534620000,17958350000
2018-04-17,801760.SI,876.24,877.64,852.3,852.55,1681760000,18830120000
2018-04-18,801760.SI,858.65,863.68,837.6,861.76,1931150000,20778340000
2018-04-19,801760.SI,861.59,867.64,860.26,862.44,1555650000,17246290000
2018-04-20,801760.SI,859.55,861.98,840.26,842.03,1861990000,19185970000
2018-04-23,801760.SI,838.98,842.7,825.14,833.91,1413580000,14807090000
2018-04-24,801760.SI,834.03,858.0,833.59,857.25,1634880000,17463890000
2018-04-25,801760.SI,857.04,861.24,854.84,857.53,1474860000,16069470000
2018-04-26,801760.SI,856.23,857.75,837.56,837.8,1394550000,14688700000
2018-04-27,801760.SI,840.78,846.93,834.96,845.42,1469140000,15965850000
2018-05-02,801760.SI,845.88,848.91,836.04,840.87,1352210000,14484080000
2018-05-03,801760.SI,838.3,848.91,829.86,848.59,1367020000,15514250000
2018-05-04,801760.SI,846.79,850.27,843.2,844.39,1081610000,12350630000
2018-05-07,801760.SI,845.95,856.46,844.34,855.58,1195480000,14117400000
2018-05-08,801760.SI,855.59,861.55,852.3,860.91,1316610000,15531220000
2018-05-09,801760.SI,859.25,860.49,854.16,857.41,1277720000,14293390000
2018-05-10,801760.SI,858.44,861.36,853.42,861.21,1368150000,15547910000
2018-05-11,801760.SI,861.52,862.04,852.77,853.6,1301200000,14882430000
2018-05-14,801760.SI,853.51,857.39,847.8,849.99,1420610000,15788850000
2018-05-15,801760.SI,850.55,860.0,847.21,860.0,1267130000,14202730000
2018-05-16,801760.SI,857.02,859.98,853.13,854.03,1246140000,14500030000
2018-05-17,801760.SI,853.1,855.63,847.4,848.56,1052020000,12217000000
2018-05-18,801760.SI,847.27,853.77,844.26,853.77,1096080000,12627850000
2018-05-21,801760.SI,857.44,865.55,854.41,863.98,1319270000,15760210000
2018-05-22,801760.SI,862.47,863.63,858.3,863.61,1224890000,14402040000
2018-05-23,801760.SI,862.18,862.22,853.04,853.04,1163290000,13446500000
2018-05-24,801760.SI,852.78,854.52,849.71,850.2,992060000,11688310000
2018-05-25,801760.SI,848.15,849.77,840.6,840.77,1075360000,12301750000
2018-05-28,801760.SI,840.58,842.78,833.73,836.66,1204590000,13207880000
2018-05-29,801760.SI,834.92,840.67,830.16,830.29,1177350000,13133390000
2018-05-30,801760.SI,818.74,819.25,803.29,804.2,1380040000,14328290000
2018-05-31,801760.SI,809.19,817.52,805.24,817.48,1270510000,14613670000
2018-06-01,801760.SI,813.39,816.43,805.58,808.97,1203200000,12219290000
2018-06-04,801760.SI,806.2,806.64,797.6,801.46,1188300000,12656740000
2018-06-05,801760.SI,799.92,811.41,799.92,811.36,1124980000,11449510000
2018-06-06,801760.SI,809.87,814.58,808.7,811.42,1202020000,12464340000
2018-06-07,801760.SI,813.79,814.66,805.83,806.08,1335470000,12764250000
2018-06-08,801760.SI,804.3,804.36,789.45,794.18,1324030000,12695130000
2018-06-11,801760.SI,791.93,795.35,788.92,791.07,1096460000,10983310000
2018-06-12,801760.SI,791.92,799.97,786.15,798.25,1079160000,10901780000
2018-06-13,801760.SI,796.06,796.1,785.29,785.53,966970000,9421890000
2018-06-14,801760.SI,783.62,790.15,780.71,781.97,948110000,9318700000
2018-06-15,801760.SI,781.28,783.53,764.25,766.91,1079380000,10219300000
2018-06-19,801760.SI,754.35,754.44,713.16,721.25,1529360000,13697500000
2018-06-20,801760.SI,717.03,731.48,713.01,726.76,1142820000,10236120000
2018-06-21,801760.SI,725.95,727.56,706.61,706.62,1114500000,9928520000
2018-06-22,801760.SI,702.46,720.69,700.42,718.44,1126830000,9449410000
2018-06-25,801760.SI,723.43,723.91,713.34,713.79,997560000,8386460000
2018-06-26,801760.SI,706.37,724.97,704.41,723.38,1085440000,9384220000
2018-06-27,801760.SI,722.78,724.53,713.5,715.52,1173670000,9223240000
2018-06-28,801760.SI,713.74,721.37,706.81,707.23,1048860000,8872680000
2018-06-29,801760.SI,707.54,731.96,707.54,731.93,1344470000,11959660000
2018-07-02,801760.SI,732.8,735.23,718.32,723.84,1335240000,11558740000
2018-07-03,801760.SI,725.97,736.68,713.89,735.18,1406280000,12845360000
2018-07-04,801760.SI,732.64,734.09,720.0,722.9,1239730000,11015630000
2018-07-05,801760.SI,721.96,726.5,711.24,711.28,1105810000,9901270000
2018-07-06,801760.SI,711.74,723.07,700.08,714.5,1314150000,12223240000
2018-07-09,801760.SI,715.12,722.48,715.12,722.47,1122320000,11076300000
2018-07-10,801760.SI,721.69,722.96,717.3,722.96,1051350000,9868260000
2018-07-11,801760.SI,711.42,711.57,694.4,702.21,1221010000,11004450000
2018-07-12,801760.SI,702.26,720.64,702.19,719.22,1267810000,12076100000
2018-07-13,801760.SI,718.92,723.12,717.92,722.5,1198050000,11322680000
2018-07-16,801760.SI,721.39,722.87,715.39,718.27,1180620000,10790880000
2018-07-17,801760.SI,718.44,721.46,713.53,721.46,1189030000,10323700000
2018-07-18,801760.SI,721.4,723.83,714.68,714.68,1362270000,11690750000
2018-07-19,801760.SI,720.52,723.03,712.34,714.31,1113970000,9576260000
2018-07-20,801760.SI,717.69,723.43,707.62,721.58,1554220000,15123240000
2018-07-23,801760.SI,719.19,726.37,716.87,726.37,1676570000,13903120000
2018-07-24,801760.SI,726.26,734.67,723.66,732.62,1853250000,15711350000
2018-07-25,801760.SI,735.1,741.1,735.0,740.52,1696180000,14883090000
2018-07-26,801760.SI,739.18,740.04,734.29,736.73,2120150000,16222380000
2018-07-27,801760.SI,736.22,736.46,727.16,727.34,1579690000,11971380000
2018-07-30,801760.SI,723.96,724.88,709.58,712.87,1521800000,11433270000
2018-07-31,801760.SI,711.49,714.35,708.2,712.29,1136350000,9178590000
2018-08-01,801760.SI,712.52,717.51,701.35,701.35,1338400000,10824730000
2018-08-02,801760.SI,698.69,698.77,669.75,679.65,1748970000,13240140000
2018-08-03,801760.SI,678.85,680.97,670.53,670.53,1261140000,9005300000
2018-08-06,801760.SI,668.88,673.97,656.69,659.94,1255560000,9019900000
2018-08-07,801760.SI,661.63,676.67,658.15,676.66,1304820000,9834120000
2018-08-08,801760.SI,674.61,677.25,667.22,668.42,1358580000,10027300000
2018-08-09,801760.SI,666.19,685.1,665.34,681.59,1595580000,12100710000
2018-08-10,801760.SI,681.17,684.69,678.52,684.06,1317800000,9831920000
2018-08-13,801760.SI,674.66,684.37,671.03,682.93,1426470000,10996930000
2018-08-14,801760.SI,680.88,682.14,675.33,676.89,1296490000,9793400000
2018-08-15,801760.SI,676.16,677.89,663.51,664.1,1554090000,10895630000
2018-08-16,801760.SI,655.63,662.98,649.76,654.72,1502280000,10997110000
2018-08-17,801760.SI,658.06,659.97,637.89,638.89,1380870000,10402800000
2018-08-20,801760.SI,637.72,642.94,630.45,642.36,1281870000,9496560000
2018-08-21,801760.SI,642.27,652.38,641.04,650.87,1199920000,9523290000
2018-08-22,801760.SI,649.28,650.25,643.75,644.43,1394830000,8481000000
2018-08-23,801760.SI,644.95,650.18,642.71,647.73,1214030000,8562860000
2018-08-24,801760.SI,645.94,648.25,642.03,644.02,1300140000,9268820000
2018-08-27,801760.SI,645.33,659.02,645.22,658.02,1596040000,12051860000
2018-08-28,801760.SI,658.14,661.13,657.65,659.88,1422980000,10422710000
2018-08-29,801760.SI,656.55,656.62,649.46,651.97,1622320000,12233190000
2018-08-30,801760.SI,650.86,653.43,644.85,644.85,1563020000,11086330000
2018-08-31,801760.SI,641.18,641.58,634.85,636.28,1584390000,10863020000
2018-09-03,801760.SI,634.01,636.75,627.06,635.98,1436910000,10495900000
2018-09-04,801760.SI,636.46,647.59,636.46,646.26,1469550000,11039330000
2018-09-05,801760.SI,646.19,651.06,642.14,642.2,1418100000,10798950000
2018-09-06,801760.SI,640.34,645.42,635.01,637.34,1382660000,11095200000
2018-09-07,801760.SI,637.29,644.39,630.76,634.66,1482620000,11473710000
2018-09-10,801760.SI,633.08,634.05,617.97,618.26,1604910000,11903220000
2018-09-11,801760.SI,616.38,621.5,612.46,617.14,1411410000,9779050000
2018-09-12,801760.SI,616.26,624.55,615.87,619.75,1302660000,9042080000
2018-09-13,801760.SI,621.88,624.76,611.9,617.94,1719210000,10976000000
2018-09-14,801760.SI,616.29,616.99,610.49,613.12,1823630000,11112890000
2018-09-17,801760.SI,609.49,609.55,602.3,602.59,1534510000,9598330000
2018-09-18,801760.SI,599.53,613.57,599.53,613.57,1673070000,10547380000
2018-09-19,801760.SI,612.46,622.21,610.52,618.17,1813140000,11928900000
2018-09-20,801760.SI,617.73,620.11,616.48,617.3,1844340000,10295900000
2018-09-21,801760.SI,618.72,628.37,616.49,627.29,1926920000,11903070000
2018-09-25,801760.SI,623.46,626.88,622.2,624.36,1420800000,9209130000
2018-09-26,801760.SI,626.68,633.0,626.29,629.3,1923940000,12214590000
2018-09-27,801760.SI,629.24,630.2,620.08,620.1,2056010000,12159860000
2018-09-28,801760.SI,621.58,627.15,620.61,627.15,1577870000,9874420000
2018-10-08,801760.SI,613.38,615.52,602.42,602.93,1598310000,9845800000
2018-10-09,801760.SI,604.54,606.83,597.46,600.59,1258160000,7654990000
2018-10-10,801760.SI,601.55,603.0,594.65,600.31,1212920000,7573040000
2018-10-11,801760.SI,581.05,582.63,554.22,557.04,1964950000,11839320000
2018-10-12,801760.SI,553.3,558.28,538.56,554.17,1765850000,9961640000
2018-10-15,801760.SI,556.28,559.72,545.89,546.95,1283700000,7483610000
2018-10-16,801760.SI,546.95,551.17,535.27,537.78,1264550000,7132370000
2018-10-17,801760.SI,544.68,549.75,537.0,548.9,1467940000,8738390000
2018-10-18,801760.SI,544.95,545.15,535.1,535.32,1370790000,8026570000
2018-10-19,801760.SI,529.17,549.36,528.02,549.36,1528060000,9586810000
2018-10-22,801760.SI,553.66,580.28,553.63,574.09,2130710000,14542750000
2018-10-23,801760.SI,573.44,574.88,560.46,563.66,1958950000,12236170000
2018-10-24,801760.SI,561.5,569.93,560.08,562.51,1733810000,10443400000
2018-10-25,801760.SI,545.96,563.09,544.25,561.09,1742110000,10511960000
2018-10-26,801760.SI,564.14,567.51,557.98,559.73,1526560000,9208710000
2018-10-29,801760.SI,559.22,559.29,550.43,552.59,1442520000,8811960000
2018-10-30,801760.SI,547.12,561.49,543.07,555.54,1840470000,12403600000
2018-10-31,801760.SI,555.98,565.41,554.6,561.83,1682280000,10704550000
2018-11-01,801760.SI,564.74,579.9,564.7,570.41,2457170000,16160310000
2018-11-02,801760.SI,580.04,589.68,579.66,589.68,2679230000,17968560000
2018-11-05,801760.SI,586.77,593.39,579.95,588.4,2500600000,16265990000
2018-11-06,801760.SI,584.58,584.7,575.77,584.37,2135570000,13289450000
2018-11-07,801760.SI,581.78,589.04,580.03,580.33,2527060000,16309780000
2018-11-08,801760.SI,582.51,583.05,572.75,572.94,2206310000,14008490000
2018-11-09,801760.SI,567.4,572.68,565.81,568.84,2110490000,14708960000
2018-11-12,801760.SI,567.44,589.1,567.44,589.1,2535260000,16869150000
2018-11-13,801760.SI,582.55,617.29,581.4,611.81,4229340000,28147990000
2018-11-14,801760.SI,610.63,621.08,608.92,610.89,3963060000,24733260000
2018-11-15,801760.SI,611.95,624.46,610.89,624.46,3598090000,23772860000
2018-11-16,801760.SI,623.9,633.86,621.41,630.9,3692380000,24812080000
2018-11-19,801760.SI,629.29,630.36,619.23,626.65,3209700000,20971070000
2018-11-20,801760.SI,620.55,621.92,606.9,607.55,2699680000,18293620000
2018-11-21,801760.SI,602.38,613.76,602.14,613.76,2388870000,15878450000
2018-11-22,801760.SI,615.94,619.59,613.0,616.11,2894530000,18565190000
2018-11-23,801760.SI,613.22,613.22,584.23,586.79,3191040000,19788490000
2018-11-26,801760.SI,586.1,592.77,582.61,586.56,2112580000,13099960000
2018-11-27,801760.SI,591.95,596.77,587.42,592.71,2198210000,14438730000
2018-11-28,801760.SI,593.19,608.43,585.29,608.02,3173480000,20310960000
2018-11-29,801760.SI,611.79,613.05,587.3,587.3,3053620000,20342800000
2018-11-30,801760.SI,583.85,587.82,572.36,586.4,2460870000,15642230000
2018-12-03,801760.SI,600.89,610.43,598.56,605.97,2992160000,20466310000
2018-12-04,801760.SI,604.07,609.61,602.46,609.59,2625990000,16880140000
2018-12-05,801760.SI,596.89,608.29,594.86,605.28,2549220000,16920350000
2018-12-06,801760.SI,601.8,602.24,591.69,592.59,2503170000,16678380000
2018-12-07,801760.SI,593.51,596.47,590.44,592.71,1981550000,12345090000
2018-12-10,801760.SI,588.32,595.49,587.12,591.86,1859730000,12817010000
2018-12-11,801760.SI,594.42,604.42,594.32,602.09,2159280000,14108890000
2018-12-12,801760.SI,604.82,604.82,596.47,598.03,2007220000,12202700000
2018-12-13,801760.SI,599.75,605.01,594.78,601.57,2059120000,13311930000
2018-12-14,801760.SI,600.73,600.77,585.63,586.26,2106770000,13584290000
2018-12-17,801760.SI,583.83,588.19,580.66,586.06,1498430000,9753600000
2018-12-18,801760.SI,582.2,586.64,575.52,581.5,1463390000,9635760000
2018-12-19,801760.SI,582.76,582.77,571.84,573.17,1302860000,8770830000
2018-12-20,801760.SI,572.54,579.97,572.54,578.49,1487170000,9752490000
2018-12-21,801760.SI,577.43,585.2,576.71,580.3,2042590000,14110940000
2018-12-24,801760.SI,578.2,580.0,574.41,579.29,1623590000,10944620000
2018-12-25,801760.SI,572.22,572.72,555.41,570.57,2032480000,13142460000
2018-12-26,801760.SI,569.5,577.75,568.91,572.89,1814130000,12103440000
2018-12-27,801760.SI,579.51,580.51,560.49,560.49,1957980000,12776090000
2018-12-28,801760.SI,561.06,566.3,557.92,561.18,1579160000,10532990000
2019-01-02,801760.SI,563.8,563.8,557.28,558.25,1527340000,9924420000
2019-01-03,801760.SI,557.74,562.95,554.18,555.1,2011630000,11996000000
2019-01-04,801760.SI,549.26,571.75,548.91,571.46,2381910000,15309950000
2019-01-07,801760.SI,573.46,582.08,572.8,581.21,2423570000,15795880000
2019-01-08,801760.SI,579.14,582.97,577.51,581.56,2229490000,13910450000
2019-01-09,801760.SI,581.24,592.43,579.64,582.87,2564370000,16802440000
2019-01-10,801760.SI,583.09,588.6,580.97,582.39,2426360000,15463450000
2019-01-11,801760.SI,581.93,585.95,580.89,585.95,2065000000,12615170000
2019-01-14,801760.SI,585.66,585.73,577.5,579.22,2260500000,13879630000
2019-01-15,801760.SI,577.83,586.08,576.18,585.8,1943510000,13399230000
2019-01-16,801760.SI,585.91,590.39,585.41,587.76,2136820000,14909850000
2019-01-17,801760.SI,587.05,590.49,583.38,584.32,2209590000,13710170000
2019-01-18,801760.SI,584.03,586.61,578.33,585.69,2069450000,12949860000
2019-01-21,801760.SI,586.02,590.95,585.03,587.24,1715710000,11280170000
2019-01-22,801760.SI,587.1,587.11,577.06,578.71,1679270000,10789520000
2019-01-23,801760.SI,577.73,579.27,574.5,577.72,1380970000,9144530000
2019-01-24,801760.SI,579.01,584.78,575.33,582.09,1671750000,11779650000
2019-01-25,801760.SI,581.41,585.06,579.2,579.63,1773520000,12014350000
2019-01-28,801760.SI,583.58,584.17,573.62,574.5,1745580000,11563050000
2019-01-29,801760.SI,571.3,571.4,553.63,560.84,1981460000,12562260000
2019-01-30,801760.SI,555.6,558.67,548.73,548.73,1541700000,9782320000
2019-01-31,801760.SI,544.8,547.3,535.03,539.35,2291960000,13623660000
2019-02-01,801760.SI,540.32,555.68,540.23,555.68,1867160000,12216090000
2019-02-11,801760.SI,557.95,572.35,556.74,572.35,2102860000,14633730000
2019-02-12,801760.SI,570.13,581.29,568.79,578.79,2228510000,15170410000
2019-02-13,801760.SI,578.05,590.56,576.57,588.91,2609880000,18635290000
2019-02-14,801760.SI,588.66,596.37,586.55,594.51,2257220000,15586190000
2019-02-15,801760.SI,591.97,594.98,587.6,588.4,2198490000,15343370000
2019-02-18,801760.SI,591.45,609.83,591.44,609.83,2819280000,20079790000
2019-02-19,801760.SI,611.13,615.68,603.5,610.01,3362400000,23397910000
2019-02-20,801760.SI,609.65,612.55,602.0,612.25,2788090000,18573950000
2019-02-21,801760.SI,612.78,631.39,610.52,618.36,3741120000,28832330000
2019-02-22,801760.SI,618.2,639.49,618.15,639.23,3942670000,29987350000
2019-02-25,801760.SI,653.63,676.7,652.93,676.7,5565150000,41416720000
2019-02-26,801760.SI,683.4,696.33,673.93,679.8,6369100000,53015100000
2019-02-27,801760.SI,679.07,689.48,669.29,678.55,5524860000,44780710000
2019-02-28,801760.SI,677.16,681.77,671.85,677.75,4441960000,36026850000
2019-03-01,801760.SI,680.27,684.67,668.99,684.67,3937030000,35146600000
2019-03-04,801760.SI,696.54,714.36,691.26,697.23,5757050000,49479980000
2019-03-05,801760.SI,695.3,719.57,693.27,719.57,6058180000,48051050000
2019-03-06,801760.SI,722.3,735.74,712.09,734.86,7087260000,59090770000
2019-03-07,801760.SI,733.1,754.73,727.89,743.21,6795160000,59626560000
2019-03-08,801760.SI,722.7,743.56,706.05,706.05,7514490000,60976580000
2019-03-11,801760.SI,711.6,740.4,710.77,740.4,6050210000,48322940000
2019-03-12,801760.SI,749.84,784.27,749.83,772.92,8229100000,68211890000
2019-03-13,801760.SI,775.21,775.21,743.3,749.74,7615660000,65537230000
2019-03-14,801760.SI,740.88,744.38,711.69,720.44,5122200000,41285820000
2019-03-15,801760.SI,725.86,735.76,717.03,724.24,4164180000,36293800000
2019-03-18,801760.SI,728.15,740.64,717.58,740.64,4083970000,36159360000
2019-03-19,801760.SI,738.58,752.66,737.89,745.74,4088570000,36546560000
2019-03-20,801760.SI,745.53,747.86,731.52,747.86,4310080000,37814440000
2019-03-21,801760.SI,749.05,777.95,748.89,766.73,5984210000,53599730000
2019-03-22,801760.SI,766.73,768.4,746.61,761.34,4983830000,46468570000
2019-03-25,801760.SI,744.12,752.09,737.28,737.57,4510920000,39199830000
2019-03-26,801760.SI,740.21,742.92,711.57,713.4,4314620000,36308940000
2019-03-27,801760.SI,716.8,719.32,700.96,710.05,3470870000,29314720000
2019-03-28,801760.SI,706.06,713.48,695.9,696.42,3302280000,28552730000
2019-03-29,801760.SI,693.29,718.32,687.75,718.32,4082860000,36404730000
2019-04-01,801760.SI,722.54,748.76,722.54,746.48,4931960000,45676960000
2019-04-02,801760.SI,749.33,760.33,744.57,747.88,5835170000,51616840000
2019-04-03,801760.SI,744.33,758.02,742.34,757.34,5139190000,45686640000
2019-04-04,801760.SI,759.14,761.05,749.78,756.26,4943740000,43467840000
2019-04-08,801760.SI,759.53,761.13,734.34,743.4,4696410000,42275850000
2019-04-09,801760.SI,742.42,756.58,737.67,752.55,3917790000,36591190000
2019-04-10,801760.SI,749.74,752.06,739.33,746.14,3786820000,36128510000
2019-04-11,801760.SI,745.45,747.25,730.58,731.76,3444910000,31238450000
2019-04-12,801760.SI,731.02,735.73,727.36,733.87,2757670000,25481990000
2019-04-15,801760.SI,744.24,745.82,721.72,721.77,3379610000,32923260000
2019-04-16,801760.SI,715.08,735.56,709.29,735.56,3412820000,30557030000
2019-04-17,801760.SI,733.99,743.09,732.54,738.79,3627400000,33147400000
2019-04-18,801760.SI,737.3,742.29,733.11,735.71,3495100000,31981080000
2019-04-19,801760.SI,735.31,743.24,727.87,743.24,3289640000,30507090000
2019-04-22,801760.SI,743.59,745.48,728.81,731.37,3673800000,32717440000
2019-04-23,801760.SI,728.14,738.39,723.94,727.51,3433050000,32046270000
2019-04-24,801760.SI,726.58,728.33,711.53,726.56,2853380000,26666060000
2019-04-25,801760.SI,720.86,721.47,695.43,695.43,4352890000,34003230000
2019-04-26,801760.SI,689.95,695.7,682.38,682.38,3224990000,29900450000
2019-04-29,801760.SI,680.68,683.51,657.71,658.61,3528450000,29547150000
2019-04-30,801760.SI,655.22,670.51,655.22,663.44,2489400000,21367310000
2019-05-06,801760.SI,636.21,638.63,610.2,614.5,2956040000,24583390000
2019-05-07,801760.SI,617.27,623.74,609.86,621.6,2250480000,19789240000
2019-05-08,801760.SI,608.5,628.44,606.21,619.65,2286120000,18508970000
2019-05-09,801760.SI,613.79,622.25,613.79,614.73,1840410000,15906820000
2019-05-10,801760.SI,621.01,636.41,610.11,636.16,2846100000,24226280000
2019-05-13,801760.SI,628.61,632.92,624.08,627.18,2067070000,17417120000
2019-05-14,801760.SI,618.86,631.54,618.86,624.17,2157930000,17412980000
2019-05-15,801760.SI,629.4,636.25,628.5,635.0,2406780000,20331460000
2019-05-16,801760.SI,634.43,635.56,630.81,634.31,2027910000,16622420000
2019-05-17,801760.SI,635.44,637.6,606.15,609.01,2527470000,20257750000
2019-05-20,801760.SI,607.76,608.28,594.12,606.94,2043910000,16915980000
2019-05-21,801760.SI,606.13,618.68,604.44,615.52,1894160000,15978310000
2019-05-22,801760.SI,614.52,618.33,606.47,612.32,1820840000,14688960000
2019-05-23,801760.SI,609.34,609.38,593.88,595.45,1955110000,15469590000
2019-05-24,801760.SI,594.08,599.13,591.12,592.01,1532880000,13054450000
2019-05-27,801760.SI,593.77,607.75,590.82,607.14,1904710000,15678110000
2019-05-28,801760.SI,606.96,614.25,604.18,608.69,1995520000,16453220000
2019-05-29,801760.SI,605.55,612.07,604.45,606.93,1601070000,13379100000
2019-05-30,801760.SI,604.65,604.68,596.87,603.59,1740310000,14761920000
2019-05-31,801760.SI,603.08,608.06,601.16,602.79,1580410000,13195360000
2019-06-03,801760.SI,603.34,603.93,589.1,592.65,1878450000,14614990000
2019-06-04,801760.SI,592.73,594.89,585.51,588.98,1756240000,13740500000
2019-06-05,801760.SI,594.12,596.66,587.89,591.3,1708780000,14523620000
2019-06-06,801760.SI,589.79,589.79,573.4,575.23,1967360000,14666260000
2019-06-10,801760.SI,575.72,582.79,573.34,579.01,1498930000,11689610000
2019-06-11,801760.SI,580.68,602.81,578.94,602.65,2447120000,19599270000
2019-06-12,801760.SI,601.17,605.46,597.69,598.26,2220680000,18147610000
2019-06-13,801760.SI,599.37,608.32,598.39,606.52,2123770000,16767320000
2019-06-14,801760.SI,605.87,607.71,591.81,591.81,2057750000,15624180000
2019-06-17,801760.SI,590.42,594.72,588.58,592.52,1551010000,11507570000
2019-06-18,801760.SI,592.01,597.53,589.23,595.68,1752460000,13459040000
2019-06-19,801760.SI,610.23,612.7,604.58,604.81,2488640000,21453390000
2019-06-20,801760.SI,602.3,617.92,599.21,614.29,2865440000,25119050000
2019-06-21,801760.SI,619.88,631.18,619.86,629.48,3141510000,28458180000
2019-06-24,801760.SI,628.68,630.39,622.8,625.53,2354960000,20542460000
2019-06-25,801760.SI,624.24,624.24,608.79,616.67,2172430000,18098870000
2019-06-26,801760.SI,611.68,619.01,609.78,615.79,1965580000,15579750000
2019-06-27,801760.SI,617.45,623.58,615.89,617.03,2163610000,17681560000
2019-06-28,801760.SI,615.67,615.67,601.92,604.88,2000190000,16297400000
2019-07-01,801760.SI,617.4,624.25,615.39,623.75,2483300000,22109170000
2019-07-02,801760.SI,623.72,623.72,618.79,620.92,1944600000,16463400000
2019-07-03,801760.SI,619.76,619.78,609.54,611.68,1759920000,14781910000
2019-07-04,801760.SI,612.36,614.34,605.62,608.11,1427400000,11479930000
2019-07-05,801760.SI,607.89,610.36,604.91,609.53,1203220000,10046610000
2019-07-08,801760.SI,607.51,607.53,585.4,586.79,2142650000,16297230000
2019-07-09,801760.SI,586.47,588.45,582.51,588.45,1487170000,11066850000
2019-07-10,801760.SI,588.77,588.93,580.42,581.96,1291230000,9806990000
2019-07-11,801760.SI,584.38,589.24,578.84,581.05,1351660000,10024960000
2019-07-12,801760.SI,581.32,583.54,577.98,583.0,1309680000,9491470000
2019-07-15,801760.SI,581.32,594.12,574.95,592.36,1897550000,15629340000
2019-07-16,801760.SI,591.05,594.32,589.94,594.32,1409230000,11803420000
2019-07-17,801760.SI,593.62,597.82,591.8,594.83,1750530000,15011430000
2019-07-18,801760.SI,590.73,590.78,584.11,584.11,1645720000,13513640000
2019-07-19,801760.SI,585.05,594.37,585.02,587.15,1565020000,12920360000
2019-07-22,801760.SI,587.92,588.0,569.66,569.91,1803500000,13990470000
2019-07-23,801760.SI,570.51,576.6,570.47,576.6,1273170000,10058610000
2019-07-24,801760.SI,578.18,585.93,578.17,581.62,1610240000,13145790000
2019-07-25,801760.SI,581.66,583.97,580.6,583.15,1357400000,11387590000
2019-07-26,801760.SI,582.04,584.65,580.49,582.7,1343720000,10967690000
2019-07-29,801760.SI,582.49,583.95,579.32,581.09,1439070000,12029970000
2019-07-30,801760.SI,580.75,596.26,580.74,593.48,2136460000,18420320000
2019-07-31,801760.SI,592.34,592.35,588.38,588.77,1776890000,13775220000
2019-08-01,801760.SI,585.48,588.97,583.78,587.21,1704280000,13435180000
2019-08-02,801760.SI,574.07,577.97,572.47,577.59,1851700000,14986140000
2019-08-05,801760.SI,575.38,578.7,566.35,566.35,1678180000,13729920000
2019-08-06,801760.SI,555.27,555.31,541.15,552.1,2353230000,17606450000
2019-08-07,801760.SI,555.05,555.93,547.36,547.36,1462380000,11939170000
2019-08-08,801760.SI,550.99,554.38,550.21,553.19,1300880000,10753490000
2019-08-09,801760.SI,556.15,557.28,547.38,547.9,1532740000,12615580000
2019-08-12,801760.SI,548.71,558.79,547.93,558.79,1502780000,12605060000
2019-08-13,801760.SI,554.2,554.74,551.25,552.83,1263030000,10165060000
2019-08-14,801760.SI,560.46,561.08,554.48,555.15,1458190000,12425420000
2019-08-15,801760.SI,542.37,558.83,541.54,558.83,1697680000,13085240000
2019-08-16,801760.SI,558.0,566.46,557.92,562.05,1836620000,15766690000
2019-08-19,801760.SI,567.35,585.45,567.3,585.45,2554950000,23021070000
2019-08-20,801760.SI,588.82,595.86,587.04,587.89,2750720000,23456690000
2019-08-21,801760.SI,586.03,589.32,584.8,585.71,1950070000,16337780000
2019-08-22,801760.SI,587.91,592.14,587.13,591.82,2086080000,16156820000
2019-08-23,801760.SI,592.45,595.55,585.54,587.58,2019970000,16232000000
2019-08-26,801760.SI,574.62,580.99,574.12,579.59,1785220000,14276840000
2019-08-27,801760.SI,583.0,596.92,582.98,593.4,2429660000,19986380000
2019-08-28,801760.SI,592.97,597.87,591.75,595.91,2415560000,19079470000
2019-08-29,801760.SI,597.35,604.27,594.85,599.76,2537650000,20867700000
2019-08-30,801760.SI,604.04,605.99,587.87,590.75,2623490000,23388630000
2019-09-02,801760.SI,591.0,611.74,591.0,611.06,2767540000,25251770000
2019-09-03,801760.SI,611.91,616.03,610.5,616.03,2764810000,25297640000
2019-09-04,801760.SI,614.24,620.8,612.43,620.8,2756420000,26470240000
2019-09-05,801760.SI,624.71,636.73,624.7,626.27,3599530000,34595050000
2019-09-06,801760.SI,629.37,631.77,623.85,629.04,2686270000,25281700000
2019-09-09,801760.SI,634.96,646.78,633.26,646.78,3457330000,32581150000
2019-09-10,801760.SI,646.93,646.93,638.84,645.08,3148980000,29173120000
2019-09-11,801760.SI,647.53,648.57,640.23,640.67,2696090000,25652440000
2019-09-12,801760.SI,642.66,644.78,636.39,644.01,2400440000,22443780000
2019-09-16,801760.SI,645.26,650.26,643.74,646.33,2830450000,26873120000
2019-09-17,801760.SI,644.61,644.64,627.81,630.25,3091710000,27566080000
2019-09-18,801760.SI,632.04,635.79,631.84,633.24,2762550000,24053580000
2019-09-19,801760.SI,634.92,636.09,628.43,636.09,2586730000,24049980000
2019-09-20,801760.SI,635.12,637.66,632.13,634.03,2422730000,23121960000
2019-09-23,801760.SI,631.07,631.07,624.1,629.37,2416330000,22098730000
2019-09-24,801760.SI,629.28,637.88,626.81,632.78,2458370000,23704860000
2019-09-25,801760.SI,629.79,629.83,621.84,621.85,2597300000,23425660000
2019-09-26,801760.SI,624.03,624.63,605.6,606.43,2797670000,24682110000
2019-09-27,801760.SI,605.62,613.76,605.57,612.85,2360640000,19245090000
2019-09-30,801760.SI,612.24,614.62,602.86,602.86,2041570000,16484210000
2019-10-08,801760.SI,602.73,603.46,594.87,595.27,1911320000,16152880000
2019-10-09,801760.SI,592.36,597.82,589.8,597.82,1833460000,14943830000
2019-10-10,801760.SI,597.91,604.94,596.84,604.94,2137780000,16888850000
2019-10-11,801760.SI,605.72,612.67,600.3,609.58,2614530000,21367160000
2019-10-14,801760.SI,615.33,627.15,615.27,624.5,3400860000,26366860000
2019-10-15,801760.SI,622.05,622.07,615.91,616.67,3050770000,23503780000
2019-10-16,801760.SI,618.61,622.02,616.4,616.82,2603540000,21222340000
2019-10-17,801760.SI,617.94,624.45,617.94,620.54,2696510000,21984830000
2019-10-18,801760.SI,621.23,624.8,614.02,614.9,3056970000,22672990000
2019-10-21,801760.SI,614.81,614.81,603.5,609.39,2541140000,18778260000
2019-10-22,801760.SI,609.47,615.64,608.53,615.29,2500130000,19419530000
2019-10-23,801760.SI,614.65,617.0,610.88,613.07,2916030000,22036670000
2019-10-24,801760.SI,611.19,616.91,610.36,614.54,2883810000,21064050000
2019-10-25,801760.SI,613.86,619.39,611.99,618.29,2667840000,20618050000
2019-10-28,801760.SI,630.68,638.83,629.06,638.54,3735880000,30878610000
2019-10-29,801760.SI,639.77,640.85,629.7,629.7,4588530000,35395660000
2019-10-30,801760.SI,626.1,627.15,619.84,623.3,3761600000,27319940000
2019-10-31,801760.SI,621.31,623.15,614.78,615.46,3151570000,24808940000
2019-11-01,801760.SI,612.08,622.23,611.59,621.53,2880560000,22782940000
2019-11-04,801760.SI,622.25,626.06,619.65,620.42,2794050000,22331800000
2019-11-05,801760.SI,620.9,622.79,616.07,621.41,2481780000,20577510000
2019-11-06,801760.SI,620.1,620.1,610.38,612.5,2492820000,19562620000
2019-11-07,801760.SI,611.65,620.13,610.91,619.19,2440230000,19333850000
2019-11-08,801760.SI,623.08,625.44,618.48,618.66,2738090000,22725520000
2019-11-11,801760.SI,614.69,614.73,605.17,605.97,2594320000,21133240000
2019-11-12,801760.SI,606.34,607.97,600.31,607.97,2415580000,17713020000
2019-11-13,801760.SI,606.94,607.15,602.63,604.95,2043000000,15792880000
2019-11-14,801760.SI,604.32,607.8,602.93,605.85,2093430000,17158470000
2019-11-15,801760.SI,605.49,610.94,603.33,603.33,2280520000,20298870000
2019-11-18,801760.SI,602.2,611.2,600.45,610.17,2314590000,19686380000
2019-11-19,801760.SI,610.18,635.88,610.09,635.88,3623060000,31283140000
2019-11-20,801760.SI,639.02,642.96,631.51,631.79,3792940000,34368120000
2019-11-21,801760.SI,628.46,633.31,626.69,631.77,3361540000,25151080000
2019-11-22,801760.SI,630.58,636.6,619.08,622.07,3455940000,26726550000
2019-11-25,801760.SI,621.15,621.6,611.03,615.37,2638200000,20109650000
2019-11-26,801760.SI,616.08,618.55,613.36,615.82,2421310000,18004290000
2019-11-27,801760.SI,612.71,613.88,608.27,611.21,2182600000,16017030000
2019-11-28,801760.SI,609.58,610.9,604.96,606.77,2123980000,15137170000
2019-11-29,801760.SI,606.27,610.36,603.07,608.34,2184930000,15725550000
2019-12-02,801760.SI,609.32,613.56,609.31,613.56,2282460000,16938450000
2019-12-03,801760.SI,610.01,613.6,605.9,613.6,2126220000,16496370000
2019-12-04,801760.SI,610.1,615.63,610.1,612.92,2006020000,16544770000
2019-12-05,801760.SI,614.39,619.46,613.3,619.46,2251210000,19060220000
2019-12-06,801760.SI,618.82,629.75,617.73,629.75,3095210000,24921250000
2019-12-09,801760.SI,630.28,635.26,627.91,631.82,2949870000,23884460000
2019-12-10,801760.SI,629.92,638.84,626.61,638.53,3334400000,26248310000
2019-12-11,801760.SI,637.77,645.95,637.14,637.23,3580000000,28189220000
2019-12-12,801760.SI,636.14,638.87,632.41,632.7,3207740000,25288310000
2019-12-13,801760.SI,637.32,643.36,635.43,642.17,3433360000,30541200000
2019-12-16,801760.SI,644.62,658.38,644.48,658.38,3797140000,33985810000
2019-12-17,801760.SI,658.49,669.03,657.47,665.46,4452350000,40030280000
2019-12-18,801760.SI,664.55,681.34,664.55,677.15,4997380000,40115540000
2019-12-19,801760.SI,678.58,687.38,678.11,685.13,5176890000,41959980000
2019-12-20,801760.SI,685.48,687.64,675.28,675.37,5241150000,38881410000
2019-12-23,801760.SI,671.59,671.61,656.13,656.17,3780550000,29936340000
2019-12-24,801760.SI,656.94,671.63,656.93,671.63,3320540000,26185640000
2019-12-25,801760.SI,670.2,681.82,669.25,678.2,3890280000,31035520000
2019-12-26,801760.SI,676.88,682.72,673.58,682.72,3770410000,29510120000
2019-12-27,801760.SI,684.26,689.55,674.19,674.9,4565600000,36942090000
2019-12-30,801760.SI,670.72,682.14,664.26,679.71,4089540000,35725110000
2019-12-31,801760.SI,676.86,680.53,675.33,680.15,3296240000,28698720000
2020-01-02,801760.SI,686.43,711.97,685.16,709.89,5232360000,45590690000
2020-01-03,801760.SI,715.18,724.83,714.51,720.3,5631800000,50108020000
2020-01-06,801760.SI,712.8,738.27,710.36,731.01,6056390000,55131850000
2020-01-07,801760.SI,733.09,754.55,733.09,754.08,6431850000,58504510000
2020-01-08,801760.SI,745.89,749.57,733.59,734.39,5914570000,50528380000
2020-01-09,801760.SI,744.79,750.63,738.27,746.18,4934310000,44569830000
2020-01-10,801760.SI,749.42,749.42,738.25,740.63,4333070000,39200310000
2020-01-13,801760.SI,737.67,746.58,729.95,746.58,4119630000,37722370000
2020-01-14,801760.SI,748.9,754.83,747.16,747.34,4507190000,42721110000
2020-01-15,801760.SI,745.74,749.08,736.9,742.76,3978240000,38112270000
2020-01-16,801760.SI,744.0,746.34,735.17,737.29,3923960000,37121890000
2020-01-17,801760.SI,739.27,742.99,731.13,733.77,4186910000,37720400000
2020-01-20,801760.SI,732.14,734.11,724.49,733.45,3965870000,38892010000
2020-01-21,801760.SI,728.62,730.55,720.14,720.36,3848920000,35765640000
2020-01-22,801760.SI,714.17,725.74,704.71,722.57,3870620000,35603370000
2020-01-23,801760.SI,712.48,725.06,690.63,697.64,4241300000,41048930000
2020-02-03,801760.SI,632.83,647.75,632.83,635.73,2207340000,22464050000
2020-02-04,801760.SI,609.98,650.15,609.98,648.63,5753530000,46841060000
2020-02-05,801760.SI,652.32,677.59,652.01,666.26,5017680000,45690290000
2020-02-06,801760.SI,669.06,704.06,666.33,702.42,5679110000,53153440000
2020-02-07,801760.SI,705.14,720.26,702.01,720.26,5902110000,55567940000
2020-02-10,801760.SI,719.24,724.2,709.16,720.24,5574600000,51516480000
2020-02-11,801760.SI,722.48,722.48,709.05,712.16,4732720000,44595620000
2020-02-12,801760.SI,709.42,729.24,709.2,728.5,4420190000,43169200000
2020-02-13,801760.SI,727.47,727.49,709.67,713.05,4494380000,43433060000
2020-02-14,801760.SI,710.27,719.47,707.12,712.65,4145090000,40344720000
2020-02-17,801760.SI,717.21,736.73,717.19,736.73,4756990000,45099520000
2020-02-18,801760.SI,738.02,751.12,734.91,751.12,5449960000,52696260000
2020-02-19,801760.SI,745.78,747.04,732.05,732.05,5028110000,49695840000
2020-02-20,801760.SI,733.88,750.26,730.66,750.26,5317210000,52663980000
2020-02-21,801760.SI,753.1,775.23,753.1,766.39,6216070000,66027190000
2020-02-24,801760.SI,762.4,778.0,759.23,775.13,6183460000,63659650000
2020-02-25,801760.SI,756.46,768.88,733.44,768.76,6719560000,68303290000
2020-02-26,801760.SI,762.54,767.66,744.18,746.96,6480640000,64419910000
2020-02-27,801760.SI,750.63,761.63,738.5,754.42,5145540000,51022970000
2020-02-28,801760.SI,728.24,742.63,708.4,710.17,6167010000,59064210000
2020-03-02,801760.SI,718.16,733.32,708.11,728.97,5017220000,49973660000
2020-03-03,801760.SI,742.32,756.72,727.5,735.04,6098900000,56583700000
2020-03-04,801760.SI,727.72,741.21,723.12,741.21,4983850000,46505230000
2020-03-05,801760.SI,750.08,755.0,739.57,752.52,5376090000,52332350000
2020-03-06,801760.SI,740.8,748.09,739.22,741.63,4175890000,38860320000
2020-03-09,801760.SI,726.77,730.61,704.55,704.77,4754850000,44844600000
2020-03-10,801760.SI,696.97,725.78,693.05,725.78,4822340000,43645480000
2020-03-11,801760.SI,726.78,729.38,711.6,711.77,4443070000,38618770000
2020-03-12,801760.SI,702.07,706.26,691.11,698.59,3694660000,32235510000
2020-03-13,801760.SI,662.54,697.49,662.54,691.93,4553520000,38564330000
2020-03-16,801760.SI,696.09,696.09,657.85,659.19,4425000000,39238110000
2020-03-17,801760.SI,667.86,672.58,641.05,663.9,3762850000,31773080000
2020-03-18,801760.SI,670.27,682.15,651.53,651.53,3986250000,34911570000
2020-03-19,801760.SI,652.55,665.07,642.57,663.5,3811810000,33846300000
2020-03-20,801760.SI,670.05,676.3,663.12,674.27,3219060000,30727170000
2020-03-23,801760.SI,654.28,664.89,645.2,647.44,3094030000,26716780000
2020-03-24,801760.SI,660.59,660.59,635.46,654.73,3681990000,30976110000
2020-03-25,801760.SI,668.01,674.87,664.02,673.43,3708850000,32753680000
2020-03-26,801760.SI,668.82,677.02,666.65,666.96,2951160000,25745840000
2020-03-27,801760.SI,674.41,674.41,658.53,658.89,2688020000,24374410000
2020-03-30,801760.SI,645.94,645.96,626.58,634.46,2894570000,23946490000
2020-03-31,801760.SI,641.4,641.59,632.52,633.27,2588430000,19982100000
2020-04-01,801760.SI,631.34,640.55,628.5,629.48,2523430000,19387460000
2020-04-02,801760.SI,627.17,644.04,627.11,644.04,2577110000,20998850000
2020-04-03,801760.SI,642.07,642.34,633.67,636.15,2633270000,20489990000
2020-04-07,801760.SI,646.92,658.89,646.88,657.5,3259810000,26648390000
2020-04-08,801760.SI,656.19,662.92,655.86,659.91,3324980000,26082650000
2020-04-09,801760.SI,665.32,676.9,665.08,674.77,4012660000,33359210000
2020-04-10,801760.SI,676.89,676.89,654.36,655.75,4507800000,37332800000
2020-04-13,801760.SI,650.03,650.03,640.37,644.49,3073670000,24282780000
2020-04-14,801760.SI,648.2,664.63,648.08,664.63,3217120000,29634910000
2020-04-15,801760.SI,664.78,667.62,658.87,659.01,3371910000,28032590000
2020-04-16,801760.SI,656.94,670.8,656.62,669.35,3186630000,27002480000
2020-04-17,801760.SI,674.3,677.46,666.81,667.58,4058960000,33191410000
2020-04-20,801760.SI,666.83,673.93,666.12,673.73,3512440000,27762930000
2020-04-21,801760.SI,671.3,672.79,662.57,672.11,3632730000,28590950000
2020-04-22,801760.SI,666.52,677.94,665.73,677.94,3162740000,26519180000
2020-04-23,801760.SI,678.9,678.9,665.74,667.86,3876850000,31705600000
2020-04-24,801760.SI,666.68,667.5,652.91,655.19,3684800000,29446840000
2020-04-27,801760.SI,656.33,659.47,651.79,652.19,3110710000,23679310000
2020-04-28,801760.SI,653.42,653.87,628.73,648.21,3745760000,29469670000
2020-04-29,801760.SI,644.49,657.73,644.49,652.06,2835650000,23724310000
2020-04-30,801760.SI,657.79,670.32,657.68,668.47,3354180000,30626150000
2020-05-06,801760.SI,660.56,679.73,660.56,679.71,3350030000,31127000000
2020-05-07,801760.SI,678.77,683.61,676.29,677.59,3229760000,29471050000
2020-05-08,801760.SI,681.0,690.03,680.98,686.98,3361630000,30538830000
2020-05-11,801760.SI,691.25,694.09,681.39,685.08,3634490000,31469920000
2020-05-12,801760.SI,684.61,686.87,677.93,686.32,3292020000,27212640000
2020-05-13,801760.SI,683.52,692.17,682.39,691.88,3009170000,26031050000
2020-05-14,801760.SI,689.47,696.64,688.19,688.47,3801390000,33420320000
2020-05-15,801760.SI,690.69,693.26,687.76,689.21,3124420000,28405760000
2020-05-18,801760.SI,688.43,688.43,678.23,679.23,3441290000,29549150000
2020-05-19,801760.SI,684.1,689.06,682.97,689.06,2813430000,26029550000
2020-05-20,801760.SI,687.67,689.1,679.06,680.51,3120910000,27056960000
2020-05-21,801760.SI,682.6,685.02,673.2,673.81,3265580000,27121610000
2020-05-22,801760.SI,673.9,673.9,656.91,659.85,3154750000,25663360000
2020-05-25,801760.SI,657.6,657.83,652.88,656.26,2474000000,20483240000
2020-05-26,801760.SI,659.68,672.82,659.3,672.78,2897620000,23776400000
2020-05-27,801760.SI,674.43,674.43,664.9,666.69,2975610000,24546770000
2020-05-28,801760.SI,666.99,671.29,657.61,669.66,3383430000,27383580000
2020-05-29,801760.SI,669.35,685.76,667.68,684.4,4259450000,34823340000
2020-06-01,801760.SI,691.3,712.18,691.29,711.83,4957010000,42449730000
2020-06-02,801760.SI,716.77,717.24,706.95,707.8,5772700000,46569350000
2020-06-03,801760.SI,710.47,715.81,708.11,709.41,5122440000,41001120000
2020-06-04,801760.SI,711.86,712.59,707.46,711.51,4901610000,38696160000
2020-06-05,801760.SI,712.58,720.16,712.07,719.94,4987370000,41204230000
2020-06-08,801760.SI,722.71,722.71,713.09,713.76,4580880000,38586800000
2020-06-09,801760.SI,715.7,733.27,713.27,731.81,5549400000,48123380000
2020-06-10,801760.SI,730.21,730.48,722.99,729.91,4880740000,40595210000
2020-06-11,801760.SI,730.78,743.76,728.81,732.34,5028810000,46769740000
2020-06-12,801760.SI,715.69,747.61,715.69,746.06,5687950000,50986450000
2020-06-15,801760.SI,751.8,767.27,750.64,753.73,6652220000,63074710000
2020-06-16,801760.SI,763.52,765.9,755.64,763.9,5913950000,54849410000
2020-06-17,801760.SI,766.24,770.58,759.88,770.58,6526530000,59507490000
2020-06-18,801760.SI,771.48,778.49,761.14,767.46,6588430000,59307370000
2020-06-19,801760.SI,763.74,777.41,762.84,773.45,5544210000,57089610000
2020-06-22,801760.SI,774.17,777.85,771.68,775.28,4901380000,51604400000
2020-06-23,801760.SI,776.55,793.94,773.85,793.49,5230340000,57543520000
2020-06-24,801760.SI,793.74,797.04,788.79,789.51,4771650000,51785560000
2020-06-29,801760.SI,784.38,786.26,773.59,775.02,4787310000,47838870000
2020-06-30,801760.SI,778.44,798.34,778.42,797.76,4172540000,48208070000
2020-07-01,801760.SI,799.1,802.39,789.17,798.95,5029900000,57256340000
2020-07-02,801760.SI,795.89,811.28,793.93,810.12,6235420000,65812820000
2020-07-03,801760.SI,809.16,816.95,805.0,814.37,5697430000,63966920000
2020-07-06,801760.SI,816.03,846.89,816.03,845.86,7185840000,82027350000
2020-07-07,801760.SI,849.27,872.01,838.61,856.83,7442210000,85539460000
2020-07-08,801760.SI,859.22,878.0,846.25,878.0,6969920000,81504870000
2020-07-09,801760.SI,873.85,913.74,872.47,906.77,8027490000,93502500000
2020-07-10,801760.SI,897.01,910.4,894.83,900.17,6965680000,80205770000
2020-07-13,801760.SI,897.19,927.79,892.64,924.28,6839470000,78923140000
2020-07-14,801760.SI,920.92,939.93,907.03,930.26,7071450000,84585850000
2020-07-15,801760.SI,927.73,927.73,889.8,893.36,6222120000,76737300000
2020-07-16,801760.SI,891.49,906.09,844.04,844.59,6138270000,73440210000
2020-07-17,801760.SI,846.4,859.99,827.98,841.28,4665330000,55726810000
2020-07-20,801760.SI,853.01,864.31,839.66,864.31,4433610000,51028800000
2020-07-21,801760.SI,864.96,873.53,860.4,869.68,4147630000,46568650000
2020-07-22,801760.SI,867.91,889.38,862.97,878.61,4675010000,54096760000
2020-07-23,801760.SI,868.66,875.86,845.31,869.34,4825560000,53361180000
2020-07-24,801760.SI,864.54,866.42,819.35,820.97,4215110000,40634890000
2020-07-27,801760.SI,823.22,829.18,813.63,820.83,2679240000,26057250000
2020-07-28,801760.SI,827.52,832.0,823.36,831.7,2727810000,25999610000
2020-07-29,801760.SI,830.22,858.37,828.78,858.37,3515050000,32907170000
2020-07-30,801760.SI,858.47,858.47,845.33,845.87,3758450000,34349120000
2020-07-31,801760.SI,844.69,861.37,840.51,857.18,4471510000,40259140000
2020-08-03,801760.SI,866.66,877.64,862.92,877.64,4958100000,46619910000
2020-08-04,801760.SI,880.0,880.0,866.76,868.92,5366780000,53503040000
2020-08-05,801760.SI,866.79,877.21,860.43,873.72,4295060000,41388090000
2020-08-06,801760.SI,872.99,872.99,849.41,857.27,4083280000,40088550000
2020-08-07,801760.SI,855.87,856.12,831.03,845.29,3987200000,36427990000
2020-08-10,801760.SI,844.44,860.5,843.6,855.94,3783190000,33301860000
2020-08-11,801760.SI,857.13,857.66,838.54,839.57,3869200000,34348810000
2020-08-12,801760.SI,838.49,838.5,816.83,833.71,3590640000,32905780000
2020-08-13,801760.SI,838.13,841.64,832.86,837.34,3223910000,27573070000
2020-08-14,801760.SI,836.53,849.09,835.37,848.73,2964490000,26656990000
2020-08-17,801760.SI,851.61,864.72,851.0,864.72,3816210000,34988510000
2020-08-18,801760.SI,863.31,869.21,857.96,869.21,3943150000,35629610000
2020-08-19,801760.SI,868.88,868.88,845.57,845.57,3763950000,34295950000
2020-08-20,801760.SI,841.08,851.72,837.85,846.11,3162830000,28455450000
2020-08-21,801760.SI,855.22,872.97,855.17,869.16,4057120000,37930990000
2020-08-24,801760.SI,873.47,886.64,864.71,882.48,4161150000,36405440000
2020-08-25,801760.SI,883.55,890.35,881.69,886.05,4598960000,39393670000
2020-08-26,801760.SI,887.05,887.06,870.21,874.99,4490470000,39851810000
2020-08-27,801760.SI,878.08,883.34,871.39,879.86,4199360000,36714760000
2020-08-28,801760.SI,877.7,891.4,875.68,891.4,4111840000,37954610000
2020-08-31,801760.SI,895.95,898.75,882.34,882.86,3850090000,39002060000
2020-09-01,801760.SI,881.4,881.87,870.83,881.87,3470350000,31816430000
2020-09-02,801760.SI,884.9,896.09,879.07,893.05,4812650000,40586470000
2020-09-03,801760.SI,892.64,892.64,881.51,884.7,4501750000,38004070000
2020-09-04,801760.SI,868.91,886.09,868.91,885.29,4781000000,37953820000
2020-09-07,801760.SI,884.4,894.2,867.77,871.68,5784600000,46766940000
2020-09-08,801760.SI,871.73,882.25,867.15,882.25,5548780000,45324130000
2020-09-09,801760.SI,870.66,870.66,842.99,842.99,6243580000,49381690000
2020-09-10,801760.SI,848.44,849.19,809.41,812.21,5020610000,38628930000
2020-09-11,801760.SI,808.39,829.7,808.39,828.53,3433510000,26927880000
2020-09-14,801760.SI,834.3,844.41,831.72,841.05,3964830000,32753190000
2020-09-15,801760.SI,843.24,850.18,842.71,847.84,4158290000,34065660000
2020-09-16,801760.SI,844.91,847.29,837.0,841.26,3721380000,29937650000
2020-09-17,801760.SI,837.85,843.33,829.95,837.39,3011970000,26573610000
2020-09-18,801760.SI,836.7,849.94,834.64,849.59,3220780000,29339320000
2020-09-21,801760.SI,853.89,853.89,842.14,844.03,3311160000,29211550000
2020-09-22,801760.SI,834.98,843.08,828.22,829.93,3121600000,26671240000
2020-09-23,801760.SI,831.78,841.24,830.79,839.39,2515580000,21717160000
2020-09-24,801760.SI,834.03,838.93,817.94,817.94,2964350000,24848090000
2020-09-25,801760.SI,822.94,824.87,814.56,818.51,2181080000,18440850000
2020-09-28,801760.SI,822.74,823.45,808.57,809.03,1948170000,17144290000
2020-09-29,801760.SI,812.86,818.29,810.08,813.83,1914050000,17257080000
2020-09-30,801760.SI,817.5,819.94,805.67,811.62,1918040000,18385650000
2020-10-09,801760.SI,821.79,831.25,820.62,828.95,2487900000,22550870000
2020-10-12,801760.SI,833.87,842.23,829.18,842.23,3299560000,33119930000
2020-10-13,801760.SI,840.49,846.56,830.24,846.56,2877070000,28817910000
2020-10-14,801760.SI,856.74,857.37,840.84,842.05,3213930000,29931370000
2020-10-15,801760.SI,840.42,843.78,830.34,831.83,2916110000,26474680000
2020-10-16,801760.SI,831.29,833.52,827.3,832.19,2209840000,21488780000
2020-10-19,801760.SI,834.24,834.24,823.71,825.27,2224260000,22323010000
2020-10-20,801760.SI,826.0,837.52,823.38,837.42,2459580000,23692010000
2020-10-21,801760.SI,838.93,841.68,828.87,831.79,2568620000,26475600000
2020-10-22,801760.SI,830.88,830.89,820.36,825.26,2697310000,27895610000
2020-10-23,801760.SI,827.71,830.3,806.4,807.88,2699560000,29575550000
2020-10-26,801760.SI,804.11,811.16,794.36,810.51,2405930000,24517580000
2020-10-27,801760.SI,807.81,809.6,803.02,807.38,2170830000,22587520000
2020-10-28,801760.SI,808.26,817.38,800.79,815.2,2403800000,23232720000
2020-10-29,801760.SI,803.14,813.51,799.43,810.11,2537750000,23778600000
2020-10-30,801760.SI,811.6,811.72,786.65,788.44,2820910000,26404050000
2020-11-02,801760.SI,788.68,794.74,781.35,786.83,2731060000,26318170000
2020-11-03,801760.SI,790.52,801.99,785.65,801.53,2609620000,24366240000
2020-11-04,801760.SI,802.08,802.08,787.57,793.89,2129660000,20578920000
2020-11-05,801760.SI,801.79,808.55,798.17,808.12,2495620000,23657820000
2020-11-06,801760.SI,810.28,810.43,798.07,803.71,2941670000,26382840000
2020-11-09,801760.SI,805.99,817.88,805.63,814.92,3338030000,31572350000
2020-11-10,801760.SI,819.79,819.79,802.59,806.5,2812690000,28477060000
2020-11-11,801760.SI,803.25,803.33,788.14,788.2,2232920000,21954670000
2020-11-12,801760.SI,791.13,794.9,783.72,788.11,2026760000,19839460000
2020-11-13,801760.SI,786.4,786.42,778.92,784.78,1914890000,20034600000
2020-11-16,801760.SI,786.6,787.84,782.75,787.84,2001820000,20347620000
2020-11-17,801760.SI,788.11,788.12,774.65,779.25,2072910000,21397800000
2020-11-18,801760.SI,779.26,782.51,775.72,779.2,2148040000,21593340000
2020-11-19,801760.SI,776.75,783.27,769.31,781.69,2574600000,21541560000
2020-11-20,801760.SI,782.82,786.03,780.73,785.1,2156480000,20121580000
2020-11-23,801760.SI,785.28,785.28,775.35,777.8,2341690000,21862750000
2020-11-24,801760.SI,777.72,779.24,771.59,773.75,2238800000,21045060000
2020-11-25,801760.SI,774.28,775.28,761.92,761.92,2087730000,19541080000
2020-11-26,801760.SI,762.16,765.08,757.16,761.58,1839110000,17186570000
2020-11-27,801760.SI,761.51,764.41,755.98,762.2,1886740000,17197520000
2020-11-30,801760.SI,761.53,777.1,757.4,771.95,2471370000,23620620000
2020-12-01,801760.SI,770.56,793.77,769.68,793.04,2862140000,29416940000
2020-12-02,801760.SI,792.89,797.59,790.69,792.52,2342260000,23770590000
2020-12-03,801760.SI,791.12,796.69,790.85,793.18,2095670000,20037050000
2020-12-04,801760.SI,793.03,793.78,788.89,793.78,1833710000,17367250000
2020-12-07,801760.SI,794.31,794.31,784.06,784.37,1984080000,17218680000
2020-12-08,801760.SI,786.38,792.21,783.58,784.03,1732660000,17261420000
2020-12-09,801760.SI,785.61,785.61,765.94,765.94,2036530000,17391120000
2020-12-10,801760.SI,764.11,772.53,761.92,767.96,1782680000,15871090000
2020-12-11,801760.SI,769.21,769.21,741.2,746.08,2553390000,22283830000
2020-12-14,801760.SI,744.16,748.38,740.92,748.3,1852800000,16963180000
2020-12-15,801760.SI,749.24,759.77,749.24,755.02,1875780000,17134520000
2020-12-16,801760.SI,755.92,756.09,740.54,742.2,1758150000,15544570000
2020-12-17,801760.SI,739.79,743.49,728.29,742.74,2022140000,17138250000
2020-12-18,801760.SI,751.98,753.3,745.57,748.07,1770910000,16482790000
2020-12-21,801760.SI,747.76,754.35,745.16,750.84,1964210000,18588480000
2020-12-22,801760.SI,748.32,750.48,736.67,736.67,2200240000,20244240000
2020-12-23,801760.SI,736.31,736.35,730.06,735.35,2001140000,17464930000
2020-12-24,801760.SI,732.07,732.07,716.34,716.96,2150840000,17263050000
2020-12-25,801760.SI,714.55,716.39,709.82,712.41,1883930000,15402950000
2020-12-28,801760.SI,710.27,711.62,701.25,703.15,2214610000,18964190000
2020-12-29,801760.SI,703.82,722.84,703.78,716.18,2450710000,22396290000
2020-12-30,801760.SI,715.14,724.83,713.24,722.79,1989500000,20311270000
2020-12-31,801760.SI,723.29,733.62,722.58,733.62,2079020000,19755280000
2021-01-04,801760.SI,735.64,740.77,733.52,739.31,2361160000,23560700000
2021-01-05,801760.SI,735.58,737.49,724.12,732.01,2611260000,24352370000
2021-01-06,801760.SI,730.62,730.64,720.6,727.7,2474570000,22477260000
2021-01-07,801760.SI,726.38,726.38,703.98,708.61,3045750000,25558190000
2021-01-08,801760.SI,709.06,736.77,709.06,730.58,3416810000,29984980000
2021-01-11,801760.SI,731.37,738.83,725.42,731.26,3219210000,29153200000
2021-01-12,801760.SI,727.31,730.76,722.51,728.91,2477180000,24264630000
2021-01-13,801760.SI,729.15,729.24,719.66,722.54,2669910000,24891570000
2021-01-14,801760.SI,720.12,730.67,717.1,719.28,2514150000,24475650000
2021-01-15,801760.SI,719.44,726.6,719.33,724.96,2409830000,21262520000
2021-01-18,801760.SI,724.77,742.01,724.77,740.62,2425150000,22012290000
2021-01-19,801760.SI,739.18,743.62,736.05,740.16,3034030000,25457440000
2021-01-20,801760.SI,737.3,744.45,736.53,742.13,2262880000,19971420000
2021-01-21,801760.SI,742.46,754.94,742.46,749.02,2955700000,27533870000
2021-01-22,801760.SI,747.99,747.99,736.49,744.57,2460490000,23394620000
2021-01-25,801760.SI,741.45,745.99,732.95,736.48,2397170000,24096580000
2021-01-26,801760.SI,733.9,739.36,723.88,726.22,2450520000,24172190000
2021-01-27,801760.SI,727.93,753.22,727.92,748.12,3801150000,35581400000
2021-01-28,801760.SI,745.24,758.91,741.55,743.23,3925910000,36024130000
2021-01-29,801760.SI,744.04,744.65,723.84,732.94,3586000000,30699120000
2021-02-01,801760.SI,730.0,739.24,730.0,739.0,3362260000,27623870000
2021-02-02,801760.SI,738.93,743.6,730.99,736.08,3021600000,25615890000
2021-02-03,801760.SI,733.97,739.36,728.2,729.52,2946270000,25172340000
2021-02-04,801760.SI,727.4,727.43,699.18,705.93,3137870000,28125150000
2021-02-05,801760.SI,708.95,718.51,699.76,699.99,2719640000,22524450000
2021-02-08,801760.SI,701.12,704.48,690.08,704.37,2405190000,20539840000
2021-02-09,801760.SI,704.98,716.63,702.46,714.96,2204300000,19047730000
2021-02-10,801760.SI,714.18,720.35,713.28,719.49,2134670000,19864850000
2021-02-18,801760.SI,736.86,741.43,728.41,732.91,3095650000,28854160000
2021-02-19,801760.SI,732.78,745.88,728.97,745.43,3493120000,30014760000
2021-02-22,801760.SI,746.02,746.99,732.15,732.77,4041320000,34414570000
2021-02-23,801760.SI,728.09,730.69,717.58,718.99,2753160000,23172100000
2021-02-24,801760.SI,718.76,728.78,713.81,718.95,2982820000,25135740000
2021-02-25,801760.SI,723.75,724.61,713.42,713.89,2639290000,21687820000
2021-02-26,801760.SI,702.51,711.4,702.21,704.2,2497790000,20105110000
2021-03-01,801760.SI,709.8,724.28,709.77,724.22,2670750000,22448320000
2021-03-02,801760.SI,725.43,725.43,708.02,713.63,2479840000,21582270000
2021-03-03,801760.SI,711.27,722.18,710.8,722.18,2233370000,18966360000
2021-03-04,801760.SI,717.46,718.19,710.05,711.06,2460440000,20427130000
2021-03-05,801760.SI,703.98,722.98,703.98,720.64,2759890000,22340720000
2021-03-08,801760.SI,724.82,732.24,706.96,707.03,3108160000,26448490000
2021-03-09,801760.SI,703.38,710.19,682.29,695.6,3025360000,24753600000
2021-03-10,801760.SI,701.92,701.92,687.07,687.48,2307370000,18712950000
2021-03-11,801760.SI,685.74,692.09,682.22,689.85,2688090000,22259300000
2021-03-12,801760.SI,690.73,690.81,682.58,686.18,2161930000,18189240000
2021-03-15,801760.SI,680.07,682.69,672.56,675.92,2395510000,20158480000
2021-03-16,801760.SI,673.33,682.88,673.33,682.81,2498530000,21014660000
2021-03-17,801760.SI,682.65,688.37,679.89,687.12,2143390000,16635840000
2021-03-18,801760.SI,688.48,689.89,684.36,687.25,2077560000,16175880000
2021-03-19,801760.SI,681.16,684.1,673.02,675.33,2088360000,16819640000
2021-03-22,801760.SI,673.93,685.21,673.92,685.18,2050280000,16673000000
2021-03-23,801760.SI,685.88,686.52,679.15,681.97,2411210000,18805690000
2021-03-24,801760.SI,680.63,685.1,679.49,683.54,2467260000,18873380000
2021-03-25,801760.SI,683.82,689.06,678.83,683.32,2605100000,19705170000
2021-03-26,801760.SI,684.23,690.2,683.69,688.27,2334340000,18506450000
2021-03-29,801760.SI,682.13,682.13,674.29,677.12,2251860000,17751660000
2021-03-30,801760.SI,674.86,675.23,670.72,672.77,2246800000,17354940000
2021-03-31,801760.SI,672.6,675.66,668.25,671.13,1699540000,14196390000
2021-04-01,801760.SI,670.97,674.97,668.97,674.64,1744790000,13566850000
2021-04-02,801760.SI,675.79,681.09,671.44,679.01,2136270000,16237230000
2021-04-06,801760.SI,680.32,684.72,678.45,684.06,2167980000,17364380000
2021-04-07,801760.SI,683.53,686.82,681.73,686.75,2313570000,16985330000
2021-04-08,801760.SI,686.35,688.48,683.35,684.22,2205520000,16879770000
2021-04-09,801760.SI,683.52,686.68,682.02,685.37,2234610000,16496230000
2021-04-12,801760.SI,685.76,685.77,673.38,674.3,2396980000,19032080000
2021-04-13,801760.SI,673.23,677.34,669.03,670.67,2599820000,18572730000
2021-04-14,801760.SI,669.97,683.51,669.97,683.24,2884260000,19839380000
2021-04-15,801760.SI,682.13,682.13,674.43,675.28,3257020000,20731870000
2021-04-16,801760.SI,675.14,686.76,674.67,685.58,3543800000,22715610000
2021-04-19,801760.SI,683.53,694.39,682.5,693.7,2855550000,21614750000
2021-04-20,801760.SI,691.91,703.47,690.59,695.97,3141980000,23444430000
2021-04-21,801760.SI,690.98,694.4,690.18,692.17,2626810000,18432530000
2021-04-22,801760.SI,693.01,698.76,690.84,697.89,2545690000,18337090000
2021-04-23,801760.SI,703.31,703.36,691.42,693.25,2684700000,20911080000
2021-04-26,801760.SI,694.06,700.15,692.69,693.13,2685700000,21822050000
2021-04-27,801760.SI,692.33,694.34,685.38,689.0,2440430000,18483680000
2021-04-28,801760.SI,688.39,693.28,685.67,692.47,2239530000,17220100000
2021-04-29,801760.SI,689.23,695.04,687.36,692.75,2273480000,18545070000
2021-04-30,801760.SI,690.76,694.4,682.88,685.26,2449060000,19228450000
2021-05-06,801760.SI,682.85,684.1,673.06,678.63,2127090000,17385530000
2021-05-07,801760.SI,679.32,682.9,676.08,676.08,2549370000,17972440000
2021-05-10,801760.SI,675.3,677.3,668.7,672.25,2605870000,19313260000
2021-05-11,801760.SI,668.72,674.86,664.12,672.66,2496740000,18571270000
2021-05-12,801760.SI,670.11,684.05,668.28,683.69,2611390000,19957460000
2021-05-13,801760.SI,679.01,684.71,678.71,679.79,2785600000,21626120000
2021-05-14,801760.SI,680.53,687.31,680.37,687.14,2865660000,21988320000
2021-05-17,801760.SI,686.68,695.32,684.2,689.28,2761420000,23447750000
2021-05-18,801760.SI,689.24,694.7,687.67,693.68,2284680000,19931310000
2021-05-19,801760.SI,693.11,694.25,688.58,691.66,2311690000,19138150000
2021-05-20,801760.SI,690.94,698.57,685.69,695.65,2671760000,22499900000
2021-05-21,801760.SI,695.03,699.28,691.61,692.29,2336430000,20480640000
2021-05-24,801760.SI,690.97,697.99,690.75,697.96,2210160000,19842090000
2021-05-25,801760.SI,697.48,710.41,696.91,710.09,2761580000,23649290000
2021-05-26,801760.SI,710.03,712.35,702.3,702.89,3120860000,25221290000
2021-05-27,801760.SI,702.17,710.42,702.17,710.42,2851570000,23282590000
2021-05-28,801760.SI,709.29,712.29,701.1,703.05,2834810000,24812830000
2021-05-31,801760.SI,701.32,704.07,697.82,704.07,2781050000,23107710000
2021-06-01,801760.SI,703.31,706.98,701.96,706.53,3098280000,26457790000
2021-06-02,801760.SI,705.83,705.83,690.75,692.1,3037260000,26401820000
2021-06-03,801760.SI,693.33,700.98,693.33,694.38,2506380000,21106960000
2021-06-04,801760.SI,693.6,701.77,693.44,699.07,2643080000,20617240000
2021-06-07,801760.SI,700.08,707.17,698.44,707.13,2448410000,21349770000
2021-06-08,801760.SI,707.82,712.36,704.52,711.26,2741320000,22158730000
2021-06-09,801760.SI,712.1,712.1,705.58,707.67,3041300000,21804320000
2021-06-10,801760.SI,710.6,715.95,710.59,712.19,3438300000,27327880000
2021-06-11,801760.SI,712.99,712.99,702.4,704.39,4036220000,31129180000
2021-06-15,801760.SI,705.08,705.08,695.2,696.38,3326440000,26390630000
2021-06-16,801760.SI,695.75,695.75,685.59,686.04,2965640000,22127060000
2021-06-17,801760.SI,684.16,686.65,679.23,680.95,2668120000,20476500000
2021-06-18,801760.SI,680.89,685.51,676.72,685.01,2912850000,23108360000
2021-06-21,801760.SI,682.18,687.78,679.44,687.7,2860120000,24346170000
2021-06-22,801760.SI,690.13,691.61,684.77,687.26,2862370000,24501120000
2021-06-23,801760.SI,687.01,691.48,683.6,691.02,2642880000,22576880000
2021-06-24,801760.SI,691.12,691.12,680.12,680.36,2566290000,20074320000
2021-06-25,801760.SI,679.41,680.51,675.44,680.32,2303340000,18649100000
2021-06-28,801760.SI,680.24,685.84,679.94,683.56,2334980000,19317570000
2021-06-29,801760.SI,683.98,685.44,679.05,679.61,2175200000,17860460000
2021-06-30,801760.SI,679.65,679.65,675.63,679.32,2158220000,18194430000
2021-07-01,801760.SI,679.39,680.22,672.48,673.05,2364450000,19016700000
2021-07-02,801760.SI,671.84,673.41,664.91,666.58,2207110000,19020240000
2021-07-05,801760.SI,666.6,667.16,654.51,659.78,2454560000,20251770000
2021-07-06,801760.SI,658.5,659.77,653.83,659.45,2543230000,19863500000
2021-07-07,801760.SI,656.99,662.33,656.41,662.32,2269710000,17558870000
2021-07-08,801760.SI,662.24,662.24,650.86,650.97,2736050000,21246350000
2021-07-09,801760.SI,649.43,652.31,646.87,651.85,2531800000,19266930000
2021-07-12,801760.SI,651.46,659.16,649.83,657.53,2916010000,25010790000
2021-07-13,801760.SI,658.06,668.78,657.71,668.32,3085570000,24509190000
2021-07-14,801760.SI,668.77,668.78,661.63,661.7,2989280000,22389170000
2021-07-15,801760.SI,660.65,660.66,650.0,658.16,2822840000,22788480000
2021-07-16,801760.SI,658.65,659.55,656.1,656.75,2466790000,21799800000
2021-07-19,801760.SI,654.7,654.7,647.36,650.48,2405750000,19328560000
2021-07-20,801760.SI,645.93,649.54,643.98,649.27,1930120000,15312180000
2021-07-21,801760.SI,650.01,654.43,649.99,651.72,2299710000,17693140000
2021-07-22,801760.SI,651.98,655.61,650.94,652.3,2589800000,19364740000
2021-07-23,801760.SI,651.88,651.89,636.53,636.53,2610890000,20373640000
2021-07-26,801760.SI,629.56,630.8,607.87,612.1,2869550000,23862260000
2021-07-27,801760.SI,611.8,616.79,594.99,594.99,2773360000,23571210000
2021-07-28,801760.SI,594.42,597.04,581.43,589.55,2650270000,21261270000
2021-07-29,801760.SI,596.42,602.72,596.38,599.5,2207490000,18931520000
2021-07-30,801760.SI,597.45,599.33,592.47,598.35,2234680000,19292330000
2021-08-02,801760.SI,596.22,606.65,593.57,606.35,2286390000,19636220000
2021-08-03,801760.SI,603.5,605.96,599.75,600.54,2539980000,22977710000
2021-08-04,801760.SI,600.46,600.46,595.91,598.3,2284690000,19392620000
2021-08-05,801760.SI,595.84,595.85,584.94,584.94,2317600000,20457470000
2021-08-06,801760.SI,585.18,585.5,579.38,582.23,2037670000,17295830000
2021-08-09,801760.SI,580.69,598.5,580.67,598.03,2234840000,19157350000
2021-08-10,801760.SI,596.61,607.01,596.03,606.97,2118130000,19352530000
2021-08-11,801760.SI,606.3,610.83,604.74,605.88,2031870000,17026690000
2021-08-12,801760.SI,606.33,610.35,603.33,603.79,2073760000,17153120000
2021-08-13,801760.SI,603.2,603.21,597.91,599.91,2118830000,17172420000
2021-08-16,801760.SI,600.69,605.58,599.38,602.41,2148380000,18073550000
2021-08-17,801760.SI,602.14,602.21,587.71,588.01,2357230000,18733680000
2021-08-18,801760.SI,588.08,590.94,583.67,590.91,2108030000,17112730000
2021-08-19,801760.SI,590.11,597.58,590.11,594.69,2452920000,18894300000
2021-08-20,801760.SI,593.05,593.07,581.28,586.37,2349610000,18638600000
2021-08-23,801760.SI,587.33,604.2,587.32,603.66,2429680000,20172580000
2021-08-24,801760.SI,602.01,602.46,598.83,601.54,2325430000,17937820000
2021-08-25,801760.SI,602.44,612.79,602.44,612.57,2626300000,21681140000
2021-08-26,801760.SI,613.67,613.69,604.73,604.73,2730480000,21541810000
2021-08-27,801760.SI,603.81,604.18,594.56,596.7,2588210000,20312620000
2021-08-30,801760.SI,597.82,598.04,591.47,594.22,2850040000,24068710000
2021-08-31,801760.SI,591.05,598.17,588.8,595.63,2913250000,23186420000
2021-09-01,801760.SI,596.68,608.88,596.68,607.42,3650340000,29436940000
2021-09-02,801760.SI,608.13,611.2,606.57,610.66,3129250000,27117570000
2021-09-03,801760.SI,612.3,614.37,608.31,612.24,3394730000,26627980000
2021-09-06,801760.SI,612.18,618.44,611.48,617.89,2946890000,24136940000
2021-09-07,801760.SI,617.11,630.39,616.43,629.73,3654040000,28134720000
2021-09-08,801760.SI,632.55,655.13,632.55,655.13,5556960000,43461950000
2021-09-09,801760.SI,646.54,647.04,641.39,643.11,4980580000,38863880000
2021-09-10,801760.SI,641.7,644.37,638.94,640.98,4081980000,32949510000
2021-09-13,801760.SI,638.61,653.66,635.27,649.25,4328350000,35934280000
2021-09-14,801760.SI,649.95,650.68,637.27,638.0,3937810000,32407410000
2021-09-15,801760.SI,636.34,643.77,634.61,642.05,3052480000,27354580000
2021-09-16,801760.SI,642.48,648.98,633.73,634.25,3460000000,28666970000
2021-09-17,801760.SI,634.0,634.0,621.64,629.17,3041320000,23531290000
2021-09-22,801760.SI,621.75,625.59,620.45,624.67,2265130000,18814360000
2021-09-23,801760.SI,628.33,636.06,628.3,630.72,2746660000,22560070000
2021-09-24,801760.SI,629.22,634.64,625.99,625.99,2780090000,23970810000
2021-09-27,801760.SI,625.65,626.78,610.47,615.04,3078780000,24877790000
2021-09-28,801760.SI,613.08,613.08,608.04,608.82,1966760000,17371820000
2021-09-29,801760.SI,604.28,604.64,593.21,593.21,2275730000,18965150000
2021-09-30,801760.SI,595.81,606.25,595.63,605.38,2048170000,17325650000
2021-10-08,801760.SI,612.57,622.05,612.0,622.05,2651270000,21519960000
2021-10-11,801760.SI,624.4,627.54,620.11,623.69,2529160000,22307340000
2021-10-12,801760.SI,621.34,621.34,606.27,610.55,2249100000,20081280000
2021-10-13,801760.SI,613.62,616.41,607.79,616.27,2314540000,19950290000
2021-10-14,801760.SI,614.06,622.0,612.49,620.27,2625100000,22980910000
2021-10-15,801760.SI,618.03,620.01,613.9,614.3,2878450000,25131230000
2021-10-18,801760.SI,613.43,613.45,606.43,610.51,2640470000,22561600000
2021-10-19,801760.SI,609.21,616.05,608.67,614.48,2703910000,24088770000
2021-10-20,801760.SI,614.53,615.42,609.89,613.19,2716160000,24563400000
2021-10-21,801760.SI,612.29,613.94,607.94,609.4,2308570000,20646810000
2021-10-22,801760.SI,608.42,615.11,608.42,611.6,2983130000,26082790000
2021-10-25,801760.SI,610.26,610.28,605.27,608.04,2720070000,24114100000
2021-10-26,801760.SI,605.82,607.84,603.07,603.85,2363670000,21033120000
2021-10-27,801760.SI,603.19,603.19,590.77,592.27,2651360000,23690370000
2021-10-28,801760.SI,591.65,592.62,584.76,591.11,2387310000,21631110000
2021-10-29,801760.SI,591.24,610.35,591.22,609.97,3332720000,28811740000
2021-11-01,801760.SI,608.85,619.49,608.85,614.96,3685190000,33743570000
2021-11-02,801760.SI,613.64,617.93,601.42,604.71,3412670000,31588730000
2021-11-03,801760.SI,604.77,618.01,604.77,612.66,3058590000,28699710000
2021-11-04,801760.SI,615.13,622.09,612.97,622.08,3179330000,29868580000
2021-11-05,801760.SI,619.28,638.04,618.44,630.94,5440340000,49242830000
2021-11-08,801760.SI,633.08,639.11,633.08,637.56,5004080000,44006650000
2021-11-09,801760.SI,636.02,640.69,634.85,637.42,4125390000,37850540000
2021-11-10,801760.SI,639.21,646.79,637.47,641.75,4527410000,40672490000
2021-11-11,801760.SI,637.14,655.22,636.7,651.13,5251910000,46706700000
2021-11-12,801760.SI,648.01,652.39,646.57,649.58,4552900000,41384780000
2021-11-15,801760.SI,650.02,668.65,646.1,665.99,4543540000,45298710000
2021-11-16,801760.SI,664.21,677.22,664.2,669.49,4887780000,48001130000
2021-11-17,801760.SI,667.99,675.79,667.28,672.38,4302800000,43227760000
2021-11-18,801760.SI,673.48,673.48,653.5,654.58,4666210000,45891990000
2021-11-19,801760.SI,654.33,661.57,653.66,658.09,4619100000,38734950000
2021-11-22,801760.SI,657.15,662.04,654.64,658.32,4169700000,36289790000
2021-11-23,801760.SI,655.26,659.23,648.47,657.77,4029780000,36876440000
2021-11-24,801760.SI,657.83,668.64,655.03,664.73,4821120000,43311320000
2021-11-25,801760.SI,662.18,663.22,652.73,652.78,4456630000,39355620000
2021-11-26,801760.SI,651.14,651.6,645.45,645.71,3693380000,32577150000
2021-11-29,801760.SI,636.0,642.05,635.37,638.37,3289190000,30658450000
2021-11-30,801760.SI,642.42,644.55,634.82,637.98,3350170000,31186570000
2021-12-01,801760.SI,636.76,646.08,636.14,646.08,3565370000,30351990000
2021-12-02,801760.SI,642.95,642.96,634.08,634.08,3454680000,29068970000
2021-12-03,801760.SI,635.33,637.79,633.24,635.45,2800870000,23241170000
2021-12-06,801760.SI,633.89,636.52,628.68,629.68,3279170000,26676580000
2021-12-07,801760.SI,631.36,635.81,630.62,633.85,3333490000,28428290000
2021-12-08,801760.SI,634.42,646.73,630.75,644.31,3442430000,30917540000
2021-12-09,801760.SI,644.14,657.12,644.14,654.45,4344930000,38019240000
2021-12-10,801760.SI,651.46,669.82,650.9,665.57,5512880000,47751540000
2021-12-13,801760.SI,671.85,692.04,671.85,690.14,6144910000,55661800000
2021-12-14,801760.SI,690.67,704.55,688.02,697.38,6637090000,59372580000
2021-12-15,801760.SI,695.84,706.29,692.67,697.92,6440640000,55745000000
2021-12-16,801760.SI,699.95,715.09,695.6,709.75,6270730000,56333530000
2021-12-17,801760.SI,709.9,714.41,699.91,707.48,6628560000,59585010000
2021-12-20,801760.SI,704.81,711.87,688.02,688.4,5898320000,51826460000
2021-12-21,801760.SI,688.44,703.14,688.44,700.99,5438990000,46491130000
2021-12-22,801760.SI,703.05,724.15,703.03,717.82,6963450000,59625030000
2021-12-23,801760.SI,713.88,722.02,708.6,709.49,5986620000,49704850000
2021-12-24,801760.SI,711.65,716.64,702.21,705.76,5092270000,45042190000
2021-12-27,801760.SI,704.34,704.35,687.95,694.72,4580710000,40299880000
2021-12-28,801760.SI,695.76,704.25,693.92,697.18,4289220000,38747720000
2021-12-29,801760.SI,695.44,695.44,686.56,686.95,3725140000,32796660000
2021-12-30,801760.SI,687.45,721.05,687.45,721.05,5681330000,49711680000
2021-12-31,801760.SI,724.45,732.4,718.54,730.14,5822940000,51758540000
2022-01-04,801760.SI,733.82,760.59,731.67,756.24,7491380000,67921500000
2022-01-05,801760.SI,752.34,767.54,748.56,760.93,7601190000,72718120000
2022-01-06,801760.SI,753.81,753.81,740.13,748.15,6268280000,58702510000
2022-01-07,801760.SI,749.11,766.82,735.13,735.28,6698000000,60252250000
2022-01-10,801760.SI,728.92,735.89,716.4,733.98,4893830000,44490510000
2022-01-11,801760.SI,732.7,736.69,715.59,718.11,5404310000,49021670000
2022-01-12,801760.SI,718.58,730.45,713.6,726.63,4979030000,44505540000
2022-01-13,801760.SI,726.48,729.17,713.31,713.31,5047370000,46489910000
2022-01-14,801760.SI,707.81,723.61,706.72,715.42,5366250000,47538750000
2022-01-17,801760.SI,717.74,737.45,717.73,737.3,6027350000,52832680000
2022-01-18,801760.SI,739.37,740.81,718.48,721.14,6977120000,60705620000
2022-01-19,801760.SI,723.93,739.74,723.93,730.51,6692550000,60347890000
2022-01-20,801760.SI,728.29,730.73,708.58,710.01,6566490000,58599910000
2022-01-21,801760.SI,705.17,713.15,691.79,691.79,5816090000,50087710000
2022-01-24,801760.SI,684.68,694.37,683.15,689.95,4817420000,39167780000
2022-01-25,801760.SI,685.3,685.3,647.93,647.93,5363860000,41665550000
2022-01-26,801760.SI,651.01,657.29,638.9,645.77,3922120000,29863750000
2022-01-27,801760.SI,644.47,644.47,620.6,621.07,4023130000,28806450000
2022-01-28,801760.SI,625.81,633.91,620.1,624.99,3628500000,26891430000
2022-02-07,801760.SI,629.89,629.89,617.07,621.4,3477840000,26196160000
2022-02-08,801760.SI,620.76,631.71,615.67,631.71,3745530000,25921820000
2022-02-09,801760.SI,631.52,650.72,630.77,650.46,4642930000,33842660000
2022-02-10,801760.SI,650.53,660.0,646.08,659.78,4949220000,35973730000
2022-02-11,801760.SI,658.35,662.39,644.3,645.18,5176200000,38748590000
2022-02-14,801760.SI,642.55,653.14,641.51,646.69,4519550000,33783410000
2022-02-15,801760.SI,647.15,653.4,644.29,648.36,4497830000,32127210000
2022-02-16,801760.SI,651.49,656.25,649.38,652.81,4459480000,31921050000
2022-02-17,801760.SI,648.55,650.59,642.09,642.93,4412630000,31757960000
2022-02-18,801760.SI,638.03,646.89,638.03,646.89,3572110000,25998010000
2022-02-21,801760.SI,645.88,655.17,645.87,653.95,4307300000,32710820000
2022-02-22,801760.SI,647.22,647.24,627.2,630.05,4347860000,35175700000
2022-02-23,801760.SI,632.03,646.32,632.02,644.52,3787350000,29557710000
2022-02-24,801760.SI,641.07,641.21,607.47,616.56,5974540000,43751500000
2022-02-25,801760.SI,621.9,628.32,618.66,619.36,3250930000,24437720000
2022-02-28,801760.SI,618.68,618.68,605.72,616.3,2945620000,22098790000
2022-03-01,801760.SI,616.48,624.05,616.07,623.94,3125710000,22878850000
2022-03-02,801760.SI,619.35,623.95,617.57,620.53,2800880000,20540570000
2022-03-03,801760.SI,622.42,623.22,615.44,617.55,2891300000,21021630000
2022-03-04,801760.SI,613.43,621.85,610.54,616.92,3939170000,29676960000
2022-03-07,801760.SI,612.19,613.95,604.19,607.17,3529600000,25208290000
2022-03-08,801760.SI,605.52,608.04,586.37,586.43,4056100000,28088280000
2022-03-09,801760.SI,586.97,589.55,555.19,581.8,4159280000,28346380000
2022-03-10,801760.SI,593.73,596.96,586.03,586.03,3498220000,25875650000
2022-03-11,801760.SI,576.08,592.62,572.28,591.41,3500690000,25018410000
2022-03-14,801760.SI,584.82,588.08,573.14,573.14,3147740000,22810840000
2022-03-15,801760.SI,568.66,568.67,540.14,540.14,3842770000,25843240000
2022-03-16,801760.SI,549.42,565.76,536.1,564.76,4012420000,27874730000
2022-03-17,801760.SI,575.79,591.38,575.79,582.9,4443160000,33676410000
2022-03-18,801760.SI,578.53,589.39,578.53,587.61,3315840000,24880320000
2022-03-21,801760.SI,589.67,592.05,582.24,588.22,3330450000,24272170000
2022-03-22,801760.SI,585.97,598.03,581.6,594.7,3631100000,27252880000
2022-03-23,801760.SI,594.0,598.11,591.27,594.0,3206090000,24975570000
2022-03-24,801760.SI,589.24,589.24,580.01,580.72,2683870000,20265310000
2022-03-25,801760.SI,581.99,591.43,581.62,583.71,3041290000,23630400000
2022-03-28,801760.SI,581.63,596.43,581.63,591.9,3628600000,29098630000
2022-03-29,801760.SI,592.91,594.31,584.01,586.16,3337180000,26538200000
2022-03-30,801760.SI,587.48,595.62,584.2,595.62,3236090000,25948530000
2022-03-31,801760.SI,592.51,600.4,591.2,593.61,3486120000,27606140000
2022-04-01,801760.SI,590.21,614.2,587.65,613.05,4995250000,39892780000
2022-04-06,801760.SI,611.71,623.38,611.71,617.16,5066580000,40781880000
2022-04-07,801760.SI,613.51,619.39,604.23,604.23,4261270000,34423540000
2022-04-08,801760.SI,603.29,603.29,585.55,587.06,3872720000,30758550000
2022-04-11,801760.SI,583.67,583.67,564.53,568.0,3480320000,27045500000
2022-04-12,801760.SI,580.24,583.2,565.97,583.2,4062900000,32020050000
2022-04-13,801760.SI,575.87,575.88,560.58,560.58,3467090000,26248360000
2022-04-14,801760.SI,561.62,570.55,560.12,564.88,2947580000,21469070000
2022-04-15,801760.SI,561.09,561.09,548.44,549.57,3182610000,21906780000
2022-04-18,801760.SI,545.0,548.18,535.79,546.02,2468140000,16936600000
2022-04-19,801760.SI,543.85,553.25,543.37,553.19,2689100000,19227710000
2022-04-20,801760.SI,553.99,560.29,548.06,549.32,3276070000,23551490000
2022-04-21,801760.SI,544.93,548.68,527.5,528.81,3265740000,21946910000
2022-04-22,801760.SI,525.48,526.16,516.43,520.12,2816940000,18283840000
2022-04-25,801760.SI,509.93,509.93,481.12,481.17,3195780000,19248170000
2022-04-26,801760.SI,483.2,491.51,472.48,473.17,3000840000,18913020000
2022-04-27,801760.SI,466.49,489.56,462.69,489.42,3244540000,20868590000
2022-04-28,801760.SI,484.71,485.85,471.97,478.55,2922870000,18433000000
2022-04-29,801760.SI,482.01,512.1,481.97,510.79,3488210000,24343100000
2022-05-05,801760.SI,506.55,514.26,504.71,511.45,2973830000,20519590000
2022-05-06,801760.SI,497.97,507.22,495.32,500.65,2594850000,17688160000
2022-05-09,801760.SI,502.4,513.17,502.4,509.32,2431500000,16273360000
2022-05-10,801760.SI,502.19,513.31,499.92,512.98,2817040000,18754050000
2022-05-11,801760.SI,513.48,528.19,513.43,513.51,3802060000,26362490000
2022-05-12,801760.SI,508.75,516.11,507.37,514.34,2778800000,18608800000
2022-05-13,801760.SI,517.01,517.43,511.07,515.4,2490840000,16594510000
2022-05-16,801760.SI,517.5,521.79,515.65,520.27,3026370000,21050340000
2022-05-17,801760.SI,519.19,520.24,511.72,519.46,2577620000,18813580000
2022-05-18,801760.SI,522.68,525.57,518.33,518.74,2750220000,19557870000
2022-05-19,801760.SI,510.14,517.9,509.6,517.9,2570370000,17432770000
2022-05-20,801760.SI,519.52,525.07,518.32,525.05,2656120000,17648240000
2022-05-23,801760.SI,533.51,540.21,529.5,531.14,3251050000,22433880000
2022-05-24,801760.SI,530.31,531.23,510.12,510.12,3711570000,25769510000
2022-05-25,801760.SI,509.5,527.62,509.5,527.58,3381290000,23598960000
2022-05-26,801760.SI,528.25,534.55,522.12,534.37,3574220000,25344170000
2022-05-27,801760.SI,535.74,536.51,525.55,529.98,3454750000,24736550000
2022-05-30,801760.SI,531.44,532.73,526.88,532.61,3109380000,21841680000
2022-05-31,801760.SI,530.96,543.61,528.2,542.2,3513410000,25231100000
2022-06-01,801760.SI,540.66,548.32,540.47,544.77,3750050000,27245200000
2022-06-02,801760.SI,541.24,542.2,535.16,541.86,3033070000,22124010000
2022-06-06,801760.SI,540.03,551.13,540.03,550.21,2860990000,21767410000
2022-06-07,801760.SI,550.27,553.17,544.71,548.19,2733810000,20494980000
2022-06-08,801760.SI,551.98,553.09,539.2,549.24,3224860000,23357300000
2022-06-09,801760.SI,547.51,551.08,542.31,544.48,2934100000,21794280000
2022-06-10,801760.SI,539.67,551.46,539.52,550.23,2836110000,21499330000
2022-06-13,801760.SI,546.08,548.6,541.07,546.66,2966370000,22147880000
2022-06-14,801760.SI,541.64,545.35,529.08,545.35,2979410000,21683520000
2022-06-15,801760.SI,545.07,555.95,544.39,548.8,3511350000,24933150000
2022-06-16,801760.SI,548.95,570.18,548.95,565.44,4694150000,35227660000
2022-06-17,801760.SI,563.5,563.98,550.72,558.46,3759470000,29394490000
2022-06-20,801760.SI,557.52,563.64,556.42,561.17,2891710000,23855690000
2022-06-21,801760.SI,560.5,568.46,559.23,567.3,3752040000,28612330000
2022-06-22,801760.SI,567.91,567.91,550.32,550.32,3320520000,25308670000
2022-06-23,801760.SI,550.19,553.29,541.97,553.29,3126390000,21806740000
2022-06-24,801760.SI,553.77,557.61,552.42,556.46,3018490000,21691820000
2022-06-27,801760.SI,558.45,570.35,558.39,563.06,3447260000,26440190000
2022-06-28,801760.SI,562.28,568.51,558.1,568.51,3299330000,24856840000
2022-06-29,801760.SI,566.88,573.91,560.35,560.35,3339610000,25036910000
2022-06-30,801760.SI,563.24,573.16,563.22,567.65,3611970000,25656320000
2022-07-01,801760.SI,567.85,567.85,559.03,560.16,2920510000,20685920000
2022-07-04,801760.SI,559.44,561.0,556.33,561.0,2554540000,18449330000
2022-07-05,801760.SI,561.29,562.6,549.08,554.9,2818730000,21570280000
2022-07-06,801760.SI,553.73,553.75,540.62,544.48,2305480000,17495580000
2022-07-07,801760.SI,544.27,545.02,541.72,543.2,1967380000,14708030000
2022-07-08,801760.SI,544.65,554.11,544.65,548.14,2418840000,17861920000
2022-07-11,801760.SI,546.64,546.65,536.17,538.84,2366540000,16431570000
2022-07-12,801760.SI,539.34,539.36,532.3,532.3,2026440000,14545180000
2022-07-13,801760.SI,534.5,541.97,533.95,537.92,2252430000,15540510000
2022-07-14,801760.SI,535.66,539.18,534.49,536.78,1995730000,14172120000
2022-07-15,801760.SI,535.55,535.56,524.14,524.14,2544450000,17446940000
2022-07-18,801760.SI,524.26,537.69,524.26,537.55,2259670000,16433060000
2022-07-19,801760.SI,538.22,548.84,538.22,548.84,2874620000,21528780000
2022-07-20,801760.SI,551.97,554.48,550.05,552.5,2689440000,19658460000
2022-07-21,801760.SI,553.69,560.61,552.26,556.42,3324030000,26560950000
2022-07-22,801760.SI,555.41,557.63,545.12,549.14,2633860000,19754990000
2022-07-25,801760.SI,550.01,552.11,541.62,543.51,2234100000,16488930000
2022-07-26,801760.SI,545.38,552.4,545.29,552.4,2382650000,17672580000
2022-07-27,801760.SI,551.31,552.27,549.45,549.98,2326310000,17326120000
2022-07-28,801760.SI,552.21,555.04,549.27,549.29,2458630000,18870110000
2022-07-29,801760.SI,549.57,551.96,542.48,542.91,2474270000,18645320000
2022-08-01,801760.SI,541.62,544.16,536.98,544.03,1781690000,13581910000
2022-08-02,801760.SI,538.56,538.56,515.34,520.5,2834970000,19669700000
2022-08-03,801760.SI,520.02,528.5,513.38,514.07,2272600000,15573120000
2022-08-04,801760.SI,517.23,522.75,515.0,522.75,2006950000,13127820000
2022-08-05,801760.SI,523.47,535.34,523.47,535.32,2252900000,15971030000
2022-08-08,801760.SI,533.71,535.93,531.94,535.26,1846970000,12883340000
2022-08-09,801760.SI,534.83,534.84,529.8,534.38,1749740000,12642350000
2022-08-10,801760.SI,532.87,532.87,528.03,529.74,1574920000,12179880000
2022-08-11,801760.SI,531.75,545.15,531.73,545.15,2619200000,19570510000
2022-08-12,801760.SI,546.17,550.54,543.8,548.8,2426100000,18315070000
2022-08-15,801760.SI,547.48,547.49,543.59,545.39,1965300000,14668720000
2022-08-16,801760.SI,545.67,546.23,541.63,544.28,1856280000,14520310000
2022-08-17,801760.SI,544.88,552.46,541.26,552.08,2432080000,18711690000
2022-08-18,801760.SI,550.48,550.48,540.64,543.46,2175080000,16743540000
2022-08-19,801760.SI,543.41,556.92,543.41,546.31,3143970000,24806660000
2022-08-22,801760.SI,545.08,555.61,541.45,555.49,3111980000,22850270000
2022-08-23,801760.SI,553.98,555.6,549.35,550.74,2777320000,19475250000
2022-08-24,801760.SI,550.55,554.77,540.82,541.66,2924960000,21445400000
2022-08-25,801760.SI,544.59,544.6,533.67,544.23,2927480000,19921040000
2022-08-26,801760.SI,544.78,551.59,542.6,543.74,2764930000,19621700000
2022-08-29,801760.SI,536.99,543.86,533.84,543.85,2865680000,20388950000
2022-08-30,801760.SI,542.71,554.88,542.71,550.58,3298790000,23420970000
2022-08-31,801760.SI,548.95,560.52,548.22,549.13,3911990000,28789220000
2022-09-01,801760.SI,548.12,550.26,537.79,538.59,3280520000,23316470000
2022-09-02,801760.SI,539.19,552.0,539.19,549.94,3340100000,23423480000
2022-09-05,801760.SI,548.87,548.87,535.4,539.18,3031780000,21257040000
2022-09-06,801760.SI,539.43,541.36,534.76,541.34,2468660000,17233940000
2022-09-07,801760.SI,538.91,538.91,529.92,531.34,2624180000,17975940000
2022-09-08,801760.SI,532.08,535.32,526.79,526.93,2345090000,16249020000
2022-09-09,801760.SI,526.92,529.27,523.51,529.06,1978370000,13391660000
2022-09-13,801760.SI,530.05,534.32,529.57,530.43,1992300000,14267750000
2022-09-14,801760.SI,523.21,528.27,522.38,525.32,2008800000,14228820000
2022-09-15,801760.SI,527.4,530.33,514.61,519.27,2533450000,18231130000
2022-09-16,801760.SI,517.95,520.26,507.89,507.89,2393150000,16846060000
2022-09-19,801760.SI,506.83,506.83,494.49,498.77,2056160000,13902840000
2022-09-20,801760.SI,501.11,504.74,500.1,502.22,1750670000,11773530000
2022-09-21,801760.SI,499.94,506.74,492.7,505.54,1808430000,12124950000
2022-09-22,801760.SI,501.97,504.31,496.8,496.8,1568610000,10504600000
2022-09-23,801760.SI,496.77,496.77,484.09,486.26,1888430000,12864680000
2022-09-26,801760.SI,482.38,486.18,477.63,478.06,1777010000,11510610000
2022-09-27,801760.SI,479.57,493.45,479.01,493.42,1849090000,12955220000
2022-09-28,801760.SI,491.72,491.72,482.01,482.01,1665930000,11836940000
2022-09-29,801760.SI,486.67,487.48,471.5,473.45,1664130000,11240630000
2022-09-30,801760.SI,472.85,478.09,470.98,473.2,1424350000,9476810000
2022-10-10,801760.SI,473.63,473.63,462.35,463.09,1461780000,9777260000
2022-10-11,801760.SI,462.92,464.17,455.56,462.58,1363280000,9134100000
2022-10-12,801760.SI,462.28,472.75,457.08,472.75,1623760000,10729790000
2022-10-13,801760.SI,470.01,478.63,470.01,474.32,1621150000,11161150000
2022-10-14,801760.SI,477.81,485.58,477.81,484.07,1739140000,12643520000
2022-10-17,801760.SI,482.28,490.43,482.28,489.67,1701130000,11882360000
2022-10-18,801760.SI,491.27,491.27,487.51,488.11,1528630000,11332290000
2022-10-19,801760.SI,486.26,486.31,480.8,480.8,1435150000,10022850000
2022-10-20,801760.SI,479.52,488.18,478.0,483.1,1550370000,11117290000
2022-10-21,801760.SI,483.08,483.3,475.56,476.35,1344050000,9675900000
2022-10-24,801760.SI,476.69,482.05,459.36,461.64,1843860000,12225500000
2022-10-25,801760.SI,460.42,462.38,452.35,457.19,1561770000,10280440000
2022-10-26,801760.SI,458.63,471.61,458.61,467.32,1719580000,12101510000
2022-10-27,801760.SI,468.56,477.63,468.56,473.89,1921110000,13172870000
2022-10-28,801760.SI,471.45,471.46,454.42,455.5,2346190000,15069640000
2022-10-31,801760.SI,452.4,464.1,452.39,460.78,2030920000,13188130000
2022-11-01,801760.SI,461.74,474.41,458.77,474.41,2227800000,14605430000
2022-11-02,801760.SI,483.58,490.7,483.57,488.06,3395040000,23277440000
2022-11-03,801760.SI,482.94,484.84,478.57,481.57,2573360000,18234490000
2022-11-04,801760.SI,481.46,495.3,481.44,492.68,2689640000,19308330000
2022-11-07,801760.SI,490.56,505.85,489.88,503.91,3145710000,22603120000
2022-11-08,801760.SI,503.93,504.63,499.22,503.12,2721020000,19793810000
2022-11-09,801760.SI,501.67,504.75,499.38,499.48,2250120000,16309050000
2022-11-10,801760.SI,496.85,514.68,496.55,513.09,3462610000,24980650000
2022-11-11,801760.SI,522.89,525.21,514.61,514.8,4260520000,32631130000
2022-11-14,801760.SI,516.43,521.84,515.42,517.91,3287040000,23926380000
2022-11-15,801760.SI,516.17,522.96,515.95,522.96,2807740000,21431690000
2022-11-16,801760.SI,524.77,533.47,524.77,530.18,3725900000,27956520000
2022-11-17,801760.SI,540.44,541.54,532.25,541.52,4586720000,36982800000
2022-11-18,801760.SI,541.5,558.01,541.16,541.16,5247450000,40874580000
2022-11-21,801760.SI,536.22,536.75,522.67,525.41,3867010000,28957740000
2022-11-22,801760.SI,524.35,526.42,519.13,520.9,3204270000,23443720000
2022-11-23,801760.SI,520.23,520.23,510.71,516.95,3167600000,23075550000
2022-11-24,801760.SI,516.59,519.12,510.67,511.6,2228980000,16521680000
2022-11-25,801760.SI,511.56,515.71,509.24,512.67,2290600000,16489920000
2022-11-28,801760.SI,505.48,514.87,501.08,512.6,2858840000,19653330000
2022-11-29,801760.SI,513.05,527.7,513.05,527.22,3204960000,22909490000
2022-11-30,801760.SI,526.42,530.89,524.63,527.53,2794540000,21446220000
2022-12-01,801760.SI,535.44,539.75,535.44,536.0,3548110000,27484400000
2022-12-02,801760.SI,535.81,543.44,535.8,538.66,3402970000,24803440000
2022-12-05,801760.SI,544.7,548.65,542.95,548.19,3572920000,27716260000
2022-12-06,801760.SI,546.59,549.55,540.79,542.29,3112210000,25009460000
2022-12-07,801760.SI,541.05,550.96,538.46,545.38,3118840000,24688290000
2022-12-08,801760.SI,543.88,546.73,537.34,545.36,2837730000,22014710000
2022-12-09,801760.SI,544.32,544.32,535.31,541.71,2880750000,22132030000
2022-12-12,801760.SI,539.69,541.91,533.05,533.55,2361840000,18230580000
2022-12-13,801760.SI,533.23,543.65,533.23,537.34,2782520000,21569650000
2022-12-14,801760.SI,535.17,544.65,533.64,542.71,2696080000,19899520000
2022-12-15,801760.SI,542.23,545.49,537.7,538.03,2688870000,20928430000
2022-12-16,801760.SI,534.85,537.49,529.58,532.83,2373100000,18259010000
2022-12-19,801760.SI,531.88,534.47,521.43,523.35,2283260000,18027650000
2022-12-20,801760.SI,525.29,527.49,514.5,514.91,2029270000,16033590000
2022-12-21,801760.SI,514.87,522.08,513.68,517.48,1927200000,15980520000
2022-12-22,801760.SI,519.41,529.91,518.43,519.92,2261130000,19435890000
2022-12-23,801760.SI,517.31,534.22,517.31,529.58,2684020000,22694900000
2022-12-26,801760.SI,529.05,533.82,528.29,530.72,2382310000,20593570000
2022-12-27,801760.SI,532.83,533.15,526.99,530.89,2280930000,20140250000
2022-12-28,801760.SI,529.42,535.0,524.61,531.36,2656780000,23304380000
2022-12-29,801760.SI,531.66,536.75,527.02,527.02,3076330000,25925510000
2022-12-30,801760.SI,527.3,540.07,527.25,539.82,3912300000,29800110000
2023-01-03,801760.SI,540.71,555.24,540.0,554.78,4546550000,36185890000
2023-01-04,801760.SI,555.89,564.32,554.7,560.89,4482520000,37401590000
2023-01-05,801760.SI,561.48,570.68,561.44,566.04,3966440000,34738150000
2023-01-06,801760.SI,565.33,565.33,551.09,552.14,3392320000,28099850000
2023-01-09,801760.SI,553.13,560.75,553.13,558.55,2641740000,22749280000
2023-01-10,801760.SI,558.96,563.74,554.83,563.65,2902800000,24565840000
2023-01-11,801760.SI,563.26,563.26,549.66,550.35,2840390000,23639770000
2023-01-12,801760.SI,551.29,554.75,547.25,551.73,2481780000,20646340000
2023-01-13,801760.SI,553.38,558.79,551.2,558.79,2799290000,23051010000
2023-01-16,801760.SI,560.46,561.41,555.75,558.01,3006710000,24100550000
2023-01-17,801760.SI,558.69,558.71,548.14,550.71,2641200000,21163920000
2023-01-18,801760.SI,553.2,560.43,553.18,557.9,2923350000,23449730000
2023-01-19,801760.SI,555.44,562.66,553.03,562.63,2601650000,19937580000
2023-01-20,801760.SI,562.98,566.22,561.34,566.22,2518220000,19035850000
2023-01-30,801760.SI,574.14,574.14,565.62,566.13,3936860000,31172520000
2023-01-31,801760.SI,563.17,567.14,560.91,567.14,3078590000,24570560000
2023-02-01,801760.SI,567.92,576.97,564.8,576.97,4032470000,30936600000
2023-02-02,801760.SI,577.98,588.02,576.58,581.24,4458310000,37789060000
2023-02-03,801760.SI,580.83,588.28,580.83,587.97,4155130000,33799540000
2023-02-06,801760.SI,587.32,595.3,583.27,592.05,4382610000,37171860000
2023-02-07,801760.SI,592.39,603.18,589.23,601.12,4854660000,41707320000
2023-02-08,801760.SI,601.82,602.1,588.99,589.02,4507240000,37437410000
2023-02-09,801760.SI,586.29,600.14,582.98,600.1,4064790000,32662710000
2023-02-10,801760.SI,599.21,611.06,599.21,602.67,5365620000,42038860000
2023-02-13,801760.SI,602.23,609.75,600.88,609.3,4920820000,38402610000
2023-02-14,801760.SI,609.25,610.45,602.12,604.08,4117340000,34449960000
2023-02-15,801760.SI,605.34,615.78,602.89,615.08,5068580000,43562340000
2023-02-16,801760.SI,614.36,632.3,608.76,611.84,7968650000,62065900000
2023-02-17,801760.SI,613.42,615.63,599.55,599.82,5902970000,43929160000
2023-02-20,801760.SI,602.41,619.47,601.8,619.47,5669430000,45237870000
2023-02-21,801760.SI,618.35,621.58,606.64,611.23,5311910000,43030620000
2023-02-22,801760.SI,605.69,607.56,597.38,604.77,4034450000,31259490000
2023-02-23,801760.SI,604.63,604.63,591.89,594.34,4001400000,30591220000
2023-02-24,801760.SI,594.69,596.58,589.26,593.98,3167580000,24417650000
2023-02-27,801760.SI,591.49,592.96,582.83,583.41,3104340000,23360390000
2023-02-28,801760.SI,587.46,590.77,582.46,590.74,2831100000,22722710000
2023-03-01,801760.SI,590.34,612.52,590.07,611.74,5019040000,40593390000
2023-03-02,801760.SI,611.81,624.89,611.81,623.22,5766230000,45857230000
2023-03-03,801760.SI,620.42,625.34,613.76,620.29,4398650000,36637580000
2023-03-06,801760.SI,621.06,621.6,614.53,615.62,3712590000,31674660000
2023-03-07,801760.SI,616.14,618.77,603.09,603.13,3900430000,33614040000
2023-03-08,801760.SI,602.06,611.5,601.43,611.5,3407370000,27720310000
2023-03-09,801760.SI,611.23,613.64,605.18,611.02,3878140000,30734120000
2023-03-10,801760.SI,605.12,611.13,602.44,602.44,3978260000,29966620000
2023-03-13,801760.SI,601.84,614.53,596.24,614.53,4188750000,33874850000
2023-03-14,801760.SI,615.02,621.58,606.42,608.55,4652430000,38778620000
2023-03-15,801760.SI,612.47,615.05,606.91,607.63,3704960000,29842450000
2023-03-16,801760.SI,603.9,615.31,597.8,607.97,4169020000,35585270000
2023-03-17,801760.SI,612.79,640.29,612.78,637.72,6554620000,57525790000
2023-03-20,801760.SI,652.15,662.54,651.49,651.83,7890350000,72022590000
2023-03-21,801760.SI,650.74,671.73,650.74,667.56,6538020000,59991330000
2023-03-22,801760.SI,669.96,685.82,666.98,685.35,7709370000,69995580000
2023-03-23,801760.SI,682.01,686.31,675.31,684.35,6890680000,63873640000
2023-03-24,801760.SI,683.85,707.65,683.85,707.65,7520440000,75336320000
2023-03-27,801760.SI,707.27,719.68,696.06,713.77,7967950000,82034720000
2023-03-28,801760.SI,708.01,717.82,699.77,701.09,6844240000,70206700000
2023-03-29,801760.SI,700.71,708.89,690.04,698.37,6058820000,63077740000
2023-03-30,801760.SI,696.42,699.49,682.63,688.69,5131250000,52986550000
2023-03-31,801760.SI,688.92,725.32,684.83,724.68,6559100000,66709900000
2023-04-03,801760.SI,718.94,759.34,718.94,756.73,8061280000,88838150000
2023-04-04,801760.SI,755.5,769.73,745.4,749.93,7256500000,82009700000
2023-04-06,801760.SI,736.74,736.74,717.21,725.33,6314720000,68341480000
2023-04-07,801760.SI,727.33,756.03,717.01,750.53,6411080000,69228810000
2023-04-10,801760.SI,752.95,757.99,718.24,721.06,6628570000,76303490000
2023-04-11,801760.SI,721.98,770.49,720.12,756.8,7932590000,88556420000
2023-04-12,801760.SI,758.53,794.26,757.55,794.15,8976330000,102888070000
2023-04-13,801760.SI,794.09,814.09,788.67,790.08,9924660000,115743280000
2023-04-14,801760.SI,787.71,796.31,755.12,774.08,8570520000,96927320000
2023-04-17,801760.SI,765.91,765.91,742.21,744.05,6439920000,71002330000
2023-04-18,801760.SI,741.39,748.46,722.2,744.76,5725600000,66964710000
2023-04-19,801760.SI,741.59,767.99,741.59,753.11,6457650000,72685920000
2023-04-20,801760.SI,749.68,787.05,749.68,787.05,7921620000,92327800000
2023-04-21,801760.SI,788.38,795.12,751.16,751.16,7868710000,92846760000
2023-04-24,801760.SI,748.63,788.06,748.63,778.48,8092550000,95633010000
2023-04-25,801760.SI,776.22,800.24,771.18,797.32,8920980000,107301740000
2023-04-26,801760.SI,788.93,813.87,763.52,793.36,9362330000,114231490000
2023-04-27,801760.SI,782.83,791.77,744.74,756.61,8840120000,102515600000
2023-04-28,801760.SI,750.99,824.0,750.99,819.35,10320160000,118994250000
2023-05-04,801760.SI,834.16,867.2,829.94,866.97,11573760000,134661660000
2023-05-05,801760.SI,859.97,867.73,842.88,848.07,10253270000,126517370000
2023-05-08,801760.SI,841.31,859.93,826.69,846.37,9251880000,112304450000
2023-05-09,801760.SI,836.64,853.99,820.64,822.07,9283110000,111611130000
2023-05-10,801760.SI,817.49,836.18,799.65,815.37,8676070000,105188400000
2023-05-11,801760.SI,820.07,851.71,818.45,835.22,9861520000,114960020000
2023-05-12,801760.SI,825.9,831.75,797.13,797.4,8886620000,100096870000
2023-05-15,801760.SI,799.74,801.72,762.35,782.62,8187430000,94511830000
2023-05-16,801760.SI,783.01,784.8,747.48,748.63,7232540000,84185560000
2023-05-17,801760.SI,739.42,764.92,739.42,750.47,5937990000,67983990000
2023-05-18,801760.SI,746.79,773.04,742.67,771.71,6632580000,77663370000
2023-05-19,801760.SI,767.27,774.77,752.57,752.76,5765650000,67233930000
2023-05-22,801760.SI,749.49,754.5,729.05,741.67,4940710000,55791060000
2023-05-23,801760.SI,741.21,745.92,726.24,726.24,4463690000,50315410000
2023-05-24,801760.SI,724.13,738.42,716.05,732.84,4943780000,55877300000
2023-05-25,801760.SI,729.02,737.24,699.26,715.78,5270900000,58996840000
2023-05-26,801760.SI,713.53,732.87,707.51,730.37,4495960000,54254110000
2023-05-29,801760.SI,732.63,754.7,727.88,742.24,6277370000,75751700000
2023-05-30,801760.SI,733.83,773.48,723.43,772.37,7092490000,85373660000
2023-05-31,801760.SI,770.7,787.9,770.7,782.19,6501570000,80733780000
2023-06-01,801760.SI,774.72,813.95,774.72,802.67,8077400000,96690240000
2023-06-02,801760.SI,807.64,813.13,798.44,800.99,7224880000,84928630000
2023-06-05,801760.SI,796.85,822.98,796.85,821.32,6961680000,85464000000
2023-06-06,801760.SI,816.85,833.85,799.23,804.81,7673540000,92020660000
2023-06-07,801760.SI,802.09,820.1,794.47,816.39,7058300000,86287910000
2023-06-08,801760.SI,810.3,810.3,784.25,797.19,6682080000,80740740000
2023-06-09,801760.SI,797.1,825.35,789.99,823.57,7529620000,93766560000
2023-06-12,801760.SI,821.21,830.6,819.44,821.51,6581400000,80499040000
2023-06-13,801760.SI,820.56,848.77,820.33,842.42,7677940000,96657890000
2023-06-14,801760.SI,841.12,867.44,841.12,852.32,8092650000,100600080000
2023-06-15,801760.SI,855.65,867.89,844.73,847.72,7070710000,95609080000
2023-06-16,801760.SI,841.03,868.2,832.42,860.88,6734010000,92302400000
2023-06-19,801760.SI,864.03,869.27,855.58,868.58,7182190000,98024440000
2023-06-20,801760.SI,865.05,883.51,860.24,873.64,7142190000,98494570000
2023-06-21,801760.SI,861.91,864.36,809.41,809.41,7109400000,93725780000
2023-06-26,801760.SI,800.1,807.78,760.87,763.73,6046020000,72406230000
2023-06-27,801760.SI,766.33,783.37,761.37,773.56,4900800000,54432730000
2023-06-28,801760.SI,768.88,768.88,735.73,762.22,6114590000,68765010000
2023-06-29,801760.SI,761.21,779.9,761.21,775.45,4805020000,55724060000
2023-06-30,801760.SI,772.04,777.4,762.61,770.62,4462550000,51629290000
2023-07-03,801760.SI,770.63,770.63,730.3,741.79,5314500000,60913750000
2023-07-04,801760.SI,739.79,744.31,736.36,744.31,4063750000,47648960000
2023-07-05,801760.SI,741.21,747.48,735.12,735.36,3678990000,40559300000
2023-07-06,801760.SI,733.55,754.88,733.55,736.83,3601150000,43158590000
2023-07-07,801760.SI,733.25,737.88,712.91,730.46,3583890000,41170580000
2023-07-10,801760.SI,733.6,741.95,728.16,741.71,3313140000,36373330000
2023-07-11,801760.SI,740.18,745.59,728.66,735.54,3254630000,35550950000
2023-07-12,801760.SI,735.63,739.25,715.92,717.33,4083790000,44893840000
2023-07-13,801760.SI,720.76,743.09,716.53,740.48,4624710000,55068650000
2023-07-14,801760.SI,743.55,760.99,743.55,751.03,4714320000,59494620000
2023-07-17,801760.SI,747.63,749.46,733.03,736.27,4006560000,49779480000
2023-07-18,801760.SI,737.88,737.88,723.71,724.24,3141840000,38802610000
2023-07-19,801760.SI,724.8,735.83,724.37,732.94,3143970000,39314910000
2023-07-20,801760.SI,731.62,731.62,715.96,716.81,3989430000,45426610000
2023-07-21,801760.SI,715.29,724.4,708.65,714.7,3736770000,40364100000
2023-07-24,801760.SI,711.2,725.78,710.22,714.67,3269580000,35920710000
2023-07-25,801760.SI,721.79,731.7,715.8,725.02,4195170000,46186440000
2023-07-26,801760.SI,723.46,723.46,701.82,705.11,4197500000,43212360000
2023-07-27,801760.SI,702.66,709.06,695.54,696.31,3409630000,35831600000
2023-07-28,801760.SI,693.48,696.79,687.45,692.72,3174110000,32597770000
2023-07-31,801760.SI,692.05,719.67,688.68,712.26,4584070000,44741620000
2023-08-01,801760.SI,710.75,713.5,702.62,709.81,3224170000,31805290000
2023-08-02,801760.SI,706.54,706.88,699.66,705.45,2837240000,29660040000
2023-08-03,801760.SI,701.4,708.88,698.95,701.7,2590660000,27792290000
2023-08-04,801760.SI,702.09,719.36,702.09,717.03,3953360000,42008960000
2023-08-07,801760.SI,719.57,735.78,719.57,730.34,4876670000,55716890000
2023-08-08,801760.SI,727.81,740.84,725.86,730.16,4369710000,50111270000
2023-08-09,801760.SI,724.97,729.02,705.55,706.66,3728710000,42291450000
2023-08-10,801760.SI,706.07,716.95,704.88,707.97,2971750000,32826190000
2023-08-11,801760.SI,709.64,717.56,696.41,696.53,2960520000,34005920000
2023-08-14,801760.SI,688.34,716.22,688.34,716.22,3366470000,40227140000
2023-08-15,801760.SI,716.39,716.39,693.3,698.64,2836270000,34269190000
2023-08-16,801760.SI,697.39,697.54,680.25,684.15,2818670000,32827320000
2023-08-17,801760.SI,681.4,693.19,676.8,692.0,2545090000,32392800000
2023-08-18,801760.SI,689.82,693.67,668.25,668.25,2941740000,35062440000
2023-08-21,801760.SI,666.62,681.32,665.42,665.42,2333070000,27468970000
2023-08-22,801760.SI,670.81,685.55,664.91,685.46,3310480000,39091350000
2023-08-23,801760.SI,683.5,686.21,675.12,675.12,3383580000,42307810000
2023-08-24,801760.SI,678.82,703.57,678.41,689.82,4594340000,55020550000
2023-08-25,801760.SI,682.64,684.92,662.46,665.73,3968820000,45259060000
2023-08-28,801760.SI,703.59,703.59,675.88,676.82,4185090000,49078970000
2023-08-29,801760.SI,674.54,704.13,674.54,701.84,4538270000,55374810000
2023-08-30,801760.SI,702.76,718.33,701.03,715.54,4556330000,58683380000
2023-08-31,801760.SI,709.89,712.25,701.46,704.3,3510880000,45760570000
2023-09-01,801760.SI,702.92,704.5,693.97,697.37,2847090000,38396330000
2023-09-04,801760.SI,698.82,700.0,692.38,700.0,2885190000,36052090000
2023-09-05,801760.SI,696.98,698.04,685.06,686.56,2884650000,34659060000
2023-09-06,801760.SI,682.57,682.57,671.41,676.15,2690540000,31301330000
2023-09-07,801760.SI,678.48,683.64,667.75,667.75,3097000000,35722450000
2023-09-08,801760.SI,661.94,663.0,646.63,651.44,3066760000,34111810000
2023-09-11,801760.SI,654.64,671.38,654.64,665.44,3154700000,33997300000
2023-09-12,801760.SI,662.48,662.48,655.07,655.25,2207740000,25018220000
2023-09-13,801760.SI,653.52,653.76,641.84,646.36,2435710000,26461820000
2023-09-14,801760.SI,644.87,644.87,636.32,640.19,2013890000,21805530000
2023-09-15,801760.SI,641.29,645.8,635.38,637.83,1955260000,20857340000
2023-09-18,801760.SI,635.34,643.62,634.75,641.52,2064260000,23246970000
2023-09-19,801760.SI,640.59,640.59,628.3,630.45,2055900000,21342100000
2023-09-20,801760.SI,629.37,633.86,625.16,625.32,1780580000,18535620000
2023-09-21,801760.SI,624.19,627.42,618.68,619.59,1690450000,18157540000
2023-09-22,801760.SI,618.79,647.47,618.79,647.34,3131650000,37530780000
2023-09-25,801760.SI,646.57,649.11,640.01,642.41,2478370000,29440460000
2023-09-26,801760.SI,642.72,656.57,642.72,650.89,2699170000,37113160000
2023-09-27,801760.SI,647.67,657.26,647.55,652.37,2383930000,29185810000
2023-09-28,801760.SI,654.09,655.64,649.74,650.56,2332670000,26010650000
2023-10-09,801760.SI,645.63,645.64,636.0,639.59,2380920000,25633180000
2023-10-10,801760.SI,642.04,646.15,639.81,640.94,2148030000,23466810000
2023-10-11,801760.SI,641.9,656.49,637.83,647.46,2782540000,30424720000
2023-10-12,801760.SI,649.82,650.1,636.34,638.78,2401990000,25913870000
2023-10-13,801760.SI,635.68,636.61,626.81,627.91,2165360000,23525120000
2023-10-16,801760.SI,628.59,628.59,617.52,620.59,2198200000,23281140000
2023-10-17,801760.SI,621.16,621.74,614.97,619.76,1786460000,19463860000
2023-10-18,801760.SI,617.5,617.5,604.33,607.54,2088640000,21151980000
2023-10-19,801760.SI,604.81,612.94,604.35,604.35,2013550000,19827830000
2023-10-20,801760.SI,601.09,604.19,590.75,591.08,1952220000,18897990000
2023-10-23,801760.SI,589.0,589.0,573.08,575.37,2006800000,18337400000
2023-10-24,801760.SI,579.12,593.92,578.36,590.33,2388450000,23173240000
2023-10-25,801760.SI,593.79,597.15,587.43,591.36,2728050000,26038450000
2023-10-26,801760.SI,585.99,590.63,581.96,590.63,2262500000,22300270000
2023-10-27,801760.SI,589.38,600.16,586.28,598.67,2564610000,25639750000
2023-10-30,801760.SI,596.93,610.38,596.93,609.73,3282640000,29770520000
2023-10-31,801760.SI,617.34,619.47,607.48,611.62,3661760000,35132800000
2023-11-01,801760.SI,608.68,629.2,608.68,615.36,3865420000,37934910000
2023-11-02,801760.SI,615.43,637.62,615.43,629.18,5384650000,52743210000
2023-11-03,801760.SI,626.58,634.59,620.13,629.38,4829190000,46782130000
2023-11-06,801760.SI,634.68,662.25,634.68,662.25,6023450000,61203330000
2023-11-07,801760.SI,664.75,669.78,658.81,667.22,5946010000,62958530000
2023-11-08,801760.SI,664.7,696.38,664.7,689.63,7909060000,81933300000
2023-11-09,801760.SI,685.96,687.69,673.91,676.03,5893430000,63638570000
2023-11-10,801760.SI,671.57,671.82,661.48,662.62,4258580000,46963550000
2023-11-13,801760.SI,668.27,678.25,667.82,669.59,4287420000,50763330000
2023-11-14,801760.SI,667.14,671.55,665.79,671.38,3854920000,43701000000
2023-11-15,801760.SI,675.25,676.15,662.92,664.34,3798520000,43034600000
2023-11-16,801760.SI,660.28,674.46,659.37,670.05,4927250000,49586530000
2023-11-17,801760.SI,670.89,677.36,668.21,674.59,5385110000,55389160000
2023-11-20,801760.SI,671.64,682.64,670.14,679.73,5284920000,54604820000
2023-11-21,801760.SI,680.93,697.05,680.93,686.88,6631600000,71112110000
2023-11-22,801760.SI,683.27,698.89,683.27,692.79,7245180000,75965510000
2023-11-23,801760.SI,688.63,688.63,674.12,680.31,5854710000,59731140000
2023-11-24,801760.SI,679.84,686.42,668.45,670.52,5142810000,51636460000
2023-11-27,801760.SI,664.16,664.16,653.26,656.32,4772630000,45190220000
2023-11-28,801760.SI,655.42,657.69,648.3,657.46,3035770000,33289030000
2023-11-29,801760.SI,655.65,657.53,648.18,650.02,3451470000,32144420000
2023-11-30,801760.SI,649.38,653.54,642.99,648.32,3353780000,33560590000
2023-12-01,801760.SI,648.72,683.7,648.72,682.74,6647470000,67992300000
2023-12-04,801760.SI,684.59,696.41,683.83,687.8,6182160000,69665410000
2023-12-05,801760.SI,685.94,685.94,668.31,668.32,5012710000,55430500000
2023-12-06,801760.SI,665.12,695.57,657.6,685.96,6711300000,70427520000
2023-12-07,801760.SI,689.14,703.6,689.14,700.13,7356980000,82486060000
2023-12-08,801760.SI,696.13,702.34,687.41,695.06,7017690000,77629150000
2023-12-11,801760.SI,691.75,716.75,691.75,715.71,7203790000,80724870000
2023-12-12,801760.SI,718.35,726.9,713.13,717.45,6691300000,77936160000
2023-12-13,801760.SI,714.65,723.61,709.19,709.39,5758030000,63053590000
2023-12-14,801760.SI,710.86,721.31,705.74,706.46,6293800000,67269040000
2023-12-15,801760.SI,706.83,720.4,696.67,712.21,6951380000,74241600000
2023-12-18,801760.SI,712.29,712.65,693.6,695.92,5801570000,62288130000
2023-12-19,801760.SI,693.1,708.83,693.1,704.56,5477940000,60861140000
2023-12-20,801760.SI,704.87,706.0,682.24,682.42,5553270000,61115620000
2023-12-21,801760.SI,676.34,694.28,676.34,691.74,5601130000,62382640000
2023-12-22,801760.SI,688.42,689.12,630.93,633.03,8021420000,80829240000
2023-12-25,801760.SI,624.04,626.07,608.34,620.88,5764340000,58855070000
2023-12-26,801760.SI,622.47,626.44,607.27,610.89,4383190000,45884190000
2023-12-27,801760.SI,615.13,617.56,602.62,605.33,3838250000,39317190000
2023-12-28,801760.SI,602.89,614.31,594.98,611.43,4110230000,41598390000
2023-12-29,801760.SI,610.68,634.03,610.68,630.49,4789920000,50664190000
2024-01-02,801760.SI,636.22,643.73,627.14,627.14,4333160000,46285080000
2024-01-03,801760.SI,625.72,639.14,621.63,632.2,4238820000,43390980000
2024-01-04,801760.SI,630.8,630.8,617.8,626.52,3407730000,34969430000
2024-01-05,801760.SI,624.91,624.91,608.34,611.62,3477720000,34096620000
2024-01-08,801760.SI,609.77,614.64,605.13,605.13,2854870000,28417010000
2024-01-09,801760.SI,607.87,613.29,598.72,603.74,3248030000,30488620000
2024-01-10,801760.SI,601.43,601.43,587.03,587.03,3104630000,27904760000
2024-01-11,801760.SI,586.1,607.03,586.1,605.61,3079040000,29605720000
2024-01-12,801760.SI,603.21,603.65,593.09,593.09,2891700000,27030410000
2024-01-15,801760.SI,590.36,599.6,589.46,592.91,2433440000,22972810000
2024-01-16,801760.SI,591.75,591.75,579.46,587.61,2840970000,25231580000
2024-01-17,801760.SI,585.75,586.52,572.19,572.19,2352030000,21442050000
2024-01-18,801760.SI,568.24,577.6,558.86,577.6,3282480000,30079430000
2024-01-19,801760.SI,579.77,594.52,579.77,583.2,3710890000,37953000000
2024-01-22,801760.SI,581.4,583.92,542.28,544.99,3728810000,35037030000
2024-01-23,801760.SI,543.41,567.18,539.62,564.56,3527260000,35530320000
2024-01-24,801760.SI,566.07,571.36,551.96,571.17,3373220000,32771470000
2024-01-25,801760.SI,569.49,592.03,563.57,591.67,4045070000,41286740000
2024-01-26,801760.SI,591.52,607.1,585.17,591.4,4740830000,47722040000
2024-01-29,801760.SI,588.13,588.13,570.01,571.45,3645590000,35108160000
2024-01-30,801760.SI,567.26,569.9,550.85,551.39,2829760000,27441080000
2024-01-31,801760.SI,547.7,558.77,532.97,532.97,3894620000,37444730000
2024-02-01,801760.SI,527.02,541.88,517.55,528.75,3995110000,36579990000
2024-02-02,801760.SI,529.76,546.67,504.88,519.91,4525000000,39973040000
2024-02-05,801760.SI,512.44,512.44,472.39,480.84,4665470000,35274700000
2024-02-06,801760.SI,468.39,512.58,463.22,506.18,5272230000,39826740000
2024-02-07,801760.SI,505.73,520.29,502.26,510.34,5326480000,41356330000
2024-02-08,801760.SI,512.72,531.54,512.72,530.43,5313150000,40541790000
2024-02-19,801760.SI,552.36,563.86,547.9,563.86,5748870000,49313680000
2024-02-20,801760.SI,561.28,575.23,556.95,571.22,5375640000,52192280000
2024-02-21,801760.SI,561.93,586.47,560.84,570.97,5934670000,57164140000
2024-02-22,801760.SI,571.78,584.96,571.66,583.17,4753160000,47158300000
2024-02-23,801760.SI,586.35,601.47,579.78,601.47,6156460000,61903960000
2024-02-26,801760.SI,596.59,605.67,590.07,598.78,5551700000,54503280000
2024-02-27,801760.SI,595.47,622.16,594.36,622.16,5943380000,61510470000
2024-02-28,801760.SI,624.42,638.0,589.61,589.61,7948630000,80016990000
2024-02-29,801760.SI,583.82,611.98,583.82,611.98,5418470000,54319260000
2024-03-01,801760.SI,611.14,625.57,608.05,623.38,5584850000,61636740000
2024-03-04,801760.SI,625.07,630.21,610.58,630.11,5536460000,59824630000
2024-03-05,801760.SI,623.68,634.49,619.02,623.33,5833350000,64725140000
2024-03-06,801760.SI,616.68,626.39,611.24,616.63,4425640000,48037130000
2024-03-07,801760.SI,616.01,620.89,598.78,598.78,4616940000,48352740000
2024-03-08,801760.SI,598.49,608.61,596.35,607.53,3419920000,35001790000
2024-03-11,801760.SI,602.4,617.86,601.69,617.86,3944700000,39401810000
2024-03-12,801760.SI,620.02,628.08,619.22,623.38,4704750000,47155510000
2024-03-13,801760.SI,625.4,648.17,623.61,640.83,7191200000,73399900000
2024-03-14,801760.SI,634.22,634.22,617.92,625.06,5440990000,53701060000
2024-03-15,801760.SI,624.01,627.52,616.7,627.52,3913290000,39331490000
2024-03-18,801760.SI,631.16,645.69,626.45,645.69,5517150000,56670230000
2024-03-19,801760.SI,644.5,656.08,641.14,641.14,5707200000,60075750000
2024-03-20,801760.SI,639.1,665.64,639.1,664.92,7219740000,77211240000
2024-03-21,801760.SI,676.38,684.98,671.92,673.52,8259370000,85471760000
2024-03-22,801760.SI,670.24,694.12,659.56,686.52,9203670000,98290690000
2024-03-25,801760.SI,689.1,689.1,653.06,653.25,7452480000,82800920000
2024-03-26,801760.SI,649.54,654.33,631.33,636.77,5818800000,61751030000
2024-03-27,801760.SI,634.64,639.17,610.95,610.95,5423040000,54870430000
2024-03-28,801760.SI,608.96,635.21,608.96,629.27,5132250000,54152000000
2024-03-29,801760.SI,624.75,624.92,611.87,621.18,4063690000,42814260000
2024-04-01,801760.SI,624.02,642.19,623.93,642.19,4457580000,47944920000
2024-04-02,801760.SI,640.73,640.81,623.35,627.07,4315160000,44637480000
2024-04-03,801760.SI,624.1,624.97,607.27,611.6,3581030000,35201200000
2024-04-08,801760.SI,609.26,609.71,600.06,600.32,3007020000,29109720000
2024-04-09,801760.SI,601.8,607.02,595.6,605.7,2649950000,25374220000
2024-04-10,801760.SI,601.71,601.71,584.06,587.86,3193070000,28967050000
2024-04-11,801760.SI,585.0,606.44,585.0,599.03,3398160000,35149690000
2024-04-12,801760.SI,596.57,598.98,587.4,587.86,2975250000,28215270000
2024-04-15,801760.SI,585.38,590.84,569.8,577.83,3730470000,32751540000
2024-04-16,801760.SI,573.65,576.87,550.47,551.01,3800760000,32172930000
2024-04-17,801760.SI,557.29,576.89,557.29,576.34,3689770000,32794380000
2024-04-18,801760.SI,573.27,579.09,564.08,570.79,3176270000,30599030000
2024-04-19,801760.SI,567.32,570.61,559.79,561.51,2515680000,24127080000
2024-04-22,801760.SI,554.47,561.35,547.5,554.97,2433720000,23072380000
2024-04-23,801760.SI,557.21,563.6,557.21,559.36,2730380000,26618170000
2024-04-24,801760.SI,559.28,570.73,554.53,570.73,3185420000,31122690000
2024-04-25,801760.SI,565.07,572.11,562.89,565.14,2753700000,26657840000
2024-04-26,801760.SI,564.21,581.91,564.21,578.88,3550280000,35895260000
2024-04-29,801760.SI,581.63,599.75,581.63,597.5,4031590000,41217780000
2024-04-30,801760.SI,596.46,597.22,582.89,588.7,3974080000,38205390000
2024-05-06,801760.SI,596.16,600.05,591.06,593.92,3665060000,35528300000
2024-05-07,801760.SI,594.76,605.77,593.16,594.97,3454290000,34847790000
2024-05-08,801760.SI,590.31,590.31,575.71,575.74,3180190000,31349440000
2024-05-09,801760.SI,575.98,584.65,575.98,582.37,2467080000,23392950000
2024-05-10,801760.SI,583.73,588.27,574.33,577.07,2760900000,25789380000
2024-05-13,801760.SI,572.06,572.2,563.53,566.7,2717590000,25489680000
2024-05-14,801760.SI,573.13,580.8,570.7,579.76,4001670000,34305410000
2024-05-15,801760.SI,578.93,582.8,573.71,574.17,3635100000,29956570000
2024-05-16,801760.SI,573.01,581.47,572.39,574.2,3568960000,28304070000
2024-05-17,801760.SI,573.06,575.86,566.7,573.78,2984750000,24954830000
2024-05-20,801760.SI,570.41,577.88,566.56,575.04,3314270000,27981920000
2024-05-21,801760.SI,574.45,582.11,572.81,574.07,3182900000,27039460000
2024-05-22,801760.SI,571.57,575.5,568.58,575.43,2859370000,23831950000
2024-05-23,801760.SI,573.7,573.7,558.38,559.45,2860930000,24235250000
2024-05-24,801760.SI,557.93,562.43,551.46,551.46,2296060000,19769080000
2024-05-27,801760.SI,552.9,554.05,542.7,554.05,2378380000,20376530000
2024-05-28,801760.SI,550.88,550.88,540.3,540.6,2128090000,16587370000
2024-05-29,801760.SI,539.29,545.48,537.86,540.3,2146770000,15087920000
2024-05-30,801760.SI,537.42,541.53,533.43,537.0,2375390000,15704740000
2024-05-31,801760.SI,537.35,546.17,537.34,542.92,2624950000,18318640000
2024-06-03,801760.SI,541.89,543.53,533.89,538.02,2871330000,21581970000
2024-06-04,801760.SI,535.21,539.65,531.3,538.54,2951500000,20205300000
2024-06-05,801760.SI,535.37,537.09,526.88,526.88,2496740000,17930110000
2024-06-06,801760.SI,527.62,531.43,510.19,513.02,3496660000,22862620000
2024-06-07,801760.SI,517.26,521.38,509.18,517.11,2511830000,17859510000
2024-06-11,801760.SI,514.03,520.18,507.16,519.28,2195150000,15913450000
2024-06-12,801760.SI,518.78,533.42,518.78,531.17,2599160000,20964030000
2024-06-13,801760.SI,528.05,529.27,524.3,525.76,2247710000,17629220000
2024-06-14,801760.SI,525.76,530.25,524.12,527.83,2672930000,20192390000
2024-06-17,801760.SI,526.13,526.13,520.15,521.1,2013510000,16199460000
2024-06-18,801760.SI,521.25,523.12,520.64,523.12,2219820000,15749110000
2024-06-19,801760.SI,523.89,523.89,515.34,515.34,2209150000,15584290000
2024-06-20,801760.SI,514.44,514.44,501.61,501.61,2371450000,16916210000
2024-06-21,801760.SI,500.39,504.7,496.75,500.78,1823670000,12169620000
2024-06-24,801760.SI,497.48,498.28,483.58,483.61,2410890000,15532280000
2024-06-25,801760.SI,484.37,488.25,475.36,479.44,2143440000,13838240000
2024-06-26,801760.SI,479.59,506.15,479.35,505.94,3704740000,27814650000
2024-06-27,801760.SI,502.85,509.87,498.93,499.06,3258430000,27628620000
2024-06-28,801760.SI,497.49,504.38,494.82,495.99,2640150000,21813780000
2024-07-01,801760.SI,494.05,500.93,487.83,500.06,2017430000,16485260000
2024-07-02,801760.SI,499.84,507.33,499.84,502.36,2664140000,20023030000
2024-07-03,801760.SI,501.95,504.04,497.92,499.28,2229690000,14751510000
2024-07-04,801760.SI,499.69,499.83,486.64,487.11,2178460000,14952110000
2024-07-05,801760.SI,486.13,495.08,483.0,493.04,2221030000,15738860000
2024-07-08,801760.SI,491.54,491.54,476.19,477.38,2231150000,14962880000
2024-07-09,801760.SI,477.31,483.97,468.5,482.92,2375720000,16970660000
2024-07-10,801760.SI,479.44,484.95,474.77,475.29,2223810000,16599090000
2024-07-11,801760.SI,483.08,484.72,478.65,481.73,2647830000,19325270000
2024-07-12,801760.SI,480.7,486.06,477.68,478.52,2252720000,16231590000
2024-07-15,801760.SI,477.76,480.27,473.58,475.65,2337940000,16295420000
2024-07-16,801760.SI,473.36,476.45,469.56,475.39,1929080000,14574470000
2024-07-17,801760.SI,474.76,483.87,474.76,476.9,2448740000,19649540000
2024-07-18,801760.SI,472.14,475.23,464.75,473.99,2160410000,16114360000
2024-07-19,801760.SI,471.97,479.93,471.97,477.52,2058140000,16024660000
2024-07-22,801760.SI,476.5,479.57,471.75,477.91,2139780000,14874050000
2024-07-23,801760.SI,478.44,478.77,465.11,465.11,2207580000,15891930000
2024-07-24,801760.SI,463.14,467.02,456.62,456.84,2016040000,14197130000
2024-07-25,801760.SI,454.33,466.01,452.51,462.45,2003310000,14045760000
2024-07-26,801760.SI,462.94,470.92,462.59,469.85,2059650000,14522440000
2024-07-29,801760.SI,469.66,472.16,463.86,470.38,2189270000,14320090000
2024-07-30,801760.SI,469.02,472.05,466.17,470.02,1878450000,12522310000
2024-07-31,801760.SI,469.57,489.25,469.57,489.25,3432460000,24205000000
2024-08-01,801760.SI,488.99,492.51,483.36,485.22,2621730000,18304240000
2024-08-02,801760.SI,481.74,488.48,478.38,478.86,2581790000,17540540000
2024-08-05,801760.SI,476.46,492.93,476.46,476.68,3605420000,23931910000
2024-08-06,801760.SI,481.83,488.81,479.78,487.13,3098130000,21795400000
2024-08-07,801760.SI,485.03,490.01,481.87,485.2,2481630000,18613180000
2024-08-08,801760.SI,483.28,488.27,476.6,486.12,2722270000,18675910000
2024-08-09,801760.SI,486.87,487.11,475.24,475.24,2376600000,15700160000
2024-08-12,801760.SI,473.4,478.31,468.83,472.62,1975470000,13360300000
2024-08-13,801760.SI,472.62,473.77,467.62,473.54,1630040000,10368690000
2024-08-14,801760.SI,473.37,483.17,472.29,479.39,2682700000,17959280000
2024-08-15,801760.SI,477.2,495.99,475.27,489.73,4040380000,26174280000
2024-08-16,801760.SI,489.21,489.23,483.46,483.77,3164900000,19770770000
2024-08-19,801760.SI,483.29,491.02,483.28,487.0,3360590000,20754440000
2024-08-20,801760.SI,485.73,491.06,478.86,483.25,4216180000,25793620000
2024-08-21,801760.SI,482.83,490.89,475.85,476.17,3977280000,25322260000
2024-08-22,801760.SI,474.17,479.37,462.23,463.14,3766350000,22772550000
2024-08-23,801760.SI,461.81,463.58,456.75,460.88,2959350000,17094420000
2024-08-26,801760.SI,460.53,464.25,455.09,461.7,2420780000,14696320000
2024-08-27,801760.SI,460.8,466.34,457.19,457.93,2605950000,16658870000
2024-08-28,801760.SI,456.13,462.94,449.85,462.09,2644970000,16950290000
2024-08-29,801760.SI,459.41,466.95,457.94,465.65,2489050000,15781070000
2024-08-30,801760.SI,465.58,486.21,465.57,481.19,4622710000,28335910000
2024-09-02,801760.SI,479.65,481.25,468.21,468.21,3347420000,20636320000
2024-09-03,801760.SI,468.93,476.36,467.95,473.38,2508060000,15340000000
2024-09-04,801760.SI,469.05,475.07,467.83,470.41,2176420000,13397230000
2024-09-05,801760.SI,470.44,484.72,470.44,482.44,2999190000,20422860000
2024-09-06,801760.SI,482.29,484.64,477.23,477.64,2466850000,16110100000
2024-09-09,801760.SI,474.65,479.03,471.67,473.94,2170610000,13679140000
2024-09-10,801760.SI,474.93,481.0,466.89,479.28,2236400000,14795730000
2024-09-11,801760.SI,477.26,481.14,474.88,477.85,1904160000,13941410000
2024-09-12,801760.SI,478.07,483.65,473.08,473.08,2467730000,16309070000
2024-09-13,801760.SI,473.71,475.55,467.09,467.11,2447450000,15311530000
2024-09-18,801760.SI,466.49,468.37,456.89,462.63,2181520000,13033450000
2024-09-19,801760.SI,464.5,475.43,460.82,473.88,2872090000,18109540000
2024-09-20,801760.SI,472.93,473.88,469.78,473.5,2485610000,15366320000
2024-09-23,801760.SI,472.77,477.46,471.47,473.76,2555770000,15576900000
2024-09-24,801760.SI,475.82,491.24,471.72,491.24,3987640000,26759020000
2024-09-25,801760.SI,496.25,516.58,495.58,501.47,5774720000,41092560000
2024-09-26,801760.SI,499.69,521.19,499.52,521.19,5562300000,37903760000
2024-09-27,801760.SI,529.41,554.47,527.15,548.98,6350410000,47125170000
2024-09-30,801760.SI,571.99,613.32,563.55,610.38,9457220000,78318270000
2024-10-08,801760.SI,688.96,688.96,617.46,663.71,11153980000,105593470000
2024-10-09,801760.SI,639.19,639.19,590.73,590.73,8048400000,74157580000
2024-10-10,801760.SI,596.16,606.39,575.33,587.13,5706490000,51758500000
2024-10-11,801760.SI,582.88,582.88,550.81,558.1,4554880000,39454590000
2024-10-14,801760.SI,560.34,575.3,550.26,575.21,4299150000,36729330000
2024-10-15,801760.SI,571.14,593.49,567.25,574.14,5732770000,50572370000
2024-10-16,801760.SI,563.92,590.67,563.92,581.74,4896420000,43507320000
2024-10-17,801760.SI,583.42,597.75,582.84,586.65,5810640000,55466760000
2024-10-18,801760.SI,584.04,611.63,576.89,598.57,6328050000,60895760000
2024-10-21,801760.SI,599.17,626.16,599.17,618.66,7022020000,69967060000
2024-10-22,801760.SI,620.3,654.2,620.3,634.69,8972270000,92180420000
2024-10-23,801760.SI,634.02,634.54,620.78,623.35,6846520000,70243540000
2024-10-24,801760.SI,616.78,620.49,609.52,616.8,5145350000,49567410000
2024-10-25,801760.SI,616.79,636.47,616.79,634.72,6137940000,61277190000
2024-10-28,801760.SI,635.6,655.09,635.6,652.52,7089410000,71676830000
2024-10-29,801760.SI,661.58,662.41,638.5,638.66,7970600000,76378310000
2024-10-30,801760.SI,633.6,646.89,629.88,636.38,6415880000,60094290000
2024-10-31,801760.SI,634.12,646.72,628.03,641.85,7080180000,65788650000
2024-11-01,801760.SI,639.62,642.83,617.15,617.16,7690790000,67544760000
2024-11-04,801760.SI,614.55,628.48,614.33,627.45,4861010000,40077500000
2024-11-05,801760.SI,625.72,647.15,625.2,646.17,6565720000,61084780000
2024-11-06,801760.SI,645.36,668.62,644.85,661.42,8256300000,76957300000
2024-11-07,801760.SI,655.91,671.16,654.1,671.15,6933220000,62710310000
2024-11-08,801760.SI,674.89,676.73,660.31,661.9,7426800000,67197720000
2024-11-11,801760.SI,656.52,691.17,656.52,690.37,7789080000,81323940000
2024-11-12,801760.SI,690.71,690.72,664.49,670.38,7623060000,79734470000
2024-11-13,801760.SI,666.46,692.26,666.46,689.26,6953640000,80082500000
2024-11-14,801760.SI,685.34,694.86,665.3,665.66,7609550000,77366540000
2024-11-15,801760.SI,665.37,697.2,665.37,669.0,8428450000,90238810000
2024-11-18,801760.SI,673.82,673.82,629.49,633.94,8160060000,78126480000
2024-11-19,801760.SI,629.0,640.99,621.0,640.99,5573690000,51448920000
2024-11-20,801760.SI,640.03,674.27,639.75,666.28,7634730000,74651380000
2024-11-21,801760.SI,662.66,678.5,661.93,668.68,8128920000,78644520000
2024-11-22,801760.SI,664.27,688.36,654.09,655.19,9947220000,93900170000
2024-11-25,801760.SI,660.0,666.72,641.05,665.17,8481450000,78460520000
2024-11-26,801760.SI,660.79,681.64,657.45,659.25,8499420000,85005880000
2024-11-27,801760.SI,648.43,685.38,641.89,685.38,9609870000,90580170000
2024-11-28,801760.SI,685.98,700.22,673.47,674.98,10175140000,100037010000
2024-11-29,801760.SI,671.24,691.88,667.41,684.54,8841490000,88667240000
2024-12-02,801760.SI,682.65,702.72,682.65,699.18,9235390000,92104590000
2024-12-03,801760.SI,696.44,698.86,683.93,692.33,8799610000,80967240000
2024-12-04,801760.SI,688.27,688.27,666.48,670.11,7117090000,66787090000
2024-12-05,801760.SI,670.4,700.61,670.4,698.94,8433690000,86311390000
2024-12-06,801760.SI,702.39,724.76,697.98,720.75,10507350000,111668560000
2024-12-09,801760.SI,726.12,726.12,709.25,720.44,9588580000,95535980000
2024-12-10,801760.SI,741.67,747.49,726.55,727.52,11223180000,122567690000
2024-12-11,801760.SI,721.48,739.89,721.48,735.78,10474880000,104999420000
2024-12-12,801760.SI,740.9,746.78,728.86,739.7,10901220000,111474280000
2024-12-13,801760.SI,731.63,765.65,731.63,750.35,12370160000,134043940000
2024-12-16,801760.SI,754.56,755.22,734.57,739.91,11792450000,129062430000
2024-12-17,801760.SI,734.38,734.72,707.69,710.39,9633050000,99264270000
2024-12-18,801760.SI,707.76,725.84,702.23,717.75,8181000000,85933060000
2024-12-19,801760.SI,706.04,720.51,697.29,718.38,7749840000,80795290000
2024-12-20,801760.SI,713.29,724.34,713.29,718.48,6650710000,70374170000
2024-12-23,801760.SI,716.33,716.33,676.96,677.37,7303170000,71663820000
2024-12-24,801760.SI,676.84,680.21,669.25,679.91,5450160000,51727270000
2024-12-25,801760.SI,677.03,677.03,656.21,665.5,5334770000,49361040000
2024-12-26,801760.SI,665.31,674.62,665.3,668.57,4428220000,41851910000
2024-12-27,801760.SI,667.7,678.69,665.11,666.58,4850230000,45244950000
2024-12-30,801760.SI,665.64,669.22,654.71,665.09,4325830000,41009380000
2024-12-31,801760.SI,666.67,666.69,644.57,644.57,4617410000,42255720000
2025-01-02,801760.SI,644.28,651.57,624.9,630.85,4800180000,43879880000
2025-01-03,801760.SI,632.37,632.37,602.54,603.7,5047060000,43005020000
2025-01-06,801760.SI,601.81,608.15,592.1,596.82,3775350000,31564690000
2025-01-07,801760.SI,597.38,608.23,595.02,607.97,3644520000,30821050000
2025-01-08,801760.SI,604.59,612.84,590.57,609.44,4453140000,37809210000
2025-01-09,801760.SI,606.43,616.24,606.33,611.07,4546620000,39430890000
2025-01-10,801760.SI,608.78,616.16,591.5,591.5,4530470000,37862080000
2025-01-13,801760.SI,582.9,593.52,576.91,590.32,3245980000,26692020000
2025-01-14,801760.SI,598.36,624.07,595.09,624.07,5437030000,48676070000
2025-01-15,801760.SI,629.62,638.04,627.55,632.13,6763490000,63182630000
2025-01-16,801760.SI,634.42,649.42,627.74,633.71,6685300000,61228490000
2025-01-17,801760.SI,629.21,633.98,625.28,627.96,5576120000,47886580000
2025-01-20,801760.SI,632.86,636.52,626.9,629.0,5194620000,45365760000
2025-01-21,801760.SI,631.29,635.4,622.63,632.68,5485440000,48216360000
2025-01-22,801760.SI,627.2,627.2,618.25,620.24,4387850000,37532920000
2025-01-23,801760.SI,627.56,638.13,623.95,623.95,5001100000,45871560000
2025-01-24,801760.SI,620.65,640.91,619.49,640.23,5411180000,52674770000
2025-01-27,801760.SI,649.0,650.78,640.08,640.75,4895450000,49449680000
2025-02-05,801760.SI,654.36,665.71,651.55,663.04,6083420000,68169720000
2025-02-06,801760.SI,661.77,679.65,657.32,679.51,7239350000,78310450000
2025-02-07,801760.SI,678.22,696.42,676.57,686.97,8320650000,90808200000
2025-02-10,801760.SI,690.71,709.51,689.92,709.29,7967610000,86001700000
2025-02-11,801760.SI,710.1,720.28,702.28,714.53,8949370000,92349210000
2025-02-12,801760.SI,712.51,730.79,712.51,728.09,8140420000,89114370000
2025-02-13,801760.SI,736.38,752.67,725.09,740.64,10650010000,118154050000
2025-02-14,801760.SI,743.14,754.77,726.06,752.49,10501860000,119621900000
2025-02-17,801760.SI,763.98,766.6,739.95,745.98,10034950000,124695120000
2025-02-18,801760.SI,745.17,747.98,711.44,714.0,9159150000,103438360000
2025-02-19,801760.SI,712.63,727.33,712.59,726.42,6987860000,80191910000
2025-02-20,801760.SI,724.61,731.29,716.77,721.11,6447100000,73021720000
2025-02-21,801760.SI,724.24,740.26,715.36,738.98,7871940000,90992880000
2025-02-24,801760.SI,738.65,742.4,727.36,733.0,7390260000,83642530000
2025-02-25,801760.SI,718.16,726.13,712.86,715.75,6307170000,69160680000
2025-02-26,801760.SI,722.33,723.82,713.18,716.39,5919190000,59743240000
2025-02-27,801760.SI,715.18,724.12,704.05,712.83,7213040000,75605670000
2025-02-28,801760.SI,707.5,707.79,678.56,679.83,6187350000,64285360000
2025-03-03,801760.SI,682.42,695.38,675.32,683.49,4750360000,51350090000
2025-03-04,801760.SI,677.44,688.93,677.44,688.64,3755040000,39538520000
2025-03-05,801760.SI,687.95,692.81,682.2,692.4,3944540000,40137710000
2025-03-06,801760.SI,699.22,726.63,699.22,723.93,6921250000,77005280000
2025-03-07,801760.SI,724.4,727.95,710.86,714.94,6937190000,77480610000
2025-03-10,801760.SI,712.29,712.29,701.85,708.05,4720700000,47669500000
2025-03-11,801760.SI,698.33,709.44,697.68,709.44,4225370000,41412770000
2025-03-12,801760.SI,715.76,730.58,715.66,723.01,6164710000,62045120000
2025-03-13,801760.SI,720.2,720.2,702.65,709.99,5779050000,53670400000
2025-03-14,801760.SI,709.32,729.16,707.01,727.66,5911310000,59100710000
2025-03-17,801760.SI,732.15,732.97,721.81,726.75,4955250000,49800740000
2025-03-18,801760.SI,726.96,731.06,721.76,725.22,4380390000,43754420000
2025-03-19,801760.SI,722.48,722.48,711.19,714.28,4223130000,42756180000
2025-03-20,801760.SI,712.15,714.61,704.68,705.22,3747690000,38108070000
2025-03-21,801760.SI,701.52,704.57,690.6,691.6,4031700000,38169480000
2025-03-24,801760.SI,691.63,694.01,675.26,687.9,4465820000,41053220000
2025-03-25,801760.SI,686.02,686.32,673.94,677.01,3140660000,30063130000
2025-03-26,801760.SI,675.7,681.79,675.7,678.87,2743500000,25397140000
2025-03-27,801760.SI,677.79,683.64,671.61,679.0,2644740000,25170780000
2025-03-28,801760.SI,679.05,686.97,678.69,682.02,3560450000,34425220000
2025-03-31,801760.SI,675.64,675.64,660.25,671.01,3644550000,34261080000
2025-04-01,801760.SI,671.8,678.91,669.4,669.54,2677120000,26159670000
2025-04-02,801760.SI,668.45,679.26,668.45,672.47,2621770000,24863310000
2025-04-03,801760.SI,664.31,676.89,664.31,673.29,2630770000,25368430000
2025-04-07,801760.SI,633.16,635.04,588.76,591.71,4233190000,37459900000
2025-04-08,801760.SI,588.05,605.24,583.84,595.64,4608490000,38598340000
2025-04-09,801760.SI,584.53,613.77,562.33,609.69,4746540000,39284980000
2025-04-10,801760.SI,622.0,636.16,622.0,629.21,4508090000,40693320000
2025-04-11,801760.SI,627.32,635.07,624.21,627.62,3679100000,32114080000
2025-04-14,801760.SI,633.41,642.09,633.41,637.41,3200780000,28676190000
2025-04-15,801760.SI,640.96,647.83,636.98,643.52,3386470000,30307340000
2025-04-16,801760.SI,640.37,647.14,632.02,637.36,3299860000,30232740000
2025-04-17,801760.SI,632.51,642.33,632.51,637.25,2571400000,23491050000
2025-04-18,801760.SI,636.16,639.64,633.23,639.59,2280710000,20947720000
2025-04-21,801760.SI,638.59,652.78,634.76,652.56,2917740000,29514120000
2025-04-22,801760.SI,651.97,654.0,644.52,645.53,2753580000,28200940000
2025-04-23,801760.SI,648.46,650.97,643.29,643.89,2950320000,28683840000
2025-04-24,801760.SI,644.46,644.46,631.51,634.92,2680270000,25411570000
2025-04-25,801760.SI,637.2,644.85,637.14,638.87,2615740000,24384560000
2025-04-28,801760.SI,638.55,645.8,635.67,638.99,3337790000,33269970000
2025-04-29,801760.SI,637.49,649.39,637.49,647.08,3188250000,29828270000
2025-04-30,801760.SI,649.19,660.14,649.19,656.08,3589600000,34713480000
2025-05-06,801760.SI,660.54,674.59,658.33,674.59,4350270000,40764720000
2025-05-07,801760.SI,679.81,680.49,665.67,670.82,3892110000,36709010000
2025-05-08,801760.SI,668.98,679.48,668.98,677.54,3968280000,38799720000
2025-05-09,801760.SI,675.75,675.75,663.68,665.24,3206920000,30617810000
2025-05-12,801760.SI,670.22,670.81,667.53,670.81,2627710000,26064300000
2025-05-13,801760.SI,675.63,676.82,667.32,667.83,3157740000,30573140000
2025-05-14,801760.SI,666.93,675.1,664.5,671.72,2955960000,27792640000
2025-05-15,801760.SI,671.68,671.68,657.84,658.75,2687150000,25684840000
2025-05-16,801760.SI,656.79,662.81,656.79,660.14,2280960000,21295290000
2025-05-19,801760.SI,660.27,663.73,653.24,663.07,2658720000,23497970000
2025-05-20,801760.SI,662.6,677.9,659.62,676.19,3921290000,35193230000
2025-05-21,801760.SI,673.96,673.96,669.25,670.29,3007260000,26915140000
2025-05-22,801760.SI,669.75,675.24,664.2,671.09,3380270000,34227760000
2025-05-23,801760.SI,670.08,670.99,659.1,659.1,3198420000,32607570000
2025-05-26,801760.SI,661.09,674.42,661.09,673.18,3035010000,33511240000
2025-05-27,801760.SI,671.76,672.27,667.2,669.58,2599680000,27385750000
2025-05-28,801760.SI,669.41,669.81,664.85,668.47,2658250000,26961560000
2025-05-29,801760.SI,667.61,679.46,665.56,679.46,3446480000,32762510000
2025-05-30,801760.SI,679.43,683.37,669.18,670.54,3576830000,33110980000
2025-06-03,801760.SI,668.74,689.61,668.74,679.7,4433740000,41631730000
2025-06-04,801760.SI,678.33,686.14,678.33,685.04,3718280000,34340370000
2025-06-05,801760.SI,684.98,695.29,684.98,693.77,4504530000,41422740000
2025-06-06,801760.SI,692.91,694.42,686.24,687.88,3600940000,32961280000
2025-06-09,801760.SI,689.34,697.15,689.06,695.09,4412070000,41017670000
2025-06-10,801760.SI,695.8,698.63,682.02,696.15,5316340000,50556240000
2025-06-11,801760.SI,695.58,709.03,695.58,707.26,5405800000,52964630000
2025-06-12,801760.SI,704.6,720.32,703.58,716.66,6148850000,64004470000
2025-06-13,801760.SI,712.15,712.15,695.36,698.55,5751670000,58408730000
2025-06-16,801760.SI,696.98,719.55,696.98,717.41,5370310000,57656270000
2025-06-17,801760.SI,718.49,718.49,705.52,708.64,4747970000,51604900000
2025-06-18,801760.SI,706.19,709.29,698.21,702.63,3586830000,36042480000
2025-06-19,801760.SI,701.46,709.36,695.38,699.23,4365210000,45936770000
2025-06-20,801760.SI,700.73,700.73,685.57,685.88,3901710000,39431490000
2025-06-23,801760.SI,680.35,690.88,680.35,689.53,3334160000,32848140000
2025-06-24,801760.SI,693.31,705.3,693.31,703.11,4202950000,41873970000
2025-06-25,801760.SI,703.56,708.86,699.11,708.86,4209840000,41529540000
2025-06-26,801760.SI,707.83,711.78,700.72,707.3,4409230000,44446940000
2025-06-27,801760.SI,707.72,710.88,705.53,706.9,3820590000,36540750000
2025-06-30,801760.SI,709.03,727.46,709.03,726.87,4605010000,49870790000
2025-07-01,801760.SI,728.44,729.69,720.06,724.13,3818230000,40610700000
2025-07-02,801760.SI,722.67,722.69,715.13,718.87,3328070000,33569210000
2025-07-03,801760.SI,718.3,723.8,713.74,719.45,2928920000,28874880000
2025-07-04,801760.SI,719.65,731.46,717.56,726.02,3835970000,41240700000
2025-07-07,801760.SI,726.31,733.76,726.1,731.45,3835130000,38755280000
2025-07-08,801760.SI,730.56,744.67,730.51,744.11,3948640000,42559060000
2025-07-09,801760.SI,744.45,755.84,744.02,754.13,4757250000,52674680000
2025-07-10,801760.SI,753.5,757.92,744.59,750.07,4313220000,45304540000
2025-07-11,801760.SI,747.09,750.4,741.23,748.63,4640030000,48184420000
2025-07-14,801760.SI,747.39,747.39,734.0,739.36,4254350000,44485930000
2025-07-15,801760.SI,739.08,740.97,732.05,739.67,4385760000,45982400000
2025-07-16,801760.SI,739.35,749.12,733.73,737.97,4495210000,49715330000
2025-07-17,801760.SI,735.88,739.88,732.92,739.13,3797790000,42737910000
2025-07-18,801760.SI,741.8,741.8,730.51,731.89,3961630000,45033430000
2025-07-21,801760.SI,731.82,738.32,731.82,737.67,3396460000,38089640000
2025-07-22,801760.SI,737.84,741.42,732.16,736.33,3448600000,36541320000
2025-07-23,801760.SI,735.94,740.31,735.36,736.28,3269010000,34227880000
2025-07-24,801760.SI,736.32,745.15,736.32,745.15,3426930000,34407300000
2025-07-25,801760.SI,747.65,749.4,743.57,747.66,4620400000,47903550000
2025-07-28,801760.SI,746.31,749.96,741.94,747.18,4508710000,45478170000
2025-07-29,801760.SI,747.61,750.4,739.42,750.4,4348200000,47125510000
2025-07-30,801760.SI,750.09,762.31,746.56,757.87,5865490000,61742350000
2025-07-31,801760.SI,758.28,759.18,747.96,749.96,5739110000,63806820000
2025-08-01,801760.SI,751.45,756.29,741.12,756.08,5201360000,59144730000
2025-08-04,801760.SI,754.02,765.93,750.67,765.74,4618790000,55367910000
2025-08-05,801760.SI,765.22,775.86,765.22,775.51,5196610000,52731340000
2025-08-06,801760.SI,776.16,779.27,771.85,779.27,5379350000,55152760000
2025-08-07,801760.SI,779.48,781.07,775.52,781.02,4741510000,50811420000
2025-08-08,801760.SI,781.68,781.68,772.29,773.5,5279780000,53707490000
2025-08-11,801760.SI,772.29,781.01,771.62,779.17,4550870000,46840940000
2025-08-12,801760.SI,778.58,784.75,776.94,779.6,4573400000,47403670000
2025-08-13,801760.SI,781.08,790.09,779.24,785.94,5043080000,53449620000
2025-08-14,801760.SI,786.7,790.98,777.25,777.25,6000990000,59013210000
2025-08-15,801760.SI,775.11,782.02,772.26,781.22,4881680000,48413740000
2025-08-18,801760.SI,785.89,802.22,785.89,798.72,7870430000,82509500000
2025-08-19,801760.SI,797.99,801.59,791.45,795.18,6580810000,65951570000
2025-08-20,801760.SI,793.29,801.04,788.81,800.68,5845420000,57330220000
2025-08-21,801760.SI,801.02,810.76,798.54,806.88,5897780000,59699040000
2025-08-22,801760.SI,806.54,821.6,806.52,821.6,6162090000,70008330000
2025-08-25,801760.SI,825.27,832.14,815.47,831.63,7319350000,86829360000
2025-08-26,801760.SI,829.42,847.17,829.42,841.88,7145680000,82542360000
2025-08-27,801760.SI,846.59,848.92,823.14,823.14,8347140000,94589440000
2025-08-28,801760.SI,822.11,829.23,806.46,829.23,7109050000,74941320000
2025-08-29,801760.SI,829.98,836.08,826.75,830.23,5436210000,61107270000
2025-09-01,801760.SI,830.53,837.26,828.51,836.72,5647900000,62640210000
2025-09-02,801760.SI,836.29,836.29,814.18,820.63,6377560000,70529720000
2025-09-03,801760.SI,821.83,838.71,817.43,819.37,5448070000,61212920000
2025-09-04,801760.SI,818.12,823.6,793.74,804.67,5070960000,57679410000
2025-09-05,801760.SI,803.41,824.84,795.85,824.84,5415910000,60463820000
2025-09-08,801760.SI,824.02,845.55,822.95,843.78,5720970000,63527860000
2025-09-09,801760.SI,844.51,852.17,836.14,843.9,5495320000,61393700000
2025-09-10,801760.SI,841.07,861.35,841.07,858.06,6265490000,72234340000
2025-09-11,801760.SI,855.56,863.73,836.16,862.16,5627250000,67953460000
2025-09-12,801760.SI,860.18,866.45,853.91,860.1,6078960000,68860000000
2025-09-15,801760.SI,856.71,878.6,856.71,876.75,5929520000,70328400000
2025-09-16,801760.SI,879.94,883.73,872.6,877.85,5942980000,69558170000
2025-09-17,801760.SI,877.46,885.62,869.76,883.7,5527660000,64814010000
2025-09-18,801760.SI,881.69,888.8,855.73,863.79,6143010000,73812030000
2025-09-19,801760.SI,861.59,873.38,856.12,868.03,5101670000,61864340000
2025-09-22,801760.SI,866.15,866.15,854.06,862.17,4282130000,50556920000
2025-09-23,801760.SI,861.53,861.54,838.89,855.6,5024060000,58550190000
2025-09-24,801760.SI,852.22,878.11,850.05,877.72,4341460000,55477710000
2025-09-25,801760.SI,877.07,905.06,877.07,897.3,5618200000,74534540000
2025-09-26,801760.SI,894.02,894.02,872.95,873.49,5153560000,61815860000
2025-09-29,801760.SI,871.04,876.91,865.33,873.84,4302620000,49427020000
2025-09-30,801760.SI,878.32,878.54,872.09,874.61,4206800000,51188800000
2025-10-09,801760.SI,873.03,873.03,857.75,862.14,4985900000,63203400000
2025-10-10,801760.SI,856.38,857.63,839.13,841.15,4386100000,52643190000
2025-10-13,801760.SI,809.82,830.86,809.82,828.21,3864160000,44376670000
2025-10-14,801760.SI,832.3,839.72,812.89,815.06,3804440000,43632950000
2025-10-15,801760.SI,816.64,819.83,805.91,819.82,3262290000,38533190000
2025-10-16,801760.SI,818.28,820.84,806.26,809.4,2912350000,31231630000
2025-10-17,801760.SI,806.64,809.72,787.97,788.4,3221210000,34903440000
2025-10-20,801760.SI,796.99,798.52,789.72,793.26,2827970000,31869080000
2025-10-21,801760.SI,794.68,807.67,794.68,807.39,3157740000,34916490000
2025-10-22,801760.SI,807.26,818.89,807.26,812.16,3353080000,37902480000
2025-10-23,801760.SI,810.92,819.84,804.17,819.47,3707650000,42077060000
2025-10-24,801760.SI,817.79,824.01,817.79,822.3,3480820000,40356080000
2025-10-27,801760.SI,827.53,827.53,810.77,814.46,3712450000,45187410000
2025-10-28,801760.SI,809.23,813.88,807.36,810.91,3468840000,40689570000
2025-10-29,801760.SI,806.97,818.11,806.97,817.98,3507900000,43080890000
2025-10-30,801760.SI,820.04,820.05,802.54,802.62,4340990000,53284730000
2025-10-31,801760.SI,809.7,829.52,809.7,821.82,6249430000,68501550000
2025-11-03,801760.SI,831.56,847.5,831.56,847.5,6422470000,71967710000
2025-11-04,801760.SI,847.11,848.23,837.37,845.15,6480410000,67842400000
2025-11-05,801760.SI,833.96,844.3,829.87,841.7,6332990000,65324780000
2025-11-06,801760.SI,840.32,840.32,824.41,830.31,5361450000,54464230000
2025-11-07,801760.SI,826.18,829.45,821.81,823.11,4261620000,45650070000
2025-11-10,801760.SI,824.92,830.8,824.81,827.15,5301390000,54219820000
2025-11-11,801760.SI,825.13,828.89,820.97,822.79,4189010000,43533880000
2025-11-12,801760.SI,822.15,831.74,818.45,821.51,4535630000,50445000000
2025-11-13,801760.SI,821.93,829.82,819.68,829.82,4056940000,44783910000
2025-11-14,801760.SI,823.12,824.66,811.92,811.92,3949510000,43597680000
2025-11-17,801760.SI,806.66,817.63,803.4,813.23,4960520000,53751870000
2025-11-18,801760.SI,811.2,831.16,811.2,826.23,6634310000,74679890000
2025-11-19,801760.SI,824.69,824.69,807.53,812.01,5526750000,61168630000
2025-11-20,801760.SI,814.53,814.53,804.36,804.36,4312990000,46116490000
2025-11-21,801760.SI,796.78,814.84,794.42,801.77,6752190000,76024040000
2025-11-24,801760.SI,808.48,836.44,800.3,829.75,8261780000,98335000000
2025-11-25,801760.SI,831.57,859.2,831.57,853.37,9164070000,116045490000
2025-11-26,801760.SI,851.33,858.03,844.25,846.37,6894870000,85434330000
2025-11-27,801760.SI,845.5,853.35,833.71,834.5,5724870000,69361180000
2025-11-28,801760.SI,832.55,840.61,829.02,835.69,5467270000,65807570000
2025-12-01,801760.SI,836.88,844.2,836.25,842.81,5592400000,65521420000
2025-12-02,801760.SI,842.22,842.22,826.42,828.06,5160760000,60371790000
2025-12-03,801760.SI,826.98,828.3,802.5,804.34,5119970000,56938040000
2025-12-04,801760.SI,804.99,805.91,798.53,800.98,4177610000,43881190000
2025-12-05,801760.SI,800.23,803.45,794.89,803.45,3910200000,42529040000
2025-12-08,801760.SI,803.79,815.2,803.79,810.65,4474390000,50207390000
2025-12-09,801760.SI,809.11,818.29,807.9,809.14,4393580000,47736360000
2025-12-10,801760.SI,806.84,818.06,804.91,817.24,4044830000,46306810000
2025-12-11,801760.SI,817.91,817.91,799.89,799.89,4446350000,47857560000
2025-12-12,801760.SI,799.6,808.54,795.93,805.5,4081030000,44675950000
2025-12-15,801760.SI,799.37,801.49,791.68,792.35,3636700000,38549060000
2025-12-16,801760.SI,788.9,788.9,770.48,773.22,3660540000,36543360000
2025-12-17,801760.SI,771.05,788.68,770.61,788.15,3696920000,39813180000
2025-12-18,801760.SI,783.38,803.85,783.38,793.25,3562260000,38364720000
2025-12-19,801760.SI,795.64,806.22,789.05,804.08,3863670000,40819840000
2025-12-22,801760.SI,803.42,803.96,797.32,799.15,3326840000,35739530000
2025-12-23,801760.SI,797.42,803.24,794.33,797.17,2901970000,31777170000
2025-12-24,801760.SI,795.85,797.47,789.01,797.21,3096030000,34027320000
2025-12-25,801760.SI,796.8,803.94,795.35,803.06,3102790000,33885770000
2025-12-26,801760.SI,802.25,806.28,796.69,802.63,3561030000,37145690000
2025-12-29,801760.SI,801.27,806.41,797.97,800.93,3511890000,37470270000
2025-12-30,801760.SI,802.69,815.92,802.69,807.29,4899740000,53360130000
2025-12-31,801760.SI,807.92,826.2,807.59,819.69,5867220000,67018470000
2026-01-05,801760.SI,824.99,855.75,824.99,853.48,7777950000,91654050000
2026-01-06,801760.SI,850.83,863.13,848.98,861.54,6936340000,85674000000
2026-01-07,801760.SI,860.84,878.19,858.37,863.1,6366870000,77967230000
2026-01-08,801760.SI,861.45,888.63,859.32,880.33,6576690000,83664960000
2026-01-09,801760.SI,879.89,927.11,879.89,927.11,9460090000,124892670000
2026-01-12,801760.SI,955.34,1000.56,955.34,999.41,12307640000,166568900000
2026-01-13,801760.SI,1032.95,1037.01,998.15,1006.15,15722700000,232215860000
2026-01-14,801760.SI,995.43,1055.74,995.43,1021.75,15199920000,229093040000
2026-01-15,801760.SI,1006.13,1014.02,981.8,994.18,10611300000,154510260000
2026-01-16,801760.SI,978.98,979.27,942.15,946.03,8145320000,106826070000
2026-01-19,801760.SI,936.61,953.12,936.61,943.54,6321070000,82300180000
2026-01-20,801760.SI,952.12,954.98,929.67,940.5,6912010000,95578870000
2026-01-21,801760.SI,932.66,949.7,928.87,937.55,6386940000,88517820000
2026-01-22,801760.SI,936.61,951.85,936.61,945.75,6225270000,86041380000
2026-01-23,801760.SI,952.09,968.71,944.67,964.72,7712270000,109802070000
2026-01-26,801760.SI,966.34,969.0,932.86,947.73,7731380000,107859670000
2026-01-27,801760.SI,950.93,957.25,935.31,952.31,6747820000,99754580000
2026-01-28,801760.SI,948.42,957.65,935.42,935.42,6846630000,101937190000
2026-01-29,801760.SI,926.97,991.7,925.9,968.42,10055140000,153084370000
2026-01-30,801760.SI,963.63,977.13,958.85,966.75,8698110000,130273460000
2026-02-02,801760.SI,959.24,976.2,945.59,945.59,8480380000,122166830000
2026-02-03,801760.SI,960.71,972.7,939.74,972.7,8352430000,126948180000
2026-02-04,801760.SI,965.2,971.46,931.48,942.33,7481430000,114270720000
2026-02-05,801760.SI,929.48,952.98,929.48,943.41,6715420000,98924960000
2026-02-06,801760.SI,933.34,949.0,915.62,935.44,6654140000,94718190000
2026-02-09,801760.SI,964.1,970.83,951.06,968.17,8240750000,113236200000
2026-02-10,801760.SI,982.07,1021.37,978.66,1009.48,12752130000,179995900000
2026-02-11,801760.SI,1010.45,1010.45,988.97,989.42,11721440000,168906520000
2026-02-12,801760.SI,981.21,990.65,965.13,982.3,8754320000,132168320000
2026-02-13,801760.SI,975.74,986.56,968.25,968.25,7950220000,120919810000
2026-02-24,801760.SI,963.92,963.92,930.16,937.28,6793670000,99657710000
2026-02-25,801760.SI,933.25,934.66,922.76,926.46,5808870000,84976440000
2026-02-26,801760.SI,927.81,927.81,911.25,912.99,5569040000,77145510000
2026-02-27,801760.SI,912.16,924.09,910.37,918.86,4848190000,74921840000
2026-03-02,801760.SI,896.13,902.16,876.04,882.26,6405430000,84481590000
2026-03-03,801760.SI,882.64,882.64,842.96,844.4,5507170000,71088270000
2026-03-04,801760.SI,834.54,848.03,833.2,837.29,3572920000,44399440000
2026-03-05,801760.SI,853.34,856.86,843.03,849.48,3832210000,47798190000
2026-03-06,801760.SI,844.99,855.45,844.99,854.77,2989600000,37580410000
2026-03-09,801760.SI,839.37,856.21,833.05,854.33,3997170000,52405320000
2026-03-10,801760.SI,864.03,874.3,856.24,862.85,4056220000,56169290000
2026-03-11,801760.SI,862.82,864.05,852.47,852.78,3511830000,49054060000
2026-03-12,801760.SI,850.32,850.56,838.43,841.69,3537830000,46521360000
2026-03-13,801760.SI,843.16,843.16,825.01,827.16,3528440000,46100310000
2026-03-16,801760.SI,824.57,831.99,819.64,831.97,3124610000,38884320000
2026-03-17,801760.SI,834.94,843.95,825.05,825.13,3072750000,39788000000
2026-03-18,801760.SI,828.3,833.66,821.02,833.19,2719650000,34844580000
2026-03-19,801760.SI,820.67,825.05,815.12,820.33,3118710000,44503760000
2026-03-20,801760.SI,820.67,823.0,795.87,795.87,3342670000,42490380000
2026-03-23,801760.SI,780.75,781.78,750.15,754.36,4058690000,46414650000
2026-03-24,801760.SI,767.56,772.26,753.77,772.26,3240400000,37502600000
2026-03-25,801760.SI,775.81,792.26,775.81,788.7,3036240000,38886570000
2026-03-26,801760.SI,787.61,790.73,772.11,774.49,2456460000,29972260000
2026-03-27,801760.SI,765.41,786.74,765.41,784.68,2381370000,28925470000
2026-03-30,801760.SI,772.05,783.13,766.2,783.08,2614760000,32240260000
2026-03-31,801760.SI,782.39,795.98,780.84,780.87,3175830000,39995720000
2026-04-01,801760.SI,796.56,804.13,790.1,803.84,3506800000,47082880000
2026-04-02,801760.SI,799.71,799.71,779.08,782.65,2989770000,38570650000
2026-04-03,801760.SI,788.25,788.25,763.13,764.51,2570540000,29575370000
2026-04-07,801760.SI,768.29,776.89,765.52,772.7,2343070000,28217380000
2026-04-08,801760.SI,791.93,823.11,791.93,823.11,5131580000,67337110000
2026-04-09,801760.SI,811.99,813.88,801.75,804.71,4698770000,62501790000
2026-04-10,801760.SI,810.18,821.68,809.29,812.84,4081200000,52509960000
2026-04-13,801760.SI,806.13,806.13,793.17,796.26,3737370000,49435880000
2026-04-14,801760.SI,805.69,807.92,798.28,806.78,4355790000,56501450000
2026-04-15,801760.SI,809.09,811.99,798.93,801.01,3651360000,48069320000
2026-04-16,801760.SI,805.09,822.29,805.09,821.32,4760880000,62372890000
2026-04-17,801760.SI,814.72,822.16,809.8,820.34,4782580000,59333860000
2026-04-20,801760.SI,818.44,836.45,818.44,829.58,4896640000,67828440000
2026-04-21,801760.SI,827.13,831.35,821.8,825.23,4528210000,59987150000
2026-04-22,801760.SI,820.83,821.21,811.91,821.04,4102530000,53805380000
2026-04-23,801760.SI,820.91,823.93,811.75,814.89,4894930000,63930780000
2026-04-24,801760.SI,806.44,806.44,789.08,798.25,5055640000,62569000000
2026-04-27,801760.SI,795.25,802.5,788.71,800.88,4473080000,51578880000
2026-04-28,801760.SI,797.74,803.06,790.81,793.02,4239710000,52239450000
2026-04-29,801760.SI,796.07,814.97,796.07,811.06,4453490000,54818370000
2026-04-30,801760.SI,805.38,806.9,796.67,798.3,4403830000,52570220000
2026-05-06,801760.SI,805.76,821.84,805.76,815.99,5243650000,66517720000
2026-05-07,801760.SI,817.48,837.31,813.41,836.25,5696250000,77750380000
2026-05-08,801760.SI,840.36,850.44,834.7,834.91,5666940000,79972500000
2026-05-11,801760.SI,835.32,836.32,823.73,828.21,5494170000,73521890000
2026-05-12,801760.SI,826.16,829.56,812.82,816.53,4815650000,62276560000
2026-05-13,801760.SI,813.01,826.37,812.11,825.38,4364850000,58809030000
2026-05-14,801760.SI,832.7,834.79,791.54,791.54,4918380000,64847670000
2026-05-15,801760.SI,793.44,809.53,791.33,796.31,4572810000,61766400000
2026-05-18,801760.SI,790.62,799.76,788.27,794.1,4661000000,58419630000
2026-05-19,801760.SI,792.56,813.07,792.56,806.14,5332370000,67956240000
2026-05-20,801760.SI,799.68,800.05,784.67,786.72,4875250000,58056380000
2026-05-21,801760.SI,788.42,798.17,765.06,766.48,4933520000,58789850000
2026-05-22,801760.SI,768.42,768.42,756.22,764.25,3999340000,45396050000
2026-05-25,801760.SI,768.73,774.57,750.99,757.52,4212760000,49448900000
2026-05-26,801760.SI,751.3,754.16,741.9,751.57,4494180000,52107940000
2026-05-27,801760.SI,755.53,767.62,741.2,743.52,4525090000,52450270000
2026-05-28,801760.SI,740.16,744.08,727.53,739.25,4288080000,48927710000
2026-05-29,801760.SI,743.25,749.42,735.95,738.98,4647820000,56370410000
2026-06-01,801760.SI,740.43,769.97,740.43,763.5,5307860000,66591600000
2026-06-02,801760.SI,762.99,762.99,735.31,740.28,4652440000,56783250000
2026-06-03,801760.SI,732.45,738.75,724.0,729.44,4200930000,49614160000
2026-06-04,801760.SI,722.35,722.35,710.81,715.68,3892930000,42724400000
2026-06-05,801760.SI,720.01,727.28,717.22,719.46,4136510000,48312630000
2026-06-08,801760.SI,703.18,720.53,696.72,703.7,4203770000,47576520000
2026-06-09,801760.SI,709.95,716.54,700.26,711.28,4080570000,46297320000
2026-06-10,801760.SI,703.78,714.66,699.26,703.66,4440840000,49204490000
2026-06-11,801760.SI,697.43,697.43,676.51,679.15,4091570000,42599150000
2026-06-12,801760.SI,684.72,693.29,677.24,682.61,4977140000,53591130000
2026-06-15,801760.SI,688.12,698.43,683.9,692.82,4116040000,45226730000
2026-06-16,801760.SI,690.23,690.65,681.03,687.17,3943090000,41302980000
2026-06-17,801760.SI,682.75,682.75,670.78,675.15,3514700000,35944250000
2026-06-18,801760.SI,673.73,687.71,666.54,679.11,3833540000,45974700000
2026-06-22,801760.SI,674.41,698.04,674.41,697.81,4657510000,55436630000
2026-06-23,801760.SI,692.22,698.08,678.26,680.68,4365540000,49083490000
2026-06-24,801760.SI,678.57,682.44,665.75,674.74,3686560000,40318260000
2026-06-25,801760.SI,669.96,678.5,669.53,674.12,4162900000,46598130000
2026-06-26,801760.SI,670.4,672.57,648.7,655.54,4283760000,46291870000
2026-06-29,801760.SI,656.48,668.83,650.89,660.15,4340300000,47283360000
2026-06-30,801760.SI,659.62,666.23,650.92,665.97,3805100000,40144680000
2026-07-01,801760.SI,665.34,681.09,657.96,672.65,4484600000,48106820000
2026-07-02,801760.SI,679.46,691.53,675.31,680.49,5106720000,61110210000
2026-07-03,801760.SI,676.38,682.22,661.93,668.26,4601920000,51487100000
2026-07-06,801760.SI,666.31,676.54,663.1,663.45,4201950000,45489110000
2026-07-07,801760.SI,662.1,680.94,660.1,662.9,4471120000,51027780000
2026-07-08,801760.SI,662.1,666.61,648.38,660.19,4060750000,46032080000
2026-07-09,801760.SI,654.03,671.0,650.53,664.39,4546250000,50507070000
2026-07-10,801760.SI,657.82,694.89,657.82,681.69,6498840000,70686630000
2026-07-13,801760.SI,676.08,679.87,648.84,651.27,5128840000,51443420000
2026-07-14,801760.SI,649.56,649.58,629.08,643.29,3914230000,39836480000
2026-07-15,801760.SI,642.99,670.82,642.99,667.06,4635270000,49165660000
2026-07-16,801760.SI,664.52,684.68,659.9,678.16,5218420000,56974060000
2026-07-17,801760.SI,675.34,685.98,642.25,643.12,5657234000,59420390500
