trade_date,wind_code,open,high,low,close,volume,amt
2014-01-02,801080.SI,1716.55,1781.02,1715.45,1777.25,1183290000,14397830000
2014-01-03,801080.SI,1773.33,1803.63,1773.26,1787.51,1348550000,16983660000
2014-01-06,801080.SI,1785.07,1785.15,1746.49,1748.58,1255710000,14398240000
2014-01-07,801080.SI,1741.51,1775.57,1739.95,1775.57,997790000,11602650000
2014-01-08,801080.SI,1777.52,1806.65,1777.32,1803.61,1230650000,15113170000
2014-01-09,801080.SI,1798.18,1807.17,1761.29,1761.29,1229960000,14544510000
2014-01-10,801080.SI,1751.48,1757.51,1710.16,1716.74,987160000,11918840000
2014-01-13,801080.SI,1714.08,1720.76,1696.52,1711.02,830990000,10329680000
2014-01-14,801080.SI,1710.24,1758.66,1707.81,1758.66,988860000,12124060000
2014-01-15,801080.SI,1758.20,1795.56,1758.15,1795.21,1175600000,15703240000
2014-01-16,801080.SI,1796.33,1809.87,1779.06,1783.28,1114610000,14624180000
2014-01-17,801080.SI,1776.43,1781.29,1763.74,1767.53,964000000,13161140000
2014-01-20,801080.SI,1760.45,1777.02,1732.84,1743.01,880060000,11367910000
2014-01-21,801080.SI,1740.05,1778.44,1739.73,1778.44,1001750000,12956790000
2014-01-22,801080.SI,1777.21,1811.62,1776.70,1811.62,1232840000,15664800000
2014-01-23,801080.SI,1810.46,1829.95,1807.68,1823.47,1189600000,15385120000
2014-01-24,801080.SI,1817.89,1854.08,1817.19,1851.85,1283620000,16791370000
2014-01-27,801080.SI,1847.21,1872.45,1840.56,1853.95,1511350000,17086230000
2014-01-28,801080.SI,1850.72,1858.92,1807.84,1820.01,1032230000,12964950000
2014-01-29,801080.SI,1817.39,1833.96,1815.28,1832.40,867060000,11330510000
2014-01-30,801080.SI,1827.58,1830.86,1811.72,1816.27,930240000,11482570000
2014-02-07,801080.SI,1803.29,1882.79,1800.96,1882.79,1240470000,14766380000
2014-02-10,801080.SI,1894.63,1944.53,1894.63,1942.11,1826030000,22485080000
2014-02-11,801080.SI,1945.06,1956.48,1905.54,1936.12,1732440000,21316160000
2014-02-12,801080.SI,1937.71,1970.42,1930.42,1970.42,1660750000,20957470000
2014-02-13,801080.SI,1967.59,1981.50,1935.78,1935.78,1827880000,22240050000
2014-02-14,801080.SI,1931.81,1966.59,1921.36,1966.59,1324600000,16641740000
2014-02-17,801080.SI,1973.13,2007.33,1964.56,2007.33,1779860000,23141080000
2014-02-18,801080.SI,2010.79,2021.06,1993.53,2010.00,1869160000,24708020000
2014-02-19,801080.SI,2009.15,2014.86,1981.21,1992.17,1796850000,20785070000
2014-02-20,801080.SI,1995.77,1998.12,1945.37,1963.06,2041340000,21021520000
2014-02-21,801080.SI,1960.59,1972.43,1932.93,1955.02,1436970000,16401770000
2014-02-24,801080.SI,1951.34,1995.45,1941.99,1995.44,1820790000,18605990000
2014-02-25,801080.SI,1997.78,2005.13,1867.86,1880.02,2314850000,25814730000
2014-02-26,801080.SI,1860.78,1877.01,1820.76,1877.01,1630800000,16589330000
2014-02-27,801080.SI,1880.63,1916.36,1833.05,1834.29,1600470000,17762280000
2014-02-28,801080.SI,1830.52,1860.37,1803.79,1859.90,1294420000,14029590000
2014-03-03,801080.SI,1861.60,1896.59,1857.01,1896.43,1329760000,15049010000
2014-03-04,801080.SI,1889.53,1897.57,1866.52,1891.69,1348000000,15739030000
2014-03-05,801080.SI,1901.58,1909.95,1886.57,1891.42,1152840000,14792470000
2014-03-06,801080.SI,1886.01,1888.93,1860.31,1886.55,1061280000,13422930000
2014-03-07,801080.SI,1886.46,1898.74,1866.19,1875.40,1078590000,13552710000
2014-03-10,801080.SI,1857.26,1857.42,1785.43,1790.97,1188240000,13028030000
2014-03-11,801080.SI,1782.15,1810.81,1774.57,1792.89,927500000,10695360000
2014-03-12,801080.SI,1788.81,1810.18,1759.21,1793.24,908160000,10643180000
2014-03-13,801080.SI,1797.24,1827.23,1796.94,1827.15,838510000,9938560000
2014-03-14,801080.SI,1817.79,1834.51,1810.84,1827.00,845620000,9776980000
2014-03-17,801080.SI,1828.49,1868.99,1826.14,1868.99,932640000,11312690000
2014-03-18,801080.SI,1870.13,1882.55,1864.10,1868.45,958040000,12293960000
2014-03-19,801080.SI,1864.60,1865.10,1835.57,1852.00,988730000,11898100000
2014-03-20,801080.SI,1848.47,1859.04,1787.92,1787.92,1103180000,12060640000
2014-03-21,801080.SI,1775.57,1818.12,1757.02,1816.34,1046600000,11054640000
2014-03-24,801080.SI,1815.50,1819.99,1801.44,1813.99,854370000,9396930000
2014-03-25,801080.SI,1807.80,1823.22,1805.38,1818.62,864050000,8852830000
2014-03-26,801080.SI,1821.51,1851.94,1820.13,1843.09,881820000,10216220000
2014-03-27,801080.SI,1839.92,1839.99,1793.72,1793.72,873740000,10599730000
2014-03-28,801080.SI,1786.91,1793.61,1734.75,1742.22,972600000,10957130000
2014-03-31,801080.SI,1738.49,1752.25,1724.08,1736.34,644090000,7185870000
2014-04-01,801080.SI,1733.95,1785.80,1733.57,1785.51,729590000,8812190000
2014-04-02,801080.SI,1790.46,1798.20,1776.45,1785.10,753190000,9913360000
2014-04-03,801080.SI,1782.65,1803.86,1780.83,1791.56,678300000,8419760000
2014-04-04,801080.SI,1790.54,1822.68,1786.52,1822.08,797100000,9938140000
2014-04-08,801080.SI,1811.48,1830.11,1801.58,1830.08,870270000,10277680000
2014-04-09,801080.SI,1829.00,1858.64,1828.99,1856.87,936530000,11757490000
2014-04-10,801080.SI,1859.57,1889.86,1859.57,1873.48,1277470000,15960530000
2014-04-11,801080.SI,1860.17,1862.36,1840.54,1859.06,942270000,11735560000
2014-04-14,801080.SI,1857.74,1871.57,1857.73,1869.50,795320000,10121170000
2014-04-15,801080.SI,1868.56,1870.18,1848.78,1854.75,1049320000,10807120000
2014-04-16,801080.SI,1848.13,1854.80,1835.11,1854.80,719950000,8499690000
2014-04-17,801080.SI,1857.84,1880.80,1857.61,1876.30,841930000,10970090000
2014-04-18,801080.SI,1872.07,1886.77,1864.87,1884.51,764180000,9906410000
2014-04-21,801080.SI,1868.40,1902.17,1860.09,1862.69,899550000,11719930000
2014-04-22,801080.SI,1857.59,1865.58,1801.13,1831.40,869510000,11060780000
2014-04-23,801080.SI,1829.50,1842.47,1817.19,1827.00,555320000,7356520000
2014-04-24,801080.SI,1824.56,1827.27,1801.75,1809.61,613030000,7742190000
2014-04-25,801080.SI,1804.32,1812.02,1762.48,1762.56,700470000,8184230000
2014-04-28,801080.SI,1750.99,1751.68,1701.81,1703.35,770120000,8163170000
2014-04-29,801080.SI,1700.73,1738.39,1700.73,1737.82,553100000,6675850000
2014-04-30,801080.SI,1735.00,1756.48,1732.62,1756.48,526530000,6168040000
2014-05-05,801080.SI,1752.58,1794.09,1750.16,1794.09,552560000,7076060000
2014-05-06,801080.SI,1795.00,1836.27,1793.84,1817.22,812330000,11420820000
2014-05-07,801080.SI,1811.38,1816.78,1786.81,1789.24,720290000,9274530000
2014-05-08,801080.SI,1781.34,1813.08,1777.45,1783.54,673320000,8359870000
2014-05-09,801080.SI,1782.83,1785.25,1746.29,1768.08,695790000,8767750000
2014-05-12,801080.SI,1778.53,1809.68,1768.13,1809.65,756840000,8900710000
2014-05-13,801080.SI,1806.42,1814.23,1794.56,1802.40,638290000,8015460000
2014-05-14,801080.SI,1798.42,1805.91,1792.31,1803.46,559100000,6740120000
2014-05-15,801080.SI,1800.13,1805.14,1758.24,1759.54,661740000,8580310000
2014-05-16,801080.SI,1753.88,1758.64,1731.57,1756.67,629730000,7281870000
2014-05-19,801080.SI,1750.15,1750.45,1724.92,1740.17,503030000,6007050000
2014-05-20,801080.SI,1752.44,1772.84,1745.08,1749.82,547440000,6786790000
2014-05-21,801080.SI,1745.63,1776.35,1730.33,1776.35,592780000,6956820000
2014-05-22,801080.SI,1777.24,1801.21,1774.01,1775.35,745380000,8759170000
2014-05-23,801080.SI,1773.18,1792.13,1768.02,1792.04,560310000,6853820000
2014-05-26,801080.SI,1800.79,1812.95,1800.66,1811.22,756870000,9595220000
2014-05-27,801080.SI,1810.20,1819.61,1804.45,1809.57,772960000,9421180000
2014-05-28,801080.SI,1808.51,1839.38,1804.02,1839.38,996050000,12244170000
2014-05-29,801080.SI,1841.87,1846.15,1814.17,1815.17,941170000,11251650000
2014-05-30,801080.SI,1812.08,1835.00,1802.15,1828.41,824370000,10115590000
2014-06-03,801080.SI,1830.89,1839.68,1820.74,1821.16,725060000,9063150000
2014-06-04,801080.SI,1818.15,1818.98,1785.55,1803.39,712560000,8289010000
2014-06-05,801080.SI,1800.18,1822.13,1797.16,1822.13,718140000,8552760000
2014-06-06,801080.SI,1821.63,1836.92,1813.73,1824.67,772850000,9495550000
2014-06-09,801080.SI,1821.63,1827.02,1808.06,1809.94,648150000,8175750000
2014-06-10,801080.SI,1810.26,1844.13,1801.93,1844.13,841940000,10630070000
2014-06-11,801080.SI,1843.78,1858.07,1840.57,1856.73,866780000,10842480000
2014-06-12,801080.SI,1853.29,1854.89,1840.26,1847.93,785930000,10026030000
2014-06-13,801080.SI,1844.46,1884.00,1844.46,1878.98,1110160000,14001090000
2014-06-16,801080.SI,1878.92,1890.58,1876.54,1888.88,1009770000,12233000000
2014-06-17,801080.SI,1887.39,1887.69,1867.40,1868.06,975260000,11510970000
2014-06-18,801080.SI,1866.59,1876.38,1863.63,1868.22,1045430000,11008310000
2014-06-19,801080.SI,1867.56,1871.10,1794.77,1808.12,1059640000,11385410000
2014-06-20,801080.SI,1805.62,1829.87,1803.45,1828.76,911720000,8351650000
2014-06-23,801080.SI,1831.65,1852.28,1831.59,1845.63,947400000,10577130000
2014-06-24,801080.SI,1844.76,1852.13,1839.29,1852.13,828510000,9414560000
2014-06-25,801080.SI,1856.81,1858.78,1839.02,1844.69,912930000,10374820000
2014-06-26,801080.SI,1843.82,1878.51,1843.74,1876.29,1052430000,12907370000
2014-06-27,801080.SI,1876.86,1890.19,1871.73,1880.72,1085120000,12931310000
2014-06-30,801080.SI,1882.52,1906.48,1876.51,1906.48,1145480000,13520250000
2014-07-01,801080.SI,1905.46,1910.35,1898.15,1910.35,1138110000,13923080000
2014-07-02,801080.SI,1911.48,1922.09,1901.18,1921.90,1296620000,15426010000
2014-07-03,801080.SI,1920.07,1939.24,1915.25,1937.05,1327320000,16231240000
2014-07-04,801080.SI,1935.58,1937.56,1925.83,1932.52,1100340000,13662180000
2014-07-07,801080.SI,1930.70,1935.00,1906.25,1913.75,1125340000,14343160000
2014-07-08,801080.SI,1909.76,1925.25,1893.58,1925.25,1138500000,14690540000
2014-07-09,801080.SI,1920.42,1926.02,1892.40,1892.90,1263360000,16273290000
2014-07-10,801080.SI,1891.30,1897.71,1866.95,1870.92,1155630000,15298070000
2014-07-11,801080.SI,1868.81,1891.25,1867.61,1888.39,1127100000,13855120000
2014-07-14,801080.SI,1891.72,1915.29,1889.86,1915.29,1227320000,14426720000
2014-07-15,801080.SI,1914.80,1921.20,1890.61,1904.77,1203440000,14309500000
2014-07-16,801080.SI,1901.83,1905.61,1861.25,1870.23,1054900000,12618970000
2014-07-17,801080.SI,1867.91,1870.91,1851.18,1865.33,816170000,9199980000
2014-07-18,801080.SI,1859.66,1874.27,1856.99,1863.32,762370000,8896760000
2014-07-21,801080.SI,1864.39,1865.83,1849.00,1857.96,739020000,9254340000
2014-07-22,801080.SI,1855.09,1883.91,1853.93,1883.51,874850000,10621070000
2014-07-23,801080.SI,1882.27,1882.27,1846.45,1851.48,918500000,10790550000
2014-07-24,801080.SI,1849.42,1850.97,1813.81,1828.37,1068770000,11065420000
2014-07-25,801080.SI,1826.48,1844.48,1826.41,1844.32,892750000,9524000000
2014-07-28,801080.SI,1848.25,1876.60,1847.97,1876.17,1218600000,12352210000
2014-07-29,801080.SI,1880.18,1914.82,1877.58,1908.69,1544900000,16899690000
2014-07-30,801080.SI,1907.70,1917.76,1899.55,1915.26,1232810000,13988610000
2014-07-31,801080.SI,1915.97,1936.13,1914.22,1936.08,1241190000,14402900000
2014-08-01,801080.SI,1929.13,1940.02,1904.08,1904.47,1303370000,14908580000
2014-08-04,801080.SI,1908.31,1926.71,1908.22,1926.71,1008810000,11670970000
2014-08-05,801080.SI,1930.91,1950.05,1918.21,1950.05,1269370000,15253720000
2014-08-06,801080.SI,1948.77,1977.09,1943.72,1972.56,1448420000,16512830000
2014-08-07,801080.SI,1973.22,1990.77,1966.13,1966.85,1469180000,17030980000
2014-08-08,801080.SI,1967.53,1985.13,1967.31,1982.42,1082670000,13495310000
2014-08-11,801080.SI,1986.91,2014.42,1986.76,2014.42,1337400000,16001720000
2014-08-12,801080.SI,2016.78,2037.86,2015.84,2037.86,1567030000,18900760000
2014-08-13,801080.SI,2044.17,2058.99,2019.90,2058.99,1711370000,22213530000
2014-08-14,801080.SI,2059.72,2074.95,2047.34,2049.79,1672710000,21977560000
2014-08-15,801080.SI,2052.05,2087.64,2048.49,2079.41,1718340000,22085270000
2014-08-18,801080.SI,2083.71,2110.09,2083.71,2110.09,1680270000,22586690000
2014-08-19,801080.SI,2111.70,2123.75,2095.96,2112.37,2012010000,25633220000
2014-08-20,801080.SI,2111.65,2119.34,2095.49,2106.32,1663550000,21918080000
2014-08-21,801080.SI,2107.84,2110.06,2084.51,2110.02,1642210000,21118710000
2014-08-22,801080.SI,2107.66,2122.74,2102.97,2120.82,1433530000,19601050000
2014-08-25,801080.SI,2123.00,2123.76,2098.25,2106.49,1384130000,18793380000
2014-08-26,801080.SI,2105.31,2114.61,2064.74,2074.59,1417090000,19765560000
2014-08-27,801080.SI,2072.66,2093.84,2071.71,2086.50,1106370000,15890640000
2014-08-28,801080.SI,2084.96,2093.86,2062.16,2069.33,1072170000,15323700000
2014-08-29,801080.SI,2070.58,2111.67,2070.58,2111.67,1099210000,16023450000
2014-09-01,801080.SI,2115.05,2154.72,2115.02,2154.72,1435690000,20479090000
2014-09-02,801080.SI,2164.00,2183.80,2158.97,2183.80,1859180000,26651220000
2014-09-03,801080.SI,2185.36,2197.99,2172.46,2189.38,1864840000,26528780000
2014-09-04,801080.SI,2188.41,2203.12,2179.28,2201.34,1852110000,25606270000
2014-09-05,801080.SI,2207.89,2210.14,2185.40,2209.24,1789140000,23902050000
2014-09-09,801080.SI,2209.74,2218.00,2191.35,2218.00,1720890000,22103760000
2014-09-10,801080.SI,2207.51,2218.10,2194.21,2213.88,1879320000,24445260000
2014-09-11,801080.SI,2213.87,2235.04,2193.71,2208.86,1951090000,25526720000
2014-09-12,801080.SI,2207.86,2226.90,2199.08,2226.90,1666460000,20584180000
2014-09-15,801080.SI,2227.97,2246.53,2220.25,2245.21,1737350000,22968120000
2014-09-16,801080.SI,2249.67,2250.89,2154.76,2156.50,2494790000,28304730000
2014-09-17,801080.SI,2157.06,2169.14,2121.59,2157.20,1442500000,17019580000
2014-09-18,801080.SI,2153.75,2169.16,2147.43,2167.12,1168500000,12932170000
2014-09-19,801080.SI,2169.41,2189.51,2164.09,2189.05,1176680000,14030520000
2014-09-22,801080.SI,2186.16,2186.24,2159.60,2166.81,1339780000,16420640000
2014-09-23,801080.SI,2166.74,2197.88,2166.74,2197.63,1215640000,15650060000
2014-09-24,801080.SI,2192.79,2225.51,2190.03,2225.51,1501290000,19196510000
2014-09-25,801080.SI,2227.46,2241.33,2214.01,2221.73,1662040000,21060600000
2014-09-26,801080.SI,2213.11,2222.97,2201.79,2218.41,1404650000,16664160000
2014-09-29,801080.SI,2221.85,2236.03,2220.69,2232.68,1539130000,20391940000
2014-09-30,801080.SI,2237.65,2264.85,2235.66,2262.06,1612170000,21086500000
2014-10-08,801080.SI,2267.92,2284.24,2249.21,2284.24,1813040000,24044370000
2014-10-09,801080.SI,2285.70,2293.57,2258.47,2293.57,2105230000,26136400000
2014-10-10,801080.SI,2286.34,2295.04,2266.95,2281.84,2325690000,23701000000
2014-10-13,801080.SI,2268.45,2268.50,2232.01,2265.48,1725630000,20745190000
2014-10-14,801080.SI,2261.17,2277.59,2241.15,2253.53,1558220000,18309040000
2014-10-15,801080.SI,2253.67,2265.63,2232.55,2265.63,1551510000,18372730000
2014-10-16,801080.SI,2256.36,2269.53,2222.58,2222.58,1691840000,20432900000
2014-10-17,801080.SI,2220.45,2233.05,2170.71,2215.14,1626910000,20068830000
2014-10-20,801080.SI,2219.50,2248.33,2218.92,2248.33,1152020000,15048770000
2014-10-21,801080.SI,2253.33,2261.36,2232.96,2234.70,1257920000,16914870000
2014-10-22,801080.SI,2237.01,2245.17,2206.30,2207.05,1164920000,15972710000
2014-10-23,801080.SI,2200.80,2206.07,2161.63,2166.55,1179480000,14688120000
2014-10-24,801080.SI,2166.79,2184.84,2163.78,2172.19,915230000,12137460000
2014-10-27,801080.SI,2166.87,2188.70,2156.07,2188.70,881840000,11558750000
2014-10-28,801080.SI,2192.50,2241.71,2191.88,2241.20,1251210000,16884980000
2014-10-29,801080.SI,2247.80,2271.11,2244.33,2262.98,1594860000,21560990000
2014-10-30,801080.SI,2261.15,2271.74,2251.14,2260.33,1563020000,18733880000
2014-10-31,801080.SI,2261.33,2265.72,2225.93,2242.68,1508290000,17887350000
2014-11-03,801080.SI,2243.81,2259.46,2242.77,2259.46,1521770000,16803450000
2014-11-04,801080.SI,2258.82,2258.89,2234.63,2244.08,1626820000,18623790000
2014-11-05,801080.SI,2238.75,2241.67,2225.43,2232.64,1191500000,14273570000
2014-11-06,801080.SI,2231.75,2255.06,2227.29,2254.95,1164720000,14551960000
2014-11-07,801080.SI,2258.16,2262.87,2220.85,2225.76,1366580000,17918330000
2014-11-10,801080.SI,2226.87,2230.74,2210.82,2226.51,1212980000,14789500000
2014-11-11,801080.SI,2227.74,2228.26,2131.83,2148.95,1657230000,19777560000
2014-11-12,801080.SI,2143.45,2177.87,2141.68,2177.87,1022880000,12752880000
2014-11-13,801080.SI,2175.43,2175.51,2120.87,2135.73,1319460000,15686700000
2014-11-14,801080.SI,2128.53,2141.92,2123.23,2139.20,1223950000,12941850000
2014-11-17,801080.SI,2140.03,2176.58,2134.36,2167.36,1193960000,13893660000
2014-11-18,801080.SI,2165.80,2176.38,2160.77,2171.07,940040000,12229840000
2014-11-19,801080.SI,2171.21,2197.15,2170.42,2191.65,1236810000,15892900000
2014-11-20,801080.SI,2185.10,2187.00,2175.79,2181.41,1161290000,14186260000
2014-11-21,801080.SI,2184.45,2200.48,2184.41,2196.64,1314180000,17446750000
2014-11-24,801080.SI,2211.03,2216.12,2199.91,2213.97,1607540000,20362640000
2014-11-25,801080.SI,2213.91,2249.31,2213.28,2249.31,1621060000,21322210000
2014-11-26,801080.SI,2251.18,2258.08,2240.51,2257.67,1512160000,20253510000
2014-11-27,801080.SI,2262.03,2268.19,2248.47,2267.79,1749010000,22094520000
2014-11-28,801080.SI,2269.58,2276.92,2247.61,2263.29,1877940000,23255310000
2014-12-01,801080.SI,2265.21,2265.27,2211.00,2221.88,1876260000,21795250000
2014-12-02,801080.SI,2217.89,2247.54,2217.39,2240.58,1612810000,19047590000
2014-12-03,801080.SI,2241.26,2270.75,2219.24,2270.75,2489630000,27535730000
2014-12-04,801080.SI,2273.94,2296.57,2273.90,2293.59,2289240000,26613700000
2014-12-05,801080.SI,2296.38,2296.50,2191.58,2236.29,2799820000,28838110000
2014-12-08,801080.SI,2227.65,2247.58,2211.44,2238.31,2510280000,27308270000
2014-12-09,801080.SI,2231.16,2231.43,2138.89,2141.69,3138220000,32487370000
2014-12-10,801080.SI,2140.25,2207.99,2135.22,2207.99,2075600000,22156150000
2014-12-11,801080.SI,2202.01,2224.25,2191.41,2224.25,1971550000,21778080000
2014-12-12,801080.SI,2225.46,2248.49,2224.73,2248.49,1563510000,18919810000
2014-12-15,801080.SI,2240.98,2277.86,2238.47,2276.51,1642120000,20753320000
2014-12-16,801080.SI,2277.53,2284.44,2254.96,2266.55,1726790000,18909000000
2014-12-17,801080.SI,2263.01,2263.01,2207.49,2221.75,1693310000,19752950000
2014-12-18,801080.SI,2218.42,2233.95,2217.84,2220.89,1343820000,15826770000
2014-12-19,801080.SI,2216.59,2216.61,2150.32,2175.28,1557690000,17705200000
2014-12-22,801080.SI,2163.70,2163.91,2055.17,2061.89,2049920000,20285800000
2014-12-23,801080.SI,2055.98,2086.45,2040.23,2043.35,1478200000,13510230000
2014-12-24,801080.SI,2051.07,2085.88,2050.20,2085.88,1215400000,12577240000
2014-12-25,801080.SI,2091.67,2104.96,2088.37,2104.96,1066170000,11942890000
2014-12-26,801080.SI,2106.43,2106.43,2091.45,2102.01,1220400000,12792480000
2014-12-29,801080.SI,2101.34,2101.57,2048.79,2058.26,1500640000,15513610000
2014-12-30,801080.SI,2051.93,2055.55,2014.38,2018.52,1224330000,13257960000
2014-12-31,801080.SI,2018.42,2039.98,2011.00,2039.83,1092360000,11928490000
2015-01-05,801080.SI,2040.71,2052.59,2011.60,2050.59,1542720000,15966190000
2015-01-06,801080.SI,2037.61,2102.68,2030.47,2101.89,1723920000,19808680000
2015-01-07,801080.SI,2100.07,2101.23,2071.57,2085.99,1224160000,14235040000
2015-01-08,801080.SI,2083.31,2104.32,2079.96,2089.58,1180300000,13441970000
2015-01-09,801080.SI,2086.80,2121.12,2085.70,2086.54,1412640000,17152940000
2015-01-12,801080.SI,2081.04,2085.40,2059.14,2073.63,1255510000,15042170000
2015-01-13,801080.SI,2073.09,2135.05,2072.90,2129.66,1315660000,19163230000
2015-01-14,801080.SI,2133.13,2138.52,2115.99,2123.49,1177540000,16027620000
2015-01-15,801080.SI,2121.99,2136.58,2119.09,2128.34,1043410000,13328160000
2015-01-16,801080.SI,2128.89,2159.15,2127.39,2153.22,1279930000,16288500000
2015-01-19,801080.SI,2112.74,2173.55,2081.53,2104.98,1727690000,21295100000
2015-01-20,801080.SI,2115.16,2192.55,2115.03,2192.55,1702510000,23202460000
2015-01-21,801080.SI,2199.96,2227.50,2199.79,2227.50,1828370000,25941400000
2015-01-22,801080.SI,2227.58,2270.43,2224.14,2270.43,1733480000,24320510000
2015-01-23,801080.SI,2273.42,2273.42,2233.12,2239.13,1651110000,22698050000
2015-01-26,801080.SI,2242.71,2277.59,2242.71,2277.59,1487420000,20015120000
2015-01-27,801080.SI,2279.15,2286.86,2252.90,2285.44,1663960000,21821670000
2015-01-28,801080.SI,2285.38,2303.57,2276.23,2282.29,1468540000,21169440000
2015-01-29,801080.SI,2271.70,2283.72,2263.25,2269.89,1578170000,19508890000
2015-01-30,801080.SI,2269.87,2276.85,2243.53,2243.59,1316740000,16945640000
2015-02-02,801080.SI,2224.62,2259.08,2218.56,2247.57,1158140000,14816990000
2015-02-03,801080.SI,2255.24,2303.03,2254.93,2297.01,1512560000,21342330000
2015-02-04,801080.SI,2302.05,2308.18,2275.56,2276.01,1511480000,21206990000
2015-02-05,801080.SI,2285.59,2303.75,2267.80,2268.16,1642950000,22229880000
2015-02-06,801080.SI,2262.68,2269.09,2207.57,2215.62,1491740000,18955520000
2015-02-09,801080.SI,2209.41,2220.77,2190.12,2193.27,1202530000,14232970000
2015-02-10,801080.SI,2192.67,2220.86,2188.66,2220.86,1071660000,13426650000
2015-02-11,801080.SI,2224.53,2254.99,2223.77,2254.22,1407950000,16012700000
2015-02-12,801080.SI,2256.71,2277.00,2256.58,2272.72,1301880000,16376670000
2015-02-13,801080.SI,2282.83,2308.47,2282.44,2303.06,1498780000,20016150000
2015-02-16,801080.SI,2310.30,2370.39,2310.23,2370.39,1747700000,24826370000
2015-02-17,801080.SI,2375.50,2382.00,2357.64,2372.06,1336630000,19564550000
2015-02-25,801080.SI,2378.76,2393.87,2365.74,2373.33,1350650000,20324080000
2015-02-26,801080.SI,2371.38,2380.77,2357.58,2380.77,1332760000,18095940000
2015-02-27,801080.SI,2383.22,2408.80,2380.77,2408.80,1780890000,22913510000
2015-03-02,801080.SI,2417.67,2459.51,2409.42,2459.35,2411580000,32413000000
2015-03-03,801080.SI,2451.41,2477.26,2439.88,2441.32,2533470000,34793790000
2015-03-04,801080.SI,2443.18,2490.46,2443.18,2490.46,2414410000,30283980000
2015-03-05,801080.SI,2491.29,2519.19,2485.33,2518.60,2355820000,33933100000
2015-03-06,801080.SI,2525.90,2532.58,2473.42,2474.88,2259920000,33470050000
2015-03-09,801080.SI,2467.39,2506.40,2451.61,2506.38,1796520000,26152170000
2015-03-10,801080.SI,2512.42,2554.91,2512.23,2541.27,1955220000,29883440000
2015-03-11,801080.SI,2543.54,2544.75,2527.16,2538.11,1918760000,28259380000
2015-03-12,801080.SI,2541.75,2549.14,2496.51,2516.28,1780890000,26759170000
2015-03-13,801080.SI,2521.95,2547.56,2516.33,2547.56,1638470000,24009370000
2015-03-16,801080.SI,2560.70,2618.64,2560.38,2618.64,2727680000,39030650000
2015-03-17,801080.SI,2625.82,2667.67,2616.02,2656.30,3724810000,45949520000
2015-03-18,801080.SI,2658.39,2713.95,2653.42,2713.95,4336960000,47650720000
2015-03-19,801080.SI,2710.43,2718.20,2685.82,2712.26,3409110000,40907860000
2015-03-20,801080.SI,2714.34,2752.87,2713.89,2736.12,3122910000,40206370000
2015-03-23,801080.SI,2751.65,2802.06,2751.54,2801.99,3245180000,45757020000
2015-03-24,801080.SI,2810.79,2815.33,2710.34,2801.67,4075830000,55577180000
2015-03-25,801080.SI,2801.95,2883.85,2784.60,2868.80,3731280000,56293080000
2015-03-26,801080.SI,2859.61,2868.37,2793.24,2820.75,3041380000,46738490000
2015-03-27,801080.SI,2822.37,2861.34,2819.48,2854.09,2100390000,32783340000
2015-03-30,801080.SI,2857.49,2874.13,2845.23,2867.63,2746650000,39703380000
2015-03-31,801080.SI,2870.80,2922.56,2853.48,2899.87,2751220000,43049040000
2015-04-01,801080.SI,2908.51,2985.66,2908.36,2978.90,2921900000,47362650000
2015-04-02,801080.SI,2997.94,3056.43,2997.93,3056.43,3612870000,54248590000
2015-04-03,801080.SI,3064.74,3124.90,3048.53,3124.64,3263180000,57838310000
2015-04-07,801080.SI,3142.55,3179.83,3142.55,3179.83,3402280000,58425900000
2015-04-08,801080.SI,3191.29,3194.78,3081.53,3131.75,3566470000,60046920000
2015-04-09,801080.SI,3135.98,3135.98,2997.81,3099.94,3226630000,56245200000
2015-04-10,801080.SI,3100.63,3183.57,3089.13,3179.30,2964070000,50352310000
2015-04-13,801080.SI,3195.67,3256.37,3192.14,3251.48,3570420000,58048470000
2015-04-14,801080.SI,3259.68,3286.04,3213.91,3246.97,3855660000,60618750000
2015-04-15,801080.SI,3229.53,3229.56,3086.52,3088.58,4523340000,55819310000
2015-04-16,801080.SI,3048.61,3140.24,3008.80,3102.19,2888140000,40768230000
2015-04-17,801080.SI,3121.02,3132.35,3089.33,3102.46,4105550000,48727340000
2015-04-20,801080.SI,3090.19,3107.03,3036.85,3051.34,4477200000,52398010000
2015-04-21,801080.SI,3051.46,3169.73,3051.46,3169.66,3878620000,49992890000
2015-04-22,801080.SI,3184.40,3234.54,3184.40,3230.61,5062440000,62163870000
2015-04-23,801080.SI,3244.67,3275.77,3219.35,3260.49,5472310000,65422390000
2015-04-24,801080.SI,3234.83,3296.08,3212.93,3285.61,5011220000,65180180000
2015-04-27,801080.SI,3316.49,3337.69,3265.90,3284.70,4499750000,60941110000
2015-04-28,801080.SI,3280.58,3283.30,3134.66,3170.18,3907980000,54785530000
2015-04-29,801080.SI,3158.60,3261.08,3151.18,3260.16,3384100000,48432870000
2015-04-30,801080.SI,3267.89,3291.28,3251.68,3251.68,3048110000,47554530000
2015-05-04,801080.SI,3252.42,3291.82,3223.76,3291.82,3857650000,46449130000
2015-05-05,801080.SI,3291.42,3301.28,3193.68,3216.36,4064150000,50041360000
2015-05-06,801080.SI,3226.87,3298.08,3176.98,3202.40,3351790000,48182120000
2015-05-07,801080.SI,3183.48,3198.97,3127.77,3132.63,2787460000,38407720000
2015-05-08,801080.SI,3167.09,3283.40,3167.09,3283.40,3029500000,49058410000
2015-05-11,801080.SI,3321.64,3434.27,3313.52,3432.03,3677530000,63821020000
2015-05-12,801080.SI,3449.14,3494.27,3410.95,3493.46,3684620000,68567770000
2015-05-13,801080.SI,3461.99,3546.68,3428.51,3511.73,3805850000,66597770000
2015-05-14,801080.SI,3515.68,3566.27,3510.24,3552.28,3789250000,58849820000
2015-05-15,801080.SI,3537.55,3556.16,3476.30,3524.91,3319680000,55995410000
2015-05-18,801080.SI,3517.70,3624.77,3512.53,3617.56,3107930000,56846760000
2015-05-19,801080.SI,3627.05,3705.62,3604.67,3703.14,3116570000,58715720000
2015-05-20,801080.SI,3726.99,3863.28,3726.91,3790.73,4188650000,77007880000
2015-05-21,801080.SI,3813.04,3952.78,3813.04,3952.78,3577080000,69355920000
2015-05-22,801080.SI,4015.91,4040.65,3896.14,3978.40,5253590000,83632210000
2015-05-25,801080.SI,3947.76,4080.21,3916.61,4079.05,5010120000,79469740000
2015-05-26,801080.SI,4132.86,4267.88,4132.86,4267.05,6015980000,93281640000
2015-05-27,801080.SI,4298.89,4360.99,4213.49,4336.90,6010550000,97274100000
2015-05-28,801080.SI,4353.15,4466.20,4147.90,4148.51,8708490000,117908960000
2015-05-29,801080.SI,4154.39,4298.20,3989.85,4231.17,6348100000,92407860000
2015-06-01,801080.SI,4291.83,4476.12,4291.83,4476.06,5489150000,86246450000
2015-06-02,801080.SI,4536.02,4658.57,4512.89,4658.57,5522500000,100194390000
2015-06-03,801080.SI,4694.56,4714.72,4532.29,4653.95,5042920000,96673460000
2015-06-04,801080.SI,4658.50,4660.88,4344.34,4609.19,5023640000,94234660000
2015-06-05,801080.SI,4669.84,4713.13,4558.51,4639.67,4813240000,91329000000
2015-06-08,801080.SI,4627.24,4627.24,4468.01,4518.43,4782980000,82395910000
2015-06-09,801080.SI,4496.91,4579.07,4481.77,4549.63,3894890000,65829560000
2015-06-10,801080.SI,4535.98,4731.04,4502.92,4686.79,4267290000,77744020000
2015-06-11,801080.SI,4694.79,4762.08,4393.96,4762.08,3704810000,71829740000
2015-06-12,801080.SI,4801.07,4855.40,4793.34,4832.46,4520720000,83967700000
2015-06-15,801080.SI,4852.12,4854.98,4711.78,4720.79,5295450000,95704860000
2015-06-16,801080.SI,4661.15,4661.15,4469.97,4510.65,4508770000,84188030000
2015-06-17,801080.SI,4501.30,4612.52,4362.97,4594.63,3732560000,70913870000
2015-06-18,801080.SI,4591.08,4630.29,4416.80,4425.52,2130780000,60411890000
2015-06-19,801080.SI,4322.33,4388.75,4168.59,4178.26,4857920000,68745740000
2015-06-23,801080.SI,4187.89,4260.08,3940.43,4260.08,4099750000,65668660000
2015-06-24,801080.SI,4306.60,4380.05,4233.12,4374.11,6112670000,81142010000
2015-06-25,801080.SI,4386.90,4387.06,4118.64,4177.51,5082790000,74084950000
2015-06-26,801080.SI,4027.37,4039.94,3804.39,3811.03,4430990000,59427200000
2015-06-29,801080.SI,3899.42,3899.42,3487.32,3563.21,4797900000,63612340000
2015-06-30,801080.SI,3471.24,3754.24,3320.74,3748.43,5256710000,72739680000
2015-07-01,801080.SI,3713.58,3865.29,3532.01,3549.41,4592490000,71137580000
2015-07-02,801080.SI,3545.04,3565.11,3292.23,3325.56,4253120000,55029580000
2015-07-03,801080.SI,3190.61,3370.37,3085.22,3142.93,4346650000,49549500000
2015-07-06,801080.SI,3358.86,3358.86,2953.91,3044.75,5056910000,56574010000
2015-07-07,801080.SI,2940.32,2955.94,2862.23,2866.74,3438450000,28578280000
2015-07-08,801080.SI,2776.74,2836.04,2776.69,2827.11,2655460000,38257790000
2015-07-09,801080.SI,2807.55,2905.63,2807.55,2905.34,1281850000,19150170000
2015-07-10,801080.SI,2962.02,2996.56,2958.12,2996.56,781930000,13238290000
2015-07-13,801080.SI,3128.39,3157.14,3104.17,3156.39,1836660000,32322410000
2015-07-14,801080.SI,3249.91,3325.25,3237.82,3268.01,2572730000,47090030000
2015-07-15,801080.SI,3295.47,3295.47,3089.63,3090.51,4839860000,57286420000
2015-07-16,801080.SI,3028.85,3199.00,2931.24,3130.08,3855280000,49191330000
2015-07-17,801080.SI,3159.21,3329.73,3153.33,3301.80,3797830000,49077380000
2015-07-20,801080.SI,3337.57,3432.01,3300.46,3380.48,4206450000,62563710000
2015-07-21,801080.SI,3339.48,3463.90,3310.04,3434.59,3323980000,52889250000
2015-07-22,801080.SI,3443.74,3507.43,3395.36,3493.03,3665540000,59539320000
2015-07-23,801080.SI,3504.25,3617.78,3481.37,3603.98,4261690000,65269230000
2015-07-24,801080.SI,3619.38,3675.81,3522.25,3550.89,4609180000,74589350000
2015-07-27,801080.SI,3467.98,3571.51,3261.66,3263.72,4113860000,63943840000
2015-07-28,801080.SI,3080.67,3294.32,3024.88,3157.19,4262580000,60172240000
2015-07-29,801080.SI,3211.25,3312.66,3075.53,3312.66,3287450000,50647510000
2015-07-30,801080.SI,3295.35,3367.70,3190.59,3196.22,3179430000,51302110000
2015-07-31,801080.SI,3140.20,3240.67,3125.80,3165.78,2608220000,41603700000
2015-08-03,801080.SI,3114.88,3142.71,3005.43,3058.69,2616330000,38554490000
2015-08-04,801080.SI,3063.06,3233.91,3057.56,3233.91,2758960000,41646650000
2015-08-05,801080.SI,3239.37,3282.01,3169.61,3198.66,2820600000,46691940000
2015-08-06,801080.SI,3128.28,3233.59,3118.83,3193.04,2102420000,34912070000
2015-08-07,801080.SI,3233.70,3296.63,3218.90,3295.46,2888530000,44908760000
2015-08-10,801080.SI,3325.78,3468.09,3295.46,3446.81,3587030000,54700360000
2015-08-11,801080.SI,3446.50,3507.64,3424.11,3452.48,3718750000,56400910000
2015-08-12,801080.SI,3421.55,3477.83,3392.11,3393.37,2990400000,47491760000
2015-08-13,801080.SI,3375.45,3490.26,3360.32,3490.26,3125280000,47965420000
2015-08-14,801080.SI,3514.99,3547.85,3475.42,3501.72,3535840000,56113180000
2015-08-17,801080.SI,3481.53,3546.03,3445.95,3546.03,3927470000,56407670000
2015-08-18,801080.SI,3548.61,3556.53,3265.95,3278.84,4207710000,61974910000
2015-08-19,801080.SI,3169.49,3390.11,3091.33,3369.13,3771920000,52543840000
2015-08-20,801080.SI,3361.80,3414.06,3287.47,3287.89,3701050000,51678820000
2015-08-21,801080.SI,3211.21,3252.72,3083.99,3090.89,3078870000,41469570000
2015-08-24,801080.SI,2946.34,2962.82,2841.54,2841.60,2408110000,27556080000
2015-08-25,801080.SI,2628.59,2710.07,2619.09,2620.02,2549380000,27637780000
2015-08-26,801080.SI,2618.03,2703.33,2493.07,2516.84,3482000000,38096240000
2015-08-27,801080.SI,2556.35,2597.93,2460.66,2597.93,2677830000,29298230000
2015-08-28,801080.SI,2635.00,2750.88,2616.31,2750.88,3213080000,36210000000
2015-08-31,801080.SI,2739.17,2739.17,2646.10,2656.45,2531420000,30885760000
2015-09-01,801080.SI,2621.69,2621.81,2497.04,2536.13,2999500000,28934180000
2015-09-02,801080.SI,2409.49,2582.65,2408.97,2472.16,2772000000,29039960000
2015-09-07,801080.SI,2501.05,2576.67,2460.92,2483.20,2346690000,26963660000
2015-09-08,801080.SI,2465.49,2591.15,2441.15,2588.47,2070720000,23002510000
2015-09-09,801080.SI,2610.45,2698.98,2600.35,2684.09,3344120000,40629020000
2015-09-10,801080.SI,2640.07,2682.17,2624.55,2630.29,2310970000,29779670000
2015-09-11,801080.SI,2629.39,2673.19,2614.60,2655.65,1978600000,24832420000
2015-09-14,801080.SI,2668.61,2674.32,2461.62,2469.25,2487540000,27781080000
2015-09-15,801080.SI,2396.04,2438.29,2317.04,2321.85,2092400000,21623660000
2015-09-16,801080.SI,2326.66,2484.76,2321.80,2475.65,2443370000,24875780000
2015-09-17,801080.SI,2465.86,2545.53,2434.15,2435.33,2759610000,31831610000
2015-09-18,801080.SI,2448.55,2479.99,2419.70,2466.21,1689980000,20412530000
2015-09-21,801080.SI,2430.03,2560.19,2420.23,2556.51,2086080000,26604660000
2015-09-22,801080.SI,2562.23,2606.59,2543.35,2579.29,2573150000,32477060000
2015-09-23,801080.SI,2533.42,2587.01,2528.34,2554.02,2259530000,28639330000
2015-09-24,801080.SI,2567.20,2598.02,2552.29,2579.83,1842790000,24960350000
2015-09-25,801080.SI,2557.20,2578.09,2459.43,2475.75,2001270000,24292490000
2015-09-28,801080.SI,2473.24,2529.17,2439.38,2529.15,1369850000,17558870000
2015-09-29,801080.SI,2482.19,2515.21,2459.06,2479.44,1526300000,18926800000
2015-09-30,801080.SI,2483.65,2505.10,2460.61,2487.62,1268910000,17049310000
2015-10-08,801080.SI,2568.04,2611.94,2548.11,2590.64,2254210000,29491790000
2015-10-09,801080.SI,2582.81,2651.75,2579.70,2640.28,2192150000,29852140000
2015-10-12,801080.SI,2659.76,2779.41,2657.75,2750.21,3472980000,44820640000
2015-10-13,801080.SI,2733.13,2790.60,2722.96,2784.25,2790720000,38690430000
2015-10-14,801080.SI,2769.32,2799.14,2743.39,2746.96,2709470000,37113960000
2015-10-15,801080.SI,2736.21,2850.36,2736.21,2848.83,3063890000,41259000000
2015-10-16,801080.SI,2867.40,2885.82,2813.33,2867.45,3151640000,43098180000
2015-10-19,801080.SI,2876.41,2898.06,2837.49,2880.34,3280530000,43575230000
2015-10-20,801080.SI,2875.20,2947.96,2873.02,2942.53,3019260000,43258720000
2015-10-21,801080.SI,2942.32,2948.30,2741.87,2752.39,3903360000,53939280000
2015-10-22,801080.SI,2746.87,2858.45,2745.60,2854.61,2957040000,41607880000
2015-10-23,801080.SI,2875.36,2945.45,2864.89,2930.83,3807540000,50444450000
2015-10-26,801080.SI,2970.01,2983.40,2913.89,2953.13,3587300000,50024170000
2015-10-27,801080.SI,2934.95,3011.10,2842.12,2993.66,3538390000,50594830000
2015-10-28,801080.SI,2975.22,3020.87,2918.68,2929.41,3186060000,47817660000
2015-10-29,801080.SI,2948.01,2985.10,2908.58,2951.18,2546710000,38032870000
2015-10-30,801080.SI,2937.53,2987.36,2890.77,2940.86,2604190000,39888720000
2015-11-02,801080.SI,2870.18,2963.67,2858.51,2882.53,2618810000,37434700000
2015-11-03,801080.SI,2885.18,2906.10,2850.58,2873.20,1979370000,30536950000
2015-11-04,801080.SI,2884.20,3012.10,2883.91,3012.10,3193150000,46546030000
2015-11-05,801080.SI,3016.80,3051.04,2980.77,3007.37,4280220000,55472670000
2015-11-06,801080.SI,3044.29,3121.53,3044.27,3117.64,3912790000,53319100000
2015-11-09,801080.SI,3114.02,3182.97,3070.73,3162.79,4405760000,63384160000
2015-11-10,801080.SI,3150.16,3211.63,3141.25,3199.32,3866610000,58515070000
2015-11-11,801080.SI,3212.73,3279.32,3202.94,3276.38,3848800000,62963300000
2015-11-12,801080.SI,3308.83,3327.66,3252.59,3299.96,4027100000,70774710000
2015-11-13,801080.SI,3266.17,3277.04,3186.62,3221.97,3389110000,59819920000
2015-11-16,801080.SI,3178.07,3329.92,3178.07,3329.92,3136970000,56751230000
2015-11-17,801080.SI,3360.20,3383.23,3281.01,3286.90,4184620000,71911000000
2015-11-18,801080.SI,3283.59,3314.82,3213.94,3223.68,3136600000,54650690000
2015-11-19,801080.SI,3238.92,3387.38,3238.92,3387.38,4204430000,65739340000
2015-11-20,801080.SI,3422.99,3498.80,3410.82,3474.37,5009840000,89723820000
2015-11-23,801080.SI,3464.41,3487.61,3397.69,3414.29,4329880000,76547980000
2015-11-24,801080.SI,3406.80,3485.57,3376.59,3485.57,3347820000,59287540000
2015-11-25,801080.SI,3492.96,3573.80,3490.64,3568.24,4001290000,73935180000
2015-11-26,801080.SI,3570.84,3582.54,3528.02,3538.93,3965720000,74511920000
2015-11-27,801080.SI,3511.97,3539.51,3272.99,3299.99,3866020000,67409980000
2015-11-30,801080.SI,3305.43,3360.12,3155.75,3356.74,3469250000,60257140000
2015-12-01,801080.SI,3349.13,3370.82,3282.80,3320.61,2586900000,47882930000
2015-12-02,801080.SI,3314.38,3323.48,3164.09,3269.10,2427290000,40232950000
2015-12-03,801080.SI,3285.67,3366.37,3285.42,3366.15,2638450000,40660980000
2015-12-04,801080.SI,3354.63,3399.14,3329.46,3354.81,2734880000,48640280000
2015-12-07,801080.SI,3365.58,3396.95,3337.17,3396.52,2391690000,44859320000
2015-12-08,801080.SI,3382.89,3383.12,3310.81,3325.70,2497470000,46802620000
2015-12-09,801080.SI,3305.23,3331.51,3275.95,3302.28,2140670000,41451850000
2015-12-10,801080.SI,3307.60,3344.94,3295.00,3300.57,2139770000,39152770000
2015-12-11,801080.SI,3288.71,3319.22,3278.58,3288.80,2050330000,36045390000
2015-12-14,801080.SI,3258.81,3336.48,3249.72,3336.48,1975240000,33467520000
2015-12-15,801080.SI,3342.56,3398.37,3340.49,3387.17,2067080000,38007730000
2015-12-16,801080.SI,3407.72,3472.28,3407.60,3446.69,2512460000,49754770000
2015-12-17,801080.SI,3466.23,3527.57,3465.29,3527.57,3376550000,61330930000
2015-12-18,801080.SI,3522.58,3544.18,3485.53,3505.92,3182860000,57986680000
2015-12-21,801080.SI,3497.36,3533.49,3493.62,3529.38,3436380000,53181230000
2015-12-22,801080.SI,3534.37,3555.87,3509.54,3555.87,2859100000,48948260000
2015-12-23,801080.SI,3555.74,3557.90,3501.72,3507.59,2791340000,50442570000
2015-12-24,801080.SI,3508.47,3527.79,3454.22,3523.07,2323990000,42485850000
2015-12-25,801080.SI,3537.28,3561.75,3526.51,3551.51,2233270000,42717370000
2015-12-28,801080.SI,3564.39,3591.69,3473.58,3473.58,3119040000,58179240000
2015-12-29,801080.SI,3473.09,3514.78,3448.64,3514.78,2174880000,41515290000
2015-12-30,801080.SI,3521.66,3582.98,3515.63,3582.41,2547880000,50075810000
2015-12-31,801080.SI,3579.07,3584.76,3507.94,3507.94,2368980000,46086190000
2016-01-04,801080.SI,3502.21,3510.26,3210.77,3210.77,2240120000,38638540000
2016-01-05,801080.SI,3036.53,3218.83,3026.70,3142.72,3250550000,51869600000
2016-01-06,801080.SI,3164.19,3223.27,3123.11,3223.27,2658170000,42300260000
2016-01-07,801080.SI,3157.37,3168.98,2934.47,2938.32,751620000,11599980000
2016-01-08,801080.SI,3006.47,3030.87,2790.14,2938.36,2906490000,44058800000
2016-01-11,801080.SI,2864.03,2887.76,2706.67,2706.73,2547440000,35278720000
2016-01-12,801080.SI,2702.02,2747.45,2636.87,2702.41,2152620000,31801190000
2016-01-13,801080.SI,2724.54,2753.48,2595.59,2595.59,2064020000,31008930000
2016-01-14,801080.SI,2503.51,2716.46,2502.99,2710.90,2357360000,33360030000
2016-01-15,801080.SI,2688.48,2722.55,2594.88,2612.16,2338180000,32616000000
2016-01-18,801080.SI,2552.07,2723.50,2552.07,2684.82,2030300000,29131430000
2016-01-19,801080.SI,2679.61,2790.49,2672.64,2784.26,2249560000,33120860000
2016-01-20,801080.SI,2766.19,2813.03,2733.74,2757.47,2158920000,33072660000
2016-01-21,801080.SI,2713.16,2789.00,2637.26,2637.88,2052770000,30501980000
2016-01-22,801080.SI,2674.60,2704.72,2603.88,2700.21,1807890000,26306850000
2016-01-25,801080.SI,2732.28,2774.22,2717.10,2749.17,1722060000,26751760000
2016-01-26,801080.SI,2714.81,2720.81,2538.64,2549.14,2497580000,35082290000
2016-01-27,801080.SI,2557.12,2563.31,2387.56,2536.06,2567880000,32133920000
2016-01-28,801080.SI,2495.68,2525.36,2404.43,2415.50,2006770000,25205050000
2016-01-29,801080.SI,2402.48,2530.16,2394.41,2504.69,2158720000,27396070000
2016-02-01,801080.SI,2496.05,2521.26,2431.94,2476.05,1701060000,22900640000
2016-02-02,801080.SI,2480.30,2582.10,2479.96,2572.09,1863360000,25258300000
2016-02-03,801080.SI,2539.02,2600.45,2522.58,2585.55,1806540000,23958970000
2016-02-04,801080.SI,2595.84,2651.91,2595.79,2640.32,2059550000,28565110000
2016-02-05,801080.SI,2644.20,2654.75,2605.06,2609.16,1682400000,22349840000
2016-02-15,801080.SI,2530.86,2649.35,2530.86,2633.87,1790510000,23618210000
2016-02-16,801080.SI,2652.58,2764.94,2651.71,2756.83,2598000000,34473280000
2016-02-17,801080.SI,2760.61,2815.52,2740.34,2809.71,3538720000,40361130000
2016-02-18,801080.SI,2827.16,2833.25,2792.40,2799.32,3013820000,39814920000
2016-02-19,801080.SI,2786.53,2843.72,2785.72,2822.09,2488100000,35549100000
2016-02-22,801080.SI,2860.86,2883.12,2844.85,2883.12,2755420000,40121400000
2016-02-23,801080.SI,2888.06,2891.58,2825.22,2859.72,2588180000,40302130000
2016-02-24,801080.SI,2846.37,2865.13,2781.52,2848.45,2612200000,39846960000
2016-02-25,801080.SI,2839.29,2839.44,2607.97,2616.62,3089300000,41265750000
2016-02-26,801080.SI,2635.18,2650.19,2557.40,2610.81,2384240000,33010740000
2016-02-29,801080.SI,2583.89,2584.05,2412.36,2437.40,2276940000,27584560000
2016-03-01,801080.SI,2430.66,2509.93,2379.46,2490.38,2210950000,28166960000
2016-03-02,801080.SI,2479.67,2611.56,2477.51,2604.68,2937580000,36279350000
2016-03-03,801080.SI,2599.39,2652.87,2594.14,2598.76,2857150000,37561130000
2016-03-04,801080.SI,2582.35,2599.63,2480.21,2507.19,2957800000,36155840000
2016-03-07,801080.SI,2529.26,2589.80,2528.93,2562.75,2026190000,26009610000
2016-03-08,801080.SI,2551.80,2583.66,2449.39,2583.66,2342690000,30055280000
2016-03-09,801080.SI,2530.32,2580.97,2509.93,2538.95,1921240000,25909200000
2016-03-10,801080.SI,2543.51,2563.89,2504.36,2507.84,1717520000,22750960000
2016-03-11,801080.SI,2468.11,2512.48,2457.08,2501.20,1487030000,18913980000
2016-03-14,801080.SI,2531.18,2626.06,2530.72,2599.25,2477910000,32542620000
2016-03-15,801080.SI,2592.54,2616.69,2574.78,2585.15,2154250000,30528100000
2016-03-16,801080.SI,2607.30,2615.40,2529.35,2546.92,1906630000,26338230000
2016-03-17,801080.SI,2558.04,2662.55,2557.49,2658.24,2756220000,40408220000
2016-03-18,801080.SI,2668.76,2772.17,2667.36,2758.50,3680070000,53398330000
2016-03-21,801080.SI,2798.39,2829.41,2780.23,2829.32,3927320000,55017200000
2016-03-22,801080.SI,2802.99,2852.82,2788.28,2822.84,2993310000,46053490000
2016-03-23,801080.SI,2813.16,2853.41,2805.57,2853.26,2798040000,43497240000
2016-03-24,801080.SI,2826.40,2865.82,2801.59,2802.00,2978850000,48385220000
2016-03-25,801080.SI,2793.77,2831.71,2788.25,2831.66,2758890000,38227380000
2016-03-28,801080.SI,2850.14,2875.77,2792.55,2803.03,2803380000,40942910000
2016-03-29,801080.SI,2796.03,2803.06,2717.76,2748.80,2400650000,35246820000
2016-03-30,801080.SI,2776.21,2866.15,2776.01,2866.15,2634280000,42403590000
2016-03-31,801080.SI,2880.40,2902.41,2858.78,2872.39,2903990000,48648900000
2016-04-01,801080.SI,2860.06,2870.08,2805.65,2853.17,2493110000,39002640000
2016-04-05,801080.SI,2861.41,2951.22,2858.76,2943.37,3138180000,47839730000
2016-04-06,801080.SI,2932.39,2970.62,2926.87,2965.20,3175040000,48550510000
2016-04-07,801080.SI,2973.49,2978.40,2908.16,2908.73,3022760000,47317670000
2016-04-08,801080.SI,2882.82,2894.78,2838.09,2881.86,2494950000,40017030000
2016-04-11,801080.SI,2908.13,2960.12,2908.13,2937.22,2580090000,41629890000
2016-04-12,801080.SI,2929.58,2933.71,2870.05,2904.25,2150190000,35743900000
2016-04-13,801080.SI,2922.26,2985.76,2921.97,2946.62,2968230000,46663890000
2016-04-14,801080.SI,2961.74,2984.05,2940.41,2983.89,2404970000,38218870000
2016-04-15,801080.SI,2985.31,2997.52,2965.43,2987.01,2522640000,39573850000
2016-04-18,801080.SI,2964.38,2964.41,2917.46,2943.41,2258660000,35662110000
2016-04-19,801080.SI,2957.04,2966.50,2929.58,2959.59,2088030000,34852220000
2016-04-20,801080.SI,2968.93,2972.88,2761.25,2816.31,3418870000,50764360000
2016-04-21,801080.SI,2799.49,2836.89,2769.76,2773.53,2056770000,31799010000
2016-04-22,801080.SI,2757.14,2808.36,2750.22,2808.36,1677770000,26263880000
2016-04-25,801080.SI,2795.47,2801.34,2751.24,2791.37,1615510000,23993110000
2016-04-26,801080.SI,2785.46,2825.40,2780.56,2825.19,1517450000,23596010000
2016-04-27,801080.SI,2826.80,2852.66,2811.47,2817.75,1673610000,27222040000
2016-04-28,801080.SI,2816.80,2824.56,2763.82,2820.24,1726590000,26613980000
2016-04-29,801080.SI,2805.77,2829.77,2800.38,2811.26,1310400000,21581590000
2016-05-03,801080.SI,2811.74,2898.11,2797.29,2897.81,2041840000,32128630000
2016-05-04,801080.SI,2886.36,2942.87,2884.83,2917.74,2512670000,39128240000
2016-05-05,801080.SI,2913.33,2933.68,2901.30,2931.70,2142350000,33352790000
2016-05-06,801080.SI,2935.67,2945.61,2825.30,2825.53,3072220000,45494320000
2016-05-09,801080.SI,2797.41,2797.41,2722.24,2734.37,2298540000,33087670000
2016-05-10,801080.SI,2723.44,2742.56,2704.95,2718.17,1589130000,25116860000
2016-05-11,801080.SI,2730.05,2736.36,2679.91,2680.42,1533120000,24114590000
2016-05-12,801080.SI,2636.51,2690.24,2597.30,2690.24,1793630000,26360890000
2016-05-13,801080.SI,2679.48,2718.78,2671.37,2685.48,1620900000,25856840000
2016-05-16,801080.SI,2674.88,2747.56,2666.11,2747.32,1852590000,28961550000
2016-05-17,801080.SI,2747.77,2774.47,2730.26,2743.75,1996370000,32973160000
2016-05-18,801080.SI,2717.74,2717.92,2631.38,2666.18,1914550000,28212190000
2016-05-19,801080.SI,2664.64,2736.14,2664.59,2699.36,2044930000,31356720000
2016-05-20,801080.SI,2673.36,2749.56,2662.66,2749.43,2132210000,33236450000
2016-05-23,801080.SI,2763.58,2807.42,2763.43,2804.30,2441750000,39327130000
2016-05-24,801080.SI,2797.28,2799.51,2754.68,2776.48,2122550000,32600880000
2016-05-25,801080.SI,2797.33,2813.30,2748.84,2766.21,1951400000,32006860000
2016-05-26,801080.SI,2753.52,2787.01,2696.75,2786.81,2190260000,33450580000
2016-05-27,801080.SI,2784.18,2850.59,2782.73,2822.62,3186770000,45007750000
2016-05-30,801080.SI,2804.11,2857.45,2781.54,2823.09,2799260000,41323780000
2016-05-31,801080.SI,2821.67,2937.92,2821.39,2937.38,3724480000,56160610000
2016-06-01,801080.SI,2939.10,2999.36,2936.43,2979.10,3922380000,62975730000
2016-06-02,801080.SI,2978.07,3046.94,2978.01,3046.75,4138540000,64370590000
2016-06-03,801080.SI,3044.45,3064.60,3031.20,3036.48,3645250000,60662930000
2016-06-06,801080.SI,3057.86,3070.27,3026.03,3055.45,2853040000,49761980000
2016-06-07,801080.SI,3057.45,3067.80,3034.89,3064.60,2890920000,50114320000
2016-06-08,801080.SI,3054.89,3079.14,3020.06,3052.93,2986640000,53862130000
2016-06-13,801080.SI,3001.30,3034.75,2875.86,2875.93,3217410000,54262710000
2016-06-14,801080.SI,2857.03,2896.22,2848.35,2892.26,2330080000,39054680000
2016-06-15,801080.SI,2860.49,3040.72,2857.54,3026.47,3247100000,54346270000
2016-06-16,801080.SI,3026.53,3078.79,3026.11,3042.86,3474510000,59806610000
2016-06-17,801080.SI,3052.02,3083.77,3022.33,3057.73,3129320000,53851790000
2016-06-20,801080.SI,3062.93,3127.21,3038.08,3117.99,3308950000,55143550000
2016-06-21,801080.SI,3139.36,3154.09,3042.39,3063.70,3444100000,59794790000
2016-06-22,801080.SI,3052.85,3132.02,3047.59,3132.02,2808280000,49929330000
2016-06-23,801080.SI,3125.85,3143.04,3089.89,3111.46,3078870000,52821980000
2016-06-24,801080.SI,3105.26,3146.14,2981.12,3104.21,3827980000,62262630000
2016-06-27,801080.SI,3084.11,3213.05,3084.11,3212.90,3433250000,60141690000
2016-06-28,801080.SI,3197.95,3233.14,3180.45,3229.34,3516810000,61684140000
2016-06-29,801080.SI,3238.77,3245.33,3201.56,3219.28,3081740000,53104640000
2016-06-30,801080.SI,3219.47,3231.86,3185.04,3199.15,2760230000,50426880000
2016-07-01,801080.SI,3199.14,3213.15,3163.48,3173.78,2408100000,43172370000
2016-07-04,801080.SI,3149.64,3225.89,3148.46,3220.95,2731230000,45652430000
2016-07-05,801080.SI,3223.23,3239.59,3198.74,3232.18,2881440000,51415470000
2016-07-06,801080.SI,3219.91,3226.42,3201.23,3218.58,2501860000,44499830000
2016-07-07,801080.SI,3213.44,3233.60,3170.34,3222.89,3252760000,53290100000
2016-07-08,801080.SI,3216.51,3236.97,3203.51,3211.22,2433680000,42360180000
2016-07-11,801080.SI,3223.56,3234.15,3174.98,3177.72,3183080000,50176170000
2016-07-12,801080.SI,3175.40,3190.64,3108.88,3189.23,3325870000,50380230000
2016-07-13,801080.SI,3198.01,3236.00,3185.01,3227.67,3138540000,49764980000
2016-07-14,801080.SI,3220.93,3231.82,3204.85,3224.72,2660330000,43263060000
2016-07-15,801080.SI,3222.80,3225.85,3187.22,3202.29,2527880000,40470930000
2016-07-18,801080.SI,3195.51,3205.55,3162.57,3181.64,2397000000,38689240000
2016-07-19,801080.SI,3180.24,3209.43,3164.79,3209.34,2213170000,35914160000
2016-07-20,801080.SI,3211.32,3237.45,3201.78,3220.07,2383740000,40688590000
2016-07-21,801080.SI,3215.48,3246.15,3205.55,3224.60,2726910000,44908020000
2016-07-22,801080.SI,3218.00,3231.98,3201.42,3208.97,2767170000,44146520000
2016-07-25,801080.SI,3204.02,3235.98,3202.70,3222.28,2509130000,40080080000
2016-07-26,801080.SI,3218.37,3255.19,3218.02,3255.07,2229590000,36391190000
2016-07-27,801080.SI,3256.28,3261.58,3070.25,3099.41,4122770000,63611690000
2016-07-28,801080.SI,3088.78,3104.32,3018.58,3067.79,2716240000,41812230000
2016-07-29,801080.SI,3063.98,3072.45,3022.64,3031.50,1869720000,29382770000
2016-08-01,801080.SI,3013.50,3013.73,2941.76,2982.13,2063490000,30418690000
2016-08-02,801080.SI,2977.56,3006.05,2977.41,3005.03,1431390000,22555530000
2016-08-03,801080.SI,2999.50,3017.30,2990.63,3016.93,1762700000,27384540000
2016-08-04,801080.SI,3013.15,3060.63,3013.15,3050.69,2053060000,32451820000
2016-08-05,801080.SI,3043.97,3055.59,3027.15,3028.24,1757910000,27414150000
2016-08-08,801080.SI,3019.32,3061.85,2994.94,3061.66,1817650000,25489640000
2016-08-09,801080.SI,3060.99,3103.39,3060.99,3102.82,2043060000,31758870000
2016-08-10,801080.SI,3107.03,3121.04,3091.86,3091.86,2148480000,35128090000
2016-08-11,801080.SI,3081.59,3089.88,3035.97,3035.97,2055960000,32188860000
2016-08-12,801080.SI,3026.80,3053.09,3016.36,3052.40,1674550000,24959670000
2016-08-15,801080.SI,3055.62,3127.72,3034.00,3121.26,2792970000,40804730000
2016-08-16,801080.SI,3122.89,3141.06,3122.81,3135.91,2365560000,37747820000
2016-08-17,801080.SI,3134.94,3160.72,3128.56,3149.60,2128560000,35102640000
2016-08-18,801080.SI,3150.39,3164.09,3142.26,3153.77,2317400000,38302880000
2016-08-19,801080.SI,3153.03,3170.38,3145.41,3160.45,2065280000,32958360000
2016-08-22,801080.SI,3160.05,3164.66,3116.81,3117.14,2188940000,35220930000
2016-08-23,801080.SI,3112.72,3132.34,3102.81,3122.33,2133470000,29313050000
2016-08-24,801080.SI,3123.18,3165.31,3122.78,3150.74,2453000000,32128840000
2016-08-25,801080.SI,3132.61,3146.00,3099.83,3141.24,2472250000,35452740000
2016-08-26,801080.SI,3149.78,3188.55,3149.32,3156.14,2440360000,35950280000
2016-08-29,801080.SI,3152.67,3171.67,3144.23,3160.68,1983560000,29484430000
2016-08-30,801080.SI,3162.95,3187.01,3159.42,3166.66,1889990000,29600670000
2016-08-31,801080.SI,3166.69,3169.65,3132.82,3163.13,1930330000,30997960000
2016-09-01,801080.SI,3163.47,3182.61,3152.90,3153.06,2214320000,34895820000
2016-09-02,801080.SI,3146.75,3159.45,3122.31,3143.69,1950780000,32605480000
2016-09-05,801080.SI,3152.87,3179.19,3152.47,3172.02,1929260000,32439870000
2016-09-06,801080.SI,3173.85,3244.03,3152.79,3244.03,2913530000,45882120000
2016-09-07,801080.SI,3248.02,3264.59,3222.48,3226.25,2838350000,44259120000
2016-09-08,801080.SI,3218.64,3224.99,3197.31,3218.47,2168100000,34322420000
2016-09-09,801080.SI,3219.58,3227.82,3197.55,3197.58,2599480000,40503810000
2016-09-12,801080.SI,3141.15,3160.21,3105.58,3106.41,2687010000,39793680000
2016-09-13,801080.SI,3126.52,3161.42,3126.14,3157.59,2410650000,40306350000
2016-09-14,801080.SI,3149.20,3179.84,3142.11,3154.67,2340780000,38874590000
2016-09-19,801080.SI,3172.62,3185.03,3171.84,3185.03,1903950000,29850760000
2016-09-20,801080.SI,3186.76,3187.12,3165.88,3179.13,2012220000,30289350000
2016-09-21,801080.SI,3175.54,3197.33,3172.34,3188.68,1701080000,26690160000
2016-09-22,801080.SI,3205.19,3215.02,3202.19,3206.66,2155330000,30079900000
2016-09-23,801080.SI,3212.34,3218.24,3185.40,3185.53,1901400000,29195460000
2016-09-26,801080.SI,3175.17,3175.49,3104.88,3105.75,1937880000,29199930000
2016-09-27,801080.SI,3099.68,3121.85,3073.04,3121.71,1510630000,23046030000
2016-09-28,801080.SI,3126.56,3139.03,3118.07,3130.64,1485630000,22946150000
2016-09-29,801080.SI,3131.09,3149.77,3128.92,3135.84,1432620000,23017870000
2016-09-30,801080.SI,3131.56,3149.11,3130.94,3140.61,1240860000,19382110000
2016-10-10,801080.SI,3163.08,3214.07,3156.25,3214.07,1876620000,29115950000
2016-10-11,801080.SI,3215.22,3239.76,3214.12,3239.69,2392990000,32120740000
2016-10-12,801080.SI,3228.15,3245.10,3221.72,3238.99,2003050000,30238660000
2016-10-13,801080.SI,3236.43,3258.10,3234.77,3249.15,2341830000,29435020000
2016-10-14,801080.SI,3244.52,3247.27,3216.34,3239.31,2016330000,27164910000
2016-10-17,801080.SI,3244.80,3249.34,3193.06,3203.62,2117490000,29476890000
2016-10-18,801080.SI,3203.56,3254.14,3202.90,3254.14,1890820000,30327420000
2016-10-19,801080.SI,3258.80,3259.62,3240.38,3249.24,1970630000,29900300000
2016-10-20,801080.SI,3252.44,3292.58,3250.96,3288.21,2176750000,36795230000
2016-10-21,801080.SI,3283.01,3284.95,3239.87,3268.23,1997790000,33523810000
2016-10-24,801080.SI,3267.50,3289.04,3261.45,3285.19,2082300000,32732050000
2016-10-25,801080.SI,3285.46,3292.30,3276.03,3281.57,1901360000,32533220000
2016-10-26,801080.SI,3285.22,3285.22,3252.79,3264.47,1967290000,34839100000
2016-10-27,801080.SI,3260.67,3261.19,3243.71,3256.57,1738610000,29877490000
2016-10-28,801080.SI,3253.46,3264.86,3227.15,3227.28,1937410000,31930550000
2016-10-31,801080.SI,3218.53,3234.53,3204.83,3229.27,1714360000,27324510000
2016-11-01,801080.SI,3231.00,3269.61,3230.90,3267.42,1837340000,32077100000
2016-11-02,801080.SI,3261.51,3275.44,3252.76,3254.50,2268930000,34453100000
2016-11-03,801080.SI,3248.90,3292.86,3248.68,3268.32,2265090000,35983080000
2016-11-04,801080.SI,3270.62,3283.55,3247.48,3252.52,2287310000,36070190000
2016-11-07,801080.SI,3251.36,3270.75,3241.52,3261.59,3026910000,33948220000
2016-11-08,801080.SI,3276.09,3293.94,3265.30,3285.45,2335750000,31830200000
2016-11-09,801080.SI,3289.50,3299.47,3223.07,3272.96,3234010000,40202940000
2016-11-10,801080.SI,3299.54,3308.10,3279.86,3306.77,2665930000,40328420000
2016-11-11,801080.SI,3308.74,3309.89,3290.26,3303.18,2497070000,40117100000
2016-11-14,801080.SI,3305.75,3320.09,3284.89,3302.70,2884590000,46397060000
2016-11-15,801080.SI,3301.25,3319.75,3293.28,3319.75,2351980000,37775110000
2016-11-16,801080.SI,3323.41,3344.74,3322.86,3333.30,2949540000,42815260000
2016-11-17,801080.SI,3326.88,3329.11,3298.13,3308.55,1931060000,30884170000
2016-11-18,801080.SI,3306.80,3315.84,3298.61,3301.60,1781040000,29257960000
2016-11-21,801080.SI,3300.95,3310.20,3294.30,3305.20,1854120000,31483940000
2016-11-22,801080.SI,3310.10,3328.25,3305.63,3328.24,2111250000,34034450000
2016-11-23,801080.SI,3332.49,3333.92,3295.96,3301.94,2086570000,34125490000
2016-11-24,801080.SI,3300.31,3303.32,3264.99,3271.48,1901020000,30481580000
2016-11-25,801080.SI,3269.87,3282.08,3220.09,3282.03,1924770000,30147940000
2016-11-28,801080.SI,3287.49,3290.21,3273.71,3275.56,2202700000,28845970000
2016-11-29,801080.SI,3274.71,3283.90,3246.75,3247.13,2264460000,29273390000
2016-11-30,801080.SI,3243.01,3272.80,3237.98,3257.56,1629040000,23607340000
2016-12-01,801080.SI,3263.07,3265.21,3251.35,3259.95,1384730000,20977190000
2016-12-02,801080.SI,3264.74,3266.13,3219.39,3219.39,2051160000,28459170000
2016-12-05,801080.SI,3196.79,3244.14,3191.45,3219.03,2322700000,29521730000
2016-12-06,801080.SI,3221.61,3236.49,3220.19,3227.07,1569910000,23565660000
2016-12-07,801080.SI,3226.67,3248.65,3214.80,3248.52,1366320000,22420600000
2016-12-08,801080.SI,3249.74,3257.58,3233.41,3234.96,1512460000,22222130000
2016-12-09,801080.SI,3233.06,3238.21,3206.76,3211.59,1300410000,20771090000
2016-12-12,801080.SI,3210.86,3210.98,3044.66,3048.12,2181600000,32932680000
2016-12-13,801080.SI,3041.69,3066.75,3014.65,3054.48,1693650000,23397170000
2016-12-14,801080.SI,3050.57,3055.84,3011.26,3021.52,1487240000,21458610000
2016-12-15,801080.SI,3009.48,3069.68,3009.36,3044.30,1580720000,22172430000
2016-12-16,801080.SI,3046.53,3083.79,3044.56,3074.79,1423760000,21909510000
2016-12-19,801080.SI,3073.99,3073.99,3051.28,3055.93,1266070000,18274790000
2016-12-20,801080.SI,3058.09,3068.05,3047.52,3064.45,1516300000,20661560000
2016-12-21,801080.SI,3069.53,3088.14,3069.19,3082.42,1302820000,19405020000
2016-12-22,801080.SI,3081.38,3087.20,3069.57,3083.84,1168730000,18201480000
2016-12-23,801080.SI,3086.09,3090.57,3054.60,3057.35,1365290000,19804960000
2016-12-26,801080.SI,3046.16,3074.97,3015.75,3074.89,1269680000,19897340000
2016-12-27,801080.SI,3073.26,3085.78,3068.83,3072.24,1171090000,18785020000
2016-12-28,801080.SI,3072.17,3078.75,3064.92,3071.11,1266200000,19163990000
2016-12-29,801080.SI,3064.15,3074.53,3051.23,3051.77,1151590000,17965120000
2016-12-30,801080.SI,3051.53,3064.97,3049.11,3062.34,1203700000,17799940000
2017-01-03,801080.SI,3067.05,3093.20,3066.73,3085.68,2064540000,22801610000
2017-01-04,801080.SI,3083.90,3125.47,3083.90,3125.47,1986180000,27273610000
2017-01-05,801080.SI,3124.92,3132.36,3118.16,3119.82,1724110000,23460590000
2017-01-06,801080.SI,3115.97,3117.73,3081.49,3081.86,1616330000,23533930000
2017-01-09,801080.SI,3075.05,3094.86,3074.28,3092.85,1546800000,19987650000
2017-01-10,801080.SI,3091.43,3103.59,3079.95,3081.76,1487230000,18495200000
2017-01-11,801080.SI,3077.59,3085.05,3048.97,3048.97,1469670000,19726210000
2017-01-12,801080.SI,3048.38,3069.01,3038.41,3040.40,1832430000,19092140000
2017-01-13,801080.SI,3040.01,3043.95,2997.03,3000.27,1707370000,21827910000
2017-01-16,801080.SI,2989.64,2989.91,2827.47,2898.74,2312410000,27463400000
2017-01-17,801080.SI,2886.74,2946.86,2874.08,2946.44,1561510000,21161340000
2017-01-18,801080.SI,2940.08,2945.28,2926.87,2927.09,1193110000,17019810000
2017-01-19,801080.SI,2919.54,2943.17,2912.48,2925.00,1427760000,16224720000
2017-01-20,801080.SI,2929.88,2984.24,2928.97,2978.41,1566870000,19038000000
2017-01-23,801080.SI,2984.49,3012.45,2984.36,3003.69,1709210000,19519300000
2017-01-24,801080.SI,3001.71,3005.58,2983.77,2986.76,1224030000,15542650000
2017-01-25,801080.SI,2982.89,3004.02,2978.70,3001.98,991240000,14186280000
2017-01-26,801080.SI,3005.93,3018.27,3005.25,3016.55,957390000,13609290000
2017-02-03,801080.SI,3018.87,3018.87,2984.40,2991.95,1494220000,13110120000
2017-02-06,801080.SI,2988.43,3020.72,2986.48,3020.72,1235850000,15987750000
2017-02-07,801080.SI,3020.31,3036.59,3012.86,3028.43,1341760000,18871900000
2017-02-08,801080.SI,3022.82,3051.50,3010.96,3051.28,1485060000,22984110000
2017-02-09,801080.SI,3049.07,3073.34,3048.35,3069.26,1639180000,23668060000
2017-02-10,801080.SI,3069.85,3071.04,3052.94,3056.26,1505030000,21483630000
2017-02-13,801080.SI,3051.40,3069.77,3043.54,3067.64,1301300000,18986180000
2017-02-14,801080.SI,3069.24,3076.28,3061.95,3069.41,1407100000,19248540000
2017-02-15,801080.SI,3076.03,3098.36,3055.71,3062.84,1939700000,26859850000
2017-02-16,801080.SI,3061.82,3082.28,3059.23,3078.45,1426220000,20467760000
2017-02-17,801080.SI,3076.73,3084.54,3046.59,3048.76,1456260000,22105870000
2017-02-20,801080.SI,3049.16,3073.47,3043.91,3073.44,1543460000,21187630000
2017-02-21,801080.SI,3075.43,3099.37,3072.53,3099.37,1650500000,22830410000
2017-02-22,801080.SI,3099.48,3115.97,3095.07,3115.97,1762790000,23822150000
2017-02-23,801080.SI,3117.34,3119.43,3100.59,3119.11,1590270000,24174000000
2017-02-24,801080.SI,3115.36,3130.59,3111.32,3127.82,1478850000,23323620000
2017-02-27,801080.SI,3126.87,3137.13,3109.12,3111.97,1433310000,21782910000
2017-02-28,801080.SI,3111.68,3120.89,3100.94,3115.57,1293540000,20720200000
2017-03-01,801080.SI,3113.03,3126.06,3108.99,3119.93,1599370000,24606510000
2017-03-02,801080.SI,3123.71,3131.43,3112.76,3114.78,1640990000,24884690000
2017-03-03,801080.SI,3107.34,3157.12,3102.00,3154.89,1737020000,29164990000
2017-03-06,801080.SI,3162.59,3209.35,3162.59,3209.35,2078770000,35322440000
2017-03-07,801080.SI,3212.41,3219.72,3200.14,3218.79,1905100000,31548850000
2017-03-08,801080.SI,3218.27,3218.27,3189.34,3199.57,1531180000,25359600000
2017-03-09,801080.SI,3194.04,3194.10,3174.62,3188.36,1440200000,25109770000
2017-03-10,801080.SI,3187.31,3200.83,3182.33,3190.94,1452200000,25744960000
2017-03-13,801080.SI,3191.64,3248.21,3183.73,3248.21,2056210000,33671530000
2017-03-14,801080.SI,3254.42,3259.56,3228.95,3236.42,1676270000,30201380000
2017-03-15,801080.SI,3232.93,3244.15,3221.63,3241.43,1632650000,29296910000
2017-03-16,801080.SI,3246.17,3271.60,3245.88,3271.60,1825550000,36381730000
2017-03-17,801080.SI,3273.36,3283.61,3232.30,3232.41,2053000000,39081770000
2017-03-20,801080.SI,3226.76,3252.89,3224.70,3252.88,1728500000,31342510000
2017-03-21,801080.SI,3251.30,3265.44,3243.26,3265.44,1640780000,28098680000
2017-03-22,801080.SI,3255.92,3275.70,3244.53,3271.56,2026760000,33940330000
2017-03-23,801080.SI,3276.64,3290.63,3248.04,3287.05,1928220000,34928510000
2017-03-24,801080.SI,3285.76,3324.90,3285.75,3312.38,2392690000,36969660000
2017-03-27,801080.SI,3314.48,3322.31,3289.62,3291.69,1932600000,31151000000
2017-03-28,801080.SI,3297.19,3311.79,3287.02,3297.43,1751470000,29753170000
2017-03-29,801080.SI,3302.69,3309.25,3269.86,3273.11,2157820000,34947940000
2017-03-30,801080.SI,3268.34,3268.36,3193.78,3202.41,2399550000,34546640000
2017-03-31,801080.SI,3201.83,3218.07,3195.67,3216.16,1605810000,25689290000
2017-04-05,801080.SI,3224.77,3286.47,3224.62,3286.47,2273260000,32451120000
2017-04-06,801080.SI,3284.35,3284.41,3266.71,3280.33,1740230000,27962420000
2017-04-07,801080.SI,3274.32,3294.53,3273.08,3284.58,1939690000,28501160000
2017-04-10,801080.SI,3276.95,3276.95,3244.55,3247.72,2486930000,34597160000
2017-04-11,801080.SI,3246.21,3258.76,3194.13,3255.36,2591250000,35740870000
2017-04-12,801080.SI,3243.54,3248.96,3223.37,3224.07,1792310000,26684590000
2017-04-13,801080.SI,3222.54,3246.66,3222.37,3229.00,1560290000,22039130000
2017-04-14,801080.SI,3225.31,3225.31,3168.87,3169.71,1534330000,21990880000
2017-04-17,801080.SI,3155.87,3160.15,3123.02,3136.33,1335810000,20679840000
2017-04-18,801080.SI,3139.93,3161.54,3123.58,3125.35,1511680000,20299970000
2017-04-19,801080.SI,3114.39,3121.70,3070.72,3106.00,1661290000,22229430000
2017-04-20,801080.SI,3106.68,3129.49,3095.72,3121.47,1565840000,21805770000
2017-04-21,801080.SI,3123.72,3136.61,3108.10,3110.06,1687860000,18682620000
2017-04-24,801080.SI,3104.82,3104.82,3031.86,3047.73,1730420000,21181100000
2017-04-25,801080.SI,3052.91,3083.49,3052.65,3071.54,1605260000,22425480000
2017-04-26,801080.SI,3071.86,3123.08,3071.52,3107.07,2017910000,25993920000
2017-04-27,801080.SI,3094.62,3135.66,3061.53,3132.54,1954770000,26656510000
2017-04-28,801080.SI,3130.77,3144.80,3130.77,3144.80,1505060000,21075310000
2017-05-02,801080.SI,3139.20,3147.17,3126.48,3147.17,1672080000,21803860000
2017-05-03,801080.SI,3139.91,3149.92,3130.07,3144.05,1734330000,21852940000
2017-05-04,801080.SI,3137.10,3165.02,3120.98,3139.50,1564980000,22813210000
2017-05-05,801080.SI,3128.41,3146.38,3111.60,3112.12,1571150000,22350310000
2017-05-08,801080.SI,3102.10,3117.43,3039.96,3039.96,2404740000,25273970000
2017-05-09,801080.SI,3023.18,3086.69,3021.69,3086.69,1783340000,22508040000
2017-05-10,801080.SI,3091.80,3125.84,3066.92,3067.27,2028290000,26871820000
2017-05-11,801080.SI,3049.39,3071.40,3001.51,3064.22,2037500000,26573600000
2017-05-12,801080.SI,3059.88,3073.29,3038.73,3057.97,1383540000,20540130000
2017-05-15,801080.SI,3069.55,3093.11,3068.78,3093.08,1536900000,21451570000
2017-05-16,801080.SI,3086.08,3188.17,3066.68,3188.10,2394890000,30679870000
2017-05-17,801080.SI,3182.26,3205.19,3168.91,3172.63,2052930000,28569490000
2017-05-18,801080.SI,3147.16,3180.38,3142.18,3148.82,1625180000,22741810000
2017-05-19,801080.SI,3149.13,3155.40,3118.36,3131.18,1408390000,19497300000
2017-05-22,801080.SI,3127.38,3146.90,3082.08,3091.11,1679480000,21697340000
2017-05-23,801080.SI,3082.94,3097.18,3019.98,3020.56,2069540000,24389320000
2017-05-24,801080.SI,3005.18,3044.85,2969.20,3044.85,1546670000,19521010000
2017-05-25,801080.SI,3039.61,3053.05,2997.81,3045.27,1542490000,19675640000
2017-05-26,801080.SI,3042.10,3049.79,2996.44,3012.17,1549680000,21256710000
2017-05-31,801080.SI,3042.06,3053.06,3005.49,3006.78,1823970000,21073910000
2017-06-01,801080.SI,2999.66,3004.07,2953.81,2955.26,1586560000,20416680000
2017-06-02,801080.SI,2947.57,2985.30,2922.76,2982.59,1360570000,17054350000
2017-06-05,801080.SI,2989.78,3023.93,2989.23,3020.30,1206610000,16377430000
2017-06-06,801080.SI,3020.34,3034.35,3015.36,3032.44,1260480000,16171800000
2017-06-07,801080.SI,3032.08,3101.33,3031.53,3095.34,2037000000,26193880000
2017-06-08,801080.SI,3091.81,3116.65,3091.76,3103.31,1928160000,22967610000
2017-06-09,801080.SI,3104.34,3114.52,3087.61,3114.47,1569030000,20683170000
2017-06-12,801080.SI,3095.33,3095.99,3059.64,3061.94,1657130000,21972770000
2017-06-13,801080.SI,3054.77,3105.15,3054.77,3098.80,1741780000,22974090000
2017-06-14,801080.SI,3093.02,3101.05,3074.77,3078.72,1830050000,22369660000
2017-06-15,801080.SI,3074.65,3117.41,3074.65,3113.70,1785730000,24198630000
2017-06-16,801080.SI,3109.68,3117.05,3101.69,3112.54,1867640000,22035410000
2017-06-19,801080.SI,3114.89,3128.31,3108.38,3127.83,1556250000,18752920000
2017-06-20,801080.SI,3133.36,3160.73,3133.16,3146.40,2169510000,25225590000
2017-06-21,801080.SI,3155.63,3164.97,3133.51,3164.97,1874220000,23339620000
2017-06-22,801080.SI,3161.14,3177.07,3116.47,3116.54,2182930000,27075200000
2017-06-23,801080.SI,3110.61,3137.78,3084.55,3137.78,1854260000,23141040000
2017-06-26,801080.SI,3139.42,3191.55,3136.18,3191.53,2697160000,28462940000
2017-06-27,801080.SI,3191.54,3198.78,3172.55,3182.17,2156150000,25023700000
2017-06-28,801080.SI,3174.30,3178.11,3142.14,3149.53,1739430000,21355090000
2017-06-29,801080.SI,3154.12,3176.77,3152.88,3175.90,2026400000,22568850000
2017-06-30,801080.SI,3168.15,3187.77,3160.80,3187.29,2104200000,24843940000
2017-07-03,801080.SI,3187.74,3190.14,3154.75,3176.08,2168020000,30823750000
2017-07-04,801080.SI,3179.48,3184.35,3158.82,3184.27,2449090000,35310390000
2017-07-05,801080.SI,3177.80,3221.39,3174.41,3220.61,2280700000,34492440000
2017-07-06,801080.SI,3216.16,3246.31,3207.41,3242.23,2902870000,41205040000
2017-07-07,801080.SI,3234.14,3254.09,3229.84,3251.34,2530690000,38103250000
2017-07-10,801080.SI,3245.59,3246.61,3201.63,3204.20,2870490000,38870220000
2017-07-11,801080.SI,3196.58,3210.37,3178.00,3180.07,2147270000,31655100000
2017-07-12,801080.SI,3176.93,3190.73,3143.24,3185.30,2659980000,33169110000
2017-07-13,801080.SI,3178.70,3179.58,3154.60,3161.77,2135000000,30915800000
2017-07-14,801080.SI,3155.13,3172.16,3134.34,3163.37,2076600000,28618400000
2017-07-17,801080.SI,3146.47,3146.65,3019.39,3041.60,2851990000,37530560000
2017-07-18,801080.SI,3023.24,3054.12,3004.25,3053.55,2085750000,29693760000
2017-07-19,801080.SI,3047.99,3131.91,3041.80,3131.61,2427790000,34618220000
2017-07-20,801080.SI,3129.34,3168.84,3128.68,3151.34,2281760000,33641850000
2017-07-21,801080.SI,3154.93,3176.80,3148.39,3153.52,1941790000,28583760000
2017-07-24,801080.SI,3148.32,3162.35,3132.18,3161.12,2278100000,30821120000
2017-07-25,801080.SI,3159.39,3176.54,3133.63,3147.19,1995350000,27450020000
2017-07-26,801080.SI,3144.98,3148.72,3099.64,3119.61,2104510000,29107090000
2017-07-27,801080.SI,3118.09,3169.98,3097.93,3166.97,2532910000,36341840000
2017-07-28,801080.SI,3162.52,3183.32,3159.75,3174.68,2252890000,32602550000
2017-07-31,801080.SI,3176.83,3197.18,3164.11,3190.71,2450730000,34522210000
2017-08-01,801080.SI,3186.92,3186.93,3162.80,3181.46,2164750000,31528280000
2017-08-02,801080.SI,3184.22,3201.73,3149.18,3152.37,2139670000,32509150000
2017-08-03,801080.SI,3148.12,3148.12,3111.46,3120.62,2043630000,29910750000
2017-08-04,801080.SI,3113.87,3122.37,3091.14,3091.21,2035450000,28241540000
2017-08-07,801080.SI,3086.26,3118.47,3086.14,3113.64,1522660000,21572660000
2017-08-08,801080.SI,3110.51,3116.80,3097.16,3112.95,1943980000,24861720000
2017-08-09,801080.SI,3104.90,3126.09,3094.00,3119.95,2065290000,26586460000
2017-08-10,801080.SI,3114.06,3149.57,3098.55,3123.70,2384100000,31283400000
2017-08-11,801080.SI,3105.24,3144.99,3092.05,3094.11,2283510000,30728090000
2017-08-14,801080.SI,3097.36,3194.78,3097.09,3194.35,2570930000,37815320000
2017-08-15,801080.SI,3202.95,3232.33,3202.73,3232.33,2398110000,36658610000
2017-08-16,801080.SI,3228.47,3273.48,3221.21,3262.64,2638510000,38608350000
2017-08-17,801080.SI,3257.72,3269.70,3236.50,3261.70,2500870000,36818740000
2017-08-18,801080.SI,3233.10,3253.77,3226.79,3236.89,2152940000,32291210000
2017-08-21,801080.SI,3236.00,3261.43,3236.00,3259.00,2076160000,30632280000
2017-08-22,801080.SI,3259.91,3265.26,3237.11,3243.82,2089300000,32238950000
2017-08-23,801080.SI,3243.90,3250.53,3222.45,3236.28,1867520000,27600990000
2017-08-24,801080.SI,3235.43,3242.74,3210.46,3217.14,1710580000,27179930000
2017-08-25,801080.SI,3212.66,3238.03,3208.53,3234.07,1967840000,30340510000
2017-08-28,801080.SI,3239.32,3305.41,3234.11,3289.20,2757910000,44772340000
2017-08-29,801080.SI,3294.79,3304.17,3279.49,3285.73,2567100000,41029790000
2017-08-30,801080.SI,3285.88,3325.65,3285.86,3313.44,2382520000,41028650000
2017-08-31,801080.SI,3320.95,3328.90,3303.36,3328.80,2195470000,38368170000
2017-09-01,801080.SI,3333.72,3358.45,3323.43,3358.45,2546670000,43929050000
2017-09-04,801080.SI,3359.30,3420.93,3354.11,3413.26,3143040000,50968070000
2017-09-05,801080.SI,3409.85,3421.69,3395.77,3421.69,3276520000,48179160000
2017-09-06,801080.SI,3410.65,3436.64,3400.45,3436.64,3438630000,55107800000
2017-09-07,801080.SI,3439.22,3448.03,3412.65,3414.03,3461720000,57027400000
2017-09-08,801080.SI,3408.56,3423.15,3386.58,3412.13,2722030000,44782300000
2017-09-11,801080.SI,3413.35,3451.68,3412.53,3451.60,3109240000,52851420000
2017-09-12,801080.SI,3456.73,3473.37,3436.56,3448.52,3971360000,65685410000
2017-09-13,801080.SI,3443.86,3443.86,3404.36,3433.14,2700740000,43890320000
2017-09-14,801080.SI,3432.09,3438.36,3399.66,3409.96,2776380000,43075580000
2017-09-15,801080.SI,3409.24,3414.96,3388.12,3401.84,2174590000,34411250000
2017-09-18,801080.SI,3403.57,3448.69,3403.57,3446.30,2958210000,40665740000
2017-09-19,801080.SI,3447.82,3451.08,3397.64,3411.39,2997630000,44324330000
2017-09-20,801080.SI,3406.21,3458.73,3406.19,3452.13,3331940000,48243900000
2017-09-21,801080.SI,3458.64,3477.55,3438.03,3443.51,3476580000,52550790000
2017-09-22,801080.SI,3431.85,3438.78,3409.65,3434.61,2773990000,42139040000
2017-09-25,801080.SI,3435.06,3443.53,3379.02,3383.23,2672930000,40673390000
2017-09-26,801080.SI,3374.49,3395.10,3354.16,3395.10,3274960000,38796670000
2017-09-27,801080.SI,3394.08,3454.21,3394.05,3442.01,3178820000,40264250000
2017-09-28,801080.SI,3437.09,3490.86,3436.97,3474.24,3935910000,47054850000
2017-09-29,801080.SI,3473.17,3498.83,3473.05,3498.81,4074710000,45702990000
2017-10-09,801080.SI,3546.26,3575.90,3508.96,3561.01,4777100000,58474770000
2017-10-10,801080.SI,3561.12,3566.97,3528.32,3561.61,3733210000,50936720000
2017-10-11,801080.SI,3555.36,3555.36,3525.70,3531.24,3642410000,52574140000
2017-10-12,801080.SI,3528.78,3562.55,3524.24,3550.91,3268970000,42733780000
2017-10-13,801080.SI,3554.66,3609.92,3554.64,3609.92,3783030000,48265940000
2017-10-16,801080.SI,3612.51,3639.56,3574.52,3578.95,4293190000,53379370000
2017-10-17,801080.SI,3572.12,3608.69,3562.98,3584.66,2797170000,37468430000
2017-10-18,801080.SI,3584.01,3626.40,3583.70,3605.09,3295070000,43320570000
2017-10-19,801080.SI,3603.63,3604.91,3546.67,3549.66,3243820000,38729060000
2017-10-20,801080.SI,3531.63,3564.66,3526.61,3564.49,2369000000,31553680000
2017-10-23,801080.SI,3571.64,3609.35,3563.76,3609.35,2838810000,35161540000
2017-10-24,801080.SI,3599.80,3607.79,3574.04,3607.79,2599480000,36346800000
2017-10-25,801080.SI,3605.21,3681.40,3603.20,3681.38,3738870000,43954980000
2017-10-26,801080.SI,3667.81,3704.64,3663.35,3690.16,3622490000,48669910000
2017-10-27,801080.SI,3689.29,3711.70,3664.91,3685.18,3866380000,47760210000
2017-10-30,801080.SI,3703.51,3730.57,3634.98,3671.12,5042530000,61270700000
2017-10-31,801080.SI,3667.69,3723.19,3665.18,3723.15,3346390000,45201240000
2017-11-01,801080.SI,3719.60,3732.97,3707.66,3709.50,3338920000,49602810000
2017-11-02,801080.SI,3699.32,3699.45,3654.54,3664.50,4379710000,53152220000
2017-11-03,801080.SI,3667.83,3718.28,3662.52,3683.66,4019300000,53115980000
2017-11-06,801080.SI,3686.40,3780.23,3686.28,3780.23,4588160000,61363740000
2017-11-07,801080.SI,3773.09,3796.43,3755.73,3796.30,4448810000,59444470000
2017-11-08,801080.SI,3788.54,3824.43,3775.50,3776.49,4583410000,62804290000
2017-11-09,801080.SI,3770.79,3859.55,3758.53,3859.42,4349610000,61161180000
2017-11-10,801080.SI,3848.19,3925.87,3844.90,3917.41,4858010000,74191110000
2017-11-13,801080.SI,3920.61,3971.55,3903.71,3963.99,4771070000,71566840000
2017-11-14,801080.SI,3955.94,3976.01,3866.50,3887.47,5131910000,74454900000
2017-11-15,801080.SI,3869.81,3894.22,3778.17,3819.26,4044760000,63926820000
2017-11-16,801080.SI,3806.87,3845.67,3776.60,3838.94,4550090000,60852590000
2017-11-17,801080.SI,3829.79,3838.92,3700.07,3700.15,4870890000,65889040000
2017-11-20,801080.SI,3671.39,3782.24,3616.27,3782.22,4151480000,57808420000
2017-11-21,801080.SI,3769.90,3829.92,3751.30,3829.91,5388700000,72513020000
2017-11-22,801080.SI,3820.33,3868.24,3747.12,3803.34,5273360000,73215100000
2017-11-23,801080.SI,3786.05,3786.19,3634.36,3634.36,4933860000,68879950000
2017-11-24,801080.SI,3615.29,3656.63,3581.33,3581.33,4013750000,56343130000
2017-11-27,801080.SI,3559.66,3559.67,3474.11,3481.39,4647110000,52412810000
2017-11-28,801080.SI,3484.79,3567.17,3484.73,3567.17,3487360000,44795010000
2017-11-29,801080.SI,3570.71,3577.36,3499.13,3540.85,3263030000,46558950000
2017-11-30,801080.SI,3519.63,3553.58,3484.43,3497.64,3097370000,43433990000
2017-12-01,801080.SI,3496.52,3572.99,3496.52,3558.03,3193400000,46203720000
2017-12-04,801080.SI,3556.76,3593.59,3539.36,3563.86,3509220000,47589660000
2017-12-05,801080.SI,3552.34,3580.05,3454.59,3483.68,3633520000,48509240000
2017-12-06,801080.SI,3484.71,3537.95,3442.02,3537.73,3865800000,50514730000
2017-12-07,801080.SI,3530.72,3537.04,3497.14,3500.96,3272880000,46168330000
2017-12-08,801080.SI,3489.95,3580.62,3489.94,3569.22,3504250000,51649450000
2017-12-11,801080.SI,3568.69,3630.04,3564.85,3630.04,3545770000,50135390000
2017-12-12,801080.SI,3622.99,3642.50,3590.73,3590.82,3195980000,47226950000
2017-12-13,801080.SI,3581.45,3616.97,3569.51,3616.97,3102610000,45744630000
2017-12-14,801080.SI,3612.01,3614.17,3556.21,3585.84,3081240000,48311370000
2017-12-15,801080.SI,3574.46,3585.49,3509.79,3524.42,3627870000,48452340000
2017-12-18,801080.SI,3518.95,3522.66,3481.19,3490.47,2511050000,36501790000
2017-12-19,801080.SI,3494.88,3534.48,3494.67,3526.50,2398030000,33910070000
2017-12-20,801080.SI,3521.39,3525.32,3475.21,3484.78,2652870000,37402670000
2017-12-21,801080.SI,3478.95,3571.05,3463.14,3556.99,3708920000,49593180000
2017-12-22,801080.SI,3556.35,3571.98,3533.00,3539.35,2863560000,40257790000
2017-12-25,801080.SI,3536.55,3536.61,3449.21,3464.08,2871330000,41409290000
2017-12-26,801080.SI,3461.00,3481.29,3424.11,3477.20,2709230000,38406300000
2017-12-27,801080.SI,3468.88,3479.98,3418.10,3418.11,2726320000,39369290000
2017-12-28,801080.SI,3409.76,3449.96,3409.73,3428.05,2519540000,38075180000
2017-12-29,801080.SI,3428.52,3475.81,3428.50,3474.91,2644160000,43620240000
2018-01-02,801080.SI,3487.45,3491.53,3447.18,3488.15,2879740000,40058680000
2018-01-03,801080.SI,3487.02,3551.76,3484.50,3538.10,3227240000,47114170000
2018-01-04,801080.SI,3531.47,3563.64,3529.98,3551.98,2856740000,46204720000
2018-01-05,801080.SI,3548.95,3548.97,3508.83,3510.91,3020820000,43685860000
2018-01-08,801080.SI,3504.27,3504.36,3456.25,3490.22,3158890000,46017050000
2018-01-09,801080.SI,3489.68,3522.35,3476.30,3522.35,3789630000,45299350000
2018-01-10,801080.SI,3519.97,3521.53,3469.02,3498.74,3778400000,49275930000
2018-01-11,801080.SI,3489.32,3524.03,3463.71,3518.94,2928220000,44537550000
2018-01-12,801080.SI,3514.68,3514.88,3481.42,3482.77,2739780000,39808720000
2018-01-15,801080.SI,3476.63,3476.65,3379.44,3386.54,4260670000,55657760000
2018-01-16,801080.SI,3381.21,3401.29,3338.23,3359.18,3235970000,46814930000
2018-01-17,801080.SI,3360.44,3385.87,3265.30,3370.95,3905000000,53020480000
2018-01-18,801080.SI,3361.53,3387.36,3350.21,3354.96,2309750000,33791430000
2018-01-19,801080.SI,3353.04,3389.22,3345.71,3366.03,3291210000,41633930000
2018-01-22,801080.SI,3356.02,3411.10,3330.43,3404.78,2931470000,42384910000
2018-01-23,801080.SI,3405.56,3426.20,3384.19,3394.46,2668020000,36211150000
2018-01-24,801080.SI,3393.45,3416.70,3345.19,3414.89,3549990000,48073760000
2018-01-25,801080.SI,3407.25,3433.08,3393.13,3393.91,2767110000,40156170000
2018-01-26,801080.SI,3382.83,3401.59,3363.11,3366.09,2321340000,32773610000
2018-01-29,801080.SI,3353.53,3355.79,3265.47,3275.46,3368400000,43220760000
2018-01-30,801080.SI,3267.96,3290.44,3263.08,3273.89,1995630000,28042750000
2018-01-31,801080.SI,3251.58,3256.62,3191.95,3202.54,2582690000,37681560000
2018-02-01,801080.SI,3198.81,3215.19,3092.97,3101.01,3534330000,40122800000
2018-02-02,801080.SI,3089.49,3151.38,3056.03,3130.63,2523520000,32791320000
2018-02-05,801080.SI,3082.90,3116.34,3073.46,3091.61,1892750000,25648930000
2018-02-06,801080.SI,3021.78,3044.45,2928.45,2928.45,2874190000,35355560000
2018-02-07,801080.SI,2994.43,3005.94,2877.44,2941.26,2640960000,33037370000
2018-02-08,801080.SI,2931.94,3032.78,2931.90,3032.78,2617230000,31790010000
2018-02-09,801080.SI,2951.44,3008.26,2920.07,2958.08,2998980000,35611890000
2018-02-12,801080.SI,2987.72,3076.68,2985.91,3067.46,2493380000,32381660000
2018-02-13,801080.SI,3090.27,3107.93,3071.12,3076.22,2280740000,29431840000
2018-02-14,801080.SI,3082.47,3085.08,3058.52,3079.94,1407880000,18802860000
2018-02-22,801080.SI,3110.21,3147.01,3095.26,3146.97,1979280000,26454460000
2018-02-23,801080.SI,3143.67,3152.49,3111.26,3141.83,1852860000,25611340000
2018-02-26,801080.SI,3166.20,3301.13,3161.95,3287.47,3752390000,53194120000
2018-02-27,801080.SI,3298.32,3332.53,3285.93,3296.19,3131840000,47653270000
2018-02-28,801080.SI,3263.40,3339.23,3253.09,3308.83,2700640000,40995660000
2018-03-01,801080.SI,3284.56,3374.60,3279.63,3374.60,2961470000,43460090000
2018-03-02,801080.SI,3344.39,3376.75,3309.59,3311.70,2893060000,43116490000
2018-03-05,801080.SI,3326.93,3359.06,3318.56,3359.06,2515500000,39929810000
2018-03-06,801080.SI,3370.19,3418.77,3370.06,3402.35,3630310000,51495210000
2018-03-07,801080.SI,3397.38,3399.11,3358.78,3360.06,2972720000,41476250000
2018-03-08,801080.SI,3355.14,3369.97,3343.54,3369.97,2263750000,34951740000
2018-03-09,801080.SI,3381.20,3474.14,3378.13,3469.58,3865180000,56428160000
2018-03-12,801080.SI,3494.88,3545.17,3494.88,3531.65,4019530000,61626340000
2018-03-13,801080.SI,3525.82,3526.99,3487.83,3493.48,3069890000,46740270000
2018-03-14,801080.SI,3474.68,3500.96,3445.50,3445.55,2624610000,39999850000
2018-03-15,801080.SI,3426.14,3459.17,3389.99,3442.23,2564570000,40132800000
2018-03-16,801080.SI,3439.74,3451.73,3382.11,3382.11,2292720000,35106840000
2018-03-19,801080.SI,3376.24,3435.66,3373.36,3409.10,2202290000,36228770000
2018-03-20,801080.SI,3378.33,3416.16,3368.78,3415.15,2362900000,35654880000
2018-03-21,801080.SI,3427.77,3461.08,3390.22,3393.02,2722640000,43566870000
2018-03-22,801080.SI,3395.58,3415.75,3352.18,3358.59,2460560000,39181800000
2018-03-23,801080.SI,3210.47,3262.90,3119.92,3174.30,4164180000,56157020000
2018-03-26,801080.SI,3122.47,3240.50,3099.89,3240.50,2833270000,41652170000
2018-03-27,801080.SI,3286.69,3340.93,3282.31,3333.20,3105180000,48937680000
2018-03-28,801080.SI,3280.74,3332.31,3272.50,3285.76,2922650000,43489830000
2018-03-29,801080.SI,3300.76,3313.14,3245.86,3275.83,2657740000,39897720000
2018-03-30,801080.SI,3282.54,3342.34,3280.29,3342.30,3308310000,52424300000
2018-04-02,801080.SI,3354.81,3398.86,3346.77,3366.91,3866050000,65540840000
2018-04-03,801080.SI,3318.84,3335.53,3287.29,3329.66,3197080000,49885350000
2018-04-04,801080.SI,3337.26,3347.57,3274.21,3275.70,2965870000,45890860000
2018-04-09,801080.SI,3259.28,3285.54,3220.49,3262.73,2791460000,40780770000
2018-04-10,801080.SI,3261.61,3287.24,3237.29,3287.24,2895900000,42857540000
2018-04-11,801080.SI,3301.86,3331.44,3296.55,3303.17,2538960000,38924300000
2018-04-12,801080.SI,3298.31,3312.67,3276.97,3281.09,2260260000,36138630000
2018-04-13,801080.SI,3299.40,3309.72,3270.14,3282.48,2102340000,32300540000
2018-04-16,801080.SI,3264.60,3297.30,3247.75,3276.06,2673750000,38025270000
2018-04-17,801080.SI,3280.15,3298.31,3172.48,3175.37,3169170000,50089950000
2018-04-18,801080.SI,3203.72,3234.43,3120.47,3224.83,4693920000,68280600000
2018-04-19,801080.SI,3230.45,3275.16,3223.14,3241.94,3926720000,61719520000
2018-04-20,801080.SI,3227.36,3249.44,3169.55,3177.23,4155350000,61865120000
2018-04-23,801080.SI,3180.40,3181.86,3078.73,3122.68,4330330000,58162930000
2018-04-24,801080.SI,3106.71,3194.04,3097.21,3193.90,3848640000,53809550000
2018-04-25,801080.SI,3167.32,3204.82,3163.98,3180.55,3515190000,51844880000
2018-04-26,801080.SI,3165.45,3165.45,3087.28,3089.08,3836930000,53823730000
2018-04-27,801080.SI,3107.06,3116.50,3048.78,3078.09,2987610000,44009320000
2018-05-02,801080.SI,3094.96,3106.77,3039.95,3065.36,2568140000,37156320000
2018-05-03,801080.SI,3060.47,3132.36,3036.09,3131.87,3465680000,45022540000
2018-05-04,801080.SI,3119.97,3143.57,3111.32,3113.10,2803570000,40804130000
2018-05-07,801080.SI,3119.65,3162.48,3113.09,3158.08,2726380000,38696860000
2018-05-08,801080.SI,3159.19,3184.56,3150.93,3183.64,2836320000,41504070000
2018-05-09,801080.SI,3178.36,3194.39,3167.84,3183.02,2507100000,36437380000
2018-05-10,801080.SI,3185.92,3192.33,3152.08,3180.96,2665730000,38368760000
2018-05-11,801080.SI,3186.31,3187.40,3143.01,3143.19,2487950000,36763550000
2018-05-14,801080.SI,3154.57,3200.89,3154.55,3174.63,2800640000,41953610000
2018-05-15,801080.SI,3180.51,3194.61,3151.42,3194.12,2520250000,35478260000
2018-05-16,801080.SI,3173.81,3200.73,3165.48,3170.53,2570200000,35414940000
2018-05-17,801080.SI,3168.15,3176.20,3137.56,3146.93,2041600000,29440060000
2018-05-18,801080.SI,3141.31,3148.07,3102.66,3139.26,2051590000,28361240000
2018-05-21,801080.SI,3167.17,3229.45,3142.28,3220.56,2818670000,41900570000
2018-05-22,801080.SI,3214.53,3228.66,3196.94,3227.85,2388940000,35548250000
2018-05-23,801080.SI,3222.19,3224.11,3192.35,3192.35,2690670000,40347900000
2018-05-24,801080.SI,3189.31,3197.45,3147.52,3150.93,2283670000,33850940000
2018-05-25,801080.SI,3143.70,3144.18,3077.35,3081.74,2633930000,35676040000
2018-05-28,801080.SI,3066.39,3105.95,3050.86,3068.68,2217590000,32050400000
2018-05-29,801080.SI,3066.89,3094.86,3057.59,3058.43,1980970000,27825220000
2018-05-30,801080.SI,3003.39,3010.74,2948.54,2950.91,2802190000,35385740000
2018-05-31,801080.SI,2976.44,2993.67,2932.14,2989.55,2706410000,31035420000
2018-06-01,801080.SI,2973.28,2973.49,2913.10,2931.16,2118410000,26803940000
2018-06-04,801080.SI,2944.32,2953.59,2914.11,2937.50,1834100000,24880730000
2018-06-05,801080.SI,2944.63,3039.39,2944.38,3039.24,2575160000,35479170000
2018-06-06,801080.SI,3035.59,3053.24,3028.60,3036.41,2045420000,30732410000
2018-06-07,801080.SI,3052.58,3055.13,3018.11,3020.40,1959230000,27707800000
2018-06-08,801080.SI,3015.57,3018.64,2986.97,3008.78,2249740000,30965320000
2018-06-11,801080.SI,2997.67,3014.07,2982.84,2990.70,1917490000,27479590000
2018-06-12,801080.SI,2991.78,3006.87,2950.35,3005.15,1896920000,28005960000
2018-06-13,801080.SI,2998.40,3006.27,2954.53,2954.53,2041580000,29496780000
2018-06-14,801080.SI,2937.50,2970.48,2932.39,2941.38,2030130000,28363900000
2018-06-15,801080.SI,2942.29,2949.25,2872.68,2887.21,2567530000,35727750000
2018-06-19,801080.SI,2814.80,2839.18,2680.89,2708.22,3750690000,43524470000
2018-06-20,801080.SI,2689.91,2749.99,2662.10,2731.40,2837810000,34946350000
2018-06-21,801080.SI,2725.88,2737.05,2616.49,2618.64,2950540000,36590550000
2018-06-22,801080.SI,2594.92,2665.82,2558.76,2655.39,2566890000,30311570000
2018-06-25,801080.SI,2679.18,2685.29,2625.02,2626.39,2351070000,27733310000
2018-06-26,801080.SI,2583.52,2676.38,2570.10,2671.66,2554780000,30998830000
2018-06-27,801080.SI,2674.69,2696.46,2633.06,2641.34,2514220000,29840250000
2018-06-28,801080.SI,2635.85,2679.89,2626.05,2627.33,2465220000,29407830000
2018-06-29,801080.SI,2634.82,2745.26,2634.54,2745.26,3112300000,38502450000
2018-07-02,801080.SI,2741.89,2754.02,2672.74,2698.59,3028300000,37867730000
2018-07-03,801080.SI,2701.23,2745.04,2643.91,2740.51,3238840000,43225500000
2018-07-04,801080.SI,2723.69,2723.82,2651.63,2663.15,2629260000,34801550000
2018-07-05,801080.SI,2654.74,2677.40,2595.47,2599.00,2458070000,30649370000
2018-07-06,801080.SI,2605.74,2667.28,2558.23,2608.12,3003980000,39037060000
2018-07-09,801080.SI,2626.28,2701.30,2626.14,2701.30,2676570000,35269750000
2018-07-10,801080.SI,2709.24,2732.56,2699.30,2732.56,2557220000,33829020000
2018-07-11,801080.SI,2670.70,2694.13,2632.44,2668.89,2861950000,36497320000
2018-07-12,801080.SI,2672.35,2800.78,2672.30,2785.57,4333940000,55110750000
2018-07-13,801080.SI,2785.11,2809.56,2781.49,2801.98,3074820000,41323630000
2018-07-16,801080.SI,2802.14,2824.47,2796.54,2808.59,2953840000,39788570000
2018-07-17,801080.SI,2803.61,2816.78,2772.93,2816.78,2679950000,36381800000
2018-07-18,801080.SI,2828.47,2848.38,2788.56,2788.56,3162810000,41661690000
2018-07-19,801080.SI,2792.22,2811.26,2761.65,2774.88,2866640000,38568200000
2018-07-20,801080.SI,2770.37,2813.74,2751.46,2807.76,2755290000,36786610000
2018-07-23,801080.SI,2797.82,2857.96,2791.02,2849.09,3005300000,39950250000
2018-07-24,801080.SI,2849.45,2881.93,2833.57,2872.57,3894540000,46703050000
2018-07-25,801080.SI,2877.34,2898.23,2853.83,2862.10,3030790000,40353770000
2018-07-26,801080.SI,2863.34,2865.94,2796.45,2805.86,2967500000,36499100000
2018-07-27,801080.SI,2797.80,2807.25,2774.44,2786.27,2140210000,26038510000
2018-07-30,801080.SI,2783.85,2795.47,2722.49,2737.14,2338540000,28994740000
2018-07-31,801080.SI,2733.88,2754.08,2712.64,2731.23,1932110000,24526040000
2018-08-01,801080.SI,2746.91,2765.36,2682.83,2683.26,2518290000,29673930000
2018-08-02,801080.SI,2663.46,2664.58,2556.76,2613.96,2917980000,33802800000
2018-08-03,801080.SI,2607.10,2618.92,2541.15,2541.21,2085110000,26731140000
2018-08-06,801080.SI,2531.61,2552.32,2478.89,2495.37,1929800000,22999560000
2018-08-07,801080.SI,2505.17,2565.10,2473.45,2564.85,2201730000,25468320000
2018-08-08,801080.SI,2557.37,2559.53,2492.01,2492.46,1915050000,22958390000
2018-08-09,801080.SI,2487.01,2620.12,2482.69,2604.46,2943530000,34327650000
2018-08-10,801080.SI,2601.49,2624.79,2594.53,2622.51,2029210000,26273530000
2018-08-13,801080.SI,2591.59,2654.60,2581.37,2654.59,2401430000,29688170000
2018-08-14,801080.SI,2644.97,2645.07,2607.54,2618.80,2034940000,25125020000
2018-08-15,801080.SI,2620.07,2620.89,2546.68,2556.51,2126280000,25204710000
2018-08-16,801080.SI,2521.50,2587.98,2502.73,2540.69,1990870000,23844310000
2018-08-17,801080.SI,2571.18,2583.41,2494.94,2501.24,1822810000,22097170000
2018-08-20,801080.SI,2504.31,2535.68,2470.26,2528.81,1931280000,23296120000
2018-08-21,801080.SI,2529.82,2564.11,2513.50,2556.87,2132790000,27804620000
2018-08-22,801080.SI,2551.52,2551.63,2508.78,2514.80,1670110000,20877650000
2018-08-23,801080.SI,2512.18,2555.80,2512.14,2542.47,1999000000,24736210000
2018-08-24,801080.SI,2538.88,2551.33,2524.09,2530.60,1656930000,20851690000
2018-08-27,801080.SI,2539.83,2622.83,2539.65,2617.32,3152130000,33378920000
2018-08-28,801080.SI,2613.82,2630.05,2600.31,2613.91,2508260000,27180360000
2018-08-29,801080.SI,2611.17,2613.98,2584.10,2592.42,2224050000,21941140000
2018-08-30,801080.SI,2588.79,2601.37,2541.55,2544.55,2497280000,24149950000
2018-08-31,801080.SI,2533.65,2545.86,2513.26,2519.96,1692950000,18910960000
2018-09-03,801080.SI,2513.11,2513.24,2465.80,2503.74,1989330000,22118440000
2018-09-04,801080.SI,2500.26,2549.44,2498.20,2543.09,2106000000,24017530000
2018-09-05,801080.SI,2531.52,2542.67,2500.29,2500.45,1974270000,22485450000
2018-09-06,801080.SI,2485.06,2518.03,2468.11,2481.44,1905860000,21814810000
2018-09-07,801080.SI,2486.97,2525.04,2445.33,2459.14,2206320000,25657770000
2018-09-10,801080.SI,2445.11,2447.34,2363.36,2365.51,2254220000,24328430000
2018-09-11,801080.SI,2366.93,2390.03,2350.39,2373.27,1735580000,18402090000
2018-09-12,801080.SI,2375.27,2380.19,2343.49,2349.17,1752090000,20658530000
2018-09-13,801080.SI,2382.43,2394.94,2332.78,2373.35,2067760000,24405800000
2018-09-14,801080.SI,2380.17,2380.94,2330.34,2338.79,1890120000,22642250000
2018-09-17,801080.SI,2323.30,2323.52,2286.62,2291.46,1738860000,17463050000
2018-09-18,801080.SI,2282.34,2323.63,2265.37,2323.58,2008960000,21586830000
2018-09-19,801080.SI,2312.47,2376.93,2301.46,2351.78,2431800000,28071840000
2018-09-20,801080.SI,2348.42,2369.15,2339.27,2344.60,1976480000,20802250000
2018-09-21,801080.SI,2349.30,2390.69,2331.60,2387.19,2291120000,24019050000
2018-09-25,801080.SI,2367.26,2387.19,2359.53,2371.98,1553650000,17389030000
2018-09-26,801080.SI,2374.14,2411.77,2363.09,2387.82,2072980000,24318950000
2018-09-27,801080.SI,2382.97,2382.98,2329.03,2331.57,2089860000,23340990000
2018-09-28,801080.SI,2338.54,2348.74,2320.82,2348.74,1848830000,19596810000
2018-10-08,801080.SI,2294.52,2294.65,2224.52,2226.11,2190240000,23155670000
2018-10-09,801080.SI,2231.42,2247.67,2196.49,2209.75,1640940000,19355280000
2018-10-10,801080.SI,2213.14,2223.67,2182.68,2210.18,1615560000,17390470000
2018-10-11,801080.SI,2123.75,2138.41,2037.02,2051.99,3273060000,28641740000
2018-10-12,801080.SI,2034.48,2064.46,1976.75,2049.68,2939140000,25501890000
2018-10-15,801080.SI,2062.18,2091.80,2032.45,2034.97,2165470000,21054510000
2018-10-16,801080.SI,2037.83,2049.45,1968.99,1981.18,2158320000,20026250000
2018-10-17,801080.SI,2014.93,2023.93,1953.57,2010.07,2542350000,23554700000
2018-10-18,801080.SI,1996.07,2008.05,1967.54,1969.66,2470860000,21218330000
2018-10-19,801080.SI,1939.12,2023.90,1935.88,2022.90,2974930000,26798690000
2018-10-22,801080.SI,2047.17,2154.53,2047.01,2137.69,4008640000,39565150000
2018-10-23,801080.SI,2131.92,2135.14,2065.17,2078.10,3169110000,31023130000
2018-10-24,801080.SI,2069.17,2098.55,2054.90,2063.81,2351010000,22123470000
2018-10-25,801080.SI,1990.69,2056.81,1982.59,2049.84,2398220000,21546000000
2018-10-26,801080.SI,2071.30,2081.48,2036.98,2046.47,2288550000,21219650000
2018-10-29,801080.SI,2046.11,2060.48,2014.61,2025.51,2096340000,19240710000
2018-10-30,801080.SI,2013.20,2049.95,1979.76,2029.14,2695880000,23713030000
2018-10-31,801080.SI,2034.11,2080.30,2032.49,2068.24,2580060000,24127650000
2018-11-01,801080.SI,2093.67,2139.23,2087.86,2094.58,3487940000,32766200000
2018-11-02,801080.SI,2162.02,2197.11,2151.85,2197.11,4044640000,41929800000
2018-11-05,801080.SI,2189.35,2211.95,2154.28,2188.09,3714070000,37898150000
2018-11-06,801080.SI,2177.12,2177.16,2137.22,2168.93,2701310000,26171740000
2018-11-07,801080.SI,2167.46,2199.12,2158.93,2159.61,2910590000,27943280000
2018-11-08,801080.SI,2180.93,2182.79,2133.04,2134.03,2573910000,22895170000
2018-11-09,801080.SI,2123.53,2152.53,2117.20,2132.71,2300100000,20425060000
2018-11-12,801080.SI,2131.23,2207.43,2129.06,2207.43,3441450000,29424110000
2018-11-13,801080.SI,2171.57,2240.32,2166.74,2228.26,4620720000,38210130000
2018-11-14,801080.SI,2222.16,2237.66,2211.65,2215.95,4060720000,34500770000
2018-11-15,801080.SI,2213.55,2255.29,2213.39,2255.29,3500450000,33734130000
2018-11-16,801080.SI,2260.65,2307.65,2254.69,2294.54,4018420000,39907400000
2018-11-19,801080.SI,2291.09,2299.69,2275.21,2293.26,3244620000,32237620000
2018-11-20,801080.SI,2263.18,2264.45,2201.70,2204.88,3525570000,35230080000
2018-11-21,801080.SI,2172.90,2206.94,2167.67,2203.85,2747540000,25180250000
2018-11-22,801080.SI,2212.60,2220.48,2191.43,2200.78,2345750000,20852820000
2018-11-23,801080.SI,2196.86,2200.08,2110.35,2117.54,3186530000,28225930000
2018-11-26,801080.SI,2113.75,2132.56,2098.25,2107.13,2064450000,19500440000
2018-11-27,801080.SI,2119.70,2127.18,2099.28,2115.69,2195580000,20613420000
2018-11-28,801080.SI,2115.52,2161.84,2091.55,2161.84,2906250000,25160630000
2018-11-29,801080.SI,2179.79,2184.97,2106.28,2106.28,2766150000,25141750000
2018-11-30,801080.SI,2098.90,2140.43,2081.38,2137.52,2395150000,21528770000
2018-12-03,801080.SI,2221.64,2242.80,2199.92,2233.69,3620670000,38243710000
2018-12-04,801080.SI,2230.54,2239.26,2211.32,2232.78,2825240000,26853450000
2018-12-05,801080.SI,2185.17,2222.32,2177.68,2209.86,2503780000,23572840000
2018-12-06,801080.SI,2176.96,2179.51,2139.12,2140.53,2786700000,27993580000
2018-12-07,801080.SI,2146.52,2169.31,2146.12,2152.08,2013540000,19033070000
2018-12-10,801080.SI,2135.28,2149.52,2125.81,2132.57,2058900000,19457290000
2018-12-11,801080.SI,2136.62,2150.93,2131.98,2150.34,1969810000,18838260000
2018-12-12,801080.SI,2162.23,2167.92,2140.78,2146.74,2066180000,19568430000
2018-12-13,801080.SI,2153.31,2185.13,2138.33,2173.61,2534630000,23973430000
2018-12-14,801080.SI,2168.90,2169.51,2109.94,2112.38,2633160000,24474420000
2018-12-17,801080.SI,2098.67,2107.10,2071.87,2095.38,2060040000,19011880000
2018-12-18,801080.SI,2077.90,2098.97,2055.66,2075.95,1989770000,17737690000
2018-12-19,801080.SI,2079.03,2081.71,2044.85,2047.84,1896910000,17453130000
2018-12-20,801080.SI,2041.94,2063.40,2040.13,2057.78,2020660000,17995480000
2018-12-21,801080.SI,2049.07,2051.70,2022.82,2036.17,2346460000,19247090000
2018-12-24,801080.SI,2031.89,2066.52,2030.58,2065.96,2032980000,19294910000
2018-12-25,801080.SI,2038.93,2064.30,1998.16,2059.59,2900650000,26102710000
2018-12-26,801080.SI,2055.91,2067.79,2039.96,2041.80,2420040000,21413670000
2018-12-27,801080.SI,2076.57,2078.53,2011.84,2011.84,2558900000,23391860000
2018-12-28,801080.SI,2015.51,2023.48,1993.15,2002.67,2053570000,19547450000
2019-01-02,801080.SI,2007.83,2012.45,1988.58,1993.09,1885900000,18387170000
2019-01-03,801080.SI,1986.71,2000.17,1955.97,1956.00,2128730000,20742830000
2019-01-04,801080.SI,1928.87,2002.08,1921.60,1997.13,2754310000,23948850000
2019-01-07,801080.SI,2013.21,2056.34,2009.91,2054.35,3068000000,28166170000
2019-01-08,801080.SI,2050.22,2073.50,2046.41,2062.76,3384630000,27052760000
2019-01-09,801080.SI,2069.55,2110.88,2057.00,2078.24,3838450000,33092550000
2019-01-10,801080.SI,2079.43,2099.28,2072.66,2079.74,3218950000,27937160000
2019-01-11,801080.SI,2084.34,2104.44,2077.28,2097.34,3138290000,26959880000
2019-01-14,801080.SI,2092.89,2096.96,2064.06,2072.17,2896350000,24086180000
2019-01-15,801080.SI,2067.07,2109.38,2063.72,2109.38,2807320000,24866070000
2019-01-16,801080.SI,2108.99,2110.97,2085.89,2088.23,2819220000,25657600000
2019-01-17,801080.SI,2084.01,2085.13,2055.67,2057.74,2818950000,23514670000
2019-01-18,801080.SI,2060.38,2078.20,2045.83,2077.64,2916780000,25235400000
2019-01-21,801080.SI,2077.41,2103.69,2068.68,2100.58,2791510000,26735960000
2019-01-22,801080.SI,2098.21,2098.21,2070.47,2079.38,2626910000,24647310000
2019-01-23,801080.SI,2067.59,2077.89,2061.01,2072.75,2194580000,20822860000
2019-01-24,801080.SI,2075.17,2117.79,2066.77,2105.08,3308200000,32915290000
2019-01-25,801080.SI,2104.27,2137.38,2097.50,2115.73,3696030000,36082780000
2019-01-28,801080.SI,2128.03,2147.56,2108.01,2112.30,2988940000,30086970000
2019-01-29,801080.SI,2105.01,2105.28,2042.12,2064.87,2944410000,27176080000
2019-01-30,801080.SI,2053.50,2076.62,2038.32,2038.32,2208850000,21393030000
2019-01-31,801080.SI,2040.37,2074.07,2021.38,2037.85,3135850000,26191130000
2019-02-01,801080.SI,2050.12,2116.07,2049.76,2116.07,2810310000,26713980000
2019-02-11,801080.SI,2125.35,2202.82,2125.22,2201.84,3771370000,35268740000
2019-02-12,801080.SI,2202.78,2248.49,2198.93,2247.86,5888140000,44281170000
2019-02-13,801080.SI,2264.20,2340.32,2264.17,2334.35,6745870000,60004670000
2019-02-14,801080.SI,2359.74,2371.41,2331.21,2354.02,8986650000,62440580000
2019-02-15,801080.SI,2347.86,2371.72,2344.91,2348.15,7929040000,58436170000
2019-02-18,801080.SI,2375.09,2471.36,2365.36,2471.36,9853130000,76745460000
2019-02-19,801080.SI,2487.62,2507.08,2444.36,2483.18,9706330000,81360230000
2019-02-20,801080.SI,2474.89,2494.18,2446.82,2488.47,8407240000,66491850000
2019-02-21,801080.SI,2482.09,2560.61,2467.09,2488.79,9132190000,80591390000
2019-02-22,801080.SI,2479.91,2572.61,2479.91,2572.61,8057630000,73581020000
2019-02-25,801080.SI,2639.97,2739.50,2639.96,2720.04,11049060000,109720370000
2019-02-26,801080.SI,2727.66,2762.51,2661.05,2687.07,12885460000,110401770000
2019-02-27,801080.SI,2664.77,2692.22,2587.35,2619.40,9201820000,79920200000
2019-02-28,801080.SI,2616.33,2645.11,2600.75,2624.15,6198470000,54662850000
2019-03-01,801080.SI,2648.30,2652.90,2595.76,2646.25,6623120000,56921620000
2019-03-04,801080.SI,2691.06,2760.80,2677.05,2702.18,9716780000,93690070000
2019-03-05,801080.SI,2690.18,2807.94,2678.41,2807.94,9657690000,93563770000
2019-03-06,801080.SI,2833.53,2850.21,2772.08,2829.47,11572010000,110338570000
2019-03-07,801080.SI,2814.27,2851.08,2784.66,2822.27,9975310000,101841050000
2019-03-08,801080.SI,2751.22,2913.53,2719.47,2798.38,12728130000,133597770000
2019-03-11,801080.SI,2833.62,2911.90,2800.26,2911.90,10572460000,113251960000
2019-03-12,801080.SI,2926.77,2968.79,2901.28,2961.63,10646430000,118566310000
2019-03-13,801080.SI,2948.53,2948.53,2819.43,2839.44,9119980000,99690160000
2019-03-14,801080.SI,2808.65,2830.74,2729.63,2761.78,6941520000,70481620000
2019-03-15,801080.SI,2777.45,2816.30,2754.39,2785.11,5510340000,59431090000
2019-03-18,801080.SI,2783.31,2838.46,2743.89,2838.46,6007860000,60848740000
2019-03-19,801080.SI,2831.72,2886.75,2823.56,2853.63,6063570000,60789340000
2019-03-20,801080.SI,2849.79,2849.79,2767.32,2811.49,5368680000,56297230000
2019-03-21,801080.SI,2815.51,2863.78,2809.41,2846.94,6691620000,69621760000
2019-03-22,801080.SI,2859.15,2869.88,2806.77,2865.67,6749170000,67351440000
2019-03-25,801080.SI,2809.71,2872.10,2801.95,2832.14,6393070000,65639630000
2019-03-26,801080.SI,2845.95,2854.36,2739.55,2745.37,6305800000,65374800000
2019-03-27,801080.SI,2767.28,2772.91,2698.88,2761.27,5187050000,55411020000
2019-03-28,801080.SI,2744.58,2817.80,2734.53,2742.59,5263850000,59603130000
2019-03-29,801080.SI,2744.66,2825.03,2709.81,2824.98,5710860000,65242640000
2019-04-01,801080.SI,2841.03,2935.88,2840.95,2934.52,6965930000,82992420000
2019-04-02,801080.SI,2949.98,2970.61,2924.79,2935.14,6831540000,81177170000
2019-04-03,801080.SI,2919.82,2953.02,2907.22,2952.05,5344300000,61630630000
2019-04-04,801080.SI,2961.77,2970.69,2927.36,2939.53,5626440000,65071730000
2019-04-08,801080.SI,2946.67,2953.13,2832.70,2860.72,5754660000,65801570000
2019-04-09,801080.SI,2850.67,2891.14,2833.82,2876.37,4128340000,48472120000
2019-04-10,801080.SI,2858.78,2883.40,2827.67,2860.87,4915040000,51888140000
2019-04-11,801080.SI,2857.85,2860.42,2792.67,2792.67,4750660000,50102270000
2019-04-12,801080.SI,2797.60,2811.92,2778.61,2799.90,3360050000,36236220000
2019-04-15,801080.SI,2842.79,2862.84,2786.49,2786.88,4340800000,49349400000
2019-04-16,801080.SI,2772.44,2878.20,2751.59,2878.20,5143500000,61680750000
2019-04-17,801080.SI,2887.27,2933.24,2887.26,2910.46,6720250000,73728860000
2019-04-18,801080.SI,2909.30,2914.66,2888.89,2893.72,5602150000,61541240000
2019-04-19,801080.SI,2885.40,2913.84,2859.89,2913.84,4971160000,53364110000
2019-04-22,801080.SI,2915.71,2935.45,2881.07,2887.84,5783180000,62156380000
2019-04-23,801080.SI,2892.51,2892.55,2830.31,2835.03,5323330000,58786840000
2019-04-24,801080.SI,2841.29,2898.03,2800.62,2898.03,6791200000,64791720000
2019-04-25,801080.SI,2882.09,2887.30,2787.79,2787.83,6849180000,66873010000
2019-04-26,801080.SI,2760.99,2802.56,2754.49,2754.49,4853280000,52284870000
2019-04-29,801080.SI,2755.16,2762.45,2646.36,2653.89,5607120000,52529990000
2019-04-30,801080.SI,2646.48,2689.82,2642.77,2668.27,3726450000,37061130000
2019-05-06,801080.SI,2556.22,2558.51,2439.80,2447.75,4937740000,46656480000
2019-05-07,801080.SI,2454.09,2496.54,2426.50,2475.70,3988110000,39259430000
2019-05-08,801080.SI,2415.30,2520.76,2404.69,2466.74,4297810000,38712000000
2019-05-09,801080.SI,2443.70,2491.58,2440.96,2443.63,3386050000,33513160000
2019-05-10,801080.SI,2472.22,2552.39,2409.39,2552.39,5031290000,51438950000
2019-05-13,801080.SI,2511.87,2530.73,2465.18,2479.06,4241990000,46011210000
2019-05-14,801080.SI,2445.67,2490.18,2445.67,2462.78,3790490000,40548760000
2019-05-15,801080.SI,2487.29,2512.85,2478.70,2506.98,3939840000,41008660000
2019-05-16,801080.SI,2498.44,2498.44,2470.18,2488.28,4332400000,42471580000
2019-05-17,801080.SI,2497.60,2522.64,2410.48,2419.77,5473430000,55705580000
2019-05-20,801080.SI,2434.45,2434.51,2383.27,2415.99,4942360000,51934860000
2019-05-21,801080.SI,2414.84,2477.08,2408.65,2470.25,5929800000,57129270000
2019-05-22,801080.SI,2447.48,2495.66,2440.14,2465.24,5589200000,59404610000
2019-05-23,801080.SI,2459.32,2459.36,2387.47,2393.48,5278160000,57596750000
2019-05-24,801080.SI,2368.56,2391.92,2348.02,2352.93,3888310000,41576640000
2019-05-27,801080.SI,2356.22,2447.79,2347.87,2445.93,5030420000,50790580000
2019-05-28,801080.SI,2448.81,2466.98,2431.14,2449.38,5180370000,54252710000
2019-05-29,801080.SI,2441.61,2489.18,2437.21,2468.98,5214850000,54840060000
2019-05-30,801080.SI,2455.12,2455.19,2413.24,2447.39,4929060000,51219930000
2019-05-31,801080.SI,2442.86,2476.54,2435.80,2445.03,4357880000,49104220000
2019-06-03,801080.SI,2453.98,2461.64,2408.63,2437.19,4626090000,52091110000
2019-06-04,801080.SI,2433.69,2444.35,2388.92,2401.25,4421500000,51909150000
2019-06-05,801080.SI,2428.37,2432.78,2394.35,2407.27,3738650000,44522880000
2019-06-06,801080.SI,2403.58,2403.58,2322.63,2328.65,3854510000,42147310000
2019-06-10,801080.SI,2336.30,2396.63,2333.13,2386.05,3945360000,43167810000
2019-06-11,801080.SI,2389.87,2475.01,2370.12,2474.27,5880210000,61750910000
2019-06-12,801080.SI,2463.21,2481.84,2449.33,2462.19,5614870000,60295090000
2019-06-13,801080.SI,2453.24,2471.64,2437.38,2454.20,4211120000,45188910000
2019-06-14,801080.SI,2455.83,2460.80,2385.71,2388.92,4053680000,42652970000
2019-06-17,801080.SI,2387.44,2393.44,2366.06,2373.88,2750870000,29137980000
2019-06-18,801080.SI,2374.44,2383.15,2353.80,2367.01,2311980000,24839810000
2019-06-19,801080.SI,2463.45,2468.54,2437.36,2437.36,4476240000,53476910000
2019-06-20,801080.SI,2432.50,2490.19,2417.38,2477.95,4219470000,47382610000
2019-06-21,801080.SI,2499.93,2535.36,2499.90,2522.27,5094340000,54683110000
2019-06-24,801080.SI,2514.35,2519.04,2484.88,2499.24,3623620000,40038590000
2019-06-25,801080.SI,2495.70,2495.70,2434.07,2462.96,3311300000,36777760000
2019-06-26,801080.SI,2450.92,2495.32,2442.35,2485.59,3263080000,38230310000
2019-06-27,801080.SI,2502.29,2563.78,2502.24,2553.61,4375880000,54460230000
2019-06-28,801080.SI,2554.00,2554.00,2502.24,2523.65,3905110000,45178450000
2019-07-01,801080.SI,2618.75,2676.59,2606.32,2676.59,7852380000,82620490000
2019-07-02,801080.SI,2678.26,2680.24,2637.31,2648.16,7230510000,70796280000
2019-07-03,801080.SI,2634.95,2634.98,2592.16,2605.96,4630990000,50004480000
2019-07-04,801080.SI,2606.74,2610.92,2568.79,2581.63,3705720000,40811400000
2019-07-05,801080.SI,2583.72,2604.15,2583.72,2597.98,3167590000,36373800000
2019-07-08,801080.SI,2589.21,2589.24,2497.84,2511.83,4211290000,48738250000
2019-07-09,801080.SI,2507.98,2523.61,2484.49,2516.38,3013090000,35139980000
2019-07-10,801080.SI,2529.76,2537.68,2518.42,2529.37,3756690000,38746970000
2019-07-11,801080.SI,2541.04,2553.63,2505.40,2519.66,3487340000,36993900000
2019-07-12,801080.SI,2520.26,2536.51,2505.71,2522.61,3549710000,34035050000
2019-07-15,801080.SI,2504.70,2565.79,2476.80,2554.45,4329430000,46430790000
2019-07-16,801080.SI,2546.00,2579.98,2541.01,2573.94,5012380000,46184640000
2019-07-17,801080.SI,2569.39,2626.33,2560.11,2602.79,6587020000,57034140000
2019-07-18,801080.SI,2581.28,2581.32,2541.99,2541.99,5577990000,49372510000
2019-07-19,801080.SI,2546.93,2573.94,2543.83,2545.66,4075660000,39775800000
2019-07-22,801080.SI,2561.83,2563.99,2489.86,2512.44,4458800000,46036900000
2019-07-23,801080.SI,2511.95,2567.40,2511.94,2566.68,3687010000,40763310000
2019-07-24,801080.SI,2574.95,2637.05,2574.88,2626.54,5273880000,60024090000
2019-07-25,801080.SI,2631.97,2700.18,2630.57,2692.85,6761990000,74163660000
2019-07-26,801080.SI,2687.17,2703.26,2675.78,2694.59,4944040000,55540190000
2019-07-29,801080.SI,2697.63,2728.42,2696.17,2726.47,5142150000,56284900000
2019-07-30,801080.SI,2724.80,2739.84,2698.21,2699.88,5158390000,54747760000
2019-07-31,801080.SI,2694.70,2713.99,2690.27,2700.24,4346080000,48822690000
2019-08-01,801080.SI,2680.91,2702.53,2676.06,2701.14,4136180000,49507620000
2019-08-02,801080.SI,2612.39,2647.38,2599.72,2635.57,5122620000,58750040000
2019-08-05,801080.SI,2622.05,2666.67,2592.39,2592.39,4486660000,51029650000
2019-08-06,801080.SI,2527.05,2563.26,2468.13,2549.37,5591820000,59895990000
2019-08-07,801080.SI,2565.54,2570.32,2518.12,2518.12,3700900000,44278940000
2019-08-08,801080.SI,2527.90,2572.65,2521.41,2568.97,3920040000,45875630000
2019-08-09,801080.SI,2582.33,2602.10,2532.31,2535.08,4361960000,53512930000
2019-08-12,801080.SI,2543.56,2657.60,2535.57,2657.60,4585250000,57224880000
2019-08-13,801080.SI,2626.41,2660.20,2621.61,2644.65,4336760000,55352480000
2019-08-14,801080.SI,2705.14,2734.19,2665.67,2667.78,6339990000,75556780000
2019-08-15,801080.SI,2592.35,2716.82,2585.49,2716.82,5531170000,65432680000
2019-08-16,801080.SI,2710.85,2768.54,2708.59,2737.23,5885480000,70309340000
2019-08-19,801080.SI,2787.16,2869.49,2781.37,2852.05,7474800000,92250800000
2019-08-20,801080.SI,2858.30,2876.94,2844.55,2856.70,6566320000,79468470000
2019-08-21,801080.SI,2841.66,2909.57,2838.31,2886.69,6066070000,77486810000
2019-08-22,801080.SI,2892.09,2913.76,2849.84,2877.46,6837200000,78066990000
2019-08-23,801080.SI,2874.55,2888.40,2842.82,2874.04,5924690000,69732130000
2019-08-26,801080.SI,2801.91,2850.99,2801.91,2841.61,5490500000,67944210000
2019-08-27,801080.SI,2858.95,2915.68,2855.23,2880.28,6371020000,77703860000
2019-08-28,801080.SI,2872.30,2872.30,2849.61,2855.55,5075420000,62118880000
2019-08-29,801080.SI,2862.47,2892.15,2856.71,2874.82,5221590000,66045550000
2019-08-30,801080.SI,2892.59,2901.91,2802.45,2818.41,6298460000,86562310000
2019-09-02,801080.SI,2818.88,2920.39,2818.79,2910.55,5438970000,75067020000
2019-09-03,801080.SI,2920.16,3009.36,2920.13,3009.36,6753000000,93146220000
2019-09-04,801080.SI,3007.80,3042.51,2986.16,3033.01,6944550000,91497700000
2019-09-05,801080.SI,3052.94,3149.32,3039.24,3079.88,9232420000,120134630000
2019-09-06,801080.SI,3096.04,3128.14,3048.13,3095.36,7213770000,97851430000
2019-09-09,801080.SI,3130.03,3220.23,3114.87,3220.23,8976680000,115831640000
2019-09-10,801080.SI,3219.44,3222.96,3142.67,3169.73,7976020000,103977540000
2019-09-11,801080.SI,3179.95,3202.37,3136.30,3146.80,7501800000,89946830000
2019-09-12,801080.SI,3161.88,3163.64,3124.46,3154.79,5739270000,74053310000
2019-09-16,801080.SI,3168.52,3214.70,3140.17,3195.47,6414600000,87646480000
2019-09-17,801080.SI,3180.20,3180.24,3099.04,3126.72,6356480000,83829310000
2019-09-18,801080.SI,3134.32,3166.19,3085.76,3140.42,5149230000,73342330000
2019-09-19,801080.SI,3147.09,3222.87,3146.86,3222.87,6237390000,84916630000
2019-09-20,801080.SI,3231.25,3286.44,3222.30,3260.20,7029290000,103799710000
2019-09-23,801080.SI,3244.47,3288.12,3217.87,3288.12,6483320000,93186110000
2019-09-24,801080.SI,3280.89,3325.86,3277.54,3290.65,6887090000,101201290000
2019-09-25,801080.SI,3263.57,3263.57,3157.30,3158.59,6824960000,95358250000
2019-09-26,801080.SI,3171.23,3174.83,3036.01,3043.61,6021480000,86011290000
2019-09-27,801080.SI,3050.07,3136.49,3050.05,3122.62,4837380000,70516300000
2019-09-30,801080.SI,3113.66,3123.62,3033.34,3033.34,4063240000,59180760000
2019-10-08,801080.SI,3050.22,3069.64,2979.50,2987.90,3766930000,56589610000
2019-10-09,801080.SI,2970.40,3013.03,2940.10,3013.03,3684360000,53529300000
2019-10-10,801080.SI,3000.49,3072.23,2991.15,3072.18,4778640000,73015970000
2019-10-11,801080.SI,3082.06,3087.40,3040.05,3063.48,4619290000,69191260000
2019-10-14,801080.SI,3103.03,3135.04,3100.01,3132.58,5243060000,77589250000
2019-10-15,801080.SI,3110.29,3110.29,3047.03,3052.30,4942450000,68073140000
2019-10-16,801080.SI,3054.72,3066.29,3026.43,3028.22,3837970000,52555130000
2019-10-17,801080.SI,3032.34,3054.67,3023.89,3043.35,3379850000,48341230000
2019-10-18,801080.SI,3045.67,3051.23,2967.55,2974.12,4019570000,54898390000
2019-10-21,801080.SI,2971.78,2976.17,2922.32,2975.14,3257300000,44461340000
2019-10-22,801080.SI,2989.12,3035.34,2989.09,3032.58,3653400000,52270280000
2019-10-23,801080.SI,3035.05,3053.38,3010.61,3025.49,3795420000,51441040000
2019-10-24,801080.SI,3018.49,3032.45,2985.31,3018.49,3154290000,42844990000
2019-10-25,801080.SI,3014.36,3071.82,2992.23,3069.16,3657530000,51614110000
2019-10-28,801080.SI,3070.03,3136.55,3070.01,3136.06,4882450000,68541640000
2019-10-29,801080.SI,3130.41,3130.42,3073.07,3073.07,4597760000,65711260000
2019-10-30,801080.SI,3055.50,3099.88,3021.72,3082.43,4094040000,61832740000
2019-10-31,801080.SI,3078.67,3095.56,3037.64,3038.78,4170590000,61500820000
2019-11-01,801080.SI,3026.44,3079.66,3024.03,3075.98,3619380000,52912420000
2019-11-04,801080.SI,3082.80,3132.83,3082.11,3119.53,4343520000,66064910000
2019-11-05,801080.SI,3124.84,3162.85,3103.82,3161.47,4199140000,65549490000
2019-11-06,801080.SI,3160.28,3179.32,3113.99,3129.57,4282650000,67028340000
2019-11-07,801080.SI,3121.98,3148.73,3112.48,3146.47,4215970000,58276940000
2019-11-08,801080.SI,3167.60,3208.57,3159.39,3160.69,4731340000,71213430000
2019-11-11,801080.SI,3136.19,3146.89,3091.20,3098.89,4259800000,60138250000
2019-11-12,801080.SI,3099.99,3110.74,3030.29,3092.28,4292580000,60232570000
2019-11-13,801080.SI,3084.76,3136.54,3074.18,3136.40,3854670000,60771090000
2019-11-14,801080.SI,3127.70,3214.16,3122.53,3198.32,5773880000,80633840000
2019-11-15,801080.SI,3186.07,3229.23,3162.82,3162.82,5269200000,76183420000
2019-11-18,801080.SI,3161.73,3188.56,3136.05,3162.90,4405010000,61523810000
2019-11-19,801080.SI,3159.66,3216.88,3138.56,3216.88,4563230000,66816090000
2019-11-20,801080.SI,3203.69,3218.75,3167.77,3170.15,4371600000,63284860000
2019-11-21,801080.SI,3147.29,3184.11,3139.42,3171.42,3721190000,51966000000
2019-11-22,801080.SI,3175.08,3218.35,3082.49,3101.30,5145460000,78920040000
2019-11-25,801080.SI,3091.56,3091.58,3012.03,3029.89,4278830000,60605000000
2019-11-26,801080.SI,3047.94,3090.85,3047.83,3072.61,5012710000,57276480000
2019-11-27,801080.SI,3058.17,3154.05,3048.09,3132.36,4947040000,66279610000
2019-11-28,801080.SI,3129.50,3157.59,3123.92,3134.74,4254730000,56193190000
2019-11-29,801080.SI,3130.45,3153.78,3109.29,3148.15,4594630000,57620190000
2019-12-02,801080.SI,3154.70,3194.64,3154.68,3182.30,4592360000,62813370000
2019-12-03,801080.SI,3160.65,3224.06,3153.81,3224.06,4742330000,62080740000
2019-12-04,801080.SI,3198.42,3248.64,3198.42,3229.01,5327050000,65486170000
2019-12-05,801080.SI,3239.31,3330.04,3230.52,3296.53,6253230000,91080700000
2019-12-06,801080.SI,3297.51,3346.93,3293.56,3346.93,5865790000,83835350000
2019-12-09,801080.SI,3362.29,3382.93,3342.47,3346.55,6738620000,90808670000
2019-12-10,801080.SI,3329.61,3412.63,3301.39,3411.45,6936920000,94183500000
2019-12-11,801080.SI,3397.72,3420.76,3345.57,3365.59,7083850000,96345140000
2019-12-12,801080.SI,3363.22,3425.44,3362.76,3383.45,6828300000,94511950000
2019-12-13,801080.SI,3423.66,3435.88,3375.46,3429.20,7560420000,100687020000
2019-12-16,801080.SI,3445.05,3545.30,3445.05,3545.30,10442020000,127885230000
2019-12-17,801080.SI,3545.98,3617.98,3540.73,3606.92,11532030000,134014240000
2019-12-18,801080.SI,3606.30,3639.40,3581.17,3602.33,9928790000,127261360000
2019-12-19,801080.SI,3590.59,3590.59,3523.39,3548.31,8524140000,109427430000
2019-12-20,801080.SI,3549.16,3568.30,3505.39,3505.39,7083390000,89991660000
2019-12-23,801080.SI,3459.07,3481.68,3408.68,3409.13,7008700000,89138130000
2019-12-24,801080.SI,3424.97,3487.50,3405.66,3487.50,5856730000,74979660000
2019-12-25,801080.SI,3477.00,3562.20,3476.35,3548.02,6950690000,96626950000
2019-12-26,801080.SI,3544.32,3576.10,3528.15,3556.76,6782110000,84115760000
2019-12-27,801080.SI,3564.49,3568.80,3467.92,3467.92,7734260000,100178200000
2019-12-30,801080.SI,3435.38,3490.15,3364.25,3474.42,6476640000,82706120000
2019-12-31,801080.SI,3471.64,3507.22,3453.71,3479.98,5015670000,66962630000
2020-01-02,801080.SI,3507.71,3615.15,3486.74,3601.22,7126940000,102691410000
2020-01-03,801080.SI,3612.68,3634.23,3581.77,3618.87,7004950000,101098480000
2020-01-06,801080.SI,3584.66,3699.94,3574.93,3665.73,8105290000,112902660000
2020-01-07,801080.SI,3671.57,3681.76,3634.38,3663.96,6817240000,95617810000
2020-01-08,801080.SI,3643.25,3688.29,3610.66,3619.11,9517160000,112757500000
2020-01-09,801080.SI,3659.96,3711.10,3659.96,3711.10,7077740000,98286490000
2020-01-10,801080.SI,3720.93,3755.13,3700.88,3734.48,6561230000,99752420000
2020-01-13,801080.SI,3733.38,3849.46,3722.30,3849.46,7024260000,113130750000
2020-01-14,801080.SI,3868.18,3872.77,3825.04,3830.80,6796290000,107328900000
2020-01-15,801080.SI,3815.37,3877.70,3785.69,3875.50,6392540000,97129060000
2020-01-16,801080.SI,3866.72,3895.02,3856.78,3876.60,6531430000,102440580000
2020-01-17,801080.SI,3880.64,3884.32,3825.06,3832.99,5575530000,88134080000
2020-01-20,801080.SI,3836.94,3980.69,3836.94,3980.69,7023430000,112146420000
2020-01-21,801080.SI,3958.89,3989.93,3937.72,3955.12,6318590000,104145120000
2020-01-22,801080.SI,3923.55,4103.22,3876.44,4096.31,7554310000,124783250000
2020-01-23,801080.SI,4022.79,4116.37,3882.23,3951.21,8739690000,139876280000
2020-02-03,801080.SI,3561.30,3598.22,3561.30,3566.46,1992000000,40308100000
2020-02-04,801080.SI,3418.99,3682.71,3418.99,3673.91,9444000000,130321750000
2020-02-05,801080.SI,3689.51,3835.46,3681.23,3716.43,8081100000,124578030000
2020-02-06,801080.SI,3684.94,3812.98,3663.12,3805.43,8509300000,121617440000
2020-02-07,801080.SI,3788.23,3855.34,3760.32,3851.96,8602900000,134520760000
2020-02-10,801080.SI,3813.03,3849.17,3778.91,3846.38,7765480000,122635570000
2020-02-11,801080.SI,3850.29,3938.79,3836.32,3901.71,7567050000,122861790000
2020-02-12,801080.SI,3875.34,3981.71,3873.09,3978.41,7910800000,126053210000
2020-02-13,801080.SI,3975.33,4066.24,3948.97,3998.55,8732430000,145752050000
2020-02-14,801080.SI,3984.88,4101.29,3973.89,4026.06,8471440000,145761030000
2020-02-17,801080.SI,4057.06,4193.74,4057.06,4193.74,9582320000,152350640000
2020-02-18,801080.SI,4202.69,4309.00,4187.50,4309.00,11133280000,176875570000
2020-02-19,801080.SI,4289.91,4398.16,4253.99,4295.29,11266230000,187691480000
2020-02-20,801080.SI,4314.94,4464.02,4274.65,4455.80,12191270000,186332430000
2020-02-21,801080.SI,4459.31,4602.48,4459.31,4565.40,12986510000,206826080000
2020-02-24,801080.SI,4571.79,4783.44,4553.69,4778.31,13633840000,226575610000
2020-02-25,801080.SI,4651.43,4882.78,4523.84,4859.27,16203170000,275346620000
2020-02-26,801080.SI,4758.68,4798.25,4511.47,4533.03,14327770000,236577020000
2020-02-27,801080.SI,4561.43,4598.09,4376.43,4438.95,10816090000,184328550000
2020-02-28,801080.SI,4229.23,4312.96,4128.42,4165.02,12381150000,196006090000
2020-03-02,801080.SI,4253.54,4340.88,4155.82,4288.85,10569490000,170716020000
2020-03-03,801080.SI,4390.15,4480.06,4261.41,4307.53,10931430000,180626760000
2020-03-04,801080.SI,4250.46,4270.03,4098.58,4209.65,8761490000,149487470000
2020-03-05,801080.SI,4298.97,4310.82,4164.41,4257.69,8893370000,148497300000
2020-03-06,801080.SI,4176.58,4262.55,4166.72,4224.98,7681450000,114485440000
2020-03-09,801080.SI,4119.78,4136.73,3947.88,3950.69,9118210000,141699100000
2020-03-10,801080.SI,3919.49,4160.34,3919.49,4159.03,9793670000,155444250000
2020-03-11,801080.SI,4183.95,4204.72,4032.84,4033.70,8610500000,137288610000
2020-03-12,801080.SI,3939.33,4010.97,3908.16,3957.92,8042850000,114198640000
2020-03-13,801080.SI,3744.47,4000.86,3744.47,3947.05,9220700000,135629800000
2020-03-16,801080.SI,3965.01,3965.01,3634.22,3649.28,9482000000,142029270000
2020-03-17,801080.SI,3702.88,3736.07,3492.67,3645.16,8106690000,114975670000
2020-03-18,801080.SI,3686.26,3769.10,3585.33,3585.33,7889390000,116523820000
2020-03-19,801080.SI,3600.32,3691.61,3534.09,3670.89,7839980000,114035070000
2020-03-20,801080.SI,3722.02,3724.33,3598.39,3663.11,6412150000,97669250000
2020-03-23,801080.SI,3522.05,3550.08,3383.28,3397.30,7103510000,96807240000
2020-03-24,801080.SI,3478.36,3478.36,3307.52,3443.93,6808560000,96009340000
2020-03-25,801080.SI,3539.24,3593.72,3523.67,3565.58,7203330000,103907880000
2020-03-26,801080.SI,3525.21,3551.25,3474.22,3477.56,5321850000,79949530000
2020-03-27,801080.SI,3539.67,3539.67,3439.24,3439.34,4842530000,73802170000
2020-03-30,801080.SI,3355.43,3371.84,3253.32,3334.95,6097460000,84894570000
2020-03-31,801080.SI,3388.09,3396.29,3309.02,3313.79,4677710000,64961760000
2020-04-01,801080.SI,3309.19,3443.12,3302.30,3365.92,6643190000,86470710000
2020-04-02,801080.SI,3351.47,3554.55,3351.47,3554.55,7043520000,106464530000
2020-04-03,801080.SI,3533.72,3557.48,3487.03,3511.83,5622570000,89574640000
2020-04-07,801080.SI,3619.58,3625.82,3588.16,3618.65,6397220000,98448330000
2020-04-08,801080.SI,3595.64,3670.61,3592.60,3635.06,5974150000,92825820000
2020-04-09,801080.SI,3657.78,3657.78,3588.96,3611.55,4866840000,74716590000
2020-04-10,801080.SI,3600.61,3600.61,3452.37,3468.92,5237010000,78936900000
2020-04-13,801080.SI,3419.61,3421.97,3353.91,3380.58,3652080000,56275110000
2020-04-14,801080.SI,3417.50,3498.34,3417.48,3498.34,4338170000,66579120000
2020-04-15,801080.SI,3508.28,3577.70,3495.02,3508.64,5553760000,87721380000
2020-04-16,801080.SI,3473.00,3538.03,3447.89,3528.60,4282640000,66211610000
2020-04-17,801080.SI,3582.83,3646.82,3576.28,3585.46,6515340000,105345740000
2020-04-20,801080.SI,3588.68,3617.68,3564.61,3617.68,4546570000,73422780000
2020-04-21,801080.SI,3587.22,3587.22,3492.74,3550.61,4731030000,74014190000
2020-04-22,801080.SI,3510.12,3573.07,3499.09,3573.07,4223430000,59861370000
2020-04-23,801080.SI,3582.07,3582.07,3516.75,3518.63,4119800000,62044080000
2020-04-24,801080.SI,3516.41,3547.51,3433.26,3448.80,4265310000,61029260000
2020-04-27,801080.SI,3460.59,3473.65,3401.71,3447.34,3642780000,54377950000
2020-04-28,801080.SI,3454.59,3514.55,3341.36,3498.14,5691720000,88076840000
2020-04-29,801080.SI,3472.58,3522.95,3469.09,3513.10,4061940000,65338230000
2020-04-30,801080.SI,3556.82,3711.80,3556.80,3692.36,6952060000,111156000000
2020-05-06,801080.SI,3665.41,3819.30,3665.41,3817.45,7009850000,122146460000
2020-05-07,801080.SI,3841.43,3865.76,3775.16,3786.08,5912690000,103756640000
2020-05-08,801080.SI,3816.15,3865.64,3800.02,3825.11,5899170000,100334170000
2020-05-11,801080.SI,3854.45,3876.72,3790.30,3825.18,6136350000,95518810000
2020-05-12,801080.SI,3820.28,3856.50,3754.71,3853.40,5453930000,92153280000
2020-05-13,801080.SI,3825.29,3882.15,3808.77,3863.96,4932890000,83849510000
2020-05-14,801080.SI,3836.11,3894.71,3828.14,3849.26,5547900000,92259040000
2020-05-15,801080.SI,3870.44,3958.41,3846.29,3907.96,6606710000,115165960000
2020-05-18,801080.SI,3904.89,3904.89,3723.61,3735.35,7771010000,143387080000
2020-05-19,801080.SI,3774.02,3854.62,3756.05,3854.62,6043760000,112839420000
2020-05-20,801080.SI,3844.12,3875.92,3787.14,3808.04,6415200000,111949750000
2020-05-21,801080.SI,3823.72,3828.49,3711.70,3721.80,5461040000,96300540000
2020-05-22,801080.SI,3718.46,3733.82,3620.21,3652.83,5278540000,87504120000
2020-05-25,801080.SI,3625.55,3637.57,3566.80,3593.10,3905420000,66998210000
2020-05-26,801080.SI,3618.27,3709.96,3618.17,3709.82,4447980000,80310780000
2020-05-27,801080.SI,3708.33,3708.34,3634.55,3644.97,4681430000,83608090000
2020-05-28,801080.SI,3634.30,3656.92,3556.48,3634.66,4464850000,76008750000
2020-05-29,801080.SI,3608.37,3672.37,3597.59,3635.54,4733800000,71570980000
2020-06-01,801080.SI,3676.77,3837.16,3676.70,3831.20,7122630000,114421790000
2020-06-02,801080.SI,3857.39,3927.97,3841.90,3900.00,9431620000,128107460000
2020-06-03,801080.SI,3919.53,3995.98,3877.51,3924.58,8896130000,136634980000
2020-06-04,801080.SI,3938.34,3967.67,3909.89,3918.30,6387720000,95571240000
2020-06-05,801080.SI,3936.91,3968.10,3910.53,3955.64,5757360000,94355420000
2020-06-08,801080.SI,4005.82,4054.75,3964.72,3972.95,8375330000,119615230000
2020-06-09,801080.SI,3976.34,3993.04,3940.91,3982.14,6168700000,90432350000
2020-06-10,801080.SI,3977.88,4013.48,3954.29,4013.48,6416870000,94748360000
2020-06-11,801080.SI,4013.65,4056.91,3954.26,3975.59,6427020000,108253320000
2020-06-12,801080.SI,3869.37,3974.18,3869.37,3943.48,5929330000,100268240000
2020-06-15,801080.SI,3904.28,3949.89,3865.14,3865.14,5976730000,95605820000
2020-06-16,801080.SI,3930.45,3972.68,3922.24,3966.75,5789050000,95509840000
2020-06-17,801080.SI,3977.22,3977.22,3927.34,3966.67,5795860000,92147390000
2020-06-18,801080.SI,3959.62,4072.00,3957.77,4072.00,6924490000,112504680000
2020-06-19,801080.SI,4076.60,4136.44,4069.71,4118.25,6460370000,111937140000
2020-06-22,801080.SI,4145.49,4218.82,4145.48,4200.14,7249660000,128910720000
2020-06-23,801080.SI,4208.56,4211.27,4156.06,4206.18,6352430000,110143400000
2020-06-24,801080.SI,4212.77,4255.04,4198.97,4247.78,6038430000,117560290000
2020-06-29,801080.SI,4215.43,4243.93,4180.27,4206.11,5980470000,108087830000
2020-06-30,801080.SI,4249.66,4336.75,4249.59,4332.13,6702280000,125154520000
2020-07-01,801080.SI,4335.00,4375.57,4280.78,4364.37,6981370000,136153940000
2020-07-02,801080.SI,4360.86,4425.95,4325.39,4421.83,8509930000,142629800000
2020-07-03,801080.SI,4426.23,4431.26,4338.66,4425.32,7942250000,143717330000
2020-07-06,801080.SI,4450.81,4665.41,4450.81,4644.44,10769200000,190249960000
2020-07-07,801080.SI,4711.90,4898.14,4711.90,4754.38,12380140000,222458190000
2020-07-08,801080.SI,4767.48,4873.70,4701.06,4873.70,10172820000,192960160000
2020-07-09,801080.SI,4868.85,5062.65,4864.68,5021.26,11472300000,222714770000
2020-07-10,801080.SI,4972.49,5039.20,4922.89,4985.06,10734720000,208222970000
2020-07-13,801080.SI,4988.20,5169.58,4988.20,5169.58,10667090000,209126600000
2020-07-14,801080.SI,5154.35,5154.35,4934.68,5059.78,11587870000,234517080000
2020-07-15,801080.SI,5061.93,5076.49,4816.11,4821.75,9983570000,201816510000
2020-07-16,801080.SI,4816.16,4859.04,4502.22,4521.88,9338950000,177975410000
2020-07-17,801080.SI,4531.40,4635.82,4491.09,4559.93,7054130000,131950090000
2020-07-20,801080.SI,4651.76,4675.97,4528.17,4675.97,6656470000,129578300000
2020-07-21,801080.SI,4676.02,4728.08,4637.62,4698.05,7311180000,125125000000
2020-07-22,801080.SI,4701.30,4827.94,4675.91,4754.38,7303580000,134845310000
2020-07-23,801080.SI,4692.84,4730.14,4568.93,4712.46,7658080000,139482160000
2020-07-24,801080.SI,4661.37,4689.20,4413.40,4427.48,7519940000,138836370000
2020-07-27,801080.SI,4451.32,4509.78,4406.73,4458.30,5217430000,101645070000
2020-07-28,801080.SI,4521.08,4543.64,4481.30,4538.11,4941010000,92497030000
2020-07-29,801080.SI,4527.88,4724.42,4525.31,4722.85,6361090000,124345920000
2020-07-30,801080.SI,4746.23,4746.23,4668.28,4674.33,6122170000,114390100000
2020-07-31,801080.SI,4690.64,4835.15,4690.64,4800.55,7238460000,142558530000
2020-08-03,801080.SI,4870.18,4947.87,4853.56,4947.87,8159310000,162793140000
2020-08-04,801080.SI,4948.97,4948.97,4823.92,4859.14,7287900000,147139050000
2020-08-05,801080.SI,4958.88,4960.30,4841.87,4905.31,7189780000,142547680000
2020-08-06,801080.SI,4885.64,4925.47,4837.73,4905.17,8522840000,145290760000
2020-08-07,801080.SI,4885.69,4893.21,4707.15,4789.60,7745610000,152539310000
2020-08-10,801080.SI,4722.48,4797.75,4679.15,4747.26,6254450000,123371540000
2020-08-11,801080.SI,4745.42,4806.78,4672.94,4676.48,5950810000,109271330000
2020-08-12,801080.SI,4661.04,4711.97,4553.82,4711.97,6225830000,116991980000
2020-08-13,801080.SI,4725.14,4730.31,4669.07,4690.91,5591930000,90737650000
2020-08-14,801080.SI,4672.19,4769.26,4672.19,4766.19,5416150000,90069310000
2020-08-17,801080.SI,4774.97,4869.65,4753.85,4869.65,7869850000,121092190000
2020-08-18,801080.SI,4868.61,4868.64,4800.79,4835.72,7028250000,118460170000
2020-08-19,801080.SI,4814.58,4814.59,4678.27,4678.76,6824800000,113849970000
2020-08-20,801080.SI,4637.63,4718.61,4620.88,4668.23,5213850000,91284030000
2020-08-21,801080.SI,4726.49,4773.58,4657.45,4700.74,5899450000,109111060000
2020-08-24,801080.SI,4741.05,4852.33,4677.59,4824.44,7517320000,126115970000
2020-08-25,801080.SI,4832.00,4853.55,4780.61,4796.89,6628940000,111873810000
2020-08-26,801080.SI,4784.44,4784.44,4631.57,4643.05,6576660000,114251750000
2020-08-27,801080.SI,4640.93,4713.53,4601.48,4693.09,5536390000,97206140000
2020-08-28,801080.SI,4674.46,4757.74,4647.05,4754.30,6381210000,101459100000
2020-08-31,801080.SI,4784.57,4827.78,4736.14,4736.14,7320210000,115000600000
2020-09-01,801080.SI,4717.24,4780.86,4684.69,4776.62,6215230000,103085910000
2020-09-02,801080.SI,4787.30,4825.48,4763.55,4804.60,7933270000,120816230000
2020-09-03,801080.SI,4791.56,4791.56,4735.32,4762.16,6881900000,107057300000
2020-09-04,801080.SI,4661.98,4796.62,4661.98,4787.33,6551480000,111968800000
2020-09-07,801080.SI,4793.22,4825.50,4628.77,4649.64,7762880000,133820380000
2020-09-08,801080.SI,4652.00,4652.67,4569.72,4632.43,6909540000,112233540000
2020-09-09,801080.SI,4552.51,4552.54,4434.09,4456.27,7373990000,117307850000
2020-09-10,801080.SI,4507.70,4509.27,4363.06,4372.63,6534680000,95532790000
2020-09-11,801080.SI,4361.71,4508.84,4360.10,4506.47,5191770000,85351880000
2020-09-14,801080.SI,4533.31,4603.71,4524.67,4574.61,5415720000,95081010000
2020-09-15,801080.SI,4559.25,4595.90,4514.88,4573.48,4806330000,85191200000
2020-09-16,801080.SI,4557.90,4581.22,4499.48,4526.92,4590180000,77434760000
2020-09-17,801080.SI,4509.54,4605.69,4479.45,4560.99,4744260000,88693790000
2020-09-18,801080.SI,4563.35,4619.58,4543.57,4619.58,5036640000,85029000000
2020-09-21,801080.SI,4620.36,4654.34,4581.49,4585.20,4709290000,78576930000
2020-09-22,801080.SI,4545.06,4589.16,4515.06,4525.54,4450820000,68643330000
2020-09-23,801080.SI,4546.00,4571.26,4505.02,4555.97,3941530000,66459030000
2020-09-24,801080.SI,4512.06,4518.29,4444.39,4444.39,4561760000,69135290000
2020-09-25,801080.SI,4470.41,4470.41,4397.01,4413.31,3315060000,54020450000
2020-09-28,801080.SI,4425.03,4448.53,4400.26,4404.03,3181240000,55167920000
2020-09-29,801080.SI,4439.75,4485.02,4429.75,4458.35,3545610000,57606410000
2020-09-30,801080.SI,4473.37,4487.62,4427.41,4447.50,3403470000,53399260000
2020-10-09,801080.SI,4551.99,4634.40,4545.88,4634.40,4854020000,84830850000
2020-10-12,801080.SI,4669.74,4760.04,4660.04,4760.04,6152600000,113104950000
2020-10-13,801080.SI,4755.48,4775.09,4706.77,4751.75,4961510000,96457870000
2020-10-14,801080.SI,4719.39,4719.44,4642.23,4652.74,5261820000,92754960000
2020-10-15,801080.SI,4655.93,4676.25,4624.78,4626.13,4330920000,75331630000
2020-10-16,801080.SI,4627.24,4637.95,4545.14,4575.73,3838160000,68392810000
2020-10-19,801080.SI,4621.09,4629.07,4545.46,4553.76,3825120000,66793880000
2020-10-20,801080.SI,4554.00,4618.90,4523.19,4618.90,4224390000,68504410000
2020-10-21,801080.SI,4616.48,4616.48,4498.97,4523.20,3896050000,71876010000
2020-10-22,801080.SI,4494.55,4551.70,4472.78,4528.37,3941060000,65891660000
2020-10-23,801080.SI,4547.55,4578.48,4452.07,4460.76,3930020000,68839810000
2020-10-26,801080.SI,4443.55,4540.68,4421.53,4515.07,3603110000,68584510000
2020-10-27,801080.SI,4494.45,4549.87,4488.16,4546.84,3808560000,69942690000
2020-10-28,801080.SI,4547.68,4627.91,4494.68,4607.42,4794700000,92477970000
2020-10-29,801080.SI,4530.52,4605.60,4530.52,4586.64,4574030000,82003480000
2020-10-30,801080.SI,4597.64,4612.03,4502.34,4509.42,5467820000,112064770000
2020-11-02,801080.SI,4515.88,4603.95,4500.36,4597.06,5315730000,99949350000
2020-11-03,801080.SI,4617.28,4680.33,4588.32,4659.00,5287300000,99226040000
2020-11-04,801080.SI,4658.67,4694.28,4638.56,4670.08,4240110000,85818840000
2020-11-05,801080.SI,4741.91,4767.02,4690.03,4762.26,5237760000,99370680000
2020-11-06,801080.SI,4773.06,4802.93,4743.41,4802.93,5873250000,107330520000
2020-11-09,801080.SI,4858.72,5045.84,4858.67,4995.43,7963570000,165937680000
2020-11-10,801080.SI,4956.73,4956.73,4874.38,4908.10,6390360000,132097940000
2020-11-11,801080.SI,4866.38,4882.51,4728.97,4728.97,5857430000,109143410000
2020-11-12,801080.SI,4768.07,4785.57,4730.91,4756.22,4520020000,77459580000
2020-11-13,801080.SI,4729.43,4783.22,4702.09,4758.72,4963520000,92447970000
2020-11-16,801080.SI,4770.67,4770.67,4672.86,4705.29,4450900000,91733880000
2020-11-17,801080.SI,4686.25,4692.30,4569.36,4690.53,5332810000,105873760000
2020-11-18,801080.SI,4663.76,4704.76,4646.27,4681.62,5182660000,90042160000
2020-11-19,801080.SI,4659.70,4734.95,4638.26,4716.11,4381000000,80342130000
2020-11-20,801080.SI,4709.85,4751.40,4688.03,4704.45,3987360000,72033530000
2020-11-23,801080.SI,4696.73,4716.68,4650.20,4688.41,4490300000,81626590000
2020-11-24,801080.SI,4679.68,4726.90,4665.44,4694.28,4380370000,87831530000
2020-11-25,801080.SI,4702.93,4734.93,4656.55,4656.55,4801950000,87589760000
2020-11-26,801080.SI,4653.32,4678.88,4596.72,4623.18,4422350000,78355340000
2020-11-27,801080.SI,4628.89,4663.79,4595.76,4662.03,3894870000,73761640000
2020-11-30,801080.SI,4685.04,4733.89,4642.93,4690.54,5681780000,100252620000
2020-12-01,801080.SI,4684.66,4760.40,4681.67,4760.40,5571070000,90003840000
2020-12-02,801080.SI,4770.68,4838.10,4755.94,4821.41,7767820000,118607760000
2020-12-03,801080.SI,4828.75,4847.28,4777.98,4780.07,7379680000,111368130000
2020-12-04,801080.SI,4758.48,4802.64,4749.84,4791.95,6090790000,95348310000
2020-12-07,801080.SI,4827.61,4844.89,4786.65,4789.61,5678610000,100503120000
2020-12-08,801080.SI,4788.52,4810.19,4774.58,4792.02,5229860000,87561350000
2020-12-09,801080.SI,4788.29,4810.05,4704.60,4704.60,5890310000,104488950000
2020-12-10,801080.SI,4686.40,4753.79,4661.11,4714.82,4617770000,84622660000
2020-12-11,801080.SI,4715.03,4715.03,4589.86,4627.89,5604090000,104582340000
2020-12-14,801080.SI,4633.51,4657.29,4598.02,4654.40,4473320000,85020640000
2020-12-15,801080.SI,4647.73,4681.53,4616.56,4653.38,4300190000,77260670000
2020-12-16,801080.SI,4656.84,4659.45,4599.38,4600.85,4212780000,76721260000
2020-12-17,801080.SI,4590.66,4619.09,4540.78,4617.82,4165110000,73534140000
2020-12-18,801080.SI,4647.00,4652.24,4575.32,4589.06,3971420000,76716060000
2020-12-21,801080.SI,4566.62,4677.71,4557.86,4677.39,5270170000,94262680000
2020-12-22,801080.SI,4656.48,4670.04,4566.17,4566.17,5679410000,95411070000
2020-12-23,801080.SI,4584.10,4674.10,4580.61,4674.10,5813310000,103577290000
2020-12-24,801080.SI,4674.94,4710.09,4629.75,4653.06,5247840000,91387570000
2020-12-25,801080.SI,4646.87,4688.08,4629.92,4661.12,4366790000,81421310000
2020-12-28,801080.SI,4649.93,4649.93,4586.90,4598.77,4386300000,78169820000
2020-12-29,801080.SI,4602.61,4680.21,4591.00,4615.26,5156360000,86697560000
2020-12-30,801080.SI,4590.71,4676.29,4585.93,4671.98,5875070000,93644810000
2020-12-31,801080.SI,4670.14,4747.35,4669.51,4734.59,5292810000,95527500000
2021-01-04,801080.SI,4741.05,4815.09,4715.33,4806.00,6101380000,117712310000
2021-01-05,801080.SI,4779.85,4992.09,4779.60,4992.09,7524010000,152579910000
2021-01-06,801080.SI,5012.91,5015.26,4902.90,4915.12,6000660000,125651810000
2021-01-07,801080.SI,4912.90,4950.43,4873.94,4931.92,6243830000,125644560000
2021-01-08,801080.SI,4942.02,4970.61,4914.86,4961.47,5961680000,117778330000
2021-01-11,801080.SI,5003.87,5094.93,4960.46,5005.85,7214230000,149672740000
2021-01-12,801080.SI,4998.54,5123.84,4987.26,5123.69,7266970000,133771040000
2021-01-13,801080.SI,5136.02,5218.97,5125.38,5173.78,8310320000,165958300000
2021-01-14,801080.SI,5186.99,5252.12,5094.83,5137.39,8750610000,175003370000
2021-01-15,801080.SI,5131.56,5176.58,5001.62,5073.50,7639040000,146241670000
2021-01-18,801080.SI,5056.98,5275.57,5056.95,5256.35,7816730000,149020760000
2021-01-19,801080.SI,5247.66,5266.56,5138.64,5153.48,7368080000,143191240000
2021-01-20,801080.SI,5150.50,5217.30,5119.58,5198.19,5647100000,109648480000
2021-01-21,801080.SI,5203.53,5293.72,5191.96,5257.21,7104050000,130712330000
2021-01-22,801080.SI,5262.81,5276.58,5149.32,5231.50,6879060000,141810650000
2021-01-25,801080.SI,5154.46,5253.10,5090.19,5174.97,7018220000,148931430000
2021-01-26,801080.SI,5143.81,5166.05,5022.39,5045.59,5793870000,115007370000
2021-01-27,801080.SI,5052.39,5080.65,4971.91,5076.41,5119080000,98961840000
2021-01-28,801080.SI,5003.95,5026.16,4844.89,4853.35,6086760000,112362720000
2021-01-29,801080.SI,4898.21,4902.42,4734.43,4799.98,6546480000,112565050000
2021-02-01,801080.SI,4804.65,4844.51,4771.65,4840.12,5358020000,91389560000
2021-02-02,801080.SI,4852.83,4896.62,4820.32,4891.14,4890580000,88828960000
2021-02-03,801080.SI,4887.07,4887.09,4724.34,4724.34,5618520000,100903500000
2021-02-04,801080.SI,4690.55,4722.29,4563.02,4692.41,6155920000,110611720000
2021-02-05,801080.SI,4694.80,4694.80,4561.95,4561.95,5267480000,85079330000
2021-02-08,801080.SI,4577.59,4671.48,4554.02,4616.28,4166630000,76535660000
2021-02-09,801080.SI,4630.57,4749.07,4622.09,4733.33,4143940000,77010220000
2021-02-10,801080.SI,4750.77,4838.82,4727.38,4833.26,4095150000,80182710000
2021-02-18,801080.SI,4911.47,4915.06,4824.88,4836.32,5209570000,98635980000
2021-02-19,801080.SI,4813.48,4890.28,4758.92,4884.63,5003860000,88989160000
2021-02-22,801080.SI,4883.02,4898.05,4784.30,4784.30,6130700000,102124310000
2021-02-23,801080.SI,4734.47,4822.60,4732.99,4772.45,4846800000,78810340000
2021-02-24,801080.SI,4779.01,4847.92,4682.26,4737.12,5260610000,91992510000
2021-02-25,801080.SI,4764.77,4769.16,4697.22,4703.63,4220870000,72052590000
2021-02-26,801080.SI,4603.17,4690.67,4603.17,4636.48,4258370000,74402900000
2021-03-01,801080.SI,4691.59,4791.79,4691.44,4790.95,4355720000,79681730000
2021-03-02,801080.SI,4820.46,4855.29,4767.32,4816.52,4307380000,84399610000
2021-03-03,801080.SI,4795.88,4857.28,4765.02,4857.28,4137150000,71140710000
2021-03-04,801080.SI,4816.58,4833.33,4697.77,4715.46,4400930000,77252540000
2021-03-05,801080.SI,4643.57,4779.41,4643.57,4742.55,4852150000,77003730000
2021-03-08,801080.SI,4784.84,4831.08,4616.52,4621.27,5569400000,88466040000
2021-03-09,801080.SI,4608.87,4608.87,4405.02,4433.02,5686930000,88253220000
2021-03-10,801080.SI,4504.80,4506.96,4399.03,4413.84,4221460000,65320280000
2021-03-11,801080.SI,4405.90,4500.41,4353.28,4485.72,4730580000,76690990000
2021-03-12,801080.SI,4493.99,4494.01,4401.26,4437.80,4576840000,70337690000
2021-03-15,801080.SI,4389.53,4389.55,4282.71,4313.77,4380860000,69815540000
2021-03-16,801080.SI,4326.18,4347.94,4235.05,4296.90,3972290000,63279580000
2021-03-17,801080.SI,4280.31,4386.86,4255.14,4382.59,4755990000,67521000000
2021-03-18,801080.SI,4386.92,4386.92,4345.63,4369.02,4196560000,59522030000
2021-03-19,801080.SI,4305.79,4361.12,4278.91,4291.94,4145480000,63532230000
2021-03-22,801080.SI,4285.38,4356.20,4270.01,4354.90,5054670000,70964800000
2021-03-23,801080.SI,4367.04,4399.99,4300.39,4325.45,4976630000,71788800000
2021-03-24,801080.SI,4298.10,4319.45,4237.91,4238.73,3676740000,55549740000
2021-03-25,801080.SI,4213.33,4269.95,4210.14,4237.97,3867450000,54970160000
2021-03-26,801080.SI,4257.54,4364.86,4254.87,4352.13,4160350000,62273400000
2021-03-29,801080.SI,4376.29,4392.91,4333.24,4341.31,3808350000,61720150000
2021-03-30,801080.SI,4343.75,4387.69,4328.50,4360.94,3766690000,59405780000
2021-03-31,801080.SI,4364.82,4371.49,4328.48,4367.49,3041930000,49244110000
2021-04-01,801080.SI,4378.40,4448.78,4375.41,4444.00,3578430000,63362960000
2021-04-02,801080.SI,4467.80,4566.46,4467.78,4561.04,5282820000,89398330000
2021-04-06,801080.SI,4596.85,4597.05,4538.44,4566.86,4514770000,72809210000
2021-04-07,801080.SI,4567.61,4573.85,4524.43,4572.31,5151380000,76667830000
2021-04-08,801080.SI,4549.89,4607.03,4534.63,4564.47,4410920000,68254820000
2021-04-09,801080.SI,4560.89,4588.88,4512.51,4521.45,4609440000,67187340000
2021-04-12,801080.SI,4528.28,4556.36,4400.94,4412.76,5172010000,76656570000
2021-04-13,801080.SI,4419.39,4488.16,4417.51,4431.70,5157960000,71831160000
2021-04-14,801080.SI,4439.65,4501.89,4436.78,4494.22,5209830000,69508090000
2021-04-15,801080.SI,4483.92,4483.97,4422.44,4477.45,4169790000,60245500000
2021-04-16,801080.SI,4491.56,4503.12,4443.35,4489.34,4077970000,59493210000
2021-04-19,801080.SI,4506.55,4646.62,4506.55,4646.62,5833940000,94076090000
2021-04-20,801080.SI,4633.24,4646.66,4606.01,4607.34,4950180000,79664200000
2021-04-21,801080.SI,4580.35,4629.59,4562.48,4619.65,4495590000,66712650000
2021-04-22,801080.SI,4637.88,4706.94,4621.61,4676.53,4560580000,81835470000
2021-04-23,801080.SI,4667.17,4699.22,4652.00,4676.82,4462310000,75401180000
2021-04-26,801080.SI,4687.04,4762.94,4664.66,4667.80,5767230000,93114150000
2021-04-27,801080.SI,4655.73,4655.73,4576.35,4637.24,4399350000,74432030000
2021-04-28,801080.SI,4628.10,4645.49,4585.41,4645.49,4338780000,74368990000
2021-04-29,801080.SI,4644.96,4705.25,4644.91,4650.79,3946230000,72777900000
2021-04-30,801080.SI,4655.22,4671.37,4603.67,4637.52,4243000000,76025140000
2021-05-06,801080.SI,4607.26,4635.24,4562.37,4574.07,4303110000,71828020000
2021-05-07,801080.SI,4587.18,4593.65,4400.81,4400.81,5128430000,82141690000
2021-05-10,801080.SI,4393.42,4407.05,4351.23,4373.54,3960680000,64792330000
2021-05-11,801080.SI,4341.52,4391.91,4297.78,4391.07,3630150000,58007520000
2021-05-12,801080.SI,4375.36,4416.95,4336.72,4413.95,3575940000,58593010000
2021-05-13,801080.SI,4354.77,4419.88,4349.71,4366.16,4181530000,62709710000
2021-05-14,801080.SI,4385.51,4447.39,4341.36,4447.19,4001140000,64138860000
2021-05-17,801080.SI,4452.06,4522.67,4452.03,4483.32,4339840000,72902100000
2021-05-18,801080.SI,4462.27,4477.28,4437.23,4471.82,3550550000,56140080000
2021-05-19,801080.SI,4452.64,4536.48,4447.39,4522.43,4066210000,66647130000
2021-05-20,801080.SI,4504.80,4541.38,4497.84,4526.02,3906700000,63812200000
2021-05-21,801080.SI,4540.94,4557.08,4503.49,4508.40,4028380000,61178760000
2021-05-24,801080.SI,4503.14,4552.99,4473.76,4552.99,4499840000,74371460000
2021-05-25,801080.SI,4557.61,4651.39,4540.60,4647.40,4689060000,85458560000
2021-05-26,801080.SI,4652.26,4652.26,4607.03,4613.41,4179420000,71375990000
2021-05-27,801080.SI,4608.65,4736.01,4608.65,4712.38,5267030000,100356360000
2021-05-28,801080.SI,4697.77,4724.34,4651.77,4677.59,5736440000,96016150000
2021-05-31,801080.SI,4697.23,4735.78,4696.36,4734.79,4668070000,83542700000
2021-06-01,801080.SI,4724.51,4785.21,4701.35,4760.34,5320440000,95134920000
2021-06-02,801080.SI,4761.24,4761.28,4659.17,4681.24,4990270000,83072950000
2021-06-03,801080.SI,4681.51,4716.10,4648.46,4649.26,4401370000,73382430000
2021-06-04,801080.SI,4629.91,4738.75,4623.38,4707.39,5517550000,91590730000
2021-06-07,801080.SI,4749.70,4791.77,4748.42,4789.25,5812190000,107949800000
2021-06-08,801080.SI,4799.17,4820.35,4743.34,4756.45,5585660000,99373650000
2021-06-09,801080.SI,4754.50,4788.97,4747.18,4775.22,4999260000,84758540000
2021-06-10,801080.SI,4762.78,4813.85,4757.90,4813.78,5808840000,95044990000
2021-06-11,801080.SI,4814.71,4819.27,4744.40,4759.08,6455530000,104211400000
2021-06-15,801080.SI,4766.33,4827.84,4754.04,4806.47,5797770000,101132710000
2021-06-16,801080.SI,4818.46,4830.20,4682.84,4683.36,6049000000,106284000000
2021-06-17,801080.SI,4685.06,4886.11,4685.02,4876.05,7099140000,135734650000
2021-06-18,801080.SI,4896.31,4955.85,4894.38,4939.22,8293490000,152708320000
2021-06-21,801080.SI,4920.16,5005.44,4889.03,4985.49,7191700000,136293170000
2021-06-22,801080.SI,5001.83,5011.71,4937.73,4999.13,6959450000,124635180000
2021-06-23,801080.SI,4991.30,5170.77,4988.14,5144.02,7801270000,158040190000
2021-06-24,801080.SI,5152.38,5167.70,5105.77,5149.63,7298550000,138783460000
2021-06-25,801080.SI,5142.33,5193.70,5095.15,5181.31,6859950000,134332480000
2021-06-28,801080.SI,5190.43,5269.23,5173.08,5235.87,6349730000,130986540000
2021-06-29,801080.SI,5221.58,5229.19,5138.78,5164.32,5888770000,117550120000
2021-06-30,801080.SI,5184.94,5301.28,5184.68,5294.29,5876360000,131397910000
2021-07-01,801080.SI,5306.88,5306.88,5187.44,5192.63,5938520000,123939390000
2021-07-02,801080.SI,5161.32,5166.01,5091.96,5103.14,5082250000,114325340000
2021-07-05,801080.SI,5145.36,5243.56,5138.66,5242.28,5528410000,127996040000
2021-07-06,801080.SI,5254.15,5304.60,5123.01,5216.68,6693450000,146667460000
2021-07-07,801080.SI,5153.78,5311.35,5123.42,5298.19,5933680000,127837850000
2021-07-08,801080.SI,5306.71,5434.24,5306.71,5407.90,7358620000,154749030000
2021-07-09,801080.SI,5362.74,5384.10,5264.78,5360.63,6447290000,139310160000
2021-07-12,801080.SI,5379.64,5459.91,5322.91,5442.72,7490670000,158586610000
2021-07-13,801080.SI,5406.40,5406.40,5277.62,5319.28,6995480000,156058490000
2021-07-14,801080.SI,5321.67,5353.86,5269.07,5282.48,7362540000,132575840000
2021-07-15,801080.SI,5267.19,5284.90,5186.29,5270.25,6639320000,120232190000
2021-07-16,801080.SI,5263.83,5333.96,5245.69,5249.51,6636990000,125203280000
2021-07-19,801080.SI,5217.10,5272.49,5187.23,5249.24,5733030000,113264840000
2021-07-20,801080.SI,5200.00,5327.52,5190.45,5327.52,5371510000,107814830000
2021-07-21,801080.SI,5348.28,5488.70,5341.41,5433.18,7683860000,164534750000
2021-07-22,801080.SI,5453.60,5507.87,5405.65,5500.22,8235670000,178977380000
2021-07-23,801080.SI,5493.15,5493.15,5421.19,5434.83,8411740000,164903540000
2021-07-26,801080.SI,5450.68,5487.27,5266.17,5408.72,7877960000,165349490000
2021-07-27,801080.SI,5427.44,5611.47,5350.86,5352.59,9238290000,220746610000
2021-07-28,801080.SI,5272.59,5356.01,5070.85,5241.85,8053630000,171462860000
2021-07-29,801080.SI,5354.97,5503.42,5311.56,5481.53,8056950000,185241170000
2021-07-30,801080.SI,5444.97,5522.05,5412.67,5506.40,8066960000,185131510000
2021-08-02,801080.SI,5477.64,5522.50,5425.13,5522.44,7741510000,182861700000
2021-08-03,801080.SI,5478.43,5503.97,5313.38,5335.51,7118500000,164996650000
2021-08-04,801080.SI,5334.36,5525.35,5334.36,5520.22,6230780000,152505920000
2021-08-05,801080.SI,5493.20,5560.31,5446.65,5510.02,6454640000,143440120000
2021-08-06,801080.SI,5527.81,5536.51,5422.33,5483.51,6089910000,134801080000
2021-08-09,801080.SI,5432.11,5444.13,5326.70,5432.72,5889260000,130612250000
2021-08-10,801080.SI,5420.51,5449.82,5356.69,5428.19,5983390000,132371130000
2021-08-11,801080.SI,5431.01,5479.99,5388.28,5457.68,6102160000,127300510000
2021-08-12,801080.SI,5441.48,5542.92,5439.55,5489.86,6541180000,137591990000
2021-08-13,801080.SI,5459.97,5459.98,5336.89,5345.25,6518340000,139930500000
2021-08-16,801080.SI,5326.68,5390.58,5282.64,5328.75,5668880000,124556180000
2021-08-17,801080.SI,5325.32,5325.36,5122.65,5142.23,6026870000,125470770000
2021-08-18,801080.SI,5142.10,5178.92,5106.67,5147.84,4629120000,99212780000
2021-08-19,801080.SI,5150.48,5237.79,5133.70,5205.77,5062800000,103464930000
2021-08-20,801080.SI,5194.83,5259.62,5157.43,5217.42,5359500000,114137640000
2021-08-23,801080.SI,5232.88,5358.04,5210.31,5345.75,5746670000,123406250000
2021-08-24,801080.SI,5350.18,5400.02,5319.97,5373.95,6226600000,134662500000
2021-08-25,801080.SI,5376.38,5386.81,5299.33,5336.57,5681180000,119987850000
2021-08-26,801080.SI,5336.42,5348.79,5249.46,5254.74,5807690000,119961020000
2021-08-27,801080.SI,5238.40,5296.23,5227.67,5275.77,5985220000,121273300000
2021-08-30,801080.SI,5296.89,5331.57,5196.90,5224.50,6706900000,145925190000
2021-08-31,801080.SI,5199.73,5199.79,5077.72,5122.78,6331370000,134234890000
2021-09-01,801080.SI,5126.08,5126.08,4990.72,5097.89,6161060000,127712340000
2021-09-02,801080.SI,5081.29,5084.94,5022.33,5040.58,5295940000,108034010000
2021-09-03,801080.SI,5033.09,5075.14,4968.96,5024.95,5493430000,110041300000
2021-09-06,801080.SI,5017.33,5131.32,4999.64,5126.17,5116810000,103808310000
2021-09-07,801080.SI,5121.66,5167.25,5102.61,5158.84,4996570000,97906870000
2021-09-08,801080.SI,5158.09,5208.06,5154.55,5201.62,7390890000,125428920000
2021-09-09,801080.SI,5175.36,5180.96,5091.06,5128.69,5840560000,107260020000
2021-09-10,801080.SI,5122.37,5263.31,5105.70,5239.31,5905010000,122521710000
2021-09-13,801080.SI,5219.49,5219.50,5121.37,5134.11,5510870000,112126570000
2021-09-14,801080.SI,5124.15,5188.83,5088.27,5108.55,5286020000,104437560000
2021-09-15,801080.SI,5094.08,5101.29,5033.91,5078.13,4788110000,94070860000
2021-09-16,801080.SI,5065.25,5077.60,4950.34,4951.56,5383440000,94363080000
2021-09-17,801080.SI,4952.38,4994.43,4884.99,4962.68,4423010000,76693040000
2021-09-22,801080.SI,4891.13,4990.55,4891.13,4959.93,3731680000,69198120000
2021-09-23,801080.SI,4975.64,5052.01,4948.57,5034.51,4293480000,90805880000
2021-09-24,801080.SI,5023.80,5059.54,4990.18,4997.21,4419810000,82275070000
2021-09-27,801080.SI,5026.07,5052.12,4938.37,4967.17,4681420000,91642820000
2021-09-28,801080.SI,4944.89,5023.70,4916.13,4962.73,3215800000,70448270000
2021-09-29,801080.SI,4918.23,4919.43,4831.65,4848.34,3802050000,73185020000
2021-09-30,801080.SI,4858.52,4930.28,4858.25,4921.40,2930780000,63888620000
2021-10-08,801080.SI,5001.13,5045.82,4953.53,4971.69,4128470000,83131400000
2021-10-11,801080.SI,4967.54,5012.02,4946.64,4955.60,3561700000,75158280000
2021-10-12,801080.SI,4943.18,4943.22,4791.86,4830.77,3981920000,76763220000
2021-10-13,801080.SI,4828.87,4906.16,4816.84,4903.02,3542170000,69325490000
2021-10-14,801080.SI,4900.50,4929.70,4891.64,4911.25,3246520000,65727260000
2021-10-15,801080.SI,4902.30,4990.40,4888.08,4972.31,4160540000,92470590000
2021-10-18,801080.SI,4959.20,4959.24,4874.95,4929.45,3788390000,86380020000
2021-10-19,801080.SI,4929.14,4988.58,4929.14,4981.05,3530590000,78634700000
2021-10-20,801080.SI,4984.51,5004.23,4963.60,4964.44,3583540000,74742770000
2021-10-21,801080.SI,4962.30,4963.87,4894.14,4915.10,3734990000,74078610000
2021-10-22,801080.SI,4928.59,5003.69,4926.70,4972.49,3683660000,88697270000
2021-10-25,801080.SI,4969.98,4986.93,4927.28,4986.90,3756940000,82021310000
2021-10-26,801080.SI,4995.44,5075.60,4986.56,5048.04,5046010000,112237140000
2021-10-27,801080.SI,5041.90,5041.90,4957.54,4977.81,4692850000,97221860000
2021-10-28,801080.SI,4963.00,5010.41,4917.49,4932.82,4602910000,102930620000
2021-10-29,801080.SI,4938.81,5022.52,4936.80,5005.13,4584590000,103514070000
2021-11-01,801080.SI,5008.48,5123.58,5008.08,5113.72,5638480000,121471240000
2021-11-02,801080.SI,5125.25,5204.47,5100.46,5142.35,5911870000,135944770000
2021-11-03,801080.SI,5152.85,5181.85,5076.10,5123.18,4891730000,104240470000
2021-11-04,801080.SI,5149.66,5213.39,5145.48,5204.19,4888100000,112890410000
2021-11-05,801080.SI,5236.67,5286.87,5223.92,5223.92,5966130000,130726960000
2021-11-08,801080.SI,5199.36,5199.36,5177.38,5184.58,5000430000,111954470000
2021-11-09,801080.SI,5177.04,5261.60,5152.44,5254.41,4861560000,109844800000
2021-11-10,801080.SI,5236.54,5297.43,5221.22,5282.58,5944620000,121442690000
2021-11-11,801080.SI,5255.64,5403.05,5255.30,5363.00,6592200000,140907040000
2021-11-12,801080.SI,5341.02,5396.08,5329.11,5389.94,5959690000,123586700000
2021-11-15,801080.SI,5401.90,5426.53,5364.82,5380.38,6138760000,125577040000
2021-11-16,801080.SI,5362.19,5407.70,5309.48,5316.35,6342430000,124718230000
2021-11-17,801080.SI,5313.11,5354.15,5282.80,5354.13,5357350000,105213490000
2021-11-18,801080.SI,5333.42,5352.31,5279.50,5284.38,5380230000,107810970000
2021-11-19,801080.SI,5282.70,5371.82,5282.69,5368.13,5268850000,116467690000
2021-11-22,801080.SI,5378.13,5520.59,5378.11,5520.16,6760540000,153780610000
2021-11-23,801080.SI,5502.02,5510.24,5468.00,5483.20,6182650000,142217230000
2021-11-24,801080.SI,5479.24,5521.35,5472.64,5476.09,5770010000,131826500000
2021-11-25,801080.SI,5463.26,5501.57,5444.15,5446.53,5484750000,126150420000
2021-11-26,801080.SI,5423.78,5423.81,5339.71,5354.84,5108760000,118172520000
2021-11-29,801080.SI,5274.15,5388.58,5274.15,5388.58,5031930000,114285150000
2021-11-30,801080.SI,5415.22,5463.92,5393.02,5432.09,5141170000,121511930000
2021-12-01,801080.SI,5430.19,5475.15,5411.43,5440.43,4856560000,111597080000
2021-12-02,801080.SI,5445.86,5466.73,5404.27,5414.04,5425660000,117291440000
2021-12-03,801080.SI,5428.93,5512.74,5428.87,5490.60,4837280000,119717020000
2021-12-06,801080.SI,5489.57,5489.57,5410.15,5412.69,5026840000,110661150000
2021-12-07,801080.SI,5450.02,5452.89,5293.10,5328.90,4939790000,110048970000
2021-12-08,801080.SI,5350.35,5490.53,5350.29,5490.53,4810540000,112326180000
2021-12-09,801080.SI,5494.96,5574.20,5494.96,5565.33,7515430000,140375480000
2021-12-10,801080.SI,5534.24,5547.79,5503.77,5535.08,6573070000,123191420000
2021-12-13,801080.SI,5543.26,5601.73,5515.69,5581.39,5417580000,98132620000
2021-12-14,801080.SI,5571.30,5600.17,5545.67,5581.50,4700860000,88613870000
2021-12-15,801080.SI,5574.94,5596.34,5524.71,5528.29,4847020000,89882050000
2021-12-16,801080.SI,5550.90,5563.48,5526.84,5539.37,4296650000,81924470000
2021-12-17,801080.SI,5515.83,5515.83,5412.80,5414.20,4906460000,89994230000
2021-12-20,801080.SI,5393.20,5430.21,5288.36,5290.01,4542130000,82363890000
2021-12-21,801080.SI,5293.90,5356.27,5293.90,5355.54,3897300000,68996320000
2021-12-22,801080.SI,5376.69,5512.10,5376.06,5471.50,5189440000,101034920000
2021-12-23,801080.SI,5482.23,5515.79,5452.10,5496.95,4459950000,85083600000
2021-12-24,801080.SI,5502.00,5539.08,5460.27,5464.61,4475140000,85308990000
2021-12-27,801080.SI,5467.50,5486.22,5428.87,5441.30,3441920000,67551220000
2021-12-28,801080.SI,5461.76,5467.60,5415.38,5456.93,3369910000,68523640000
2021-12-29,801080.SI,5461.73,5461.79,5366.24,5391.20,3365260000,68634360000
2021-12-30,801080.SI,5388.92,5531.29,5388.92,5501.95,4321120000,83600650000
2021-12-31,801080.SI,5501.31,5501.31,5451.27,5493.91,3801710000,74863320000
2022-01-04,801080.SI,5514.88,5525.22,5424.01,5497.86,4990900000,92633950000
2022-01-05,801080.SI,5474.16,5474.26,5252.87,5296.11,5249570000,100680780000
2022-01-06,801080.SI,5251.94,5307.64,5201.42,5273.45,4006920000,75674750000
2022-01-07,801080.SI,5277.95,5312.14,5197.49,5202.63,4734720000,77549970000
2022-01-10,801080.SI,5179.60,5252.77,5110.09,5218.00,4534770000,75482160000
2022-01-11,801080.SI,5218.71,5218.73,5092.08,5098.68,4260240000,72297380000
2022-01-12,801080.SI,5131.65,5190.71,5124.73,5182.91,3648880000,70259440000
2022-01-13,801080.SI,5190.79,5190.79,5081.26,5081.63,3817270000,65830740000
2022-01-14,801080.SI,5053.78,5169.25,5051.96,5136.64,3999300000,73077020000
2022-01-17,801080.SI,5137.70,5270.62,5137.70,5257.20,4241640000,82317430000
2022-01-18,801080.SI,5254.19,5332.61,5238.63,5264.47,4057070000,77528820000
2022-01-19,801080.SI,5238.30,5248.38,5155.59,5185.16,3344330000,63268680000
2022-01-20,801080.SI,5182.70,5221.68,5117.26,5118.63,3791470000,67634420000
2022-01-21,801080.SI,5099.93,5116.19,5019.06,5023.28,3337270000,58604490000
2022-01-24,801080.SI,5002.52,5105.44,5002.52,5077.01,2971760000,59795560000
2022-01-25,801080.SI,5066.77,5099.08,4919.52,4919.52,3766200000,63922730000
2022-01-26,801080.SI,4930.03,4977.81,4882.65,4953.54,2779910000,53308110000
2022-01-27,801080.SI,4948.70,4962.33,4780.58,4782.53,3095100000,57479630000
2022-01-28,801080.SI,4809.28,4845.90,4722.96,4758.41,3056330000,56158330000
2022-02-07,801080.SI,4833.71,4856.87,4757.42,4770.45,3168990000,56993330000
2022-02-08,801080.SI,4762.16,4762.17,4598.43,4683.72,3095960000,60733100000
2022-02-09,801080.SI,4687.13,4743.70,4640.77,4741.05,3157050000,57324840000
2022-02-10,801080.SI,4752.56,4775.92,4700.66,4720.24,2951350000,52351040000
2022-02-11,801080.SI,4694.53,4694.63,4593.49,4600.30,3366490000,56931080000
2022-02-14,801080.SI,4572.38,4644.72,4556.16,4581.41,2760770000,50021670000
2022-02-15,801080.SI,4588.97,4719.54,4588.72,4718.67,2798220000,54580560000
2022-02-16,801080.SI,4747.75,4747.75,4697.77,4709.97,2583940000,47629940000
2022-02-17,801080.SI,4700.36,4777.52,4677.63,4732.77,2762600000,52137160000
2022-02-18,801080.SI,4694.31,4713.16,4686.30,4709.68,2288730000,39774650000
2022-02-21,801080.SI,4698.47,4722.35,4691.61,4713.13,3271500000,49074030000
2022-02-22,801080.SI,4674.81,4693.44,4599.83,4678.81,3261800000,57796850000
2022-02-23,801080.SI,4683.02,4875.27,4683.02,4873.83,3945330000,82448350000
2022-02-24,801080.SI,4852.79,4890.22,4713.90,4782.19,5029520000,88013800000
2022-02-25,801080.SI,4848.02,4883.97,4817.56,4825.02,3153370000,63039310000
2022-02-28,801080.SI,4811.70,4839.46,4783.07,4816.32,2990760000,53298060000
2022-03-01,801080.SI,4818.51,4831.34,4782.42,4813.19,2603180000,50012300000
2022-03-02,801080.SI,4778.96,4779.10,4717.26,4746.64,2352110000,47855230000
2022-03-03,801080.SI,4772.48,4772.82,4643.33,4647.18,2752780000,52144670000
2022-03-04,801080.SI,4610.46,4701.09,4605.77,4619.47,2912320000,58087430000
2022-03-07,801080.SI,4588.32,4588.32,4419.11,4439.57,3467610000,63078510000
2022-03-08,801080.SI,4444.74,4487.58,4323.65,4391.41,3853500000,70302720000
2022-03-09,801080.SI,4412.67,4472.62,4214.54,4389.33,4258600000,77421470000
2022-03-10,801080.SI,4506.15,4516.02,4433.55,4436.19,3544920000,72727260000
2022-03-11,801080.SI,4359.81,4423.55,4289.93,4422.20,3379460000,63860830000
2022-03-14,801080.SI,4371.09,4390.32,4280.27,4280.27,2722770000,49978560000
2022-03-15,801080.SI,4243.14,4312.16,4110.51,4110.51,3873120000,67247150000
2022-03-16,801080.SI,4195.02,4287.97,4031.23,4285.81,4236250000,80534410000
2022-03-17,801080.SI,4363.10,4441.81,4355.11,4371.81,4139760000,88271680000
2022-03-18,801080.SI,4346.60,4388.95,4318.10,4363.21,2875440000,55050670000
2022-03-21,801080.SI,4383.71,4419.93,4341.50,4391.63,3105210000,57197680000
2022-03-22,801080.SI,4384.95,4403.08,4344.67,4357.44,2662590000,49382480000
2022-03-23,801080.SI,4370.87,4383.12,4330.10,4374.27,2677240000,48822960000
2022-03-24,801080.SI,4346.87,4346.89,4271.94,4280.83,2529030000,47289600000
2022-03-25,801080.SI,4307.57,4321.68,4228.06,4228.06,2457910000,48394390000
2022-03-28,801080.SI,4182.22,4221.61,4157.29,4188.78,2479770000,43986570000
2022-03-29,801080.SI,4198.92,4204.77,4067.77,4079.58,2746380000,54257510000
2022-03-30,801080.SI,4111.28,4182.23,4111.08,4182.23,2760000000,51815850000
2022-03-31,801080.SI,4163.51,4163.63,4093.27,4095.16,2574410000,48700260000
2022-04-01,801080.SI,4072.86,4129.63,4053.18,4097.08,2534210000,43264460000
2022-04-06,801080.SI,4086.38,4086.39,3989.65,4013.08,2758250000,48992240000
2022-04-07,801080.SI,3999.41,4024.77,3928.60,3928.60,3016010000,47393390000
2022-04-08,801080.SI,3942.02,3942.02,3850.71,3905.58,2885800000,46562450000
2022-04-11,801080.SI,3882.29,3882.29,3701.62,3714.10,2999210000,50737580000
2022-04-12,801080.SI,3716.88,3770.62,3666.19,3770.62,2672130000,44507400000
2022-04-13,801080.SI,3747.71,3747.72,3682.36,3682.36,2170070000,36946540000
2022-04-14,801080.SI,3713.01,3772.91,3675.84,3749.59,2254480000,44086930000
2022-04-15,801080.SI,3711.66,3770.62,3687.87,3741.61,2318840000,42121570000
2022-04-18,801080.SI,3718.78,3846.18,3715.38,3846.07,2369480000,46459620000
2022-04-19,801080.SI,3831.77,3846.32,3761.28,3775.06,2240500000,41779230000
2022-04-20,801080.SI,3781.20,3798.71,3730.84,3736.99,2358910000,37965120000
2022-04-21,801080.SI,3717.95,3786.71,3641.09,3651.18,3148790000,47177250000
2022-04-22,801080.SI,3629.13,3636.13,3555.48,3581.49,2705590000,44405530000
2022-04-25,801080.SI,3508.36,3508.44,3300.61,3300.67,3929860000,52745100000
2022-04-26,801080.SI,3312.22,3342.20,3199.28,3204.95,3526000000,47488430000
2022-04-27,801080.SI,3165.23,3394.73,3165.23,3394.14,3726100000,54404010000
2022-04-28,801080.SI,3381.32,3421.95,3335.01,3375.57,3321500000,50931630000
2022-04-29,801080.SI,3412.71,3545.23,3393.51,3525.66,3866500000,59227660000
2022-05-05,801080.SI,3524.49,3578.61,3499.91,3530.64,3117270000,50312470000
2022-05-06,801080.SI,3435.71,3493.11,3428.50,3443.76,2521490000,37179040000
2022-05-09,801080.SI,3432.43,3472.83,3420.22,3435.55,2164020000,31409180000
2022-05-10,801080.SI,3387.44,3556.20,3380.18,3536.09,3126220000,52422880000
2022-05-11,801080.SI,3541.51,3740.23,3541.51,3645.34,4602620000,72921020000
2022-05-12,801080.SI,3617.51,3693.14,3617.51,3661.39,3186310000,51713310000
2022-05-13,801080.SI,3677.69,3684.80,3631.33,3659.46,2420650000,39506230000
2022-05-16,801080.SI,3687.13,3711.05,3613.85,3624.73,2490240000,37674080000
2022-05-17,801080.SI,3624.29,3722.16,3614.67,3721.69,2828020000,50647450000
2022-05-18,801080.SI,3732.67,3769.69,3722.49,3744.07,2954530000,48532610000
2022-05-19,801080.SI,3681.05,3782.45,3681.05,3782.45,3131300000,51352720000
2022-05-20,801080.SI,3798.91,3828.81,3766.05,3819.61,3603150000,53945980000
2022-05-23,801080.SI,3833.33,3838.43,3781.31,3835.96,3053460000,49430230000
2022-05-24,801080.SI,3826.09,3860.07,3678.69,3678.69,3848980000,58637590000
2022-05-25,801080.SI,3677.74,3715.11,3658.33,3704.57,2500490000,40652910000
2022-05-26,801080.SI,3708.50,3741.85,3620.61,3711.76,3098080000,48439010000
2022-05-27,801080.SI,3738.75,3773.53,3671.59,3697.28,2799280000,43131800000
2022-05-30,801080.SI,3702.75,3744.10,3675.89,3727.97,2819340000,42582740000
2022-05-31,801080.SI,3730.92,3843.56,3675.97,3841.41,4290470000,68817170000
2022-06-01,801080.SI,3829.32,3853.46,3807.97,3828.45,3515250000,57434030000
2022-06-02,801080.SI,3815.24,3916.74,3804.92,3914.71,3606080000,64674210000
2022-06-06,801080.SI,3924.99,4021.89,3924.99,4019.03,4365940000,79566590000
2022-06-07,801080.SI,4013.15,4018.07,3932.87,3952.41,3568280000,65997610000
2022-06-08,801080.SI,3943.66,3979.97,3880.02,3935.51,3426300000,59300730000
2022-06-09,801080.SI,3930.82,3930.83,3787.99,3810.30,3174790000,55494230000
2022-06-10,801080.SI,3784.48,3886.61,3784.48,3885.74,3323800000,62637540000
2022-06-13,801080.SI,3847.38,3886.42,3819.44,3856.59,3534440000,60228620000
2022-06-14,801080.SI,3818.67,3818.97,3684.38,3804.82,3821040000,65166430000
2022-06-15,801080.SI,3804.53,3934.06,3804.52,3867.21,6074480000,81189520000
2022-06-16,801080.SI,3875.24,3958.69,3875.24,3915.75,5317880000,78350870000
2022-06-17,801080.SI,3879.09,3917.25,3836.39,3913.85,4107830000,68435710000
2022-06-20,801080.SI,3928.24,3984.12,3904.74,3958.85,4148420000,74648630000
2022-06-21,801080.SI,3960.95,3988.91,3913.95,3951.68,4464910000,74602040000
2022-06-22,801080.SI,3956.36,3956.41,3825.03,3825.03,4202650000,75461660000
2022-06-23,801080.SI,3814.16,3920.87,3814.12,3920.87,4690460000,81129910000
2022-06-24,801080.SI,3930.07,4000.10,3924.32,3987.82,5227400000,91936220000
2022-06-27,801080.SI,4010.28,4048.73,3996.81,4030.65,5277680000,91069320000
2022-06-28,801080.SI,4031.47,4167.97,3978.36,4164.59,6781430000,113556570000
2022-06-29,801080.SI,4153.88,4215.38,4069.91,4069.91,6567490000,120367110000
2022-06-30,801080.SI,4073.28,4173.16,4073.28,4150.05,5550810000,100526830000
2022-07-01,801080.SI,4159.49,4199.69,4130.04,4150.60,4691280000,88374330000
2022-07-04,801080.SI,4104.03,4104.04,4017.03,4067.16,4552830000,92268800000
2022-07-05,801080.SI,4062.29,4079.39,3962.94,4017.48,4535590000,84141150000
2022-07-06,801080.SI,4010.83,4104.47,4003.01,4040.67,4203560000,84238500000
2022-07-07,801080.SI,4044.36,4075.09,3992.66,4065.38,4524310000,79353200000
2022-07-08,801080.SI,4081.81,4162.83,4081.80,4101.96,4685830000,90623150000
2022-07-11,801080.SI,4080.96,4081.04,3975.67,4003.49,4132670000,74540650000
2022-07-12,801080.SI,4003.85,4006.67,3904.60,3904.60,3646610000,65889740000
2022-07-13,801080.SI,3903.27,3905.09,3845.24,3881.75,3195140000,56779870000
2022-07-14,801080.SI,3872.54,3957.56,3871.67,3922.52,3686380000,63667970000
2022-07-15,801080.SI,3912.04,3986.35,3896.57,3904.60,4608720000,74967460000
2022-07-18,801080.SI,3913.80,3942.41,3858.24,3939.12,4161080000,70656200000
2022-07-19,801080.SI,3936.19,3962.63,3909.87,3956.62,4005790000,67558600000
2022-07-20,801080.SI,3976.44,4015.98,3971.92,3985.94,3975190000,70030790000
2022-07-21,801080.SI,3978.43,4070.67,3956.96,4024.72,4652930000,86882940000
2022-07-22,801080.SI,4033.13,4033.13,3946.69,3979.68,4779790000,77754330000
2022-07-25,801080.SI,3967.15,3987.05,3905.83,3913.78,3961630000,62342390000
2022-07-26,801080.SI,3916.65,3939.54,3874.17,3939.54,3540220000,55144290000
2022-07-27,801080.SI,3924.99,3948.61,3919.46,3939.24,3618700000,58086190000
2022-07-28,801080.SI,3964.89,4090.58,3964.87,4064.81,6352130000,101471440000
2022-07-29,801080.SI,4058.32,4058.32,3998.88,4000.99,4908480000,83929260000
2022-08-01,801080.SI,3990.69,4092.06,3935.56,4092.06,5043500000,86818950000
2022-08-02,801080.SI,4037.25,4070.39,3970.94,4014.65,6229290000,100233270000
2022-08-03,801080.SI,4029.63,4132.73,4024.56,4041.72,6259630000,110695940000
2022-08-04,801080.SI,4070.28,4125.30,4059.58,4099.20,5304690000,92764940000
2022-08-05,801080.SI,4108.82,4258.70,4091.38,4258.70,6845120000,132546730000
2022-08-08,801080.SI,4279.51,4282.91,4230.14,4280.74,6165580000,123779680000
2022-08-09,801080.SI,4255.17,4304.47,4197.42,4303.63,5737960000,108901210000
2022-08-10,801080.SI,4256.93,4336.34,4249.31,4286.81,5931900000,110382160000
2022-08-11,801080.SI,4311.39,4427.28,4310.09,4419.77,8200030000,136912910000
2022-08-12,801080.SI,4410.09,4428.19,4338.76,4338.81,7987830000,125013230000
2022-08-15,801080.SI,4328.58,4367.77,4309.04,4346.80,7039490000,104858310000
2022-08-16,801080.SI,4337.37,4370.76,4309.52,4333.36,6878390000,105997810000
2022-08-17,801080.SI,4330.15,4395.78,4297.48,4385.44,7213710000,113817830000
2022-08-18,801080.SI,4369.74,4456.19,4345.24,4444.94,7738690000,125605090000
2022-08-19,801080.SI,4442.56,4494.23,4333.63,4333.63,7732050000,124680000000
2022-08-22,801080.SI,4319.88,4393.85,4306.52,4361.40,6055740000,96364660000
2022-08-23,801080.SI,4351.31,4382.81,4328.17,4343.78,6213620000,94420230000
2022-08-24,801080.SI,4341.26,4341.27,4133.44,4139.08,6884460000,107883730000
2022-08-25,801080.SI,4151.39,4160.26,4062.70,4113.21,5310800000,81532450000
2022-08-26,801080.SI,4141.19,4160.71,4061.44,4068.63,4585630000,74034870000
2022-08-29,801080.SI,4001.60,4088.12,4001.60,4057.91,3995800000,63478870000
2022-08-30,801080.SI,4054.41,4082.50,4017.07,4041.11,4153260000,68133660000
2022-08-31,801080.SI,4022.13,4042.32,3934.89,3954.84,4786570000,73976460000
2022-09-01,801080.SI,3958.19,3984.87,3894.58,3900.36,3826870000,56418950000
2022-09-02,801080.SI,3907.48,3996.42,3903.09,3978.87,3898330000,59732930000
2022-09-05,801080.SI,3970.45,3991.05,3914.33,3963.19,3688860000,57385680000
2022-09-06,801080.SI,3970.43,4000.55,3944.36,4000.55,3849960000,59188920000
2022-09-07,801080.SI,3995.14,4075.79,3995.14,4048.62,4365530000,75615100000
2022-09-08,801080.SI,4046.86,4051.21,3986.40,3987.96,3713420000,59869660000
2022-09-09,801080.SI,3991.81,3991.81,3937.55,3982.65,3102650000,46729370000
2022-09-13,801080.SI,4005.75,4060.31,3984.87,3989.10,2861980000,45553030000
2022-09-14,801080.SI,3922.01,3967.40,3919.39,3950.82,3075760000,47861440000
2022-09-15,801080.SI,3962.02,3962.06,3787.43,3831.48,4110210000,64003470000
2022-09-16,801080.SI,3814.47,3851.57,3767.31,3767.31,3304260000,50465380000
2022-09-19,801080.SI,3760.51,3790.44,3696.47,3712.60,3039240000,48115240000
2022-09-20,801080.SI,3734.68,3750.31,3695.16,3719.32,2692120000,44936570000
2022-09-21,801080.SI,3701.00,3705.55,3642.52,3685.98,2818310000,45548230000
2022-09-22,801080.SI,3654.82,3702.01,3651.16,3659.28,2567090000,42944590000
2022-09-23,801080.SI,3656.34,3668.21,3543.27,3571.77,2845400000,46590840000
2022-09-26,801080.SI,3538.88,3605.52,3538.88,3550.87,2652480000,41274100000
2022-09-27,801080.SI,3560.95,3623.33,3560.92,3623.33,2777280000,42729110000
2022-09-28,801080.SI,3611.99,3612.01,3505.43,3505.43,2641410000,40143670000
2022-09-29,801080.SI,3541.64,3547.45,3477.88,3493.43,2556530000,37775630000
2022-09-30,801080.SI,3485.96,3499.34,3420.24,3420.42,2320180000,34694200000
2022-10-10,801080.SI,3412.26,3412.26,3270.27,3273.34,2628550000,42678010000
2022-10-11,801080.SI,3275.11,3279.80,3244.42,3261.49,2227590000,37767570000
2022-10-12,801080.SI,3260.27,3406.33,3248.58,3405.48,3922260000,54846020000
2022-10-13,801080.SI,3384.38,3449.22,3382.57,3409.74,3270160000,48771660000
2022-10-14,801080.SI,3444.27,3500.39,3412.75,3492.56,3522390000,52671640000
2022-10-17,801080.SI,3471.21,3576.11,3471.21,3569.69,3701420000,53515010000
2022-10-18,801080.SI,3588.01,3588.01,3527.66,3557.92,3392340000,48330270000
2022-10-19,801080.SI,3546.57,3582.64,3531.39,3531.39,3084680000,46110010000
2022-10-20,801080.SI,3512.64,3644.83,3482.39,3600.84,4225980000,66422450000
2022-10-21,801080.SI,3592.08,3592.12,3531.83,3557.03,3674650000,54470550000
2022-10-24,801080.SI,3562.53,3644.18,3512.43,3539.68,4107160000,62775370000
2022-10-25,801080.SI,3522.12,3563.52,3478.56,3516.04,3646370000,54969580000
2022-10-26,801080.SI,3519.84,3625.64,3509.64,3603.67,4112760000,65987740000
2022-10-27,801080.SI,3605.47,3635.42,3573.49,3586.33,4424100000,70059020000
2022-10-28,801080.SI,3556.87,3606.64,3462.60,3474.34,4487810000,71426810000
2022-10-31,801080.SI,3447.16,3570.15,3447.12,3536.00,4514830000,69558330000
2022-11-01,801080.SI,3537.68,3611.77,3520.03,3611.77,4306790000,67292200000
2022-11-02,801080.SI,3641.78,3689.05,3641.18,3656.79,5029290000,79435590000
2022-11-03,801080.SI,3620.01,3715.18,3620.00,3708.24,4895380000,80937400000
2022-11-04,801080.SI,3705.36,3774.45,3698.91,3764.49,4948250000,82485440000
2022-11-07,801080.SI,3776.13,3805.57,3748.28,3773.18,5063490000,80054150000
2022-11-08,801080.SI,3773.54,3774.64,3712.06,3733.98,4277560000,61468610000
2022-11-09,801080.SI,3733.98,3748.61,3696.34,3705.82,3735550000,56262280000
2022-11-10,801080.SI,3672.57,3690.62,3598.91,3611.80,3991960000,64973050000
2022-11-11,801080.SI,3702.91,3718.27,3649.89,3650.59,5092760000,82647630000
2022-11-14,801080.SI,3643.59,3705.16,3632.87,3648.39,3908220000,64031490000
2022-11-15,801080.SI,3640.62,3849.29,3637.67,3849.29,6516980000,107127610000
2022-11-16,801080.SI,3853.08,3853.08,3794.39,3808.33,5205460000,83899370000
2022-11-17,801080.SI,3792.26,3852.81,3739.78,3852.81,4729850000,84362990000
2022-11-18,801080.SI,3837.39,3860.07,3773.64,3776.66,4479060000,76144760000
2022-11-21,801080.SI,3749.68,3775.38,3723.10,3774.90,3670190000,57231370000
2022-11-22,801080.SI,3770.03,3806.19,3726.87,3740.72,4206030000,62491570000
2022-11-23,801080.SI,3730.79,3745.27,3646.15,3706.49,3917750000,57920220000
2022-11-24,801080.SI,3714.74,3730.50,3676.40,3681.74,3148140000,46152770000
2022-11-25,801080.SI,3675.58,3707.85,3641.20,3641.41,2845480000,45600920000
2022-11-28,801080.SI,3581.63,3607.39,3577.34,3600.68,2979840000,43958500000
2022-11-29,801080.SI,3606.89,3667.86,3595.41,3657.17,3586560000,51146330000
2022-11-30,801080.SI,3649.67,3673.47,3630.82,3650.41,4015430000,51368520000
2022-12-01,801080.SI,3688.73,3726.40,3682.81,3689.22,3950660000,60731200000
2022-12-02,801080.SI,3673.92,3716.12,3667.45,3669.62,3257680000,46910010000
2022-12-05,801080.SI,3676.63,3689.21,3648.76,3679.06,3975200000,57240490000
2022-12-06,801080.SI,3669.80,3754.78,3667.02,3732.04,4124850000,68559710000
2022-12-07,801080.SI,3718.58,3721.54,3689.48,3699.35,3580730000,54905460000
2022-12-08,801080.SI,3692.25,3692.27,3646.04,3650.30,3043780000,45569560000
2022-12-09,801080.SI,3655.53,3684.96,3645.57,3670.25,3344200000,53168180000
2022-12-12,801080.SI,3657.51,3743.16,3637.84,3723.89,3625950000,63224410000
2022-12-13,801080.SI,3714.54,3714.61,3656.56,3658.03,2883750000,47921000000
2022-12-14,801080.SI,3724.41,3731.28,3650.64,3654.22,3908130000,69933070000
2022-12-15,801080.SI,3640.15,3739.31,3637.48,3716.55,4143930000,69685780000
2022-12-16,801080.SI,3689.68,3707.96,3643.63,3655.81,3607310000,56862610000
2022-12-19,801080.SI,3642.01,3653.24,3555.88,3566.77,3410000000,48772110000
2022-12-20,801080.SI,3557.52,3602.47,3551.77,3569.49,2798950000,43525430000
2022-12-21,801080.SI,3564.57,3581.57,3506.70,3524.68,2741840000,41221940000
2022-12-22,801080.SI,3535.88,3543.39,3477.30,3486.78,2635180000,40295080000
2022-12-23,801080.SI,3461.05,3477.59,3418.79,3441.72,2393310000,37346040000
2022-12-26,801080.SI,3441.90,3534.17,3441.86,3529.66,2490990000,40589260000
2022-12-27,801080.SI,3537.09,3564.90,3515.97,3560.57,2378950000,38203320000
2022-12-28,801080.SI,3549.20,3551.66,3508.17,3510.18,2174680000,34002740000
2022-12-29,801080.SI,3502.00,3534.80,3492.60,3497.57,2074740000,31923920000
2022-12-30,801080.SI,3516.86,3523.38,3481.14,3486.70,2090510000,31403710000
2023-01-03,801080.SI,3485.13,3558.54,3459.68,3554.59,2885080000,42391880000
2023-01-04,801080.SI,3551.35,3568.34,3488.22,3512.10,3469390000,53711720000
2023-01-05,801080.SI,3519.72,3567.70,3509.23,3558.60,3423010000,53697950000
2023-01-06,801080.SI,3546.25,3589.84,3538.30,3562.02,3878780000,58771910000
2023-01-09,801080.SI,3567.56,3620.36,3567.48,3592.85,3173850000,52572530000
2023-01-10,801080.SI,3598.31,3646.26,3590.83,3623.91,3201550000,55726190000
2023-01-11,801080.SI,3628.91,3664.94,3593.30,3594.17,3711310000,60097310000
2023-01-12,801080.SI,3598.15,3613.47,3577.72,3604.77,3592220000,51407080000
2023-01-13,801080.SI,3613.13,3613.13,3568.02,3595.54,3226920000,45608190000
2023-01-16,801080.SI,3578.16,3697.46,3578.03,3676.76,4373530000,67989050000
2023-01-17,801080.SI,3677.62,3763.52,3677.62,3738.02,4085530000,66967420000
2023-01-18,801080.SI,3740.60,3746.41,3722.34,3734.19,3358100000,48014520000
2023-01-19,801080.SI,3730.76,3802.02,3721.61,3802.02,3799290000,55819150000
2023-01-20,801080.SI,3807.55,3816.69,3787.76,3805.36,3398330000,48590120000
2023-01-30,801080.SI,3868.55,3892.32,3838.97,3865.51,5405560000,77171080000
2023-01-31,801080.SI,3852.31,3860.13,3813.91,3818.53,4592880000,67234880000
2023-02-01,801080.SI,3823.72,3885.17,3823.69,3885.17,4886420000,71922360000
2023-02-02,801080.SI,3898.95,3945.45,3885.20,3902.27,4939220000,81241230000
2023-02-03,801080.SI,3892.52,3920.01,3846.02,3916.82,4755890000,71532790000
2023-02-06,801080.SI,3890.94,3913.10,3865.22,3878.52,4167460000,64191460000
2023-02-07,801080.SI,3886.28,3900.40,3859.32,3881.40,3931700000,60457610000
2023-02-08,801080.SI,3884.20,3916.16,3838.20,3842.43,3730000000,58479350000
2023-02-09,801080.SI,3829.40,3966.20,3823.43,3966.20,5303270000,86106210000
2023-02-10,801080.SI,3956.68,3995.58,3927.04,3948.04,4805070000,74695170000
2023-02-13,801080.SI,3937.61,3972.35,3921.61,3964.68,4377590000,70552600000
2023-02-14,801080.SI,3966.24,4009.75,3945.64,3963.65,4232640000,71491340000
2023-02-15,801080.SI,3967.35,4029.16,3967.33,4028.40,5945880000,79561890000
2023-02-16,801080.SI,4031.21,4050.64,3903.87,3926.78,6841550000,96903520000
2023-02-17,801080.SI,3925.20,3930.77,3817.88,3818.01,4755230000,70329690000
2023-02-20,801080.SI,3814.96,3870.62,3795.51,3868.85,4120230000,59747240000
2023-02-21,801080.SI,3865.28,3894.30,3840.97,3872.21,3687750000,53785290000
2023-02-22,801080.SI,3848.66,3872.64,3827.55,3855.05,3202260000,45811530000
2023-02-23,801080.SI,3853.61,3871.02,3832.01,3853.47,3634720000,51008170000
2023-02-24,801080.SI,3863.35,3872.85,3816.47,3831.24,3293190000,50214100000
2023-02-27,801080.SI,3812.57,3823.13,3758.84,3770.89,3329660000,52231660000
2023-02-28,801080.SI,3783.86,3825.94,3759.56,3804.57,3359540000,51895810000
2023-03-01,801080.SI,3802.90,3856.14,3799.10,3852.09,4148960000,59986010000
2023-03-02,801080.SI,3856.67,3879.70,3823.16,3826.16,3945980000,60206340000
2023-03-03,801080.SI,3859.00,3879.35,3810.88,3861.06,4343860000,74669310000
2023-03-06,801080.SI,3860.88,3876.45,3824.67,3858.50,4126700000,71661610000
2023-03-07,801080.SI,3859.80,3866.65,3744.66,3744.66,4865380000,68724730000
2023-03-08,801080.SI,3730.61,3788.77,3730.55,3788.77,3613830000,56498870000
2023-03-09,801080.SI,3792.68,3836.48,3788.08,3813.04,3904460000,69983900000
2023-03-10,801080.SI,3784.12,3814.21,3767.10,3767.48,3968990000,70086970000
2023-03-13,801080.SI,3752.59,3783.76,3729.57,3776.55,3888230000,62004630000
2023-03-14,801080.SI,3767.51,3804.13,3706.60,3792.56,4652580000,84760670000
2023-03-15,801080.SI,3810.04,3871.97,3807.36,3813.64,4791090000,86378270000
2023-03-16,801080.SI,3787.42,3824.95,3758.35,3765.19,4328920000,78426410000
2023-03-17,801080.SI,3795.92,3842.84,3790.83,3811.67,4872650000,85677020000
2023-03-20,801080.SI,3816.53,3896.39,3802.01,3873.96,5579210000,104095200000
2023-03-21,801080.SI,3867.34,3888.90,3856.41,3888.90,4515940000,79303820000
2023-03-22,801080.SI,3896.05,3940.81,3882.01,3940.78,6165680000,93444890000
2023-03-23,801080.SI,3933.00,4051.06,3933.00,4051.06,6925470000,132575430000
2023-03-24,801080.SI,4058.05,4080.11,4029.96,4077.93,6958150000,130180240000
2023-03-27,801080.SI,4074.63,4091.43,3995.86,4036.44,6612030000,119862410000
2023-03-28,801080.SI,4016.55,4016.55,3921.88,3923.44,5271430000,94597160000
2023-03-29,801080.SI,3923.70,4019.58,3915.50,3985.11,4953150000,99864660000
2023-03-30,801080.SI,3996.53,4036.11,3964.21,4015.17,4989020000,105152900000
2023-03-31,801080.SI,4008.91,4030.86,3973.54,4027.21,4677710000,90412600000
2023-04-03,801080.SI,4062.72,4141.42,4062.72,4141.42,6434510000,137544700000
2023-04-04,801080.SI,4129.66,4192.92,4124.59,4161.28,7490080000,160372790000
2023-04-06,801080.SI,4147.75,4351.34,4147.75,4298.03,8715590000,191881470000
2023-04-07,801080.SI,4303.60,4308.93,4245.02,4296.67,6643360000,138654840000
2023-04-10,801080.SI,4302.91,4339.97,4174.78,4195.82,7096440000,146979560000
2023-04-11,801080.SI,4191.97,4236.54,4155.28,4204.15,5538260000,114377900000
2023-04-12,801080.SI,4211.88,4289.39,4189.60,4275.14,6335060000,129492500000
2023-04-13,801080.SI,4251.90,4252.89,4127.26,4131.05,6225870000,122318760000
2023-04-14,801080.SI,4152.48,4222.73,4075.18,4213.53,5723410000,124424840000
2023-04-17,801080.SI,4208.52,4210.89,4154.43,4170.11,5148010000,109073870000
2023-04-18,801080.SI,4140.65,4142.79,4071.66,4120.42,5198670000,102245630000
2023-04-19,801080.SI,4116.38,4161.34,4087.21,4093.00,5473940000,114505000000
2023-04-20,801080.SI,4079.30,4159.72,4079.29,4159.72,5786850000,125174500000
2023-04-21,801080.SI,4154.53,4154.55,3943.31,3943.31,7072320000,137756090000
2023-04-24,801080.SI,3932.98,3937.32,3841.51,3863.22,5031620000,99429660000
2023-04-25,801080.SI,3852.90,3852.90,3710.12,3755.13,5536730000,101249170000
2023-04-26,801080.SI,3729.54,3750.46,3657.35,3695.59,5153320000,96769960000
2023-04-27,801080.SI,3664.39,3728.76,3650.06,3665.89,4597240000,84948400000
2023-04-28,801080.SI,3655.48,3732.31,3655.48,3725.07,4624990000,85899750000
2023-05-04,801080.SI,3703.79,3703.84,3643.28,3661.02,4680170000,76345760000
2023-05-05,801080.SI,3657.84,3669.49,3604.81,3623.05,4089660000,66837270000
2023-05-08,801080.SI,3616.63,3644.13,3611.50,3627.46,3840690000,63388550000
2023-05-09,801080.SI,3625.39,3683.42,3598.16,3617.13,4824610000,76332190000
2023-05-10,801080.SI,3605.19,3629.38,3557.00,3599.09,3778010000,63558000000
2023-05-11,801080.SI,3613.87,3634.02,3604.02,3617.30,3409830000,56901820000
2023-05-12,801080.SI,3613.13,3632.14,3568.07,3568.43,3606360000,60852850000
2023-05-15,801080.SI,3561.26,3612.76,3541.77,3612.76,3601730000,58023660000
2023-05-16,801080.SI,3619.19,3649.02,3578.25,3628.38,3741080000,69215730000
2023-05-17,801080.SI,3618.07,3676.08,3618.07,3666.70,3595080000,67102020000
2023-05-18,801080.SI,3668.01,3709.22,3667.97,3683.42,4657690000,74958260000
2023-05-19,801080.SI,3696.38,3768.28,3696.38,3752.99,5309090000,92405800000
2023-05-22,801080.SI,3763.06,3774.54,3711.71,3728.76,4461920000,73211820000
2023-05-23,801080.SI,3720.45,3720.46,3678.40,3678.40,4047960000,61181030000
2023-05-24,801080.SI,3662.63,3729.48,3646.09,3686.93,4206560000,69997400000
2023-05-25,801080.SI,3697.58,3729.36,3654.28,3712.18,4549250000,74387690000
2023-05-26,801080.SI,3710.28,3753.00,3708.85,3749.64,4101970000,75920480000
2023-05-29,801080.SI,3774.44,3798.68,3760.11,3765.74,5468810000,95309600000
2023-05-30,801080.SI,3747.51,3788.54,3714.15,3788.54,5013870000,91935260000
2023-05-31,801080.SI,3783.93,3810.28,3765.34,3809.26,5234680000,95909210000
2023-06-01,801080.SI,3786.18,3844.89,3773.41,3818.84,5308300000,96534220000
2023-06-02,801080.SI,3829.05,3853.17,3802.93,3833.64,4575560000,84424500000
2023-06-05,801080.SI,3843.82,3884.72,3840.51,3850.06,4558420000,84761250000
2023-06-06,801080.SI,3829.52,3829.57,3713.99,3721.74,4979740000,87523010000
2023-06-07,801080.SI,3722.89,3771.32,3718.69,3755.05,4475980000,76992620000
2023-06-08,801080.SI,3746.33,3746.36,3674.89,3699.64,4529890000,76975590000
2023-06-09,801080.SI,3699.05,3751.47,3676.66,3751.47,5597380000,91177050000
2023-06-12,801080.SI,3753.12,3811.15,3753.12,3796.11,5400870000,91306590000
2023-06-13,801080.SI,3789.77,3866.06,3773.88,3863.08,5273320000,95787260000
2023-06-14,801080.SI,3859.43,3874.45,3833.30,3862.93,5096100000,88861590000
2023-06-15,801080.SI,3862.68,3879.21,3830.48,3846.40,4725630000,82705590000
2023-06-16,801080.SI,3840.41,3905.27,3826.15,3901.00,4897330000,82477640000
2023-06-19,801080.SI,3904.96,3961.19,3891.39,3957.65,5652610000,101829960000
2023-06-20,801080.SI,3950.36,3977.72,3930.07,3960.42,5295810000,99930290000
2023-06-21,801080.SI,3944.02,3944.04,3839.22,3839.60,5265120000,92460770000
2023-06-26,801080.SI,3804.62,3829.12,3756.39,3764.39,5664050000,83740840000
2023-06-27,801080.SI,3765.75,3805.98,3763.17,3797.16,4079500000,62989860000
2023-06-28,801080.SI,3792.10,3792.20,3685.84,3743.31,4506580000,73532880000
2023-06-29,801080.SI,3740.53,3817.85,3740.53,3794.61,4338430000,71123050000
2023-06-30,801080.SI,3785.80,3876.48,3783.89,3870.12,5269330000,81358870000
2023-07-03,801080.SI,3890.63,3932.52,3869.63,3882.86,5756160000,89817760000
2023-07-04,801080.SI,3880.70,3978.80,3875.47,3951.20,5150140000,89453260000
2023-07-05,801080.SI,3943.73,3960.52,3911.41,3918.00,4792020000,80480830000
2023-07-06,801080.SI,3904.56,3985.58,3900.55,3948.21,5704330000,84815820000
2023-07-07,801080.SI,3937.99,3940.01,3866.03,3896.83,5473610000,76275540000
2023-07-10,801080.SI,3905.35,3909.75,3861.73,3876.76,4205500000,60852620000
2023-07-11,801080.SI,3879.75,3962.42,3879.70,3962.42,4425990000,76712620000
2023-07-12,801080.SI,3952.80,3964.20,3875.95,3880.66,5128640000,82879630000
2023-07-13,801080.SI,3898.10,3995.59,3898.09,3991.41,5819330000,97389320000
2023-07-14,801080.SI,4010.15,4040.94,4002.13,4027.88,6789500000,108788830000
2023-07-17,801080.SI,4011.18,4020.19,3989.03,4010.96,5662590000,94725990000
2023-07-18,801080.SI,4014.82,4066.99,4004.69,4009.49,5854120000,102799470000
2023-07-19,801080.SI,3996.85,4023.36,3947.95,3970.10,4881370000,85711750000
2023-07-20,801080.SI,3971.20,3971.20,3862.40,3868.30,4825970000,80432730000
2023-07-21,801080.SI,3861.81,3892.43,3829.33,3844.16,4681950000,71468610000
2023-07-24,801080.SI,3830.62,3892.86,3822.46,3842.88,3981260000,61568190000
2023-07-25,801080.SI,3881.38,3909.16,3856.77,3898.69,4523180000,72194630000
2023-07-26,801080.SI,3888.07,3888.07,3838.00,3847.53,4077480000,60564120000
2023-07-27,801080.SI,3842.34,3851.38,3782.36,3790.57,3704490000,58033740000
2023-07-28,801080.SI,3783.15,3815.43,3762.68,3810.17,3643980000,57426160000
2023-07-31,801080.SI,3803.12,3861.97,3799.02,3838.26,3906270000,61207820000
2023-08-01,801080.SI,3839.32,3871.74,3814.62,3862.60,4031640000,59993490000
2023-08-02,801080.SI,3847.33,3878.76,3847.32,3865.37,3984270000,54542830000
2023-08-03,801080.SI,3843.27,3880.05,3837.80,3859.20,3458420000,50332500000
2023-08-04,801080.SI,3859.19,3885.53,3842.19,3869.82,3883700000,61882780000
2023-08-07,801080.SI,3859.94,3885.44,3858.68,3871.58,3418680000,53774540000
2023-08-08,801080.SI,3865.08,3884.42,3842.41,3845.52,3078410000,48150550000
2023-08-09,801080.SI,3828.50,3833.31,3779.84,3781.98,3077110000,46065180000
2023-08-10,801080.SI,3776.23,3798.26,3761.79,3783.02,2634940000,40899630000
2023-08-11,801080.SI,3788.81,3788.81,3696.69,3696.69,3189740000,44328530000
2023-08-14,801080.SI,3662.66,3687.40,3635.62,3686.99,3074470000,42918840000
2023-08-15,801080.SI,3696.95,3704.45,3600.80,3634.21,2904080000,47074360000
2023-08-16,801080.SI,3616.95,3630.86,3568.43,3568.43,2608380000,40859170000
2023-08-17,801080.SI,3552.92,3600.11,3536.62,3593.98,2618680000,41056180000
2023-08-18,801080.SI,3594.90,3602.43,3520.44,3520.44,2659940000,40736450000
2023-08-21,801080.SI,3518.01,3541.40,3485.74,3485.74,2435510000,36015140000
2023-08-22,801080.SI,3510.09,3548.39,3455.20,3542.67,3329620000,49956760000
2023-08-23,801080.SI,3532.31,3532.47,3452.24,3452.24,2829370000,38968960000
2023-08-24,801080.SI,3480.70,3531.07,3454.31,3487.42,2976040000,47686660000
2023-08-25,801080.SI,3457.88,3457.98,3372.56,3389.81,3378800000,48320490000
2023-08-28,801080.SI,3582.89,3582.89,3409.49,3419.65,4068060000,57667700000
2023-08-29,801080.SI,3409.25,3557.68,3409.23,3546.58,4327000000,63253470000
2023-08-30,801080.SI,3585.36,3664.92,3585.36,3624.36,5196450000,79736790000
2023-08-31,801080.SI,3612.14,3662.95,3603.54,3647.27,4658240000,67951360000
2023-09-01,801080.SI,3651.32,3669.21,3613.36,3629.08,3585690000,54116270000
2023-09-04,801080.SI,3646.30,3687.49,3631.28,3687.49,4218210000,60632770000
2023-09-05,801080.SI,3691.97,3723.63,3678.11,3690.18,5793630000,83202150000
2023-09-06,801080.SI,3667.68,3758.02,3667.20,3751.90,6544430000,96266650000
2023-09-07,801080.SI,3728.84,3728.84,3650.52,3650.52,6491090000,90278020000
2023-09-08,801080.SI,3636.89,3689.44,3636.89,3673.65,5779560000,79267290000
2023-09-11,801080.SI,3674.01,3714.57,3656.68,3687.72,6361350000,83745590000
2023-09-12,801080.SI,3681.06,3694.03,3662.80,3683.34,5282970000,70685800000
2023-09-13,801080.SI,3662.49,3676.39,3589.94,3618.63,5433760000,72180160000
2023-09-14,801080.SI,3618.98,3621.86,3562.61,3579.73,4796060000,62279160000
2023-09-15,801080.SI,3587.71,3636.48,3553.75,3588.55,4646150000,67462180000
2023-09-18,801080.SI,3567.72,3610.96,3562.96,3573.64,4277510000,61036700000
2023-09-19,801080.SI,3569.94,3569.95,3509.36,3539.16,4286840000,58256750000
2023-09-20,801080.SI,3532.06,3554.70,3504.86,3504.86,3797990000,50606370000
2023-09-21,801080.SI,3492.14,3522.17,3490.22,3503.26,4150870000,51598190000
2023-09-22,801080.SI,3497.87,3600.79,3494.60,3600.68,5354650000,70133040000
2023-09-25,801080.SI,3598.56,3598.56,3563.58,3568.33,5250030000,81553650000
2023-09-26,801080.SI,3561.66,3572.12,3535.63,3535.73,4746080000,72304580000
2023-09-27,801080.SI,3531.00,3569.03,3528.89,3530.46,4349690000,65366620000
2023-09-28,801080.SI,3541.55,3609.74,3541.36,3598.55,6189200000,89812830000
2023-10-09,801080.SI,3595.60,3648.30,3586.88,3635.51,6638950000,95140000000
2023-10-10,801080.SI,3644.11,3682.51,3644.11,3669.46,7504010000,108422610000
2023-10-11,801080.SI,3678.36,3739.72,3667.84,3730.53,8120200000,127917710000
2023-10-12,801080.SI,3742.26,3755.47,3715.36,3752.65,7982720000,121357510000
2023-10-13,801080.SI,3732.41,3790.90,3730.45,3774.74,8889680000,126812660000
2023-10-16,801080.SI,3775.71,3775.71,3672.16,3688.28,9309360000,122944160000
2023-10-17,801080.SI,3690.20,3697.85,3654.17,3694.03,7612910000,98175000000
2023-10-18,801080.SI,3690.05,3693.79,3640.06,3641.21,7864880000,107953560000
2023-10-19,801080.SI,3615.62,3701.46,3615.62,3633.85,8247640000,120586260000
2023-10-20,801080.SI,3613.61,3632.05,3547.43,3551.42,7146970000,104004340000
2023-10-23,801080.SI,3537.36,3537.36,3470.21,3487.02,7338250000,101661240000
2023-10-24,801080.SI,3497.39,3559.26,3449.34,3536.13,7786570000,116515420000
2023-10-25,801080.SI,3552.32,3575.60,3537.88,3559.82,7420570000,110678870000
2023-10-26,801080.SI,3536.65,3569.47,3517.94,3567.52,7456400000,112551210000
2023-10-27,801080.SI,3549.47,3642.09,3538.24,3626.51,8125980000,127009450000
2023-10-30,801080.SI,3625.13,3791.55,3625.13,3780.89,10145350000,168136680000
2023-10-31,801080.SI,3794.19,3795.58,3737.58,3757.84,8951120000,142328150000
2023-11-01,801080.SI,3749.24,3769.63,3730.23,3733.09,7447000000,113160410000
2023-11-02,801080.SI,3745.48,3754.46,3679.97,3680.46,7070230000,109664700000
2023-11-03,801080.SI,3682.81,3791.92,3682.53,3783.02,8277340000,130878730000
2023-11-06,801080.SI,3813.85,3898.15,3813.78,3886.42,10304850000,165745320000
2023-11-07,801080.SI,3875.49,3920.20,3871.25,3912.80,10134260000,160764650000
2023-11-08,801080.SI,3906.55,3941.59,3887.03,3913.34,9278860000,156395120000
2023-11-09,801080.SI,3909.28,3927.45,3850.05,3857.85,7832600000,133506690000
2023-11-10,801080.SI,3843.66,3891.01,3839.94,3860.67,7355260000,128119580000
2023-11-13,801080.SI,3879.62,3893.21,3858.57,3878.13,7180990000,120741930000
2023-11-14,801080.SI,3870.27,3923.66,3865.91,3917.96,8538410000,132408420000
2023-11-15,801080.SI,3955.67,3957.27,3908.54,3922.50,8525010000,142226250000
2023-11-16,801080.SI,3902.57,3916.95,3868.09,3868.09,7282260000,118677700000
2023-11-17,801080.SI,3857.75,3894.17,3857.73,3893.95,6950410000,113905380000
2023-11-20,801080.SI,3903.44,3904.90,3864.98,3889.67,7677030000,137259370000
2023-11-21,801080.SI,3889.45,3893.77,3827.36,3833.20,8008500000,131311750000
2023-11-22,801080.SI,3817.93,3828.66,3768.00,3768.00,6956420000,111049440000
2023-11-23,801080.SI,3764.12,3821.93,3751.55,3817.50,6482620000,100275850000
2023-11-24,801080.SI,3809.88,3809.95,3743.91,3749.18,6457440000,95352250000
2023-11-27,801080.SI,3741.98,3803.84,3741.95,3796.45,6511090000,103626580000
2023-11-28,801080.SI,3793.83,3835.61,3790.05,3819.11,6742330000,105411520000
2023-11-29,801080.SI,3823.19,3860.80,3815.85,3816.60,6726260000,110077690000
2023-11-30,801080.SI,3806.57,3806.59,3750.07,3785.94,6316440000,96391750000
2023-12-01,801080.SI,3779.20,3802.68,3754.29,3796.65,5142130000,85752820000
2023-12-04,801080.SI,3797.11,3801.70,3767.24,3767.24,4961740000,86191190000
2023-12-05,801080.SI,3753.03,3753.07,3668.01,3668.01,5353170000,85662540000
2023-12-06,801080.SI,3657.69,3692.54,3657.69,3670.33,4745450000,79074490000
2023-12-07,801080.SI,3664.74,3671.30,3633.50,3651.97,4524420000,81540420000
2023-12-08,801080.SI,3658.58,3723.84,3658.58,3717.73,6174130000,120026330000
2023-12-11,801080.SI,3696.03,3765.82,3664.65,3763.73,6002510000,102530960000
2023-12-12,801080.SI,3758.84,3778.10,3746.30,3766.27,4987830000,88122980000
2023-12-13,801080.SI,3759.80,3769.78,3728.06,3728.06,4151930000,72285270000
2023-12-14,801080.SI,3741.78,3762.36,3702.50,3704.59,4269890000,71038830000
2023-12-15,801080.SI,3712.25,3724.74,3673.13,3680.35,3971130000,64236780000
2023-12-18,801080.SI,3669.33,3669.56,3621.71,3629.32,3812080000,61435550000
2023-12-19,801080.SI,3626.34,3685.35,3621.82,3668.99,3601460000,61311930000
2023-12-20,801080.SI,3675.96,3681.18,3630.47,3630.47,4089530000,67791500000
2023-12-21,801080.SI,3613.22,3660.38,3582.47,3649.22,4365160000,71335300000
2023-12-22,801080.SI,3652.63,3654.16,3597.12,3606.68,4468860000,72297380000
2023-12-25,801080.SI,3597.70,3631.30,3591.43,3611.28,3700530000,63862860000
2023-12-26,801080.SI,3609.69,3609.75,3520.06,3535.42,4467580000,69610260000
2023-12-27,801080.SI,3537.86,3600.72,3536.13,3594.61,5475420000,80587730000
2023-12-28,801080.SI,3591.72,3675.38,3581.54,3660.08,5656500000,90909040000
2023-12-29,801080.SI,3658.83,3741.97,3658.83,3739.53,7138680000,109334280000
2024-01-02,801080.SI,3738.58,3741.42,3677.81,3677.81,5949250000,96602250000
2024-01-03,801080.SI,3663.99,3671.00,3586.70,3606.05,5737990000,94323600000
2024-01-04,801080.SI,3599.59,3601.04,3541.36,3560.47,4652520000,76238920000
2024-01-05,801080.SI,3557.02,3588.77,3479.86,3499.43,5058240000,78974440000
2024-01-08,801080.SI,3488.37,3499.35,3402.17,3402.17,5141830000,74605530000
2024-01-09,801080.SI,3417.81,3447.03,3371.57,3395.88,4945830000,73161770000
2024-01-10,801080.SI,3382.65,3397.66,3325.23,3350.58,4223300000,63012300000
2024-01-11,801080.SI,3344.57,3418.51,3344.57,3406.29,4276630000,67036460000
2024-01-12,801080.SI,3396.08,3399.53,3348.77,3348.77,3831360000,60012840000
2024-01-15,801080.SI,3335.68,3399.73,3322.43,3361.30,3574150000,61297930000
2024-01-16,801080.SI,3357.42,3362.68,3302.97,3351.16,4262030000,67101490000
2024-01-17,801080.SI,3346.83,3347.10,3252.89,3252.89,3707420000,58929880000
2024-01-18,801080.SI,3234.58,3292.76,3181.54,3292.17,5345360000,81207580000
2024-01-19,801080.SI,3290.05,3318.72,3268.05,3271.74,3982450000,63579630000
2024-01-22,801080.SI,3273.04,3276.95,3113.24,3132.95,5255990000,78910580000
2024-01-23,801080.SI,3123.13,3177.17,3101.40,3161.36,4848690000,72103470000
2024-01-24,801080.SI,3173.12,3178.35,3055.20,3162.02,4902230000,72975020000
2024-01-25,801080.SI,3158.75,3254.94,3134.64,3250.21,5103110000,77064660000
2024-01-26,801080.SI,3229.91,3233.22,3159.17,3164.65,4820880000,74772350000
2024-01-29,801080.SI,3170.38,3189.89,3067.71,3067.71,4528200000,69252800000
2024-01-30,801080.SI,3045.01,3057.12,2952.58,2954.65,3977780000,59204430000
2024-01-31,801080.SI,2937.45,2950.90,2844.64,2845.33,5186390000,69392010000
2024-02-01,801080.SI,2832.02,2919.89,2806.71,2867.95,4997110000,67940290000
2024-02-02,801080.SI,2873.03,2895.85,2679.18,2757.84,5782020000,74582330000
2024-02-05,801080.SI,2740.02,2741.35,2552.30,2658.93,7118840000,86990040000
2024-02-06,801080.SI,2626.78,2832.45,2612.90,2822.03,7590560000,90192860000
2024-02-07,801080.SI,2826.05,2918.75,2825.99,2877.86,8236900000,101017080000
2024-02-08,801080.SI,2896.35,3007.17,2896.33,2996.03,8430490000,104350290000
2024-02-19,801080.SI,3051.32,3066.28,3006.00,3066.28,7983060000,107451320000
2024-02-20,801080.SI,3046.76,3079.22,3010.42,3066.30,6393450000,89330720000
2024-02-21,801080.SI,3028.26,3141.00,3024.80,3075.62,7195710000,99432770000
2024-02-22,801080.SI,3082.39,3138.43,3076.38,3138.43,6556820000,92741180000
2024-02-23,801080.SI,3161.79,3179.34,3121.48,3176.29,7070240000,100389770000
2024-02-26,801080.SI,3172.97,3247.69,3168.18,3199.36,7826640000,107616290000
2024-02-27,801080.SI,3179.60,3327.34,3177.71,3327.34,7667910000,119837050000
2024-02-28,801080.SI,3326.72,3365.67,3140.62,3140.62,9748360000,144671400000
2024-02-29,801080.SI,3123.05,3313.25,3123.05,3313.24,8177360000,130727610000
2024-03-01,801080.SI,3328.47,3402.96,3323.28,3399.23,9243450000,146172230000
2024-03-04,801080.SI,3427.59,3441.03,3360.79,3427.66,8698420000,145305630000
2024-03-05,801080.SI,3402.23,3458.85,3385.73,3411.88,9001530000,148301740000
2024-03-06,801080.SI,3386.87,3421.27,3334.10,3392.42,7988450000,123563490000
2024-03-07,801080.SI,3402.18,3431.51,3326.21,3326.21,7506610000,120075890000
2024-03-08,801080.SI,3337.28,3424.53,3332.13,3418.08,7264040000,121444650000
2024-03-11,801080.SI,3385.57,3464.27,3375.25,3464.27,7480800000,123789980000
2024-03-12,801080.SI,3460.50,3515.13,3446.51,3467.33,7797480000,134467060000
2024-03-13,801080.SI,3485.64,3518.29,3458.98,3467.36,7375510000,131228840000
2024-03-14,801080.SI,3436.63,3448.17,3373.73,3408.69,7018600000,115476790000
2024-03-15,801080.SI,3398.25,3445.31,3376.17,3443.91,6294600000,105260070000
2024-03-18,801080.SI,3457.15,3537.73,3457.12,3537.73,8394040000,145218300000
2024-03-19,801080.SI,3523.86,3564.54,3521.17,3526.74,8098230000,141658830000
2024-03-20,801080.SI,3521.85,3548.68,3498.01,3536.29,7294360000,122955100000
2024-03-21,801080.SI,3553.98,3576.04,3514.13,3524.20,7409990000,129028290000
2024-03-22,801080.SI,3521.10,3547.32,3493.31,3503.91,7963060000,136829010000
2024-03-25,801080.SI,3495.69,3498.72,3397.82,3397.82,8050210000,135308430000
2024-03-26,801080.SI,3396.88,3436.71,3350.27,3373.12,7151030000,117326310000
2024-03-27,801080.SI,3367.75,3369.31,3245.74,3245.74,7175570000,109481300000
2024-03-28,801080.SI,3245.20,3369.41,3245.02,3325.70,7761540000,118293280000
2024-03-29,801080.SI,3318.77,3348.88,3276.61,3348.59,6409270000,99691680000
2024-04-01,801080.SI,3365.06,3432.43,3364.98,3426.85,8953370000,118814500000
2024-04-02,801080.SI,3425.94,3425.95,3347.81,3370.22,7654810000,107098280000
2024-04-03,801080.SI,3364.82,3375.05,3299.98,3339.10,7372070000,105527320000
2024-04-08,801080.SI,3325.93,3326.03,3256.91,3256.91,6153830000,88487020000
2024-04-09,801080.SI,3254.05,3286.90,3226.84,3286.90,5339870000,76462220000
2024-04-10,801080.SI,3277.94,3278.19,3171.28,3190.63,5522220000,79774610000
2024-04-11,801080.SI,3176.88,3231.36,3176.88,3182.06,5061560000,78295960000
2024-04-12,801080.SI,3197.72,3250.21,3190.97,3194.53,5684080000,87144450000
2024-04-15,801080.SI,3188.18,3224.53,3147.10,3184.32,6833220000,97982090000
2024-04-16,801080.SI,3156.99,3160.88,3051.16,3052.03,6645110000,91531120000
2024-04-17,801080.SI,3083.64,3197.30,3083.37,3197.30,6548750000,98692660000
2024-04-18,801080.SI,3186.63,3232.82,3151.80,3184.14,6372460000,98002310000
2024-04-19,801080.SI,3159.86,3159.90,3087.45,3111.95,5463010000,84601380000
2024-04-22,801080.SI,3059.32,3118.11,3026.44,3102.42,4891510000,74580660000
2024-04-23,801080.SI,3108.45,3130.68,3081.66,3101.32,4709560000,67901990000
2024-04-24,801080.SI,3111.97,3176.49,3108.84,3176.49,5393890000,84987170000
2024-04-25,801080.SI,3163.76,3220.85,3154.91,3181.61,5365460000,84449810000
2024-04-26,801080.SI,3183.56,3282.31,3183.56,3274.19,6792790000,114871680000
2024-04-29,801080.SI,3289.86,3378.66,3289.85,3371.38,7219080000,122062600000
2024-04-30,801080.SI,3370.48,3371.83,3329.74,3336.74,6194960000,99653860000
2024-05-06,801080.SI,3391.66,3412.05,3380.32,3390.94,6353280000,102703590000
2024-05-07,801080.SI,3390.27,3416.16,3364.82,3375.01,6235800000,94774140000
2024-05-08,801080.SI,3366.41,3366.48,3315.34,3319.76,5301710000,80389450000
2024-05-09,801080.SI,3318.90,3378.80,3318.90,3370.37,5116810000,84825510000
2024-05-10,801080.SI,3371.89,3371.89,3299.79,3306.89,5028370000,84548120000
2024-05-13,801080.SI,3280.55,3314.49,3258.08,3276.05,4980300000,79975650000
2024-05-14,801080.SI,3298.76,3332.03,3274.18,3281.48,4457380000,74280980000
2024-05-15,801080.SI,3271.28,3302.39,3250.63,3251.95,4143230000,67845280000
2024-05-16,801080.SI,3278.78,3300.71,3264.82,3271.77,4881950000,82479130000
2024-05-17,801080.SI,3262.75,3319.93,3250.03,3319.93,5528030000,82027420000
2024-05-20,801080.SI,3316.06,3341.36,3304.29,3322.24,5969250000,88872250000
2024-05-21,801080.SI,3315.74,3331.14,3308.31,3315.82,5526840000,83226240000
2024-05-22,801080.SI,3314.45,3339.72,3295.34,3338.49,6017900000,87973650000
2024-05-23,801080.SI,3339.53,3339.53,3284.34,3287.36,6100990000,96058980000
2024-05-24,801080.SI,3278.11,3296.93,3203.10,3204.22,5837950000,95094250000
2024-05-27,801080.SI,3210.44,3273.47,3165.63,3272.84,5924940000,100104310000
2024-05-28,801080.SI,3265.40,3325.21,3241.44,3244.95,6579080000,107476670000
2024-05-29,801080.SI,3239.48,3267.44,3225.88,3240.21,5564670000,86728580000
2024-05-30,801080.SI,3222.31,3310.14,3202.76,3291.69,6056750000,105789560000
2024-05-31,801080.SI,3286.74,3338.73,3285.80,3295.17,6549840000,107992560000
2024-06-03,801080.SI,3300.49,3363.78,3295.85,3334.64,7597830000,129774630000
2024-06-04,801080.SI,3319.67,3322.88,3276.68,3315.51,6682590000,102595810000
2024-06-05,801080.SI,3306.38,3354.10,3306.38,3308.90,6051470000,101937410000
2024-06-06,801080.SI,3340.14,3372.31,3287.74,3297.36,8166650000,137631130000
2024-06-07,801080.SI,3304.51,3340.67,3248.24,3279.85,7040700000,118600770000
2024-06-11,801080.SI,3264.73,3367.99,3262.03,3367.99,7282780000,131746790000
2024-06-12,801080.SI,3383.11,3425.18,3378.42,3389.23,7816480000,138312840000
2024-06-13,801080.SI,3405.17,3462.09,3405.04,3413.20,8511950000,156407970000
2024-06-14,801080.SI,3399.48,3442.62,3375.45,3433.14,7734520000,146658690000
2024-06-17,801080.SI,3421.09,3526.47,3421.09,3511.88,8701700000,157541730000
2024-06-18,801080.SI,3513.60,3535.94,3513.60,3535.94,8428360000,147812140000
2024-06-19,801080.SI,3541.80,3551.79,3486.04,3519.89,7708510000,141937420000
2024-06-20,801080.SI,3507.82,3538.57,3488.00,3490.21,8192940000,147532350000
2024-06-21,801080.SI,3448.49,3504.75,3412.94,3496.92,6515140000,116905420000
2024-06-24,801080.SI,3475.47,3519.41,3395.71,3402.14,7293670000,128872200000
2024-06-25,801080.SI,3392.25,3394.36,3271.45,3298.55,6965920000,120166670000
2024-06-26,801080.SI,3310.21,3405.91,3277.72,3397.50,6704890000,109946700000
2024-06-27,801080.SI,3375.40,3441.20,3353.74,3353.74,7056450000,118554780000
2024-06-28,801080.SI,3339.68,3446.18,3339.68,3400.38,7902050000,125551510000
2024-07-01,801080.SI,3394.37,3405.10,3315.92,3388.48,6643980000,107056650000
2024-07-02,801080.SI,3387.53,3387.54,3329.23,3338.92,5626340000,91766930000
2024-07-03,801080.SI,3335.59,3377.20,3299.09,3349.97,5723380000,94405340000
2024-07-04,801080.SI,3349.24,3377.07,3299.15,3301.33,5983060000,89986940000
2024-07-05,801080.SI,3294.09,3314.45,3232.12,3299.82,5359530000,84064900000
2024-07-08,801080.SI,3305.92,3333.12,3274.74,3284.42,6059250000,92594060000
2024-07-09,801080.SI,3279.20,3440.39,3272.32,3436.00,8851010000,146453960000
2024-07-10,801080.SI,3427.04,3476.32,3427.04,3456.84,7890370000,129016190000
2024-07-11,801080.SI,3505.00,3540.66,3451.95,3522.30,9075450000,151299150000
2024-07-12,801080.SI,3475.34,3518.44,3450.40,3501.80,6781440000,116433380000
2024-07-15,801080.SI,3494.33,3506.71,3459.40,3475.52,7072380000,110741650000
2024-07-16,801080.SI,3468.63,3579.34,3465.27,3576.94,8058120000,143881700000
2024-07-17,801080.SI,3560.99,3563.51,3491.89,3491.89,6967640000,126586330000
2024-07-18,801080.SI,3437.26,3480.80,3366.45,3473.29,7585200000,135796580000
2024-07-19,801080.SI,3449.28,3543.57,3449.28,3517.99,6997350000,138649850000
2024-07-22,801080.SI,3518.04,3536.85,3499.19,3523.16,6689520000,123274890000
2024-07-23,801080.SI,3521.15,3521.19,3388.03,3388.03,6533190000,117747630000
2024-07-24,801080.SI,3379.45,3418.12,3326.74,3335.17,6716290000,109038860000
2024-07-25,801080.SI,3299.41,3324.92,3262.19,3291.08,5701340000,92945360000
2024-07-26,801080.SI,3290.34,3352.48,3277.01,3332.05,5241980000,85455230000
2024-07-29,801080.SI,3332.26,3368.18,3312.89,3317.30,5242940000,87140630000
2024-07-30,801080.SI,3303.40,3334.99,3275.48,3324.05,5492650000,91822260000
2024-07-31,801080.SI,3310.43,3441.98,3310.43,3438.74,7503780000,128954890000
2024-08-01,801080.SI,3460.40,3482.37,3422.39,3449.41,6589560000,119089300000
2024-08-02,801080.SI,3398.32,3439.02,3342.38,3347.95,6117560000,107537300000
2024-08-05,801080.SI,3284.10,3323.86,3179.15,3179.15,6983140000,118280010000
2024-08-06,801080.SI,3237.75,3241.33,3177.36,3218.79,4687410000,77626270000
2024-08-07,801080.SI,3211.84,3238.56,3192.65,3198.73,4038990000,65887830000
2024-08-08,801080.SI,3175.40,3243.79,3148.07,3206.65,4810940000,76496130000
2024-08-09,801080.SI,3246.50,3265.72,3220.43,3220.43,5095330000,79948360000
2024-08-12,801080.SI,3205.24,3229.82,3186.91,3197.37,4877160000,63240290000
2024-08-13,801080.SI,3198.88,3233.09,3193.89,3233.09,4520690000,62686050000
2024-08-14,801080.SI,3241.75,3241.75,3210.97,3210.97,5675650000,76628390000
2024-08-15,801080.SI,3196.28,3269.78,3196.28,3231.53,7394020000,90082740000
2024-08-16,801080.SI,3243.02,3277.40,3240.27,3241.80,8259080000,98844850000
2024-08-19,801080.SI,3236.45,3266.77,3221.39,3223.51,6829510000,84038670000
2024-08-20,801080.SI,3226.76,3233.68,3176.31,3186.18,6608920000,77505320000
2024-08-21,801080.SI,3170.87,3237.13,3169.56,3190.29,6915930000,87124230000
2024-08-22,801080.SI,3188.39,3188.41,3139.20,3148.86,6455880000,81913200000
2024-08-23,801080.SI,3134.25,3164.11,3106.76,3149.13,6294870000,78185990000
2024-08-26,801080.SI,3152.70,3173.05,3137.39,3152.09,6169950000,77515430000
2024-08-27,801080.SI,3138.02,3138.15,3076.26,3082.49,6231370000,76372130000
2024-08-28,801080.SI,3076.54,3101.74,3069.76,3089.99,5224980000,66720260000
2024-08-29,801080.SI,3070.52,3162.78,3064.91,3141.82,7268380000,92799210000
2024-08-30,801080.SI,3145.45,3288.72,3145.45,3257.20,9901830000,137261040000
2024-09-02,801080.SI,3260.47,3269.11,3162.90,3162.90,9800600000,121277640000
2024-09-03,801080.SI,3155.12,3211.26,3155.11,3187.70,7405320000,90694180000
2024-09-04,801080.SI,3144.83,3169.59,3123.55,3152.51,7354120000,92150910000
2024-09-05,801080.SI,3149.98,3189.82,3138.93,3153.69,6312190000,81580460000
2024-09-06,801080.SI,3153.89,3153.89,3085.63,3085.63,6834890000,86820810000
2024-09-09,801080.SI,3075.26,3096.60,3053.48,3066.08,5712020000,73615720000
2024-09-10,801080.SI,3064.41,3112.88,3035.09,3096.74,5972150000,77050910000
2024-09-11,801080.SI,3082.92,3095.71,3056.77,3071.72,4801230000,61162840000
2024-09-12,801080.SI,3087.56,3101.82,3039.54,3039.54,5412900000,69371690000
2024-09-13,801080.SI,3039.47,3069.94,3012.07,3014.87,6122790000,75584050000
2024-09-18,801080.SI,3016.78,3016.78,2952.57,2982.90,4911450000,64152790000
2024-09-19,801080.SI,2997.97,3039.73,2970.68,3008.55,5907420000,73461270000
2024-09-20,801080.SI,3014.64,3035.49,2988.29,3009.82,5758310000,70317290000
2024-09-23,801080.SI,3005.65,3048.31,2988.00,2998.71,5770420000,73221470000
2024-09-24,801080.SI,3012.86,3119.64,2984.12,3119.15,8593080000,110580460000
2024-09-25,801080.SI,3147.22,3215.75,3125.02,3131.75,9586200000,128055750000
2024-09-26,801080.SI,3129.12,3232.85,3119.68,3232.82,8861260000,123714450000
2024-09-27,801080.SI,3278.56,3450.90,3278.53,3435.35,11329460000,154959540000
2024-09-30,801080.SI,3598.55,3882.02,3542.89,3879.86,18680280000,293907560000
2024-10-08,801080.SI,4445.19,4445.19,4152.78,4390.80,22590190000,404247000000
2024-10-09,801080.SI,4307.86,4551.99,4143.60,4228.59,21383270000,483300790000
2024-10-10,801080.SI,4275.24,4290.85,4050.49,4102.22,14912780000,316242080000
2024-10-11,801080.SI,4030.19,4061.78,3830.19,3879.21,11682360000,223569680000
2024-10-14,801080.SI,3880.41,4037.37,3806.90,4036.93,11943370000,236735920000
2024-10-15,801080.SI,4026.88,4137.19,3961.51,3961.51,12283620000,249098480000
2024-10-16,801080.SI,3860.18,3955.59,3860.18,3893.82,9842510000,183142300000
2024-10-17,801080.SI,3947.73,3998.53,3920.25,3920.25,11896120000,215775020000
2024-10-18,801080.SI,3924.65,4351.81,3924.65,4253.52,17537250000,370112250000
2024-10-21,801080.SI,4340.10,4565.75,4303.82,4366.36,18883640000,442373670000
2024-10-22,801080.SI,4349.42,4419.83,4294.93,4355.44,17295070000,354113940000
2024-10-23,801080.SI,4316.07,4387.19,4282.58,4300.84,14634710000,286173810000
2024-10-24,801080.SI,4259.26,4330.51,4240.61,4299.11,11354740000,241340250000
2024-10-25,801080.SI,4322.29,4407.59,4279.67,4344.57,13734020000,275891310000
2024-10-28,801080.SI,4346.42,4359.28,4286.67,4359.28,14140380000,267418470000
2024-10-29,801080.SI,4363.50,4470.91,4340.10,4346.64,16299660000,332999430000
2024-10-30,801080.SI,4323.61,4400.60,4304.53,4356.92,18185710000,317393570000
2024-10-31,801080.SI,4374.51,4492.20,4307.27,4448.24,21659020000,381558990000
2024-11-01,801080.SI,4432.09,4447.47,4249.93,4249.93,21938200000,354261440000
2024-11-04,801080.SI,4224.38,4342.52,4224.38,4341.28,13856980000,247049730000
2024-11-05,801080.SI,4346.58,4538.95,4338.62,4520.85,18054800000,343162850000
2024-11-06,801080.SI,4551.30,4588.17,4476.82,4521.87,18567230000,372213870000
2024-11-07,801080.SI,4479.33,4623.01,4473.28,4607.09,16881330000,324219710000
2024-11-08,801080.SI,4688.22,4777.06,4639.39,4647.75,20618860000,422112180000
2024-11-11,801080.SI,4677.83,4864.92,4675.49,4863.75,20368970000,448853890000
2024-11-12,801080.SI,4864.19,4882.66,4734.88,4785.20,20059450000,435713360000
2024-11-13,801080.SI,4737.53,4781.00,4668.61,4779.65,15351930000,323344870000
2024-11-14,801080.SI,4755.21,4764.72,4592.61,4600.29,13132680000,278697770000
2024-11-15,801080.SI,4584.11,4624.65,4455.05,4455.05,13210020000,272188450000
2024-11-18,801080.SI,4465.27,4471.75,4293.56,4321.67,12671310000,242874180000
2024-11-19,801080.SI,4335.66,4460.92,4293.79,4458.61,11847750000,227293070000
2024-11-20,801080.SI,4447.88,4504.82,4421.82,4488.44,11684610000,222022610000
2024-11-21,801080.SI,4470.77,4519.92,4444.19,4484.95,11529860000,225879260000
2024-11-22,801080.SI,4480.53,4535.11,4307.54,4308.26,12770650000,240783720000
2024-11-25,801080.SI,4311.91,4320.80,4186.32,4266.30,10646870000,200372660000
2024-11-26,801080.SI,4257.29,4310.90,4231.39,4233.09,8883710000,152993560000
2024-11-27,801080.SI,4207.15,4358.02,4149.47,4356.00,11047540000,203967860000
2024-11-28,801080.SI,4355.90,4411.08,4323.81,4331.11,10560580000,196783700000
2024-11-29,801080.SI,4311.99,4472.12,4290.55,4410.74,12582160000,228808270000
2024-12-02,801080.SI,4413.99,4497.52,4413.97,4481.04,12582520000,232790250000
2024-12-03,801080.SI,4489.66,4490.59,4397.36,4435.34,11710100000,209549740000
2024-12-04,801080.SI,4496.85,4516.63,4385.85,4401.68,11649900000,224029000000
2024-12-05,801080.SI,4372.85,4442.27,4372.85,4423.06,9903760000,174936220000
2024-12-06,801080.SI,4424.03,4510.87,4398.37,4481.64,11949730000,208094930000
2024-12-09,801080.SI,4468.60,4494.48,4402.88,4435.16,10598400000,175936280000
2024-12-10,801080.SI,4603.18,4603.18,4473.69,4482.19,13755720000,249696510000
2024-12-11,801080.SI,4468.37,4570.45,4468.37,4541.28,14336440000,244695500000
2024-12-12,801080.SI,4545.20,4551.80,4490.81,4550.49,13858890000,222972580000
2024-12-13,801080.SI,4517.93,4557.16,4487.30,4491.65,15183440000,278539900000
2024-12-16,801080.SI,4486.99,4489.48,4392.56,4411.84,12323710000,226983600000
2024-12-17,801080.SI,4400.07,4439.91,4354.68,4362.33,10987310000,191537160000
2024-12-18,801080.SI,4373.84,4481.90,4334.72,4461.18,10962920000,212259980000
2024-12-19,801080.SI,4401.59,4561.11,4399.81,4542.54,11718450000,241880650000
2024-12-20,801080.SI,4529.23,4714.47,4527.86,4651.29,13478800000,306993740000
2024-12-23,801080.SI,4653.16,4662.99,4524.56,4527.93,12911300000,268488330000
2024-12-24,801080.SI,4550.88,4595.42,4468.51,4595.30,10922760000,226571050000
2024-12-25,801080.SI,4589.68,4614.65,4527.49,4555.97,10139850000,213179830000
2024-12-26,801080.SI,4538.88,4670.15,4533.48,4665.28,10643680000,245646340000
2024-12-27,801080.SI,4658.86,4727.89,4609.10,4620.75,12181560000,269732800000
2024-12-30,801080.SI,4607.36,4672.32,4569.72,4619.65,10359090000,221337490000
2024-12-31,801080.SI,4622.90,4622.91,4432.25,4432.25,10795120000,223211660000
2025-01-02,801080.SI,4418.17,4418.18,4227.06,4273.61,10427300000,207973680000
2025-01-03,801080.SI,4286.71,4294.17,4173.04,4177.03,10406480000,190546070000
2025-01-06,801080.SI,4174.45,4229.01,4100.57,4134.74,9054460000,156378370000
2025-01-07,801080.SI,4143.73,4312.62,4143.73,4311.91,10819480000,191611300000
2025-01-08,801080.SI,4269.01,4335.62,4161.36,4294.72,11075490000,206287450000
2025-01-09,801080.SI,4285.36,4374.36,4285.36,4327.27,9601390000,194679080000
2025-01-10,801080.SI,4314.34,4395.47,4254.64,4254.64,10629900000,211906680000
2025-01-13,801080.SI,4187.51,4256.10,4170.66,4231.76,8061440000,155558190000
2025-01-14,801080.SI,4251.76,4432.64,4203.03,4430.43,11564560000,229125590000
2025-01-15,801080.SI,4408.86,4436.43,4368.77,4387.11,9209090000,191609310000
2025-01-16,801080.SI,4420.54,4466.66,4316.17,4351.44,9844330000,208695080000
2025-01-17,801080.SI,4322.21,4475.09,4322.21,4428.33,9642640000,213493860000
2025-01-20,801080.SI,4460.08,4506.38,4439.48,4471.29,9929160000,209350360000
2025-01-21,801080.SI,4499.40,4569.35,4463.20,4548.65,11050580000,238844440000
2025-01-22,801080.SI,4524.96,4576.30,4512.24,4546.50,9654390000,222186960000
2025-01-23,801080.SI,4600.18,4633.53,4479.34,4479.34,10743440000,232830440000
2025-01-24,801080.SI,4469.81,4555.14,4469.79,4553.41,9540240000,204118620000
2025-01-27,801080.SI,4538.05,4538.99,4420.46,4420.46,7827370000,176074000000
2025-02-05,801080.SI,4496.35,4502.82,4442.78,4474.67,9001890000,217978250000
2025-02-06,801080.SI,4453.09,4650.08,4453.09,4649.30,12107230000,281555920000
2025-02-07,801080.SI,4656.93,4773.26,4621.45,4692.07,14817360000,332854570000
2025-02-10,801080.SI,4702.76,4742.80,4673.55,4740.13,12641970000,270400360000
2025-02-11,801080.SI,4736.83,4748.12,4679.80,4712.54,11802720000,242368280000
2025-02-12,801080.SI,4710.27,4838.60,4696.86,4838.38,13155750000,288220690000
2025-02-13,801080.SI,4828.58,4828.61,4706.90,4707.27,12131800000,263939420000
2025-02-14,801080.SI,4685.96,4717.14,4655.68,4704.88,10460820000,222100540000
2025-02-17,801080.SI,4719.25,4776.66,4719.25,4771.97,11741860000,259459320000
2025-02-18,801080.SI,4766.00,4800.18,4649.77,4668.04,12232610000,258965600000
2025-02-19,801080.SI,4663.99,4827.72,4663.99,4826.49,12215130000,278124870000
2025-02-20,801080.SI,4835.76,4885.48,4813.62,4864.53,13622270000,291228210000
2025-02-21,801080.SI,4880.62,5053.88,4877.56,5032.53,16692580000,383918070000
2025-02-24,801080.SI,5025.68,5068.00,4986.85,5030.90,14201150000,339942950000
2025-02-25,801080.SI,4948.47,5099.37,4943.30,5024.65,13652090000,326022710000
2025-02-26,801080.SI,5041.38,5086.62,4972.53,5075.60,14417610000,324503090000
2025-02-27,801080.SI,5080.75,5094.07,4927.04,5030.99,13706360000,315213910000
2025-02-28,801080.SI,4982.72,4982.74,4772.48,4787.64,12594110000,300702610000
2025-03-03,801080.SI,4808.03,4833.07,4707.72,4745.27,10259260000,241464740000
2025-03-04,801080.SI,4687.80,4855.16,4685.09,4838.78,9940480000,244431860000
2025-03-05,801080.SI,4841.96,4877.14,4813.64,4873.68,9590140000,230865720000
2025-03-06,801080.SI,4918.23,5005.27,4918.23,4977.44,11682180000,288267150000
2025-03-07,801080.SI,4945.74,4979.46,4891.63,4918.75,11066670000,249596350000
2025-03-10,801080.SI,4909.92,4936.98,4865.29,4923.29,8506840000,200695290000
2025-03-11,801080.SI,4848.11,4931.23,4848.11,4907.45,9904580000,209256090000
2025-03-12,801080.SI,4934.30,4971.24,4903.98,4906.46,10764270000,235591700000
2025-03-13,801080.SI,4901.05,4902.38,4755.49,4786.63,10341030000,224385890000
2025-03-14,801080.SI,4784.84,4888.45,4782.45,4888.45,9755190000,220933980000
2025-03-17,801080.SI,4907.66,4907.66,4868.49,4904.30,9375530000,198678660000
2025-03-18,801080.SI,4920.45,4966.52,4910.72,4938.27,9284100000,212128540000
2025-03-19,801080.SI,4916.52,4920.24,4844.12,4859.85,8594740000,196799850000
2025-03-20,801080.SI,4854.65,4871.74,4811.68,4812.67,8404470000,172746590000
2025-03-21,801080.SI,4793.44,4797.98,4672.59,4688.34,9495290000,191688110000
2025-03-24,801080.SI,4686.59,4726.07,4608.68,4699.18,8431890000,172296840000
2025-03-25,801080.SI,4700.31,4702.97,4600.31,4613.44,6629740000,145412340000
2025-03-26,801080.SI,4607.26,4661.11,4607.20,4623.31,5292220000,118828030000
2025-03-27,801080.SI,4609.67,4701.08,4584.38,4646.33,6673260000,149307370000
2025-03-28,801080.SI,4642.08,4666.07,4591.46,4591.46,6044580000,132151790000
2025-03-31,801080.SI,4567.94,4592.84,4516.73,4578.33,6710050000,148364240000
2025-04-01,801080.SI,4596.81,4619.99,4576.81,4581.58,5561190000,135041300000
2025-04-02,801080.SI,4577.98,4619.36,4569.97,4580.69,4905520000,112180060000
2025-04-03,801080.SI,4509.80,4567.81,4448.98,4467.03,6585530000,157507390000
2025-04-07,801080.SI,4140.01,4207.57,3897.40,3973.70,8133610000,184529540000
2025-04-08,801080.SI,3947.40,4014.88,3837.48,3906.53,10447630000,198549480000
2025-04-09,801080.SI,3815.01,4057.74,3733.78,4033.15,11575380000,227231070000
2025-04-10,801080.SI,4177.72,4226.28,4131.42,4137.39,10138500000,209308780000
2025-04-11,801080.SI,4114.91,4352.09,4114.90,4293.40,9805850000,237592460000
2025-04-14,801080.SI,4385.68,4385.68,4307.00,4324.15,9435240000,208488650000
2025-04-15,801080.SI,4310.35,4314.40,4246.08,4282.05,6311140000,136993960000
2025-04-16,801080.SI,4288.52,4290.73,4192.75,4255.87,6811520000,151249740000
2025-04-17,801080.SI,4226.76,4319.97,4226.76,4272.10,5928730000,140254630000
2025-04-18,801080.SI,4258.61,4280.80,4231.93,4265.84,5428790000,114582470000
2025-04-21,801080.SI,4274.71,4334.61,4256.98,4333.63,6015400000,127882600000
2025-04-22,801080.SI,4325.02,4338.85,4299.78,4307.78,6070490000,128363170000
2025-04-23,801080.SI,4343.42,4366.02,4313.46,4347.02,7258260000,153819810000
2025-04-24,801080.SI,4343.77,4343.79,4267.67,4282.98,5822350000,120308230000
2025-04-25,801080.SI,4283.16,4338.68,4262.64,4301.35,6315470000,136349920000
2025-04-28,801080.SI,4297.66,4305.41,4265.22,4282.22,5292920000,113174070000
2025-04-29,801080.SI,4261.68,4310.12,4249.61,4302.58,5567800000,119557460000
2025-04-30,801080.SI,4308.09,4370.29,4308.05,4358.85,6811540000,147728790000
2025-05-06,801080.SI,4391.00,4473.93,4390.96,4473.93,8302130000,174964990000
2025-05-07,801080.SI,4536.28,4544.17,4421.16,4457.28,8280090000,173571280000
2025-05-08,801080.SI,4443.18,4492.83,4441.43,4479.69,6974070000,144674270000
2025-05-09,801080.SI,4459.04,4459.04,4372.50,4386.74,6240280000,133195120000
2025-05-12,801080.SI,4433.70,4463.38,4423.58,4463.38,7195540000,154661720000
2025-05-13,801080.SI,4521.77,4521.77,4431.16,4434.84,7021080000,150724770000
2025-05-14,801080.SI,4446.93,4473.49,4407.77,4443.96,6254260000,136782960000
2025-05-15,801080.SI,4435.13,4435.13,4349.87,4349.87,5571810000,112609100000
2025-05-16,801080.SI,4335.47,4374.99,4335.47,4354.05,4996350000,102176950000
2025-05-19,801080.SI,4349.95,4368.20,4306.76,4360.46,5253610000,106806340000
2025-05-20,801080.SI,4360.75,4401.47,4340.50,4391.35,5755960000,114790820000
2025-05-21,801080.SI,4379.47,4379.56,4332.07,4350.32,5794140000,115775410000
2025-05-22,801080.SI,4339.88,4383.24,4319.97,4324.57,5633300000,113109320000
2025-05-23,801080.SI,4316.07,4338.91,4259.53,4259.53,5790010000,115590980000
2025-05-26,801080.SI,4256.10,4302.77,4256.07,4296.67,5110990000,105757440000
2025-05-27,801080.SI,4288.62,4289.02,4237.51,4241.53,4681690000,94190460000
2025-05-28,801080.SI,4249.01,4257.93,4218.24,4225.50,4716220000,92475700000
2025-05-29,801080.SI,4240.16,4314.39,4240.13,4314.39,6107490000,124146910000
2025-05-30,801080.SI,4287.28,4287.28,4227.72,4234.59,5678380000,104257930000
2025-06-03,801080.SI,4214.46,4271.73,4213.30,4246.35,4708670000,97245710000
2025-06-04,801080.SI,4253.41,4303.71,4253.33,4296.18,5608030000,106269110000
2025-06-05,801080.SI,4298.56,4403.44,4289.78,4395.45,7323630000,150953200000
2025-06-06,801080.SI,4388.78,4406.02,4372.96,4387.09,5617470000,121910470000
2025-06-09,801080.SI,4394.51,4421.31,4390.10,4412.27,5947180000,127588680000
2025-06-10,801080.SI,4419.57,4419.57,4307.24,4339.66,6506670000,143921750000
2025-06-11,801080.SI,4342.86,4394.21,4342.84,4355.02,6021570000,120188010000
2025-06-12,801080.SI,4343.29,4377.03,4340.08,4343.28,6518630000,130657080000
2025-06-13,801080.SI,4318.29,4349.83,4280.95,4302.78,7237590000,149495050000
2025-06-16,801080.SI,4284.32,4359.86,4284.32,4338.65,5497090000,123525350000
2025-06-17,801080.SI,4349.02,4359.70,4321.06,4336.18,6004750000,122260480000
2025-06-18,801080.SI,4324.47,4412.27,4324.47,4401.06,7667120000,154162560000
2025-06-19,801080.SI,4397.78,4438.90,4361.23,4375.10,7391930000,154738290000
2025-06-20,801080.SI,4372.70,4402.53,4341.80,4343.82,6813790000,137265690000
2025-06-23,801080.SI,4307.64,4397.29,4307.64,4387.75,7502860000,151221960000
2025-06-24,801080.SI,4403.12,4465.11,4403.10,4465.11,9002510000,173161690000
2025-06-25,801080.SI,4477.92,4534.50,4459.43,4534.50,9594670000,198386400000
2025-06-26,801080.SI,4542.95,4574.79,4503.03,4503.03,9520390000,190285320000
2025-06-27,801080.SI,4530.47,4581.18,4513.44,4544.26,10087000000,201748520000
2025-06-30,801080.SI,4569.42,4611.26,4569.36,4609.90,9993080000,203621380000
2025-07-01,801080.SI,4604.35,4632.75,4582.74,4614.85,10062570000,207498710000
2025-07-02,801080.SI,4589.13,4589.15,4507.56,4522.05,8226300000,166179650000
2025-07-03,801080.SI,4528.12,4604.55,4528.10,4598.54,9756200000,192837090000
2025-07-04,801080.SI,4596.96,4635.19,4557.56,4577.83,9504160000,198127420000
2025-07-07,801080.SI,4567.76,4588.70,4537.58,4547.37,7068900000,142645640000
2025-07-08,801080.SI,4559.66,4654.19,4559.61,4650.67,9039810000,192508700000
2025-07-09,801080.SI,4652.10,4664.25,4601.69,4612.56,8688780000,179457900000
2025-07-10,801080.SI,4617.05,4620.72,4573.37,4598.27,7895030000,163873180000
2025-07-11,801080.SI,4592.47,4639.60,4568.06,4620.38,8000340000,171843540000
2025-07-14,801080.SI,4619.09,4639.54,4600.61,4620.14,6406150000,132871110000
2025-07-15,801080.SI,4626.38,4672.56,4609.00,4656.49,8596400000,191699120000
2025-07-16,801080.SI,4653.89,4706.60,4637.98,4641.73,7071970000,168955780000
2025-07-17,801080.SI,4637.51,4742.99,4637.48,4742.99,9108430000,204020920000
2025-07-18,801080.SI,4753.31,4785.34,4694.61,4719.71,7935510000,190207190000
2025-07-21,801080.SI,4718.41,4742.26,4700.21,4741.71,7704950000,173801890000
2025-07-22,801080.SI,4730.68,4761.90,4712.48,4730.38,8058050000,187909320000
2025-07-23,801080.SI,4715.37,4760.18,4700.55,4728.85,7336800000,170225970000
2025-07-24,801080.SI,4739.99,4788.65,4739.98,4788.65,7583440000,183145120000
2025-07-25,801080.SI,4789.69,4854.54,4772.24,4854.41,7609130000,190017250000
2025-07-28,801080.SI,4871.85,4920.55,4841.81,4907.78,9281160000,230131550000
2025-07-29,801080.SI,4896.05,4977.30,4893.56,4977.30,9521730000,239398300000
2025-07-30,801080.SI,4964.15,4979.96,4909.33,4946.00,8642540000,223650270000
2025-07-31,801080.SI,4950.36,5006.39,4896.65,4913.73,10114810000,261936370000
2025-08-01,801080.SI,4894.24,4944.31,4833.54,4867.86,7921410000,204426530000
2025-08-04,801080.SI,4835.91,4910.17,4835.91,4910.17,7159900000,184521880000
2025-08-05,801080.SI,4927.86,4940.11,4906.31,4938.50,8308850000,197940700000
2025-08-06,801080.SI,4925.69,4984.28,4917.96,4983.75,9102780000,220172530000
2025-08-07,801080.SI,5005.89,5037.81,4973.24,5006.02,11142510000,280726770000
2025-08-08,801080.SI,4980.92,4980.92,4946.59,4948.23,8987940000,220532250000
2025-08-11,801080.SI,4951.52,5049.13,4951.51,5035.26,10065130000,244184730000
2025-08-12,801080.SI,5036.86,5133.36,5026.76,5129.80,10923710000,298104900000
2025-08-13,801080.SI,5133.23,5232.70,5133.23,5232.70,11457260000,319011640000
2025-08-14,801080.SI,5236.85,5299.69,5183.09,5189.01,13033550000,356095200000
2025-08-15,801080.SI,5168.83,5296.97,5168.83,5295.44,12225030000,323937800000
2025-08-18,801080.SI,5343.68,5470.52,5288.89,5426.93,16121660000,426531700000
2025-08-19,801080.SI,5421.85,5461.60,5382.64,5415.91,14529180000,377800370000
2025-08-20,801080.SI,5374.40,5541.52,5332.28,5541.52,15787400000,399426840000
2025-08-21,801080.SI,5557.39,5608.90,5471.62,5504.08,16652350000,415502800000
2025-08-22,801080.SI,5510.18,5769.70,5510.18,5769.27,17330510000,484056800000
2025-08-25,801080.SI,5875.75,5949.60,5765.96,5888.91,18822360000,564492410000
2025-08-26,801080.SI,5825.90,5940.03,5806.32,5877.30,17499480000,457603240000
2025-08-27,801080.SI,5885.35,6094.86,5853.55,5853.55,21266590000,575215380000
2025-08-28,801080.SI,5860.02,6177.30,5860.02,6177.30,19928730000,583971150000
2025-08-29,801080.SI,6129.55,6145.84,6022.71,6131.74,16542390000,496318920000
2025-09-01,801080.SI,6199.74,6255.98,6075.60,6218.80,16604630000,491712440000
2025-09-02,801080.SI,6207.92,6241.05,5937.09,5979.27,17227200000,502976260000
2025-09-03,801080.SI,5975.98,6038.69,5879.74,5907.76,13553520000,374367590000
2025-09-04,801080.SI,5928.52,5955.77,5528.75,5607.55,15218980000,432562850000
2025-09-05,801080.SI,5628.18,5864.96,5589.69,5851.75,13688480000,382833100000
2025-09-08,801080.SI,5857.55,5907.87,5744.80,5851.82,12874130000,372273770000
2025-09-09,801080.SI,5776.35,5802.10,5658.34,5693.90,10802460000,307047130000
2025-09-10,801080.SI,5731.80,5842.24,5712.47,5795.35,9858940000,318899060000
2025-09-11,801080.SI,5808.54,6140.50,5779.13,6140.50,14187570000,458848310000
2025-09-12,801080.SI,6133.57,6291.20,6133.57,6211.61,14228940000,503361320000
2025-09-15,801080.SI,6299.30,6299.30,6183.80,6209.29,12498780000,423684690000
2025-09-16,801080.SI,6217.74,6319.85,6217.73,6290.91,13052290000,415721540000
2025-09-17,801080.SI,6284.37,6408.63,6260.57,6366.13,13706950000,438782440000
2025-09-18,801080.SI,6376.86,6609.89,6312.81,6425.42,18855290000,625893490000
2025-09-19,801080.SI,6462.50,6519.31,6379.33,6395.36,14281780000,473632050000
2025-09-22,801080.SI,6443.39,6642.35,6443.39,6632.57,14304600000,487859470000
2025-09-23,801080.SI,6719.26,6719.28,6443.57,6628.59,16652200000,552705950000
2025-09-24,801080.SI,6564.34,6842.51,6559.85,6811.73,17035030000,600647850000
2025-09-25,801080.SI,6780.28,6864.63,6714.27,6807.12,14488130000,527539950000
2025-09-26,801080.SI,6761.54,6816.96,6619.62,6620.15,13476120000,470089540000
2025-09-29,801080.SI,6621.21,6727.80,6562.98,6724.97,12128280000,420797760000
2025-09-30,801080.SI,6785.43,6855.76,6759.74,6803.98,12486000000,458112920000
2025-10-09,801080.SI,6903.70,7110.45,6903.68,6952.40,15941150000,571368770000
2025-10-10,801080.SI,6859.25,6864.67,6594.41,6624.84,14288290000,507893100000
2025-10-13,801080.SI,6298.83,6629.60,6298.83,6621.26,13583400000,463916400000
2025-10-14,801080.SI,6712.41,6712.41,6278.33,6314.05,13451120000,487118430000
2025-10-15,801080.SI,6317.27,6458.65,6233.82,6458.65,10381480000,376613840000
2025-10-16,801080.SI,6420.81,6536.83,6387.66,6419.98,9366790000,350654420000
2025-10-17,801080.SI,6398.94,6398.94,6146.72,6152.03,10452080000,342106310000
2025-10-20,801080.SI,6278.72,6360.06,6190.84,6236.90,9047070000,328345710000
2025-10-21,801080.SI,6279.25,6465.73,6269.53,6454.91,10424850000,385920910000
2025-10-22,801080.SI,6379.11,6480.10,6330.72,6416.39,8228480000,303914070000
2025-10-23,801080.SI,6372.42,6383.92,6269.05,6373.59,7960620000,265711040000
2025-10-24,801080.SI,6465.32,6681.55,6454.41,6674.42,10854290000,430059070000
2025-10-27,801080.SI,6816.41,6889.71,6720.90,6871.92,12688750000,509289280000
2025-10-28,801080.SI,6784.66,6938.13,6784.66,6846.17,11664170000,443592180000
2025-10-29,801080.SI,6879.71,6950.56,6821.28,6925.59,11291330000,421409950000
2025-10-30,801080.SI,6914.87,6928.57,6771.10,6771.10,11826690000,437932110000
2025-10-31,801080.SI,6763.57,6763.58,6560.56,6563.99,10504980000,395550010000
2025-11-03,801080.SI,6507.78,6558.87,6385.55,6558.87,9621140000,343419960000
2025-11-04,801080.SI,6564.89,6590.50,6429.80,6465.82,8752360000,295765660000
2025-11-05,801080.SI,6298.14,6480.53,6298.14,6453.36,8191000000,269031800000
2025-11-06,801080.SI,6515.22,6652.05,6486.90,6647.03,9077390000,352452070000
2025-11-07,801080.SI,6566.77,6623.23,6522.39,6557.77,8665500000,303291580000
2025-11-10,801080.SI,6582.34,6603.49,6404.70,6524.04,10219620000,346143980000
2025-11-11,801080.SI,6574.64,6575.10,6407.05,6410.62,9595170000,324628850000
2025-11-12,801080.SI,6356.68,6428.58,6302.62,6382.61,8804810000,293202570000
2025-11-13,801080.SI,6362.97,6470.33,6356.60,6444.32,8825180000,295194090000
2025-11-14,801080.SI,6331.79,6370.85,6245.14,6245.14,9076520000,286783440000
2025-11-17,801080.SI,6261.16,6354.36,6220.42,6255.55,8457200000,254888610000
2025-11-18,801080.SI,6230.98,6354.32,6214.07,6263.22,8405440000,273393310000
2025-11-19,801080.SI,6243.74,6295.51,6176.48,6207.04,7936330000,240340390000
2025-11-20,801080.SI,6319.77,6319.77,6157.95,6159.61,7942110000,246036260000
2025-11-21,801080.SI,6007.04,6021.06,5877.40,5877.40,10191090000,300977400000
2025-11-24,801080.SI,5922.55,5952.51,5817.28,5914.97,8477170000,260041540000
2025-11-25,801080.SI,5984.10,6126.29,5983.05,6041.39,8828070000,290555100000
2025-11-26,801080.SI,6006.10,6199.73,5999.04,6136.82,9170630000,316893410000
2025-11-27,801080.SI,6160.18,6304.61,6146.36,6152.98,9569360000,330840830000
2025-11-28,801080.SI,6141.56,6245.10,6117.43,6232.95,8737490000,283241220000
2025-12-01,801080.SI,6243.20,6331.68,6184.92,6331.68,11960360000,362165610000
2025-12-02,801080.SI,6318.41,6339.89,6262.38,6284.17,10060790000,305233580000
2025-12-03,801080.SI,6276.68,6298.88,6202.43,6225.92,11287900000,286817060000
2025-12-04,801080.SI,6204.95,6278.42,6135.64,6274.25,9720060000,275289430000
2025-12-05,801080.SI,6265.32,6312.36,6174.62,6300.64,11261280000,285668620000
2025-12-08,801080.SI,6299.04,6493.59,6299.00,6464.46,12130740000,379098580000
2025-12-09,801080.SI,6433.60,6561.51,6433.60,6515.04,12289910000,385542810000
2025-12-10,801080.SI,6476.45,6503.13,6374.68,6489.34,10995710000,335019080000
2025-12-11,801080.SI,6497.68,6497.68,6373.16,6373.64,10612060000,323462250000
2025-12-12,801080.SI,6354.97,6485.22,6294.98,6466.55,11419250000,409223820000
2025-12-15,801080.SI,6368.94,6419.61,6308.27,6309.88,9404820000,319129580000
2025-12-16,801080.SI,6292.23,6314.09,6168.43,6214.95,9397400000,283780590000
2025-12-17,801080.SI,6211.73,6371.99,6183.96,6369.08,9378960000,302858960000
2025-12-18,801080.SI,6300.43,6351.30,6272.81,6272.81,7996220000,270753610000
2025-12-19,801080.SI,6327.31,6327.38,6252.89,6254.54,7710230000,250782590000
2025-12-22,801080.SI,6296.93,6429.11,6296.92,6418.11,9278460000,318224490000
2025-12-23,801080.SI,6407.26,6490.18,6407.23,6455.50,8690570000,313580490000
2025-12-24,801080.SI,6480.10,6601.56,6476.40,6592.48,10072400000,355677060000
2025-12-25,801080.SI,6589.53,6634.78,6541.23,6611.70,9093610000,334727190000
2025-12-26,801080.SI,6586.87,6619.35,6526.24,6564.94,9585390000,335199950000
2025-12-29,801080.SI,6554.11,6669.38,6554.11,6588.28,9903980000,348161710000
2025-12-30,801080.SI,6566.69,6671.40,6566.69,6621.68,9402960000,342167800000
2025-12-31,801080.SI,6667.31,6667.31,6543.93,6554.19,9453750000,319855310000
2026-01-05,801080.SI,6628.15,6795.84,6628.15,6795.84,11445900000,438850210000
2026-01-06,801080.SI,6789.12,6934.26,6783.78,6908.57,15366070000,480873590000
2026-01-07,801080.SI,6984.49,7044.31,6924.28,6994.64,15348000000,548176790000
2026-01-08,801080.SI,6972.18,7081.19,6958.66,6997.66,12801290000,495404090000
2026-01-09,801080.SI,6944.82,7062.45,6901.73,7061.21,14346940000,496627900000
2026-01-12,801080.SI,7096.60,7181.45,7017.92,7164.63,16155220000,563468080000
2026-01-13,801080.SI,7138.49,7144.04,6899.47,6927.95,14871950000,501317130000
2026-01-14,801080.SI,6973.96,7139.71,6948.30,7021.97,17277370000,539923660000
2026-01-15,801080.SI,6974.48,7139.57,6959.92,7139.57,13009100000,460692350000
2026-01-16,801080.SI,7220.90,7380.36,7205.05,7327.72,15485260000,600302940000
2026-01-19,801080.SI,7316.96,7361.98,7273.51,7291.72,13042860000,495862340000
2026-01-20,801080.SI,7275.58,7327.15,7144.24,7202.38,12958120000,485081100000
2026-01-21,801080.SI,7163.57,7428.71,7163.57,7390.79,13497650000,532798880000
2026-01-22,801080.SI,7505.10,7514.56,7340.82,7406.52,14001440000,555654490000
2026-01-23,801080.SI,7375.14,7429.70,7310.69,7429.70,16126870000,551145340000
2026-01-26,801080.SI,7417.46,7454.94,7237.18,7263.13,14535100000,501723540000
2026-01-27,801080.SI,7242.85,7456.07,7161.51,7428.16,14325560000,515301970000
2026-01-28,801080.SI,7480.30,7546.31,7389.67,7459.42,14037600000,546133920000
2026-01-29,801080.SI,7436.83,7459.93,7192.69,7193.65,13619560000,501863550000
2026-01-30,801080.SI,7152.95,7297.55,7031.24,7242.89,12718700000,455425770000
2026-02-02,801080.SI,7161.78,7204.54,6950.06,6950.06,11075870000,421230350000
2026-02-03,801080.SI,7072.36,7098.44,6920.16,7098.38,10340740000,417418550000
2026-02-04,801080.SI,7016.06,7016.06,6895.23,6988.39,10229000000,364511180000
2026-02-05,801080.SI,6860.95,6928.79,6803.13,6902.49,9044640000,317934730000
2026-02-06,801080.SI,6817.51,6961.25,6783.50,6864.10,8583630000,313973560000
2026-02-09,801080.SI,7006.53,7068.25,6970.27,7068.25,9294390000,352092850000
2026-02-10,801080.SI,7074.53,7151.07,7067.84,7082.06,8550900000,310187990000
2026-02-11,801080.SI,7040.18,7083.50,7004.52,7004.83,7323320000,258826190000
2026-02-12,801080.SI,7038.74,7127.14,7014.10,7125.95,8487300000,330203390000
2026-02-13,801080.SI,7073.89,7184.39,7071.50,7105.44,8281600000,313428810000
2026-02-24,801080.SI,7220.04,7265.67,7107.18,7200.52,10325520000,361385950000
2026-02-25,801080.SI,7215.06,7313.68,7158.94,7303.01,11046730000,411093490000
2026-02-26,801080.SI,7319.50,7484.68,7260.19,7447.71,12024750000,480786850000
2026-02-27,801080.SI,7330.64,7397.12,7282.32,7394.47,11525570000,416552990000
2026-03-02,801080.SI,7238.99,7370.79,7238.99,7286.73,12226590000,423421730000
2026-03-03,801080.SI,7319.63,7319.63,6890.84,6900.80,13749980000,472925030000
2026-03-04,801080.SI,6831.96,7031.81,6831.96,6883.76,9551110000,336921540000
2026-03-05,801080.SI,7067.90,7149.20,6978.25,7022.75,12856810000,399844990000
2026-03-06,801080.SI,6968.33,7083.15,6955.51,7019.35,12890300000,346739060000
2026-03-09,801080.SI,6808.77,6904.66,6648.32,6886.60,12329950000,386475480000
2026-03-10,801080.SI,7025.32,7123.95,7022.93,7121.23,11136310000,380793300000
2026-03-11,801080.SI,7131.46,7187.07,7048.26,7065.95,11474410000,375908530000
2026-03-12,801080.SI,7044.79,7114.96,6910.47,6990.40,11093840000,342057740000
2026-03-13,801080.SI,6932.21,7049.58,6907.12,6933.27,10312830000,345656140000
2026-03-16,801080.SI,6926.08,7056.28,6811.57,7055.75,11224860000,383627630000
2026-03-17,801080.SI,7088.40,7088.40,6845.44,6846.32,10843330000,370242690000
2026-03-18,801080.SI,6912.14,7017.43,6863.56,7011.59,10149590000,377056770000
2026-03-19,801080.SI,6869.92,6927.17,6808.63,6836.38,9410910000,338435240000
2026-03-20,801080.SI,6897.06,6943.51,6734.15,6736.02,10993200000,386323320000
2026-03-23,801080.SI,6564.50,6625.60,6335.22,6369.51,12079860000,367071550000
2026-03-24,801080.SI,6476.05,6524.40,6291.23,6524.40,9988070000,320350880000
2026-03-25,801080.SI,6600.70,6767.59,6600.70,6697.15,9849470000,356311210000
2026-03-26,801080.SI,6666.91,6685.24,6529.27,6549.20,9274180000,303361290000
2026-03-27,801080.SI,6410.13,6646.91,6398.99,6595.34,8631460000,287311150000
2026-03-30,801080.SI,6475.11,6582.14,6435.61,6573.26,8469550000,277783010000
2026-03-31,801080.SI,6525.82,6580.13,6395.22,6395.22,8415440000,303399740000
2026-04-01,801080.SI,6582.22,6600.41,6531.99,6582.69,8445970000,320833100000
2026-04-02,801080.SI,6559.17,6567.35,6357.61,6394.44,8476160000,276508940000
2026-04-03,801080.SI,6455.66,6478.14,6393.15,6403.01,7320330000,254660860000
2026-04-07,801080.SI,6440.79,6533.54,6440.62,6482.43,7294140000,271654140000
2026-04-08,801080.SI,6696.91,6910.31,6696.91,6910.31,12108390000,454655310000
2026-04-09,801080.SI,6827.15,7000.45,6820.50,6944.50,11636080000,416004790000
2026-04-10,801080.SI,7029.26,7141.80,7029.24,7084.19,11625980000,468222730000
2026-04-13,801080.SI,7029.61,7199.80,7029.61,7141.81,10203250000,417851020000
2026-04-14,801080.SI,7243.36,7369.86,7236.28,7332.31,11353390000,490467630000
2026-04-15,801080.SI,7381.96,7396.71,7237.86,7271.27,11459520000,483535030000
2026-04-16,801080.SI,7267.16,7397.54,7232.52,7392.67,11003920000,444033870000
2026-04-17,801080.SI,7377.42,7528.32,7377.41,7505.69,12440340000,504360660000
2026-04-20,801080.SI,7531.23,7631.75,7531.23,7622.51,14089350000,540797300000
2026-04-21,801080.SI,7571.76,7627.17,7459.90,7604.31,14099870000,497414030000
2026-04-22,801080.SI,7581.12,7854.31,7581.12,7853.20,13970660000,550360290000
2026-04-23,801080.SI,7917.13,7919.40,7652.25,7732.97,14124720000,599149390000
2026-04-24,801080.SI,7744.87,7812.53,7636.86,7738.79,12893430000,595113000000
2026-04-27,801080.SI,7829.51,8045.10,7827.96,8009.18,13938890000,630855800000
2026-04-28,801080.SI,7979.49,8059.72,7857.23,7909.62,14145510000,588442760000
2026-04-29,801080.SI,7813.66,7948.05,7722.10,7933.69,12504430000,557147060000
2026-04-30,801080.SI,7997.68,8144.34,7931.51,8108.69,13604280000,632130850000
2026-05-06,801080.SI,8341.15,8581.84,8341.15,8427.17,16189330000,797574020000
2026-05-07,801080.SI,8476.72,8667.34,8404.72,8657.90,16016990000,728990090000
2026-05-08,801080.SI,8521.26,8609.34,8489.58,8597.90,15473310000,665797540000
2026-05-11,801080.SI,8809.90,9046.42,8775.31,9005.00,18184000000,869521820000
2026-05-12,801080.SI,9012.94,9058.02,8887.37,9017.64,16223600000,777468600000
2026-05-13,801080.SI,8844.74,9329.68,8844.74,9327.77,16771280000,819379600000
2026-05-14,801080.SI,9407.10,9407.10,9104.29,9104.29,18175310000,859918890000
2026-05-15,801080.SI,9128.68,9296.15,8829.05,9002.21,18517470000,891694410000
2026-05-18,801080.SI,8982.28,9240.83,8982.28,9143.04,15898850000,777980890000
2026-05-19,801080.SI,9050.91,9349.31,8867.48,9347.00,15909360000,784679120000
2026-05-20,801080.SI,9306.80,9552.04,9306.80,9549.89,16579780000,853744490000
2026-05-21,801080.SI,9705.24,9798.54,9174.59,9197.43,23638750000,1029670080000
2026-05-22,801080.SI,9343.53,9598.79,9284.84,9592.34,24901210000,895902250000
2026-05-25,801080.SI,9693.23,10052.76,9618.76,10051.80,23652950000,1047825150000
2026-05-26,801080.SI,9983.69,10010.40,9750.94,9973.32,25421420000,1033429000000
2026-05-27,801080.SI,10014.64,10221.47,9777.47,9832.50,26991640000,1084836330000
2026-05-28,801080.SI,9763.99,10031.53,9714.95,10003.06,22971170000,955098390000
2026-05-29,801080.SI,10084.58,10084.58,9468.70,9558.91,24843770000,1019472170000
2026-06-01,801080.SI,9560.31,9619.51,9153.03,9159.93,20761670000,862554380000
2026-06-02,801080.SI,9196.41,9490.49,9030.60,9400.14,19587570000,811399910000
2026-06-03,801080.SI,9457.61,9866.30,9457.61,9615.97,24719410000,999910620000
2026-06-04,801080.SI,9463.95,9893.01,9463.95,9833.77,21823300000,866890610000
2026-06-05,801080.SI,9646.74,9810.37,9432.42,9480.93,26402490000,924126790000
2026-06-08,801080.SI,8982.53,9340.12,8982.51,9070.17,22207360000,783398210000
2026-06-09,801080.SI,9272.91,9569.63,9162.42,9565.15,20604590000,777209010000
2026-06-10,801080.SI,9449.73,9638.42,9231.72,9351.84,19407400000,764451760000
2026-06-11,801080.SI,9315.54,9485.48,9271.70,9406.83,18544450000,739687580000
2026-06-12,801080.SI,9743.65,9743.65,9283.68,9303.78,21326220000,947680760000
2026-06-15,801080.SI,9473.03,9915.82,9327.76,9915.82,19656300000,857105130000
2026-06-16,801080.SI,9971.33,10196.06,9967.08,10132.42,20504770000,904729470000
2026-06-17,801080.SI,10008.14,10608.41,10008.14,10608.41,21977290000,1018718260000
2026-06-18,801080.SI,10597.76,11017.49,10597.76,10930.66,23590620000,1090592310000
2026-06-22,801080.SI,11069.08,11220.07,10769.70,11125.16,23337390000,1139268410000
2026-06-23,801080.SI,11033.55,11172.47,10728.11,10845.38,21098820000,1042868730000
2026-06-24,801080.SI,10732.67,11305.34,10705.88,11295.21,22402200000,1072865020000
2026-06-25,801080.SI,11447.30,11756.13,11413.74,11739.62,25047800000,1204194970000
2026-06-26,801080.SI,11558.50,11788.26,11288.59,11519.58,26619310000,1212359940000
2026-06-29,801080.SI,11580.49,11940.15,11121.38,11714.95,25740780000,1255890430000
2026-06-30,801080.SI,11688.61,12228.93,11688.61,12209.62,24524160000,1177037130000
2026-07-01,801080.SI,12222.78,12499.74,11792.07,11966.45,26370750000,1263570180000
2026-07-02,801080.SI,11387.12,11636.80,11074.28,11111.15,26085250000,1138604620000
2026-07-03,801080.SI,11002.67,11387.51,10798.56,11024.08,22771800000,1025079640000
2026-07-06,801080.SI,11180.77,11194.96,10538.29,10864.64,21207890000,966209600000
2026-07-07,801080.SI,10721.21,10974.64,10601.54,10790.54,17754160000,829216500000
2026-07-08,801080.SI,10876.33,11021.58,10392.95,10668.78,18922780000,878436600000
2026-07-09,801080.SI,10872.72,11454.55,10715.33,11450.79,21090770000,1037773370000
2026-07-10,801080.SI,11539.56,11754.08,10841.16,10841.16,23736590000,1198892250000
2026-07-13,801080.SI,10665.09,10893.47,10152.10,10213.92,20184370000,964304730000
2026-07-14,801080.SI,10253.11,10542.13,9866.51,10491.95,18761640000,931031530000
2026-07-15,801080.SI,10616.20,10616.20,9976.29,10009.07,16887780000,819114110000
2026-07-16,801080.SI,9733.81,10100.89,9490.87,9583.32,16113300000,764250000000
2026-07-17,801080.SI,9477.69,9501.12,8720.81,8798.21,18441826200,814755330400
