trade_date,wind_code,open,high,low,close,volume,amt
2014-01-02,801150.SI,4955.98,5054.65,4950.01,5051.73,862670000,16410440000
2014-01-03,801150.SI,5042.46,5057.96,5001.59,5028.63,770000000,13837980000
2014-01-06,801150.SI,5019.47,5019.98,4914.17,4919.26,757360000,12671030000
2014-01-07,801150.SI,4891.86,4971.12,4887.97,4970.16,643240000,11435570000
2014-01-08,801150.SI,4979.92,5028.50,4978.85,5016.00,779820000,13931860000
2014-01-09,801150.SI,5009.53,5052.61,4967.16,4970.14,797770000,14644780000
2014-01-10,801150.SI,4954.19,4974.04,4870.14,4875.09,665420000,11704990000
2014-01-13,801150.SI,4871.84,4906.20,4829.56,4854.52,578650000,10242960000
2014-01-14,801150.SI,4852.22,4924.69,4840.29,4924.69,585260000,10511580000
2014-01-15,801150.SI,4930.14,4995.03,4925.70,4995.03,614640000,11471930000
2014-01-16,801150.SI,4996.85,5003.46,4964.21,4973.52,579430000,10833210000
2014-01-17,801150.SI,4963.15,4977.28,4906.23,4909.92,525130000,9291950000
2014-01-20,801150.SI,4897.41,4917.18,4804.10,4851.16,646030000,11631690000
2014-01-21,801150.SI,4846.26,4887.22,4846.20,4884.60,591710000,10272680000
2014-01-22,801150.SI,4890.49,4980.35,4888.34,4980.35,741730000,13173380000
2014-01-23,801150.SI,4979.34,5010.95,4976.11,4988.16,732730000,13357390000
2014-01-24,801150.SI,4988.28,5064.67,4983.79,5060.40,885970000,16493110000
2014-01-27,801150.SI,5049.80,5054.81,5013.84,5020.21,794410000,14781140000
2014-01-28,801150.SI,5034.54,5059.56,5009.32,5034.99,870030000,15414080000
2014-01-29,801150.SI,5042.40,5080.75,5032.94,5080.75,759930000,13982020000
2014-01-30,801150.SI,5070.23,5083.47,5053.58,5065.95,584160000,10806850000
2014-02-07,801150.SI,5034.90,5097.78,5022.12,5097.78,724130000,13160800000
2014-02-10,801150.SI,5116.41,5251.62,5116.41,5251.61,1228820000,22370850000
2014-02-11,801150.SI,5257.21,5313.41,5225.67,5269.30,1186140000,21898040000
2014-02-12,801150.SI,5276.93,5314.01,5235.71,5314.01,1163010000,20450370000
2014-02-13,801150.SI,5300.37,5306.71,5204.86,5205.93,1112690000,19887310000
2014-02-14,801150.SI,5208.99,5324.66,5208.80,5324.66,981780000,17969750000
2014-02-17,801150.SI,5339.45,5408.28,5335.91,5408.28,1190100000,22289290000
2014-02-18,801150.SI,5407.01,5441.53,5386.41,5426.73,1232540000,22971380000
2014-02-19,801150.SI,5415.64,5477.75,5395.43,5450.92,1241510000,22268150000
2014-02-20,801150.SI,5457.99,5460.58,5373.39,5382.50,1206200000,20761080000
2014-02-21,801150.SI,5371.66,5406.40,5341.27,5383.25,903520000,16740830000
2014-02-24,801150.SI,5365.69,5452.94,5325.09,5452.94,1244800000,23622660000
2014-02-25,801150.SI,5459.17,5521.52,5273.57,5302.83,1737910000,31845970000
2014-02-26,801150.SI,5266.72,5332.44,5177.31,5332.44,1193970000,21856090000
2014-02-27,801150.SI,5335.57,5368.80,5148.14,5160.23,1262390000,22861760000
2014-02-28,801150.SI,5127.18,5166.80,5044.17,5164.73,981600000,18612470000
2014-03-03,801150.SI,5155.18,5251.75,5144.79,5251.75,956250000,17467960000
2014-03-04,801150.SI,5234.16,5247.31,5169.84,5225.26,912320000,16848740000
2014-03-05,801150.SI,5233.34,5242.16,5175.30,5185.48,809050000,14309730000
2014-03-06,801150.SI,5175.63,5184.48,5103.79,5154.34,895560000,16873590000
2014-03-07,801150.SI,5151.28,5227.95,5145.36,5200.58,939300000,17598860000
2014-03-10,801150.SI,5167.25,5167.98,5059.35,5066.57,992080000,16518540000
2014-03-11,801150.SI,5054.91,5103.65,5039.87,5087.52,767540000,13157960000
2014-03-12,801150.SI,5081.94,5129.66,5021.42,5078.13,799560000,13437110000
2014-03-13,801150.SI,5080.40,5147.25,5080.04,5145.51,670590000,12113370000
2014-03-14,801150.SI,5121.79,5147.73,5079.77,5117.30,622190000,11133760000
2014-03-17,801150.SI,5127.29,5220.27,5119.96,5219.27,729210000,13426920000
2014-03-18,801150.SI,5225.15,5274.74,5223.98,5238.50,952220000,16546150000
2014-03-19,801150.SI,5227.93,5228.39,5174.40,5216.59,858890000,14769360000
2014-03-20,801150.SI,5203.51,5226.41,5091.52,5091.52,855110000,14716630000
2014-03-21,801150.SI,5061.75,5137.74,5004.91,5137.74,791530000,13563080000
2014-03-24,801150.SI,5130.37,5136.22,5105.56,5118.18,771700000,12770640000
2014-03-25,801150.SI,5109.32,5127.30,5079.84,5103.65,750610000,11771610000
2014-03-26,801150.SI,5125.48,5191.13,5124.57,5163.93,786020000,13026090000
2014-03-27,801150.SI,5158.74,5159.19,5077.78,5078.40,788880000,13084800000
2014-03-28,801150.SI,5070.10,5078.99,4943.20,4961.68,806650000,13485110000
2014-03-31,801150.SI,4956.97,4981.99,4909.45,4937.72,568390000,9431830000
2014-04-01,801150.SI,4929.50,4987.83,4928.28,4987.15,538310000,9439220000
2014-04-02,801150.SI,4988.47,4992.25,4923.20,4937.48,578300000,10074290000
2014-04-03,801150.SI,4937.10,4953.16,4905.91,4924.22,541410000,8992210000
2014-04-04,801150.SI,4913.37,4971.04,4904.00,4970.88,564900000,9121610000
2014-04-08,801150.SI,4954.36,5038.51,4946.14,5038.51,818550000,12929170000
2014-04-09,801150.SI,5034.79,5089.17,5034.58,5088.97,889700000,14594080000
2014-04-10,801150.SI,5088.34,5108.17,5076.31,5093.27,885060000,14856460000
2014-04-11,801150.SI,5083.90,5126.21,5077.70,5112.46,822120000,14096040000
2014-04-14,801150.SI,5110.04,5135.24,5103.49,5135.24,734670000,12119590000
2014-04-15,801150.SI,5125.83,5132.55,5098.15,5107.54,752990000,12641090000
2014-04-16,801150.SI,5098.44,5110.21,5070.14,5096.02,641720000,10260920000
2014-04-17,801150.SI,5100.15,5115.83,5082.40,5083.21,684830000,10472480000
2014-04-18,801150.SI,5068.33,5098.64,5055.55,5097.79,573840000,9408380000
2014-04-21,801150.SI,5064.32,5113.30,5031.55,5033.27,681600000,11171350000
2014-04-22,801150.SI,5017.92,5039.50,4922.72,4979.30,648460000,10922970000
2014-04-23,801150.SI,4972.86,4991.98,4936.38,4954.52,529160000,8989010000
2014-04-24,801150.SI,4943.11,4943.64,4889.60,4899.19,523880000,8904660000
2014-04-25,801150.SI,4895.83,4901.01,4812.74,4818.85,622580000,10334950000
2014-04-28,801150.SI,4799.02,4800.39,4666.48,4670.20,706560000,11369650000
2014-04-29,801150.SI,4659.84,4721.57,4659.84,4721.27,547120000,8823760000
2014-04-30,801150.SI,4723.12,4786.59,4722.06,4785.80,490970000,8104200000
2014-05-05,801150.SI,4779.90,4827.70,4773.95,4825.01,499140000,7823150000
2014-05-06,801150.SI,4816.23,4873.85,4813.75,4853.56,591700000,9720260000
2014-05-07,801150.SI,4842.37,4849.58,4781.92,4782.89,548110000,8552920000
2014-05-08,801150.SI,4769.23,4822.26,4766.74,4774.97,490950000,7718640000
2014-05-09,801150.SI,4779.16,4786.55,4715.97,4740.90,488430000,8042920000
2014-05-12,801150.SI,4761.92,4802.21,4739.18,4801.81,606970000,9916550000
2014-05-13,801150.SI,4796.71,4801.29,4777.37,4794.03,519970000,8129690000
2014-05-14,801150.SI,4793.11,4815.68,4790.36,4809.01,451740000,7419600000
2014-05-15,801150.SI,4805.79,4810.49,4734.51,4742.42,551410000,8838230000
2014-05-16,801150.SI,4734.29,4741.15,4662.45,4698.40,479880000,7902350000
2014-05-19,801150.SI,4684.06,4684.96,4619.63,4653.77,439380000,7428530000
2014-05-20,801150.SI,4669.86,4710.02,4661.37,4670.58,484060000,7884000000
2014-05-21,801150.SI,4658.16,4714.77,4637.72,4714.77,432170000,7021390000
2014-05-22,801150.SI,4714.98,4765.83,4713.86,4725.68,548420000,9009740000
2014-05-23,801150.SI,4722.49,4777.81,4722.35,4774.96,488840000,8367250000
2014-05-26,801150.SI,4794.49,4868.15,4793.49,4864.45,749770000,12714620000
2014-05-27,801150.SI,4862.42,4872.33,4838.04,4843.55,565370000,9303210000
2014-05-28,801150.SI,4840.34,4894.11,4836.00,4892.44,564300000,9629530000
2014-05-29,801150.SI,4898.50,4946.06,4871.08,4872.61,688660000,11782850000
2014-05-30,801150.SI,4868.63,4884.29,4838.97,4873.49,496550000,8317860000
2014-06-03,801150.SI,4879.94,4898.36,4877.63,4877.63,502490000,8122480000
2014-06-04,801150.SI,4871.98,4872.50,4796.52,4825.58,512430000,8081900000
2014-06-05,801150.SI,4820.97,4874.26,4815.76,4874.14,453400000,7614120000
2014-06-06,801150.SI,4874.10,4892.82,4859.75,4879.42,553310000,9211920000
2014-06-09,801150.SI,4873.33,4900.40,4858.01,4861.74,546150000,8700710000
2014-06-10,801150.SI,4855.79,4894.53,4833.65,4893.14,557670000,8901920000
2014-06-11,801150.SI,4886.75,4944.69,4881.41,4940.90,636700000,10716980000
2014-06-12,801150.SI,4934.21,4943.04,4912.73,4927.54,603040000,10245920000
2014-06-13,801150.SI,4916.42,4963.46,4915.77,4954.22,631820000,10517900000
2014-06-16,801150.SI,4954.73,4960.10,4940.89,4953.04,662180000,11019510000
2014-06-17,801150.SI,4948.59,4948.87,4902.10,4904.68,555180000,9869350000
2014-06-18,801150.SI,4910.07,4920.20,4875.81,4879.39,521130000,8773890000
2014-06-19,801150.SI,4880.40,4890.42,4772.69,4791.90,606690000,10019780000
2014-06-20,801150.SI,4787.54,4825.29,4779.69,4823.78,432000000,7254000000
2014-06-23,801150.SI,4834.04,4874.53,4832.75,4862.08,524990000,9535020000
2014-06-24,801150.SI,4861.50,4906.06,4861.43,4905.26,503580000,8784640000
2014-06-25,801150.SI,4900.90,4901.20,4872.65,4890.74,479320000,8270600000
2014-06-26,801150.SI,4893.22,4952.08,4892.82,4948.33,653480000,11288670000
2014-06-27,801150.SI,4951.68,4980.28,4943.41,4964.69,706230000,11448180000
2014-06-30,801150.SI,4968.34,5011.20,4968.31,5011.20,768120000,12553180000
2014-07-01,801150.SI,5015.26,5030.15,4997.99,5030.01,860410000,14059040000
2014-07-02,801150.SI,5031.90,5055.98,5014.43,5055.77,884970000,14484680000
2014-07-03,801150.SI,5056.74,5149.53,5048.80,5142.45,1201900000,19593240000
2014-07-04,801150.SI,5146.76,5150.63,5110.32,5111.39,1053350000,15685910000
2014-07-07,801150.SI,5110.60,5127.13,5069.55,5087.70,939040000,15040610000
2014-07-08,801150.SI,5084.38,5112.30,5049.87,5112.11,912460000,14329620000
2014-07-09,801150.SI,5110.06,5112.63,5032.19,5033.41,972160000,15669280000
2014-07-10,801150.SI,5027.57,5066.70,5027.52,5039.70,918580000,14115450000
2014-07-11,801150.SI,5042.20,5075.77,5034.04,5050.27,908670000,13927580000
2014-07-14,801150.SI,5049.93,5086.77,5027.84,5086.26,926850000,14660470000
2014-07-15,801150.SI,5089.35,5108.99,5064.89,5101.11,1178260000,18472960000
2014-07-16,801150.SI,5101.09,5118.63,5036.87,5043.74,1133880000,17631560000
2014-07-17,801150.SI,5038.19,5038.93,4984.44,5010.05,774560000,12037160000
2014-07-18,801150.SI,5001.19,5044.31,4997.79,5014.76,718570000,11289800000
2014-07-21,801150.SI,5010.02,5035.72,4996.51,5025.41,683220000,11468690000
2014-07-22,801150.SI,5010.34,5066.68,5010.34,5066.68,725950000,11755720000
2014-07-23,801150.SI,5060.65,5060.65,4975.36,4991.69,801320000,13232780000
2014-07-24,801150.SI,4988.88,5006.98,4935.97,4978.27,835610000,14142620000
2014-07-25,801150.SI,4982.63,5009.27,4972.39,5009.27,798100000,12560720000
2014-07-28,801150.SI,5022.76,5087.37,5022.22,5087.37,1106160000,17488700000
2014-07-29,801150.SI,5089.52,5138.49,5077.26,5127.72,1092490000,17032140000
2014-07-30,801150.SI,5118.97,5175.60,5112.62,5175.60,1155210000,17781110000
2014-07-31,801150.SI,5179.57,5192.84,5164.98,5192.84,1025400000,16110450000
2014-08-01,801150.SI,5185.50,5295.91,5182.64,5223.13,1794530000,27686750000
2014-08-04,801150.SI,5240.95,5268.31,5218.68,5268.31,1351930000,20628050000
2014-08-05,801150.SI,5267.59,5273.92,5217.24,5267.58,1306700000,20032820000
2014-08-06,801150.SI,5252.79,5284.21,5241.97,5274.40,1098570000,17567350000
2014-08-07,801150.SI,5272.25,5283.37,5224.60,5227.59,1007590000,15827330000
2014-08-08,801150.SI,5230.68,5264.95,5230.68,5250.88,858650000,13453710000
2014-08-11,801150.SI,5273.54,5324.08,5272.71,5324.08,1148060000,18294560000
2014-08-12,801150.SI,5324.00,5327.17,5299.44,5323.98,1162810000,18839230000
2014-08-13,801150.SI,5321.12,5328.32,5270.78,5307.44,1089650000,17440620000
2014-08-14,801150.SI,5305.20,5320.77,5274.34,5279.16,1192160000,18424090000
2014-08-15,801150.SI,5280.73,5330.20,5279.54,5328.28,944790000,15074630000
2014-08-18,801150.SI,5343.72,5394.70,5343.39,5394.70,1219400000,19598650000
2014-08-19,801150.SI,5399.41,5399.45,5356.10,5387.65,1175590000,19136060000
2014-08-20,801150.SI,5387.38,5395.63,5366.37,5383.75,1196500000,19183020000
2014-08-21,801150.SI,5387.24,5394.65,5334.45,5384.16,1112670000,18506190000
2014-08-22,801150.SI,5384.84,5436.04,5381.62,5432.65,1229220000,21674820000
2014-08-25,801150.SI,5435.03,5438.06,5388.43,5411.48,1248770000,22363300000
2014-08-26,801150.SI,5405.70,5415.32,5312.86,5329.29,1240040000,21065220000
2014-08-27,801150.SI,5324.85,5347.85,5320.91,5331.87,887060000,15402970000
2014-08-28,801150.SI,5336.14,5337.55,5273.29,5289.95,834970000,14372540000
2014-08-29,801150.SI,5291.76,5329.41,5283.69,5329.29,687320000,12135960000
2014-09-01,801150.SI,5334.87,5404.52,5334.57,5404.52,950150000,16324680000
2014-09-02,801150.SI,5417.96,5458.70,5403.66,5458.70,1300430000,21661210000
2014-09-03,801150.SI,5472.63,5495.35,5458.12,5493.51,1460620000,24473100000
2014-09-04,801150.SI,5501.24,5519.85,5479.92,5519.42,1443530000,24253460000
2014-09-05,801150.SI,5526.47,5556.41,5512.49,5556.41,1426440000,24538450000
2014-09-09,801150.SI,5566.53,5605.47,5541.63,5602.29,1733300000,28446140000
2014-09-10,801150.SI,5590.49,5614.72,5570.33,5607.01,1415740000,23502650000
2014-09-11,801150.SI,5608.65,5663.17,5572.54,5588.86,1671450000,28478080000
2014-09-12,801150.SI,5586.69,5629.79,5575.04,5629.72,1194220000,19790280000
2014-09-15,801150.SI,5627.10,5658.30,5609.11,5658.30,1494490000,25550890000
2014-09-16,801150.SI,5664.62,5670.62,5503.23,5506.09,1737830000,29941100000
2014-09-17,801150.SI,5510.85,5562.69,5477.01,5562.69,1304500000,21864700000
2014-09-18,801150.SI,5562.44,5649.25,5554.22,5649.25,1489820000,24677240000
2014-09-19,801150.SI,5656.31,5708.70,5651.55,5707.24,1356220000,23469110000
2014-09-22,801150.SI,5705.33,5705.52,5641.90,5654.88,1476850000,24863480000
2014-09-23,801150.SI,5653.85,5696.11,5638.95,5695.87,1234890000,20973820000
2014-09-24,801150.SI,5687.61,5747.64,5676.57,5747.64,1507350000,25692110000
2014-09-25,801150.SI,5767.60,5779.01,5717.59,5736.55,1459940000,25420220000
2014-09-26,801150.SI,5731.54,5762.28,5718.66,5762.28,1191310000,20956790000
2014-09-29,801150.SI,5780.48,5805.44,5773.76,5804.64,1395700000,24375370000
2014-09-30,801150.SI,5810.02,5850.18,5806.68,5848.25,1333430000,23302790000
2014-10-08,801150.SI,5860.42,6024.11,5845.22,6024.11,1975150000,37817810000
2014-10-09,801150.SI,6027.77,6048.35,5949.04,6015.29,2038640000,35166250000
2014-10-10,801150.SI,5994.34,6059.92,5973.69,6021.45,1793250000,31558780000
2014-10-13,801150.SI,6008.70,6062.10,5971.56,6061.70,1650580000,28739940000
2014-10-14,801150.SI,6053.02,6078.04,6006.05,6035.86,1813730000,30770980000
2014-10-15,801150.SI,6029.25,6181.84,6013.86,6160.79,2508170000,43095610000
2014-10-16,801150.SI,6134.12,6293.85,6090.02,6090.91,2903430000,49674780000
2014-10-17,801150.SI,6078.59,6096.35,5901.49,6013.30,2118960000,34868110000
2014-10-20,801150.SI,6031.12,6115.40,6030.69,6103.31,1680700000,28822080000
2014-10-21,801150.SI,6092.27,6092.27,5999.25,6006.47,1623810000,27845820000
2014-10-22,801150.SI,6000.06,6010.46,5890.33,5895.62,1307550000,22844660000
2014-10-23,801150.SI,5880.48,5908.21,5771.66,5814.15,1383000000,22449040000
2014-10-24,801150.SI,5814.74,5857.10,5810.90,5829.95,939680000,16534240000
2014-10-27,801150.SI,5811.91,5903.48,5798.25,5903.48,1028820000,19059590000
2014-10-28,801150.SI,5909.89,6004.18,5909.18,6004.18,1281270000,23485540000
2014-10-29,801150.SI,6019.67,6038.26,5984.92,6028.07,1524140000,27869750000
2014-10-30,801150.SI,6031.62,6105.33,6025.52,6052.57,1707740000,32057760000
2014-10-31,801150.SI,6062.08,6073.56,5962.65,6019.13,1431770000,27063180000
2014-11-03,801150.SI,6016.25,6019.07,5981.32,6019.03,1394290000,25944450000
2014-11-04,801150.SI,6010.68,6011.11,5919.52,5938.75,1254270000,23809140000
2014-11-05,801150.SI,5931.72,5936.04,5895.05,5931.31,1055640000,19754720000
2014-11-06,801150.SI,5939.74,5971.22,5911.71,5970.81,1006940000,20167630000
2014-11-07,801150.SI,5974.26,5978.86,5889.60,5908.46,1276630000,25212830000
2014-11-10,801150.SI,5917.64,5930.32,5888.99,5930.32,1132710000,22291530000
2014-11-11,801150.SI,5938.27,5939.26,5744.46,5785.16,1655420000,30654950000
2014-11-12,801150.SI,5776.42,5852.92,5769.71,5852.92,985340000,19803300000
2014-11-13,801150.SI,5849.71,5850.34,5734.85,5764.62,1180890000,22177720000
2014-11-14,801150.SI,5748.42,5800.90,5733.85,5795.44,961870000,19220120000
2014-11-17,801150.SI,5828.46,5876.56,5796.70,5857.67,1097380000,21087840000
2014-11-18,801150.SI,5853.77,5871.79,5830.72,5853.99,922360000,16781840000
2014-11-19,801150.SI,5860.23,5907.50,5857.33,5900.03,1118560000,19944210000
2014-11-20,801150.SI,5880.44,5880.58,5851.44,5860.34,875340000,15708460000
2014-11-21,801150.SI,5860.50,5895.89,5856.10,5895.89,1032290000,19427670000
2014-11-24,801150.SI,5928.80,5938.78,5881.18,5902.11,1480180000,28747450000
2014-11-25,801150.SI,5903.15,5973.36,5898.53,5973.36,1442950000,28042550000
2014-11-26,801150.SI,5977.23,5993.85,5950.90,5993.66,1605790000,30324450000
2014-11-27,801150.SI,6010.90,6034.60,5998.48,6034.60,1754130000,33180120000
2014-11-28,801150.SI,6030.85,6030.85,5971.23,6016.13,1710390000,33454760000
2014-12-01,801150.SI,6019.70,6020.46,5949.91,6013.15,1669920000,33802700000
2014-12-02,801150.SI,6001.66,6062.28,5996.04,6059.94,1489230000,30577340000
2014-12-03,801150.SI,6063.33,6087.78,6003.12,6087.78,2097160000,41542950000
2014-12-04,801150.SI,6086.79,6175.31,6086.79,6175.31,2425630000,45309120000
2014-12-05,801150.SI,6177.01,6177.12,5935.35,6054.44,2530910000,48827820000
2014-12-08,801150.SI,6025.47,6054.44,5980.09,6033.34,2217190000,43269040000
2014-12-09,801150.SI,6005.37,6005.54,5828.81,5840.26,2503190000,49082450000
2014-12-10,801150.SI,5836.54,6027.49,5836.54,6027.49,1752470000,34682230000
2014-12-11,801150.SI,6013.59,6067.40,5985.37,6057.79,1721860000,33016200000
2014-12-12,801150.SI,6059.00,6091.16,6041.17,6091.16,1487260000,28287340000
2014-12-15,801150.SI,6078.20,6230.40,6075.48,6227.15,2010840000,38251670000
2014-12-16,801150.SI,6226.58,6242.57,6168.59,6202.21,1639370000,33468170000
2014-12-17,801150.SI,6190.87,6191.25,6044.77,6088.45,1565080000,30883000000
2014-12-18,801150.SI,6070.33,6090.64,6030.66,6038.63,1250780000,24866340000
2014-12-19,801150.SI,6029.64,6029.72,5876.88,5945.04,1375190000,26266510000
2014-12-22,801150.SI,5926.16,5926.98,5693.72,5717.37,1593120000,28713620000
2014-12-23,801150.SI,5707.79,5781.86,5664.32,5672.49,1099010000,20874160000
2014-12-24,801150.SI,5699.10,5751.42,5696.23,5751.42,1017520000,19651820000
2014-12-25,801150.SI,5763.06,5789.71,5747.39,5784.86,987290000,18181860000
2014-12-26,801150.SI,5783.35,5822.73,5777.00,5822.73,1121490000,20456190000
2014-12-29,801150.SI,5821.37,5821.68,5690.47,5715.51,1378720000,25044660000
2014-12-30,801150.SI,5712.49,5756.90,5691.22,5701.05,1370070000,25286090000
2014-12-31,801150.SI,5695.61,5750.95,5660.10,5750.95,1159440000,23096870000
2015-01-05,801150.SI,5751.48,5800.91,5686.00,5791.63,1442340000,27550330000
2015-01-06,801150.SI,5767.96,5997.80,5746.20,5975.38,2007540000,39871740000
2015-01-07,801150.SI,5964.83,5968.59,5898.25,5926.06,1168970000,23200640000
2015-01-08,801150.SI,5926.20,5997.65,5924.07,5928.82,1208590000,24290050000
2015-01-09,801150.SI,5922.90,5984.20,5900.16,5901.32,1191740000,24998780000
2015-01-12,801150.SI,5888.08,5913.14,5826.28,5904.41,1096280000,21363000000
2015-01-13,801150.SI,5908.84,6003.15,5908.79,5987.27,1110910000,22335850000
2015-01-14,801150.SI,5995.08,6018.33,5953.69,5976.43,1375420000,26420820000
2015-01-15,801150.SI,5975.03,5987.78,5953.32,5983.76,1047280000,20774200000
2015-01-16,801150.SI,5987.17,6034.09,5973.26,6034.09,1105590000,23253820000
2015-01-19,801150.SI,5924.93,6125.64,5881.91,5945.22,1929940000,40076160000
2015-01-20,801150.SI,5971.56,6134.85,5971.31,6134.85,1825060000,38466320000
2015-01-21,801150.SI,6149.31,6233.48,6141.98,6232.45,1902420000,40221340000
2015-01-22,801150.SI,6240.81,6298.78,6240.52,6294.77,1603480000,33165700000
2015-01-23,801150.SI,6298.42,6301.48,6208.65,6231.51,1610600000,31955460000
2015-01-26,801150.SI,6237.82,6336.80,6237.82,6336.80,1573010000,31515540000
2015-01-27,801150.SI,6345.58,6374.73,6274.35,6349.46,1668450000,33557640000
2015-01-28,801150.SI,6342.40,6380.14,6308.39,6320.37,1519230000,29847860000
2015-01-29,801150.SI,6281.99,6292.95,6219.66,6228.86,1123190000,22911800000
2015-01-30,801150.SI,6237.09,6257.72,6159.62,6182.36,1039420000,20481950000
2015-02-02,801150.SI,6130.61,6217.98,6115.70,6178.74,997980000,20945570000
2015-02-03,801150.SI,6203.05,6254.89,6195.10,6248.11,1114120000,23308790000
2015-02-04,801150.SI,6256.17,6257.12,6183.63,6185.91,1101470000,23013230000
2015-02-05,801150.SI,6218.61,6220.96,6151.70,6152.11,1268110000,26238380000
2015-02-06,801150.SI,6153.30,6173.77,6054.77,6074.74,1145730000,24008260000
2015-02-09,801150.SI,6070.97,6081.88,6031.28,6043.96,832510000,17481280000
2015-02-10,801150.SI,6041.93,6101.08,6039.66,6101.08,847940000,18546760000
2015-02-11,801150.SI,6105.97,6196.65,6102.97,6196.65,1197530000,24815220000
2015-02-12,801150.SI,6200.19,6238.14,6197.55,6235.06,1290430000,26226420000
2015-02-13,801150.SI,6262.93,6375.43,6262.38,6353.43,1768330000,35290820000
2015-02-16,801150.SI,6375.57,6471.26,6375.47,6471.26,1778050000,36714740000
2015-02-17,801150.SI,6488.31,6513.74,6466.15,6504.03,1514330000,31024550000
2015-02-25,801150.SI,6514.18,6541.04,6477.57,6507.94,1429930000,29835530000
2015-02-26,801150.SI,6505.74,6529.11,6466.18,6506.77,1339940000,27661950000
2015-02-27,801150.SI,6510.06,6539.11,6506.77,6539.11,1343940000,28318110000
2015-03-02,801150.SI,6552.28,6649.30,6527.21,6649.30,2009120000,42314560000
2015-03-03,801150.SI,6628.44,6708.06,6606.04,6626.00,2243510000,47717220000
2015-03-04,801150.SI,6636.61,6849.41,6636.50,6849.41,2491990000,53701640000
2015-03-05,801150.SI,6871.89,6960.07,6858.17,6899.85,2348490000,52726870000
2015-03-06,801150.SI,6916.44,6923.64,6745.21,6745.21,1922980000,41811680000
2015-03-09,801150.SI,6726.81,6853.49,6696.72,6852.39,1681500000,37814760000
2015-03-10,801150.SI,6859.09,6963.63,6858.55,6963.63,1843670000,41560450000
2015-03-11,801150.SI,6961.32,6966.64,6867.15,6893.83,1607630000,37094910000
2015-03-12,801150.SI,6892.27,6893.34,6805.47,6865.50,1569190000,36552760000
2015-03-13,801150.SI,6869.17,6959.75,6860.43,6959.52,1434060000,33602850000
2015-03-16,801150.SI,7017.68,7181.27,7017.50,7179.13,2388170000,55555450000
2015-03-17,801150.SI,7195.12,7239.43,7146.67,7212.48,2433420000,57482720000
2015-03-18,801150.SI,7216.45,7320.86,7193.43,7320.86,2284830000,52805300000
2015-03-19,801150.SI,7324.90,7324.90,7243.06,7300.76,2313730000,50738590000
2015-03-20,801150.SI,7309.87,7386.31,7309.87,7378.84,2275560000,54199160000
2015-03-23,801150.SI,7401.69,7524.20,7389.95,7524.20,2639900000,65040210000
2015-03-24,801150.SI,7531.37,7585.86,7331.23,7583.81,3019570000,74208560000
2015-03-25,801150.SI,7561.03,7733.70,7527.89,7709.40,2912800000,73019270000
2015-03-26,801150.SI,7673.39,7706.49,7525.19,7576.52,2392490000,61659110000
2015-03-27,801150.SI,7575.22,7675.60,7575.00,7665.47,1968540000,48103910000
2015-03-30,801150.SI,7683.27,7750.63,7682.46,7732.61,2236140000,55232230000
2015-03-31,801150.SI,7769.23,7870.66,7743.55,7792.24,2673850000,64289920000
2015-04-01,801150.SI,7807.12,8011.69,7805.13,7996.27,2551850000,63235910000
2015-04-02,801150.SI,8051.45,8147.64,8003.37,8121.16,2629090000,67875010000
2015-04-03,801150.SI,8087.13,8230.21,8042.65,8225.55,2499080000,63869290000
2015-04-07,801150.SI,8259.23,8451.02,8259.23,8450.70,2727770000,73018660000
2015-04-08,801150.SI,8477.35,8484.30,8197.66,8355.98,2807410000,74960650000
2015-04-09,801150.SI,8361.76,8361.76,8009.98,8341.42,2834730000,74838440000
2015-04-10,801150.SI,8323.75,8649.22,8291.47,8641.87,2607860000,72937890000
2015-04-13,801150.SI,8715.17,9012.48,8715.17,8979.13,3201310000,91523420000
2015-04-14,801150.SI,9034.85,9122.17,8930.81,9018.46,2913770000,84974630000
2015-04-15,801150.SI,8984.62,8985.05,8642.30,8666.18,2546820000,72501970000
2015-04-16,801150.SI,8572.00,8919.58,8494.67,8806.03,2059720000,60119750000
2015-04-17,801150.SI,8855.07,8899.97,8717.57,8745.80,2319450000,66882680000
2015-04-20,801150.SI,8727.82,8727.87,8454.50,8473.51,2662620000,73669310000
2015-04-21,801150.SI,8479.16,8807.98,8479.16,8807.98,2124640000,60075410000
2015-04-22,801150.SI,8874.18,9009.06,8874.18,9008.85,2375470000,67032030000
2015-04-23,801150.SI,9038.53,9112.01,8968.15,9074.43,2675560000,74184690000
2015-04-24,801150.SI,8972.11,9135.23,8930.04,9117.44,2781970000,76799720000
2015-04-27,801150.SI,9197.66,9272.29,9088.03,9165.49,2673710000,73937480000
2015-04-28,801150.SI,9192.20,9206.25,8825.28,8901.31,2760380000,72535720000
2015-04-29,801150.SI,8882.41,9092.06,8874.23,9090.52,2093970000,58098820000
2015-04-30,801150.SI,9151.37,9208.91,9116.83,9116.83,2240460000,62606340000
2015-05-04,801150.SI,9136.28,9136.28,9006.98,9114.17,1752740000,48134330000
2015-05-05,801150.SI,9114.00,9145.88,8860.70,8917.21,2046490000,57263630000
2015-05-06,801150.SI,8975.76,9105.02,8851.02,8898.94,1989060000,57776720000
2015-05-07,801150.SI,8875.77,8926.09,8738.92,8750.90,1773510000,49658840000
2015-05-08,801150.SI,8830.76,9056.43,8829.91,9056.43,1987870000,58695370000
2015-05-11,801150.SI,9129.70,9441.86,9066.46,9438.24,2590030000,80274200000
2015-05-12,801150.SI,9477.50,9616.40,9429.61,9611.37,2797060000,84255890000
2015-05-13,801150.SI,9572.93,9751.76,9487.42,9685.37,2813400000,84062160000
2015-05-14,801150.SI,9694.26,9751.41,9606.64,9698.38,2423560000,71795580000
2015-05-15,801150.SI,9681.66,9701.48,9491.05,9634.43,2276940000,70024970000
2015-05-18,801150.SI,9643.89,9942.76,9643.89,9907.28,2621790000,80355500000
2015-05-19,801150.SI,9959.37,10138.51,9857.15,10124.31,2754140000,86543740000
2015-05-20,801150.SI,10161.95,10429.60,10161.33,10257.21,3047400000,95037430000
2015-05-21,801150.SI,10306.70,10695.68,10306.70,10695.68,3054220000,100399460000
2015-05-22,801150.SI,10888.79,10933.72,10553.21,10780.67,3452470000,112503980000
2015-05-25,801150.SI,10690.02,11005.43,10621.23,11005.04,3526650000,112093620000
2015-05-26,801150.SI,11029.20,11303.14,11017.91,11303.14,3450480000,111110020000
2015-05-27,801150.SI,11325.47,11429.05,11085.54,11389.70,3317590000,110444050000
2015-05-28,801150.SI,11393.34,11546.14,10727.11,10727.11,3762050000,125598450000
2015-05-29,801150.SI,10708.27,11093.80,10311.05,10929.40,3215960000,106550280000
2015-06-01,801150.SI,11096.48,11531.50,11096.48,11531.50,3137160000,108316410000
2015-06-02,801150.SI,11631.47,11909.27,11576.12,11909.20,3491630000,116029120000
2015-06-03,801150.SI,11946.26,11955.45,11576.29,11902.69,3182600000,106809070000
2015-06-04,801150.SI,11903.04,11903.04,11109.17,11789.48,3007240000,102301200000
2015-06-05,801150.SI,11922.31,12036.20,11657.64,11860.36,3419880000,116101060000
2015-06-08,801150.SI,11880.32,11880.58,11549.91,11683.01,3206070000,108436680000
2015-06-09,801150.SI,11657.51,11746.19,11465.14,11615.55,2601660000,89171140000
2015-06-10,801150.SI,11586.47,12004.71,11499.44,11908.57,2763560000,96180680000
2015-06-11,801150.SI,11942.04,12175.80,10568.00,12175.80,3033480000,102950320000
2015-06-12,801150.SI,12244.29,12361.51,12194.86,12300.75,3022160000,108433130000
2015-06-15,801150.SI,12336.56,12341.17,11966.81,11989.95,2951010000,106406280000
2015-06-16,801150.SI,11905.73,11905.73,11517.65,11633.89,2710330000,95746240000
2015-06-17,801150.SI,11611.61,11823.73,11230.57,11783.45,2469730000,83484240000
2015-06-18,801150.SI,11750.69,11807.46,11307.92,11321.29,2334490000,79736530000
2015-06-19,801150.SI,11089.17,11162.25,10599.76,10636.35,2241950000,72125010000
2015-06-23,801150.SI,10595.15,10815.69,10072.42,10812.53,2391520000,73256780000
2015-06-24,801150.SI,10876.87,11029.52,10680.30,10977.20,2503200000,78938050000
2015-06-25,801150.SI,10982.55,10982.55,10406.75,10525.33,2408200000,72673930000
2015-06-26,801150.SI,10218.88,10218.88,9618.18,9660.19,2428410000,68655110000
2015-06-29,801150.SI,9853.18,9853.18,8874.35,9089.03,3040530000,79385350000
2015-06-30,801150.SI,8873.70,9637.60,8551.29,9632.24,3523870000,90044100000
2015-07-01,801150.SI,9554.16,9943.36,9203.35,9259.07,3268210000,89439360000
2015-07-02,801150.SI,9229.93,9279.49,8634.16,8772.40,3037630000,76478980000
2015-07-03,801150.SI,8508.94,8989.35,8118.78,8381.47,3165750000,76149840000
2015-07-06,801150.SI,9011.59,9011.59,7895.82,8235.79,3916750000,93287690000
2015-07-07,801150.SI,7933.96,7979.37,7646.70,7687.61,2401840000,53690220000
2015-07-08,801150.SI,7300.16,7442.58,7293.89,7389.99,3429830000,72379600000
2015-07-09,801150.SI,7301.59,7721.00,7301.59,7720.54,2038360000,43513730000
2015-07-10,801150.SI,7987.21,8135.05,7965.37,8130.47,1285980000,34254500000
2015-07-13,801150.SI,8468.74,8631.31,8406.62,8614.42,2138270000,57968220000
2015-07-14,801150.SI,8835.03,9034.67,8740.31,8824.99,3206450000,79181930000
2015-07-15,801150.SI,8828.43,8828.43,8288.48,8351.79,3487770000,83500800000
2015-07-16,801150.SI,8212.45,8736.20,7978.27,8554.75,3228580000,76695450000
2015-07-17,801150.SI,8605.30,9088.75,8600.48,9021.84,2972510000,75266670000
2015-07-20,801150.SI,9047.91,9276.10,8924.12,9107.64,3160250000,80518060000
2015-07-21,801150.SI,8991.43,9288.52,8912.34,9244.38,2766360000,70111940000
2015-07-22,801150.SI,9229.34,9337.69,9063.94,9310.54,2977190000,73646430000
2015-07-23,801150.SI,9318.91,9615.18,9280.55,9582.89,3248560000,83243450000
2015-07-24,801150.SI,9610.38,9673.10,9315.82,9391.92,3422040000,92520720000
2015-07-27,801150.SI,9171.80,9392.36,8653.96,8653.96,3094370000,79431130000
2015-07-28,801150.SI,8296.55,8783.53,8115.21,8499.99,3592650000,84253180000
2015-07-29,801150.SI,8608.60,8856.59,8303.93,8856.59,2961560000,71882040000
2015-07-30,801150.SI,8775.37,8907.65,8474.52,8502.64,2559340000,62249700000
2015-07-31,801150.SI,8384.08,8621.35,8377.06,8488.17,1994110000,48656360000
2015-08-03,801150.SI,8377.50,8450.18,8178.18,8331.15,2468180000,55985420000
2015-08-04,801150.SI,8354.21,8738.51,8307.02,8737.89,2526730000,56743890000
2015-08-05,801150.SI,8716.67,8854.74,8590.97,8659.06,2577150000,58532640000
2015-08-06,801150.SI,8482.95,8688.94,8455.70,8582.15,1791660000,39014150000
2015-08-07,801150.SI,8649.51,8820.31,8647.11,8819.65,2271510000,51622510000
2015-08-10,801150.SI,8902.53,9267.85,8819.30,9226.49,2940420000,70146940000
2015-08-11,801150.SI,9215.24,9287.47,9113.89,9185.58,2785710000,67858700000
2015-08-12,801150.SI,9085.49,9205.16,9009.25,9010.29,2183510000,53975550000
2015-08-13,801150.SI,8978.56,9147.35,8874.09,9147.35,2121140000,50928380000
2015-08-14,801150.SI,9212.93,9287.35,9149.41,9226.61,2677350000,63476880000
2015-08-17,801150.SI,9197.54,9357.51,9125.67,9357.51,2644100000,62071130000
2015-08-18,801150.SI,9375.28,9400.68,8696.27,8738.32,3312430000,81173660000
2015-08-19,801150.SI,8499.70,8973.63,8305.57,8936.45,2699570000,63040930000
2015-08-20,801150.SI,8837.95,8911.04,8642.74,8642.83,2165680000,51062260000
2015-08-21,801150.SI,8526.49,8617.24,8214.86,8248.40,2280780000,50816380000
2015-08-24,801150.SI,7879.37,7916.08,7569.27,7577.15,2109170000,44645260000
2015-08-25,801150.SI,7069.71,7350.21,7010.81,7038.17,2496450000,49356200000
2015-08-26,801150.SI,7095.35,7363.55,6813.10,6959.09,2952360000,55390790000
2015-08-27,801150.SI,7096.11,7252.26,6893.34,7251.46,2453770000,45259420000
2015-08-28,801150.SI,7356.08,7649.96,7300.22,7633.25,2652900000,52014810000
2015-08-31,801150.SI,7544.92,7544.92,7346.57,7410.08,2297230000,43951830000
2015-09-01,801150.SI,7313.71,7313.71,6976.62,7065.91,2161810000,40553720000
2015-09-02,801150.SI,6747.84,7199.53,6747.84,7026.73,2372810000,43529780000
2015-09-07,801150.SI,7073.43,7298.73,6978.93,7033.71,1863580000,35101340000
2015-09-08,801150.SI,6995.03,7356.02,6966.37,7347.96,1684860000,31050440000
2015-09-09,801150.SI,7387.40,7595.24,7359.86,7519.02,2665840000,50542360000
2015-09-10,801150.SI,7410.55,7534.59,7383.73,7417.63,1660630000,32344640000
2015-09-11,801150.SI,7404.93,7481.37,7321.56,7418.84,1502350000,28405660000
2015-09-14,801150.SI,7442.65,7459.63,6952.16,7032.49,2090630000,37147490000
2015-09-15,801150.SI,6870.88,6990.33,6713.89,6732.19,1690950000,27340680000
2015-09-16,801150.SI,6765.04,7218.72,6744.77,7170.97,1809830000,30578720000
2015-09-17,801150.SI,7132.25,7274.18,7001.76,7001.76,2161700000,36600530000
2015-09-18,801150.SI,7033.82,7102.92,6964.33,7068.18,1445350000,23097780000
2015-09-21,801150.SI,6995.10,7307.73,6972.77,7303.14,2055960000,33285760000
2015-09-22,801150.SI,7329.51,7423.05,7288.57,7354.89,2203420000,37390860000
2015-09-23,801150.SI,7251.77,7328.32,7197.34,7256.47,1662360000,29145420000
2015-09-24,801150.SI,7280.68,7357.82,7259.25,7344.83,1461610000,27047530000
2015-09-25,801150.SI,7320.81,7368.72,7105.26,7147.34,1652390000,29261100000
2015-09-28,801150.SI,7151.18,7302.45,7080.68,7301.13,1221110000,23828200000
2015-09-29,801150.SI,7195.53,7282.05,7149.03,7188.54,1516520000,26753590000
2015-09-30,801150.SI,7212.81,7246.65,7129.09,7191.24,1116370000,21126030000
2015-10-08,801150.SI,7472.29,7570.49,7429.58,7511.29,1943340000,37273190000
2015-10-09,801150.SI,7508.23,7588.51,7483.60,7566.56,1979590000,37791770000
2015-10-12,801150.SI,7574.31,7889.45,7569.65,7793.54,2958260000,58413840000
2015-10-13,801150.SI,7716.02,7823.30,7695.91,7810.60,2063040000,40815320000
2015-10-14,801150.SI,7752.15,7817.49,7689.91,7704.47,2124920000,44549360000
2015-10-15,801150.SI,7660.49,7916.90,7660.49,7916.90,2443390000,53869560000
2015-10-16,801150.SI,7965.98,8031.43,7843.89,7978.58,2679530000,57075670000
2015-10-19,801150.SI,7998.29,8012.93,7848.58,7941.06,2465720000,53885030000
2015-10-20,801150.SI,7935.14,8068.20,7902.40,8068.17,2252940000,49316650000
2015-10-21,801150.SI,8097.65,8246.11,7711.74,7756.03,3358600000,73648460000
2015-10-22,801150.SI,7783.59,8149.09,7783.59,8148.67,2927560000,64616840000
2015-10-23,801150.SI,8315.20,8484.19,8315.20,8461.13,3768210000,84107900000
2015-10-26,801150.SI,8566.94,8566.94,8306.13,8414.75,3934150000,81017820000
2015-10-27,801150.SI,8350.82,8526.70,8106.66,8475.50,3216810000,68480590000
2015-10-28,801150.SI,8406.64,8487.17,8197.21,8228.21,2593360000,57176150000
2015-10-29,801150.SI,8278.68,8336.72,8155.05,8280.37,2038780000,44948850000
2015-10-30,801150.SI,8283.65,8351.37,8153.39,8247.85,2319830000,52229530000
2015-11-02,801150.SI,8088.65,8301.83,8048.09,8074.05,2142720000,48296270000
2015-11-03,801150.SI,8085.47,8131.65,7980.23,8024.47,1810750000,39886500000
2015-11-04,801150.SI,8064.98,8427.62,8064.08,8427.62,2876280000,62963630000
2015-11-05,801150.SI,8439.91,8517.78,8339.34,8388.58,3449080000,75919400000
2015-11-06,801150.SI,8392.46,8552.34,8392.11,8545.34,2880800000,64252300000
2015-11-09,801150.SI,8508.83,8725.14,8461.62,8681.39,3331950000,77342920000
2015-11-10,801150.SI,8634.86,8763.30,8597.93,8677.58,3260880000,73611540000
2015-11-11,801150.SI,8665.30,8865.91,8637.10,8865.91,3318680000,74981380000
2015-11-12,801150.SI,8913.28,8968.35,8791.44,8905.91,3385540000,81257190000
2015-11-13,801150.SI,8793.13,8819.23,8588.85,8658.91,3095500000,71305980000
2015-11-16,801150.SI,8496.80,8787.75,8488.80,8787.75,2347980000,50450800000
2015-11-17,801150.SI,8853.47,8899.48,8685.91,8702.86,3159240000,70799980000
2015-11-18,801150.SI,8708.45,8745.84,8552.55,8569.72,2223500000,49603440000
2015-11-19,801150.SI,8591.04,8748.81,8587.06,8748.81,1891020000,43414360000
2015-11-20,801150.SI,8769.57,8834.39,8725.76,8810.43,2547210000,56190180000
2015-11-23,801150.SI,8808.46,8904.91,8746.01,8775.83,2705910000,61868780000
2015-11-24,801150.SI,8766.91,8836.64,8680.35,8836.64,2017300000,49168720000
2015-11-25,801150.SI,8833.35,9035.50,8818.47,9026.64,2798550000,68213210000
2015-11-26,801150.SI,9057.92,9066.58,8920.28,8939.31,2728950000,66211860000
2015-11-27,801150.SI,8895.10,8907.53,8390.32,8449.77,2858070000,64696200000
2015-11-30,801150.SI,8458.53,8527.16,8124.07,8474.19,2457690000,54934460000
2015-12-01,801150.SI,8476.58,8604.31,8438.08,8535.59,2053600000,46632830000
2015-12-02,801150.SI,8510.42,8536.73,8290.64,8518.73,1876090000,42285140000
2015-12-03,801150.SI,8531.10,8671.51,8530.67,8670.50,1658460000,38304710000
2015-12-04,801150.SI,8650.53,8741.72,8596.67,8645.10,1896320000,43234970000
2015-12-07,801150.SI,8665.95,8783.76,8630.65,8783.51,1872810000,44506520000
2015-12-08,801150.SI,8745.23,8745.36,8607.06,8614.40,1972660000,44422000000
2015-12-09,801150.SI,8588.20,8627.79,8522.97,8569.47,1664180000,37125230000
2015-12-10,801150.SI,8578.10,8672.52,8577.91,8604.72,1747970000,40329340000
2015-12-11,801150.SI,8572.95,8576.71,8495.22,8510.81,1550110000,34193000000
2015-12-14,801150.SI,8432.51,8624.85,8418.68,8624.85,1575330000,35533240000
2015-12-15,801150.SI,8631.84,8734.95,8631.62,8694.44,1782140000,42728180000
2015-12-16,801150.SI,8707.95,8765.07,8692.23,8717.51,1786170000,40056530000
2015-12-17,801150.SI,8755.43,8905.82,8753.42,8905.82,2436220000,55968640000
2015-12-18,801150.SI,8903.84,8986.54,8881.19,8963.89,2406190000,59204290000
2015-12-21,801150.SI,8978.72,9179.42,8978.55,9170.44,2781020000,70351330000
2015-12-22,801150.SI,9185.63,9198.69,9076.95,9183.25,2278860000,56634570000
2015-12-23,801150.SI,9191.17,9316.34,9126.95,9149.99,2700490000,67660180000
2015-12-24,801150.SI,9119.48,9153.70,8946.91,9103.39,1966520000,49461310000
2015-12-25,801150.SI,9112.30,9181.62,9108.28,9167.08,1810560000,46103920000
2015-12-28,801150.SI,9191.22,9218.02,8963.51,8963.51,2484770000,60306600000
2015-12-29,801150.SI,8947.51,9032.93,8882.13,9032.93,1622540000,40540230000
2015-12-30,801150.SI,9052.62,9124.39,9026.71,9119.40,1845500000,44592210000
2015-12-31,801150.SI,9131.91,9156.78,9009.04,9010.78,1906780000,47014060000
2016-01-04,801150.SI,8987.98,8995.84,8255.95,8257.33,1719010000,39331260000
2016-01-05,801150.SI,7919.35,8307.11,7841.67,8110.65,2474200000,53029780000
2016-01-06,801150.SI,8157.59,8273.77,8076.42,8273.77,1821880000,40141970000
2016-01-07,801150.SI,8127.54,8183.06,7568.03,7584.20,504350000,10448860000
2016-01-08,801150.SI,7769.86,7841.17,7333.55,7697.47,2180470000,45223640000
2016-01-11,801150.SI,7546.45,7644.63,7170.55,7172.78,1966690000,38328460000
2016-01-12,801150.SI,7193.48,7323.72,7077.17,7242.56,1707990000,33107720000
2016-01-13,801150.SI,7283.64,7339.70,6990.84,6990.84,1543920000,30689700000
2016-01-14,801150.SI,6793.51,7260.66,6786.01,7252.42,1778600000,33495440000
2016-01-15,801150.SI,7209.41,7269.53,6983.44,7033.55,1671820000,32594760000
2016-01-18,801150.SI,6912.87,7222.76,6912.41,7147.44,1504380000,30043300000
2016-01-19,801150.SI,7132.49,7406.71,7129.57,7398.09,1762190000,35516520000
2016-01-20,801150.SI,7370.48,7460.44,7264.37,7311.17,1764000000,36396030000
2016-01-21,801150.SI,7204.80,7429.48,7096.14,7096.71,1861380000,37222960000
2016-01-22,801150.SI,7173.44,7218.48,6957.06,7154.43,1505490000,30876340000
2016-01-25,801150.SI,7209.81,7283.85,7145.87,7222.01,1254070000,26772900000
2016-01-26,801150.SI,7148.61,7154.35,6718.74,6733.43,1864510000,34043200000
2016-01-27,801150.SI,6744.68,6769.94,6376.59,6677.19,1914720000,33560120000
2016-01-28,801150.SI,6588.83,6680.47,6442.22,6464.86,1500090000,26078980000
2016-01-29,801150.SI,6451.83,6737.84,6436.42,6692.27,1499710000,26860540000
2016-02-01,801150.SI,6666.92,6736.15,6552.04,6630.99,1239450000,22727480000
2016-02-02,801150.SI,6643.29,6860.37,6641.85,6840.26,1309470000,24587070000
2016-02-03,801150.SI,6763.57,6879.29,6719.16,6853.21,1143050000,21180350000
2016-02-04,801150.SI,6873.21,7003.48,6871.85,6986.44,1379680000,26113880000
2016-02-05,801150.SI,6999.48,7014.98,6947.89,6953.39,1089740000,20922340000
2016-02-15,801150.SI,6771.42,7037.95,6769.13,7012.32,1146140000,20908310000
2016-02-16,801150.SI,7041.42,7264.01,7039.83,7251.41,1595600000,30715290000
2016-02-17,801150.SI,7238.13,7283.87,7155.82,7281.17,1631910000,31614920000
2016-02-18,801150.SI,7321.86,7345.19,7239.61,7247.73,1616220000,32382480000
2016-02-19,801150.SI,7229.45,7301.67,7207.59,7275.61,1306980000,26100000000
2016-02-22,801150.SI,7365.98,7389.27,7325.26,7383.81,1627640000,32234110000
2016-02-23,801150.SI,7385.77,7398.33,7237.17,7334.22,1522790000,30861920000
2016-02-24,801150.SI,7318.85,7372.71,7202.01,7326.98,1536740000,30791260000
2016-02-25,801150.SI,7310.68,7311.22,6786.18,6810.74,1904310000,36142500000
2016-02-26,801150.SI,6856.51,6890.49,6710.71,6819.86,1389920000,25598720000
2016-02-29,801150.SI,6797.29,6797.29,6417.77,6497.32,1553840000,27380220000
2016-03-01,801150.SI,6505.22,6647.45,6409.31,6612.11,1438290000,25140870000
2016-03-02,801150.SI,6607.37,6882.65,6607.28,6876.61,1781450000,31980990000
2016-03-03,801150.SI,6862.14,6966.73,6852.00,6891.80,1898720000,33783950000
2016-03-04,801150.SI,6857.62,6885.99,6622.59,6718.78,1870750000,33558460000
2016-03-07,801150.SI,6765.35,6885.84,6749.94,6803.31,1424940000,25727710000
2016-03-08,801150.SI,6791.38,6851.99,6575.44,6851.99,1552400000,26835630000
2016-03-09,801150.SI,6724.72,6847.71,6674.78,6788.30,1326050000,23781210000
2016-03-10,801150.SI,6775.07,6821.15,6682.16,6685.65,1098280000,19938200000
2016-03-11,801150.SI,6623.35,6698.39,6584.22,6664.10,893230000,15832180000
2016-03-14,801150.SI,6736.09,6933.86,6733.53,6856.47,1648260000,29807130000
2016-03-15,801150.SI,6841.62,6869.07,6789.53,6847.26,1278870000,23109070000
2016-03-16,801150.SI,6884.38,6904.89,6770.60,6795.10,1223490000,22792130000
2016-03-17,801150.SI,6813.39,7008.53,6806.83,6987.81,1738440000,32270820000
2016-03-18,801150.SI,7008.98,7215.16,7005.83,7179.63,2491860000,46478960000
2016-03-21,801150.SI,7249.80,7322.40,7238.70,7321.77,2530050000,49052200000
2016-03-22,801150.SI,7275.77,7345.93,7237.28,7303.39,2037540000,39511480000
2016-03-23,801150.SI,7280.29,7322.88,7222.16,7306.19,1780720000,35781090000
2016-03-24,801150.SI,7252.17,7295.35,7187.38,7195.48,1828500000,37041420000
2016-03-25,801150.SI,7183.93,7253.92,7171.02,7253.73,1545390000,31665350000
2016-03-28,801150.SI,7283.47,7382.66,7221.28,7240.65,1810600000,36384530000
2016-03-29,801150.SI,7223.16,7237.04,7042.30,7081.34,1469260000,29089940000
2016-03-30,801150.SI,7141.23,7334.19,7139.71,7333.44,1672770000,34917190000
2016-03-31,801150.SI,7359.22,7393.83,7309.14,7335.10,1749970000,38250290000
2016-04-01,801150.SI,7307.83,7321.46,7166.61,7283.72,1426840000,29790310000
2016-04-05,801150.SI,7279.65,7458.69,7274.59,7454.85,1891430000,38401510000
2016-04-06,801150.SI,7428.97,7506.99,7419.70,7506.99,1923780000,38127130000
2016-04-07,801150.SI,7542.46,7557.28,7411.69,7411.69,2001920000,42497430000
2016-04-08,801150.SI,7353.58,7375.73,7273.81,7358.23,1631070000,34398460000
2016-04-11,801150.SI,7418.79,7592.62,7418.61,7572.76,2250210000,49462260000
2016-04-12,801150.SI,7582.36,7603.65,7444.23,7511.19,2059990000,46738910000
2016-04-13,801150.SI,7537.40,7655.12,7536.25,7584.68,2410870000,52107360000
2016-04-14,801150.SI,7612.39,7636.68,7552.51,7634.06,1784790000,38306440000
2016-04-15,801150.SI,7628.30,7641.83,7572.74,7610.91,1564360000,33420290000
2016-04-18,801150.SI,7569.01,7569.59,7451.97,7487.29,1516420000,31992780000
2016-04-19,801150.SI,7524.04,7542.88,7449.60,7499.03,1250180000,26706750000
2016-04-20,801150.SI,7509.10,7524.09,7053.74,7175.29,2283040000,46945880000
2016-04-21,801150.SI,7147.45,7220.05,7098.11,7103.04,1335610000,27576290000
2016-04-22,801150.SI,7075.25,7182.97,7065.35,7182.97,1095980000,23008080000
2016-04-25,801150.SI,7167.98,7167.98,7062.69,7148.11,1099600000,23083440000
2016-04-26,801150.SI,7138.94,7237.80,7138.90,7237.56,1173910000,24058540000
2016-04-27,801150.SI,7249.25,7290.94,7208.76,7217.36,1178360000,24323200000
2016-04-28,801150.SI,7224.61,7237.83,7093.97,7204.08,1242020000,24653430000
2016-04-29,801150.SI,7172.28,7239.44,7159.49,7208.95,1002700000,20462800000
2016-05-03,801150.SI,7192.18,7413.10,7166.43,7412.80,1588640000,32750840000
2016-05-04,801150.SI,7387.32,7475.75,7383.14,7427.82,1569300000,31621220000
2016-05-05,801150.SI,7407.58,7445.42,7374.15,7442.68,1222420000,25519510000
2016-05-06,801150.SI,7448.60,7469.36,7192.12,7192.38,1763660000,35500120000
2016-05-09,801150.SI,7135.74,7135.74,6941.36,6971.53,1470230000,27199450000
2016-05-10,801150.SI,6959.79,7000.39,6941.54,6968.22,965660000,18107940000
2016-05-11,801150.SI,7009.77,7168.68,6967.64,7059.31,1418260000,27917200000
2016-05-12,801150.SI,6967.16,7037.98,6878.72,7036.19,1114870000,21173820000
2016-05-13,801150.SI,7013.22,7096.36,6970.53,7007.57,985740000,18493940000
2016-05-16,801150.SI,6985.24,7106.87,6950.60,7105.98,1122240000,20934240000
2016-05-17,801150.SI,7108.40,7190.15,7044.54,7123.76,1264560000,24576710000
2016-05-18,801150.SI,7067.51,7068.81,6880.16,6949.01,1237840000,22766810000
2016-05-19,801150.SI,6941.87,7049.01,6939.18,6944.80,1021000000,19058910000
2016-05-20,801150.SI,6900.02,6999.20,6877.85,6999.18,895580000,16897310000
2016-05-23,801150.SI,7012.80,7063.85,7012.44,7063.10,1098160000,21245710000
2016-05-24,801150.SI,7054.45,7055.05,6962.92,7002.36,991630000,18154950000
2016-05-25,801150.SI,7037.81,7066.19,6945.66,6963.48,935020000,17629830000
2016-05-26,801150.SI,6952.26,6991.23,6836.40,6991.23,1086230000,19827120000
2016-05-27,801150.SI,6971.09,6998.30,6938.84,6965.99,951960000,17777100000
2016-05-30,801150.SI,6931.17,6984.72,6869.40,6931.80,843190000,16183070000
2016-05-31,801150.SI,6934.98,7176.17,6933.39,7176.17,1748200000,32903130000
2016-06-01,801150.SI,7187.99,7243.34,7181.53,7195.57,1689380000,31714010000
2016-06-02,801150.SI,7184.86,7226.19,7163.00,7225.49,1425050000,26837970000
2016-06-03,801150.SI,7228.98,7337.98,7206.95,7311.76,1847790000,36625630000
2016-06-06,801150.SI,7324.02,7333.98,7260.98,7298.97,1460100000,28345690000
2016-06-07,801150.SI,7299.46,7305.38,7255.36,7299.75,1279740000,25983580000
2016-06-08,801150.SI,7287.88,7288.59,7214.64,7257.43,1293010000,25314500000
2016-06-13,801150.SI,7174.03,7206.18,6967.09,6967.59,1522030000,28060260000
2016-06-14,801150.SI,6940.21,6998.26,6924.85,6988.23,1043900000,18437230000
2016-06-15,801150.SI,6922.27,7156.83,6916.75,7141.77,1368260000,24698080000
2016-06-16,801150.SI,7133.38,7147.60,7066.98,7086.33,1273230000,23208280000
2016-06-17,801150.SI,7099.36,7237.75,7097.99,7191.00,1614750000,30223810000
2016-06-20,801150.SI,7180.40,7217.19,7114.08,7206.30,1306000000,25512500000
2016-06-21,801150.SI,7240.00,7282.56,7126.93,7145.84,1452950000,27495170000
2016-06-22,801150.SI,7127.90,7261.22,7126.37,7261.22,1199120000,23690980000
2016-06-23,801150.SI,7250.16,7260.74,7189.68,7235.65,1218530000,23703300000
2016-06-24,801150.SI,7220.85,7281.22,7019.62,7174.55,1827370000,33094350000
2016-06-27,801150.SI,7126.13,7319.03,7125.65,7318.54,1570300000,29902790000
2016-06-28,801150.SI,7295.98,7479.26,7291.50,7472.59,2319180000,44320530000
2016-06-29,801150.SI,7495.20,7511.13,7434.61,7451.43,1777950000,34159170000
2016-06-30,801150.SI,7464.82,7501.61,7445.51,7472.84,1488590000,29966240000
2016-07-01,801150.SI,7483.59,7513.81,7427.79,7440.35,1434950000,27353510000
2016-07-04,801150.SI,7409.21,7556.31,7406.86,7550.46,1770000000,33457290000
2016-07-05,801150.SI,7557.80,7568.06,7515.68,7551.91,1771960000,33033640000
2016-07-06,801150.SI,7538.20,7650.50,7511.34,7650.50,1782720000,35353410000
2016-07-07,801150.SI,7658.51,7796.87,7657.70,7740.62,2562820000,50655590000
2016-07-08,801150.SI,7730.92,7749.87,7685.82,7707.43,1756520000,34794710000
2016-07-11,801150.SI,7714.57,7789.92,7691.07,7718.54,2085140000,41668520000
2016-07-12,801150.SI,7725.77,7894.72,7707.64,7894.25,2609530000,51313230000
2016-07-13,801150.SI,7923.84,7967.81,7882.21,7909.53,2317490000,44794980000
2016-07-14,801150.SI,7901.72,7911.94,7852.14,7907.97,1725530000,32845800000
2016-07-15,801150.SI,7909.05,7932.85,7869.25,7910.84,1714540000,33057960000
2016-07-18,801150.SI,7906.54,7929.81,7851.15,7884.01,1747800000,35000200000
2016-07-19,801150.SI,7882.01,7885.70,7796.32,7868.45,1568530000,30931470000
2016-07-20,801150.SI,7866.84,7921.86,7861.75,7888.09,1596790000,31111280000
2016-07-21,801150.SI,7888.06,7960.07,7886.49,7906.78,1785700000,34321160000
2016-07-22,801150.SI,7908.71,7917.74,7827.01,7830.60,1659530000,33248610000
2016-07-25,801150.SI,7821.54,7900.77,7821.02,7869.61,1446960000,29941880000
2016-07-26,801150.SI,7872.29,7995.03,7872.27,7994.99,1640380000,32138270000
2016-07-27,801150.SI,8004.15,8042.33,7663.89,7782.89,2951650000,57407500000
2016-07-28,801150.SI,7759.18,7863.42,7728.48,7812.17,1983180000,41148440000
2016-07-29,801150.SI,7801.84,7855.25,7796.24,7818.49,1776610000,37261010000
2016-08-01,801150.SI,7791.45,7791.51,7594.74,7657.47,1637270000,33135450000
2016-08-02,801150.SI,7643.45,7706.10,7624.22,7704.69,1195600000,23636010000
2016-08-03,801150.SI,7687.64,7749.64,7670.58,7737.96,1274880000,26075910000
2016-08-04,801150.SI,7739.62,7757.55,7694.21,7751.36,1215400000,24731840000
2016-08-05,801150.SI,7752.95,7782.90,7728.63,7732.90,1331300000,27492410000
2016-08-08,801150.SI,7713.75,7801.16,7659.34,7800.81,1229200000,25525470000
2016-08-09,801150.SI,7799.86,7874.95,7798.41,7874.75,1372160000,27974920000
2016-08-10,801150.SI,7871.67,7903.07,7857.74,7859.03,1350900000,28752880000
2016-08-11,801150.SI,7844.53,7867.58,7763.71,7763.71,1307350000,27162840000
2016-08-12,801150.SI,7753.62,7832.19,7752.47,7831.45,1156830000,23855380000
2016-08-15,801150.SI,7843.06,7978.14,7797.25,7977.18,1989190000,40491100000
2016-08-16,801150.SI,7976.43,8042.58,7962.27,8014.23,2011240000,40764790000
2016-08-17,801150.SI,8008.65,8047.08,7986.72,8030.80,1659110000,34071270000
2016-08-18,801150.SI,8019.89,8034.18,7976.78,7997.30,1649060000,32972860000
2016-08-19,801150.SI,7995.92,8033.02,7959.52,8013.63,1449180000,29011020000
2016-08-22,801150.SI,8034.18,8063.42,7981.21,7981.93,1858530000,36219110000
2016-08-23,801150.SI,7972.37,8046.78,7972.32,8027.79,1728750000,32823180000
2016-08-24,801150.SI,8030.66,8067.12,8014.28,8030.63,1469380000,29036060000
2016-08-25,801150.SI,8000.61,8023.85,7918.64,8012.48,1734370000,34566510000
2016-08-26,801150.SI,8020.32,8148.32,8020.24,8075.46,2057380000,40124810000
2016-08-29,801150.SI,8077.60,8126.96,8077.11,8104.38,1784090000,36316340000
2016-08-30,801150.SI,8100.67,8127.53,8066.58,8079.95,1619140000,31121260000
2016-08-31,801150.SI,8074.79,8091.69,8031.11,8091.34,1424310000,28725860000
2016-09-01,801150.SI,8087.40,8102.95,8022.65,8022.85,1386810000,26997830000
2016-09-02,801150.SI,8008.57,8036.25,7956.07,7999.69,1422520000,29092790000
2016-09-05,801150.SI,8011.83,8042.57,7994.27,8003.28,1267720000,24959680000
2016-09-06,801150.SI,8005.68,8092.13,7949.79,8090.98,1549690000,30201870000
2016-09-07,801150.SI,8092.52,8121.29,8072.35,8100.02,1834040000,34096440000
2016-09-08,801150.SI,8095.19,8127.78,8090.76,8126.99,1729300000,30351100000
2016-09-09,801150.SI,8129.38,8152.02,8071.07,8071.34,1556940000,28483750000
2016-09-12,801150.SI,7940.89,7970.68,7867.67,7878.88,1709960000,32322920000
2016-09-13,801150.SI,7912.79,7930.69,7855.01,7897.02,1123620000,21021680000
2016-09-14,801150.SI,7868.02,7905.81,7850.34,7870.36,1075260000,19085940000
2016-09-19,801150.SI,7878.50,7950.36,7878.04,7950.15,987470000,18481230000
2016-09-20,801150.SI,7955.34,7962.53,7939.06,7953.77,943410000,17972080000
2016-09-21,801150.SI,7956.30,7989.22,7949.88,7969.06,975340000,18916350000
2016-09-22,801150.SI,8012.11,8040.00,7997.11,8007.39,1179290000,23159030000
2016-09-23,801150.SI,8016.28,8020.60,7988.12,7995.92,1008510000,20276100000
2016-09-26,801150.SI,7985.93,7988.42,7848.93,7848.93,1278110000,23776600000
2016-09-27,801150.SI,7837.57,7904.40,7814.31,7904.36,991910000,18489520000
2016-09-28,801150.SI,7923.90,7923.91,7883.03,7896.15,835360000,16524910000
2016-09-29,801150.SI,7902.57,7951.91,7900.83,7931.10,894350000,17741010000
2016-09-30,801150.SI,7927.35,7987.64,7926.25,7979.23,946350000,17988080000
2016-10-10,801150.SI,8024.62,8162.21,8024.32,8162.21,1483860000,30066740000
2016-10-11,801150.SI,8166.66,8188.00,8156.40,8187.86,1351270000,26401550000
2016-10-12,801150.SI,8167.28,8203.33,8157.09,8196.21,1442270000,25914990000
2016-10-13,801150.SI,8195.08,8208.74,8171.60,8182.02,1371860000,24178120000
2016-10-14,801150.SI,8166.10,8179.02,8129.83,8175.62,1191610000,22059550000
2016-10-17,801150.SI,8181.59,8225.76,8120.05,8139.22,1418310000,27153430000
2016-10-18,801150.SI,8133.09,8229.09,8132.54,8229.02,1354710000,25782300000
2016-10-19,801150.SI,8232.47,8246.26,8190.84,8208.73,1358230000,25540940000
2016-10-20,801150.SI,8213.87,8219.38,8176.01,8181.30,1155380000,22510950000
2016-10-21,801150.SI,8179.40,8188.89,8097.32,8145.18,1263910000,25304170000
2016-10-24,801150.SI,8144.98,8210.11,8135.02,8198.74,1334290000,26587370000
2016-10-25,801150.SI,8197.85,8203.98,8180.69,8198.90,1358430000,26217580000
2016-10-26,801150.SI,8210.25,8230.15,8184.07,8201.19,1662830000,30931000000
2016-10-27,801150.SI,8196.37,8196.57,8147.29,8174.90,1245370000,23293630000
2016-10-28,801150.SI,8164.96,8195.61,8117.20,8118.77,1411560000,25797180000
2016-10-31,801150.SI,8100.98,8128.07,8075.93,8122.46,1271980000,25699250000
2016-11-01,801150.SI,8130.32,8200.91,8124.25,8200.16,1358110000,28315110000
2016-11-02,801150.SI,8186.44,8223.07,8171.84,8180.49,1552020000,31238990000
2016-11-03,801150.SI,8159.46,8251.16,8157.63,8220.10,1837270000,32811340000
2016-11-04,801150.SI,8214.41,8247.56,8177.12,8195.24,1790050000,31141810000
2016-11-07,801150.SI,8198.58,8203.32,8151.82,8169.30,1480610000,26581200000
2016-11-08,801150.SI,8190.66,8231.99,8174.04,8231.61,1453400000,26200090000
2016-11-09,801150.SI,8232.54,8239.09,8095.59,8182.46,1752280000,31522270000
2016-11-10,801150.SI,8234.76,8276.13,8201.29,8276.13,1644710000,31014790000
2016-11-11,801150.SI,8276.75,8276.75,8237.05,8253.83,1747690000,33489110000
2016-11-14,801150.SI,8245.51,8282.31,8212.80,8251.92,1892570000,34764600000
2016-11-15,801150.SI,8252.46,8286.32,8238.52,8286.32,1523770000,28993840000
2016-11-16,801150.SI,8297.71,8314.53,8284.78,8287.02,1548020000,29681800000
2016-11-17,801150.SI,8285.71,8291.43,8247.08,8287.36,1348380000,26510540000
2016-11-18,801150.SI,8286.49,8309.67,8268.86,8274.51,1286700000,28311640000
2016-11-21,801150.SI,8274.50,8306.00,8262.65,8281.03,1449440000,32282430000
2016-11-22,801150.SI,8294.40,8329.83,8293.86,8329.46,1640550000,35283700000
2016-11-23,801150.SI,8332.05,8339.13,8271.25,8282.95,1522350000,32828520000
2016-11-24,801150.SI,8275.69,8308.15,8261.12,8279.42,1498800000,32010100000
2016-11-25,801150.SI,8290.58,8321.53,8200.23,8321.53,1578480000,34881970000
2016-11-28,801150.SI,8340.36,8351.93,8311.13,8316.57,1490030000,34065400000
2016-11-29,801150.SI,8309.75,8343.48,8271.60,8273.58,1551560000,38087470000
2016-11-30,801150.SI,8262.99,8280.97,8237.92,8269.17,1361330000,30431380000
2016-12-01,801150.SI,8269.40,8295.55,8269.09,8295.55,1461110000,30623400000
2016-12-02,801150.SI,8291.94,8295.63,8180.29,8180.29,1433030000,30593450000
2016-12-05,801150.SI,8103.84,8174.42,8103.28,8120.84,1189240000,25657730000
2016-12-06,801150.SI,8128.84,8172.27,8127.21,8151.75,998380000,21758460000
2016-12-07,801150.SI,8159.79,8222.04,8146.55,8222.01,1094790000,24602510000
2016-12-08,801150.SI,8228.17,8228.45,8167.96,8173.52,1121240000,24624840000
2016-12-09,801150.SI,8169.12,8179.25,8122.24,8131.74,1144940000,25854540000
2016-12-12,801150.SI,8119.48,8120.20,7779.20,7789.09,1788390000,36588300000
2016-12-13,801150.SI,7769.84,7817.94,7712.59,7800.42,1117000000,22814190000
2016-12-14,801150.SI,7790.91,7795.68,7720.45,7732.49,931710000,18917760000
2016-12-15,801150.SI,7713.53,7795.30,7707.02,7728.83,913360000,18780350000
2016-12-16,801150.SI,7733.62,7815.47,7729.03,7815.47,894990000,18010920000
2016-12-19,801150.SI,7809.06,7824.11,7785.89,7808.74,852820000,16739970000
2016-12-20,801150.SI,7805.29,7808.96,7771.86,7808.96,894070000,17059650000
2016-12-21,801150.SI,7818.11,7860.24,7815.81,7853.95,972980000,18773930000
2016-12-22,801150.SI,7856.96,7858.13,7821.97,7849.21,860560000,16951060000
2016-12-23,801150.SI,7846.35,7850.91,7761.56,7774.50,854210000,17602830000
2016-12-26,801150.SI,7760.16,7798.09,7691.48,7798.09,902920000,19323340000
2016-12-27,801150.SI,7790.96,7817.30,7788.90,7793.50,865730000,17237290000
2016-12-28,801150.SI,7792.99,7801.85,7756.02,7768.51,796930000,15681900000
2016-12-29,801150.SI,7760.51,7776.76,7738.32,7741.61,856920000,17033580000
2016-12-30,801150.SI,7765.66,7797.66,7751.31,7797.66,884400000,18257670000
2017-01-03,801150.SI,7814.04,7849.56,7804.26,7849.56,1045710000,21659680000
2017-01-04,801150.SI,7846.33,7898.84,7832.42,7898.61,1041410000,21250480000
2017-01-05,801150.SI,7894.74,7903.32,7883.99,7888.97,975620000,19451670000
2017-01-06,801150.SI,7881.42,7882.06,7817.78,7820.13,928260000,20042870000
2017-01-09,801150.SI,7814.92,7858.13,7812.52,7858.13,971530000,20263840000
2017-01-10,801150.SI,7855.14,7872.34,7836.58,7842.40,831420000,17094830000
2017-01-11,801150.SI,7834.03,7855.18,7771.42,7772.05,855980000,17066380000
2017-01-12,801150.SI,7766.24,7786.77,7703.50,7707.97,834270000,16373760000
2017-01-13,801150.SI,7709.50,7714.17,7609.99,7628.91,938570000,19505590000
2017-01-16,801150.SI,7605.30,7606.85,7286.18,7439.03,1473760000,27766270000
2017-01-17,801150.SI,7420.38,7490.71,7352.96,7482.51,887010000,17935170000
2017-01-18,801150.SI,7475.27,7493.88,7456.58,7459.44,666720000,14035080000
2017-01-19,801150.SI,7446.01,7464.43,7420.60,7440.98,603720000,12585300000
2017-01-20,801150.SI,7436.22,7548.80,7433.84,7536.42,763450000,15145910000
2017-01-23,801150.SI,7540.58,7598.88,7540.01,7577.74,752270000,14936610000
2017-01-24,801150.SI,7575.10,7576.10,7540.12,7543.83,666260000,13142640000
2017-01-25,801150.SI,7541.18,7604.43,7534.72,7604.32,633700000,13333830000
2017-01-26,801150.SI,7615.16,7651.23,7611.91,7649.18,590110000,12068060000
2017-02-03,801150.SI,7658.57,7662.11,7611.24,7634.21,550090000,11530830000
2017-02-06,801150.SI,7633.78,7688.38,7633.18,7687.99,755990000,15811910000
2017-02-07,801150.SI,7686.69,7689.23,7641.13,7674.58,773220000,15693050000
2017-02-08,801150.SI,7675.15,7707.88,7644.42,7707.88,828800000,17309260000
2017-02-09,801150.SI,7704.70,7735.16,7701.32,7734.92,973470000,20027100000
2017-02-10,801150.SI,7741.53,7743.13,7698.11,7704.67,961070000,19226300000
2017-02-13,801150.SI,7704.41,7765.70,7688.40,7759.61,1152420000,21556960000
2017-02-14,801150.SI,7755.67,7756.84,7725.84,7742.46,987230000,18803700000
2017-02-15,801150.SI,7744.24,7771.18,7682.83,7692.85,1338130000,24696570000
2017-02-16,801150.SI,7686.90,7724.91,7679.31,7724.91,1022680000,19014410000
2017-02-17,801150.SI,7736.79,7744.27,7662.33,7668.05,1058280000,19689930000
2017-02-20,801150.SI,7666.77,7731.99,7665.86,7731.99,1045740000,21013120000
2017-02-21,801150.SI,7737.52,7788.82,7736.99,7788.82,1127930000,21551820000
2017-02-22,801150.SI,7794.03,7807.47,7766.58,7800.14,1066600000,20289520000
2017-02-23,801150.SI,7795.81,7895.90,7768.26,7889.68,1828120000,34610840000
2017-02-24,801150.SI,7898.53,7927.18,7882.55,7904.98,1569850000,30369960000
2017-02-27,801150.SI,7902.75,7902.75,7836.25,7846.07,1391660000,25930150000
2017-02-28,801150.SI,7839.88,7857.69,7807.77,7837.78,1067200000,20744670000
2017-03-01,801150.SI,7834.92,7869.56,7833.24,7846.44,1211300000,23785850000
2017-03-02,801150.SI,7851.48,7856.75,7803.11,7805.47,1053410000,20820940000
2017-03-03,801150.SI,7793.16,7818.98,7772.60,7818.89,959670000,19506530000
2017-03-06,801150.SI,7819.85,7872.21,7816.99,7872.21,1042310000,21455040000
2017-03-07,801150.SI,7876.08,7913.87,7865.54,7913.87,1163020000,23074580000
2017-03-08,801150.SI,7910.41,7910.68,7871.09,7888.07,1033220000,20919320000
2017-03-09,801150.SI,7882.63,7882.76,7819.11,7832.77,1008740000,20028740000
2017-03-10,801150.SI,7829.95,7855.65,7829.82,7843.16,909410000,20508960000
2017-03-13,801150.SI,7842.35,7897.03,7804.65,7897.03,1073700000,23606070000
2017-03-14,801150.SI,7900.04,7906.08,7872.83,7898.41,1108900000,23120860000
2017-03-15,801150.SI,7896.07,7913.19,7880.62,7911.75,1145890000,23500040000
2017-03-16,801150.SI,7912.35,7958.44,7912.35,7958.44,1316700000,27236860000
2017-03-17,801150.SI,7962.60,7980.70,7902.37,7910.50,1406470000,29650090000
2017-03-20,801150.SI,7904.96,7951.20,7895.76,7950.92,1220010000,27307130000
2017-03-21,801150.SI,7938.68,7996.09,7925.40,7996.09,1316870000,30814180000
2017-03-22,801150.SI,7961.34,8044.82,7947.32,8044.22,1492440000,34156940000
2017-03-23,801150.SI,8045.27,8087.57,7983.42,8044.91,1530300000,35454640000
2017-03-24,801150.SI,8047.53,8057.74,8022.62,8052.95,1280770000,28377680000
2017-03-27,801150.SI,8058.13,8065.57,7997.15,8007.80,1215620000,26522860000
2017-03-28,801150.SI,8001.15,8014.63,7970.53,7995.63,1019350000,21573920000
2017-03-29,801150.SI,7992.93,7999.22,7918.68,7927.62,1165540000,24371220000
2017-03-30,801150.SI,7913.53,7913.60,7757.91,7799.61,1372930000,27496330000
2017-03-31,801150.SI,7794.77,7853.29,7793.63,7853.02,1011550000,20701150000
2017-04-05,801150.SI,7856.49,7943.93,7856.49,7943.93,1295840000,25787950000
2017-04-06,801150.SI,7941.26,7951.62,7929.36,7948.47,1073290000,21656950000
2017-04-07,801150.SI,7944.44,7947.43,7922.23,7935.84,987800000,19675410000
2017-04-10,801150.SI,7933.30,7933.30,7836.29,7840.65,1253580000,24340960000
2017-04-11,801150.SI,7828.84,7846.86,7725.55,7820.34,1294090000,25246790000
2017-04-12,801150.SI,7812.56,7816.64,7773.52,7794.81,1011600000,19410520000
2017-04-13,801150.SI,7785.56,7852.84,7776.30,7843.16,951140000,17550020000
2017-04-14,801150.SI,7841.05,7841.09,7776.62,7789.65,1046640000,18485080000
2017-04-17,801150.SI,7764.65,7773.26,7711.48,7744.12,1069090000,19139670000
2017-04-18,801150.SI,7741.44,7805.33,7740.44,7747.19,1094080000,21547230000
2017-04-19,801150.SI,7727.58,7739.69,7631.99,7709.22,1117290000,21220390000
2017-04-20,801150.SI,7712.39,7833.05,7712.18,7811.82,1224070000,26834440000
2017-04-21,801150.SI,7811.70,7847.93,7771.54,7799.22,999110000,21183630000
2017-04-24,801150.SI,7765.31,7765.57,7601.01,7671.02,1101070000,22269220000
2017-04-25,801150.SI,7663.47,7707.78,7658.44,7685.75,952030000,19618940000
2017-04-26,801150.SI,7680.11,7737.70,7663.07,7682.27,969090000,20849180000
2017-04-27,801150.SI,7669.50,7709.11,7571.39,7705.13,1214460000,24436650000
2017-04-28,801150.SI,7695.61,7695.61,7689.68,7689.68,956770000,21299680000
2017-05-02,801150.SI,7674.35,7676.73,7647.59,7673.62,850890000,17592330000
2017-05-03,801150.SI,7662.77,7679.93,7632.31,7663.08,816950000,16869720000
2017-05-04,801150.SI,7651.59,7686.47,7616.60,7643.38,1059090000,20530130000
2017-05-05,801150.SI,7623.74,7632.88,7579.81,7579.81,982520000,19571710000
2017-05-08,801150.SI,7565.20,7566.02,7491.23,7491.32,925170000,18142000000
2017-05-09,801150.SI,7473.36,7481.48,7395.37,7481.48,883570000,17322730000
2017-05-10,801150.SI,7469.32,7498.38,7387.19,7391.82,986980000,18850160000
2017-05-11,801150.SI,7360.82,7381.86,7266.42,7381.69,1165610000,20489950000
2017-05-12,801150.SI,7370.11,7412.12,7351.18,7407.42,825820000,15013740000
2017-05-15,801150.SI,7416.43,7464.72,7415.60,7464.63,817900000,16100580000
2017-05-16,801150.SI,7453.91,7599.27,7430.13,7598.48,1123440000,21272970000
2017-05-17,801150.SI,7590.33,7623.85,7571.10,7580.47,1103360000,20526030000
2017-05-18,801150.SI,7546.89,7601.04,7539.42,7564.46,828930000,15139730000
2017-05-19,801150.SI,7567.66,7579.58,7544.27,7571.01,704200000,13106260000
2017-05-22,801150.SI,7580.52,7609.80,7499.52,7527.73,1075640000,19675610000
2017-05-23,801150.SI,7513.91,7529.86,7434.19,7448.97,1131890000,21664120000
2017-05-24,801150.SI,7424.99,7472.49,7347.82,7472.49,947380000,17825760000
2017-05-25,801150.SI,7466.00,7505.81,7415.10,7490.61,982950000,18137300000
2017-05-26,801150.SI,7490.56,7508.40,7466.10,7487.57,942120000,17874800000
2017-05-31,801150.SI,7535.93,7549.61,7471.19,7480.16,1110670000,21957850000
2017-06-01,801150.SI,7465.40,7482.81,7429.79,7430.08,1047520000,20614110000
2017-06-02,801150.SI,7408.21,7458.21,7341.12,7446.15,1098330000,20511450000
2017-06-05,801150.SI,7448.70,7470.28,7439.06,7448.98,1021720000,19336150000
2017-06-06,801150.SI,7434.15,7481.96,7427.66,7481.69,934850000,16288690000
2017-06-07,801150.SI,7480.86,7613.20,7480.70,7613.20,1309300000,25160760000
2017-06-08,801150.SI,7612.10,7666.02,7606.35,7651.20,1118700000,23788230000
2017-06-09,801150.SI,7646.79,7662.01,7624.59,7658.85,1018690000,20489200000
2017-06-12,801150.SI,7634.82,7702.95,7622.79,7639.96,1072690000,22314130000
2017-06-13,801150.SI,7630.94,7695.54,7630.91,7695.54,941370000,18151840000
2017-06-14,801150.SI,7684.83,7686.43,7627.22,7641.53,840680000,17257640000
2017-06-15,801150.SI,7629.96,7675.01,7613.06,7674.49,1009570000,19643360000
2017-06-16,801150.SI,7666.74,7672.70,7637.38,7653.21,780570000,15672400000
2017-06-19,801150.SI,7648.07,7690.12,7646.26,7690.12,853910000,16213140000
2017-06-20,801150.SI,7695.34,7706.96,7655.02,7659.51,895420000,17432340000
2017-06-21,801150.SI,7676.85,7721.64,7647.63,7721.64,909700000,18673890000
2017-06-22,801150.SI,7715.08,7733.25,7622.92,7623.63,1180210000,23818960000
2017-06-23,801150.SI,7609.80,7664.32,7566.95,7664.32,1038470000,20805700000
2017-06-26,801150.SI,7676.26,7769.16,7676.03,7769.07,1129400000,23117410000
2017-06-27,801150.SI,7767.41,7805.35,7765.23,7797.81,1027720000,20261970000
2017-06-28,801150.SI,7780.64,7781.86,7722.46,7733.12,898380000,18994180000
2017-06-29,801150.SI,7730.37,7773.26,7730.16,7773.21,864070000,17791740000
2017-06-30,801150.SI,7754.98,7805.27,7742.60,7805.17,895140000,18333380000
2017-07-03,801150.SI,7813.74,7828.55,7792.70,7819.86,987540000,20908920000
2017-07-04,801150.SI,7807.62,7807.95,7742.73,7758.36,958680000,20316660000
2017-07-05,801150.SI,7745.10,7791.36,7730.60,7791.27,997750000,21092830000
2017-07-06,801150.SI,7786.63,7786.82,7689.78,7738.27,1109350000,23859450000
2017-07-07,801150.SI,7722.81,7723.56,7689.71,7714.09,968160000,19869000000
2017-07-10,801150.SI,7696.78,7697.55,7644.03,7660.71,1150380000,22642530000
2017-07-11,801150.SI,7649.25,7671.62,7625.14,7628.39,1017010000,19096510000
2017-07-12,801150.SI,7620.41,7627.14,7526.50,7576.75,1058300000,19460340000
2017-07-13,801150.SI,7589.62,7618.16,7574.85,7617.77,1058230000,19751890000
2017-07-14,801150.SI,7602.00,7602.04,7558.93,7572.62,864380000,16532220000
2017-07-17,801150.SI,7536.71,7537.75,7270.68,7306.07,1499340000,26170400000
2017-07-18,801150.SI,7268.87,7312.60,7224.19,7302.57,1073720000,18792200000
2017-07-19,801150.SI,7293.64,7375.72,7276.00,7371.49,1023270000,17998770000
2017-07-20,801150.SI,7367.58,7406.71,7363.20,7388.29,963980000,17671350000
2017-07-21,801150.SI,7381.59,7382.83,7357.39,7364.59,827600000,14805830000
2017-07-24,801150.SI,7357.65,7383.10,7342.62,7379.70,960260000,17212840000
2017-07-25,801150.SI,7379.34,7412.74,7356.96,7371.09,930460000,16838080000
2017-07-26,801150.SI,7369.72,7372.75,7287.38,7310.28,832590000,15222840000
2017-07-27,801150.SI,7308.68,7388.73,7269.24,7387.55,1205080000,20410180000
2017-07-28,801150.SI,7381.99,7410.48,7377.62,7392.17,959750000,17550100000
2017-07-31,801150.SI,7395.09,7443.51,7382.61,7434.28,1117040000,19765950000
2017-08-01,801150.SI,7431.85,7446.47,7404.17,7438.01,1166760000,20218760000
2017-08-02,801150.SI,7438.83,7439.99,7380.51,7383.87,1082210000,18079040000
2017-08-03,801150.SI,7375.00,7375.00,7362.14,7374.78,939820000,16133500000
2017-08-04,801150.SI,7372.35,7380.69,7347.33,7348.62,993250000,16332390000
2017-08-07,801150.SI,7360.65,7435.24,7360.34,7434.77,1334380000,20201230000
2017-08-08,801150.SI,7434.69,7468.01,7415.86,7461.41,1290900000,20197390000
2017-08-09,801150.SI,7467.28,7549.20,7460.94,7543.41,1320200000,24267070000
2017-08-10,801150.SI,7533.97,7557.30,7451.97,7509.43,1361720000,24253910000
2017-08-11,801150.SI,7472.78,7522.18,7455.22,7463.94,1218710000,21878610000
2017-08-14,801150.SI,7463.97,7566.95,7463.90,7565.07,1040330000,19716400000
2017-08-15,801150.SI,7566.42,7576.96,7526.90,7559.63,1052260000,19735090000
2017-08-16,801150.SI,7553.69,7584.55,7534.07,7579.03,1220970000,23327280000
2017-08-17,801150.SI,7572.02,7600.97,7569.15,7600.87,1201450000,21982660000
2017-08-18,801150.SI,7579.40,7612.51,7566.96,7599.95,1166930000,21839220000
2017-08-21,801150.SI,7603.26,7646.04,7600.27,7646.04,1060420000,20670880000
2017-08-22,801150.SI,7646.22,7652.76,7614.35,7621.39,1056050000,20687590000
2017-08-23,801150.SI,7615.31,7623.51,7578.62,7588.84,889490000,18354930000
2017-08-24,801150.SI,7584.86,7593.10,7517.62,7532.77,1111180000,20311990000
2017-08-25,801150.SI,7527.31,7594.49,7527.31,7585.13,1075890000,20170650000
2017-08-28,801150.SI,7593.46,7654.56,7584.85,7639.56,1409520000,28198870000
2017-08-29,801150.SI,7641.36,7644.24,7601.28,7610.45,1312780000,26865500000
2017-08-30,801150.SI,7609.41,7626.87,7608.11,7618.92,1159250000,23065150000
2017-08-31,801150.SI,7619.11,7640.28,7584.32,7630.95,1174190000,24624650000
2017-09-01,801150.SI,7635.70,7647.98,7624.50,7647.64,1303550000,25037990000
2017-09-04,801150.SI,7644.33,7676.91,7623.93,7676.91,1305120000,24631480000
2017-09-05,801150.SI,7674.16,7716.32,7668.14,7714.27,1287290000,22976920000
2017-09-06,801150.SI,7701.68,7710.49,7677.78,7704.72,1176160000,22440720000
2017-09-07,801150.SI,7705.46,7742.80,7699.58,7709.70,1398370000,26269370000
2017-09-08,801150.SI,7707.10,7787.38,7705.63,7756.64,1430250000,27750910000
2017-09-11,801150.SI,7752.29,7756.31,7718.10,7739.69,1402780000,26600390000
2017-09-12,801150.SI,7735.00,7738.16,7698.23,7712.34,1482910000,27128700000
2017-09-13,801150.SI,7708.80,7742.65,7702.56,7742.54,1155620000,20724020000
2017-09-14,801150.SI,7742.66,7772.61,7732.63,7759.48,1454660000,27212560000
2017-09-15,801150.SI,7754.35,7759.48,7732.58,7746.76,1181630000,23270160000
2017-09-18,801150.SI,7742.28,7787.71,7742.23,7786.08,1113940000,23691350000
2017-09-19,801150.SI,7789.75,7802.01,7745.93,7762.23,1111540000,23048090000
2017-09-20,801150.SI,7758.35,7787.65,7750.36,7786.56,1072130000,21664480000
2017-09-21,801150.SI,7785.01,7788.41,7743.03,7743.39,1072850000,20970050000
2017-09-22,801150.SI,7733.74,7735.96,7701.98,7725.38,1009320000,19873130000
2017-09-25,801150.SI,7725.47,7781.02,7723.75,7760.58,1314660000,25727210000
2017-09-26,801150.SI,7753.38,7765.11,7698.35,7726.20,1131240000,21418260000
2017-09-27,801150.SI,7732.98,7744.17,7729.51,7739.41,913790000,18435260000
2017-09-28,801150.SI,7743.66,7770.11,7736.18,7763.77,962580000,20149970000
2017-09-29,801150.SI,7774.25,7819.36,7762.90,7798.63,936530000,20244670000
2017-10-09,801150.SI,7868.16,7905.16,7833.33,7885.17,1261570000,27551900000
2017-10-10,801150.SI,7894.34,8069.35,7893.76,8069.25,2434410000,46818270000
2017-10-11,801150.SI,8105.85,8193.93,8097.31,8104.35,2614510000,52007900000
2017-10-12,801150.SI,8100.45,8124.14,8070.61,8108.83,1757020000,34559690000
2017-10-13,801150.SI,8111.11,8168.21,8100.82,8137.81,1790300000,36204180000
2017-10-16,801150.SI,8125.91,8126.00,8016.48,8026.94,1759600000,35780620000
2017-10-17,801150.SI,8013.76,8051.40,7993.66,8044.80,1205270000,25707680000
2017-10-18,801150.SI,8045.35,8127.96,8045.05,8103.66,1505240000,32637780000
2017-10-19,801150.SI,8102.64,8187.16,8100.63,8149.15,1637480000,35809810000
2017-10-20,801150.SI,8131.94,8141.49,8098.27,8141.49,1170370000,25299510000
2017-10-23,801150.SI,8145.09,8252.14,8143.25,8252.14,1465660000,31027390000
2017-10-24,801150.SI,8248.16,8259.88,8215.43,8252.17,1438390000,31505520000
2017-10-25,801150.SI,8240.91,8341.09,8239.38,8341.08,1366530000,30702620000
2017-10-26,801150.SI,8316.34,8366.54,8271.87,8288.70,1629860000,36263430000
2017-10-27,801150.SI,8289.68,8298.47,8252.67,8294.23,1391580000,31322330000
2017-10-30,801150.SI,8291.80,8307.00,8108.36,8195.24,1736390000,38240570000
2017-10-31,801150.SI,8169.83,8204.99,8146.91,8204.58,1293110000,30786330000
2017-11-01,801150.SI,8213.13,8229.74,8174.63,8191.49,1292460000,31429470000
2017-11-02,801150.SI,8179.95,8206.00,8150.58,8189.56,1331700000,32293890000
2017-11-03,801150.SI,8186.99,8219.50,8148.41,8178.94,1297670000,30321980000
2017-11-06,801150.SI,8179.84,8403.67,8158.45,8392.38,1653620000,40003600000
2017-11-07,801150.SI,8385.79,8431.46,8334.06,8388.56,1690910000,41655110000
2017-11-08,801150.SI,8378.23,8401.89,8310.25,8321.99,1611950000,39733950000
2017-11-09,801150.SI,8308.22,8369.68,8284.25,8369.05,1365480000,32717920000
2017-11-10,801150.SI,8363.28,8411.57,8347.98,8411.57,1647610000,37571050000
2017-11-13,801150.SI,8407.89,8442.09,8384.83,8426.96,1691910000,40764000000
2017-11-14,801150.SI,8426.24,8436.82,8305.71,8322.59,1658880000,41815630000
2017-11-15,801150.SI,8308.91,8338.89,8255.02,8311.71,1360740000,33809130000
2017-11-16,801150.SI,8298.57,8414.88,8298.40,8411.72,1395420000,33220240000
2017-11-17,801150.SI,8397.16,8399.66,8212.64,8217.19,1819870000,38526940000
2017-11-20,801150.SI,8171.95,8289.51,8051.92,8289.38,1408300000,30940660000
2017-11-21,801150.SI,8271.77,8355.45,8242.76,8300.15,1469740000,33740360000
2017-11-22,801150.SI,8311.43,8331.99,8187.97,8239.77,1391900000,32262550000
2017-11-23,801150.SI,8220.17,8221.10,7974.33,7974.34,1436710000,34354590000
2017-11-24,801150.SI,7935.86,8006.81,7918.58,7972.94,1165140000,25655680000
2017-11-27,801150.SI,7954.23,7954.46,7861.39,7867.90,1009120000,22999860000
2017-11-28,801150.SI,7857.85,7952.92,7857.64,7952.55,946030000,20723140000
2017-11-29,801150.SI,7955.79,7964.92,7838.86,7885.59,1202500000,25332850000
2017-11-30,801150.SI,7870.33,7917.13,7838.72,7858.52,1016630000,21362030000
2017-12-01,801150.SI,7868.04,7950.22,7866.39,7929.28,1078960000,22409800000
2017-12-04,801150.SI,7921.99,7962.40,7906.06,7908.12,1155980000,25862400000
2017-12-05,801150.SI,7907.35,7929.65,7789.20,7813.32,1274290000,25965970000
2017-12-06,801150.SI,7810.37,7857.17,7740.44,7851.98,1072070000,23084940000
2017-12-07,801150.SI,7849.69,7866.36,7828.06,7841.54,858370000,18997310000
2017-12-08,801150.SI,7841.66,7929.39,7838.83,7922.73,919020000,20749210000
2017-12-11,801150.SI,7934.29,8090.63,7934.03,8090.51,1167410000,29114360000
2017-12-12,801150.SI,8095.60,8096.84,8025.25,8025.25,1010850000,23274770000
2017-12-13,801150.SI,8019.95,8088.29,8017.39,8088.20,873520000,20059090000
2017-12-14,801150.SI,8085.70,8100.92,8060.28,8083.48,933730000,22106470000
2017-12-15,801150.SI,8080.89,8101.88,8004.86,8017.21,1038070000,22148800000
2017-12-18,801150.SI,8006.02,8023.10,7931.77,7965.82,921050000,20501920000
2017-12-19,801150.SI,7969.75,8036.65,7969.75,8036.61,868620000,19514540000
2017-12-20,801150.SI,8051.86,8051.86,8004.46,8015.35,975410000,21142910000
2017-12-21,801150.SI,8004.11,8102.58,7966.35,8091.05,1089950000,25015900000
2017-12-22,801150.SI,8091.80,8141.21,8091.80,8110.02,950660000,23181230000
2017-12-25,801150.SI,8110.63,8137.37,8056.16,8095.55,1176010000,25878410000
2017-12-26,801150.SI,8094.94,8108.86,8044.65,8098.32,1146470000,26299580000
2017-12-27,801150.SI,8090.95,8100.09,7979.03,7988.35,1185130000,25907980000
2017-12-28,801150.SI,7982.09,8031.22,7961.94,8000.03,1181550000,25578270000
2017-12-29,801150.SI,8009.56,8075.61,8003.84,8075.61,1116530000,23328220000
2018-01-02,801150.SI,8083.82,8112.98,8052.96,8112.74,1139110000,24411000000
2018-01-03,801150.SI,8110.33,8162.86,8098.84,8146.51,1401620000,30110130000
2018-01-04,801150.SI,8138.35,8189.34,8133.96,8185.57,1259140000,27704640000
2018-01-05,801150.SI,8193.57,8201.39,8170.96,8191.61,1276220000,27199790000
2018-01-08,801150.SI,8182.46,8194.58,8140.78,8194.58,1427250000,29996900000
2018-01-09,801150.SI,8190.01,8313.34,8181.43,8313.22,1669690000,36486350000
2018-01-10,801150.SI,8301.39,8312.43,8206.32,8259.25,1449660000,31252990000
2018-01-11,801150.SI,8237.99,8279.73,8221.73,8260.35,1177350000,26083960000
2018-01-12,801150.SI,8252.99,8292.00,8238.78,8284.60,1213150000,28311610000
2018-01-15,801150.SI,8275.08,8315.75,8175.93,8188.74,1831990000,38374680000
2018-01-16,801150.SI,8168.95,8275.93,8168.93,8231.58,1501220000,33307810000
2018-01-17,801150.SI,8231.52,8231.73,8134.31,8191.00,1333120000,29704490000
2018-01-18,801150.SI,8190.83,8239.45,8161.54,8176.50,1102920000,24919900000
2018-01-19,801150.SI,8175.48,8189.61,8133.70,8146.55,1214040000,26694570000
2018-01-22,801150.SI,8138.94,8236.31,8126.95,8236.23,1224880000,27339770000
2018-01-23,801150.SI,8236.97,8249.74,8193.50,8227.29,1106500000,24311960000
2018-01-24,801150.SI,8232.15,8292.66,8204.98,8289.52,1591480000,32695230000
2018-01-25,801150.SI,8279.53,8281.33,8216.60,8218.86,1566060000,31185560000
2018-01-26,801150.SI,8209.58,8243.68,8205.47,8215.39,1303650000,26858060000
2018-01-29,801150.SI,8202.39,8212.11,8042.17,8047.61,1433730000,29823570000
2018-01-30,801150.SI,8031.13,8071.57,8025.91,8042.98,1060510000,21814420000
2018-01-31,801150.SI,8022.55,8023.85,7935.41,7970.11,1372940000,25276640000
2018-02-01,801150.SI,7962.24,7982.06,7720.94,7744.66,1635340000,30467410000
2018-02-02,801150.SI,7709.63,7760.48,7624.45,7722.68,1350400000,24201800000
2018-02-05,801150.SI,7635.41,7652.81,7604.98,7635.04,1215910000,21912920000
2018-02-06,801150.SI,7495.46,7508.55,7315.06,7315.72,1576090000,28281930000
2018-02-07,801150.SI,7428.76,7454.32,7203.24,7288.72,1370270000,24347390000
2018-02-08,801150.SI,7281.25,7409.38,7281.22,7397.51,967850000,17987650000
2018-02-09,801150.SI,7226.19,7280.79,7110.67,7188.51,1307770000,23833160000
2018-02-12,801150.SI,7211.85,7406.52,7210.53,7392.54,1012630000,19435160000
2018-02-13,801150.SI,7422.37,7500.18,7420.78,7442.34,957380000,18129820000
2018-02-14,801150.SI,7444.79,7472.04,7414.18,7471.65,685820000,12650830000
2018-02-22,801150.SI,7516.52,7589.44,7496.17,7589.14,867570000,16964100000
2018-02-23,801150.SI,7588.89,7601.27,7550.73,7579.95,846650000,16666580000
2018-02-26,801150.SI,7601.99,7732.97,7592.35,7729.61,1292030000,24940340000
2018-02-27,801150.SI,7736.25,7757.04,7709.88,7716.11,1734380000,27614020000
2018-02-28,801150.SI,7679.85,7732.18,7642.78,7705.98,1362590000,22801520000
2018-03-01,801150.SI,7683.29,7811.13,7674.50,7811.13,1435150000,24192940000
2018-03-02,801150.SI,7778.91,7829.91,7765.75,7778.67,1437590000,22660380000
2018-03-05,801150.SI,7777.17,7840.75,7765.31,7840.75,1256010000,21673200000
2018-03-06,801150.SI,7869.08,8013.10,7868.59,8012.77,1834610000,33011930000
2018-03-07,801150.SI,8010.67,8055.98,7970.43,7980.20,1569600000,28122700000
2018-03-08,801150.SI,7985.38,8175.42,7985.30,8175.42,1794480000,34895800000
2018-03-09,801150.SI,8182.68,8251.51,8158.62,8251.51,1950610000,34222440000
2018-03-12,801150.SI,8285.44,8336.11,8285.19,8326.80,2070340000,37293320000
2018-03-13,801150.SI,8317.77,8318.14,8209.98,8217.04,1805010000,31896910000
2018-03-14,801150.SI,8195.68,8214.28,8148.88,8154.25,1499650000,26735380000
2018-03-15,801150.SI,8128.31,8191.84,8086.65,8151.10,1422420000,26951670000
2018-03-16,801150.SI,8161.98,8221.99,8145.31,8145.31,1363540000,25639790000
2018-03-19,801150.SI,8145.71,8310.31,8131.77,8310.13,1415660000,29496990000
2018-03-20,801150.SI,8258.53,8519.03,8244.99,8513.68,2588390000,48952160000
2018-03-21,801150.SI,8521.97,8539.05,8399.40,8417.08,2175020000,41665580000
2018-03-22,801150.SI,8401.54,8444.23,8296.70,8342.42,1548510000,30736530000
2018-03-23,801150.SI,8108.17,8250.47,7961.28,8068.43,2306630000,44062590000
2018-03-26,801150.SI,7985.98,8293.15,7949.65,8293.13,1898600000,39391900000
2018-03-27,801150.SI,8354.48,8479.05,8342.43,8426.26,2157160000,46143350000
2018-03-28,801150.SI,8357.81,8507.16,8344.15,8361.69,2087830000,43293860000
2018-03-29,801150.SI,8377.36,8403.11,8259.10,8324.06,1675420000,35720710000
2018-03-30,801150.SI,8353.51,8557.23,8353.07,8556.84,2038720000,42774880000
2018-04-02,801150.SI,8572.53,8596.42,8512.69,8543.96,2143600000,45292370000
2018-04-03,801150.SI,8449.77,8537.99,8436.16,8537.83,1940420000,40325240000
2018-04-04,801150.SI,8628.99,8712.11,8515.83,8523.87,2466760000,49798230000
2018-04-09,801150.SI,8493.68,8565.33,8444.49,8539.14,1971980000,40522450000
2018-04-10,801150.SI,8549.05,8606.02,8490.31,8605.72,2081350000,40843270000
2018-04-11,801150.SI,8618.42,8630.72,8583.17,8596.99,2020790000,42113080000
2018-04-12,801150.SI,8587.19,8678.94,8574.79,8634.04,2067680000,41498980000
2018-04-13,801150.SI,8676.91,8710.75,8469.88,8480.25,2018490000,43074800000
2018-04-16,801150.SI,8467.18,8544.32,8423.09,8496.57,1742760000,36471020000
2018-04-17,801150.SI,8500.37,8519.23,8271.14,8280.66,1666240000,34189020000
2018-04-18,801150.SI,8326.30,8348.97,8127.15,8335.32,1657130000,33321190000
2018-04-19,801150.SI,8323.47,8405.23,8309.08,8376.05,1363530000,28515960000
2018-04-20,801150.SI,8357.04,8429.44,8261.23,8264.04,1392970000,28494300000
2018-04-23,801150.SI,8251.80,8308.53,8123.01,8194.88,1335270000,27367410000
2018-04-24,801150.SI,8208.75,8361.02,8207.66,8361.02,1436220000,29625370000
2018-04-25,801150.SI,8336.32,8554.00,8330.43,8551.05,1757640000,39804220000
2018-04-26,801150.SI,8542.71,8542.79,8404.99,8407.40,1540650000,33038290000
2018-04-27,801150.SI,8431.57,8619.59,8430.75,8566.28,1824790000,40732900000
2018-05-02,801150.SI,8584.45,8687.82,8570.83,8649.81,2064530000,44038250000
2018-05-03,801150.SI,8620.77,8652.25,8494.97,8640.11,1900740000,39162560000
2018-05-04,801150.SI,8616.05,8779.47,8606.78,8747.32,1953420000,40684650000
2018-05-07,801150.SI,8756.28,8923.11,8747.17,8922.90,2157790000,46192130000
2018-05-08,801150.SI,8925.60,8934.22,8883.46,8913.53,2110910000,43922550000
2018-05-09,801150.SI,8907.90,8929.33,8859.25,8919.76,1862540000,36535080000
2018-05-10,801150.SI,8927.74,9104.40,8911.88,9102.06,2264930000,46052570000
2018-05-11,801150.SI,9098.45,9195.14,8892.39,8896.50,2460760000,52946670000
2018-05-14,801150.SI,8881.17,8910.07,8786.70,8896.49,1874060000,40003230000
2018-05-15,801150.SI,8903.37,9069.64,8900.94,9069.38,1707280000,38342200000
2018-05-16,801150.SI,9055.92,9250.98,9039.98,9169.41,2606260000,53392400000
2018-05-17,801150.SI,9155.00,9155.77,9029.27,9051.54,2026080000,40392080000
2018-05-18,801150.SI,9033.19,9071.11,8948.90,9064.17,1766890000,35442970000
2018-05-21,801150.SI,9097.98,9098.22,9023.33,9093.57,1891760000,37461440000
2018-05-22,801150.SI,9088.92,9258.64,9078.32,9258.64,2087090000,44754160000
2018-05-23,801150.SI,9241.12,9348.38,9215.63,9215.63,2246570000,47410980000
2018-05-24,801150.SI,9202.10,9292.17,9202.10,9261.98,1937420000,39391800000
2018-05-25,801150.SI,9260.10,9358.79,9238.77,9307.51,2128260000,44255700000
2018-05-28,801150.SI,9309.18,9431.82,9213.18,9391.24,2251890000,49321180000
2018-05-29,801150.SI,9369.70,9544.81,9079.22,9094.44,2953010000,64389840000
2018-05-30,801150.SI,8936.74,9072.01,8816.94,8909.60,2740690000,61105520000
2018-05-31,801150.SI,8979.52,9132.10,8937.68,9132.10,2181760000,47562720000
2018-06-01,801150.SI,9097.32,9146.91,8775.93,8850.68,2227650000,48984930000
2018-06-04,801150.SI,8872.08,8893.02,8720.42,8826.02,1677910000,37946460000
2018-06-05,801150.SI,8840.96,9080.36,8840.52,9079.36,1745660000,40318450000
2018-06-06,801150.SI,9084.13,9154.16,9052.32,9151.43,1556690000,36005700000
2018-06-07,801150.SI,9171.05,9179.76,9029.33,9037.14,1499360000,33234420000
2018-06-08,801150.SI,9012.19,9047.41,8918.34,8986.19,1499890000,32933720000
2018-06-11,801150.SI,8964.93,8985.34,8742.17,8776.27,1398370000,33845360000
2018-06-12,801150.SI,8784.56,8922.87,8714.92,8917.53,1499970000,33761330000
2018-06-13,801150.SI,8892.17,8892.75,8740.88,8744.27,1363350000,28834280000
2018-06-14,801150.SI,8722.30,8811.88,8650.64,8682.17,1238250000,27379490000
2018-06-15,801150.SI,8673.78,8699.59,8488.85,8521.84,1478660000,28173460000
2018-06-19,801150.SI,8408.67,8505.06,8065.16,8167.40,1993520000,38415350000
2018-06-20,801150.SI,8144.98,8390.50,8104.97,8366.94,1650200000,33434240000
2018-06-21,801150.SI,8364.26,8498.05,8290.70,8294.62,1664410000,34473770000
2018-06-22,801150.SI,8223.58,8367.65,8164.88,8367.36,1256990000,25020810000
2018-06-25,801150.SI,8419.49,8446.84,8357.30,8361.88,1285680000,26043100000
2018-06-26,801150.SI,8263.97,8360.52,8233.72,8355.54,1241580000,25461190000
2018-06-27,801150.SI,8351.23,8390.76,8132.12,8158.27,1320840000,27999140000
2018-06-28,801150.SI,8108.35,8178.19,8035.02,8035.02,1153190000,24140190000
2018-06-29,801150.SI,8051.91,8332.16,8045.86,8326.76,1422350000,28704670000
2018-07-02,801150.SI,8325.26,8453.72,8222.13,8290.75,1769020000,34115380000
2018-07-03,801150.SI,8285.93,8311.64,7991.87,8247.10,1642540000,33937580000
2018-07-04,801150.SI,8208.38,8215.91,8065.08,8083.29,1264640000,25295150000
2018-07-05,801150.SI,8060.37,8109.14,7866.17,7875.38,1278660000,25394420000
2018-07-06,801150.SI,7856.78,8008.90,7721.78,7901.38,1547300000,29809020000
2018-07-09,801150.SI,7903.47,8163.32,7902.00,8163.32,1576670000,30761200000
2018-07-10,801150.SI,8172.23,8244.59,8139.03,8244.22,1834940000,32282750000
2018-07-11,801150.SI,8105.60,8219.85,8029.96,8170.28,1766220000,32847340000
2018-07-12,801150.SI,8165.60,8426.92,8165.30,8388.05,2005330000,39554740000
2018-07-13,801150.SI,8377.76,8591.14,8375.23,8530.30,2066470000,40912270000
2018-07-16,801150.SI,8478.97,8556.91,8462.09,8538.84,1638640000,31939480000
2018-07-17,801150.SI,8522.33,8533.20,8348.86,8442.09,1469390000,28587730000
2018-07-18,801150.SI,8440.72,8508.50,8407.31,8408.91,1590010000,31618300000
2018-07-19,801150.SI,8395.98,8409.56,8202.15,8251.00,1523910000,31132900000
2018-07-20,801150.SI,8235.74,8298.08,8175.06,8286.57,1314010000,25776750000
2018-07-23,801150.SI,7994.82,8041.38,7843.27,7959.74,2453320000,48355640000
2018-07-24,801150.SI,7887.48,8123.52,7864.45,8073.26,2120330000,44478350000
2018-07-25,801150.SI,8057.48,8165.26,8043.86,8159.02,1839700000,35964200000
2018-07-26,801150.SI,8171.26,8193.40,8076.09,8091.18,1707090000,28980420000
2018-07-27,801150.SI,8084.85,8094.79,7990.96,8043.83,1588490000,27398460000
2018-07-30,801150.SI,8011.77,8012.65,7772.59,7807.19,1810910000,34267750000
2018-07-31,801150.SI,7778.60,7884.35,7778.60,7818.52,1275250000,23699890000
2018-08-01,801150.SI,7827.31,7847.75,7674.76,7684.10,1311400000,24454700000
2018-08-02,801150.SI,7666.59,7667.08,7460.76,7632.43,1663200000,30191530000
2018-08-03,801150.SI,7608.76,7636.80,7430.46,7431.01,1267580000,24931010000
2018-08-06,801150.SI,7381.79,7396.74,7116.65,7166.67,1478100000,29466370000
2018-08-07,801150.SI,7176.60,7331.71,7074.48,7330.93,1437290000,27500010000
2018-08-08,801150.SI,7309.02,7326.05,7148.87,7161.35,1271110000,21937560000
2018-08-09,801150.SI,7130.45,7429.23,7115.27,7381.73,1505230000,27528000000
2018-08-10,801150.SI,7377.67,7562.01,7377.63,7523.15,1438640000,26284640000
2018-08-13,801150.SI,7440.49,7581.92,7412.99,7575.43,1279870000,22942190000
2018-08-14,801150.SI,7571.61,7595.94,7521.74,7550.64,1025640000,18686070000
2018-08-15,801150.SI,7545.24,7547.65,7315.21,7322.26,1275150000,22769060000
2018-08-16,801150.SI,7233.12,7386.43,7189.58,7276.43,1142280000,19534340000
2018-08-17,801150.SI,7315.43,7339.51,7036.00,7051.03,1442950000,27091440000
2018-08-20,801150.SI,7026.48,7062.43,6824.80,6984.13,1322860000,24906760000
2018-08-21,801150.SI,6995.37,7215.99,6995.30,7215.99,1348920000,25721960000
2018-08-22,801150.SI,7208.77,7242.59,7149.43,7170.06,1149620000,21498600000
2018-08-23,801150.SI,7170.29,7264.98,7149.28,7235.38,1167950000,21413470000
2018-08-24,801150.SI,7214.98,7300.31,7175.39,7246.59,1167770000,21140220000
2018-08-27,801150.SI,7261.85,7496.94,7261.07,7479.07,1531320000,29954310000
2018-08-28,801150.SI,7483.10,7494.14,7424.79,7463.34,1279750000,24556670000
2018-08-29,801150.SI,7461.22,7467.44,7411.19,7424.39,1051820000,19584280000
2018-08-30,801150.SI,7412.98,7433.05,7305.76,7316.18,1175740000,19060770000
2018-08-31,801150.SI,7271.40,7273.16,7163.56,7187.46,1129910000,21220540000
2018-09-03,801150.SI,7162.82,7176.56,7068.59,7176.56,1313420000,21729610000
2018-09-04,801150.SI,7181.31,7244.61,7129.94,7230.04,1312590000,21842200000
2018-09-05,801150.SI,7218.49,7238.73,7131.50,7132.74,1242340000,19673820000
2018-09-06,801150.SI,7099.47,7162.71,7037.47,7063.27,1105250000,17872970000
2018-09-07,801150.SI,7081.40,7226.45,7079.54,7154.65,1283350000,21520450000
2018-09-10,801150.SI,7154.45,7174.38,7031.41,7036.19,1154800000,18503900000
2018-09-11,801150.SI,7034.22,7101.40,7009.09,7064.00,971630000,16276910000
2018-09-12,801150.SI,7058.63,7058.63,6923.19,6934.15,1117250000,21326550000
2018-09-13,801150.SI,6998.15,7026.78,6679.52,6848.96,1590540000,29748080000
2018-09-14,801150.SI,6833.11,6833.84,6754.07,6764.05,1220970000,19144910000
2018-09-17,801150.SI,6728.52,6729.60,6606.66,6615.60,1085150000,16811740000
2018-09-18,801150.SI,6601.72,6749.80,6592.01,6747.78,1191680000,19321220000
2018-09-19,801150.SI,6734.11,6903.71,6721.81,6841.60,1356740000,22228910000
2018-09-20,801150.SI,6832.51,6874.24,6794.38,6810.65,1050950000,15352340000
2018-09-21,801150.SI,6827.61,6963.26,6795.95,6955.26,1269130000,20526330000
2018-09-25,801150.SI,6903.67,6969.85,6886.19,6954.95,1001100000,15650950000
2018-09-26,801150.SI,6968.47,7088.94,6946.45,7035.11,1421990000,23213450000
2018-09-27,801150.SI,7033.77,7140.41,7022.49,7048.42,1643510000,24609900000
2018-09-28,801150.SI,7045.09,7121.97,7044.35,7121.97,1428730000,20283710000
2018-10-08,801150.SI,6983.99,6984.85,6818.15,6831.38,1416490000,21687660000
2018-10-09,801150.SI,6831.27,6891.69,6778.44,6811.03,1145510000,17672080000
2018-10-10,801150.SI,6824.95,6837.46,6686.00,6758.16,1077590000,16640820000
2018-10-11,801150.SI,6522.51,6582.55,6339.98,6389.67,1881700000,26759960000
2018-10-12,801150.SI,6360.80,6448.44,6253.11,6414.35,1749500000,23957920000
2018-10-15,801150.SI,6414.80,6491.11,6325.39,6332.49,1216900000,18488280000
2018-10-16,801150.SI,6324.82,6361.96,6135.33,6180.53,1258490000,19048470000
2018-10-17,801150.SI,6249.13,6267.41,6006.93,6149.46,1391840000,20632710000
2018-10-18,801150.SI,6081.17,6084.03,5927.62,5940.74,1291140000,18706230000
2018-10-19,801150.SI,5832.95,6080.95,5828.55,6078.74,1647310000,24275720000
2018-10-22,801150.SI,6128.03,6420.08,6127.22,6391.61,2910610000,40881320000
2018-10-23,801150.SI,6379.09,6402.69,6215.39,6253.66,2151330000,33297660000
2018-10-24,801150.SI,6223.72,6277.10,6132.87,6188.41,1656580000,25850460000
2018-10-25,801150.SI,6002.35,6145.07,5973.79,6128.14,1663490000,23470460000
2018-10-26,801150.SI,6173.21,6193.67,6056.49,6095.57,1689890000,24897390000
2018-10-29,801150.SI,6082.62,6083.02,5949.38,5976.88,1462220000,22013140000
2018-10-30,801150.SI,5958.83,6112.12,5903.86,6062.00,1617900000,24680580000
2018-10-31,801150.SI,6080.43,6248.16,6079.79,6225.91,1828890000,27086330000
2018-11-01,801150.SI,6264.90,6380.85,6257.84,6274.80,2024080000,30441450000
2018-11-02,801150.SI,6412.35,6547.86,6408.36,6546.81,2384410000,36854900000
2018-11-05,801150.SI,6524.02,6581.78,6423.85,6516.45,2116370000,29996800000
2018-11-06,801150.SI,6509.62,6532.09,6440.12,6531.51,1594210000,23249520000
2018-11-07,801150.SI,6533.14,6608.99,6511.58,6514.15,1823930000,26057920000
2018-11-08,801150.SI,6566.09,6589.16,6497.27,6509.66,1703500000,22302860000
2018-11-09,801150.SI,6470.99,6512.02,6448.16,6461.74,1647320000,20397680000
2018-11-12,801150.SI,6461.27,6612.42,6426.28,6606.64,2017280000,26761070000
2018-11-13,801150.SI,6535.24,6740.14,6522.11,6706.32,2596870000,33517760000
2018-11-14,801150.SI,6705.76,6755.00,6673.35,6680.55,2464060000,28881420000
2018-11-15,801150.SI,6666.78,6743.82,6647.76,6743.82,2193220000,28665630000
2018-11-16,801150.SI,6749.93,6760.04,6642.72,6717.05,2431050000,33371250000
2018-11-19,801150.SI,6709.77,6736.69,6683.74,6735.11,2150770000,28860130000
2018-11-20,801150.SI,6690.47,6710.07,6584.25,6591.06,2056160000,26583720000
2018-11-21,801150.SI,6531.48,6708.69,6529.15,6692.41,1905120000,26552820000
2018-11-22,801150.SI,6706.80,6762.45,6687.31,6729.72,2071830000,26122770000
2018-11-23,801150.SI,6718.78,6725.19,6525.16,6541.66,2281970000,30199490000
2018-11-26,801150.SI,6532.53,6574.07,6491.52,6513.29,1567880000,20694020000
2018-11-27,801150.SI,6542.88,6561.41,6500.09,6530.42,1577750000,19648980000
2018-11-28,801150.SI,6529.26,6582.88,6450.08,6582.88,1694720000,21702530000
2018-11-29,801150.SI,6610.48,6642.70,6491.99,6491.99,1838520000,24515830000
2018-11-30,801150.SI,6478.81,6563.15,6456.74,6556.07,1528580000,20194700000
2018-12-03,801150.SI,6694.48,6783.96,6657.13,6764.50,2318350000,34451580000
2018-12-04,801150.SI,6747.55,6839.15,6732.53,6838.95,1947850000,27122530000
2018-12-05,801150.SI,6736.24,6927.19,6730.55,6876.08,2037950000,30493540000
2018-12-06,801150.SI,6833.55,6869.74,6620.40,6629.07,2193050000,35428560000
2018-12-07,801150.SI,6584.78,6592.89,6402.36,6414.17,2155290000,34002240000
2018-12-10,801150.SI,6330.00,6357.61,6288.57,6306.19,1641240000,24980540000
2018-12-11,801150.SI,6322.35,6369.65,6315.61,6356.04,1180800000,18907140000
2018-12-12,801150.SI,6374.43,6381.89,6298.16,6311.96,1117970000,16408520000
2018-12-13,801150.SI,6320.02,6411.62,6294.33,6379.57,1383660000,20852210000
2018-12-14,801150.SI,6357.73,6357.88,6195.50,6205.52,1514330000,24340690000
2018-12-17,801150.SI,6159.59,6165.83,6044.25,6120.36,1287990000,20557060000
2018-12-18,801150.SI,6086.15,6139.47,6039.50,6080.75,1109930000,15712100000
2018-12-19,801150.SI,6087.02,6087.03,5914.56,5925.20,1176070000,18709970000
2018-12-20,801150.SI,5899.63,5923.56,5862.27,5897.01,1182600000,17715110000
2018-12-21,801150.SI,5873.77,5875.82,5766.68,5803.91,1458430000,20302210000
2018-12-24,801150.SI,5801.47,5925.72,5796.46,5916.63,1293720000,18398450000
2018-12-25,801150.SI,5858.54,5917.69,5793.50,5906.49,1528050000,20003810000
2018-12-26,801150.SI,5900.79,5943.11,5881.83,5881.83,1253910000,16502170000
2018-12-27,801150.SI,5957.39,5969.19,5812.70,5812.74,1449100000,19524200000
2018-12-28,801150.SI,5819.76,5856.48,5779.15,5840.92,1401010000,18534610000
2019-01-02,801150.SI,5835.99,5835.99,5669.18,5672.01,1349300000,20674610000
2019-01-03,801150.SI,5646.99,5667.56,5555.49,5565.26,1278560000,18474250000
2019-01-04,801150.SI,5506.93,5718.11,5506.93,5718.11,1753190000,22696500000
2019-01-07,801150.SI,5739.85,5763.77,5708.66,5756.53,1624100000,20756130000
2019-01-08,801150.SI,5746.58,5772.00,5733.73,5752.35,1346220000,16786690000
2019-01-09,801150.SI,5762.97,5872.58,5751.46,5800.17,1782670000,22726700000
2019-01-10,801150.SI,5790.18,5817.94,5753.39,5768.39,1457280000,18509420000
2019-01-11,801150.SI,5768.69,5788.05,5724.51,5774.64,1268120000,15573850000
2019-01-14,801150.SI,5775.48,5775.68,5678.25,5688.37,1379620000,17056020000
2019-01-15,801150.SI,5690.12,5811.60,5682.89,5811.60,1445580000,19121100000
2019-01-16,801150.SI,5809.40,5882.28,5800.43,5870.53,1436740000,19765480000
2019-01-17,801150.SI,5866.06,5889.44,5828.00,5831.93,1368700000,17736740000
2019-01-18,801150.SI,5838.35,5969.56,5838.19,5965.73,1652900000,22856370000
2019-01-21,801150.SI,5973.50,6048.78,5973.50,5993.96,1609920000,22939380000
2019-01-22,801150.SI,5989.68,5989.69,5871.88,5892.08,1448300000,18788070000
2019-01-23,801150.SI,5868.57,5896.66,5848.44,5870.34,1271980000,15005720000
2019-01-24,801150.SI,5871.79,5903.81,5821.22,5896.12,1407450000,16791950000
2019-01-25,801150.SI,5895.50,5926.31,5871.66,5876.60,1591570000,18478810000
2019-01-28,801150.SI,5894.73,5897.46,5796.03,5798.35,1671030000,20453280000
2019-01-29,801150.SI,5786.12,5805.92,5712.53,5769.84,1523180000,18335060000
2019-01-30,801150.SI,5745.26,5785.87,5708.07,5708.07,1209520000,15183270000
2019-01-31,801150.SI,5714.35,5748.40,5662.00,5692.64,1461440000,17775660000
2019-02-01,801150.SI,5723.49,5882.65,5721.44,5880.99,1456480000,19877460000
2019-02-11,801150.SI,5870.54,6023.09,5870.14,6020.56,1583610000,22043740000
2019-02-12,801150.SI,6034.35,6202.14,6034.00,6174.65,2421920000,31827260000
2019-02-13,801150.SI,6187.94,6275.86,6157.01,6258.07,2719370000,32841900000
2019-02-14,801150.SI,6252.85,6315.45,6224.24,6293.22,2068390000,25925630000
2019-02-15,801150.SI,6282.90,6301.38,6232.04,6242.60,2224840000,26501700000
2019-02-18,801150.SI,6287.57,6474.46,6286.86,6474.46,2918950000,35552700000
2019-02-19,801150.SI,6490.65,6515.08,6376.37,6431.86,3175590000,39211420000
2019-02-20,801150.SI,6418.70,6418.81,6317.71,6387.28,2408610000,30728070000
2019-02-21,801150.SI,6389.04,6459.05,6346.72,6364.87,2945720000,35935820000
2019-02-22,801150.SI,6360.34,6458.47,6320.17,6458.47,3095780000,36689000000
2019-02-25,801150.SI,6485.28,6730.78,6485.28,6730.78,4950340000,63849740000
2019-02-26,801150.SI,6746.60,6989.03,6698.13,6802.11,5255870000,71606220000
2019-02-27,801150.SI,6781.24,6842.64,6690.30,6748.26,3747690000,48972170000
2019-02-28,801150.SI,6758.34,6926.82,6758.02,6916.44,3974840000,50889300000
2019-03-01,801150.SI,6976.76,6994.41,6858.27,6937.16,3480510000,44872270000
2019-03-04,801150.SI,6983.73,7154.40,6983.69,7053.38,4761910000,66136660000
2019-03-05,801150.SI,7025.72,7143.12,7002.42,7143.12,3950420000,51089040000
2019-03-06,801150.SI,7162.55,7212.39,7095.63,7212.39,4990420000,63439640000
2019-03-07,801150.SI,7216.46,7245.64,7115.77,7202.77,5078250000,66577610000
2019-03-08,801150.SI,7091.53,7242.09,6987.25,6988.43,5235100000,64724070000
2019-03-11,801150.SI,7040.65,7270.66,7039.14,7270.66,4501480000,61565230000
2019-03-12,801150.SI,7320.33,7398.31,7235.30,7330.88,5282120000,70476170000
2019-03-13,801150.SI,7326.10,7384.58,7232.01,7276.51,4624090000,62270360000
2019-03-14,801150.SI,7247.59,7317.93,7101.73,7162.91,4052740000,52105440000
2019-03-15,801150.SI,7185.22,7337.54,7184.72,7281.53,3483480000,50054800000
2019-03-18,801150.SI,7313.28,7555.41,7272.90,7555.41,4256680000,65589230000
2019-03-19,801150.SI,7560.49,7563.26,7461.00,7509.85,3893240000,57095960000
2019-03-20,801150.SI,7497.70,7536.45,7387.37,7506.14,3950980000,54927690000
2019-03-21,801150.SI,7525.82,7595.35,7504.08,7557.71,4490180000,58448580000
2019-03-22,801150.SI,7552.47,7625.48,7471.41,7625.48,4094420000,55280180000
2019-03-25,801150.SI,7501.49,7636.81,7483.31,7495.34,4292440000,59457090000
2019-03-26,801150.SI,7531.85,7553.99,7317.59,7335.79,4020540000,53692510000
2019-03-27,801150.SI,7392.67,7556.37,7386.76,7556.37,4396050000,59215030000
2019-03-28,801150.SI,7539.18,7584.27,7469.98,7475.64,4406230000,57256920000
2019-03-29,801150.SI,7471.73,7686.56,7437.86,7679.08,4546630000,63685460000
2019-04-01,801150.SI,7727.60,7878.97,7727.53,7877.23,5468710000,77279690000
2019-04-02,801150.SI,7890.71,7890.71,7827.79,7854.59,5261390000,73375630000
2019-04-03,801150.SI,7817.93,7912.25,7790.09,7910.27,4843580000,65888650000
2019-04-04,801150.SI,7934.94,7957.29,7870.64,7935.34,5037430000,69623810000
2019-04-08,801150.SI,7983.76,8009.52,7821.34,7911.48,5462030000,77215730000
2019-04-09,801150.SI,7910.85,8029.11,7848.99,8020.89,4776000000,70602760000
2019-04-10,801150.SI,7990.99,8220.88,7973.77,8160.35,6395410000,90717900000
2019-04-11,801150.SI,8180.71,8222.46,7919.65,7923.12,5932600000,82104460000
2019-04-12,801150.SI,7900.23,7915.12,7777.41,7819.51,4472090000,56259440000
2019-04-15,801150.SI,7902.12,7951.55,7724.56,7726.54,3886460000,52804330000
2019-04-16,801150.SI,7716.85,7865.84,7685.25,7865.84,3908360000,51603890000
2019-04-17,801150.SI,7873.83,7920.94,7832.75,7895.24,4166040000,54553650000
2019-04-18,801150.SI,7893.68,7893.68,7829.02,7835.61,3792370000,48605630000
2019-04-19,801150.SI,7835.51,7907.44,7792.51,7883.96,3312800000,43595870000
2019-04-22,801150.SI,7892.43,7892.86,7765.50,7783.36,3698190000,50284930000
2019-04-23,801150.SI,7782.32,7815.04,7727.57,7736.51,3674230000,49101500000
2019-04-24,801150.SI,7748.71,7781.17,7657.52,7781.14,3324310000,43853200000
2019-04-25,801150.SI,7763.73,7809.51,7616.70,7618.27,3734700000,49971660000
2019-04-26,801150.SI,7593.97,7602.56,7505.92,7505.92,3104470000,44122220000
2019-04-29,801150.SI,7509.87,7628.69,7460.43,7499.56,3378340000,49538690000
2019-04-30,801150.SI,7460.81,7561.29,7460.33,7532.61,2702460000,39311490000
2019-05-06,801150.SI,7295.10,7309.29,7017.20,7069.43,3668370000,51487630000
2019-05-07,801150.SI,7093.90,7269.22,7092.96,7216.91,3189190000,44322090000
2019-05-08,801150.SI,7075.11,7292.66,7051.78,7172.40,3371960000,43662220000
2019-05-09,801150.SI,7093.10,7141.10,6980.94,6986.60,2741150000,35813170000
2019-05-10,801150.SI,7055.69,7205.13,6928.52,7205.13,3615460000,45266520000
2019-05-13,801150.SI,7121.65,7214.87,7093.47,7165.09,2720520000,34537440000
2019-05-14,801150.SI,7094.34,7186.64,7084.56,7093.86,2396710000,31696940000
2019-05-15,801150.SI,7152.26,7279.56,7138.71,7275.89,2936520000,39650890000
2019-05-16,801150.SI,7264.89,7342.02,7228.12,7342.02,3216190000,40780240000
2019-05-17,801150.SI,7332.73,7332.73,7112.56,7131.26,3468850000,42726570000
2019-05-20,801150.SI,7111.96,7113.78,6943.93,7024.14,2526480000,33050520000
2019-05-21,801150.SI,7017.54,7173.04,7011.15,7145.35,2308360000,30907170000
2019-05-22,801150.SI,7146.16,7158.18,7075.86,7103.20,2122090000,27981740000
2019-05-23,801150.SI,7088.03,7089.44,6926.39,6936.32,2106650000,26960180000
2019-05-24,801150.SI,6923.48,6974.63,6890.09,6907.89,1719370000,21641800000
2019-05-27,801150.SI,6924.68,7043.26,6874.28,7030.52,2068650000,28103760000
2019-05-28,801150.SI,7030.49,7099.90,7007.37,7065.14,2245150000,30270600000
2019-05-29,801150.SI,7023.73,7062.44,6990.85,7024.02,1795580000,22699800000
2019-05-30,801150.SI,6987.19,6987.93,6901.41,6957.44,2093620000,25920060000
2019-05-31,801150.SI,6972.49,7025.72,6960.30,6960.94,1867900000,25893390000
2019-06-03,801150.SI,6956.47,7004.34,6876.92,6889.79,2158960000,27794170000
2019-06-04,801150.SI,6882.38,6883.42,6767.46,6781.97,1763320000,23893510000
2019-06-05,801150.SI,6819.82,6833.44,6612.43,6614.75,1977780000,29750810000
2019-06-06,801150.SI,6604.42,6604.42,6473.28,6485.00,1958610000,25681910000
2019-06-10,801150.SI,6492.23,6570.29,6459.86,6539.03,1493310000,19764740000
2019-06-11,801150.SI,6547.26,6760.42,6546.72,6757.84,2218760000,29035950000
2019-06-12,801150.SI,6744.96,6756.62,6706.37,6721.12,2085050000,22658000000
2019-06-13,801150.SI,6726.30,6772.38,6675.60,6757.74,1800750000,20706180000
2019-06-14,801150.SI,6766.96,6809.13,6689.52,6698.94,1920720000,23886850000
2019-06-17,801150.SI,6738.79,6803.42,6713.85,6733.63,1928010000,24739940000
2019-06-18,801150.SI,6749.17,6774.97,6707.47,6765.82,1995450000,23571770000
2019-06-19,801150.SI,6889.61,6919.43,6857.62,6858.62,2543790000,30891030000
2019-06-20,801150.SI,6857.66,7008.47,6841.65,6981.06,2912430000,35967790000
2019-06-21,801150.SI,7018.94,7065.97,7007.90,7033.76,2894940000,36616260000
2019-06-24,801150.SI,7042.78,7055.13,7011.18,7045.06,2205310000,28845290000
2019-06-25,801150.SI,7043.67,7052.72,6911.78,6994.10,2193450000,28126380000
2019-06-26,801150.SI,6985.88,7097.76,6971.49,7091.55,1859740000,26606470000
2019-06-27,801150.SI,7103.10,7171.87,7102.08,7153.40,2102100000,29219320000
2019-06-28,801150.SI,7158.00,7158.05,7055.13,7089.43,2088080000,26759510000
2019-07-01,801150.SI,7203.35,7295.14,7190.16,7295.14,2531080000,37047330000
2019-07-02,801150.SI,7292.39,7390.38,7269.83,7382.11,2364390000,36445920000
2019-07-03,801150.SI,7366.64,7367.12,7262.05,7285.12,2122410000,32225890000
2019-07-04,801150.SI,7293.74,7309.49,7165.14,7193.00,1705410000,27491340000
2019-07-05,801150.SI,7211.26,7296.83,7208.77,7283.64,1956180000,28174310000
2019-07-08,801150.SI,7255.96,7256.33,7051.02,7103.61,2451130000,32681450000
2019-07-09,801150.SI,7096.69,7129.20,7068.01,7109.97,1716970000,23078010000
2019-07-10,801150.SI,7135.41,7155.53,7096.16,7111.43,1755810000,25010070000
2019-07-11,801150.SI,7138.83,7192.24,7109.07,7135.78,1981720000,27767300000
2019-07-12,801150.SI,7141.80,7192.83,7134.06,7168.39,2082600000,28561350000
2019-07-15,801150.SI,7152.28,7218.20,7072.09,7193.57,2502660000,34325340000
2019-07-16,801150.SI,7191.01,7241.91,7156.44,7175.81,2222580000,31472300000
2019-07-17,801150.SI,7163.64,7181.82,7135.16,7144.67,2072970000,28507800000
2019-07-18,801150.SI,7121.31,7121.82,7033.11,7033.11,1910450000,25408970000
2019-07-19,801150.SI,7058.49,7113.32,7041.75,7045.82,1633320000,23304970000
2019-07-22,801150.SI,7048.06,7053.18,6931.05,6948.51,1886710000,25088870000
2019-07-23,801150.SI,6952.35,7001.04,6949.81,6998.79,1409640000,20514470000
2019-07-24,801150.SI,7013.13,7092.01,7013.05,7055.13,1534260000,22189260000
2019-07-25,801150.SI,7058.50,7081.76,7043.28,7075.15,1411550000,20756300000
2019-07-26,801150.SI,7060.93,7128.08,7049.82,7124.20,1692890000,23749290000
2019-07-29,801150.SI,7119.36,7119.38,7066.22,7081.41,1418490000,20460070000
2019-07-30,801150.SI,7084.22,7143.82,7084.22,7121.99,1694240000,23030030000
2019-07-31,801150.SI,7109.72,7111.69,7067.71,7079.39,1607810000,21979910000
2019-08-01,801150.SI,7046.25,7054.47,7009.17,7027.42,1609310000,22480830000
2019-08-02,801150.SI,6899.84,6965.12,6885.31,6955.51,1860150000,25082730000
2019-08-05,801150.SI,6936.12,6958.93,6831.37,6831.37,1685090000,23981670000
2019-08-06,801150.SI,6719.52,6761.98,6634.04,6741.94,2255410000,27992660000
2019-08-07,801150.SI,6775.23,6814.55,6752.52,6774.58,1414590000,20157260000
2019-08-08,801150.SI,6797.51,6878.20,6796.67,6874.53,1434530000,20798590000
2019-08-09,801150.SI,6907.37,6953.06,6846.52,6857.20,1620000000,24486050000
2019-08-12,801150.SI,6862.13,6951.71,6850.77,6951.71,1464160000,21141890000
2019-08-13,801150.SI,6905.36,6960.82,6900.25,6953.61,1590700000,22787560000
2019-08-14,801150.SI,7011.90,7079.78,6995.56,7056.00,1889470000,30045090000
2019-08-15,801150.SI,6937.60,7110.64,6933.68,7110.64,2313250000,32708020000
2019-08-16,801150.SI,7110.56,7215.30,7104.80,7171.34,2397310000,35501910000
2019-08-19,801150.SI,7223.69,7337.64,7223.36,7337.64,2807120000,42345070000
2019-08-20,801150.SI,7336.58,7359.52,7312.43,7337.67,2634220000,39173800000
2019-08-21,801150.SI,7329.74,7335.76,7276.69,7303.51,2625870000,34279020000
2019-08-22,801150.SI,7329.87,7353.30,7298.09,7353.30,2471360000,34248260000
2019-08-23,801150.SI,7359.12,7553.78,7337.13,7529.49,3482780000,49460690000
2019-08-26,801150.SI,7417.03,7624.43,7417.03,7569.63,3819910000,51433660000
2019-08-27,801150.SI,7618.19,7740.08,7617.87,7670.67,4220660000,55577410000
2019-08-28,801150.SI,7673.54,7673.74,7554.73,7576.24,3777300000,48079250000
2019-08-29,801150.SI,7566.94,7594.44,7528.09,7571.28,3055430000,38895180000
2019-08-30,801150.SI,7603.41,7649.22,7516.18,7549.85,3107550000,42519350000
2019-09-02,801150.SI,7558.40,7672.12,7553.64,7672.12,2773870000,41022150000
2019-09-03,801150.SI,7677.60,7677.66,7594.18,7626.26,2679660000,38777090000
2019-09-04,801150.SI,7621.44,7645.81,7552.58,7622.21,2659560000,38145230000
2019-09-05,801150.SI,7649.50,7692.31,7638.83,7645.56,3373210000,48395090000
2019-09-06,801150.SI,7667.58,7697.79,7618.01,7697.79,2839660000,40374460000
2019-09-09,801150.SI,7742.31,7752.72,7678.53,7752.72,3091750000,44601090000
2019-09-10,801150.SI,7761.82,7856.77,7722.13,7845.68,4053390000,52833740000
2019-09-11,801150.SI,7861.58,7875.15,7707.36,7714.28,3581900000,48579420000
2019-09-12,801150.SI,7727.08,7754.22,7673.11,7736.77,2722640000,35922200000
2019-09-16,801150.SI,7756.07,7775.13,7734.73,7756.98,2813990000,37447040000
2019-09-17,801150.SI,7748.38,7756.35,7617.19,7636.65,2852450000,36804220000
2019-09-18,801150.SI,7646.46,7716.11,7646.32,7700.08,2164080000,32522180000
2019-09-19,801150.SI,7722.39,7755.81,7684.06,7755.81,2271810000,33347480000
2019-09-20,801150.SI,7768.21,7835.20,7757.57,7814.28,2554960000,37213260000
2019-09-23,801150.SI,7806.10,7806.22,7659.70,7694.09,2306310000,32732540000
2019-09-24,801150.SI,7711.19,7828.86,7711.05,7774.87,2680470000,42874750000
2019-09-25,801150.SI,7746.43,7747.84,7679.28,7681.35,2658130000,39590520000
2019-09-26,801150.SI,7704.38,7716.26,7538.07,7541.07,2415630000,36418400000
2019-09-27,801150.SI,7542.22,7598.23,7487.94,7573.14,1672640000,25325660000
2019-09-30,801150.SI,7569.61,7612.28,7537.60,7540.34,1506490000,23223390000
2019-10-08,801150.SI,7529.64,7651.94,7529.30,7579.59,1993010000,29779440000
2019-10-09,801150.SI,7564.40,7568.55,7479.64,7568.55,1753160000,27257340000
2019-10-10,801150.SI,7595.22,7780.73,7585.67,7775.35,1921600000,34034760000
2019-10-11,801150.SI,7800.19,7825.49,7769.23,7808.62,2213020000,33158550000
2019-10-14,801150.SI,7865.63,7901.58,7859.97,7874.39,2295950000,37218620000
2019-10-15,801150.SI,7866.19,7917.57,7847.72,7861.76,2247630000,34662410000
2019-10-16,801150.SI,7877.32,7947.86,7877.32,7901.40,2301360000,40387160000
2019-10-17,801150.SI,7917.23,7953.93,7857.32,7902.56,1906140000,33311120000
2019-10-18,801150.SI,7918.83,7980.20,7849.39,7866.70,2239030000,37643220000
2019-10-21,801150.SI,7858.60,7878.10,7699.16,7756.87,2049880000,36778330000
2019-10-22,801150.SI,7779.63,7866.11,7769.45,7864.96,1971240000,31532940000
2019-10-23,801150.SI,7866.69,7879.56,7734.17,7745.41,2368330000,33806660000
2019-10-24,801150.SI,7760.26,7760.41,7647.63,7694.31,2087580000,30390400000
2019-10-25,801150.SI,7717.85,7793.86,7694.17,7785.12,2247330000,34660320000
2019-10-28,801150.SI,7796.18,7900.36,7796.18,7899.99,2729000000,41046870000
2019-10-29,801150.SI,7892.23,7951.44,7875.90,7903.26,2622780000,40374660000
2019-10-30,801150.SI,7897.91,7897.93,7816.20,7834.34,2239620000,36928630000
2019-10-31,801150.SI,7860.52,7946.68,7853.09,7892.19,2420860000,39725020000
2019-11-01,801150.SI,7890.69,7995.04,7874.93,7995.04,2247600000,38025720000
2019-11-04,801150.SI,8031.87,8116.73,8031.73,8103.79,2531250000,43388430000
2019-11-05,801150.SI,8113.05,8130.93,8064.97,8110.73,2265550000,37424500000
2019-11-06,801150.SI,8112.88,8118.75,8047.90,8063.35,2316940000,35070480000
2019-11-07,801150.SI,8070.99,8163.14,8065.00,8139.53,2307410000,35987120000
2019-11-08,801150.SI,8193.70,8204.58,8106.34,8114.34,2193800000,35402700000
2019-11-11,801150.SI,8076.17,8076.69,7907.39,7924.23,2247850000,35498690000
2019-11-12,801150.SI,7935.96,7953.26,7870.04,7953.26,2068650000,30934180000
2019-11-13,801150.SI,7959.62,8065.08,7944.06,8031.73,2120710000,37077920000
2019-11-14,801150.SI,8034.58,8128.17,8034.54,8115.23,2130970000,34686900000
2019-11-15,801150.SI,8119.07,8133.27,8046.42,8046.42,2271900000,35820360000
2019-11-18,801150.SI,8050.68,8094.52,8036.14,8093.01,2020250000,34506540000
2019-11-19,801150.SI,8093.32,8247.54,8086.33,8247.54,2021870000,37233030000
2019-11-20,801150.SI,8241.10,8306.46,8220.07,8238.63,2275780000,38379930000
2019-11-21,801150.SI,8223.91,8224.19,8110.55,8139.00,2036310000,35951640000
2019-11-22,801150.SI,8160.83,8168.75,7827.38,7886.74,2462630000,49868770000
2019-11-25,801150.SI,7884.51,7902.81,7725.47,7815.83,1895600000,36569700000
2019-11-26,801150.SI,7846.12,7874.38,7807.43,7859.91,1753360000,33870560000
2019-11-27,801150.SI,7837.27,7848.20,7769.06,7811.63,1506410000,27825230000
2019-11-28,801150.SI,7824.52,7842.45,7790.77,7825.97,1539180000,26260440000
2019-11-29,801150.SI,7819.43,7819.43,7595.82,7683.33,1883440000,38266200000
2019-12-02,801150.SI,7641.47,7641.78,7598.29,7598.29,1700380000,30784120000
2019-12-03,801150.SI,7582.46,7601.88,7480.65,7599.43,1741650000,31659040000
2019-12-04,801150.SI,7577.46,7654.39,7577.46,7634.82,1426430000,25594160000
2019-12-05,801150.SI,7658.84,7742.47,7658.62,7722.43,1654480000,28531150000
2019-12-06,801150.SI,7733.87,7774.75,7709.18,7774.75,1510060000,25595070000
2019-12-09,801150.SI,7787.28,7788.31,7631.30,7655.81,1774530000,33009600000
2019-12-10,801150.SI,7634.85,7713.23,7625.75,7713.23,1742320000,28621330000
2019-12-11,801150.SI,7720.74,7720.94,7666.64,7691.56,1710510000,26572350000
2019-12-12,801150.SI,7704.47,7704.61,7666.67,7683.95,1731800000,28081100000
2019-12-13,801150.SI,7727.78,7823.48,7724.21,7810.14,2049600000,36550550000
2019-12-16,801150.SI,7836.59,7867.20,7788.46,7867.20,2482830000,39788270000
2019-12-17,801150.SI,7862.70,7949.23,7831.93,7937.41,2961840000,43749970000
2019-12-18,801150.SI,7933.03,7933.03,7839.22,7858.94,2500380000,39028750000
2019-12-19,801150.SI,7865.60,7898.93,7845.61,7895.90,2721300000,35776290000
2019-12-20,801150.SI,7904.81,7915.09,7821.72,7821.72,2636240000,35654880000
2019-12-23,801150.SI,7807.55,7863.00,7734.54,7745.28,2293440000,31911500000
2019-12-24,801150.SI,7748.37,7784.50,7740.30,7784.18,1877560000,27441150000
2019-12-25,801150.SI,7773.64,7783.84,7747.36,7782.93,2098240000,30554380000
2019-12-26,801150.SI,7787.14,7839.20,7783.64,7839.20,2068700000,30056150000
2019-12-27,801150.SI,7837.67,7863.60,7781.80,7784.67,2246770000,34301530000
2019-12-30,801150.SI,7766.54,7816.17,7701.93,7816.17,2122860000,31844820000
2019-12-31,801150.SI,7820.68,8021.26,7820.68,7993.15,3618710000,49595030000
2020-01-02,801150.SI,8025.76,8026.85,7949.56,8015.29,3815810000,52251380000
2020-01-03,801150.SI,8027.46,8033.18,7962.41,7988.10,2963940000,44600510000
2020-01-06,801150.SI,7950.98,8000.80,7908.50,7940.18,3224640000,49466190000
2020-01-07,801150.SI,7945.51,8064.95,7945.45,8064.95,2983070000,44293550000
2020-01-08,801150.SI,8019.65,8041.59,7954.16,7970.40,2866130000,39580870000
2020-01-09,801150.SI,8030.52,8185.27,8030.10,8181.87,2816260000,47442480000
2020-01-10,801150.SI,8208.71,8233.37,8188.15,8211.10,2589070000,42613140000
2020-01-13,801150.SI,8230.50,8273.13,8160.82,8273.13,2513110000,42169850000
2020-01-14,801150.SI,8282.47,8286.62,8222.02,8228.22,2714810000,42729990000
2020-01-15,801150.SI,8228.75,8304.00,8216.39,8257.31,2471750000,38960410000
2020-01-16,801150.SI,8269.09,8278.57,8195.99,8269.20,2297430000,38829830000
2020-01-17,801150.SI,8288.51,8379.24,8268.72,8339.53,2657650000,47241720000
2020-01-20,801150.SI,8450.52,8498.36,8366.31,8493.95,4081140000,65189630000
2020-01-21,801150.SI,8577.25,8683.57,8559.11,8652.69,6753340000,92212180000
2020-01-22,801150.SI,8690.63,8690.63,8492.90,8527.23,6032730000,77231270000
2020-01-23,801150.SI,8524.91,8607.30,8280.20,8366.66,5960700000,81542560000
2020-02-03,801150.SI,7974.39,8254.98,7974.39,8070.94,6907620000,102864570000
2020-02-04,801150.SI,8118.62,8401.62,8065.68,8370.50,8562250000,114636610000
2020-02-05,801150.SI,8449.64,8735.29,8405.75,8733.44,9391430000,132238410000
2020-02-06,801150.SI,8793.78,9139.94,8752.51,9035.57,10519820000,156992550000
2020-02-07,801150.SI,9098.19,9162.45,8789.27,8866.74,10772430000,148852700000
2020-02-10,801150.SI,8870.00,8870.00,8649.31,8753.59,7074860000,103230880000
2020-02-11,801150.SI,8709.62,8750.16,8617.25,8730.98,5176040000,75862460000
2020-02-12,801150.SI,8719.47,8833.66,8707.06,8819.08,5742350000,82912760000
2020-02-13,801150.SI,8822.31,8822.31,8634.37,8692.62,5829390000,81677630000
2020-02-14,801150.SI,8736.70,8786.18,8655.34,8711.97,4988790000,74503540000
2020-02-17,801150.SI,8744.40,8898.00,8744.34,8893.88,4951820000,77430940000
2020-02-18,801150.SI,8935.62,8946.84,8828.54,8894.77,5813100000,87274030000
2020-02-19,801150.SI,8868.71,8868.72,8703.81,8703.81,5121510000,76044660000
2020-02-20,801150.SI,8712.05,8788.81,8683.73,8781.93,4651260000,69437990000
2020-02-21,801150.SI,8764.92,8867.74,8719.81,8854.99,4975010000,74423830000
2020-02-24,801150.SI,8889.43,8960.04,8844.99,8939.76,5520630000,86176400000
2020-02-25,801150.SI,8838.57,9098.40,8816.78,9067.88,7676780000,111125340000
2020-02-26,801150.SI,8990.47,8990.94,8775.11,8789.34,6187910000,92004050000
2020-02-27,801150.SI,8822.76,8884.76,8754.56,8819.36,4281070000,66733110000
2020-02-28,801150.SI,8650.64,8781.18,8555.51,8562.50,5306170000,81612010000
2020-03-02,801150.SI,8637.84,8777.63,8596.07,8751.12,4515720000,70376110000
2020-03-03,801150.SI,8877.70,9049.51,8877.68,8955.83,5387810000,88285860000
2020-03-04,801150.SI,8929.74,8940.68,8834.04,8940.68,4032720000,64244490000
2020-03-05,801150.SI,9023.92,9129.44,9011.05,9129.44,4531520000,77389590000
2020-03-06,801150.SI,9093.31,9283.13,9093.31,9191.86,4909190000,76007110000
2020-03-09,801150.SI,9131.58,9189.34,9060.78,9061.28,6618580000,97295450000
2020-03-10,801150.SI,8962.50,9064.63,8775.79,9034.28,6264290000,91802890000
2020-03-11,801150.SI,9060.49,9076.17,8937.99,8937.99,4813310000,71805840000
2020-03-12,801150.SI,8874.95,8874.99,8640.44,8683.03,4798970000,77410530000
2020-03-13,801150.SI,8231.81,8595.87,8227.68,8496.92,4987250000,80479420000
2020-03-16,801150.SI,8581.22,8650.44,8241.50,8264.70,5426750000,84937120000
2020-03-17,801150.SI,8298.44,8385.18,7947.71,8216.27,4882330000,74916090000
2020-03-18,801150.SI,8302.27,8432.51,8142.10,8142.10,4340210000,72007300000
2020-03-19,801150.SI,8141.52,8190.40,7866.51,8032.36,4442890000,72514300000
2020-03-20,801150.SI,8124.90,8265.63,8095.93,8248.62,4053960000,66191650000
2020-03-23,801150.SI,8119.23,8295.75,8110.91,8120.65,4700480000,73112230000
2020-03-24,801150.SI,8231.51,8279.34,8109.00,8276.23,4327450000,67099240000
2020-03-25,801150.SI,8437.48,8579.42,8384.09,8568.27,4661570000,74119790000
2020-03-26,801150.SI,8533.88,8767.61,8500.67,8751.72,5473070000,87733980000
2020-03-27,801150.SI,8862.54,8899.04,8706.59,8711.51,4508440000,80927760000
2020-03-30,801150.SI,8662.78,8770.94,8559.62,8595.36,4323200000,75403590000
2020-03-31,801150.SI,8625.17,8676.71,8582.35,8663.89,3574580000,63501710000
2020-04-01,801150.SI,8637.33,8651.07,8522.33,8526.48,3527570000,59301260000
2020-04-02,801150.SI,8510.63,8636.28,8443.67,8636.28,3303500000,56430810000
2020-04-03,801150.SI,8634.38,8789.46,8634.38,8725.89,3775570000,65445400000
2020-04-07,801150.SI,8834.14,8982.61,8794.33,8977.88,4677920000,78912900000
2020-04-08,801150.SI,8936.59,9032.70,8870.22,8974.75,5070940000,78154910000
2020-04-09,801150.SI,9008.55,9247.75,8990.19,9217.58,5347830000,87750690000
2020-04-10,801150.SI,9201.99,9343.88,9071.87,9085.21,5508980000,85796100000
2020-04-13,801150.SI,9075.68,9228.78,9058.45,9152.29,4668230000,70114160000
2020-04-14,801150.SI,9192.21,9314.45,9054.74,9311.30,5042910000,81009510000
2020-04-15,801150.SI,9297.15,9445.60,9292.43,9339.69,6468160000,94841440000
2020-04-16,801150.SI,9296.25,9469.19,9264.41,9409.34,6454550000,95977090000
2020-04-17,801150.SI,9444.97,9468.07,9286.53,9303.15,5874770000,97682090000
2020-04-20,801150.SI,9335.59,9465.80,9335.59,9448.86,5009050000,84447170000
2020-04-21,801150.SI,9450.71,9454.28,9295.54,9365.59,5231290000,87236600000
2020-04-22,801150.SI,9313.24,9474.26,9241.34,9474.26,4638990000,77764070000
2020-04-23,801150.SI,9537.67,9666.90,9486.62,9510.18,5757480000,99393770000
2020-04-24,801150.SI,9505.39,9506.03,9252.12,9279.64,5283210000,84907680000
2020-04-27,801150.SI,9303.92,9421.08,9158.77,9359.92,3917500000,73057750000
2020-04-28,801150.SI,9355.36,9401.32,9113.54,9312.55,4318140000,73059870000
2020-04-29,801150.SI,9283.69,9372.79,9175.11,9191.99,3345690000,61107490000
2020-04-30,801150.SI,9199.79,9199.79,9103.82,9134.60,3394140000,65925650000
2020-05-06,801150.SI,9074.60,9316.96,9055.50,9316.96,3396990000,64741220000
2020-05-07,801150.SI,9316.02,9363.06,9281.95,9346.98,3408220000,60185710000
2020-05-08,801150.SI,9374.06,9441.99,9353.48,9405.98,3186830000,57507390000
2020-05-11,801150.SI,9457.06,9471.29,9284.72,9324.95,3407840000,64773600000
2020-05-12,801150.SI,9328.06,9445.86,9314.08,9445.58,3134940000,62689950000
2020-05-13,801150.SI,9452.60,9592.80,9421.49,9588.41,3223650000,67043950000
2020-05-14,801150.SI,9550.77,9565.31,9507.34,9507.92,3188850000,61161230000
2020-05-15,801150.SI,9538.44,9569.10,9407.08,9453.66,2731230000,57702920000
2020-05-18,801150.SI,9455.39,9618.39,9455.39,9561.44,3108070000,63656460000
2020-05-19,801150.SI,9649.73,9704.93,9573.19,9639.56,2719610000,57595330000
2020-05-20,801150.SI,9638.80,9672.17,9493.04,9523.60,2999620000,61124910000
2020-05-21,801150.SI,9562.39,9722.65,9551.55,9595.75,3177260000,66480880000
2020-05-22,801150.SI,9600.04,9600.15,9316.95,9351.10,3108130000,60400140000
2020-05-25,801150.SI,9372.06,9477.41,9335.80,9470.77,2562220000,49828270000
2020-05-26,801150.SI,9517.86,9686.60,9487.53,9685.61,2935170000,57985120000
2020-05-27,801150.SI,9697.30,9697.30,9486.44,9513.30,3025100000,58577320000
2020-05-28,801150.SI,9511.94,9515.59,9283.61,9403.80,3003480000,56524550000
2020-05-29,801150.SI,9387.04,9610.55,9375.93,9593.55,3031450000,62407810000
2020-06-01,801150.SI,9655.36,9786.83,9647.56,9775.06,3455810000,71213430000
2020-06-02,801150.SI,9769.98,9769.98,9631.57,9673.40,3183530000,62841460000
2020-06-03,801150.SI,9709.06,9821.08,9705.27,9751.20,4110220000,74540650000
2020-06-04,801150.SI,9764.68,9831.42,9715.03,9823.76,3382470000,63132570000
2020-06-05,801150.SI,9826.79,9897.63,9787.69,9896.02,2937280000,58900100000
2020-06-08,801150.SI,9944.67,9944.67,9792.58,9821.24,3091450000,66030220000
2020-06-09,801150.SI,9822.86,9999.47,9811.94,9999.47,3301480000,71273280000
2020-06-10,801150.SI,10006.57,10186.74,10002.20,10161.18,3673630000,77106220000
2020-06-11,801150.SI,10160.12,10211.77,10042.75,10097.67,3673130000,76811270000
2020-06-12,801150.SI,9931.29,10293.17,9931.29,10249.66,4036800000,85745270000
2020-06-15,801150.SI,10369.85,10470.48,10357.12,10395.89,5749230000,106119140000
2020-06-16,801150.SI,10455.68,10595.92,10381.13,10595.92,5006870000,99912960000
2020-06-17,801150.SI,10635.04,10891.55,10635.04,10848.37,6805280000,125688540000
2020-06-18,801150.SI,10853.82,10853.88,10528.23,10603.36,5780070000,118185230000
2020-06-19,801150.SI,10600.98,10832.58,10572.22,10817.25,4530970000,96110990000
2020-06-22,801150.SI,10833.31,10927.91,10771.42,10840.16,4123240000,89590650000
2020-06-23,801150.SI,10841.59,11028.52,10798.81,11028.52,3732350000,88235000000
2020-06-24,801150.SI,11027.72,11075.85,10839.84,10935.35,3608110000,87500520000
2020-06-29,801150.SI,10945.30,11039.33,10941.00,11039.33,3919290000,90286600000
2020-06-30,801150.SI,11078.08,11252.23,11042.12,11212.87,4232240000,98037050000
2020-07-01,801150.SI,11239.85,11239.88,10946.97,11073.75,4450900000,105569110000
2020-07-02,801150.SI,11073.49,11161.21,10975.69,11029.26,4701120000,110069800000
2020-07-03,801150.SI,11010.16,11168.60,10909.05,11168.60,4991280000,112685290000
2020-07-06,801150.SI,11170.48,11259.99,11071.33,11247.95,6710710000,141340640000
2020-07-07,801150.SI,11224.37,11599.40,11141.01,11495.44,7261790000,151362570000
2020-07-08,801150.SI,11521.01,11567.20,11411.25,11548.54,6171320000,124917260000
2020-07-09,801150.SI,11543.04,11983.75,11539.49,11952.57,7674950000,154194810000
2020-07-10,801150.SI,11953.40,12226.98,11938.80,12112.54,7699790000,152819060000
2020-07-13,801150.SI,12184.45,12568.16,12184.45,12568.16,7772090000,164253130000
2020-07-14,801150.SI,12620.34,12671.29,12268.35,12512.35,7925450000,171758140000
2020-07-15,801150.SI,12551.48,12914.90,12527.90,12605.97,7590150000,175274080000
2020-07-16,801150.SI,12607.82,12607.94,11751.79,11769.07,7028140000,164754550000
2020-07-17,801150.SI,11742.65,12079.88,11693.84,11912.48,4720270000,117533430000
2020-07-20,801150.SI,12011.51,12049.30,11629.49,11914.94,4614430000,114350630000
2020-07-21,801150.SI,11930.73,12328.84,11901.38,12305.56,4814020000,117940150000
2020-07-22,801150.SI,12257.45,12578.50,12204.78,12459.04,4830020000,120710770000
2020-07-23,801150.SI,12358.52,12753.43,12349.49,12753.43,6260840000,153136980000
2020-07-24,801150.SI,12661.50,12661.53,11953.06,12007.92,6678690000,169251220000
2020-07-27,801150.SI,12056.72,12269.97,12056.54,12178.03,4548850000,116698630000
2020-07-28,801150.SI,12260.42,12270.68,11999.52,12213.07,4411780000,115535170000
2020-07-29,801150.SI,12165.01,12669.28,12165.01,12666.26,5800250000,139718450000
2020-07-30,801150.SI,12746.39,13076.00,12689.63,12753.17,7595580000,174661230000
2020-07-31,801150.SI,12708.27,12975.60,12596.67,12964.33,7257900000,166439790000
2020-08-03,801150.SI,13072.13,13270.76,12930.70,13268.01,7720220000,183416230000
2020-08-04,801150.SI,13256.68,13486.76,13087.08,13144.87,7940530000,201919190000
2020-08-05,801150.SI,12987.80,13367.27,12890.96,13323.42,6160920000,153983020000
2020-08-06,801150.SI,13344.14,13472.71,12919.06,13042.17,6217790000,165081790000
2020-08-07,801150.SI,13065.54,13171.67,12610.53,12876.04,6374830000,159534340000
2020-08-10,801150.SI,12826.77,12953.13,12570.42,12855.04,5391660000,134359910000
2020-08-11,801150.SI,12846.14,13009.44,12638.51,12648.30,5102200000,122476150000
2020-08-12,801150.SI,12635.12,12665.58,12044.68,12266.42,4861630000,125558040000
2020-08-13,801150.SI,12315.23,12315.23,12069.64,12101.58,3850490000,96688220000
2020-08-14,801150.SI,12091.69,12227.82,11923.43,12175.98,3389530000,85216630000
2020-08-17,801150.SI,12212.79,12342.95,12122.25,12342.95,3859710000,94702250000
2020-08-18,801150.SI,12361.51,12551.97,12361.51,12494.51,3958220000,99564770000
2020-08-19,801150.SI,12489.97,12489.97,12149.98,12149.98,4182870000,105689870000
2020-08-20,801150.SI,12075.94,12199.62,11970.07,12074.16,3307680000,80021140000
2020-08-21,801150.SI,12161.66,12267.25,12095.64,12177.86,3102400000,76980330000
2020-08-24,801150.SI,12240.98,12260.53,11955.56,12226.82,3215890000,83181990000
2020-08-25,801150.SI,12250.42,12346.87,12220.92,12253.95,3429840000,77818390000
2020-08-26,801150.SI,12262.22,12454.45,12135.53,12176.17,4010690000,96112860000
2020-08-27,801150.SI,12186.74,12307.69,12096.37,12307.69,3397520000,78743640000
2020-08-28,801150.SI,12314.94,12681.22,12283.67,12670.42,4226220000,105300090000
2020-08-31,801150.SI,12725.34,12779.43,12605.46,12605.46,3925930000,99677610000
2020-09-01,801150.SI,12587.11,12657.00,12527.47,12608.34,2982420000,76153590000
2020-09-02,801150.SI,12646.33,12668.20,12502.20,12646.75,3922320000,84716980000
2020-09-03,801150.SI,12646.58,12901.12,12563.58,12614.17,4991670000,103461940000
2020-09-04,801150.SI,12386.63,12448.11,12258.42,12420.20,4125710000,89430600000
2020-09-07,801150.SI,12393.81,12453.87,12000.24,12014.10,4626880000,98060230000
2020-09-08,801150.SI,12052.86,12112.60,11901.60,12045.82,4034340000,76955560000
2020-09-09,801150.SI,11885.59,11885.66,11470.31,11526.67,4723600000,92496640000
2020-09-10,801150.SI,11658.26,11762.37,11410.52,11431.37,4082720000,76331140000
2020-09-11,801150.SI,11394.11,11659.82,11394.11,11656.73,3100660000,63574450000
2020-09-14,801150.SI,11759.93,11783.62,11525.21,11596.01,3413400000,77274900000
2020-09-15,801150.SI,11606.28,11736.16,11484.71,11733.15,2879850000,67126280000
2020-09-16,801150.SI,11737.27,11787.39,11468.66,11520.96,2824300000,64767520000
2020-09-17,801150.SI,11492.44,11492.46,11257.92,11362.96,2695830000,63561250000
2020-09-18,801150.SI,11373.18,11519.86,11283.62,11519.86,2846290000,62943490000
2020-09-21,801150.SI,11533.60,11573.26,11431.78,11459.39,2618910000,57462900000
2020-09-22,801150.SI,11409.98,11657.99,11409.98,11483.80,3545820000,78269720000
2020-09-23,801150.SI,11512.72,11862.39,11452.46,11785.17,3707400000,95961580000
2020-09-24,801150.SI,11707.45,11725.49,11546.29,11573.94,3283260000,79192400000
2020-09-25,801150.SI,11608.09,11763.77,11533.55,11578.50,2874290000,72650740000
2020-09-28,801150.SI,11615.82,11615.82,11352.59,11363.13,2696750000,62193400000
2020-09-29,801150.SI,11396.74,11520.77,11259.77,11458.24,2449990000,60326390000
2020-09-30,801150.SI,11513.14,11662.83,11475.16,11541.14,2349300000,59121880000
2020-10-09,801150.SI,11728.55,11892.55,11728.18,11871.21,2955370000,76165520000
2020-10-12,801150.SI,11962.61,12227.19,11959.44,12227.19,3722950000,95990200000
2020-10-13,801150.SI,12229.42,12385.51,12179.11,12357.41,3465160000,93811950000
2020-10-14,801150.SI,12333.20,12436.10,12283.17,12310.71,3460070000,93769320000
2020-10-15,801150.SI,12297.76,12297.76,12131.95,12177.02,2896860000,74998480000
2020-10-16,801150.SI,12179.02,12262.26,12061.19,12254.87,3335070000,78214340000
2020-10-19,801150.SI,12311.50,12311.50,11937.59,11963.46,3495590000,84852460000
2020-10-20,801150.SI,11939.47,12076.36,11858.23,12075.75,2623500000,65334920000
2020-10-21,801150.SI,12115.95,12227.10,12006.37,12026.04,2978150000,80594000000
2020-10-22,801150.SI,11980.59,11980.94,11748.51,11847.67,2642290000,68032480000
2020-10-23,801150.SI,11858.91,11923.66,11448.39,11490.44,2602440000,72609280000
2020-10-26,801150.SI,11424.38,11610.70,11304.22,11586.49,2135320000,57640920000
2020-10-27,801150.SI,11583.19,11828.67,11566.76,11813.02,2588090000,66848640000
2020-10-28,801150.SI,11837.64,11871.75,11702.90,11844.27,2613930000,66086890000
2020-10-29,801150.SI,11747.89,12123.40,11747.89,12076.86,3348930000,90603550000
2020-10-30,801150.SI,12093.10,12101.93,11769.65,11810.92,3320980000,80947920000
2020-11-02,801150.SI,11816.11,11854.18,11638.83,11720.57,2991730000,74738790000
2020-11-03,801150.SI,11755.72,11893.35,11676.35,11883.35,2610110000,63444700000
2020-11-04,801150.SI,11881.69,11919.78,11796.28,11885.53,2556500000,62845950000
2020-11-05,801150.SI,11969.44,12013.14,11821.20,11930.09,2930080000,72427290000
2020-11-06,801150.SI,11945.53,11945.53,11532.38,11650.76,3114400000,83903310000
2020-11-09,801150.SI,11688.42,11941.27,11679.29,11887.02,3562570000,87610550000
2020-11-10,801150.SI,11951.48,11971.80,11683.93,11727.24,3489410000,93674530000
2020-11-11,801150.SI,11686.15,11686.17,11446.41,11457.72,2864350000,81285410000
2020-11-12,801150.SI,11498.19,11628.73,11498.19,11544.72,2331890000,63680490000
2020-11-13,801150.SI,11512.45,11519.84,11433.37,11507.51,2122860000,55684530000
2020-11-16,801150.SI,11559.65,11605.73,11460.80,11605.73,2445870000,60806020000
2020-11-17,801150.SI,11574.80,11574.83,11288.17,11344.42,2576050000,69614950000
2020-11-18,801150.SI,11357.52,11423.38,11184.82,11211.19,2488000000,64245830000
2020-11-19,801150.SI,11192.48,11301.10,11110.99,11284.71,2198770000,54548280000
2020-11-20,801150.SI,11298.00,11384.32,11298.00,11343.35,2115420000,51093900000
2020-11-23,801150.SI,11380.03,11380.23,11255.05,11329.21,2680850000,63980290000
2020-11-24,801150.SI,11316.24,11316.38,11185.24,11233.26,2251810000,52116160000
2020-11-25,801150.SI,11228.34,11228.34,10998.51,10998.51,2652030000,68047560000
2020-11-26,801150.SI,11008.39,11088.16,10899.26,10960.81,2033540000,49803770000
2020-11-27,801150.SI,10976.38,11060.79,10888.15,11012.48,1885310000,43692500000
2020-11-30,801150.SI,11019.63,11095.82,10891.16,11027.79,2311040000,59613880000
2020-12-01,801150.SI,11038.83,11306.80,11038.83,11300.21,2512700000,69303540000
2020-12-02,801150.SI,11318.05,11324.77,11204.16,11289.27,2123120000,54321610000
2020-12-03,801150.SI,11299.56,11601.29,11299.55,11537.74,3069070000,80656330000
2020-12-04,801150.SI,11518.21,11673.64,11511.07,11671.55,2573910000,67555750000
2020-12-07,801150.SI,11597.71,11634.43,11518.74,11567.38,2836200000,72762070000
2020-12-08,801150.SI,11585.48,11628.57,11537.77,11551.50,2197410000,57017160000
2020-12-09,801150.SI,11577.86,11596.53,11391.97,11392.18,2512720000,64835060000
2020-12-10,801150.SI,11349.12,11528.83,11318.54,11509.43,2429250000,66742840000
2020-12-11,801150.SI,11534.48,11575.50,11351.76,11422.07,3195680000,83796680000
2020-12-14,801150.SI,11417.40,11554.01,11341.58,11553.59,2506440000,64994440000
2020-12-15,801150.SI,11536.44,11822.14,11536.43,11742.54,2744260000,79561440000
2020-12-16,801150.SI,11754.00,11791.52,11639.81,11750.59,2510630000,66713330000
2020-12-17,801150.SI,11853.96,12051.17,11853.94,11994.25,3100540000,91635350000
2020-12-18,801150.SI,11995.61,12012.27,11877.82,11907.55,2753790000,73806920000
2020-12-21,801150.SI,11911.31,12070.81,11835.79,12060.56,2727760000,74584920000
2020-12-22,801150.SI,12060.92,12238.13,11992.72,12005.29,3951170000,97165750000
2020-12-23,801150.SI,12007.08,12007.11,11810.45,11938.46,3098560000,79674140000
2020-12-24,801150.SI,11938.11,11999.77,11837.64,11857.72,2940000000,70312400000
2020-12-25,801150.SI,11831.06,12051.58,11825.83,12037.96,2371970000,64299570000
2020-12-28,801150.SI,12080.59,12080.59,11905.18,11919.00,2989130000,75096720000
2020-12-29,801150.SI,11908.08,11939.63,11741.03,11800.10,2562150000,62183980000
2020-12-30,801150.SI,11786.32,11960.88,11777.38,11942.34,2290840000,60751680000
2020-12-31,801150.SI,11949.56,12093.71,11914.60,12077.43,2650260000,75628550000
2021-01-04,801150.SI,12045.12,12139.97,11973.68,12067.03,3138600000,97607790000
2021-01-05,801150.SI,12028.88,12261.60,12028.88,12261.60,3428580000,103300530000
2021-01-06,801150.SI,12313.01,12436.53,12237.71,12434.47,3825750000,105919860000
2021-01-07,801150.SI,12446.89,12446.93,12273.48,12415.75,3665410000,95508620000
2021-01-08,801150.SI,12424.57,12524.59,12321.80,12425.41,2994310000,87593680000
2021-01-11,801150.SI,12402.90,12439.64,12169.71,12240.07,3197710000,94529760000
2021-01-12,801150.SI,12215.96,12426.01,12170.47,12426.01,2791300000,81683270000
2021-01-13,801150.SI,12434.55,12434.56,12166.21,12230.37,3204390000,90397440000
2021-01-14,801150.SI,12202.53,12259.09,12060.69,12121.21,2778070000,79373380000
2021-01-15,801150.SI,12118.24,12156.10,11954.45,12126.07,2409690000,70541310000
2021-01-18,801150.SI,12097.06,12254.97,11998.57,12194.57,2436760000,65640900000
2021-01-19,801150.SI,12199.44,12204.06,11993.02,12018.51,2580610000,71829500000
2021-01-20,801150.SI,12066.55,12367.37,12066.31,12361.49,2311490000,72788490000
2021-01-21,801150.SI,12461.24,12639.35,12460.92,12605.27,3066860000,91239510000
2021-01-22,801150.SI,12623.49,13072.00,12623.49,13070.23,3669700000,114502620000
2021-01-25,801150.SI,13112.52,13164.11,12997.44,13081.93,3627340000,113505260000
2021-01-26,801150.SI,12997.24,12997.27,12668.61,12679.25,2898820000,93703790000
2021-01-27,801150.SI,12666.27,12695.06,12432.84,12611.56,2455730000,75478760000
2021-01-28,801150.SI,12455.77,12568.81,12248.23,12255.55,2561290000,75940800000
2021-01-29,801150.SI,12341.30,12423.78,12008.46,12141.88,2593760000,73704060000
2021-02-01,801150.SI,12152.91,12372.12,12131.46,12357.81,2567130000,70545480000
2021-02-02,801150.SI,12399.69,12533.74,12222.09,12516.31,2414490000,72520730000
2021-02-03,801150.SI,12505.06,12723.51,12429.32,12553.28,2515400000,79020370000
2021-02-04,801150.SI,12460.02,12608.94,12231.93,12373.78,2669820000,73503360000
2021-02-05,801150.SI,12438.18,12753.15,12437.97,12597.36,2501170000,83859490000
2021-02-08,801150.SI,12630.54,12805.71,12560.83,12803.71,2594670000,81800420000
2021-02-09,801150.SI,12844.37,13105.17,12800.25,13075.55,2717140000,84535230000
2021-02-10,801150.SI,13096.49,13425.98,13003.38,13392.85,2946950000,96291040000
2021-02-18,801150.SI,13546.62,13546.62,12942.27,12971.23,3271700000,111885930000
2021-02-19,801150.SI,12912.89,13030.88,12673.87,13014.03,2997620000,90773580000
2021-02-22,801150.SI,13004.02,13004.08,12573.80,12573.80,3611090000,103393040000
2021-02-23,801150.SI,12448.27,12720.95,12448.25,12554.82,2873620000,81272590000
2021-02-24,801150.SI,12553.02,12555.22,12051.32,12154.06,2861590000,92509230000
2021-02-25,801150.SI,12233.47,12289.22,12085.14,12122.36,2447340000,72619380000
2021-02-26,801150.SI,11908.92,12139.61,11817.47,11946.81,2364460000,76580670000
2021-03-01,801150.SI,12064.72,12124.24,11911.79,12118.48,2398810000,73200630000
2021-03-02,801150.SI,12172.47,12172.47,11811.59,11897.73,2413930000,74592070000
2021-03-03,801150.SI,11858.61,12076.30,11795.80,12076.25,2177820000,62153590000
2021-03-04,801150.SI,11962.03,11962.24,11622.75,11659.79,2442650000,76000540000
2021-03-05,801150.SI,11490.31,11769.40,11471.22,11696.43,2215750000,64715730000
2021-03-08,801150.SI,11777.64,11829.56,11156.40,11156.40,2711310000,80015150000
2021-03-09,801150.SI,11147.03,11170.13,10730.09,10848.04,2962930000,82308340000
2021-03-10,801150.SI,11055.45,11126.21,10935.01,11002.30,2261140000,64584340000
2021-03-11,801150.SI,11030.90,11335.38,10994.57,11241.20,2161390000,66892690000
2021-03-12,801150.SI,11288.25,11288.25,11080.48,11263.51,1976190000,57808380000
2021-03-15,801150.SI,11184.67,11204.45,10788.14,10904.90,2071500000,62325680000
2021-03-16,801150.SI,10965.90,11039.56,10856.32,11037.32,2043100000,54092580000
2021-03-17,801150.SI,11007.37,11154.31,10901.94,11125.20,1928630000,51163110000
2021-03-18,801150.SI,11168.74,11353.72,11145.27,11333.70,2420790000,62352450000
2021-03-19,801150.SI,11162.22,11315.10,11100.58,11170.37,2720260000,62978360000
2021-03-22,801150.SI,11177.82,11356.55,11134.24,11268.11,2485510000,59265790000
2021-03-23,801150.SI,11266.90,11358.26,11125.39,11205.18,2366130000,55905850000
2021-03-24,801150.SI,11149.02,11294.88,11086.85,11133.81,2188670000,56355640000
2021-03-25,801150.SI,11062.46,11249.72,11013.69,11207.82,1884650000,51567320000
2021-03-26,801150.SI,11270.38,11564.33,11270.36,11533.82,2286830000,66999480000
2021-03-29,801150.SI,11528.40,11620.71,11432.43,11522.96,2396850000,63393430000
2021-03-30,801150.SI,11504.52,11749.47,11499.79,11671.40,2471940000,66718580000
2021-03-31,801150.SI,11651.52,11651.54,11498.88,11586.91,2192750000,54821360000
2021-04-01,801150.SI,11600.52,11815.89,11600.47,11807.35,2229580000,55036920000
2021-04-02,801150.SI,11828.78,11940.66,11784.09,11858.35,2247710000,58091960000
2021-04-06,801150.SI,11860.87,11862.53,11726.41,11766.38,2181960000,54159540000
2021-04-07,801150.SI,11774.46,11774.46,11571.74,11711.53,2340540000,57524590000
2021-04-08,801150.SI,11672.83,11887.40,11617.07,11879.89,2670270000,65517510000
2021-04-09,801150.SI,11861.78,11886.46,11691.66,11752.63,2659380000,59991790000
2021-04-12,801150.SI,11703.68,11792.42,11432.27,11460.74,2874400000,68884760000
2021-04-13,801150.SI,11443.39,11651.78,11443.39,11541.11,2728280000,60123760000
2021-04-14,801150.SI,11556.84,11665.82,11469.46,11601.43,2785970000,64646400000
2021-04-15,801150.SI,11570.90,11594.44,11432.38,11561.66,3140690000,64718100000
2021-04-16,801150.SI,11590.55,11590.56,11439.96,11552.23,3222040000,68326570000
2021-04-19,801150.SI,11526.48,11798.99,11466.99,11798.31,3167470000,74833920000
2021-04-20,801150.SI,11782.73,11910.95,11704.43,11837.27,3169350000,76959930000
2021-04-21,801150.SI,11782.75,12072.27,11782.75,12072.27,3872360000,86632520000
2021-04-22,801150.SI,12091.92,12112.25,11993.24,12075.59,3584430000,77844550000
2021-04-23,801150.SI,12097.55,12327.52,12097.55,12278.42,3519500000,89011240000
2021-04-26,801150.SI,12417.21,12625.34,12259.90,12270.15,4803530000,117975410000
2021-04-27,801150.SI,12254.16,12532.92,12188.16,12532.92,4957160000,101125450000
2021-04-28,801150.SI,12522.52,12710.48,12467.52,12709.28,4886770000,110604650000
2021-04-29,801150.SI,12690.64,12765.93,12532.52,12661.49,5047880000,108036410000
2021-04-30,801150.SI,12641.15,12922.90,12641.15,12858.54,5401090000,118683200000
2021-05-06,801150.SI,12682.50,12682.67,12302.36,12447.74,5505370000,129900040000
2021-05-07,801150.SI,12478.89,12526.01,12068.71,12068.71,4600100000,102658560000
2021-05-10,801150.SI,12149.51,12350.96,12138.73,12228.62,3899040000,85540850000
2021-05-11,801150.SI,12175.31,12440.58,12077.89,12416.49,4519900000,94339760000
2021-05-12,801150.SI,12376.58,12670.19,12330.43,12656.72,4560480000,93723770000
2021-05-13,801150.SI,12548.00,12843.79,12548.00,12777.07,6327210000,114831450000
2021-05-14,801150.SI,12804.95,13085.69,12753.83,12983.38,6119360000,126866700000
2021-05-17,801150.SI,13064.05,13284.51,13064.00,13197.18,5261010000,123302780000
2021-05-18,801150.SI,13179.21,13203.75,12945.58,13090.31,4650820000,98837360000
2021-05-19,801150.SI,13070.30,13100.66,12936.97,13015.86,4360920000,87292940000
2021-05-20,801150.SI,12980.48,13117.24,12980.44,13044.00,4590120000,94124030000
2021-05-21,801150.SI,13091.59,13117.28,12873.64,12893.55,4063630000,101157500000
2021-05-24,801150.SI,12888.94,12888.94,12572.38,12852.30,3873840000,94458450000
2021-05-25,801150.SI,12939.25,13175.78,12939.24,13162.02,4387420000,108841260000
2021-05-26,801150.SI,13128.25,13252.71,13027.44,13175.25,4792430000,110849180000
2021-05-27,801150.SI,13147.61,13270.03,13021.83,13236.96,4390220000,104167890000
2021-05-28,801150.SI,13225.98,13246.74,12931.69,13009.18,4497710000,109044640000
2021-05-31,801150.SI,13036.56,13258.02,13014.45,13238.64,4716060000,112024240000
2021-06-01,801150.SI,13277.96,13421.47,13167.03,13411.19,4799050000,111167220000
2021-06-02,801150.SI,13422.74,13440.27,13100.04,13148.52,4896530000,115092730000
2021-06-03,801150.SI,13107.65,13171.20,12992.20,13016.35,3880000000,93097850000
2021-06-04,801150.SI,12971.11,13156.35,12920.42,13099.22,3466070000,83432740000
2021-06-07,801150.SI,13102.71,13171.75,12961.26,13152.80,3535960000,84106550000
2021-06-08,801150.SI,13153.79,13266.35,12886.70,12979.53,3487590000,93288830000
2021-06-09,801150.SI,12931.70,13038.77,12927.25,12984.39,3006650000,75649720000
2021-06-10,801150.SI,13010.92,13159.46,13010.92,13095.10,3118290000,79473730000
2021-06-11,801150.SI,13108.11,13108.11,12872.20,12993.40,3415970000,89782790000
2021-06-15,801150.SI,12958.67,12995.64,12758.18,12787.68,3133930000,79637260000
2021-06-16,801150.SI,12796.08,12796.26,12438.80,12438.80,2571460000,69784070000
2021-06-17,801150.SI,12437.61,12595.70,12435.77,12509.65,2386390000,60548360000
2021-06-18,801150.SI,12569.71,12698.69,12512.88,12629.78,2659770000,66787670000
2021-06-21,801150.SI,12612.29,12810.34,12551.79,12772.31,3136350000,77309820000
2021-06-22,801150.SI,12789.31,13008.71,12682.38,12998.08,3010420000,89320650000
2021-06-23,801150.SI,13007.07,13089.51,12934.04,12988.68,3048940000,83291210000
2021-06-24,801150.SI,12979.63,12979.65,12696.09,12795.22,3009440000,76011590000
2021-06-25,801150.SI,12818.72,13051.78,12769.36,13032.41,2821230000,79112550000
2021-06-28,801150.SI,13072.12,13258.08,13056.48,13256.77,3360390000,90894660000
2021-06-29,801150.SI,13292.18,13292.18,13130.16,13164.09,3363310000,82796040000
2021-06-30,801150.SI,13169.78,13233.71,13114.59,13203.85,3783190000,79999490000
2021-07-01,801150.SI,13218.53,13537.98,13218.52,13422.83,5211830000,108310870000
2021-07-02,801150.SI,13368.09,13368.09,12916.51,12928.56,4956360000,110029450000
2021-07-05,801150.SI,12855.68,12965.63,12768.32,12825.95,4281770000,99451520000
2021-07-06,801150.SI,12846.09,12847.51,12197.37,12418.85,4344460000,116475620000
2021-07-07,801150.SI,12349.64,12725.47,12327.66,12665.28,3363220000,86821450000
2021-07-08,801150.SI,12705.96,12705.96,12413.17,12415.17,3680560000,86563080000
2021-07-09,801150.SI,12354.68,12441.42,12143.58,12405.57,3056280000,75590040000
2021-07-12,801150.SI,12470.92,12728.27,12330.50,12683.75,3564810000,90058140000
2021-07-13,801150.SI,12672.37,12795.93,12605.71,12733.87,3305360000,76236480000
2021-07-14,801150.SI,12687.08,12956.18,12649.98,12859.70,4537590000,102041250000
2021-07-15,801150.SI,12837.10,12871.58,12694.67,12871.58,3945700000,87778150000
2021-07-16,801150.SI,12854.78,12863.88,12721.08,12729.18,3497960000,90143050000
2021-07-19,801150.SI,12746.07,12963.83,12746.07,12954.98,3943050000,93518100000
2021-07-20,801150.SI,12960.07,13087.30,12940.50,13014.71,4199620000,91940780000
2021-07-21,801150.SI,13045.77,13161.36,12991.28,13143.66,4163510000,99901840000
2021-07-22,801150.SI,13137.73,13137.76,12750.02,12782.88,3895630000,101163340000
2021-07-23,801150.SI,12732.56,12732.65,12397.39,12421.49,3755890000,96723910000
2021-07-26,801150.SI,12327.88,12372.72,11640.91,11857.37,4000800000,112391490000
2021-07-27,801150.SI,11797.44,11880.00,11485.53,11487.14,3443110000,97234080000
2021-07-28,801150.SI,11418.99,11739.42,11329.53,11737.99,3648600000,96336790000
2021-07-29,801150.SI,11930.15,12056.89,11923.06,11989.89,3260000000,91512190000
2021-07-30,801150.SI,11912.87,11913.17,11623.94,11884.84,3860150000,101274280000
2021-08-02,801150.SI,11859.29,12094.60,11542.02,12065.76,4031820000,110113370000
2021-08-03,801150.SI,12026.92,12546.87,12021.96,12515.65,5303850000,129623820000
2021-08-04,801150.SI,12481.06,12492.96,12272.45,12442.93,4393120000,111204690000
2021-08-05,801150.SI,12393.67,12535.51,12348.42,12363.63,4288970000,112475200000
2021-08-06,801150.SI,12268.59,12268.63,11906.25,11991.74,3736640000,101769860000
2021-08-09,801150.SI,11890.94,12121.42,11882.51,12097.42,3291500000,82253900000
2021-08-10,801150.SI,12129.52,12204.02,11967.11,12203.51,3326210000,86946170000
2021-08-11,801150.SI,12186.21,12186.78,11980.17,11992.99,3221790000,80394920000
2021-08-12,801150.SI,11914.36,12024.45,11811.48,11848.62,3102770000,76087230000
2021-08-13,801150.SI,11852.70,11928.52,11731.68,11815.84,3067920000,77257550000
2021-08-16,801150.SI,11779.65,11915.00,11776.25,11849.96,3295410000,73736440000
2021-08-17,801150.SI,11827.92,11861.75,11410.26,11426.08,3715690000,92866180000
2021-08-18,801150.SI,11458.51,11553.62,11402.76,11467.01,2890260000,71174980000
2021-08-19,801150.SI,11474.28,11596.20,11457.90,11508.62,2913110000,71754010000
2021-08-20,801150.SI,11368.84,11368.90,10878.77,10956.01,3395020000,106797460000
2021-08-23,801150.SI,10976.20,11152.55,10862.21,11114.07,3138110000,92620530000
2021-08-24,801150.SI,11163.00,11325.84,11116.30,11302.19,2983680000,88395320000
2021-08-25,801150.SI,11296.17,11417.75,11220.43,11400.20,2821730000,77540500000
2021-08-26,801150.SI,11390.64,11390.70,11037.08,11048.25,3203450000,80586700000
2021-08-27,801150.SI,11037.07,11220.66,11006.93,11023.33,2893290000,74272580000
2021-08-30,801150.SI,11085.80,11111.93,10924.49,10970.29,3308490000,85996990000
2021-08-31,801150.SI,10989.00,11045.26,10782.44,10859.69,3325410000,79512440000
2021-09-01,801150.SI,10856.05,11048.91,10672.51,10964.93,3509490000,83727030000
2021-09-02,801150.SI,10957.52,10977.37,10709.17,10718.49,3000150000,76841000000
2021-09-03,801150.SI,10705.98,10856.83,10606.09,10799.79,3485070000,76333270000
2021-09-06,801150.SI,10830.63,11297.24,10827.25,11258.33,4114070000,96474860000
2021-09-07,801150.SI,11273.73,11273.73,11152.06,11251.54,3801660000,80743590000
2021-09-08,801150.SI,11274.70,11279.95,11139.64,11181.23,3758340000,71689660000
2021-09-09,801150.SI,11174.55,11267.63,11131.10,11180.86,3522020000,66501900000
2021-09-10,801150.SI,11164.88,11165.47,11043.37,11123.98,3407320000,65803330000
2021-09-13,801150.SI,11142.38,11283.00,11061.57,11094.51,3512000000,69379500000
2021-09-14,801150.SI,11085.33,11253.92,11085.23,11145.31,3679470000,76426720000
2021-09-15,801150.SI,11120.27,11142.44,10987.08,11034.29,3221330000,74800820000
2021-09-16,801150.SI,11011.79,11130.80,10953.67,11027.48,3754470000,79087600000
2021-09-17,801150.SI,11017.32,11448.58,10958.85,11416.32,3761400000,94196800000
2021-09-22,801150.SI,11275.67,11547.60,11275.67,11421.78,3219690000,74691430000
2021-09-23,801150.SI,11410.61,11536.31,11328.51,11392.20,3442990000,73036580000
2021-09-24,801150.SI,11363.42,11543.77,11330.69,11447.33,3368320000,75641620000
2021-09-27,801150.SI,11455.11,11673.25,11445.90,11499.69,3802050000,91524030000
2021-09-28,801150.SI,11460.80,11566.90,11383.05,11437.42,2592620000,62627440000
2021-09-29,801150.SI,11346.92,11396.94,11211.90,11214.23,2844320000,64287790000
2021-09-30,801150.SI,11241.39,11422.56,11240.42,11397.99,2274930000,56483660000
2021-10-08,801150.SI,11383.24,11544.74,11314.55,11476.76,3178330000,79067110000
2021-10-11,801150.SI,11466.58,11598.77,11331.23,11346.64,2831650000,73512800000
2021-10-12,801150.SI,11338.80,11475.68,11236.65,11324.43,3182480000,72046140000
2021-10-13,801150.SI,11323.86,11568.06,11282.15,11540.49,2931190000,70117110000
2021-10-14,801150.SI,11554.60,11554.80,11334.21,11368.23,2689720000,65503790000
2021-10-15,801150.SI,11293.60,11322.28,11205.16,11250.01,2841490000,70360220000
2021-10-18,801150.SI,11232.35,11232.38,11026.53,11070.73,2592200000,64892290000
2021-10-19,801150.SI,11068.01,11252.06,11068.01,11226.80,2347030000,59423680000
2021-10-20,801150.SI,11223.78,11245.48,11017.85,11139.75,2705830000,65552540000
2021-10-21,801150.SI,11128.63,11203.76,11075.77,11113.28,2633500000,54529510000
2021-10-22,801150.SI,11087.77,11165.20,11064.86,11100.20,2471660000,56456810000
2021-10-25,801150.SI,11099.58,11148.89,11074.28,11140.47,2385380000,55502870000
2021-10-26,801150.SI,11126.69,11196.69,11051.38,11058.04,2468130000,59704530000
2021-10-27,801150.SI,11051.60,11051.60,10799.80,10833.53,2696500000,61137210000
2021-10-28,801150.SI,10764.81,10843.66,10723.71,10750.37,2611580000,61600650000
2021-10-29,801150.SI,10731.27,10953.44,10663.99,10931.26,2732350000,67887110000
2021-11-01,801150.SI,10956.69,10956.72,10745.93,10793.65,2900060000,76583660000
2021-11-02,801150.SI,10768.15,10860.49,10617.17,10670.69,3068710000,73143170000
2021-11-03,801150.SI,10698.87,10820.13,10698.85,10770.56,2499120000,62571560000
2021-11-04,801150.SI,10780.60,10841.42,10747.09,10798.75,2949400000,71807690000
2021-11-05,801150.SI,10779.06,10862.37,10764.08,10783.97,2782580000,65222350000
2021-11-08,801150.SI,10767.22,10767.22,10558.38,10575.67,2579680000,67833620000
2021-11-09,801150.SI,10593.46,10699.09,10580.61,10692.73,2337950000,54531250000
2021-11-10,801150.SI,10714.50,10890.11,10601.93,10884.12,3121240000,78264110000
2021-11-11,801150.SI,10855.35,10948.32,10827.17,10876.15,2689150000,65988230000
2021-11-12,801150.SI,10884.94,10904.50,10838.69,10872.84,2694190000,57199190000
2021-11-15,801150.SI,10880.05,11054.16,10879.78,11049.92,3387430000,71336450000
2021-11-16,801150.SI,11065.56,11345.90,11065.56,11296.66,3689050000,90788580000
2021-11-17,801150.SI,11338.78,11382.13,11278.70,11322.14,3190000000,75951590000
2021-11-18,801150.SI,11291.75,11291.75,11111.75,11111.86,3212890000,68682490000
2021-11-19,801150.SI,11071.95,11121.20,11046.35,11117.03,2520020000,53949990000
2021-11-22,801150.SI,11126.66,11126.66,11026.86,11051.24,2748300000,62871180000
2021-11-23,801150.SI,11035.98,11112.30,11016.74,11071.09,2747100000,60176550000
2021-11-24,801150.SI,11071.07,11174.35,11013.15,11165.39,2950800000,65724800000
2021-11-25,801150.SI,11181.31,11342.74,11180.96,11318.62,4003240000,79105460000
2021-11-26,801150.SI,11348.37,11395.33,11304.90,11304.90,3727420000,80495060000
2021-11-29,801150.SI,11450.87,11586.78,11286.14,11341.51,4664030000,107492190000
2021-11-30,801150.SI,11315.53,11335.17,11211.73,11331.86,4381840000,93740460000
2021-12-01,801150.SI,11302.12,11302.14,11197.06,11206.54,3712730000,78871780000
2021-12-02,801150.SI,11179.62,11246.78,11063.41,11069.30,3718190000,75752040000
2021-12-03,801150.SI,11065.12,11159.99,11065.11,11120.71,3159280000,66201360000
2021-12-06,801150.SI,11099.50,11099.55,10925.44,10932.19,3207040000,65386360000
2021-12-07,801150.SI,10958.32,11013.85,10933.03,10966.55,2892240000,60932900000
2021-12-08,801150.SI,10999.01,11104.23,10945.10,11104.23,2789950000,58800270000
2021-12-09,801150.SI,11114.36,11364.73,11093.30,11336.28,3496600000,85463780000
2021-12-10,801150.SI,11285.71,11341.84,11235.47,11240.97,3010120000,75928980000
2021-12-13,801150.SI,11248.96,11347.16,11201.85,11201.85,2928050000,66249170000
2021-12-14,801150.SI,11205.90,11324.49,11205.79,11282.76,3020730000,67259080000
2021-12-15,801150.SI,11273.45,11286.36,11013.50,11021.61,3063320000,74781550000
2021-12-16,801150.SI,10990.00,11090.21,10990.00,11063.72,2893440000,76649650000
2021-12-17,801150.SI,11087.12,11112.10,10955.31,10977.64,2824570000,69315760000
2021-12-20,801150.SI,10953.43,11053.74,10886.23,10892.29,4363860000,88306720000
2021-12-21,801150.SI,10884.70,10995.58,10884.70,10993.79,3716030000,65429190000
2021-12-22,801150.SI,10999.01,11076.12,10984.83,11060.05,4578270000,76248360000
2021-12-23,801150.SI,11076.60,11076.60,10938.61,10963.18,4141570000,73043550000
2021-12-24,801150.SI,10961.35,11091.40,10915.76,11036.16,6462840000,94010730000
2021-12-27,801150.SI,11039.76,11193.12,11039.76,11192.56,7647500000,103756530000
2021-12-28,801150.SI,11180.26,11240.92,11085.42,11233.74,6324450000,104073060000
2021-12-29,801150.SI,11216.73,11354.22,11168.92,11168.92,6622330000,107825140000
2021-12-30,801150.SI,11158.89,11283.75,11112.55,11268.41,6493040000,100203060000
2021-12-31,801150.SI,11289.69,11430.25,11289.69,11385.45,7764050000,122550160000
2022-01-04,801150.SI,11383.79,11388.49,11216.05,11237.37,8893220000,149707460000
2022-01-05,801150.SI,11218.68,11218.72,10964.10,11003.74,8780400000,135211780000
2022-01-06,801150.SI,10940.47,11036.96,10863.74,11026.85,7371950000,122227280000
2022-01-07,801150.SI,11011.82,11086.10,10930.17,10936.78,7330890000,131825670000
2022-01-10,801150.SI,10937.78,11135.43,10897.61,11095.68,6284860000,117996290000
2022-01-11,801150.SI,11082.47,11213.26,11073.45,11150.53,7469820000,130580900000
2022-01-12,801150.SI,11141.87,11279.44,11098.85,11253.63,7797950000,130146820000
2022-01-13,801150.SI,11238.58,11242.85,11025.12,11025.12,8191130000,137882390000
2022-01-14,801150.SI,10973.80,11258.79,10973.80,11200.58,9315300000,159164200000
2022-01-17,801150.SI,11231.49,11283.70,11146.27,11254.89,8475970000,152999790000
2022-01-18,801150.SI,11225.85,11225.87,11025.37,11037.13,8564710000,150651690000
2022-01-19,801150.SI,10959.12,10984.14,10771.91,10816.13,5933350000,116848310000
2022-01-20,801150.SI,10816.45,10902.88,10711.64,10719.34,7048110000,128188960000
2022-01-21,801150.SI,10679.12,10679.12,10385.02,10395.03,6535490000,120257640000
2022-01-24,801150.SI,10269.94,10353.56,10236.94,10294.66,4303080000,82947840000
2022-01-25,801150.SI,10254.04,10320.04,9990.04,9990.04,5169540000,90731740000
2022-01-26,801150.SI,10017.47,10063.67,9779.00,9847.43,3894820000,72131730000
2022-01-27,801150.SI,9849.92,9871.28,9659.18,9665.79,4313550000,76987830000
2022-01-28,801150.SI,9723.68,9809.36,9603.85,9684.57,3824470000,69348650000
2022-02-07,801150.SI,9819.44,9858.61,9732.41,9759.98,3816840000,64914990000
2022-02-08,801150.SI,9671.11,9709.69,9525.95,9706.83,3665980000,68041020000
2022-02-09,801150.SI,9691.04,9846.60,9609.32,9834.63,4384040000,81423870000
2022-02-10,801150.SI,9822.00,9861.62,9714.56,9742.45,3952040000,80366370000
2022-02-11,801150.SI,9684.73,9685.31,9406.17,9419.72,4139920000,78444550000
2022-02-14,801150.SI,9406.27,9569.00,9406.27,9470.44,3424650000,64776540000
2022-02-15,801150.SI,9482.32,9793.70,9453.60,9792.19,3759720000,80490270000
2022-02-16,801150.SI,9830.25,9899.85,9799.93,9832.60,3469620000,72801400000
2022-02-17,801150.SI,9829.15,9853.25,9758.21,9784.56,3450760000,65300360000
2022-02-18,801150.SI,9742.42,9878.57,9722.09,9876.33,3329670000,66339840000
2022-02-21,801150.SI,9944.77,9971.12,9834.90,9965.83,4667140000,82802410000
2022-02-22,801150.SI,9899.92,9900.00,9739.49,9800.69,4597570000,80845920000
2022-02-23,801150.SI,9807.92,9971.36,9807.92,9965.47,4247180000,77113410000
2022-02-24,801150.SI,9926.08,10059.68,9661.44,9760.25,6282360000,108281780000
2022-02-25,801150.SI,9828.51,10101.22,9828.19,10044.76,4694360000,95938050000
2022-02-28,801150.SI,10032.56,10069.57,9915.98,10069.57,4409590000,85242270000
2022-03-01,801150.SI,10070.80,10138.88,10036.57,10103.61,3890700000,76983740000
2022-03-02,801150.SI,10058.99,10104.67,9962.11,10081.39,4797070000,83220820000
2022-03-03,801150.SI,10116.77,10127.83,10012.73,10060.83,5491510000,93540880000
2022-03-04,801150.SI,9992.25,10220.29,9982.72,10062.60,6114040000,109270480000
2022-03-07,801150.SI,10022.69,10022.87,9759.45,9795.53,5592630000,101085660000
2022-03-08,801150.SI,9799.91,9819.11,9390.24,9400.03,6289880000,104569920000
2022-03-09,801150.SI,9398.16,9429.47,8842.78,9184.49,6212140000,104617300000
2022-03-10,801150.SI,9425.13,9579.44,9408.67,9568.59,5937680000,105275210000
2022-03-11,801150.SI,9467.76,9856.74,9456.96,9854.38,7354730000,136863020000
2022-03-14,801150.SI,9951.86,10037.86,9767.04,9767.04,8027940000,160956790000
2022-03-15,801150.SI,9625.74,9721.58,9339.99,9339.99,7722770000,144347340000
2022-03-16,801150.SI,9480.48,9580.55,9071.30,9542.61,7629520000,144883390000
2022-03-17,801150.SI,9628.80,10095.28,9625.09,9861.66,8737030000,170225540000
2022-03-18,801150.SI,9825.07,9982.69,9801.33,9960.36,8165810000,143454420000
2022-03-21,801150.SI,10028.12,10154.60,9973.01,10154.60,8317100000,151527940000
2022-03-22,801150.SI,10114.20,10114.28,9889.44,9909.50,7684410000,140729210000
2022-03-23,801150.SI,9915.65,10143.13,9853.62,10065.42,7239550000,137910870000
2022-03-24,801150.SI,9982.43,10348.54,9920.45,10284.08,8476760000,154334680000
2022-03-25,801150.SI,10254.00,10278.32,10013.80,10013.80,8672310000,153676640000
2022-03-28,801150.SI,9963.34,10009.60,9876.22,9937.91,7136440000,122613140000
2022-03-29,801150.SI,9953.28,10098.86,9908.06,10023.99,7877150000,136017950000
2022-03-30,801150.SI,10051.05,10220.90,9896.86,10196.80,8149190000,140901170000
2022-03-31,801150.SI,10159.36,10381.61,10151.65,10157.23,9798040000,168429910000
2022-04-01,801150.SI,10032.10,10056.59,9956.78,9999.08,7768310000,127983880000
2022-04-06,801150.SI,10095.08,10192.64,10001.48,10048.84,7477750000,122562620000
2022-04-07,801150.SI,9985.51,10075.89,9833.60,9838.05,7332640000,115730680000
2022-04-08,801150.SI,9830.64,9830.64,9597.33,9665.97,6173640000,100387830000
2022-04-11,801150.SI,9620.50,9644.11,9454.85,9479.41,5476320000,98188060000
2022-04-12,801150.SI,9473.45,9694.81,9452.87,9680.07,4915740000,95408760000
2022-04-13,801150.SI,9615.72,9616.23,9407.51,9407.51,5046380000,93660050000
2022-04-14,801150.SI,9462.64,9578.78,9447.13,9504.79,4698800000,98264410000
2022-04-15,801150.SI,9460.91,9643.38,9423.50,9532.92,4963880000,107387190000
2022-04-18,801150.SI,9473.89,9508.39,9367.34,9478.85,3944940000,80945540000
2022-04-19,801150.SI,9452.74,9480.75,9300.51,9344.91,3864730000,80649120000
2022-04-20,801150.SI,9338.37,9340.70,9140.36,9169.02,4270930000,81771270000
2022-04-21,801150.SI,9124.82,9189.57,8863.99,8893.54,4844400000,86257640000
2022-04-22,801150.SI,8839.38,8920.13,8711.09,8833.06,4181920000,77770860000
2022-04-25,801150.SI,8707.82,8728.92,8348.12,8348.12,5484530000,90637250000
2022-04-26,801150.SI,8352.28,8540.82,8296.65,8359.09,5539020000,91259950000
2022-04-27,801150.SI,8233.96,8536.78,8149.33,8536.78,5719020000,95287740000
2022-04-28,801150.SI,8518.66,8544.20,8373.05,8480.17,4902830000,84768740000
2022-04-29,801150.SI,8461.67,8750.18,8461.19,8737.96,5878480000,102139360000
2022-05-05,801150.SI,8720.32,8883.65,8692.14,8844.28,5490770000,100441680000
2022-05-06,801150.SI,8650.90,8838.78,8638.16,8752.10,5056600000,90776390000
2022-05-09,801150.SI,8761.02,8851.00,8723.51,8799.77,5235790000,90049480000
2022-05-10,801150.SI,8688.02,8884.20,8688.02,8872.05,5371440000,91693120000
2022-05-11,801150.SI,8904.31,9183.09,8904.28,8993.10,6663800000,126273940000
2022-05-12,801150.SI,8927.95,9131.78,8925.15,9088.63,5900770000,105350390000
2022-05-13,801150.SI,9158.55,9211.67,9019.18,9111.49,5413270000,91914460000
2022-05-16,801150.SI,9159.94,9172.02,8932.61,8950.24,5484300000,91193100000
2022-05-17,801150.SI,8946.98,8946.98,8753.53,8843.68,5245520000,83826770000
2022-05-18,801150.SI,8839.41,8875.19,8764.45,8774.90,4238550000,69516670000
2022-05-19,801150.SI,8643.81,8761.21,8643.81,8761.21,4177240000,68176160000
2022-05-20,801150.SI,8825.58,8976.35,8825.53,8928.52,4641290000,84207350000
2022-05-23,801150.SI,8985.73,9005.87,8909.93,8981.57,4575490000,77280030000
2022-05-24,801150.SI,8978.07,8978.10,8595.73,8595.73,5558320000,95144370000
2022-05-25,801150.SI,8572.11,8693.04,8567.37,8678.62,3773650000,67550790000
2022-05-26,801150.SI,8700.99,8700.99,8526.78,8621.38,3746610000,68034120000
2022-05-27,801150.SI,8669.60,8778.97,8608.10,8659.14,3562760000,71987620000
2022-05-30,801150.SI,8663.74,8710.32,8566.44,8692.48,3359810000,65185550000
2022-05-31,801150.SI,8674.12,8846.99,8578.48,8838.33,3713680000,74406250000
2022-06-01,801150.SI,8822.76,8879.37,8732.70,8782.37,3479250000,66003030000
2022-06-02,801150.SI,8758.63,8758.74,8629.75,8679.32,3197970000,60284660000
2022-06-06,801150.SI,8673.26,8892.87,8673.26,8891.68,3579220000,70455430000
2022-06-07,801150.SI,8899.54,9069.57,8879.69,9069.11,5296250000,94897550000
2022-06-08,801150.SI,9066.99,9222.85,9039.96,9137.00,4860540000,95415390000
2022-06-09,801150.SI,9111.43,9129.68,8904.29,8933.59,3740790000,69273210000
2022-06-10,801150.SI,8880.21,9036.12,8880.21,9035.86,3353840000,64030080000
2022-06-13,801150.SI,8900.81,8956.12,8862.91,8953.50,3506250000,68868900000
2022-06-14,801150.SI,8867.26,8952.32,8742.84,8951.55,3553710000,64099540000
2022-06-15,801150.SI,8957.42,9141.15,8957.42,9028.51,3840160000,73100330000
2022-06-16,801150.SI,9032.63,9229.92,9032.62,9142.82,4048860000,73768680000
2022-06-17,801150.SI,9090.40,9327.15,9011.78,9306.64,4023770000,82210690000
2022-06-20,801150.SI,9328.48,9488.99,9320.88,9462.45,4629900000,91781280000
2022-06-21,801150.SI,9468.15,9534.20,9318.51,9394.57,4272930000,79884190000
2022-06-22,801150.SI,9407.06,9469.65,9313.85,9326.63,4422010000,82926400000
2022-06-23,801150.SI,9327.78,9343.50,9175.66,9340.68,3791680000,75597530000
2022-06-24,801150.SI,9351.82,9544.05,9351.82,9512.24,3726590000,81339120000
2022-06-27,801150.SI,9562.40,9694.24,9562.35,9612.25,4320450000,86664420000
2022-06-28,801150.SI,9597.37,9623.69,9473.60,9614.67,3772180000,72525360000
2022-06-29,801150.SI,9591.93,9757.38,9558.25,9565.15,4227420000,82456210000
2022-06-30,801150.SI,9568.59,9849.90,9568.53,9763.76,4367880000,86149130000
2022-07-01,801150.SI,9768.00,9799.75,9684.31,9735.73,3600750000,70889920000
2022-07-04,801150.SI,9766.39,10113.94,9760.31,10111.12,4887560000,103748380000
2022-07-05,801150.SI,10137.29,10148.67,9905.03,10093.04,4284290000,94478250000
2022-07-06,801150.SI,10095.33,10154.06,9852.10,9923.85,4212620000,89745570000
2022-07-07,801150.SI,9922.58,9922.65,9668.73,9781.79,3375590000,71176770000
2022-07-08,801150.SI,9825.51,9931.99,9799.71,9855.90,4285310000,73076980000
2022-07-11,801150.SI,9863.77,9925.45,9775.56,9837.73,5420380000,89570870000
2022-07-12,801150.SI,9872.19,9872.19,9548.43,9548.43,5424060000,88352640000
2022-07-13,801150.SI,9528.50,9573.27,9461.18,9524.80,3888940000,63725470000
2022-07-14,801150.SI,9535.06,9763.56,9535.06,9680.62,4100740000,73842270000
2022-07-15,801150.SI,9636.48,9688.47,9456.23,9456.23,4624690000,78974430000
2022-07-18,801150.SI,9452.10,9487.05,9267.57,9479.35,3684650000,69827090000
2022-07-19,801150.SI,9468.67,9509.08,9333.95,9414.49,3308500000,61778900000
2022-07-20,801150.SI,9447.98,9592.45,9447.98,9537.33,3677740000,64678430000
2022-07-21,801150.SI,9516.13,9570.92,9486.09,9512.92,3593170000,60878560000
2022-07-22,801150.SI,9529.43,9580.13,9329.59,9384.62,3523300000,61627640000
2022-07-25,801150.SI,9382.82,9438.57,9355.48,9406.69,3714050000,59156370000
2022-07-26,801150.SI,9436.78,9444.90,9304.72,9373.46,3658980000,61861740000
2022-07-27,801150.SI,9347.95,9367.26,9272.84,9297.92,3718470000,62094120000
2022-07-28,801150.SI,9310.35,9320.05,9235.18,9236.91,3631850000,60077440000
2022-07-29,801150.SI,9235.74,9235.77,9018.91,9031.09,3557200000,62233420000
2022-08-01,801150.SI,9016.80,9056.04,8943.13,9051.40,3011240000,49704140000
2022-08-02,801150.SI,8984.72,8984.89,8695.30,8766.44,4623180000,69687760000
2022-08-03,801150.SI,8763.39,8922.36,8763.39,8776.45,3399930000,53860800000
2022-08-04,801150.SI,8835.33,8956.72,8834.58,8956.72,2843370000,49866430000
2022-08-05,801150.SI,8984.51,9125.46,8984.25,9125.46,3000040000,53873460000
2022-08-08,801150.SI,9135.83,9206.09,9094.42,9125.25,3512690000,59136560000
2022-08-09,801150.SI,9100.41,9100.41,9005.73,9054.63,2913730000,45520220000
2022-08-10,801150.SI,9047.27,9055.48,8903.55,8943.37,2535900000,45072250000
2022-08-11,801150.SI,8991.33,9171.12,8985.61,9166.52,2934360000,52995340000
2022-08-12,801150.SI,9157.81,9220.68,9112.92,9193.86,2757840000,45067700000
2022-08-15,801150.SI,9177.81,9177.81,9088.15,9108.06,2534730000,43432380000
2022-08-16,801150.SI,9109.03,9117.70,9016.28,9037.12,2395840000,43371760000
2022-08-17,801150.SI,9047.19,9100.16,8987.22,9084.77,2713720000,43627010000
2022-08-18,801150.SI,9057.68,9057.94,8951.22,8954.51,2687530000,44199450000
2022-08-19,801150.SI,8929.79,8954.23,8889.82,8889.82,2610970000,50306950000
2022-08-22,801150.SI,8847.97,8957.92,8786.72,8950.00,2707170000,50761310000
2022-08-23,801150.SI,8937.08,8939.63,8834.08,8861.77,2802200000,50568410000
2022-08-24,801150.SI,8843.25,8904.31,8721.15,8721.15,3193510000,51324190000
2022-08-25,801150.SI,8734.68,8779.11,8657.93,8778.30,2601360000,44777380000
2022-08-26,801150.SI,8778.92,8915.38,8766.20,8789.77,2481860000,45515420000
2022-08-29,801150.SI,8681.82,8759.20,8677.17,8756.52,2440610000,41585810000
2022-08-30,801150.SI,8747.72,8790.66,8707.64,8763.58,2610080000,44144930000
2022-08-31,801150.SI,8754.19,8885.43,8722.01,8804.36,2950320000,54989680000
2022-09-01,801150.SI,8788.42,8899.29,8784.55,8807.05,2898490000,52334480000
2022-09-02,801150.SI,8827.71,8900.92,8742.24,8783.61,2492410000,44944850000
2022-09-05,801150.SI,8793.02,8816.36,8637.48,8680.01,2636020000,47536170000
2022-09-06,801150.SI,8688.44,8711.63,8640.50,8704.61,2707030000,43590260000
2022-09-07,801150.SI,8673.01,8707.65,8620.92,8660.89,2549810000,42727070000
2022-09-08,801150.SI,8676.96,8686.56,8596.28,8597.77,2260930000,38107390000
2022-09-09,801150.SI,8663.39,8769.88,8663.39,8763.01,2564270000,45321020000
2022-09-13,801150.SI,8735.35,8764.25,8655.49,8663.58,3025370000,57293200000
2022-09-14,801150.SI,8529.89,8622.96,8505.33,8616.32,2683360000,45143640000
2022-09-15,801150.SI,8661.96,8717.73,8474.35,8523.95,2967670000,48711190000
2022-09-16,801150.SI,8505.14,8511.64,8262.32,8262.32,2800380000,44857450000
2022-09-19,801150.SI,8262.42,8286.29,8137.27,8176.85,2307970000,35975370000
2022-09-20,801150.SI,8202.01,8233.53,8143.85,8196.69,1870070000,30907900000
2022-09-21,801150.SI,8173.79,8174.00,8030.71,8061.88,1933680000,33506420000
2022-09-22,801150.SI,7997.59,8047.76,7926.22,7926.22,1927660000,33243510000
2022-09-23,801150.SI,7917.67,7941.32,7781.60,7851.40,2119350000,34702310000
2022-09-26,801150.SI,7814.64,7891.63,7760.90,7763.61,2214320000,33957020000
2022-09-27,801150.SI,7779.33,8138.44,7779.31,8137.86,2875050000,50982520000
2022-09-28,801150.SI,8108.26,8232.98,8058.53,8058.53,2859040000,47827420000
2022-09-29,801150.SI,8133.42,8336.83,8133.01,8182.78,2991500000,54080010000
2022-09-30,801150.SI,8189.11,8299.06,8167.80,8203.47,3026480000,45946590000
2022-10-10,801150.SI,8247.48,8287.10,8014.96,8036.40,3105780000,52356270000
2022-10-11,801150.SI,8045.27,8045.27,7875.92,7954.87,2635830000,41724040000
2022-10-12,801150.SI,7944.64,8030.12,7749.17,8028.51,2689000000,43992570000
2022-10-13,801150.SI,8002.50,8301.55,7999.16,8234.54,3172480000,55402880000
2022-10-14,801150.SI,8290.58,8879.08,8290.51,8821.62,5603770000,107523320000
2022-10-17,801150.SI,8857.45,9042.55,8857.45,8908.68,5409270000,101133390000
2022-10-18,801150.SI,8930.28,9130.62,8806.40,9081.03,6035960000,106028900000
2022-10-19,801150.SI,9039.74,9039.84,8860.27,8912.35,4792270000,82718970000
2022-10-20,801150.SI,8851.57,9114.23,8851.57,8929.15,5135110000,89358350000
2022-10-21,801150.SI,8884.53,8993.18,8825.31,8939.26,4563850000,74884020000
2022-10-24,801150.SI,8944.94,9000.37,8620.85,8664.27,4890170000,83147150000
2022-10-25,801150.SI,8612.02,8668.49,8374.62,8468.82,4175490000,69799990000
2022-10-26,801150.SI,8502.16,8977.51,8502.16,8890.58,5463860000,97678320000
2022-10-27,801150.SI,8883.41,8954.18,8711.46,8873.49,5735300000,100651610000
2022-10-28,801150.SI,8783.81,8875.47,8632.81,8665.05,4973060000,84797130000
2022-10-31,801150.SI,8578.58,8746.50,8503.77,8670.85,5072190000,88828290000
2022-11-01,801150.SI,8693.55,8921.96,8582.94,8921.96,6039540000,107866550000
2022-11-02,801150.SI,8847.86,9236.07,8840.19,9042.71,7689500000,141019180000
2022-11-03,801150.SI,8918.71,9074.37,8897.21,8992.20,4874550000,87607910000
2022-11-04,801150.SI,8994.42,9221.21,8994.38,9152.09,5001500000,95446770000
2022-11-07,801150.SI,9136.90,9172.87,9071.23,9150.55,4815650000,86651900000
2022-11-08,801150.SI,9139.24,9139.26,9006.36,9091.86,4906160000,82006420000
2022-11-09,801150.SI,9066.81,9238.18,9066.81,9174.68,6254150000,95892500000
2022-11-10,801150.SI,9137.92,9240.97,9115.53,9132.58,6632910000,102577210000
2022-11-11,801150.SI,9366.23,9451.95,9109.63,9112.88,10310180000,171180660000
2022-11-14,801150.SI,9101.11,9467.72,9071.38,9425.67,9387020000,149801890000
2022-11-15,801150.SI,9446.13,9491.30,9263.47,9491.30,8238860000,138350010000
2022-11-16,801150.SI,9484.28,9639.58,9405.41,9461.07,7496410000,130959040000
2022-11-17,801150.SI,9405.04,9547.17,9398.66,9540.67,7731480000,122413800000
2022-11-18,801150.SI,9575.95,9744.17,9555.49,9673.36,9631070000,158656710000
2022-11-21,801150.SI,9575.20,9666.56,9479.15,9665.92,8189770000,141902990000
2022-11-22,801150.SI,9642.70,9761.46,9315.67,9373.55,8772350000,142678480000
2022-11-23,801150.SI,9349.13,9357.25,9060.39,9154.21,6492600000,104176600000
2022-11-24,801150.SI,9173.26,9285.00,9172.03,9278.13,5769540000,94768710000
2022-11-25,801150.SI,9232.90,9232.90,9042.57,9201.27,5424540000,84914800000
2022-11-28,801150.SI,9053.67,9201.30,9047.01,9121.20,5829400000,94131230000
2022-11-29,801150.SI,9105.96,9386.82,9105.96,9371.53,7525780000,123751730000
2022-11-30,801150.SI,9354.71,9404.33,9239.65,9309.53,6361220000,104261690000
2022-12-01,801150.SI,9436.77,9447.15,9228.52,9328.42,7486790000,126024120000
2022-12-02,801150.SI,9289.95,9368.17,9289.95,9309.95,5530510000,89338750000
2022-12-05,801150.SI,9391.70,9443.75,9287.20,9347.05,7189510000,120212100000
2022-12-06,801150.SI,9320.80,9405.47,9203.00,9226.56,7023800000,117277340000
2022-12-07,801150.SI,9203.31,9405.13,9130.10,9377.21,8405740000,124107660000
2022-12-08,801150.SI,9384.55,9443.78,9303.92,9386.07,9326160000,141777500000
2022-12-09,801150.SI,9367.69,9481.09,9335.09,9439.72,9097180000,146975440000
2022-12-12,801150.SI,9486.86,9651.24,9486.86,9612.37,10510740000,158458920000
2022-12-13,801150.SI,9625.38,9625.38,9405.10,9555.69,10008570000,149466930000
2022-12-14,801150.SI,9536.56,9556.90,9365.16,9376.94,8585140000,135751600000
2022-12-15,801150.SI,9349.68,9431.43,9301.72,9352.37,6328250000,102606090000
2022-12-16,801150.SI,9340.10,9501.21,9340.10,9473.69,7982760000,123590680000
2022-12-19,801150.SI,9490.98,9490.98,9083.17,9103.10,8080610000,129077840000
2022-12-20,801150.SI,9060.34,9110.84,8922.70,8938.14,5664000000,88478390000
2022-12-21,801150.SI,8951.86,9012.28,8899.25,8940.20,5159100000,81401970000
2022-12-22,801150.SI,8980.04,9079.92,8879.17,8897.78,5496380000,87051320000
2022-12-23,801150.SI,8863.33,9016.40,8863.33,8981.87,4491790000,76298380000
2022-12-26,801150.SI,9004.27,9039.89,8933.12,8963.95,4668470000,76516030000
2022-12-27,801150.SI,8976.60,8976.60,8779.76,8919.11,5473460000,86309780000
2022-12-28,801150.SI,8901.25,9015.52,8901.24,8947.20,4621390000,74686940000
2022-12-29,801150.SI,8914.28,9147.32,8911.64,9100.72,5238500000,84544160000
2022-12-30,801150.SI,9115.73,9131.59,9051.81,9069.94,4416320000,69126360000
2023-01-03,801150.SI,9109.48,9222.72,9100.17,9182.31,5555870000,84560620000
2023-01-04,801150.SI,9176.91,9252.99,9162.30,9210.36,5069620000,78252750000
2023-01-05,801150.SI,9228.68,9405.63,9189.84,9371.84,4436490000,82792860000
2023-01-06,801150.SI,9362.30,9362.44,9266.89,9288.82,3936190000,65466610000
2023-01-09,801150.SI,9298.02,9378.93,9283.32,9349.21,3669120000,65798970000
2023-01-10,801150.SI,9349.49,9460.79,9287.21,9423.52,3475280000,65896860000
2023-01-11,801150.SI,9422.40,9471.30,9377.89,9380.36,3529440000,66209630000
2023-01-12,801150.SI,9382.73,9437.44,9314.94,9341.99,3322010000,59135760000
2023-01-13,801150.SI,9367.48,9541.64,9333.50,9541.64,3305370000,63464210000
2023-01-16,801150.SI,9558.45,9876.21,9558.45,9767.22,4516350000,95397450000
2023-01-17,801150.SI,9771.54,9771.61,9643.18,9667.92,3258210000,63158060000
2023-01-18,801150.SI,9671.23,9671.23,9598.87,9609.97,2448350000,45899080000
2023-01-19,801150.SI,9613.85,9835.24,9573.02,9776.17,3012370000,62107940000
2023-01-20,801150.SI,9785.50,9888.42,9768.45,9779.75,2967290000,55738360000
2023-01-30,801150.SI,9870.38,9870.38,9707.97,9711.76,4220340000,74629780000
2023-01-31,801150.SI,9689.56,9703.81,9562.70,9566.21,3700700000,63747590000
2023-02-01,801150.SI,9579.29,9669.51,9524.89,9669.46,3802820000,67289920000
2023-02-02,801150.SI,9685.31,9834.32,9653.51,9744.43,3768970000,69222050000
2023-02-03,801150.SI,9719.38,9752.76,9586.61,9667.04,3253700000,58171070000
2023-02-06,801150.SI,9612.61,9631.98,9512.91,9548.89,2875020000,56418460000
2023-02-07,801150.SI,9575.26,9609.64,9462.20,9508.34,2855880000,49048140000
2023-02-08,801150.SI,9519.04,9610.49,9519.01,9531.35,2658330000,45798700000
2023-02-09,801150.SI,9516.91,9615.39,9513.96,9615.39,2949570000,48981310000
2023-02-10,801150.SI,9609.03,9644.17,9536.04,9604.07,2936770000,49937260000
2023-02-13,801150.SI,9603.92,9755.78,9603.92,9684.94,3359360000,62024470000
2023-02-14,801150.SI,9707.73,9734.51,9662.16,9734.51,3531320000,56422260000
2023-02-15,801150.SI,9733.63,9738.41,9618.22,9629.84,3645580000,62140110000
2023-02-16,801150.SI,9648.71,9746.11,9499.19,9553.54,5671520000,89138800000
2023-02-17,801150.SI,9539.32,9673.00,9518.06,9596.98,5890290000,92099900000
2023-02-20,801150.SI,9610.33,9698.46,9478.14,9690.02,4703930000,77988120000
2023-02-21,801150.SI,9681.48,9713.65,9625.53,9671.64,3790000000,61895560000
2023-02-22,801150.SI,9632.58,9727.10,9624.10,9639.89,3511610000,59842250000
2023-02-23,801150.SI,9630.42,9707.40,9542.41,9576.53,3524560000,57564470000
2023-02-24,801150.SI,9578.45,9584.64,9492.48,9509.41,2617410000,44918810000
2023-02-27,801150.SI,9488.96,9521.67,9394.77,9416.41,2931300000,51000390000
2023-02-28,801150.SI,9424.26,9578.26,9424.26,9577.38,4029180000,63820710000
2023-03-01,801150.SI,9592.91,9592.91,9499.33,9572.93,3904580000,64886950000
2023-03-02,801150.SI,9551.56,9551.56,9462.04,9469.68,3104940000,49964860000
2023-03-03,801150.SI,9481.86,9563.36,9437.66,9473.96,2729750000,45667850000
2023-03-06,801150.SI,9475.60,9546.71,9429.10,9515.46,3060150000,54731470000
2023-03-07,801150.SI,9511.95,9578.95,9354.16,9354.16,3647250000,60336380000
2023-03-08,801150.SI,9325.56,9368.39,9291.68,9329.62,2468030000,41206200000
2023-03-09,801150.SI,9341.84,9386.65,9318.73,9351.68,2541020000,43285330000
2023-03-10,801150.SI,9306.33,9384.65,9247.55,9325.39,2860050000,48051690000
2023-03-13,801150.SI,9285.85,9336.80,9249.49,9335.16,3029820000,54171280000
2023-03-14,801150.SI,9326.63,9406.11,9239.98,9264.99,3120260000,50418120000
2023-03-15,801150.SI,9308.64,9426.51,9308.52,9327.96,3507820000,55597540000
2023-03-16,801150.SI,9296.74,9411.55,9272.01,9284.98,3768010000,63763700000
2023-03-17,801150.SI,9322.06,9336.09,9114.95,9139.93,3580320000,68143850000
2023-03-20,801150.SI,9123.63,9123.75,8953.59,9001.43,3472180000,60370030000
2023-03-21,801150.SI,9029.40,9218.30,9029.22,9218.30,2538950000,51593680000
2023-03-22,801150.SI,9247.25,9305.68,9204.11,9240.16,2813160000,49756740000
2023-03-23,801150.SI,9220.38,9286.13,9191.50,9227.77,2723450000,48264690000
2023-03-24,801150.SI,9247.31,9287.83,9119.24,9126.20,3266260000,54808280000
2023-03-27,801150.SI,9122.33,9277.03,9051.05,9208.75,3081160000,59650740000
2023-03-28,801150.SI,9219.55,9302.77,9190.85,9253.76,3259470000,60184790000
2023-03-29,801150.SI,9260.36,9260.58,9168.69,9184.65,3084480000,52956820000
2023-03-30,801150.SI,9190.57,9210.05,9112.83,9196.19,2670540000,45062530000
2023-03-31,801150.SI,9199.63,9263.55,9199.60,9238.91,3409600000,60976840000
2023-04-03,801150.SI,9229.33,9229.33,9116.91,9139.89,3509070000,64319990000
2023-04-04,801150.SI,9143.95,9211.57,9134.96,9211.57,3519930000,65402820000
2023-04-06,801150.SI,9203.94,9284.25,9203.94,9274.21,3505290000,61708490000
2023-04-07,801150.SI,9273.61,9478.68,9270.79,9473.83,3709210000,70820730000
2023-04-10,801150.SI,9490.41,9551.56,9458.16,9468.83,3702600000,67160150000
2023-04-11,801150.SI,9490.24,9545.91,9398.60,9454.61,2851790000,54338600000
2023-04-12,801150.SI,9453.09,9528.77,9399.15,9409.91,2853480000,52152350000
2023-04-13,801150.SI,9392.66,9575.11,9333.57,9555.77,3315260000,65988220000
2023-04-14,801150.SI,9600.98,9687.77,9511.11,9546.25,3185950000,63494650000
2023-04-17,801150.SI,9525.21,9594.44,9461.71,9574.42,3321920000,63655410000
2023-04-18,801150.SI,9523.71,9525.06,9453.07,9473.55,2933750000,57932490000
2023-04-19,801150.SI,9461.99,9467.85,9362.96,9374.76,2930340000,54585480000
2023-04-20,801150.SI,9374.39,9392.78,9215.08,9237.68,2921640000,53239270000
2023-04-21,801150.SI,9222.26,9287.56,9148.28,9149.20,3595470000,67407730000
2023-04-24,801150.SI,9182.27,9245.73,9087.59,9131.18,4192460000,74335570000
2023-04-25,801150.SI,9122.54,9122.58,8844.60,8932.67,4442630000,77732350000
2023-04-26,801150.SI,8917.98,9038.71,8917.92,9008.79,3705200000,66598130000
2023-04-27,801150.SI,9010.64,9229.10,9010.60,9187.31,4828940000,82858540000
2023-04-28,801150.SI,9186.95,9238.81,9107.32,9198.21,4594450000,75797070000
2023-05-04,801150.SI,9178.70,9319.55,9177.40,9286.37,4488790000,77779750000
2023-05-05,801150.SI,9286.03,9286.12,9100.59,9127.08,3885130000,63533840000
2023-05-08,801150.SI,9162.02,9199.89,9039.18,9090.21,3536510000,64248010000
2023-05-09,801150.SI,9074.01,9084.76,8953.78,8953.85,3475080000,61881550000
2023-05-10,801150.SI,8943.40,8988.94,8885.48,8970.86,2920750000,48751190000
2023-05-11,801150.SI,8980.54,9082.18,8924.91,8927.33,2979440000,50085820000
2023-05-12,801150.SI,8921.81,9019.13,8907.35,8920.87,3081000000,49473800000
2023-05-15,801150.SI,8907.18,9024.09,8845.14,9023.63,3168430000,50810950000
2023-05-16,801150.SI,9045.18,9132.12,9016.87,9101.62,3476060000,62011420000
2023-05-17,801150.SI,9077.78,9077.87,9001.85,9063.89,2940870000,48392930000
2023-05-18,801150.SI,9060.23,9107.34,8973.74,9010.54,2627490000,43443260000
2023-05-19,801150.SI,8998.44,9147.09,8964.57,9122.26,2924240000,50792060000
2023-05-22,801150.SI,9123.72,9210.17,9116.33,9163.10,2834650000,49048300000
2023-05-23,801150.SI,9170.73,9295.20,9170.73,9196.28,3929870000,66328270000
2023-05-24,801150.SI,9156.64,9156.65,9028.62,9071.19,3334220000,55713230000
2023-05-25,801150.SI,9046.92,9069.32,8940.82,9002.72,2774440000,45837780000
2023-05-26,801150.SI,8998.46,9163.76,8995.46,9124.51,3238890000,55195750000
2023-05-29,801150.SI,9121.39,9181.33,9060.11,9115.89,3421430000,58916980000
2023-05-30,801150.SI,9107.50,9143.47,8922.43,9052.12,2985090000,54497040000
2023-05-31,801150.SI,9048.77,9108.70,8939.94,8968.47,3118520000,59174450000
2023-06-01,801150.SI,8955.06,9022.19,8898.34,8929.48,3047940000,57255680000
2023-06-02,801150.SI,8949.27,8980.53,8904.58,8935.36,2781390000,47927890000
2023-06-05,801150.SI,8946.78,8966.44,8887.87,8961.85,3148490000,51922320000
2023-06-06,801150.SI,8958.22,8958.38,8761.06,8773.46,3288450000,55456960000
2023-06-07,801150.SI,8783.04,8805.71,8681.92,8704.71,2746730000,48632600000
2023-06-08,801150.SI,8696.75,8702.39,8604.35,8625.35,3047030000,50861570000
2023-06-09,801150.SI,8623.34,8743.40,8607.70,8700.53,3287660000,61757890000
2023-06-12,801150.SI,8684.53,8684.94,8586.58,8658.21,3086460000,53176760000
2023-06-13,801150.SI,8644.25,8684.11,8588.81,8610.91,2613730000,43646410000
2023-06-14,801150.SI,8602.63,8685.28,8577.93,8626.79,2555810000,46370090000
2023-06-15,801150.SI,8637.35,8739.56,8605.20,8739.56,2775950000,51187780000
2023-06-16,801150.SI,8741.50,8812.57,8730.24,8753.04,3104300000,48873340000
2023-06-19,801150.SI,8745.82,8781.46,8698.49,8700.09,2863140000,47065980000
2023-06-20,801150.SI,8703.25,8738.77,8645.98,8645.98,2624520000,43262210000
2023-06-21,801150.SI,8627.32,8627.57,8476.07,8476.07,2589100000,47352780000
2023-06-26,801150.SI,8428.68,8461.05,8376.79,8398.10,2650680000,42727300000
2023-06-27,801150.SI,8411.68,8540.02,8411.49,8473.95,2333430000,38013420000
2023-06-28,801150.SI,8481.25,8488.59,8395.14,8453.20,2173600000,35122230000
2023-06-29,801150.SI,8451.42,8522.21,8444.61,8490.07,2532170000,41487260000
2023-06-30,801150.SI,8487.88,8619.53,8487.78,8565.25,2723950000,44808530000
2023-07-03,801150.SI,8571.25,8575.53,8496.73,8562.36,2735670000,45861420000
2023-07-04,801150.SI,8540.21,8614.82,8477.91,8576.13,2564090000,47931670000
2023-07-05,801150.SI,8572.74,8589.82,8516.43,8529.09,2559150000,43394750000
2023-07-06,801150.SI,8518.00,8518.00,8387.72,8399.20,2499530000,40266990000
2023-07-07,801150.SI,8384.73,8425.72,8357.28,8388.78,2148110000,34169220000
2023-07-10,801150.SI,8415.65,8480.78,8399.96,8420.03,2053170000,36681270000
2023-07-11,801150.SI,8436.80,8475.91,8401.18,8474.34,1892640000,31460940000
2023-07-12,801150.SI,8475.01,8475.88,8383.13,8390.16,2094150000,32852980000
2023-07-13,801150.SI,8420.95,8511.58,8420.70,8505.73,2226710000,42853750000
2023-07-14,801150.SI,8509.56,8509.80,8454.54,8464.32,2029690000,33269640000
2023-07-17,801150.SI,8441.87,8441.87,8363.43,8421.34,2236520000,36539320000
2023-07-18,801150.SI,8427.99,8428.11,8363.71,8394.39,1910350000,32404210000
2023-07-19,801150.SI,8375.77,8419.28,8346.24,8364.15,1663570000,27761000000
2023-07-20,801150.SI,8381.42,8413.48,8317.97,8322.58,1931680000,30544670000
2023-07-21,801150.SI,8323.54,8460.37,8316.62,8396.09,2139300000,38092210000
2023-07-24,801150.SI,8382.94,8496.17,8382.81,8459.06,2493320000,39951130000
2023-07-25,801150.SI,8515.85,8519.38,8441.52,8506.20,2571380000,42020970000
2023-07-26,801150.SI,8497.62,8593.46,8488.84,8561.25,2346240000,40067410000
2023-07-27,801150.SI,8559.85,8578.32,8530.60,8544.83,2122680000,36093400000
2023-07-28,801150.SI,8524.05,8632.09,8502.08,8627.69,2503960000,43578270000
2023-07-31,801150.SI,8645.17,8658.73,8463.05,8487.36,3575030000,70613820000
2023-08-01,801150.SI,8497.33,8552.53,8421.04,8438.12,3099370000,59539720000
2023-08-02,801150.SI,8424.82,8424.88,8306.21,8321.46,2595350000,47275270000
2023-08-03,801150.SI,8307.85,8463.70,8307.85,8462.14,3491960000,56767490000
2023-08-04,801150.SI,8472.60,8484.15,8388.62,8390.07,3243670000,52920980000
2023-08-07,801150.SI,8357.82,8357.82,8133.90,8151.73,3804700000,68584850000
2023-08-08,801150.SI,8128.99,8261.10,8098.69,8227.02,3783970000,59933760000
2023-08-09,801150.SI,8212.54,8383.41,8212.54,8337.18,4720370000,76298710000
2023-08-10,801150.SI,8318.00,8329.74,8266.85,8325.01,3649310000,56418090000
2023-08-11,801150.SI,8323.79,8403.14,8265.97,8265.97,4515980000,69137930000
2023-08-14,801150.SI,8206.70,8302.99,8173.37,8302.76,4269070000,66576850000
2023-08-15,801150.SI,8289.98,8322.39,8212.38,8305.77,4491550000,66681860000
2023-08-16,801150.SI,8281.24,8384.52,8268.15,8268.93,4454520000,69169590000
2023-08-17,801150.SI,8230.69,8282.99,8198.30,8278.32,3939960000,57160600000
2023-08-18,801150.SI,8267.43,8267.44,8063.92,8063.92,4333780000,57713690000
2023-08-21,801150.SI,8022.18,8112.40,7993.03,7994.24,3072610000,44880140000
2023-08-22,801150.SI,8011.66,8025.77,7826.64,7932.84,3396220000,50274330000
2023-08-23,801150.SI,7928.34,7928.39,7803.01,7803.01,2715170000,39933940000
2023-08-24,801150.SI,7808.42,7964.61,7766.36,7917.45,2881150000,46637050000
2023-08-25,801150.SI,7896.81,7945.91,7830.68,7852.96,2874230000,46443810000
2023-08-28,801150.SI,8260.31,8260.31,7890.75,7907.06,4236440000,66480050000
2023-08-29,801150.SI,7895.02,8100.63,7894.88,8084.42,3416420000,57506680000
2023-08-30,801150.SI,8100.08,8131.53,8048.99,8083.60,3035380000,49581550000
2023-08-31,801150.SI,8079.01,8110.77,8022.38,8083.63,3332260000,49717850000
2023-09-01,801150.SI,8087.56,8096.73,8025.06,8036.41,2522900000,37389240000
2023-09-04,801150.SI,8066.14,8103.99,8033.08,8081.50,2710640000,41786740000
2023-09-05,801150.SI,8066.77,8097.04,8042.40,8051.81,2354630000,35831560000
2023-09-06,801150.SI,8026.37,8026.44,7944.45,7963.32,2039290000,34373960000
2023-09-07,801150.SI,7956.85,7956.86,7832.53,7837.05,2191630000,34359590000
2023-09-08,801150.SI,7822.79,7877.05,7822.79,7852.32,1677300000,25984350000
2023-09-11,801150.SI,7861.20,8075.12,7861.13,8058.12,3522420000,56970870000
2023-09-12,801150.SI,8054.72,8135.19,8040.55,8088.47,3695350000,48571650000
2023-09-13,801150.SI,8079.73,8096.92,7960.60,8012.04,3025340000,39881110000
2023-09-14,801150.SI,8020.15,8056.79,7972.59,8034.46,2890170000,40599520000
2023-09-15,801150.SI,8050.56,8233.08,8034.05,8186.03,4352260000,65031920000
2023-09-18,801150.SI,8186.34,8286.97,8186.34,8281.01,3971140000,60010130000
2023-09-19,801150.SI,8277.94,8314.55,8228.89,8262.46,3866070000,52564920000
2023-09-20,801150.SI,8246.31,8272.26,8212.72,8230.31,3404420000,46806810000
2023-09-21,801150.SI,8210.18,8210.18,8128.52,8135.08,3251000000,45320660000
2023-09-22,801150.SI,8133.42,8218.44,8055.66,8214.71,3808980000,54406700000
2023-09-25,801150.SI,8206.58,8358.36,8199.30,8329.72,4591300000,75077790000
2023-09-26,801150.SI,8327.84,8338.99,8269.21,8278.78,3728300000,57279420000
2023-09-27,801150.SI,8300.89,8484.15,8300.84,8464.63,5059060000,86474190000
2023-09-28,801150.SI,8482.40,8505.31,8420.09,8430.98,4759970000,77200460000
2023-10-09,801150.SI,8434.94,8452.81,8320.84,8438.22,4371400000,74778670000
2023-10-10,801150.SI,8446.62,8446.62,8288.60,8290.98,4118130000,67579450000
2023-10-11,801150.SI,8316.57,8561.84,8316.54,8470.33,4957670000,89142520000
2023-10-12,801150.SI,8540.40,8589.26,8463.54,8535.75,4983560000,79615270000
2023-10-13,801150.SI,8507.24,8609.66,8507.24,8599.48,5920430000,94398720000
2023-10-16,801150.SI,8628.27,8655.83,8458.96,8490.34,5676020000,96997910000
2023-10-17,801150.SI,8495.01,8495.64,8356.94,8448.92,4851050000,79081240000
2023-10-18,801150.SI,8421.33,8421.83,8264.04,8277.42,4401380000,70615770000
2023-10-19,801150.SI,8225.48,8226.23,8116.65,8116.65,4122180000,65786680000
2023-10-20,801150.SI,8080.66,8094.91,7994.88,8007.66,3868680000,60126260000
2023-10-23,801150.SI,7979.90,8025.59,7894.25,7929.90,3778330000,57365330000
2023-10-24,801150.SI,7955.80,8058.63,7889.84,8027.94,3683760000,60019830000
2023-10-25,801150.SI,8065.71,8073.39,7981.03,7984.28,3990840000,67045570000
2023-10-26,801150.SI,7950.01,8051.23,7941.11,8045.10,3989590000,63472660000
2023-10-27,801150.SI,8018.48,8406.64,7981.62,8375.74,6149690000,97786430000
2023-10-30,801150.SI,8375.22,8600.49,8375.19,8586.14,6420020000,112772860000
2023-10-31,801150.SI,8567.95,8642.19,8532.70,8589.00,5798770000,100904230000
2023-11-01,801150.SI,8592.82,8593.04,8465.85,8554.47,5302090000,80063700000
2023-11-02,801150.SI,8565.82,8580.58,8502.28,8503.96,4442030000,68981870000
2023-11-03,801150.SI,8501.74,8574.11,8492.40,8515.42,4097280000,66336960000
2023-11-06,801150.SI,8592.89,8739.78,8592.14,8703.41,5018590000,88674920000
2023-11-07,801150.SI,8692.52,8735.80,8662.57,8664.87,4465100000,74139100000
2023-11-08,801150.SI,8656.50,8807.21,8653.32,8764.87,5158500000,87271720000
2023-11-09,801150.SI,8763.78,8837.74,8641.17,8656.43,4938960000,80533590000
2023-11-10,801150.SI,8613.83,8727.88,8579.20,8675.06,4222870000,68646530000
2023-11-13,801150.SI,8689.71,8701.32,8570.93,8618.43,3817020000,63283590000
2023-11-14,801150.SI,8622.86,8671.84,8598.60,8636.71,3504140000,56956280000
2023-11-15,801150.SI,8721.80,8730.11,8644.67,8678.86,3659840000,62749310000
2023-11-16,801150.SI,8651.72,8690.25,8567.16,8573.01,3238140000,51936390000
2023-11-17,801150.SI,8557.30,8660.75,8551.16,8660.38,3683960000,57562310000
2023-11-20,801150.SI,8676.75,8765.74,8676.75,8757.04,4543570000,73968410000
2023-11-21,801150.SI,8763.25,8823.25,8739.76,8756.34,4472480000,71166820000
2023-11-22,801150.SI,8729.23,8748.94,8678.24,8678.24,4211740000,66552970000
2023-11-23,801150.SI,8683.94,8766.57,8683.94,8766.57,5291260000,78136080000
2023-11-24,801150.SI,8772.64,8803.55,8740.64,8799.41,6456750000,94397860000
2023-11-27,801150.SI,8811.75,8811.75,8707.41,8718.07,6312490000,96322750000
2023-11-28,801150.SI,8693.51,8845.50,8664.00,8838.20,5153110000,82031170000
2023-11-29,801150.SI,8825.93,8862.55,8757.46,8768.49,3915550000,62833700000
2023-11-30,801150.SI,8760.06,8843.94,8754.76,8837.55,4507790000,75388020000
2023-12-01,801150.SI,8833.51,8867.97,8770.48,8843.95,4284830000,73398520000
2023-12-04,801150.SI,8833.13,8833.22,8684.97,8710.30,4739380000,80688080000
2023-12-05,801150.SI,8689.60,8730.97,8635.70,8635.70,4707120000,79332540000
2023-12-06,801150.SI,8623.48,8737.46,8572.73,8658.66,4312980000,75714740000
2023-12-07,801150.SI,8645.47,8653.30,8563.19,8564.98,4165830000,76586430000
2023-12-08,801150.SI,8548.64,8650.35,8545.64,8613.85,4559140000,90582700000
2023-12-11,801150.SI,8577.83,8688.39,8521.73,8672.51,4051950000,72949920000
2023-12-12,801150.SI,8684.89,8686.78,8613.47,8646.23,3633910000,66702540000
2023-12-13,801150.SI,8640.23,8726.65,8637.56,8639.50,5010470000,79102600000
2023-12-14,801150.SI,8678.60,8711.96,8584.95,8588.56,4270240000,70135610000
2023-12-15,801150.SI,8602.96,8604.01,8428.85,8445.09,4088790000,66344870000
2023-12-18,801150.SI,8426.37,8536.26,8413.23,8430.25,3530710000,57253660000
2023-12-19,801150.SI,8418.49,8419.02,8325.20,8376.37,3040970000,49748720000
2023-12-20,801150.SI,8389.47,8438.21,8311.32,8311.52,2728110000,45093790000
2023-12-21,801150.SI,8278.38,8344.41,8217.20,8331.38,3123530000,51871520000
2023-12-22,801150.SI,8328.36,8330.35,8216.75,8240.09,2926460000,49428520000
2023-12-25,801150.SI,8220.67,8279.60,8211.63,8270.71,2639780000,42408720000
2023-12-26,801150.SI,8269.74,8276.06,8165.44,8199.90,2677730000,43493500000
2023-12-27,801150.SI,8204.26,8260.58,8166.74,8249.08,2654590000,45170760000
2023-12-28,801150.SI,8250.40,8357.17,8202.96,8334.09,3483960000,60726730000
2023-12-29,801150.SI,8329.10,8446.00,8329.10,8430.68,3125640000,56954770000
2024-01-02,801150.SI,8439.28,8439.34,8342.53,8388.46,3557470000,60197700000
2024-01-03,801150.SI,8369.24,8477.51,8350.24,8382.23,3431030000,55556690000
2024-01-04,801150.SI,8373.30,8373.72,8285.97,8335.72,3166710000,52441730000
2024-01-05,801150.SI,8325.58,8325.89,8141.02,8166.33,3462710000,59811000000
2024-01-08,801150.SI,8145.04,8146.32,8010.64,8010.64,3212530000,51911130000
2024-01-09,801150.SI,8018.94,8094.78,7995.59,8034.62,2861750000,47157920000
2024-01-10,801150.SI,8021.16,8054.13,7951.75,7965.30,2797080000,47847170000
2024-01-11,801150.SI,8003.73,8060.67,7944.11,8040.69,2986860000,51274260000
2024-01-12,801150.SI,8013.56,8061.52,7945.53,7945.64,2697620000,45500030000
2024-01-15,801150.SI,7912.47,8041.74,7904.59,7963.66,2678460000,44880120000
2024-01-16,801150.SI,7961.25,7963.47,7843.12,7942.62,2873720000,44878260000
2024-01-17,801150.SI,7923.30,7941.54,7726.29,7726.29,2709130000,43677920000
2024-01-18,801150.SI,7687.23,7741.68,7514.75,7739.72,3982650000,58400710000
2024-01-19,801150.SI,7716.93,7768.03,7681.93,7699.90,2461180000,39979190000
2024-01-22,801150.SI,7689.65,7690.09,7327.29,7366.78,3612450000,55318160000
2024-01-23,801150.SI,7348.12,7449.07,7295.71,7415.73,3369890000,45582100000
2024-01-24,801150.SI,7455.49,7488.90,7245.67,7468.87,3292820000,46638170000
2024-01-25,801150.SI,7465.53,7645.95,7426.98,7638.70,3834790000,56591960000
2024-01-26,801150.SI,7603.87,7677.68,7463.23,7489.66,3718620000,58855590000
2024-01-29,801150.SI,7502.56,7529.94,7315.65,7320.14,3545350000,59432260000
2024-01-30,801150.SI,7268.37,7297.07,7136.87,7138.24,3060200000,49511540000
2024-01-31,801150.SI,7072.99,7082.65,6852.53,6863.18,4089180000,58412430000
2024-02-01,801150.SI,6834.62,6996.79,6788.40,6865.74,3828590000,54899390000
2024-02-02,801150.SI,6878.98,6928.16,6468.04,6620.02,4770680000,63542130000
2024-02-05,801150.SI,6553.53,6674.61,6245.52,6500.61,5824570000,78437050000
2024-02-06,801150.SI,6429.94,7011.05,6429.94,6978.73,6429750000,85027490000
2024-02-07,801150.SI,7016.59,7238.98,7016.59,7192.83,7079440000,99645680000
2024-02-08,801150.SI,7196.21,7359.90,7193.32,7302.33,7127970000,95856450000
2024-02-19,801150.SI,7341.29,7341.29,7210.23,7295.14,5750330000,79065550000
2024-02-20,801150.SI,7264.18,7415.28,7259.34,7371.05,4594560000,67591420000
2024-02-21,801150.SI,7314.80,7523.22,7298.74,7391.60,5100270000,73372230000
2024-02-22,801150.SI,7368.13,7427.17,7358.42,7427.17,4070340000,57302640000
2024-02-23,801150.SI,7432.73,7455.14,7352.98,7455.14,4233950000,60856220000
2024-02-26,801150.SI,7450.69,7582.81,7400.85,7498.71,4552340000,65921340000
2024-02-27,801150.SI,7475.08,7604.36,7467.80,7604.36,4085720000,59364360000
2024-02-28,801150.SI,7639.11,7788.91,7417.08,7417.08,6733360000,94518640000
2024-02-29,801150.SI,7363.21,7584.21,7363.21,7583.92,4782680000,70107230000
2024-03-01,801150.SI,7580.83,7588.31,7509.64,7583.45,3898060000,59151720000
2024-03-04,801150.SI,7570.69,7769.28,7570.69,7720.65,4919480000,80136200000
2024-03-05,801150.SI,7671.22,7674.87,7612.77,7639.24,4169100000,67422330000
2024-03-06,801150.SI,7627.08,7651.97,7521.99,7592.52,3320870000,52240440000
2024-03-07,801150.SI,7535.09,7552.83,7378.98,7378.98,3780380000,60746050000
2024-03-08,801150.SI,7377.19,7440.73,7344.32,7413.30,3240900000,52194240000
2024-03-11,801150.SI,7426.45,7604.99,7406.02,7603.80,3762790000,61799140000
2024-03-12,801150.SI,7631.31,7755.44,7631.28,7739.34,5198070000,80032900000
2024-03-13,801150.SI,7726.88,7737.35,7641.67,7710.77,4338880000,65853360000
2024-03-14,801150.SI,7903.62,7920.90,7697.16,7743.16,5365120000,99742420000
2024-03-15,801150.SI,7712.95,7822.06,7662.51,7754.07,4351430000,74681350000
2024-03-18,801150.SI,7758.72,7862.89,7683.66,7862.34,5176420000,84478510000
2024-03-19,801150.SI,7831.77,7845.83,7762.29,7762.29,4706990000,74422590000
2024-03-20,801150.SI,7745.30,7811.57,7709.41,7783.01,4650110000,72326660000
2024-03-21,801150.SI,7788.53,7796.23,7710.41,7720.03,4524590000,70688720000
2024-03-22,801150.SI,7700.28,7700.87,7537.95,7588.74,4564490000,70776960000
2024-03-25,801150.SI,7584.76,7629.96,7479.01,7479.01,4095900000,65178620000
2024-03-26,801150.SI,7471.39,7486.84,7399.21,7448.94,3531560000,54538790000
2024-03-27,801150.SI,7442.40,7475.76,7359.22,7359.22,3998450000,58551760000
2024-03-28,801150.SI,7339.26,7471.91,7315.75,7397.23,4022100000,59839270000
2024-03-29,801150.SI,7383.34,7413.26,7339.15,7412.10,3342500000,50196310000
2024-04-01,801150.SI,7425.13,7541.28,7424.81,7541.28,4008040000,61891480000
2024-04-02,801150.SI,7535.51,7535.63,7440.69,7467.97,3561600000,55382830000
2024-04-03,801150.SI,7451.52,7497.39,7419.98,7455.44,3638710000,52844390000
2024-04-08,801150.SI,7423.18,7423.18,7296.98,7296.98,3720230000,56012760000
2024-04-09,801150.SI,7294.26,7438.61,7245.92,7438.61,3440490000,54637380000
2024-04-10,801150.SI,7419.52,7420.55,7290.12,7316.08,3300870000,49205250000
2024-04-11,801150.SI,7283.57,7346.92,7272.88,7278.44,3024410000,49223560000
2024-04-12,801150.SI,7279.82,7322.80,7222.52,7229.60,3120100000,47625790000
2024-04-15,801150.SI,7213.92,7292.37,7148.19,7219.71,4616960000,64017370000
2024-04-16,801150.SI,7172.42,7202.02,7034.98,7034.98,4830400000,67479050000
2024-04-17,801150.SI,7055.36,7191.40,7053.99,7191.40,4364740000,63483810000
2024-04-18,801150.SI,7185.35,7256.11,7131.70,7151.11,3794200000,60226770000
2024-04-19,801150.SI,7116.55,7142.23,7050.75,7106.83,3310410000,51811100000
2024-04-22,801150.SI,7105.26,7223.60,7094.90,7164.25,3567600000,56487990000
2024-04-23,801150.SI,7147.88,7249.69,7085.19,7227.58,3636450000,62373990000
2024-04-24,801150.SI,7218.80,7233.87,7169.70,7233.87,3257320000,53322990000
2024-04-25,801150.SI,7219.55,7366.12,7219.51,7301.45,3833030000,57817650000
2024-04-26,801150.SI,7275.59,7425.65,7275.59,7421.62,4782040000,76777150000
2024-04-29,801150.SI,7430.70,7601.22,7430.70,7573.23,5098810000,83669810000
2024-04-30,801150.SI,7556.91,7643.28,7548.12,7606.12,5246030000,75821200000
2024-05-06,801150.SI,7694.61,7833.08,7688.30,7825.68,6054170000,97260160000
2024-05-07,801150.SI,7834.72,7870.14,7799.66,7857.34,5350710000,80815840000
2024-05-08,801150.SI,7854.68,7893.07,7784.28,7823.47,6065390000,87840730000
2024-05-09,801150.SI,7811.27,7932.81,7786.74,7896.46,6113260000,88929240000
2024-05-10,801150.SI,7892.85,7904.41,7797.73,7804.37,5759540000,82817810000
2024-05-13,801150.SI,7814.49,7820.97,7729.34,7747.94,5500910000,89200400000
2024-05-14,801150.SI,7726.57,7846.22,7726.56,7803.86,5020530000,79210240000
2024-05-15,801150.SI,7782.29,7782.62,7680.80,7683.41,4127700000,61833170000
2024-05-16,801150.SI,7691.67,7706.03,7630.15,7643.70,3910030000,59962460000
2024-05-17,801150.SI,7645.22,7664.05,7568.74,7638.61,3709520000,57498420000
2024-05-20,801150.SI,7629.59,7672.03,7605.17,7646.43,3878530000,58766070000
2024-05-21,801150.SI,7634.57,7635.03,7555.54,7578.76,3321780000,50065460000
2024-05-22,801150.SI,7590.21,7603.92,7515.67,7540.15,3310980000,49481540000
2024-05-23,801150.SI,7523.36,7523.69,7406.50,7421.55,3604620000,49761470000
2024-05-24,801150.SI,7417.52,7457.71,7353.06,7353.06,3043440000,44476960000
2024-05-27,801150.SI,7361.20,7395.33,7281.92,7395.33,3236180000,48701210000
2024-05-28,801150.SI,7377.20,7377.70,7313.50,7322.98,2756030000,40594850000
2024-05-29,801150.SI,7302.90,7334.85,7279.23,7299.26,2582650000,36812970000
2024-05-30,801150.SI,7283.07,7340.53,7248.87,7273.01,2581270000,37658350000
2024-05-31,801150.SI,7303.77,7342.26,7284.24,7284.24,2597550000,39793180000
2024-06-03,801150.SI,7276.40,7309.36,7170.91,7209.87,3500320000,53190780000
2024-06-04,801150.SI,7198.31,7320.64,7198.31,7307.34,3142740000,48376920000
2024-06-05,801150.SI,7296.14,7375.86,7270.82,7270.82,2875740000,43225040000
2024-06-06,801150.SI,7274.93,7288.00,7134.76,7151.27,3999210000,52104030000
2024-06-07,801150.SI,7183.51,7213.93,7101.24,7138.19,2976970000,41589560000
2024-06-11,801150.SI,7120.46,7210.48,7077.46,7210.48,2675200000,39818180000
2024-06-12,801150.SI,7201.68,7282.07,7179.32,7216.72,3037360000,49269320000
2024-06-13,801150.SI,7221.45,7221.54,7131.24,7147.63,3099210000,51237400000
2024-06-14,801150.SI,7129.83,7130.00,7030.48,7084.96,3432520000,63680380000
2024-06-17,801150.SI,7046.92,7093.32,7046.92,7083.59,2697630000,43717390000
2024-06-18,801150.SI,7079.06,7079.06,7034.48,7047.80,2658980000,41337730000
2024-06-19,801150.SI,7049.20,7049.20,6964.10,6964.10,2491110000,36712420000
2024-06-20,801150.SI,6960.08,6960.08,6865.38,6866.70,3411550000,50178850000
2024-06-21,801150.SI,6849.22,6944.40,6830.17,6892.46,2877860000,43315330000
2024-06-24,801150.SI,6854.58,6871.12,6734.67,6737.99,3343590000,46803820000
2024-06-25,801150.SI,6739.49,6770.03,6674.70,6707.23,2833130000,41220820000
2024-06-26,801150.SI,6695.13,6846.57,6686.07,6844.43,3194780000,43893990000
2024-06-27,801150.SI,6821.15,6821.77,6700.33,6703.73,2733870000,37736470000
2024-06-28,801150.SI,6691.49,6763.66,6639.19,6652.73,3063440000,40098800000
2024-07-01,801150.SI,6643.97,6717.41,6576.65,6700.61,3013480000,40837170000
2024-07-02,801150.SI,6698.65,6713.72,6634.71,6653.06,2987480000,38853830000
2024-07-03,801150.SI,6645.14,6651.61,6581.65,6585.15,2689620000,38127310000
2024-07-04,801150.SI,6587.46,6593.40,6441.91,6458.65,3105250000,38381620000
2024-07-05,801150.SI,6454.76,6675.44,6429.11,6659.91,4440310000,49908620000
2024-07-08,801150.SI,6639.34,6639.93,6454.81,6472.63,3721480000,43033990000
2024-07-09,801150.SI,6458.27,6507.19,6357.12,6484.87,3851590000,45620010000
2024-07-10,801150.SI,6461.77,6540.89,6432.41,6464.56,3275370000,39817660000
2024-07-11,801150.SI,6549.90,6657.07,6508.46,6629.33,4204450000,52993870000
2024-07-12,801150.SI,6635.14,6692.51,6629.05,6654.55,3495900000,43304950000
2024-07-15,801150.SI,6628.63,6635.75,6545.70,6571.36,2968550000,36210670000
2024-07-16,801150.SI,6556.36,6577.99,6536.80,6563.60,2604500000,33049260000
2024-07-17,801150.SI,6556.64,6672.92,6543.22,6651.31,3105200000,44579590000
2024-07-18,801150.SI,6622.90,6718.02,6591.32,6714.18,3495380000,46637640000
2024-07-19,801150.SI,6692.68,6770.43,6677.21,6740.49,3179980000,42623120000
2024-07-22,801150.SI,6733.71,6822.88,6705.98,6782.23,3100430000,42352750000
2024-07-23,801150.SI,6776.04,6776.34,6562.32,6562.32,3484970000,46307040000
2024-07-24,801150.SI,6546.69,6585.86,6455.87,6467.16,3312520000,40705540000
2024-07-25,801150.SI,6432.12,6515.61,6410.89,6459.50,2727390000,35735810000
2024-07-26,801150.SI,6463.26,6503.25,6422.23,6469.65,2719130000,33701920000
2024-07-29,801150.SI,6472.73,6472.77,6381.87,6385.73,2658490000,34840090000
2024-07-30,801150.SI,6390.97,6399.02,6343.38,6370.39,2980980000,42185670000
2024-07-31,801150.SI,6361.49,6667.56,6344.51,6667.56,4826410000,64239430000
2024-08-01,801150.SI,6672.09,6725.33,6593.69,6623.19,3950420000,50395210000
2024-08-02,801150.SI,6603.03,6799.63,6603.03,6677.54,5437630000,63752690000
2024-08-05,801150.SI,6658.29,6819.90,6638.19,6638.19,5630740000,66445060000
2024-08-06,801150.SI,6681.01,6764.80,6660.04,6763.27,5203590000,59075250000
2024-08-07,801150.SI,6746.54,6752.00,6674.71,6714.98,4030950000,46814490000
2024-08-08,801150.SI,6705.85,6811.24,6705.84,6756.00,5208050000,57597310000
2024-08-09,801150.SI,6774.47,6803.44,6649.96,6649.96,5272270000,54836080000
2024-08-12,801150.SI,6654.66,6800.30,6644.13,6739.21,5690050000,62590060000
2024-08-13,801150.SI,6726.21,6726.81,6622.21,6687.32,4782050000,52197670000
2024-08-14,801150.SI,6673.61,6673.77,6568.41,6591.78,3838270000,42353000000
2024-08-15,801150.SI,6595.21,6692.76,6567.76,6623.87,4326950000,47858390000
2024-08-16,801150.SI,6608.04,6666.29,6556.22,6653.23,4813570000,52713380000
2024-08-19,801150.SI,6645.15,6690.59,6578.15,6580.03,4332520000,49156280000
2024-08-20,801150.SI,6569.29,6569.90,6449.46,6469.35,3840790000,44287500000
2024-08-21,801150.SI,6449.38,6484.99,6403.21,6406.85,3123930000,36665790000
2024-08-22,801150.SI,6421.38,6453.33,6351.05,6359.65,3166960000,38893790000
2024-08-23,801150.SI,6345.39,6365.27,6291.78,6321.08,2987620000,35215540000
2024-08-26,801150.SI,6309.53,6327.38,6261.52,6294.75,3142740000,38816910000
2024-08-27,801150.SI,6282.79,6341.63,6282.78,6299.26,3286870000,38804080000
2024-08-28,801150.SI,6280.55,6339.19,6262.29,6298.30,3171370000,37115820000
2024-08-29,801150.SI,6278.43,6401.55,6267.20,6384.78,3506990000,43974150000
2024-08-30,801150.SI,6396.88,6531.67,6364.38,6448.82,4382670000,58019970000
2024-09-02,801150.SI,6437.91,6452.27,6324.66,6324.71,4099120000,52165490000
2024-09-03,801150.SI,6312.73,6436.72,6303.73,6365.28,3211760000,40898060000
2024-09-04,801150.SI,6345.56,6448.73,6341.38,6375.26,3226410000,39517730000
2024-09-05,801150.SI,6379.59,6466.15,6379.38,6441.25,3050570000,37949280000
2024-09-06,801150.SI,6449.07,6456.34,6316.57,6316.92,2981130000,34824930000
2024-09-09,801150.SI,6310.35,6398.35,6302.02,6323.10,4010030000,46008310000
2024-09-10,801150.SI,6325.61,6326.06,6202.10,6264.68,4204920000,46651870000
2024-09-11,801150.SI,6241.98,6314.71,6221.82,6288.46,3611620000,40830330000
2024-09-12,801150.SI,6289.38,6350.36,6222.51,6222.70,3655390000,43172210000
2024-09-13,801150.SI,6224.24,6224.25,6154.53,6155.55,3655520000,41827940000
2024-09-18,801150.SI,6150.15,6154.46,6068.88,6115.90,3209880000,34702930000
2024-09-19,801150.SI,6139.22,6249.45,6081.99,6188.38,3626490000,43627390000
2024-09-20,801150.SI,6181.94,6182.05,6067.51,6106.92,3352900000,41064780000
2024-09-23,801150.SI,6140.19,6175.63,6067.25,6070.89,3071440000,39451710000
2024-09-24,801150.SI,6109.19,6277.48,6061.23,6277.48,5168610000,63850970000
2024-09-25,801150.SI,6338.28,6478.15,6323.56,6361.70,6344420000,79413200000
2024-09-26,801150.SI,6342.63,6623.97,6308.45,6623.97,5927150000,78067980000
2024-09-27,801150.SI,6739.37,7090.65,6739.28,7040.11,7376970000,101583070000
2024-09-30,801150.SI,7370.81,7866.33,7278.93,7825.19,13188040000,192944410000
2024-10-08,801150.SI,8880.99,8880.99,8052.85,8490.25,16280400000,271727660000
2024-10-09,801150.SI,8265.20,8322.00,7743.31,7743.31,12085280000,195194730000
2024-10-10,801150.SI,7796.70,8019.15,7651.43,7722.60,8339440000,133622540000
2024-10-11,801150.SI,7690.88,7690.88,7274.77,7355.35,6633070000,99232250000
2024-10-14,801150.SI,7386.15,7470.28,7208.68,7451.47,5956270000,91073970000
2024-10-15,801150.SI,7438.65,7504.66,7279.49,7279.49,5713740000,83665510000
2024-10-16,801150.SI,7186.89,7317.54,7172.55,7217.50,5101800000,72501520000
2024-10-17,801150.SI,7253.73,7311.67,7165.26,7165.26,5330990000,74909600000
2024-10-18,801150.SI,7148.88,7602.56,7131.00,7431.72,7669530000,117744620000
2024-10-21,801150.SI,7457.40,7582.75,7355.45,7502.18,7403690000,111146380000
2024-10-22,801150.SI,7495.12,7622.46,7480.25,7590.07,7601690000,108478230000
2024-10-23,801150.SI,7589.32,7638.80,7533.70,7579.26,7314150000,101058430000
2024-10-24,801150.SI,7556.47,7628.95,7526.86,7543.74,7564700000,100964650000
2024-10-25,801150.SI,7526.76,7693.96,7490.74,7662.99,8111650000,117381080000
2024-10-28,801150.SI,7656.38,7776.41,7615.26,7775.72,8862560000,124214110000
2024-10-29,801150.SI,7814.12,7816.35,7580.17,7592.21,9062700000,127209790000
2024-10-30,801150.SI,7538.79,7606.99,7431.92,7497.19,7247680000,102490040000
2024-10-31,801150.SI,7480.96,7557.66,7453.45,7487.07,7534160000,102345800000
2024-11-01,801150.SI,7471.74,7541.82,7398.18,7440.64,8229410000,105693720000
2024-11-04,801150.SI,7457.42,7542.34,7457.40,7542.34,6584320000,87645330000
2024-11-05,801150.SI,7528.51,7708.39,7485.03,7706.45,8787090000,119264780000
2024-11-06,801150.SI,7709.62,7797.55,7650.47,7690.86,8838010000,122027770000
2024-11-07,801150.SI,7633.49,7930.22,7627.68,7930.22,9922780000,133411930000
2024-11-08,801150.SI,8023.13,8038.83,7882.94,7918.77,11372360000,141316750000
2024-11-11,801150.SI,7870.50,8024.39,7834.16,8023.50,10116840000,127700620000
2024-11-12,801150.SI,8038.31,8301.94,8037.86,8100.18,14372440000,187138450000
2024-11-13,801150.SI,8051.95,8142.71,7911.66,8005.57,9981350000,125026710000
2024-11-14,801150.SI,7985.48,7985.48,7761.35,7769.56,7499660000,99045270000
2024-11-15,801150.SI,7743.44,7789.73,7608.26,7608.26,6635670000,85424650000
2024-11-18,801150.SI,7624.86,7661.18,7449.69,7483.81,6702880000,86824280000
2024-11-19,801150.SI,7504.32,7598.40,7433.10,7598.40,5531960000,71373730000
2024-11-20,801150.SI,7580.93,7817.55,7574.35,7790.15,6764360000,95918890000
2024-11-21,801150.SI,7772.81,7813.60,7706.17,7762.84,6016680000,79636500000
2024-11-22,801150.SI,7751.91,7752.20,7428.77,7428.77,6717870000,89408480000
2024-11-25,801150.SI,7442.69,7499.62,7369.72,7458.44,5279100000,69531500000
2024-11-26,801150.SI,7447.93,7583.41,7447.93,7464.81,5799530000,71878800000
2024-11-27,801150.SI,7442.18,7599.97,7378.85,7599.42,5889640000,75182440000
2024-11-28,801150.SI,7596.89,7620.64,7540.26,7550.63,6307680000,73617520000
2024-11-29,801150.SI,7549.35,7707.45,7526.52,7647.86,6220540000,82342490000
2024-12-02,801150.SI,7661.00,7790.29,7658.31,7766.98,7397850000,91705800000
2024-12-03,801150.SI,7758.98,7766.23,7689.62,7743.44,6498550000,78684150000
2024-12-04,801150.SI,7722.02,7722.14,7594.19,7623.38,5946720000,71371430000
2024-12-05,801150.SI,7608.77,7636.71,7566.05,7628.19,5762870000,63598810000
2024-12-06,801150.SI,7630.68,7797.06,7620.23,7771.67,7600790000,88556070000
2024-12-09,801150.SI,7850.65,7866.57,7742.93,7774.07,8855350000,97439690000
2024-12-10,801150.SI,7976.85,7976.85,7761.47,7773.85,10002480000,118592420000
2024-12-11,801150.SI,7754.27,7818.91,7754.26,7811.64,7250400000,80738320000
2024-12-12,801150.SI,7807.70,7882.44,7784.15,7879.20,7938000000,98274670000
2024-12-13,801150.SI,7847.11,7847.12,7698.88,7699.14,8257030000,111216470000
2024-12-16,801150.SI,7693.62,7706.92,7608.16,7634.98,6797420000,84417880000
2024-12-17,801150.SI,7625.82,7625.82,7498.84,7511.75,6851940000,75248720000
2024-12-18,801150.SI,7525.54,7561.31,7499.43,7524.20,4831520000,57786660000
2024-12-19,801150.SI,7471.62,7521.81,7434.05,7505.59,4948440000,61661460000
2024-12-20,801150.SI,7498.66,7574.49,7496.65,7535.20,5172850000,66504420000
2024-12-23,801150.SI,7531.64,7531.65,7387.92,7388.08,6232620000,72196700000
2024-12-24,801150.SI,7386.87,7450.74,7386.73,7450.12,4788430000,56925010000
2024-12-25,801150.SI,7488.14,7495.01,7348.70,7386.24,5023900000,59123720000
2024-12-26,801150.SI,7366.75,7391.70,7345.67,7353.51,4519410000,50640220000
2024-12-27,801150.SI,7350.15,7431.47,7333.04,7391.22,4971360000,57345970000
2024-12-30,801150.SI,7380.18,7411.54,7344.24,7363.24,4728660000,57099930000
2024-12-31,801150.SI,7363.30,7363.43,7222.31,7222.31,4843090000,60486400000
2025-01-02,801150.SI,7223.67,7229.67,7016.34,7062.31,5056710000,65992490000
2025-01-03,801150.SI,7071.05,7127.10,6963.62,6980.12,5632180000,64463430000
2025-01-06,801150.SI,7011.83,7130.21,6999.76,7072.41,7022050000,76344100000
2025-01-07,801150.SI,7053.34,7053.42,6884.91,6976.42,6899570000,72828470000
2025-01-08,801150.SI,6964.39,6987.78,6818.66,6931.82,6752480000,71863370000
2025-01-09,801150.SI,6897.82,6966.31,6855.84,6888.27,5219260000,54727270000
2025-01-10,801150.SI,6889.74,6910.69,6764.34,6764.34,5291210000,54359700000
2025-01-13,801150.SI,6722.47,6808.72,6722.35,6790.40,4141180000,45159560000
2025-01-14,801150.SI,6804.98,6995.85,6804.74,6991.53,5144300000,60052020000
2025-01-15,801150.SI,6979.65,6979.66,6905.07,6917.52,4221280000,47407900000
2025-01-16,801150.SI,6939.89,7024.47,6885.64,6918.32,4360680000,49421350000
2025-01-17,801150.SI,6893.25,6984.27,6874.80,6944.83,3733460000,43951750000
2025-01-20,801150.SI,6984.02,7071.57,6983.78,7021.90,4422320000,56548190000
2025-01-21,801150.SI,7046.96,7052.30,6952.46,6998.21,3720920000,46311290000
2025-01-22,801150.SI,6968.85,6969.24,6905.97,6935.81,3344350000,40347860000
2025-01-23,801150.SI,6985.52,7035.85,6925.24,6925.24,4003310000,47628630000
2025-01-24,801150.SI,6909.93,6975.63,6896.36,6951.19,3718990000,46724950000
2025-01-27,801150.SI,6967.44,7031.86,6949.92,6949.92,3523320000,41541510000
2025-02-05,801150.SI,6995.63,7000.89,6954.41,6988.90,3972570000,48411440000
2025-02-06,801150.SI,6980.81,7069.69,6941.20,7069.30,4482080000,56256140000
2025-02-07,801150.SI,7070.14,7220.92,7058.87,7173.35,6295050000,80623750000
2025-02-10,801150.SI,7187.30,7294.61,7169.71,7292.08,6777150000,86172500000
2025-02-11,801150.SI,7300.42,7300.42,7188.08,7215.37,5673920000,73057230000
2025-02-12,801150.SI,7197.13,7232.22,7169.22,7229.99,5235160000,63355190000
2025-02-13,801150.SI,7222.17,7252.79,7193.90,7194.54,5253120000,65194040000
2025-02-14,801150.SI,7196.56,7401.35,7196.49,7368.10,6969470000,100854370000
2025-02-17,801150.SI,7449.15,7521.02,7371.86,7416.90,8057530000,120726740000
2025-02-18,801150.SI,7396.71,7410.49,7244.70,7267.61,7727220000,95758390000
2025-02-19,801150.SI,7256.21,7340.58,7217.25,7321.12,6185650000,82200960000
2025-02-20,801150.SI,7325.59,7496.00,7325.54,7438.61,7380950000,102363010000
2025-02-21,801150.SI,7440.79,7509.60,7376.50,7506.32,7392150000,105708480000
2025-02-24,801150.SI,7503.82,7503.85,7400.88,7438.83,6163370000,89972260000
2025-02-25,801150.SI,7366.35,7408.62,7339.12,7355.59,5440970000,77272380000
2025-02-26,801150.SI,7365.55,7442.83,7341.28,7442.25,5241240000,76445470000
2025-02-27,801150.SI,7430.45,7481.37,7381.41,7468.19,5822530000,83176060000
2025-02-28,801150.SI,7442.16,7491.84,7286.21,7302.50,5854950000,83372830000
2025-03-03,801150.SI,7304.68,7440.24,7304.37,7350.94,5621370000,79011850000
2025-03-04,801150.SI,7317.21,7395.52,7300.89,7390.78,4769230000,65196620000
2025-03-05,801150.SI,7388.21,7388.21,7295.16,7336.31,4585980000,61118680000
2025-03-06,801150.SI,7361.99,7464.32,7353.48,7451.46,5472800000,78836630000
2025-03-07,801150.SI,7434.40,7438.76,7357.36,7380.21,5105300000,69152890000
2025-03-10,801150.SI,7455.42,7474.35,7380.52,7438.12,6031340000,81338950000
2025-03-11,801150.SI,7360.93,7428.32,7354.47,7428.32,5256670000,71560520000
2025-03-12,801150.SI,7439.10,7467.12,7385.01,7385.30,5282160000,72467550000
2025-03-13,801150.SI,7383.63,7402.63,7303.10,7351.31,5441700000,70202180000
2025-03-14,801150.SI,7352.10,7510.75,7347.08,7510.75,6652450000,94301320000
2025-03-17,801150.SI,7539.06,7541.74,7484.72,7512.59,5895750000,79331830000
2025-03-18,801150.SI,7560.97,7621.27,7532.03,7576.82,5491400000,80756160000
2025-03-19,801150.SI,7558.87,7617.05,7558.87,7578.34,5357340000,77087120000
2025-03-20,801150.SI,7574.42,7574.42,7509.41,7516.30,4931750000,67729670000
2025-03-21,801150.SI,7530.66,7532.43,7381.39,7404.55,6566430000,80984690000
2025-03-24,801150.SI,7390.09,7414.27,7273.98,7342.26,5873540000,72213610000
2025-03-25,801150.SI,7338.61,7384.74,7312.52,7360.92,4485200000,57689570000
2025-03-26,801150.SI,7357.98,7398.48,7348.85,7368.66,4096430000,54755760000
2025-03-27,801150.SI,7357.95,7514.16,7296.32,7507.04,5643880000,80448770000
2025-03-28,801150.SI,7495.98,7606.27,7477.34,7477.34,6003770000,87685880000
2025-03-31,801150.SI,7444.39,7484.16,7333.00,7388.06,5629460000,76806810000
2025-04-01,801150.SI,7407.38,7698.27,7407.38,7635.08,8131550000,122397720000
2025-04-02,801150.SI,7616.41,7660.89,7575.13,7594.06,5636600000,82579280000
2025-04-03,801150.SI,7538.36,7659.54,7528.82,7567.13,6019450000,84880450000
2025-04-07,801150.SI,7207.39,7277.17,6733.88,6876.88,9046910000,131804350000
2025-04-08,801150.SI,6900.89,7023.64,6844.32,6949.72,8090670000,113341030000
2025-04-09,801150.SI,6828.47,6983.92,6619.44,6975.17,7706630000,103990360000
2025-04-10,801150.SI,7080.41,7182.49,7066.28,7116.86,6694350000,92843610000
2025-04-11,801150.SI,7070.54,7174.29,7059.12,7142.94,5255630000,74405910000
2025-04-14,801150.SI,7186.71,7276.14,7181.94,7217.19,5611570000,77064250000
2025-04-15,801150.SI,7210.43,7218.97,7145.76,7208.33,4659500000,65166550000
2025-04-16,801150.SI,7177.13,7177.75,7037.76,7133.03,4926910000,64651190000
2025-04-17,801150.SI,7091.53,7164.54,7091.53,7135.79,3944770000,52340650000
2025-04-18,801150.SI,7131.66,7189.56,7086.65,7117.43,4071890000,53149600000
2025-04-21,801150.SI,7088.36,7221.57,7073.96,7216.61,4450980000,61222190000
2025-04-22,801150.SI,7196.28,7302.28,7196.28,7275.51,5345410000,76389880000
2025-04-23,801150.SI,7286.35,7295.55,7216.21,7224.95,5294990000,73333310000
2025-04-24,801150.SI,7225.65,7311.52,7207.73,7242.66,5392320000,73879980000
2025-04-25,801150.SI,7271.97,7274.71,7180.79,7199.79,5650730000,79708320000
2025-04-28,801150.SI,7164.55,7167.98,7100.55,7146.49,5140140000,71190580000
2025-04-29,801150.SI,7127.17,7196.80,7123.89,7178.93,4490360000,68428780000
2025-04-30,801150.SI,7174.76,7252.05,7174.21,7235.18,4797940000,68775080000
2025-05-06,801150.SI,7283.17,7312.96,7244.59,7312.74,5126940000,73952100000
2025-05-07,801150.SI,7375.84,7390.82,7258.73,7304.33,5560340000,80277780000
2025-05-08,801150.SI,7282.38,7344.19,7282.38,7325.53,5122840000,68752430000
2025-05-09,801150.SI,7325.29,7349.95,7301.60,7308.10,4665740000,64238300000
2025-05-12,801150.SI,7302.30,7302.30,7247.39,7288.37,4740020000,72264160000
2025-05-13,801150.SI,7341.53,7366.81,7323.18,7354.16,5202670000,73962820000
2025-05-14,801150.SI,7343.12,7389.20,7309.29,7361.32,4609320000,65057780000
2025-05-15,801150.SI,7353.77,7380.51,7330.75,7352.12,4920590000,65582790000
2025-05-16,801150.SI,7346.94,7410.87,7321.27,7401.23,5713650000,73518010000
2025-05-19,801150.SI,7397.70,7398.24,7347.53,7387.95,4935820000,65926220000
2025-05-20,801150.SI,7419.05,7525.40,7418.97,7509.35,6029800000,86220170000
2025-05-21,801150.SI,7493.82,7583.44,7493.69,7556.93,6007700000,86369250000
2025-05-22,801150.SI,7536.02,7544.74,7476.25,7501.72,5712810000,81128010000
2025-05-23,801150.SI,7511.22,7636.35,7511.08,7533.02,7537430000,105801060000
2025-05-26,801150.SI,7524.49,7524.49,7417.55,7451.56,6007970000,83610870000
2025-05-27,801150.SI,7450.72,7526.99,7443.40,7524.15,5803940000,80509520000
2025-05-28,801150.SI,7516.42,7536.46,7483.57,7493.87,5464530000,72469630000
2025-05-29,801150.SI,7485.55,7674.87,7471.85,7671.59,7084510000,98778510000
2025-05-30,801150.SI,7663.19,7787.98,7663.19,7699.75,7793080000,114256490000
2025-06-03,801150.SI,7661.05,7843.28,7661.05,7836.63,8417400000,124941290000
2025-06-04,801150.SI,7835.31,7881.02,7803.20,7879.82,7979810000,116727020000
2025-06-05,801150.SI,7885.56,7886.03,7757.54,7799.96,7335200000,106103790000
2025-06-06,801150.SI,7795.64,7806.42,7739.09,7786.47,6168920000,93023820000
2025-06-09,801150.SI,7801.53,8032.32,7801.52,7965.77,8634840000,131870670000
2025-06-10,801150.SI,7973.96,8062.94,7917.31,7991.73,9742260000,144187000000
2025-06-11,801150.SI,7997.08,8030.73,7947.57,7959.22,7310190000,111651610000
2025-06-12,801150.SI,7947.15,8060.00,7941.65,8060.00,7472050000,123354000000
2025-06-13,801150.SI,8028.33,8087.97,7873.46,7895.79,8448560000,139669610000
2025-06-16,801150.SI,7885.85,7937.09,7844.32,7873.47,6396490000,104767900000
2025-06-17,801150.SI,7919.82,7986.18,7740.39,7760.33,7744680000,126841880000
2025-06-18,801150.SI,7723.85,7739.49,7664.25,7694.37,6103090000,94572870000
2025-06-19,801150.SI,7683.95,7710.45,7530.89,7551.57,5658070000,86257120000
2025-06-20,801150.SI,7549.76,7580.23,7535.35,7552.12,4579830000,72593130000
2025-06-23,801150.SI,7526.03,7635.09,7511.76,7619.08,4966410000,80752480000
2025-06-24,801150.SI,7634.09,7710.47,7633.98,7702.58,5285220000,85970910000
2025-06-25,801150.SI,7714.56,7737.23,7655.37,7733.86,5344960000,86340700000
2025-06-26,801150.SI,7704.77,7704.81,7623.86,7652.99,5151200000,79333840000
2025-06-27,801150.SI,7651.41,7713.69,7651.41,7672.88,4860680000,74649210000
2025-06-30,801150.SI,7672.28,7757.72,7637.80,7754.01,5370190000,87518120000
2025-07-01,801150.SI,7759.51,7893.88,7759.51,7893.88,7701880000,115665240000
2025-07-02,801150.SI,7886.73,7914.19,7795.37,7815.86,6946680000,100688380000
2025-07-03,801150.SI,7817.61,7929.47,7811.65,7921.46,7473610000,108126360000
2025-07-04,801150.SI,7936.77,7998.22,7915.51,7952.02,7464310000,120062730000
2025-07-07,801150.SI,7957.05,7995.38,7863.69,7874.95,6526110000,106666910000
2025-07-08,801150.SI,7865.30,7975.99,7865.30,7899.14,6900660000,111193140000
2025-07-09,801150.SI,7882.79,7976.88,7855.17,7933.11,7342270000,111244710000
2025-07-10,801150.SI,7934.99,8018.12,7922.10,7991.02,7801300000,111697640000
2025-07-11,801150.SI,8017.22,8126.42,8017.22,8096.68,7948120000,129123920000
2025-07-14,801150.SI,8089.46,8148.06,8084.44,8139.54,7289270000,114055650000
2025-07-15,801150.SI,8128.90,8137.21,8033.58,8129.31,8162570000,124580870000
2025-07-16,801150.SI,8122.08,8207.98,8105.16,8206.62,8206790000,126224880000
2025-07-17,801150.SI,8205.70,8352.25,8205.70,8352.25,8758900000,141972830000
2025-07-18,801150.SI,8357.57,8420.73,8298.52,8420.73,7907260000,132788940000
2025-07-21,801150.SI,8397.17,8449.00,8327.23,8436.54,8434950000,138871850000
2025-07-22,801150.SI,8410.32,8532.05,8403.35,8443.40,8863040000,153554130000
2025-07-23,801150.SI,8416.63,8539.50,8415.84,8436.11,9101150000,153149710000
2025-07-24,801150.SI,8451.18,8609.79,8450.73,8598.12,10379180000,165279630000
2025-07-25,801150.SI,8599.56,8706.81,8578.76,8580.75,10208630000,166142960000
2025-07-28,801150.SI,8623.65,8708.82,8623.65,8706.81,8994960000,152899520000
2025-07-29,801150.SI,8741.71,8895.62,8649.19,8886.10,11053460000,199874990000
2025-07-30,801150.SI,8848.64,9004.86,8808.32,8882.67,12410380000,216364450000
2025-07-31,801150.SI,8853.53,8988.22,8804.74,8833.95,12289760000,207900980000
2025-08-01,801150.SI,8824.30,9027.20,8804.81,8833.56,12109020000,195922460000
2025-08-04,801150.SI,8791.22,8880.70,8651.28,8880.70,11581920000,190599440000
2025-08-05,801150.SI,8899.55,8955.50,8817.07,8891.50,10047040000,167007260000
2025-08-06,801150.SI,8895.14,8945.31,8799.01,8833.60,9909820000,160501500000
2025-08-07,801150.SI,8807.89,8903.81,8728.80,8752.50,9275940000,156320770000
2025-08-08,801150.SI,8737.11,8800.49,8662.67,8759.57,8789580000,149650070000
2025-08-11,801150.SI,8754.87,8898.59,8754.82,8884.32,8886920000,153933540000
2025-08-12,801150.SI,8896.28,8930.83,8808.12,8863.90,9006540000,153734500000
2025-08-13,801150.SI,8867.88,9027.60,8834.08,9017.68,9532920000,180558100000
2025-08-14,801150.SI,9030.09,9062.44,8922.80,8925.20,9356080000,170847620000
2025-08-15,801150.SI,8911.47,9039.58,8875.96,9029.09,8583860000,156857120000
2025-08-18,801150.SI,9048.32,9135.12,9048.32,9125.49,10170840000,191831680000
2025-08-19,801150.SI,9134.71,9301.00,9065.28,9076.46,11163970000,211708290000
2025-08-20,801150.SI,9036.97,9100.32,8921.59,9070.44,9361320000,172599410000
2025-08-21,801150.SI,9087.94,9161.82,9052.34,9090.30,8393990000,158727080000
2025-08-22,801150.SI,9108.30,9124.18,9029.60,9123.74,8491790000,153408090000
2025-08-25,801150.SI,9140.49,9313.77,9140.49,9308.26,10430710000,201410640000
2025-08-26,801150.SI,9289.30,9306.06,9196.32,9206.65,8671520000,164047340000
2025-08-27,801150.SI,9218.84,9257.31,8955.58,8955.58,10793500000,193661030000
2025-08-28,801150.SI,8947.75,8996.66,8693.23,8937.52,9731370000,178688390000
2025-08-29,801150.SI,8936.40,9122.31,8922.32,9064.19,7702340000,165079610000
2025-09-01,801150.SI,9081.41,9316.88,9075.49,9316.77,9153050000,191578410000
2025-09-02,801150.SI,9338.01,9401.15,9144.67,9217.84,8797100000,187784610000
2025-09-03,801150.SI,9230.46,9327.24,9166.70,9213.17,7375280000,156224430000
2025-09-04,801150.SI,9242.93,9242.93,8852.54,8974.44,7858270000,166087400000
2025-09-05,801150.SI,8977.80,9199.66,8883.53,9191.21,6962810000,145613040000
2025-09-08,801150.SI,9201.25,9355.38,9201.24,9323.49,7132040000,157196800000
2025-09-09,801150.SI,9295.98,9391.46,9098.91,9145.87,6432830000,142476310000
2025-09-10,801150.SI,9134.01,9236.34,9076.02,9109.73,5258170000,112753930000
2025-09-11,801150.SI,8914.82,9132.42,8769.26,9132.42,6893850000,158051240000
2025-09-12,801150.SI,9153.37,9232.55,9065.70,9157.77,6987050000,142373930000
2025-09-15,801150.SI,9154.89,9209.22,9140.50,9161.73,6655540000,128279320000
2025-09-16,801150.SI,9164.55,9171.02,9072.18,9162.85,6377950000,115886630000
2025-09-17,801150.SI,9162.60,9182.93,9083.32,9141.56,6067390000,112235590000
2025-09-18,801150.SI,9162.61,9262.33,9010.09,9096.29,8384860000,156108290000
2025-09-19,801150.SI,9085.58,9119.11,8923.43,8968.05,6149260000,111354580000
2025-09-22,801150.SI,8995.75,9080.14,8899.23,8956.50,5017070000,99108240000
2025-09-23,801150.SI,8939.11,8939.19,8655.41,8783.50,6695240000,118929310000
2025-09-24,801150.SI,8771.57,8926.41,8771.57,8926.41,4987630000,97459190000
2025-09-25,801150.SI,8947.40,9027.27,8927.03,8943.55,5203930000,110338740000
2025-09-26,801150.SI,8870.98,8871.01,8767.94,8770.86,4975020000,97635180000
2025-09-29,801150.SI,8767.89,8797.58,8641.30,8785.70,4820340000,90309650000
2025-09-30,801150.SI,8794.76,8914.49,8794.70,8909.13,4517420000,89748180000
2025-10-09,801150.SI,8922.23,8923.92,8817.33,8923.38,5501560000,104819060000
2025-10-10,801150.SI,8893.43,8911.28,8784.72,8802.13,5246470000,102289910000
2025-10-13,801150.SI,8542.36,8701.36,8542.36,8673.06,5126710000,97558370000
2025-10-14,801150.SI,8719.31,8737.49,8511.11,8539.19,5190170000,102524030000
2025-10-15,801150.SI,8554.39,8716.53,8514.47,8716.52,5607120000,105765860000
2025-10-16,801150.SI,8702.95,8836.73,8687.26,8734.26,6257570000,109000550000
2025-10-17,801150.SI,8743.46,8764.22,8576.36,8583.87,6647440000,107824030000
2025-10-20,801150.SI,8638.76,8681.28,8580.16,8621.48,5396050000,92221780000
2025-10-21,801150.SI,8636.40,8711.92,8611.89,8704.09,5632200000,91492280000
2025-10-22,801150.SI,8695.22,8769.45,8663.03,8671.28,5933330000,93342590000
2025-10-23,801150.SI,8650.42,8667.73,8523.44,8618.84,5641670000,91079580000
2025-10-24,801150.SI,8625.58,8694.01,8602.42,8633.42,5128920000,89966770000
2025-10-27,801150.SI,8706.51,8742.18,8679.05,8710.46,5769250000,114656360000
2025-10-28,801150.SI,8688.89,8696.02,8630.23,8647.68,5568020000,104469180000
2025-10-29,801150.SI,8640.82,8686.88,8566.36,8686.88,5773450000,109604530000
2025-10-30,801150.SI,8642.23,8642.23,8539.43,8539.43,6279090000,121486470000
2025-10-31,801150.SI,8548.25,8765.27,8548.25,8746.44,7814490000,150498330000
2025-11-03,801150.SI,8789.56,8789.56,8655.00,8748.90,7173510000,137325350000
2025-11-04,801150.SI,8727.35,8727.37,8535.54,8576.63,6209720000,120083200000
2025-11-05,801150.SI,8505.73,8609.70,8505.73,8569.02,5758200000,102456000000
2025-11-06,801150.SI,8559.37,8568.01,8523.53,8566.40,5139010000,89190650000
2025-11-07,801150.SI,8551.92,8582.54,8528.47,8536.77,5609990000,97501940000
2025-11-10,801150.SI,8538.09,8646.22,8538.09,8643.47,6550070000,113986010000
2025-11-11,801150.SI,8638.93,8650.00,8598.35,8639.90,6466650000,102579880000
2025-11-12,801150.SI,8653.20,8749.08,8653.20,8692.66,7468490000,126925240000
2025-11-13,801150.SI,8707.61,8806.38,8677.53,8802.97,7376250000,128067700000
2025-11-14,801150.SI,8766.68,8903.98,8766.68,8817.63,8705290000,142370170000
2025-11-17,801150.SI,8808.28,8808.28,8637.33,8665.00,7876700000,123877540000
2025-11-18,801150.SI,8650.72,8679.34,8562.02,8590.67,7118290000,104393350000
2025-11-19,801150.SI,8577.07,8590.41,8458.61,8480.85,5976740000,87906390000
2025-11-20,801150.SI,8508.47,8531.44,8432.08,8437.13,5861390000,85424940000
2025-11-21,801150.SI,8391.06,8457.39,8204.92,8211.14,7343270000,104811320000
2025-11-24,801150.SI,8251.75,8337.32,8251.66,8313.97,5416430000,81891200000
2025-11-25,801150.SI,8339.59,8450.64,8319.55,8395.35,5877980000,91393320000
2025-11-26,801150.SI,8404.53,8569.33,8404.53,8451.47,7531220000,111462650000
2025-11-27,801150.SI,8435.93,8463.20,8379.49,8418.50,6519570000,93455580000
2025-11-28,801150.SI,8423.68,8430.03,8360.42,8430.03,5436180000,80669310000
2025-12-01,801150.SI,8438.75,8460.08,8420.86,8460.08,5748440000,87533190000
2025-12-02,801150.SI,8448.89,8448.90,8348.67,8355.82,5124410000,77517200000
2025-12-03,801150.SI,8357.14,8381.77,8301.05,8332.47,5994370000,85474340000
2025-12-04,801150.SI,8331.81,8366.76,8286.46,8331.81,6355690000,79605130000
2025-12-05,801150.SI,8333.99,8367.88,8247.15,8367.75,5489460000,75117990000
2025-12-08,801150.SI,8405.75,8419.61,8367.27,8377.64,6159170000,84962740000
2025-12-09,801150.SI,8374.95,8421.43,8311.80,8311.80,5761440000,84558880000
2025-12-10,801150.SI,8303.48,8339.40,8242.40,8329.85,5757540000,78900180000
2025-12-11,801150.SI,8338.61,8349.20,8265.44,8266.48,5742610000,81875280000
2025-12-12,801150.SI,8263.77,8291.52,8198.61,8280.55,5757870000,93057300000
2025-12-15,801150.SI,8243.63,8255.43,8182.85,8182.85,4847890000,75826480000
2025-12-16,801150.SI,8170.65,8184.95,8034.30,8041.89,4938960000,74039180000
2025-12-17,801150.SI,8038.77,8151.69,8019.60,8140.26,5069790000,73851920000
2025-12-18,801150.SI,8119.38,8209.93,8119.38,8165.09,5546100000,76609530000
2025-12-19,801150.SI,8176.46,8302.22,8170.26,8269.04,6396980000,89496620000
2025-12-22,801150.SI,8264.72,8284.41,8233.53,8251.09,5464280000,78256990000
2025-12-23,801150.SI,8256.40,8264.47,8202.93,8213.99,5574620000,79240800000
2025-12-24,801150.SI,8209.08,8243.41,8190.46,8233.31,4775250000,71674920000
2025-12-25,801150.SI,8233.75,8290.45,8212.66,8281.82,4521210000,71336990000
2025-12-26,801150.SI,8273.93,8285.00,8215.35,8254.26,5111960000,77688680000
2025-12-29,801150.SI,8243.54,8243.54,8160.93,8167.93,5004490000,78001820000
2025-12-30,801150.SI,8146.04,8149.62,8105.61,8120.92,4534090000,71280830000
2025-12-31,801150.SI,8123.67,8137.95,8076.65,8084.61,4118200000,66125800000
2026-01-05,801150.SI,8115.50,8400.43,8115.50,8395.86,7130570000,129196920000
2026-01-06,801150.SI,8440.99,8468.46,8397.40,8467.33,6880190000,118486480000
2026-01-07,801150.SI,8476.45,8563.14,8473.06,8519.21,6590590000,128802150000
2026-01-08,801150.SI,8538.95,8613.93,8531.67,8580.39,7159290000,129678120000
2026-01-09,801150.SI,8580.86,8718.37,8580.79,8716.30,8010350000,150799920000
2026-01-12,801150.SI,8756.96,8800.05,8711.68,8787.25,8773540000,166877790000
2026-01-13,801150.SI,8863.56,9034.27,8848.11,8893.20,12405300000,224552450000
2026-01-14,801150.SI,8882.76,9052.42,8779.64,8881.18,13663790000,237562580000
2026-01-15,801150.SI,8825.51,8882.53,8749.31,8776.81,9849670000,152357640000
2026-01-16,801150.SI,8776.77,8801.87,8643.42,8657.19,8323760000,135475130000
2026-01-19,801150.SI,8636.38,8673.88,8583.05,8612.05,6740220000,111784870000
2026-01-20,801150.SI,8616.39,8628.22,8505.00,8541.18,6784640000,110729050000
2026-01-21,801150.SI,8519.18,8626.33,8490.19,8551.92,6328370000,104973230000
2026-01-22,801150.SI,8562.70,8575.51,8498.62,8516.18,5828750000,97702840000
2026-01-23,801150.SI,8554.00,8633.24,8541.38,8623.36,7747840000,129053860000
2026-01-26,801150.SI,8654.84,8691.04,8542.91,8648.35,11021290000,173444470000
2026-01-27,801150.SI,8651.74,8651.76,8423.74,8552.00,10058020000,152541490000
2026-01-28,801150.SI,8532.44,8532.44,8407.60,8418.45,7585670000,125729430000
2026-01-29,801150.SI,8395.96,8482.12,8331.42,8435.44,7195960000,125226160000
2026-01-30,801150.SI,8425.60,8494.16,8315.29,8338.30,6631570000,109029150000
2026-02-02,801150.SI,8293.25,8347.51,8132.53,8136.43,6070370000,101200860000
2026-02-03,801150.SI,8189.50,8263.30,8137.44,8261.64,4990640000,84342460000
2026-02-04,801150.SI,8246.05,8341.44,8206.63,8338.97,5113960000,88736990000
2026-02-05,801150.SI,8330.48,8379.07,8327.33,8353.56,5032000000,92513610000
2026-02-06,801150.SI,8353.88,8424.84,8335.67,8350.08,7063630000,108712400000
2026-02-09,801150.SI,8387.05,8399.97,8361.48,8399.83,5916160000,94086230000
2026-02-10,801150.SI,8403.25,8480.81,8383.60,8450.64,5326740000,90826210000
2026-02-11,801150.SI,8452.46,8480.72,8423.06,8423.47,4262970000,71287620000
2026-02-12,801150.SI,8420.07,8433.86,8372.79,8372.79,4491430000,75450990000
2026-02-13,801150.SI,8371.17,8386.53,8282.27,8282.27,3985740000,69463750000
2026-02-24,801150.SI,8351.17,8351.17,8276.27,8296.45,4357300000,73541390000
2026-02-25,801150.SI,8303.22,8370.36,8297.86,8365.77,4994450000,79904140000
2026-02-26,801150.SI,8373.16,8373.18,8275.07,8293.14,5098810000,82579760000
2026-02-27,801150.SI,8278.02,8327.07,8263.30,8323.70,4393500000,73833720000
2026-03-02,801150.SI,8220.88,8266.48,8098.65,8145.07,6332810000,104863080000
2026-03-03,801150.SI,8148.34,8170.72,7923.61,7927.37,6332720000,104305570000
2026-03-04,801150.SI,7879.39,7937.04,7807.38,7838.52,4772940000,78905290000
2026-03-05,801150.SI,7931.34,7972.05,7872.88,7901.95,4207430000,71442540000
2026-03-06,801150.SI,7885.36,8095.64,7885.36,8092.32,5065810000,85626010000
2026-03-09,801150.SI,8000.40,8048.04,7932.65,8026.65,5296620000,86449400000
2026-03-10,801150.SI,8084.96,8192.67,8084.69,8191.47,4431690000,80515160000
2026-03-11,801150.SI,8201.42,8201.42,8142.75,8159.43,4475330000,79182950000
2026-03-12,801150.SI,8156.98,8157.14,8065.88,8098.65,4699110000,77946780000
2026-03-13,801150.SI,8078.40,8132.22,8058.47,8074.47,5097230000,85589690000
2026-03-16,801150.SI,8071.33,8136.82,8048.60,8110.55,4687880000,82944040000
2026-03-17,801150.SI,8116.68,8229.69,8090.25,8090.25,5264700000,89843900000
2026-03-18,801150.SI,8093.46,8143.93,8062.72,8138.73,4461640000,76568850000
2026-03-19,801150.SI,8071.50,8097.42,7960.93,7981.94,4868770000,81481030000
2026-03-20,801150.SI,7994.26,8059.45,7850.41,7850.41,4954940000,81823420000
2026-03-23,801150.SI,7741.21,7741.21,7431.00,7467.89,6759700000,102244790000
2026-03-24,801150.SI,7594.71,7706.45,7558.59,7705.85,5557200000,86744400000
2026-03-25,801150.SI,7754.20,7811.67,7748.83,7781.11,4663080000,76450040000
2026-03-26,801150.SI,7775.15,7870.81,7671.78,7688.64,4830840000,76053770000
2026-03-27,801150.SI,7627.07,7983.73,7627.07,7972.94,6248960000,107615770000
2026-03-30,801150.SI,7916.67,8052.16,7916.67,8044.07,6459860000,113114870000
2026-03-31,801150.SI,8051.95,8143.65,8011.99,8011.99,6410760000,118546280000
2026-04-01,801150.SI,8105.69,8331.40,8100.36,8331.40,8433530000,160490800000
2026-04-02,801150.SI,8314.96,8415.14,8284.81,8340.61,10033540000,168867120000
2026-04-03,801150.SI,8258.83,8258.83,8138.23,8152.75,9196320000,141338860000
2026-04-07,801150.SI,8153.89,8245.21,8039.20,8167.60,8627140000,126615590000
2026-04-08,801150.SI,8283.34,8319.37,8197.39,8311.13,9069170000,143327500000
2026-04-09,801150.SI,8260.05,8348.82,8168.99,8180.26,8869040000,135487290000
2026-04-10,801150.SI,8198.96,8311.25,8192.00,8227.66,8152730000,125686100000
2026-04-13,801150.SI,8196.16,8198.51,8128.39,8148.92,6772210000,111953960000
2026-04-14,801150.SI,8180.41,8208.48,8077.52,8207.31,6745880000,112513970000
2026-04-15,801150.SI,8306.21,8366.04,8195.85,8326.19,10230810000,156785150000
2026-04-16,801150.SI,8314.39,8332.24,8237.45,8316.72,8967340000,129771050000
2026-04-17,801150.SI,8283.86,8283.89,8138.62,8175.23,7387310000,118906800000
2026-04-20,801150.SI,8161.34,8200.17,8144.59,8177.11,6502380000,105981110000
2026-04-21,801150.SI,8166.30,8213.60,8084.84,8112.12,5901470000,94661530000
2026-04-22,801150.SI,8085.04,8164.80,8063.95,8163.51,5770880000,96824600000
2026-04-23,801150.SI,8160.88,8170.84,8061.26,8099.08,6478200000,113780020000
2026-04-24,801150.SI,8062.72,8113.70,8001.74,8073.24,6312940000,106089670000
2026-04-27,801150.SI,8052.40,8072.28,8002.92,8059.40,6331410000,105229510000
2026-04-28,801150.SI,8116.37,8212.49,8073.28,8091.82,6582360000,121395450000
2026-04-29,801150.SI,8072.45,8132.14,8049.95,8117.50,6346080000,120213810000
2026-04-30,801150.SI,8109.76,8161.13,8072.57,8094.68,6226160000,112259250000
2026-05-06,801150.SI,8112.34,8147.60,8099.87,8124.50,6346940000,123276920000
2026-05-07,801150.SI,8142.43,8172.73,8116.08,8154.84,6236780000,113607080000
2026-05-08,801150.SI,8157.89,8168.11,8102.11,8119.87,6295310000,112005710000
2026-05-11,801150.SI,8122.82,8261.34,8067.14,8247.94,8771440000,157530150000
2026-05-12,801150.SI,8215.85,8274.03,8131.43,8179.03,7741150000,145596610000
2026-05-13,801150.SI,8171.09,8175.01,8099.81,8144.19,6605860000,120329940000
2026-05-14,801150.SI,8142.04,8173.17,7957.65,7957.65,6608990000,119104260000
2026-05-15,801150.SI,7955.03,8002.78,7856.71,7896.31,5894090000,107740530000
2026-05-18,801150.SI,7876.78,7876.81,7744.11,7782.88,5411570000,97476980000
2026-05-19,801150.SI,7786.77,7868.48,7757.67,7822.94,5176720000,92462150000
2026-05-20,801150.SI,7802.35,7805.34,7704.69,7767.10,5789900000,98221220000
2026-05-21,801150.SI,7773.11,7941.81,7735.74,7740.59,6501200000,128681460000
2026-05-22,801150.SI,7771.42,7775.67,7653.96,7704.58,5313610000,101295900000
2026-05-25,801150.SI,7694.37,7723.82,7588.89,7653.19,5793110000,101126690000
2026-05-26,801150.SI,7628.23,7634.35,7528.63,7597.28,5401540000,94800930000
2026-05-27,801150.SI,7579.85,7590.38,7450.35,7551.47,5438500000,96286230000
2026-05-28,801150.SI,7534.36,7539.64,7386.95,7447.19,5027570000,88527780000
2026-05-29,801150.SI,7452.97,7583.02,7408.23,7501.27,6041830000,112139790000
2026-06-01,801150.SI,7494.43,7570.43,7441.84,7463.06,5234190000,99811280000
2026-06-02,801150.SI,7450.05,7450.10,7320.60,7362.29,4675710000,83961980000
2026-06-03,801150.SI,7339.79,7339.79,7237.17,7260.15,4889940000,81428140000
2026-06-04,801150.SI,7235.54,7251.57,7128.88,7160.88,4537060000,73159780000
2026-06-05,801150.SI,7216.51,7249.98,7141.62,7158.13,4672120000,82743670000
2026-06-08,801150.SI,7063.14,7137.24,6908.28,6984.74,5033300000,80751610000
2026-06-09,801150.SI,7002.94,7019.63,6909.41,6995.32,4272140000,73687030000
2026-06-10,801150.SI,6960.53,7018.44,6912.46,7017.46,4365580000,70852690000
2026-06-11,801150.SI,6972.70,7012.16,6913.82,6975.83,4270410000,68535980000
2026-06-12,801150.SI,7008.43,7125.43,6959.16,7117.82,5476330000,97240070000
2026-06-15,801150.SI,7104.65,7149.58,7058.44,7106.23,5012870000,81779080000
2026-06-16,801150.SI,7085.32,7085.38,6998.08,7025.19,4615310000,74742710000
2026-06-17,801150.SI,7014.91,7014.93,6949.07,6972.07,4435130000,70387160000
2026-06-18,801150.SI,6959.65,7130.52,6924.03,7047.70,5670110000,95893080000
2026-06-22,801150.SI,7017.48,7079.51,6835.94,7076.81,6446490000,107829110000
2026-06-23,801150.SI,7061.52,7286.87,7061.52,7170.99,7235620000,120412060000
2026-06-24,801150.SI,7188.78,7335.93,7188.78,7200.84,7114930000,128234280000
2026-06-25,801150.SI,7140.50,7215.24,6999.91,7175.07,6781170000,120059050000
2026-06-26,801150.SI,7161.92,7188.48,6943.82,6943.82,5705090000,101743850000
2026-06-29,801150.SI,6934.98,7361.01,6859.49,7353.98,8233460000,157012470000
2026-06-30,801150.SI,7317.26,7337.44,7200.87,7255.24,6913650000,129471390000
2026-07-01,801150.SI,7222.98,7538.06,7096.40,7536.53,8732850000,166089660000
2026-07-02,801150.SI,7511.20,7676.85,7481.22,7526.78,8228920000,158126130000
2026-07-03,801150.SI,7587.12,7694.54,7478.18,7675.19,7650750000,147234060000
2026-07-06,801150.SI,7627.29,7902.55,7612.76,7728.55,8635910000,181882800000
2026-07-07,801150.SI,7652.58,7652.65,7429.07,7442.05,6742710000,133658410000
2026-07-08,801150.SI,7447.60,7523.24,7340.62,7340.62,6146480000,112494310000
2026-07-09,801150.SI,7287.65,7510.55,7257.76,7403.72,6630900000,115900390000
2026-07-10,801150.SI,7353.88,7698.06,7353.88,7587.64,8659620000,151221180000
2026-07-13,801150.SI,7566.85,7624.55,7489.99,7530.05,8827380000,145467330000
2026-07-14,801150.SI,7499.18,7723.80,7452.95,7723.80,9609840000,157501730000
2026-07-15,801150.SI,7682.34,8106.10,7682.34,7985.50,11823180000,224595410000
2026-07-16,801150.SI,7884.74,8119.61,7791.55,8015.97,12054950000,218848120000
2026-07-17,801150.SI,7959.55,7988.12,7534.21,7544.07,11481262200,192875083100
