trade_date,wind_code,open,high,low,close,volume,amt
2014-01-02,801770.SI,1407.77,1455.04,1395.87,1446.49,423555879,5269634928
2014-01-03,801770.SI,1439.39,1469.44,1417.92,1445.33,483030298,5892546575
2014-01-06,801770.SI,1441.47,1453.06,1389.39,1403.29,433767917,4966212849
2014-01-07,801770.SI,1396.17,1426.35,1376.96,1410.63,308650398,3738407367
2014-01-08,801770.SI,1412.63,1452.99,1398.37,1427.98,434403921,5450290915
2014-01-09,801770.SI,1425.15,1459.50,1400.30,1413.33,460233076,5640007162
2014-01-10,801770.SI,1407.38,1433.38,1371.70,1389.91,407477451,4661627274
2014-01-13,801770.SI,1392.85,1418.03,1353.53,1379.92,387378901,4734869924
2014-01-14,801770.SI,1378.28,1412.84,1354.72,1403.07,395395103,4888652560
2014-01-15,801770.SI,1401.26,1427.92,1382.16,1411.03,420055953,5181218473
2014-01-16,801770.SI,1410.97,1436.54,1387.27,1407.00,397823484,5068170094
2014-01-17,801770.SI,1403.57,1432.82,1384.30,1403.15,375875326,4714273363
2014-01-20,801770.SI,1395.68,1414.33,1362.73,1382.68,358270007,4503017775
2014-01-21,801770.SI,1383.36,1426.40,1375.25,1416.16,414668468,5156045264
2014-01-22,801770.SI,1417.38,1468.04,1406.42,1454.52,582490988,7141705148
2014-01-23,801770.SI,1455.95,1496.37,1441.64,1474.81,584859149,7959242872
2014-01-24,801770.SI,1472.54,1522.57,1459.17,1503.29,624133964,8391222465
2014-01-27,801770.SI,1496.03,1539.26,1476.62,1500.98,583667353,7720880565
2014-01-28,801770.SI,1503.78,1538.10,1474.79,1513.41,503130848,6794073529
2014-01-29,801770.SI,1521.67,1554.07,1500.84,1535.92,431244823,5913660837
2014-01-30,801770.SI,1534.96,1561.96,1506.64,1527.81,438201450,6189756321
2014-02-07,801770.SI,1519.45,1590.35,1501.96,1580.17,533803520,7576194446
2014-02-10,801770.SI,1590.66,1644.56,1575.71,1617.95,787830819,10676328986
2014-02-11,801770.SI,1618.48,1661.75,1579.34,1626.50,812719606,11047946694
2014-02-12,801770.SI,1624.73,1657.38,1597.99,1635.93,649032214,8198778340
2014-02-13,801770.SI,1634.87,1663.00,1579.91,1593.55,778010491,9788939170
2014-02-14,801770.SI,1593.04,1629.48,1571.47,1607.02,617840420,7746584230
2014-02-17,801770.SI,1611.91,1686.20,1598.39,1671.08,908186777,10995061522
2014-02-18,801770.SI,1671.99,1695.51,1634.54,1658.52,757209278,9810766282
2014-02-19,801770.SI,1659.08,1699.69,1628.03,1656.78,760781192,10698454520
2014-02-20,801770.SI,1625.36,1625.36,1625.36,1625.36,693118906,8546701364
2014-02-21,801770.SI,1623.33,1637.18,1611.42,1629.97,520490000,6554700000
2014-02-24,801770.SI,1625.39,1635.44,1600.62,1635.43,590540000,7430400000
2014-02-25,801770.SI,1640.66,1653.37,1552.39,1559.66,822660000,11262610000
2014-02-26,801770.SI,1543.30,1551.18,1516.60,1550.98,546740000,7501110000
2014-02-27,801770.SI,1553.68,1580.19,1518.79,1521.25,633040000,8178520000
2014-02-28,801770.SI,1532.62,1547.04,1504.11,1545.10,566630000,6801360000
2014-03-03,801770.SI,1541.76,1583.49,1537.27,1583.49,956410000,7851690000
2014-03-04,801770.SI,1572.51,1592.77,1563.80,1589.59,676040000,7112530000
2014-03-05,801770.SI,1592.25,1601.04,1580.81,1585.83,583120000,6855260000
2014-03-06,801770.SI,1584.61,1604.37,1572.48,1602.70,599050000,7705820000
2014-03-07,801770.SI,1601.32,1615.54,1575.82,1582.77,568830000,6989690000
2014-03-10,801770.SI,1567.05,1567.49,1506.88,1511.47,585630000,6485600000
2014-03-11,801770.SI,1505.25,1514.46,1484.30,1502.59,397550000,4471340000
2014-03-12,801770.SI,1499.56,1508.36,1463.34,1489.32,411230000,4459690000
2014-03-13,801770.SI,1490.79,1510.69,1481.94,1510.40,409890000,4395790000
2014-03-14,801770.SI,1501.48,1511.86,1493.41,1505.25,411470000,5066890000
2014-03-17,801770.SI,1512.78,1541.31,1505.82,1540.46,392300000,5185430000
2014-03-18,801770.SI,1543.81,1562.21,1543.10,1546.26,431450000,5971490000
2014-03-19,801770.SI,1548.63,1554.49,1540.69,1552.92,438750000,5520070000
2014-03-20,801770.SI,1551.19,1557.36,1513.37,1513.37,513690000,6686980000
2014-03-21,801770.SI,1504.05,1538.28,1488.14,1538.28,513290000,6200810000
2014-03-24,801770.SI,1538.65,1541.28,1524.99,1533.93,488910000,5424890000
2014-03-25,801770.SI,1529.96,1537.90,1521.91,1534.47,394570000,4374080000
2014-03-26,801770.SI,1535.09,1544.95,1534.14,1537.68,365960000,4633780000
2014-03-27,801770.SI,1536.68,1536.80,1490.85,1490.85,423000000,5409150000
2014-03-28,801770.SI,1488.59,1493.32,1449.05,1452.10,420880000,5099250000
2014-03-31,801770.SI,1457.49,1462.29,1435.51,1446.34,307270000,3779030000
2014-04-01,801770.SI,1450.99,1482.16,1448.80,1481.32,332620000,4205220000
2014-04-02,801770.SI,1483.96,1485.89,1464.86,1471.86,363500000,4620460000
2014-04-03,801770.SI,1472.14,1492.89,1467.01,1475.96,432360000,5310730000
2014-04-04,801770.SI,1472.40,1488.54,1467.92,1488.54,347540000,4376440000
2014-04-08,801770.SI,1476.94,1504.34,1473.98,1504.34,500210000,5209400000
2014-04-09,801770.SI,1505.81,1527.09,1505.03,1527.09,484410000,6068440000
2014-04-10,801770.SI,1528.06,1542.61,1525.75,1530.87,566870000,6528710000
2014-04-11,801770.SI,1525.65,1537.28,1514.91,1530.65,485410000,5723210000
2014-04-14,801770.SI,1530.55,1541.22,1529.03,1534.86,410420000,5087840000
2014-04-15,801770.SI,1534.79,1544.21,1528.37,1533.53,443140000,5418320000
2014-04-16,801770.SI,1532.93,1539.83,1523.40,1537.86,490290000,5721740000
2014-04-17,801770.SI,1540.65,1550.30,1540.56,1545.65,403860000,5070820000
2014-04-18,801770.SI,1547.63,1558.89,1544.78,1552.55,470150000,5531120000
2014-04-21,801770.SI,1538.00,1550.74,1527.36,1528.17,451010000,5499720000
2014-04-22,801770.SI,1525.97,1537.72,1503.41,1524.84,630570000,6694450000
2014-04-23,801770.SI,1519.77,1529.35,1506.85,1514.87,422420000,4887450000
2014-04-24,801770.SI,1513.66,1516.21,1489.77,1497.05,388920000,5190280000
2014-04-25,801770.SI,1495.25,1495.46,1459.71,1460.65,398630000,4995860000
2014-04-28,801770.SI,1455.28,1456.58,1418.11,1419.80,423930000,4991590000
2014-04-29,801770.SI,1415.66,1443.07,1415.11,1443.07,293310000,3726350000
2014-04-30,801770.SI,1444.12,1460.46,1442.55,1459.74,483510000,4242300000
2014-05-05,801770.SI,1453.50,1468.81,1447.06,1468.81,350960000,3816990000
2014-05-06,801770.SI,1468.23,1494.18,1467.57,1486.12,395100000,4483470000
2014-05-07,801770.SI,1481.68,1482.92,1457.99,1458.80,348110000,4089950000
2014-05-08,801770.SI,1452.49,1479.28,1449.78,1456.84,441250000,4196010000
2014-05-09,801770.SI,1452.66,1459.66,1430.14,1440.01,425110000,3748670000
2014-05-12,801770.SI,1448.52,1469.49,1440.36,1467.84,485430000,4851680000
2014-05-13,801770.SI,1467.06,1492.07,1466.15,1478.07,642890000,5129860000
2014-05-14,801770.SI,1477.01,1485.10,1474.05,1482.49,340710000,3817770000
2014-05-15,801770.SI,1480.05,1485.97,1447.24,1448.37,388900000,4021450000
2014-05-16,801770.SI,1444.81,1451.74,1420.79,1436.98,294080000,3531130000
2014-05-19,801770.SI,1433.10,1436.74,1419.06,1434.06,302520000,3642940000
2014-05-20,801770.SI,1443.30,1454.98,1435.42,1440.81,428760000,4610110000
2014-05-21,801770.SI,1437.20,1460.04,1425.74,1460.04,360310000,4112880000
2014-05-22,801770.SI,1460.28,1479.62,1456.93,1459.82,426880000,5102340000
2014-05-23,801770.SI,1459.78,1488.88,1457.27,1488.56,428470000,4888680000
2014-05-26,801770.SI,1493.96,1505.84,1490.15,1505.69,421890000,5362270000
2014-05-27,801770.SI,1505.34,1507.91,1494.15,1495.50,411310000,5195840000
2014-05-28,801770.SI,1495.18,1540.95,1492.54,1540.95,581640000,7644600000
2014-05-29,801770.SI,1540.37,1541.73,1514.46,1517.28,433560000,5894780000
2014-05-30,801770.SI,1515.80,1540.52,1510.81,1536.50,426100000,5183630000
2014-06-03,801770.SI,1535.06,1540.35,1515.98,1516.67,377360000,4624290000
2014-06-04,801770.SI,1515.00,1515.09,1488.53,1506.87,348510000,4313110000
2014-06-05,801770.SI,1503.75,1532.70,1503.47,1532.25,387040000,4799230000
2014-06-06,801770.SI,1532.57,1533.42,1509.49,1519.39,365390000,4480190000
2014-06-09,801770.SI,1516.42,1523.05,1498.86,1499.85,362530000,4480060000
2014-06-10,801770.SI,1503.56,1527.53,1496.94,1527.53,459350000,5546140000
2014-06-11,801770.SI,1526.69,1537.56,1524.61,1535.75,449780000,5973640000
2014-06-12,801770.SI,1532.47,1539.37,1526.21,1535.38,448330000,5912600000
2014-06-13,801770.SI,1529.31,1556.87,1529.31,1551.57,490190000,6396530000
2014-06-16,801770.SI,1554.76,1573.31,1554.12,1572.30,557070000,7093220000
2014-06-17,801770.SI,1570.54,1572.23,1559.14,1560.21,487560000,6683740000
2014-06-18,801770.SI,1558.99,1564.18,1544.82,1547.71,412150000,5271800000
2014-06-19,801770.SI,1546.33,1551.71,1493.96,1504.25,544800000,6133860000
2014-06-20,801770.SI,1502.95,1520.49,1495.77,1519.81,342080000,3782510000
2014-06-23,801770.SI,1521.93,1547.19,1521.74,1538.62,367970000,4368310000
2014-06-24,801770.SI,1538.39,1550.56,1538.16,1550.37,409620000,4166090000
2014-06-25,801770.SI,1549.01,1549.01,1532.83,1543.63,350880000,3556150000
2014-06-26,801770.SI,1544.01,1578.56,1543.99,1573.35,476330000,5369620000
2014-06-27,801770.SI,1578.26,1599.83,1578.14,1591.63,553080000,6548080000
2014-06-30,801770.SI,1600.80,1611.75,1591.71,1611.44,634350000,7267970000
2014-07-01,801770.SI,1615.78,1623.84,1605.87,1622.38,601500000,7475320000
2014-07-02,801770.SI,1625.51,1637.28,1612.36,1632.51,585060000,7317420000
2014-07-03,801770.SI,1631.85,1648.68,1623.21,1641.05,533560000,6544840000
2014-07-04,801770.SI,1641.16,1641.51,1625.94,1633.36,479850000,6087050000
2014-07-07,801770.SI,1634.85,1647.54,1630.02,1647.54,523330000,6599080000
2014-07-08,801770.SI,1645.27,1660.70,1630.20,1660.70,483250000,6323670000
2014-07-09,801770.SI,1661.63,1671.11,1635.93,1637.13,658410000,8542580000
2014-07-10,801770.SI,1636.55,1652.07,1634.63,1637.90,644600000,7898380000
2014-07-11,801770.SI,1634.55,1655.28,1631.97,1647.24,539160000,6542820000
2014-07-14,801770.SI,1649.97,1664.06,1649.52,1662.11,507950000,5943190000
2014-07-15,801770.SI,1663.74,1663.74,1630.69,1640.16,685740000,8319710000
2014-07-16,801770.SI,1637.48,1642.24,1615.99,1619.10,592220000,6850910000
2014-07-17,801770.SI,1616.23,1617.77,1596.28,1605.87,394580000,4796930000
2014-07-18,801770.SI,1598.07,1615.67,1597.69,1603.76,352920000,4167850000
2014-07-21,801770.SI,1602.75,1607.43,1585.63,1597.67,331090000,3870230000
2014-07-22,801770.SI,1595.12,1620.80,1593.79,1620.15,421840000,4580720000
2014-07-23,801770.SI,1618.14,1618.14,1585.48,1592.44,448180000,5179410000
2014-07-24,801770.SI,1589.31,1594.99,1564.31,1579.40,483310000,5319630000
2014-07-25,801770.SI,1579.64,1596.56,1578.63,1596.56,471470000,4514350000
2014-07-28,801770.SI,1602.11,1622.58,1599.76,1620.62,597550000,6164880000
2014-07-29,801770.SI,1623.32,1643.73,1623.32,1631.73,623400000,6751900000
2014-07-30,801770.SI,1632.79,1648.95,1626.16,1648.20,628660000,6663410000
2014-07-31,801770.SI,1647.08,1650.88,1636.51,1650.88,495430000,5652900000
2014-08-01,801770.SI,1643.30,1648.24,1619.87,1619.87,606090000,6582040000
2014-08-04,801770.SI,1620.46,1646.59,1620.45,1646.56,551290000,5368520000
2014-08-05,801770.SI,1647.73,1664.07,1641.02,1663.60,561630000,6623210000
2014-08-06,801770.SI,1660.76,1668.09,1650.50,1662.64,475970000,5554980000
2014-08-07,801770.SI,1662.14,1669.76,1643.59,1644.38,548770000,5896280000
2014-08-08,801770.SI,1648.61,1665.30,1648.47,1662.46,464620000,5268610000
2014-08-11,801770.SI,1664.21,1682.59,1664.00,1682.07,556980000,6306450000
2014-08-12,801770.SI,1684.10,1688.92,1677.15,1687.01,645440000,7210130000
2014-08-13,801770.SI,1684.29,1684.60,1657.79,1682.01,552230000,6427680000
2014-08-14,801770.SI,1680.98,1690.83,1668.19,1669.74,630100000,6658590000
2014-08-15,801770.SI,1667.14,1694.59,1666.93,1694.59,714930000,7378620000
2014-08-18,801770.SI,1698.28,1727.95,1698.22,1727.95,768700000,9249850000
2014-08-19,801770.SI,1730.59,1743.88,1723.43,1739.59,874120000,10560610000
2014-08-20,801770.SI,1737.24,1737.29,1720.29,1724.86,652020000,7792690000
2014-08-21,801770.SI,1728.72,1729.29,1709.59,1728.45,629290000,7726610000
2014-08-22,801770.SI,1729.92,1746.82,1725.79,1744.11,631090000,8316860000
2014-08-25,801770.SI,1743.07,1744.11,1710.85,1715.08,639480000,7302900000
2014-08-26,801770.SI,1711.42,1715.08,1673.83,1679.84,570340000,6662840000
2014-08-27,801770.SI,1678.83,1699.17,1678.83,1691.06,425720000,4982250000
2014-08-28,801770.SI,1690.72,1693.24,1669.36,1674.64,432950000,5103290000
2014-08-29,801770.SI,1674.10,1699.82,1674.10,1699.82,439480000,4511570000
2014-09-01,801770.SI,1704.89,1732.11,1704.84,1731.60,555650000,6640010000
2014-09-02,801770.SI,1737.78,1761.08,1737.78,1760.99,781940000,9618350000
2014-09-03,801770.SI,1765.47,1776.89,1756.95,1773.26,891600000,10386850000
2014-09-04,801770.SI,1776.78,1807.07,1772.42,1801.93,918500000,11625350000
2014-09-05,801770.SI,1807.81,1809.59,1789.26,1805.42,728950000,9548140000
2014-09-09,801770.SI,1808.47,1819.00,1792.19,1814.83,721230000,9971320000
2014-09-10,801770.SI,1808.89,1832.50,1795.84,1827.91,791870000,10171140000
2014-09-11,801770.SI,1828.05,1847.29,1806.88,1818.36,815260000,10901750000
2014-09-12,801770.SI,1816.84,1843.84,1814.90,1843.84,652680000,8586210000
2014-09-15,801770.SI,1843.73,1860.84,1839.25,1857.64,724710000,9848520000
2014-09-16,801770.SI,1857.70,1857.74,1787.04,1789.14,1075600000,12642730000
2014-09-17,801770.SI,1788.99,1802.76,1772.19,1801.10,656280000,7644260000
2014-09-18,801770.SI,1801.64,1817.70,1796.77,1815.67,555750000,7142260000
2014-09-19,801770.SI,1818.83,1844.31,1813.96,1840.54,676150000,8381450000
2014-09-22,801770.SI,1843.13,1850.79,1830.72,1836.39,781510000,9859690000
2014-09-23,801770.SI,1839.30,1865.65,1839.04,1864.59,626150000,8110660000
2014-09-24,801770.SI,1861.45,1894.43,1859.53,1894.22,763370000,9914230000
2014-09-25,801770.SI,1902.84,1912.10,1886.92,1893.75,790780000,10569950000
2014-09-26,801770.SI,1897.05,1913.65,1883.44,1910.22,766600000,10006690000
2014-09-29,801770.SI,1921.78,1937.98,1921.78,1933.59,828030000,10850540000
2014-09-30,801770.SI,1939.29,1945.09,1929.43,1943.96,687880000,9033350000
2014-10-08,801770.SI,1951.38,1971.13,1942.48,1971.13,727630000,9206540000
2014-10-09,801770.SI,1984.24,1986.97,1952.37,1976.46,922430000,11712180000
2014-10-10,801770.SI,1971.72,1974.84,1950.83,1963.86,917490000,12291390000
2014-10-13,801770.SI,1954.30,1954.30,1920.95,1951.92,756900000,10448860000
2014-10-14,801770.SI,1945.30,1969.04,1930.55,1942.26,700370000,9635390000
2014-10-15,801770.SI,1937.63,1948.67,1923.08,1948.67,632120000,8172070000
2014-10-16,801770.SI,1934.39,1954.15,1915.56,1915.56,771880000,8598880000
2014-10-17,801770.SI,1909.49,1920.84,1860.09,1887.17,727950000,8341900000
2014-10-20,801770.SI,1890.61,1915.21,1890.56,1915.21,497440000,6055590000
2014-10-21,801770.SI,1918.78,1930.77,1902.12,1902.88,608000000,7205750000
2014-10-22,801770.SI,1903.74,1918.12,1883.43,1884.57,496300000,6135220000
2014-10-23,801770.SI,1881.19,1889.84,1855.92,1872.96,481920000,5831790000
2014-10-24,801770.SI,1875.79,1884.81,1863.54,1869.24,383150000,5293820000
2014-10-27,801770.SI,1863.12,1878.91,1849.18,1876.08,390030000,5113100000
2014-10-28,801770.SI,1881.09,1915.39,1880.96,1915.39,522250000,6970340000
2014-10-29,801770.SI,1920.78,1941.64,1917.45,1930.06,767530000,9782450000
2014-10-30,801770.SI,1929.80,1939.77,1921.66,1929.50,776980000,8494360000
2014-10-31,801770.SI,1933.44,1937.78,1914.37,1927.05,843460000,8617940000
2014-11-03,801770.SI,1932.11,1941.10,1927.92,1938.71,814580000,8028180000
2014-11-04,801770.SI,1940.19,1942.37,1921.23,1931.78,904330000,9054690000
2014-11-05,801770.SI,1926.96,1932.67,1922.26,1926.92,584560000,6471440000
2014-11-06,801770.SI,1925.94,1945.21,1919.32,1944.79,621770000,6896640000
2014-11-07,801770.SI,1948.46,1952.53,1919.44,1925.23,731650000,8703190000
2014-11-10,801770.SI,1929.21,1932.96,1915.09,1931.55,709230000,7281450000
2014-11-11,801770.SI,1943.47,1945.22,1878.66,1895.65,1256000000,11717500000
2014-11-12,801770.SI,1888.63,1912.35,1885.46,1912.13,753790000,8498670000
2014-11-13,801770.SI,1909.84,1910.44,1863.98,1874.39,868630000,9184650000
2014-11-14,801770.SI,1877.20,1887.87,1869.04,1884.03,645980000,7735080000
2014-11-17,801770.SI,1891.13,1913.34,1876.37,1904.80,733730000,8143490000
2014-11-18,801770.SI,1903.84,1911.22,1898.34,1906.44,621080000,7086650000
2014-11-19,801770.SI,1905.11,1936.22,1903.10,1926.69,669350000,8594870000
2014-11-20,801770.SI,1922.05,1927.03,1916.32,1918.97,506030000,6620130000
2014-11-21,801770.SI,1917.08,1931.75,1917.08,1931.33,585400000,7110830000
2014-11-24,801770.SI,1944.42,1950.02,1930.13,1948.75,950100000,10198340000
2014-11-25,801770.SI,1948.14,1989.47,1947.29,1987.63,983680000,12002520000
2014-11-26,801770.SI,1993.13,2000.81,1979.35,1995.08,873400000,11048940000
2014-11-27,801770.SI,1998.66,2003.87,1980.45,1994.99,860300000,10374990000
2014-11-28,801770.SI,1998.05,2012.13,1986.91,2002.40,1313170000,13485950000
2014-12-01,801770.SI,2005.72,2017.44,1975.28,1988.11,1405200000,14763000000
2014-12-02,801770.SI,1985.89,2013.37,1981.32,2013.37,1060660000,11333840000
2014-12-03,801770.SI,2015.81,2033.48,1994.78,2033.30,1321840000,14332170000
2014-12-04,801770.SI,2037.26,2084.63,2037.15,2080.50,1483270000,15374130000
2014-12-05,801770.SI,2079.19,2086.22,1999.07,2055.42,1725790000,18447780000
2014-12-08,801770.SI,2052.54,2103.60,2045.84,2103.01,1578070000,17215970000
2014-12-09,801770.SI,2098.36,2115.34,1988.82,1993.77,1902050000,20205190000
2014-12-10,801770.SI,1988.01,2066.37,1988.01,2064.67,1131250000,12175400000
2014-12-11,801770.SI,2052.29,2077.25,2038.91,2060.99,929600000,10738430000
2014-12-12,801770.SI,2065.36,2084.49,2065.32,2083.39,812050000,9967250000
2014-12-15,801770.SI,2071.88,2113.02,2065.83,2109.52,969500000,11744870000
2014-12-16,801770.SI,2110.61,2114.36,2086.74,2105.10,1015340000,10719540000
2014-12-17,801770.SI,2105.50,2112.77,2088.34,2106.67,1214940000,14967700000
2014-12-18,801770.SI,2104.18,2127.24,2098.75,2110.61,1074280000,12321310000
2014-12-19,801770.SI,2108.32,2110.97,2055.99,2104.74,1314920000,12871670000
2014-12-22,801770.SI,2105.78,2108.30,2015.05,2023.51,1391110000,13375260000
2014-12-23,801770.SI,2015.60,2041.23,1987.35,1989.89,773660000,7648450000
2014-12-24,801770.SI,1996.85,2010.61,1987.49,2009.41,771630000,7682430000
2014-12-25,801770.SI,2011.20,2033.42,2006.58,2033.03,697050000,7302060000
2014-12-26,801770.SI,2037.01,2049.19,2026.35,2045.45,823880000,8508150000
2014-12-29,801770.SI,2052.28,2052.57,1995.69,2009.98,949620000,9386110000
2014-12-30,801770.SI,2005.49,2013.89,1967.06,1979.06,833270000,8671570000
2014-12-31,801770.SI,1976.96,1993.28,1963.41,1988.74,884840000,8222780000
2015-01-05,801770.SI,1998.16,2029.09,1964.00,2016.73,1336100000,12348890000
2015-01-06,801770.SI,2005.16,2068.45,1997.70,2065.44,1145080000,12449540000
2015-01-07,801770.SI,2057.16,2070.66,2045.66,2065.88,1030900000,10332350000
2015-01-08,801770.SI,2069.37,2086.22,2056.79,2070.45,1078430000,12077990000
2015-01-09,801770.SI,2066.02,2086.63,2049.56,2049.64,972330000,10698230000
2015-01-12,801770.SI,2040.50,2046.73,2009.46,2025.19,738910000,7691610000
2015-01-13,801770.SI,2021.43,2073.64,2021.11,2068.23,658080000,8199220000
2015-01-14,801770.SI,2071.53,2077.58,2040.25,2051.98,598150000,7216480000
2015-01-15,801770.SI,2055.19,2073.71,2050.09,2073.71,608820000,6838750000
2015-01-16,801770.SI,2078.16,2111.04,2073.23,2106.30,780050000,9320760000
2015-01-19,801770.SI,2045.73,2095.98,1998.04,2019.16,1087610000,12433100000
2015-01-20,801770.SI,2038.90,2107.43,2037.40,2107.43,978920000,12363710000
2015-01-21,801770.SI,2120.75,2156.83,2115.36,2153.92,1063170000,13319750000
2015-01-22,801770.SI,2155.13,2200.82,2150.23,2193.44,983600000,13368570000
2015-01-23,801770.SI,2201.51,2204.80,2153.01,2160.93,935750000,12368650000
2015-01-26,801770.SI,2170.25,2202.57,2170.25,2200.01,740610000,10124020000
2015-01-27,801770.SI,2206.80,2211.95,2159.94,2199.31,904850000,11567220000
2015-01-28,801770.SI,2192.69,2204.21,2170.67,2175.42,719260000,9886130000
2015-01-29,801770.SI,2157.02,2170.46,2143.85,2149.75,664400000,8240710000
2015-01-30,801770.SI,2156.79,2164.81,2135.61,2136.14,600490000,7519700000
2015-02-02,801770.SI,2116.53,2142.96,2109.14,2134.60,559310000,7309010000
2015-02-03,801770.SI,2141.20,2176.44,2141.20,2175.28,710910000,9907520000
2015-02-04,801770.SI,2178.46,2191.68,2169.03,2171.49,713790000,9360460000
2015-02-05,801770.SI,2185.53,2224.81,2176.52,2186.83,938910000,12969430000
2015-02-06,801770.SI,2180.06,2187.75,2122.60,2131.04,796040000,9832760000
2015-02-09,801770.SI,2123.16,2146.78,2109.08,2113.18,639400000,9227880000
2015-02-10,801770.SI,2115.70,2154.20,2108.16,2153.32,566230000,8273760000
2015-02-11,801770.SI,2162.47,2213.12,2160.03,2213.12,817660000,12009300000
2015-02-12,801770.SI,2222.16,2271.90,2214.65,2251.23,1369620000,15594430000
2015-02-13,801770.SI,2248.18,2275.22,2247.51,2263.58,1344430000,15269140000
2015-02-16,801770.SI,2272.16,2363.04,2271.43,2363.04,1668910000,18879250000
2015-02-17,801770.SI,2374.45,2379.90,2360.56,2362.74,1598060000,16261750000
2015-02-25,801770.SI,2375.73,2375.73,2335.41,2341.07,1267770000,14791690000
2015-02-26,801770.SI,2339.39,2350.56,2318.02,2350.56,1215660000,14145710000
2015-02-27,801770.SI,2352.63,2446.76,2350.56,2431.33,1673510000,20305050000
2015-03-02,801770.SI,2443.97,2455.30,2421.43,2454.54,1266650000,17195880000
2015-03-03,801770.SI,2444.54,2451.61,2402.72,2406.79,1300260000,17561850000
2015-03-04,801770.SI,2410.56,2450.40,2410.56,2447.79,1133950000,15617230000
2015-03-05,801770.SI,2442.27,2444.76,2411.23,2438.91,1153170000,16269350000
2015-03-06,801770.SI,2441.10,2445.48,2380.26,2382.45,875460000,13564010000
2015-03-09,801770.SI,2374.53,2418.33,2359.25,2418.19,863050000,12451350000
2015-03-10,801770.SI,2422.64,2455.44,2420.61,2446.24,855000000,13066110000
2015-03-11,801770.SI,2448.78,2455.55,2432.95,2441.18,899020000,13870380000
2015-03-12,801770.SI,2444.32,2456.29,2413.71,2437.83,908660000,13652690000
2015-03-13,801770.SI,2449.78,2486.87,2447.44,2486.26,870170000,13565890000
2015-03-16,801770.SI,2502.93,2567.02,2502.93,2566.67,1316480000,20690860000
2015-03-17,801770.SI,2580.51,2619.83,2568.38,2596.98,1486530000,23092690000
2015-03-18,801770.SI,2607.06,2641.15,2587.26,2641.15,1364400000,21622660000
2015-03-19,801770.SI,2642.86,2668.44,2632.83,2668.16,1551470000,22916050000
2015-03-20,801770.SI,2666.07,2715.60,2664.38,2695.01,1462330000,23880430000
2015-03-23,801770.SI,2709.62,2780.48,2709.62,2780.48,1675470000,28299080000
2015-03-24,801770.SI,2790.97,2820.72,2707.24,2817.71,1845750000,32539500000
2015-03-25,801770.SI,2815.95,2851.82,2800.10,2824.30,1476440000,27403380000
2015-03-26,801770.SI,2810.61,2824.23,2735.28,2753.70,1382620000,25694990000
2015-03-27,801770.SI,2751.45,2800.94,2751.45,2798.82,927160000,17003150000
2015-03-30,801770.SI,2810.80,2828.89,2791.80,2813.91,1243230000,19571400000
2015-03-31,801770.SI,2826.28,2854.62,2800.97,2827.45,1370420000,22286910000
2015-04-01,801770.SI,2825.68,2927.13,2825.66,2922.88,1792670000,25272740000
2015-04-02,801770.SI,2936.46,2976.22,2928.63,2976.22,1779340000,27819470000
2015-04-03,801770.SI,2963.10,3001.68,2952.11,3000.37,1368530000,23576580000
2015-04-07,801770.SI,3035.66,3064.91,3033.35,3054.88,1518030000,26651210000
2015-04-08,801770.SI,3069.39,3074.13,2973.97,3038.63,1532130000,27218050000
2015-04-09,801770.SI,3035.76,3035.76,2905.01,2986.53,1246130000,21860070000
2015-04-10,801770.SI,2976.45,3056.57,2961.63,3051.64,1169240000,21413250000
2015-04-13,801770.SI,3066.36,3110.18,3054.23,3098.47,1373450000,24666690000
2015-04-14,801770.SI,3103.99,3104.33,3052.48,3068.34,1251960000,22908040000
2015-04-15,801770.SI,3074.31,3074.31,2992.55,2992.55,1218120000,20756820000
2015-04-16,801770.SI,2979.29,3109.04,2966.07,3068.84,1645910000,23994630000
2015-04-17,801770.SI,3109.03,3129.17,3072.01,3106.87,1920860000,28987570000
2015-04-20,801770.SI,3110.60,3196.53,3051.96,3110.02,2303280000,33023130000
2015-04-21,801770.SI,3139.72,3234.20,3131.52,3227.17,2120240000,30389040000
2015-04-22,801770.SI,3249.60,3303.66,3249.60,3270.01,1820290000,29547430000
2015-04-23,801770.SI,3283.11,3370.39,3261.59,3365.34,1892230000,31930880000
2015-04-24,801770.SI,3330.16,3439.84,3314.11,3394.45,2674990000,41740600000
2015-04-27,801770.SI,3408.48,3464.88,3387.84,3443.83,2373040000,37266100000
2015-04-28,801770.SI,3423.24,3435.67,3323.78,3369.42,2493520000,37903360000
2015-04-29,801770.SI,3352.02,3451.04,3324.54,3442.12,1727770000,29601420000
2015-04-30,801770.SI,3463.08,3471.91,3417.82,3418.82,1660750000,29972780000
2015-05-04,801770.SI,3416.42,3487.14,3379.81,3450.91,1670160000,26775000000
2015-05-05,801770.SI,3430.74,3430.74,3290.61,3307.92,1673460000,27242160000
2015-05-06,801770.SI,3319.16,3395.64,3278.29,3307.93,1569570000,26025720000
2015-05-07,801770.SI,3295.15,3312.47,3233.45,3249.76,1258300000,20805390000
2015-05-08,801770.SI,3288.78,3407.47,3288.78,3407.47,1521040000,28967390000
2015-05-11,801770.SI,3459.63,3562.88,3433.98,3556.63,1789990000,35123100000
2015-05-12,801770.SI,3588.96,3645.21,3557.05,3642.09,1961240000,37647010000
2015-05-13,801770.SI,3642.58,3720.56,3608.83,3705.39,1836950000,37878610000
2015-05-14,801770.SI,3762.48,3808.14,3743.43,3744.22,1626190000,36443090000
2015-05-15,801770.SI,3733.97,3740.59,3652.31,3701.89,1403180000,29511750000
2015-05-18,801770.SI,3703.23,3804.43,3699.15,3790.65,1311470000,29239630000
2015-05-19,801770.SI,3831.26,3888.14,3783.00,3883.07,1370040000,30432310000
2015-05-20,801770.SI,3936.10,4057.02,3936.06,3992.69,1647050000,34730450000
2015-05-21,801770.SI,4071.29,4163.12,4069.34,4156.83,1574040000,34747610000
2015-05-22,801770.SI,4238.59,4256.61,4115.96,4200.27,2011830000,43492330000
2015-05-25,801770.SI,4194.60,4289.08,4129.38,4277.03,2167780000,49228050000
2015-05-26,801770.SI,4327.88,4460.22,4295.41,4458.52,2401370000,53143140000
2015-05-27,801770.SI,4505.23,4542.10,4403.26,4510.28,2111050000,50446820000
2015-05-28,801770.SI,4554.21,4592.06,4298.17,4303.93,2792330000,58920720000
2015-05-29,801770.SI,4312.68,4452.94,4126.95,4363.16,2143140000,48901620000
2015-06-01,801770.SI,4394.14,4561.57,4384.62,4556.29,1738050000,42113160000
2015-06-02,801770.SI,4599.98,4701.70,4579.76,4700.40,2137260000,51211720000
2015-06-03,801770.SI,4735.14,4760.46,4602.15,4748.63,1953910000,48178290000
2015-06-04,801770.SI,4756.78,4767.83,4450.13,4740.47,2076320000,51891180000
2015-06-05,801770.SI,4797.17,4840.92,4689.38,4760.77,2152080000,48962710000
2015-06-08,801770.SI,4761.63,4769.81,4629.30,4670.62,2439680000,49989090000
2015-06-09,801770.SI,4659.72,4719.72,4598.88,4667.60,2340990000,44502200000
2015-06-10,801770.SI,4642.80,4774.84,4584.26,4730.82,1684570000,38370920000
2015-06-11,801770.SI,4732.45,4764.84,4732.45,4764.84,1591360000,37734730000
2015-06-12,801770.SI,4792.83,4868.48,4778.60,4844.68,1612510000,40878930000
2015-06-15,801770.SI,4900.08,4914.67,4754.27,4762.77,1675270000,42074800000
2015-06-16,801770.SI,4717.16,4717.16,4512.21,4557.81,1833900000,45123550000
2015-06-17,801770.SI,4543.48,4650.69,4374.28,4618.59,1444290000,36201020000
2015-06-18,801770.SI,4599.21,4621.34,4412.63,4416.81,1245030000,31812010000
2015-06-19,801770.SI,4295.88,4343.36,4088.91,4089.36,1286550000,28563580000
2015-06-23,801770.SI,4094.55,4152.05,3855.63,4150.77,1342820000,28000050000
2015-06-24,801770.SI,4195.64,4249.07,4106.91,4218.83,1508820000,31671200000
2015-06-25,801770.SI,4230.97,4233.89,3968.73,4021.08,1358590000,29957210000
2015-06-26,801770.SI,3865.66,3875.79,3648.52,3659.14,1327190000,25253680000
2015-06-29,801770.SI,3732.01,3732.90,3327.55,3361.69,1619440000,28043040000
2015-06-30,801770.SI,3238.17,3559.57,3123.62,3556.82,1918330000,34235720000
2015-07-01,801770.SI,3527.02,3688.82,3355.25,3377.89,1881940000,35563600000
2015-07-02,801770.SI,3344.58,3385.71,3138.45,3184.34,1570390000,26664910000
2015-07-03,801770.SI,3052.74,3248.37,2924.92,3012.39,1617690000,26283980000
2015-07-06,801770.SI,3234.71,3234.71,2866.69,2939.49,2004070000,32459350000
2015-07-07,801770.SI,2819.23,2843.42,2729.39,2768.09,1535290000,18579910000
2015-07-08,801770.SI,2632.03,2687.36,2629.66,2646.39,1834490000,22438240000
2015-07-09,801770.SI,2586.74,2739.60,2586.74,2739.60,1499490000,14051810000
2015-07-10,801770.SI,2776.30,2843.64,2763.76,2839.45,1355950000,12567090000
2015-07-13,801770.SI,2926.01,2976.89,2903.12,2951.65,1559550000,17983090000
2015-07-14,801770.SI,3048.00,3096.06,3021.02,3046.13,1645560000,25754810000
2015-07-15,801770.SI,3082.29,3082.29,2924.82,2940.63,1806730000,30046030000
2015-07-16,801770.SI,2876.06,3055.71,2793.16,2990.82,1615290000,26990640000
2015-07-17,801770.SI,3029.74,3204.56,3021.37,3182.96,1578070000,26581670000
2015-07-20,801770.SI,3233.01,3333.87,3202.73,3287.83,1868540000,34010000000
2015-07-21,801770.SI,3270.72,3399.55,3239.29,3363.87,1640940000,30163840000
2015-07-22,801770.SI,3383.22,3440.84,3324.11,3421.70,1759990000,36339790000
2015-07-23,801770.SI,3431.37,3563.37,3398.92,3544.89,2091170000,38356650000
2015-07-24,801770.SI,3555.49,3654.66,3488.89,3529.94,2203690000,44723680000
2015-07-27,801770.SI,3460.48,3573.46,3261.03,3261.15,1953850000,39569830000
2015-07-28,801770.SI,3082.71,3300.83,2998.34,3135.89,2030560000,36017020000
2015-07-29,801770.SI,3198.85,3306.37,3029.95,3302.51,1599910000,29455160000
2015-07-30,801770.SI,3279.52,3366.01,3179.64,3188.27,1509970000,29926810000
2015-07-31,801770.SI,3131.95,3202.80,3058.55,3105.26,1098720000,20844410000
2015-08-03,801770.SI,3052.50,3059.93,2911.65,2934.67,1140280000,19273710000
2015-08-04,801770.SI,2951.08,3134.05,2950.50,3133.83,1142060000,20008950000
2015-08-05,801770.SI,3148.97,3191.54,3064.86,3099.00,1183470000,22291590000
2015-08-06,801770.SI,3028.80,3129.28,3019.36,3078.53,766980000,14540390000
2015-08-07,801770.SI,3122.78,3212.77,3122.78,3212.17,1105900000,21195660000
2015-08-10,801770.SI,3270.00,3420.14,3212.17,3397.16,1444400000,27481190000
2015-08-11,801770.SI,3413.28,3436.37,3362.25,3389.15,1777630000,30630350000
2015-08-12,801770.SI,3353.05,3424.42,3340.87,3352.60,1353490000,23167440000
2015-08-13,801770.SI,3329.96,3432.46,3294.11,3432.46,1272580000,22713460000
2015-08-14,801770.SI,3460.01,3513.31,3436.00,3464.94,1655810000,27797840000
2015-08-17,801770.SI,3446.49,3493.06,3406.82,3485.67,1359770000,23447950000
2015-08-18,801770.SI,3490.95,3503.16,3202.47,3207.00,1627050000,29535310000
2015-08-19,801770.SI,3098.88,3324.31,3043.48,3301.03,1881180000,27661410000
2015-08-20,801770.SI,3284.89,3405.58,3265.59,3268.21,2215320000,31864680000
2015-08-21,801770.SI,3187.64,3235.69,3041.82,3068.35,1755660000,24705130000
2015-08-24,801770.SI,2912.93,2933.15,2802.97,2806.70,1190440000,15526380000
2015-08-25,801770.SI,2584.20,2668.73,2572.55,2577.14,1105940000,14647500000
2015-08-26,801770.SI,2580.99,2661.97,2440.97,2461.49,1757090000,21981350000
2015-08-27,801770.SI,2509.46,2571.38,2410.35,2571.38,1410290000,17683150000
2015-08-28,801770.SI,2618.49,2745.82,2593.62,2742.45,1612140000,21295350000
2015-08-31,801770.SI,2716.23,2721.50,2630.46,2679.15,1344020000,17702270000
2015-09-01,801770.SI,2625.89,2625.89,2500.22,2542.10,1325990000,15780620000
2015-09-02,801770.SI,2411.20,2593.02,2408.29,2490.94,1375850000,16768360000
2015-09-07,801770.SI,2542.50,2612.67,2501.04,2515.07,1176640000,14872170000
2015-09-08,801770.SI,2494.13,2623.42,2461.63,2615.91,973470000,12236120000
2015-09-09,801770.SI,2634.50,2719.94,2625.57,2694.35,1286820000,17691020000
2015-09-10,801770.SI,2624.77,2677.00,2616.13,2628.37,877380000,12195490000
2015-09-11,801770.SI,2602.28,2658.58,2596.45,2630.82,782800000,11203740000
2015-09-14,801770.SI,2634.68,2642.01,2431.45,2457.90,1047990000,13425120000
2015-09-15,801770.SI,2372.50,2417.12,2302.25,2311.10,817550000,10182170000
2015-09-16,801770.SI,2305.72,2469.35,2295.30,2451.00,1170700000,15601430000
2015-09-17,801770.SI,2439.16,2536.31,2412.14,2412.14,1359930000,18310040000
2015-09-18,801770.SI,2434.00,2457.68,2399.83,2441.90,867290000,12049590000
2015-09-21,801770.SI,2417.84,2544.69,2411.09,2543.51,977810000,14179940000
2015-09-22,801770.SI,2553.68,2594.33,2519.93,2563.36,1093970000,16012040000
2015-09-23,801770.SI,2521.24,2579.08,2513.62,2545.17,975380000,14352480000
2015-09-24,801770.SI,2565.59,2592.15,2547.78,2577.77,875350000,12941390000
2015-09-25,801770.SI,2576.60,2602.58,2473.42,2487.86,1234650000,15519120000
2015-09-28,801770.SI,2487.34,2549.18,2453.14,2547.35,825720000,11297250000
2015-09-29,801770.SI,2502.24,2524.90,2471.59,2493.42,792240000,11575140000
2015-09-30,801770.SI,2503.76,2521.70,2473.53,2499.66,701150000,9830210000
2015-10-08,801770.SI,2582.06,2627.27,2568.54,2615.62,1117560000,15773400000
2015-10-09,801770.SI,2615.25,2672.72,2608.34,2659.18,1194170000,16703280000
2015-10-12,801770.SI,2675.97,2802.21,2673.34,2769.80,1649550000,24076310000
2015-10-13,801770.SI,2742.56,2789.42,2733.21,2782.38,1301220000,19266420000
2015-10-14,801770.SI,2770.54,2798.91,2743.58,2748.26,1310180000,18949930000
2015-10-15,801770.SI,2750.06,2879.00,2748.26,2874.65,1635570000,23661720000
2015-10-16,801770.SI,2890.93,2921.49,2864.30,2913.18,1633750000,26277430000
2015-10-19,801770.SI,2932.50,2946.21,2853.51,2892.12,1493900000,23490800000
2015-10-20,801770.SI,2896.66,3004.43,2896.66,3003.38,1710180000,27624970000
2015-10-21,801770.SI,3014.65,3038.53,2803.92,2834.62,2244110000,36080480000
2015-10-22,801770.SI,2828.86,2959.99,2828.65,2957.13,1623380000,26102660000
2015-10-23,801770.SI,2986.75,3055.97,2952.63,3040.66,1868850000,32518170000
2015-10-26,801770.SI,3071.74,3088.75,3011.46,3055.96,1799670000,31981630000
2015-10-27,801770.SI,3022.71,3100.00,2919.40,3083.32,1574700000,28086360000
2015-10-28,801770.SI,3064.60,3104.91,2972.29,2985.11,1355830000,24505190000
2015-10-29,801770.SI,3015.36,3058.93,2963.87,3016.31,1166000000,21171000000
2015-10-30,801770.SI,3010.10,3058.17,2953.41,3012.71,1168550000,21265330000
2015-11-02,801770.SI,2931.82,3022.22,2923.89,2926.26,1134530000,19418770000
2015-11-03,801770.SI,2936.40,2956.45,2896.26,2913.05,798010000,13745680000
2015-11-04,801770.SI,2932.88,3081.32,2932.72,3081.32,1339160000,23145770000
2015-11-05,801770.SI,3077.76,3138.39,3048.82,3095.71,2118330000,32121860000
2015-11-06,801770.SI,3088.15,3185.85,3088.15,3184.28,1781440000,28534060000
2015-11-09,801770.SI,3164.38,3242.60,3132.65,3224.97,1784450000,30494060000
2015-11-10,801770.SI,3203.91,3245.37,3182.55,3221.75,1491700000,26889920000
2015-11-11,801770.SI,3226.52,3299.70,3212.76,3299.70,1484910000,29157980000
2015-11-12,801770.SI,3317.04,3319.02,3243.55,3279.95,1525520000,28966390000
2015-11-13,801770.SI,3251.74,3272.96,3182.89,3213.66,1569700000,29805740000
2015-11-16,801770.SI,3160.52,3309.04,3156.22,3309.04,1380060000,26656330000
2015-11-17,801770.SI,3344.52,3355.68,3255.54,3267.82,1733040000,35780560000
2015-11-18,801770.SI,3265.43,3291.04,3214.83,3223.64,1182280000,24132770000
2015-11-19,801770.SI,3240.89,3331.05,3239.69,3331.05,1173730000,23152440000
2015-11-20,801770.SI,3345.33,3403.64,3332.42,3388.19,1519010000,30668710000
2015-11-23,801770.SI,3392.31,3398.37,3309.71,3322.85,1440480000,28959030000
2015-11-24,801770.SI,3324.28,3366.95,3277.73,3366.95,1023200000,21039930000
2015-11-25,801770.SI,3376.79,3437.15,3366.32,3435.15,1323000000,27485290000
2015-11-26,801770.SI,3458.93,3484.58,3421.32,3442.25,1441100000,29812860000
2015-11-27,801770.SI,3441.73,3451.78,3217.77,3247.62,1666370000,33382510000
2015-11-30,801770.SI,3244.97,3291.41,3086.91,3259.79,1376930000,26805950000
2015-12-01,801770.SI,3253.67,3270.53,3194.24,3224.81,947590000,19739960000
2015-12-02,801770.SI,3219.17,3232.90,3106.27,3198.54,945380000,19937850000
2015-12-03,801770.SI,3195.90,3271.31,3195.90,3271.10,868040000,17956510000
2015-12-04,801770.SI,3257.83,3291.06,3220.54,3238.72,905080000,19119510000
2015-12-07,801770.SI,3248.41,3281.11,3219.35,3266.72,826060000,16874010000
2015-12-08,801770.SI,3260.18,3260.18,3199.32,3216.12,960110000,19826940000
2015-12-09,801770.SI,3201.68,3236.30,3192.70,3215.68,890210000,18462810000
2015-12-10,801770.SI,3218.85,3285.42,3218.77,3248.00,1117130000,23216690000
2015-12-11,801770.SI,3253.14,3297.69,3244.17,3274.87,1246380000,25962460000
2015-12-14,801770.SI,3253.10,3319.93,3234.78,3319.93,1152980000,22964050000
2015-12-15,801770.SI,3322.72,3413.74,3322.69,3400.04,1317840000,26823330000
2015-12-16,801770.SI,3407.48,3433.49,3390.94,3402.80,1266630000,25498180000
2015-12-17,801770.SI,3419.56,3499.63,3419.34,3499.48,1523670000,32132140000
2015-12-18,801770.SI,3485.29,3510.78,3455.35,3469.14,1288140000,27530240000
2015-12-21,801770.SI,3461.53,3498.42,3455.55,3489.74,1170760000,23090210000
2015-12-22,801770.SI,3492.20,3504.73,3453.59,3504.03,1052270000,21798540000
2015-12-23,801770.SI,3495.97,3500.85,3423.61,3425.23,1013630000,20735690000
2015-12-24,801770.SI,3417.47,3445.16,3372.41,3437.89,835740000,16962220000
2015-12-25,801770.SI,3441.06,3482.72,3441.06,3470.10,783860000,16825310000
2015-12-28,801770.SI,3496.48,3518.04,3402.14,3402.14,1246180000,23617380000
2015-12-29,801770.SI,3395.07,3444.95,3370.15,3444.95,895100000,17589390000
2015-12-30,801770.SI,3453.83,3534.28,3453.61,3524.29,1276690000,25992360000
2015-12-31,801770.SI,3512.66,3519.07,3433.21,3434.35,1030720000,22009120000
2016-01-04,801770.SI,3438.90,3449.47,3170.33,3170.33,901400000,17949910000
2016-01-05,801770.SI,3006.67,3206.30,3006.67,3152.39,1348660000,25375140000
2016-01-06,801770.SI,3169.11,3217.22,3121.83,3215.95,1135450000,21079040000
2016-01-07,801770.SI,3146.99,3170.28,2949.21,2952.31,277280000,4938570000
2016-01-08,801770.SI,3008.98,3045.88,2836.14,2988.82,1165470000,20382390000
2016-01-11,801770.SI,2922.16,2960.31,2792.09,2792.22,1035510000,17487020000
2016-01-12,801770.SI,2783.95,2810.91,2708.24,2764.50,928640000,15861460000
2016-01-13,801770.SI,2773.86,2796.19,2647.91,2647.91,898700000,13940040000
2016-01-14,801770.SI,2553.37,2739.86,2550.22,2731.25,969540000,14188140000
2016-01-15,801770.SI,2709.02,2736.09,2616.02,2635.37,940300000,13633460000
2016-01-18,801770.SI,2578.55,2722.38,2578.55,2689.51,767170000,12080220000
2016-01-19,801770.SI,2685.97,2786.32,2675.48,2781.62,903480000,14218570000
2016-01-20,801770.SI,2766.65,2815.43,2745.32,2767.81,927600000,14914200000
2016-01-21,801770.SI,2723.43,2804.80,2663.91,2663.91,844580000,13331680000
2016-01-22,801770.SI,2696.64,2726.25,2626.59,2719.05,779720000,11642870000
2016-01-25,801770.SI,2744.24,2776.25,2723.60,2751.93,712460000,11343510000
2016-01-26,801770.SI,2723.75,2724.61,2560.20,2562.49,1000180000,14012490000
2016-01-27,801770.SI,2563.66,2575.64,2411.87,2530.14,986180000,13189510000
2016-01-28,801770.SI,2493.01,2528.51,2415.29,2420.56,745240000,10176330000
2016-01-29,801770.SI,2420.27,2527.51,2402.41,2505.13,768760000,10239750000
2016-02-01,801770.SI,2497.96,2521.43,2448.35,2482.38,618710000,8574290000
2016-02-02,801770.SI,2486.28,2578.07,2486.13,2568.85,670490000,9610740000
2016-02-03,801770.SI,2542.76,2592.51,2528.40,2581.71,686610000,9439760000
2016-02-04,801770.SI,2569.54,2620.91,2569.39,2603.71,770900000,11001950000
2016-02-05,801770.SI,2593.61,2610.18,2563.63,2564.09,648930000,9276020000
2016-02-15,801770.SI,2485.58,2588.01,2485.16,2573.16,611200000,8950120000
2016-02-16,801770.SI,2591.81,2679.93,2591.05,2671.92,882510000,12909070000
2016-02-17,801770.SI,2682.21,2716.28,2657.73,2709.15,1085790000,16256100000
2016-02-18,801770.SI,2723.72,2727.26,2679.07,2685.19,965710000,14449160000
2016-02-19,801770.SI,2678.70,2725.38,2678.70,2710.39,885120000,13777910000
2016-02-22,801770.SI,2743.27,2752.03,2721.31,2752.03,977870000,14967960000
2016-02-23,801770.SI,2750.07,2752.52,2678.92,2711.43,891200000,13807090000
2016-02-24,801770.SI,2702.75,2730.75,2648.01,2708.16,866710000,13100560000
2016-02-25,801770.SI,2697.93,2697.93,2497.40,2506.72,1002480000,14227180000
2016-02-26,801770.SI,2519.69,2533.18,2450.10,2492.44,777780000,10956130000
2016-02-29,801770.SI,2483.88,2483.93,2343.54,2365.20,817590000,10136080000
2016-03-01,801770.SI,2370.73,2424.41,2315.26,2406.10,738280000,9996340000
2016-03-02,801770.SI,2407.21,2511.22,2400.59,2506.03,907580000,12098490000
2016-03-03,801770.SI,2505.99,2545.70,2499.81,2504.88,874690000,12074440000
2016-03-04,801770.SI,2488.84,2501.27,2408.54,2433.56,943570000,11416550000
2016-03-07,801770.SI,2451.96,2504.18,2451.17,2488.70,677440000,9233340000
2016-03-08,801770.SI,2484.07,2512.78,2407.60,2512.68,800210000,10860320000
2016-03-09,801770.SI,2466.04,2507.50,2451.02,2475.82,632270000,8398100000
2016-03-10,801770.SI,2474.95,2490.13,2442.41,2444.53,536570000,7042530000
2016-03-11,801770.SI,2420.99,2453.69,2415.19,2443.59,483250000,6295290000
2016-03-14,801770.SI,2467.47,2541.78,2467.29,2516.57,781850000,11320940000
2016-03-15,801770.SI,2512.94,2526.04,2494.41,2507.36,648120000,8737190000
2016-03-16,801770.SI,2523.36,2528.05,2474.99,2491.33,725090000,8818450000
2016-03-17,801770.SI,2499.22,2576.11,2497.34,2567.62,1019110000,14235460000
2016-03-18,801770.SI,2573.35,2648.16,2573.22,2632.34,1339260000,18226770000
2016-03-21,801770.SI,2662.12,2688.59,2650.52,2688.35,1319220000,18614500000
2016-03-22,801770.SI,2667.43,2706.82,2656.50,2683.57,1137060000,16953130000
2016-03-23,801770.SI,2673.91,2703.69,2673.84,2703.51,986670000,14997260000
2016-03-24,801770.SI,2682.07,2704.94,2661.06,2661.06,973020000,15241600000
2016-03-25,801770.SI,2652.82,2678.67,2644.02,2671.08,846260000,13139850000
2016-03-28,801770.SI,2690.45,2717.00,2654.18,2662.50,977030000,15750730000
2016-03-29,801770.SI,2658.61,2663.86,2595.40,2611.33,780500000,12131760000
2016-03-30,801770.SI,2626.28,2695.37,2625.45,2695.37,888730000,14324510000
2016-03-31,801770.SI,2704.77,2728.75,2694.42,2702.03,1153430000,18362510000
2016-04-01,801770.SI,2686.45,2700.16,2655.29,2695.82,1060200000,14918580000
2016-04-05,801770.SI,2689.64,2754.85,2680.89,2748.86,1128410000,17177740000
2016-04-06,801770.SI,2737.40,2761.74,2725.85,2752.49,1012530000,16184400000
2016-04-07,801770.SI,2760.07,2775.28,2715.57,2715.57,1304090000,21480060000
2016-04-08,801770.SI,2692.81,2698.40,2658.70,2688.20,1080160000,18785050000
2016-04-11,801770.SI,2703.35,2751.89,2703.35,2735.22,1027360000,18008190000
2016-04-12,801770.SI,2731.99,2735.09,2695.41,2728.01,985370000,16821020000
2016-04-13,801770.SI,2737.72,2792.93,2737.66,2758.62,1287220000,21423830000
2016-04-14,801770.SI,2781.60,2796.61,2762.28,2796.40,1072580000,19356020000
2016-04-15,801770.SI,2799.12,2807.39,2782.48,2796.19,1041560000,18298090000
2016-04-18,801770.SI,2777.64,2777.84,2736.47,2750.65,985330000,17560380000
2016-04-19,801770.SI,2760.61,2774.03,2744.44,2759.89,842570000,15720610000
2016-04-20,801770.SI,2768.58,2774.44,2611.24,2650.20,1321010000,23078280000
2016-04-21,801770.SI,2633.83,2658.11,2608.58,2610.94,786130000,13365090000
2016-04-22,801770.SI,2592.68,2634.98,2588.93,2634.70,614840000,9956470000
2016-04-25,801770.SI,2632.32,2632.32,2594.93,2626.32,667060000,10803700000
2016-04-26,801770.SI,2628.31,2663.23,2620.36,2663.11,657950000,10695640000
2016-04-27,801770.SI,2672.78,2706.11,2666.52,2672.41,833540000,14111650000
2016-04-28,801770.SI,2670.70,2677.02,2616.78,2667.90,761680000,12658850000
2016-04-29,801770.SI,2652.65,2678.90,2648.03,2655.44,539240000,9515990000
2016-05-03,801770.SI,2658.97,2733.15,2653.74,2733.15,838860000,14660390000
2016-05-04,801770.SI,2721.32,2748.03,2718.82,2726.38,779750000,13992840000
2016-05-05,801770.SI,2719.82,2738.64,2709.73,2737.76,640550000,11644730000
2016-05-06,801770.SI,2741.42,2751.05,2631.97,2631.97,1034400000,17413700000
2016-05-09,801770.SI,2606.77,2606.77,2532.14,2540.12,746320000,11718380000
2016-05-10,801770.SI,2534.63,2555.19,2528.01,2544.37,450240000,7344120000
2016-05-11,801770.SI,2560.08,2564.71,2505.25,2505.25,487700000,8037490000
2016-05-12,801770.SI,2467.74,2502.25,2435.96,2500.93,513550000,7912710000
2016-05-13,801770.SI,2498.00,2523.94,2484.47,2496.09,413370000,6983830000
2016-05-16,801770.SI,2491.20,2538.51,2480.24,2538.21,480490000,7623340000
2016-05-17,801770.SI,2540.88,2560.62,2518.54,2535.21,553280000,9178120000
2016-05-18,801770.SI,2517.66,2517.66,2445.99,2471.71,628650000,9473920000
2016-05-19,801770.SI,2474.76,2526.41,2470.82,2490.14,673580000,11439890000
2016-05-20,801770.SI,2463.97,2515.18,2455.11,2515.10,568970000,9319040000
2016-05-23,801770.SI,2523.27,2558.82,2522.97,2556.15,637520000,10815440000
2016-05-24,801770.SI,2549.91,2550.20,2505.94,2524.01,579120000,10254570000
2016-05-25,801770.SI,2545.27,2566.41,2516.67,2527.11,642460000,11559460000
2016-05-26,801770.SI,2518.92,2542.45,2471.89,2541.97,703640000,11841510000
2016-05-27,801770.SI,2534.90,2557.80,2526.25,2535.94,643930000,11536580000
2016-05-30,801770.SI,2526.43,2562.27,2502.61,2540.35,643500000,11183870000
2016-05-31,801770.SI,2541.19,2646.05,2540.33,2645.99,1132840000,18886640000
2016-06-01,801770.SI,2647.43,2676.41,2647.25,2658.95,1019660000,18569250000
2016-06-02,801770.SI,2652.57,2675.96,2644.98,2675.92,900520000,15737170000
2016-06-03,801770.SI,2674.55,2705.98,2672.83,2685.44,1008350000,18330600000
2016-06-06,801770.SI,2689.64,2698.08,2663.79,2688.73,806280000,15257910000
2016-06-07,801770.SI,2687.95,2694.57,2667.13,2690.40,736950000,13672170000
2016-06-08,801770.SI,2686.94,2710.80,2669.04,2692.17,806810000,14872040000
2016-06-13,801770.SI,2654.25,2682.35,2568.79,2568.79,872600000,15607920000
2016-06-14,801770.SI,2556.45,2583.94,2552.73,2580.04,571700000,9880480000
2016-06-15,801770.SI,2552.14,2665.32,2548.12,2654.01,792110000,14359200000
2016-06-16,801770.SI,2649.01,2662.57,2632.04,2636.61,717540000,12895540000
2016-06-17,801770.SI,2646.60,2681.66,2644.40,2666.89,834090000,13998170000
2016-06-20,801770.SI,2669.82,2689.97,2649.52,2684.19,868210000,15459480000
2016-06-21,801770.SI,2694.49,2701.75,2640.45,2650.76,985860000,15845030000
2016-06-22,801770.SI,2644.32,2706.59,2642.54,2706.00,897880000,15035590000
2016-06-23,801770.SI,2713.60,2750.51,2711.17,2731.04,1199210000,19721840000
2016-06-24,801770.SI,2729.52,2744.10,2629.34,2702.72,1213720000,20262350000
2016-06-27,801770.SI,2685.52,2777.53,2683.77,2776.99,1095320000,19042790000
2016-06-28,801770.SI,2763.46,2791.11,2753.54,2786.74,1084850000,18554100000
2016-06-29,801770.SI,2795.85,2798.02,2764.13,2779.09,1023100000,17456320000
2016-06-30,801770.SI,2778.53,2795.94,2770.25,2779.84,993400000,16827210000
2016-07-01,801770.SI,2782.95,2794.37,2760.78,2767.47,905820000,15034910000
2016-07-04,801770.SI,2752.07,2817.90,2748.21,2814.43,1016650000,16672110000
2016-07-05,801770.SI,2817.47,2831.16,2808.20,2822.39,1058980000,17858590000
2016-07-06,801770.SI,2813.49,2824.16,2801.74,2819.54,890880000,14393480000
2016-07-07,801770.SI,2822.30,2824.38,2777.64,2808.77,1018710000,17377650000
2016-07-08,801770.SI,2809.40,2830.31,2801.85,2813.66,948570000,16230540000
2016-07-11,801770.SI,2821.70,2845.77,2810.57,2811.50,1097030000,19330420000
2016-07-12,801770.SI,2813.13,2847.33,2774.36,2846.67,1229420000,19403570000
2016-07-13,801770.SI,2852.58,2908.54,2852.58,2892.49,1382450000,20149880000
2016-07-14,801770.SI,2881.67,2911.97,2870.53,2911.32,1296530000,20942910000
2016-07-15,801770.SI,2910.15,2921.77,2887.54,2911.46,1079510000,17335230000
2016-07-18,801770.SI,2912.84,2943.86,2910.21,2926.04,1224890000,18022350000
2016-07-19,801770.SI,2926.36,2941.71,2900.24,2941.71,1051390000,17713540000
2016-07-20,801770.SI,2940.04,2953.27,2928.14,2933.00,975190000,17495070000
2016-07-21,801770.SI,2935.10,2992.19,2935.10,2970.15,1416170000,23450720000
2016-07-22,801770.SI,2968.65,2980.83,2955.16,2960.79,1364150000,23202810000
2016-07-25,801770.SI,2955.72,2972.82,2938.08,2949.76,1250930000,21405580000
2016-07-26,801770.SI,2946.46,2982.39,2945.64,2982.26,1097580000,17486400000
2016-07-27,801770.SI,2978.70,2982.83,2812.51,2848.83,1668870000,26034600000
2016-07-28,801770.SI,2844.05,2875.77,2808.64,2858.19,1198050000,18364430000
2016-07-29,801770.SI,2857.80,2861.74,2810.85,2816.80,798490000,12220160000
2016-08-01,801770.SI,2802.98,2803.37,2740.83,2772.73,783050000,12137370000
2016-08-02,801770.SI,2772.05,2813.88,2772.05,2813.64,661230000,10003040000
2016-08-03,801770.SI,2807.18,2822.22,2799.91,2818.31,749440000,11432230000
2016-08-04,801770.SI,2815.31,2850.37,2804.03,2842.45,823770000,13079530000
2016-08-05,801770.SI,2836.08,2842.72,2818.01,2820.97,686480000,10945180000
2016-08-08,801770.SI,2812.23,2859.84,2802.24,2859.59,684060000,10498430000
2016-08-09,801770.SI,2857.01,2884.06,2851.88,2883.49,848030000,13822390000
2016-08-10,801770.SI,2882.58,2897.84,2871.66,2872.53,888140000,14546890000
2016-08-11,801770.SI,2868.37,2878.99,2836.36,2836.61,833930000,13463480000
2016-08-12,801770.SI,2834.40,2864.80,2829.55,2864.80,724810000,11290280000
2016-08-15,801770.SI,2871.22,2925.38,2848.66,2921.31,1256740000,19614610000
2016-08-16,801770.SI,2926.93,2942.11,2920.91,2926.53,1219260000,18871170000
2016-08-17,801770.SI,2926.90,2948.42,2917.95,2940.50,960100000,16359810000
2016-08-18,801770.SI,2936.89,2957.10,2933.67,2943.65,1097910000,17108210000
2016-08-19,801770.SI,2944.49,2950.08,2922.14,2939.17,855490000,13372510000
2016-08-22,801770.SI,2943.79,2945.08,2902.68,2903.10,821590000,14047170000
2016-08-23,801770.SI,2898.56,2912.71,2878.31,2896.97,755460000,12432550000
2016-08-24,801770.SI,2899.44,2933.71,2898.91,2924.43,744240000,12813470000
2016-08-25,801770.SI,2915.92,2916.06,2880.47,2909.30,835340000,14900400000
2016-08-26,801770.SI,2917.95,2953.66,2917.58,2930.00,900140000,16415960000
2016-08-29,801770.SI,2926.90,2942.13,2917.53,2927.22,791500000,13870330000
2016-08-30,801770.SI,2927.91,2944.31,2921.21,2927.51,671750000,12134160000
2016-08-31,801770.SI,2927.05,2930.77,2900.56,2917.38,680490000,12075460000
2016-09-01,801770.SI,2917.25,2924.63,2901.67,2901.77,741420000,13551150000
2016-09-02,801770.SI,2894.80,2906.33,2872.69,2887.99,689130000,13175590000
2016-09-05,801770.SI,2893.70,2923.41,2893.28,2913.43,752390000,14136270000
2016-09-06,801770.SI,2915.61,2968.57,2895.96,2968.39,1100550000,20327670000
2016-09-07,801770.SI,2967.87,2984.52,2956.02,2961.69,953880000,17863850000
2016-09-08,801770.SI,2959.53,2986.49,2958.66,2986.29,855790000,16699690000
2016-09-09,801770.SI,2986.96,2995.19,2966.50,2966.66,875500000,16741590000
2016-09-12,801770.SI,2913.76,2935.05,2895.46,2896.66,1009550000,17699550000
2016-09-13,801770.SI,2911.98,2917.92,2874.83,2887.09,740220000,13450520000
2016-09-14,801770.SI,2869.57,2890.75,2860.30,2866.55,618760000,10731700000
2016-09-19,801770.SI,2870.51,2901.40,2870.46,2901.39,551770000,10308280000
2016-09-20,801770.SI,2902.81,2902.84,2881.66,2890.50,525680000,9562460000
2016-09-21,801770.SI,2892.09,2908.34,2891.20,2892.96,585740000,10677040000
2016-09-22,801770.SI,2910.12,2919.92,2904.09,2911.95,664020000,12455740000
2016-09-23,801770.SI,2911.88,2915.93,2894.74,2897.70,717850000,12823040000
2016-09-26,801770.SI,2895.12,2897.28,2842.71,2845.45,735930000,13302260000
2016-09-27,801770.SI,2841.41,2875.47,2831.72,2875.44,651480000,11510810000
2016-09-28,801770.SI,2871.85,2871.85,2855.00,2861.32,470870000,8148440000
2016-09-29,801770.SI,2864.66,2885.11,2864.56,2871.97,533040000,9842560000
2016-09-30,801770.SI,2867.91,2896.66,2867.18,2888.75,534570000,9219040000
2016-10-10,801770.SI,2915.65,2965.09,2915.65,2965.09,923230000,14608790000
2016-10-11,801770.SI,2964.89,3007.91,2961.96,3001.58,1253820000,16689290000
2016-10-12,801770.SI,3009.41,3015.51,2994.64,3009.64,1198650000,16203170000
2016-10-13,801770.SI,3008.22,3014.29,2999.88,3004.63,922530000,13883440000
2016-10-14,801770.SI,2991.63,3001.57,2956.98,2997.90,1258110000,17565370000
2016-10-17,801770.SI,2990.36,2995.31,2948.45,2956.51,1167370000,16992840000
2016-10-18,801770.SI,2952.92,2996.03,2952.78,2995.60,947740000,14151510000
2016-10-19,801770.SI,2999.81,3018.99,2985.12,2993.68,1112240000,14855900000
2016-10-20,801770.SI,2993.12,3004.93,2984.49,3003.80,1043950000,15743960000
2016-10-21,801770.SI,2999.55,3006.84,2961.38,2985.86,945880000,14173860000
2016-10-24,801770.SI,2985.61,3007.95,2973.44,3002.17,966110000,15917590000
2016-10-25,801770.SI,3003.08,3008.56,2992.34,3007.87,960280000,15469160000
2016-10-26,801770.SI,3006.22,3007.15,2977.88,2991.36,1073190000,16440800000
2016-10-27,801770.SI,2987.63,2987.65,2972.53,2986.32,880790000,13405960000
2016-10-28,801770.SI,2987.03,2998.99,2971.28,2971.79,910440000,15268640000
2016-10-31,801770.SI,2960.25,2961.45,2942.05,2954.55,837940000,13791810000
2016-11-01,801770.SI,2958.04,2975.92,2953.47,2972.45,858690000,14156770000
2016-11-02,801770.SI,2968.83,2968.83,2946.66,2948.69,879530000,14473530000
2016-11-03,801770.SI,2944.49,2979.28,2935.22,2961.61,1163090000,16537130000
2016-11-04,801770.SI,2960.19,2987.15,2946.81,2952.76,1157820000,15780330000
2016-11-07,801770.SI,2953.20,2965.38,2943.02,2957.35,793530000,13547020000
2016-11-08,801770.SI,2970.81,2996.97,2963.79,2985.04,921510000,16365510000
2016-11-09,801770.SI,2986.09,2989.70,2918.75,2959.27,1140660000,18798540000
2016-11-10,801770.SI,2981.65,2992.35,2966.57,2992.35,930330000,17946420000
2016-11-11,801770.SI,2990.49,3008.36,2987.96,3008.34,1087170000,19836820000
2016-11-14,801770.SI,3015.75,3031.88,3015.41,3029.46,1234780000,19076020000
2016-11-15,801770.SI,3027.74,3044.32,3016.22,3044.32,1118640000,17933100000
2016-11-16,801770.SI,3046.85,3063.75,3031.86,3050.01,1198780000,18420770000
2016-11-17,801770.SI,3041.61,3053.33,3019.83,3041.13,1066230000,14541170000
2016-11-18,801770.SI,3040.72,3052.19,3032.18,3034.84,890720000,14357910000
2016-11-21,801770.SI,3047.79,3053.07,3034.63,3041.79,834330000,15247480000
2016-11-22,801770.SI,3042.33,3059.82,3039.92,3059.18,1045120000,18169310000
2016-11-23,801770.SI,3060.27,3064.88,3033.19,3038.74,1022240000,17237140000
2016-11-24,801770.SI,3038.07,3040.92,3015.83,3023.11,837560000,16402290000
2016-11-25,801770.SI,3020.18,3041.82,2981.45,3041.82,863270000,16106120000
2016-11-28,801770.SI,3050.30,3056.51,3041.91,3045.80,868800000,15388800000
2016-11-29,801770.SI,3039.36,3048.54,3021.66,3023.43,986140000,15472850000
2016-11-30,801770.SI,3014.92,3068.27,3013.61,3061.77,1473620000,19273950000
2016-12-01,801770.SI,3071.53,3115.19,3068.46,3112.01,1740480000,22347900000
2016-12-02,801770.SI,3110.72,3110.72,3031.14,3031.93,1404480000,19685830000
2016-12-05,801770.SI,2991.72,3042.86,2988.74,3015.84,1145680000,15986000000
2016-12-06,801770.SI,3020.46,3026.13,2998.83,3002.96,817360000,11932270000
2016-12-07,801770.SI,3002.70,3017.99,2981.03,3017.99,787880000,11880430000
2016-12-08,801770.SI,3024.89,3034.97,3013.59,3019.80,1078890000,14480210000
2016-12-09,801770.SI,3012.04,3013.13,2988.05,2994.99,984290000,15265900000
2016-12-12,801770.SI,2993.13,2993.13,2848.65,2856.66,1313130000,18861340000
2016-12-13,801770.SI,2847.91,2891.74,2823.43,2885.53,1040550000,14148990000
2016-12-14,801770.SI,2877.41,2893.76,2837.14,2837.71,1123870000,13793290000
2016-12-15,801770.SI,2822.41,2887.59,2822.41,2857.37,869400000,12115840000
2016-12-16,801770.SI,2858.57,2884.70,2858.57,2882.16,691370000,10097180000
2016-12-19,801770.SI,2890.53,2896.05,2874.08,2881.07,634320000,9037450000
2016-12-20,801770.SI,2882.98,2897.71,2868.44,2893.28,756220000,10539240000
2016-12-21,801770.SI,2903.33,2938.91,2902.64,2925.51,1097480000,13226850000
2016-12-22,801770.SI,2922.57,2934.20,2910.74,2933.86,897510000,10910210000
2016-12-23,801770.SI,2935.54,2945.97,2900.58,2900.58,1115440000,14402850000
2016-12-26,801770.SI,2885.80,2912.40,2857.28,2912.30,722670000,10771280000
2016-12-27,801770.SI,2911.79,2920.55,2894.37,2901.48,797600000,11129810000
2016-12-28,801770.SI,2899.43,2904.03,2886.64,2897.09,685670000,9630080000
2016-12-29,801770.SI,2893.58,2908.51,2885.08,2888.68,608510000,9317930000
2016-12-30,801770.SI,2892.70,2901.20,2877.29,2886.43,673470000,9423150000
2017-01-03,801770.SI,2898.41,2926.38,2897.65,2922.81,664740000,9829210000
2017-01-04,801770.SI,2931.22,2961.38,2918.23,2961.34,840100000,13403260000
2017-01-05,801770.SI,2955.89,2972.08,2947.19,2972.03,929420000,13015450000
2017-01-06,801770.SI,2971.98,2974.85,2940.53,2942.07,857530000,12829320000
2017-01-09,801770.SI,2936.93,2946.59,2909.89,2946.43,823210000,12384150000
2017-01-10,801770.SI,2942.68,2953.05,2924.10,2924.22,684060000,10250570000
2017-01-11,801770.SI,2919.72,2924.02,2867.64,2871.22,985850000,13189980000
2017-01-12,801770.SI,2862.33,2870.09,2837.66,2839.99,796120000,10834100000
2017-01-13,801770.SI,2834.50,2843.13,2796.18,2801.30,669450000,10227320000
2017-01-16,801770.SI,2789.14,2789.22,2633.96,2697.51,1131220000,15277260000
2017-01-17,801770.SI,2686.79,2732.90,2666.01,2730.76,692510000,10308870000
2017-01-18,801770.SI,2724.85,2735.87,2713.01,2713.72,520490000,7437570000
2017-01-19,801770.SI,2705.10,2715.33,2681.84,2685.25,587970000,8045310000
2017-01-20,801770.SI,2681.68,2738.10,2681.58,2731.98,572610000,8498110000
2017-01-23,801770.SI,2735.35,2760.66,2735.17,2750.48,518720000,8011970000
2017-01-24,801770.SI,2745.41,2746.04,2725.22,2726.93,486030000,7454040000
2017-01-25,801770.SI,2720.73,2749.60,2714.88,2749.34,576150000,7848430000
2017-01-26,801770.SI,2746.93,2763.02,2746.49,2761.22,449050000,6626850000
2017-02-03,801770.SI,2761.25,2763.20,2746.43,2750.45,382260000,5995490000
2017-02-06,801770.SI,2755.47,2786.26,2746.23,2786.26,601120000,9120900000
2017-02-07,801770.SI,2782.08,2799.32,2769.23,2782.36,594270000,9113490000
2017-02-08,801770.SI,2779.23,2814.88,2764.51,2814.88,842110000,11314770000
2017-02-09,801770.SI,2812.86,2830.28,2811.39,2830.28,752330000,10984080000
2017-02-10,801770.SI,2829.11,2835.50,2821.87,2825.41,753790000,10716410000
2017-02-13,801770.SI,2819.44,2841.85,2818.23,2841.42,664630000,10374560000
2017-02-14,801770.SI,2842.91,2846.42,2834.41,2840.91,625640000,9644460000
2017-02-15,801770.SI,2840.74,2845.53,2806.74,2809.59,624390000,9799880000
2017-02-16,801770.SI,2811.96,2824.18,2808.42,2818.13,571680000,8525940000
2017-02-17,801770.SI,2815.29,2817.86,2789.30,2796.07,757810000,10644290000
2017-02-20,801770.SI,2793.15,2816.19,2791.94,2816.19,684990000,10457810000
2017-02-21,801770.SI,2813.17,2834.71,2809.67,2834.71,736910000,11856180000
2017-02-22,801770.SI,2834.11,2845.55,2827.72,2845.55,712190000,12158540000
2017-02-23,801770.SI,2846.58,2851.52,2832.26,2846.85,629370000,11410750000
2017-02-24,801770.SI,2849.09,2903.24,2848.99,2896.46,1163040000,16776810000
2017-02-27,801770.SI,2892.78,2901.31,2882.22,2885.13,984390000,15948190000
2017-02-28,801770.SI,2882.70,2889.73,2867.33,2889.31,787040000,12108990000
2017-03-01,801770.SI,2885.54,2911.23,2884.85,2894.93,987380000,15655490000
2017-03-02,801770.SI,2898.01,2900.20,2875.78,2877.59,761750000,13866250000
2017-03-03,801770.SI,2873.75,2891.40,2862.63,2886.98,772560000,14217140000
2017-03-06,801770.SI,2891.67,2929.71,2891.64,2929.71,922490000,18271460000
2017-03-07,801770.SI,2938.83,2951.05,2928.33,2943.94,1058590000,19579230000
2017-03-08,801770.SI,2941.74,2972.20,2935.90,2958.89,1307650000,18346310000
2017-03-09,801770.SI,2952.01,2957.38,2939.51,2951.32,1038860000,16798520000
2017-03-10,801770.SI,2950.07,2964.38,2943.05,2958.43,865690000,14944030000
2017-03-13,801770.SI,2956.98,2973.91,2939.74,2972.40,1143980000,18726080000
2017-03-14,801770.SI,2962.75,2968.94,2946.94,2952.85,890620000,19493530000
2017-03-15,801770.SI,2945.05,2950.16,2927.46,2943.81,874160000,19310270000
2017-03-16,801770.SI,2965.91,2995.56,2965.76,2995.38,1360270000,25240430000
2017-03-17,801770.SI,2998.67,3016.17,2977.52,2978.27,1453630000,27075050000
2017-03-20,801770.SI,2982.98,2986.47,2962.45,2986.45,997640000,18903090000
2017-03-21,801770.SI,2983.51,2991.53,2974.99,2990.20,922880000,18904450000
2017-03-22,801770.SI,2975.78,2977.94,2945.88,2973.08,1018010000,20149620000
2017-03-23,801770.SI,2973.55,2985.63,2947.86,2976.82,991730000,19547520000
2017-03-24,801770.SI,2978.64,3000.27,2969.73,2988.69,1043740000,19928670000
2017-03-27,801770.SI,2986.23,2991.46,2965.85,2967.26,815090000,15144600000
2017-03-28,801770.SI,2962.58,2964.43,2947.27,2951.65,712380000,13097970000
2017-03-29,801770.SI,2949.90,2954.04,2909.73,2909.73,781790000,14867710000
2017-03-30,801770.SI,2903.91,2906.39,2844.73,2844.73,859600000,16335660000
2017-03-31,801770.SI,2841.45,2868.18,2840.82,2865.06,675750000,12195320000
2017-04-05,801770.SI,2869.47,2910.36,2866.41,2910.32,617630000,12209280000
2017-04-06,801770.SI,2908.93,2920.55,2908.14,2913.31,629290000,12524130000
2017-04-07,801770.SI,2907.25,2913.13,2903.92,2907.69,605080000,11924240000
2017-04-10,801770.SI,2898.26,2898.26,2870.87,2872.97,727330000,14466430000
2017-04-11,801770.SI,2869.79,2892.28,2850.64,2891.76,832120000,15730180000
2017-04-12,801770.SI,2885.86,2885.89,2856.47,2857.40,592060000,11300270000
2017-04-13,801770.SI,2853.10,2869.82,2851.98,2858.97,461010000,10633100000
2017-04-14,801770.SI,2853.41,2856.02,2814.53,2816.81,582770000,11229270000
2017-04-17,801770.SI,2796.38,2800.16,2767.03,2777.48,487940000,9337370000
2017-04-18,801770.SI,2780.33,2791.87,2750.87,2754.23,470280000,8930520000
2017-04-19,801770.SI,2749.01,2753.97,2728.56,2753.80,543950000,10849310000
2017-04-20,801770.SI,2754.62,2764.07,2735.36,2754.38,474240000,9640480000
2017-04-21,801770.SI,2755.66,2762.53,2735.31,2736.11,382090000,7938800000
2017-04-24,801770.SI,2729.40,2729.53,2681.26,2684.56,455710000,8273310000
2017-04-25,801770.SI,2689.64,2711.74,2683.45,2684.77,487260000,8896350000
2017-04-26,801770.SI,2683.17,2694.47,2669.66,2679.72,553160000,9443200000
2017-04-27,801770.SI,2677.32,2711.70,2645.56,2709.24,784580000,14025200000
2017-04-28,801770.SI,2707.45,2715.59,2707.45,2715.59,519520000,9897480000
2017-05-02,801770.SI,2716.72,2717.43,2701.96,2709.51,453040000,9145640000
2017-05-03,801770.SI,2708.33,2718.15,2703.96,2715.12,533790000,11649680000
2017-05-04,801770.SI,2705.49,2717.83,2689.94,2699.45,475870000,9945290000
2017-05-05,801770.SI,2691.71,2693.48,2664.91,2665.31,487010000,9487020000
2017-05-08,801770.SI,2655.15,2664.55,2633.17,2633.21,496480000,8694200000
2017-05-09,801770.SI,2626.73,2656.34,2620.23,2655.76,468260000,8358960000
2017-05-10,801770.SI,2654.59,2663.82,2614.01,2614.80,486620000,9152750000
2017-05-11,801770.SI,2607.03,2613.26,2559.71,2613.03,574250000,9731960000
2017-05-12,801770.SI,2610.07,2617.67,2591.02,2606.91,458020000,8256130000
2017-05-15,801770.SI,2620.62,2637.31,2617.89,2618.30,431630000,7772750000
2017-05-16,801770.SI,2611.29,2676.22,2592.73,2676.06,628440000,11159680000
2017-05-17,801770.SI,2672.51,2697.50,2672.24,2682.14,585940000,11081920000
2017-05-18,801770.SI,2665.73,2687.67,2665.73,2673.49,475410000,9529700000
2017-05-19,801770.SI,2674.28,2677.70,2648.89,2662.14,370350000,7208660000
2017-05-22,801770.SI,2660.21,2666.76,2612.73,2623.16,500650000,9148550000
2017-05-23,801770.SI,2612.00,2617.57,2563.49,2567.22,550140000,9349600000
2017-05-24,801770.SI,2559.46,2578.99,2528.32,2578.99,467440000,7657660000
2017-05-25,801770.SI,2574.75,2602.89,2557.04,2597.31,543380000,9268440000
2017-05-26,801770.SI,2598.68,2603.12,2582.12,2591.35,415820000,7236800000
2017-05-31,801770.SI,2616.16,2621.39,2592.17,2593.05,427320000,7633680000
2017-06-01,801770.SI,2586.28,2589.72,2548.84,2550.60,476440000,7608620000
2017-06-02,801770.SI,2544.20,2577.72,2525.42,2572.41,452110000,7005030000
2017-06-05,801770.SI,2576.34,2597.07,2573.76,2583.13,398540000,6970470000
2017-06-06,801770.SI,2579.97,2597.19,2575.63,2597.11,376710000,5974010000
2017-06-07,801770.SI,2598.32,2650.12,2595.91,2646.31,669210000,11010050000
2017-06-08,801770.SI,2643.49,2658.69,2642.02,2644.16,541920000,9210030000
2017-06-09,801770.SI,2642.74,2652.04,2633.65,2652.03,511870000,8314760000
2017-06-12,801770.SI,2643.99,2644.26,2610.94,2613.74,472330000,7495620000
2017-06-13,801770.SI,2611.72,2637.19,2611.72,2633.18,410920000,6421740000
2017-06-14,801770.SI,2631.94,2641.50,2628.26,2635.82,519710000,8519760000
2017-06-15,801770.SI,2633.31,2677.34,2633.21,2677.15,836090000,13060790000
2017-06-16,801770.SI,2675.81,2683.83,2670.73,2680.98,662100000,10354060000
2017-06-19,801770.SI,2680.46,2697.86,2680.34,2697.36,533880000,8387740000
2017-06-20,801770.SI,2703.95,2714.29,2696.98,2700.79,631580000,9810330000
2017-06-21,801770.SI,2706.88,2712.85,2688.86,2709.70,602110000,9708510000
2017-06-22,801770.SI,2708.25,2708.55,2667.14,2667.84,585700000,9484110000
2017-06-23,801770.SI,2667.14,2690.24,2649.65,2690.24,559960000,9356280000
2017-06-26,801770.SI,2692.14,2725.12,2691.63,2724.50,633070000,11081100000
2017-06-27,801770.SI,2722.17,2736.91,2718.99,2729.12,541750000,9802440000
2017-06-28,801770.SI,2723.56,2723.65,2706.68,2711.33,447280000,8038570000
2017-06-29,801770.SI,2714.80,2737.26,2713.06,2729.41,511600000,8678280000
2017-06-30,801770.SI,2723.30,2731.67,2711.88,2728.17,480890000,8182700000
2017-07-03,801770.SI,2726.74,2728.93,2711.69,2726.58,590550000,10007880000
2017-07-04,801770.SI,2724.85,2729.70,2718.96,2728.84,532460000,8874820000
2017-07-05,801770.SI,2728.56,2758.19,2728.06,2758.19,651390000,10801250000
2017-07-06,801770.SI,2753.84,2766.36,2737.23,2756.15,745410000,11339140000
2017-07-07,801770.SI,2752.99,2766.82,2752.99,2761.64,684160000,11271190000
2017-07-10,801770.SI,2755.25,2759.05,2729.47,2729.63,686430000,12052160000
2017-07-11,801770.SI,2727.26,2732.03,2706.59,2706.59,522360000,8976960000
2017-07-12,801770.SI,2703.30,2712.04,2672.49,2705.03,552570000,9269310000
2017-07-13,801770.SI,2701.84,2707.36,2695.07,2701.38,414290000,7430900000
2017-07-14,801770.SI,2692.86,2698.42,2681.74,2686.41,535130000,8724990000
2017-07-17,801770.SI,2675.61,2675.71,2560.70,2561.65,793140000,12167470000
2017-07-18,801770.SI,2553.28,2568.05,2530.57,2565.40,542610000,8752900000
2017-07-19,801770.SI,2557.02,2590.53,2549.76,2590.33,479400000,7540680000
2017-07-20,801770.SI,2600.23,2615.45,2597.16,2603.78,500570000,8270860000
2017-07-21,801770.SI,2601.88,2611.95,2599.76,2603.61,493780000,7294830000
2017-07-24,801770.SI,2598.05,2611.14,2585.18,2611.14,470810000,7234790000
2017-07-25,801770.SI,2608.33,2616.21,2590.54,2594.63,403810000,6354540000
2017-07-26,801770.SI,2595.14,2599.42,2576.63,2584.71,409140000,6131850000
2017-07-27,801770.SI,2580.30,2630.80,2571.05,2622.79,759810000,11086790000
2017-07-28,801770.SI,2619.31,2631.39,2615.72,2621.96,504760000,7600200000
2017-07-31,801770.SI,2626.97,2636.70,2619.34,2628.33,562250000,8633530000
2017-08-01,801770.SI,2629.99,2636.82,2623.82,2633.76,536520000,8214050000
2017-08-02,801770.SI,2633.57,2634.03,2608.51,2609.49,528760000,7718060000
2017-08-03,801770.SI,2602.19,2607.90,2602.19,2607.90,631250000,9034920000
2017-08-04,801770.SI,2606.52,2609.14,2593.91,2593.92,570220000,8365280000
2017-08-07,801770.SI,2591.30,2612.32,2591.14,2607.64,411170000,6242500000
2017-08-08,801770.SI,2607.44,2616.14,2599.23,2614.27,433010000,6382240000
2017-08-09,801770.SI,2612.88,2626.36,2609.18,2624.29,472800000,6859380000
2017-08-10,801770.SI,2622.28,2627.21,2592.52,2600.95,501220000,7269210000
2017-08-11,801770.SI,2587.53,2607.12,2580.41,2583.54,490310000,6843310000
2017-08-14,801770.SI,2582.42,2629.87,2582.41,2628.35,636300000,9481110000
2017-08-15,801770.SI,2628.51,2633.32,2619.96,2633.32,522830000,7787490000
2017-08-16,801770.SI,2632.00,2676.24,2629.40,2672.58,872120000,12865930000
2017-08-17,801770.SI,2673.94,2712.46,2671.45,2703.84,886250000,13232630000
2017-08-18,801770.SI,2691.70,2707.96,2688.36,2707.67,694760000,10764720000
2017-08-21,801770.SI,2759.57,2773.82,2708.24,2759.43,945160000,13701280000
2017-08-22,801770.SI,2795.78,2797.35,2759.48,2776.37,1584940000,20048130000
2017-08-23,801770.SI,2774.93,2781.89,2755.50,2757.11,1641240000,19309670000
2017-08-24,801770.SI,2746.75,2752.06,2701.84,2711.90,1449690000,16751390000
2017-08-25,801770.SI,2712.77,2747.49,2708.93,2741.01,1279420000,17250290000
2017-08-28,801770.SI,2745.69,2789.40,2739.72,2776.51,1526290000,21777510000
2017-08-29,801770.SI,2773.51,2782.33,2761.81,2770.70,1186460000,18404930000
2017-08-30,801770.SI,2764.49,2779.31,2761.53,2769.16,1232940000,17942040000
2017-08-31,801770.SI,2764.55,2772.16,2743.74,2765.68,1213230000,17146020000
2017-09-01,801770.SI,2762.17,2764.95,2749.98,2764.53,1150330000,16366080000
2017-09-04,801770.SI,2754.94,2796.59,2749.53,2794.88,1330940000,18978790000
2017-09-05,801770.SI,2790.38,2795.22,2773.91,2779.49,1073090000,15458370000
2017-09-06,801770.SI,2769.30,2815.56,2767.46,2815.36,1321020000,19585220000
2017-09-07,801770.SI,2812.79,2829.03,2803.05,2808.03,1365880000,20383560000
2017-09-08,801770.SI,2807.37,2816.95,2795.75,2815.90,1092170000,16874490000
2017-09-11,801770.SI,2811.63,2831.68,2809.66,2828.05,1234860000,18106230000
2017-09-12,801770.SI,2826.77,2832.94,2808.67,2819.22,1288530000,18750410000
2017-09-13,801770.SI,2814.81,2821.62,2804.35,2816.80,884470000,12606270000
2017-09-14,801770.SI,2816.94,2835.70,2814.28,2827.48,1146560000,17263910000
2017-09-15,801770.SI,2829.09,2833.36,2805.35,2811.35,1153900000,16258110000
2017-09-18,801770.SI,2811.33,2833.15,2808.56,2828.48,1285130000,17124220000
2017-09-19,801770.SI,2829.64,2829.65,2805.69,2811.68,1058150000,15126690000
2017-09-20,801770.SI,2808.59,2831.52,2805.76,2829.32,1208520000,17687280000
2017-09-21,801770.SI,2830.87,2858.39,2824.71,2830.95,1736960000,22587570000
2017-09-22,801770.SI,2823.26,2923.49,2819.96,2915.44,1986640000,31190260000
2017-09-25,801770.SI,2916.10,2955.05,2874.31,2876.00,1848720000,30778990000
2017-09-26,801770.SI,2866.12,2879.13,2842.09,2876.01,1368070000,22569700000
2017-09-27,801770.SI,2872.11,2987.26,2869.01,2975.99,1955590000,32011530000
2017-09-28,801770.SI,2975.85,3003.15,2965.66,2973.77,1814010000,30619780000
2017-09-29,801770.SI,2979.40,3054.95,2975.77,3015.62,2013570000,34075510000
2017-10-09,801770.SI,3085.61,3118.24,3040.46,3067.50,2343800000,39596530000
2017-10-10,801770.SI,3052.96,3056.49,3020.36,3048.22,1981170000,32006140000
2017-10-11,801770.SI,3032.13,3032.21,2990.87,2993.56,1654290000,26421550000
2017-10-12,801770.SI,2989.56,3034.28,2989.56,3023.04,1713840000,25921560000
2017-10-13,801770.SI,3015.65,3036.56,2999.84,3030.09,1293300000,21759710000
2017-10-16,801770.SI,3018.05,3046.35,2982.43,2982.73,1533620000,25458460000
2017-10-17,801770.SI,2978.38,3000.15,2964.67,2975.24,954740000,16455240000
2017-10-18,801770.SI,2980.22,2995.24,2941.12,2948.01,1115110000,18310130000
2017-10-19,801770.SI,2932.09,2932.66,2866.38,2872.41,1264520000,20109720000
2017-10-20,801770.SI,2866.50,2903.70,2863.06,2902.51,776220000,12377980000
2017-10-23,801770.SI,2901.03,2920.70,2895.72,2916.21,845380000,12790800000
2017-10-24,801770.SI,2911.61,2915.01,2869.64,2892.98,973460000,16677760000
2017-10-25,801770.SI,2888.61,2907.50,2881.97,2906.90,731820000,12230020000
2017-10-26,801770.SI,2909.07,2953.90,2909.07,2942.97,1071850000,19044180000
2017-10-27,801770.SI,2940.28,2956.73,2928.73,2933.68,1422360000,19049860000
2017-10-30,801770.SI,2925.89,2942.35,2853.89,2895.22,1752460000,24307010000
2017-10-31,801770.SI,2891.22,2929.90,2884.91,2928.69,1201890000,19630720000
2017-11-01,801770.SI,2922.09,2949.69,2913.95,2917.53,1402770000,20843030000
2017-11-02,801770.SI,2911.43,2911.46,2871.61,2890.75,1182570000,17869050000
2017-11-03,801770.SI,2879.33,2904.37,2862.09,2890.47,1264050000,20327790000
2017-11-06,801770.SI,2888.85,2950.26,2882.47,2950.18,1240650000,20963320000
2017-11-07,801770.SI,2951.47,2974.81,2942.22,2974.64,1505590000,22423470000
2017-11-08,801770.SI,2974.41,3001.58,2967.61,2971.66,1396430000,23421710000
2017-11-09,801770.SI,2968.21,3038.47,2961.14,3038.25,1452020000,23143260000
2017-11-10,801770.SI,3032.36,3098.80,3030.47,3084.35,1629840000,28807750000
2017-11-13,801770.SI,3082.06,3122.09,3080.82,3104.01,1396400000,26350440000
2017-11-14,801770.SI,3102.02,3103.73,3043.74,3065.64,1547650000,25820310000
2017-11-15,801770.SI,3057.64,3098.55,3019.48,3059.91,1610960000,29178890000
2017-11-16,801770.SI,3056.25,3099.64,3018.74,3090.25,1385100000,26640410000
2017-11-17,801770.SI,3079.74,3096.35,2978.43,2978.98,1948540000,32237370000
2017-11-20,801770.SI,2952.73,3068.47,2925.01,3068.00,1482840000,25953040000
2017-11-21,801770.SI,3056.94,3106.73,3053.99,3091.17,1756420000,31315680000
2017-11-22,801770.SI,3084.67,3123.96,3052.92,3085.72,1579650000,28328410000
2017-11-23,801770.SI,3074.49,3088.41,2980.99,2985.12,1735160000,29152870000
2017-11-24,801770.SI,2975.73,3025.69,2965.03,2967.09,1522910000,24196000000
2017-11-27,801770.SI,2959.18,2959.18,2841.69,2847.76,1609500000,24544980000
2017-11-28,801770.SI,2840.86,2906.24,2840.74,2906.24,1157260000,18859660000
2017-11-29,801770.SI,2903.39,2903.40,2834.56,2869.49,1143840000,18907350000
2017-11-30,801770.SI,2858.29,2877.98,2835.36,2845.09,1088870000,19070640000
2017-12-01,801770.SI,2843.03,2891.89,2842.12,2884.12,1067170000,18303020000
2017-12-04,801770.SI,2875.88,2898.29,2859.69,2873.24,1079430000,18871290000
2017-12-05,801770.SI,2860.24,2876.78,2786.18,2811.77,1187630000,19100430000
2017-12-06,801770.SI,2805.30,2848.20,2776.13,2847.88,1109740000,18055370000
2017-12-07,801770.SI,2827.33,2856.88,2818.57,2829.13,1063630000,18935350000
2017-12-08,801770.SI,2821.50,2901.96,2819.88,2874.05,1212040000,22132220000
2017-12-11,801770.SI,2882.99,2925.92,2882.99,2925.80,1179060000,22677860000
2017-12-12,801770.SI,2914.46,2927.42,2889.42,2889.42,1001620000,18795300000
2017-12-13,801770.SI,2879.30,2919.27,2878.13,2917.52,884240000,17997480000
2017-12-14,801770.SI,2916.41,2928.05,2900.89,2927.74,943510000,17942720000
2017-12-15,801770.SI,2915.64,2927.15,2863.17,2874.59,1008380000,18533290000
2017-12-18,801770.SI,2864.42,2871.80,2805.96,2813.83,886050000,16199080000
2017-12-19,801770.SI,2818.16,2849.62,2818.00,2849.09,815030000,14573750000
2017-12-20,801770.SI,2845.52,2846.80,2811.30,2813.36,911110000,15569630000
2017-12-21,801770.SI,2809.56,2869.43,2788.13,2862.41,1044060000,19825780000
2017-12-22,801770.SI,2861.34,2866.73,2849.66,2855.09,773790000,15107460000
2017-12-25,801770.SI,2851.06,2855.87,2797.75,2808.73,811440000,15271810000
2017-12-26,801770.SI,2811.60,2826.44,2781.51,2823.64,743180000,13935060000
2017-12-27,801770.SI,2815.97,2819.02,2780.94,2782.61,892380000,15529610000
2017-12-28,801770.SI,2779.13,2804.21,2769.26,2775.47,819200000,14052280000
2017-12-29,801770.SI,2771.51,2798.50,2771.51,2798.32,837220000,13414080000
2018-01-02,801770.SI,2806.51,2810.20,2771.76,2804.52,847360000,14207210000
2018-01-03,801770.SI,2802.34,2880.88,2799.53,2869.95,1356980000,22935270000
2018-01-04,801770.SI,2861.19,2871.83,2851.07,2871.67,960370000,15883410000
2018-01-05,801770.SI,2868.09,2873.01,2845.88,2848.97,994850000,14802330000
2018-01-08,801770.SI,2844.81,2845.21,2802.52,2835.48,1097940000,17710800000
2018-01-09,801770.SI,2827.69,2841.49,2816.12,2839.46,929950000,16163700000
2018-01-10,801770.SI,2838.73,2838.78,2787.49,2814.25,1010010000,15982460000
2018-01-11,801770.SI,2801.10,2864.43,2792.66,2850.97,1181280000,20011900000
2018-01-12,801770.SI,2839.97,2839.97,2805.68,2807.38,895120000,14853030000
2018-01-15,801770.SI,2796.66,2796.91,2735.68,2742.06,1226250000,21299900000
2018-01-16,801770.SI,2731.43,2777.84,2731.41,2777.82,985480000,20070000000
2018-01-17,801770.SI,2784.26,2784.43,2719.86,2762.23,1458620000,24269720000
2018-01-18,801770.SI,2753.26,2772.38,2747.52,2756.63,1068050000,16216750000
2018-01-19,801770.SI,2755.42,2783.97,2752.68,2763.02,1023020000,15298830000
2018-01-22,801770.SI,2760.03,2776.93,2724.09,2774.97,982860000,15960020000
2018-01-23,801770.SI,2768.65,2790.01,2759.64,2769.46,924720000,14182760000
2018-01-24,801770.SI,2768.25,2813.62,2753.45,2813.58,1231990000,19182310000
2018-01-25,801770.SI,2808.19,2831.16,2801.25,2802.09,1452900000,19205860000
2018-01-26,801770.SI,2791.86,2803.91,2776.86,2778.05,937860000,15375380000
2018-01-29,801770.SI,2767.64,2775.92,2670.73,2673.04,1445470000,24528970000
2018-01-30,801770.SI,2654.25,2682.17,2638.32,2643.00,1018790000,14587170000
2018-01-31,801770.SI,2628.99,2632.18,2589.54,2595.81,986450000,13501070000
2018-02-01,801770.SI,2568.27,2576.66,2475.12,2475.16,1290790000,18546960000
2018-02-02,801770.SI,2465.07,2494.04,2435.03,2478.12,1018340000,14080080000
2018-02-05,801770.SI,2436.21,2484.49,2430.00,2462.44,863880000,11325360000
2018-02-06,801770.SI,2402.89,2426.81,2326.97,2331.48,1173650000,14065030000
2018-02-07,801770.SI,2375.36,2383.57,2279.44,2336.45,1062160000,12948100000
2018-02-08,801770.SI,2328.90,2394.95,2328.89,2387.08,898060000,12270010000
2018-02-09,801770.SI,2330.49,2361.42,2284.77,2313.30,1198040000,13429130000
2018-02-12,801770.SI,2335.24,2396.46,2334.87,2383.19,876430000,11126690000
2018-02-13,801770.SI,2397.59,2413.13,2382.30,2384.79,751300000,9747050000
2018-02-14,801770.SI,2388.30,2399.07,2378.88,2398.36,469120000,6213770000
2018-02-22,801770.SI,2415.73,2447.61,2403.33,2440.66,634140000,8507990000
2018-02-23,801770.SI,2442.76,2467.35,2433.83,2449.52,695890000,9346780000
2018-02-26,801770.SI,2470.57,2544.73,2459.29,2535.71,1181880000,16458190000
2018-02-27,801770.SI,2546.52,2573.47,2539.65,2552.42,1156080000,16782500000
2018-02-28,801770.SI,2531.57,2590.91,2522.42,2573.41,1038930000,14344170000
2018-03-01,801770.SI,2559.70,2616.39,2555.81,2611.45,1090110000,15266390000
2018-03-02,801770.SI,2597.78,2636.23,2581.59,2585.25,1160960000,16383250000
2018-03-05,801770.SI,2593.47,2611.98,2581.94,2611.89,972330000,13994470000
2018-03-06,801770.SI,2615.55,2652.06,2609.78,2638.26,1271140000,19667140000
2018-03-07,801770.SI,2629.00,2634.07,2603.24,2604.77,949700000,14161780000
2018-03-08,801770.SI,2601.99,2621.53,2590.91,2606.23,790350000,12917390000
2018-03-09,801770.SI,2608.36,2690.51,2608.31,2690.41,1480540000,24165780000
2018-03-12,801770.SI,2719.29,2740.31,2715.78,2739.28,1605990000,26185150000
2018-03-13,801770.SI,2742.14,2742.21,2706.26,2708.83,1273740000,19560480000
2018-03-14,801770.SI,2697.80,2703.55,2671.56,2673.09,1004690000,15286800000
2018-03-15,801770.SI,2660.12,2675.73,2614.89,2662.10,1080000000,16307850000
2018-03-16,801770.SI,2664.35,2670.46,2637.93,2637.93,916100000,14029640000
2018-03-19,801770.SI,2635.90,2673.59,2625.36,2651.75,933440000,15153840000
2018-03-20,801770.SI,2628.51,2665.11,2621.88,2664.55,1013420000,14893080000
2018-03-21,801770.SI,2675.86,2697.32,2643.56,2644.30,1556620000,24683030000
2018-03-22,801770.SI,2640.07,2658.28,2616.35,2626.01,1209020000,19070810000
2018-03-23,801770.SI,2516.34,2549.29,2423.36,2449.89,1705490000,24155030000
2018-03-26,801770.SI,2415.57,2511.63,2393.17,2510.69,1194230000,17921620000
2018-03-27,801770.SI,2549.74,2617.99,2549.68,2611.45,1450700000,22651370000
2018-03-28,801770.SI,2573.50,2621.51,2570.38,2591.59,1377630000,23065300000
2018-03-29,801770.SI,2611.05,2621.96,2578.98,2610.12,1236680000,19859930000
2018-03-30,801770.SI,2616.96,2675.82,2616.90,2671.57,1520730000,25313220000
2018-04-02,801770.SI,2683.03,2715.76,2673.45,2683.37,1555710000,27036740000
2018-04-03,801770.SI,2634.36,2656.63,2618.23,2648.89,1431460000,22873420000
2018-04-04,801770.SI,2659.05,2667.64,2603.73,2606.14,1096570000,18206450000
2018-04-09,801770.SI,2598.15,2643.67,2578.14,2620.04,1099880000,17743270000
2018-04-10,801770.SI,2627.77,2631.12,2595.40,2628.78,1064190000,18695790000
2018-04-11,801770.SI,2637.50,2661.95,2636.34,2645.47,1123730000,20954110000
2018-04-12,801770.SI,2639.61,2650.79,2616.72,2618.89,1021440000,18417230000
2018-04-13,801770.SI,2638.94,2646.09,2604.73,2612.03,884250000,15241580000
2018-04-16,801770.SI,2606.79,2638.10,2589.89,2627.09,1194040000,21354450000
2018-04-17,801770.SI,2636.06,2641.83,2546.49,2549.83,1357900000,23907990000
2018-04-18,801770.SI,2560.16,2577.11,2489.18,2569.86,1530850000,25133540000
2018-04-19,801770.SI,2564.87,2586.60,2555.80,2556.56,1344350000,23805250000
2018-04-20,801770.SI,2543.28,2558.92,2500.98,2502.43,1176890000,19186290000
2018-04-23,801770.SI,2513.13,2542.01,2485.61,2515.00,1607660000,20247300000
2018-04-24,801770.SI,2511.76,2568.77,2503.70,2568.72,1436790000,19419390000
2018-04-25,801770.SI,2557.45,2622.63,2557.45,2608.25,1624900000,23587850000
2018-04-26,801770.SI,2597.21,2597.21,2550.67,2551.32,1514840000,21928820000
2018-04-27,801770.SI,2562.64,2573.34,2524.80,2545.61,1206470000,17365610000
2018-05-02,801770.SI,2549.91,2559.37,2503.91,2517.70,987050000,14256710000
2018-05-03,801770.SI,2515.92,2562.31,2479.03,2561.85,1080970000,15681450000
2018-05-04,801770.SI,2551.75,2566.21,2543.62,2548.05,1056020000,14029860000
2018-05-07,801770.SI,2551.83,2586.38,2548.05,2579.53,1005230000,14156530000
2018-05-08,801770.SI,2580.46,2593.47,2570.14,2593.20,1095450000,15085920000
2018-05-09,801770.SI,2587.09,2594.01,2573.00,2581.99,898560000,13235790000
2018-05-10,801770.SI,2583.90,2594.08,2564.57,2585.36,959470000,14440400000
2018-05-11,801770.SI,2588.40,2588.40,2551.95,2552.58,858380000,13152950000
2018-05-14,801770.SI,2568.66,2582.98,2541.48,2550.11,1141620000,18070460000
2018-05-15,801770.SI,2550.83,2572.01,2532.07,2572.01,1085180000,17207620000
2018-05-16,801770.SI,2560.89,2568.76,2547.18,2550.17,962660000,14372260000
2018-05-17,801770.SI,2548.27,2559.61,2542.29,2548.90,768270000,12292680000
2018-05-18,801770.SI,2552.83,2562.49,2537.39,2561.62,786310000,12424760000
2018-05-21,801770.SI,2581.68,2636.41,2570.11,2628.02,1381600000,21152000000
2018-05-22,801770.SI,2629.35,2663.93,2621.64,2659.46,1345710000,23005890000
2018-05-23,801770.SI,2648.81,2650.39,2616.84,2617.52,1251630000,22909750000
2018-05-24,801770.SI,2615.38,2628.22,2602.12,2609.32,1070790000,17931780000
2018-05-25,801770.SI,2600.78,2604.99,2561.62,2561.62,998950000,16035740000
2018-05-28,801770.SI,2564.50,2576.43,2537.83,2541.35,913810000,15653330000
2018-05-29,801770.SI,2540.62,2554.59,2515.27,2517.53,907920000,14647820000
2018-05-30,801770.SI,2473.91,2474.67,2405.78,2407.97,1058070000,15483310000
2018-05-31,801770.SI,2429.22,2436.34,2400.67,2429.83,736880000,10713340000
2018-06-01,801770.SI,2421.06,2439.08,2400.45,2412.79,646940000,9392580000
2018-06-04,801770.SI,2422.91,2430.35,2402.32,2413.71,585300000,8701640000
2018-06-05,801770.SI,2417.59,2462.95,2417.57,2462.95,750020000,11634950000
2018-06-06,801770.SI,2467.84,2471.38,2449.63,2459.25,765980000,12394430000
2018-06-07,801770.SI,2464.53,2467.92,2434.52,2434.94,769100000,11753860000
2018-06-08,801770.SI,2439.47,2441.82,2402.09,2417.31,842510000,12695360000
2018-06-11,801770.SI,2406.05,2414.52,2387.44,2394.38,638300000,10663060000
2018-06-12,801770.SI,2397.33,2413.45,2367.53,2412.74,684640000,10613560000
2018-06-13,801770.SI,2368.21,2376.44,2338.42,2338.70,659420000,10417530000
2018-06-14,801770.SI,2298.92,2328.94,2298.39,2303.63,697780000,10357660000
2018-06-15,801770.SI,2279.50,2282.41,2214.54,2226.51,791470000,11314920000
2018-06-19,801770.SI,2161.80,2162.43,2036.48,2055.13,1063660000,12351280000
2018-06-20,801770.SI,2020.60,2062.63,1997.45,2044.70,813020000,9900670000
2018-06-21,801770.SI,2029.89,2034.37,1964.13,1965.64,818330000,10116110000
2018-06-22,801770.SI,1940.07,1989.19,1927.30,1986.46,868990000,9233800000
2018-06-25,801770.SI,1986.64,1998.11,1958.26,1960.01,1281130000,15785390000
2018-06-26,801770.SI,1931.02,1994.94,1921.46,1992.68,1132770000,13490750000
2018-06-27,801770.SI,1988.89,1999.37,1970.05,1976.09,944830000,11703960000
2018-06-28,801770.SI,1978.76,2007.56,1967.64,1973.58,1024670000,12647220000
2018-06-29,801770.SI,1979.73,2039.24,1969.50,2038.90,1156190000,14206400000
2018-07-02,801770.SI,2042.91,2048.23,1987.12,2006.17,1296240000,15209120000
2018-07-03,801770.SI,2009.24,2071.13,1986.17,2071.09,1401670000,17887290000
2018-07-04,801770.SI,2059.12,2075.02,2024.17,2029.96,1501440000,19967090000
2018-07-05,801770.SI,2015.21,2032.47,1963.96,1964.88,1184510000,14513890000
2018-07-06,801770.SI,1970.19,2015.27,1940.27,1981.31,1360270000,15746970000
2018-07-09,801770.SI,1992.81,2022.18,1992.51,2021.84,1105140000,13237160000
2018-07-10,801770.SI,2018.17,2033.95,2010.73,2033.82,1232870000,14605420000
2018-07-11,801770.SI,1997.30,1997.51,1933.74,1961.68,1204880000,13979950000
2018-07-12,801770.SI,1999.41,2065.86,1999.41,2059.17,1401950000,17336140000
2018-07-13,801770.SI,2062.61,2064.04,2045.08,2057.01,1557330000,19893650000
2018-07-16,801770.SI,2067.86,2106.32,2066.46,2092.79,1336250000,17410860000
2018-07-17,801770.SI,2097.57,2117.41,2087.91,2116.05,1528510000,20499620000
2018-07-18,801770.SI,2120.84,2122.38,2079.81,2080.48,1328820000,18004350000
2018-07-19,801770.SI,2084.04,2100.65,2069.72,2082.18,1184670000,15901060000
2018-07-20,801770.SI,2079.07,2108.36,2060.17,2099.82,1182670000,14151440000
2018-07-23,801770.SI,2093.81,2138.77,2089.77,2138.75,1334350000,16254190000
2018-07-24,801770.SI,2136.72,2168.03,2124.54,2160.85,1501530000,17182180000
2018-07-25,801770.SI,2157.03,2174.03,2145.92,2149.30,1209930000,14460770000
2018-07-26,801770.SI,2147.22,2147.88,2103.35,2108.40,1272310000,14807310000
2018-07-27,801770.SI,2104.16,2119.37,2095.48,2098.07,1000920000,10381090000
2018-07-30,801770.SI,2100.82,2108.43,2048.41,2057.64,890250000,10300910000
2018-07-31,801770.SI,2057.89,2069.95,2047.36,2057.47,772180000,10894810000
2018-08-01,801770.SI,2062.51,2084.04,2028.39,2028.44,933940000,12023690000
2018-08-02,801770.SI,2017.26,2017.31,1932.19,1974.16,1140010000,13492010000
2018-08-03,801770.SI,1970.84,1976.60,1931.24,1931.29,701780000,9071310000
2018-08-06,801770.SI,1918.74,1936.92,1889.67,1902.32,773280000,8774230000
2018-08-07,801770.SI,1910.08,1962.10,1890.78,1960.46,893010000,10308020000
2018-08-08,801770.SI,1957.06,1964.49,1921.17,1922.53,842670000,10187430000
2018-08-09,801770.SI,1915.63,2011.96,1912.64,1997.48,1209470000,14932030000
2018-08-10,801770.SI,2000.96,2024.41,1994.77,2021.43,1101110000,13591020000
2018-08-13,801770.SI,2001.87,2072.05,1994.13,2064.74,1339150000,17978740000
2018-08-14,801770.SI,2060.20,2082.24,2050.12,2062.28,1170440000,14632590000
2018-08-15,801770.SI,2061.04,2063.92,2012.34,2019.52,1186470000,13950640000
2018-08-16,801770.SI,1994.10,2084.48,1985.98,2047.80,1829080000,20171890000
2018-08-17,801770.SI,2067.33,2076.50,2008.50,2013.63,1335340000,15348930000
2018-08-20,801770.SI,2011.16,2074.98,2003.77,2074.93,1452700000,16883470000
2018-08-21,801770.SI,2068.12,2098.20,2044.09,2079.98,1603590000,20527570000
2018-08-22,801770.SI,2065.94,2073.18,2045.15,2045.15,1114510000,13792470000
2018-08-23,801770.SI,2042.29,2099.45,2042.29,2084.64,1504630000,19386960000
2018-08-24,801770.SI,2070.31,2073.93,2046.06,2051.35,1116320000,14812250000
2018-08-27,801770.SI,2057.03,2139.03,2057.03,2130.78,1577820000,21863020000
2018-08-28,801770.SI,2131.80,2173.76,2131.78,2145.34,1611260000,21400210000
2018-08-29,801770.SI,2143.45,2143.62,2122.09,2140.73,1234390000,15937800000
2018-08-30,801770.SI,2139.39,2139.49,2074.04,2076.80,1337410000,18414810000
2018-08-31,801770.SI,2071.65,2093.53,2060.62,2063.30,1072820000,14840230000
2018-09-03,801770.SI,2055.71,2055.79,1990.50,2039.95,1199200000,16158170000
2018-09-04,801770.SI,2029.91,2071.91,2029.91,2064.41,1132210000,15233180000
2018-09-05,801770.SI,2066.22,2100.82,2057.16,2057.16,1529360000,18791680000
2018-09-06,801770.SI,2044.38,2086.48,2041.76,2065.10,1488080000,16077550000
2018-09-07,801770.SI,2064.56,2081.97,2014.67,2027.99,1313710000,15505330000
2018-09-10,801770.SI,2018.55,2021.46,1969.53,1971.40,1059990000,12749900000
2018-09-11,801770.SI,1975.00,2009.77,1969.05,1998.44,947310000,11372770000
2018-09-12,801770.SI,1994.48,2010.26,1976.76,1983.08,916880000,10779640000
2018-09-13,801770.SI,2010.73,2031.69,1985.19,2031.69,1293190000,16997060000
2018-09-14,801770.SI,2034.18,2034.18,1994.32,1994.33,1073800000,13074600000
2018-09-17,801770.SI,1978.76,1988.46,1962.20,1968.94,937090000,11062630000
2018-09-18,801770.SI,1961.28,1996.30,1943.52,1996.30,1134750000,13666150000
2018-09-19,801770.SI,1983.74,2026.33,1971.53,2008.13,1282960000,14883950000
2018-09-20,801770.SI,2007.01,2029.75,1997.03,1999.39,1014850000,11987000000
2018-09-21,801770.SI,2003.53,2029.66,1984.19,2026.66,1119000000,12943580000
2018-09-25,801770.SI,2013.76,2030.06,2008.37,2025.59,839960000,9821630000
2018-09-26,801770.SI,2030.81,2052.68,2023.15,2040.86,1126670000,13836050000
2018-09-27,801770.SI,2035.90,2037.29,1996.65,1996.67,1057440000,12611660000
2018-09-28,801770.SI,2000.68,2009.18,1988.46,2002.33,723370000,8907900000
2018-10-08,801770.SI,1947.28,1953.94,1908.65,1910.31,942760000,11034710000
2018-10-09,801770.SI,1915.22,1927.97,1892.78,1905.17,654930000,7501350000
2018-10-10,801770.SI,1907.92,1918.25,1888.28,1908.26,615120000,6915190000
2018-10-11,801770.SI,1835.28,1840.76,1740.49,1748.98,1182070000,11733560000
2018-10-12,801770.SI,1727.78,1756.77,1674.66,1742.17,1126790000,10829310000
2018-10-15,801770.SI,1748.94,1780.90,1724.43,1728.00,870630000,9221570000
2018-10-16,801770.SI,1725.96,1737.50,1681.23,1692.94,805380000,8370000000
2018-10-17,801770.SI,1717.47,1724.84,1672.60,1716.19,959520000,10520810000
2018-10-18,801770.SI,1700.44,1706.19,1669.30,1672.57,771210000,7780800000
2018-10-19,801770.SI,1638.44,1729.23,1634.83,1724.49,1078530000,11405610000
2018-10-22,801770.SI,1752.96,1838.56,1752.84,1817.69,1453430000,16152330000
2018-10-23,801770.SI,1815.17,1824.97,1769.98,1782.22,1108620000,11612600000
2018-10-24,801770.SI,1772.81,1808.12,1771.41,1781.97,876810000,8547490000
2018-10-25,801770.SI,1720.33,1775.14,1712.87,1766.59,1076750000,10477950000
2018-10-26,801770.SI,1785.45,1796.70,1757.92,1770.73,962550000,10325800000
2018-10-29,801770.SI,1770.16,1791.01,1755.46,1763.34,866350000,9965330000
2018-10-30,801770.SI,1749.48,1765.32,1696.01,1749.39,1101430000,12335460000
2018-10-31,801770.SI,1749.44,1780.58,1742.72,1766.29,1091250000,11274330000
2018-11-01,801770.SI,1787.54,1820.86,1781.00,1782.33,1372080000,14454390000
2018-11-02,801770.SI,1832.58,1849.43,1816.22,1848.39,1600620000,18275510000
2018-11-05,801770.SI,1843.11,1870.51,1825.03,1854.24,1404000000,15288890000
2018-11-06,801770.SI,1846.57,1859.15,1827.09,1857.61,1224680000,12726660000
2018-11-07,801770.SI,1855.54,1917.05,1849.93,1872.57,1664570000,18892190000
2018-11-08,801770.SI,1887.04,1892.07,1850.03,1853.06,1388760000,14558510000
2018-11-09,801770.SI,1841.00,1899.68,1835.57,1873.33,1637740000,16698490000
2018-11-12,801770.SI,1868.34,1930.35,1868.32,1930.18,1745630000,18125580000
2018-11-13,801770.SI,1904.06,1955.45,1900.84,1943.68,2074340000,20154440000
2018-11-14,801770.SI,1936.75,1953.89,1927.20,1930.11,1601370000,15407910000
2018-11-15,801770.SI,1927.93,1969.64,1925.24,1969.64,1762370000,17647180000
2018-11-16,801770.SI,1970.24,2001.91,1960.03,2001.63,1968360000,20972780000
2018-11-19,801770.SI,1997.48,2002.99,1970.76,1990.19,1730360000,16866560000
2018-11-20,801770.SI,1967.44,1974.74,1924.28,1926.95,1644570000,17326550000
2018-11-21,801770.SI,1899.53,1944.17,1897.26,1939.33,1266810000,12791450000
2018-11-22,801770.SI,1943.85,1954.15,1924.47,1935.26,1105580000,10975510000
2018-11-23,801770.SI,1933.32,1935.85,1851.84,1855.56,1380420000,13365470000
2018-11-26,801770.SI,1850.14,1885.61,1847.66,1876.75,1041820000,11097700000
2018-11-27,801770.SI,1892.07,1925.30,1888.12,1915.45,1474070000,15417240000
2018-11-28,801770.SI,1916.20,1955.83,1900.97,1945.37,1902690000,19152080000
2018-11-29,801770.SI,1955.21,1958.76,1870.23,1870.23,1845360000,19704780000
2018-11-30,801770.SI,1860.73,1894.28,1833.96,1890.87,1448020000,14312790000
2018-12-03,801770.SI,1958.96,1989.83,1942.15,1973.99,2151740000,23907790000
2018-12-04,801770.SI,1968.38,1985.60,1962.79,1982.29,1792470000,17619470000
2018-12-05,801770.SI,1940.76,1968.91,1936.36,1959.36,1665420000,15604110000
2018-12-06,801770.SI,1922.92,1923.26,1878.80,1883.23,1746000000,19004480000
2018-12-07,801770.SI,1894.19,1922.02,1894.15,1904.66,1416160000,13453930000
2018-12-10,801770.SI,1885.76,1928.10,1884.31,1909.14,1551210000,14624350000
2018-12-11,801770.SI,1914.80,1949.62,1914.75,1949.62,1781020000,17052920000
2018-12-12,801770.SI,1953.16,1955.09,1916.04,1919.87,1450570000,13534640000
2018-12-13,801770.SI,1925.08,1958.40,1916.75,1949.68,1604540000,16417580000
2018-12-14,801770.SI,1939.81,1939.90,1892.99,1895.33,1367240000,13602430000
2018-12-17,801770.SI,1885.30,1892.75,1861.07,1887.54,1009710000,10296790000
2018-12-18,801770.SI,1871.91,1894.24,1857.45,1876.44,996410000,9710700000
2018-12-19,801770.SI,1879.87,1894.58,1860.99,1865.04,1101940000,10671220000
2018-12-20,801770.SI,1857.50,1881.98,1856.38,1881.98,1139320000,11368430000
2018-12-21,801770.SI,1871.96,1886.86,1859.04,1875.39,1119810000,11401780000
2018-12-24,801770.SI,1876.70,1933.46,1874.48,1933.46,1629560000,18862900000
2018-12-25,801770.SI,1910.24,1971.76,1890.07,1963.03,2211760000,24737690000
2018-12-26,801770.SI,1954.96,1969.47,1931.07,1931.07,1928200000,20924030000
2018-12-27,801770.SI,1956.09,1971.81,1925.89,1926.17,1841320000,19951830000
2018-12-28,801770.SI,1924.73,1936.99,1900.87,1921.98,1702910000,18319090000
2019-01-02,801770.SI,1924.91,1963.29,1922.63,1957.07,1844960000,20101760000
2019-01-03,801770.SI,1951.73,1965.87,1911.20,1911.20,2235530000,23877310000
2019-01-04,801770.SI,1880.83,1952.68,1876.12,1946.70,2052050000,20607610000
2019-01-07,801770.SI,1957.43,2015.81,1956.76,2008.83,2421600000,25770840000
2019-01-08,801770.SI,2003.21,2022.29,1985.37,1997.78,2146690000,22971370000
2019-01-09,801770.SI,1997.58,2049.67,1985.54,2007.93,2717510000,28045430000
2019-01-10,801770.SI,2006.33,2052.62,2003.79,2029.43,2541840000,27520950000
2019-01-11,801770.SI,2045.27,2088.86,2045.26,2055.84,2784050000,31463340000
2019-01-14,801770.SI,2050.42,2050.42,2012.71,2045.80,2195680000,24374490000
2019-01-15,801770.SI,2031.83,2073.05,2027.56,2067.81,2112680000,24821870000
2019-01-16,801770.SI,2063.24,2070.09,2046.46,2047.14,1770850000,20526680000
2019-01-17,801770.SI,2044.10,2045.37,2016.54,2018.96,1502980000,17779280000
2019-01-18,801770.SI,2018.88,2026.04,1986.03,2011.98,1608580000,19144980000
2019-01-21,801770.SI,2012.79,2065.44,2010.70,2050.92,1788260000,21746520000
2019-01-22,801770.SI,2046.24,2046.25,2015.51,2021.61,1465410000,17900730000
2019-01-23,801770.SI,2012.10,2017.86,1994.35,2017.86,1187240000,14119700000
2019-01-24,801770.SI,2019.83,2042.29,2006.34,2029.01,1371280000,16487620000
2019-01-25,801770.SI,2028.40,2030.10,1995.47,1997.20,1386510000,15733760000
2019-01-28,801770.SI,2006.15,2012.07,1974.50,1976.34,1140570000,12660440000
2019-01-29,801770.SI,1968.54,1968.63,1912.09,1940.99,1232940000,13756000000
2019-01-30,801770.SI,1931.83,1945.50,1900.69,1900.69,1062800000,11432590000
2019-01-31,801770.SI,1903.25,1931.71,1881.76,1896.05,1332400000,13619380000
2019-02-01,801770.SI,1906.30,1944.97,1906.05,1944.91,1045410000,11683060000
2019-02-11,801770.SI,1951.72,2011.92,1951.58,2011.39,1505380000,16945330000
2019-02-12,801770.SI,2015.40,2031.26,2011.39,2026.83,1728850000,19730280000
2019-02-13,801770.SI,2033.80,2126.08,2030.57,2117.78,2775200000,33408980000
2019-02-14,801770.SI,2110.57,2118.92,2088.75,2107.33,2154790000,24844420000
2019-02-15,801770.SI,2103.59,2131.41,2099.80,2107.66,2071390000,25222990000
2019-02-18,801770.SI,2125.78,2189.43,2125.78,2189.43,2544180000,30936210000
2019-02-19,801770.SI,2204.56,2204.56,2149.90,2184.18,2494250000,30430560000
2019-02-20,801770.SI,2177.66,2198.28,2150.44,2195.41,2234350000,26101100000
2019-02-21,801770.SI,2192.36,2301.76,2190.76,2240.00,3573320000,44700940000
2019-02-22,801770.SI,2239.28,2350.77,2238.30,2350.77,3360170000,43096600000
2019-02-25,801770.SI,2436.15,2490.33,2417.02,2478.40,4176770000,55262070000
2019-02-26,801770.SI,2482.35,2517.49,2412.99,2419.91,3989860000,57377970000
2019-02-27,801770.SI,2396.39,2477.17,2396.39,2434.03,3986510000,48891190000
2019-02-28,801770.SI,2430.73,2448.23,2411.09,2424.40,2667560000,33826260000
2019-03-01,801770.SI,2436.65,2444.38,2395.36,2441.09,2445240000,31272930000
2019-03-04,801770.SI,2484.13,2545.38,2472.74,2490.67,3700390000,50366200000
2019-03-05,801770.SI,2497.60,2608.63,2491.00,2608.63,3857660000,51365280000
2019-03-06,801770.SI,2658.57,2684.03,2611.65,2656.55,4106860000,58072920000
2019-03-07,801770.SI,2658.14,2707.61,2628.68,2680.62,3921100000,56293800000
2019-03-08,801770.SI,2607.91,2730.07,2586.52,2606.89,4355620000,63354680000
2019-03-11,801770.SI,2631.52,2700.19,2599.89,2700.19,3838950000,53962150000
2019-03-12,801770.SI,2706.31,2772.54,2702.94,2758.64,5177630000,70712600000
2019-03-13,801770.SI,2722.83,2722.83,2596.27,2618.46,4212050000,58065330000
2019-03-14,801770.SI,2589.57,2602.03,2523.46,2560.66,3021540000,41002950000
2019-03-15,801770.SI,2576.75,2591.11,2523.97,2545.24,2344810000,32065710000
2019-03-18,801770.SI,2548.03,2606.78,2516.32,2606.78,2332600000,32251010000
2019-03-19,801770.SI,2600.79,2644.75,2594.00,2609.86,2390640000,33530380000
2019-03-20,801770.SI,2603.76,2620.80,2552.54,2596.43,2253830000,30103890000
2019-03-21,801770.SI,2598.18,2644.26,2592.94,2618.83,2665670000,36418000000
2019-03-22,801770.SI,2615.79,2618.23,2554.77,2602.42,2354170000,32459690000
2019-03-25,801770.SI,2553.28,2624.57,2544.41,2588.70,2429130000,34267140000
2019-03-26,801770.SI,2599.16,2608.36,2489.71,2494.73,2415550000,32895540000
2019-03-27,801770.SI,2508.98,2516.39,2441.33,2482.25,1880980000,26522750000
2019-03-28,801770.SI,2493.12,2581.64,2484.47,2512.44,2399260000,38463660000
2019-03-29,801770.SI,2495.37,2561.61,2457.54,2561.23,2551300000,38088830000
2019-04-01,801770.SI,2587.14,2657.04,2587.14,2651.69,3066270000,45589690000
2019-04-02,801770.SI,2666.85,2693.34,2642.67,2656.09,3247080000,47899940000
2019-04-03,801770.SI,2640.52,2659.90,2625.59,2658.81,2464220000,35398840000
2019-04-04,801770.SI,2669.19,2672.46,2641.13,2653.04,2545530000,35292610000
2019-04-08,801770.SI,2662.79,2668.78,2576.35,2598.89,2535570000,34808530000
2019-04-09,801770.SI,2593.57,2657.30,2587.52,2642.37,2189020000,32545370000
2019-04-10,801770.SI,2631.40,2677.93,2606.99,2652.78,2419480000,35719130000
2019-04-11,801770.SI,2650.00,2654.16,2584.94,2584.94,2071470000,28988020000
2019-04-12,801770.SI,2580.60,2605.10,2571.30,2591.47,1740570000,23099810000
2019-04-15,801770.SI,2631.39,2668.14,2587.96,2589.83,2169660000,30903180000
2019-04-16,801770.SI,2574.22,2739.25,2559.36,2739.25,3431010000,50218760000
2019-04-17,801770.SI,2755.56,2771.89,2718.77,2737.51,3347010000,50233910000
2019-04-18,801770.SI,2730.46,2786.58,2719.86,2748.94,3613620000,49359470000
2019-04-19,801770.SI,2735.37,2822.16,2706.01,2812.28,3907350000,52654010000
2019-04-22,801770.SI,2817.00,2881.69,2790.51,2803.43,4159110000,58931080000
2019-04-23,801770.SI,2789.56,2789.56,2707.11,2712.33,2943660000,40867150000
2019-04-24,801770.SI,2716.84,2753.22,2685.11,2749.26,2739770000,37945470000
2019-04-25,801770.SI,2736.17,2767.73,2652.58,2652.58,3465390000,44328600000
2019-04-26,801770.SI,2626.86,2712.34,2626.86,2666.45,3006680000,37757180000
2019-04-29,801770.SI,2669.30,2676.88,2536.39,2542.47,3011510000,39196350000
2019-04-30,801770.SI,2492.86,2529.37,2473.84,2502.35,2213120000,28035390000
2019-05-06,801770.SI,2379.17,2388.62,2271.69,2275.19,2157160000,26320140000
2019-05-07,801770.SI,2279.00,2309.26,2224.75,2282.28,2126940000,25568210000
2019-05-08,801770.SI,2218.95,2307.21,2210.67,2269.25,1954170000,23150560000
2019-05-09,801770.SI,2240.31,2284.42,2235.12,2236.24,1587520000,18920810000
2019-05-10,801770.SI,2267.82,2355.84,2212.33,2355.75,2615940000,33171900000
2019-05-13,801770.SI,2310.36,2342.42,2297.43,2317.83,2150690000,26946100000
2019-05-14,801770.SI,2275.52,2351.91,2275.52,2327.09,2341590000,29172750000
2019-05-15,801770.SI,2357.89,2373.57,2347.32,2367.40,2390720000,28826010000
2019-05-16,801770.SI,2358.95,2358.95,2322.72,2343.29,2492790000,28376020000
2019-05-17,801770.SI,2342.56,2370.28,2251.05,2268.07,2556980000,29523340000
2019-05-20,801770.SI,2268.49,2293.31,2219.04,2282.26,2279570000,26916830000
2019-05-21,801770.SI,2278.64,2353.14,2266.95,2330.06,2399960000,29968500000
2019-05-22,801770.SI,2333.93,2391.82,2327.30,2351.26,2696840000,34524830000
2019-05-23,801770.SI,2339.22,2339.24,2254.89,2263.77,2502180000,30394170000
2019-05-24,801770.SI,2242.09,2264.49,2222.44,2223.70,1896290000,21515620000
2019-05-27,801770.SI,2224.74,2309.62,2224.48,2302.59,2024020000,24892030000
2019-05-28,801770.SI,2309.53,2330.23,2290.07,2308.74,2128420000,24913030000
2019-05-29,801770.SI,2289.67,2324.28,2289.67,2304.95,1797480000,21976590000
2019-05-30,801770.SI,2289.69,2289.70,2241.18,2270.54,1845690000,22042040000
2019-05-31,801770.SI,2267.98,2307.63,2267.35,2281.20,1951410000,22089890000
2019-06-03,801770.SI,2289.82,2353.54,2246.28,2314.64,2846990000,34850550000
2019-06-04,801770.SI,2325.71,2372.10,2302.64,2319.61,2762520000,36962860000
2019-06-05,801770.SI,2347.96,2395.11,2320.23,2369.80,2804640000,35631480000
2019-06-06,801770.SI,2360.61,2360.61,2259.00,2266.12,2509650000,30752940000
2019-06-10,801770.SI,2270.69,2338.37,2270.69,2325.15,1968420000,24834630000
2019-06-11,801770.SI,2325.39,2384.85,2291.81,2382.25,2895850000,36224520000
2019-06-12,801770.SI,2365.85,2406.92,2362.83,2379.64,2821870000,34301670000
2019-06-13,801770.SI,2371.34,2391.05,2359.56,2368.14,2040970000,25378990000
2019-06-14,801770.SI,2368.67,2378.19,2297.22,2304.16,2064950000,23979670000
2019-06-17,801770.SI,2301.25,2308.16,2289.38,2297.58,1331220000,16152780000
2019-06-18,801770.SI,2308.42,2315.81,2285.82,2299.33,1341900000,17295660000
2019-06-19,801770.SI,2370.91,2379.89,2334.30,2334.71,2126500000,27774950000
2019-06-20,801770.SI,2325.29,2374.38,2298.61,2365.58,2253300000,28817440000
2019-06-21,801770.SI,2383.39,2412.07,2382.96,2398.70,2376920000,30566420000
2019-06-24,801770.SI,2393.31,2400.19,2357.82,2374.15,1692380000,21377090000
2019-06-25,801770.SI,2368.51,2368.54,2323.59,2354.07,1790280000,22342230000
2019-06-26,801770.SI,2340.17,2375.30,2331.55,2352.59,1427690000,17868830000
2019-06-27,801770.SI,2361.60,2419.74,2361.60,2404.16,2094530000,28898670000
2019-06-28,801770.SI,2400.33,2400.35,2346.22,2361.77,1651420000,21074800000
2019-07-01,801770.SI,2435.11,2453.23,2417.97,2452.88,2423600000,32242760000
2019-07-02,801770.SI,2451.49,2452.03,2431.85,2440.13,1847040000,24668560000
2019-07-03,801770.SI,2428.06,2428.06,2380.68,2390.20,1668430000,20356490000
2019-07-04,801770.SI,2390.94,2399.34,2363.30,2376.38,1284330000,16287580000
2019-07-05,801770.SI,2377.16,2386.47,2370.62,2381.32,1137950000,14040270000
2019-07-08,801770.SI,2370.33,2370.41,2274.72,2278.99,1394330000,17700020000
2019-07-09,801770.SI,2276.67,2292.14,2245.72,2276.28,1026900000,12482240000
2019-07-10,801770.SI,2283.88,2287.32,2250.48,2267.32,915470000,11392140000
2019-07-11,801770.SI,2283.68,2294.07,2249.66,2258.57,1028900000,12474300000
2019-07-12,801770.SI,2255.45,2259.95,2233.77,2253.21,847500000,10400390000
2019-07-15,801770.SI,2238.40,2297.72,2217.67,2282.61,1247130000,16052040000
2019-07-16,801770.SI,2273.14,2309.64,2266.93,2296.07,1160190000,15629260000
2019-07-17,801770.SI,2290.32,2304.00,2279.37,2286.33,1019760000,13718050000
2019-07-18,801770.SI,2268.04,2268.11,2228.27,2228.27,1023020000,13772490000
2019-07-19,801770.SI,2228.41,2251.85,2223.04,2225.78,798140000,10847720000
2019-07-22,801770.SI,2227.35,2231.35,2164.56,2166.73,1005810000,12300770000
2019-07-23,801770.SI,2168.11,2200.28,2167.92,2200.28,861110000,11922570000
2019-07-24,801770.SI,2209.63,2260.68,2209.53,2249.82,1283560000,18376600000
2019-07-25,801770.SI,2250.97,2281.65,2247.39,2264.90,1135780000,16049410000
2019-07-26,801770.SI,2257.55,2269.54,2249.74,2265.88,950830000,14402980000
2019-07-29,801770.SI,2264.64,2286.70,2263.73,2276.41,963380000,14831300000
2019-07-30,801770.SI,2270.93,2301.64,2270.93,2277.58,1050880000,15808450000
2019-07-31,801770.SI,2273.16,2283.66,2268.90,2271.72,1009520000,15325280000
2019-08-01,801770.SI,2255.96,2271.63,2246.59,2261.70,940960000,13995150000
2019-08-02,801770.SI,2195.94,2209.12,2183.59,2204.14,1264410000,18606110000
2019-08-05,801770.SI,2195.80,2235.67,2183.06,2183.06,1129170000,16852030000
2019-08-06,801770.SI,2131.47,2138.64,2067.50,2129.37,1566360000,21040670000
2019-08-07,801770.SI,2142.15,2150.34,2111.01,2111.01,1139500000,16048100000
2019-08-08,801770.SI,2115.06,2139.24,2113.21,2134.22,1169220000,16794490000
2019-08-09,801770.SI,2144.97,2147.79,2064.67,2068.55,1457880000,22808220000
2019-08-12,801770.SI,2070.39,2127.12,2059.64,2127.07,1173920000,17156470000
2019-08-13,801770.SI,2101.55,2122.63,2095.05,2109.26,1150650000,16258260000
2019-08-14,801770.SI,2150.73,2156.97,2117.91,2121.26,1284170000,18851380000
2019-08-15,801770.SI,2053.96,2143.90,2048.14,2143.57,1514690000,19317100000
2019-08-16,801770.SI,2134.86,2158.88,2131.68,2137.62,1304280000,17975130000
2019-08-19,801770.SI,2166.62,2236.82,2163.52,2236.82,2027130000,30035230000
2019-08-20,801770.SI,2249.41,2271.43,2233.50,2239.08,1954930000,27024160000
2019-08-21,801770.SI,2230.50,2253.77,2219.88,2244.89,1670640000,22385940000
2019-08-22,801770.SI,2247.23,2252.93,2219.05,2241.31,1492840000,21209680000
2019-08-23,801770.SI,2237.02,2240.98,2200.05,2208.76,1412460000,19241590000
2019-08-26,801770.SI,2145.70,2179.71,2145.70,2171.94,1251640000,17215810000
2019-08-27,801770.SI,2187.24,2225.12,2184.60,2213.95,1490010000,20652410000
2019-08-28,801770.SI,2214.97,2222.56,2198.17,2209.05,1666630000,22652810000
2019-08-29,801770.SI,2206.96,2217.51,2191.72,2193.96,1549360000,20986180000
2019-08-30,801770.SI,2206.70,2208.94,2138.16,2150.99,1729740000,22697440000
2019-09-02,801770.SI,2146.93,2206.89,2146.88,2205.73,1492740000,20554980000
2019-09-03,801770.SI,2208.66,2257.95,2207.49,2257.77,2092470000,29018250000
2019-09-04,801770.SI,2249.63,2271.51,2240.06,2271.51,2047270000,26629790000
2019-09-05,801770.SI,2291.60,2357.90,2290.04,2314.51,2971920000,42965220000
2019-09-06,801770.SI,2339.20,2416.79,2339.20,2393.81,3071930000,48852390000
2019-09-09,801770.SI,2418.49,2520.49,2404.75,2519.95,3349330000,53428840000
2019-09-10,801770.SI,2550.26,2550.26,2476.62,2509.56,3666080000,51955990000
2019-09-11,801770.SI,2511.91,2512.20,2452.31,2454.47,2593750000,35651230000
2019-09-12,801770.SI,2468.37,2483.89,2451.41,2478.44,2105880000,28361710000
2019-09-16,801770.SI,2485.81,2502.80,2461.00,2483.98,2082690000,29854720000
2019-09-17,801770.SI,2474.29,2474.36,2395.63,2415.47,2250630000,32295430000
2019-09-18,801770.SI,2424.49,2428.64,2402.58,2408.59,1790000000,26382100000
2019-09-19,801770.SI,2412.86,2453.90,2410.59,2453.90,1912080000,28635890000
2019-09-20,801770.SI,2453.23,2457.73,2428.93,2435.93,1787800000,26382830000
2019-09-23,801770.SI,2420.04,2420.04,2382.95,2415.31,1721620000,24857940000
2019-09-24,801770.SI,2416.37,2469.68,2416.30,2453.15,2174700000,32916210000
2019-09-25,801770.SI,2430.98,2437.98,2389.40,2389.40,1918330000,27803470000
2019-09-26,801770.SI,2397.48,2402.83,2286.97,2286.97,1872740000,26142640000
2019-09-27,801770.SI,2289.37,2329.77,2289.37,2313.86,1226160000,17585820000
2019-09-30,801770.SI,2315.11,2326.64,2268.74,2268.74,1041480000,14757120000
2019-10-08,801770.SI,2279.55,2290.16,2252.59,2253.98,1053610000,14162860000
2019-10-09,801770.SI,2239.45,2275.00,2223.54,2275.00,1045630000,14051560000
2019-10-10,801770.SI,2277.57,2320.46,2272.91,2316.67,1259740000,18629610000
2019-10-11,801770.SI,2321.72,2322.66,2278.77,2310.13,1385150000,18087350000
2019-10-14,801770.SI,2337.66,2351.88,2328.96,2339.05,1524450000,20575270000
2019-10-15,801770.SI,2322.93,2322.99,2283.16,2284.91,1352550000,18086300000
2019-10-16,801770.SI,2294.55,2300.22,2265.96,2267.05,1085350000,13669100000
2019-10-17,801770.SI,2265.78,2281.09,2261.05,2269.63,962190000,12309670000
2019-10-18,801770.SI,2273.78,2294.16,2239.45,2246.90,1202750000,15747640000
2019-10-21,801770.SI,2244.76,2244.76,2195.63,2228.92,1112770000,12519450000
2019-10-22,801770.SI,2231.39,2254.11,2230.17,2253.73,1029960000,12511060000
2019-10-23,801770.SI,2250.80,2259.05,2231.05,2234.15,1068240000,12897270000
2019-10-24,801770.SI,2230.88,2233.25,2202.38,2220.91,977440000,12141930000
2019-10-25,801770.SI,2217.41,2244.77,2201.07,2241.92,1003760000,13312990000
2019-10-28,801770.SI,2279.86,2313.99,2272.60,2313.08,1893430000,22292830000
2019-10-29,801770.SI,2305.36,2308.98,2261.03,2261.03,1722640000,21354860000
2019-10-30,801770.SI,2243.77,2263.56,2222.57,2231.79,1311380000,15113270000
2019-10-31,801770.SI,2238.96,2255.50,2221.54,2224.99,1205940000,14916900000
2019-11-01,801770.SI,2219.55,2250.82,2213.43,2247.16,1167940000,15836230000
2019-11-04,801770.SI,2253.85,2293.27,2253.78,2267.13,1334790000,17957850000
2019-11-05,801770.SI,2267.84,2269.69,2239.41,2256.94,1239970000,14897690000
2019-11-06,801770.SI,2254.39,2255.39,2208.93,2216.65,1223560000,14948490000
2019-11-07,801770.SI,2215.79,2233.14,2211.71,2225.06,1052180000,12737210000
2019-11-08,801770.SI,2240.31,2247.28,2211.61,2211.61,1102780000,14998030000
2019-11-11,801770.SI,2193.89,2193.89,2147.39,2149.36,1278940000,14299970000
2019-11-12,801770.SI,2149.99,2158.32,2124.65,2158.32,1081350000,12030160000
2019-11-13,801770.SI,2152.39,2162.04,2140.62,2158.36,874040000,10094980000
2019-11-14,801770.SI,2157.49,2184.10,2155.50,2178.12,977570000,12155000000
2019-11-15,801770.SI,2175.01,2177.45,2142.60,2142.60,1199320000,15023040000
2019-11-18,801770.SI,2137.33,2161.78,2133.18,2159.25,909280000,11045850000
2019-11-19,801770.SI,2158.49,2206.83,2155.44,2206.83,1206250000,16282340000
2019-11-20,801770.SI,2206.43,2216.41,2183.35,2185.48,1140790000,14495690000
2019-11-21,801770.SI,2172.72,2186.45,2164.20,2179.03,1003700000,12119320000
2019-11-22,801770.SI,2180.83,2211.98,2145.21,2155.61,1256440000,15838850000
2019-11-25,801770.SI,2148.72,2148.72,2109.41,2122.79,1033010000,13099620000
2019-11-26,801770.SI,2128.39,2144.88,2121.25,2127.00,1013300000,11547740000
2019-11-27,801770.SI,2123.41,2143.52,2116.06,2133.79,923800000,10883250000
2019-11-28,801770.SI,2130.59,2146.86,2118.97,2125.84,828870000,10022890000
2019-11-29,801770.SI,2123.84,2130.46,2109.76,2130.46,946730000,9494240000
2019-12-02,801770.SI,2134.11,2136.77,2128.95,2128.95,973570000,9962120000
2019-12-03,801770.SI,2117.70,2143.94,2111.26,2143.94,1015240000,10678260000
2019-12-04,801770.SI,2127.26,2138.31,2121.14,2133.68,998130000,11168220000
2019-12-05,801770.SI,2137.55,2180.28,2137.48,2175.99,1239370000,16667450000
2019-12-06,801770.SI,2178.60,2196.10,2168.42,2195.80,1092450000,14877090000
2019-12-09,801770.SI,2202.75,2211.89,2194.03,2202.59,1231210000,14694880000
2019-12-10,801770.SI,2194.51,2220.90,2189.34,2220.41,1361030000,16198090000
2019-12-11,801770.SI,2217.73,2228.54,2198.85,2207.44,1377840000,15549930000
2019-12-12,801770.SI,2206.61,2237.37,2204.85,2223.95,1402730000,19413200000
2019-12-13,801770.SI,2245.46,2251.30,2223.51,2241.88,1636460000,20802780000
2019-12-16,801770.SI,2250.04,2286.33,2250.01,2286.33,1730080000,22396090000
2019-12-17,801770.SI,2290.54,2327.19,2288.81,2319.44,2151990000,28189330000
2019-12-18,801770.SI,2323.63,2357.07,2317.95,2331.41,2078520000,29581300000
2019-12-19,801770.SI,2328.57,2343.36,2321.82,2336.37,1560170000,20878770000
2019-12-20,801770.SI,2334.26,2339.85,2284.16,2284.16,1534320000,19979940000
2019-12-23,801770.SI,2277.45,2277.45,2225.53,2225.53,1329960000,16968030000
2019-12-24,801770.SI,2235.00,2266.40,2231.77,2265.86,974250000,13190080000
2019-12-25,801770.SI,2262.97,2295.87,2257.68,2285.64,1453680000,16287470000
2019-12-26,801770.SI,2285.81,2296.08,2273.16,2296.08,1146760000,13485520000
2019-12-27,801770.SI,2303.53,2317.51,2267.89,2269.32,1298870000,17394020000
2019-12-30,801770.SI,2254.39,2287.56,2230.75,2286.08,1219730000,16360070000
2019-12-31,801770.SI,2288.28,2316.04,2282.71,2305.68,1151530000,16240260000
2020-01-02,801770.SI,2324.34,2355.99,2316.97,2352.39,1674640000,21413260000
2020-01-03,801770.SI,2372.11,2395.24,2363.98,2379.79,1799550000,25433470000
2020-01-06,801770.SI,2361.16,2413.78,2354.31,2392.71,1894870000,25182500000
2020-01-07,801770.SI,2399.43,2414.10,2382.31,2413.64,1824680000,23518660000
2020-01-08,801770.SI,2399.07,2403.70,2354.55,2358.79,2023510000,23914880000
2020-01-09,801770.SI,2385.61,2434.58,2385.61,2432.20,2255890000,28660690000
2020-01-10,801770.SI,2441.72,2452.80,2412.98,2426.87,1760400000,23460060000
2020-01-13,801770.SI,2422.39,2458.21,2410.81,2458.21,1615260000,21884740000
2020-01-14,801770.SI,2459.86,2463.08,2431.06,2432.29,1914450000,24392490000
2020-01-15,801770.SI,2427.76,2440.79,2409.53,2435.69,1587640000,19586850000
2020-01-16,801770.SI,2439.41,2456.95,2422.87,2425.33,1520850000,19873710000
2020-01-17,801770.SI,2432.90,2453.37,2425.19,2430.25,1484920000,22404670000
2020-01-20,801770.SI,2425.97,2473.97,2414.93,2473.97,1618910000,23222210000
2020-01-21,801770.SI,2450.63,2452.34,2418.89,2418.89,1505590000,20682760000
2020-01-22,801770.SI,2391.21,2455.28,2368.46,2446.15,1707700000,25800110000
2020-01-23,801770.SI,2406.82,2424.76,2315.93,2339.46,1898620000,27205550000
2020-02-03,801770.SI,2113.19,2143.30,2113.19,2129.76,978990000,15163950000
2020-02-04,801770.SI,2029.84,2152.28,2029.84,2142.00,2368590000,29475210000
2020-02-05,801770.SI,2155.39,2232.08,2155.29,2194.10,2229450000,27579790000
2020-02-06,801770.SI,2197.09,2282.49,2190.13,2272.32,2139460000,28121990000
2020-02-07,801770.SI,2283.10,2332.49,2278.03,2331.79,2538340000,32448500000
2020-02-10,801770.SI,2333.89,2374.31,2330.67,2372.90,2868840000,37697770000
2020-02-11,801770.SI,2377.24,2377.24,2339.26,2352.28,2198310000,27956670000
2020-02-12,801770.SI,2344.05,2402.54,2342.73,2400.70,2341380000,32368520000
2020-02-13,801770.SI,2391.85,2397.00,2351.11,2355.03,2444410000,30368970000
2020-02-14,801770.SI,2343.76,2389.67,2337.24,2356.34,2001520000,26784560000
2020-02-17,801770.SI,2385.45,2486.26,2385.45,2486.26,2740930000,40138810000
2020-02-18,801770.SI,2486.53,2542.52,2479.77,2542.52,3001120000,42482060000
2020-02-19,801770.SI,2529.67,2569.17,2511.43,2512.38,2902310000,41506580000
2020-02-20,801770.SI,2519.79,2558.21,2491.38,2553.08,2591020000,35925610000
2020-02-21,801770.SI,2560.29,2647.50,2559.52,2618.24,3135870000,44189220000
2020-02-24,801770.SI,2655.35,2796.59,2655.35,2790.22,4132950000,59226610000
2020-02-25,801770.SI,2754.40,2899.36,2686.06,2890.57,5152960000,80487590000
2020-02-26,801770.SI,2829.95,2875.48,2749.53,2758.84,4873430000,69493350000
2020-02-27,801770.SI,2780.01,2816.74,2690.13,2760.45,3737200000,52582060000
2020-02-28,801770.SI,2620.75,2685.37,2589.24,2598.61,3563120000,49147460000
2020-03-02,801770.SI,2650.44,2797.19,2628.88,2782.44,3423860000,53122940000
2020-03-03,801770.SI,2870.07,2895.52,2754.75,2778.75,4147430000,67799600000
2020-03-04,801770.SI,2746.22,2811.00,2694.24,2770.39,2815060000,48024620000
2020-03-05,801770.SI,2883.49,2885.93,2775.17,2797.65,3572080000,58416720000
2020-03-06,801770.SI,2736.37,2791.75,2733.11,2763.22,2870570000,40682490000
2020-03-09,801770.SI,2717.54,2835.65,2717.54,2726.49,3780550000,55279300000
2020-03-10,801770.SI,2703.95,2907.52,2663.29,2907.52,4806510000,73800550000
2020-03-11,801770.SI,2936.18,3012.59,2858.16,2858.16,4850770000,79359980000
2020-03-12,801770.SI,2793.27,2861.79,2784.25,2861.79,4121460000,62908450000
2020-03-13,801770.SI,2718.20,2896.78,2718.20,2836.02,4725750000,67963900000
2020-03-16,801770.SI,2811.16,2836.02,2598.87,2605.08,4383760000,68855580000
2020-03-17,801770.SI,2635.64,2635.64,2471.64,2570.77,3431710000,53530600000
2020-03-18,801770.SI,2589.60,2639.23,2473.87,2473.87,3286740000,51657600000
2020-03-19,801770.SI,2472.52,2603.78,2439.93,2580.68,3194920000,51248230000
2020-03-20,801770.SI,2612.35,2619.58,2547.56,2601.74,2819030000,44015410000
2020-03-23,801770.SI,2515.11,2630.79,2515.11,2531.10,3017770000,44196330000
2020-03-24,801770.SI,2600.66,2607.94,2479.22,2598.63,3575670000,52546760000
2020-03-25,801770.SI,2659.10,2659.10,2615.79,2640.13,3235190000,48640670000
2020-03-26,801770.SI,2602.49,2606.03,2557.48,2566.18,2573700000,36540180000
2020-03-27,801770.SI,2601.22,2601.22,2522.06,2523.05,2230040000,32150700000
2020-03-30,801770.SI,2461.84,2461.84,2381.95,2419.85,2364020000,32778410000
2020-03-31,801770.SI,2452.98,2455.93,2392.29,2392.40,1822810000,26133270000
2020-04-01,801770.SI,2378.44,2441.31,2368.66,2373.29,1907780000,27625700000
2020-04-02,801770.SI,2376.09,2470.00,2376.09,2470.00,2145070000,31592640000
2020-04-03,801770.SI,2447.74,2449.86,2407.54,2418.15,1896860000,28716850000
2020-04-07,801770.SI,2470.83,2494.57,2457.98,2486.85,2206940000,31302470000
2020-04-08,801770.SI,2468.59,2525.96,2461.55,2510.22,2437170000,34555840000
2020-04-09,801770.SI,2531.18,2551.25,2526.48,2540.70,2603490000,32859140000
2020-04-10,801770.SI,2527.27,2527.27,2425.98,2431.11,2636620000,35443970000
2020-04-13,801770.SI,2399.13,2401.95,2361.39,2367.67,1707650000,21639390000
2020-04-14,801770.SI,2387.38,2434.04,2387.32,2434.04,1669790000,22829490000
2020-04-15,801770.SI,2434.89,2452.56,2411.40,2413.09,1715640000,23197300000
2020-04-16,801770.SI,2397.25,2435.58,2387.05,2428.59,1595390000,20868420000
2020-04-17,801770.SI,2444.73,2477.09,2427.91,2431.72,1992340000,29216100000
2020-04-20,801770.SI,2428.31,2477.75,2428.31,2477.03,1710420000,25053580000
2020-04-21,801770.SI,2461.40,2485.41,2446.12,2485.41,1941300000,26689580000
2020-04-22,801770.SI,2459.86,2498.13,2458.24,2498.13,1733320000,22530960000
2020-04-23,801770.SI,2505.45,2505.47,2440.43,2440.43,1771910000,23319730000
2020-04-24,801770.SI,2441.55,2460.00,2388.46,2396.54,1754970000,23053950000
2020-04-27,801770.SI,2411.29,2430.26,2397.26,2405.26,1520880000,20572410000
2020-04-28,801770.SI,2394.05,2394.05,2281.84,2358.86,1914200000,25517950000
2020-04-29,801770.SI,2345.03,2361.45,2339.33,2340.28,1281750000,17661500000
2020-04-30,801770.SI,2357.27,2450.31,2357.21,2436.77,1847200000,28416190000
2020-05-06,801770.SI,2417.99,2500.34,2417.99,2500.34,1866180000,28709560000
2020-05-07,801770.SI,2538.34,2566.75,2487.35,2487.68,2018270000,31702280000
2020-05-08,801770.SI,2516.83,2544.43,2510.46,2530.11,1853700000,28524930000
2020-05-11,801770.SI,2553.39,2578.55,2536.61,2556.31,2001740000,30762170000
2020-05-12,801770.SI,2550.92,2550.92,2494.39,2536.81,1620010000,24222620000
2020-05-13,801770.SI,2518.20,2531.26,2510.76,2527.15,1258490000,18762520000
2020-05-14,801770.SI,2515.75,2529.11,2498.53,2500.37,1607470000,22488250000
2020-05-15,801770.SI,2510.53,2536.16,2497.75,2508.89,1560110000,22906090000
2020-05-18,801770.SI,2504.31,2504.31,2437.64,2441.63,1676180000,25425960000
2020-05-19,801770.SI,2463.73,2477.46,2446.59,2465.31,1319500000,19373640000
2020-05-20,801770.SI,2463.13,2472.12,2433.26,2444.93,1509070000,22057440000
2020-05-21,801770.SI,2454.54,2454.54,2391.43,2398.44,1357110000,20178280000
2020-05-22,801770.SI,2396.62,2413.71,2348.72,2361.65,1364510000,19512070000
2020-05-25,801770.SI,2346.22,2346.22,2290.26,2300.89,1252750000,19336650000
2020-05-26,801770.SI,2314.61,2347.62,2314.60,2347.62,1125510000,15816060000
2020-05-27,801770.SI,2348.14,2348.17,2301.65,2310.53,1287190000,16792950000
2020-05-28,801770.SI,2307.09,2318.99,2259.86,2296.52,1226620000,17058180000
2020-05-29,801770.SI,2282.70,2303.42,2272.75,2294.13,1145570000,15467690000
2020-06-01,801770.SI,2312.99,2404.39,2312.96,2397.42,1739500000,25206430000
2020-06-02,801770.SI,2408.13,2424.74,2389.69,2414.10,1705760000,21808300000
2020-06-03,801770.SI,2420.89,2440.12,2397.96,2409.95,1771440000,25015750000
2020-06-04,801770.SI,2413.97,2415.12,2383.17,2386.09,1246690000,16584040000
2020-06-05,801770.SI,2393.26,2399.86,2373.79,2391.23,1253230000,15917420000
2020-06-08,801770.SI,2410.61,2442.33,2407.09,2409.11,1352570000,18727460000
2020-06-09,801770.SI,2409.45,2409.45,2388.90,2406.80,1234570000,15140780000
2020-06-10,801770.SI,2405.16,2405.31,2377.97,2395.18,1339030000,16069840000
2020-06-11,801770.SI,2393.97,2429.27,2379.99,2390.27,1512500000,19796660000
2020-06-12,801770.SI,2334.14,2395.03,2333.77,2382.61,1493470000,20038030000
2020-06-15,801770.SI,2373.00,2397.16,2356.35,2356.35,1550330000,20417630000
2020-06-16,801770.SI,2390.42,2432.32,2390.39,2432.32,1617740000,26333880000
2020-06-17,801770.SI,2434.89,2434.90,2408.14,2431.22,1688040000,24029240000
2020-06-18,801770.SI,2423.62,2503.98,2417.78,2488.37,1948710000,32043330000
2020-06-19,801770.SI,2492.73,2503.33,2469.42,2487.80,1758420000,28577890000
2020-06-22,801770.SI,2478.37,2502.91,2478.37,2495.94,1797130000,26811490000
2020-06-23,801770.SI,2490.02,2490.02,2449.44,2459.62,1546790000,25460890000
2020-06-24,801770.SI,2458.43,2469.14,2445.49,2451.53,1251440000,18858500000
2020-06-29,801770.SI,2438.34,2446.18,2420.38,2429.38,1219410000,17765260000
2020-06-30,801770.SI,2444.67,2481.87,2444.67,2473.18,1357430000,21283070000
2020-07-01,801770.SI,2478.91,2482.25,2436.57,2462.74,1470110000,22664220000
2020-07-02,801770.SI,2453.85,2507.85,2442.85,2507.85,2110100000,30020710000
2020-07-03,801770.SI,2512.42,2564.62,2503.84,2561.53,2307050000,34390210000
2020-07-06,801770.SI,2586.15,2694.06,2586.15,2680.00,3232120000,46859790000
2020-07-07,801770.SI,2708.29,2777.24,2678.14,2709.57,3528470000,53761880000
2020-07-08,801770.SI,2708.36,2770.30,2685.44,2767.92,2991470000,44343220000
2020-07-09,801770.SI,2781.42,2863.00,2767.92,2843.73,3544310000,54065960000
2020-07-10,801770.SI,2828.39,2847.16,2776.19,2781.56,3032330000,46371350000
2020-07-13,801770.SI,2789.84,2864.12,2789.84,2864.12,2883120000,44485570000
2020-07-14,801770.SI,2876.47,2879.80,2780.36,2832.37,3658080000,52486990000
2020-07-15,801770.SI,2828.95,2839.77,2693.98,2703.42,3335390000,47708590000
2020-07-16,801770.SI,2697.29,2714.74,2556.68,2563.73,2743590000,39738660000
2020-07-17,801770.SI,2571.50,2588.96,2518.95,2555.75,1888230000,27746310000
2020-07-20,801770.SI,2570.19,2624.71,2545.18,2624.71,1998550000,27737370000
2020-07-21,801770.SI,2627.40,2637.63,2591.95,2613.61,1771950000,24910110000
2020-07-22,801770.SI,2612.30,2654.12,2595.80,2626.18,2028220000,28249180000
2020-07-23,801770.SI,2594.93,2599.77,2512.82,2572.43,2182020000,31312670000
2020-07-24,801770.SI,2557.51,2574.86,2448.17,2453.82,2038070000,29142210000
2020-07-27,801770.SI,2465.16,2478.29,2430.91,2456.35,1354120000,18043180000
2020-07-28,801770.SI,2475.82,2495.79,2466.36,2488.26,1331120000,16867660000
2020-07-29,801770.SI,2489.05,2557.32,2478.01,2557.32,1618120000,21755070000
2020-07-30,801770.SI,2565.50,2569.78,2533.75,2534.52,1578000000,21657440000
2020-07-31,801770.SI,2536.23,2579.43,2526.74,2554.30,1507740000,21710030000
2020-08-03,801770.SI,2575.48,2627.73,2572.44,2627.73,2057580000,30042330000
2020-08-04,801770.SI,2636.67,2636.67,2591.92,2601.47,1936810000,29488010000
2020-08-05,801770.SI,2618.74,2631.19,2589.85,2623.43,1833630000,26300280000
2020-08-06,801770.SI,2618.80,2618.80,2567.46,2611.66,2008700000,28090340000
2020-08-07,801770.SI,2604.27,2604.27,2535.64,2563.35,1689120000,25289280000
2020-08-10,801770.SI,2552.85,2586.64,2549.26,2562.82,1493030000,21927140000
2020-08-11,801770.SI,2564.64,2567.67,2517.01,2517.13,1501040000,20726580000
2020-08-12,801770.SI,2509.57,2518.66,2460.38,2511.68,1417480000,20768630000
2020-08-13,801770.SI,2520.18,2532.56,2513.50,2520.80,1547530000,17188000000
2020-08-14,801770.SI,2517.81,2548.82,2514.61,2548.56,1356680000,16508900000
2020-08-17,801770.SI,2560.74,2603.68,2547.00,2603.68,1871110000,27123110000
2020-08-18,801770.SI,2602.69,2608.97,2588.14,2602.43,1804210000,23754430000
2020-08-19,801770.SI,2601.01,2601.07,2534.82,2536.25,1722420000,22313700000
2020-08-20,801770.SI,2516.93,2541.99,2501.68,2519.44,1330700000,17255310000
2020-08-21,801770.SI,2532.55,2555.32,2509.73,2527.06,1259000000,16736640000
2020-08-24,801770.SI,2535.87,2557.43,2508.88,2548.93,1349790000,18271400000
2020-08-25,801770.SI,2552.78,2565.87,2537.99,2547.80,1549570000,20482740000
2020-08-26,801770.SI,2549.99,2549.99,2487.04,2494.10,1584880000,20947570000
2020-08-27,801770.SI,2494.14,2533.75,2483.90,2527.53,1433280000,18776040000
2020-08-28,801770.SI,2519.69,2534.90,2492.47,2534.90,1361910000,17886200000
2020-08-31,801770.SI,2547.31,2568.73,2530.15,2532.61,1553450000,20810000000
2020-09-01,801770.SI,2527.07,2537.93,2506.77,2537.88,1341810000,17648690000
2020-09-02,801770.SI,2549.23,2578.15,2537.00,2568.41,1926640000,24819990000
2020-09-03,801770.SI,2565.28,2565.28,2522.93,2530.54,1628960000,23009650000
2020-09-04,801770.SI,2490.99,2538.13,2488.67,2535.00,1604460000,20049870000
2020-09-07,801770.SI,2534.93,2550.63,2488.53,2494.59,1947320000,25182680000
2020-09-08,801770.SI,2499.17,2509.08,2469.51,2507.01,2065820000,24601670000
2020-09-09,801770.SI,2477.01,2477.01,2423.88,2423.88,2298550000,27509210000
2020-09-10,801770.SI,2441.55,2441.55,2293.36,2302.88,2185930000,25524060000
2020-09-11,801770.SI,2290.56,2329.61,2284.01,2327.31,1308970000,15254280000
2020-09-14,801770.SI,2338.88,2368.16,2331.82,2360.10,1319700000,15588620000
2020-09-15,801770.SI,2366.05,2366.05,2346.75,2361.21,1191880000,13735360000
2020-09-16,801770.SI,2357.16,2357.25,2330.43,2341.98,1048800000,12104800000
2020-09-17,801770.SI,2337.70,2373.06,2320.38,2353.54,1064090000,13519580000
2020-09-18,801770.SI,2353.67,2383.97,2346.08,2382.64,1178710000,15086140000
2020-09-21,801770.SI,2387.47,2407.90,2385.83,2388.41,1045160000,14337260000
2020-09-22,801770.SI,2368.91,2386.12,2350.38,2357.41,945700000,11885470000
2020-09-23,801770.SI,2364.78,2370.29,2343.85,2359.72,764200000,9526270000
2020-09-24,801770.SI,2345.29,2345.31,2294.78,2294.88,983770000,11398290000
2020-09-25,801770.SI,2302.63,2304.64,2268.56,2277.73,741570000,9137010000
2020-09-28,801770.SI,2281.40,2284.61,2244.23,2244.23,686800000,8496510000
2020-09-29,801770.SI,2256.42,2290.12,2256.29,2274.25,752080000,9735530000
2020-09-30,801770.SI,2279.70,2286.76,2260.05,2272.87,670890000,8805140000
2020-10-09,801770.SI,2307.24,2330.81,2307.01,2322.90,871690000,12030470000
2020-10-12,801770.SI,2340.39,2406.10,2340.03,2405.94,1270760000,18569010000
2020-10-13,801770.SI,2410.91,2424.04,2402.77,2422.24,1123950000,16592690000
2020-10-14,801770.SI,2417.71,2417.85,2397.91,2404.45,1093620000,15275430000
2020-10-15,801770.SI,2400.74,2403.91,2377.71,2377.71,930100000,12672300000
2020-10-16,801770.SI,2378.06,2381.50,2348.52,2363.36,896590000,12758420000
2020-10-19,801770.SI,2410.36,2421.23,2366.25,2369.95,1310960000,18285210000
2020-10-20,801770.SI,2363.72,2393.74,2349.61,2393.74,1159870000,15710640000
2020-10-21,801770.SI,2391.35,2391.37,2335.63,2355.32,1327830000,16972930000
2020-10-22,801770.SI,2340.39,2349.22,2320.63,2338.45,1020590000,13075590000
2020-10-23,801770.SI,2332.28,2345.51,2301.99,2304.03,994060000,13316130000
2020-10-26,801770.SI,2294.75,2313.60,2281.66,2305.12,818620000,10732290000
2020-10-27,801770.SI,2295.21,2313.27,2287.01,2305.16,850720000,11760660000
2020-10-28,801770.SI,2302.16,2304.03,2251.85,2291.13,1194870000,16976490000
2020-10-29,801770.SI,2251.19,2276.18,2246.80,2267.68,1116360000,16443210000
2020-10-30,801770.SI,2274.05,2288.86,2211.31,2213.50,1268640000,17809460000
2020-11-02,801770.SI,2214.14,2214.14,2162.95,2183.44,1159730000,15602480000
2020-11-03,801770.SI,2186.79,2247.19,2186.58,2244.42,1242250000,16123710000
2020-11-04,801770.SI,2250.37,2250.37,2216.67,2225.45,915610000,11992330000
2020-11-05,801770.SI,2253.68,2346.45,2240.47,2343.91,1805290000,28276520000
2020-11-06,801770.SI,2355.33,2362.24,2325.57,2339.28,1599300000,27962320000
2020-11-09,801770.SI,2367.06,2431.50,2365.88,2411.46,1887400000,33197320000
2020-11-10,801770.SI,2405.24,2405.26,2347.46,2358.23,1412270000,23626660000
2020-11-11,801770.SI,2349.55,2351.65,2307.72,2309.80,1226880000,18697830000
2020-11-12,801770.SI,2322.42,2331.21,2298.18,2304.63,1018990000,14924270000
2020-11-13,801770.SI,2289.58,2301.25,2272.28,2300.11,937100000,13735000000
2020-11-16,801770.SI,2303.36,2304.45,2278.18,2301.75,1000510000,14006610000
2020-11-17,801770.SI,2301.32,2301.32,2258.05,2287.66,1074090000,15301710000
2020-11-18,801770.SI,2280.38,2299.03,2277.62,2288.64,959310000,13485400000
2020-11-19,801770.SI,2278.47,2310.98,2262.37,2300.79,1018300000,15151970000
2020-11-20,801770.SI,2301.59,2313.09,2290.63,2308.93,1037730000,14283780000
2020-11-23,801770.SI,2309.68,2316.69,2285.55,2303.49,1273170000,15939490000
2020-11-24,801770.SI,2298.92,2323.50,2298.92,2310.34,1173930000,15254040000
2020-11-25,801770.SI,2309.83,2335.92,2289.73,2304.49,1527900000,19751420000
2020-11-26,801770.SI,2300.71,2309.34,2291.17,2295.92,1109080000,14544470000
2020-11-27,801770.SI,2291.20,2293.20,2259.84,2275.98,1012120000,13585500000
2020-11-30,801770.SI,2270.57,2288.89,2253.06,2264.39,1325580000,16544410000
2020-12-01,801770.SI,2259.55,2294.10,2259.55,2290.52,1201420000,14645310000
2020-12-02,801770.SI,2289.39,2315.72,2278.51,2303.91,1403260000,17167650000
2020-12-03,801770.SI,2301.17,2301.38,2279.91,2283.65,1083760000,13213000000
2020-12-04,801770.SI,2281.69,2289.19,2270.39,2278.26,891640000,10805230000
2020-12-07,801770.SI,2278.53,2282.24,2253.50,2254.68,922990000,11923660000
2020-12-08,801770.SI,2253.25,2262.41,2251.87,2254.93,891880000,10633670000
2020-12-09,801770.SI,2254.12,2254.12,2202.88,2203.01,1062570000,13205030000
2020-12-10,801770.SI,2199.31,2214.08,2186.40,2196.88,861020000,10724120000
2020-12-11,801770.SI,2198.93,2198.93,2140.71,2157.49,1192940000,14954140000
2020-12-14,801770.SI,2157.16,2167.51,2143.29,2166.56,780840000,10469380000
2020-12-15,801770.SI,2166.46,2180.74,2160.68,2167.90,737030000,9544150000
2020-12-16,801770.SI,2170.57,2170.57,2125.41,2127.14,915810000,10348230000
2020-12-17,801770.SI,2124.24,2146.64,2095.95,2146.64,1038340000,10702020000
2020-12-18,801770.SI,2148.14,2154.27,2127.54,2131.92,840500000,8892120000
2020-12-21,801770.SI,2127.18,2147.57,2116.89,2138.49,832600000,10700670000
2020-12-22,801770.SI,2131.55,2136.52,2074.71,2075.67,1010890000,12605200000
2020-12-23,801770.SI,2077.57,2092.05,2060.32,2089.22,960560000,11470530000
2020-12-24,801770.SI,2089.44,2089.44,2043.38,2047.17,949020000,10498530000
2020-12-25,801770.SI,2043.52,2054.90,2030.76,2046.97,710020000,8396190000
2020-12-28,801770.SI,2043.71,2043.71,2008.49,2010.92,925750000,10671790000
2020-12-29,801770.SI,2013.29,2121.40,2013.25,2108.05,1508030000,20457920000
2020-12-30,801770.SI,2103.11,2104.09,2071.85,2094.03,1215280000,16133830000
2020-12-31,801770.SI,2091.44,2118.55,2083.94,2113.60,1296140000,15530740000
2021-01-04,801770.SI,2097.92,2136.88,2093.36,2135.00,1522220000,18431060000
2021-01-05,801770.SI,2122.22,2155.75,2121.16,2145.80,1665680000,19762910000
2021-01-06,801770.SI,2150.91,2150.91,2099.35,2105.84,1392650000,16503250000
2021-01-07,801770.SI,2094.09,2094.31,2027.83,2044.14,1412490000,16594790000
2021-01-08,801770.SI,2039.90,2112.81,2037.59,2087.03,1496680000,19809450000
2021-01-11,801770.SI,2086.04,2121.07,2082.27,2093.66,1501550000,20501730000
2021-01-12,801770.SI,2089.31,2112.39,2080.42,2109.40,1238610000,16942700000
2021-01-13,801770.SI,2110.90,2130.34,2075.76,2121.10,1791680000,24321920000
2021-01-14,801770.SI,2114.46,2166.58,2108.26,2143.60,1657370000,22626060000
2021-01-15,801770.SI,2141.05,2141.22,2100.22,2121.54,1220560000,16622260000
2021-01-18,801770.SI,2119.28,2175.76,2118.57,2165.31,1194990000,18010780000
2021-01-19,801770.SI,2169.03,2180.07,2143.86,2150.35,1219630000,17668330000
2021-01-20,801770.SI,2146.32,2146.33,2126.83,2145.42,1023660000,13330610000
2021-01-21,801770.SI,2144.47,2152.13,2118.30,2139.31,1109820000,15267040000
2021-01-22,801770.SI,2137.47,2137.49,2085.09,2090.93,1122730000,15701650000
2021-01-25,801770.SI,2089.18,2089.30,2053.24,2057.52,1204440000,19250980000
2021-01-26,801770.SI,2045.85,2076.44,2029.25,2034.40,940470000,13886190000
2021-01-27,801770.SI,2031.80,2054.29,2026.67,2043.28,877090000,11688530000
2021-01-28,801770.SI,2023.94,2037.50,1991.95,1995.36,901950000,12142590000
2021-01-29,801770.SI,2006.25,2010.25,1944.08,1959.30,1056240000,12905370000
2021-02-01,801770.SI,1957.51,1984.69,1954.69,1971.09,875780000,11284270000
2021-02-02,801770.SI,1972.00,1987.91,1960.75,1980.62,826440000,11420540000
2021-02-03,801770.SI,1977.71,1978.17,1935.41,1935.77,952570000,12741910000
2021-02-04,801770.SI,1923.88,1923.88,1865.39,1897.98,1054230000,13802370000
2021-02-05,801770.SI,1901.85,1920.07,1874.37,1874.45,762120000,10370020000
2021-02-08,801770.SI,1881.51,1890.98,1870.02,1879.61,662040000,8476100000
2021-02-09,801770.SI,1880.03,1912.13,1875.58,1909.84,742490000,9230940000
2021-02-10,801770.SI,1909.99,1929.47,1904.03,1924.51,682960000,8960770000
2021-02-18,801770.SI,1956.19,1983.08,1950.55,1972.00,1055140000,12154880000
2021-02-19,801770.SI,1970.26,2018.28,1964.56,2018.28,1051460000,11494580000
2021-02-22,801770.SI,2024.80,2048.92,2010.05,2010.05,1460700000,15827390000
2021-02-23,801770.SI,2002.62,2022.95,1987.26,1998.27,1084400000,11978550000
2021-02-24,801770.SI,1999.84,2025.16,1981.37,1997.74,993160000,11239580000
2021-02-25,801770.SI,2016.43,2016.43,1987.30,1988.53,1019900000,11541960000
2021-02-26,801770.SI,1962.61,2003.31,1962.56,1985.93,1126930000,12667120000
2021-03-01,801770.SI,1995.48,2021.19,1991.61,2020.96,1324980000,14299250000
2021-03-02,801770.SI,2024.02,2026.81,1998.40,2011.11,1096220000,12924270000
2021-03-03,801770.SI,2009.69,2020.25,2002.89,2019.43,943910000,11287180000
2021-03-04,801770.SI,2014.48,2021.07,1979.61,1984.91,1088830000,12831840000
2021-03-05,801770.SI,1969.67,2005.87,1969.67,2001.89,1073890000,10904230000
2021-03-08,801770.SI,2007.06,2041.66,1983.81,1983.81,1339090000,13651630000
2021-03-09,801770.SI,1978.35,1982.58,1913.36,1933.90,1227130000,13124170000
2021-03-10,801770.SI,1958.16,1958.16,1901.09,1903.54,952110000,10017380000
2021-03-11,801770.SI,1904.59,1934.24,1891.17,1933.63,832310000,9388320000
2021-03-12,801770.SI,1938.99,1938.99,1912.51,1922.73,838180000,8901110000
2021-03-15,801770.SI,1913.88,1913.88,1864.18,1877.10,920520000,11853690000
2021-03-16,801770.SI,1878.50,1899.41,1871.03,1898.38,955170000,10360270000
2021-03-17,801770.SI,1915.73,1924.93,1901.53,1919.47,914120000,11397180000
2021-03-18,801770.SI,1917.03,1917.07,1901.90,1907.96,759530000,8951550000
2021-03-19,801770.SI,1890.79,1910.43,1883.39,1888.16,897860000,10175890000
2021-03-22,801770.SI,1888.82,1904.22,1888.82,1901.01,730400000,8370840000
2021-03-23,801770.SI,1905.62,1912.64,1893.96,1899.87,873180000,10025170000
2021-03-24,801770.SI,1890.36,1890.38,1862.44,1864.28,804850000,9290620000
2021-03-25,801770.SI,1863.56,1880.55,1859.67,1866.19,760160000,8324590000
2021-03-26,801770.SI,1873.34,1897.11,1872.79,1892.88,735080000,9020660000
2021-03-29,801770.SI,1895.98,1899.47,1882.37,1884.63,704320000,8483360000
2021-03-30,801770.SI,1883.08,1883.08,1866.77,1868.22,750440000,8156370000
2021-03-31,801770.SI,1868.14,1873.12,1864.33,1872.18,596510000,6234570000
2021-04-01,801770.SI,1882.97,1890.70,1870.99,1882.81,672830000,8046790000
2021-04-02,801770.SI,1885.49,1902.08,1885.45,1901.07,729290000,9183440000
2021-04-06,801770.SI,1902.16,1913.05,1894.98,1910.99,836590000,8655810000
2021-04-07,801770.SI,1911.46,1916.02,1898.05,1915.74,1055370000,10125930000
2021-04-08,801770.SI,1911.94,1913.96,1897.26,1897.26,993110000,9536530000
2021-04-09,801770.SI,1896.10,1896.10,1878.32,1883.44,802700000,7959760000
2021-04-12,801770.SI,1882.15,1884.96,1857.32,1859.47,771320000,7931250000
2021-04-13,801770.SI,1860.85,1866.81,1846.70,1849.66,680340000,6766400000
2021-04-14,801770.SI,1850.32,1865.26,1846.23,1864.24,715360000,8224090000
2021-04-15,801770.SI,1859.72,1859.83,1848.66,1855.02,888850000,9587610000
2021-04-16,801770.SI,1855.60,1887.14,1854.49,1885.15,984250000,10391110000
2021-04-19,801770.SI,1885.59,1914.97,1884.64,1913.60,1198250000,12435190000
2021-04-20,801770.SI,1906.10,1908.60,1889.47,1890.03,1178410000,11123840000
2021-04-21,801770.SI,1874.96,1875.03,1864.84,1866.41,931220000,10804040000
2021-04-22,801770.SI,1871.58,1901.15,1869.61,1891.98,960500000,13014850000
2021-04-23,801770.SI,1888.26,1888.30,1866.56,1868.71,909650000,11749290000
2021-04-26,801770.SI,1869.15,1884.00,1860.03,1860.23,900340000,11138120000
2021-04-27,801770.SI,1858.27,1859.35,1832.33,1847.62,919650000,10505220000
2021-04-28,801770.SI,1841.08,1841.08,1827.48,1838.06,948820000,10384440000
2021-04-29,801770.SI,1835.12,1845.45,1831.21,1831.50,1094160000,11611800000
2021-04-30,801770.SI,1828.54,1829.21,1796.82,1804.67,1002260000,10934670000
2021-05-06,801770.SI,1804.10,1814.94,1801.86,1804.29,816000000,9084750000
2021-05-07,801770.SI,1804.84,1806.74,1795.56,1795.94,926450000,9521430000
2021-05-10,801770.SI,1795.13,1795.68,1780.25,1789.09,938930000,9125540000
2021-05-11,801770.SI,1785.02,1806.15,1784.08,1801.88,974690000,11073540000
2021-05-12,801770.SI,1794.10,1818.61,1790.21,1817.28,962690000,9890780000
2021-05-13,801770.SI,1805.54,1827.18,1805.54,1815.42,1017200000,10543620000
2021-05-14,801770.SI,1820.57,1843.02,1816.52,1843.02,1057510000,10746150000
2021-05-17,801770.SI,1842.23,1844.27,1834.75,1835.06,1030800000,11218080000
2021-05-18,801770.SI,1836.33,1851.46,1829.49,1847.59,932920000,10265580000
2021-05-19,801770.SI,1844.96,1847.09,1838.01,1840.20,854300000,9212160000
2021-05-20,801770.SI,1835.16,1844.79,1833.95,1839.43,871510000,8877600000
2021-05-21,801770.SI,1840.22,1849.41,1832.93,1833.63,877960000,9672780000
2021-05-24,801770.SI,1833.64,1854.39,1828.26,1853.20,996060000,11369080000
2021-05-25,801770.SI,1852.62,1873.68,1848.48,1872.50,1113820000,12163720000
2021-05-26,801770.SI,1872.40,1888.40,1871.87,1876.51,1060380000,12419590000
2021-05-27,801770.SI,1876.86,1918.01,1876.82,1911.55,1146660000,14692220000
2021-05-28,801770.SI,1909.36,1922.79,1905.69,1911.72,1123610000,14431530000
2021-05-31,801770.SI,1912.56,1929.55,1912.56,1929.41,1155330000,14053250000
2021-06-01,801770.SI,1929.59,1943.72,1924.48,1939.28,1115020000,14601640000
2021-06-02,801770.SI,1938.08,1938.98,1906.16,1911.05,1076810000,13397070000
2021-06-03,801770.SI,1911.33,1971.62,1911.22,1946.57,1394210000,19238940000
2021-06-04,801770.SI,1945.81,1959.17,1945.64,1952.22,1237270000,15699730000
2021-06-07,801770.SI,1956.13,1986.70,1956.13,1986.70,1417130000,17130370000
2021-06-08,801770.SI,1989.79,1989.79,1969.66,1985.93,1562050000,17236760000
2021-06-09,801770.SI,1983.48,1985.81,1971.29,1983.47,1435020000,14855810000
2021-06-10,801770.SI,1983.97,2015.16,1983.73,2014.39,1976860000,19261230000
2021-06-11,801770.SI,2016.90,2016.90,1983.96,1986.45,2109930000,20345130000
2021-06-15,801770.SI,1987.63,2000.43,1977.36,1979.63,1663260000,16859100000
2021-06-16,801770.SI,1982.38,2003.07,1967.63,1972.53,1598960000,16937630000
2021-06-17,801770.SI,1970.79,1998.71,1966.05,1998.58,1483480000,16402900000
2021-06-18,801770.SI,1997.36,2031.87,1996.39,2025.91,1962280000,22249140000
2021-06-21,801770.SI,2019.31,2028.21,2011.94,2017.75,1748440000,18939410000
2021-06-22,801770.SI,2021.97,2023.86,1996.18,2001.64,1603990000,17973660000
2021-06-23,801770.SI,1998.68,2024.09,1988.09,2019.89,1531630000,17945120000
2021-06-24,801770.SI,2022.09,2022.09,1996.84,1998.27,1406680000,16639720000
2021-06-25,801770.SI,1992.75,1992.75,1966.03,1982.64,1243110000,13828020000
2021-06-28,801770.SI,1983.21,2007.51,1982.77,2004.76,1156560000,13857940000
2021-06-29,801770.SI,2001.55,2001.57,1964.38,1964.82,1097250000,12845260000
2021-06-30,801770.SI,1963.86,1990.35,1963.79,1989.92,1148960000,13795780000
2021-07-01,801770.SI,1994.93,1994.97,1945.92,1945.92,1266650000,14061610000
2021-07-02,801770.SI,1940.48,1942.98,1917.34,1920.32,1006640000,11028300000
2021-07-05,801770.SI,1920.46,1940.29,1918.89,1940.29,956480000,10417890000
2021-07-06,801770.SI,1942.09,1948.95,1927.75,1945.87,1168280000,12555440000
2021-07-07,801770.SI,1938.17,1951.34,1934.76,1949.47,1048410000,11279010000
2021-07-08,801770.SI,1948.07,1948.11,1931.44,1936.84,1137870000,12324650000
2021-07-09,801770.SI,1933.63,1946.37,1922.72,1938.39,1142620000,12584510000
2021-07-12,801770.SI,1963.15,2030.95,1963.12,2026.09,1755760000,21932440000
2021-07-13,801770.SI,2044.24,2054.01,2034.02,2048.71,1626800000,25536450000
2021-07-14,801770.SI,2047.22,2069.79,2044.00,2044.00,1480840000,20651910000
2021-07-15,801770.SI,2041.70,2041.70,2001.27,2028.42,1354650000,17687660000
2021-07-16,801770.SI,2027.50,2034.83,2017.46,2019.98,1255770000,15878690000
2021-07-19,801770.SI,2010.73,2073.38,1995.47,2072.36,1695710000,23804360000
2021-07-20,801770.SI,2054.25,2063.71,2045.55,2063.49,1248300000,17284370000
2021-07-21,801770.SI,2065.63,2074.76,2050.56,2069.66,1358290000,18375440000
2021-07-22,801770.SI,2060.17,2066.82,2049.31,2061.75,1338870000,18885850000
2021-07-23,801770.SI,2060.24,2060.25,2030.45,2033.57,1523530000,20576930000
2021-07-26,801770.SI,2015.55,2019.41,1956.93,1985.99,1731170000,21000050000
2021-07-27,801770.SI,1988.94,2061.27,1988.89,2007.45,1775730000,27684210000
2021-07-28,801770.SI,1996.24,2029.26,1941.93,2009.08,1878870000,27889030000
2021-07-29,801770.SI,2037.40,2060.35,2024.15,2053.50,1876620000,30073040000
2021-07-30,801770.SI,2035.47,2096.83,2035.47,2080.72,1944430000,31435670000
2021-08-02,801770.SI,2093.65,2149.96,2093.62,2149.31,2202830000,33844150000
2021-08-03,801770.SI,2141.52,2172.64,2115.40,2120.79,2141890000,31570100000
2021-08-04,801770.SI,2117.33,2148.05,2117.33,2143.01,1694130000,26653170000
2021-08-05,801770.SI,2133.16,2136.56,2112.91,2120.28,1598970000,23019350000
2021-08-06,801770.SI,2122.08,2125.13,2092.58,2110.84,1534860000,22842710000
2021-08-09,801770.SI,2102.80,2118.27,2090.18,2116.37,1336300000,21136550000
2021-08-10,801770.SI,2110.02,2127.08,2106.17,2127.08,1533930000,20001860000
2021-08-11,801770.SI,2120.72,2121.30,2086.56,2091.12,1710940000,26162170000
2021-08-12,801770.SI,2084.58,2124.25,2082.79,2108.43,1858480000,24719010000
2021-08-13,801770.SI,2104.84,2104.84,2061.23,2073.14,1854100000,25531720000
2021-08-16,801770.SI,2071.41,2091.70,2056.27,2072.93,1451040000,19789050000
2021-08-17,801770.SI,2069.06,2069.06,2009.88,2013.42,1735470000,20565070000
2021-08-18,801770.SI,2012.34,2018.14,1991.72,2018.10,1385120000,16260710000
2021-08-19,801770.SI,2018.16,2064.14,2016.65,2062.00,2014110000,22104660000
2021-08-20,801770.SI,2047.92,2047.92,2015.00,2027.45,1896370000,19255630000
2021-08-23,801770.SI,2022.61,2054.07,2015.18,2049.48,1640200000,19060790000
2021-08-24,801770.SI,2043.73,2043.73,2023.68,2029.56,1440640000,17774860000
2021-08-25,801770.SI,2028.39,2034.36,2005.64,2011.76,1276250000,16858600000
2021-08-26,801770.SI,2007.86,2007.86,1979.28,1979.28,1445460000,17479630000
2021-08-27,801770.SI,1977.29,1981.66,1960.55,1980.91,2281060000,20194300000
2021-08-30,801770.SI,1991.22,1995.10,1964.92,1973.28,2520770000,23511880000
2021-08-31,801770.SI,1968.85,1968.85,1940.59,1958.46,2501760000,20943090000
2021-09-01,801770.SI,1958.11,1980.62,1945.12,1975.26,2570720000,21012970000
2021-09-02,801770.SI,1969.96,1974.14,1959.18,1974.10,2092520000,17182390000
2021-09-03,801770.SI,1972.47,1992.70,1970.83,1977.96,2221630000,19491200000
2021-09-06,801770.SI,1980.97,2010.44,1973.74,2008.99,2173540000,19521310000
2021-09-07,801770.SI,2011.83,2017.56,2004.56,2014.49,2163790000,20131110000
2021-09-08,801770.SI,2016.39,2045.40,2010.75,2044.59,2568910000,23004240000
2021-09-09,801770.SI,2040.73,2052.77,2031.71,2043.80,2408900000,22330510000
2021-09-10,801770.SI,2041.89,2042.31,2023.10,2033.02,2088640000,20153940000
2021-09-13,801770.SI,2028.64,2028.64,2009.09,2013.91,1797980000,16852810000
2021-09-14,801770.SI,2012.87,2025.14,1986.18,1990.53,1993010000,17849360000
2021-09-15,801770.SI,1985.91,2007.19,1978.40,2003.63,1768930000,16173530000
2021-09-16,801770.SI,2002.02,2010.05,1972.30,1972.30,1878600000,16947510000
2021-09-17,801770.SI,1971.71,1979.31,1949.30,1968.21,1925630000,16122290000
2021-09-22,801770.SI,1946.54,1973.07,1946.54,1972.26,1590880000,13533000000
2021-09-23,801770.SI,1982.45,2002.78,1982.41,1994.78,1652470000,16468930000
2021-09-24,801770.SI,1992.87,1993.21,1969.32,1969.32,1604700000,15050000000
2021-09-27,801770.SI,1989.76,2003.67,1940.03,1948.29,1659520000,16532720000
2021-09-28,801770.SI,1938.40,1961.58,1931.09,1956.59,1138890000,11991320000
2021-09-29,801770.SI,1947.28,1947.32,1907.04,1907.04,1188640000,12597940000
2021-09-30,801770.SI,1911.67,1934.94,1911.33,1931.85,983220000,9666280000
2021-10-08,801770.SI,1949.50,1969.99,1949.35,1969.99,1211140000,11600570000
2021-10-11,801770.SI,1976.24,2016.70,1963.28,2001.93,1667980000,16989390000
2021-10-12,801770.SI,1992.56,2002.98,1963.62,1978.61,1641970000,16578800000
2021-10-13,801770.SI,1977.60,1993.21,1968.49,1991.24,1303890000,13958220000
2021-10-14,801770.SI,1986.46,1989.83,1974.83,1975.65,1225240000,12889090000
2021-10-15,801770.SI,1989.26,1994.54,1972.02,1979.30,1356410000,14288590000
2021-10-18,801770.SI,1974.22,1980.48,1965.17,1973.07,1224410000,13007550000
2021-10-19,801770.SI,1971.71,1977.31,1966.08,1976.27,1131060000,11787990000
2021-10-20,801770.SI,1978.83,1988.84,1968.31,1969.68,1179050000,12716340000
2021-10-21,801770.SI,1966.84,1966.93,1939.35,1942.57,1168560000,12588840000
2021-10-22,801770.SI,1939.96,1944.51,1931.50,1933.07,1099610000,11737330000
2021-10-25,801770.SI,1930.60,1947.74,1920.08,1947.71,1128590000,12175120000
2021-10-26,801770.SI,1948.68,1960.58,1940.07,1951.23,1150460000,13816330000
2021-10-27,801770.SI,1948.68,1948.68,1913.45,1920.19,1233460000,12794500000
2021-10-28,801770.SI,1916.63,1923.32,1888.54,1896.43,1278730000,14074420000
2021-10-29,801770.SI,1899.51,1923.91,1898.73,1922.81,1325010000,15041710000
2021-11-01,801770.SI,1924.01,1943.36,1915.46,1940.54,1328840000,17298390000
2021-11-02,801770.SI,1949.00,1971.04,1931.54,1942.88,1449680000,16648870000
2021-11-03,801770.SI,1950.47,1964.13,1940.42,1953.70,1771400000,21011970000
2021-11-04,801770.SI,1953.90,1994.39,1953.84,1994.18,1605790000,18445860000
2021-11-05,801770.SI,1998.63,2016.20,1992.46,1999.71,1979750000,22927510000
2021-11-08,801770.SI,1998.14,1998.15,1993.18,1997.09,1504450000,17743570000
2021-11-09,801770.SI,1996.81,2018.99,1996.75,2018.99,1573710000,18554030000
2021-11-10,801770.SI,2016.14,2035.64,2011.43,2035.64,1775360000,20098390000
2021-11-11,801770.SI,2031.55,2066.96,2028.24,2060.43,1846210000,22316240000
2021-11-12,801770.SI,2059.78,2100.49,2059.78,2096.81,2094220000,26347190000
2021-11-15,801770.SI,2102.16,2114.41,2080.02,2088.47,1924790000,24917960000
2021-11-16,801770.SI,2095.05,2117.75,2094.51,2100.63,2096180000,25942520000
2021-11-17,801770.SI,2097.66,2142.66,2097.42,2141.09,2268400000,27730630000
2021-11-18,801770.SI,2140.24,2140.27,2110.82,2110.86,2247910000,26630650000
2021-11-19,801770.SI,2105.71,2128.11,2103.64,2125.05,1998750000,23232360000
2021-11-22,801770.SI,2128.30,2155.94,2126.43,2155.62,2052520000,25484020000
2021-11-23,801770.SI,2156.10,2169.84,2155.97,2157.85,2057010000,26254520000
2021-11-24,801770.SI,2158.98,2184.74,2152.21,2176.16,2041360000,28453770000
2021-11-25,801770.SI,2180.17,2183.43,2146.90,2148.90,1869250000,25284070000
2021-11-26,801770.SI,2143.08,2147.51,2112.53,2121.73,1908490000,24867680000
2021-11-29,801770.SI,2094.26,2114.59,2094.26,2113.08,1829220000,21708890000
2021-11-30,801770.SI,2126.55,2149.95,2124.65,2139.80,2043110000,25206350000
2021-12-01,801770.SI,2136.08,2166.11,2132.03,2166.11,2121930000,24150970000
2021-12-02,801770.SI,2161.70,2161.70,2125.38,2126.37,2048380000,23341350000
2021-12-03,801770.SI,2128.22,2134.50,2116.66,2124.61,1919920000,21211080000
2021-12-06,801770.SI,2124.72,2124.72,2093.36,2094.42,1936050000,20599750000
2021-12-07,801770.SI,2101.06,2101.06,2062.51,2078.55,1955940000,20220030000
2021-12-08,801770.SI,2083.02,2106.27,2078.31,2106.27,1649350000,17837180000
2021-12-09,801770.SI,2103.49,2116.50,2099.48,2111.26,2012080000,22256970000
2021-12-10,801770.SI,2104.72,2125.21,2097.19,2115.98,2019830000,21444340000
2021-12-13,801770.SI,2116.58,2160.37,2113.32,2149.16,1843750000,21335940000
2021-12-14,801770.SI,2144.09,2171.92,2144.09,2171.90,1827790000,22980110000
2021-12-15,801770.SI,2173.03,2192.36,2173.03,2179.05,1794070000,23191870000
2021-12-16,801770.SI,2183.59,2185.77,2172.91,2182.29,1749010000,20146450000
2021-12-17,801770.SI,2169.66,2185.30,2160.43,2165.23,1811660000,22567580000
2021-12-20,801770.SI,2158.87,2166.34,2114.94,2116.28,1883550000,20230230000
2021-12-21,801770.SI,2119.74,2160.43,2119.74,2158.31,1813090000,19996870000
2021-12-22,801770.SI,2162.79,2173.18,2162.61,2166.82,1709910000,19205470000
2021-12-23,801770.SI,2167.35,2168.91,2156.29,2161.42,1452420000,16704480000
2021-12-24,801770.SI,2160.30,2167.73,2111.61,2115.84,1599710000,18901570000
2021-12-27,801770.SI,2111.22,2141.43,2103.54,2125.86,1275920000,16472570000
2021-12-28,801770.SI,2134.67,2152.70,2134.65,2150.68,1411180000,16455230000
2021-12-29,801770.SI,2146.71,2154.89,2140.59,2144.72,1342950000,16490710000
2021-12-30,801770.SI,2145.77,2172.96,2144.89,2166.68,1445400000,16971770000
2021-12-31,801770.SI,2174.65,2188.24,2162.48,2178.01,1543990000,18520200000
2022-01-04,801770.SI,2185.55,2198.16,2173.37,2193.15,2057350000,22253230000
2022-01-05,801770.SI,2190.40,2191.79,2145.49,2158.72,1940460000,21277190000
2022-01-06,801770.SI,2146.94,2167.85,2136.06,2157.40,1477820000,17458970000
2022-01-07,801770.SI,2159.08,2172.38,2130.32,2130.32,1697020000,20157060000
2022-01-10,801770.SI,2126.30,2156.07,2110.96,2153.18,1502190000,18716960000
2022-01-11,801770.SI,2151.24,2156.99,2123.24,2129.36,1367560000,16765210000
2022-01-12,801770.SI,2137.03,2140.85,2116.19,2131.68,1311740000,17162700000
2022-01-13,801770.SI,2146.91,2148.41,2106.08,2106.08,1836440000,20516290000
2022-01-14,801770.SI,2094.82,2118.22,2092.44,2100.72,1950980000,19385400000
2022-01-17,801770.SI,2111.99,2185.51,2111.97,2183.07,2159190000,27597450000
2022-01-18,801770.SI,2188.08,2205.42,2173.94,2176.74,2162580000,26324440000
2022-01-19,801770.SI,2167.16,2181.92,2159.12,2172.50,1976040000,21931990000
2022-01-20,801770.SI,2170.49,2172.45,2134.84,2135.95,1932740000,21013080000
2022-01-21,801770.SI,2132.05,2139.08,2107.73,2109.85,1653340000,17804570000
2022-01-24,801770.SI,2097.68,2114.49,2097.68,2105.51,1593140000,17427750000
2022-01-25,801770.SI,2098.60,2102.32,2014.67,2014.67,2005010000,19371450000
2022-01-26,801770.SI,2018.88,2035.96,2009.55,2031.50,1660910000,17330630000
2022-01-27,801770.SI,2031.09,2031.09,1971.78,1971.78,1793430000,20280690000
2022-01-28,801770.SI,1978.90,2023.87,1965.65,1998.58,1732300000,17985210000
2022-02-07,801770.SI,2032.41,2032.41,1988.93,1994.29,1557360000,17235680000
2022-02-08,801770.SI,1997.31,2026.68,1986.66,2026.51,1930660000,19258240000
2022-02-09,801770.SI,2027.91,2105.43,2023.73,2104.62,2457710000,26234370000
2022-02-10,801770.SI,2098.70,2098.70,2065.72,2079.65,1906040000,23250170000
2022-02-11,801770.SI,2067.80,2075.10,2042.23,2049.09,1748760000,21491070000
2022-02-14,801770.SI,2037.51,2050.72,2023.45,2032.76,1605530000,20291730000
2022-02-15,801770.SI,2032.10,2061.72,2025.23,2059.33,1570520000,19590070000
2022-02-16,801770.SI,2077.26,2084.23,2065.31,2071.82,1632970000,20123160000
2022-02-17,801770.SI,2064.93,2079.03,2057.60,2062.98,1971490000,22410470000
2022-02-18,801770.SI,2069.01,2093.05,2069.01,2093.01,1773510000,20434280000
2022-02-21,801770.SI,2109.85,2154.24,2109.85,2154.24,2924180000,31808600000
2022-02-22,801770.SI,2132.77,2140.66,2115.53,2124.69,2358510000,27023870000
2022-02-23,801770.SI,2129.74,2163.37,2126.76,2158.91,2318190000,27167340000
2022-02-24,801770.SI,2146.98,2154.54,2070.50,2095.78,2567120000,28138800000
2022-02-25,801770.SI,2113.97,2139.13,2106.56,2109.84,1803710000,20863310000
2022-02-28,801770.SI,2108.58,2113.94,2083.85,2109.99,1581210000,18387370000
2022-03-01,801770.SI,2113.66,2146.74,2113.66,2142.00,1748390000,21924150000
2022-03-02,801770.SI,2128.48,2131.07,2110.84,2130.07,1555530000,18049690000
2022-03-03,801770.SI,2138.70,2138.70,2097.87,2099.96,1577130000,18531010000
2022-03-04,801770.SI,2088.44,2104.32,2071.35,2078.37,1538990000,16938620000
2022-03-07,801770.SI,2061.51,2061.51,2000.70,2011.14,1583910000,19377290000
2022-03-08,801770.SI,2008.77,2022.03,1969.19,1985.43,1916080000,20493350000
2022-03-09,801770.SI,1994.49,2006.02,1891.49,1972.13,2387560000,24343800000
2022-03-10,801770.SI,2014.97,2014.97,1977.75,1977.75,2178880000,23554700000
2022-03-11,801770.SI,1957.62,2003.49,1938.85,2003.49,2044400000,22862670000
2022-03-14,801770.SI,1982.39,2001.16,1953.28,1953.28,2079200000,22317390000
2022-03-15,801770.SI,1937.74,1954.16,1867.86,1867.86,2411690000,24233430000
2022-03-16,801770.SI,1899.65,1949.60,1849.56,1943.74,2907900000,28102580000
2022-03-17,801770.SI,1965.45,1990.62,1958.07,1968.91,2977870000,30543070000
2022-03-18,801770.SI,1957.96,1977.64,1954.44,1976.19,2225450000,22206990000
2022-03-21,801770.SI,1974.74,1984.36,1950.79,1970.63,1980380000,20273180000
2022-03-22,801770.SI,1960.03,1975.43,1953.72,1961.36,1882400000,19368380000
2022-03-23,801770.SI,1984.69,2021.54,1959.07,2017.04,2214240000,23021960000
2022-03-24,801770.SI,2029.82,2029.82,1986.75,1987.68,2353630000,26909540000
2022-03-25,801770.SI,1981.62,1986.02,1946.87,1947.01,1823670000,19560210000
2022-03-28,801770.SI,1923.07,1947.17,1906.07,1942.10,1663330000,16910650000
2022-03-29,801770.SI,1944.41,1949.39,1914.34,1919.10,1537030000,16332830000
2022-03-30,801770.SI,1929.17,1951.34,1927.62,1951.34,1508370000,16365750000
2022-03-31,801770.SI,1943.71,1947.14,1930.52,1936.99,1631200000,16781090000
2022-04-01,801770.SI,1924.50,1935.48,1917.44,1928.37,1576480000,17616900000
2022-04-06,801770.SI,1924.90,1924.95,1907.90,1917.92,1546790000,16733560000
2022-04-07,801770.SI,1909.11,1913.70,1870.76,1870.76,1437570000,15126740000
2022-04-08,801770.SI,1875.07,1875.07,1840.02,1863.56,1392550000,15531320000
2022-04-11,801770.SI,1852.80,1852.80,1783.83,1792.20,1358680000,14301180000
2022-04-12,801770.SI,1790.14,1821.08,1773.87,1820.68,1176970000,12239560000
2022-04-13,801770.SI,1808.10,1808.95,1782.50,1782.50,1076310000,10983400000
2022-04-14,801770.SI,1796.51,1799.94,1776.12,1782.30,904050000,11145340000
2022-04-15,801770.SI,1770.79,1774.20,1748.92,1757.83,1322010000,13173880000
2022-04-18,801770.SI,1750.50,1795.49,1736.98,1794.79,922950000,10416960000
2022-04-19,801770.SI,1792.42,1804.62,1784.95,1793.35,888600000,9420230000
2022-04-20,801770.SI,1802.85,1803.79,1772.96,1777.06,908930000,9515560000
2022-04-21,801770.SI,1769.23,1781.73,1718.68,1723.09,1208180000,10639530000
2022-04-22,801770.SI,1715.61,1735.32,1703.40,1717.83,1139710000,10909680000
2022-04-25,801770.SI,1694.28,1694.35,1625.35,1625.35,1429840000,12590550000
2022-04-26,801770.SI,1634.14,1652.30,1594.43,1597.07,1309830000,11893410000
2022-04-27,801770.SI,1578.61,1657.27,1578.61,1656.55,1489480000,13999480000
2022-04-28,801770.SI,1642.34,1656.84,1623.82,1646.17,1090340000,10214520000
2022-04-29,801770.SI,1654.19,1703.26,1653.60,1698.96,1230490000,11763250000
2022-05-05,801770.SI,1692.74,1715.67,1688.36,1700.76,1022930000,10840110000
2022-05-06,801770.SI,1664.39,1695.65,1659.53,1678.81,1026810000,10141610000
2022-05-09,801770.SI,1673.53,1697.76,1672.66,1689.65,823580000,8335970000
2022-05-10,801770.SI,1670.02,1718.09,1665.28,1715.44,978900000,10883790000
2022-05-11,801770.SI,1714.15,1751.19,1710.05,1710.05,1275400000,14112580000
2022-05-12,801770.SI,1699.07,1726.50,1699.07,1720.99,1017430000,9813780000
2022-05-13,801770.SI,1725.50,1730.30,1713.29,1726.71,800860000,8214320000
2022-05-16,801770.SI,1733.12,1738.18,1712.62,1716.62,843020000,8134870000
2022-05-17,801770.SI,1718.00,1729.19,1703.65,1728.47,904040000,9348560000
2022-05-18,801770.SI,1734.69,1746.60,1727.26,1734.68,1114960000,10936460000
2022-05-19,801770.SI,1712.19,1750.25,1712.19,1750.25,1099710000,10977760000
2022-05-20,801770.SI,1755.91,1770.80,1749.69,1769.85,1129910000,11323310000
2022-05-23,801770.SI,1772.57,1779.47,1759.66,1778.93,1131340000,10851710000
2022-05-24,801770.SI,1777.56,1777.80,1711.51,1711.51,1278400000,12332800000
2022-05-25,801770.SI,1708.14,1737.69,1708.08,1737.69,965480000,8675240000
2022-05-26,801770.SI,1738.09,1783.38,1714.29,1774.01,1283860000,13274460000
2022-05-27,801770.SI,1775.29,1782.48,1752.06,1763.89,1139350000,11128380000
2022-05-30,801770.SI,1767.97,1778.15,1758.14,1778.15,1077160000,9963640000
2022-05-31,801770.SI,1781.83,1807.07,1776.42,1802.33,1207400000,12426650000
2022-06-01,801770.SI,1797.07,1813.42,1795.78,1804.84,1220540000,11638260000
2022-06-02,801770.SI,1799.27,1837.75,1796.95,1835.30,1201530000,12292170000
2022-06-06,801770.SI,1831.35,1860.55,1831.35,1857.91,1367980000,14468560000
2022-06-07,801770.SI,1858.53,1858.57,1833.63,1844.98,1203740000,12710450000
2022-06-08,801770.SI,1843.76,1849.92,1812.78,1841.40,1274790000,12783940000
2022-06-09,801770.SI,1836.06,1836.25,1798.99,1807.44,1177060000,11558010000
2022-06-10,801770.SI,1799.32,1829.01,1799.32,1827.84,1207850000,11578660000
2022-06-13,801770.SI,1817.70,1841.81,1817.70,1840.52,1249020000,12133050000
2022-06-14,801770.SI,1828.52,1828.54,1775.51,1824.74,1341890000,13428610000
2022-06-15,801770.SI,1824.45,1863.95,1824.40,1834.09,1680870000,15777460000
2022-06-16,801770.SI,1832.89,1866.73,1832.88,1854.41,1552280000,15067380000
2022-06-17,801770.SI,1843.35,1876.91,1842.77,1875.22,1566300000,15721770000
2022-06-20,801770.SI,1880.58,1891.81,1875.78,1881.48,1413570000,14704780000
2022-06-21,801770.SI,1880.40,1888.32,1857.37,1874.06,1309290000,13444020000
2022-06-22,801770.SI,1876.44,1876.44,1837.03,1837.03,1146230000,12357720000
2022-06-23,801770.SI,1838.93,1866.04,1828.83,1865.98,1111610000,12253740000
2022-06-24,801770.SI,1876.06,1905.75,1876.06,1895.23,1318640000,16736730000
2022-06-27,801770.SI,1903.09,1907.03,1888.89,1902.84,1195280000,14835200000
2022-06-28,801770.SI,1904.11,1932.50,1889.99,1931.40,1375200000,15858930000
2022-06-29,801770.SI,1926.34,1942.21,1902.51,1903.25,1634960000,18945110000
2022-06-30,801770.SI,1905.44,1930.57,1905.44,1918.59,1471540000,16929920000
2022-07-01,801770.SI,1919.00,1923.92,1903.12,1907.53,1205490000,13742080000
2022-07-04,801770.SI,1911.71,1911.73,1891.64,1908.53,1143340000,14931440000
2022-07-05,801770.SI,1907.55,1912.13,1873.45,1892.21,1228610000,16445630000
2022-07-06,801770.SI,1887.66,1912.07,1882.55,1896.23,1163810000,14167450000
2022-07-07,801770.SI,1897.07,1921.39,1887.37,1919.41,1274360000,14500170000
2022-07-08,801770.SI,1925.77,1943.25,1921.28,1928.35,1460270000,16119720000
2022-07-11,801770.SI,1923.83,1923.87,1884.49,1897.96,1291500000,15167500000
2022-07-12,801770.SI,1898.17,1907.78,1874.63,1875.12,1139680000,12832560000
2022-07-13,801770.SI,1876.41,1911.17,1876.34,1908.85,1217000000,13997900000
2022-07-14,801770.SI,1911.14,1958.38,1909.68,1945.52,1227120000,15782900000
2022-07-15,801770.SI,1937.48,1953.65,1928.68,1928.68,1376850000,16211670000
2022-07-18,801770.SI,1937.18,1975.98,1933.50,1974.26,1380770000,17675320000
2022-07-19,801770.SI,1981.67,2012.68,1981.67,2003.20,1701840000,21063650000
2022-07-20,801770.SI,2003.56,2025.60,1994.36,2023.61,1515760000,18401340000
2022-07-21,801770.SI,2018.89,2026.65,2003.05,2003.33,1325260000,15850940000
2022-07-22,801770.SI,2006.98,2018.23,1986.25,2002.29,1220780000,14759680000
2022-07-25,801770.SI,2003.32,2003.32,1955.09,1964.24,1208740000,15651070000
2022-07-26,801770.SI,1969.43,1983.55,1957.76,1983.55,1242210000,14759100000
2022-07-27,801770.SI,1982.17,1995.79,1970.74,1991.96,1462080000,17270900000
2022-07-28,801770.SI,1997.89,2009.05,1982.30,1983.88,1483180000,18944010000
2022-07-29,801770.SI,1987.81,2000.94,1975.82,1977.63,1292780000,15235160000
2022-08-01,801770.SI,1973.48,1986.98,1959.42,1981.47,1423360000,15224770000
2022-08-02,801770.SI,1964.13,1964.16,1907.67,1930.66,1893350000,19806460000
2022-08-03,801770.SI,1931.00,1975.32,1928.15,1933.62,1607500000,18018920000
2022-08-04,801770.SI,1945.57,1955.42,1929.53,1955.42,1454040000,15258430000
2022-08-05,801770.SI,1961.31,2010.89,1961.20,2010.49,1846370000,21335550000
2022-08-08,801770.SI,2007.06,2026.81,2004.52,2026.36,1663840000,19284530000
2022-08-09,801770.SI,2024.63,2053.75,2017.44,2050.30,2149200000,21201200000
2022-08-10,801770.SI,2040.94,2054.90,2040.94,2048.20,1917680000,18858980000
2022-08-11,801770.SI,2056.97,2080.99,2056.95,2074.98,1749490000,20280280000
2022-08-12,801770.SI,2076.66,2076.68,2046.03,2046.03,1634500000,19023640000
2022-08-15,801770.SI,2040.43,2061.71,2039.40,2059.23,1390750000,17078790000
2022-08-16,801770.SI,2064.72,2073.10,2050.29,2057.21,1319680000,16092370000
2022-08-17,801770.SI,2055.11,2071.17,2049.41,2068.30,1375310000,15234340000
2022-08-18,801770.SI,2062.36,2097.82,2062.36,2096.79,1517250000,18065450000
2022-08-19,801770.SI,2094.51,2103.41,2063.68,2063.68,1847710000,21739660000
2022-08-22,801770.SI,2056.36,2071.81,2048.36,2069.42,1601550000,17600570000
2022-08-23,801770.SI,2064.95,2075.26,2056.29,2061.54,1352040000,16121150000
2022-08-24,801770.SI,2062.11,2062.11,1997.19,2000.01,1585340000,18456510000
2022-08-25,801770.SI,2007.42,2010.79,1974.92,1992.30,1380910000,15783080000
2022-08-26,801770.SI,1996.40,2023.44,1985.50,1989.15,1303560000,14748090000
2022-08-29,801770.SI,1967.13,1994.82,1959.68,1991.55,1159690000,13674870000
2022-08-30,801770.SI,1995.20,2038.10,1995.20,2020.27,1466090000,17743100000
2022-08-31,801770.SI,2016.23,2021.96,1954.14,1957.35,1620470000,19704800000
2022-09-01,801770.SI,1954.52,1989.32,1954.52,1961.89,1680080000,18687430000
2022-09-02,801770.SI,1965.51,2014.56,1960.27,2006.15,2009960000,21741110000
2022-09-05,801770.SI,2010.77,2018.93,1997.17,2010.68,1962810000,20793770000
2022-09-06,801770.SI,2011.27,2039.07,2006.24,2038.48,2091950000,22037520000
2022-09-07,801770.SI,2033.67,2056.81,2033.67,2045.46,2043870000,20579780000
2022-09-08,801770.SI,2037.57,2046.30,2023.23,2026.72,1883190000,17334310000
2022-09-09,801770.SI,2024.07,2024.07,1998.52,2015.60,1634530000,15359600000
2022-09-13,801770.SI,2022.14,2026.82,2003.98,2011.27,1351940000,14016590000
2022-09-14,801770.SI,1986.00,1998.45,1970.07,1985.09,1335810000,13082850000
2022-09-15,801770.SI,1991.41,1991.41,1911.76,1930.97,1464970000,15565730000
2022-09-16,801770.SI,1927.69,1942.95,1904.15,1904.15,1373520000,13825040000
2022-09-19,801770.SI,1899.44,1901.50,1872.83,1880.60,1292660000,13153890000
2022-09-20,801770.SI,1892.41,1913.41,1886.74,1893.71,1048250000,11800080000
2022-09-21,801770.SI,1888.06,1895.41,1858.66,1887.69,1037470000,10923670000
2022-09-22,801770.SI,1875.32,1899.99,1870.61,1882.07,934810000,11044120000
2022-09-23,801770.SI,1881.60,1883.07,1842.63,1858.51,1375840000,13446210000
2022-09-26,801770.SI,1843.50,1869.24,1836.68,1838.50,1169040000,12689210000
2022-09-27,801770.SI,1848.14,1885.53,1848.14,1885.53,975220000,11664190000
2022-09-28,801770.SI,1884.03,1884.05,1829.51,1829.51,926190000,10292790000
2022-09-29,801770.SI,1845.61,1845.61,1808.45,1817.78,920730000,9609670000
2022-09-30,801770.SI,1814.45,1820.00,1795.67,1795.67,771800000,8581790000
2022-10-10,801770.SI,1798.63,1810.21,1761.78,1766.86,966770000,10014280000
2022-10-11,801770.SI,1770.59,1797.43,1769.85,1791.92,902460000,9650840000
2022-10-12,801770.SI,1790.80,1856.34,1787.40,1856.34,1317740000,13601160000
2022-10-13,801770.SI,1851.14,1894.31,1851.14,1875.86,1489370000,14886190000
2022-10-14,801770.SI,1886.32,1893.24,1875.67,1885.93,1476350000,16076380000
2022-10-17,801770.SI,1877.86,1909.73,1877.83,1908.08,1354360000,13927810000
2022-10-18,801770.SI,1911.58,1936.98,1906.47,1928.58,1403610000,15310200000
2022-10-19,801770.SI,1923.47,1928.67,1912.31,1912.31,1462650000,16580850000
2022-10-20,801770.SI,1905.25,1926.46,1888.92,1903.87,1550400000,17297600000
2022-10-21,801770.SI,1908.42,1933.23,1907.47,1922.27,1425470000,16549590000
2022-10-24,801770.SI,1924.27,1942.09,1890.45,1900.65,1513260000,16488540000
2022-10-25,801770.SI,1893.82,1915.13,1875.29,1897.10,1400250000,14935090000
2022-10-26,801770.SI,1900.59,1941.95,1895.99,1925.22,1431420000,16443200000
2022-10-27,801770.SI,1940.01,1940.06,1901.75,1902.36,2073710000,26159050000
2022-10-28,801770.SI,1884.05,1905.67,1853.54,1858.08,1818100000,20084140000
2022-10-31,801770.SI,1850.54,1912.24,1850.54,1895.21,1768390000,20039590000
2022-11-01,801770.SI,1894.06,1896.73,1859.79,1896.73,1806910000,21340420000
2022-11-02,801770.SI,1894.04,1929.03,1881.71,1923.57,2485810000,24821900000
2022-11-03,801770.SI,1914.02,1921.41,1898.78,1909.42,2651310000,23621730000
2022-11-04,801770.SI,1903.71,1937.04,1901.54,1935.14,2174580000,21640310000
2022-11-07,801770.SI,1926.33,1926.73,1894.23,1923.14,2153600000,23406130000
2022-11-08,801770.SI,1920.57,1930.84,1905.01,1929.43,1899760000,20017570000
2022-11-09,801770.SI,1920.73,1925.31,1904.51,1904.77,1467340000,15302600000
2022-11-10,801770.SI,1896.72,1911.21,1887.54,1892.13,1587700000,15959930000
2022-11-11,801770.SI,1930.76,1935.17,1904.84,1910.98,2104250000,21377990000
2022-11-14,801770.SI,1913.17,1924.63,1892.03,1901.52,2014790000,19299040000
2022-11-15,801770.SI,1894.08,1939.40,1893.32,1939.40,2193220000,20698770000
2022-11-16,801770.SI,1938.52,1961.33,1932.30,1939.57,2330380000,22410470000
2022-11-17,801770.SI,1937.47,1950.24,1923.59,1950.24,2349380000,23087250000
2022-11-18,801770.SI,1950.97,1972.31,1945.30,1946.15,2652210000,26371550000
2022-11-21,801770.SI,1936.38,1944.04,1923.52,1936.44,1826300000,17609110000
2022-11-22,801770.SI,1933.39,1983.44,1925.23,1951.38,2709840000,24969240000
2022-11-23,801770.SI,1947.32,1947.32,1906.90,1928.09,2850480000,23859930000
2022-11-24,801770.SI,1924.90,1943.25,1913.56,1913.97,1947310000,16997990000
2022-11-25,801770.SI,1894.95,1911.42,1891.39,1903.67,2741090000,19796120000
2022-11-28,801770.SI,1859.96,1884.98,1859.27,1881.35,2444610000,22334280000
2022-11-29,801770.SI,1879.35,1903.77,1875.80,1898.99,2036780000,18156000000
2022-11-30,801770.SI,1896.38,1929.80,1888.36,1917.45,2698580000,20538770000
2022-12-01,801770.SI,1926.01,1985.79,1926.01,1954.03,3275840000,26650690000
2022-12-02,801770.SI,1943.93,1980.42,1943.93,1965.98,2411190000,20577860000
2022-12-05,801770.SI,1976.96,2018.90,1976.96,2017.05,3430140000,27799250000
2022-12-06,801770.SI,2007.73,2010.75,1982.08,1988.93,2776790000,23249000000
2022-12-07,801770.SI,1983.02,1991.81,1963.18,1972.82,2421450000,19841140000
2022-12-08,801770.SI,1967.12,1967.15,1946.43,1954.48,2035880000,16658160000
2022-12-09,801770.SI,1949.89,1953.26,1932.57,1934.29,1894560000,16701040000
2022-12-12,801770.SI,1927.46,1958.56,1927.33,1952.11,1885290000,15651900000
2022-12-13,801770.SI,1947.20,1947.45,1917.52,1918.39,1468060000,13149630000
2022-12-14,801770.SI,1922.88,1923.22,1901.57,1904.78,1701540000,13874050000
2022-12-15,801770.SI,1904.14,1924.49,1900.01,1918.10,1740580000,12960160000
2022-12-16,801770.SI,1908.47,1913.91,1876.83,1886.79,1582850000,13286720000
2022-12-19,801770.SI,1881.93,1884.95,1836.97,1843.21,1620380000,12544140000
2022-12-20,801770.SI,1843.46,1853.76,1833.44,1842.97,1459370000,11540920000
2022-12-21,801770.SI,1843.72,1845.61,1819.11,1826.61,1216870000,9933720000
2022-12-22,801770.SI,1835.27,1835.27,1794.83,1800.42,1434410000,11933080000
2022-12-23,801770.SI,1789.35,1821.75,1789.35,1816.26,1659320000,12122530000
2022-12-26,801770.SI,1812.00,1843.03,1811.87,1842.17,1386380000,11196880000
2022-12-27,801770.SI,1846.10,1862.52,1838.59,1860.52,1275070000,11403050000
2022-12-28,801770.SI,1854.15,1854.31,1831.01,1832.85,1524590000,12387610000
2022-12-29,801770.SI,1825.94,1839.48,1824.64,1828.21,1147450000,10079310000
2022-12-30,801770.SI,1834.35,1845.42,1831.65,1838.28,1075960000,10333550000
2023-01-03,801770.SI,1838.48,1925.48,1838.41,1921.38,2510700000,20699920000
2023-01-04,801770.SI,1927.24,1937.79,1924.03,1934.01,2523890000,20453290000
2023-01-05,801770.SI,1934.09,1946.58,1932.00,1941.73,2159090000,17738510000
2023-01-06,801770.SI,1938.57,1943.19,1926.19,1931.20,1869480000,15702990000
2023-01-09,801770.SI,1932.78,1940.02,1925.10,1931.89,1636720000,14344680000
2023-01-10,801770.SI,1932.98,1935.56,1923.53,1929.06,1396100000,12561650000
2023-01-11,801770.SI,1930.08,1954.07,1925.15,1926.61,1701760000,15443840000
2023-01-12,801770.SI,1926.16,1956.13,1926.08,1947.93,1693290000,15221280000
2023-01-13,801770.SI,1951.81,1951.86,1925.44,1940.45,1811360000,16212640000
2023-01-16,801770.SI,1940.53,1957.78,1940.06,1945.43,1856690000,17290850000
2023-01-17,801770.SI,1944.35,1949.89,1933.00,1936.27,1421810000,13545620000
2023-01-18,801770.SI,1938.20,1961.97,1932.25,1956.79,1609510000,14197540000
2023-01-19,801770.SI,1950.12,1956.12,1937.50,1953.91,1898240000,17907690000
2023-01-20,801770.SI,1956.39,2008.67,1956.39,2004.96,2815200000,22225220000
2023-01-30,801770.SI,2028.80,2028.80,2005.99,2008.15,2894080000,24064850000
2023-01-31,801770.SI,2002.55,2012.33,1997.65,2008.10,2176700000,19797260000
2023-02-01,801770.SI,2010.88,2042.12,2008.19,2041.98,2690820000,22570040000
2023-02-02,801770.SI,2042.20,2060.35,2035.81,2038.06,2764840000,25318000000
2023-02-03,801770.SI,2031.44,2046.91,2014.20,2046.54,2532620000,25619260000
2023-02-06,801770.SI,2037.98,2060.42,2031.42,2040.50,2547740000,25319390000
2023-02-07,801770.SI,2038.68,2061.68,2037.85,2058.32,2437430000,26579890000
2023-02-08,801770.SI,2059.60,2064.64,2024.46,2025.54,2616600000,25988270000
2023-02-09,801770.SI,2016.19,2090.65,2009.56,2089.82,2621390000,30772070000
2023-02-10,801770.SI,2090.51,2125.14,2088.97,2098.85,2805190000,35776950000
2023-02-13,801770.SI,2096.36,2119.34,2093.59,2117.75,2451810000,29965490000
2023-02-14,801770.SI,2115.99,2124.42,2095.97,2104.12,1995630000,24329840000
2023-02-15,801770.SI,2105.50,2169.57,2105.50,2158.13,3301990000,35266290000
2023-02-16,801770.SI,2152.33,2209.92,2133.69,2146.21,4385680000,46265860000
2023-02-17,801770.SI,2145.76,2148.47,2070.19,2070.19,2966710000,30660450000
2023-02-20,801770.SI,2075.27,2141.98,2069.22,2141.98,3134080000,29933100000
2023-02-21,801770.SI,2143.17,2170.63,2135.89,2160.42,3089870000,29545300000
2023-02-22,801770.SI,2142.06,2153.91,2124.45,2146.87,3139300000,28338380000
2023-02-23,801770.SI,2138.86,2140.02,2107.13,2117.07,2761660000,26809160000
2023-02-24,801770.SI,2116.72,2138.55,2114.79,2130.56,2338550000,23463920000
2023-02-27,801770.SI,2119.35,2149.26,2119.35,2132.33,2378280000,26233420000
2023-02-28,801770.SI,2175.08,2213.19,2147.61,2180.57,3370560000,37425640000
2023-03-01,801770.SI,2173.53,2276.29,2173.53,2264.47,4756060000,51332170000
2023-03-02,801770.SI,2263.70,2308.06,2261.74,2287.31,4773510000,53146430000
2023-03-03,801770.SI,2268.44,2299.65,2252.06,2272.00,4096290000,45704910000
2023-03-06,801770.SI,2280.59,2320.97,2276.57,2288.09,3727430000,42619110000
2023-03-07,801770.SI,2272.00,2281.32,2197.90,2202.55,3565170000,40165680000
2023-03-08,801770.SI,2196.76,2257.52,2196.76,2257.52,3059950000,33136450000
2023-03-09,801770.SI,2251.00,2308.91,2221.75,2285.32,3956320000,41412490000
2023-03-10,801770.SI,2261.12,2290.31,2235.46,2237.62,3956200000,37924900000
2023-03-13,801770.SI,2226.58,2318.84,2226.58,2318.65,4078480000,44321220000
2023-03-14,801770.SI,2308.20,2332.25,2271.12,2300.64,4141850000,45149310000
2023-03-15,801770.SI,2310.13,2312.55,2266.38,2279.90,3412560000,35969260000
2023-03-16,801770.SI,2260.59,2281.90,2237.03,2244.46,3041220000,32384840000
2023-03-17,801770.SI,2261.23,2339.05,2261.23,2332.82,4138920000,47348140000
2023-03-20,801770.SI,2340.31,2363.27,2277.73,2281.59,4822320000,56500150000
2023-03-21,801770.SI,2281.30,2304.24,2269.06,2304.22,3394620000,38519200000
2023-03-22,801770.SI,2300.07,2385.17,2287.84,2385.17,3845630000,52803860000
2023-03-23,801770.SI,2377.46,2442.99,2377.46,2437.84,4381090000,62064090000
2023-03-24,801770.SI,2429.64,2432.62,2371.02,2418.22,4556640000,61856960000
2023-03-27,801770.SI,2412.60,2431.96,2373.42,2421.04,4666610000,63286870000
2023-03-28,801770.SI,2404.45,2429.27,2383.55,2391.26,4102670000,54525560000
2023-03-29,801770.SI,2385.51,2417.79,2358.82,2398.21,3692300000,49978090000
2023-03-30,801770.SI,2386.60,2391.30,2301.36,2323.53,3699770000,49826490000
2023-03-31,801770.SI,2325.66,2384.33,2307.58,2380.76,3264760000,43991750000
2023-04-03,801770.SI,2383.31,2462.18,2372.74,2459.63,4456800000,66884720000
2023-04-04,801770.SI,2450.01,2494.89,2450.01,2486.42,4619120000,65739230000
2023-04-06,801770.SI,2456.61,2529.52,2456.57,2513.05,3920990000,65629420000
2023-04-07,801770.SI,2535.18,2569.77,2517.84,2569.77,3560660000,59968160000
2023-04-10,801770.SI,2568.31,2608.09,2501.46,2513.34,3978940000,64064040000
2023-04-11,801770.SI,2506.69,2522.84,2457.12,2498.26,3101150000,49386350000
2023-04-12,801770.SI,2483.30,2588.24,2474.19,2582.86,4069200000,60399120000
2023-04-13,801770.SI,2568.70,2568.95,2477.46,2486.98,3432240000,56712600000
2023-04-14,801770.SI,2488.52,2515.36,2463.76,2508.75,2966320000,47167940000
2023-04-17,801770.SI,2491.55,2496.66,2456.80,2480.55,3144130000,44402370000
2023-04-18,801770.SI,2479.41,2573.92,2465.64,2566.19,3698520000,58334720000
2023-04-19,801770.SI,2552.55,2607.82,2550.36,2556.21,4321110000,64471520000
2023-04-20,801770.SI,2564.16,2623.95,2564.16,2623.95,3634260000,62115300000
2023-04-21,801770.SI,2622.53,2622.53,2516.08,2516.08,3976460000,64240690000
2023-04-24,801770.SI,2526.73,2601.36,2526.73,2570.53,3257250000,59246600000
2023-04-25,801770.SI,2546.23,2546.23,2466.92,2491.29,3550180000,58415490000
2023-04-26,801770.SI,2473.43,2506.16,2399.94,2424.90,3355950000,57481730000
2023-04-27,801770.SI,2382.43,2411.96,2358.20,2374.71,2695910000,46947030000
2023-04-28,801770.SI,2369.86,2466.75,2369.86,2463.47,2793240000,46962600000
2023-05-04,801770.SI,2445.01,2448.45,2396.93,2419.35,2816530000,46475550000
2023-05-05,801770.SI,2421.85,2422.28,2353.03,2373.45,2697940000,42688790000
2023-05-08,801770.SI,2375.03,2432.74,2357.40,2419.28,2937410000,42968270000
2023-05-09,801770.SI,2407.96,2430.97,2366.41,2368.39,2741170000,40681530000
2023-05-10,801770.SI,2368.65,2383.63,2328.83,2345.08,2261240000,35948500000
2023-05-11,801770.SI,2341.68,2350.18,2317.87,2324.65,2127910000,31844770000
2023-05-12,801770.SI,2318.74,2336.64,2295.86,2298.60,1967130000,33518350000
2023-05-15,801770.SI,2301.46,2317.56,2241.85,2315.48,2400380000,37434060000
2023-05-16,801770.SI,2306.04,2307.96,2265.26,2273.09,1886810000,31789320000
2023-05-17,801770.SI,2257.54,2296.39,2249.64,2282.70,2255500000,34468860000
2023-05-18,801770.SI,2314.13,2393.87,2312.45,2387.90,2807420000,49096090000
2023-05-19,801770.SI,2371.20,2394.38,2356.73,2370.95,2399170000,45900790000
2023-05-22,801770.SI,2363.54,2366.41,2325.71,2343.58,1832160000,32925910000
2023-05-23,801770.SI,2342.21,2342.28,2299.24,2299.24,2050510000,35784250000
2023-05-24,801770.SI,2283.86,2347.24,2283.86,2309.33,2037250000,40081550000
2023-05-25,801770.SI,2352.08,2386.60,2291.10,2346.52,2537260000,51682560000
2023-05-26,801770.SI,2336.84,2395.66,2336.76,2379.68,2582570000,50135920000
2023-05-29,801770.SI,2399.60,2446.30,2397.15,2412.65,2611020000,51740600000
2023-05-30,801770.SI,2407.88,2477.48,2391.96,2477.00,2805420000,53557580000
2023-05-31,801770.SI,2460.90,2505.90,2453.10,2497.02,2536970000,48697080000
2023-06-01,801770.SI,2475.49,2542.73,2474.93,2522.10,3051700000,49188520000
2023-06-02,801770.SI,2537.64,2551.57,2521.18,2528.59,2731670000,45797330000
2023-06-05,801770.SI,2519.23,2586.93,2519.23,2559.85,2564010000,45508520000
2023-06-06,801770.SI,2555.91,2575.18,2502.45,2509.13,2578220000,46105020000
2023-06-07,801770.SI,2511.34,2540.90,2498.53,2531.72,2219370000,40971950000
2023-06-08,801770.SI,2518.92,2528.57,2489.02,2514.13,2562030000,46644140000
2023-06-09,801770.SI,2511.07,2603.09,2501.39,2603.09,3269360000,58945930000
2023-06-12,801770.SI,2586.91,2628.47,2586.91,2616.93,3060030000,58162790000
2023-06-13,801770.SI,2600.83,2637.68,2581.06,2632.86,2711730000,51649180000
2023-06-14,801770.SI,2634.69,2696.40,2623.79,2679.27,3090690000,62634340000
2023-06-15,801770.SI,2693.55,2752.92,2693.47,2698.12,3677590000,71818810000
2023-06-16,801770.SI,2688.12,2790.49,2683.65,2785.29,3476800000,73555560000
2023-06-19,801770.SI,2797.68,2880.90,2773.50,2869.30,3852520000,83131970000
2023-06-20,801770.SI,2849.94,2899.70,2823.87,2899.70,3357930000,77912470000
2023-06-21,801770.SI,2876.46,2876.46,2790.21,2792.56,3160090000,70350860000
2023-06-26,801770.SI,2751.21,2779.74,2685.41,2696.99,2665700000,61983190000
2023-06-27,801770.SI,2690.00,2751.90,2676.86,2736.46,2324190000,50299070000
2023-06-28,801770.SI,2707.22,2707.24,2608.02,2659.65,2574660000,53940700000
2023-06-29,801770.SI,2659.06,2737.92,2659.06,2728.25,2556420000,55856720000
2023-06-30,801770.SI,2708.97,2802.40,2708.97,2769.56,2908480000,64884150000
2023-07-03,801770.SI,2777.10,2777.13,2707.07,2768.24,2776070000,58948180000
2023-07-04,801770.SI,2758.32,2794.42,2758.32,2776.29,2185990000,49601310000
2023-07-05,801770.SI,2769.41,2781.60,2715.89,2715.89,2388130000,49643100000
2023-07-06,801770.SI,2701.36,2772.31,2699.96,2728.81,2372480000,49080810000
2023-07-07,801770.SI,2727.95,2734.95,2655.30,2702.59,2208880000,48914060000
2023-07-10,801770.SI,2706.44,2708.89,2653.21,2670.30,1861380000,37839080000
2023-07-11,801770.SI,2675.70,2712.09,2659.47,2703.20,1930120000,39015200000
2023-07-12,801770.SI,2698.47,2698.47,2596.66,2598.50,2654430000,52360130000
2023-07-13,801770.SI,2618.25,2673.34,2602.30,2672.93,2214280000,48570720000
2023-07-14,801770.SI,2701.18,2792.27,2701.16,2758.12,3592390000,66490110000
2023-07-17,801770.SI,2753.89,2805.16,2753.89,2777.14,2806850000,50476370000
2023-07-18,801770.SI,2777.30,2777.30,2716.89,2719.43,2106390000,39300700000
2023-07-19,801770.SI,2728.23,2736.16,2696.08,2701.28,1767290000,31299850000
2023-07-20,801770.SI,2702.31,2702.31,2594.44,2594.61,2084450000,44085160000
2023-07-21,801770.SI,2599.95,2600.01,2564.13,2586.46,1690340000,33494100000
2023-07-24,801770.SI,2578.22,2652.13,2570.96,2611.54,1741730000,33089550000
2023-07-25,801770.SI,2640.81,2661.10,2610.02,2632.88,1884350000,37197360000
2023-07-26,801770.SI,2629.46,2629.46,2568.10,2576.14,1660600000,32843790000
2023-07-27,801770.SI,2570.05,2585.69,2538.25,2546.26,1413400000,25361520000
2023-07-28,801770.SI,2540.08,2576.35,2531.11,2568.75,1838270000,29565690000
2023-07-31,801770.SI,2558.43,2579.02,2548.18,2557.50,2061530000,32429190000
2023-08-01,801770.SI,2556.55,2596.68,2537.20,2591.85,1912440000,36117050000
2023-08-02,801770.SI,2589.53,2603.95,2579.94,2590.54,1906760000,30328760000
2023-08-03,801770.SI,2565.04,2598.74,2555.47,2564.90,1675480000,26800540000
2023-08-04,801770.SI,2562.82,2659.82,2562.82,2654.50,3293190000,47526240000
2023-08-07,801770.SI,2661.14,2684.94,2607.53,2616.39,2628000000,50796010000
2023-08-08,801770.SI,2622.60,2640.92,2595.54,2596.07,1912770000,37891050000
2023-08-09,801770.SI,2584.47,2593.77,2529.95,2531.32,1752350000,36089220000
2023-08-10,801770.SI,2522.16,2541.10,2511.53,2524.86,1647650000,27787800000
2023-08-11,801770.SI,2533.25,2546.12,2488.21,2488.22,2116800000,28418390000
2023-08-14,801770.SI,2466.72,2528.82,2466.72,2528.82,1971990000,30432410000
2023-08-15,801770.SI,2546.29,2560.81,2491.70,2505.91,1798660000,33446820000
2023-08-16,801770.SI,2490.76,2490.86,2433.59,2449.26,1825190000,30903450000
2023-08-17,801770.SI,2435.01,2486.05,2418.21,2477.24,1596180000,29104480000
2023-08-18,801770.SI,2470.41,2476.62,2397.73,2397.73,1724290000,31523860000
2023-08-21,801770.SI,2400.46,2457.86,2400.46,2414.10,1583030000,28957760000
2023-08-22,801770.SI,2446.34,2507.57,2431.86,2507.48,2841260000,44136820000
2023-08-23,801770.SI,2487.10,2487.11,2437.58,2437.58,1940420000,32467710000
2023-08-24,801770.SI,2467.91,2471.64,2427.16,2431.22,1994560000,35969030000
2023-08-25,801770.SI,2383.61,2383.66,2320.97,2329.07,2101440000,37082560000
2023-08-28,801770.SI,2456.40,2456.40,2361.09,2363.25,2292560000,36723070000
2023-08-29,801770.SI,2358.50,2443.34,2354.92,2432.91,2195580000,37949510000
2023-08-30,801770.SI,2441.21,2485.11,2440.86,2461.76,2305790000,37734440000
2023-08-31,801770.SI,2449.21,2477.56,2444.88,2457.23,1739780000,29548890000
2023-09-01,801770.SI,2451.58,2454.32,2414.49,2429.11,1506210000,24951040000
2023-09-04,801770.SI,2442.10,2466.40,2428.76,2466.40,2019900000,28148870000
2023-09-05,801770.SI,2461.18,2461.22,2425.38,2431.22,1914640000,29676600000
2023-09-06,801770.SI,2420.53,2451.55,2395.97,2449.18,1957180000,30209530000
2023-09-07,801770.SI,2444.81,2444.81,2403.53,2403.81,1944510000,29507080000
2023-09-08,801770.SI,2389.78,2428.80,2373.62,2416.58,1988280000,28170260000
2023-09-11,801770.SI,2426.11,2495.92,2421.35,2466.93,2426050000,42018120000
2023-09-12,801770.SI,2458.04,2489.78,2456.06,2477.61,2205300000,39116080000
2023-09-13,801770.SI,2469.03,2469.03,2412.49,2430.87,2498910000,37889140000
2023-09-14,801770.SI,2440.78,2480.19,2433.68,2443.57,2817060000,41538530000
2023-09-15,801770.SI,2441.47,2442.93,2393.59,2399.54,2611990000,40565410000
2023-09-18,801770.SI,2388.70,2402.00,2370.36,2372.45,2267930000,32821690000
2023-09-19,801770.SI,2367.86,2368.82,2332.68,2351.68,2148210000,30015410000
2023-09-20,801770.SI,2348.34,2384.66,2348.34,2349.72,2031970000,31207370000
2023-09-21,801770.SI,2343.51,2394.75,2343.50,2363.58,2136130000,31079750000
2023-09-22,801770.SI,2361.28,2472.00,2360.53,2470.74,2835790000,51004710000
2023-09-25,801770.SI,2471.95,2474.79,2445.14,2448.63,2592190000,48631530000
2023-09-26,801770.SI,2449.50,2482.34,2439.26,2440.00,2512020000,50227340000
2023-09-27,801770.SI,2429.61,2454.87,2429.61,2440.28,2261780000,41809880000
2023-09-28,801770.SI,2453.81,2483.15,2451.86,2474.55,2593490000,46848350000
2023-10-09,801770.SI,2465.13,2500.13,2458.76,2487.84,3125290000,53478140000
2023-10-10,801770.SI,2488.66,2505.20,2485.64,2491.91,2977760000,47487310000
2023-10-11,801770.SI,2494.90,2526.09,2478.13,2502.98,3021500000,50598780000
2023-10-12,801770.SI,2515.32,2515.33,2489.17,2498.22,2990460000,46389480000
2023-10-13,801770.SI,2483.93,2501.42,2466.99,2486.58,3017620000,49222690000
2023-10-16,801770.SI,2480.41,2480.42,2445.58,2460.38,2768800000,43811150000
2023-10-17,801770.SI,2460.53,2481.95,2443.70,2469.43,2683340000,42784100000
2023-10-18,801770.SI,2443.29,2443.29,2394.79,2420.53,2589380000,44018750000
2023-10-19,801770.SI,2408.55,2423.99,2377.93,2379.27,2480690000,38926840000
2023-10-20,801770.SI,2370.17,2371.12,2299.95,2303.74,2294320000,35016730000
2023-10-23,801770.SI,2294.47,2296.97,2238.79,2258.97,2282620000,36854880000
2023-10-24,801770.SI,2271.24,2290.07,2239.90,2254.25,2587940000,46384730000
2023-10-25,801770.SI,2257.63,2278.63,2230.00,2240.83,3076840000,48952640000
2023-10-26,801770.SI,2225.16,2268.28,2221.25,2268.27,3262580000,50877770000
2023-10-27,801770.SI,2252.89,2271.28,2233.26,2260.82,2848000000,42828900000
2023-10-30,801770.SI,2248.22,2284.38,2242.34,2281.47,2937090000,43844010000
2023-10-31,801770.SI,2277.00,2277.01,2236.34,2249.63,2568360000,37849590000
2023-11-01,801770.SI,2250.86,2260.59,2235.39,2236.46,2146710000,31495510000
2023-11-02,801770.SI,2242.81,2251.29,2209.65,2210.48,2278210000,33126180000
2023-11-03,801770.SI,2213.51,2259.59,2213.47,2249.26,2135340000,34515330000
2023-11-06,801770.SI,2263.48,2298.69,2263.45,2298.69,2711760000,43295530000
2023-11-07,801770.SI,2291.72,2372.55,2285.01,2354.89,2944060000,55437370000
2023-11-08,801770.SI,2345.92,2364.07,2332.24,2352.79,2869440000,51810830000
2023-11-09,801770.SI,2355.33,2380.01,2339.27,2358.72,2500600000,47819920000
2023-11-10,801770.SI,2342.66,2364.30,2337.69,2342.11,1958210000,36509590000
2023-11-13,801770.SI,2359.26,2398.22,2359.26,2385.88,2574270000,46148850000
2023-11-14,801770.SI,2388.61,2411.05,2388.03,2409.42,2586810000,44676610000
2023-11-15,801770.SI,2435.27,2436.17,2390.42,2410.45,2589430000,46061760000
2023-11-16,801770.SI,2399.56,2411.58,2384.47,2384.47,2421580000,40490740000
2023-11-17,801770.SI,2379.78,2421.84,2370.96,2416.98,2810870000,47118110000
2023-11-20,801770.SI,2410.88,2428.91,2399.27,2421.86,2649310000,43852290000
2023-11-21,801770.SI,2429.86,2437.16,2395.56,2401.50,3228710000,51388170000
2023-11-22,801770.SI,2391.21,2393.71,2360.45,2360.45,3136920000,48400630000
2023-11-23,801770.SI,2353.38,2375.03,2334.36,2374.34,2366510000,35056970000
2023-11-24,801770.SI,2377.15,2377.15,2317.38,2324.76,2358800000,34666150000
2023-11-27,801770.SI,2314.70,2344.71,2314.70,2335.95,2336420000,36660030000
2023-11-28,801770.SI,2329.22,2333.88,2304.49,2318.25,2132780000,31701790000
2023-11-29,801770.SI,2315.52,2323.42,2300.33,2306.54,2043060000,30197930000
2023-11-30,801770.SI,2301.55,2314.44,2285.36,2307.58,2154690000,34069030000
2023-12-01,801770.SI,2304.84,2375.19,2298.99,2366.67,2709480000,47778140000
2023-12-04,801770.SI,2367.20,2394.30,2365.75,2365.90,2437110000,42925220000
2023-12-05,801770.SI,2359.90,2359.98,2306.72,2306.72,2415910000,39832650000
2023-12-06,801770.SI,2297.08,2311.98,2285.86,2294.76,2023380000,30884200000
2023-12-07,801770.SI,2294.34,2328.14,2294.30,2316.22,2081160000,37155990000
2023-12-08,801770.SI,2322.03,2403.46,2322.03,2386.09,2938280000,58417690000
2023-12-11,801770.SI,2370.19,2410.26,2354.88,2410.26,2310280000,44600670000
2023-12-12,801770.SI,2404.05,2416.48,2380.96,2399.75,2000760000,39969560000
2023-12-13,801770.SI,2395.68,2395.73,2364.02,2364.02,1774000000,31425260000
2023-12-14,801770.SI,2374.78,2403.70,2356.62,2358.42,1963410000,34659800000
2023-12-15,801770.SI,2360.88,2365.12,2322.97,2330.41,1894250000,31218000000
2023-12-18,801770.SI,2321.26,2333.13,2300.05,2304.03,1734990000,28123500000
2023-12-19,801770.SI,2301.55,2318.83,2288.89,2310.67,1477700000,23898760000
2023-12-20,801770.SI,2312.19,2312.19,2258.72,2258.95,1660950000,26029260000
2023-12-21,801770.SI,2246.23,2295.84,2227.16,2278.80,1725420000,29100550000
2023-12-22,801770.SI,2274.59,2285.09,2233.88,2240.40,1792940000,28274030000
2023-12-25,801770.SI,2241.97,2253.77,2222.65,2242.18,1327940000,20400880000
2023-12-26,801770.SI,2237.34,2237.63,2192.82,2200.92,1438230000,21924550000
2023-12-27,801770.SI,2207.05,2231.34,2204.40,2227.68,1689470000,23203990000
2023-12-28,801770.SI,2220.78,2283.34,2220.54,2272.55,2234190000,33922350000
2023-12-29,801770.SI,2268.65,2312.89,2266.71,2311.69,1932760000,31571200000
2024-01-02,801770.SI,2309.21,2309.99,2277.23,2277.23,1754550000,25733620000
2024-01-03,801770.SI,2266.88,2272.59,2232.29,2247.39,1485730000,24216010000
2024-01-04,801770.SI,2245.85,2246.02,2226.85,2238.26,1427880000,21795390000
2024-01-05,801770.SI,2237.80,2237.83,2169.70,2179.35,1611140000,24990200000
2024-01-08,801770.SI,2173.58,2173.70,2133.87,2133.87,1431270000,20595250000
2024-01-09,801770.SI,2148.21,2160.34,2123.70,2137.94,1576190000,22522850000
2024-01-10,801770.SI,2130.64,2134.54,2095.70,2101.50,1341350000,18675470000
2024-01-11,801770.SI,2100.41,2152.84,2100.41,2145.69,1518050000,23028700000
2024-01-12,801770.SI,2136.72,2136.86,2107.47,2109.46,1256120000,18471540000
2024-01-15,801770.SI,2098.95,2130.54,2093.33,2115.80,1166810000,17745370000
2024-01-16,801770.SI,2116.86,2116.93,2082.64,2116.93,1497100000,20940920000
2024-01-17,801770.SI,2113.74,2120.13,2074.74,2074.74,1258690000,19115910000
2024-01-18,801770.SI,2061.82,2134.35,2045.88,2134.35,2004930000,32752100000
2024-01-19,801770.SI,2136.85,2149.33,2117.86,2118.49,1547880000,26329700000
2024-01-22,801770.SI,2134.25,2138.17,2038.48,2049.20,2094580000,34319490000
2024-01-23,801770.SI,2042.15,2099.14,2034.81,2088.20,1822040000,31366500000
2024-01-24,801770.SI,2094.86,2116.44,2039.94,2112.14,2089160000,33927790000
2024-01-25,801770.SI,2107.39,2203.07,2097.54,2198.35,2966660000,41689900000
2024-01-26,801770.SI,2185.57,2198.59,2162.03,2168.64,2346100000,32452430000
2024-01-29,801770.SI,2159.19,2159.31,2077.91,2078.42,2655480000,36249370000
2024-01-30,801770.SI,2061.91,2077.92,2022.24,2023.20,1933630000,24571340000
2024-01-31,801770.SI,2004.95,2020.03,1960.59,1960.59,2167320000,27647190000
2024-02-01,801770.SI,1937.86,2016.18,1926.84,1978.76,2247760000,30708750000
2024-02-02,801770.SI,1979.83,2005.85,1880.43,1933.66,2530650000,31889850000
2024-02-05,801770.SI,1914.30,1924.08,1818.48,1867.65,2702470000,34627700000
2024-02-06,801770.SI,1834.61,1968.78,1829.62,1955.38,3011710000,37272160000
2024-02-07,801770.SI,1951.77,1985.58,1945.64,1967.99,2981470000,36524550000
2024-02-08,801770.SI,1982.27,2041.05,1982.27,2037.45,2997210000,39964150000
2024-02-19,801770.SI,2093.34,2180.24,2078.88,2180.24,3108380000,48088310000
2024-02-20,801770.SI,2167.16,2199.15,2156.68,2196.73,2645600000,44434330000
2024-02-21,801770.SI,2161.20,2221.91,2158.43,2176.73,2877760000,43993620000
2024-02-22,801770.SI,2219.59,2252.71,2206.63,2245.93,3015950000,46925680000
2024-02-23,801770.SI,2272.50,2286.14,2243.86,2264.18,3133380000,51595290000
2024-02-26,801770.SI,2245.01,2287.13,2245.01,2264.09,3512040000,49916740000
2024-02-27,801770.SI,2250.08,2385.56,2248.25,2381.11,3941370000,64147620000
2024-02-28,801770.SI,2386.58,2396.18,2245.06,2245.06,4567120000,71988040000
2024-02-29,801770.SI,2236.14,2345.17,2236.14,2343.36,3420850000,57842390000
2024-03-01,801770.SI,2345.05,2410.20,2345.05,2401.09,3341610000,62885590000
2024-03-04,801770.SI,2425.69,2461.94,2382.95,2440.34,3450580000,64438440000
2024-03-05,801770.SI,2416.05,2476.03,2401.74,2411.69,3435460000,70738170000
2024-03-06,801770.SI,2397.09,2439.04,2393.36,2422.65,2894650000,53870360000
2024-03-07,801770.SI,2424.29,2439.66,2365.26,2365.26,2886590000,49029240000
2024-03-08,801770.SI,2384.68,2466.22,2376.61,2462.32,3161880000,58393880000
2024-03-11,801770.SI,2422.51,2467.71,2413.10,2467.71,3000320000,54998170000
2024-03-12,801770.SI,2473.83,2489.31,2418.97,2438.22,3230320000,58345370000
2024-03-13,801770.SI,2466.67,2483.63,2438.66,2448.12,3333990000,59764440000
2024-03-14,801770.SI,2420.93,2464.64,2414.50,2443.86,2730050000,52312070000
2024-03-15,801770.SI,2431.91,2499.05,2421.63,2494.24,2671320000,58278710000
2024-03-18,801770.SI,2502.96,2543.49,2502.96,2540.88,3096290000,62051210000
2024-03-19,801770.SI,2518.83,2551.94,2503.64,2529.89,3089170000,62113250000
2024-03-20,801770.SI,2523.84,2553.15,2507.69,2534.67,2981770000,58280800000
2024-03-21,801770.SI,2533.82,2552.46,2524.75,2525.84,2873860000,56824260000
2024-03-22,801770.SI,2520.99,2552.62,2501.04,2538.33,3413620000,65537820000
2024-03-25,801770.SI,2531.91,2554.93,2479.47,2479.72,3231280000,61456380000
2024-03-26,801770.SI,2462.47,2501.58,2406.18,2428.69,2974020000,64758650000
2024-03-27,801770.SI,2427.71,2428.06,2338.16,2338.16,2861620000,51695940000
2024-03-28,801770.SI,2341.74,2433.65,2341.74,2408.61,3115430000,54721270000
2024-03-29,801770.SI,2399.81,2443.40,2383.51,2442.90,2942680000,46529190000
2024-04-01,801770.SI,2454.21,2487.05,2454.05,2486.98,2781270000,48580190000
2024-04-02,801770.SI,2475.96,2484.83,2433.48,2449.28,2609430000,43679020000
2024-04-03,801770.SI,2431.34,2433.41,2381.62,2388.70,2077490000,34195800000
2024-04-08,801770.SI,2374.04,2418.62,2373.45,2384.57,2096570000,33916440000
2024-04-09,801770.SI,2382.47,2384.68,2357.38,2378.37,1910190000,28670540000
2024-04-10,801770.SI,2364.81,2365.05,2304.31,2317.98,2060510000,29955060000
2024-04-11,801770.SI,2311.33,2351.01,2311.33,2322.14,1785470000,27889650000
2024-04-12,801770.SI,2334.03,2398.18,2334.01,2358.20,2052460000,39972850000
2024-04-15,801770.SI,2350.05,2376.56,2323.11,2355.59,2724850000,40677190000
2024-04-16,801770.SI,2334.47,2342.53,2270.38,2272.89,2641630000,37860600000
2024-04-17,801770.SI,2291.20,2383.82,2291.11,2383.82,2625190000,40252270000
2024-04-18,801770.SI,2360.56,2409.59,2343.49,2370.96,2649600000,38959060000
2024-04-19,801770.SI,2357.11,2369.24,2310.08,2342.35,2144910000,34409080000
2024-04-22,801770.SI,2277.12,2303.63,2242.97,2294.47,1931030000,32510130000
2024-04-23,801770.SI,2306.34,2324.06,2290.14,2298.45,1861040000,30366260000
2024-04-24,801770.SI,2303.33,2384.46,2303.33,2384.32,2586530000,45107470000
2024-04-25,801770.SI,2364.23,2378.92,2357.12,2366.14,2323370000,34148180000
2024-04-26,801770.SI,2387.32,2470.16,2387.32,2456.25,3190540000,58945610000
2024-04-29,801770.SI,2474.15,2504.60,2474.15,2497.88,3448600000,55769700000
2024-04-30,801770.SI,2496.57,2513.05,2473.82,2479.65,2651990000,40906040000
2024-05-06,801770.SI,2510.93,2513.56,2466.34,2471.43,2699920000,43792050000
2024-05-07,801770.SI,2482.39,2486.03,2426.96,2449.32,2371010000,43744460000
2024-05-08,801770.SI,2438.09,2442.77,2412.21,2415.64,2101830000,33473840000
2024-05-09,801770.SI,2407.75,2426.11,2400.39,2418.87,1969490000,31443730000
2024-05-10,801770.SI,2413.13,2415.61,2383.16,2401.62,2104360000,33323000000
2024-05-13,801770.SI,2392.06,2414.29,2380.97,2389.52,2162250000,36049910000
2024-05-14,801770.SI,2392.12,2409.05,2364.93,2385.38,1917250000,31814310000
2024-05-15,801770.SI,2378.70,2403.80,2368.06,2370.68,1720970000,26502420000
2024-05-16,801770.SI,2394.57,2421.31,2384.19,2390.73,2435820000,39570100000
2024-05-17,801770.SI,2377.62,2414.68,2366.22,2414.55,2344870000,37529690000
2024-05-20,801770.SI,2398.30,2441.64,2386.00,2438.52,2391500000,41643930000
2024-05-21,801770.SI,2432.36,2438.13,2413.62,2421.34,1803460000,29223670000
2024-05-22,801770.SI,2413.27,2418.70,2401.44,2410.60,1941600000,29915010000
2024-05-23,801770.SI,2421.97,2422.06,2371.76,2379.96,2004870000,33896470000
2024-05-24,801770.SI,2375.35,2422.02,2343.10,2344.68,2031300000,38551110000
2024-05-27,801770.SI,2353.35,2376.91,2338.25,2376.78,2181580000,34847630000
2024-05-28,801770.SI,2365.39,2383.00,2335.18,2335.94,1807570000,30829350000
2024-05-29,801770.SI,2346.11,2353.51,2319.30,2326.54,1719810000,25298320000
2024-05-30,801770.SI,2315.77,2332.71,2298.61,2318.89,1505430000,22086310000
2024-05-31,801770.SI,2310.82,2355.37,2310.82,2327.55,1804380000,26694180000
2024-06-03,801770.SI,2332.44,2380.32,2329.13,2356.10,1972800000,36013780000
2024-06-04,801770.SI,2346.93,2356.75,2329.20,2352.41,1734490000,27793580000
2024-06-05,801770.SI,2345.45,2356.46,2313.08,2313.08,1761440000,23898710000
2024-06-06,801770.SI,2327.50,2347.34,2283.29,2288.52,2130450000,34363450000
2024-06-07,801770.SI,2293.92,2301.01,2250.18,2270.27,1650710000,26010480000
2024-06-11,801770.SI,2265.01,2284.31,2255.82,2284.31,1678170000,21216340000
2024-06-12,801770.SI,2279.17,2307.95,2277.10,2300.35,1743080000,22570970000
2024-06-13,801770.SI,2306.45,2341.47,2299.97,2325.98,1672530000,26775650000
2024-06-14,801770.SI,2324.76,2424.15,2319.40,2406.70,1968820000,43154520000
2024-06-17,801770.SI,2412.50,2434.80,2412.49,2421.36,1956100000,34831610000
2024-06-18,801770.SI,2420.36,2471.84,2420.36,2471.84,2076250000,39418460000
2024-06-19,801770.SI,2487.72,2487.72,2463.90,2467.53,2006810000,34089710000
2024-06-20,801770.SI,2463.59,2463.61,2427.88,2427.95,2009640000,31411540000
2024-06-21,801770.SI,2401.88,2453.70,2391.95,2437.49,1667430000,28822000000
2024-06-24,801770.SI,2426.78,2438.80,2369.27,2372.10,1803050000,30302580000
2024-06-25,801770.SI,2349.01,2358.46,2303.06,2318.55,1632650000,28870050000
2024-06-26,801770.SI,2330.11,2385.39,2324.85,2381.75,1686710000,28085070000
2024-06-27,801770.SI,2365.97,2381.74,2344.27,2345.33,1776250000,25595040000
2024-06-28,801770.SI,2339.26,2415.23,2339.26,2395.55,2075120000,33336960000
2024-07-01,801770.SI,2391.82,2431.57,2372.94,2423.58,1710890000,31321670000
2024-07-02,801770.SI,2418.98,2442.86,2406.07,2415.19,1761990000,28866800000
2024-07-03,801770.SI,2406.11,2406.11,2373.17,2386.33,1407410000,21740970000
2024-07-04,801770.SI,2400.58,2415.55,2360.32,2360.99,1488780000,23393860000
2024-07-05,801770.SI,2360.21,2376.15,2328.15,2369.58,1378420000,22456870000
2024-07-08,801770.SI,2371.88,2382.79,2350.23,2355.92,1391060000,23155200000
2024-07-09,801770.SI,2352.59,2454.11,2348.78,2447.52,1958680000,36466390000
2024-07-10,801770.SI,2441.18,2466.03,2439.39,2449.29,1732300000,31542230000
2024-07-11,801770.SI,2476.62,2476.62,2425.21,2458.07,1931320000,35347040000
2024-07-12,801770.SI,2428.79,2442.85,2415.52,2432.50,1416190000,25365090000
2024-07-15,801770.SI,2417.04,2421.31,2392.64,2406.60,1313430000,21785250000
2024-07-16,801770.SI,2410.49,2425.03,2376.27,2423.03,1558440000,29156230000
2024-07-17,801770.SI,2412.39,2415.93,2361.49,2361.49,1492310000,26263760000
2024-07-18,801770.SI,2331.09,2355.52,2288.94,2354.27,1788130000,31431830000
2024-07-19,801770.SI,2337.28,2364.06,2336.45,2352.29,1522980000,24062720000
2024-07-22,801770.SI,2349.60,2366.81,2342.73,2354.74,1537210000,22957210000
2024-07-23,801770.SI,2367.02,2367.02,2304.49,2304.49,1606480000,23151560000
2024-07-24,801770.SI,2293.63,2335.35,2293.63,2300.39,1670280000,24277960000
2024-07-25,801770.SI,2278.35,2280.78,2238.66,2258.44,1637800000,25756130000
2024-07-26,801770.SI,2257.75,2287.27,2249.04,2275.75,1666050000,24133170000
2024-07-29,801770.SI,2275.89,2315.67,2266.30,2300.59,1684600000,26651010000
2024-07-30,801770.SI,2289.20,2317.11,2284.84,2306.48,1597760000,23720440000
2024-07-31,801770.SI,2300.92,2343.34,2288.04,2341.19,2184640000,34063210000
2024-08-01,801770.SI,2364.69,2373.42,2345.82,2346.50,2181800000,31394600000
2024-08-02,801770.SI,2304.98,2320.77,2271.56,2273.12,2004590000,30915620000
2024-08-05,801770.SI,2233.59,2260.20,2172.10,2173.89,2014590000,30892010000
2024-08-06,801770.SI,2211.77,2226.59,2174.74,2198.98,1609830000,23471040000
2024-08-07,801770.SI,2199.41,2240.21,2199.41,2218.16,1889140000,25017640000
2024-08-08,801770.SI,2204.93,2215.70,2179.21,2192.90,2108020000,24864870000
2024-08-09,801770.SI,2208.42,2228.61,2188.31,2188.31,1922630000,25558130000
2024-08-12,801770.SI,2180.37,2190.17,2159.66,2166.79,1519980000,19332960000
2024-08-13,801770.SI,2172.02,2189.79,2163.28,2187.47,1224370000,17636040000
2024-08-14,801770.SI,2202.28,2202.30,2182.95,2182.95,1736580000,20189300000
2024-08-15,801770.SI,2176.40,2220.25,2176.39,2206.67,2173210000,22568180000
2024-08-16,801770.SI,2222.25,2258.81,2222.23,2241.29,2345630000,28233780000
2024-08-19,801770.SI,2242.54,2269.93,2234.82,2250.66,2086300000,24064300000
2024-08-20,801770.SI,2257.19,2257.32,2221.49,2227.97,1931550000,21559300000
2024-08-21,801770.SI,2215.54,2243.16,2215.50,2223.58,1640960000,18661810000
2024-08-22,801770.SI,2223.85,2233.15,2202.05,2203.24,1997910000,22256140000
2024-08-23,801770.SI,2197.59,2213.02,2189.43,2207.00,1964220000,21408830000
2024-08-26,801770.SI,2215.86,2215.97,2178.60,2185.81,1790480000,23411300000
2024-08-27,801770.SI,2174.79,2177.80,2156.97,2161.22,1806620000,20275050000
2024-08-28,801770.SI,2155.53,2179.96,2155.53,2168.19,1907230000,19330810000
2024-08-29,801770.SI,2139.52,2170.03,2125.33,2161.56,2076570000,26558010000
2024-08-30,801770.SI,2156.01,2216.80,2155.95,2196.00,2675600000,33612050000
2024-09-02,801770.SI,2189.48,2191.47,2140.28,2140.38,1950500000,25179230000
2024-09-03,801770.SI,2139.03,2167.07,2138.38,2166.37,1798930000,20218120000
2024-09-04,801770.SI,2127.99,2164.42,2123.48,2150.21,1815680000,22838380000
2024-09-05,801770.SI,2150.16,2176.76,2143.33,2159.73,1748890000,20267420000
2024-09-06,801770.SI,2159.88,2164.16,2122.20,2122.67,1933850000,19023400000
2024-09-09,801770.SI,2111.21,2124.38,2104.07,2123.20,1932550000,19749050000
2024-09-10,801770.SI,2120.73,2173.50,2110.86,2162.30,1928830000,25287530000
2024-09-11,801770.SI,2156.40,2170.41,2143.74,2151.65,1575520000,20478910000
2024-09-12,801770.SI,2175.55,2182.29,2149.58,2149.62,1828130000,21323550000
2024-09-13,801770.SI,2150.78,2195.03,2150.78,2167.49,1839430000,26297430000
2024-09-18,801770.SI,2158.60,2173.81,2140.99,2158.20,1481110000,17274060000
2024-09-19,801770.SI,2167.61,2174.37,2131.13,2161.74,1948050000,22411350000
2024-09-20,801770.SI,2173.29,2179.62,2159.44,2173.83,2184750000,22327860000
2024-09-23,801770.SI,2174.37,2210.26,2171.30,2188.08,2502910000,27302210000
2024-09-24,801770.SI,2193.10,2287.05,2188.13,2286.15,3501800000,42119720000
2024-09-25,801770.SI,2311.09,2345.33,2290.96,2295.22,4176910000,46634590000
2024-09-26,801770.SI,2291.15,2363.29,2284.02,2363.29,3433950000,39798880000
2024-09-27,801770.SI,2372.37,2470.32,2353.41,2456.48,4505750000,60843050000
2024-09-30,801770.SI,2528.00,2750.02,2491.70,2736.19,7086290000,100051270000
2024-10-08,801770.SI,3093.63,3093.63,2828.27,3046.52,7953100000,131063520000
2024-10-09,801770.SI,2943.74,2998.29,2790.88,2797.55,6188280000,103715710000
2024-10-10,801770.SI,2831.78,2880.82,2729.90,2784.40,5167550000,76169490000
2024-10-11,801770.SI,2748.60,2767.95,2646.01,2681.73,4041030000,59422200000
2024-10-14,801770.SI,2684.58,2761.48,2638.47,2760.67,3805770000,60668150000
2024-10-15,801770.SI,2747.88,2807.91,2704.81,2704.81,3613580000,58528580000
2024-10-16,801770.SI,2645.26,2697.91,2643.94,2663.92,3092680000,47492720000
2024-10-17,801770.SI,2691.07,2720.93,2671.77,2673.35,3597810000,53959330000
2024-10-18,801770.SI,2669.68,2890.37,2669.68,2821.27,4607250000,83911820000
2024-10-21,801770.SI,2842.43,2921.53,2810.14,2873.73,5026250000,93095620000
2024-10-22,801770.SI,2892.26,2896.73,2839.89,2880.57,4589770000,86358310000
2024-10-23,801770.SI,2836.62,2902.89,2821.90,2851.61,4616810000,86390420000
2024-10-24,801770.SI,2846.32,2926.79,2834.18,2878.10,4321810000,83520340000
2024-10-25,801770.SI,2898.43,2926.38,2872.69,2906.89,4217000000,75534440000
2024-10-28,801770.SI,2909.14,2920.55,2872.70,2917.33,4580010000,76030820000
2024-10-29,801770.SI,2920.82,2929.83,2872.80,2879.87,5033380000,81415130000
2024-10-30,801770.SI,2870.86,2925.30,2859.07,2889.03,4298190000,73351790000
2024-10-31,801770.SI,2882.24,2935.79,2865.06,2908.04,4665510000,79154520000
2024-11-01,801770.SI,2895.00,2895.31,2807.17,2811.63,5010950000,81009800000
2024-11-04,801770.SI,2800.11,2866.48,2800.07,2860.95,3250110000,58934270000
2024-11-05,801770.SI,2855.55,2947.20,2855.17,2940.68,4642630000,83421120000
2024-11-06,801770.SI,2948.81,2972.66,2914.23,2936.19,5344230000,92143200000
2024-11-07,801770.SI,2900.68,2982.08,2897.22,2982.08,4646100000,77827600000
2024-11-08,801770.SI,3009.55,3082.43,2996.86,3002.90,5575980000,100375920000
2024-11-11,801770.SI,3000.58,3087.86,2978.55,3085.09,5347560000,97527390000
2024-11-12,801770.SI,3086.84,3094.46,3010.22,3040.29,5321450000,99702590000
2024-11-13,801770.SI,3018.89,3122.30,3011.56,3119.97,5949710000,99053660000
2024-11-14,801770.SI,3093.53,3093.53,3003.27,3008.01,5172170000,82247490000
2024-11-15,801770.SI,2996.38,3041.70,2938.75,2939.37,6016230000,85931400000
2024-11-18,801770.SI,2937.35,2945.11,2828.55,2846.81,5876110000,78603810000
2024-11-19,801770.SI,2846.23,2883.07,2796.13,2883.07,4832840000,66732830000
2024-11-20,801770.SI,2874.14,2958.36,2872.37,2951.78,4630390000,70379350000
2024-11-21,801770.SI,2943.70,2965.29,2902.22,2926.22,5453350000,81776780000
2024-11-22,801770.SI,2915.70,2958.36,2827.31,2828.38,4995290000,74920210000
2024-11-25,801770.SI,2831.69,2831.70,2742.24,2789.74,4168910000,62624660000
2024-11-26,801770.SI,2798.80,2833.86,2794.17,2795.25,4026940000,58669090000
2024-11-27,801770.SI,2774.91,2852.64,2755.51,2852.64,5127800000,67148140000
2024-11-28,801770.SI,2851.18,2858.92,2807.99,2812.24,4747010000,66113310000
2024-11-29,801770.SI,2811.01,2881.83,2806.26,2852.54,4827460000,68132390000
2024-12-02,801770.SI,2860.18,2926.66,2860.16,2918.97,5098500000,75313590000
2024-12-03,801770.SI,2910.93,2919.26,2875.88,2904.80,4802770000,63935010000
2024-12-04,801770.SI,2893.89,2900.24,2851.78,2866.48,4461970000,54856400000
2024-12-05,801770.SI,2864.28,2919.48,2864.24,2900.38,3897460000,54999530000
2024-12-06,801770.SI,2901.39,2931.38,2883.97,2908.73,3997510000,53768630000
2024-12-09,801770.SI,2904.78,2904.92,2853.71,2877.90,3909210000,55110440000
2024-12-10,801770.SI,2950.84,2950.84,2883.84,2888.57,4711270000,72034390000
2024-12-11,801770.SI,2887.91,2952.67,2887.24,2951.96,4093430000,67899710000
2024-12-12,801770.SI,2960.02,2993.45,2954.51,2992.98,4352150000,75305430000
2024-12-13,801770.SI,2980.13,3003.76,2963.57,2964.33,5004030000,85743060000
2024-12-16,801770.SI,2980.89,2992.12,2941.54,2968.51,4622430000,83388160000
2024-12-17,801770.SI,2977.97,3032.98,2945.85,2949.55,5153850000,97237300000
2024-12-18,801770.SI,2947.37,3012.76,2918.08,2987.52,4587000000,82396310000
2024-12-19,801770.SI,2965.32,3092.35,2965.32,3086.29,5958640000,112885080000
2024-12-20,801770.SI,3062.79,3131.93,3060.44,3091.02,5250640000,107735020000
2024-12-23,801770.SI,3094.07,3110.51,3024.19,3028.13,5075340000,102874020000
2024-12-24,801770.SI,3038.45,3049.36,2979.92,3037.05,3950110000,80915920000
2024-12-25,801770.SI,3026.35,3060.51,3019.21,3036.10,4487410000,85879840000
2024-12-26,801770.SI,3032.78,3152.91,3024.64,3144.72,4502580000,101365490000
2024-12-27,801770.SI,3136.84,3145.27,3089.13,3102.94,4427320000,89091870000
2024-12-30,801770.SI,3110.99,3113.60,3062.11,3065.56,4000690000,86314460000
2024-12-31,801770.SI,3068.35,3068.58,2977.81,2977.81,4218770000,85957390000
2025-01-02,801770.SI,2968.23,2971.85,2862.21,2889.23,4325780000,81877640000
2025-01-03,801770.SI,2896.46,2896.46,2791.09,2794.19,4016860000,70902910000
2025-01-06,801770.SI,2802.22,2829.10,2746.24,2770.31,3116610000,58098410000
2025-01-07,801770.SI,2775.92,2848.64,2765.17,2848.35,3336260000,68853520000
2025-01-08,801770.SI,2816.91,2856.57,2753.27,2838.47,3791460000,72159350000
2025-01-09,801770.SI,2817.45,2866.45,2817.45,2852.70,3512610000,72071020000
2025-01-10,801770.SI,2842.36,2842.92,2752.92,2752.92,3283770000,67542500000
2025-01-13,801770.SI,2719.72,2776.09,2716.18,2749.44,2570550000,52100170000
2025-01-14,801770.SI,2760.27,2879.66,2732.59,2872.64,3790870000,73883330000
2025-01-15,801770.SI,2860.46,2869.61,2834.38,2842.31,3359990000,62833430000
2025-01-16,801770.SI,2865.75,2928.39,2851.34,2912.44,3919350000,85787260000
2025-01-17,801770.SI,2902.35,2950.25,2879.40,2921.64,3449860000,75165440000
2025-01-20,801770.SI,2943.93,2983.86,2926.64,2954.43,3403160000,74271090000
2025-01-21,801770.SI,3004.29,3012.59,2969.39,3002.88,3594150000,84630890000
2025-01-22,801770.SI,3008.89,3074.82,3008.87,3054.22,3415340000,88849960000
2025-01-23,801770.SI,3080.60,3128.24,3007.51,3009.10,4323250000,97075220000
2025-01-24,801770.SI,3000.38,3074.79,3000.38,3074.69,3945260000,85363250000
2025-01-27,801770.SI,3042.76,3042.76,2952.43,2952.53,3632350000,80712920000
2025-02-05,801770.SI,2947.63,2947.63,2873.05,2892.86,4268970000,92960350000
2025-02-06,801770.SI,2903.45,2980.43,2900.43,2979.77,4914370000,95883790000
2025-02-07,801770.SI,2982.33,3088.09,2982.33,3042.05,5908950000,113975270000
2025-02-10,801770.SI,3081.32,3113.05,3066.68,3105.35,6580350000,108644140000
2025-02-11,801770.SI,3100.81,3139.18,3091.09,3107.36,5661410000,99158720000
2025-02-12,801770.SI,3101.79,3152.98,3101.79,3152.26,4891920000,94972360000
2025-02-13,801770.SI,3152.13,3152.13,3094.99,3094.99,5368130000,110218480000
2025-02-14,801770.SI,3096.90,3136.55,3084.21,3133.51,6296070000,109123640000
2025-02-17,801770.SI,3178.39,3266.34,3178.39,3244.00,8075070000,140693180000
2025-02-18,801770.SI,3213.18,3239.60,3141.20,3151.99,6782540000,112543090000
2025-02-19,801770.SI,3149.27,3211.46,3142.06,3211.46,5838280000,101546620000
2025-02-20,801770.SI,3205.86,3221.68,3181.90,3208.92,5730520000,103911700000
2025-02-21,801770.SI,3250.11,3397.76,3248.74,3387.14,7972500000,156156920000
2025-02-24,801770.SI,3382.74,3385.59,3315.97,3349.95,7567940000,151342740000
2025-02-25,801770.SI,3261.95,3353.94,3261.95,3307.84,6058940000,123578960000
2025-02-26,801770.SI,3322.92,3328.76,3265.36,3316.26,5600000000,114882610000
2025-02-27,801770.SI,3314.42,3330.24,3181.34,3224.45,5574410000,114614010000
2025-02-28,801770.SI,3173.14,3173.18,3051.35,3060.70,5147380000,101833030000
2025-03-03,801770.SI,3065.66,3073.72,2999.17,3026.29,4573670000,84990140000
2025-03-04,801770.SI,2974.54,3060.04,2974.53,3060.04,3905200000,70743930000
2025-03-05,801770.SI,3078.56,3135.04,3078.56,3135.04,4942220000,92920140000
2025-03-06,801770.SI,3161.40,3222.39,3156.55,3208.65,6612730000,122397340000
2025-03-07,801770.SI,3182.80,3193.64,3128.95,3146.74,5203810000,97612290000
2025-03-10,801770.SI,3137.52,3143.24,3096.25,3126.15,3607440000,67869820000
2025-03-11,801770.SI,3074.82,3133.17,3074.82,3133.17,3373660000,64966880000
2025-03-12,801770.SI,3150.71,3220.17,3135.41,3164.93,5021700000,97531180000
2025-03-13,801770.SI,3162.60,3174.94,3082.02,3114.16,4440530000,84929680000
2025-03-14,801770.SI,3103.72,3168.05,3099.71,3165.69,4194300000,86569270000
2025-03-17,801770.SI,3178.80,3183.58,3161.67,3172.70,3786000000,75109110000
2025-03-18,801770.SI,3182.92,3206.06,3162.43,3201.77,4026350000,86573050000
2025-03-19,801770.SI,3176.58,3176.58,3113.78,3122.58,4483320000,80910670000
2025-03-20,801770.SI,3116.15,3133.76,3096.11,3099.66,3633000000,70261870000
2025-03-21,801770.SI,3086.18,3102.62,3037.07,3043.72,4443930000,77437540000
2025-03-24,801770.SI,3040.79,3054.26,2969.07,3025.41,4293870000,72490420000
2025-03-25,801770.SI,3025.49,3028.31,2952.81,2957.49,3206910000,57402210000
2025-03-26,801770.SI,2955.21,2990.29,2955.21,2964.54,2768430000,43851040000
2025-03-27,801770.SI,2952.69,2978.99,2926.54,2946.11,2953970000,46750470000
2025-03-28,801770.SI,2949.09,2962.53,2926.07,2926.07,2396220000,41483280000
2025-03-31,801770.SI,2905.80,2945.33,2889.99,2943.05,2767310000,49065950000
2025-04-01,801770.SI,2948.27,2950.07,2924.47,2929.39,2250750000,38682530000
2025-04-02,801770.SI,2927.41,2975.10,2927.37,2957.84,2194560000,42481490000
2025-04-03,801770.SI,2915.84,2944.18,2879.60,2902.96,2464420000,50207910000
2025-04-07,801770.SI,2680.20,2701.46,2533.74,2562.59,3427630000,57300380000
2025-04-08,801770.SI,2547.32,2594.13,2486.60,2538.67,3901830000,64400180000
2025-04-09,801770.SI,2488.77,2603.51,2408.16,2595.43,4062720000,61665480000
2025-04-10,801770.SI,2689.54,2715.55,2652.63,2659.49,3702250000,62607460000
2025-04-11,801770.SI,2633.28,2700.78,2633.28,2680.25,2756410000,46510660000
2025-04-14,801770.SI,2725.75,2737.26,2703.61,2709.64,2576190000,45064550000
2025-04-15,801770.SI,2708.13,2712.31,2677.23,2698.44,2126780000,32957670000
2025-04-16,801770.SI,2674.36,2675.18,2626.69,2660.32,2517700000,38061630000
2025-04-17,801770.SI,2643.59,2678.77,2643.59,2652.28,1902210000,29651530000
2025-04-18,801770.SI,2646.88,2698.92,2646.88,2694.34,2427530000,37797440000
2025-04-21,801770.SI,2702.04,2736.53,2687.32,2735.76,2677130000,45320770000
2025-04-22,801770.SI,2729.25,2729.67,2705.59,2709.16,2932850000,46440280000
2025-04-23,801770.SI,2733.11,2773.97,2723.76,2756.02,3233680000,61583040000
2025-04-24,801770.SI,2733.73,2733.73,2691.97,2698.82,2673210000,47908020000
2025-04-25,801770.SI,2707.76,2752.45,2707.76,2729.95,2765480000,53301370000
2025-04-28,801770.SI,2724.45,2726.15,2705.82,2709.38,2427400000,44579520000
2025-04-29,801770.SI,2707.39,2731.71,2692.35,2717.55,2163080000,41783340000
2025-04-30,801770.SI,2720.77,2753.13,2712.34,2746.04,2357340000,46995030000
2025-05-06,801770.SI,2777.93,2844.52,2777.93,2844.52,3381350000,63998170000
2025-05-07,801770.SI,2879.81,2881.38,2821.32,2847.08,3565810000,62750910000
2025-05-08,801770.SI,2847.68,2928.30,2847.68,2921.09,3320030000,76256220000
2025-05-09,801770.SI,2909.24,2909.24,2868.42,2882.14,3026390000,59699740000
2025-05-12,801770.SI,2921.60,2931.57,2902.34,2930.64,2858430000,58586720000
2025-05-13,801770.SI,2963.14,2963.14,2911.21,2912.73,2770590000,59115020000
2025-05-14,801770.SI,2925.54,2963.52,2921.77,2934.81,2890560000,62555780000
2025-05-15,801770.SI,2933.52,2933.54,2862.88,2862.88,2629400000,51138880000
2025-05-16,801770.SI,2848.18,2889.70,2848.18,2878.72,2581890000,47755960000
2025-05-19,801770.SI,2871.24,2876.29,2847.99,2872.17,2423550000,40950880000
2025-05-20,801770.SI,2870.67,2902.28,2856.21,2893.44,2600560000,43076770000
2025-05-21,801770.SI,2894.77,2894.77,2870.81,2875.66,2560810000,44230770000
2025-05-22,801770.SI,2862.99,2885.32,2851.55,2853.96,2097710000,38298040000
2025-05-23,801770.SI,2851.30,2866.72,2812.28,2812.28,2375950000,40586820000
2025-05-26,801770.SI,2813.62,2843.39,2813.45,2843.26,2202350000,36480180000
2025-05-27,801770.SI,2833.50,2833.51,2805.32,2819.82,2148660000,38574910000
2025-05-28,801770.SI,2824.83,2848.97,2824.83,2837.20,2373230000,42737760000
2025-05-29,801770.SI,2839.47,2890.34,2839.47,2888.49,2924290000,52365740000
2025-05-30,801770.SI,2870.58,2870.58,2842.18,2855.20,2507010000,42086740000
2025-06-03,801770.SI,2836.22,2869.81,2836.22,2849.07,2309630000,37164390000
2025-06-04,801770.SI,2864.93,2908.73,2864.93,2900.07,2624830000,53645440000
2025-06-05,801770.SI,2902.99,2981.64,2892.24,2976.01,3427250000,68516710000
2025-06-06,801770.SI,2965.34,3007.67,2963.10,3005.81,3455700000,66830070000
2025-06-09,801770.SI,3024.44,3062.28,3020.65,3038.74,3601260000,72105760000
2025-06-10,801770.SI,3031.11,3031.11,2969.55,2995.28,3986480000,67916990000
2025-06-11,801770.SI,2997.94,3013.32,2980.67,2986.94,3014670000,50753510000
2025-06-12,801770.SI,2975.92,3055.14,2975.92,3016.19,3406440000,72977190000
2025-06-13,801770.SI,2994.92,3023.33,2971.12,2982.26,3301630000,61131150000
2025-06-16,801770.SI,2973.38,3058.59,2973.38,3045.05,2969960000,62882780000
2025-06-17,801770.SI,3050.38,3051.11,3018.09,3041.69,2812720000,53592260000
2025-06-18,801770.SI,3032.01,3086.41,3017.99,3083.83,2965810000,67280530000
2025-06-19,801770.SI,3074.82,3101.95,3049.41,3058.38,3352280000,70377440000
2025-06-20,801770.SI,3058.32,3065.46,3014.88,3029.51,2694700000,59050130000
2025-06-23,801770.SI,2997.46,3040.24,2992.85,3035.27,2671200000,58221700000
2025-06-24,801770.SI,3050.08,3086.88,3050.08,3083.19,3466710000,68083610000
2025-06-25,801770.SI,3100.68,3118.19,3082.80,3116.83,3486920000,74390130000
2025-06-26,801770.SI,3124.51,3164.99,3123.93,3140.91,3596810000,77724810000
2025-06-27,801770.SI,3135.26,3214.88,3135.26,3197.01,3908960000,87422950000
2025-06-30,801770.SI,3209.33,3259.35,3209.33,3257.61,3801920000,87100440000
2025-07-01,801770.SI,3244.80,3249.19,3222.78,3242.87,3237110000,65598990000
2025-07-02,801770.SI,3222.31,3222.31,3172.37,3179.22,2957410000,60141960000
2025-07-03,801770.SI,3192.18,3234.88,3189.94,3221.22,2768450000,60015720000
2025-07-04,801770.SI,3226.09,3239.64,3192.24,3193.83,3278650000,69043390000
2025-07-07,801770.SI,3174.00,3185.27,3132.67,3169.08,2657040000,58015060000
2025-07-08,801770.SI,3162.92,3261.98,3158.50,3260.75,3074640000,74954240000
2025-07-09,801770.SI,3258.73,3283.36,3251.66,3266.31,3372040000,71033850000
2025-07-10,801770.SI,3272.06,3291.11,3235.84,3263.85,3038780000,71434170000
2025-07-11,801770.SI,3263.02,3281.12,3245.08,3261.76,3247600000,70643270000
2025-07-14,801770.SI,3263.69,3282.26,3250.61,3273.03,2963480000,63028830000
2025-07-15,801770.SI,3328.42,3426.04,3328.42,3424.00,3809960000,105090170000
2025-07-16,801770.SI,3447.92,3513.89,3430.04,3436.70,3383330000,107060700000
2025-07-17,801770.SI,3419.61,3522.42,3419.56,3519.38,3419810000,95091170000
2025-07-18,801770.SI,3539.13,3576.02,3501.23,3508.36,3279410000,88176330000
2025-07-21,801770.SI,3506.54,3527.30,3463.81,3512.91,2767090000,76756320000
2025-07-22,801770.SI,3509.79,3562.99,3479.91,3497.68,3038820000,85059800000
2025-07-23,801770.SI,3465.22,3505.96,3444.79,3490.39,3043260000,72830150000
2025-07-24,801770.SI,3510.23,3510.23,3453.07,3485.14,2905320000,74328020000
2025-07-25,801770.SI,3484.29,3499.15,3471.22,3481.35,3086600000,63107340000
2025-07-28,801770.SI,3491.12,3527.95,3470.59,3524.49,3110820000,80394270000
2025-07-29,801770.SI,3527.99,3640.36,3527.99,3640.36,3250660000,99566390000
2025-07-30,801770.SI,3608.47,3623.29,3572.56,3605.62,3025350000,81486450000
2025-07-31,801770.SI,3649.62,3705.90,3597.56,3607.94,3746100000,113366510000
2025-08-01,801770.SI,3583.14,3629.86,3527.71,3569.79,3143760000,84480320000
2025-08-04,801770.SI,3532.76,3581.32,3532.76,3576.67,2378330000,62632230000
2025-08-05,801770.SI,3615.65,3624.03,3563.31,3621.39,3399470000,88300560000
2025-08-06,801770.SI,3600.58,3652.54,3600.22,3639.19,3378770000,77305760000
2025-08-07,801770.SI,3639.55,3662.35,3563.95,3621.97,3403350000,86210380000
2025-08-08,801770.SI,3613.81,3652.36,3596.92,3616.14,3906940000,82224070000
2025-08-11,801770.SI,3615.06,3701.60,3615.06,3686.50,3711570000,87543090000
2025-08-12,801770.SI,3691.99,3769.24,3687.92,3769.14,3920360000,97307150000
2025-08-13,801770.SI,3781.16,3954.57,3779.22,3954.16,4948870000,128035960000
2025-08-14,801770.SI,3931.36,3943.30,3870.24,3870.37,4591850000,114271860000
2025-08-15,801770.SI,3862.20,3912.58,3859.62,3893.00,4448090000,107576540000
2025-08-18,801770.SI,3909.89,4111.35,3909.89,4066.73,6072680000,153235700000
2025-08-19,801770.SI,4064.82,4173.41,4064.82,4142.67,5174640000,140453310000
2025-08-20,801770.SI,4072.42,4166.84,4017.24,4166.80,4799040000,131153010000
2025-08-21,801770.SI,4212.67,4221.21,4120.55,4158.24,5855500000,141407230000
2025-08-22,801770.SI,4137.69,4318.95,4137.69,4315.08,5758130000,145463570000
2025-08-25,801770.SI,4401.79,4546.20,4374.21,4524.47,6921550000,183817190000
2025-08-26,801770.SI,4520.63,4571.75,4485.25,4488.52,5331090000,149238660000
2025-08-27,801770.SI,4530.36,4744.70,4520.16,4562.92,6439960000,194464920000
2025-08-28,801770.SI,4554.01,4888.70,4554.01,4888.70,6424030000,206797610000
2025-08-29,801770.SI,4852.58,4888.57,4785.12,4849.39,5412550000,176736050000
2025-09-01,801770.SI,4929.73,5140.24,4859.95,5102.61,5625850000,194854550000
2025-09-02,801770.SI,5078.10,5150.61,4749.86,4810.46,5808680000,217598780000
2025-09-03,801770.SI,4815.49,4952.02,4764.94,4887.73,4493540000,161558180000
2025-09-04,801770.SI,4949.01,4949.01,4426.79,4473.41,5271890000,191472310000
2025-09-05,801770.SI,4518.51,4740.89,4451.45,4719.20,4143380000,153294160000
2025-09-08,801770.SI,4660.70,4660.70,4400.05,4555.63,4642050000,142569610000
2025-09-09,801770.SI,4523.83,4550.27,4409.38,4468.74,3977040000,106808860000
2025-09-10,801770.SI,4593.33,4691.12,4547.57,4624.79,5287800000,142309930000
2025-09-11,801770.SI,4693.68,4966.69,4679.04,4966.69,6229540000,181938360000
2025-09-12,801770.SI,4856.65,4940.90,4851.59,4860.93,5448430000,155385480000
2025-09-15,801770.SI,4789.27,4840.53,4749.35,4787.07,4221980000,119876710000
2025-09-16,801770.SI,4784.50,4842.01,4710.90,4822.50,4147120000,129380540000
2025-09-17,801770.SI,4800.72,4862.99,4750.46,4845.39,4058380000,124174120000
2025-09-18,801770.SI,4790.61,4977.41,4776.34,4854.70,5796020000,183577300000
2025-09-19,801770.SI,4894.57,4949.88,4819.53,4886.17,4071540000,144162670000
2025-09-22,801770.SI,4888.25,4908.84,4807.83,4904.21,3779480000,134407230000
2025-09-23,801770.SI,5029.11,5033.82,4769.12,4903.24,4632870000,158602220000
2025-09-24,801770.SI,4799.56,4939.40,4758.50,4902.60,3904050000,129259820000
2025-09-25,801770.SI,4867.57,5053.67,4822.54,5000.18,3936580000,149610290000
2025-09-26,801770.SI,4969.10,5039.30,4872.45,4872.45,3543410000,123288570000
2025-09-29,801770.SI,4844.53,4973.20,4844.53,4932.72,3164550000,111445740000
2025-09-30,801770.SI,4949.67,5017.78,4819.52,4842.30,3195680000,113830110000
2025-10-09,801770.SI,4906.53,4955.16,4860.60,4865.35,3855010000,138382120000
2025-10-10,801770.SI,4868.35,4884.77,4751.41,4764.65,3826630000,133451790000
2025-10-13,801770.SI,4555.59,4745.17,4555.59,4745.07,3600130000,114445950000
2025-10-14,801770.SI,4801.46,4801.46,4497.73,4508.60,3808090000,129885490000
2025-10-15,801770.SI,4528.84,4575.63,4479.14,4572.53,2841080000,90920960000
2025-10-16,801770.SI,4546.65,4669.41,4546.65,4606.41,2658100000,91353070000
2025-10-17,801770.SI,4602.10,4602.12,4481.23,4482.48,3136480000,101982140000
2025-10-20,801770.SI,4634.27,4724.78,4582.89,4626.47,2680060000,108166050000
2025-10-21,801770.SI,4645.80,4887.39,4632.87,4853.37,2876320000,125965330000
2025-10-22,801770.SI,4802.95,4909.61,4802.95,4847.32,2651610000,102997200000
2025-10-23,801770.SI,4820.40,4820.40,4680.65,4774.09,2498440000,85517830000
2025-10-24,801770.SI,4828.82,5011.43,4774.95,5000.01,2864660000,119359990000
2025-10-27,801770.SI,5098.56,5194.02,5095.61,5160.94,3202430000,138948360000
2025-10-28,801770.SI,5106.90,5270.19,5106.90,5165.30,3263830000,128874090000
2025-10-29,801770.SI,5238.11,5238.31,5097.92,5171.16,3226600000,138229330000
2025-10-30,801770.SI,5090.51,5150.97,5021.19,5025.05,3360990000,146346720000
2025-10-31,801770.SI,4985.29,4985.29,4820.57,4820.57,2789410000,122164470000
2025-11-03,801770.SI,4798.19,4852.90,4747.41,4846.18,2573980000,95624070000
2025-11-04,801770.SI,4862.35,4909.51,4769.94,4796.99,2474200000,88576080000
2025-11-05,801770.SI,4686.49,4795.81,4686.49,4776.23,2468950000,75034990000
2025-11-06,801770.SI,4823.69,4908.08,4815.73,4889.38,2730810000,96045820000
2025-11-07,801770.SI,4835.84,4921.03,4805.38,4864.72,2446810000,84368620000
2025-11-10,801770.SI,4871.94,4886.43,4715.48,4840.29,2510970000,97882430000
2025-11-11,801770.SI,4874.63,4897.23,4720.04,4733.80,2396610000,93784890000
2025-11-12,801770.SI,4686.80,4764.26,4622.98,4759.45,2450570000,91525630000
2025-11-13,801770.SI,4747.48,4760.83,4685.23,4749.48,2569190000,78911670000
2025-11-14,801770.SI,4674.97,4700.35,4632.74,4632.74,2751460000,78615230000
2025-11-17,801770.SI,4662.43,4718.29,4633.01,4683.61,2626740000,79771020000
2025-11-18,801770.SI,4643.91,4755.07,4631.48,4683.58,2595730000,82730220000
2025-11-19,801770.SI,4679.19,4768.27,4671.97,4706.05,2429050000,87203460000
2025-11-20,801770.SI,4829.65,4829.65,4697.56,4729.88,2923440000,93903400000
2025-11-21,801770.SI,4607.27,4625.40,4509.84,4516.55,3169580000,98373850000
2025-11-24,801770.SI,4566.84,4585.47,4454.98,4540.04,3314240000,102285790000
2025-11-25,801770.SI,4627.63,4776.46,4627.63,4700.72,3384880000,120666870000
2025-11-26,801770.SI,4674.81,4998.12,4668.30,4918.73,3639860000,155579390000
2025-11-27,801770.SI,4886.38,5054.85,4886.36,4903.57,3659950000,147063490000
2025-11-28,801770.SI,4911.79,4948.02,4858.91,4909.52,3466970000,109644240000
2025-12-01,801770.SI,4950.88,5072.19,4918.44,5047.48,4182690000,132001250000
2025-12-02,801770.SI,5056.30,5093.88,5024.74,5061.10,4157660000,124110600000
2025-12-03,801770.SI,5068.51,5141.09,4993.83,5003.73,4074370000,139959030000
2025-12-04,801770.SI,4955.57,5039.23,4923.53,5028.55,3366230000,105501570000
2025-12-05,801770.SI,5061.50,5118.40,5017.59,5090.56,4012900000,127495860000
2025-12-08,801770.SI,5102.89,5392.29,5102.89,5334.59,4646610000,168407210000
2025-12-09,801770.SI,5340.57,5504.61,5340.57,5453.49,4419970000,163181050000
2025-12-10,801770.SI,5442.65,5536.71,5347.41,5519.43,3871750000,144931520000
2025-12-11,801770.SI,5489.40,5528.70,5344.71,5346.14,4339650000,167873710000
2025-12-12,801770.SI,5329.07,5454.48,5289.30,5409.72,4771790000,182038260000
2025-12-15,801770.SI,5305.81,5404.23,5297.08,5307.43,3867590000,130494880000
2025-12-16,801770.SI,5285.25,5285.36,5113.71,5150.78,3917050000,117928070000
2025-12-17,801770.SI,5167.32,5420.38,5167.32,5411.70,4300400000,149223490000
2025-12-18,801770.SI,5336.52,5419.24,5323.78,5326.38,4147370000,136501440000
2025-12-19,801770.SI,5392.98,5432.68,5335.01,5361.78,4080970000,126356770000
2025-12-22,801770.SI,5464.57,5611.27,5464.57,5591.40,4358650000,156080770000
2025-12-23,801770.SI,5607.24,5612.48,5529.45,5561.78,4121350000,137424840000
2025-12-24,801770.SI,5571.12,5624.05,5526.59,5624.05,3865760000,131667900000
2025-12-25,801770.SI,5650.58,5713.64,5526.74,5614.19,3787100000,129159410000
2025-12-26,801770.SI,5562.98,5612.09,5526.85,5580.23,4044070000,120923860000
2025-12-29,801770.SI,5565.14,5610.55,5520.77,5555.99,3742460000,125086810000
2025-12-30,801770.SI,5521.70,5649.97,5521.70,5576.54,3692240000,125281830000
2025-12-31,801770.SI,5567.77,5598.96,5490.19,5501.52,3638230000,122938360000
2026-01-05,801770.SI,5562.12,5598.30,5480.36,5575.34,4106630000,143318440000
2026-01-06,801770.SI,5488.93,5541.60,5432.84,5532.66,4642140000,156846640000
2026-01-07,801770.SI,5574.54,5637.00,5524.01,5601.30,4392670000,153638200000
2026-01-08,801770.SI,5561.85,5611.48,5501.79,5548.18,4996640000,153694430000
2026-01-09,801770.SI,5472.34,5604.96,5416.68,5592.75,6278270000,192876500000
2026-01-12,801770.SI,5580.19,5756.97,5522.27,5746.10,6853820000,211671590000
2026-01-13,801770.SI,5722.12,5759.65,5566.64,5580.69,6697950000,218428470000
2026-01-14,801770.SI,5624.32,5745.64,5599.60,5687.23,7232050000,235345110000
2026-01-15,801770.SI,5603.22,5738.77,5539.57,5710.06,6118170000,192726920000
2026-01-16,801770.SI,5753.45,5768.75,5662.29,5672.30,5159330000,180707080000
2026-01-19,801770.SI,5609.85,5696.33,5606.28,5618.04,4165460000,140282390000
2026-01-20,801770.SI,5615.14,5615.14,5404.33,5436.79,4462790000,141905570000
2026-01-21,801770.SI,5411.95,5538.59,5411.95,5482.52,3769160000,122760840000
2026-01-22,801770.SI,5512.89,5642.29,5502.90,5637.75,4242610000,146454530000
2026-01-23,801770.SI,5622.75,5623.85,5528.08,5552.07,4924050000,163000190000
2026-01-26,801770.SI,5541.61,5600.34,5526.33,5568.49,5223850000,163860320000
2026-01-27,801770.SI,5548.66,5724.26,5539.24,5687.95,4300860000,162861720000
2026-01-28,801770.SI,5791.51,5811.02,5693.55,5736.90,5339900000,177251880000
2026-01-29,801770.SI,5736.40,5796.22,5669.20,5680.59,4814480000,161850880000
2026-01-30,801770.SI,5651.30,5914.46,5604.01,5876.02,4411210000,178171930000
2026-02-02,801770.SI,5913.72,6019.68,5706.24,5706.24,4677590000,202213000000
2026-02-03,801770.SI,5832.83,5913.90,5653.05,5832.65,4504090000,195016400000
2026-02-04,801770.SI,5728.10,5732.63,5536.34,5673.16,3940240000,177699960000
2026-02-05,801770.SI,5589.45,5637.12,5515.44,5537.68,3461600000,131378650000
2026-02-06,801770.SI,5461.09,5589.26,5413.01,5467.80,3638320000,139005190000
2026-02-09,801770.SI,5636.82,5793.05,5578.84,5750.75,4287950000,177535090000
2026-02-10,801770.SI,5744.73,5823.65,5744.73,5758.44,4224460000,143015400000
2026-02-11,801770.SI,5720.06,5798.86,5625.41,5633.34,3820910000,140977460000
2026-02-12,801770.SI,5670.30,5761.48,5668.60,5720.74,3795850000,154041730000
2026-02-13,801770.SI,5669.94,5696.13,5616.28,5621.62,3513190000,125401460000
2026-02-24,801770.SI,5748.75,5894.26,5700.26,5794.36,4116250000,159618930000
2026-02-25,801770.SI,5797.44,5825.61,5723.52,5807.00,3765760000,134285030000
2026-02-26,801770.SI,5837.88,5996.37,5826.66,5972.05,4474310000,171859660000
2026-02-27,801770.SI,5819.26,5900.45,5804.56,5889.41,4633200000,179442850000
2026-03-02,801770.SI,5765.66,6056.68,5765.66,6000.08,4601890000,197901360000
2026-03-03,801770.SI,6043.03,6112.75,5825.87,5833.31,5123810000,205031170000
2026-03-04,801770.SI,5726.18,5849.52,5726.18,5752.12,3569220000,136535320000
2026-03-05,801770.SI,5894.76,6049.98,5805.13,5915.76,4046890000,177346540000
2026-03-06,801770.SI,5855.53,5930.26,5771.78,5852.34,3140930000,135844900000
2026-03-09,801770.SI,5640.82,5734.55,5498.28,5713.25,4023110000,157673850000
2026-03-10,801770.SI,5840.75,5964.49,5812.15,5960.06,4353120000,168685610000
2026-03-11,801770.SI,6017.31,6141.28,5979.81,5985.81,5308300000,184641390000
2026-03-12,801770.SI,5986.93,6055.02,5813.15,5893.98,4410780000,160813570000
2026-03-13,801770.SI,5816.01,5926.54,5807.60,5845.45,4229130000,138988330000
2026-03-16,801770.SI,5857.27,5906.18,5768.96,5887.50,3625300000,137698710000
2026-03-17,801770.SI,5911.26,5911.26,5599.34,5611.42,3488030000,141053710000
2026-03-18,801770.SI,5696.65,5905.15,5669.79,5905.15,3774280000,152070040000
2026-03-19,801770.SI,5828.46,5976.84,5828.46,5881.24,3611960000,147510750000
2026-03-20,801770.SI,6069.81,6161.41,5963.27,5968.41,4473030000,194928860000
2026-03-23,801770.SI,5782.02,5910.22,5683.35,5720.14,4158420000,149364400000
2026-03-24,801770.SI,5773.76,5842.54,5637.65,5842.54,3645710000,135324040000
2026-03-25,801770.SI,6011.57,6091.96,5971.15,6059.05,3946050000,170497410000
2026-03-26,801770.SI,6026.46,6085.79,5904.85,5916.71,3717790000,141680550000
2026-03-27,801770.SI,5790.77,5955.95,5745.50,5883.59,3234430000,125872150000
2026-03-30,801770.SI,5790.04,5985.94,5790.04,5960.80,3550320000,127275810000
2026-03-31,801770.SI,5860.81,5955.49,5772.11,5829.13,3613670000,139624730000
2026-04-01,801770.SI,6014.35,6025.27,5912.85,6025.27,3544410000,146600500000
2026-04-02,801770.SI,5966.29,6024.52,5882.97,5904.20,3448610000,133770470000
2026-04-03,801770.SI,6021.91,6169.18,6021.91,6060.98,3506330000,158863230000
2026-04-07,801770.SI,6057.63,6150.15,5995.01,6087.81,3072600000,142207490000
2026-04-08,801770.SI,6297.95,6512.07,6276.48,6511.80,4386680000,207407610000
2026-04-09,801770.SI,6436.33,6597.61,6433.63,6577.79,4471210000,201358980000
2026-04-10,801770.SI,6612.23,6761.27,6556.01,6712.00,4510440000,217123400000
2026-04-13,801770.SI,6661.11,6725.05,6587.49,6695.38,4243720000,188254650000
2026-04-14,801770.SI,6768.12,6910.54,6738.90,6807.28,4425950000,202357360000
2026-04-15,801770.SI,6856.24,6920.47,6656.58,6716.13,4130810000,197239010000
2026-04-16,801770.SI,6698.42,6988.62,6687.17,6982.82,4567760000,199362020000
2026-04-17,801770.SI,7081.78,7284.79,7073.24,7275.57,4387230000,221800380000
2026-04-20,801770.SI,7304.57,7447.13,7284.78,7323.16,4262990000,220217860000
2026-04-21,801770.SI,7234.03,7328.63,7172.96,7319.02,4413460000,202307710000
2026-04-22,801770.SI,7268.45,7647.29,7268.45,7638.02,5164870000,239353310000
2026-04-23,801770.SI,7635.83,7759.60,7466.81,7554.19,5133110000,259059200000
2026-04-24,801770.SI,7382.65,7428.78,7133.08,7269.14,4610180000,259835410000
2026-04-27,801770.SI,7328.61,7352.24,7218.13,7253.02,4423530000,216073530000
2026-04-28,801770.SI,7230.02,7230.02,7046.53,7090.60,4301080000,191877400000
2026-04-29,801770.SI,7007.31,7227.99,7007.31,7139.44,3790930000,164260380000
2026-04-30,801770.SI,7214.05,7240.48,7031.48,7124.95,3730140000,171772680000
2026-05-06,801770.SI,7292.57,7403.15,7203.67,7274.42,4663780000,233675810000
2026-05-07,801770.SI,7349.80,7598.91,7229.83,7591.50,4669250000,240868370000
2026-05-08,801770.SI,7483.44,7724.44,7480.69,7685.30,4594860000,218900440000
2026-05-11,801770.SI,7807.08,7962.34,7599.14,7937.37,5993710000,290599660000
2026-05-12,801770.SI,8038.83,8215.75,8038.83,8150.31,5693700000,283687640000
2026-05-13,801770.SI,8037.54,8406.58,8037.54,8401.13,5740990000,271393440000
2026-05-14,801770.SI,8539.82,8559.61,8293.24,8397.95,5444540000,283436320000
2026-05-15,801770.SI,8398.93,8518.91,8096.60,8205.73,5334620000,278063570000
2026-05-18,801770.SI,8131.27,8342.61,8131.27,8269.58,5387250000,236239100000
2026-05-19,801770.SI,8184.27,8238.88,7899.74,8220.62,5640070000,246378950000
2026-05-20,801770.SI,8167.69,8347.42,8154.24,8239.66,5046210000,232819300000
2026-05-21,801770.SI,8299.44,8299.44,7795.76,7801.49,5261960000,238749770000
2026-05-22,801770.SI,7914.36,8153.98,7885.46,8126.06,3987570000,205637150000
2026-05-25,801770.SI,8204.35,8432.17,8013.36,8432.17,3881340000,228850080000
2026-05-26,801770.SI,8360.81,8446.65,8248.18,8395.81,3921440000,228207630000
2026-05-27,801770.SI,8312.01,8550.15,8247.73,8330.64,3750070000,217321130000
2026-05-28,801770.SI,8295.28,8733.66,8183.87,8713.20,3559480000,225154700000
2026-05-29,801770.SI,8723.33,8801.17,8520.26,8578.25,4423710000,273298480000
2026-06-01,801770.SI,8560.23,8605.11,8274.48,8297.15,3420210000,213311270000
2026-06-02,801770.SI,8382.74,8814.07,8379.18,8771.31,3814130000,244202830000
2026-06-03,801770.SI,8986.26,9463.39,8986.21,9190.21,4330440000,306798740000
2026-06-04,801770.SI,9035.25,9252.16,9035.25,9196.75,3815940000,237031900000
2026-06-05,801770.SI,9189.22,9513.54,8831.04,8910.23,4915700000,333245380000
2026-06-08,801770.SI,8518.65,8870.10,8515.10,8634.83,4600590000,267603460000
2026-06-09,801770.SI,8753.69,9076.79,8709.09,9053.73,3900560000,267112140000
2026-06-10,801770.SI,8869.99,8999.73,8723.72,8804.55,4054440000,228601290000
2026-06-11,801770.SI,8744.30,8955.84,8407.31,8615.93,3800180000,237135690000
2026-06-12,801770.SI,8880.26,8880.26,8499.15,8531.69,4121630000,255885930000
2026-06-15,801770.SI,8672.70,9086.18,8431.65,9086.18,3826760000,258250910000
2026-06-16,801770.SI,9122.93,9422.10,9110.78,9312.18,4047920000,265111840000
2026-06-17,801770.SI,9180.06,9447.43,9180.04,9447.25,3939220000,243669730000
2026-06-18,801770.SI,9392.66,9848.36,9392.66,9805.15,3725530000,256995650000
2026-06-22,801770.SI,9907.30,10076.50,9680.63,9969.77,4533350000,293983990000
2026-06-23,801770.SI,9987.40,9994.69,9557.08,9653.39,3986140000,276750570000
2026-06-24,801770.SI,9600.65,9825.40,9569.26,9741.42,3679320000,249843480000
2026-06-25,801770.SI,9820.21,10030.12,9635.54,10006.75,3896000000,311516830000
2026-06-26,801770.SI,9808.39,9808.39,9261.82,9358.68,3964360000,286667020000
2026-06-29,801770.SI,9255.23,9421.23,8807.73,9104.79,3515330000,243772550000
2026-06-30,801770.SI,9184.56,9623.63,9118.02,9550.35,3191700000,234076300000
2026-07-01,801770.SI,9526.64,9696.96,9103.27,9211.05,3927760000,253901810000
2026-07-02,801770.SI,8811.63,8900.78,8506.16,8533.42,3573350000,228938810000
2026-07-03,801770.SI,8487.27,8826.90,8467.48,8500.12,3088460000,204291020000
2026-07-06,801770.SI,8589.77,8589.79,8078.20,8240.85,3487730000,203001590000
2026-07-07,801770.SI,8223.59,8363.03,8049.21,8237.05,2956310000,179799230000
2026-07-08,801770.SI,8321.23,8502.59,8142.01,8222.33,3176690000,188273680000
2026-07-09,801770.SI,8371.26,8689.34,8143.52,8663.59,4205130000,247446650000
2026-07-10,801770.SI,8796.32,8869.75,8359.27,8359.27,4636780000,283895330000
2026-07-13,801770.SI,8290.63,8501.46,7987.05,8096.78,3881770000,207281540000
2026-07-14,801770.SI,8134.25,8524.28,7987.78,8522.13,3729930000,233686750000
2026-07-15,801770.SI,8549.66,8641.55,8328.24,8354.83,3224900000,192767100000
2026-07-16,801770.SI,8082.25,8342.53,7963.00,8053.50,3543900000,187752000000
2026-07-17,801770.SI,7811.29,7830.02,7100.69,7261.16,4146099300,229565327700
