trade_date,wind_code,open,high,low,close,volume,amt
2014-01-02,801880.SI,2839.65,2874.88,2789.72,2842.70,417525902,4635519018
2014-01-03,801880.SI,2833.57,2862.75,2770.52,2804.03,536876763,6034858352
2014-01-06,801880.SI,2794.69,2812.95,2694.02,2726.38,555270123,5760126241
2014-01-07,801880.SI,2708.17,2761.11,2678.15,2725.25,373101607,4023793660
2014-01-08,801880.SI,2731.86,2779.45,2684.74,2724.76,449892167,5063412166
2014-01-09,801880.SI,2715.95,2755.92,2655.21,2677.76,477571763,5308679093
2014-01-10,801880.SI,2672.38,2701.28,2609.55,2647.30,389411494,4124241535
2014-01-13,801880.SI,2645.85,2686.77,2605.64,2638.94,366614369,3722042208
2014-01-14,801880.SI,2644.33,2722.15,2618.14,2702.72,504192933,4976996539
2014-01-15,801880.SI,2695.17,2738.41,2658.65,2711.16,505907413,5099637080
2014-01-16,801880.SI,2704.75,2737.36,2663.46,2695.24,446937678,4758607139
2014-01-17,801880.SI,2688.16,2709.08,2632.97,2648.15,419261513,4279386272
2014-01-20,801880.SI,2645.32,2676.68,2593.43,2623.36,356937577,3661399871
2014-01-21,801880.SI,2627.16,2684.21,2612.66,2658.84,378744415,3807536230
2014-01-22,801880.SI,2666.04,2753.04,2647.61,2737.30,563938834,6006010316
2014-01-23,801880.SI,2741.74,2787.57,2711.91,2746.20,553927447,5910960720
2014-01-24,801880.SI,2745.88,2811.40,2723.54,2777.95,616164561,6487642620
2014-01-27,801880.SI,2768.37,2811.69,2725.27,2763.59,652919915,6398567516
2014-01-28,801880.SI,2774.37,2820.42,2735.20,2776.19,522220153,5567383242
2014-01-29,801880.SI,2783.03,2820.94,2751.65,2788.61,523427550,5283733327
2014-01-30,801880.SI,2781.54,2809.94,2736.18,2757.77,362356485,3789568052
2014-02-07,801880.SI,2738.72,2801.18,2699.55,2783.31,524553878,5324805798
2014-02-10,801880.SI,2802.85,2951.73,2791.66,2925.78,1082447672,11074182217
2014-02-11,801880.SI,2950.57,2994.54,2889.87,2931.10,1060902865,11080888110
2014-02-12,801880.SI,2936.94,2999.73,2893.70,2957.76,976541311,10337158285
2014-02-13,801880.SI,2964.53,3042.17,2907.45,2952.55,1154901158,12099564837
2014-02-14,801880.SI,2944.97,3011.25,2915.25,2980.26,806519683,8568162005
2014-02-17,801880.SI,3004.65,3073.81,2965.89,3046.65,1080431931,11315141220
2014-02-18,801880.SI,3058.07,3102.52,2988.27,3034.97,1177821733,12215584361
2014-02-19,801880.SI,3047.09,3100.10,2991.92,3038.23,1016920627,10750793758
2014-02-20,801880.SI,2995.65,2995.65,2995.65,2995.65,932775164,9684732626
2014-02-21,801880.SI,2991.20,3006.57,2953.55,2984.50,743270000,7788880000
2014-02-24,801880.SI,2965.07,2965.12,2910.27,2944.25,791040000,9357510000
2014-02-25,801880.SI,2945.01,2954.30,2812.86,2830.47,1222850000,14179910000
2014-02-26,801880.SI,2819.98,2886.53,2809.91,2886.53,1073300000,12231390000
2014-02-27,801880.SI,2902.14,2962.04,2864.70,2865.18,1242990000,14600040000
2014-02-28,801880.SI,2852.85,2932.15,2831.96,2929.19,986800000,11848220000
2014-03-03,801880.SI,2937.21,2989.16,2931.18,2988.02,1071020000,12545690000
2014-03-04,801880.SI,2972.82,2982.93,2950.58,2978.01,1066500000,12952960000
2014-03-05,801880.SI,2983.91,2993.91,2947.87,2954.23,975570000,10985660000
2014-03-06,801880.SI,2948.69,2948.92,2883.38,2930.15,835250000,9930230000
2014-03-07,801880.SI,2925.99,2956.76,2924.01,2944.66,897730000,10721710000
2014-03-10,801880.SI,2925.42,2925.53,2854.73,2857.32,928040000,10786840000
2014-03-11,801880.SI,2848.12,2867.51,2813.83,2842.92,768850000,9490610000
2014-03-12,801880.SI,2832.83,2845.86,2787.17,2842.74,811870000,9542260000
2014-03-13,801880.SI,2839.28,2867.10,2830.04,2867.10,624900000,7222110000
2014-03-14,801880.SI,2851.31,2863.57,2833.19,2845.57,625880000,6928690000
2014-03-17,801880.SI,2850.52,2920.03,2850.46,2920.03,765950000,8720710000
2014-03-18,801880.SI,2920.43,2955.26,2917.53,2927.35,861620000,9797960000
2014-03-19,801880.SI,2918.70,2918.72,2877.65,2909.06,811920000,9404690000
2014-03-20,801880.SI,2896.42,2911.57,2816.40,2816.40,900360000,10237830000
2014-03-21,801880.SI,2805.08,2880.15,2783.30,2872.58,895200000,9447480000
2014-03-24,801880.SI,2874.37,2896.75,2857.70,2892.17,867680000,8975380000
2014-03-25,801880.SI,2885.24,2929.03,2876.09,2907.56,888830000,9193070000
2014-03-26,801880.SI,2909.76,2939.29,2907.44,2928.69,884460000,8963120000
2014-03-27,801880.SI,2925.91,2926.66,2885.82,2885.82,931400000,9611080000
2014-03-28,801880.SI,2895.84,2910.84,2859.05,2862.26,1049640000,10908560000
2014-03-31,801880.SI,2861.50,2872.99,2823.91,2842.02,652920000,6633720000
2014-04-01,801880.SI,2836.46,2870.25,2832.68,2868.84,521700000,5363330000
2014-04-02,801880.SI,2871.62,2894.18,2871.37,2883.60,618530000,6612010000
2014-04-03,801880.SI,2886.53,2905.44,2871.64,2882.83,648830000,7271790000
2014-04-04,801880.SI,2880.45,2927.34,2878.01,2927.10,643830000,6740910000
2014-04-08,801880.SI,2915.60,2983.11,2911.55,2983.11,858160000,9123920000
2014-04-09,801880.SI,2986.69,2995.84,2975.77,2995.68,744040000,8206310000
2014-04-10,801880.SI,2995.55,3043.34,2986.87,3030.32,934920000,11069270000
2014-04-11,801880.SI,3018.75,3033.78,3001.18,3019.25,856440000,9770320000
2014-04-14,801880.SI,3030.79,3056.07,3030.77,3054.02,709090000,7919890000
2014-04-15,801880.SI,3060.42,3060.49,3006.72,3009.96,746320000,8560920000
2014-04-16,801880.SI,3003.46,3025.41,2997.34,3004.43,576730000,6044840000
2014-04-17,801880.SI,3013.05,3020.24,2997.24,3010.45,593540000,6143100000
2014-04-18,801880.SI,3002.89,3017.55,2991.80,3016.45,587130000,6423410000
2014-04-21,801880.SI,2998.40,3012.09,2954.85,2955.03,673520000,7532830000
2014-04-22,801880.SI,2946.90,2961.46,2895.00,2941.14,669200000,7381540000
2014-04-23,801880.SI,2929.46,2936.43,2911.65,2930.47,554050000,6139870000
2014-04-24,801880.SI,2925.47,2939.86,2911.03,2916.57,552590000,5573410000
2014-04-25,801880.SI,2918.04,2925.96,2870.05,2871.46,578490000,5725280000
2014-04-28,801880.SI,2861.35,2864.89,2811.68,2814.77,517520000,5055970000
2014-04-29,801880.SI,2813.74,2871.49,2811.67,2871.49,487920000,4999220000
2014-04-30,801880.SI,2876.76,2894.23,2868.16,2891.82,489990000,5290350000
2014-05-05,801880.SI,2886.63,2915.06,2878.00,2915.06,464550000,5181830000
2014-05-06,801880.SI,2914.92,2934.49,2904.84,2914.46,477980000,5547710000
2014-05-07,801880.SI,2904.94,2908.65,2864.37,2864.37,486670000,5676530000
2014-05-08,801880.SI,2857.28,2898.70,2850.91,2860.05,478260000,5422900000
2014-05-09,801880.SI,2846.54,2847.37,2804.67,2821.75,406900000,4552720000
2014-05-12,801880.SI,2833.18,2880.90,2820.49,2880.90,553480000,6499900000
2014-05-13,801880.SI,2878.17,2878.43,2855.14,2868.72,404960000,4785620000
2014-05-14,801880.SI,2858.38,2867.22,2850.53,2858.90,349390000,4139640000
2014-05-15,801880.SI,2855.14,2858.56,2812.30,2813.65,466230000,5436230000
2014-05-16,801880.SI,2809.70,2815.66,2787.63,2814.98,393600000,4650650000
2014-05-19,801880.SI,2815.31,2816.18,2786.61,2801.99,343980000,3794790000
2014-05-20,801880.SI,2816.53,2834.57,2806.66,2810.29,363740000,4127010000
2014-05-21,801880.SI,2802.48,2845.31,2785.68,2845.31,338560000,3769090000
2014-05-22,801880.SI,2846.29,2867.68,2830.60,2831.95,430710000,4903630000
2014-05-23,801880.SI,2830.06,2853.09,2825.74,2852.90,383970000,4459990000
2014-05-26,801880.SI,2891.43,2907.62,2885.61,2898.30,627260000,8332060000
2014-05-27,801880.SI,2895.80,2914.87,2891.26,2898.87,540430000,7159710000
2014-05-28,801880.SI,2899.35,2924.45,2889.70,2922.84,510780000,6943770000
2014-05-29,801880.SI,2920.91,2932.17,2892.84,2892.84,521560000,7400150000
2014-05-30,801880.SI,2890.62,2920.61,2880.43,2904.89,510450000,6759690000
2014-06-03,801880.SI,2910.72,2917.50,2899.14,2899.14,480890000,5758950000
2014-06-04,801880.SI,2895.46,2895.49,2850.57,2878.38,514590000,5947530000
2014-06-05,801880.SI,2869.94,2904.14,2866.32,2904.14,446720000,5241370000
2014-06-06,801880.SI,2903.72,2909.89,2879.41,2893.49,485940000,5677940000
2014-06-09,801880.SI,2882.25,2901.52,2874.94,2885.30,484840000,5822970000
2014-06-10,801880.SI,2887.95,2928.03,2879.19,2928.03,565760000,6514260000
2014-06-11,801880.SI,2919.82,2938.17,2914.78,2937.91,514120000,6281650000
2014-06-12,801880.SI,2931.78,2946.62,2927.77,2928.26,533460000,6268450000
2014-06-13,801880.SI,2929.13,2997.18,2929.09,2992.93,719010000,9410760000
2014-06-16,801880.SI,2992.52,3035.34,2992.39,3028.59,774990000,9974090000
2014-06-17,801880.SI,3019.97,3020.14,2987.75,2989.91,623930000,7909660000
2014-06-18,801880.SI,2989.70,2994.74,2972.49,2977.31,603910000,7252140000
2014-06-19,801880.SI,2977.92,2984.12,2892.24,2905.84,607090000,7287250000
2014-06-20,801880.SI,2903.15,2935.68,2903.15,2935.68,556680000,6523220000
2014-06-23,801880.SI,2940.05,2969.92,2937.78,2960.05,524640000,6997930000
2014-06-24,801880.SI,2964.68,2997.73,2964.45,2997.73,491270000,7011550000
2014-06-25,801880.SI,2998.63,2999.00,2975.53,2986.41,504670000,7154410000
2014-06-26,801880.SI,2987.36,3022.57,2987.36,3022.39,653890000,8534110000
2014-06-27,801880.SI,3025.94,3062.99,3016.16,3046.65,817980000,10929470000
2014-06-30,801880.SI,3051.03,3073.03,3044.22,3066.58,888230000,10624420000
2014-07-01,801880.SI,3071.31,3085.12,3062.94,3083.52,813210000,10527730000
2014-07-02,801880.SI,3081.18,3101.06,3066.96,3101.06,832870000,8781650000
2014-07-03,801880.SI,3097.41,3153.32,3093.58,3142.22,905930000,9604450000
2014-07-04,801880.SI,3147.67,3150.50,3124.97,3134.28,917190000,9850630000
2014-07-07,801880.SI,3135.91,3149.83,3115.14,3121.99,760400000,8394620000
2014-07-08,801880.SI,3118.50,3170.09,3108.87,3170.09,878540000,10265890000
2014-07-09,801880.SI,3163.26,3182.53,3129.50,3130.29,946460000,10799050000
2014-07-10,801880.SI,3151.42,3162.73,3114.38,3119.90,780810000,9055770000
2014-07-11,801880.SI,3123.20,3172.62,3115.11,3161.12,910300000,10324100000
2014-07-14,801880.SI,3175.49,3285.40,3175.48,3274.56,1585470000,17476700000
2014-07-15,801880.SI,3280.30,3280.34,3226.95,3259.23,1539120000,16962520000
2014-07-16,801880.SI,3248.77,3263.59,3203.75,3217.55,1178720000,12003250000
2014-07-17,801880.SI,3207.97,3208.10,3144.97,3171.12,873310000,9304700000
2014-07-18,801880.SI,3156.29,3206.34,3154.11,3179.38,775270000,8505110000
2014-07-21,801880.SI,3176.43,3208.25,3175.99,3192.31,709250000,7704080000
2014-07-22,801880.SI,3193.45,3295.80,3193.32,3276.81,1256040000,13861210000
2014-07-23,801880.SI,3272.89,3274.34,3238.19,3254.24,1106370000,12047010000
2014-07-24,801880.SI,3270.44,3287.12,3229.94,3271.88,917940000,10484670000
2014-07-25,801880.SI,3275.90,3310.45,3269.97,3310.45,725400000,8198070000
2014-07-28,801880.SI,3323.93,3358.55,3323.77,3355.23,1047940000,11915290000
2014-07-29,801880.SI,3357.84,3419.17,3346.04,3394.75,1273880000,15106460000
2014-07-30,801880.SI,3363.35,3396.61,3351.89,3376.70,1168820000,13299530000
2014-07-31,801880.SI,3374.03,3406.40,3367.78,3406.40,1041690000,11763040000
2014-08-01,801880.SI,3396.69,3426.49,3368.25,3377.12,1155900000,13217420000
2014-08-04,801880.SI,3377.83,3444.59,3377.83,3444.59,1105100000,12557030000
2014-08-05,801880.SI,3450.73,3462.98,3435.01,3462.98,1138690000,12419780000
2014-08-06,801880.SI,3453.88,3494.04,3442.55,3485.62,1190750000,12174800000
2014-08-07,801880.SI,3489.85,3506.42,3426.34,3429.57,1116020000,12149110000
2014-08-08,801880.SI,3425.65,3449.40,3413.54,3439.89,1013570000,10888580000
2014-08-11,801880.SI,3443.13,3506.01,3436.84,3506.01,1096950000,12376430000
2014-08-12,801880.SI,3498.60,3513.10,3484.67,3511.90,1060820000,11885550000
2014-08-13,801880.SI,3511.26,3529.75,3475.97,3511.36,1160340000,12075720000
2014-08-14,801880.SI,3509.16,3565.53,3501.28,3513.92,1494390000,15237960000
2014-08-15,801880.SI,3509.24,3546.69,3499.75,3544.91,1017080000,10998400000
2014-08-18,801880.SI,3548.91,3572.04,3546.32,3570.57,1063000000,11661230000
2014-08-19,801880.SI,3579.59,3583.45,3548.86,3575.14,1203850000,13035570000
2014-08-20,801880.SI,3576.50,3584.34,3552.12,3562.09,1308090000,14042640000
2014-08-21,801880.SI,3562.83,3562.83,3501.31,3543.78,1308300000,13162160000
2014-08-22,801880.SI,3536.91,3545.85,3513.08,3536.89,990400000,10415520000
2014-08-25,801880.SI,3532.40,3536.89,3477.01,3494.17,982620000,10368030000
2014-08-26,801880.SI,3488.61,3508.69,3448.62,3461.78,962410000,10105690000
2014-08-27,801880.SI,3463.79,3500.94,3463.12,3488.97,841950000,9117580000
2014-08-28,801880.SI,3484.69,3490.09,3444.25,3454.38,822380000,8773710000
2014-08-29,801880.SI,3456.23,3507.20,3451.09,3507.20,711220000,7780950000
2014-09-01,801880.SI,3523.03,3563.42,3522.96,3563.42,936450000,10476360000
2014-09-02,801880.SI,3572.99,3602.38,3559.27,3600.72,1201990000,13527290000
2014-09-03,801880.SI,3611.96,3649.46,3611.89,3636.15,1204010000,14581260000
2014-09-04,801880.SI,3637.15,3656.29,3621.09,3652.26,1313060000,14376350000
2014-09-05,801880.SI,3661.08,3687.88,3647.96,3687.44,1289010000,14557810000
2014-09-09,801880.SI,3691.94,3728.44,3675.73,3728.44,1379010000,15022840000
2014-09-10,801880.SI,3709.69,3718.19,3679.84,3708.28,1201440000,13275150000
2014-09-11,801880.SI,3706.95,3742.77,3663.06,3681.31,1296030000,14683620000
2014-09-12,801880.SI,3679.05,3722.56,3675.29,3722.56,1139530000,12305110000
2014-09-15,801880.SI,3717.41,3733.22,3696.50,3732.39,1267970000,13851920000
2014-09-16,801880.SI,3732.05,3734.20,3599.32,3600.00,1581450000,17409010000
2014-09-17,801880.SI,3604.26,3618.03,3554.16,3612.99,1066900000,11743100000
2014-09-18,801880.SI,3604.27,3640.16,3595.64,3633.61,911830000,9797990000
2014-09-19,801880.SI,3632.94,3672.43,3631.08,3668.21,870190000,9657830000
2014-09-22,801880.SI,3662.70,3662.70,3600.91,3611.26,874200000,9702150000
2014-09-23,801880.SI,3608.86,3652.17,3607.71,3645.87,819880000,8985650000
2014-09-24,801880.SI,3636.05,3707.06,3629.83,3705.99,1131820000,12596590000
2014-09-25,801880.SI,3725.89,3751.26,3696.44,3707.10,1195400000,13348880000
2014-09-26,801880.SI,3704.21,3725.81,3689.07,3725.81,1045020000,11199920000
2014-09-29,801880.SI,3734.73,3772.23,3734.73,3771.94,1144650000,13154740000
2014-09-30,801880.SI,3772.71,3795.92,3756.57,3790.48,1011190000,11544120000
2014-10-08,801880.SI,3797.74,3848.57,3787.55,3848.57,1207290000,13509620000
2014-10-09,801880.SI,3854.55,3874.72,3822.20,3874.72,1456210000,17569650000
2014-10-10,801880.SI,3858.44,3877.23,3833.13,3839.54,1470530000,17481280000
2014-10-13,801880.SI,3822.45,3832.88,3774.95,3832.88,1273010000,14852370000
2014-10-14,801880.SI,3824.74,3839.84,3776.50,3798.09,1173450000,13587810000
2014-10-15,801880.SI,3797.25,3814.80,3767.41,3814.80,1073470000,13021420000
2014-10-16,801880.SI,3786.44,3815.34,3743.33,3743.33,1101060000,13135200000
2014-10-17,801880.SI,3737.85,3770.71,3659.13,3751.93,1191420000,13638350000
2014-10-20,801880.SI,3749.39,3809.73,3748.90,3808.58,1029300000,12407340000
2014-10-21,801880.SI,3805.40,3814.91,3764.04,3766.57,979460000,11738250000
2014-10-22,801880.SI,3767.23,3802.11,3744.57,3748.30,976660000,12499080000
2014-10-23,801880.SI,3741.04,3761.44,3699.34,3713.56,961030000,11897660000
2014-10-24,801880.SI,3707.99,3727.83,3688.27,3698.30,694940000,9113460000
2014-10-27,801880.SI,3689.54,3705.48,3667.65,3705.48,708140000,9188180000
2014-10-28,801880.SI,3708.96,3789.53,3708.20,3789.53,1023680000,12839230000
2014-10-29,801880.SI,3795.94,3848.33,3788.66,3839.39,1419400000,17627350000
2014-10-30,801880.SI,3840.20,3867.75,3826.10,3859.23,1433010000,17436080000
2014-10-31,801880.SI,3858.25,3883.45,3836.75,3861.73,1311660000,15766680000
2014-11-03,801880.SI,3869.83,3891.00,3853.80,3870.61,1227860000,14991180000
2014-11-04,801880.SI,3864.95,3866.36,3826.95,3843.32,1191720000,14751560000
2014-11-05,801880.SI,3834.92,3840.31,3820.42,3827.58,914740000,11040060000
2014-11-06,801880.SI,3828.27,3848.96,3800.80,3848.35,923200000,11614980000
2014-11-07,801880.SI,3851.71,3859.70,3792.71,3812.05,1052350000,13686820000
2014-11-10,801880.SI,3824.41,3887.78,3821.68,3887.70,1061400000,14001170000
2014-11-11,801880.SI,3898.39,3899.30,3743.06,3774.48,1277300000,16633410000
2014-11-12,801880.SI,3765.47,3833.83,3761.03,3833.83,823090000,11698190000
2014-11-13,801880.SI,3830.46,3830.46,3765.11,3795.21,927650000,12531670000
2014-11-14,801880.SI,3783.06,3792.29,3761.76,3791.73,711380000,9887350000
2014-11-17,801880.SI,3856.57,3868.63,3815.91,3842.36,904740000,12633430000
2014-11-18,801880.SI,3837.94,3846.86,3824.10,3846.86,800820000,10111110000
2014-11-19,801880.SI,3841.09,3852.26,3826.99,3834.75,796040000,10129120000
2014-11-20,801880.SI,3818.78,3834.39,3808.15,3827.90,680020000,8535050000
2014-11-21,801880.SI,3824.56,3870.04,3820.90,3868.96,727560000,9198790000
2014-11-24,801880.SI,3906.44,3930.50,3883.08,3922.20,1075570000,13665200000
2014-11-25,801880.SI,3924.06,3973.88,3917.85,3973.58,1086800000,13768440000
2014-11-26,801880.SI,3982.30,3993.16,3945.06,3977.94,1218000000,14713400000
2014-11-27,801880.SI,3986.19,3989.36,3950.81,3982.86,1322020000,16692200000
2014-11-28,801880.SI,3976.78,3984.42,3937.03,3979.07,1514800000,18539900000
2014-12-01,801880.SI,3969.84,3997.04,3918.41,3941.46,1265690000,16399390000
2014-12-02,801880.SI,3931.67,4014.40,3930.09,4001.49,1215760000,15219100000
2014-12-03,801880.SI,4008.42,4055.66,3995.53,4055.66,1860680000,23388200000
2014-12-04,801880.SI,4069.81,4124.11,4069.81,4123.58,1796420000,22594540000
2014-12-05,801880.SI,4135.02,4159.00,3960.42,4075.09,2018020000,26125540000
2014-12-08,801880.SI,4059.94,4158.21,4033.36,4144.55,1778560000,23971780000
2014-12-09,801880.SI,4126.23,4238.09,3973.89,3996.03,2249610000,30601150000
2014-12-10,801880.SI,4006.05,4169.40,4006.05,4167.85,1413210000,19954210000
2014-12-11,801880.SI,4160.59,4227.86,4136.90,4200.75,1547900000,20251080000
2014-12-12,801880.SI,4205.18,4218.33,4179.28,4204.76,1242310000,16496240000
2014-12-15,801880.SI,4191.25,4247.99,4156.80,4241.00,1265950000,16289640000
2014-12-16,801880.SI,4237.12,4254.43,4199.43,4238.06,1348710000,16920240000
2014-12-17,801880.SI,4232.91,4253.48,4159.43,4204.79,1659370000,20710740000
2014-12-18,801880.SI,4194.44,4218.11,4163.84,4163.84,1187340000,16483090000
2014-12-19,801880.SI,4159.52,4172.86,4066.78,4149.39,1353130000,18722450000
2014-12-22,801880.SI,4141.10,4141.19,3969.52,3992.32,1476900000,19056240000
2014-12-23,801880.SI,3976.22,4011.74,3938.36,3942.13,992440000,13095050000
2014-12-24,801880.SI,3952.43,3960.33,3900.64,3934.29,930310000,12612000000
2014-12-25,801880.SI,3954.05,3997.08,3940.51,3995.91,1068750000,13443240000
2014-12-26,801880.SI,4000.12,4031.13,3981.79,4030.69,1096490000,13895900000
2014-12-29,801880.SI,4041.15,4048.26,3929.44,3954.30,1310000000,16455760000
2014-12-30,801880.SI,3925.98,3959.10,3861.74,3876.18,1105120000,14296560000
2014-12-31,801880.SI,3885.77,3938.55,3878.09,3934.40,929860000,11622640000
2015-01-05,801880.SI,3949.09,4152.80,3949.08,4141.25,1610800000,21973070000
2015-01-06,801880.SI,4118.48,4324.98,4100.40,4258.60,1828130000,26001540000
2015-01-07,801880.SI,4234.24,4244.48,4205.26,4234.47,1097910000,15475840000
2015-01-08,801880.SI,4229.21,4260.26,4177.29,4223.97,1162400000,15256120000
2015-01-09,801880.SI,4216.60,4280.78,4178.34,4180.71,1123750000,15997400000
2015-01-12,801880.SI,4167.08,4234.09,4161.65,4227.36,1018500000,14739520000
2015-01-13,801880.SI,4223.58,4323.99,4223.01,4298.51,856730000,13472570000
2015-01-14,801880.SI,4295.94,4309.08,4218.85,4231.44,729240000,10369300000
2015-01-15,801880.SI,4227.10,4266.19,4212.85,4266.19,713100000,10063780000
2015-01-16,801880.SI,4271.45,4313.27,4271.09,4295.76,902390000,12103390000
2015-01-19,801880.SI,4147.90,4220.02,4000.52,4053.93,1265070000,16881260000
2015-01-20,801880.SI,4077.56,4195.21,4077.48,4192.36,1038420000,14720400000
2015-01-21,801880.SI,4212.23,4311.23,4204.95,4308.25,1187850000,16700920000
2015-01-22,801880.SI,4325.90,4361.38,4295.72,4353.71,1233780000,17352730000
2015-01-23,801880.SI,4362.77,4377.81,4295.34,4309.74,1039180000,14627990000
2015-01-26,801880.SI,4319.17,4364.88,4306.45,4364.74,1002590000,13428490000
2015-01-27,801880.SI,4376.95,4461.48,4364.20,4434.35,1499480000,19955950000
2015-01-28,801880.SI,4415.13,4442.32,4367.32,4385.77,1153330000,15329450000
2015-01-29,801880.SI,4352.90,4354.07,4305.96,4332.63,862050000,11644120000
2015-01-30,801880.SI,4338.36,4364.61,4266.75,4266.91,792800000,11308540000
2015-02-02,801880.SI,4225.35,4264.46,4202.95,4231.80,717550000,10378850000
2015-02-03,801880.SI,4265.30,4317.77,4257.13,4316.26,849330000,12054040000
2015-02-04,801880.SI,4338.17,4370.70,4293.62,4296.45,932970000,13611720000
2015-02-05,801880.SI,4337.22,4345.95,4254.65,4255.25,923040000,13212280000
2015-02-06,801880.SI,4258.58,4276.56,4167.35,4192.46,791020000,11554630000
2015-02-09,801880.SI,4196.86,4237.60,4195.53,4206.16,666120000,9988360000
2015-02-10,801880.SI,4208.75,4285.98,4204.93,4285.98,656600000,9619620000
2015-02-11,801880.SI,4288.30,4343.21,4284.16,4321.82,600860000,8851820000
2015-02-12,801880.SI,4330.11,4352.40,4297.85,4345.17,672170000,9018940000
2015-02-13,801880.SI,4362.51,4425.43,4362.21,4392.75,976050000,13754510000
2015-02-16,801880.SI,4407.67,4477.66,4406.12,4476.13,1018860000,15356380000
2015-02-17,801880.SI,4505.11,4585.68,4504.85,4574.87,1207360000,17515970000
2015-02-25,801880.SI,4598.61,4598.61,4541.11,4561.74,1050710000,16186260000
2015-02-26,801880.SI,4559.47,4601.94,4547.50,4601.35,973150000,14536340000
2015-02-27,801880.SI,4598.35,4617.36,4594.19,4612.93,1142210000,15966980000
2015-03-02,801880.SI,4662.89,4700.61,4648.66,4694.78,1717880000,23603150000
2015-03-03,801880.SI,4683.39,4696.48,4613.02,4614.99,1677630000,24831960000
2015-03-04,801880.SI,4619.48,4686.28,4617.48,4686.28,1377410000,19294810000
2015-03-05,801880.SI,4669.92,4715.31,4645.17,4715.31,1599350000,22164220000
2015-03-06,801880.SI,4732.79,4737.69,4622.64,4623.67,1467910000,21816100000
2015-03-09,801880.SI,4601.80,4675.70,4578.13,4675.64,1212280000,16418930000
2015-03-10,801880.SI,4672.47,4720.67,4668.01,4700.90,1178750000,16677730000
2015-03-11,801880.SI,4699.88,4731.10,4699.88,4726.72,1258130000,17322530000
2015-03-12,801880.SI,4731.47,4752.93,4720.00,4738.43,1243790000,18851840000
2015-03-13,801880.SI,4753.07,4775.84,4748.26,4775.84,1142380000,16520940000
2015-03-16,801880.SI,4778.23,4868.16,4774.69,4868.16,1683810000,23896300000
2015-03-17,801880.SI,4892.89,4946.52,4875.28,4946.52,2078710000,29643420000
2015-03-18,801880.SI,4947.18,5005.05,4933.88,5005.05,1877770000,28439360000
2015-03-19,801880.SI,5003.36,5040.73,4988.11,5034.22,1984350000,28867300000
2015-03-20,801880.SI,5030.38,5062.53,5019.56,5051.91,1760440000,26723060000
2015-03-23,801880.SI,5075.67,5154.51,5074.57,5154.51,2061600000,31207690000
2015-03-24,801880.SI,5155.30,5193.58,5054.95,5176.25,2447120000,37085110000
2015-03-25,801880.SI,5167.96,5253.83,5150.50,5234.59,2371540000,37590580000
2015-03-26,801880.SI,5217.36,5266.37,5165.57,5205.04,2329850000,36945370000
2015-03-27,801880.SI,5205.57,5235.07,5162.12,5226.32,1683330000,26643220000
2015-03-30,801880.SI,5241.77,5308.76,5240.78,5295.42,1997180000,31937150000
2015-03-31,801880.SI,5322.50,5333.76,5258.54,5270.50,1964460000,32756610000
2015-04-01,801880.SI,5289.32,5444.85,5289.32,5430.15,2217060000,35867570000
2015-04-02,801880.SI,5458.85,5511.00,5425.90,5510.71,2488070000,40982990000
2015-04-03,801880.SI,5496.27,5610.38,5476.95,5604.85,2399290000,40113280000
2015-04-07,801880.SI,5634.97,5674.31,5616.48,5673.85,2336950000,41792550000
2015-04-08,801880.SI,5688.78,5692.09,5519.77,5611.73,2366990000,40518080000
2015-04-09,801880.SI,5608.56,5608.56,5364.80,5500.29,2151170000,35790420000
2015-04-10,801880.SI,5494.02,5602.91,5476.35,5596.93,1788810000,30377880000
2015-04-13,801880.SI,5632.68,5721.58,5600.13,5711.96,2303320000,42121670000
2015-04-14,801880.SI,5702.99,5748.63,5660.66,5710.23,2228160000,38438940000
2015-04-15,801880.SI,5683.28,5686.38,5538.31,5545.47,1951250000,33491800000
2015-04-16,801880.SI,5506.82,5678.86,5461.38,5660.29,1762550000,31600300000
2015-04-17,801880.SI,5709.06,5742.72,5670.93,5714.14,2127490000,38336770000
2015-04-20,801880.SI,5693.36,5729.71,5582.08,5591.28,2372800000,41561530000
2015-04-21,801880.SI,5600.60,5787.71,5600.60,5787.71,1919530000,34038940000
2015-04-22,801880.SI,5843.16,5917.50,5843.16,5911.83,2204960000,41554430000
2015-04-23,801880.SI,5998.90,6082.56,5973.07,6048.34,2737360000,49987530000
2015-04-24,801880.SI,6028.92,6091.19,5975.34,6075.70,2484670000,44007320000
2015-04-27,801880.SI,6137.50,6168.20,6039.15,6111.98,2484530000,46483120000
2015-04-28,801880.SI,6113.17,6115.70,5871.82,5922.57,2335910000,45905020000
2015-04-29,801880.SI,5884.03,6036.26,5859.06,6014.19,1812770000,34398920000
2015-04-30,801880.SI,6033.97,6075.07,5969.82,5969.82,1748840000,33572520000
2015-05-04,801880.SI,6009.87,6092.18,5990.85,6057.83,1735770000,32270110000
2015-05-05,801880.SI,6062.83,6062.83,5812.09,5829.81,1766500000,33600680000
2015-05-06,801880.SI,5855.47,5926.77,5729.95,5765.51,1474620000,27353540000
2015-05-07,801880.SI,5751.79,5778.30,5679.81,5699.18,1334990000,22812360000
2015-05-08,801880.SI,5744.45,5845.01,5717.74,5844.18,1469360000,28010670000
2015-05-11,801880.SI,5900.98,6051.50,5860.78,6051.50,1949380000,38550710000
2015-05-12,801880.SI,6075.30,6122.63,6021.95,6122.27,2176660000,42147420000
2015-05-13,801880.SI,6113.97,6191.37,6063.76,6142.12,2248050000,43863770000
2015-05-14,801880.SI,6154.29,6179.65,6084.58,6137.01,1969070000,41434260000
2015-05-15,801880.SI,6129.82,6140.32,5997.61,6094.05,2133120000,42164700000
2015-05-18,801880.SI,6078.53,6187.70,6050.27,6181.38,2086530000,41929940000
2015-05-19,801880.SI,6202.02,6330.55,6202.01,6329.77,2418720000,48804050000
2015-05-20,801880.SI,6342.52,6542.40,6342.52,6439.60,2643050000,54361470000
2015-05-21,801880.SI,6454.43,6645.84,6454.43,6645.84,2493010000,51447040000
2015-05-22,801880.SI,6743.64,6784.25,6623.25,6766.42,2959620000,61363660000
2015-05-25,801880.SI,6738.14,6957.26,6703.89,6957.26,2935120000,60338790000
2015-05-26,801880.SI,7018.08,7171.72,6946.29,7171.19,3205280000,66799300000
2015-05-27,801880.SI,7211.41,7252.70,7063.63,7223.95,2988180000,64981740000
2015-05-28,801880.SI,7237.62,7330.35,6822.76,6827.28,3242920000,70150900000
2015-05-29,801880.SI,6804.79,6995.27,6548.60,6881.84,2662380000,55773060000
2015-06-01,801880.SI,6929.74,7210.16,6929.74,7209.95,2453050000,52150640000
2015-06-02,801880.SI,7269.01,7464.90,7240.12,7464.38,2816280000,61610300000
2015-06-03,801880.SI,7509.90,7555.09,7316.64,7487.39,2678550000,60277600000
2015-06-04,801880.SI,7513.25,7522.90,7047.43,7479.69,2696940000,61454250000
2015-06-05,801880.SI,7577.66,7650.77,7410.25,7580.52,3121680000,72124080000
2015-06-08,801880.SI,7598.22,7598.22,7434.64,7562.43,3215520000,72338450000
2015-06-09,801880.SI,7554.72,7597.03,7451.52,7540.18,2660880000,59935620000
2015-06-10,801880.SI,7472.97,7665.70,7401.04,7600.04,2581620000,58083700000
2015-06-11,801880.SI,7610.56,7673.77,7610.56,7673.77,2415870000,56034770000
2015-06-12,801880.SI,7719.86,7888.56,7719.86,7868.19,3067740000,71900560000
2015-06-15,801880.SI,7888.56,7978.03,7767.01,7833.28,3114520000,72110910000
2015-06-16,801880.SI,7728.37,7736.58,7467.37,7537.95,2444820000,54387500000
2015-06-17,801880.SI,7521.19,7641.81,7277.49,7612.69,2213970000,49568600000
2015-06-18,801880.SI,7606.67,7689.98,7407.80,7423.60,2157780000,47047670000
2015-06-19,801880.SI,7247.34,7319.00,6917.83,6918.30,1957960000,39787820000
2015-06-23,801880.SI,6880.32,6980.43,6507.32,6978.85,2257700000,43164050000
2015-06-24,801880.SI,7027.00,7145.65,6905.67,7145.65,2443450000,50061420000
2015-06-25,801880.SI,7141.86,7148.27,6749.88,6820.83,2308160000,47188230000
2015-06-26,801880.SI,6601.89,6602.23,6214.51,6252.10,2190900000,40696840000
2015-06-29,801880.SI,6386.65,6394.12,5730.64,5912.68,2716200000,46660060000
2015-06-30,801880.SI,5778.42,6242.80,5581.37,6235.64,2984610000,50318920000
2015-07-01,801880.SI,6163.85,6362.45,5908.25,5930.59,2696880000,48343190000
2015-07-02,801880.SI,5922.76,5960.92,5528.65,5601.69,2366310000,37323190000
2015-07-03,801880.SI,5438.30,5659.19,5189.95,5264.16,2299220000,32514390000
2015-07-06,801880.SI,5652.76,5652.76,4997.90,5183.18,3022240000,42856200000
2015-07-07,801880.SI,5009.38,5044.12,4867.61,4942.54,2065230000,28568440000
2015-07-08,801880.SI,4674.16,4754.24,4656.52,4733.16,2247870000,30274540000
2015-07-09,801880.SI,4661.08,4998.37,4632.31,4997.52,2057410000,27471690000
2015-07-10,801880.SI,5080.99,5288.59,5076.49,5265.06,1721910000,29545140000
2015-07-13,801880.SI,5372.19,5551.51,5330.04,5511.42,2355700000,41337400000
2015-07-14,801880.SI,5548.72,5666.58,5439.49,5480.29,2612140000,44386780000
2015-07-15,801880.SI,5464.23,5480.23,5145.32,5183.18,2911020000,40435850000
2015-07-16,801880.SI,5080.13,5344.34,4952.84,5228.51,2371240000,33938150000
2015-07-17,801880.SI,5254.06,5546.01,5252.82,5501.57,2458760000,36127150000
2015-07-20,801880.SI,5521.72,5634.87,5431.54,5549.91,2789520000,41562080000
2015-07-21,801880.SI,5482.38,5643.98,5431.10,5600.15,2299720000,35943510000
2015-07-22,801880.SI,5574.82,5634.89,5480.37,5622.87,2526830000,39114290000
2015-07-23,801880.SI,5621.79,5773.04,5597.03,5762.95,2824370000,45440750000
2015-07-24,801880.SI,5772.52,5835.13,5639.15,5675.19,2975750000,48961030000
2015-07-27,801880.SI,5554.03,5672.53,5210.19,5217.19,2692860000,42792050000
2015-07-28,801880.SI,4979.88,5269.85,4890.55,5097.61,2814190000,40078490000
2015-07-29,801880.SI,5169.77,5337.75,5034.99,5336.73,2235470000,33305400000
2015-07-30,801880.SI,5312.37,5406.27,5160.05,5180.68,2293330000,34594140000
2015-07-31,801880.SI,5108.71,5245.02,5085.49,5176.81,1793240000,27600780000
2015-08-03,801880.SI,5109.38,5166.94,5002.40,5114.48,1905610000,27762650000
2015-08-04,801880.SI,5126.72,5355.28,5097.19,5355.28,2072710000,32355560000
2015-08-05,801880.SI,5339.50,5427.71,5248.45,5290.47,2241760000,35211750000
2015-08-06,801880.SI,5187.96,5426.53,5166.84,5362.55,2132200000,33474650000
2015-08-07,801880.SI,5418.43,5492.29,5367.55,5490.91,2289910000,36727080000
2015-08-10,801880.SI,5549.35,5769.53,5490.91,5736.40,2762280000,43644270000
2015-08-11,801880.SI,5744.11,5824.31,5712.18,5750.85,3056540000,47999240000
2015-08-12,801880.SI,5686.00,5793.84,5649.39,5649.49,2452360000,39412500000
2015-08-13,801880.SI,5623.72,5797.06,5580.26,5797.06,2452010000,39510480000
2015-08-14,801880.SI,5831.27,5890.28,5795.43,5864.27,2766990000,46481130000
2015-08-17,801880.SI,5845.60,5973.03,5810.41,5965.67,2717620000,44483850000
2015-08-18,801880.SI,5995.98,6000.98,5486.62,5515.64,3368600000,53018590000
2015-08-19,801880.SI,5331.18,5678.75,5204.16,5649.39,3025960000,45050040000
2015-08-20,801880.SI,5577.67,5627.91,5405.30,5405.40,2442460000,36346190000
2015-08-21,801880.SI,5298.02,5360.93,5038.31,5048.92,2074940000,29716580000
2015-08-24,801880.SI,4806.02,4820.13,4592.94,4596.09,1730320000,22471270000
2015-08-25,801880.SI,4256.84,4433.64,4201.42,4222.85,2036520000,25409690000
2015-08-26,801880.SI,4226.93,4427.64,4056.24,4169.23,2959430000,36515270000
2015-08-27,801880.SI,4253.16,4395.37,4133.53,4395.09,2381240000,29990250000
2015-08-28,801880.SI,4478.35,4675.74,4412.66,4651.19,2670660000,34687840000
2015-08-31,801880.SI,4613.69,4615.98,4481.23,4552.38,2307950000,30424620000
2015-09-01,801880.SI,4478.11,4479.34,4248.42,4338.31,2032670000,24746090000
2015-09-02,801880.SI,4116.09,4405.69,4101.89,4260.90,2121760000,26082120000
2015-09-07,801880.SI,4308.03,4437.71,4199.45,4233.81,1682320000,21197290000
2015-09-08,801880.SI,4211.10,4420.19,4154.89,4408.24,1441830000,17962290000
2015-09-09,801880.SI,4441.75,4596.33,4428.23,4572.31,2281800000,30051350000
2015-09-10,801880.SI,4495.72,4573.08,4460.80,4474.24,1634840000,21788720000
2015-09-11,801880.SI,4463.77,4528.03,4426.07,4496.33,1344490000,17479860000
2015-09-14,801880.SI,4530.95,4546.75,4179.70,4238.87,1783800000,22533440000
2015-09-15,801880.SI,4117.57,4201.91,4008.80,4025.61,1395430000,15764320000
2015-09-16,801880.SI,4044.03,4358.17,4028.14,4325.00,1730590000,19998450000
2015-09-17,801880.SI,4306.53,4446.95,4235.10,4235.10,1973660000,24977420000
2015-09-18,801880.SI,4271.65,4325.44,4228.30,4297.13,1324400000,17740550000
2015-09-21,801880.SI,4253.06,4435.43,4231.30,4435.43,1536420000,20571340000
2015-09-22,801880.SI,4448.86,4507.47,4412.91,4456.56,1704330000,22875560000
2015-09-23,801880.SI,4377.14,4498.98,4363.20,4406.93,1642940000,22918280000
2015-09-24,801880.SI,4427.82,4469.92,4388.24,4458.44,1513720000,21349860000
2015-09-25,801880.SI,4438.64,4478.09,4302.42,4336.80,1601910000,20489920000
2015-09-28,801880.SI,4342.66,4472.71,4314.54,4468.81,1330010000,17189690000
2015-09-29,801880.SI,4395.83,4454.64,4363.72,4409.87,1312240000,17201300000
2015-09-30,801880.SI,4514.60,4546.37,4443.62,4475.44,1448010000,20433970000
2015-10-08,801880.SI,4658.68,4707.83,4611.94,4656.53,1890120000,27188950000
2015-10-09,801880.SI,4653.95,4718.66,4629.18,4699.37,1747600000,24410370000
2015-10-12,801880.SI,4718.32,4917.32,4718.14,4863.98,2567440000,36302740000
2015-10-13,801880.SI,4827.39,4927.41,4805.38,4911.46,2162520000,30308230000
2015-10-14,801880.SI,4878.03,4909.54,4799.09,4805.59,1978810000,28287330000
2015-10-15,801880.SI,4784.03,4944.00,4783.96,4943.52,2016340000,28107240000
2015-10-16,801880.SI,4989.96,5027.21,4909.34,5003.67,2335070000,33226560000
2015-10-19,801880.SI,5017.18,5134.74,4982.63,5134.60,3406150000,48234630000
2015-10-20,801880.SI,5122.53,5151.27,5046.60,5151.27,2804360000,43504880000
2015-10-21,801880.SI,5144.47,5161.52,4759.63,4775.94,3203350000,47469060000
2015-10-22,801880.SI,4755.32,4942.28,4726.19,4922.42,2370660000,37358280000
2015-10-23,801880.SI,4984.37,5066.65,4943.11,5045.49,2499370000,40307400000
2015-10-26,801880.SI,5113.93,5204.05,5052.66,5150.54,2916570000,49059680000
2015-10-27,801880.SI,5098.33,5178.21,4936.89,5157.91,2569200000,38879710000
2015-10-28,801880.SI,5132.56,5231.96,5065.46,5091.02,2464350000,40270270000
2015-10-29,801880.SI,5135.37,5189.04,5074.64,5150.24,2058360000,30623490000
2015-10-30,801880.SI,5136.73,5186.59,5033.95,5117.03,2140210000,32701140000
2015-11-02,801880.SI,5005.09,5125.74,4981.85,4981.85,1834900000,27958540000
2015-11-03,801880.SI,4984.66,5032.32,4923.06,4983.71,1559980000,25589460000
2015-11-04,801880.SI,5006.40,5221.69,5006.33,5221.66,2248250000,36541690000
2015-11-05,801880.SI,5237.32,5303.72,5210.89,5245.67,2869950000,44661070000
2015-11-06,801880.SI,5284.01,5379.36,5283.82,5372.77,2598130000,40282220000
2015-11-09,801880.SI,5357.68,5516.03,5329.27,5476.69,3158760000,51115300000
2015-11-10,801880.SI,5428.19,5491.30,5390.83,5460.99,2632460000,43006690000
2015-11-11,801880.SI,5473.99,5519.20,5452.24,5514.70,2287250000,38836730000
2015-11-12,801880.SI,5533.48,5601.26,5479.30,5563.09,2711290000,46027280000
2015-11-13,801880.SI,5517.59,5667.52,5448.34,5563.82,3426860000,55118790000
2015-11-16,801880.SI,5456.82,5624.62,5456.82,5624.62,2469520000,39353400000
2015-11-17,801880.SI,5678.62,5702.36,5567.66,5574.85,3046810000,48323610000
2015-11-18,801880.SI,5595.51,5611.40,5436.17,5453.16,2178300000,34984670000
2015-11-19,801880.SI,5471.74,5580.14,5450.74,5580.14,1858780000,31020410000
2015-11-20,801880.SI,5590.10,5651.16,5572.37,5629.29,2272840000,37420990000
2015-11-23,801880.SI,5617.43,5663.01,5562.42,5581.96,2276820000,36627250000
2015-11-24,801880.SI,5577.34,5623.87,5511.85,5623.86,1756180000,29427160000
2015-11-25,801880.SI,5629.71,5725.43,5619.55,5725.22,1972440000,35384030000
2015-11-26,801880.SI,5760.67,5793.40,5707.75,5725.42,2258470000,40893660000
2015-11-27,801880.SI,5695.86,5726.65,5351.47,5393.53,2581570000,44701650000
2015-11-30,801880.SI,5403.84,5465.87,5166.24,5446.49,2218810000,39704360000
2015-12-01,801880.SI,5444.57,5501.02,5385.10,5445.38,1754920000,32964130000
2015-12-02,801880.SI,5436.93,5513.09,5345.72,5495.39,1883440000,33502190000
2015-12-03,801880.SI,5500.16,5598.20,5488.98,5598.20,1644070000,29693980000
2015-12-04,801880.SI,5574.42,5606.56,5508.95,5553.50,1596740000,29586590000
2015-12-07,801880.SI,5567.75,5620.02,5524.84,5608.72,1458850000,26902730000
2015-12-08,801880.SI,5592.56,5592.57,5485.86,5488.50,1631630000,29985700000
2015-12-09,801880.SI,5465.51,5559.09,5461.63,5534.58,1533920000,29662730000
2015-12-10,801880.SI,5535.64,5574.87,5494.31,5511.51,1410920000,26014060000
2015-12-11,801880.SI,5499.53,5503.63,5438.98,5459.34,1216890000,21632160000
2015-12-14,801880.SI,5404.47,5544.34,5395.70,5544.34,1202920000,21121230000
2015-12-15,801880.SI,5548.52,5611.86,5548.41,5595.94,1324870000,24425960000
2015-12-16,801880.SI,5613.74,5647.60,5595.09,5610.40,1398720000,26022670000
2015-12-17,801880.SI,5640.31,5736.14,5637.58,5736.14,1970030000,35464620000
2015-12-18,801880.SI,5722.28,5732.58,5665.63,5709.97,1690040000,31977470000
2015-12-21,801880.SI,5693.02,5800.15,5688.27,5788.66,1694710000,30631100000
2015-12-22,801880.SI,5803.62,5841.28,5755.24,5841.28,1585440000,28581590000
2015-12-23,801880.SI,5851.20,5864.01,5785.79,5797.88,1763380000,32508060000
2015-12-24,801880.SI,5793.16,5815.76,5709.25,5783.34,1333640000,24005320000
2015-12-25,801880.SI,5803.63,5864.19,5794.06,5850.13,1347710000,26022490000
2015-12-28,801880.SI,5872.11,5901.85,5738.06,5738.19,1902770000,35752910000
2015-12-29,801880.SI,5728.02,5822.78,5699.53,5822.19,1421240000,26744580000
2015-12-30,801880.SI,5833.81,5881.39,5814.05,5866.07,1662600000,30970050000
2015-12-31,801880.SI,5872.33,5880.92,5779.62,5779.62,1496360000,28073580000
2016-01-04,801880.SI,5765.06,5769.43,5297.42,5302.19,1315930000,22125170000
2016-01-05,801880.SI,5068.38,5340.90,5040.14,5231.89,1826210000,29125770000
2016-01-06,801880.SI,5251.50,5352.20,5225.88,5352.20,1419630000,23272840000
2016-01-07,801880.SI,5266.43,5305.67,4900.05,4910.03,419390000,6889080000
2016-01-08,801880.SI,5036.02,5093.45,4757.79,4988.60,1673910000,26371940000
2016-01-11,801880.SI,4896.04,4942.88,4650.15,4650.15,1497990000,22956970000
2016-01-12,801880.SI,4662.06,4708.41,4563.52,4665.26,1281600000,19071000000
2016-01-13,801880.SI,4700.06,4736.90,4518.42,4518.42,1141310000,16548030000
2016-01-14,801880.SI,4388.41,4673.25,4386.00,4666.89,1344190000,18713310000
2016-01-15,801880.SI,4631.94,4684.90,4495.69,4522.31,1227960000,17439910000
2016-01-18,801880.SI,4439.77,4637.30,4438.56,4595.32,1120170000,16026030000
2016-01-19,801880.SI,4596.71,4769.59,4586.09,4765.73,1339710000,20012370000
2016-01-20,801880.SI,4732.87,4785.37,4666.04,4706.58,1301560000,20089020000
2016-01-21,801880.SI,4629.44,4749.39,4538.66,4538.66,1250430000,19169430000
2016-01-22,801880.SI,4594.17,4618.92,4466.45,4593.27,1067430000,15864280000
2016-01-25,801880.SI,4630.68,4665.14,4581.82,4626.62,1013420000,14957280000
2016-01-26,801880.SI,4570.00,4583.88,4294.96,4299.25,1343240000,17593690000
2016-01-27,801880.SI,4315.29,4331.95,4066.47,4249.55,1389450000,17615390000
2016-01-28,801880.SI,4205.58,4267.98,4074.19,4078.74,1053570000,13504490000
2016-01-29,801880.SI,4079.79,4270.48,4072.25,4235.22,1202810000,15351660000
2016-02-01,801880.SI,4221.87,4257.07,4117.97,4173.97,1046140000,13286940000
2016-02-02,801880.SI,4182.91,4326.63,4182.66,4313.20,1125660000,14331820000
2016-02-03,801880.SI,4265.13,4345.38,4227.58,4329.71,1006380000,13254870000
2016-02-04,801880.SI,4338.99,4430.49,4338.67,4408.74,1167730000,15614620000
2016-02-05,801880.SI,4418.59,4425.08,4356.04,4359.82,872100000,11763440000
2016-02-15,801880.SI,4211.52,4379.96,4211.52,4355.04,819320000,10668680000
2016-02-16,801880.SI,4377.45,4542.16,4375.43,4534.14,1310270000,17541300000
2016-02-17,801880.SI,4526.20,4602.15,4515.93,4602.15,1382990000,19215020000
2016-02-18,801880.SI,4632.43,4642.70,4578.81,4590.56,1389900000,19333310000
2016-02-19,801880.SI,4582.68,4626.11,4561.93,4603.80,1098270000,15949810000
2016-02-22,801880.SI,4656.77,4720.79,4643.14,4708.00,1451760000,20220990000
2016-02-23,801880.SI,4717.77,4722.77,4618.13,4672.36,1326050000,18739700000
2016-02-24,801880.SI,4657.14,4727.97,4613.31,4727.97,1592600000,22886230000
2016-02-25,801880.SI,4737.69,4740.28,4374.85,4397.82,1954690000,28031610000
2016-02-26,801880.SI,4437.98,4469.93,4340.68,4431.55,1333370000,18681520000
2016-02-29,801880.SI,4414.31,4414.31,4152.46,4216.04,1333440000,16863900000
2016-03-01,801880.SI,4214.05,4311.69,4154.70,4281.81,1195760000,15928410000
2016-03-02,801880.SI,4275.47,4477.86,4275.47,4471.04,1486890000,19776120000
2016-03-03,801880.SI,4468.78,4533.43,4460.51,4474.23,1404150000,19414370000
2016-03-04,801880.SI,4465.86,4519.23,4356.66,4420.39,1613030000,20656640000
2016-03-07,801880.SI,4443.21,4508.16,4428.17,4470.95,1040640000,13268980000
2016-03-08,801880.SI,4462.48,4482.95,4313.52,4482.33,1143060000,14386540000
2016-03-09,801880.SI,4394.44,4432.80,4359.43,4400.38,871200000,11458080000
2016-03-10,801880.SI,4388.84,4416.28,4321.04,4323.74,838900000,12181960000
2016-03-11,801880.SI,4290.66,4339.48,4263.66,4323.14,733200000,10062750000
2016-03-14,801880.SI,4365.24,4492.34,4362.42,4448.70,1148700000,16048490000
2016-03-15,801880.SI,4438.52,4472.37,4411.78,4438.77,993800000,14177580000
2016-03-16,801880.SI,4456.84,4469.03,4388.60,4403.35,970570000,13496670000
2016-03-17,801880.SI,4422.91,4532.36,4413.98,4513.61,1326770000,18625630000
2016-03-18,801880.SI,4540.66,4680.76,4540.28,4665.38,1949760000,27160030000
2016-03-21,801880.SI,4733.35,4766.90,4712.26,4766.56,2096830000,29630690000
2016-03-22,801880.SI,4742.60,4793.57,4716.78,4764.77,1856140000,28191650000
2016-03-23,801880.SI,4744.47,4821.87,4735.06,4809.86,1773400000,25814490000
2016-03-24,801880.SI,4774.07,4904.57,4735.02,4831.27,2761710000,37045210000
2016-03-25,801880.SI,4815.61,4852.12,4784.16,4838.07,2347510000,30944310000
2016-03-28,801880.SI,4857.53,4890.86,4788.09,4804.57,1913380000,27248360000
2016-03-29,801880.SI,4798.93,4810.47,4698.57,4730.91,1576420000,22794090000
2016-03-30,801880.SI,4765.25,4885.53,4764.77,4885.27,1783370000,27072190000
2016-03-31,801880.SI,4920.32,4963.07,4900.14,4914.71,1751430000,29637410000
2016-04-01,801880.SI,4892.81,4905.41,4801.23,4889.27,1575350000,25246560000
2016-04-05,801880.SI,4922.85,5042.49,4922.85,5031.60,1947010000,31832520000
2016-04-06,801880.SI,5031.90,5079.75,5000.09,5044.19,2228680000,35181380000
2016-04-07,801880.SI,5055.58,5093.79,4982.34,5011.89,2115570000,35242930000
2016-04-08,801880.SI,4972.77,4991.43,4905.85,4965.67,1683140000,27241350000
2016-04-11,801880.SI,4998.16,5075.02,4997.93,5039.24,1824900000,31263730000
2016-04-12,801880.SI,5033.50,5045.79,4967.27,5018.74,1549440000,25708430000
2016-04-13,801880.SI,5047.89,5126.72,5047.81,5065.13,2022260000,32009070000
2016-04-14,801880.SI,5097.84,5108.16,5055.03,5107.33,1459980000,23719490000
2016-04-15,801880.SI,5114.51,5140.44,5091.60,5130.43,1591110000,27764950000
2016-04-18,801880.SI,5097.69,5128.75,5041.16,5097.95,1705730000,29667760000
2016-04-19,801880.SI,5113.52,5135.44,5088.02,5119.53,1517100000,25939380000
2016-04-20,801880.SI,5132.53,5149.47,4803.37,4919.13,2298790000,36206670000
2016-04-21,801880.SI,4882.80,4942.22,4850.56,4856.21,1399570000,22626590000
2016-04-22,801880.SI,4828.11,4889.25,4812.52,4889.14,1099960000,18444540000
2016-04-25,801880.SI,4875.18,4875.18,4792.74,4861.97,1058480000,16743860000
2016-04-26,801880.SI,4856.88,4919.60,4851.28,4919.23,1015410000,16284800000
2016-04-27,801880.SI,4931.07,4971.45,4904.56,4912.61,1170080000,18768100000
2016-04-28,801880.SI,4911.85,4922.36,4813.06,4896.39,1099840000,17031550000
2016-04-29,801880.SI,4875.64,4936.91,4869.86,4913.69,988950000,16393940000
2016-05-03,801880.SI,4909.01,5028.81,4886.09,5028.60,1445090000,23502720000
2016-05-04,801880.SI,5010.54,5073.55,5005.03,5035.68,1379970000,23045500000
2016-05-05,801880.SI,5024.16,5043.38,4993.22,5039.91,1218160000,20996600000
2016-05-06,801880.SI,5043.94,5066.34,4875.97,4875.97,1727480000,28486140000
2016-05-09,801880.SI,4828.38,4828.38,4686.62,4709.94,1342930000,20833640000
2016-05-10,801880.SI,4690.78,4726.27,4671.43,4688.36,928420000,15094470000
2016-05-11,801880.SI,4714.47,4729.39,4653.54,4667.40,950960000,14868290000
2016-05-12,801880.SI,4618.05,4694.63,4560.74,4694.29,1033410000,15306280000
2016-05-13,801880.SI,4677.95,4722.00,4635.03,4663.37,869610000,14110800000
2016-05-16,801880.SI,4647.81,4735.65,4624.23,4735.63,917600000,14455810000
2016-05-17,801880.SI,4734.43,4748.14,4700.62,4711.07,958910000,15359340000
2016-05-18,801880.SI,4675.76,4675.87,4566.07,4619.94,1066960000,15996280000
2016-05-19,801880.SI,4615.25,4678.88,4615.01,4630.90,869480000,13922780000
2016-05-20,801880.SI,4600.00,4678.06,4584.14,4677.49,926460000,15093700000
2016-05-23,801880.SI,4670.67,4743.91,4670.67,4740.34,1156870000,19731700000
2016-05-24,801880.SI,4747.88,4757.11,4707.17,4732.40,1355370000,19607280000
2016-05-25,801880.SI,4756.63,4774.51,4684.97,4704.88,1155210000,17645940000
2016-05-26,801880.SI,4696.31,4732.17,4622.13,4731.43,1173910000,19685190000
2016-05-27,801880.SI,4716.25,4751.63,4704.17,4717.93,1084090000,18805690000
2016-05-30,801880.SI,4692.63,4730.78,4656.15,4694.45,854480000,14653400000
2016-05-31,801880.SI,4698.29,4864.31,4698.04,4863.73,1617430000,25971460000
2016-06-01,801880.SI,4879.89,4919.59,4872.45,4886.84,1565570000,26665320000
2016-06-02,801880.SI,4881.75,4919.57,4870.57,4919.57,1374310000,22732740000
2016-06-03,801880.SI,4922.16,4956.87,4902.39,4935.42,1459280000,25701040000
2016-06-06,801880.SI,4932.23,4950.82,4908.46,4941.24,1328050000,22968440000
2016-06-07,801880.SI,4940.80,4977.73,4915.72,4974.35,1677650000,27536520000
2016-06-08,801880.SI,4959.38,5003.25,4924.24,4972.63,1706990000,28681880000
2016-06-13,801880.SI,4904.21,4967.77,4766.28,4766.28,1859440000,30236150000
2016-06-14,801880.SI,4752.17,4793.81,4724.73,4793.81,1375700000,21772310000
2016-06-15,801880.SI,4745.16,5009.22,4739.66,4990.52,2009670000,32658200000
2016-06-16,801880.SI,4989.72,5045.66,4975.22,4995.60,2255430000,36092210000
2016-06-17,801880.SI,5002.18,5042.08,4962.46,5003.80,1888840000,29647800000
2016-06-20,801880.SI,5001.80,5032.49,4975.98,5027.16,1511880000,24998970000
2016-06-21,801880.SI,5058.15,5081.59,4946.57,4970.66,1789310000,30809580000
2016-06-22,801880.SI,4964.61,5035.66,4954.23,5035.66,1452240000,24319800000
2016-06-23,801880.SI,5015.42,5021.62,4953.36,4988.57,1404130000,23573340000
2016-06-24,801880.SI,4979.52,5018.36,4796.50,4926.41,1753860000,29685420000
2016-06-27,801880.SI,4896.86,5034.20,4896.86,5033.67,1579660000,27222530000
2016-06-28,801880.SI,5010.36,5078.68,5003.35,5078.68,1828080000,31484810000
2016-06-29,801880.SI,5090.13,5101.31,5066.70,5092.08,1547190000,27046440000
2016-06-30,801880.SI,5095.69,5106.20,5062.20,5090.89,1305800000,23190850000
2016-07-01,801880.SI,5098.00,5130.83,5083.84,5098.36,1500990000,25869880000
2016-07-04,801880.SI,5070.99,5198.60,5067.11,5195.83,1889330000,28904010000
2016-07-05,801880.SI,5206.38,5221.60,5178.63,5214.52,1808630000,32256680000
2016-07-06,801880.SI,5201.34,5228.60,5183.47,5219.34,1544140000,27430900000
2016-07-07,801880.SI,5224.48,5252.25,5188.59,5234.54,1989690000,33039190000
2016-07-08,801880.SI,5206.11,5212.74,5176.60,5183.43,1486130000,24990630000
2016-07-11,801880.SI,5186.74,5213.21,5160.74,5164.09,1740670000,31084770000
2016-07-12,801880.SI,5157.76,5249.68,5098.81,5247.16,1947930000,31159980000
2016-07-13,801880.SI,5253.01,5282.39,5246.30,5264.95,1717700000,26770300000
2016-07-14,801880.SI,5260.70,5274.32,5234.45,5268.57,1507150000,22963620000
2016-07-15,801880.SI,5274.38,5289.30,5241.62,5271.99,1279970000,22489010000
2016-07-18,801880.SI,5258.16,5306.15,5242.09,5271.82,1415950000,22995850000
2016-07-19,801880.SI,5265.15,5278.82,5218.88,5267.66,1130340000,18632000000
2016-07-20,801880.SI,5266.25,5296.85,5262.22,5272.88,1124020000,19054430000
2016-07-21,801880.SI,5275.52,5320.58,5248.21,5274.50,1320110000,21450730000
2016-07-22,801880.SI,5278.90,5288.54,5217.84,5224.80,1409140000,22235390000
2016-07-25,801880.SI,5221.36,5243.24,5185.72,5208.82,1267610000,20380220000
2016-07-26,801880.SI,5205.02,5299.14,5204.63,5298.98,1210200000,19604130000
2016-07-27,801880.SI,5291.02,5308.53,5031.69,5108.28,2127980000,32396310000
2016-07-28,801880.SI,5089.92,5211.05,5077.41,5158.40,1636920000,25128760000
2016-07-29,801880.SI,5153.68,5203.40,5119.44,5126.16,1191110000,18009420000
2016-08-01,801880.SI,5102.72,5102.83,4991.76,5032.79,1125200000,16689930000
2016-08-02,801880.SI,5022.64,5074.04,5014.89,5073.46,799270000,11973140000
2016-08-03,801880.SI,5058.91,5106.41,5045.71,5098.28,979620000,14764470000
2016-08-04,801880.SI,5096.14,5142.57,5095.97,5139.05,1072090000,16607740000
2016-08-05,801880.SI,5129.50,5130.26,5089.11,5089.37,1012380000,15165040000
2016-08-08,801880.SI,5083.33,5153.30,5046.37,5153.30,1045780000,15171230000
2016-08-09,801880.SI,5151.26,5185.03,5147.01,5184.50,1140920000,16694560000
2016-08-10,801880.SI,5181.12,5192.18,5154.00,5163.98,1153250000,17500780000
2016-08-11,801880.SI,5152.78,5172.89,5100.06,5100.06,1034740000,15880570000
2016-08-12,801880.SI,5095.59,5153.38,5080.09,5153.02,1185340000,17098470000
2016-08-15,801880.SI,5153.84,5269.38,5153.84,5258.33,1662730000,24697430000
2016-08-16,801880.SI,5270.62,5299.60,5265.74,5278.82,1601610000,26907400000
2016-08-17,801880.SI,5276.91,5305.49,5270.62,5291.03,1385870000,23894820000
2016-08-18,801880.SI,5284.86,5292.21,5248.69,5264.74,1277410000,20117970000
2016-08-19,801880.SI,5261.44,5275.17,5231.60,5264.11,1181370000,18187220000
2016-08-22,801880.SI,5265.47,5270.89,5202.00,5203.22,1161440000,17439560000
2016-08-23,801880.SI,5203.61,5225.62,5181.98,5213.22,1175770000,16458790000
2016-08-24,801880.SI,5220.12,5233.14,5201.24,5220.52,1043400000,15299490000
2016-08-25,801880.SI,5203.63,5203.98,5125.48,5171.00,1209570000,18566050000
2016-08-26,801880.SI,5184.57,5220.17,5169.60,5180.80,1215710000,18283580000
2016-08-29,801880.SI,5183.20,5192.40,5163.86,5183.41,1059190000,14620950000
2016-08-30,801880.SI,5186.07,5203.98,5176.32,5190.33,981200000,15043750000
2016-08-31,801880.SI,5190.04,5191.25,5155.32,5179.12,906750000,14619880000
2016-09-01,801880.SI,5178.82,5193.48,5146.64,5146.64,1044970000,15625480000
2016-09-02,801880.SI,5141.14,5155.30,5108.54,5138.14,1040340000,16037860000
2016-09-05,801880.SI,5147.39,5182.98,5147.39,5162.55,996120000,15396900000
2016-09-06,801880.SI,5164.39,5244.13,5136.80,5243.59,1363710000,19676610000
2016-09-07,801880.SI,5245.19,5285.79,5240.72,5245.89,1348920000,20489220000
2016-09-08,801880.SI,5250.85,5267.00,5241.38,5263.58,1220780000,17855440000
2016-09-09,801880.SI,5262.62,5302.70,5226.53,5226.74,1490380000,21055760000
2016-09-12,801880.SI,5136.08,5150.32,5078.69,5098.44,1571460000,21170540000
2016-09-13,801880.SI,5114.44,5128.04,5093.00,5120.86,1061010000,14554980000
2016-09-14,801880.SI,5093.23,5114.33,5070.10,5087.51,892840000,12423820000
2016-09-19,801880.SI,5099.78,5144.89,5099.77,5143.79,917130000,12850960000
2016-09-20,801880.SI,5150.38,5151.13,5128.57,5141.28,821600000,11882550000
2016-09-21,801880.SI,5146.98,5174.62,5146.59,5161.63,846090000,13423540000
2016-09-22,801880.SI,5189.85,5213.34,5187.24,5202.83,1216810000,17239370000
2016-09-23,801880.SI,5208.19,5212.34,5191.71,5192.91,1111250000,16133600000
2016-09-26,801880.SI,5184.97,5189.04,5093.44,5094.21,1207700000,17436060000
2016-09-27,801880.SI,5081.49,5131.46,5065.59,5130.99,983930000,13887760000
2016-09-28,801880.SI,5139.39,5148.41,5117.68,5142.89,951420000,13748800000
2016-09-29,801880.SI,5145.42,5169.72,5145.11,5153.05,962660000,13585740000
2016-09-30,801880.SI,5142.66,5186.14,5142.66,5181.88,844590000,11386400000
2016-10-10,801880.SI,5216.21,5301.00,5216.19,5301.00,1296890000,18684940000
2016-10-11,801880.SI,5306.48,5317.37,5292.72,5317.06,1375600000,18334120000
2016-10-12,801880.SI,5302.14,5304.26,5278.32,5302.00,1260090000,17069520000
2016-10-13,801880.SI,5299.55,5311.53,5285.05,5303.04,1243170000,16017800000
2016-10-14,801880.SI,5288.47,5289.57,5250.95,5284.74,1020710000,13709570000
2016-10-17,801880.SI,5296.55,5296.55,5217.16,5235.90,1208180000,16834320000
2016-10-18,801880.SI,5228.60,5319.03,5228.51,5319.03,1417570000,19059650000
2016-10-19,801880.SI,5323.87,5333.86,5306.47,5318.05,1678710000,21055140000
2016-10-20,801880.SI,5313.63,5333.94,5302.59,5323.12,1569610000,19654240000
2016-10-21,801880.SI,5319.82,5329.30,5262.48,5309.94,1298160000,17899430000
2016-10-24,801880.SI,5310.48,5366.14,5310.37,5353.29,1360860000,19750900000
2016-10-25,801880.SI,5363.38,5389.98,5358.72,5389.98,1571240000,22145810000
2016-10-26,801880.SI,5389.58,5389.58,5346.51,5359.77,1466020000,21560070000
2016-10-27,801880.SI,5354.40,5362.27,5334.94,5355.92,1287430000,18289340000
2016-10-28,801880.SI,5356.04,5364.81,5308.47,5309.85,1434810000,21529490000
2016-10-31,801880.SI,5294.62,5332.34,5282.56,5329.81,1164790000,17301770000
2016-11-01,801880.SI,5339.83,5379.52,5332.23,5379.52,1204790000,19491770000
2016-11-02,801880.SI,5367.06,5388.99,5349.02,5351.02,1438630000,22135800000
2016-11-03,801880.SI,5336.22,5411.28,5335.54,5382.57,1666500000,25441450000
2016-11-04,801880.SI,5377.49,5403.01,5362.48,5376.26,1459320000,22312110000
2016-11-07,801880.SI,5376.57,5386.47,5356.01,5371.35,1246480000,19026730000
2016-11-08,801880.SI,5391.35,5416.95,5381.24,5415.87,1517730000,20976000000
2016-11-09,801880.SI,5409.54,5409.73,5292.63,5353.58,1775150000,24909810000
2016-11-10,801880.SI,5389.99,5439.90,5372.18,5439.90,1711580000,24526900000
2016-11-11,801880.SI,5435.63,5440.67,5420.20,5435.79,1565200000,23030780000
2016-11-14,801880.SI,5437.02,5459.76,5425.54,5444.95,1730220000,22462190000
2016-11-15,801880.SI,5447.30,5464.06,5432.04,5464.06,1604950000,19287870000
2016-11-16,801880.SI,5469.26,5477.98,5460.05,5465.49,1358940000,19272920000
2016-11-17,801880.SI,5460.32,5469.42,5431.04,5463.01,1253820000,18544350000
2016-11-18,801880.SI,5460.88,5476.86,5438.06,5441.13,1051250000,16245860000
2016-11-21,801880.SI,5434.56,5479.90,5434.55,5463.80,1240780000,18361740000
2016-11-22,801880.SI,5469.84,5500.55,5463.03,5500.50,1517430000,21742510000
2016-11-23,801880.SI,5504.47,5522.48,5469.03,5478.64,1553060000,21796310000
2016-11-24,801880.SI,5473.73,5523.54,5469.14,5487.57,1612780000,23490620000
2016-11-25,801880.SI,5489.11,5504.85,5417.75,5503.66,1378180000,20430040000
2016-11-28,801880.SI,5516.83,5526.48,5479.78,5487.59,1256650000,19192450000
2016-11-29,801880.SI,5483.05,5581.04,5478.43,5501.18,1719000000,26007610000
2016-11-30,801880.SI,5485.02,5485.02,5448.04,5467.47,1315190000,19086060000
2016-12-01,801880.SI,5475.65,5536.00,5475.55,5536.00,1458960000,21702320000
2016-12-02,801880.SI,5533.03,5543.69,5451.11,5454.81,1526140000,21465010000
2016-12-05,801880.SI,5402.68,5442.82,5387.71,5406.08,1198260000,17568120000
2016-12-06,801880.SI,5411.73,5441.99,5411.37,5423.94,997340000,14744050000
2016-12-07,801880.SI,5429.05,5473.35,5417.37,5473.35,1090010000,16034730000
2016-12-08,801880.SI,5480.04,5489.04,5456.40,5461.41,1167980000,17931110000
2016-12-09,801880.SI,5455.40,5460.36,5428.11,5439.30,1034730000,15777880000
2016-12-12,801880.SI,5436.36,5441.61,5207.09,5212.33,1696400000,24221600000
2016-12-13,801880.SI,5191.45,5264.35,5167.27,5244.97,1159330000,17414310000
2016-12-14,801880.SI,5241.72,5248.37,5187.03,5190.51,1044930000,15961730000
2016-12-15,801880.SI,5177.26,5222.40,5152.11,5180.21,1136250000,16299950000
2016-12-16,801880.SI,5189.16,5251.41,5188.70,5245.01,1152580000,16591070000
2016-12-19,801880.SI,5254.84,5256.54,5222.22,5234.69,1126270000,16245520000
2016-12-20,801880.SI,5234.81,5237.60,5201.85,5225.31,1047380000,14800370000
2016-12-21,801880.SI,5235.84,5270.32,5235.39,5268.40,1209810000,17631550000
2016-12-22,801880.SI,5271.42,5314.70,5248.76,5308.96,1521570000,19244390000
2016-12-23,801880.SI,5309.45,5309.77,5235.52,5241.36,1455540000,18645590000
2016-12-26,801880.SI,5221.15,5258.70,5171.49,5258.70,1100250000,14959120000
2016-12-27,801880.SI,5256.91,5282.13,5255.26,5260.97,1038170000,14881630000
2016-12-28,801880.SI,5262.41,5268.14,5228.59,5237.66,1001780000,14512860000
2016-12-29,801880.SI,5226.58,5250.06,5215.58,5221.38,953190000,13992640000
2016-12-30,801880.SI,5221.26,5239.92,5208.78,5228.70,882180000,12860410000
2017-01-03,801880.SI,5237.10,5281.83,5236.54,5271.78,933740000,13149630000
2017-01-04,801880.SI,5282.56,5353.27,5280.71,5353.27,1484360000,20562340000
2017-01-05,801880.SI,5358.14,5368.28,5349.09,5352.67,1329020000,20764120000
2017-01-06,801880.SI,5358.91,5364.43,5328.91,5335.80,1610000000,25968720000
2017-01-09,801880.SI,5338.54,5374.57,5326.98,5374.57,1543890000,24375150000
2017-01-10,801880.SI,5371.84,5376.80,5348.66,5351.91,1549210000,24651910000
2017-01-11,801880.SI,5336.02,5351.55,5288.55,5288.55,1303390000,21658090000
2017-01-12,801880.SI,5281.93,5299.47,5235.52,5235.73,1124100000,18684290000
2017-01-13,801880.SI,5235.90,5245.17,5193.26,5202.33,1133490000,18209320000
2017-01-16,801880.SI,5194.37,5194.37,4995.86,5106.14,1742220000,24795360000
2017-01-17,801880.SI,5089.76,5149.68,5052.83,5146.53,1340730000,20725820000
2017-01-18,801880.SI,5141.56,5178.08,5135.78,5160.05,1301460000,20794980000
2017-01-19,801880.SI,5147.57,5186.58,5135.77,5152.79,1306250000,19799640000
2017-01-20,801880.SI,5146.37,5228.86,5145.92,5221.55,1230430000,19562910000
2017-01-23,801880.SI,5228.66,5274.81,5228.25,5257.09,1210340000,19419170000
2017-01-24,801880.SI,5251.79,5272.36,5242.65,5259.48,1188780000,19559040000
2017-01-25,801880.SI,5247.90,5283.97,5237.45,5275.52,1006690000,16987040000
2017-01-26,801880.SI,5278.31,5303.58,5275.61,5292.28,888580000,14981870000
2017-02-03,801880.SI,5288.80,5293.02,5256.99,5271.41,885290000,14822320000
2017-02-06,801880.SI,5272.36,5341.09,5272.36,5341.09,1283520000,20036490000
2017-02-07,801880.SI,5333.13,5374.21,5332.98,5361.81,1284730000,21295520000
2017-02-08,801880.SI,5348.38,5396.51,5327.09,5396.51,1489720000,25509830000
2017-02-09,801880.SI,5390.15,5420.50,5385.90,5413.12,1716350000,29267200000
2017-02-10,801880.SI,5404.51,5411.36,5380.85,5392.25,1524850000,25619250000
2017-02-13,801880.SI,5381.58,5419.16,5381.50,5418.57,1472100000,24317520000
2017-02-14,801880.SI,5417.23,5419.45,5383.16,5406.53,1313810000,22277160000
2017-02-15,801880.SI,5395.15,5405.08,5329.89,5339.90,1492450000,26357480000
2017-02-16,801880.SI,5333.19,5366.49,5327.15,5366.49,1439420000,22531570000
2017-02-17,801880.SI,5364.00,5379.62,5319.38,5330.92,1618660000,24546440000
2017-02-20,801880.SI,5331.13,5390.41,5330.10,5389.57,1523830000,23354590000
2017-02-21,801880.SI,5396.39,5439.71,5395.18,5439.71,1587300000,22663090000
2017-02-22,801880.SI,5439.86,5472.90,5430.26,5472.79,1705140000,23921670000
2017-02-23,801880.SI,5469.54,5473.17,5425.37,5454.49,1427360000,21931920000
2017-02-24,801880.SI,5447.48,5459.78,5429.22,5457.27,1137370000,19511570000
2017-02-27,801880.SI,5461.68,5478.24,5422.33,5428.00,1288650000,22461860000
2017-02-28,801880.SI,5430.81,5454.04,5429.49,5454.04,1119540000,19555100000
2017-03-01,801880.SI,5450.03,5491.05,5446.30,5468.67,1364700000,22431180000
2017-03-02,801880.SI,5477.05,5482.22,5435.88,5438.98,1311710000,21224340000
2017-03-03,801880.SI,5432.90,5477.15,5426.54,5473.28,1322880000,21618110000
2017-03-06,801880.SI,5478.78,5515.59,5478.76,5514.92,1487110000,24583250000
2017-03-07,801880.SI,5515.70,5524.24,5494.67,5524.24,1427810000,22688070000
2017-03-08,801880.SI,5522.90,5523.81,5479.20,5490.07,1379580000,22083240000
2017-03-09,801880.SI,5480.10,5480.19,5438.64,5452.93,1350350000,20802070000
2017-03-10,801880.SI,5448.03,5483.11,5448.03,5474.29,1135520000,19310600000
2017-03-13,801880.SI,5472.22,5514.91,5445.47,5511.40,1322770000,22750440000
2017-03-14,801880.SI,5528.90,5548.88,5507.57,5526.85,1343030000,23628920000
2017-03-15,801880.SI,5515.61,5538.81,5500.94,5530.73,1255510000,21810170000
2017-03-16,801880.SI,5534.18,5567.44,5534.18,5567.44,1327840000,23042950000
2017-03-17,801880.SI,5567.64,5572.30,5487.03,5490.28,1595390000,27257870000
2017-03-20,801880.SI,5486.34,5494.70,5450.58,5486.23,1260090000,20731250000
2017-03-21,801880.SI,5489.76,5518.76,5481.07,5518.76,1155050000,20020040000
2017-03-22,801880.SI,5491.28,5507.64,5455.02,5486.28,1156150000,19576610000
2017-03-23,801880.SI,5491.11,5527.20,5450.98,5501.58,1306170000,23777620000
2017-03-24,801880.SI,5502.08,5542.21,5489.19,5542.17,1493630000,24516350000
2017-03-27,801880.SI,5544.61,5568.52,5534.34,5546.92,1648300000,26702620000
2017-03-28,801880.SI,5542.12,5551.20,5507.73,5529.44,1376020000,23198730000
2017-03-29,801880.SI,5529.58,5536.04,5471.30,5495.33,1457130000,23763350000
2017-03-30,801880.SI,5492.15,5493.40,5391.20,5406.14,1695900000,26877370000
2017-03-31,801880.SI,5407.75,5459.06,5407.75,5458.92,1363070000,22326650000
2017-04-05,801880.SI,5492.89,5570.71,5492.85,5569.41,1847090000,29705950000
2017-04-06,801880.SI,5586.47,5588.20,5567.92,5578.16,2177090000,27265920000
2017-04-07,801880.SI,5575.41,5590.12,5555.05,5571.17,1903860000,26672830000
2017-04-10,801880.SI,5565.98,5576.75,5536.44,5543.38,2123160000,29716260000
2017-04-11,801880.SI,5536.86,5612.65,5527.86,5609.01,2490200000,34842180000
2017-04-12,801880.SI,5591.03,5592.53,5544.11,5550.58,2573500000,30369830000
2017-04-13,801880.SI,5539.25,5591.97,5537.58,5570.41,1470230000,20286820000
2017-04-14,801880.SI,5586.60,5586.60,5493.55,5497.88,2314650000,24793500000
2017-04-17,801880.SI,5465.80,5465.92,5384.63,5407.43,1859110000,21215930000
2017-04-18,801880.SI,5409.86,5446.72,5384.23,5384.23,1455770000,18918290000
2017-04-19,801880.SI,5365.86,5369.98,5276.73,5337.11,1673970000,20992090000
2017-04-20,801880.SI,5332.54,5364.21,5303.32,5345.78,1617560000,20854020000
2017-04-21,801880.SI,5340.22,5357.28,5314.50,5328.33,1228400000,15507420000
2017-04-24,801880.SI,5325.79,5325.79,5205.35,5215.16,1312900000,16224350000
2017-04-25,801880.SI,5221.21,5263.47,5218.78,5227.96,1211940000,14373330000
2017-04-26,801880.SI,5236.19,5281.54,5235.56,5274.10,1448520000,17889360000
2017-04-27,801880.SI,5253.23,5284.98,5172.91,5273.44,1626630000,20453260000
2017-04-28,801880.SI,5265.27,5269.48,5265.27,5269.48,1505510000,18018640000
2017-05-02,801880.SI,5250.83,5258.83,5228.05,5252.08,1345580000,16551510000
2017-05-03,801880.SI,5235.77,5258.39,5223.41,5250.13,1199790000,16281780000
2017-05-04,801880.SI,5229.75,5258.89,5199.24,5222.32,1613800000,16696320000
2017-05-05,801880.SI,5197.92,5212.08,5166.01,5166.66,1381250000,16794600000
2017-05-08,801880.SI,5152.18,5155.62,5080.61,5082.09,1265450000,15686640000
2017-05-09,801880.SI,5059.53,5072.31,5008.86,5066.85,999370000,13426680000
2017-05-10,801880.SI,5065.63,5086.80,4992.89,4992.89,1161510000,14334950000
2017-05-11,801880.SI,4967.05,4994.91,4892.76,4991.44,1200420000,14821010000
2017-05-12,801880.SI,4989.21,5020.81,4971.25,5006.52,1108900000,13241250000
2017-05-15,801880.SI,5003.86,5019.31,5002.13,5003.64,847930000,11305310000
2017-05-16,801880.SI,4998.22,5101.29,4971.32,5101.29,1349540000,15887180000
2017-05-17,801880.SI,5110.87,5164.29,5110.86,5121.46,1212780000,17158960000
2017-05-18,801880.SI,5084.69,5120.28,5075.58,5090.01,1629080000,16518770000
2017-05-19,801880.SI,5079.77,5090.62,5054.69,5078.20,1088010000,11956420000
2017-05-22,801880.SI,5069.90,5087.99,4997.23,5022.90,1061720000,13283370000
2017-05-23,801880.SI,5016.06,5034.53,4945.10,4948.96,1265230000,16236940000
2017-05-24,801880.SI,4928.10,4963.71,4871.48,4963.71,1112410000,14224460000
2017-05-25,801880.SI,4954.06,4992.12,4912.69,4985.73,1192790000,14827310000
2017-05-26,801880.SI,4983.20,5026.76,4983.13,5007.63,1049570000,14049310000
2017-05-31,801880.SI,5048.62,5061.40,5005.00,5009.34,1046230000,16175370000
2017-06-01,801880.SI,4992.85,4995.37,4936.89,4939.23,1122120000,15261030000
2017-06-02,801880.SI,4923.82,4988.63,4899.12,4985.55,1040200000,13352560000
2017-06-05,801880.SI,4994.05,5012.32,4984.11,4993.87,878430000,12672510000
2017-06-06,801880.SI,4986.08,5029.94,4978.38,5029.59,798000000,10796420000
2017-06-07,801880.SI,5018.36,5095.32,5018.00,5095.32,1293640000,17157680000
2017-06-08,801880.SI,5093.23,5140.40,5089.98,5134.02,1248910000,17784640000
2017-06-09,801880.SI,5131.55,5163.58,5127.68,5155.48,1224830000,17230960000
2017-06-12,801880.SI,5143.55,5191.16,5138.19,5159.59,1305180000,19012900000
2017-06-13,801880.SI,5153.42,5243.60,5153.42,5241.77,1248580000,18240830000
2017-06-14,801880.SI,5226.40,5255.06,5203.63,5211.24,1377870000,19703740000
2017-06-15,801880.SI,5204.47,5227.63,5182.44,5224.58,1328140000,18279190000
2017-06-16,801880.SI,5189.59,5202.05,5156.41,5164.89,1064910000,15169200000
2017-06-19,801880.SI,5161.09,5205.50,5156.93,5202.43,989000000,13732910000
2017-06-20,801880.SI,5220.32,5236.05,5190.98,5200.16,1246670000,18009190000
2017-06-21,801880.SI,5219.99,5253.70,5197.28,5253.70,1192650000,18607990000
2017-06-22,801880.SI,5249.64,5265.19,5193.94,5196.25,1442930000,21208430000
2017-06-23,801880.SI,5183.32,5221.74,5144.50,5221.74,1201110000,17926320000
2017-06-26,801880.SI,5224.30,5323.20,5224.30,5322.93,1327380000,21236420000
2017-06-27,801880.SI,5317.33,5339.19,5302.02,5334.07,1239880000,18592330000
2017-06-28,801880.SI,5310.66,5315.60,5279.17,5283.00,1122060000,16369060000
2017-06-29,801880.SI,5284.34,5304.48,5279.11,5302.46,914200000,14616460000
2017-06-30,801880.SI,5285.66,5316.48,5275.11,5315.59,943040000,14559350000
2017-07-03,801880.SI,5315.92,5318.82,5275.54,5314.24,1177630000,16565160000
2017-07-04,801880.SI,5320.65,5321.42,5291.81,5310.02,1244410000,17356110000
2017-07-05,801880.SI,5302.70,5362.57,5288.02,5361.93,1324230000,19091390000
2017-07-06,801880.SI,5363.66,5404.64,5351.96,5403.32,1571720000,23565850000
2017-07-07,801880.SI,5389.38,5405.40,5382.52,5398.06,1529760000,21905820000
2017-07-10,801880.SI,5380.17,5380.18,5329.21,5335.62,1512740000,21419320000
2017-07-11,801880.SI,5328.77,5349.80,5302.36,5302.36,1346250000,18855390000
2017-07-12,801880.SI,5294.84,5308.46,5212.94,5262.60,1345580000,18651850000
2017-07-13,801880.SI,5264.26,5274.19,5235.49,5247.34,1069330000,15903780000
2017-07-14,801880.SI,5237.06,5254.87,5216.41,5253.66,1033100000,15040020000
2017-07-17,801880.SI,5226.25,5230.84,5042.29,5077.85,1670030000,21647460000
2017-07-18,801880.SI,5054.10,5087.38,5025.72,5087.12,1105380000,14648850000
2017-07-19,801880.SI,5077.20,5153.71,5069.23,5150.38,1348030000,18165000000
2017-07-20,801880.SI,5144.01,5184.94,5142.64,5182.09,1338450000,18547340000
2017-07-21,801880.SI,5170.73,5206.61,5163.82,5191.90,1383760000,17707250000
2017-07-24,801880.SI,5176.73,5225.27,5168.57,5216.75,1557090000,20577320000
2017-07-25,801880.SI,5212.26,5215.68,5178.95,5198.11,1247160000,16935090000
2017-07-26,801880.SI,5196.90,5201.51,5110.86,5137.11,1328060000,18763810000
2017-07-27,801880.SI,5124.79,5168.07,5096.66,5166.99,1299090000,17659410000
2017-07-28,801880.SI,5157.70,5181.09,5153.91,5169.28,1077300000,13992130000
2017-07-31,801880.SI,5171.35,5185.18,5153.63,5176.56,1267600000,15756900000
2017-08-01,801880.SI,5180.44,5200.03,5168.93,5199.95,1617650000,18414020000
2017-08-02,801880.SI,5194.33,5195.57,5139.51,5143.14,1474800000,17500650000
2017-08-03,801880.SI,5140.98,5140.98,5115.63,5127.07,1299110000,16004120000
2017-08-04,801880.SI,5122.61,5132.31,5101.28,5113.15,1418290000,16965180000
2017-08-07,801880.SI,5095.20,5140.64,5089.35,5137.83,1056140000,12174690000
2017-08-08,801880.SI,5137.52,5138.47,5106.45,5117.68,1158660000,13640700000
2017-08-09,801880.SI,5112.99,5142.91,5101.04,5136.40,1113990000,13056250000
2017-08-10,801880.SI,5127.88,5136.86,5068.28,5101.35,1207560000,14010800000
2017-08-11,801880.SI,5065.36,5075.11,5026.54,5030.79,1309820000,14919700000
2017-08-14,801880.SI,5028.81,5092.43,5028.81,5087.43,991780000,11724530000
2017-08-15,801880.SI,5090.53,5107.71,5078.72,5102.31,951540000,11973080000
2017-08-16,801880.SI,5103.88,5115.77,5078.06,5115.01,1118900000,14075180000
2017-08-17,801880.SI,5113.77,5146.07,5107.44,5145.05,1343950000,16102910000
2017-08-18,801880.SI,5117.93,5150.83,5109.61,5149.72,1272680000,15243320000
2017-08-21,801880.SI,5150.17,5181.26,5148.81,5181.26,1206740000,14933920000
2017-08-22,801880.SI,5180.80,5183.22,5156.43,5173.80,1183010000,14978140000
2017-08-23,801880.SI,5168.23,5179.95,5143.06,5155.15,1088600000,13469850000
2017-08-24,801880.SI,5158.01,5161.99,5132.26,5142.94,1013520000,13174880000
2017-08-25,801880.SI,5145.64,5190.13,5143.08,5187.29,1155000000,14847800000
2017-08-28,801880.SI,5194.71,5239.09,5187.17,5229.54,1434040000,20232350000
2017-08-29,801880.SI,5224.56,5227.58,5203.28,5208.10,1302070000,19207660000
2017-08-30,801880.SI,5216.42,5224.46,5195.37,5200.08,1118390000,16304420000
2017-08-31,801880.SI,5206.37,5215.02,5181.43,5211.13,1293690000,18939100000
2017-09-01,801880.SI,5211.90,5217.98,5198.80,5212.28,1216650000,17797110000
2017-09-04,801880.SI,5207.60,5238.59,5193.63,5238.49,1378530000,19077640000
2017-09-05,801880.SI,5236.68,5251.08,5230.12,5238.24,1263700000,16964270000
2017-09-06,801880.SI,5231.31,5268.90,5224.87,5268.90,1355620000,19198090000
2017-09-07,801880.SI,5268.00,5291.92,5256.72,5259.51,1536570000,20925460000
2017-09-08,801880.SI,5257.19,5277.23,5242.74,5265.97,1226850000,17247730000
2017-09-11,801880.SI,5300.46,5363.95,5267.63,5363.05,1688450000,24140600000
2017-09-12,801880.SI,5377.76,5497.45,5366.18,5430.80,2864900000,37300340000
2017-09-13,801880.SI,5417.44,5420.38,5388.54,5420.38,1863640000,23315490000
2017-09-14,801880.SI,5431.78,5443.16,5381.78,5407.11,1854570000,22770840000
2017-09-15,801880.SI,5400.73,5407.11,5354.10,5380.52,1722100000,21505930000
2017-09-18,801880.SI,5379.40,5492.40,5379.40,5492.40,2130240000,27572000000
2017-09-19,801880.SI,5494.95,5494.95,5434.02,5449.02,1820750000,23358400000
2017-09-20,801880.SI,5437.55,5528.60,5436.24,5506.16,1795280000,25086870000
2017-09-21,801880.SI,5504.92,5527.89,5483.57,5485.28,1833700000,25936880000
2017-09-22,801880.SI,5471.82,5501.59,5465.98,5496.52,1744540000,23581990000
2017-09-25,801880.SI,5481.14,5482.70,5412.28,5420.04,1564430000,20636400000
2017-09-26,801880.SI,5409.74,5457.94,5409.74,5457.94,1385460000,19581580000
2017-09-27,801880.SI,5464.88,5538.86,5461.04,5516.22,1521000000,21295530000
2017-09-28,801880.SI,5507.24,5553.52,5507.06,5535.69,1747270000,22459670000
2017-09-29,801880.SI,5539.69,5582.89,5531.08,5572.81,1710160000,22181150000
2017-10-09,801880.SI,5663.55,5727.32,5608.82,5708.87,2446070000,32247370000
2017-10-10,801880.SI,5704.04,5721.87,5647.38,5691.43,2053710000,28632070000
2017-10-11,801880.SI,5686.58,5701.74,5660.06,5664.60,2514280000,31804950000
2017-10-12,801880.SI,5662.00,5674.93,5626.69,5669.23,1971000000,25924090000
2017-10-13,801880.SI,5659.86,5680.70,5647.42,5667.57,1547490000,20877510000
2017-10-16,801880.SI,5676.04,5677.13,5568.03,5572.14,1868550000,24043900000
2017-10-17,801880.SI,5563.67,5583.43,5542.68,5567.41,1034770000,14531060000
2017-10-18,801880.SI,5576.95,5599.63,5553.02,5569.51,1292270000,17935980000
2017-10-19,801880.SI,5572.26,5586.45,5533.55,5545.92,1450730000,18625610000
2017-10-20,801880.SI,5540.91,5602.93,5531.63,5602.02,1264640000,17009950000
2017-10-23,801880.SI,5612.15,5616.41,5578.97,5593.07,1349670000,19361950000
2017-10-24,801880.SI,5584.84,5601.87,5554.38,5592.59,1307700000,19659770000
2017-10-25,801880.SI,5598.27,5654.75,5593.11,5651.94,1269160000,20438850000
2017-10-26,801880.SI,5634.91,5686.31,5617.58,5652.58,1562470000,25701650000
2017-10-27,801880.SI,5647.39,5673.95,5622.11,5631.81,1429090000,21627360000
2017-10-30,801880.SI,5621.90,5625.07,5484.40,5529.10,1630690000,23205980000
2017-10-31,801880.SI,5528.85,5532.04,5486.29,5532.00,1334070000,20680420000
2017-11-01,801880.SI,5539.55,5556.91,5502.79,5513.02,1416810000,23154040000
2017-11-02,801880.SI,5503.61,5503.77,5439.21,5457.30,1271440000,19432680000
2017-11-03,801880.SI,5448.79,5458.68,5380.86,5414.03,1243760000,17725680000
2017-11-06,801880.SI,5425.05,5483.98,5410.42,5483.98,1219780000,18230120000
2017-11-07,801880.SI,5481.24,5520.79,5471.14,5501.91,1231910000,19580800000
2017-11-08,801880.SI,5505.69,5572.51,5499.82,5532.16,1545590000,23760580000
2017-11-09,801880.SI,5536.88,5578.50,5533.94,5578.38,1352060000,19709000000
2017-11-10,801880.SI,5576.95,5636.24,5575.32,5624.38,1588310000,23401360000
2017-11-13,801880.SI,5630.16,5664.99,5627.24,5652.54,1414050000,22737760000
2017-11-14,801880.SI,5655.44,5661.64,5574.93,5595.37,1327500000,21591180000
2017-11-15,801880.SI,5584.52,5584.64,5490.35,5506.86,1272260000,20373140000
2017-11-16,801880.SI,5493.27,5504.05,5462.43,5486.26,1064270000,16582360000
2017-11-17,801880.SI,5491.74,5505.91,5400.61,5407.27,1487820000,21844210000
2017-11-20,801880.SI,5384.34,5425.61,5293.98,5425.49,1129230000,17807410000
2017-11-21,801880.SI,5402.58,5477.18,5400.60,5457.47,1134890000,20113310000
2017-11-22,801880.SI,5460.34,5476.51,5407.46,5441.01,1076370000,17905710000
2017-11-23,801880.SI,5431.78,5432.33,5268.91,5271.37,1298770000,18471070000
2017-11-24,801880.SI,5255.12,5281.02,5224.85,5271.76,954190000,14587820000
2017-11-27,801880.SI,5248.80,5249.01,5181.96,5186.90,922870000,14929640000
2017-11-28,801880.SI,5173.09,5227.44,5172.82,5226.80,800920000,11950540000
2017-11-29,801880.SI,5230.14,5233.99,5155.26,5209.41,1042940000,14877820000
2017-11-30,801880.SI,5187.51,5209.56,5146.34,5162.14,821340000,11875970000
2017-12-01,801880.SI,5160.58,5202.86,5148.30,5202.43,782100000,10573710000
2017-12-04,801880.SI,5201.79,5203.46,5132.26,5142.14,930560000,13122320000
2017-12-05,801880.SI,5127.04,5137.53,5063.71,5075.76,1168630000,16418490000
2017-12-06,801880.SI,5064.76,5080.33,5002.29,5078.27,831840000,12409150000
2017-12-07,801880.SI,5065.53,5079.46,5040.64,5050.80,685730000,9685290000
2017-12-08,801880.SI,5050.71,5102.90,5047.99,5086.38,755300000,11057010000
2017-12-11,801880.SI,5093.06,5174.23,5092.86,5173.97,968870000,13661140000
2017-12-12,801880.SI,5176.00,5176.53,5106.45,5106.87,797450000,11280620000
2017-12-13,801880.SI,5103.95,5152.98,5103.95,5152.85,677770000,9691510000
2017-12-14,801880.SI,5158.64,5161.48,5120.00,5143.77,788920000,10586450000
2017-12-15,801880.SI,5131.68,5142.26,5087.80,5103.63,827710000,10586550000
2017-12-18,801880.SI,5102.27,5119.79,5081.92,5099.02,790800000,10045090000
2017-12-19,801880.SI,5097.53,5129.66,5097.38,5129.66,791240000,10265610000
2017-12-20,801880.SI,5128.72,5132.68,5069.24,5069.24,830510000,10631960000
2017-12-21,801880.SI,5060.09,5102.49,5033.68,5089.27,803830000,10575830000
2017-12-22,801880.SI,5089.80,5112.26,5086.23,5090.98,679990000,9163190000
2017-12-25,801880.SI,5089.38,5104.38,5050.82,5066.70,770740000,10395560000
2017-12-26,801880.SI,5069.12,5119.73,5062.92,5119.01,836760000,11500330000
2017-12-27,801880.SI,5122.70,5198.22,5105.25,5158.66,1204400000,16070580000
2017-12-28,801880.SI,5154.52,5184.12,5144.21,5163.51,1192550000,16232770000
2017-12-29,801880.SI,5163.15,5201.89,5146.97,5201.43,1030970000,13708770000
2018-01-02,801880.SI,5198.93,5227.42,5193.12,5226.96,1089590000,14892630000
2018-01-03,801880.SI,5215.80,5265.77,5206.79,5256.19,1320340000,16964790000
2018-01-04,801880.SI,5253.45,5257.89,5230.82,5242.30,1050900000,14458760000
2018-01-05,801880.SI,5239.04,5239.37,5212.55,5225.25,939310000,12973560000
2018-01-08,801880.SI,5249.38,5284.15,5249.38,5284.09,1250620000,17461500000
2018-01-09,801880.SI,5287.61,5288.47,5260.12,5274.76,1123740000,15686300000
2018-01-10,801880.SI,5277.01,5277.88,5228.75,5264.66,1100590000,16551820000
2018-01-11,801880.SI,5251.81,5256.78,5224.08,5256.60,912010000,13422160000
2018-01-12,801880.SI,5252.31,5281.12,5247.59,5264.07,1152870000,16359630000
2018-01-15,801880.SI,5257.06,5257.18,5131.55,5143.47,1222850000,17499040000
2018-01-16,801880.SI,5137.63,5178.72,5126.15,5141.25,1096810000,16965490000
2018-01-17,801880.SI,5141.91,5142.36,5088.05,5137.11,1124410000,17332630000
2018-01-18,801880.SI,5139.96,5151.62,5112.06,5125.82,927580000,14705850000
2018-01-19,801880.SI,5133.11,5163.96,5117.11,5129.00,960370000,14459080000
2018-01-22,801880.SI,5126.65,5199.25,5121.18,5197.46,1101960000,16025250000
2018-01-23,801880.SI,5201.58,5236.80,5194.10,5206.33,1028050000,14715990000
2018-01-24,801880.SI,5210.92,5212.79,5173.07,5206.71,1052640000,15229310000
2018-01-25,801880.SI,5200.46,5224.75,5183.81,5200.96,1065950000,15754070000
2018-01-26,801880.SI,5197.03,5207.52,5186.77,5191.86,849120000,13062110000
2018-01-29,801880.SI,5189.93,5204.27,5104.72,5107.72,1043790000,14749080000
2018-01-30,801880.SI,5098.69,5114.30,5084.90,5093.38,691030000,10172260000
2018-01-31,801880.SI,5072.97,5073.35,4998.46,5021.30,1079420000,13512700000
2018-02-01,801880.SI,5017.49,5022.02,4864.02,4876.91,1349700000,16873580000
2018-02-02,801880.SI,4842.91,4881.86,4775.40,4878.95,1044420000,12525450000
2018-02-05,801880.SI,4813.21,4854.39,4801.56,4848.48,767970000,10184720000
2018-02-06,801880.SI,4765.11,4779.89,4686.81,4687.25,1174760000,14566870000
2018-02-07,801880.SI,4749.29,4768.98,4611.05,4681.34,1014780000,12324390000
2018-02-08,801880.SI,4671.07,4716.62,4669.96,4699.28,746680000,9826410000
2018-02-09,801880.SI,4598.46,4606.42,4473.87,4550.19,1021500000,12151310000
2018-02-12,801880.SI,4569.83,4664.00,4568.97,4653.68,723660000,8943840000
2018-02-13,801880.SI,4677.01,4714.83,4675.72,4676.87,775080000,8867310000
2018-02-14,801880.SI,4692.19,4709.13,4675.75,4703.16,530840000,6349850000
2018-02-22,801880.SI,4748.59,4793.95,4738.11,4790.13,668400000,8370690000
2018-02-23,801880.SI,4790.16,4804.55,4762.27,4797.29,665550000,8005280000
2018-02-26,801880.SI,4833.41,4905.71,4828.69,4894.70,899090000,11898760000
2018-02-27,801880.SI,4902.49,4902.51,4864.46,4879.08,852160000,11880420000
2018-02-28,801880.SI,4854.56,4874.60,4816.73,4854.32,773910000,10707240000
2018-03-01,801880.SI,4826.56,4884.69,4814.71,4884.48,839080000,10734560000
2018-03-02,801880.SI,4848.07,4896.77,4842.23,4892.44,1046490000,12553020000
2018-03-05,801880.SI,4892.38,4917.32,4872.84,4917.21,823650000,11357610000
2018-03-06,801880.SI,4926.28,4956.99,4916.75,4953.89,891560000,12173810000
2018-03-07,801880.SI,4948.76,4980.84,4937.24,4941.25,858970000,12349410000
2018-03-08,801880.SI,4938.39,4971.82,4938.39,4971.28,874830000,12288350000
2018-03-09,801880.SI,4972.03,5034.40,4972.03,5033.51,1039230000,14767960000
2018-03-12,801880.SI,5050.65,5109.30,5050.49,5108.59,1262270000,17813980000
2018-03-13,801880.SI,5105.68,5129.40,5074.77,5088.88,1274040000,16349600000
2018-03-14,801880.SI,5074.52,5095.50,5045.57,5048.73,1039270000,14041850000
2018-03-15,801880.SI,5030.99,5051.20,5003.30,5035.34,1077400000,13838820000
2018-03-16,801880.SI,5033.11,5068.83,5030.64,5038.67,1078890000,13288700000
2018-03-19,801880.SI,5031.92,5046.39,5005.72,5038.61,1000990000,13129430000
2018-03-20,801880.SI,5006.15,5013.96,4975.84,5007.66,1044210000,13814990000
2018-03-21,801880.SI,5006.02,5031.13,4957.40,4971.22,1219930000,16430180000
2018-03-22,801880.SI,4972.77,4985.85,4920.70,4947.81,1040120000,13553730000
2018-03-23,801880.SI,4806.48,4831.99,4671.30,4744.35,1596290000,19205230000
2018-03-26,801880.SI,4680.84,4738.27,4616.61,4737.52,1070610000,13980280000
2018-03-27,801880.SI,4783.91,4815.26,4763.57,4803.73,1489520000,16421980000
2018-03-28,801880.SI,4725.29,4755.09,4691.44,4702.24,1332600000,17064590000
2018-03-29,801880.SI,4712.84,4747.55,4680.30,4736.40,1079900000,14132970000
2018-03-30,801880.SI,4759.94,4807.09,4759.31,4803.92,1050100000,14169960000
2018-04-02,801880.SI,4806.20,4824.42,4784.65,4796.22,1200760000,16680420000
2018-04-03,801880.SI,4731.32,4746.40,4709.27,4737.49,1033120000,14392660000
2018-04-04,801880.SI,4760.14,4795.79,4744.48,4750.56,938750000,13849510000
2018-04-09,801880.SI,4742.22,4777.81,4717.92,4765.80,971850000,13138810000
2018-04-10,801880.SI,4766.36,4791.10,4734.66,4786.48,1373200000,17445570000
2018-04-11,801880.SI,4791.12,4792.35,4760.24,4774.36,1215540000,16787940000
2018-04-12,801880.SI,4770.65,4775.78,4740.48,4750.43,1054350000,15018950000
2018-04-13,801880.SI,4765.55,4781.53,4748.47,4759.61,879870000,12310270000
2018-04-16,801880.SI,4751.23,4751.76,4678.66,4701.84,857660000,11409720000
2018-04-17,801880.SI,4708.69,4718.65,4592.71,4597.58,875280000,11289200000
2018-04-18,801880.SI,4623.97,4637.59,4499.52,4595.72,949160000,12855220000
2018-04-19,801880.SI,4584.06,4627.15,4569.92,4613.76,757100000,10342760000
2018-04-20,801880.SI,4605.43,4605.90,4516.08,4518.10,786600000,10483550000
2018-04-23,801880.SI,4506.93,4538.26,4450.96,4486.29,700220000,9532820000
2018-04-24,801880.SI,4478.18,4576.20,4476.91,4574.26,810350000,11518710000
2018-04-25,801880.SI,4546.46,4579.53,4546.46,4566.91,847860000,12031060000
2018-04-26,801880.SI,4567.68,4567.69,4478.69,4484.22,784200000,10211380000
2018-04-27,801880.SI,4484.65,4493.44,4442.06,4492.86,785050000,10787160000
2018-05-02,801880.SI,4475.75,4506.76,4464.47,4481.54,830260000,10989300000
2018-05-03,801880.SI,4486.73,4523.11,4450.72,4523.05,891500000,11110970000
2018-05-04,801880.SI,4514.72,4525.60,4502.94,4506.95,752430000,9998530000
2018-05-07,801880.SI,4515.97,4566.32,4506.74,4565.55,818770000,10697400000
2018-05-08,801880.SI,4575.75,4620.71,4575.71,4619.89,870880000,11975020000
2018-05-09,801880.SI,4622.10,4642.41,4614.48,4632.24,947450000,13768870000
2018-05-10,801880.SI,4641.41,4660.11,4632.86,4659.63,937340000,14430580000
2018-05-11,801880.SI,4662.66,4675.07,4641.61,4652.48,989160000,13894970000
2018-05-14,801880.SI,4652.26,4682.62,4651.92,4665.05,899090000,13996800000
2018-05-15,801880.SI,4684.84,4704.75,4667.42,4704.68,941160000,14506770000
2018-05-16,801880.SI,4690.84,4693.45,4661.25,4665.41,944060000,15277690000
2018-05-17,801880.SI,4666.40,4669.18,4641.22,4647.87,817720000,13247370000
2018-05-18,801880.SI,4641.40,4674.11,4620.90,4671.89,779000000,12299260000
2018-05-21,801880.SI,4695.71,4749.90,4682.88,4728.38,1085420000,16566010000
2018-05-22,801880.SI,4733.30,4751.37,4718.32,4751.37,997040000,15866890000
2018-05-23,801880.SI,4739.51,4800.62,4737.28,4741.47,1551920000,21706430000
2018-05-24,801880.SI,4728.70,4730.39,4686.55,4689.62,1284900000,19688480000
2018-05-25,801880.SI,4691.89,4736.95,4691.58,4709.54,1264200000,20752000000
2018-05-28,801880.SI,4711.88,4720.81,4678.64,4683.81,1201580000,19732590000
2018-05-29,801880.SI,4668.00,4689.10,4660.20,4663.07,1013280000,16390210000
2018-05-30,801880.SI,4607.54,4608.87,4520.26,4522.83,1110610000,16329120000
2018-05-31,801880.SI,4551.24,4611.98,4550.91,4611.83,874210000,14156010000
2018-06-01,801880.SI,4599.53,4602.38,4535.25,4565.85,850870000,13542420000
2018-06-04,801880.SI,4577.80,4594.77,4559.81,4578.56,1062520000,13901620000
2018-06-05,801880.SI,4576.45,4624.23,4563.64,4624.03,1004020000,15241890000
2018-06-06,801880.SI,4622.69,4628.69,4601.54,4622.24,1052870000,15936020000
2018-06-07,801880.SI,4630.51,4636.42,4602.27,4603.68,945650000,14474330000
2018-06-08,801880.SI,4604.47,4604.50,4554.49,4583.34,957210000,14150520000
2018-06-11,801880.SI,4574.95,4593.37,4557.34,4579.79,793800000,12993660000
2018-06-12,801880.SI,4588.12,4658.19,4549.77,4647.23,1266460000,18354280000
2018-06-13,801880.SI,4641.15,4652.69,4606.66,4609.90,1199650000,16154280000
2018-06-14,801880.SI,4590.87,4619.40,4570.74,4585.52,857910000,11501460000
2018-06-15,801880.SI,4586.03,4589.55,4482.83,4518.35,965730000,12259580000
2018-06-19,801880.SI,4449.33,4450.07,4243.40,4291.54,1468530000,16781820000
2018-06-20,801880.SI,4264.47,4324.53,4233.60,4299.78,1156330000,13557050000
2018-06-21,801880.SI,4299.24,4322.26,4221.72,4224.35,1128630000,13132740000
2018-06-22,801880.SI,4201.86,4267.05,4173.64,4259.02,948570000,10635710000
2018-06-25,801880.SI,4281.89,4292.57,4231.17,4235.86,889980000,10800610000
2018-06-26,801880.SI,4198.53,4250.42,4178.17,4247.38,948110000,11415440000
2018-06-27,801880.SI,4251.28,4300.89,4226.58,4248.20,1093840000,12423200000
2018-06-28,801880.SI,4225.87,4241.79,4160.78,4163.30,1042440000,12113880000
2018-06-29,801880.SI,4166.95,4274.92,4162.44,4274.71,1187910000,13375550000
2018-07-02,801880.SI,4272.15,4272.19,4142.23,4170.31,1210410000,14145590000
2018-07-03,801880.SI,4170.20,4186.17,4083.07,4175.90,1266830000,13996630000
2018-07-04,801880.SI,4160.63,4170.33,4102.92,4111.73,1060920000,11939540000
2018-07-05,801880.SI,4113.80,4146.64,4037.77,4050.55,1072520000,12035600000
2018-07-06,801880.SI,4055.87,4101.94,3978.16,4066.61,1118120000,12786690000
2018-07-09,801880.SI,4071.98,4129.70,4071.51,4129.46,904710000,11120260000
2018-07-10,801880.SI,4145.66,4165.70,4133.22,4160.43,942670000,12217490000
2018-07-11,801880.SI,4121.62,4122.68,4052.82,4101.42,1068080000,12861360000
2018-07-12,801880.SI,4093.44,4184.74,4093.44,4160.53,1203410000,15882320000
2018-07-13,801880.SI,4171.32,4181.84,4156.02,4171.30,960060000,13278960000
2018-07-16,801880.SI,4151.63,4161.94,4118.51,4142.02,904840000,10957340000
2018-07-17,801880.SI,4095.39,4095.69,4056.41,4091.80,853800000,9743790000
2018-07-18,801880.SI,4092.21,4120.19,4076.03,4080.10,980740000,10248990000
2018-07-19,801880.SI,4076.56,4088.79,4015.47,4025.85,919680000,9318530000
2018-07-20,801880.SI,4031.72,4077.19,4005.49,4069.37,939170000,8847090000
2018-07-23,801880.SI,4067.62,4107.18,4061.31,4107.18,995150000,9543810000
2018-07-24,801880.SI,4110.69,4171.03,4110.63,4168.12,1451380000,14157360000
2018-07-25,801880.SI,4172.45,4197.36,4157.01,4189.79,1350330000,12623610000
2018-07-26,801880.SI,4189.75,4193.68,4158.85,4164.29,1562230000,13828100000
2018-07-27,801880.SI,4154.12,4156.53,4119.29,4121.07,1235620000,11416510000
2018-07-30,801880.SI,4117.05,4129.73,4084.23,4102.92,1082970000,10900370000
2018-07-31,801880.SI,4095.95,4105.55,4076.17,4101.44,872430000,9193310000
2018-08-01,801880.SI,4119.01,4133.29,4043.35,4043.57,1000630000,9914180000
2018-08-02,801880.SI,4030.82,4031.26,3870.27,3929.88,1448790000,13045950000
2018-08-03,801880.SI,3921.99,3934.33,3861.61,3861.65,995980000,10642420000
2018-08-06,801880.SI,3859.61,3871.59,3772.93,3795.86,1073900000,9790120000
2018-08-07,801880.SI,3804.95,3878.61,3769.17,3878.53,1000830000,9498920000
2018-08-08,801880.SI,3872.89,3882.97,3803.36,3806.60,1003130000,9497850000
2018-08-09,801880.SI,3789.75,3891.28,3783.48,3878.95,998210000,9129320000
2018-08-10,801880.SI,3873.39,3897.94,3856.21,3894.73,819880000,7822120000
2018-08-13,801880.SI,3854.53,3898.85,3833.34,3892.12,847450000,8061380000
2018-08-14,801880.SI,3885.03,3906.39,3877.89,3901.01,880950000,8635460000
2018-08-15,801880.SI,3896.85,3898.05,3809.93,3819.70,948640000,8835950000
2018-08-16,801880.SI,3776.53,3821.12,3744.13,3768.85,774020000,7178030000
2018-08-17,801880.SI,3795.64,3805.07,3707.70,3711.02,738000000,6662490000
2018-08-20,801880.SI,3716.51,3735.05,3651.51,3724.44,790130000,7585400000
2018-08-21,801880.SI,3732.17,3775.26,3727.42,3771.18,701070000,7012110000
2018-08-22,801880.SI,3772.64,3773.00,3737.16,3744.45,744490000,6496430000
2018-08-23,801880.SI,3756.51,3772.97,3730.33,3757.02,717220000,6726480000
2018-08-24,801880.SI,3754.89,3773.88,3735.16,3758.70,737770000,7210750000
2018-08-27,801880.SI,3761.61,3827.20,3761.09,3826.72,869080000,8455150000
2018-08-28,801880.SI,3828.92,3840.30,3815.91,3831.81,735730000,7629780000
2018-08-29,801880.SI,3825.57,3833.39,3809.17,3814.24,678410000,6869150000
2018-08-30,801880.SI,3809.46,3825.01,3786.93,3788.16,796400000,7817190000
2018-08-31,801880.SI,3782.00,3786.97,3751.28,3757.90,847010000,7872010000
2018-09-03,801880.SI,3748.21,3748.72,3704.81,3738.04,770320000,6910240000
2018-09-04,801880.SI,3735.73,3774.18,3730.83,3764.61,732160000,6686700000
2018-09-05,801880.SI,3751.30,3757.36,3689.27,3689.27,832440000,7183360000
2018-09-06,801880.SI,3681.55,3710.40,3660.68,3670.57,720320000,6188740000
2018-09-07,801880.SI,3680.48,3724.05,3663.79,3685.87,801240000,6928730000
2018-09-10,801880.SI,3682.36,3688.08,3619.66,3623.78,757930000,6676710000
2018-09-11,801880.SI,3617.84,3632.16,3593.07,3617.45,673570000,5832840000
2018-09-12,801880.SI,3611.81,3640.41,3596.20,3622.79,655540000,5734910000
2018-09-13,801880.SI,3648.65,3659.63,3615.48,3656.01,737720000,6587340000
2018-09-14,801880.SI,3681.50,3724.21,3681.22,3692.01,1094120000,9720040000
2018-09-17,801880.SI,3661.39,3662.16,3624.05,3625.36,884380000,6953510000
2018-09-18,801880.SI,3603.61,3658.01,3596.78,3658.01,785410000,6629750000
2018-09-19,801880.SI,3652.30,3720.45,3643.97,3705.19,1038720000,9269840000
2018-09-20,801880.SI,3701.95,3710.24,3686.15,3689.20,929000000,7755820000
2018-09-21,801880.SI,3704.43,3812.22,3703.61,3812.01,1320540000,11826510000
2018-09-25,801880.SI,3797.61,3829.61,3788.99,3818.91,963680000,8346080000
2018-09-26,801880.SI,3823.61,3867.10,3823.39,3836.27,1001030000,9604810000
2018-09-27,801880.SI,3835.71,3835.72,3785.29,3787.11,951150000,8509610000
2018-09-28,801880.SI,3797.45,3870.83,3796.61,3870.83,918520000,9046320000
2018-10-08,801880.SI,3794.68,3795.42,3703.32,3706.44,1058800000,9879540000
2018-10-09,801880.SI,3705.33,3737.45,3696.69,3708.04,790580000,7332250000
2018-10-10,801880.SI,3710.04,3720.19,3663.31,3694.97,811440000,8045560000
2018-10-11,801880.SI,3585.01,3588.74,3438.96,3461.59,1314810000,11066710000
2018-10-12,801880.SI,3438.29,3478.07,3351.64,3452.21,1201690000,10326550000
2018-10-15,801880.SI,3452.37,3455.66,3354.74,3360.14,871560000,8575420000
2018-10-16,801880.SI,3356.19,3372.35,3285.20,3296.77,904020000,8011440000
2018-10-17,801880.SI,3334.94,3347.79,3256.32,3319.16,883050000,7674440000
2018-10-18,801880.SI,3303.82,3305.46,3244.38,3244.49,878740000,7315100000
2018-10-19,801880.SI,3203.43,3309.36,3181.81,3306.39,992620000,8222800000
2018-10-22,801880.SI,3327.47,3479.55,3326.68,3452.15,1373600000,11938280000
2018-10-23,801880.SI,3450.04,3452.53,3357.85,3379.17,1220220000,10314660000
2018-10-24,801880.SI,3369.00,3400.05,3348.42,3360.56,998010000,9098190000
2018-10-25,801880.SI,3284.77,3364.41,3268.14,3363.49,1119790000,9110620000
2018-10-26,801880.SI,3387.83,3415.68,3355.90,3369.55,1008670000,8651910000
2018-10-29,801880.SI,3366.16,3366.24,3272.49,3289.49,903730000,7670700000
2018-10-30,801880.SI,3306.02,3357.97,3272.79,3341.97,1293380000,10679140000
2018-10-31,801880.SI,3334.15,3382.74,3333.94,3362.21,1424190000,11341110000
2018-11-01,801880.SI,3374.78,3416.21,3361.81,3368.18,1341830000,12084040000
2018-11-02,801880.SI,3419.91,3463.67,3401.29,3463.67,1471990000,12956340000
2018-11-05,801880.SI,3461.01,3502.68,3435.51,3473.15,1387400000,12553410000
2018-11-06,801880.SI,3469.20,3469.83,3428.10,3465.03,1323750000,10168170000
2018-11-07,801880.SI,3462.71,3482.76,3433.74,3440.72,1416860000,11460060000
2018-11-08,801880.SI,3462.60,3472.24,3440.63,3448.65,1348750000,11191950000
2018-11-09,801880.SI,3432.47,3455.62,3418.52,3437.52,1148220000,10091590000
2018-11-12,801880.SI,3426.70,3523.41,3426.70,3522.63,1637870000,12753320000
2018-11-13,801880.SI,3477.99,3577.72,3474.11,3558.12,2094370000,15458260000
2018-11-14,801880.SI,3555.74,3583.09,3539.06,3550.32,1816510000,14092570000
2018-11-15,801880.SI,3547.95,3574.71,3544.14,3574.71,1653720000,14944030000
2018-11-16,801880.SI,3580.89,3617.75,3568.24,3595.87,1911220000,17202320000
2018-11-19,801880.SI,3596.30,3616.42,3576.65,3616.24,1733730000,15265170000
2018-11-20,801880.SI,3588.44,3599.64,3537.67,3545.09,1705980000,15039340000
2018-11-21,801880.SI,3505.78,3554.43,3502.90,3551.26,1354570000,11964330000
2018-11-22,801880.SI,3558.62,3598.72,3558.03,3593.18,1596860000,13585810000
2018-11-23,801880.SI,3582.46,3587.44,3452.68,3462.66,1690990000,13597150000
2018-11-26,801880.SI,3458.11,3476.72,3437.62,3448.30,1151800000,9894190000
2018-11-27,801880.SI,3463.80,3490.13,3458.39,3473.63,1121100000,9928640000
2018-11-28,801880.SI,3471.03,3501.07,3424.36,3501.07,1179850000,10114610000
2018-11-29,801880.SI,3514.61,3521.51,3441.84,3444.93,1179390000,10039200000
2018-11-30,801880.SI,3436.63,3466.57,3407.10,3462.71,1061860000,9050790000
2018-12-03,801880.SI,3536.78,3595.28,3524.97,3576.21,1888000000,15561040000
2018-12-04,801880.SI,3576.43,3601.33,3569.64,3592.40,1876630000,15036450000
2018-12-05,801880.SI,3526.41,3577.64,3517.82,3566.84,1449930000,12168570000
2018-12-06,801880.SI,3542.64,3549.78,3504.45,3505.90,1269730000,10937360000
2018-12-07,801880.SI,3513.87,3531.42,3505.61,3513.73,1031490000,8957450000
2018-12-10,801880.SI,3487.47,3490.45,3455.94,3462.34,1040390000,8630060000
2018-12-11,801880.SI,3470.77,3488.62,3465.45,3484.43,899040000,7671970000
2018-12-12,801880.SI,3503.55,3541.46,3502.02,3533.00,1305310000,11080410000
2018-12-13,801880.SI,3541.62,3574.70,3521.64,3558.76,1389570000,11819810000
2018-12-14,801880.SI,3552.23,3555.75,3496.13,3496.13,1328700000,10987020000
2018-12-17,801880.SI,3489.16,3511.05,3460.76,3499.62,1123350000,10355960000
2018-12-18,801880.SI,3474.01,3508.61,3457.23,3482.85,1088950000,9141240000
2018-12-19,801880.SI,3486.00,3495.24,3452.92,3456.73,946150000,8688160000
2018-12-20,801880.SI,3449.18,3468.05,3422.46,3452.33,947390000,8637930000
2018-12-21,801880.SI,3438.99,3449.27,3408.48,3440.93,891090000,8052690000
2018-12-24,801880.SI,3433.24,3463.73,3420.88,3463.73,772700000,7366310000
2018-12-25,801880.SI,3435.54,3436.85,3353.87,3429.42,1103800000,9420970000
2018-12-26,801880.SI,3425.82,3440.92,3414.37,3428.43,937800000,9252550000
2018-12-27,801880.SI,3469.78,3475.45,3399.01,3410.32,1098420000,10659390000
2018-12-28,801880.SI,3407.05,3429.24,3399.46,3415.07,883290000,8188660000
2019-01-02,801880.SI,3416.14,3416.14,3353.52,3364.27,719130000,6474150000
2019-01-03,801880.SI,3359.58,3384.17,3329.05,3332.25,960560000,8562180000
2019-01-04,801880.SI,3299.40,3385.06,3287.03,3384.43,1131080000,9746530000
2019-01-07,801880.SI,3401.71,3435.45,3398.93,3433.44,1311170000,11035460000
2019-01-08,801880.SI,3432.12,3437.30,3414.77,3427.95,1164570000,9488880000
2019-01-09,801880.SI,3475.53,3549.41,3474.96,3487.01,1995130000,17587470000
2019-01-10,801880.SI,3479.33,3482.32,3450.01,3455.80,1522760000,11837260000
2019-01-11,801880.SI,3451.88,3486.73,3451.40,3484.00,1344270000,10026290000
2019-01-14,801880.SI,3486.91,3492.99,3460.78,3465.27,1402730000,11158830000
2019-01-15,801880.SI,3460.55,3494.53,3449.86,3492.94,1268960000,10594680000
2019-01-16,801880.SI,3493.58,3507.55,3483.01,3499.63,1265500000,10356100000
2019-01-17,801880.SI,3494.23,3501.03,3467.69,3468.65,1273310000,10115510000
2019-01-18,801880.SI,3477.02,3484.79,3450.44,3484.78,1127630000,9669520000
2019-01-21,801880.SI,3489.33,3526.20,3489.33,3517.22,1025060000,9838730000
2019-01-22,801880.SI,3519.92,3519.98,3471.34,3480.59,1143610000,9365950000
2019-01-23,801880.SI,3471.07,3513.32,3471.07,3506.73,1282620000,10906650000
2019-01-24,801880.SI,3511.13,3525.94,3479.95,3513.30,1204410000,11028420000
2019-01-25,801880.SI,3515.13,3562.36,3508.42,3536.27,1331620000,11491160000
2019-01-28,801880.SI,3547.45,3577.75,3507.52,3508.90,1237280000,11123190000
2019-01-29,801880.SI,3511.58,3512.04,3417.31,3470.65,1241600000,10396850000
2019-01-30,801880.SI,3450.33,3464.32,3424.72,3425.12,935970000,8062780000
2019-01-31,801880.SI,3416.72,3442.49,3381.37,3396.25,1175040000,9111330000
2019-02-01,801880.SI,3406.92,3461.62,3405.91,3461.62,1201770000,7956680000
2019-02-11,801880.SI,3467.27,3536.19,3466.97,3535.74,1152160000,9279380000
2019-02-12,801880.SI,3540.07,3597.85,3539.47,3589.07,1410400000,11491140000
2019-02-13,801880.SI,3590.37,3670.93,3583.11,3657.50,1682160000,13709300000
2019-02-14,801880.SI,3648.32,3680.75,3643.75,3664.29,1424880000,11933830000
2019-02-15,801880.SI,3644.56,3644.64,3583.80,3588.45,1433840000,12745480000
2019-02-18,801880.SI,3604.68,3715.50,3604.18,3715.50,1934530000,16238150000
2019-02-19,801880.SI,3721.20,3743.42,3679.68,3718.01,2024350000,16811660000
2019-02-20,801880.SI,3720.98,3747.62,3709.79,3741.90,1782370000,14949530000
2019-02-21,801880.SI,3740.79,3814.75,3723.85,3754.39,2381490000,18733640000
2019-02-22,801880.SI,3744.57,3796.77,3721.92,3796.77,2072680000,16423220000
2019-02-25,801880.SI,3812.57,3958.63,3812.55,3957.49,3244790000,27089990000
2019-02-26,801880.SI,3973.27,4007.95,3927.06,3940.71,3558050000,28518980000
2019-02-27,801880.SI,3931.91,3970.70,3882.32,3917.06,3105800000,23514340000
2019-02-28,801880.SI,3925.41,3945.72,3908.16,3929.55,3121290000,20651620000
2019-03-01,801880.SI,3942.89,3963.98,3905.18,3963.98,2655450000,18931030000
2019-03-04,801880.SI,3981.57,4077.29,3973.50,4004.08,3575930000,28455200000
2019-03-05,801880.SI,4000.60,4054.06,3987.45,4054.06,3033140000,24574390000
2019-03-06,801880.SI,4069.49,4130.57,4038.80,4130.57,4130020000,33157560000
2019-03-07,801880.SI,4132.43,4156.70,4085.22,4135.35,4268880000,34540770000
2019-03-08,801880.SI,4068.76,4093.97,3951.02,3951.02,3893400000,32137450000
2019-03-11,801880.SI,3965.42,4067.36,3965.42,4067.36,2846540000,25456260000
2019-03-12,801880.SI,4082.18,4148.70,4069.07,4123.10,3532990000,31119230000
2019-03-13,801880.SI,4122.97,4122.97,4023.57,4041.49,3186760000,28989450000
2019-03-14,801880.SI,4021.39,4057.84,3944.28,3982.51,2686940000,24086170000
2019-03-15,801880.SI,3999.33,4059.59,3994.99,4037.99,2592380000,22841710000
2019-03-18,801880.SI,4067.17,4127.93,4032.66,4127.93,2791120000,24782980000
2019-03-19,801880.SI,4130.85,4139.07,4103.99,4130.34,2515870000,22780000000
2019-03-20,801880.SI,4128.51,4153.20,4083.67,4135.47,2525950000,22249700000
2019-03-21,801880.SI,4134.39,4178.70,4132.05,4154.93,2767750000,24244790000
2019-03-22,801880.SI,4153.78,4202.58,4108.80,4198.56,2737500000,24905730000
2019-03-25,801880.SI,4134.18,4175.69,4124.10,4130.79,2608830000,24154680000
2019-03-26,801880.SI,4143.06,4153.25,4029.84,4038.71,2454600000,21372000000
2019-03-27,801880.SI,4061.48,4083.09,3994.34,4044.05,2179120000,20029450000
2019-03-28,801880.SI,4040.51,4040.69,3976.05,3977.69,1866060000,17386590000
2019-03-29,801880.SI,3975.87,4082.60,3956.66,4082.60,2082960000,19822220000
2019-04-01,801880.SI,4111.10,4217.06,4111.04,4208.96,2816770000,27260650000
2019-04-02,801880.SI,4228.32,4279.69,4198.16,4257.50,2970430000,29216920000
2019-04-03,801880.SI,4243.26,4325.34,4230.24,4323.15,2762110000,27639790000
2019-04-04,801880.SI,4339.05,4414.54,4339.05,4404.84,3162490000,32519830000
2019-04-08,801880.SI,4434.14,4452.64,4326.39,4393.24,3038760000,30041300000
2019-04-09,801880.SI,4388.17,4450.26,4372.77,4431.41,2709860000,26565590000
2019-04-10,801880.SI,4405.29,4572.04,4388.19,4529.33,3633900000,35126570000
2019-04-11,801880.SI,4536.88,4639.65,4497.78,4504.21,3595840000,35197840000
2019-04-12,801880.SI,4517.45,4544.30,4454.88,4485.95,3850730000,32585830000
2019-04-15,801880.SI,4533.07,4552.18,4410.74,4412.56,3601110000,31969300000
2019-04-16,801880.SI,4403.49,4479.24,4337.57,4479.24,2929360000,28121000000
2019-04-17,801880.SI,4499.15,4710.49,4499.12,4695.61,4768810000,45521470000
2019-04-18,801880.SI,4713.90,4713.90,4605.23,4609.23,4545080000,40250480000
2019-04-19,801880.SI,4592.76,4685.61,4579.11,4672.44,4136610000,34976620000
2019-04-22,801880.SI,4674.78,4674.78,4537.43,4554.72,3781840000,33545370000
2019-04-23,801880.SI,4546.28,4546.29,4435.96,4448.15,3103390000,27036690000
2019-04-24,801880.SI,4460.43,4510.05,4433.02,4509.47,2490810000,22872860000
2019-04-25,801880.SI,4485.69,4485.72,4310.90,4312.10,3294560000,28142800000
2019-04-26,801880.SI,4277.90,4290.13,4206.65,4210.84,2546570000,21585360000
2019-04-29,801880.SI,4216.77,4225.66,4097.19,4105.59,2402490000,20027590000
2019-04-30,801880.SI,4099.55,4175.22,4099.38,4161.54,1745580000,14748620000
2019-05-06,801880.SI,4012.96,4012.96,3804.64,3841.57,2314800000,19496950000
2019-05-07,801880.SI,3864.41,3928.93,3837.89,3901.33,1924000000,16017810000
2019-05-08,801880.SI,3817.33,3956.86,3801.01,3877.90,1864170000,15220490000
2019-05-09,801880.SI,3850.76,3889.11,3830.22,3837.47,1587500000,13346380000
2019-05-10,801880.SI,3878.86,3971.01,3798.75,3971.01,2141350000,18561690000
2019-05-13,801880.SI,3921.59,3932.72,3869.09,3889.15,1697880000,14175350000
2019-05-14,801880.SI,3837.95,3891.50,3837.43,3856.94,1569340000,12570170000
2019-05-15,801880.SI,3883.35,3937.95,3882.49,3937.95,1836900000,15389920000
2019-05-16,801880.SI,3943.04,3971.62,3938.81,3963.81,2099540000,17590330000
2019-05-17,801880.SI,3956.97,3957.01,3788.49,3808.10,2163430000,17251030000
2019-05-20,801880.SI,3789.86,3795.64,3688.57,3741.51,1571350000,12777610000
2019-05-21,801880.SI,3741.31,3816.19,3732.85,3800.08,1436020000,11813490000
2019-05-22,801880.SI,3803.03,3803.38,3745.10,3762.53,1442880000,11422400000
2019-05-23,801880.SI,3752.60,3753.00,3645.41,3657.81,1463560000,11882030000
2019-05-24,801880.SI,3650.95,3732.80,3632.92,3694.50,1563070000,12971030000
2019-05-27,801880.SI,3690.13,3757.47,3648.66,3750.76,1748630000,14830360000
2019-05-28,801880.SI,3738.76,3826.70,3733.55,3802.06,1749020000,15800660000
2019-05-29,801880.SI,3771.06,3790.39,3760.22,3768.10,1405470000,12091020000
2019-05-30,801880.SI,3757.62,3758.16,3710.74,3749.78,1471590000,12942710000
2019-05-31,801880.SI,3748.18,3770.23,3720.01,3725.34,1171440000,10625090000
2019-06-03,801880.SI,3741.25,3759.27,3688.93,3699.49,1255240000,12109070000
2019-06-04,801880.SI,3694.24,3694.57,3644.10,3664.96,1271310000,11541300000
2019-06-05,801880.SI,3696.09,3707.26,3650.64,3657.44,1252610000,11698370000
2019-06-06,801880.SI,3661.16,3661.16,3605.30,3616.67,1203820000,10685280000
2019-06-10,801880.SI,3652.36,3684.01,3646.92,3665.78,1176480000,11610360000
2019-06-11,801880.SI,3666.72,3781.09,3659.02,3777.60,1887380000,16690750000
2019-06-12,801880.SI,3761.36,3767.57,3726.46,3735.90,1428410000,13337310000
2019-06-13,801880.SI,3729.34,3757.16,3686.96,3743.45,1622240000,13582350000
2019-06-14,801880.SI,3742.71,3744.80,3662.45,3666.08,1517850000,11964530000
2019-06-17,801880.SI,3665.28,3687.38,3649.78,3666.14,1130920000,8452110000
2019-06-18,801880.SI,3671.98,3682.26,3644.39,3655.93,992890000,8267630000
2019-06-19,801880.SI,3728.94,3742.93,3702.66,3703.92,1369740000,12241380000
2019-06-20,801880.SI,3700.53,3774.31,3682.96,3765.77,1754980000,15381120000
2019-06-21,801880.SI,3774.13,3817.96,3773.98,3817.23,1963470000,16388740000
2019-06-24,801880.SI,3813.06,3822.74,3788.10,3822.74,1553130000,12875960000
2019-06-25,801880.SI,3813.96,3814.10,3741.12,3768.64,1695480000,13064270000
2019-06-26,801880.SI,3747.44,3789.09,3734.03,3772.64,1220110000,9764110000
2019-06-27,801880.SI,3782.15,3814.72,3776.74,3786.02,1314240000,11162980000
2019-06-28,801880.SI,3786.82,3786.84,3737.63,3757.54,1317670000,10625840000
2019-07-01,801880.SI,3818.88,3857.24,3806.38,3852.72,1543180000,13384390000
2019-07-02,801880.SI,3849.39,3933.61,3836.61,3904.88,1802270000,16504660000
2019-07-03,801880.SI,3896.11,3899.15,3870.07,3884.39,1470640000,12915750000
2019-07-04,801880.SI,3888.94,3920.68,3864.93,3883.10,1357190000,12068670000
2019-07-05,801880.SI,3884.09,3897.69,3856.39,3888.16,1110650000,9882630000
2019-07-08,801880.SI,3874.63,3874.83,3738.19,3749.74,1463510000,12334420000
2019-07-09,801880.SI,3753.54,3802.38,3753.54,3793.92,1130450000,10686780000
2019-07-10,801880.SI,3800.74,3800.74,3733.86,3744.04,1057940000,9106470000
2019-07-11,801880.SI,3758.03,3778.86,3709.97,3729.80,946950000,8374150000
2019-07-12,801880.SI,3718.35,3724.49,3694.34,3712.41,857220000,7684060000
2019-07-15,801880.SI,3705.26,3762.32,3651.53,3752.08,1134160000,9684680000
2019-07-16,801880.SI,3748.65,3758.76,3730.86,3740.29,866440000,7397880000
2019-07-17,801880.SI,3741.19,3768.31,3723.11,3758.74,1001140000,8478840000
2019-07-18,801880.SI,3737.07,3737.53,3686.31,3686.31,943340000,7900570000
2019-07-19,801880.SI,3695.81,3746.22,3695.68,3715.25,950950000,8105100000
2019-07-22,801880.SI,3720.66,3720.69,3641.56,3641.56,1112100000,9062760000
2019-07-23,801880.SI,3637.83,3683.90,3628.75,3681.89,894000000,7771760000
2019-07-24,801880.SI,3692.80,3750.47,3692.49,3726.66,988480000,8650950000
2019-07-25,801880.SI,3726.58,3738.51,3715.50,3726.42,847450000,7461420000
2019-07-26,801880.SI,3713.09,3736.76,3706.91,3734.55,1000890000,7228460000
2019-07-29,801880.SI,3734.68,3734.78,3719.91,3731.04,887880000,6603650000
2019-07-30,801880.SI,3731.80,3766.49,3731.47,3753.18,929190000,8048170000
2019-07-31,801880.SI,3742.33,3742.64,3714.84,3718.74,951240000,7529640000
2019-08-01,801880.SI,3707.43,3717.82,3681.37,3690.80,938360000,7540580000
2019-08-02,801880.SI,3612.44,3632.11,3592.82,3623.35,1096500000,8976420000
2019-08-05,801880.SI,3611.28,3615.60,3550.81,3550.81,943800000,8135130000
2019-08-06,801880.SI,3487.02,3488.12,3403.26,3463.64,1400230000,10841310000
2019-08-07,801880.SI,3481.98,3489.58,3449.68,3449.99,842360000,6745520000
2019-08-08,801880.SI,3468.28,3504.36,3468.15,3496.26,770200000,6478470000
2019-08-09,801880.SI,3512.50,3529.33,3464.36,3466.60,854500000,6873640000
2019-08-12,801880.SI,3468.56,3507.69,3465.56,3507.07,748770000,6127620000
2019-08-13,801880.SI,3482.13,3483.33,3454.97,3462.58,741960000,6429250000
2019-08-14,801880.SI,3504.95,3510.59,3483.91,3486.95,828630000,6861810000
2019-08-15,801880.SI,3420.77,3506.17,3405.47,3501.22,939820000,7789040000
2019-08-16,801880.SI,3502.46,3530.37,3496.67,3508.32,811070000,6976620000
2019-08-19,801880.SI,3536.73,3585.61,3532.46,3585.61,1117800000,9957240000
2019-08-20,801880.SI,3586.80,3599.57,3565.65,3572.74,1055430000,9036730000
2019-08-21,801880.SI,3568.86,3569.09,3553.09,3563.38,1017180000,8583670000
2019-08-22,801880.SI,3569.26,3577.38,3545.61,3576.58,1116850000,10130760000
2019-08-23,801880.SI,3580.87,3601.03,3571.03,3582.42,1090120000,10875150000
2019-08-26,801880.SI,3523.35,3605.72,3513.24,3580.20,1431650000,12322410000
2019-08-27,801880.SI,3606.13,3697.39,3606.07,3683.66,1976030000,19188560000
2019-08-28,801880.SI,3718.76,3767.13,3701.90,3706.30,2028000000,18069700000
2019-08-29,801880.SI,3706.08,3708.79,3672.56,3683.26,1977290000,16073380000
2019-08-30,801880.SI,3701.97,3710.09,3649.82,3660.34,1799450000,15925750000
2019-09-02,801880.SI,3658.58,3703.45,3658.58,3695.64,1762670000,15142590000
2019-09-03,801880.SI,3698.34,3698.37,3657.96,3675.46,1541730000,13186270000
2019-09-04,801880.SI,3665.23,3682.61,3652.32,3682.61,1430760000,12287080000
2019-09-05,801880.SI,3700.89,3758.50,3700.42,3730.05,1906340000,17658920000
2019-09-06,801880.SI,3756.22,3803.32,3756.15,3803.32,1699670000,16900050000
2019-09-09,801880.SI,3837.52,3843.14,3810.51,3843.14,1795120000,17361370000
2019-09-10,801880.SI,3838.05,3838.05,3794.68,3811.99,1624020000,14894870000
2019-09-11,801880.SI,3818.68,3826.01,3799.75,3806.21,1662280000,14981030000
2019-09-12,801880.SI,3811.72,3826.36,3792.50,3821.35,1412200000,12990690000
2019-09-16,801880.SI,3841.10,3841.10,3810.25,3826.63,1964940000,15020500000
2019-09-17,801880.SI,3821.54,3821.73,3724.45,3739.69,1772230000,14476590000
2019-09-18,801880.SI,3746.48,3753.57,3733.62,3739.79,1629550000,13712120000
2019-09-19,801880.SI,3751.15,3766.69,3725.91,3766.69,1394990000,12654600000
2019-09-20,801880.SI,3781.47,3795.49,3767.60,3776.28,1718900000,16024000000
2019-09-23,801880.SI,3773.71,3773.84,3721.34,3744.86,1811380000,16257110000
2019-09-24,801880.SI,3753.13,3781.30,3736.82,3752.62,1922390000,15952170000
2019-09-25,801880.SI,3735.85,3735.93,3684.09,3684.09,1708630000,14008720000
2019-09-26,801880.SI,3691.24,3691.68,3611.91,3612.85,1634100000,12357040000
2019-09-27,801880.SI,3610.62,3638.29,3610.60,3627.01,1142070000,9165520000
2019-09-30,801880.SI,3628.29,3638.70,3601.20,3601.20,937990000,8506910000
2019-10-08,801880.SI,3602.14,3616.42,3588.06,3588.23,951620000,8238670000
2019-10-09,801880.SI,3578.13,3599.18,3566.28,3599.18,1065620000,8725660000
2019-10-10,801880.SI,3602.93,3640.95,3602.93,3640.95,1087340000,9610580000
2019-10-11,801880.SI,3646.05,3662.53,3626.84,3652.51,1149100000,10102900000
2019-10-14,801880.SI,3680.41,3723.61,3677.21,3722.98,1410380000,12710730000
2019-10-15,801880.SI,3721.74,3722.06,3665.87,3675.22,1197980000,10963160000
2019-10-16,801880.SI,3681.72,3683.57,3650.44,3653.09,1141200000,9594190000
2019-10-17,801880.SI,3653.53,3659.41,3641.38,3652.87,1131790000,8980170000
2019-10-18,801880.SI,3660.37,3661.96,3595.09,3601.82,1246740000,10512200000
2019-10-21,801880.SI,3595.45,3596.47,3549.85,3574.18,1102030000,8698880000
2019-10-22,801880.SI,3573.25,3595.62,3568.67,3595.62,901210000,7856960000
2019-10-23,801880.SI,3593.79,3597.05,3566.07,3575.20,854970000,7349470000
2019-10-24,801880.SI,3578.11,3592.94,3569.12,3583.87,923720000,8058120000
2019-10-25,801880.SI,3581.40,3614.34,3571.97,3613.70,1198720000,10163760000
2019-10-28,801880.SI,3615.06,3658.02,3615.06,3657.87,1430000000,12150120000
2019-10-29,801880.SI,3657.70,3657.71,3621.94,3621.94,1234750000,11036480000
2019-10-30,801880.SI,3612.22,3612.39,3575.32,3584.07,1208970000,10636970000
2019-10-31,801880.SI,3585.90,3586.03,3542.75,3548.80,1080010000,9820570000
2019-11-01,801880.SI,3547.60,3622.73,3534.25,3622.73,1207720000,10958460000
2019-11-04,801880.SI,3633.83,3648.27,3633.50,3636.92,1274220000,12339030000
2019-11-05,801880.SI,3637.57,3661.68,3618.47,3643.55,1153800000,11617590000
2019-11-06,801880.SI,3650.01,3650.91,3611.61,3622.68,1113560000,10697900000
2019-11-07,801880.SI,3624.82,3664.31,3620.42,3651.99,997360000,10545290000
2019-11-08,801880.SI,3674.85,3704.14,3659.20,3664.41,1227690000,12670020000
2019-11-11,801880.SI,3647.61,3648.92,3602.68,3606.23,1278280000,11510480000
2019-11-12,801880.SI,3609.55,3614.66,3577.76,3609.41,1064510000,10061470000
2019-11-13,801880.SI,3607.65,3607.69,3575.32,3588.44,992300000,9395370000
2019-11-14,801880.SI,3591.61,3604.69,3578.66,3591.32,914870000,8797610000
2019-11-15,801880.SI,3590.86,3592.85,3558.90,3563.65,986420000,9537660000
2019-11-18,801880.SI,3552.11,3584.63,3544.11,3584.63,944340000,9345010000
2019-11-19,801880.SI,3583.48,3626.75,3579.57,3626.75,1034140000,10168160000
2019-11-20,801880.SI,3625.87,3627.70,3593.60,3597.86,984780000,9516880000
2019-11-21,801880.SI,3588.28,3603.92,3575.49,3591.43,869220000,7966410000
2019-11-22,801880.SI,3594.87,3631.45,3566.59,3580.38,1141130000,9921310000
2019-11-25,801880.SI,3589.53,3630.52,3580.53,3630.52,1167810000,10777630000
2019-11-26,801880.SI,3632.53,3638.04,3612.93,3637.34,1056000000,9935930000
2019-11-27,801880.SI,3632.64,3642.19,3615.36,3626.84,1016140000,9297620000
2019-11-28,801880.SI,3617.68,3621.24,3590.90,3596.95,891970000,8248840000
2019-11-29,801880.SI,3599.81,3618.26,3579.67,3614.22,974280000,8673450000
2019-12-02,801880.SI,3618.05,3629.99,3615.30,3615.30,1146080000,10694800000
2019-12-03,801880.SI,3602.13,3662.29,3588.78,3662.29,1335300000,11744670000
2019-12-04,801880.SI,3647.96,3678.28,3646.32,3653.75,1414780000,12664330000
2019-12-05,801880.SI,3662.64,3690.97,3662.53,3687.03,1490710000,14196000000
2019-12-06,801880.SI,3687.87,3687.87,3660.98,3676.52,1504640000,13890880000
2019-12-09,801880.SI,3681.34,3682.47,3660.22,3670.90,1400410000,12665670000
2019-12-10,801880.SI,3664.95,3687.21,3659.45,3687.21,1394110000,13051580000
2019-12-11,801880.SI,3690.71,3729.50,3680.18,3715.20,1711890000,16561540000
2019-12-12,801880.SI,3716.77,3721.57,3703.68,3711.25,1432640000,14020380000
2019-12-13,801880.SI,3731.80,3745.34,3727.80,3744.20,1525450000,15204100000
2019-12-16,801880.SI,3755.14,3792.93,3755.04,3792.93,1697550000,16213680000
2019-12-17,801880.SI,3794.98,3830.67,3790.25,3826.64,1924000000,18473100000
2019-12-18,801880.SI,3821.61,3841.66,3815.73,3824.64,1793470000,17507840000
2019-12-19,801880.SI,3822.91,3842.19,3809.75,3836.66,1720860000,16686730000
2019-12-20,801880.SI,3841.81,3863.33,3840.59,3841.57,1858200000,17961210000
2019-12-23,801880.SI,3838.78,3855.43,3783.75,3786.48,1752830000,17503200000
2019-12-24,801880.SI,3790.36,3845.07,3790.36,3844.49,1496530000,14779520000
2019-12-25,801880.SI,3853.22,3872.10,3836.63,3856.73,1637110000,15694590000
2019-12-26,801880.SI,3849.31,3864.68,3840.00,3864.68,1491370000,14188350000
2019-12-27,801880.SI,3868.86,3896.94,3856.35,3861.62,1757040000,17151130000
2019-12-30,801880.SI,3850.64,3892.73,3819.59,3892.15,1913910000,18025440000
2019-12-31,801880.SI,3890.78,3917.43,3882.99,3913.76,1688980000,15386940000
2020-01-02,801880.SI,3938.61,3998.18,3938.54,3988.84,2072390000,20135330000
2020-01-03,801880.SI,3995.43,4010.85,3979.91,3998.72,1896950000,17832870000
2020-01-06,801880.SI,3991.21,4066.95,3984.97,4008.75,2809470000,27686000000
2020-01-07,801880.SI,4031.98,4063.90,4031.98,4063.65,2680060000,25341560000
2020-01-08,801880.SI,4062.91,4153.96,4055.27,4101.23,3376520000,32231040000
2020-01-09,801880.SI,4148.79,4163.87,4124.93,4148.09,3134120000,28719370000
2020-01-10,801880.SI,4148.11,4148.11,4105.51,4112.48,2502400000,22864410000
2020-01-13,801880.SI,4150.54,4201.57,4137.89,4201.57,2740000000,27295520000
2020-01-14,801880.SI,4235.72,4258.65,4189.09,4190.14,2848710000,31932450000
2020-01-15,801880.SI,4179.37,4189.80,4141.15,4159.86,2329990000,22830340000
2020-01-16,801880.SI,4168.36,4174.43,4140.65,4159.10,2150170000,22291000000
2020-01-17,801880.SI,4171.04,4196.50,4159.44,4175.86,2340560000,25565340000
2020-01-20,801880.SI,4170.29,4183.25,4148.93,4179.71,2149090000,22743400000
2020-01-21,801880.SI,4164.66,4164.67,4086.29,4088.41,2220810000,21961050000
2020-01-22,801880.SI,4077.65,4148.09,4029.26,4131.60,2250990000,22878710000
2020-01-23,801880.SI,4093.58,4116.06,3953.60,3991.14,2306310000,23760320000
2020-02-03,801880.SI,3602.22,3661.00,3602.22,3622.51,1166820000,14230580000
2020-02-04,801880.SI,3520.19,3686.05,3520.19,3670.80,2725800000,24428120000
2020-02-05,801880.SI,3728.79,3839.17,3728.63,3786.79,2383250000,25552190000
2020-02-06,801880.SI,3757.60,3850.48,3738.53,3836.46,2817330000,29959750000
2020-02-07,801880.SI,3833.56,3837.10,3775.53,3831.58,2809490000,29830390000
2020-02-10,801880.SI,3826.96,3971.14,3824.60,3970.64,2788080000,31553290000
2020-02-11,801880.SI,3988.87,3988.89,3931.29,3953.61,2566940000,28240390000
2020-02-12,801880.SI,3933.47,3988.86,3929.63,3988.36,2709350000,25191550000
2020-02-13,801880.SI,3973.01,4001.77,3950.30,3958.63,2641500000,26624540000
2020-02-14,801880.SI,3953.05,3969.45,3912.61,3941.76,2442320000,22918930000
2020-02-17,801880.SI,3951.58,4096.44,3951.53,4096.44,2905980000,27437920000
2020-02-18,801880.SI,4099.55,4139.10,4077.11,4131.05,3139520000,30366900000
2020-02-19,801880.SI,4174.04,4195.66,4122.76,4123.90,3315280000,34505400000
2020-02-20,801880.SI,4142.20,4241.09,4137.65,4232.09,3773850000,39146180000
2020-02-21,801880.SI,4234.20,4310.27,4233.94,4306.56,4205580000,41522560000
2020-02-24,801880.SI,4275.29,4325.90,4267.88,4306.96,3976960000,39197930000
2020-02-25,801880.SI,4211.04,4395.90,4159.30,4388.53,5159750000,49109280000
2020-02-26,801880.SI,4334.08,4406.61,4285.86,4299.24,4683790000,45525820000
2020-02-27,801880.SI,4314.40,4349.37,4270.40,4306.81,4079430000,37746430000
2020-02-28,801880.SI,4148.98,4193.58,4057.65,4060.96,3867720000,35011900000
2020-03-02,801880.SI,4084.65,4231.93,4084.64,4217.10,3172360000,29128400000
2020-03-03,801880.SI,4296.13,4322.75,4215.91,4252.08,3693650000,34512210000
2020-03-04,801880.SI,4202.27,4255.84,4176.90,4255.84,2786530000,25430000000
2020-03-05,801880.SI,4288.67,4308.38,4261.52,4308.38,3255810000,29206490000
2020-03-06,801880.SI,4250.13,4283.20,4236.30,4254.53,3152110000,27321900000
2020-03-09,801880.SI,4164.10,4167.97,4045.07,4045.07,3129220000,28866490000
2020-03-10,801880.SI,3977.17,4156.44,3959.81,4155.27,2922180000,26219670000
2020-03-11,801880.SI,4172.73,4195.32,4112.62,4112.62,2721610000,24182460000
2020-03-12,801880.SI,4051.55,4058.37,3983.37,4039.37,2863120000,22704960000
2020-03-13,801880.SI,3828.31,4002.40,3828.31,3979.14,3042220000,24570540000
2020-03-16,801880.SI,3998.58,3998.58,3751.51,3760.90,2735960000,23244610000
2020-03-17,801880.SI,3767.39,3812.31,3607.59,3723.84,2603740000,20819050000
2020-03-18,801880.SI,3747.37,3788.96,3641.96,3641.96,2444180000,20012870000
2020-03-19,801880.SI,3631.18,3653.02,3512.90,3609.70,2291600000,18879430000
2020-03-20,801880.SI,3656.85,3667.42,3590.70,3650.22,1921230000,16241410000
2020-03-23,801880.SI,3528.14,3528.38,3421.09,3429.27,1964270000,17190530000
2020-03-24,801880.SI,3492.91,3564.72,3428.09,3561.52,2032630000,17697800000
2020-03-25,801880.SI,3663.95,3738.35,3663.88,3730.31,2497860000,23180950000
2020-03-26,801880.SI,3705.98,3712.61,3676.69,3680.63,2460070000,19191560000
2020-03-27,801880.SI,3719.61,3719.61,3670.52,3675.56,2343060000,18762700000
2020-03-30,801880.SI,3620.88,3670.91,3585.10,3637.48,2156680000,18080270000
2020-03-31,801880.SI,3666.33,3674.82,3636.53,3649.83,1955540000,16100400000
2020-04-01,801880.SI,3671.94,3728.52,3621.26,3626.12,2588740000,21583380000
2020-04-02,801880.SI,3597.12,3664.76,3574.73,3664.76,2310730000,18480830000
2020-04-03,801880.SI,3673.92,3673.99,3613.91,3629.70,2194310000,18137420000
2020-04-07,801880.SI,3693.11,3723.44,3679.59,3723.44,2586480000,21973630000
2020-04-08,801880.SI,3703.49,3725.28,3690.07,3712.64,2722060000,20550400000
2020-04-09,801880.SI,3727.25,3754.79,3722.63,3749.07,2788880000,20109670000
2020-04-10,801880.SI,3757.59,3757.59,3657.82,3671.45,2459010000,19346050000
2020-04-13,801880.SI,3638.78,3651.65,3617.53,3643.03,1798290000,14202830000
2020-04-14,801880.SI,3660.87,3719.93,3657.72,3719.93,2222020000,19322010000
2020-04-15,801880.SI,3732.13,3740.60,3698.91,3698.91,2620550000,22479090000
2020-04-16,801880.SI,3679.07,3706.03,3664.10,3702.13,1888410000,16093350000
2020-04-17,801880.SI,3729.56,3737.17,3702.30,3706.61,2066140000,18887190000
2020-04-20,801880.SI,3718.12,3723.65,3692.33,3723.46,1810740000,16187350000
2020-04-21,801880.SI,3705.42,3705.49,3635.81,3671.92,1927960000,16695590000
2020-04-22,801880.SI,3640.26,3675.72,3626.67,3675.06,1662260000,13852790000
2020-04-23,801880.SI,3693.21,3699.13,3654.71,3655.05,1881340000,15684290000
2020-04-24,801880.SI,3665.67,3707.79,3626.68,3636.86,2019010000,16947480000
2020-04-27,801880.SI,3633.92,3636.21,3592.47,3592.47,1838190000,14432020000
2020-04-28,801880.SI,3603.70,3603.81,3470.45,3552.68,2131180000,16455540000
2020-04-29,801880.SI,3544.59,3577.15,3536.18,3568.11,1896480000,15143650000
2020-04-30,801880.SI,3609.06,3701.98,3608.93,3692.65,2111190000,19359700000
2020-05-06,801880.SI,3663.60,3788.24,3663.60,3786.49,2192140000,20744700000
2020-05-07,801880.SI,3789.97,3790.05,3748.67,3772.62,1823650000,17065000000
2020-05-08,801880.SI,3787.48,3828.95,3783.53,3820.03,1873810000,16988840000
2020-05-11,801880.SI,3838.50,3880.07,3816.32,3842.82,2142430000,20077820000
2020-05-12,801880.SI,3842.75,3842.82,3786.01,3822.66,2038170000,18471160000
2020-05-13,801880.SI,3807.66,3812.80,3790.15,3807.20,1659350000,15819810000
2020-05-14,801880.SI,3792.91,3793.11,3739.27,3742.49,1757900000,15279530000
2020-05-15,801880.SI,3759.85,3766.21,3714.62,3723.68,1702760000,16137780000
2020-05-18,801880.SI,3721.01,3721.01,3684.45,3690.63,1713360000,15039320000
2020-05-19,801880.SI,3721.03,3738.44,3713.90,3734.30,1546530000,14319790000
2020-05-20,801880.SI,3723.19,3754.94,3715.17,3725.64,1893010000,17556580000
2020-05-21,801880.SI,3746.63,3746.63,3678.67,3686.40,2110220000,17018380000
2020-05-22,801880.SI,3680.50,3682.74,3611.52,3632.56,1692120000,14661650000
2020-05-25,801880.SI,3636.87,3638.85,3613.06,3628.36,1555530000,13469150000
2020-05-26,801880.SI,3646.91,3690.56,3646.71,3689.44,1730640000,14518570000
2020-05-27,801880.SI,3701.44,3705.70,3671.34,3683.01,1977830000,17660790000
2020-05-28,801880.SI,3689.39,3711.93,3645.49,3677.93,1820480000,15971970000
2020-05-29,801880.SI,3679.77,3697.53,3671.47,3685.28,2136620000,18734750000
2020-06-01,801880.SI,3704.02,3800.28,3703.98,3800.28,2451840000,22326290000
2020-06-02,801880.SI,3821.15,3829.18,3788.13,3804.28,2606950000,24923170000
2020-06-03,801880.SI,3819.97,3874.13,3811.11,3872.36,2969430000,27158790000
2020-06-04,801880.SI,3895.78,3910.82,3873.63,3909.23,3305500000,29289510000
2020-06-05,801880.SI,3915.75,3915.75,3871.28,3906.05,2746030000,26676960000
2020-06-08,801880.SI,3919.75,3919.75,3889.95,3897.79,2681340000,24818820000
2020-06-09,801880.SI,3906.94,3926.95,3899.09,3920.05,2436980000,22946340000
2020-06-10,801880.SI,3908.82,3908.94,3865.41,3886.82,1958490000,18476290000
2020-06-11,801880.SI,3906.04,3974.58,3901.33,3921.51,3084700000,28615530000
2020-06-12,801880.SI,3836.88,3929.30,3835.28,3916.39,2858500000,25798020000
2020-06-15,801880.SI,3901.54,3913.93,3855.77,3855.77,2445340000,22897020000
2020-06-16,801880.SI,3894.93,3902.32,3873.42,3902.32,1909620000,19141330000
2020-06-17,801880.SI,3906.29,3906.29,3850.83,3884.09,1907810000,17843400000
2020-06-18,801880.SI,3879.44,3910.01,3861.92,3909.64,1851140000,17923970000
2020-06-19,801880.SI,3910.32,3968.20,3906.95,3961.12,2189210000,20620410000
2020-06-22,801880.SI,3957.78,3973.84,3940.77,3950.09,2338950000,21720200000
2020-06-23,801880.SI,3943.11,3943.11,3912.02,3936.29,2189690000,20469350000
2020-06-24,801880.SI,3937.03,3952.81,3923.45,3932.95,1886920000,18369170000
2020-06-29,801880.SI,3917.54,3923.71,3891.89,3899.50,1898380000,18289210000
2020-06-30,801880.SI,3902.20,3938.30,3902.00,3923.35,1792560000,18409270000
2020-07-01,801880.SI,3952.49,3957.74,3922.31,3957.59,2439630000,23031200000
2020-07-02,801880.SI,3961.92,4005.59,3946.30,4005.45,2583990000,24924630000
2020-07-03,801880.SI,4041.59,4134.64,4041.45,4131.09,3105370000,31253970000
2020-07-06,801880.SI,4167.02,4280.68,4142.46,4275.57,4161090000,40804730000
2020-07-07,801880.SI,4342.62,4404.27,4284.42,4335.17,4339020000,44971380000
2020-07-08,801880.SI,4327.53,4384.75,4293.72,4380.38,3997560000,39694840000
2020-07-09,801880.SI,4382.79,4455.31,4376.43,4452.15,4220750000,42945590000
2020-07-10,801880.SI,4438.61,4515.58,4420.14,4473.58,4290300000,44845440000
2020-07-13,801880.SI,4505.18,4650.07,4505.18,4645.61,3998300000,46038850000
2020-07-14,801880.SI,4642.35,4651.17,4513.76,4648.69,4497400000,50593790000
2020-07-15,801880.SI,4634.35,4644.01,4500.63,4501.94,4149620000,43812420000
2020-07-16,801880.SI,4494.09,4528.93,4280.65,4284.08,3537000000,37587990000
2020-07-17,801880.SI,4278.17,4357.43,4250.38,4296.60,2779040000,28721780000
2020-07-20,801880.SI,4349.35,4485.28,4338.20,4485.28,2909540000,31670520000
2020-07-21,801880.SI,4523.80,4547.66,4498.13,4526.62,3087190000,31751110000
2020-07-22,801880.SI,4507.13,4571.19,4498.22,4513.80,2875090000,29511800000
2020-07-23,801880.SI,4478.41,4507.24,4384.08,4505.91,2942140000,30422250000
2020-07-24,801880.SI,4487.39,4503.35,4314.55,4325.35,3414350000,34958260000
2020-07-27,801880.SI,4343.84,4376.47,4302.13,4365.31,2638700000,25494730000
2020-07-28,801880.SI,4409.65,4441.05,4360.05,4390.47,2417300000,23863380000
2020-07-29,801880.SI,4387.94,4501.44,4351.12,4501.44,2735450000,27556560000
2020-07-30,801880.SI,4511.36,4531.77,4445.85,4455.05,2796870000,27926790000
2020-07-31,801880.SI,4454.14,4510.93,4407.16,4481.24,2534670000,25420570000
2020-08-03,801880.SI,4522.66,4625.39,4522.66,4625.39,2958920000,31060920000
2020-08-04,801880.SI,4655.83,4671.59,4624.78,4652.09,3439250000,34749780000
2020-08-05,801880.SI,4650.35,4662.62,4595.68,4662.62,3067110000,29766360000
2020-08-06,801880.SI,4684.61,4703.98,4607.86,4692.28,3095440000,35392460000
2020-08-07,801880.SI,4665.66,4692.88,4606.30,4667.36,3253970000,34158920000
2020-08-10,801880.SI,4653.85,4725.98,4648.78,4705.44,3088300000,34737160000
2020-08-11,801880.SI,4715.63,4756.92,4656.54,4662.17,3510680000,37290630000
2020-08-12,801880.SI,4639.31,4656.27,4498.70,4625.91,3561080000,36545910000
2020-08-13,801880.SI,4654.49,4682.51,4632.17,4640.48,3136410000,31995270000
2020-08-14,801880.SI,4636.99,4677.05,4582.13,4674.33,3701480000,31024020000
2020-08-17,801880.SI,4679.08,4793.11,4663.98,4788.43,3776500000,36345650000
2020-08-18,801880.SI,4803.81,4840.22,4794.63,4832.47,3949700000,38803640000
2020-08-19,801880.SI,4823.35,4823.35,4731.71,4735.81,4048830000,37057280000
2020-08-20,801880.SI,4690.41,4708.67,4631.07,4642.47,2992000000,27775420000
2020-08-21,801880.SI,4675.97,4706.79,4639.01,4680.04,2784900000,26978940000
2020-08-24,801880.SI,4687.74,4720.24,4653.52,4714.18,2499160000,26033930000
2020-08-25,801880.SI,4719.60,4720.52,4657.07,4671.21,2642550000,26053530000
2020-08-26,801880.SI,4672.76,4677.07,4579.83,4596.10,2723360000,27835970000
2020-08-27,801880.SI,4627.45,4695.33,4626.92,4687.12,2678360000,29399850000
2020-08-28,801880.SI,4680.33,4715.49,4625.21,4709.90,3005840000,30426170000
2020-08-31,801880.SI,4725.38,4757.23,4703.55,4703.55,3065740000,31964150000
2020-09-01,801880.SI,4714.16,4843.68,4714.16,4843.65,3039930000,34395050000
2020-09-02,801880.SI,4863.16,4875.19,4802.98,4860.40,2870990000,34199840000
2020-09-03,801880.SI,4849.06,4860.41,4797.43,4816.46,2573850000,28675550000
2020-09-04,801880.SI,4710.35,4801.38,4710.35,4792.01,2189710000,24258900000
2020-09-07,801880.SI,4787.41,4830.79,4736.35,4755.08,2484900000,30899180000
2020-09-08,801880.SI,4769.29,4803.47,4737.05,4786.05,2729060000,29113600000
2020-09-09,801880.SI,4716.35,4731.65,4647.24,4648.08,3081320000,31253210000
2020-09-10,801880.SI,4694.47,4708.75,4598.18,4608.24,2796790000,27953680000
2020-09-11,801880.SI,4603.64,4671.31,4582.04,4671.31,2140840000,22861920000
2020-09-14,801880.SI,4682.76,4713.05,4664.17,4707.22,2054600000,23699840000
2020-09-15,801880.SI,4716.58,4803.92,4705.04,4796.33,2276840000,28737800000
2020-09-16,801880.SI,4785.58,4872.90,4785.56,4861.94,2306600000,29799930000
2020-09-17,801880.SI,4864.70,5057.01,4859.82,5031.32,2950190000,39359680000
2020-09-18,801880.SI,5017.11,5051.82,4977.00,5051.82,2728160000,36063910000
2020-09-21,801880.SI,5057.00,5071.05,4952.60,4961.51,2395840000,33835060000
2020-09-22,801880.SI,4921.86,4931.84,4848.97,4862.32,2176450000,27989180000
2020-09-23,801880.SI,4885.97,4900.07,4849.96,4886.61,1739770000,22727020000
2020-09-24,801880.SI,4842.13,4842.40,4739.75,4740.99,2021330000,23003650000
2020-09-25,801880.SI,4773.78,4773.78,4695.57,4725.00,1586240000,19326010000
2020-09-28,801880.SI,4746.38,4748.44,4702.86,4710.11,1688600000,19706080000
2020-09-29,801880.SI,4742.44,4742.44,4701.68,4716.91,1678040000,20628260000
2020-09-30,801880.SI,4727.19,4790.27,4702.53,4756.45,1618670000,22429860000
2020-10-09,801880.SI,4876.10,4946.54,4874.77,4914.27,2102130000,29235450000
2020-10-12,801880.SI,4982.87,5073.22,4973.09,5073.22,2644190000,34398850000
2020-10-13,801880.SI,5071.53,5176.24,5015.71,5158.82,2700770000,35870590000
2020-10-14,801880.SI,5156.32,5172.58,5095.67,5123.30,2864260000,35549810000
2020-10-15,801880.SI,5175.60,5209.78,5113.82,5113.82,3008810000,38721700000
2020-10-16,801880.SI,5101.02,5101.02,5007.54,5044.92,2477270000,32777580000
2020-10-19,801880.SI,5056.02,5070.64,4993.62,5012.97,2193170000,26920290000
2020-10-20,801880.SI,4996.18,5189.16,4988.02,5189.16,2442410000,34651910000
2020-10-21,801880.SI,5173.22,5200.51,5122.56,5154.89,2587070000,35035520000
2020-10-22,801880.SI,5134.95,5188.15,5053.20,5155.46,2492000000,33858440000
2020-10-23,801880.SI,5147.85,5208.74,5084.22,5107.86,2322240000,31973620000
2020-10-26,801880.SI,5073.66,5171.28,5024.64,5134.73,2145770000,28057340000
2020-10-27,801880.SI,5102.11,5132.88,5070.05,5116.98,1947890000,26256630000
2020-10-28,801880.SI,5112.77,5250.38,5104.65,5227.18,2500740000,37302820000
2020-10-29,801880.SI,5144.83,5423.32,5144.83,5348.05,3137950000,46743750000
2020-10-30,801880.SI,5378.42,5474.82,5298.00,5307.64,3611700000,52594740000
2020-11-02,801880.SI,5331.49,5470.19,5315.99,5460.11,3350940000,47468210000
2020-11-03,801880.SI,5509.47,5509.47,5383.51,5441.85,3193930000,48182500000
2020-11-04,801880.SI,5463.51,5593.80,5449.57,5593.80,3252400000,47580090000
2020-11-05,801880.SI,5690.44,5878.57,5679.66,5878.57,4300910000,61768510000
2020-11-06,801880.SI,5901.24,5976.72,5752.41,5847.36,3934880000,62192360000
2020-11-09,801880.SI,5853.27,5886.77,5783.07,5877.01,3622680000,52463820000
2020-11-10,801880.SI,5839.70,5839.70,5677.37,5717.31,3299670000,49268130000
2020-11-11,801880.SI,5672.57,5724.43,5536.06,5536.06,2447680000,42461340000
2020-11-12,801880.SI,5567.99,5635.14,5548.35,5586.14,2035100000,33938290000
2020-11-13,801880.SI,5667.54,5685.37,5586.58,5642.46,2393630000,36921910000
2020-11-16,801880.SI,5637.94,5637.94,5529.39,5621.41,2755520000,39359490000
2020-11-17,801880.SI,5651.77,5761.40,5642.85,5680.50,3693800000,51615330000
2020-11-18,801880.SI,5654.82,5705.52,5615.26,5684.75,3234590000,43649330000
2020-11-19,801880.SI,5736.61,5744.02,5609.43,5649.57,3493380000,47724500000
2020-11-20,801880.SI,5668.29,5860.77,5664.35,5849.51,4339780000,59371680000
2020-11-23,801880.SI,5863.35,5947.04,5783.58,5936.73,4758240000,61950160000
2020-11-24,801880.SI,6006.87,6062.20,5898.23,5903.15,4377000000,59867650000
2020-11-25,801880.SI,5905.40,6051.05,5873.36,5878.78,4597550000,61038270000
2020-11-26,801880.SI,5838.38,5838.39,5654.99,5716.45,4004420000,53949920000
2020-11-27,801880.SI,5738.24,5826.09,5676.60,5773.40,3900180000,52466960000
2020-11-30,801880.SI,5752.55,5797.41,5686.63,5732.70,3566530000,49684210000
2020-12-01,801880.SI,5693.69,5863.81,5675.25,5852.85,3873260000,51778760000
2020-12-02,801880.SI,5816.24,5823.37,5747.67,5761.88,3774950000,52265520000
2020-12-03,801880.SI,5768.73,5791.20,5676.78,5723.84,4002400000,49082890000
2020-12-04,801880.SI,5702.44,5765.31,5682.13,5694.80,3210110000,40799420000
2020-12-07,801880.SI,5675.40,5675.42,5622.49,5631.16,2825360000,38283010000
2020-12-08,801880.SI,5657.66,5721.85,5649.75,5698.77,2915910000,42131870000
2020-12-09,801880.SI,5705.57,5713.47,5542.61,5542.61,3164030000,41859770000
2020-12-10,801880.SI,5495.64,5526.33,5416.07,5476.61,2597420000,35271600000
2020-12-11,801880.SI,5487.29,5490.80,5349.89,5443.26,2815190000,38045020000
2020-12-14,801880.SI,5425.98,5529.08,5366.11,5525.88,2948370000,39912520000
2020-12-15,801880.SI,5526.08,5623.80,5496.24,5602.53,2975050000,40877710000
2020-12-16,801880.SI,5616.00,5616.03,5503.72,5510.90,2600300000,33239480000
2020-12-17,801880.SI,5489.18,5535.03,5443.46,5523.50,2734610000,33713920000
2020-12-18,801880.SI,5516.77,5655.41,5509.93,5603.23,3110990000,44255030000
2020-12-21,801880.SI,5617.46,5812.60,5596.39,5794.47,3729830000,57750280000
2020-12-22,801880.SI,5751.88,5780.98,5584.90,5585.68,3842610000,55459710000
2020-12-23,801880.SI,5579.19,5744.46,5579.19,5691.24,3671200000,50220040000
2020-12-24,801880.SI,5683.68,5683.70,5574.39,5596.39,3389390000,41283890000
2020-12-25,801880.SI,5568.61,5632.62,5538.62,5610.52,2791190000,34832670000
2020-12-28,801880.SI,5606.42,5711.94,5574.56,5675.16,3168690000,43500490000
2020-12-29,801880.SI,5662.57,5665.85,5503.23,5505.99,2998590000,41655270000
2020-12-30,801880.SI,5510.67,5669.37,5510.62,5613.80,2667640000,41044380000
2020-12-31,801880.SI,5641.50,5747.65,5629.70,5708.20,3223200000,45326360000
2021-01-04,801880.SI,5727.09,5895.08,5727.09,5850.33,3931090000,55530940000
2021-01-05,801880.SI,5886.56,5886.70,5773.02,5848.74,4040960000,60397620000
2021-01-06,801880.SI,5850.52,5883.57,5743.37,5786.67,3207450000,47083210000
2021-01-07,801880.SI,5788.66,5872.86,5720.90,5855.83,3763630000,54471000000
2021-01-08,801880.SI,5915.89,5958.83,5781.41,5930.68,3569760000,53524490000
2021-01-11,801880.SI,5997.19,6152.43,5971.04,6022.91,3497540000,59049080000
2021-01-12,801880.SI,5965.68,6048.33,5868.04,6033.14,2766870000,46460860000
2021-01-13,801880.SI,6063.87,6175.74,5972.36,6035.98,3324860000,57212030000
2021-01-14,801880.SI,5982.25,6035.30,5874.54,5892.51,2918740000,50633530000
2021-01-15,801880.SI,5881.02,5952.32,5765.00,5909.47,2735640000,46178610000
2021-01-18,801880.SI,5862.56,5930.82,5827.15,5911.14,2580660000,41227980000
2021-01-19,801880.SI,5912.40,5933.32,5815.36,5835.35,2745760000,41633090000
2021-01-20,801880.SI,5874.16,5989.91,5874.09,5970.38,2753940000,44057490000
2021-01-21,801880.SI,5938.56,6081.43,5893.13,6047.44,2917150000,51305670000
2021-01-22,801880.SI,6034.44,6088.70,5961.92,6074.04,2983800000,48228170000
2021-01-25,801880.SI,6066.29,6164.01,5988.95,6102.28,2853190000,51115580000
2021-01-26,801880.SI,6085.14,6131.08,5980.55,5985.07,2202450000,40566950000
2021-01-27,801880.SI,5973.48,6041.36,5860.98,6040.03,2284690000,42380240000
2021-01-28,801880.SI,5926.59,5999.61,5860.79,5871.85,2313550000,37566630000
2021-01-29,801880.SI,5915.35,5922.15,5770.44,5853.44,2487020000,38132640000
2021-02-01,801880.SI,5818.98,5876.80,5763.77,5847.73,2502240000,35871780000
2021-02-02,801880.SI,5888.95,6137.75,5888.88,6137.01,2749620000,47880230000
2021-02-03,801880.SI,6150.36,6170.41,6054.04,6065.77,3219000000,49432720000
2021-02-04,801880.SI,6012.13,6045.88,5938.87,6008.38,3043930000,42316710000
2021-02-05,801880.SI,6018.39,6041.05,5826.90,5830.24,2685900000,44893890000
2021-02-08,801880.SI,5840.31,5944.59,5763.75,5903.22,2155950000,36382670000
2021-02-09,801880.SI,5932.23,6040.44,5885.80,6027.70,2384520000,38864180000
2021-02-10,801880.SI,6074.26,6149.58,6009.91,6113.73,2287570000,39299640000
2021-02-18,801880.SI,6196.63,6211.03,6062.74,6129.55,2644270000,43904550000
2021-02-19,801880.SI,6096.99,6143.10,5996.37,6140.95,2629510000,40051750000
2021-02-22,801880.SI,6162.32,6162.32,5949.17,5949.17,3148640000,47528510000
2021-02-23,801880.SI,5860.82,5904.36,5807.66,5832.43,2403920000,40241520000
2021-02-24,801880.SI,5840.79,5889.19,5636.83,5692.18,2479610000,44959870000
2021-02-25,801880.SI,5766.48,5766.48,5642.84,5662.19,2092920000,32019050000
2021-02-26,801880.SI,5522.12,5608.43,5497.48,5551.46,2319520000,37189000000
2021-03-01,801880.SI,5581.19,5696.20,5547.33,5696.20,2206600000,35125410000
2021-03-02,801880.SI,5736.25,5736.25,5626.06,5694.34,2054630000,33018140000
2021-03-03,801880.SI,5641.87,5744.88,5624.95,5743.67,2010960000,29864440000
2021-03-04,801880.SI,5689.68,5689.81,5558.29,5575.54,2428940000,33522150000
2021-03-05,801880.SI,5473.32,5647.86,5473.32,5616.92,2575560000,33169010000
2021-03-08,801880.SI,5638.14,5668.65,5402.55,5404.10,2836170000,40778050000
2021-03-09,801880.SI,5373.94,5380.69,5137.26,5250.05,2973490000,39742730000
2021-03-10,801880.SI,5367.84,5388.61,5284.33,5305.02,2189500000,31595710000
2021-03-11,801880.SI,5302.43,5422.53,5280.75,5422.50,2086790000,30894860000
2021-03-12,801880.SI,5443.18,5450.28,5355.38,5434.00,2171460000,28996770000
2021-03-15,801880.SI,5394.18,5415.70,5291.64,5336.28,2162070000,26564380000
2021-03-16,801880.SI,5355.02,5413.78,5339.50,5381.86,2024680000,24098980000
2021-03-17,801880.SI,5361.94,5437.09,5319.60,5405.28,1721390000,22283970000
2021-03-18,801880.SI,5425.46,5456.97,5401.98,5416.42,1820960000,23378940000
2021-03-19,801880.SI,5342.47,5369.68,5290.10,5314.37,1710570000,24281460000
2021-03-22,801880.SI,5319.43,5393.73,5310.03,5393.73,1966850000,24079790000
2021-03-23,801880.SI,5400.76,5400.77,5241.95,5276.97,1882560000,24812950000
2021-03-24,801880.SI,5249.93,5282.48,5131.21,5142.10,1804140000,24059220000
2021-03-25,801880.SI,5103.54,5157.18,5079.99,5118.84,1391910000,20054960000
2021-03-26,801880.SI,5141.07,5276.25,5140.54,5262.48,1745120000,25336600000
2021-03-29,801880.SI,5259.13,5259.13,5196.47,5224.22,1660300000,23008410000
2021-03-30,801880.SI,5192.35,5268.94,5178.83,5268.52,1575780000,23506560000
2021-03-31,801880.SI,5274.80,5295.54,5191.28,5223.21,1775800000,25363220000
2021-04-01,801880.SI,5242.45,5309.88,5242.45,5287.02,1838280000,24978720000
2021-04-02,801880.SI,5310.87,5376.10,5275.84,5345.42,2233030000,28387810000
2021-04-06,801880.SI,5369.80,5425.50,5361.35,5418.27,2323580000,28359290000
2021-04-07,801880.SI,5423.02,5423.07,5324.31,5350.11,2313530000,30196860000
2021-04-08,801880.SI,5323.05,5367.94,5299.24,5340.28,2188600000,27057840000
2021-04-09,801880.SI,5345.19,5345.19,5279.66,5299.95,1912210000,25524520000
2021-04-12,801880.SI,5306.63,5306.63,5191.92,5202.26,2044250000,25208220000
2021-04-13,801880.SI,5207.32,5252.55,5198.73,5215.50,2003870000,22521250000
2021-04-14,801880.SI,5229.92,5316.97,5229.84,5315.22,2055390000,25309690000
2021-04-15,801880.SI,5283.17,5287.56,5229.72,5286.77,2123790000,24350100000
2021-04-16,801880.SI,5306.23,5419.06,5306.23,5410.52,2983390000,34401330000
2021-04-19,801880.SI,5494.62,5691.80,5490.57,5690.00,3890830000,51042670000
2021-04-20,801880.SI,5702.86,5711.58,5634.45,5636.27,3767480000,50144860000
2021-04-21,801880.SI,5585.71,5585.95,5521.41,5544.34,3413850000,46090550000
2021-04-22,801880.SI,5550.68,5571.70,5512.14,5530.15,3030540000,40041340000
2021-04-23,801880.SI,5502.48,5546.23,5485.57,5511.59,2779170000,35618110000
2021-04-26,801880.SI,5517.02,5554.77,5474.73,5479.37,2982310000,41330560000
2021-04-27,801880.SI,5464.43,5464.43,5367.86,5404.82,2660530000,36906910000
2021-04-28,801880.SI,5397.28,5448.66,5369.30,5446.46,2557580000,36384580000
2021-04-29,801880.SI,5431.61,5431.65,5392.93,5414.25,2297980000,33837500000
2021-04-30,801880.SI,5414.60,5425.52,5369.56,5391.25,2480990000,34896840000
2021-05-06,801880.SI,5363.88,5398.31,5324.59,5360.11,2469020000,38313040000
2021-05-07,801880.SI,5355.86,5355.90,5255.36,5259.87,2290550000,34789510000
2021-05-10,801880.SI,5252.42,5332.69,5212.09,5315.45,2372190000,33638890000
2021-05-11,801880.SI,5285.76,5337.83,5196.76,5304.73,2930040000,43455590000
2021-05-12,801880.SI,5297.99,5442.69,5288.75,5442.69,3012830000,44663160000
2021-05-13,801880.SI,5396.37,5416.95,5303.30,5306.53,3004590000,44005030000
2021-05-14,801880.SI,5324.78,5427.43,5293.84,5422.02,2867590000,42290380000
2021-05-17,801880.SI,5428.22,5539.25,5428.22,5515.60,3383190000,50548010000
2021-05-18,801880.SI,5487.76,5503.70,5446.94,5501.66,2648450000,39098380000
2021-05-19,801880.SI,5488.65,5645.79,5466.91,5615.55,3118450000,53184260000
2021-05-20,801880.SI,5594.81,5639.87,5565.56,5565.63,3486310000,52873580000
2021-05-21,801880.SI,5556.86,5595.75,5496.27,5563.73,3043920000,45256910000
2021-05-24,801880.SI,5527.01,5530.57,5479.77,5507.48,2709170000,40791160000
2021-05-25,801880.SI,5504.50,5564.78,5464.56,5559.29,2638490000,40542240000
2021-05-26,801880.SI,5574.67,5662.67,5574.61,5586.15,2787370000,43723900000
2021-05-27,801880.SI,5615.35,5623.08,5569.50,5616.85,2586070000,36900550000
2021-05-28,801880.SI,5621.09,5720.42,5600.97,5672.25,2980070000,45406290000
2021-05-31,801880.SI,5644.77,5698.52,5575.19,5698.52,2973510000,45556160000
2021-06-01,801880.SI,5688.76,5786.46,5675.17,5768.22,3101860000,49396320000
2021-06-02,801880.SI,5773.13,5799.43,5717.53,5738.09,3334920000,45241720000
2021-06-03,801880.SI,5752.69,5766.18,5676.52,5682.96,2840560000,39531900000
2021-06-04,801880.SI,5649.05,5772.39,5620.79,5746.23,2571550000,38106870000
2021-06-07,801880.SI,5755.27,5767.73,5706.01,5748.73,2530590000,35864440000
2021-06-08,801880.SI,5762.00,5855.09,5759.74,5823.56,2833950000,44684630000
2021-06-09,801880.SI,5806.24,5841.32,5788.98,5837.20,2657440000,38192440000
2021-06-10,801880.SI,5819.70,5967.52,5819.60,5948.18,3090550000,47457840000
2021-06-11,801880.SI,5943.32,6062.10,5889.15,6021.55,3339990000,54965060000
2021-06-15,801880.SI,6051.50,6102.93,6006.14,6055.66,3197770000,55153940000
2021-06-16,801880.SI,6000.52,6000.52,5772.96,5774.32,2946600000,50823360000
2021-06-17,801880.SI,5759.24,5874.46,5759.24,5874.46,2317780000,39921540000
2021-06-18,801880.SI,5901.73,6132.50,5884.33,6084.89,3192240000,54063760000
2021-06-21,801880.SI,6065.94,6178.39,6002.43,6122.72,2818830000,48871760000
2021-06-22,801880.SI,6144.87,6221.86,6093.83,6176.83,3590060000,53649660000
2021-06-23,801880.SI,6174.55,6325.53,6174.48,6282.23,3804920000,59986210000
2021-06-24,801880.SI,6308.62,6345.39,6243.51,6263.90,3548130000,55046570000
2021-06-25,801880.SI,6283.13,6286.73,6182.31,6247.47,3377180000,52412170000
2021-06-28,801880.SI,6254.05,6354.72,6254.05,6318.34,3466510000,54121780000
2021-06-29,801880.SI,6344.21,6344.25,6188.90,6210.92,3162230000,50219890000
2021-06-30,801880.SI,6200.29,6216.70,6140.21,6215.25,2510670000,40484000000
2021-07-01,801880.SI,6225.75,6225.79,6066.71,6072.99,2902180000,48875760000
2021-07-02,801880.SI,6038.86,6075.95,5996.41,6029.85,2594540000,41989290000
2021-07-05,801880.SI,6018.99,6123.63,6018.92,6123.63,2717250000,45281790000
2021-07-06,801880.SI,6141.73,6202.42,6034.73,6140.04,2818470000,51707720000
2021-07-07,801880.SI,6079.86,6277.10,6047.28,6254.34,3212220000,51952160000
2021-07-08,801880.SI,6261.29,6292.41,6200.88,6207.06,3245950000,50537390000
2021-07-09,801880.SI,6173.66,6314.57,6133.87,6300.77,3491740000,54670110000
2021-07-12,801880.SI,6354.23,6504.33,6336.40,6446.81,3972690000,68780260000
2021-07-13,801880.SI,6452.54,6458.28,6372.79,6430.93,3443930000,53629500000
2021-07-14,801880.SI,6401.10,6401.14,6203.09,6206.20,3376710000,60330110000
2021-07-15,801880.SI,6156.61,6179.59,6019.50,6116.41,3279320000,55716770000
2021-07-16,801880.SI,6099.05,6147.93,6057.38,6072.51,2953390000,51412260000
2021-07-19,801880.SI,6038.34,6091.70,6005.87,6056.97,2685010000,42720950000
2021-07-20,801880.SI,5997.63,6105.76,5997.63,6105.76,2395460000,36902770000
2021-07-21,801880.SI,6142.49,6271.38,6142.48,6254.74,3216660000,52847900000
2021-07-22,801880.SI,6294.31,6305.07,6256.45,6301.72,3447290000,57831870000
2021-07-23,801880.SI,6297.34,6418.82,6281.63,6369.17,3960260000,62775330000
2021-07-26,801880.SI,6324.84,6326.45,6088.99,6188.42,4066950000,60559080000
2021-07-27,801880.SI,6178.06,6269.19,6024.11,6024.11,3932310000,58507490000
2021-07-28,801880.SI,5926.87,5987.07,5771.04,5874.43,3692260000,51234660000
2021-07-29,801880.SI,5989.45,6131.60,5973.06,6116.78,3414180000,52866430000
2021-07-30,801880.SI,6081.24,6231.10,6053.03,6187.65,3304590000,55373160000
2021-08-02,801880.SI,6271.78,6508.73,6271.78,6508.66,3862980000,71304640000
2021-08-03,801880.SI,6535.11,6537.21,6371.61,6393.55,4127870000,65836900000
2021-08-04,801880.SI,6396.15,6654.52,6396.13,6654.52,3818080000,66021990000
2021-08-05,801880.SI,6606.44,6701.08,6546.78,6655.50,3923090000,61941930000
2021-08-06,801880.SI,6744.65,6780.52,6643.60,6692.26,3658210000,63580300000
2021-08-09,801880.SI,6636.73,6672.43,6562.40,6661.15,3393820000,56051220000
2021-08-10,801880.SI,6658.97,6719.81,6575.60,6673.99,3489380000,57879330000
2021-08-11,801880.SI,6679.15,6712.41,6596.55,6693.01,3495680000,55648320000
2021-08-12,801880.SI,6676.57,6890.09,6620.29,6846.98,4599400000,73355960000
2021-08-13,801880.SI,6787.09,6849.24,6726.00,6752.32,4024220000,58910040000
2021-08-16,801880.SI,6715.81,6743.64,6652.13,6661.39,3588550000,57956040000
2021-08-17,801880.SI,6648.18,6698.86,6437.48,6458.02,3829350000,57002190000
2021-08-18,801880.SI,6472.22,6503.91,6397.42,6456.16,2844220000,44626340000
2021-08-19,801880.SI,6452.10,6608.73,6419.84,6556.72,2971350000,52658550000
2021-08-20,801880.SI,6513.19,6531.70,6399.99,6490.81,2770160000,46529370000
2021-08-23,801880.SI,6487.08,6663.60,6471.04,6647.77,3147490000,55078370000
2021-08-24,801880.SI,6676.34,6761.60,6656.81,6678.31,3446610000,58072500000
2021-08-25,801880.SI,6675.72,6679.37,6588.78,6679.30,3148530000,49766010000
2021-08-26,801880.SI,6673.77,6681.60,6539.18,6542.59,3323580000,48758440000
2021-08-27,801880.SI,6525.06,6701.54,6524.72,6675.75,3753920000,58357160000
2021-08-30,801880.SI,6627.56,6737.43,6595.46,6691.51,3759550000,64147530000
2021-08-31,801880.SI,6706.54,6706.60,6581.56,6669.58,3432300000,54627130000
2021-09-01,801880.SI,6669.89,6674.82,6429.57,6559.15,3673270000,54661520000
2021-09-02,801880.SI,6547.88,6633.11,6547.87,6624.05,3489420000,45470920000
2021-09-03,801880.SI,6597.91,6623.64,6454.44,6496.99,3651700000,49854150000
2021-09-06,801880.SI,6521.54,6667.50,6485.65,6657.10,3133000000,49180750000
2021-09-07,801880.SI,6665.02,6768.49,6646.93,6758.47,3681410000,49760820000
2021-09-08,801880.SI,6757.70,6766.34,6664.16,6696.76,3608050000,45131060000
2021-09-09,801880.SI,6684.91,6746.08,6633.90,6696.84,3550990000,45661030000
2021-09-10,801880.SI,6710.86,6710.90,6611.87,6652.31,3469390000,46721140000
2021-09-13,801880.SI,6671.91,6671.91,6576.35,6604.25,3571720000,49013310000
2021-09-14,801880.SI,6600.38,6704.80,6552.09,6599.02,3599830000,51832910000
2021-09-15,801880.SI,6576.11,6576.77,6512.81,6567.01,2634040000,38085940000
2021-09-16,801880.SI,6552.99,6553.00,6355.89,6355.89,3299890000,46037850000
2021-09-17,801880.SI,6370.34,6405.08,6260.27,6352.82,2693570000,35648770000
2021-09-22,801880.SI,6255.35,6294.14,6228.88,6277.59,2033710000,28686780000
2021-09-23,801880.SI,6328.61,6364.54,6307.23,6311.30,2355340000,32424480000
2021-09-24,801880.SI,6319.00,6329.69,6250.62,6257.33,2334130000,31391860000
2021-09-27,801880.SI,6287.17,6327.05,6108.38,6178.14,2595830000,34357170000
2021-09-28,801880.SI,6178.09,6178.10,6117.60,6129.95,1969400000,28820550000
2021-09-29,801880.SI,6069.02,6069.21,5954.25,5954.25,2365940000,35195550000
2021-09-30,801880.SI,5982.75,6080.82,5982.05,6076.62,1846740000,28919600000
2021-10-08,801880.SI,6155.69,6213.02,6134.90,6187.07,2177370000,31668720000
2021-10-11,801880.SI,6187.14,6292.76,6151.91,6246.21,1928050000,31751390000
2021-10-12,801880.SI,6240.41,6296.97,6122.07,6181.40,2030530000,33425460000
2021-10-13,801880.SI,6188.81,6369.28,6173.89,6367.53,2110950000,38011580000
2021-10-14,801880.SI,6361.38,6454.29,6361.38,6434.99,2104850000,34623230000
2021-10-15,801880.SI,6433.37,6525.64,6399.21,6498.38,2175190000,38535170000
2021-10-18,801880.SI,6496.52,6566.82,6485.10,6566.13,2240870000,37311240000
2021-10-19,801880.SI,6575.65,6644.31,6550.23,6570.58,2095600000,35920320000
2021-10-20,801880.SI,6577.52,6663.83,6564.03,6632.66,2459970000,42390940000
2021-10-21,801880.SI,6629.44,6630.75,6541.12,6568.24,2245860000,36616180000
2021-10-22,801880.SI,6596.63,6656.93,6571.60,6606.54,2139570000,39598210000
2021-10-25,801880.SI,6605.20,6781.26,6589.76,6781.26,2214300000,43801260000
2021-10-26,801880.SI,6892.88,6929.67,6801.73,6805.80,2579650000,50184190000
2021-10-27,801880.SI,6758.21,6826.81,6710.23,6759.87,2498530000,41311400000
2021-10-28,801880.SI,6717.44,6741.47,6547.32,6577.95,2747120000,45523720000
2021-10-29,801880.SI,6560.23,6678.20,6492.85,6678.20,2479160000,44827750000
2021-11-01,801880.SI,6629.74,6696.10,6571.51,6649.12,2922340000,51205680000
2021-11-02,801880.SI,6684.99,6795.66,6619.78,6689.86,2984870000,50253710000
2021-11-03,801880.SI,6664.51,6688.53,6548.91,6619.43,2243180000,37584610000
2021-11-04,801880.SI,6681.84,6871.41,6681.74,6847.04,3086470000,53787880000
2021-11-05,801880.SI,6841.84,6930.10,6814.06,6837.64,3311290000,51326350000
2021-11-08,801880.SI,6830.75,6892.98,6830.75,6883.08,3025940000,47818450000
2021-11-09,801880.SI,6879.32,6945.14,6868.00,6900.96,2677470000,42671500000
2021-11-10,801880.SI,6850.18,6869.84,6715.53,6818.17,2894720000,46969190000
2021-11-11,801880.SI,6819.67,6880.92,6800.45,6856.45,2893480000,44603810000
2021-11-12,801880.SI,6875.95,6928.59,6840.91,6921.39,3408550000,51520150000
2021-11-15,801880.SI,6959.02,6963.18,6806.73,6841.49,3940070000,64808640000
2021-11-16,801880.SI,6813.65,6822.56,6730.07,6753.10,3529190000,54748440000
2021-11-17,801880.SI,6801.67,6835.77,6773.30,6834.57,3484780000,52828290000
2021-11-18,801880.SI,6829.34,6829.34,6755.44,6768.97,3655050000,53119760000
2021-11-19,801880.SI,6769.18,6876.76,6722.49,6859.15,3712410000,57658450000
2021-11-22,801880.SI,6882.93,7080.31,6882.93,7079.43,4009210000,70908330000
2021-11-23,801880.SI,7055.94,7094.74,7031.91,7076.84,4109310000,65017220000
2021-11-24,801880.SI,7048.68,7073.21,6990.93,7003.16,3321490000,54260530000
2021-11-25,801880.SI,6999.39,6999.39,6888.35,6917.97,3147740000,52388100000
2021-11-26,801880.SI,6899.32,6947.85,6880.91,6910.58,2962610000,46519090000
2021-11-29,801880.SI,6790.64,6984.09,6769.60,6979.69,3375450000,54866680000
2021-11-30,801880.SI,7036.01,7065.61,6983.03,7026.94,3757080000,59683490000
2021-12-01,801880.SI,7024.70,7039.38,6980.72,7039.35,3517920000,53754410000
2021-12-02,801880.SI,7031.88,7146.42,7014.57,7121.86,4517350000,70763540000
2021-12-03,801880.SI,7101.64,7128.13,7044.85,7080.31,4106410000,68401440000
2021-12-06,801880.SI,7055.60,7083.20,6970.67,6980.72,3785430000,61050580000
2021-12-07,801880.SI,7024.35,7024.37,6834.49,6873.74,3808990000,64126350000
2021-12-08,801880.SI,6889.08,6999.95,6877.33,6999.95,3462080000,55561870000
2021-12-09,801880.SI,7003.02,7029.64,6987.65,7024.84,3871330000,59380820000
2021-12-10,801880.SI,6973.47,7028.01,6943.26,7023.34,4213040000,58983060000
2021-12-13,801880.SI,7037.40,7037.40,6979.82,7007.84,4079180000,57833630000
2021-12-14,801880.SI,6975.49,6975.49,6883.36,6910.15,4006450000,58501480000
2021-12-15,801880.SI,6894.92,6922.46,6855.02,6872.75,3442790000,49097850000
2021-12-16,801880.SI,6865.68,6901.58,6794.23,6901.58,3647740000,55745640000
2021-12-17,801880.SI,6869.51,6869.51,6769.28,6770.41,3524650000,48884960000
2021-12-20,801880.SI,6752.17,6771.16,6666.57,6672.66,3886900000,54252340000
2021-12-21,801880.SI,6667.57,6790.86,6667.57,6790.86,4062930000,48509340000
2021-12-22,801880.SI,6821.00,6849.07,6789.06,6834.15,3761260000,49711020000
2021-12-23,801880.SI,6854.34,6959.24,6829.89,6952.67,3995380000,62439840000
2021-12-24,801880.SI,6979.23,6979.23,6743.78,6760.84,3851630000,60212420000
2021-12-27,801880.SI,6739.32,6767.83,6690.25,6720.31,2930610000,45345880000
2021-12-28,801880.SI,6734.96,6749.66,6687.41,6749.66,2750330000,42099970000
2021-12-29,801880.SI,6742.88,6742.88,6653.00,6697.61,2546840000,38636640000
2021-12-30,801880.SI,6683.58,6736.14,6680.44,6680.96,2507410000,37161020000
2021-12-31,801880.SI,6712.20,6718.83,6666.66,6689.82,2539970000,38405820000
2022-01-04,801880.SI,6744.02,6753.48,6647.30,6686.64,3023670000,45776840000
2022-01-05,801880.SI,6650.40,6650.40,6481.04,6513.72,2949190000,47188240000
2022-01-06,801880.SI,6468.05,6523.62,6423.07,6508.62,2889520000,42428830000
2022-01-07,801880.SI,6519.01,6550.33,6426.16,6427.30,3069340000,42688260000
2022-01-10,801880.SI,6413.33,6496.59,6348.42,6492.67,2396360000,36214130000
2022-01-11,801880.SI,6488.88,6514.32,6375.02,6385.49,2451340000,37185830000
2022-01-12,801880.SI,6428.01,6555.96,6427.94,6555.96,2629120000,43356480000
2022-01-13,801880.SI,6566.56,6579.85,6484.06,6502.15,3059680000,43644010000
2022-01-14,801880.SI,6459.41,6559.76,6442.44,6516.37,3054250000,43731740000
2022-01-17,801880.SI,6516.88,6679.64,6516.87,6664.68,2905270000,48496430000
2022-01-18,801880.SI,6650.90,6657.28,6610.19,6635.06,2726930000,40720070000
2022-01-19,801880.SI,6611.18,6619.65,6451.73,6491.71,2498330000,40681890000
2022-01-20,801880.SI,6474.94,6556.78,6369.19,6382.03,2570750000,37173590000
2022-01-21,801880.SI,6361.29,6361.29,6283.89,6294.14,2092550000,30789020000
2022-01-24,801880.SI,6252.97,6328.04,6230.32,6305.35,1825400000,27970580000
2022-01-25,801880.SI,6276.49,6317.89,6072.20,6072.83,2441820000,33815670000
2022-01-26,801880.SI,6105.14,6183.80,6091.62,6171.22,1861320000,29514650000
2022-01-27,801880.SI,6162.88,6163.69,5987.93,5991.13,2158090000,29041770000
2022-01-28,801880.SI,6004.76,6013.05,5825.14,5912.87,2067990000,32613840000
2022-02-07,801880.SI,6032.98,6102.55,6018.64,6035.01,2033550000,29306020000
2022-02-08,801880.SI,6024.26,6024.26,5886.97,5986.78,2160640000,29563030000
2022-02-09,801880.SI,5997.67,6088.32,5959.88,6082.07,2058710000,31158470000
2022-02-10,801880.SI,6087.44,6087.77,5977.61,6010.45,1967810000,27834750000
2022-02-11,801880.SI,5967.63,5967.97,5839.22,5847.87,2140760000,30948470000
2022-02-14,801880.SI,5817.52,5879.16,5770.44,5820.95,2040210000,27024700000
2022-02-15,801880.SI,5825.79,5927.68,5817.17,5927.68,2154330000,29975090000
2022-02-16,801880.SI,5966.26,6005.37,5957.66,5976.44,2106460000,28144980000
2022-02-17,801880.SI,5978.04,6026.96,5936.24,5987.19,1969100000,28064250000
2022-02-18,801880.SI,5934.92,5972.13,5920.64,5972.13,1684730000,21958970000
2022-02-21,801880.SI,5955.36,5971.98,5927.11,5966.43,1852220000,23721450000
2022-02-22,801880.SI,5921.31,5921.49,5838.44,5866.45,1975380000,25777550000
2022-02-23,801880.SI,5892.74,6053.17,5892.74,6052.30,2224340000,36383420000
2022-02-24,801880.SI,6011.57,6063.43,5826.13,5893.40,3420180000,43899750000
2022-02-25,801880.SI,5948.40,6010.48,5945.13,5957.58,2317380000,31637130000
2022-02-28,801880.SI,5950.26,5961.62,5872.38,5945.63,1982310000,27510690000
2022-03-01,801880.SI,5994.77,6028.03,5961.91,6000.88,2209480000,32473840000
2022-03-02,801880.SI,5959.23,5959.42,5919.82,5952.95,2130610000,29293020000
2022-03-03,801880.SI,5967.73,5971.61,5820.95,5833.70,2669110000,37752130000
2022-03-04,801880.SI,5759.27,5766.32,5665.41,5691.40,2522540000,38508600000
2022-03-07,801880.SI,5635.59,5635.66,5480.99,5504.24,2333680000,34101380000
2022-03-08,801880.SI,5489.48,5522.36,5265.00,5309.33,2603720000,36483000000
2022-03-09,801880.SI,5324.94,5372.27,5047.07,5286.53,2894090000,36927570000
2022-03-10,801880.SI,5422.13,5455.84,5402.81,5406.17,2097110000,31907410000
2022-03-11,801880.SI,5319.91,5428.63,5254.47,5420.96,2290300000,31213500000
2022-03-14,801880.SI,5353.28,5373.25,5267.57,5267.57,1973940000,26137430000
2022-03-15,801880.SI,5211.73,5268.14,5023.68,5023.68,2689750000,32476510000
2022-03-16,801880.SI,5126.94,5256.39,4972.93,5252.80,2831470000,38518700000
2022-03-17,801880.SI,5363.79,5446.83,5345.69,5370.69,2833540000,41509020000
2022-03-18,801880.SI,5352.73,5398.52,5327.37,5386.02,2343600000,30779270000
2022-03-21,801880.SI,5420.91,5487.46,5388.53,5447.87,2476940000,35568530000
2022-03-22,801880.SI,5425.93,5483.11,5405.24,5450.27,2339920000,29591970000
2022-03-23,801880.SI,5500.98,5522.19,5459.56,5476.23,2422470000,32457940000
2022-03-24,801880.SI,5441.45,5453.00,5399.49,5418.78,2160940000,27639390000
2022-03-25,801880.SI,5425.66,5439.61,5310.26,5312.83,2308250000,30712230000
2022-03-28,801880.SI,5280.48,5307.33,5203.59,5267.00,2428250000,29270760000
2022-03-29,801880.SI,5287.27,5308.14,5205.77,5220.99,2096880000,25328030000
2022-03-30,801880.SI,5230.66,5350.63,5208.21,5350.63,2240180000,31265230000
2022-03-31,801880.SI,5324.65,5324.67,5249.57,5258.49,2337030000,29140800000
2022-04-01,801880.SI,5222.11,5308.17,5220.43,5283.50,2038260000,26279080000
2022-04-06,801880.SI,5310.24,5310.26,5237.89,5263.61,2185020000,28555140000
2022-04-07,801880.SI,5241.99,5270.25,5145.38,5145.38,2313530000,28119180000
2022-04-08,801880.SI,5148.15,5161.00,5061.54,5145.21,2254970000,29238670000
2022-04-11,801880.SI,5099.96,5100.14,4888.13,4905.33,2401020000,29693170000
2022-04-12,801880.SI,4885.71,4998.59,4857.88,4997.98,2068890000,24342810000
2022-04-13,801880.SI,4970.14,4995.82,4923.04,4927.09,1864960000,20900810000
2022-04-14,801880.SI,4983.98,5033.30,4983.70,4993.22,2004270000,23207230000
2022-04-15,801880.SI,4956.20,5043.24,4899.43,5004.70,2295620000,28740300000
2022-04-18,801880.SI,5010.56,5111.39,4978.52,5111.39,2596840000,32748180000
2022-04-19,801880.SI,5132.27,5193.12,5076.91,5092.25,2636220000,35272850000
2022-04-20,801880.SI,5095.89,5146.01,5046.13,5064.88,2521590000,30783290000
2022-04-21,801880.SI,5019.57,5033.00,4862.57,4879.44,2615710000,29822460000
2022-04-22,801880.SI,4840.29,4897.21,4793.20,4861.25,2205760000,25033080000
2022-04-25,801880.SI,4774.15,4774.20,4549.47,4552.37,2925790000,30150100000
2022-04-26,801880.SI,4557.20,4593.53,4419.02,4432.16,2665070000,27947950000
2022-04-27,801880.SI,4342.41,4567.21,4281.57,4567.21,2851580000,31422300000
2022-04-28,801880.SI,4543.70,4596.42,4489.97,4544.00,2274280000,24994350000
2022-04-29,801880.SI,4589.50,4781.65,4589.38,4778.03,2646410000,31304090000
2022-05-05,801880.SI,4813.57,4926.85,4813.57,4889.27,2507310000,31754810000
2022-05-06,801880.SI,4783.15,4856.74,4761.99,4816.01,2466410000,27258720000
2022-05-09,801880.SI,4758.49,4804.88,4730.85,4755.05,2041680000,23049390000
2022-05-10,801880.SI,4662.23,4810.95,4641.62,4809.86,2253300000,27070680000
2022-05-11,801880.SI,4806.57,5099.75,4806.56,4988.94,3303760000,46453410000
2022-05-12,801880.SI,4949.85,5022.93,4941.50,4990.92,2474390000,32379900000
2022-05-13,801880.SI,5025.71,5221.77,5021.01,5220.88,3779940000,47810220000
2022-05-16,801880.SI,5252.45,5252.45,5143.25,5159.35,3468920000,40846190000
2022-05-17,801880.SI,5155.67,5350.31,5155.67,5321.92,3805620000,47094270000
2022-05-18,801880.SI,5321.07,5452.95,5279.19,5369.94,4436640000,52392360000
2022-05-19,801880.SI,5272.53,5410.18,5272.44,5408.35,4035610000,44481400000
2022-05-20,801880.SI,5430.90,5477.80,5376.89,5451.61,3681810000,42260260000
2022-05-23,801880.SI,5485.50,5568.59,5425.87,5557.30,4260510000,50664800000
2022-05-24,801880.SI,5630.86,5723.21,5441.76,5441.76,6355260000,74107300000
2022-05-25,801880.SI,5411.17,5580.66,5390.34,5562.34,5278040000,55691280000
2022-05-26,801880.SI,5556.47,5568.06,5442.36,5524.97,5278990000,46451460000
2022-05-27,801880.SI,5550.90,5640.57,5477.09,5531.59,5084390000,47152980000
2022-05-30,801880.SI,5577.07,5682.61,5534.93,5675.72,5292550000,55314500000
2022-05-31,801880.SI,5671.66,5671.78,5603.93,5650.46,4670320000,51217870000
2022-06-01,801880.SI,5694.00,5820.06,5694.00,5768.95,5493510000,60995670000
2022-06-02,801880.SI,5733.57,5956.43,5733.57,5933.53,6048430000,65735760000
2022-06-06,801880.SI,5957.24,6082.93,5944.97,6042.23,5689420000,72736800000
2022-06-07,801880.SI,6022.06,6022.08,5860.68,5914.43,5148140000,61569720000
2022-06-08,801880.SI,5926.73,6031.63,5837.17,6031.63,5735390000,67677660000
2022-06-09,801880.SI,6032.82,6033.11,5824.92,5841.59,4539150000,56533990000
2022-06-10,801880.SI,5800.83,6138.75,5800.83,6122.47,5069430000,72151730000
2022-06-13,801880.SI,6102.63,6297.01,6102.63,6245.18,5742550000,83247740000
2022-06-14,801880.SI,6166.06,6379.23,6062.13,6379.20,7110450000,93382060000
2022-06-15,801880.SI,6389.05,6481.64,6290.21,6290.21,7417560000,98385200000
2022-06-16,801880.SI,6280.47,6351.86,6227.41,6264.91,5455810000,67922490000
2022-06-17,801880.SI,6200.67,6386.17,6200.67,6367.89,5189850000,69698760000
2022-06-20,801880.SI,6396.21,6470.85,6358.20,6419.51,5291660000,71533160000
2022-06-21,801880.SI,6399.35,6408.64,6274.75,6362.64,5664520000,70438440000
2022-06-22,801880.SI,6380.42,6483.59,6339.88,6345.36,5747210000,68177790000
2022-06-23,801880.SI,6389.87,6695.97,6389.87,6695.97,8120600000,101403190000
2022-06-24,801880.SI,6707.20,6790.61,6627.98,6739.88,7321390000,91844810000
2022-06-27,801880.SI,6768.02,6839.14,6675.69,6795.91,7056510000,94192210000
2022-06-28,801880.SI,6763.34,6970.21,6732.38,6917.95,7436090000,99203310000
2022-06-29,801880.SI,6889.73,6889.76,6504.94,6505.29,8211860000,112020900000
2022-06-30,801880.SI,6455.01,6568.55,6427.82,6472.76,5845260000,79687860000
2022-07-01,801880.SI,6456.49,6530.86,6333.47,6490.27,5124420000,72854880000
2022-07-04,801880.SI,6483.98,6496.34,6394.66,6491.72,4221740000,62177420000
2022-07-05,801880.SI,6495.95,6559.76,6334.28,6401.90,4377450000,64521550000
2022-07-06,801880.SI,6375.42,6502.60,6371.48,6437.69,4160220000,61294720000
2022-07-07,801880.SI,6436.58,6704.60,6423.77,6693.16,5921110000,89889050000
2022-07-08,801880.SI,6691.13,6691.13,6542.27,6542.27,5558310000,75188890000
2022-07-11,801880.SI,6495.39,6495.48,6287.09,6352.86,4518430000,62595610000
2022-07-12,801880.SI,6342.57,6380.61,6162.63,6209.28,3958430000,65310290000
2022-07-13,801880.SI,6205.39,6287.90,6129.80,6254.97,3585380000,56074570000
2022-07-14,801880.SI,6229.15,6426.70,6227.06,6393.82,3804730000,58394270000
2022-07-15,801880.SI,6413.96,6617.89,6413.95,6484.48,4939300000,81109230000
2022-07-18,801880.SI,6531.29,6627.48,6484.88,6627.48,4657070000,69417170000
2022-07-19,801880.SI,6633.04,6756.89,6578.00,6641.44,5320420000,76497140000
2022-07-20,801880.SI,6642.31,6642.86,6574.29,6626.31,4273060000,55433280000
2022-07-21,801880.SI,6595.80,6653.33,6536.72,6592.13,4766910000,64948110000
2022-07-22,801880.SI,6608.93,6711.64,6586.95,6646.51,4425090000,61601480000
2022-07-25,801880.SI,6624.36,6624.36,6452.07,6491.70,4163170000,57940470000
2022-07-26,801880.SI,6493.35,6603.76,6446.14,6577.12,3771490000,52798710000
2022-07-27,801880.SI,6565.38,6690.82,6552.24,6683.70,3962310000,57099720000
2022-07-28,801880.SI,6722.18,6803.76,6688.67,6729.51,4176670000,62059920000
2022-07-29,801880.SI,6714.93,6847.23,6713.02,6802.32,4910180000,72292100000
2022-08-01,801880.SI,6789.99,6947.07,6734.90,6946.26,5911900000,88651820000
2022-08-02,801880.SI,6831.49,6846.89,6675.77,6746.69,6057770000,84140770000
2022-08-03,801880.SI,6749.59,6914.33,6563.12,6605.31,6034420000,88420090000
2022-08-04,801880.SI,6638.61,6638.61,6424.23,6539.92,4702920000,68164880000
2022-08-05,801880.SI,6561.07,6612.78,6418.06,6505.86,4192400000,57880880000
2022-08-08,801880.SI,6487.99,6621.82,6441.05,6611.67,4294400000,59443320000
2022-08-09,801880.SI,6621.73,6667.53,6564.65,6571.98,4329080000,59773440000
2022-08-10,801880.SI,6560.09,6610.43,6473.59,6508.54,4465520000,67642880000
2022-08-11,801880.SI,6524.27,6563.58,6431.42,6548.19,4584930000,65886900000
2022-08-12,801880.SI,6537.07,6561.73,6472.19,6474.48,3982980000,51987170000
2022-08-15,801880.SI,6446.67,6548.47,6431.75,6495.93,3703100000,52845980000
2022-08-16,801880.SI,6503.44,6630.19,6496.85,6576.56,4407310000,62526410000
2022-08-17,801880.SI,6577.62,6659.37,6525.09,6651.55,4731180000,67546880000
2022-08-18,801880.SI,6650.41,6717.94,6648.35,6672.38,4646150000,65005700000
2022-08-19,801880.SI,6663.46,6663.46,6500.57,6500.57,4522770000,63827590000
2022-08-22,801880.SI,6466.56,6588.90,6420.92,6580.10,3767690000,55612670000
2022-08-23,801880.SI,6574.42,6629.08,6558.91,6599.31,3555990000,51676160000
2022-08-24,801880.SI,6600.90,6604.39,6316.68,6321.51,4971210000,66966590000
2022-08-25,801880.SI,6330.40,6331.20,6201.18,6305.42,3620260000,50465520000
2022-08-26,801880.SI,6322.54,6374.05,6292.40,6337.79,3500840000,47553150000
2022-08-29,801880.SI,6254.28,6340.15,6232.43,6322.98,3089690000,40131600000
2022-08-30,801880.SI,6318.38,6357.75,6243.25,6266.49,2792140000,38322100000
2022-08-31,801880.SI,6171.66,6185.96,5974.36,5996.25,3532750000,55811960000
2022-09-01,801880.SI,5983.87,6027.23,5948.98,5960.33,2458890000,36480170000
2022-09-02,801880.SI,5980.50,6029.55,5916.51,6007.09,2498840000,35922480000
2022-09-05,801880.SI,5939.69,5960.45,5866.91,5937.34,2592790000,41210190000
2022-09-06,801880.SI,5964.37,6079.13,5956.66,6079.13,2888270000,42391480000
2022-09-07,801880.SI,6065.49,6204.45,6056.36,6167.80,3046780000,44818390000
2022-09-08,801880.SI,6178.42,6231.16,6130.27,6136.80,3287570000,43076270000
2022-09-09,801880.SI,6149.84,6149.87,6063.95,6122.66,2655250000,32931350000
2022-09-13,801880.SI,6150.18,6206.99,6120.28,6190.18,2637190000,36041000000
2022-09-14,801880.SI,6106.56,6143.85,6025.90,6073.19,2805390000,36823910000
2022-09-15,801880.SI,6093.71,6093.72,5800.68,5859.90,3427790000,45560060000
2022-09-16,801880.SI,5829.73,5869.71,5742.92,5742.92,2725410000,34422170000
2022-09-19,801880.SI,5743.12,5826.47,5734.05,5757.10,2749370000,35592240000
2022-09-20,801880.SI,5807.57,5928.07,5807.29,5860.72,3038590000,39206340000
2022-09-21,801880.SI,5827.65,5869.64,5751.93,5837.91,3142860000,37612850000
2022-09-22,801880.SI,5788.67,5845.27,5736.38,5786.31,2661960000,34349070000
2022-09-23,801880.SI,5779.65,5815.35,5620.20,5667.12,2670360000,33258290000
2022-09-26,801880.SI,5643.70,5771.89,5619.95,5683.04,2532170000,33644630000
2022-09-27,801880.SI,5701.17,5737.69,5638.62,5729.99,2456640000,30752620000
2022-09-28,801880.SI,5710.41,5710.53,5527.52,5527.52,2447480000,29830060000
2022-09-29,801880.SI,5590.95,5597.64,5496.86,5520.44,2280970000,28124030000
2022-09-30,801880.SI,5506.89,5506.92,5362.77,5366.04,2080920000,28789660000
2022-10-10,801880.SI,5347.77,5365.37,5213.22,5223.09,1975500000,25962980000
2022-10-11,801880.SI,5240.18,5312.44,5223.26,5302.81,1844350000,23774710000
2022-10-12,801880.SI,5308.63,5498.81,5232.80,5498.81,2658230000,32958750000
2022-10-13,801880.SI,5468.78,5539.96,5465.84,5486.78,2415060000,31528800000
2022-10-14,801880.SI,5537.84,5642.75,5514.44,5599.35,2516020000,34063060000
2022-10-17,801880.SI,5569.96,5603.22,5514.17,5580.92,2471920000,32585820000
2022-10-18,801880.SI,5686.15,5698.68,5608.72,5622.08,2657490000,37999880000
2022-10-19,801880.SI,5600.75,5663.29,5565.08,5567.21,2491830000,32149230000
2022-10-20,801880.SI,5529.96,5537.87,5397.47,5476.86,2925510000,36857180000
2022-10-21,801880.SI,5479.82,5529.38,5441.78,5457.54,2291620000,28169350000
2022-10-24,801880.SI,5467.25,5528.39,5341.15,5376.56,2628110000,33221400000
2022-10-25,801880.SI,5359.83,5506.00,5300.10,5491.92,3280120000,38370170000
2022-10-26,801880.SI,5505.40,5559.68,5470.78,5507.04,3452180000,43095270000
2022-10-27,801880.SI,5521.93,5574.29,5479.68,5480.09,3033040000,37037940000
2022-10-28,801880.SI,5459.71,5459.71,5212.76,5235.17,3288170000,42515950000
2022-10-31,801880.SI,5200.34,5351.70,5200.34,5285.21,2824980000,35478470000
2022-11-01,801880.SI,5298.76,5490.18,5296.23,5490.18,3066860000,39708510000
2022-11-02,801880.SI,5473.43,5702.38,5473.43,5671.78,3796960000,51008220000
2022-11-03,801880.SI,5635.48,5737.53,5635.48,5684.09,3333080000,43943510000
2022-11-04,801880.SI,5695.70,5910.36,5695.70,5901.88,3964430000,55681050000
2022-11-07,801880.SI,5884.13,5924.23,5835.56,5888.58,3487060000,43736680000
2022-11-08,801880.SI,5886.23,5892.05,5804.46,5843.30,2833330000,35256060000
2022-11-09,801880.SI,5855.11,5869.95,5785.76,5790.01,2710940000,33052850000
2022-11-10,801880.SI,5749.73,5749.80,5678.27,5709.48,3053060000,36875080000
2022-11-11,801880.SI,5861.93,5873.94,5748.66,5763.34,4429970000,46455070000
2022-11-14,801880.SI,5754.24,5790.47,5644.92,5665.47,3327560000,36242900000
2022-11-15,801880.SI,5657.52,5787.81,5640.72,5787.81,3243920000,37736790000
2022-11-16,801880.SI,5782.18,5800.44,5701.94,5718.92,3127750000,35234360000
2022-11-17,801880.SI,5692.90,5692.90,5579.75,5635.64,3194610000,35239180000
2022-11-18,801880.SI,5640.87,5655.79,5570.80,5573.52,2812350000,32293760000
2022-11-21,801880.SI,5541.61,5623.09,5494.48,5623.09,2770440000,32839580000
2022-11-22,801880.SI,5620.94,5629.84,5545.03,5556.66,2718810000,31988410000
2022-11-23,801880.SI,5551.68,5568.79,5479.91,5553.12,2752380000,30716410000
2022-11-24,801880.SI,5566.86,5593.61,5527.39,5541.39,2514080000,28364580000
2022-11-25,801880.SI,5525.43,5525.54,5457.43,5459.45,2325490000,25922190000
2022-11-28,801880.SI,5380.38,5431.44,5339.58,5431.27,2335590000,24940400000
2022-11-29,801880.SI,5436.60,5514.40,5418.90,5504.87,2615730000,30496070000
2022-11-30,801880.SI,5503.52,5731.71,5493.57,5710.00,4849860000,60012290000
2022-12-01,801880.SI,5804.26,5832.86,5745.01,5745.41,4366850000,58058640000
2022-12-02,801880.SI,5727.71,5734.29,5661.73,5667.28,2956870000,35132210000
2022-12-05,801880.SI,5709.72,5732.34,5671.22,5695.23,3177850000,36706970000
2022-12-06,801880.SI,5664.97,5762.88,5629.19,5730.24,3418670000,40234100000
2022-12-07,801880.SI,5716.65,5818.33,5716.65,5745.88,3139340000,39800130000
2022-12-08,801880.SI,5730.43,5764.67,5705.85,5722.76,2551860000,29699010000
2022-12-09,801880.SI,5720.93,5734.14,5675.73,5703.49,2361690000,29089620000
2022-12-12,801880.SI,5676.74,5676.74,5622.38,5631.56,2292520000,27076000000
2022-12-13,801880.SI,5635.70,5683.03,5585.55,5589.26,2257370000,26449150000
2022-12-14,801880.SI,5574.45,5599.61,5543.48,5559.73,2008520000,24002300000
2022-12-15,801880.SI,5563.68,5696.14,5546.67,5691.42,2807320000,34231160000
2022-12-16,801880.SI,5656.10,5676.26,5573.62,5596.39,2233720000,26474670000
2022-12-19,801880.SI,5607.92,5695.23,5536.26,5551.92,2760380000,32368920000
2022-12-20,801880.SI,5525.88,5538.95,5483.22,5531.73,2555670000,29699250000
2022-12-21,801880.SI,5525.15,5525.52,5427.28,5446.62,2168650000,24436870000
2022-12-22,801880.SI,5477.09,5507.38,5397.95,5411.67,2327260000,26619590000
2022-12-23,801880.SI,5371.51,5371.55,5270.03,5304.32,2037160000,23876230000
2022-12-26,801880.SI,5297.19,5458.07,5297.19,5455.46,1989600000,24364220000
2022-12-27,801880.SI,5464.49,5470.52,5392.40,5460.33,1909390000,21942250000
2022-12-28,801880.SI,5415.21,5415.37,5308.89,5314.79,2037590000,25081680000
2022-12-29,801880.SI,5307.29,5382.23,5294.53,5304.86,1948500000,21963550000
2022-12-30,801880.SI,5356.86,5409.09,5336.37,5342.91,1973960000,22809140000
2023-01-03,801880.SI,5330.24,5424.68,5291.88,5416.62,2409040000,27822570000
2023-01-04,801880.SI,5396.15,5403.49,5352.14,5385.99,2057000000,24634580000
2023-01-05,801880.SI,5422.60,5518.22,5412.70,5488.97,2546030000,32937510000
2023-01-06,801880.SI,5488.56,5586.66,5488.56,5552.36,2616530000,35441490000
2023-01-09,801880.SI,5578.39,5632.31,5571.13,5587.39,2798500000,37974280000
2023-01-10,801880.SI,5595.50,5695.30,5531.85,5673.20,3424590000,45438220000
2023-01-11,801880.SI,5649.81,5674.11,5611.03,5614.94,2809430000,34722520000
2023-01-12,801880.SI,5631.64,5732.21,5631.60,5664.25,2515140000,34396460000
2023-01-13,801880.SI,5672.15,5698.49,5634.57,5668.80,2449540000,31375590000
2023-01-16,801880.SI,5664.21,5691.97,5630.29,5653.52,2736480000,36620320000
2023-01-17,801880.SI,5659.65,5664.36,5619.77,5641.50,2046600000,26714940000
2023-01-18,801880.SI,5651.96,5686.35,5637.17,5641.99,2187140000,27007970000
2023-01-19,801880.SI,5629.96,5653.29,5612.46,5650.17,2019480000,24783200000
2023-01-20,801880.SI,5654.53,5691.78,5643.84,5689.40,2349340000,30258840000
2023-01-30,801880.SI,5866.49,5958.79,5866.46,5884.70,4235980000,58305020000
2023-01-31,801880.SI,5886.14,5956.94,5880.00,5924.99,3701560000,49205600000
2023-02-01,801880.SI,5945.38,6097.40,5942.84,6097.40,4312580000,56989500000
2023-02-02,801880.SI,6110.02,6127.84,6059.35,6088.20,3835990000,47871860000
2023-02-03,801880.SI,6072.07,6072.07,5949.01,6014.63,3411400000,42754670000
2023-02-06,801880.SI,5994.86,6002.98,5935.50,5957.98,3115510000,37556550000
2023-02-07,801880.SI,5976.47,6006.67,5945.16,6006.67,2827380000,35569520000
2023-02-08,801880.SI,6002.51,6002.51,5942.06,5971.20,2799500000,35616350000
2023-02-09,801880.SI,5958.85,6036.28,5945.02,6023.22,3098220000,40813440000
2023-02-10,801880.SI,6006.64,6006.64,5919.49,5946.00,2881960000,36618160000
2023-02-13,801880.SI,5928.42,6017.52,5907.09,6003.65,3097290000,39484550000
2023-02-14,801880.SI,6014.85,6015.80,5954.60,5991.35,2841410000,36044320000
2023-02-15,801880.SI,6005.29,6046.38,5973.97,5981.01,2911380000,37625820000
2023-02-16,801880.SI,5984.54,6015.71,5844.62,5881.51,3839970000,45964410000
2023-02-17,801880.SI,5881.35,5904.43,5828.10,5831.57,2722620000,33023430000
2023-02-20,801880.SI,5848.13,5909.37,5809.08,5909.37,3004860000,37686350000
2023-02-21,801880.SI,5916.70,6017.17,5916.70,5989.10,3504660000,46457640000
2023-02-22,801880.SI,5965.76,5981.40,5948.37,5979.18,2846540000,38582830000
2023-02-23,801880.SI,5975.53,6036.43,5974.16,6005.69,3204900000,42190960000
2023-02-24,801880.SI,5989.08,5989.14,5898.98,5922.84,2852940000,36957920000
2023-02-27,801880.SI,5899.26,5907.10,5843.63,5858.12,2584220000,35718230000
2023-02-28,801880.SI,5871.02,5887.45,5826.82,5885.11,2292760000,30436670000
2023-03-01,801880.SI,5885.74,5928.54,5854.03,5928.54,2537470000,35477900000
2023-03-02,801880.SI,5923.74,5927.21,5844.42,5855.66,2701120000,38092750000
2023-03-03,801880.SI,5857.78,5870.34,5817.38,5847.44,2254580000,28573410000
2023-03-06,801880.SI,5852.95,5852.95,5761.71,5826.15,2476280000,33159880000
2023-03-07,801880.SI,5820.34,5838.53,5724.08,5724.08,2709750000,33066770000
2023-03-08,801880.SI,5698.49,5716.08,5680.97,5716.08,1953520000,25288090000
2023-03-09,801880.SI,5720.59,5724.15,5668.47,5680.75,2161570000,27350870000
2023-03-10,801880.SI,5636.79,5637.06,5482.72,5482.76,3581600000,46188020000
2023-03-13,801880.SI,5441.83,5451.95,5378.43,5423.45,2857330000,35274080000
2023-03-14,801880.SI,5419.62,5419.62,5267.64,5382.08,2758690000,37326530000
2023-03-15,801880.SI,5406.24,5451.88,5388.17,5395.30,1944230000,27395790000
2023-03-16,801880.SI,5361.95,5406.82,5306.93,5314.06,2030170000,26319530000
2023-03-17,801880.SI,5352.08,5371.89,5307.83,5320.63,1951900000,27020440000
2023-03-20,801880.SI,5321.68,5350.73,5286.01,5327.21,2048980000,27670320000
2023-03-21,801880.SI,5345.35,5435.13,5323.28,5435.13,2187770000,31572070000
2023-03-22,801880.SI,5462.31,5515.26,5436.53,5454.44,2134900000,31824910000
2023-03-23,801880.SI,5438.27,5451.17,5409.25,5439.28,1742360000,24475780000
2023-03-24,801880.SI,5443.23,5454.49,5421.77,5433.92,2077030000,25489130000
2023-03-27,801880.SI,5433.21,5445.21,5391.95,5432.26,2015760000,26245370000
2023-03-28,801880.SI,5441.35,5475.50,5433.66,5471.48,2065760000,28450190000
2023-03-29,801880.SI,5482.49,5540.11,5482.40,5490.92,2118000000,31843510000
2023-03-30,801880.SI,5491.68,5520.08,5451.74,5520.08,1976810000,29549980000
2023-03-31,801880.SI,5534.03,5589.04,5532.71,5552.97,2021390000,29885430000
2023-04-03,801880.SI,5549.48,5549.48,5500.47,5532.25,2222970000,32597710000
2023-04-04,801880.SI,5527.06,5527.06,5408.45,5437.75,2517540000,34590020000
2023-04-06,801880.SI,5412.76,5414.18,5374.18,5399.00,2067320000,25892800000
2023-04-07,801880.SI,5397.62,5438.97,5388.78,5419.48,1646730000,21093770000
2023-04-10,801880.SI,5427.67,5427.69,5360.05,5383.71,2101140000,27020720000
2023-04-11,801880.SI,5388.58,5389.54,5338.45,5367.27,1759300000,23079640000
2023-04-12,801880.SI,5368.78,5368.88,5311.24,5320.61,1808500000,23190300000
2023-04-13,801880.SI,5305.71,5310.38,5266.66,5271.43,1976390000,25266680000
2023-04-14,801880.SI,5286.49,5361.19,5286.42,5343.17,2169190000,29042180000
2023-04-17,801880.SI,5340.39,5413.80,5340.33,5402.45,2032350000,27463830000
2023-04-18,801880.SI,5404.45,5417.23,5387.77,5395.69,1748990000,23691080000
2023-04-19,801880.SI,5396.75,5396.84,5321.39,5342.44,1871540000,23870310000
2023-04-20,801880.SI,5332.58,5332.58,5248.84,5259.19,1895750000,22970090000
2023-04-21,801880.SI,5252.99,5273.72,5147.66,5149.18,2126660000,24829610000
2023-04-24,801880.SI,5147.51,5256.49,5098.68,5184.98,2273670000,29051010000
2023-04-25,801880.SI,5170.15,5170.18,5003.61,5052.70,2364180000,26763090000
2023-04-26,801880.SI,5035.80,5184.44,5035.80,5155.49,2213900000,25858380000
2023-04-27,801880.SI,5146.77,5227.65,5146.77,5210.77,2304200000,27817870000
2023-04-28,801880.SI,5231.94,5263.58,5206.94,5228.43,2659130000,29666340000
2023-05-04,801880.SI,5232.75,5289.04,5230.63,5252.80,2430220000,29248210000
2023-05-05,801880.SI,5258.01,5258.06,5159.82,5188.98,2056490000,24779970000
2023-05-08,801880.SI,5214.62,5275.79,5211.42,5226.28,2742200000,25803340000
2023-05-09,801880.SI,5208.19,5210.94,5146.99,5146.99,2446550000,24601220000
2023-05-10,801880.SI,5151.90,5339.96,5141.50,5334.14,3224640000,42181710000
2023-05-11,801880.SI,5338.51,5393.12,5293.25,5342.53,2721350000,37467080000
2023-05-12,801880.SI,5339.15,5360.16,5266.48,5268.13,2053850000,24343920000
2023-05-15,801880.SI,5270.34,5342.39,5266.31,5342.39,1886500000,25237830000
2023-05-16,801880.SI,5344.45,5344.45,5278.07,5288.72,1922130000,22064830000
2023-05-17,801880.SI,5283.01,5297.27,5242.40,5276.72,1848400000,20737600000
2023-05-18,801880.SI,5282.36,5291.60,5229.82,5257.36,1879550000,23112360000
2023-05-19,801880.SI,5239.01,5257.57,5206.87,5233.80,1645440000,18667940000
2023-05-22,801880.SI,5247.97,5312.58,5218.33,5309.34,1942650000,25382600000
2023-05-23,801880.SI,5306.86,5346.12,5274.14,5274.14,1820290000,23047420000
2023-05-24,801880.SI,5256.94,5293.63,5231.03,5242.81,1765110000,20473580000
2023-05-25,801880.SI,5229.63,5261.46,5157.50,5201.13,1838500000,23537970000
2023-05-26,801880.SI,5195.16,5255.86,5100.84,5243.52,2388380000,31712890000
2023-05-29,801880.SI,5252.09,5252.09,5151.56,5167.93,2107090000,26957770000
2023-05-30,801880.SI,5164.41,5261.95,5164.41,5222.33,2146000000,30475150000
2023-05-31,801880.SI,5213.50,5221.52,5178.42,5195.32,1940740000,25539430000
2023-06-01,801880.SI,5188.49,5235.30,5176.10,5194.67,2296320000,26527050000
2023-06-02,801880.SI,5207.47,5285.55,5207.36,5280.89,2186160000,26958160000
2023-06-05,801880.SI,5300.85,5311.95,5231.48,5299.47,2416830000,28210590000
2023-06-06,801880.SI,5295.67,5295.67,5212.30,5221.72,2286530000,26330860000
2023-06-07,801880.SI,5227.24,5229.61,5150.80,5158.60,1841520000,21539750000
2023-06-08,801880.SI,5154.50,5169.71,5123.22,5136.48,1759280000,20061290000
2023-06-09,801880.SI,5176.01,5234.20,5175.90,5234.20,2598130000,31538570000
2023-06-12,801880.SI,5222.43,5403.94,5217.98,5393.34,3835920000,48126640000
2023-06-13,801880.SI,5408.87,5441.42,5401.71,5438.91,3386460000,45609220000
2023-06-14,801880.SI,5455.89,5492.66,5431.29,5454.58,3408040000,45297410000
2023-06-15,801880.SI,5450.61,5576.41,5450.61,5547.97,3557360000,53366600000
2023-06-16,801880.SI,5567.84,5590.66,5521.26,5542.78,3109300000,44950240000
2023-06-19,801880.SI,5541.61,5627.16,5541.60,5569.48,3010040000,44040220000
2023-06-20,801880.SI,5574.22,5621.90,5529.33,5593.41,3021690000,46567210000
2023-06-21,801880.SI,5590.07,5653.33,5579.77,5584.02,3285680000,48359790000
2023-06-26,801880.SI,5541.06,5667.97,5527.39,5540.38,3885890000,55616810000
2023-06-27,801880.SI,5528.87,5569.55,5486.90,5565.82,3256540000,46082570000
2023-06-28,801880.SI,5559.62,5611.52,5496.10,5593.77,3510200000,47871620000
2023-06-29,801880.SI,5591.15,5647.43,5589.17,5611.03,3715250000,49717770000
2023-06-30,801880.SI,5591.73,5670.93,5581.26,5657.44,3705780000,49138960000
2023-07-03,801880.SI,5695.29,5779.27,5695.29,5744.98,4583880000,63509070000
2023-07-04,801880.SI,5763.09,5915.50,5760.10,5898.17,6015680000,84667930000
2023-07-05,801880.SI,5909.53,5911.89,5817.64,5826.43,5441180000,71707430000
2023-07-06,801880.SI,5808.71,5870.96,5775.18,5854.57,4375990000,61568360000
2023-07-07,801880.SI,5821.86,5873.09,5802.37,5809.52,4629500000,61490170000
2023-07-10,801880.SI,5828.99,5865.90,5754.14,5767.66,3980410000,55427090000
2023-07-11,801880.SI,5784.14,5952.35,5767.81,5951.34,5123660000,75294570000
2023-07-12,801880.SI,5964.78,6047.68,5895.21,5906.27,6515540000,91722190000
2023-07-13,801880.SI,5887.23,5904.87,5829.77,5860.22,5148730000,68681250000
2023-07-14,801880.SI,5840.37,5853.76,5773.24,5788.70,4112330000,57867920000
2023-07-17,801880.SI,5772.41,5772.41,5711.39,5765.53,3976870000,50688230000
2023-07-18,801880.SI,5764.19,5891.20,5721.33,5844.28,4846460000,62353540000
2023-07-19,801880.SI,5815.55,5844.89,5780.38,5818.64,3977820000,48035010000
2023-07-20,801880.SI,5823.52,5844.36,5711.03,5716.08,4299310000,53491490000
2023-07-21,801880.SI,5696.83,5713.43,5645.73,5664.66,3431640000,41428670000
2023-07-24,801880.SI,5646.43,5689.99,5623.82,5637.57,2882630000,35704440000
2023-07-25,801880.SI,5715.60,5851.83,5715.32,5823.45,4605160000,60151630000
2023-07-26,801880.SI,5811.03,5811.11,5696.60,5707.49,4099110000,44375390000
2023-07-27,801880.SI,5813.18,5851.89,5743.16,5750.84,5120380000,59947400000
2023-07-28,801880.SI,5720.82,5876.46,5670.93,5865.99,6378420000,70250580000
2023-07-31,801880.SI,5898.33,6043.27,5898.33,5982.01,6072950000,74513760000
2023-08-01,801880.SI,5957.72,6018.87,5910.81,5932.05,5494430000,60137550000
2023-08-02,801880.SI,5917.42,5999.72,5905.30,5951.93,5205810000,55790990000
2023-08-03,801880.SI,5921.99,5935.50,5863.82,5898.55,4191250000,45349670000
2023-08-04,801880.SI,5918.27,5939.61,5879.92,5919.45,4014900000,47656830000
2023-08-07,801880.SI,5898.99,5948.34,5876.40,5910.90,3177720000,38407990000
2023-08-08,801880.SI,5898.30,5943.52,5853.06,5870.28,3409160000,41390530000
2023-08-09,801880.SI,5842.59,5842.75,5786.00,5818.14,3276620000,37901880000
2023-08-10,801880.SI,5807.09,5817.56,5750.77,5780.30,2595330000,30307310000
2023-08-11,801880.SI,5788.22,5788.22,5680.95,5680.95,3060340000,33726830000
2023-08-14,801880.SI,5622.66,5622.71,5501.53,5589.12,3066990000,39780890000
2023-08-15,801880.SI,5596.70,5603.96,5508.78,5546.18,2723850000,31101470000
2023-08-16,801880.SI,5523.25,5534.74,5469.64,5470.54,2415190000,27222840000
2023-08-17,801880.SI,5454.42,5586.22,5416.70,5576.20,3220380000,38331090000
2023-08-18,801880.SI,5572.01,5581.13,5490.10,5490.10,3079050000,36583370000
2023-08-21,801880.SI,5478.78,5505.88,5416.29,5416.29,2466490000,30706070000
2023-08-22,801880.SI,5462.04,5478.56,5352.86,5451.04,2786970000,33551860000
2023-08-23,801880.SI,5441.49,5441.49,5360.38,5360.38,2538210000,32237690000
2023-08-24,801880.SI,5368.23,5459.15,5338.54,5402.74,2774880000,33924470000
2023-08-25,801880.SI,5373.46,5373.48,5286.85,5309.99,2753230000,29914110000
2023-08-28,801880.SI,5588.68,5588.68,5345.21,5352.89,3619700000,42078420000
2023-08-29,801880.SI,5353.08,5587.27,5353.08,5571.26,4055990000,53895320000
2023-08-30,801880.SI,5595.39,5625.46,5575.60,5595.07,3512870000,48623260000
2023-08-31,801880.SI,5594.05,5595.45,5546.50,5549.32,2948050000,37741600000
2023-09-01,801880.SI,5570.42,5612.26,5541.98,5598.65,3450120000,42048110000
2023-09-04,801880.SI,5621.81,5678.27,5583.72,5678.19,3736220000,44763690000
2023-09-05,801880.SI,5669.98,5683.42,5617.47,5625.95,2798680000,36517420000
2023-09-06,801880.SI,5618.88,5667.53,5615.89,5655.43,2627890000,34213520000
2023-09-07,801880.SI,5639.22,5639.28,5549.77,5554.29,2713930000,32634140000
2023-09-08,801880.SI,5534.26,5558.77,5513.92,5542.46,2272050000,29509120000
2023-09-11,801880.SI,5552.35,5679.40,5534.58,5663.07,3417410000,46593090000
2023-09-12,801880.SI,5700.22,5755.90,5672.72,5721.74,3361530000,49064720000
2023-09-13,801880.SI,5702.37,5702.38,5590.68,5622.05,2902600000,38837970000
2023-09-14,801880.SI,5580.97,5598.82,5509.04,5532.66,2660770000,35820310000
2023-09-15,801880.SI,5553.15,5567.51,5503.45,5527.59,2577750000,34390170000
2023-09-18,801880.SI,5523.96,5710.24,5523.96,5666.43,3930360000,51448220000
2023-09-19,801880.SI,5651.54,5668.70,5589.07,5637.53,3079420000,42750360000
2023-09-20,801880.SI,5616.29,5639.23,5576.87,5577.44,2540040000,34241590000
2023-09-21,801880.SI,5565.27,5578.82,5481.18,5495.92,2488330000,33846690000
2023-09-22,801880.SI,5501.38,5579.16,5480.21,5577.71,2704060000,35855870000
2023-09-25,801880.SI,5601.04,5621.43,5581.37,5594.84,2635020000,38901280000
2023-09-26,801880.SI,5569.88,5596.86,5533.54,5533.54,2438100000,36900910000
2023-09-27,801880.SI,5530.11,5571.31,5512.85,5512.85,2543380000,36034290000
2023-09-28,801880.SI,5525.53,5607.56,5522.06,5575.28,3120820000,43396790000
2023-10-09,801880.SI,5623.19,5703.90,5621.33,5694.60,4279190000,54247070000
2023-10-10,801880.SI,5707.67,5721.14,5642.75,5696.51,3892440000,53632150000
2023-10-11,801880.SI,5736.95,5736.95,5642.87,5655.25,3399500000,54716150000
2023-10-12,801880.SI,5670.01,5805.67,5669.96,5770.81,4282260000,59040280000
2023-10-13,801880.SI,5745.61,5792.13,5741.24,5763.74,4401720000,58774500000
2023-10-16,801880.SI,5783.45,5806.73,5751.52,5780.27,4748560000,61430600000
2023-10-17,801880.SI,5773.32,5784.68,5693.22,5739.40,4071340000,51662290000
2023-10-18,801880.SI,5737.40,5857.35,5736.74,5821.92,4675640000,66434940000
2023-10-19,801880.SI,5766.93,5766.99,5638.34,5638.72,4880050000,64523070000
2023-10-20,801880.SI,5605.57,5690.94,5575.28,5588.20,3964230000,50884030000
2023-10-23,801880.SI,5579.79,5614.24,5477.27,5513.90,4068140000,52975610000
2023-10-24,801880.SI,5526.08,5575.14,5483.05,5536.31,4157600000,55396400000
2023-10-25,801880.SI,5583.44,5700.82,5583.28,5677.19,5025780000,63886570000
2023-10-26,801880.SI,5655.85,5765.15,5616.88,5765.15,5503820000,68281230000
2023-10-27,801880.SI,5773.29,5882.32,5773.29,5824.76,6014920000,74321090000
2023-10-30,801880.SI,5824.43,5824.43,5747.62,5806.26,5968940000,78425280000
2023-10-31,801880.SI,5801.31,5813.42,5676.96,5709.83,5184170000,69307490000
2023-11-01,801880.SI,5697.82,5773.56,5681.84,5744.19,4897420000,62306460000
2023-11-02,801880.SI,5752.81,5803.10,5719.25,5732.21,5092280000,66012230000
2023-11-03,801880.SI,5746.40,5824.01,5727.75,5815.25,4504260000,62431920000
2023-11-06,801880.SI,5850.16,5928.32,5828.09,5928.32,5558730000,77423010000
2023-11-07,801880.SI,5921.23,5988.86,5908.69,5938.96,5816500000,82332600000
2023-11-08,801880.SI,5925.12,5932.29,5873.03,5926.17,6196400000,78860540000
2023-11-09,801880.SI,5906.79,5920.34,5848.51,5863.99,5340280000,73237750000
2023-11-10,801880.SI,5843.52,5843.63,5743.27,5774.10,4400090000,64282910000
2023-11-13,801880.SI,5778.09,5806.29,5756.76,5777.31,4245060000,55299770000
2023-11-14,801880.SI,5774.55,5826.72,5767.99,5826.22,4578560000,56605550000
2023-11-15,801880.SI,5860.52,5928.51,5810.18,5928.51,5556040000,76625720000
2023-11-16,801880.SI,5934.55,5938.80,5894.26,5894.26,5208820000,68619980000
2023-11-17,801880.SI,5868.04,5981.82,5868.04,5981.82,5500620000,69429820000
2023-11-20,801880.SI,5991.28,6012.86,5960.90,6000.17,5511570000,71726890000
2023-11-21,801880.SI,5995.77,6033.95,5945.78,5956.02,5324520000,67701250000
2023-11-22,801880.SI,5928.89,5932.96,5839.12,5839.12,4989560000,59130240000
2023-11-23,801880.SI,5839.65,6016.68,5839.61,5981.34,6391460000,86704590000
2023-11-24,801880.SI,5977.09,5977.18,5838.08,5853.42,5174750000,71681760000
2023-11-27,801880.SI,5891.45,5920.83,5826.32,5913.79,5311950000,72116050000
2023-11-28,801880.SI,5924.44,6031.97,5892.92,6031.97,7112160000,97232460000
2023-11-29,801880.SI,6025.59,6025.59,5928.95,5953.16,6948950000,91438690000
2023-11-30,801880.SI,5923.76,5957.61,5822.93,5866.41,6146260000,79801820000
2023-12-01,801880.SI,5871.73,5871.73,5744.50,5791.86,5651850000,75301950000
2023-12-04,801880.SI,5802.08,5841.71,5759.68,5788.52,5270170000,68328560000
2023-12-05,801880.SI,5774.57,5775.44,5702.43,5702.43,5569460000,65666320000
2023-12-06,801880.SI,5694.35,5777.31,5694.35,5721.62,5523000000,66634370000
2023-12-07,801880.SI,5708.40,5708.59,5654.20,5681.75,5175020000,61693220000
2023-12-08,801880.SI,5671.76,5683.73,5599.65,5600.49,5207890000,56262690000
2023-12-11,801880.SI,5578.84,5695.74,5546.27,5694.51,4442390000,54840120000
2023-12-12,801880.SI,5684.20,5715.87,5658.66,5707.40,3980230000,48320500000
2023-12-13,801880.SI,5695.39,5725.66,5664.35,5669.41,3998380000,48751980000
2023-12-14,801880.SI,5679.48,5706.97,5616.97,5617.53,3777410000,46144870000
2023-12-15,801880.SI,5625.97,5647.25,5585.28,5589.08,3216500000,41944590000
2023-12-18,801880.SI,5572.06,5614.10,5548.82,5558.66,3545850000,45616480000
2023-12-19,801880.SI,5547.54,5547.57,5480.66,5524.49,3354760000,40640140000
2023-12-20,801880.SI,5527.61,5534.98,5406.15,5406.15,3232540000,41726720000
2023-12-21,801880.SI,5376.20,5462.29,5355.13,5450.02,3277240000,40608100000
2023-12-22,801880.SI,5456.20,5494.36,5412.63,5429.54,3102070000,39448100000
2023-12-25,801880.SI,5433.44,5485.90,5403.33,5484.73,3033340000,38904540000
2023-12-26,801880.SI,5482.07,5482.11,5397.14,5409.75,2889640000,36722410000
2023-12-27,801880.SI,5424.75,5437.14,5372.50,5400.11,2712090000,36020250000
2023-12-28,801880.SI,5381.27,5468.55,5367.57,5449.79,3499140000,45792190000
2023-12-29,801880.SI,5444.69,5519.24,5441.42,5518.47,3407910000,43639640000
2024-01-02,801880.SI,5530.59,5536.41,5458.19,5458.19,3058170000,40899390000
2024-01-03,801880.SI,5443.06,5443.06,5367.39,5402.13,2926300000,38419080000
2024-01-04,801880.SI,5398.94,5399.05,5353.31,5367.01,2564600000,33900590000
2024-01-05,801880.SI,5373.29,5416.47,5286.70,5309.67,2937400000,36895590000
2024-01-08,801880.SI,5303.50,5303.92,5217.05,5217.05,2667990000,33741990000
2024-01-09,801880.SI,5229.45,5275.99,5211.32,5243.41,2431150000,32203780000
2024-01-10,801880.SI,5228.99,5252.77,5183.01,5218.73,2662680000,32908100000
2024-01-11,801880.SI,5214.85,5332.22,5205.70,5319.09,2904200000,35381980000
2024-01-12,801880.SI,5316.78,5361.57,5302.06,5302.06,2576990000,31108850000
2024-01-15,801880.SI,5282.68,5311.65,5237.73,5277.21,2430470000,28543880000
2024-01-16,801880.SI,5274.97,5324.90,5252.35,5309.84,3173880000,37625920000
2024-01-17,801880.SI,5293.09,5293.38,5151.58,5151.58,2838880000,36971230000
2024-01-18,801880.SI,5120.12,5167.12,5025.95,5166.78,3438000000,40044610000
2024-01-19,801880.SI,5149.65,5164.89,5086.20,5091.90,2218340000,27227740000
2024-01-22,801880.SI,5090.31,5090.36,4866.51,4891.98,3140880000,35421570000
2024-01-23,801880.SI,4880.53,4942.81,4839.77,4924.77,2906670000,32294100000
2024-01-24,801880.SI,4957.34,4981.38,4835.26,4977.35,3114150000,32524730000
2024-01-25,801880.SI,4972.25,5081.68,4937.19,5076.61,3553740000,41869670000
2024-01-26,801880.SI,5056.38,5082.20,5020.14,5029.16,3174660000,35077380000
2024-01-29,801880.SI,5038.06,5049.72,4893.50,4893.50,2911660000,32735160000
2024-01-30,801880.SI,4852.43,4905.26,4793.14,4796.60,2716950000,31201580000
2024-01-31,801880.SI,4779.53,4827.91,4659.20,4668.98,3230170000,33507450000
2024-02-01,801880.SI,4649.41,4742.07,4610.31,4658.47,3038520000,32478040000
2024-02-02,801880.SI,4671.82,4697.78,4402.50,4518.78,3677620000,36659850000
2024-02-05,801880.SI,4479.23,4479.25,4246.83,4351.27,4304560000,41419770000
2024-02-06,801880.SI,4285.06,4585.78,4257.94,4537.84,4662850000,43340400000
2024-02-07,801880.SI,4559.41,4711.35,4557.63,4651.31,5110020000,49537570000
2024-02-08,801880.SI,4680.00,4809.74,4680.00,4808.42,5231810000,50215960000
2024-02-19,801880.SI,4850.43,4872.79,4792.51,4844.79,4475440000,46373200000
2024-02-20,801880.SI,4824.86,4828.35,4757.81,4822.24,3518630000,38260550000
2024-02-21,801880.SI,4784.15,5022.96,4779.00,4921.29,4740740000,50590090000
2024-02-22,801880.SI,4896.31,4974.48,4896.31,4973.83,3709850000,38594140000
2024-02-23,801880.SI,4986.80,5095.10,4959.30,5088.39,4395780000,50619040000
2024-02-26,801880.SI,5139.86,5245.12,5139.86,5184.52,5211680000,60800320000
2024-02-27,801880.SI,5192.21,5361.80,5189.40,5361.80,5043020000,62763920000
2024-02-28,801880.SI,5362.68,5362.68,5090.99,5090.99,6719570000,75008100000
2024-02-29,801880.SI,5044.83,5305.74,5044.83,5305.74,5250830000,58198950000
2024-03-01,801880.SI,5322.41,5326.83,5255.32,5319.70,4796870000,55368330000
2024-03-04,801880.SI,5299.15,5301.35,5221.54,5287.04,4150060000,48602830000
2024-03-05,801880.SI,5241.20,5341.76,5197.27,5311.75,4763690000,57848920000
2024-03-06,801880.SI,5292.13,5373.26,5287.13,5335.37,4149550000,53495800000
2024-03-07,801880.SI,5341.04,5384.34,5279.70,5279.70,4172870000,51437610000
2024-03-08,801880.SI,5272.62,5301.13,5237.02,5290.22,3308090000,39588990000
2024-03-11,801880.SI,5292.28,5424.66,5292.28,5424.66,4050650000,54485870000
2024-03-12,801880.SI,5453.69,5514.57,5410.85,5500.24,5403240000,69062490000
2024-03-13,801880.SI,5506.92,5593.43,5505.45,5553.69,5735360000,70877890000
2024-03-14,801880.SI,5557.43,5613.55,5497.02,5543.81,5599160000,66640770000
2024-03-15,801880.SI,5520.28,5616.87,5498.43,5612.22,5837890000,68543090000
2024-03-18,801880.SI,5657.11,5752.85,5657.02,5752.65,6197480000,77313440000
2024-03-19,801880.SI,5738.29,5738.73,5683.36,5683.36,5448370000,69082860000
2024-03-20,801880.SI,5680.89,5737.39,5660.47,5714.88,4977420000,60219820000
2024-03-21,801880.SI,5709.88,5745.52,5665.15,5719.07,5421290000,65841180000
2024-03-22,801880.SI,5706.31,5706.39,5622.17,5665.78,4713070000,57241250000
2024-03-25,801880.SI,5640.58,5704.04,5578.29,5578.29,4769190000,56343920000
2024-03-26,801880.SI,5573.94,5659.29,5573.94,5643.43,4716270000,60715530000
2024-03-27,801880.SI,5638.02,5638.02,5452.19,5452.19,4717550000,58933240000
2024-03-28,801880.SI,5434.05,5590.36,5433.44,5534.30,4241990000,55053740000
2024-03-29,801880.SI,5566.52,5580.87,5489.59,5550.51,4438410000,57103270000
2024-04-01,801880.SI,5563.48,5726.62,5563.48,5726.62,5042120000,65955600000
2024-04-02,801880.SI,5733.03,5751.52,5666.27,5689.82,4992750000,60421610000
2024-04-03,801880.SI,5661.89,5674.00,5554.25,5594.43,4096150000,50092440000
2024-04-08,801880.SI,5581.94,5679.41,5581.91,5601.64,3959710000,52093560000
2024-04-09,801880.SI,5593.94,5610.50,5561.18,5597.32,3562080000,44270340000
2024-04-10,801880.SI,5600.24,5603.64,5492.29,5538.20,4062560000,47246920000
2024-04-11,801880.SI,5493.94,5644.49,5489.73,5583.66,3909740000,49326900000
2024-04-12,801880.SI,5576.37,5637.40,5543.35,5551.96,3679620000,48979540000
2024-04-15,801880.SI,5541.33,5576.79,5443.56,5524.91,4447870000,51212870000
2024-04-16,801880.SI,5479.64,5480.48,5326.19,5326.59,4600600000,52215250000
2024-04-17,801880.SI,5359.33,5529.17,5359.26,5528.89,4371240000,51373050000
2024-04-18,801880.SI,5522.60,5652.74,5500.28,5568.81,4559320000,61512590000
2024-04-19,801880.SI,5544.29,5582.21,5506.01,5559.13,3981300000,52485520000
2024-04-22,801880.SI,5533.94,5557.13,5490.80,5502.18,3434800000,43018780000
2024-04-23,801880.SI,5499.08,5516.91,5437.97,5459.60,3296470000,43892130000
2024-04-24,801880.SI,5477.85,5556.34,5477.79,5556.34,3479920000,46430020000
2024-04-25,801880.SI,5568.79,5606.25,5527.27,5541.53,3926020000,50735860000
2024-04-26,801880.SI,5553.89,5698.20,5553.89,5693.74,4673020000,67562560000
2024-04-29,801880.SI,5731.47,5771.99,5673.07,5763.03,5441180000,74742830000
2024-04-30,801880.SI,5790.34,5790.82,5692.34,5692.34,5054520000,71946290000
2024-05-06,801880.SI,5762.57,5811.39,5762.57,5799.87,4720760000,68663330000
2024-05-07,801880.SI,5800.85,5812.72,5743.85,5796.17,4207830000,58824410000
2024-05-08,801880.SI,5771.70,5771.73,5703.94,5709.49,3910410000,51911540000
2024-05-09,801880.SI,5699.15,5786.07,5699.00,5784.02,3414430000,45793140000
2024-05-10,801880.SI,5780.25,5780.25,5713.85,5735.38,3267640000,42895510000
2024-05-13,801880.SI,5683.01,5723.88,5635.36,5687.06,3185420000,42409870000
2024-05-14,801880.SI,5692.60,5756.60,5692.60,5733.76,3387980000,44454120000
2024-05-15,801880.SI,5715.22,5718.35,5646.10,5650.42,3288220000,42586590000
2024-05-16,801880.SI,5650.77,5655.67,5602.68,5615.24,3174080000,41342680000
2024-05-17,801880.SI,5613.53,5634.53,5582.01,5634.53,3221880000,44721730000
2024-05-20,801880.SI,5622.33,5657.82,5615.06,5644.40,3645930000,46971500000
2024-05-21,801880.SI,5625.90,5626.00,5555.14,5601.53,3416120000,44459090000
2024-05-22,801880.SI,5586.44,5602.80,5558.27,5573.74,3072260000,42616470000
2024-05-23,801880.SI,5557.99,5558.02,5458.84,5481.08,3073300000,39467530000
2024-05-24,801880.SI,5459.61,5466.55,5398.21,5398.65,2468650000,34618630000
2024-05-27,801880.SI,5413.75,5443.92,5362.91,5443.50,2586780000,35181990000
2024-05-28,801880.SI,5438.09,5438.16,5377.27,5377.40,2572670000,32237420000
2024-05-29,801880.SI,5380.35,5458.59,5375.86,5446.20,2569580000,36890390000
2024-05-30,801880.SI,5440.51,5494.74,5440.51,5471.62,2841310000,38583060000
2024-05-31,801880.SI,5478.67,5540.61,5478.67,5490.73,2950150000,42630310000
2024-06-03,801880.SI,5500.81,5554.34,5445.09,5481.87,3597250000,50238220000
2024-06-04,801880.SI,5463.90,5491.31,5438.48,5484.69,3262190000,42053100000
2024-06-05,801880.SI,5490.88,5532.69,5456.99,5456.99,3471130000,40166500000
2024-06-06,801880.SI,5444.70,5445.55,5329.13,5348.61,4169010000,45421140000
2024-06-07,801880.SI,5368.25,5396.85,5297.37,5361.34,3206740000,35674430000
2024-06-11,801880.SI,5334.33,5384.30,5311.64,5384.30,2730030000,34019720000
2024-06-12,801880.SI,5355.60,5415.51,5355.60,5399.71,2577880000,31296700000
2024-06-13,801880.SI,5410.51,5452.46,5402.40,5418.49,2859540000,38593210000
2024-06-14,801880.SI,5397.85,5437.30,5361.15,5432.84,2652480000,35499480000
2024-06-17,801880.SI,5416.28,5510.30,5416.28,5477.81,2915250000,43658560000
2024-06-18,801880.SI,5473.31,5582.47,5473.31,5582.47,3594810000,48464930000
2024-06-19,801880.SI,5582.62,5582.62,5510.75,5510.75,3106610000,41569690000
2024-06-20,801880.SI,5496.90,5496.90,5414.51,5427.82,3328890000,39453530000
2024-06-21,801880.SI,5415.39,5482.19,5393.63,5451.31,2978080000,36002770000
2024-06-24,801880.SI,5422.10,5432.49,5313.16,5313.16,3261670000,39581240000
2024-06-25,801880.SI,5321.40,5412.59,5291.03,5330.22,3246240000,47178160000
2024-06-26,801880.SI,5305.86,5400.30,5269.61,5394.39,4070060000,41264800000
2024-06-27,801880.SI,5369.25,5369.28,5280.32,5280.32,3749570000,35323480000
2024-06-28,801880.SI,5261.98,5380.08,5261.98,5337.35,3735470000,40237260000
2024-07-01,801880.SI,5336.25,5376.65,5262.50,5358.08,3842690000,40134600000
2024-07-02,801880.SI,5362.06,5369.05,5266.76,5283.31,3430210000,38600640000
2024-07-03,801880.SI,5284.37,5313.80,5232.52,5235.15,3096940000,35129710000
2024-07-04,801880.SI,5257.82,5311.59,5196.22,5196.74,4147880000,37613480000
2024-07-05,801880.SI,5179.78,5224.71,5112.52,5205.86,3801080000,35080810000
2024-07-08,801880.SI,5189.96,5208.34,5131.68,5143.99,3551940000,34862620000
2024-07-09,801880.SI,5143.80,5312.36,5138.16,5312.36,4298730000,44301150000
2024-07-10,801880.SI,5308.07,5400.82,5308.07,5361.77,4859020000,52235710000
2024-07-11,801880.SI,5429.50,5477.75,5408.04,5455.22,5042080000,56215010000
2024-07-12,801880.SI,5438.15,5505.87,5409.82,5485.54,5000870000,56732320000
2024-07-15,801880.SI,5486.57,5517.52,5438.46,5450.99,5113740000,53477310000
2024-07-16,801880.SI,5435.55,5465.00,5423.80,5458.94,5179250000,51494360000
2024-07-17,801880.SI,5449.29,5449.44,5367.10,5383.12,3995080000,48005500000
2024-07-18,801880.SI,5338.91,5406.79,5303.55,5396.86,3541740000,41397130000
2024-07-19,801880.SI,5378.42,5430.59,5359.93,5359.93,3892200000,45945060000
2024-07-22,801880.SI,5349.36,5406.89,5349.36,5378.27,3897010000,45354110000
2024-07-23,801880.SI,5377.63,5377.63,5230.30,5230.30,4347980000,48393770000
2024-07-24,801880.SI,5206.85,5222.42,5088.69,5099.18,4152070000,45216680000
2024-07-25,801880.SI,5078.27,5143.20,5050.07,5123.55,3480870000,37651960000
2024-07-26,801880.SI,5174.02,5269.75,5174.01,5263.34,5066220000,50505370000
2024-07-29,801880.SI,5264.48,5267.98,5216.23,5234.07,4559630000,50349420000
2024-07-30,801880.SI,5223.68,5223.68,5152.07,5189.26,4611140000,51425940000
2024-07-31,801880.SI,5172.77,5360.44,5172.70,5350.42,6315620000,67003370000
2024-08-01,801880.SI,5345.59,5352.30,5293.40,5319.55,6290640000,61849540000
2024-08-02,801880.SI,5276.62,5300.61,5201.67,5207.57,6367650000,61698250000
2024-08-05,801880.SI,5158.73,5225.66,5063.78,5063.78,5835200000,56390070000
2024-08-06,801880.SI,5115.11,5132.13,5039.40,5082.53,4644490000,44132900000
2024-08-07,801880.SI,5069.28,5137.38,5057.72,5109.30,4145590000,43865080000
2024-08-08,801880.SI,5073.98,5083.22,5002.67,5045.42,4467180000,44882880000
2024-08-09,801880.SI,5059.75,5114.03,5039.24,5039.24,3505720000,34865770000
2024-08-12,801880.SI,5034.37,5038.51,4978.58,4994.34,3035400000,30098140000
2024-08-13,801880.SI,4984.81,5015.75,4955.35,5015.75,3132690000,31324200000
2024-08-14,801880.SI,5007.65,5009.78,4969.15,4969.15,2893090000,28634070000
2024-08-15,801880.SI,4958.24,5055.33,4941.98,5037.73,3541990000,39221050000
2024-08-16,801880.SI,5034.85,5068.84,5019.37,5024.28,3240720000,38903170000
2024-08-19,801880.SI,5019.30,5078.67,5018.31,5019.65,3173390000,34974570000
2024-08-20,801880.SI,5022.23,5022.26,4929.89,4951.23,3480920000,35319540000
2024-08-21,801880.SI,4923.99,4975.11,4922.15,4954.32,2805760000,30005510000
2024-08-22,801880.SI,4952.06,4956.46,4882.69,4887.35,2958260000,32229940000
2024-08-23,801880.SI,4875.91,4930.97,4875.91,4914.84,2869700000,29280440000
2024-08-26,801880.SI,4921.25,4944.74,4894.41,4924.80,2813460000,29973680000
2024-08-27,801880.SI,4906.04,4906.11,4860.72,4873.57,2717820000,28761960000
2024-08-28,801880.SI,4859.50,4873.31,4821.58,4837.01,2536530000,28291050000
2024-08-29,801880.SI,4813.06,4927.48,4812.38,4906.64,2814360000,30122480000
2024-08-30,801880.SI,4911.90,5099.08,4906.10,5046.06,4013380000,47653110000
2024-09-02,801880.SI,5036.69,5049.89,4940.92,4940.92,3224740000,35847140000
2024-09-03,801880.SI,4934.99,5022.87,4934.91,5020.48,2829980000,31820780000
2024-09-04,801880.SI,4996.66,5079.59,4983.79,5040.39,2719000000,29899370000
2024-09-05,801880.SI,5047.15,5110.34,5047.03,5094.76,3190030000,34368900000
2024-09-06,801880.SI,5095.89,5161.95,5072.20,5072.98,3762790000,41307770000
2024-09-09,801880.SI,5039.62,5066.71,5013.71,5036.31,3028730000,31628370000
2024-09-10,801880.SI,5032.14,5058.33,4979.71,5040.94,2710000000,28767400000
2024-09-11,801880.SI,5023.43,5117.83,5012.88,5086.28,2446960000,29993730000
2024-09-12,801880.SI,5086.74,5133.14,5049.75,5049.75,2368010000,26529750000
2024-09-13,801880.SI,5046.95,5048.03,4999.40,4999.77,2440780000,25148820000
2024-09-18,801880.SI,5000.92,5073.40,4987.24,5060.63,2407630000,25675070000
2024-09-19,801880.SI,5069.44,5158.69,5045.93,5124.86,2974220000,31522490000
2024-09-20,801880.SI,5122.28,5151.27,5076.00,5109.31,2542930000,27674210000
2024-09-23,801880.SI,5103.55,5147.35,5083.78,5104.78,2771770000,29339560000
2024-09-24,801880.SI,5136.44,5209.29,5046.52,5208.24,4579190000,48886430000
2024-09-25,801880.SI,5252.20,5391.14,5246.27,5271.55,5383700000,56772780000
2024-09-26,801880.SI,5260.49,5445.67,5258.40,5445.67,5101880000,53688610000
2024-09-27,801880.SI,5515.05,5725.60,5515.05,5674.93,5861770000,65497770000
2024-09-30,801880.SI,5865.67,6200.94,5806.96,6179.61,10277090000,121044920000
2024-10-08,801880.SI,6819.15,6819.15,6164.48,6503.16,12511680000,162495050000
2024-10-09,801880.SI,6329.45,6354.91,6000.48,6047.88,8680760000,115340920000
2024-10-10,801880.SI,6068.54,6247.88,5990.07,6121.73,6488370000,84423490000
2024-10-11,801880.SI,6100.43,6100.43,5831.90,5897.11,5417850000,71251770000
2024-10-14,801880.SI,5897.23,6018.15,5837.63,6002.57,4950010000,64925200000
2024-10-15,801880.SI,5969.90,6013.30,5835.39,5835.39,4857080000,61836120000
2024-10-16,801880.SI,5763.25,5838.91,5729.41,5786.40,4105470000,51974300000
2024-10-17,801880.SI,5823.32,5885.62,5765.61,5767.41,4471410000,55274150000
2024-10-18,801880.SI,5759.19,6057.82,5751.75,5965.02,6272980000,81870810000
2024-10-21,801880.SI,5993.96,6042.66,5936.20,5998.09,6170500000,82615420000
2024-10-22,801880.SI,5996.97,6137.45,5988.30,6099.19,7038400000,86605660000
2024-10-23,801880.SI,6103.32,6232.90,6075.53,6179.52,7519800000,89916080000
2024-10-24,801880.SI,6192.70,6193.38,6091.81,6109.29,6328270000,71952100000
2024-10-25,801880.SI,6136.53,6212.39,6115.11,6174.34,6097020000,71483520000
2024-10-28,801880.SI,6174.93,6251.29,6136.53,6251.28,7247660000,82777010000
2024-10-29,801880.SI,6291.26,6330.15,6226.39,6238.89,8232670000,94165150000
2024-10-30,801880.SI,6203.43,6282.17,6203.43,6272.66,8269650000,87300560000
2024-10-31,801880.SI,6269.52,6313.04,6200.31,6269.41,8607310000,104589050000
2024-11-01,801880.SI,6269.45,6289.56,6138.12,6147.45,9409530000,109906160000
2024-11-04,801880.SI,6179.80,6370.50,6179.80,6370.50,7513600000,101557280000
2024-11-05,801880.SI,6377.16,6518.47,6332.70,6510.80,9646960000,126080770000
2024-11-06,801880.SI,6536.68,6594.60,6486.20,6523.26,11503820000,149897450000
2024-11-07,801880.SI,6481.56,6590.16,6450.36,6590.16,10027850000,120407930000
2024-11-08,801880.SI,6660.18,6707.37,6581.10,6595.43,9598460000,121202710000
2024-11-11,801880.SI,6578.91,6779.88,6569.03,6779.88,11290570000,130169020000
2024-11-12,801880.SI,6825.30,6883.97,6684.67,6742.04,11157560000,139830790000
2024-11-13,801880.SI,6698.36,6731.01,6580.72,6731.01,9205920000,114007540000
2024-11-14,801880.SI,6707.74,6707.74,6533.47,6541.94,7813950000,98328630000
2024-11-15,801880.SI,6503.26,6566.57,6433.02,6433.02,7309830000,96184260000
2024-11-18,801880.SI,6477.89,6496.09,6344.56,6382.21,7742380000,96613690000
2024-11-19,801880.SI,6377.45,6468.81,6305.61,6468.81,7658550000,91719700000
2024-11-20,801880.SI,6441.63,6532.00,6424.15,6517.39,7028850000,84257290000
2024-11-21,801880.SI,6491.55,6567.72,6476.12,6529.96,6672780000,79947790000
2024-11-22,801880.SI,6513.24,6514.60,6290.93,6293.12,6956950000,86036960000
2024-11-25,801880.SI,6335.59,6406.68,6249.53,6352.53,5897800000,77790820000
2024-11-26,801880.SI,6313.85,6344.33,6232.32,6232.67,4827520000,59989650000
2024-11-27,801880.SI,6209.10,6287.68,6115.94,6287.68,5278440000,66294990000
2024-11-28,801880.SI,6284.32,6289.11,6207.00,6217.80,5484300000,64741990000
2024-11-29,801880.SI,6208.52,6349.83,6196.77,6312.90,5927630000,75661780000
2024-12-02,801880.SI,6349.18,6516.04,6340.65,6507.69,7560290000,92045840000
2024-12-03,801880.SI,6541.35,6546.42,6479.39,6520.81,8038370000,88867020000
2024-12-04,801880.SI,6490.90,6564.69,6446.59,6468.66,7602400000,85565600000
2024-12-05,801880.SI,6449.53,6530.87,6445.18,6517.84,7523040000,85755990000
2024-12-06,801880.SI,6517.61,6566.14,6463.70,6537.41,7379160000,84598130000
2024-12-09,801880.SI,6539.34,6627.11,6539.34,6586.47,9702500000,97050510000
2024-12-10,801880.SI,6768.04,6773.47,6623.31,6633.00,10539900000,127791280000
2024-12-11,801880.SI,6600.52,6667.87,6600.52,6667.53,9483320000,98103260000
2024-12-12,801880.SI,6660.56,6700.82,6612.16,6698.40,8837110000,95384030000
2024-12-13,801880.SI,6652.30,6670.81,6580.63,6580.63,8650190000,101811740000
2024-12-16,801880.SI,6562.74,6580.17,6483.44,6506.03,7720800000,80886450000
2024-12-17,801880.SI,6501.11,6572.85,6472.02,6484.51,7404280000,74810540000
2024-12-18,801880.SI,6502.76,6554.14,6494.19,6525.94,5973760000,62299700000
2024-12-19,801880.SI,6457.51,6534.89,6442.30,6514.71,6393500000,63670210000
2024-12-20,801880.SI,6502.19,6545.37,6493.88,6511.85,5620210000,65222010000
2024-12-23,801880.SI,6514.30,6533.72,6387.44,6397.02,6146900000,68205190000
2024-12-24,801880.SI,6413.47,6499.72,6413.21,6499.72,5445640000,64332410000
2024-12-25,801880.SI,6502.34,6508.97,6443.21,6472.50,5560710000,66324380000
2024-12-26,801880.SI,6459.70,6582.13,6453.71,6551.05,5321000000,71637850000
2024-12-27,801880.SI,6567.72,6595.59,6526.24,6556.92,5443130000,69685290000
2024-12-30,801880.SI,6553.50,6563.38,6504.50,6536.38,4793910000,60279850000
2024-12-31,801880.SI,6537.18,6539.68,6411.45,6420.22,4859920000,62036200000
2025-01-02,801880.SI,6405.24,6405.25,6182.35,6225.23,4793210000,65935690000
2025-01-03,801880.SI,6230.57,6231.69,6061.74,6068.60,4642220000,58543600000
2025-01-06,801880.SI,6065.61,6152.67,6019.20,6065.91,4754800000,50587370000
2025-01-07,801880.SI,6072.63,6192.84,6053.11,6192.08,4873120000,52321600000
2025-01-08,801880.SI,6157.98,6238.76,6024.17,6202.76,5931340000,65694070000
2025-01-09,801880.SI,6175.04,6258.98,6173.81,6229.38,4736240000,59487400000
2025-01-10,801880.SI,6216.66,6291.06,6147.90,6147.90,5146840000,68544490000
2025-01-13,801880.SI,6090.76,6192.41,6090.76,6123.18,4240470000,59774020000
2025-01-14,801880.SI,6131.07,6427.46,6131.07,6427.46,6426200000,84430570000
2025-01-15,801880.SI,6415.53,6438.51,6374.95,6387.32,5196250000,68495500000
2025-01-16,801880.SI,6411.02,6485.83,6348.42,6401.29,5913670000,69927300000
2025-01-17,801880.SI,6379.76,6461.69,6358.53,6428.59,4682410000,59167170000
2025-01-20,801880.SI,6486.62,6542.03,6480.74,6501.26,4629780000,65024290000
2025-01-21,801880.SI,6527.78,6564.29,6470.19,6563.60,4661210000,70766480000
2025-01-22,801880.SI,6527.83,6527.93,6460.00,6490.37,4084590000,67960690000
2025-01-23,801880.SI,6545.93,6585.20,6436.09,6436.09,4917430000,72123000000
2025-01-24,801880.SI,6418.91,6553.90,6418.85,6540.70,4497820000,67824400000
2025-01-27,801880.SI,6549.80,6565.41,6473.85,6473.85,4011830000,57208140000
2025-02-05,801880.SI,6516.30,6548.87,6463.46,6513.05,4530600000,68074180000
2025-02-06,801880.SI,6497.77,6773.97,6497.77,6773.51,5772090000,94800400000
2025-02-07,801880.SI,6826.36,6968.20,6772.95,6922.44,7914260000,126068090000
2025-02-10,801880.SI,6958.95,6976.47,6894.23,6972.35,6963300000,102436190000
2025-02-11,801880.SI,7000.61,7002.77,6890.35,6940.31,6559970000,99705630000
2025-02-12,801880.SI,6884.57,7016.94,6842.25,7016.94,6070020000,95236320000
2025-02-13,801880.SI,7009.88,7038.30,6918.37,6921.52,6374370000,94016910000
2025-02-14,801880.SI,6913.97,7060.90,6913.97,7004.64,5950880000,89157950000
2025-02-17,801880.SI,7019.27,7022.52,6953.18,7012.65,5995520000,90082510000
2025-02-18,801880.SI,7010.50,7062.96,6920.62,6944.38,6422280000,90214790000
2025-02-19,801880.SI,6925.63,7112.96,6925.63,7112.76,6426700000,98664790000
2025-02-20,801880.SI,7124.17,7172.14,7067.70,7143.80,6017350000,98160520000
2025-02-21,801880.SI,7151.02,7269.84,7151.02,7265.86,6459070000,107274230000
2025-02-24,801880.SI,7275.50,7347.64,7210.82,7263.38,6777880000,109398400000
2025-02-25,801880.SI,7171.97,7360.40,7170.11,7285.75,7441820000,110890110000
2025-02-26,801880.SI,7289.56,7420.91,7283.01,7351.80,8621680000,124251700000
2025-02-27,801880.SI,7386.35,7426.97,7248.55,7357.42,8798610000,121589970000
2025-02-28,801880.SI,7325.58,7325.59,7051.88,7068.05,7695440000,110997720000
2025-03-03,801880.SI,7108.02,7175.11,7010.78,7046.56,6164390000,88843900000
2025-03-04,801880.SI,6939.13,7100.24,6937.77,7065.82,5732510000,85831280000
2025-03-05,801880.SI,7074.09,7161.66,7065.85,7158.43,5706920000,88010750000
2025-03-06,801880.SI,7207.46,7283.95,7207.45,7258.36,6615860000,108414210000
2025-03-07,801880.SI,7239.65,7343.65,7232.74,7285.56,7180670000,108735480000
2025-03-10,801880.SI,7306.32,7331.52,7209.85,7257.00,6178890000,93554020000
2025-03-11,801880.SI,7147.33,7241.65,7127.84,7233.67,6277100000,97287110000
2025-03-12,801880.SI,7291.79,7335.77,7270.56,7271.15,7057020000,105171750000
2025-03-13,801880.SI,7265.36,7284.63,7079.48,7132.95,6847570000,102235290000
2025-03-14,801880.SI,7128.98,7341.27,7120.69,7340.44,6467920000,104886510000
2025-03-17,801880.SI,7383.59,7421.84,7328.15,7408.70,6677040000,96203670000
2025-03-18,801880.SI,7446.83,7452.38,7374.69,7451.16,6171570000,97886520000
2025-03-19,801880.SI,7465.00,7531.45,7403.36,7501.41,7141060000,111357450000
2025-03-20,801880.SI,7495.96,7618.05,7463.94,7563.63,7363890000,115493640000
2025-03-21,801880.SI,7523.77,7523.77,7259.26,7285.29,7549970000,118861850000
2025-03-24,801880.SI,7285.31,7291.39,7144.18,7249.99,6228200000,91288150000
2025-03-25,801880.SI,7260.14,7268.38,7126.37,7140.02,4824840000,79451500000
2025-03-26,801880.SI,7118.96,7246.94,7118.95,7227.95,4816890000,76079530000
2025-03-27,801880.SI,7204.63,7311.67,7187.65,7242.03,4658070000,75634130000
2025-03-28,801880.SI,7238.82,7280.17,7209.99,7209.99,4530370000,66568420000
2025-03-31,801880.SI,7192.36,7214.02,7088.81,7152.42,5392950000,80685270000
2025-04-01,801880.SI,7165.46,7166.10,7087.63,7088.27,4349680000,70181460000
2025-04-02,801880.SI,7083.90,7143.54,7052.44,7103.69,4508390000,66378780000
2025-04-03,801880.SI,7006.00,7061.84,6938.94,6955.07,4581580000,67768700000
2025-04-07,801880.SI,6474.99,6486.78,6214.92,6256.82,4744210000,71361120000
2025-04-08,801880.SI,6176.37,6252.07,6050.22,6155.05,6942320000,93100460000
2025-04-09,801880.SI,6015.54,6251.98,5829.04,6230.68,6959740000,88452410000
2025-04-10,801880.SI,6424.19,6548.69,6418.14,6430.42,6020710000,86020310000
2025-04-11,801880.SI,6400.10,6619.17,6400.09,6571.58,4632970000,67832270000
2025-04-14,801880.SI,6682.16,6740.36,6653.54,6689.01,4878960000,70215560000
2025-04-15,801880.SI,6726.75,6729.33,6638.44,6680.39,4029690000,58112920000
2025-04-16,801880.SI,6670.81,6670.82,6501.29,6576.61,3943710000,59255370000
2025-04-17,801880.SI,6532.96,6578.37,6516.27,6523.69,3293690000,48917820000
2025-04-18,801880.SI,6503.32,6532.27,6465.69,6519.48,2870750000,39161050000
2025-04-21,801880.SI,6508.28,6647.55,6497.82,6647.43,3442820000,50956870000
2025-04-22,801880.SI,6635.46,6663.60,6619.92,6635.02,3547900000,49310600000
2025-04-23,801880.SI,6767.99,6872.12,6758.16,6848.13,5214310000,82109780000
2025-04-24,801880.SI,6853.10,6886.09,6773.21,6791.95,5119620000,77083600000
2025-04-25,801880.SI,6810.90,6884.22,6788.59,6836.99,4501930000,65837400000
2025-04-28,801880.SI,6803.84,6803.84,6719.60,6728.42,4282240000,60035410000
2025-04-29,801880.SI,6724.60,6792.71,6702.74,6763.99,4314030000,62893160000
2025-04-30,801880.SI,6771.13,6886.91,6760.17,6871.66,5203020000,78852560000
2025-05-06,801880.SI,6937.85,7023.07,6932.96,7023.07,5463850000,83437940000
2025-05-07,801880.SI,7116.62,7118.44,6982.46,7030.20,6421190000,94340060000
2025-05-08,801880.SI,6999.52,7090.95,6999.52,7080.14,6106000000,85957730000
2025-05-09,801880.SI,7075.69,7075.69,6974.34,7011.35,5699650000,82449240000
2025-05-12,801880.SI,7078.95,7145.34,7078.88,7145.34,5607290000,88078230000
2025-05-13,801880.SI,7222.19,7222.19,7102.02,7109.19,5502570000,84634870000
2025-05-14,801880.SI,7098.34,7142.24,7063.75,7112.18,4841700000,74909000000
2025-05-15,801880.SI,7100.01,7111.60,7030.74,7045.52,4791870000,72147700000
2025-05-16,801880.SI,7026.78,7222.27,7026.78,7179.76,6195390000,93092120000
2025-05-19,801880.SI,7190.45,7190.45,7059.98,7156.40,5931440000,87813320000
2025-05-20,801880.SI,7165.44,7235.76,7124.65,7235.76,5964120000,85591330000
2025-05-21,801880.SI,7221.53,7301.63,7199.54,7272.09,5967740000,94734390000
2025-05-22,801880.SI,7248.79,7299.58,7233.46,7238.34,6222400000,88510130000
2025-05-23,801880.SI,7228.18,7420.25,7228.18,7268.98,6397200000,106638180000
2025-05-26,801880.SI,7238.23,7238.23,7109.87,7139.93,4831400000,83866160000
2025-05-27,801880.SI,7118.61,7137.49,7032.83,7065.18,4795960000,76286410000
2025-05-28,801880.SI,7075.52,7101.49,7010.12,7014.38,4977150000,76511010000
2025-05-29,801880.SI,7009.01,7155.69,7009.00,7106.25,6449790000,87216420000
2025-05-30,801880.SI,7077.74,7077.74,6966.15,6970.50,6824500000,85470740000
2025-06-03,801880.SI,6932.99,6966.61,6903.98,6951.40,5594200000,75453830000
2025-06-04,801880.SI,6968.87,6991.76,6966.92,6976.56,4896900000,65897810000
2025-06-05,801880.SI,6989.72,7033.13,6931.94,7026.54,5559700000,76639220000
2025-06-06,801880.SI,7023.22,7023.23,6960.29,6982.39,5077890000,66429330000
2025-06-09,801880.SI,6976.16,7021.88,6966.39,6984.61,5686750000,75520270000
2025-06-10,801880.SI,6993.67,7015.01,6870.97,6937.99,6140180000,79952120000
2025-06-11,801880.SI,6970.60,7081.44,6970.60,7055.74,6010010000,83000790000
2025-06-12,801880.SI,7029.59,7086.29,7004.81,7063.17,5926540000,77896530000
2025-06-13,801880.SI,7020.60,7020.65,6895.79,6923.15,6110090000,81434230000
2025-06-16,801880.SI,6895.14,6910.69,6883.34,6908.22,4160560000,57368860000
2025-06-17,801880.SI,6910.75,6911.26,6853.12,6869.94,4389670000,56662440000
2025-06-18,801880.SI,6858.03,6892.36,6838.32,6890.48,4384640000,58753860000
2025-06-19,801880.SI,6869.87,6902.13,6783.19,6789.47,4427480000,66248440000
2025-06-20,801880.SI,6779.44,6798.94,6744.09,6746.19,3427700000,49182730000
2025-06-23,801880.SI,6699.15,6775.66,6696.50,6766.37,3370760000,48695560000
2025-06-24,801880.SI,6827.92,6960.16,6827.90,6944.22,5662180000,82629120000
2025-06-25,801880.SI,6959.73,7044.36,6959.39,7042.73,6191900000,87154760000
2025-06-26,801880.SI,7025.67,7025.95,6942.72,6945.95,5850760000,85493150000
2025-06-27,801880.SI,6975.77,6975.77,6933.91,6940.78,5638560000,79824940000
2025-06-30,801880.SI,6935.70,6993.93,6932.30,6992.03,5598580000,75116380000
2025-07-01,801880.SI,6996.51,7004.36,6958.88,6989.39,5632500000,75777450000
2025-07-02,801880.SI,6979.67,6979.85,6918.99,6940.26,4653420000,62949820000
2025-07-03,801880.SI,6937.51,6990.39,6937.51,6985.04,4556520000,58553500000
2025-07-04,801880.SI,6971.55,6999.32,6937.59,6947.88,4569700000,61078070000
2025-07-07,801880.SI,6934.06,6946.47,6911.02,6940.12,3791810000,54076330000
2025-07-08,801880.SI,6931.65,6988.39,6919.36,6988.39,4291510000,62962440000
2025-07-09,801880.SI,7005.30,7015.97,6944.03,6951.57,4779030000,71099210000
2025-07-10,801880.SI,6933.11,6933.11,6874.51,6908.67,4123970000,62109790000
2025-07-11,801880.SI,6890.34,6955.88,6887.54,6919.33,4265810000,67490990000
2025-07-14,801880.SI,6921.26,6963.65,6898.38,6952.56,4345030000,71277320000
2025-07-15,801880.SI,6945.62,7001.63,6934.53,6992.59,5354210000,78586550000
2025-07-16,801880.SI,6999.39,7085.65,6999.39,7067.67,5347630000,88036040000
2025-07-17,801880.SI,7070.19,7158.33,7065.44,7158.33,6093070000,100127480000
2025-07-18,801880.SI,7163.69,7163.69,7114.03,7145.99,5054390000,80816490000
2025-07-21,801880.SI,7155.16,7204.63,7147.18,7203.85,5494570000,86393200000
2025-07-22,801880.SI,7193.74,7207.45,7161.28,7207.45,5363520000,84834880000
2025-07-23,801880.SI,7193.73,7213.07,7161.67,7168.06,5026620000,76886230000
2025-07-24,801880.SI,7168.37,7231.23,7168.35,7225.76,4561010000,73680210000
2025-07-25,801880.SI,7212.26,7237.82,7194.51,7219.27,4896180000,78446880000
2025-07-28,801880.SI,7237.76,7257.63,7216.42,7235.51,4754920000,78389260000
2025-07-29,801880.SI,7230.60,7230.63,7168.40,7212.81,4817660000,76295290000
2025-07-30,801880.SI,7178.05,7188.86,7086.60,7121.16,4812810000,80295390000
2025-07-31,801880.SI,7100.02,7111.81,7002.79,7021.49,4737550000,79170840000
2025-08-01,801880.SI,7022.63,7089.87,7009.68,7049.13,4032890000,65076590000
2025-08-04,801880.SI,7009.56,7110.19,7005.10,7110.19,4409930000,74506610000
2025-08-05,801880.SI,7131.11,7193.40,7131.09,7193.40,5824280000,86735410000
2025-08-06,801880.SI,7196.28,7278.93,7175.50,7278.53,6240710000,103803130000
2025-08-07,801880.SI,7284.15,7284.90,7235.05,7267.28,5587160000,93481390000
2025-08-08,801880.SI,7248.90,7262.12,7224.54,7238.17,4915240000,81772870000
2025-08-11,801880.SI,7251.26,7335.25,7251.26,7322.66,5312560000,86910950000
2025-08-12,801880.SI,7324.32,7359.68,7315.16,7350.37,5346120000,91025350000
2025-08-13,801880.SI,7359.04,7452.38,7358.37,7441.12,6479490000,106169810000
2025-08-14,801880.SI,7463.39,7463.39,7325.12,7341.52,7461600000,112598660000
2025-08-15,801880.SI,7328.05,7473.37,7328.05,7461.22,6445370000,109595720000
2025-08-18,801880.SI,7503.24,7608.05,7486.91,7563.00,7783270000,131235510000
2025-08-19,801880.SI,7573.67,7656.20,7486.90,7607.90,7936310000,140866510000
2025-08-20,801880.SI,7592.24,7754.99,7576.19,7754.99,7751250000,129486700000
2025-08-21,801880.SI,7753.10,7776.37,7678.02,7707.98,7187430000,125829810000
2025-08-22,801880.SI,7698.47,7812.21,7698.47,7812.21,6730310000,120122190000
2025-08-25,801880.SI,7838.58,7876.60,7791.12,7867.39,7969680000,140328000000
2025-08-26,801880.SI,7850.59,7942.35,7820.56,7896.71,7274050000,127412630000
2025-08-27,801880.SI,7893.68,7950.57,7719.67,7720.02,8693650000,147907980000
2025-08-28,801880.SI,7699.39,7761.16,7540.73,7743.52,9603020000,133940500000
2025-08-29,801880.SI,7743.12,7922.55,7713.09,7839.33,7974620000,139779030000
2025-09-01,801880.SI,7795.78,7817.42,7778.84,7804.00,7777210000,126506560000
2025-09-02,801880.SI,7795.26,7876.09,7664.31,7833.72,8651710000,140169870000
2025-09-03,801880.SI,7888.77,7892.67,7686.65,7718.88,8248650000,121199830000
2025-09-04,801880.SI,7706.84,7733.56,7462.41,7558.00,7947720000,115222450000
2025-09-05,801880.SI,7555.77,7739.40,7543.18,7739.40,6601100000,108262110000
2025-09-08,801880.SI,7755.82,7858.20,7751.77,7834.83,6950140000,117936300000
2025-09-09,801880.SI,7811.09,7907.31,7809.09,7848.17,7489070000,116168350000
2025-09-10,801880.SI,7829.45,7923.27,7810.93,7822.61,7786900000,108685200000
2025-09-11,801880.SI,7806.10,7929.43,7761.12,7929.43,7252720000,114274680000
2025-09-12,801880.SI,7932.16,7972.41,7872.25,7874.22,8327450000,113685580000
2025-09-15,801880.SI,7895.38,8044.32,7895.38,7987.65,8294490000,131818340000
2025-09-16,801880.SI,8028.60,8132.65,8010.57,8132.65,10516910000,149655270000
2025-09-17,801880.SI,8155.54,8303.32,8155.54,8299.02,8390400000,148283430000
2025-09-18,801880.SI,8347.42,8459.51,8161.20,8266.57,11471070000,200074930000
2025-09-19,801880.SI,8234.73,8234.73,8068.45,8106.53,10432420000,151212820000
2025-09-22,801880.SI,8115.28,8184.13,8102.38,8171.23,7902200000,127331810000
2025-09-23,801880.SI,8163.53,8188.36,8018.52,8138.61,10485280000,149705570000
2025-09-24,801880.SI,8080.40,8167.58,8039.10,8167.58,8446420000,129295710000
2025-09-25,801880.SI,8160.26,8189.01,8112.38,8152.34,7835360000,128198840000
2025-09-26,801880.SI,8131.93,8270.30,8104.17,8106.63,7824500000,133217350000
2025-09-29,801880.SI,8112.91,8208.11,8065.43,8204.57,6487720000,115081500000
2025-09-30,801880.SI,8218.24,8264.55,8195.08,8244.77,7130730000,114913080000
2025-10-09,801880.SI,8234.72,8234.72,8155.32,8212.80,7475390000,128824130000
2025-10-10,801880.SI,8214.14,8294.27,8124.20,8141.23,8702400000,129736500000
2025-10-13,801880.SI,7811.70,7967.56,7811.70,7951.33,7844460000,119245690000
2025-10-14,801880.SI,8016.90,8064.48,7786.04,7805.12,7139590000,114119640000
2025-10-15,801880.SI,7837.57,7994.73,7774.16,7990.00,8033160000,113738620000
2025-10-16,801880.SI,7963.49,8033.17,7911.71,7935.26,7436830000,103692260000
2025-10-17,801880.SI,7900.37,7900.37,7649.62,7653.53,7124450000,100053280000
2025-10-20,801880.SI,7743.86,7784.12,7695.58,7735.61,5847810000,82494220000
2025-10-21,801880.SI,7761.47,7831.98,7732.07,7831.04,5818330000,83353080000
2025-10-22,801880.SI,7797.01,7857.98,7783.23,7790.56,5516980000,77687230000
2025-10-23,801880.SI,7756.45,7793.66,7680.71,7785.30,5249820000,75969470000
2025-10-24,801880.SI,7805.62,7888.80,7805.62,7877.13,5368170000,83179590000
2025-10-27,801880.SI,7922.30,7948.19,7875.74,7929.37,6029610000,96292580000
2025-10-28,801880.SI,7926.64,7956.22,7886.83,7925.57,6194930000,97401080000
2025-10-29,801880.SI,7913.25,7984.90,7906.89,7984.90,6468970000,97681210000
2025-10-30,801880.SI,7990.18,7990.18,7886.16,7904.75,7533800000,106040980000
2025-10-31,801880.SI,7871.27,8012.20,7871.27,7949.25,6711060000,108297150000
2025-11-03,801880.SI,7972.13,7972.13,7857.03,7920.77,6708810000,97468470000
2025-11-04,801880.SI,7910.15,7913.42,7769.36,7807.04,5891230000,91349080000
2025-11-05,801880.SI,7712.25,7821.37,7707.58,7803.66,5382930000,81745070000
2025-11-06,801880.SI,7842.76,7942.97,7836.98,7942.91,6145250000,98731620000
2025-11-07,801880.SI,7916.58,7916.58,7849.19,7850.78,6048950000,101719280000
2025-11-10,801880.SI,7855.54,7855.60,7779.91,7814.23,5656500000,91108970000
2025-11-11,801880.SI,7832.02,7832.02,7755.72,7780.44,5639520000,84379650000
2025-11-12,801880.SI,7763.85,7763.85,7681.59,7717.61,5204300000,77736090000
2025-11-13,801880.SI,7701.24,7795.19,7677.68,7776.73,5223510000,74840480000
2025-11-14,801880.SI,7720.21,7764.48,7684.80,7684.80,5247250000,73935990000
2025-11-17,801880.SI,7660.23,7713.49,7649.14,7682.57,5283450000,73693940000
2025-11-18,801880.SI,7665.14,7672.93,7571.99,7593.12,5262930000,67399200000
2025-11-19,801880.SI,7589.03,7613.63,7519.92,7540.89,4479850000,62738940000
2025-11-20,801880.SI,7565.28,7576.34,7447.94,7449.47,4045540000,58475930000
2025-11-21,801880.SI,7373.78,7409.67,7283.89,7308.64,5206620000,75871430000
2025-11-24,801880.SI,7341.60,7406.76,7290.00,7378.00,4151810000,61970550000
2025-11-25,801880.SI,7417.00,7490.60,7417.00,7424.23,4391920000,65850350000
2025-11-26,801880.SI,7424.45,7503.81,7422.86,7463.69,4270790000,64213160000
2025-11-27,801880.SI,7455.07,7512.05,7452.08,7455.32,4024370000,60321410000
2025-11-28,801880.SI,7464.48,7545.76,7414.98,7545.76,4131660000,62354980000
2025-12-01,801880.SI,7559.28,7632.33,7559.28,7632.33,5879620000,80221450000
2025-12-02,801880.SI,7627.10,7627.10,7566.52,7590.77,4921440000,65456770000
2025-12-03,801880.SI,7595.16,7595.16,7518.24,7534.41,4753790000,64533280000
2025-12-04,801880.SI,7581.34,7601.95,7503.24,7555.63,4610630000,71358910000
2025-12-05,801880.SI,7541.59,7649.89,7524.79,7649.89,4403940000,68116120000
2025-12-08,801880.SI,7662.81,7684.93,7616.26,7676.45,4858130000,77516600000
2025-12-09,801880.SI,7651.02,7695.76,7626.36,7631.73,4488150000,74523880000
2025-12-10,801880.SI,7615.75,7706.20,7597.51,7700.71,5034360000,74623210000
2025-12-11,801880.SI,7722.25,7736.69,7629.02,7629.02,5245270000,80489820000
2025-12-12,801880.SI,7621.45,7684.78,7584.55,7662.00,4940340000,84890980000
2025-12-15,801880.SI,7613.56,7657.60,7584.80,7585.29,4206770000,68517040000
2025-12-16,801880.SI,7638.74,7638.74,7505.90,7534.08,5477830000,83337740000
2025-12-17,801880.SI,7526.47,7608.31,7490.81,7591.81,5442350000,79293470000
2025-12-18,801880.SI,7543.43,7615.55,7521.56,7542.90,4734840000,74055440000
2025-12-19,801880.SI,7551.38,7701.84,7551.31,7654.14,6244070000,90541500000
2025-12-22,801880.SI,7701.64,7752.68,7701.64,7722.06,6194460000,93122660000
2025-12-23,801880.SI,7714.00,7714.00,7627.77,7648.57,7231390000,92248680000
2025-12-24,801880.SI,7645.90,7716.77,7645.88,7707.51,5636190000,83567840000
2025-12-25,801880.SI,7708.80,7830.84,7701.71,7820.40,5686380000,96733090000
2025-12-26,801880.SI,7822.59,7923.39,7808.86,7863.75,6889240000,112483540000
2025-12-29,801880.SI,7868.27,7941.01,7858.27,7895.96,6212140000,104364430000
2025-12-30,801880.SI,7852.17,8025.30,7847.53,8002.57,6661730000,115625660000
2025-12-31,801880.SI,8031.12,8031.12,7947.26,7976.90,7575010000,116767420000
2026-01-05,801880.SI,7974.90,8022.89,7974.90,8020.24,6794770000,111994460000
2026-01-06,801880.SI,8021.89,8134.83,8021.89,8134.83,7653120000,130277820000
2026-01-07,801880.SI,8108.76,8148.82,8071.58,8108.56,8481360000,134917630000
2026-01-08,801880.SI,8079.47,8124.63,8053.81,8095.85,7505320000,120247240000
2026-01-09,801880.SI,8107.57,8191.39,8107.57,8179.11,7704930000,131205650000
2026-01-12,801880.SI,8196.10,8237.98,8126.93,8229.14,8688850000,146214360000
2026-01-13,801880.SI,8243.82,8253.06,8096.20,8120.94,8978620000,144811140000
2026-01-14,801880.SI,8106.48,8197.20,8013.05,8088.22,9566990000,150372810000
2026-01-15,801880.SI,8063.69,8149.68,8053.16,8082.79,7339810000,110915510000
2026-01-16,801880.SI,8125.31,8242.78,8125.30,8219.31,7570060000,133678290000
2026-01-19,801880.SI,8241.82,8377.63,8241.82,8358.96,7121830000,132462000000
2026-01-20,801880.SI,8352.83,8387.30,8237.17,8276.85,7018900000,122202210000
2026-01-21,801880.SI,8237.55,8368.54,8232.48,8353.52,6731390000,115409950000
2026-01-22,801880.SI,8370.89,8390.47,8309.24,8325.81,6889440000,111901550000
2026-01-23,801880.SI,8346.20,8429.42,8334.55,8425.62,7355420000,133174820000
2026-01-26,801880.SI,8444.56,8452.54,8217.22,8231.29,7733690000,133967370000
2026-01-27,801880.SI,8220.42,8269.74,8127.82,8233.62,6049360000,104378020000
2026-01-28,801880.SI,8228.87,8228.87,8094.50,8143.98,5823540000,104388250000
2026-01-29,801880.SI,8124.23,8124.23,8007.53,8029.34,5804490000,103350300000
2026-01-30,801880.SI,8010.05,8033.97,7879.05,7997.50,5710270000,95246180000
2026-02-02,801880.SI,7936.40,7959.13,7799.03,7799.83,5440260000,92831430000
2026-02-03,801880.SI,7866.94,7980.20,7832.56,7980.20,5045290000,85672540000
2026-02-04,801880.SI,7975.26,8082.57,7974.36,8079.86,5979800000,92058330000
2026-02-05,801880.SI,8060.86,8065.09,8001.23,8030.63,4823440000,75618120000
2026-02-06,801880.SI,7976.33,8104.71,7946.88,8023.01,4749770000,80755860000
2026-02-09,801880.SI,8114.47,8124.01,8064.42,8115.20,4263550000,77624470000
2026-02-10,801880.SI,8123.12,8154.34,8103.53,8136.67,4123010000,75952840000
2026-02-11,801880.SI,8135.70,8179.78,8134.14,8138.23,3964420000,76406520000
2026-02-12,801880.SI,8150.89,8225.36,8146.71,8187.70,4388720000,82215990000
2026-02-13,801880.SI,8152.30,8210.01,8143.17,8148.05,4308530000,74667660000
2026-02-24,801880.SI,8254.54,8262.59,8187.54,8258.50,5381930000,88876520000
2026-02-25,801880.SI,8260.09,8310.46,8241.37,8263.16,5384060000,85025100000
2026-02-26,801880.SI,8258.04,8258.56,8204.52,8246.26,5009690000,86644340000
2026-02-27,801880.SI,8192.65,8235.35,8180.70,8212.25,4383760000,77108750000
2026-03-02,801880.SI,8085.12,8198.07,8072.77,8150.66,5781630000,106702090000
2026-03-03,801880.SI,8156.35,8185.28,7875.73,7879.01,5959030000,104342400000
2026-03-04,801880.SI,7798.10,7901.98,7771.34,7818.88,4190740000,73446160000
2026-03-05,801880.SI,7937.39,7959.82,7869.32,7911.13,3986920000,70745150000
2026-03-06,801880.SI,7910.06,8003.63,7887.77,7985.60,3917330000,69731100000
2026-03-09,801880.SI,7843.32,7887.25,7705.44,7858.92,4680340000,84987900000
2026-03-10,801880.SI,7931.93,8021.69,7931.87,8018.57,3788590000,71596890000
2026-03-11,801880.SI,8023.48,8059.50,7988.93,8015.47,4163310000,79898900000
2026-03-12,801880.SI,8000.26,8000.26,7889.72,7917.48,4010320000,70063330000
2026-03-13,801880.SI,7879.20,7939.64,7819.71,7833.65,3855110000,66914250000
2026-03-16,801880.SI,7819.59,7866.33,7728.01,7866.33,3781510000,72090830000
2026-03-17,801880.SI,7900.77,7968.58,7790.55,7790.55,4931890000,76518810000
2026-03-18,801880.SI,7796.87,7812.01,7702.33,7806.79,4045720000,65629710000
2026-03-19,801880.SI,7705.91,7726.53,7594.60,7618.20,3708220000,63578120000
2026-03-20,801880.SI,7641.82,7660.09,7488.36,7488.87,3984670000,65570910000
2026-03-23,801880.SI,7398.31,7511.03,7229.53,7267.04,5403700000,96304400000
2026-03-24,801880.SI,7384.44,7384.44,7231.68,7383.22,4292620000,73012640000
2026-03-25,801880.SI,7431.15,7528.14,7431.14,7517.49,3988630000,69348020000
2026-03-26,801880.SI,7523.99,7539.26,7385.39,7397.16,3898500000,66121170000
2026-03-27,801880.SI,7293.92,7483.27,7293.92,7456.45,3514730000,61281600000
2026-03-30,801880.SI,7358.51,7496.53,7358.51,7485.84,3702270000,66013770000
2026-03-31,801880.SI,7507.30,7590.07,7469.20,7469.20,4198840000,71989910000
2026-04-01,801880.SI,7584.72,7603.01,7547.35,7585.26,4070740000,74713830000
2026-04-02,801880.SI,7567.73,7576.28,7446.93,7487.73,3768380000,63978260000
2026-04-03,801880.SI,7511.29,7511.29,7364.33,7372.19,3320210000,55165510000
2026-04-07,801880.SI,7379.15,7387.10,7303.89,7339.77,3102140000,51233770000
2026-04-08,801880.SI,7491.49,7636.67,7491.49,7636.67,4511050000,78209900000
2026-04-09,801880.SI,7569.08,7633.71,7555.40,7601.38,3764560000,66934610000
2026-04-10,801880.SI,7651.02,7764.67,7651.02,7722.46,4404650000,78160690000
2026-04-13,801880.SI,7669.93,7745.08,7669.93,7734.18,4448070000,76850030000
2026-04-14,801880.SI,7786.57,7786.57,7692.32,7755.63,4519630000,79534110000
2026-04-15,801880.SI,7799.89,7824.75,7733.38,7747.04,4226930000,77879730000
2026-04-16,801880.SI,7791.26,7879.33,7791.26,7871.55,4396310000,83957980000
2026-04-17,801880.SI,7842.92,7851.05,7782.34,7843.38,4267700000,76269670000
2026-04-20,801880.SI,7844.54,7887.38,7810.91,7845.33,4618610000,81317360000
2026-04-21,801880.SI,7826.49,7840.18,7784.25,7836.13,4279580000,81747570000
2026-04-22,801880.SI,7791.81,7889.02,7787.26,7888.77,4600800000,81223280000
2026-04-23,801880.SI,7905.33,7909.59,7778.24,7832.76,5385930000,95322260000
2026-04-24,801880.SI,7804.34,7804.34,7716.33,7752.30,4328870000,76573170000
2026-04-27,801880.SI,7748.95,7843.41,7748.95,7818.42,4739150000,84333300000
2026-04-28,801880.SI,7784.43,7785.92,7683.67,7704.85,4448040000,78065810000
2026-04-29,801880.SI,7678.35,7800.17,7678.35,7785.59,4381170000,80350390000
2026-04-30,801880.SI,7790.77,7840.37,7788.01,7797.16,5027970000,87807370000
2026-05-06,801880.SI,7871.93,7936.42,7871.93,7911.81,5341150000,99721780000
2026-05-07,801880.SI,7959.26,8040.48,7922.00,8039.84,5400980000,100621760000
2026-05-08,801880.SI,8012.75,8108.97,7997.95,8095.88,5532330000,115304480000
2026-05-11,801880.SI,8117.26,8117.86,8063.59,8097.10,5773560000,111722150000
2026-05-12,801880.SI,8097.60,8097.60,7989.65,8021.50,5979410000,99572400000
2026-05-13,801880.SI,7976.37,8070.47,7948.35,8067.89,5413020000,95300890000
2026-05-14,801880.SI,8105.17,8105.20,7923.73,7923.73,5985850000,99323050000
2026-05-15,801880.SI,7919.21,8064.91,7864.53,7943.57,6336960000,116088870000
2026-05-18,801880.SI,7885.57,7902.56,7827.49,7875.24,5582940000,105246320000
2026-05-19,801880.SI,7885.18,7921.83,7819.16,7914.60,4742580000,90962410000
2026-05-20,801880.SI,7881.18,7881.19,7749.92,7813.95,4813610000,89418810000
2026-05-21,801880.SI,7843.92,8025.47,7820.40,7828.90,6386910000,133757470000
2026-05-22,801880.SI,7854.80,7922.79,7800.79,7909.70,5267220000,105765080000
2026-05-25,801880.SI,7935.39,7951.90,7854.14,7909.23,5180460000,102970850000
2026-05-26,801880.SI,7888.91,7931.49,7772.94,7857.35,5554340000,107692760000
2026-05-27,801880.SI,7817.30,7854.67,7623.25,7658.76,5032540000,96007050000
2026-05-28,801880.SI,7632.43,7644.32,7516.06,7620.64,4625380000,88114220000
2026-05-29,801880.SI,7669.68,7669.68,7434.31,7451.52,4896500000,92180510000
2026-06-01,801880.SI,7439.53,7500.21,7387.63,7403.24,4264410000,77100600000
2026-06-02,801880.SI,7430.65,7442.11,7318.47,7425.30,4525230000,83619680000
2026-06-03,801880.SI,7419.69,7471.41,7342.30,7385.57,4634790000,84744590000
2026-06-04,801880.SI,7339.11,7451.74,7339.11,7374.03,4293760000,83004140000
2026-06-05,801880.SI,7376.75,7441.22,7260.16,7321.55,4852490000,92138460000
2026-06-08,801880.SI,7125.83,7296.66,7116.12,7190.75,4840200000,90524560000
2026-06-09,801880.SI,7236.78,7236.78,7121.05,7234.61,4172690000,76687540000
2026-06-10,801880.SI,7158.26,7158.26,6976.75,7024.03,4597660000,78591680000
2026-06-11,801880.SI,6966.54,6973.09,6851.87,6910.18,4074440000,69370170000
2026-06-12,801880.SI,6994.02,7051.38,6950.27,6983.07,4642750000,80275710000
2026-06-15,801880.SI,7028.11,7144.47,7028.03,7143.34,4540410000,78381720000
2026-06-16,801880.SI,7128.91,7129.01,7054.39,7070.19,4525960000,78623420000
2026-06-17,801880.SI,7040.11,7062.40,6987.42,7019.44,4308070000,74099670000
2026-06-18,801880.SI,7005.50,7079.26,6993.69,7030.27,4421670000,82233630000
2026-06-22,801880.SI,7033.64,7033.64,6804.00,6965.62,5214120000,95886750000
2026-06-23,801880.SI,6951.12,6989.54,6838.74,6862.22,4412580000,77203810000
2026-06-24,801880.SI,6860.34,6860.45,6749.07,6791.20,4225230000,73770640000
2026-06-25,801880.SI,6777.45,6800.11,6670.62,6693.70,4562240000,80573070000
2026-06-26,801880.SI,6677.73,6677.77,6485.19,6486.14,4435760000,78059180000
2026-06-29,801880.SI,6468.01,6472.87,6356.15,6456.89,4662830000,80913640000
2026-06-30,801880.SI,6462.76,6566.10,6462.59,6555.18,3942110000,71860820000
2026-07-01,801880.SI,6572.65,6686.58,6572.65,6632.97,4289510000,78700390000
2026-07-02,801880.SI,6627.60,6779.29,6627.59,6649.52,4746700000,88157090000
2026-07-03,801880.SI,6671.09,6977.53,6671.09,6944.37,5945670000,113399720000
2026-07-06,801880.SI,6964.99,7032.60,6912.59,6913.52,5230850000,104258020000
2026-07-07,801880.SI,6910.74,6973.66,6745.35,6768.88,4113720000,76775630000
2026-07-08,801880.SI,6742.93,6742.96,6574.18,6574.60,3716430000,68204190000
2026-07-09,801880.SI,6560.94,6582.82,6439.88,6576.74,3884710000,65514400000
2026-07-10,801880.SI,6586.80,6752.35,6586.80,6654.49,4603840000,81853330000
2026-07-13,801880.SI,6595.41,6595.41,6359.88,6372.16,4218390000,70647430000
2026-07-14,801880.SI,6349.46,6466.78,6297.16,6466.78,3736410000,59801040000
2026-07-15,801880.SI,6462.00,6546.14,6440.12,6491.09,3851650000,61573210000
2026-07-16,801880.SI,6450.94,6577.47,6432.28,6497.18,3685370000,60615300000
2026-07-17,801880.SI,6492.65,6507.50,6184.97,6228.12,4390634600,69887814600
