trade_date,wind_code,open,high,low,close,volume,amt
2014-01-02,801750.SI,2395.14,2470.26,2365.89,2442.39,617297530,9587190735
2014-01-03,801750.SI,2435.82,2502.95,2403.63,2468.34,715718750,11574838205
2014-01-06,801750.SI,2465.16,2495.05,2375.05,2402.11,768460646,11286984951
2014-01-07,801750.SI,2383.76,2447.88,2351.45,2418.80,623461348,9156544298
2014-01-08,801750.SI,2422.50,2510.29,2390.74,2466.13,857780277,13714721893
2014-01-09,801750.SI,2458.21,2532.18,2399.26,2431.00,913377646,14262471450
2014-01-10,801750.SI,2418.49,2465.74,2343.06,2381.72,700308459,10177772831
2014-01-13,801750.SI,2379.82,2426.66,2320.45,2364.36,572202092,8771512573
2014-01-14,801750.SI,2365.98,2447.23,2333.17,2427.92,700729628,10651741948
2014-01-15,801750.SI,2428.60,2512.44,2402.69,2477.84,801366968,12293503766
2014-01-16,801750.SI,2479.38,2525.75,2421.01,2451.55,673538588,10808098469
2014-01-17,801750.SI,2443.21,2509.10,2407.51,2450.74,687497317,10738949582
2014-01-20,801750.SI,2452.25,2507.10,2386.71,2442.87,716504952,11884312160
2014-01-21,801750.SI,2436.30,2528.29,2411.03,2495.91,807300732,12772824265
2014-01-22,801750.SI,2501.12,2595.60,2473.80,2551.94,1028615663,16537665086
2014-01-23,801750.SI,2551.69,2661.05,2527.09,2621.71,1094257928,18753976384
2014-01-24,801750.SI,2623.45,2717.87,2591.96,2667.35,1064117113,18440339060
2014-01-27,801750.SI,2652.75,2754.25,2595.55,2676.82,1169377736,20447230626
2014-01-28,801750.SI,2676.51,2729.70,2589.22,2649.61,880009042,15230854244
2014-01-29,801750.SI,2650.61,2770.80,2620.55,2737.84,991246768,17266423373
2014-01-30,801750.SI,2728.59,2804.57,2680.11,2736.17,810576961,14107484583
2014-02-07,801750.SI,2716.31,2832.36,2679.13,2800.97,938142821,15289275754
2014-02-10,801750.SI,2803.98,2902.82,2758.84,2850.89,1291747093,21572187458
2014-02-11,801750.SI,2849.53,2900.65,2736.09,2795.36,1271682445,22285670159
2014-02-12,801750.SI,2789.86,2859.67,2727.33,2818.65,1048640123,18449317964
2014-02-13,801750.SI,2800.95,2863.56,2700.90,2734.09,1065486350,18000949045
2014-02-14,801750.SI,2724.96,2807.12,2681.53,2779.13,867820857,15540175172
2014-02-17,801750.SI,2782.68,2901.09,2754.59,2870.40,1121904969,19839012401
2014-02-18,801750.SI,2865.38,2938.19,2806.01,2868.90,1085131056,19626033760
2014-02-19,801750.SI,2856.81,2939.95,2795.41,2874.83,1145967631,18414305341
2014-02-20,801750.SI,2824.41,2824.41,2824.41,2824.41,1018081831,16816448655
2014-02-21,801750.SI,2819.89,2880.18,2816.20,2851.45,843970000,16696130000
2014-02-24,801750.SI,2839.54,2890.71,2817.78,2890.59,860390000,18214990000
2014-02-25,801750.SI,2903.82,2948.65,2751.18,2779.35,1540900000,31433700000
2014-02-26,801750.SI,2743.00,2783.95,2675.43,2783.58,1018010000,19933030000
2014-02-27,801750.SI,2798.07,2855.47,2747.24,2752.81,1062810000,21733690000
2014-02-28,801750.SI,2784.05,2793.80,2713.16,2783.94,1000670000,20404110000
2014-03-03,801750.SI,2808.50,2856.98,2802.36,2856.98,967770000,19439540000
2014-03-04,801750.SI,2839.89,2846.03,2788.18,2825.40,884040000,17508240000
2014-03-05,801750.SI,2831.32,2840.71,2811.65,2823.72,777840000,14965550000
2014-03-06,801750.SI,2815.65,2817.18,2761.35,2800.77,757560000,15671350000
2014-03-07,801750.SI,2797.72,2807.37,2758.59,2771.20,707920000,14048080000
2014-03-10,801750.SI,2754.41,2754.48,2663.36,2669.61,775180000,14372420000
2014-03-11,801750.SI,2656.02,2682.64,2617.96,2646.34,717290000,13760590000
2014-03-12,801750.SI,2636.26,2658.86,2568.47,2612.87,634670000,12394320000
2014-03-13,801750.SI,2610.98,2665.70,2610.74,2665.39,551760000,11035130000
2014-03-14,801750.SI,2652.22,2690.70,2644.55,2668.88,595330000,12235110000
2014-03-17,801750.SI,2667.63,2734.47,2662.88,2734.47,670730000,13464780000
2014-03-18,801750.SI,2738.19,2786.92,2738.10,2765.51,780680000,16500960000
2014-03-19,801750.SI,2760.25,2760.86,2715.39,2739.35,667770000,13466730000
2014-03-20,801750.SI,2731.72,2748.41,2640.66,2640.66,748790000,14130910000
2014-03-21,801750.SI,2621.72,2695.26,2580.83,2687.57,708270000,13350020000
2014-03-24,801750.SI,2681.69,2683.50,2640.93,2648.49,626220000,12066040000
2014-03-25,801750.SI,2637.11,2662.20,2621.08,2640.58,606480000,10843620000
2014-03-26,801750.SI,2640.12,2667.50,2639.51,2659.75,555160000,10570930000
2014-03-27,801750.SI,2654.06,2655.07,2584.03,2584.03,639160000,11984550000
2014-03-28,801750.SI,2571.21,2574.05,2492.01,2500.49,661040000,11484590000
2014-03-31,801750.SI,2499.84,2516.19,2476.09,2498.50,487960000,8635350000
2014-04-01,801750.SI,2494.15,2552.73,2493.58,2552.19,412420000,7556270000
2014-04-02,801750.SI,2552.05,2559.02,2502.03,2518.21,421860000,8002010000
2014-04-03,801750.SI,2519.73,2562.67,2518.03,2531.88,452860000,8336300000
2014-04-04,801750.SI,2524.71,2571.75,2518.20,2571.33,458240000,7675420000
2014-04-08,801750.SI,2560.50,2589.49,2549.25,2586.73,477950000,8252930000
2014-04-09,801750.SI,2602.78,2634.97,2602.21,2631.24,526960000,9696810000
2014-04-10,801750.SI,2646.00,2677.62,2643.20,2654.93,685200000,12713880000
2014-04-11,801750.SI,2637.58,2638.55,2603.72,2619.04,669710000,11052030000
2014-04-14,801750.SI,2620.93,2628.63,2609.10,2622.53,551630000,10214850000
2014-04-15,801750.SI,2619.84,2632.88,2610.52,2616.44,608670000,10291140000
2014-04-16,801750.SI,2608.91,2622.50,2597.52,2605.21,477850000,8331860000
2014-04-17,801750.SI,2608.34,2626.40,2607.70,2609.86,538220000,8379300000
2014-04-18,801750.SI,2599.32,2619.67,2591.95,2618.86,526870000,8421390000
2014-04-21,801750.SI,2603.27,2633.09,2589.75,2591.03,583030000,10478060000
2014-04-22,801750.SI,2587.75,2601.02,2518.58,2559.87,551770000,9702470000
2014-04-23,801750.SI,2554.95,2566.97,2523.37,2535.81,435050000,7295130000
2014-04-24,801750.SI,2530.91,2532.59,2491.99,2500.88,467570000,7986900000
2014-04-25,801750.SI,2495.85,2498.30,2447.47,2448.59,466930000,7521370000
2014-04-28,801750.SI,2435.40,2438.62,2374.98,2375.55,494300000,7909940000
2014-04-29,801750.SI,2366.51,2396.99,2365.89,2396.59,401960000,6408760000
2014-04-30,801750.SI,2391.06,2423.52,2388.30,2421.14,412930000,6475330000
2014-05-05,801750.SI,2417.20,2455.18,2409.43,2455.18,419630000,6701180000
2014-05-06,801750.SI,2454.64,2498.19,2451.73,2482.56,499290000,8570630000
2014-05-07,801750.SI,2473.09,2476.93,2427.00,2427.00,447730000,7511510000
2014-05-08,801750.SI,2415.64,2452.11,2411.72,2413.47,404920000,6799650000
2014-05-09,801750.SI,2413.08,2415.27,2354.24,2371.90,408590000,6507000000
2014-05-12,801750.SI,2390.79,2426.46,2377.09,2426.18,451480000,7129690000
2014-05-13,801750.SI,2426.56,2442.91,2415.16,2426.95,409940000,6547000000
2014-05-14,801750.SI,2424.23,2435.09,2419.00,2431.40,329350000,5442970000
2014-05-15,801750.SI,2427.96,2434.09,2383.05,2384.65,418430000,6877640000
2014-05-16,801750.SI,2381.82,2382.74,2330.07,2361.91,409310000,6576330000
2014-05-19,801750.SI,2355.31,2361.23,2336.24,2353.10,318780000,4903690000
2014-05-20,801750.SI,2373.82,2408.50,2372.33,2396.93,538620000,8848960000
2014-05-21,801750.SI,2389.76,2433.32,2378.26,2433.32,586380000,8983500000
2014-05-22,801750.SI,2440.41,2470.02,2436.14,2449.47,751340000,11954780000
2014-05-23,801750.SI,2448.42,2523.64,2439.54,2523.30,1040480000,16244290000
2014-05-26,801750.SI,2531.59,2550.58,2527.39,2545.18,986670000,16625140000
2014-05-27,801750.SI,2540.46,2558.48,2530.89,2534.49,879540000,14678140000
2014-05-28,801750.SI,2536.86,2641.39,2533.93,2637.01,1419540000,22433320000
2014-05-29,801750.SI,2641.47,2645.98,2601.05,2620.08,1359190000,22646950000
2014-05-30,801750.SI,2607.59,2645.25,2588.10,2632.21,1194810000,19547640000
2014-06-03,801750.SI,2632.01,2638.43,2612.74,2613.14,945510000,15726500000
2014-06-04,801750.SI,2612.59,2614.51,2577.20,2606.17,902130000,14504680000
2014-06-05,801750.SI,2593.52,2644.10,2582.41,2644.10,950250000,13927190000
2014-06-06,801750.SI,2647.29,2662.86,2615.03,2627.20,886050000,13976830000
2014-06-09,801750.SI,2615.53,2617.18,2576.05,2576.43,775880000,12541620000
2014-06-10,801750.SI,2578.17,2648.40,2575.78,2646.92,1086770000,17256020000
2014-06-11,801750.SI,2641.89,2668.79,2638.53,2654.47,1144830000,18157150000
2014-06-12,801750.SI,2645.09,2681.21,2637.97,2674.07,1022540000,16711680000
2014-06-13,801750.SI,2665.23,2723.10,2657.12,2703.97,1214550000,20415650000
2014-06-16,801750.SI,2702.85,2741.09,2701.97,2734.70,1173270000,20050950000
2014-06-17,801750.SI,2735.18,2744.05,2725.00,2729.20,1290970000,20045120000
2014-06-18,801750.SI,2726.73,2733.69,2703.16,2705.96,1173990000,19229210000
2014-06-19,801750.SI,2695.50,2700.94,2570.55,2589.82,1148150000,18303290000
2014-06-20,801750.SI,2584.35,2630.69,2579.93,2629.92,775990000,12697000000
2014-06-23,801750.SI,2632.32,2682.82,2631.34,2668.99,798600000,13663250000
2014-06-24,801750.SI,2665.26,2692.62,2662.86,2685.80,890990000,15665840000
2014-06-25,801750.SI,2683.32,2683.68,2643.78,2652.80,775940000,13586170000
2014-06-26,801750.SI,2656.21,2712.36,2656.15,2710.17,1047950000,18439940000
2014-06-27,801750.SI,2705.78,2743.74,2699.87,2721.49,1097370000,19336700000
2014-06-30,801750.SI,2725.70,2762.56,2708.91,2762.56,1042920000,19169200000
2014-07-01,801750.SI,2766.70,2799.07,2758.62,2797.99,1160410000,20001130000
2014-07-02,801750.SI,2799.64,2811.28,2767.04,2799.98,1064140000,19156300000
2014-07-03,801750.SI,2794.26,2802.47,2780.92,2794.22,1010760000,17722290000
2014-07-04,801750.SI,2792.99,2805.46,2784.72,2792.87,961560000,17509130000
2014-07-07,801750.SI,2792.32,2792.37,2761.03,2779.05,852490000,15837520000
2014-07-08,801750.SI,2778.59,2817.20,2769.19,2817.20,1042960000,19207940000
2014-07-09,801750.SI,2806.50,2813.07,2750.24,2750.99,1136150000,20718090000
2014-07-10,801750.SI,2744.56,2757.49,2701.69,2708.56,929610000,16617320000
2014-07-11,801750.SI,2707.77,2731.95,2700.76,2716.85,852370000,15271790000
2014-07-14,801750.SI,2721.28,2738.44,2694.53,2738.44,978410000,17555750000
2014-07-15,801750.SI,2734.50,2734.65,2691.91,2710.09,1100000000,18056270000
2014-07-16,801750.SI,2704.80,2710.14,2655.39,2670.03,866770000,14701490000
2014-07-17,801750.SI,2665.54,2670.15,2629.86,2649.17,717040000,12127450000
2014-07-18,801750.SI,2639.54,2663.92,2632.31,2639.88,597780000,9445960000
2014-07-21,801750.SI,2641.62,2652.57,2617.00,2649.95,621570000,10483340000
2014-07-22,801750.SI,2645.20,2679.47,2645.20,2679.46,632920000,10399190000
2014-07-23,801750.SI,2681.27,2681.27,2617.74,2631.25,719870000,12489880000
2014-07-24,801750.SI,2627.72,2628.49,2557.27,2603.03,752170000,12737290000
2014-07-25,801750.SI,2599.02,2635.76,2598.22,2635.65,664890000,11305010000
2014-07-28,801750.SI,2646.27,2689.02,2639.30,2685.48,865550000,14155920000
2014-07-29,801750.SI,2694.13,2740.14,2694.12,2730.34,987080000,16877270000
2014-07-30,801750.SI,2727.68,2771.81,2722.96,2770.82,1077300000,18993240000
2014-07-31,801750.SI,2763.69,2767.87,2750.99,2767.87,839890000,13901490000
2014-08-01,801750.SI,2756.72,2770.80,2720.65,2727.43,979520000,14726330000
2014-08-04,801750.SI,2736.36,2752.33,2734.45,2752.33,737690000,11952260000
2014-08-05,801750.SI,2753.23,2787.86,2733.48,2787.86,935100000,15380410000
2014-08-06,801750.SI,2780.46,2801.88,2773.42,2801.84,886470000,13780280000
2014-08-07,801750.SI,2804.01,2826.12,2786.04,2787.40,910320000,14186780000
2014-08-08,801750.SI,2794.53,2832.45,2794.35,2828.68,915860000,15275860000
2014-08-11,801750.SI,2835.94,2865.73,2834.93,2865.73,999400000,15801130000
2014-08-12,801750.SI,2867.10,2887.25,2859.99,2876.56,1112980000,18027160000
2014-08-13,801750.SI,2876.47,2876.51,2819.43,2848.69,970090000,16354320000
2014-08-14,801750.SI,2846.21,2877.03,2843.91,2846.16,1094470000,16840070000
2014-08-15,801750.SI,2844.70,2898.23,2843.58,2889.39,1178770000,18853230000
2014-08-18,801750.SI,2898.91,2940.82,2898.89,2940.82,1113530000,19784760000
2014-08-19,801750.SI,2944.70,2993.33,2943.80,2975.05,1448190000,25098260000
2014-08-20,801750.SI,2973.26,2973.47,2934.66,2943.71,1027120000,18346180000
2014-08-21,801750.SI,2947.82,2952.06,2911.84,2948.39,934810000,16088690000
2014-08-22,801750.SI,2950.16,2988.89,2947.47,2984.38,1064870000,18915730000
2014-08-25,801750.SI,2985.09,2987.52,2963.54,2963.54,986370000,18365530000
2014-08-26,801750.SI,2954.47,2963.54,2900.79,2909.93,861580000,15384170000
2014-08-27,801750.SI,2911.57,2958.14,2911.51,2941.13,751380000,14397890000
2014-08-28,801750.SI,2936.40,2946.89,2906.61,2915.61,684370000,13030610000
2014-08-29,801750.SI,2917.93,2955.07,2910.11,2955.07,590410000,10956370000
2014-09-01,801750.SI,2960.97,3026.81,2960.78,3026.72,915130000,17757840000
2014-09-02,801750.SI,3037.48,3079.30,3033.43,3077.53,1210870000,24214550000
2014-09-03,801750.SI,3082.92,3096.99,3060.93,3090.39,1176230000,22648910000
2014-09-04,801750.SI,3092.60,3130.06,3081.80,3128.31,1286830000,25182570000
2014-09-05,801750.SI,3129.49,3131.51,3096.08,3115.53,1023320000,19768890000
2014-09-09,801750.SI,3121.34,3122.22,3093.31,3113.18,1005450000,18919450000
2014-09-10,801750.SI,3109.78,3126.37,3092.72,3123.14,972340000,17692940000
2014-09-11,801750.SI,3126.18,3164.51,3110.84,3136.07,1294300000,23346820000
2014-09-12,801750.SI,3135.97,3161.80,3125.14,3161.80,1054250000,20058720000
2014-09-15,801750.SI,3164.59,3204.92,3154.89,3201.41,1234310000,23847790000
2014-09-16,801750.SI,3201.28,3208.36,3089.10,3090.17,1380490000,25982330000
2014-09-17,801750.SI,3098.25,3107.95,3047.57,3104.75,1030690000,19426400000
2014-09-18,801750.SI,3101.66,3126.76,3092.75,3126.57,912310000,16508180000
2014-09-19,801750.SI,3129.42,3162.45,3121.55,3156.28,930540000,17307880000
2014-09-22,801750.SI,3147.81,3147.99,3116.44,3130.60,1034490000,18210930000
2014-09-23,801750.SI,3130.00,3188.63,3127.74,3188.63,919010000,18232850000
2014-09-24,801750.SI,3181.35,3230.34,3173.99,3228.25,1065100000,20779830000
2014-09-25,801750.SI,3243.40,3267.82,3227.05,3237.17,1191280000,23807290000
2014-09-26,801750.SI,3229.78,3245.37,3218.73,3243.82,956820000,19133580000
2014-09-29,801750.SI,3263.18,3292.31,3263.00,3290.28,1230500000,21901970000
2014-09-30,801750.SI,3299.35,3359.47,3298.97,3359.47,1418640000,24776640000
2014-10-08,801750.SI,3382.39,3412.66,3368.80,3412.66,1521000000,26450340000
2014-10-09,801750.SI,3418.22,3420.30,3343.93,3382.15,1541570000,28068920000
2014-10-10,801750.SI,3367.91,3368.79,3326.13,3351.26,1372920000,24286690000
2014-10-13,801750.SI,3332.43,3332.49,3279.21,3326.69,1175580000,21728490000
2014-10-14,801750.SI,3322.28,3354.60,3295.63,3317.28,1135990000,21000660000
2014-10-15,801750.SI,3317.30,3334.40,3293.55,3334.23,968370000,17408020000
2014-10-16,801750.SI,3323.36,3353.03,3291.09,3291.09,1042220000,19156050000
2014-10-17,801750.SI,3287.43,3294.09,3200.49,3264.15,1048380000,19361010000
2014-10-20,801750.SI,3274.06,3343.41,3274.06,3343.41,1025130000,19455260000
2014-10-21,801750.SI,3346.77,3365.84,3315.01,3317.56,1107920000,18239090000
2014-10-22,801750.SI,3321.21,3352.03,3296.62,3300.58,963320000,17611750000
2014-10-23,801750.SI,3292.30,3299.54,3226.30,3245.06,946850000,17102440000
2014-10-24,801750.SI,3249.22,3282.87,3243.52,3263.43,1050570000,15492570000
2014-10-27,801750.SI,3259.16,3289.25,3233.31,3289.25,1024140000,16877060000
2014-10-28,801750.SI,3300.03,3375.54,3299.13,3375.54,1197920000,21192100000
2014-10-29,801750.SI,3390.32,3431.64,3390.02,3419.17,1582330000,27846810000
2014-10-30,801750.SI,3429.61,3438.54,3400.79,3414.78,1364030000,24694120000
2014-10-31,801750.SI,3421.04,3425.33,3349.53,3377.81,1314350000,23790160000
2014-11-03,801750.SI,3379.48,3415.33,3376.92,3415.33,1152150000,21417550000
2014-11-04,801750.SI,3412.47,3412.49,3361.67,3379.22,1093500000,19880450000
2014-11-05,801750.SI,3375.19,3379.17,3352.69,3368.18,899310000,16498460000
2014-11-06,801750.SI,3384.03,3418.91,3383.11,3418.39,1057800000,19711930000
2014-11-07,801750.SI,3423.57,3446.03,3388.11,3403.45,1261720000,24121200000
2014-11-10,801750.SI,3404.51,3406.87,3380.55,3401.85,934510000,17677780000
2014-11-11,801750.SI,3406.04,3407.18,3258.65,3283.80,1200970000,22627540000
2014-11-12,801750.SI,3273.65,3333.38,3271.70,3332.90,765560000,15476630000
2014-11-13,801750.SI,3326.57,3326.71,3239.61,3263.20,872790000,17278440000
2014-11-14,801750.SI,3252.20,3264.73,3235.29,3255.76,705680000,13567690000
2014-11-17,801750.SI,3260.06,3323.39,3240.41,3306.66,816100000,15255880000
2014-11-18,801750.SI,3310.93,3337.97,3310.84,3337.97,734940000,13924340000
2014-11-19,801750.SI,3336.47,3432.66,3336.00,3406.44,1528840000,27022250000
2014-11-20,801750.SI,3395.87,3399.43,3368.37,3377.66,919420000,17297610000
2014-11-21,801750.SI,3378.97,3421.46,3378.78,3417.06,977110000,18523190000
2014-11-24,801750.SI,3455.59,3467.63,3433.91,3467.07,1249360000,24351630000
2014-11-25,801750.SI,3486.62,3550.22,3475.97,3550.22,1338100000,27499730000
2014-11-26,801750.SI,3556.38,3585.30,3550.22,3579.88,1283500000,25979370000
2014-11-27,801750.SI,3592.97,3600.49,3563.11,3586.36,1275910000,25511290000
2014-11-28,801750.SI,3587.29,3653.64,3578.57,3635.66,1502930000,31357160000
2014-12-01,801750.SI,3637.89,3655.37,3604.91,3637.21,1436860000,29722180000
2014-12-02,801750.SI,3629.85,3702.51,3626.17,3690.15,1361640000,29512890000
2014-12-03,801750.SI,3690.24,3713.04,3624.19,3711.89,1643060000,34588810000
2014-12-04,801750.SI,3725.24,3818.20,3725.24,3806.79,1671500000,36920950000
2014-12-05,801750.SI,3819.14,3819.14,3614.33,3735.49,1905400000,41529620000
2014-12-08,801750.SI,3703.53,3735.53,3666.32,3671.57,1646350000,36730630000
2014-12-09,801750.SI,3641.35,3641.56,3438.22,3440.39,1876070000,40556120000
2014-12-10,801750.SI,3422.92,3563.45,3413.26,3553.31,1147760000,25740600000
2014-12-11,801750.SI,3537.20,3610.28,3527.83,3610.28,1181760000,24192330000
2014-12-12,801750.SI,3625.40,3709.15,3624.95,3705.45,1318170000,28250680000
2014-12-15,801750.SI,3705.09,3852.40,3696.62,3840.68,1505810000,34511090000
2014-12-16,801750.SI,3858.72,3870.15,3791.85,3809.61,1200380000,27754100000
2014-12-17,801750.SI,3787.83,3817.27,3760.36,3802.53,1250980000,28490820000
2014-12-18,801750.SI,3795.42,3839.62,3794.42,3810.47,1075890000,25582890000
2014-12-19,801750.SI,3794.70,3795.91,3667.52,3730.18,1144440000,25959030000
2014-12-22,801750.SI,3695.24,3697.18,3462.62,3466.80,1306550000,25011640000
2014-12-23,801750.SI,3436.55,3500.96,3381.61,3399.04,924500000,19133290000
2014-12-24,801750.SI,3422.03,3484.59,3420.25,3483.28,827350000,17001980000
2014-12-25,801750.SI,3492.90,3540.14,3485.01,3539.28,852830000,17712140000
2014-12-26,801750.SI,3539.25,3546.80,3518.59,3537.61,836540000,17802530000
2014-12-29,801750.SI,3529.58,3529.58,3399.01,3416.41,1030190000,21526720000
2014-12-30,801750.SI,3405.64,3407.11,3313.51,3342.99,1020250000,20324830000
2014-12-31,801750.SI,3341.46,3387.33,3330.69,3376.28,787170000,16161890000
2015-01-05,801750.SI,3380.85,3380.85,3284.87,3364.19,1073870000,21625960000
2015-01-06,801750.SI,3353.75,3494.17,3337.72,3489.33,1238570000,26293440000
2015-01-07,801750.SI,3482.73,3492.55,3446.80,3482.27,982100000,21597010000
2015-01-08,801750.SI,3469.71,3549.99,3469.70,3509.65,997170000,21816530000
2015-01-09,801750.SI,3499.54,3622.20,3497.56,3544.91,1218980000,26502660000
2015-01-12,801750.SI,3533.85,3634.71,3530.58,3625.02,1107480000,25850520000
2015-01-13,801750.SI,3636.95,3780.97,3621.28,3764.05,1762720000,37228510000
2015-01-14,801750.SI,3758.87,3765.90,3703.91,3723.46,1231510000,27466920000
2015-01-15,801750.SI,3706.21,3756.57,3690.46,3703.70,925440000,21185890000
2015-01-16,801750.SI,3693.68,3885.23,3691.91,3878.19,1551550000,35388220000
2015-01-19,801750.SI,3776.69,3981.51,3757.33,3824.13,1907490000,44377460000
2015-01-20,801750.SI,3844.14,4056.29,3844.05,4056.13,2218200000,48030740000
2015-01-21,801750.SI,4073.21,4096.53,4034.76,4081.55,1997980000,44767230000
2015-01-22,801750.SI,4070.53,4117.25,4060.62,4112.04,1570080000,36987070000
2015-01-23,801750.SI,4112.84,4113.52,3971.92,3983.73,1498010000,35565580000
2015-01-26,801750.SI,4005.40,4113.35,4005.40,4112.28,1402420000,32789230000
2015-01-27,801750.SI,4122.54,4161.21,4082.41,4158.19,1501580000,35781720000
2015-01-28,801750.SI,4148.69,4215.05,4107.66,4119.28,1457230000,34672870000
2015-01-29,801750.SI,4081.36,4135.70,4075.46,4107.79,1114860000,26682060000
2015-01-30,801750.SI,4118.46,4135.38,3983.18,3986.69,1277680000,29260370000
2015-02-02,801750.SI,3949.08,4070.15,3936.50,4049.61,1066150000,24171960000
2015-02-03,801750.SI,4067.58,4246.57,4066.90,4208.07,1651240000,39734770000
2015-02-04,801750.SI,4216.96,4269.33,4212.90,4236.07,1477830000,34851580000
2015-02-05,801750.SI,4240.68,4411.60,4212.74,4307.67,2283590000,50716200000
2015-02-06,801750.SI,4312.63,4338.84,4182.89,4205.54,1677700000,38500440000
2015-02-09,801750.SI,4201.17,4276.05,4150.86,4167.78,1383640000,31373920000
2015-02-10,801750.SI,4168.94,4293.59,4133.22,4293.59,1606690000,36112570000
2015-02-11,801750.SI,4300.12,4454.73,4298.47,4434.24,1749920000,43974950000
2015-02-12,801750.SI,4454.95,4495.55,4447.66,4459.51,1780760000,46414350000
2015-02-13,801750.SI,4491.48,4528.17,4455.59,4503.97,1739140000,45548390000
2015-02-16,801750.SI,4518.32,4696.78,4518.31,4696.78,2052880000,52888430000
2015-02-17,801750.SI,4724.94,4724.94,4639.15,4701.65,1550120000,40964520000
2015-02-25,801750.SI,4725.86,4737.25,4584.62,4603.34,1612730000,39574980000
2015-02-26,801750.SI,4600.27,4635.32,4510.21,4616.35,1470260000,37825320000
2015-02-27,801750.SI,4609.54,4706.90,4592.26,4706.90,1590950000,40768730000
2015-03-02,801750.SI,4707.52,4864.24,4673.53,4856.21,2084030000,55901210000
2015-03-03,801750.SI,4821.48,4867.36,4765.68,4773.79,2217840000,58183640000
2015-03-04,801750.SI,4775.93,4866.04,4775.68,4866.04,1822880000,46975420000
2015-03-05,801750.SI,4881.80,4885.00,4813.11,4858.64,1804370000,47722650000
2015-03-06,801750.SI,4858.45,4871.75,4709.56,4718.56,1518390000,38965180000
2015-03-09,801750.SI,4695.58,4839.35,4677.76,4827.21,1297080000,35787640000
2015-03-10,801750.SI,4835.18,4937.08,4833.60,4917.79,1487560000,39710150000
2015-03-11,801750.SI,4929.22,4929.78,4878.53,4904.66,1463030000,38936000000
2015-03-12,801750.SI,4929.61,4954.21,4827.90,4898.87,1629720000,42895460000
2015-03-13,801750.SI,4918.01,5068.59,4916.71,5068.59,1649230000,45352060000
2015-03-16,801750.SI,5138.10,5339.17,5138.05,5334.56,2501300000,67871680000
2015-03-17,801750.SI,5380.03,5386.87,5286.73,5353.56,2651370000,68739630000
2015-03-18,801750.SI,5318.56,5464.83,5267.07,5462.99,2406510000,67470160000
2015-03-19,801750.SI,5464.06,5515.80,5435.89,5515.80,2209770000,63926710000
2015-03-20,801750.SI,5516.57,5739.62,5516.57,5690.31,2384650000,73404360000
2015-03-23,801750.SI,5758.95,5995.29,5757.30,5995.15,2567630000,77749510000
2015-03-24,801750.SI,6050.44,6218.84,5898.13,6203.95,3027300000,95809450000
2015-03-25,801750.SI,6215.82,6362.50,6169.56,6242.73,2500040000,84514030000
2015-03-26,801750.SI,6182.90,6196.91,5894.03,5944.76,2525460000,86161770000
2015-03-27,801750.SI,5887.06,6037.07,5859.10,6019.25,1798280000,61182860000
2015-03-30,801750.SI,6002.59,6031.42,5829.76,5903.12,1960480000,64585660000
2015-03-31,801750.SI,5885.29,6086.00,5863.32,6031.81,1979720000,65869710000
2015-04-01,801750.SI,6035.23,6230.06,6030.65,6220.21,1911470000,63246860000
2015-04-02,801750.SI,6275.88,6388.40,6268.08,6388.40,2273850000,71946610000
2015-04-03,801750.SI,6353.97,6483.99,6325.05,6472.46,2027980000,64769910000
2015-04-07,801750.SI,6521.77,6602.82,6508.26,6599.05,2309310000,76105430000
2015-04-08,801750.SI,6621.15,6621.15,6321.95,6449.18,2443320000,78916180000
2015-04-09,801750.SI,6442.30,6481.95,6062.12,6478.99,2135690000,73397070000
2015-04-10,801750.SI,6421.97,6683.90,6380.57,6642.60,1904120000,67255700000
2015-04-13,801750.SI,6656.23,6786.85,6609.08,6748.57,2115050000,73204530000
2015-04-14,801750.SI,6740.58,6740.58,6591.93,6659.32,1875950000,65109440000
2015-04-15,801750.SI,6612.92,6613.14,6309.40,6309.81,1756810000,58991940000
2015-04-16,801750.SI,6220.66,6484.07,6174.55,6392.52,1538310000,52394370000
2015-04-17,801750.SI,6408.26,6421.13,6301.80,6354.49,1694080000,55071490000
2015-04-20,801750.SI,6321.08,6343.63,6143.94,6181.90,1780520000,57006080000
2015-04-21,801750.SI,6183.52,6513.13,6183.52,6513.13,1949770000,66392900000
2015-04-22,801750.SI,6576.94,6739.26,6575.25,6700.41,2145520000,74079650000
2015-04-23,801750.SI,6733.53,6779.92,6675.91,6743.71,1886030000,67348720000
2015-04-24,801750.SI,6657.95,6804.66,6609.39,6800.31,2230250000,75230820000
2015-04-27,801750.SI,6890.97,6970.65,6785.43,6823.35,2045190000,72035600000
2015-04-28,801750.SI,6819.54,6819.80,6475.49,6544.55,2028430000,70820200000
2015-04-29,801750.SI,6498.10,6775.78,6478.76,6774.59,1644580000,61142710000
2015-04-30,801750.SI,6814.47,7055.41,6814.47,6926.90,2179680000,79429790000
2015-05-04,801750.SI,6925.12,6928.99,6769.28,6881.28,1607350000,59368640000
2015-05-05,801750.SI,6857.77,6877.43,6657.73,6708.37,1658140000,57906680000
2015-05-06,801750.SI,6758.58,7055.17,6753.38,6885.89,2186230000,78053840000
2015-05-07,801750.SI,6847.82,7000.68,6817.40,6920.69,1869800000,66581110000
2015-05-08,801750.SI,7005.95,7427.77,7005.37,7425.93,2557830000,94402850000
2015-05-11,801750.SI,7571.06,7913.93,7529.10,7901.98,2782570000,108591570000
2015-05-12,801750.SI,8015.90,8160.59,7877.41,8146.92,3042860000,119312390000
2015-05-13,801750.SI,7996.86,8338.78,7873.78,8121.99,2764860000,107637050000
2015-05-14,801750.SI,8138.02,8224.58,7970.73,7986.19,2252850000,91211980000
2015-05-15,801750.SI,7904.64,8119.05,7771.33,8035.36,2147930000,84962330000
2015-05-18,801750.SI,8075.34,8467.41,8075.34,8467.41,2244550000,91743290000
2015-05-19,801750.SI,8604.88,8693.19,8391.58,8648.38,2291610000,99668440000
2015-05-20,801750.SI,8719.37,9075.60,8716.03,8880.37,2532350000,109433630000
2015-05-21,801750.SI,8973.13,9207.04,8972.84,9206.71,2624310000,114176130000
2015-05-22,801750.SI,9381.76,9413.58,8902.51,9086.31,2861640000,125192440000
2015-05-25,801750.SI,8808.80,9067.11,8735.42,9013.14,2457100000,108017870000
2015-05-26,801750.SI,9060.70,9461.03,9060.70,9460.13,2428450000,109521000000
2015-05-27,801750.SI,9602.96,9622.92,9299.28,9562.48,3022930000,126815470000
2015-05-28,801750.SI,9568.53,9648.48,9002.69,9013.15,2946130000,129684130000
2015-05-29,801750.SI,8999.58,9455.50,8699.79,9320.58,2574620000,117467860000
2015-06-01,801750.SI,9431.47,9796.33,9430.91,9789.79,2085000000,101569660000
2015-06-02,801750.SI,9905.96,10225.66,9848.80,10225.66,2383970000,114639980000
2015-06-03,801750.SI,10342.06,10407.03,9995.85,10340.48,2611520000,130149350000
2015-06-04,801750.SI,10354.23,10392.59,9605.41,10178.82,2412400000,116008570000
2015-06-05,801750.SI,10312.20,10424.11,9954.39,10074.91,2426170000,113556630000
2015-06-08,801750.SI,9992.98,9992.98,9523.99,9624.96,2218100000,95320690000
2015-06-09,801750.SI,9553.99,9857.95,9483.31,9630.76,1856200000,82655430000
2015-06-10,801750.SI,9636.41,10070.86,9578.44,9971.73,2094830000,92380370000
2015-06-11,801750.SI,9994.53,10113.62,9994.53,10113.62,2109450000,93317850000
2015-06-12,801750.SI,10167.19,10234.33,10099.36,10156.61,2060860000,90841660000
2015-06-15,801750.SI,10166.38,10166.38,9652.25,9675.53,2048990000,89735980000
2015-06-16,801750.SI,9503.32,9503.32,9140.56,9217.14,1953620000,86043910000
2015-06-17,801750.SI,9199.89,9615.90,9027.62,9599.60,1873260000,82770860000
2015-06-18,801750.SI,9608.73,9626.36,9097.18,9127.02,1647840000,74631290000
2015-06-19,801750.SI,8889.91,8989.54,8622.61,8645.63,1698110000,72333790000
2015-06-23,801750.SI,8607.07,8718.65,8131.35,8681.14,1888660000,74333650000
2015-06-24,801750.SI,8751.58,8850.34,8449.31,8651.16,1886620000,75964540000
2015-06-25,801750.SI,8675.53,8695.75,8097.57,8177.59,1963270000,78428800000
2015-06-26,801750.SI,7843.34,7843.34,7481.56,7492.88,1638840000,56741550000
2015-06-29,801750.SI,7504.79,7511.76,6861.70,6912.52,2032120000,64123010000
2015-06-30,801750.SI,6564.49,7315.47,6388.87,7304.96,3097960000,98775940000
2015-07-01,801750.SI,7204.71,7557.80,6893.42,6931.34,2867870000,99364730000
2015-07-02,801750.SI,6865.13,6933.50,6461.02,6540.20,2445540000,75932410000
2015-07-03,801750.SI,6256.43,6729.50,6057.49,6222.49,2612860000,74964860000
2015-07-06,801750.SI,6633.00,6633.00,5805.85,5958.15,3163860000,84897780000
2015-07-07,801750.SI,5743.03,5779.17,5641.75,5645.65,1440340000,30348000000
2015-07-08,801750.SI,5489.94,5558.89,5486.84,5553.94,2020530000,43387820000
2015-07-09,801750.SI,5515.36,5659.34,5515.36,5659.34,993220000,22357760000
2015-07-10,801750.SI,5756.57,5797.98,5748.40,5797.98,425400000,13072980000
2015-07-13,801750.SI,6047.02,6099.55,6024.34,6098.74,835230000,34584240000
2015-07-14,801750.SI,6336.22,6457.55,6316.13,6384.29,1376470000,51225150000
2015-07-15,801750.SI,6490.83,6490.83,6098.92,6119.20,3419670000,88042450000
2015-07-16,801750.SI,5901.64,6315.34,5775.86,6154.49,3129320000,82559810000
2015-07-17,801750.SI,6190.00,6532.67,6154.61,6497.48,2751110000,78829840000
2015-07-20,801750.SI,6595.37,6811.76,6546.28,6714.20,3257310000,98772180000
2015-07-21,801750.SI,6631.73,6864.39,6581.34,6801.27,2629070000,81663530000
2015-07-22,801750.SI,6782.43,6975.88,6748.28,6924.25,2797130000,88944530000
2015-07-23,801750.SI,6937.34,7125.31,6847.19,7094.87,2844890000,89481510000
2015-07-24,801750.SI,7123.39,7260.76,6936.85,6996.55,3175920000,103823760000
2015-07-27,801750.SI,6835.99,7039.93,6489.47,6490.04,2975250000,92733520000
2015-07-28,801750.SI,6100.99,6500.40,6033.60,6163.13,3204230000,89581280000
2015-07-29,801750.SI,6266.28,6452.77,5922.82,6447.47,2942310000,84253560000
2015-07-30,801750.SI,6391.12,6533.80,6176.62,6195.20,2906090000,84598340000
2015-07-31,801750.SI,6055.80,6234.72,5939.30,6037.50,2158430000,61207740000
2015-08-03,801750.SI,5891.40,5922.81,5650.71,5690.23,2110080000,56706610000
2015-08-04,801750.SI,5684.41,6041.54,5660.93,6040.80,2291590000,62500200000
2015-08-05,801750.SI,6036.25,6125.95,5879.61,5937.02,2538340000,69703550000
2015-08-06,801750.SI,5775.79,6006.52,5759.22,5905.62,1823590000,49594090000
2015-08-07,801750.SI,5979.58,6199.81,5977.00,6199.59,2502070000,71031660000
2015-08-10,801750.SI,6299.22,6565.88,6199.56,6524.31,2868770000,85669020000
2015-08-11,801750.SI,6518.21,6604.50,6459.96,6502.02,2807590000,84964650000
2015-08-12,801750.SI,6425.76,6544.94,6335.20,6335.20,2140830000,63574740000
2015-08-13,801750.SI,6302.75,6540.77,6243.85,6540.77,2288580000,65497000000
2015-08-14,801750.SI,6591.12,6668.45,6514.35,6532.73,2562040000,77180800000
2015-08-17,801750.SI,6486.46,6547.84,6395.38,6545.99,2227130000,64102690000
2015-08-18,801750.SI,6554.81,6639.57,6080.42,6098.71,3125360000,88444970000
2015-08-19,801750.SI,5900.19,6321.63,5754.22,6292.35,2631700000,71817870000
2015-08-20,801750.SI,6246.44,6474.87,6194.63,6201.14,2888850000,81744020000
2015-08-21,801750.SI,6041.24,6096.43,5787.94,5789.66,2753710000,66489590000
2015-08-24,801750.SI,5482.36,5519.20,5338.35,5338.35,1308550000,28762540000
2015-08-25,801750.SI,4935.72,5030.40,4933.70,4939.69,1349430000,30499980000
2015-08-26,801750.SI,4859.32,5036.42,4612.39,4630.43,2960040000,59525770000
2015-08-27,801750.SI,4713.40,4784.18,4451.27,4750.65,2551330000,50828050000
2015-08-28,801750.SI,4808.66,5049.79,4742.35,5049.79,2808590000,59529920000
2015-08-31,801750.SI,4994.91,4995.50,4795.58,4796.64,2289110000,48094750000
2015-09-01,801750.SI,4703.18,4703.35,4488.84,4510.60,1803560000,34497300000
2015-09-02,801750.SI,4262.73,4637.26,4254.28,4373.86,2244890000,42374610000
2015-09-07,801750.SI,4432.20,4598.54,4432.20,4488.09,2161960000,43001170000
2015-09-08,801750.SI,4427.28,4727.22,4401.99,4718.21,2193140000,42906830000
2015-09-09,801750.SI,4734.45,4964.98,4734.45,4914.76,3051710000,67098410000
2015-09-10,801750.SI,4808.61,4904.33,4787.90,4795.14,2074550000,45075210000
2015-09-11,801750.SI,4804.43,4969.18,4804.36,4910.42,2332790000,48106200000
2015-09-14,801750.SI,4942.40,4946.38,4527.59,4536.94,2340030000,48424480000
2015-09-15,801750.SI,4358.76,4490.38,4244.67,4253.72,2003500000,37962740000
2015-09-16,801750.SI,4284.33,4573.53,4284.17,4569.06,2386380000,47145460000
2015-09-17,801750.SI,4630.27,4820.27,4590.81,4605.77,3108230000,65733000000
2015-09-18,801750.SI,4652.37,4748.10,4557.35,4718.10,2758340000,55724240000
2015-09-21,801750.SI,4619.11,4949.83,4607.70,4949.83,3008320000,62408770000
2015-09-22,801750.SI,4961.88,5021.87,4851.73,4936.56,2996530000,65999570000
2015-09-23,801750.SI,4829.86,5033.85,4824.64,4949.98,2740420000,60807870000
2015-09-24,801750.SI,4973.57,5063.76,4950.08,4998.72,2773620000,61102690000
2015-09-25,801750.SI,4964.92,4990.33,4676.92,4712.65,2518280000,53028470000
2015-09-28,801750.SI,4727.64,4958.43,4675.65,4955.77,2056990000,45187770000
2015-09-29,801750.SI,4859.29,4962.92,4808.48,4863.06,2064590000,46173950000
2015-09-30,801750.SI,4890.85,4914.23,4781.90,4853.86,1459960000,31959550000
2015-10-08,801750.SI,5034.15,5154.99,4996.04,5113.35,2374200000,51088740000
2015-10-09,801750.SI,5117.65,5224.13,5103.12,5192.75,2391710000,52893730000
2015-10-12,801750.SI,5244.80,5503.54,5240.36,5437.91,3008770000,68246350000
2015-10-13,801750.SI,5418.48,5570.50,5401.46,5549.00,2853490000,67258140000
2015-10-14,801750.SI,5516.62,5564.24,5437.78,5473.02,2687010000,62090330000
2015-10-15,801750.SI,5440.36,5696.33,5437.85,5696.31,2875660000,66775240000
2015-10-16,801750.SI,5733.06,5789.26,5656.65,5789.26,3058260000,73995760000
2015-10-19,801750.SI,5810.85,5822.59,5657.06,5742.58,2900020000,69482970000
2015-10-20,801750.SI,5737.40,5984.15,5734.72,5956.96,3247030000,78708450000
2015-10-21,801750.SI,5962.34,5990.55,5579.21,5591.67,3772010000,93932910000
2015-10-22,801750.SI,5583.85,5829.66,5579.28,5817.35,2963630000,75830210000
2015-10-23,801750.SI,5873.87,5988.73,5807.57,5953.80,3256890000,84928690000
2015-10-26,801750.SI,6033.28,6071.69,5879.91,5998.44,3453800000,88610850000
2015-10-27,801750.SI,5922.98,6124.11,5732.80,6079.82,3380740000,84383490000
2015-10-28,801750.SI,6035.83,6126.72,5874.83,5904.81,2954760000,77244700000
2015-10-29,801750.SI,5961.65,6028.18,5816.13,5935.86,2430500000,68585390000
2015-10-30,801750.SI,5915.91,6120.95,5830.24,6010.23,3002910000,82478980000
2015-11-02,801750.SI,5826.97,6115.90,5817.63,5866.48,2720500000,77493290000
2015-11-03,801750.SI,5896.56,5951.77,5794.43,5841.46,2114650000,60422920000
2015-11-04,801750.SI,5882.24,6205.57,5882.24,6205.57,2956090000,85133300000
2015-11-05,801750.SI,6202.55,6317.22,6119.05,6195.20,3666930000,106021230000
2015-11-06,801750.SI,6224.58,6459.95,6224.58,6443.39,3476660000,102624710000
2015-11-09,801750.SI,6405.63,6687.61,6346.34,6647.09,3780550000,114648880000
2015-11-10,801750.SI,6611.89,6767.64,6580.81,6670.79,3370570000,101710130000
2015-11-11,801750.SI,6659.84,6821.46,6632.96,6812.28,3149540000,91777770000
2015-11-12,801750.SI,6842.71,6875.73,6675.16,6777.76,3226580000,99916370000
2015-11-13,801750.SI,6672.37,6702.64,6484.22,6556.01,2765440000,86033670000
2015-11-16,801750.SI,6456.73,6759.64,6456.09,6759.64,2531780000,79471410000
2015-11-17,801750.SI,6824.81,6864.44,6579.11,6588.81,3173800000,99715700000
2015-11-18,801750.SI,6603.86,6662.41,6418.18,6439.27,2355780000,73957640000
2015-11-19,801750.SI,6469.19,6698.71,6457.59,6698.71,2671260000,80724470000
2015-11-20,801750.SI,6721.84,6855.05,6681.90,6815.05,3455060000,99048000000
2015-11-23,801750.SI,6817.61,6873.93,6685.96,6714.43,3107170000,91632670000
2015-11-24,801750.SI,6698.04,6815.34,6611.41,6815.34,2348910000,71521110000
2015-11-25,801750.SI,6814.51,7037.51,6809.76,7018.32,3071330000,98462660000
2015-11-26,801750.SI,7054.35,7059.36,6889.80,6899.57,2938240000,96701640000
2015-11-27,801750.SI,6856.03,6898.03,6405.85,6461.52,2925590000,89627570000
2015-11-30,801750.SI,6462.34,6535.43,6097.25,6478.06,2639420000,78487040000
2015-12-01,801750.SI,6458.18,6499.63,6308.10,6391.42,1939390000,61133250000
2015-12-02,801750.SI,6382.66,6407.29,6078.62,6297.94,1828230000,53884330000
2015-12-03,801750.SI,6306.59,6517.93,6306.59,6517.71,1915280000,59847260000
2015-12-04,801750.SI,6497.05,6585.89,6413.34,6459.82,2025900000,63162940000
2015-12-07,801750.SI,6472.81,6588.03,6419.18,6571.15,1841870000,59121320000
2015-12-08,801750.SI,6537.48,6596.68,6442.99,6509.76,2224710000,70176410000
2015-12-09,801750.SI,6465.54,6560.47,6439.32,6495.82,2106360000,67862630000
2015-12-10,801750.SI,6490.17,6646.60,6490.16,6573.98,2301870000,75566170000
2015-12-11,801750.SI,6544.21,6590.10,6489.55,6489.55,1974050000,65163140000
2015-12-14,801750.SI,6416.79,6566.65,6371.10,6566.65,1736710000,54934080000
2015-12-15,801750.SI,6578.71,6742.75,6578.71,6700.22,2071970000,64758300000
2015-12-16,801750.SI,6733.58,6796.28,6703.25,6741.07,2126990000,68249080000
2015-12-17,801750.SI,6786.94,6946.08,6783.76,6946.08,2691120000,85180370000
2015-12-18,801750.SI,6961.34,6976.10,6829.84,6858.82,2366800000,77505740000
2015-12-21,801750.SI,6840.73,6874.81,6797.91,6859.48,2068180000,66598920000
2015-12-22,801750.SI,6878.44,6977.53,6862.87,6968.52,2209840000,71615250000
2015-12-23,801750.SI,6978.31,6979.55,6801.71,6817.82,2419260000,76999420000
2015-12-24,801750.SI,6792.86,6858.11,6685.85,6838.94,1913510000,59734110000
2015-12-25,801750.SI,6853.68,6896.96,6795.54,6840.81,1577640000,50419530000
2015-12-28,801750.SI,6879.55,6979.06,6755.39,6755.39,2264970000,73489460000
2015-12-29,801750.SI,6748.90,6814.13,6679.93,6814.13,1783470000,58187180000
2015-12-30,801750.SI,6826.44,6960.35,6822.48,6947.49,2203370000,71346880000
2015-12-31,801750.SI,6946.88,6965.47,6761.13,6762.38,1921840000,64733230000
2016-01-04,801750.SI,6752.52,6752.52,6198.39,6198.81,1596220000,47810830000
2016-01-05,801750.SI,5816.85,6137.71,5788.99,5969.07,2345640000,65191680000
2016-01-06,801750.SI,6015.18,6099.18,5902.35,6098.57,1848570000,54530040000
2016-01-07,801750.SI,5965.74,5996.96,5608.15,5609.55,454140000,12270400000
2016-01-08,801750.SI,5696.06,5733.65,5303.85,5550.32,2059410000,56197660000
2016-01-11,801750.SI,5397.23,5464.93,5163.10,5163.10,1833690000,46821440000
2016-01-12,801750.SI,5139.18,5275.31,5056.36,5194.98,1787020000,46481250000
2016-01-13,801750.SI,5218.90,5255.08,4965.92,4965.92,1626990000,41658640000
2016-01-14,801750.SI,4787.83,5225.46,4783.76,5213.42,1907670000,46758270000
2016-01-15,801750.SI,5169.01,5228.68,4997.19,5039.42,1795920000,45847490000
2016-01-18,801750.SI,4928.86,5259.87,4928.86,5196.41,1730720000,43957100000
2016-01-19,801750.SI,5178.85,5391.31,5132.21,5380.56,2117520000,54354750000
2016-01-20,801750.SI,5332.98,5409.45,5252.15,5288.25,1895750000,48926650000
2016-01-21,801750.SI,5207.26,5382.23,5075.44,5076.16,1842200000,46657500000
2016-01-22,801750.SI,5152.33,5185.30,4974.37,5152.44,1567840000,38644930000
2016-01-25,801750.SI,5189.48,5233.49,5112.16,5167.67,1300320000,32450330000
2016-01-26,801750.SI,5088.97,5089.29,4760.25,4761.98,1569560000,37069370000
2016-01-27,801750.SI,4756.04,4774.78,4470.06,4719.88,1828500000,40175710000
2016-01-28,801750.SI,4634.34,4692.03,4451.33,4467.56,1393660000,31199270000
2016-01-29,801750.SI,4466.26,4732.71,4457.88,4688.97,1594620000,35919560000
2016-02-01,801750.SI,4676.76,4709.94,4559.49,4638.02,1435900000,32348630000
2016-02-02,801750.SI,4645.81,4892.26,4645.53,4865.24,1780480000,40777930000
2016-02-03,801750.SI,4801.87,4919.64,4764.91,4894.15,1675560000,38268700000
2016-02-04,801750.SI,4906.91,5027.45,4906.82,4992.48,1744480000,41594880000
2016-02-05,801750.SI,4997.98,5020.93,4907.46,4908.02,1303060000,30543200000
2016-02-15,801750.SI,4726.43,4952.88,4726.43,4923.94,1262990000,29523570000
2016-02-16,801750.SI,4954.45,5187.84,4953.33,5172.98,1898330000,45694900000
2016-02-17,801750.SI,5164.90,5247.26,5107.71,5237.57,2168750000,51356780000
2016-02-18,801750.SI,5284.24,5305.95,5188.30,5196.63,2091990000,50338970000
2016-02-19,801750.SI,5174.40,5313.39,5170.94,5263.02,1947970000,48200150000
2016-02-22,801750.SI,5331.47,5339.98,5264.95,5339.98,2049750000,51743360000
2016-02-23,801750.SI,5343.11,5350.94,5205.86,5289.17,1929320000,50158110000
2016-02-24,801750.SI,5262.84,5312.72,5114.92,5244.40,1905990000,49573680000
2016-02-25,801750.SI,5226.28,5226.40,4831.92,4844.26,2129110000,51401110000
2016-02-26,801750.SI,4863.00,4889.28,4682.00,4773.33,1666850000,39143990000
2016-02-29,801750.SI,4725.06,4725.10,4408.43,4433.24,1651710000,33653870000
2016-03-01,801750.SI,4418.37,4576.57,4295.26,4529.52,1809680000,38562960000
2016-03-02,801750.SI,4512.03,4733.52,4496.76,4723.68,1988310000,43321960000
2016-03-03,801750.SI,4709.56,4865.71,4698.27,4726.30,2078890000,47689770000
2016-03-04,801750.SI,4686.22,4712.05,4459.95,4503.18,1923270000,41370130000
2016-03-07,801750.SI,4551.49,4710.82,4551.49,4623.69,1507830000,33675890000
2016-03-08,801750.SI,4600.50,4686.58,4400.38,4686.58,1797610000,38883120000
2016-03-09,801750.SI,4580.40,4698.61,4553.79,4597.32,1427900000,30848380000
2016-03-10,801750.SI,4585.52,4630.85,4497.25,4499.70,1301000000,27845170000
2016-03-11,801750.SI,4416.92,4502.26,4397.76,4465.98,1013470000,22238020000
2016-03-14,801750.SI,4523.02,4731.38,4521.60,4681.55,1998890000,44825450000
2016-03-15,801750.SI,4664.43,4695.45,4602.47,4610.78,1905380000,43839730000
2016-03-16,801750.SI,4664.79,4684.86,4534.86,4582.83,1779920000,40472880000
2016-03-17,801750.SI,4591.72,4821.78,4590.44,4805.77,2728020000,61314080000
2016-03-18,801750.SI,4842.19,5054.89,4837.13,5021.03,3283180000,79054360000
2016-03-21,801750.SI,5105.69,5190.31,5092.59,5190.31,3164480000,78385050000
2016-03-22,801750.SI,5133.85,5219.79,5111.54,5158.49,2680850000,69625700000
2016-03-23,801750.SI,5156.45,5276.55,5151.71,5276.25,2644130000,72316490000
2016-03-24,801750.SI,5219.60,5335.51,5170.26,5195.02,2870670000,81391540000
2016-03-25,801750.SI,5169.10,5219.36,5099.37,5177.68,2045840000,56709300000
2016-03-28,801750.SI,5215.31,5269.16,5101.82,5124.92,2196280000,56862840000
2016-03-29,801750.SI,5113.71,5119.79,4970.81,5040.14,2010610000,52661820000
2016-03-30,801750.SI,5087.90,5255.00,5086.00,5254.76,2378590000,63627260000
2016-03-31,801750.SI,5281.05,5335.25,5241.33,5254.96,2499490000,68157090000
2016-04-01,801750.SI,5220.65,5235.34,5124.80,5199.07,1972790000,52862490000
2016-04-05,801750.SI,5202.87,5389.29,5189.71,5378.99,2484760000,66148760000
2016-04-06,801750.SI,5346.45,5411.35,5329.90,5394.84,2481920000,65471010000
2016-04-07,801750.SI,5407.36,5418.04,5271.26,5271.27,2252200000,59463540000
2016-04-08,801750.SI,5214.44,5240.40,5142.16,5223.29,1812580000,47733190000
2016-04-11,801750.SI,5274.74,5368.01,5274.74,5326.40,2053000000,55553030000
2016-04-12,801750.SI,5315.39,5336.52,5196.76,5267.20,1772850000,48137740000
2016-04-13,801750.SI,5300.21,5422.14,5300.10,5335.61,2571170000,66454150000
2016-04-14,801750.SI,5374.58,5416.90,5334.51,5413.91,2105480000,53056710000
2016-04-15,801750.SI,5438.07,5439.03,5363.73,5401.11,1802800000,48858750000
2016-04-18,801750.SI,5337.15,5337.15,5232.23,5263.51,1701320000,43819770000
2016-04-19,801750.SI,5296.13,5316.75,5246.10,5295.49,1476510000,39093110000
2016-04-20,801750.SI,5323.14,5331.15,4950.07,5030.16,2571980000,64822710000
2016-04-21,801750.SI,4991.41,5031.86,4901.45,4908.93,1582110000,39343430000
2016-04-22,801750.SI,4870.73,4963.73,4859.99,4963.44,1318550000,31980110000
2016-04-25,801750.SI,4945.56,4945.83,4844.23,4913.11,1241470000,29961000000
2016-04-26,801750.SI,4906.25,4980.92,4885.61,4980.36,1259240000,29694070000
2016-04-27,801750.SI,4986.58,4999.33,4919.44,4926.77,1338990000,30716020000
2016-04-28,801750.SI,4932.14,4966.44,4854.48,4960.34,1431810000,36005120000
2016-04-29,801750.SI,4923.12,4969.09,4910.67,4921.10,1064010000,26829600000
2016-05-03,801750.SI,4930.91,5106.91,4906.57,5106.72,1724500000,41956840000
2016-05-04,801750.SI,5084.27,5150.43,5078.28,5105.35,1788320000,42187650000
2016-05-05,801750.SI,5098.06,5158.28,5094.36,5153.38,1402310000,35577290000
2016-05-06,801750.SI,5162.55,5187.00,4926.75,4926.81,2176960000,52938490000
2016-05-09,801750.SI,4868.32,4868.32,4693.26,4721.24,1720980000,38360510000
2016-05-10,801750.SI,4715.38,4754.99,4690.37,4716.52,1054290000,24462510000
2016-05-11,801750.SI,4752.69,4762.19,4644.00,4646.25,1281410000,28753820000
2016-05-12,801750.SI,4571.25,4661.70,4498.35,4657.85,1253390000,27084250000
2016-05-13,801750.SI,4645.27,4698.16,4588.98,4615.32,1075050000,24021820000
2016-05-16,801750.SI,4595.16,4693.32,4575.68,4692.97,1090310000,24336830000
2016-05-17,801750.SI,4698.04,4810.65,4647.67,4753.59,1606070000,37917090000
2016-05-18,801750.SI,4697.62,4698.07,4543.19,4599.41,1595170000,34027430000
2016-05-19,801750.SI,4599.88,4744.37,4599.48,4642.18,1636210000,36533990000
2016-05-20,801750.SI,4586.09,4725.95,4570.12,4725.94,1524270000,34807350000
2016-05-23,801750.SI,4743.02,4812.92,4743.02,4801.92,1653390000,38600570000
2016-05-24,801750.SI,4787.24,4787.82,4713.86,4747.67,1318720000,30763560000
2016-05-25,801750.SI,4799.07,4857.12,4735.21,4748.01,1575470000,37765340000
2016-05-26,801750.SI,4727.68,4789.58,4625.43,4789.03,1623500000,37449320000
2016-05-27,801750.SI,4768.36,4798.44,4741.52,4748.79,1314680000,30757930000
2016-05-30,801750.SI,4711.71,4774.68,4667.21,4723.91,1149430000,24978040000
2016-05-31,801750.SI,4742.14,5011.85,4741.76,5005.32,2678120000,60771740000
2016-06-01,801750.SI,5019.61,5067.84,5013.14,5035.00,2629900000,64049420000
2016-06-02,801750.SI,5021.01,5083.15,5018.11,5082.83,2089390000,51740590000
2016-06-03,801750.SI,5081.01,5203.05,5063.28,5143.10,2635620000,66659670000
2016-06-06,801750.SI,5172.39,5188.75,5116.66,5149.90,2023590000,51582720000
2016-06-07,801750.SI,5149.63,5155.84,5099.55,5149.01,1674460000,43029480000
2016-06-08,801750.SI,5140.67,5186.31,5102.47,5146.58,1893240000,48248060000
2016-06-13,801750.SI,5067.00,5123.69,4836.98,4836.98,2244370000,53626150000
2016-06-14,801750.SI,4823.06,4880.75,4779.51,4840.81,1551590000,37420770000
2016-06-15,801750.SI,4785.34,5047.21,4781.65,5009.19,2066800000,49973150000
2016-06-16,801750.SI,4995.13,5016.36,4940.96,4959.81,1755490000,42797330000
2016-06-17,801750.SI,4978.30,5074.00,4961.43,4997.21,1743770000,43713020000
2016-06-20,801750.SI,4993.55,5040.42,4932.59,5025.80,1557860000,38538030000
2016-06-21,801750.SI,5068.49,5106.62,4930.30,4955.23,1927300000,48924400000
2016-06-22,801750.SI,4936.75,5098.44,4933.46,5098.19,1966700000,47784220000
2016-06-23,801750.SI,5101.90,5154.47,5069.27,5129.15,2468970000,56562320000
2016-06-24,801750.SI,5111.99,5167.92,4925.69,5085.81,2808520000,65008820000
2016-06-27,801750.SI,5043.08,5270.61,5041.44,5266.57,2903130000,68272860000
2016-06-28,801750.SI,5247.07,5341.94,5242.53,5334.15,3275800000,75757830000
2016-06-29,801750.SI,5371.62,5388.47,5302.95,5319.41,2672140000,61722300000
2016-06-30,801750.SI,5325.56,5354.93,5304.64,5336.06,2507420000,58038100000
2016-07-01,801750.SI,5345.96,5375.87,5289.87,5308.97,2237860000,52888370000
2016-07-04,801750.SI,5253.49,5422.67,5253.49,5413.30,2484600000,58326060000
2016-07-05,801750.SI,5414.38,5424.64,5362.34,5399.01,2337690000,55234430000
2016-07-06,801750.SI,5382.52,5420.22,5367.94,5397.64,1957790000,47074160000
2016-07-07,801750.SI,5388.32,5397.32,5268.53,5331.07,2151510000,51728080000
2016-07-08,801750.SI,5327.32,5404.83,5313.62,5361.35,1900360000,45124280000
2016-07-11,801750.SI,5374.26,5394.38,5303.92,5307.20,2465250000,58700580000
2016-07-12,801750.SI,5301.62,5390.73,5211.06,5390.57,2529060000,61577360000
2016-07-13,801750.SI,5407.31,5459.85,5369.81,5435.50,2485000000,57672060000
2016-07-14,801750.SI,5432.34,5477.87,5421.25,5477.41,2168120000,50316580000
2016-07-15,801750.SI,5482.95,5487.70,5412.97,5429.14,2017820000,47585170000
2016-07-18,801750.SI,5416.12,5431.48,5359.40,5395.01,1752910000,39807930000
2016-07-19,801750.SI,5388.40,5437.52,5357.38,5437.52,1723090000,38788450000
2016-07-20,801750.SI,5438.29,5470.78,5413.41,5434.66,1764300000,40847550000
2016-07-21,801750.SI,5433.96,5498.20,5421.07,5449.06,1919210000,45372850000
2016-07-22,801750.SI,5441.74,5474.33,5424.20,5427.45,2007190000,46645620000
2016-07-25,801750.SI,5416.35,5454.32,5385.48,5415.43,1806370000,40410630000
2016-07-26,801750.SI,5416.80,5482.00,5416.80,5481.69,1663010000,37592230000
2016-07-27,801750.SI,5485.38,5490.90,5149.59,5192.24,3174320000,68981260000
2016-07-28,801750.SI,5178.21,5206.95,5040.43,5112.59,2208510000,47130360000
2016-07-29,801750.SI,5123.93,5137.46,5032.85,5071.48,1492210000,31221290000
2016-08-01,801750.SI,5042.95,5042.95,4914.64,4975.73,1505990000,30632310000
2016-08-02,801750.SI,4974.95,5016.74,4968.26,5016.73,1049970000,21714020000
2016-08-03,801750.SI,5009.40,5050.94,4995.76,5034.09,1171610000,24356000000
2016-08-04,801750.SI,5032.97,5101.87,5022.20,5091.94,1288210000,27636010000
2016-08-05,801750.SI,5093.27,5114.31,5050.01,5050.01,1312110000,28012710000
2016-08-08,801750.SI,5039.43,5116.00,4995.65,5115.75,1276510000,28402970000
2016-08-09,801750.SI,5108.69,5166.18,5105.02,5165.76,1419100000,31835570000
2016-08-10,801750.SI,5166.92,5179.19,5130.14,5130.27,1263730000,28120600000
2016-08-11,801750.SI,5117.90,5127.73,5029.24,5029.24,1231330000,26969460000
2016-08-12,801750.SI,5025.98,5090.57,5018.22,5090.57,1077880000,23608100000
2016-08-15,801750.SI,5103.67,5284.26,5074.44,5268.19,2194270000,51156630000
2016-08-16,801750.SI,5272.20,5303.45,5267.85,5278.77,1724930000,40559200000
2016-08-17,801750.SI,5281.47,5321.37,5270.26,5304.21,1608250000,36860180000
2016-08-18,801750.SI,5300.70,5315.43,5265.52,5285.14,1604350000,36073540000
2016-08-19,801750.SI,5282.52,5305.12,5267.33,5284.35,1377420000,29559480000
2016-08-22,801750.SI,5293.35,5312.38,5212.72,5213.31,1511730000,34772960000
2016-08-23,801750.SI,5203.76,5248.70,5173.81,5219.00,1264690000,28546260000
2016-08-24,801750.SI,5225.53,5282.21,5214.90,5251.56,1264700000,28663840000
2016-08-25,801750.SI,5218.65,5220.17,5146.93,5210.75,1539020000,34697760000
2016-08-26,801750.SI,5227.00,5273.78,5208.65,5217.46,1588400000,33384180000
2016-08-29,801750.SI,5213.12,5241.80,5205.26,5226.38,1316700000,26035100000
2016-08-30,801750.SI,5230.85,5253.96,5208.80,5218.17,1325690000,27361880000
2016-08-31,801750.SI,5216.23,5226.86,5163.13,5209.30,1230040000,26088050000
2016-09-01,801750.SI,5208.17,5235.66,5183.12,5183.76,1374850000,27412090000
2016-09-02,801750.SI,5170.36,5196.68,5109.05,5140.19,1542400000,29552420000
2016-09-05,801750.SI,5157.26,5182.97,5128.18,5138.94,1142300000,23084940000
2016-09-06,801750.SI,5141.26,5240.04,5092.11,5239.84,1590550000,33438510000
2016-09-07,801750.SI,5237.31,5258.27,5213.07,5218.35,1684520000,34323000000
2016-09-08,801750.SI,5212.74,5254.34,5206.07,5236.32,1295720000,26800830000
2016-09-09,801750.SI,5237.35,5237.83,5173.70,5173.94,1294830000,28719860000
2016-09-12,801750.SI,5069.30,5084.81,4994.75,4995.30,1462230000,30160120000
2016-09-13,801750.SI,5030.15,5044.91,4999.83,5024.95,928730000,20232560000
2016-09-14,801750.SI,5000.26,5049.95,4986.15,5021.34,984610000,21017520000
2016-09-19,801750.SI,5028.94,5087.88,5028.70,5076.21,931630000,19785470000
2016-09-20,801750.SI,5078.48,5079.82,5048.02,5061.46,889820000,19076430000
2016-09-21,801750.SI,5058.73,5093.37,5055.41,5074.49,914040000,19304190000
2016-09-22,801750.SI,5106.23,5115.09,5080.38,5085.95,1091660000,22234520000
2016-09-23,801750.SI,5092.89,5099.29,5068.82,5068.94,1141710000,22821370000
2016-09-26,801750.SI,5066.01,5066.13,4950.90,4951.89,1338990000,26411890000
2016-09-27,801750.SI,4941.52,5011.01,4930.19,5010.56,1034070000,21012080000
2016-09-28,801750.SI,5016.88,5016.88,4979.74,4986.08,865070000,16720710000
2016-09-29,801750.SI,4994.76,5029.62,4994.12,5003.93,880000000,17535470000
2016-09-30,801750.SI,5002.59,5033.37,5002.35,5023.49,750500000,15055970000
2016-10-10,801750.SI,5068.38,5199.95,5068.26,5199.92,1655760000,36355630000
2016-10-11,801750.SI,5202.51,5209.74,5180.40,5205.37,1397160000,29695910000
2016-10-12,801750.SI,5190.92,5220.28,5184.21,5212.19,1206940000,25434230000
2016-10-13,801750.SI,5219.83,5235.71,5199.97,5220.52,1249960000,27177290000
2016-10-14,801750.SI,5212.43,5212.65,5165.01,5207.12,1185310000,26124200000
2016-10-17,801750.SI,5217.35,5225.93,5123.72,5135.72,1249620000,27653890000
2016-10-18,801750.SI,5123.93,5209.06,5122.47,5208.88,1457700000,30636050000
2016-10-19,801750.SI,5221.66,5228.62,5184.19,5197.61,1330720000,29044480000
2016-10-20,801750.SI,5204.16,5239.59,5194.57,5231.81,1343470000,29868030000
2016-10-21,801750.SI,5239.61,5241.69,5164.40,5205.39,1421860000,30336300000
2016-10-24,801750.SI,5215.30,5261.24,5194.38,5243.13,1489330000,32910080000
2016-10-25,801750.SI,5252.78,5281.76,5252.62,5271.94,1626770000,36154320000
2016-10-26,801750.SI,5266.51,5268.75,5211.88,5228.87,1636150000,34958110000
2016-10-27,801750.SI,5225.44,5249.16,5215.00,5237.21,1364740000,32584700000
2016-10-28,801750.SI,5234.39,5267.95,5196.15,5196.82,1536650000,35651650000
2016-10-31,801750.SI,5183.95,5189.97,5141.94,5180.43,1257330000,28788220000
2016-11-01,801750.SI,5186.76,5228.29,5186.65,5228.29,1214540000,28576120000
2016-11-02,801750.SI,5215.80,5227.89,5178.43,5182.48,1363190000,31885090000
2016-11-03,801750.SI,5168.33,5239.65,5164.48,5201.14,1498400000,34285590000
2016-11-04,801750.SI,5199.97,5225.03,5173.84,5185.16,1243480000,28691520000
2016-11-07,801750.SI,5184.30,5190.53,5156.35,5167.06,1049760000,24317910000
2016-11-08,801750.SI,5192.85,5226.85,5173.69,5219.07,1180870000,26780040000
2016-11-09,801750.SI,5223.74,5227.51,5097.60,5157.11,1458480000,34001610000
2016-11-10,801750.SI,5201.48,5222.91,5167.17,5220.03,1246280000,30522670000
2016-11-11,801750.SI,5220.62,5223.77,5182.76,5223.77,1410050000,33420640000
2016-11-14,801750.SI,5227.66,5287.35,5227.66,5270.64,1696430000,40311660000
2016-11-15,801750.SI,5271.78,5299.13,5238.68,5299.13,1518650000,35732620000
2016-11-16,801750.SI,5310.38,5335.03,5295.80,5295.88,1803380000,40324010000
2016-11-17,801750.SI,5280.57,5288.33,5222.85,5241.02,1333090000,28898230000
2016-11-18,801750.SI,5247.55,5260.21,5221.89,5227.25,1124000000,26278350000
2016-11-21,801750.SI,5220.60,5245.74,5220.14,5238.32,1146610000,28205250000
2016-11-22,801750.SI,5247.40,5297.07,5234.99,5297.07,1414650000,37063830000
2016-11-23,801750.SI,5305.00,5318.13,5256.34,5264.99,1717930000,42151200000
2016-11-24,801750.SI,5253.65,5264.20,5202.85,5215.91,1432120000,33635690000
2016-11-25,801750.SI,5209.24,5275.02,5134.83,5274.62,1848330000,40737150000
2016-11-28,801750.SI,5286.69,5292.98,5257.72,5261.73,1477210000,33662960000
2016-11-29,801750.SI,5254.60,5291.04,5232.42,5233.47,1564930000,34351550000
2016-11-30,801750.SI,5220.19,5302.96,5217.77,5264.15,1709850000,39302920000
2016-12-01,801750.SI,5264.33,5267.25,5235.68,5256.12,1342800000,30618230000
2016-12-02,801750.SI,5253.21,5255.95,5141.81,5141.87,1571300000,34744200000
2016-12-05,801750.SI,5089.83,5156.53,5086.27,5118.44,1103070000,23666180000
2016-12-06,801750.SI,5133.25,5149.46,5095.45,5096.39,936690000,21054500000
2016-12-07,801750.SI,5107.06,5141.43,5090.99,5141.23,1063320000,24642340000
2016-12-08,801750.SI,5148.91,5148.91,5089.90,5092.85,1151090000,25035930000
2016-12-09,801750.SI,5089.04,5097.20,5056.50,5063.34,1249810000,28103480000
2016-12-12,801750.SI,5055.70,5055.70,4744.94,4755.75,1938550000,39494290000
2016-12-13,801750.SI,4740.16,4771.85,4687.99,4752.87,1219900000,25299280000
2016-12-14,801750.SI,4746.45,4752.14,4684.06,4694.80,1032110000,21117440000
2016-12-15,801750.SI,4683.68,4778.40,4682.42,4741.42,1003560000,20700250000
2016-12-16,801750.SI,4740.32,4815.10,4737.11,4787.77,965000000,21009770000
2016-12-19,801750.SI,4776.61,4776.79,4733.44,4745.93,761850000,15791470000
2016-12-20,801750.SI,4752.10,4764.81,4726.71,4746.44,737200000,14551770000
2016-12-21,801750.SI,4759.61,4783.39,4754.60,4777.31,797180000,16577920000
2016-12-22,801750.SI,4777.53,4777.72,4740.69,4764.31,819190000,17368270000
2016-12-23,801750.SI,4772.11,4777.60,4729.14,4731.18,971230000,20166640000
2016-12-26,801750.SI,4712.30,4755.05,4652.57,4755.05,991280000,19851740000
2016-12-27,801750.SI,4756.73,4766.27,4744.53,4749.45,804610000,15848490000
2016-12-28,801750.SI,4751.01,4760.36,4724.60,4729.91,797930000,14965000000
2016-12-29,801750.SI,4727.77,4759.73,4721.10,4725.78,877520000,17478660000
2016-12-30,801750.SI,4724.12,4738.25,4698.06,4711.70,803090000,15991180000
2017-01-03,801750.SI,4723.45,4746.99,4722.94,4744.15,778760000,15703330000
2017-01-04,801750.SI,4747.20,4796.97,4736.32,4796.97,1050830000,21370220000
2017-01-05,801750.SI,4800.05,4811.73,4793.55,4798.57,1023070000,21242180000
2017-01-06,801750.SI,4790.89,4791.00,4727.97,4730.21,1121670000,23385890000
2017-01-09,801750.SI,4715.48,4741.73,4697.27,4740.33,936100000,19024760000
2017-01-10,801750.SI,4739.54,4759.32,4717.11,4718.78,909630000,18495250000
2017-01-11,801750.SI,4713.49,4732.19,4669.63,4670.00,970430000,20057100000
2017-01-12,801750.SI,4669.63,4681.14,4625.91,4629.81,865690000,17864240000
2017-01-13,801750.SI,4629.11,4634.71,4521.69,4524.91,1058120000,21643320000
2017-01-16,801750.SI,4509.11,4509.11,4231.30,4334.72,1414810000,25726330000
2017-01-17,801750.SI,4323.45,4429.20,4278.91,4419.30,1104370000,21385740000
2017-01-18,801750.SI,4391.69,4395.22,4364.78,4367.11,883600000,16893320000
2017-01-19,801750.SI,4356.14,4381.65,4331.02,4361.52,825380000,15182400000
2017-01-20,801750.SI,4355.49,4476.70,4355.49,4459.16,1124790000,21141480000
2017-01-23,801750.SI,4464.27,4500.15,4463.98,4481.11,953050000,18411620000
2017-01-24,801750.SI,4478.65,4478.73,4438.23,4445.17,845380000,15607610000
2017-01-25,801750.SI,4434.63,4480.59,4432.51,4468.17,785560000,14756470000
2017-01-26,801750.SI,4473.98,4498.51,4472.49,4496.57,692280000,13424690000
2017-02-03,801750.SI,4501.15,4516.88,4471.73,4496.35,682970000,12861120000
2017-02-06,801750.SI,4496.54,4545.82,4486.19,4544.66,958400000,18265000000
2017-02-07,801750.SI,4539.41,4541.99,4496.04,4518.09,820730000,16207670000
2017-02-08,801750.SI,4514.79,4564.69,4497.73,4564.69,936770000,18544090000
2017-02-09,801750.SI,4563.52,4595.42,4557.44,4591.34,1142730000,22534230000
2017-02-10,801750.SI,4588.98,4589.13,4553.25,4556.41,1006840000,20532090000
2017-02-13,801750.SI,4550.97,4601.97,4541.26,4592.03,1052220000,20797700000
2017-02-14,801750.SI,4592.33,4599.03,4576.17,4584.66,938060000,20070110000
2017-02-15,801750.SI,4585.74,4598.15,4529.06,4535.05,1085560000,22914860000
2017-02-16,801750.SI,4533.20,4555.10,4519.55,4551.65,863850000,17627980000
2017-02-17,801750.SI,4551.85,4578.40,4513.69,4517.04,1091490000,21170640000
2017-02-20,801750.SI,4517.36,4550.39,4498.54,4550.39,985140000,19513000000
2017-02-21,801750.SI,4553.02,4627.80,4550.09,4619.53,1426520000,26453550000
2017-02-22,801750.SI,4620.27,4635.71,4601.44,4634.50,1170300000,21942170000
2017-02-23,801750.SI,4638.42,4652.95,4615.67,4652.95,1206760000,22597950000
2017-02-24,801750.SI,4646.15,4684.22,4639.24,4679.85,1301420000,25501320000
2017-02-27,801750.SI,4683.44,4704.43,4649.97,4653.94,1262200000,24787960000
2017-02-28,801750.SI,4652.45,4674.79,4642.62,4673.04,1037330000,20619730000
2017-03-01,801750.SI,4668.54,4690.77,4662.53,4675.93,1088420000,22030000000
2017-03-02,801750.SI,4681.28,4685.64,4643.65,4643.79,926050000,18831880000
2017-03-03,801750.SI,4634.43,4672.94,4609.63,4670.97,951450000,19940870000
2017-03-06,801750.SI,4680.71,4746.21,4680.48,4746.20,1358360000,28388870000
2017-03-07,801750.SI,4750.07,4795.34,4740.21,4795.34,1673120000,35338520000
2017-03-08,801750.SI,4797.12,4797.12,4741.27,4750.97,1274880000,26543440000
2017-03-09,801750.SI,4743.88,4747.21,4719.88,4736.06,1163980000,24460570000
2017-03-10,801750.SI,4740.23,4759.64,4732.40,4738.51,1072440000,23832560000
2017-03-13,801750.SI,4738.54,4786.98,4716.14,4786.98,1261870000,27902570000
2017-03-14,801750.SI,4793.05,4799.81,4768.55,4777.43,1237310000,27518560000
2017-03-15,801750.SI,4766.72,4769.62,4743.69,4756.94,1043690000,24072290000
2017-03-16,801750.SI,4765.82,4813.37,4765.75,4812.67,1395640000,30283960000
2017-03-17,801750.SI,4817.51,4857.58,4778.55,4778.71,1796550000,37585310000
2017-03-20,801750.SI,4777.27,4795.09,4755.91,4795.05,1451430000,29268140000
2017-03-21,801750.SI,4792.26,4813.52,4787.19,4807.95,1251600000,27813570000
2017-03-22,801750.SI,4783.65,4795.99,4741.39,4784.01,1352700000,30401840000
2017-03-23,801750.SI,4790.86,4811.92,4740.05,4783.14,1328700000,31627510000
2017-03-24,801750.SI,4778.51,4816.60,4776.54,4814.97,1156740000,26503580000
2017-03-27,801750.SI,4815.15,4817.27,4782.08,4783.77,1076810000,23790460000
2017-03-28,801750.SI,4779.43,4792.82,4749.90,4754.21,895780000,20629400000
2017-03-29,801750.SI,4763.12,4769.20,4710.82,4711.23,1070120000,23348080000
2017-03-30,801750.SI,4700.80,4702.46,4597.31,4599.47,1353180000,27231670000
2017-03-31,801750.SI,4603.29,4630.89,4583.66,4608.14,997660000,21983290000
2017-04-05,801750.SI,4626.30,4697.16,4625.91,4697.16,1221600000,25112720000
2017-04-06,801750.SI,4709.01,4746.28,4703.23,4726.20,1364640000,27316880000
2017-04-07,801750.SI,4724.53,4744.90,4718.65,4734.40,1490700000,28599490000
2017-04-10,801750.SI,4720.08,4720.08,4641.90,4650.00,1717090000,33745230000
2017-04-11,801750.SI,4639.57,4688.48,4617.72,4688.48,1733180000,33514510000
2017-04-12,801750.SI,4669.22,4669.22,4610.81,4613.26,1281490000,24844200000
2017-04-13,801750.SI,4606.22,4652.45,4606.22,4628.58,996630000,19294750000
2017-04-14,801750.SI,4635.00,4637.30,4588.85,4594.98,1188170000,22799730000
2017-04-17,801750.SI,4575.44,4584.03,4530.62,4553.39,1070240000,20472060000
2017-04-18,801750.SI,4549.16,4569.70,4488.59,4491.07,1166440000,22176160000
2017-04-19,801750.SI,4476.73,4482.73,4411.05,4463.51,1207090000,22226270000
2017-04-20,801750.SI,4459.37,4482.50,4436.21,4475.34,1166810000,21990310000
2017-04-21,801750.SI,4473.09,4489.82,4449.14,4451.49,749090000,15014260000
2017-04-24,801750.SI,4447.38,4447.45,4345.44,4367.65,946220000,17273770000
2017-04-25,801750.SI,4370.94,4433.50,4370.52,4392.80,945620000,18273900000
2017-04-26,801750.SI,4389.55,4410.01,4386.44,4398.78,954930000,17940390000
2017-04-27,801750.SI,4383.25,4426.81,4294.88,4422.14,1333400000,24851390000
2017-04-28,801750.SI,4401.87,4429.05,4401.87,4429.05,886950000,17370670000
2017-05-02,801750.SI,4409.77,4423.42,4384.82,4397.32,905340000,17547900000
2017-05-03,801750.SI,4388.15,4412.08,4377.37,4399.15,939370000,18752940000
2017-05-04,801750.SI,4399.29,4448.07,4372.73,4412.93,1098440000,20307490000
2017-05-05,801750.SI,4398.86,4411.07,4356.07,4356.16,1076720000,20035900000
2017-05-08,801750.SI,4352.35,4389.13,4317.05,4318.10,1090360000,20969970000
2017-05-09,801750.SI,4294.02,4333.08,4265.92,4333.08,968970000,18592020000
2017-05-10,801750.SI,4332.38,4373.67,4280.30,4284.12,1236000000,22821490000
2017-05-11,801750.SI,4252.10,4259.44,4145.34,4238.92,1381790000,23513810000
2017-05-12,801750.SI,4222.62,4235.57,4192.14,4220.08,1021690000,18031510000
2017-05-15,801750.SI,4283.98,4315.10,4283.77,4296.22,1211280000,22313240000
2017-05-16,801750.SI,4280.16,4376.88,4245.47,4376.88,1587160000,29013370000
2017-05-17,801750.SI,4370.29,4405.27,4358.91,4362.64,1542690000,29950830000
2017-05-18,801750.SI,4321.24,4370.51,4321.24,4339.29,1122120000,21468480000
2017-05-19,801750.SI,4336.50,4352.80,4295.69,4339.29,1055110000,19543030000
2017-05-22,801750.SI,4325.95,4357.92,4275.32,4286.57,1164470000,21237130000
2017-05-23,801750.SI,4269.50,4291.64,4168.97,4170.64,1254550000,22038360000
2017-05-24,801750.SI,4145.03,4198.01,4091.87,4198.01,1063130000,17977260000
2017-05-25,801750.SI,4187.93,4240.06,4139.20,4226.65,1217160000,20721970000
2017-05-26,801750.SI,4223.09,4242.60,4203.76,4223.43,1083390000,19426330000
2017-05-31,801750.SI,4263.21,4273.71,4207.23,4208.14,1083780000,20160670000
2017-06-01,801750.SI,4189.45,4204.62,4113.57,4113.57,1168610000,20355990000
2017-06-02,801750.SI,4092.78,4169.41,4067.27,4162.21,1104450000,18897820000
2017-06-05,801750.SI,4162.27,4207.53,4156.56,4196.80,1024310000,17941080000
2017-06-06,801750.SI,4181.95,4230.76,4176.86,4230.55,1041530000,18101990000
2017-06-07,801750.SI,4226.14,4340.52,4223.56,4330.64,1496000000,25920200000
2017-06-08,801750.SI,4329.24,4355.38,4316.66,4326.46,1357700000,24011400000
2017-06-09,801750.SI,4323.42,4358.12,4310.86,4351.55,1121750000,20121280000
2017-06-12,801750.SI,4323.95,4326.72,4261.97,4270.70,1010410000,18743160000
2017-06-13,801750.SI,4259.65,4338.84,4259.65,4328.64,1011030000,17804710000
2017-06-14,801750.SI,4322.87,4326.77,4283.87,4297.88,1036860000,18601910000
2017-06-15,801750.SI,4292.31,4379.03,4292.31,4373.23,1609220000,27965670000
2017-06-16,801750.SI,4371.90,4380.95,4343.33,4361.77,1129340000,20179870000
2017-06-19,801750.SI,4357.94,4377.54,4353.26,4377.54,1021550000,18669830000
2017-06-20,801750.SI,4388.48,4412.72,4373.16,4378.61,1357150000,22792410000
2017-06-21,801750.SI,4382.71,4410.94,4368.71,4410.33,1376520000,24571430000
2017-06-22,801750.SI,4409.43,4439.89,4351.12,4351.20,1532900000,27451360000
2017-06-23,801750.SI,4350.22,4368.78,4296.94,4365.74,1340710000,23118650000
2017-06-26,801750.SI,4368.06,4426.75,4367.43,4426.75,1305060000,23824900000
2017-06-27,801750.SI,4428.64,4440.37,4406.42,4425.36,1093210000,19586780000
2017-06-28,801750.SI,4420.10,4433.80,4380.49,4395.96,1137450000,21542540000
2017-06-29,801750.SI,4397.23,4486.77,4397.21,4465.47,1461390000,28903170000
2017-06-30,801750.SI,4440.51,4466.11,4426.09,4455.12,1096960000,20400190000
2017-07-03,801750.SI,4455.01,4503.49,4444.58,4502.69,1302380000,23678600000
2017-07-04,801750.SI,4497.77,4504.61,4476.69,4497.11,1141070000,21929340000
2017-07-05,801750.SI,4491.22,4525.15,4483.14,4525.15,1439070000,27196350000
2017-07-06,801750.SI,4508.91,4528.30,4474.10,4506.53,1582800000,30471100000
2017-07-07,801750.SI,4492.84,4502.15,4486.54,4494.48,1456140000,27692830000
2017-07-10,801750.SI,4485.02,4490.07,4439.49,4443.15,1384280000,26232010000
2017-07-11,801750.SI,4436.49,4450.18,4369.63,4369.63,1226990000,23707950000
2017-07-12,801750.SI,4363.00,4380.49,4284.87,4347.09,1254730000,23172360000
2017-07-13,801750.SI,4341.08,4342.63,4323.96,4337.02,941470000,17806980000
2017-07-14,801750.SI,4331.25,4334.81,4290.35,4303.36,970560000,17126010000
2017-07-17,801750.SI,4267.65,4268.13,4042.67,4042.96,1796370000,28907990000
2017-07-18,801750.SI,4007.98,4072.07,3978.65,4059.23,1236810000,19686850000
2017-07-19,801750.SI,4043.38,4088.56,4014.78,4088.13,1071560000,18505020000
2017-07-20,801750.SI,4084.28,4147.78,4082.64,4108.26,1179330000,21537500000
2017-07-21,801750.SI,4117.82,4140.08,4099.16,4104.92,1032700000,18677020000
2017-07-24,801750.SI,4094.53,4121.03,4070.86,4121.02,1169430000,18705030000
2017-07-25,801750.SI,4112.86,4119.20,4080.74,4099.54,980890000,16456760000
2017-07-26,801750.SI,4096.96,4104.27,4068.02,4088.10,907920000,15059250000
2017-07-27,801750.SI,4080.37,4266.65,4075.50,4264.91,2096060000,34826590000
2017-07-28,801750.SI,4258.03,4264.29,4226.87,4226.87,1622680000,26532340000
2017-07-31,801750.SI,4218.73,4270.91,4207.88,4243.45,1443000000,23350710000
2017-08-01,801750.SI,4239.66,4259.03,4223.73,4257.52,1343590000,22131810000
2017-08-02,801750.SI,4254.10,4254.70,4206.56,4207.66,1488420000,23353620000
2017-08-03,801750.SI,4196.43,4227.25,4196.43,4226.54,1624230000,26898580000
2017-08-04,801750.SI,4220.16,4237.51,4206.22,4206.42,1373550000,21450640000
2017-08-07,801750.SI,4204.20,4248.68,4204.20,4222.91,1067140000,16637780000
2017-08-08,801750.SI,4221.76,4292.43,4215.11,4292.43,1632000000,27039350000
2017-08-09,801750.SI,4281.75,4298.14,4266.08,4273.13,1301870000,20768560000
2017-08-10,801750.SI,4264.90,4302.11,4218.35,4238.62,1429450000,24879150000
2017-08-11,801750.SI,4204.30,4246.56,4193.77,4199.66,1432030000,23741350000
2017-08-14,801750.SI,4211.44,4371.17,4211.34,4371.06,2157800000,36581940000
2017-08-15,801750.SI,4387.98,4403.79,4373.54,4403.78,2077860000,33861750000
2017-08-16,801750.SI,4397.96,4540.54,4391.17,4508.42,2946380000,49606180000
2017-08-17,801750.SI,4488.81,4656.76,4483.82,4596.18,3342200000,59396210000
2017-08-18,801750.SI,4563.90,4610.85,4542.04,4559.96,2307960000,41922480000
2017-08-21,801750.SI,4562.98,4615.50,4560.57,4613.21,1967130000,38861070000
2017-08-22,801750.SI,4608.58,4613.21,4546.84,4559.09,1936980000,38606160000
2017-08-23,801750.SI,4552.80,4569.39,4525.05,4537.56,1667600000,32089660000
2017-08-24,801750.SI,4530.66,4534.79,4480.32,4489.55,1635130000,29844980000
2017-08-25,801750.SI,4494.27,4566.98,4494.22,4565.49,1646950000,31258810000
2017-08-28,801750.SI,4572.57,4689.80,4565.83,4618.40,2504480000,52927900000
2017-08-29,801750.SI,4605.15,4615.61,4564.92,4575.41,1932990000,37884500000
2017-08-30,801750.SI,4571.25,4616.45,4571.25,4590.75,1788450000,32904910000
2017-08-31,801750.SI,4595.12,4623.53,4587.46,4623.48,1735680000,34116030000
2017-09-01,801750.SI,4632.04,4734.44,4616.74,4729.65,2575960000,50566250000
2017-09-04,801750.SI,4724.26,4842.58,4718.95,4815.84,3175830000,61245640000
2017-09-05,801750.SI,4807.03,4844.32,4785.73,4821.08,2404220000,48660330000
2017-09-06,801750.SI,4799.85,4875.56,4778.66,4875.56,2534450000,49078860000
2017-09-07,801750.SI,4873.61,4927.51,4815.49,4819.60,2805710000,55653220000
2017-09-08,801750.SI,4808.81,4822.11,4751.96,4792.32,1990730000,40239910000
2017-09-11,801750.SI,4783.93,4805.34,4769.77,4805.34,1648690000,31861890000
2017-09-12,801750.SI,4803.71,4850.39,4763.63,4818.18,2402980000,47151420000
2017-09-13,801750.SI,4806.57,4828.55,4789.94,4812.15,1726910000,31427510000
2017-09-14,801750.SI,4807.35,4840.01,4776.25,4787.29,1863310000,34430820000
2017-09-15,801750.SI,4769.19,4787.29,4711.77,4720.93,1609090000,30799920000
2017-09-18,801750.SI,4718.74,4765.38,4718.46,4765.33,1433500000,26621190000
2017-09-19,801750.SI,4769.32,4777.81,4722.22,4731.18,1504910000,29580070000
2017-09-20,801750.SI,4719.56,4785.57,4714.52,4785.14,1720960000,31929270000
2017-09-21,801750.SI,4789.16,4805.44,4716.22,4716.79,1897430000,34674680000
2017-09-22,801750.SI,4699.85,4700.60,4649.68,4678.31,1695570000,30693610000
2017-09-25,801750.SI,4670.82,4702.10,4622.37,4625.49,1467900000,27201720000
2017-09-26,801750.SI,4616.10,4632.33,4573.64,4607.03,1378440000,25403280000
2017-09-27,801750.SI,4605.34,4650.63,4604.07,4641.15,1223150000,22873480000
2017-09-28,801750.SI,4638.61,4695.08,4637.44,4647.22,1542590000,29148530000
2017-09-29,801750.SI,4648.10,4678.58,4648.07,4678.58,1504830000,25922540000
2017-10-09,801750.SI,4746.62,4785.86,4697.03,4782.27,2092080000,38339800000
2017-10-10,801750.SI,4784.52,4870.16,4780.71,4869.90,2304200000,42827240000
2017-10-11,801750.SI,4867.59,4871.13,4795.65,4799.24,2202020000,43294040000
2017-10-12,801750.SI,4795.42,4828.64,4755.64,4791.25,1848850000,34209770000
2017-10-13,801750.SI,4786.65,4801.80,4767.18,4797.49,1539600000,29393440000
2017-10-16,801750.SI,4793.62,4793.78,4651.59,4651.59,2056870000,37895910000
2017-10-17,801750.SI,4635.38,4655.52,4602.60,4622.53,1213820000,24337560000
2017-10-18,801750.SI,4626.06,4645.44,4542.67,4542.83,1347930000,25326580000
2017-10-19,801750.SI,4551.61,4566.33,4482.72,4496.58,1437410000,23580790000
2017-10-20,801750.SI,4488.53,4550.97,4480.15,4550.97,1096610000,18909290000
2017-10-23,801750.SI,4550.00,4574.68,4549.72,4574.52,1068610000,18373110000
2017-10-24,801750.SI,4570.76,4570.81,4493.58,4541.09,1179400000,20470850000
2017-10-25,801750.SI,4535.09,4576.17,4533.30,4576.16,1056260000,19742380000
2017-10-26,801750.SI,4567.17,4589.12,4544.27,4583.05,1200720000,22373180000
2017-10-27,801750.SI,4579.27,4584.35,4530.22,4532.19,1174300000,21041940000
2017-10-30,801750.SI,4523.16,4526.98,4374.09,4411.66,1674680000,28788540000
2017-10-31,801750.SI,4403.04,4454.14,4403.02,4451.58,1144350000,21179810000
2017-11-01,801750.SI,4451.40,4505.04,4443.22,4479.80,1301080000,25372390000
2017-11-02,801750.SI,4476.06,4500.46,4451.79,4467.49,1434740000,29252280000
2017-11-03,801750.SI,4463.28,4486.62,4414.76,4442.08,1312170000,26346320000
2017-11-06,801750.SI,4448.41,4497.77,4436.40,4497.59,1160080000,23830710000
2017-11-07,801750.SI,4504.67,4564.84,4497.90,4564.59,1486530000,32354320000
2017-11-08,801750.SI,4564.86,4603.61,4555.91,4579.59,1712000000,34887910000
2017-11-09,801750.SI,4570.69,4621.20,4556.02,4620.96,1699400000,31367180000
2017-11-10,801750.SI,4614.01,4635.05,4601.58,4618.77,1685340000,32955150000
2017-11-13,801750.SI,4609.95,4683.54,4590.88,4683.54,1940240000,41900150000
2017-11-14,801750.SI,4679.87,4712.74,4652.59,4670.65,1996920000,43102820000
2017-11-15,801750.SI,4648.15,4659.50,4573.13,4578.69,1497090000,34081880000
2017-11-16,801750.SI,4585.00,4644.14,4572.86,4591.42,1471430000,32416380000
2017-11-17,801750.SI,4588.69,4596.27,4433.45,4437.28,2026130000,40735720000
2017-11-20,801750.SI,4417.31,4507.43,4356.90,4507.43,1642190000,34933830000
2017-11-21,801750.SI,4496.09,4512.58,4459.20,4504.88,1549670000,33276470000
2017-11-22,801750.SI,4497.38,4586.38,4467.48,4518.53,1625700000,36683910000
2017-11-23,801750.SI,4491.74,4492.48,4385.06,4385.78,1574760000,33295530000
2017-11-24,801750.SI,4362.88,4400.73,4328.52,4330.52,1212970000,25557390000
2017-11-27,801750.SI,4324.60,4346.17,4248.46,4253.53,1177660000,23203080000
2017-11-28,801750.SI,4260.16,4377.20,4259.65,4375.85,1159270000,24010490000
2017-11-29,801750.SI,4368.75,4368.79,4279.64,4339.23,1187560000,23890860000
2017-11-30,801750.SI,4322.24,4345.76,4284.69,4298.86,1037000000,19234970000
2017-12-01,801750.SI,4289.36,4389.73,4289.29,4379.02,1325890000,24733520000
2017-12-04,801750.SI,4373.55,4373.85,4298.39,4305.05,1179940000,22911050000
2017-12-05,801750.SI,4289.37,4303.97,4108.96,4140.64,1425640000,27060030000
2017-12-06,801750.SI,4136.11,4208.23,4095.70,4208.23,1148320000,21440970000
2017-12-07,801750.SI,4185.65,4219.83,4172.92,4183.22,1013620000,17841350000
2017-12-08,801750.SI,4182.19,4262.85,4182.19,4229.78,1150000000,20902000000
2017-12-11,801750.SI,4303.13,4371.30,4302.83,4351.19,1715190000,30747830000
2017-12-12,801750.SI,4351.69,4351.75,4307.56,4307.65,1351830000,25436280000
2017-12-13,801750.SI,4301.60,4337.15,4294.50,4336.88,1100160000,20239160000
2017-12-14,801750.SI,4327.48,4359.59,4319.57,4347.00,1348410000,24989480000
2017-12-15,801750.SI,4347.82,4371.91,4322.40,4337.39,1439570000,26898210000
2017-12-18,801750.SI,4334.63,4340.88,4255.55,4262.10,1233260000,23788760000
2017-12-19,801750.SI,4261.28,4328.91,4260.85,4328.91,1427240000,24891970000
2017-12-20,801750.SI,4320.86,4326.92,4266.69,4278.43,1318950000,23030370000
2017-12-21,801750.SI,4263.32,4299.10,4226.57,4286.05,1334620000,23633380000
2017-12-22,801750.SI,4279.76,4294.25,4244.81,4247.68,1045480000,18596610000
2017-12-25,801750.SI,4238.50,4240.28,4158.51,4171.98,1156060000,19802980000
2017-12-26,801750.SI,4168.40,4206.44,4147.32,4203.00,949280000,16507190000
2017-12-27,801750.SI,4200.97,4202.97,4152.20,4153.98,1015880000,17992760000
2017-12-28,801750.SI,4147.09,4188.51,4139.52,4146.84,1048120000,18529940000
2017-12-29,801750.SI,4150.45,4181.16,4150.09,4180.95,960890000,15774270000
2018-01-02,801750.SI,4196.92,4223.53,4172.89,4223.53,1061520000,17692890000
2018-01-03,801750.SI,4223.02,4274.16,4208.96,4273.96,1455460000,26304860000
2018-01-04,801750.SI,4265.45,4272.20,4248.51,4260.64,1201000000,22341930000
2018-01-05,801750.SI,4275.25,4301.91,4256.21,4257.08,1337920000,23927810000
2018-01-08,801750.SI,4258.19,4258.19,4203.08,4243.28,1459290000,25746430000
2018-01-09,801750.SI,4234.13,4234.29,4211.67,4224.73,1168990000,20208830000
2018-01-10,801750.SI,4228.47,4274.61,4212.54,4273.08,2001050000,32112840000
2018-01-11,801750.SI,4265.61,4430.11,4252.38,4418.68,3070540000,51033360000
2018-01-12,801750.SI,4414.73,4414.89,4335.28,4336.36,2270160000,38145930000
2018-01-15,801750.SI,4302.06,4302.13,4177.69,4192.69,2254540000,36106230000
2018-01-16,801750.SI,4195.72,4214.74,4173.35,4198.08,1698590000,28445200000
2018-01-17,801750.SI,4153.58,4153.64,4054.32,4127.35,1759230000,28785350000
2018-01-18,801750.SI,4116.88,4141.87,4105.00,4108.86,1142970000,18557460000
2018-01-19,801750.SI,4113.90,4150.82,4106.22,4120.66,1320310000,21019110000
2018-01-22,801750.SI,4112.72,4205.84,4065.17,4190.60,1607630000,26305290000
2018-01-23,801750.SI,4179.08,4205.53,4165.48,4180.32,1189990000,19391050000
2018-01-24,801750.SI,4177.65,4289.57,4152.58,4289.51,1952750000,33658530000
2018-01-25,801750.SI,4275.90,4344.95,4255.29,4255.29,1844510000,31520570000
2018-01-26,801750.SI,4242.86,4289.90,4242.11,4262.87,1399560000,22794580000
2018-01-29,801750.SI,4254.63,4270.55,4163.82,4179.31,1473720000,23906910000
2018-01-30,801750.SI,4174.83,4204.77,4165.34,4177.11,1064800000,17182880000
2018-01-31,801750.SI,4143.34,4143.52,4025.95,4028.31,1565310000,24387050000
2018-02-01,801750.SI,4026.36,4039.85,3880.39,3887.59,1572270000,24188370000
2018-02-02,801750.SI,3867.08,3931.91,3803.95,3888.73,1329550000,19703030000
2018-02-05,801750.SI,3824.41,3878.14,3815.11,3845.64,990800000,15343170000
2018-02-06,801750.SI,3764.67,3802.66,3621.31,3623.45,1630620000,24212300000
2018-02-07,801750.SI,3696.22,3711.13,3566.71,3674.18,1524780000,22497590000
2018-02-08,801750.SI,3664.63,3758.99,3664.27,3752.19,1272860000,19530250000
2018-02-09,801750.SI,3652.42,3726.39,3601.55,3658.57,1558360000,21877160000
2018-02-12,801750.SI,3684.88,3809.82,3683.65,3789.52,1381290000,20609260000
2018-02-13,801750.SI,3816.88,3851.90,3785.74,3792.60,1407900000,22075880000
2018-02-14,801750.SI,3792.79,3797.93,3764.41,3778.89,855530000,13329310000
2018-02-22,801750.SI,3810.70,3887.08,3798.64,3882.67,1172290000,19281770000
2018-02-23,801750.SI,3879.18,3892.45,3842.07,3871.38,1172240000,17907090000
2018-02-26,801750.SI,3901.74,4007.11,3900.99,3989.77,1769930000,28563780000
2018-02-27,801750.SI,3993.82,4073.73,3984.79,4037.72,1989850000,31961320000
2018-02-28,801750.SI,4007.33,4110.92,3986.68,4074.09,2017080000,32079560000
2018-03-01,801750.SI,4045.51,4259.16,4038.44,4259.09,2873590000,46410680000
2018-03-02,801750.SI,4240.52,4295.88,4197.33,4214.52,2551180000,42835160000
2018-03-05,801750.SI,4253.00,4306.90,4227.64,4306.90,2161940000,37244260000
2018-03-06,801750.SI,4313.51,4354.26,4288.97,4308.11,2547900000,44442390000
2018-03-07,801750.SI,4291.90,4309.33,4255.92,4265.64,2031530000,34979120000
2018-03-08,801750.SI,4252.97,4291.66,4252.89,4281.61,1925440000,33780050000
2018-03-09,801750.SI,4276.65,4442.54,4271.58,4426.23,3116590000,52447450000
2018-03-12,801750.SI,4466.69,4557.70,4466.50,4516.37,3491180000,59893500000
2018-03-13,801750.SI,4498.60,4573.12,4464.40,4513.14,3012740000,53190860000
2018-03-14,801750.SI,4485.07,4503.45,4388.11,4390.15,2515910000,46894790000
2018-03-15,801750.SI,4362.86,4395.17,4294.89,4386.24,2219360000,39041770000
2018-03-16,801750.SI,4393.45,4436.76,4372.10,4372.31,2220170000,37997710000
2018-03-19,801750.SI,4374.25,4483.85,4361.59,4428.90,2396930000,41841410000
2018-03-20,801750.SI,4369.68,4437.56,4359.31,4434.52,2044000000,35798530000
2018-03-21,801750.SI,4442.94,4482.55,4347.71,4347.86,2375550000,42460960000
2018-03-22,801750.SI,4357.30,4421.59,4338.64,4362.29,2129200000,38898910000
2018-03-23,801750.SI,4200.88,4266.13,4043.69,4088.18,3011480000,49999950000
2018-03-26,801750.SI,4028.24,4255.90,4011.75,4254.79,2335330000,41253260000
2018-03-27,801750.SI,4310.36,4468.50,4310.22,4468.14,3397140000,62225180000
2018-03-28,801750.SI,4400.38,4504.05,4393.49,4459.97,3064200000,56034380000
2018-03-29,801750.SI,4482.88,4547.16,4449.20,4489.16,2631000000,47509340000
2018-03-30,801750.SI,4519.45,4654.54,4519.34,4654.54,3293900000,61531040000
2018-04-02,801750.SI,4694.29,4809.86,4655.27,4726.98,4055520000,75406110000
2018-04-03,801750.SI,4636.31,4660.52,4569.43,4660.52,2895980000,53118280000
2018-04-04,801750.SI,4676.78,4688.11,4535.51,4543.68,2330050000,44426690000
2018-04-09,801750.SI,4533.41,4647.64,4490.14,4604.58,2287610000,43833510000
2018-04-10,801750.SI,4611.97,4613.63,4487.92,4567.17,2457310000,46448730000
2018-04-11,801750.SI,4579.99,4654.20,4579.77,4604.34,2786850000,49032650000
2018-04-12,801750.SI,4593.97,4637.58,4568.22,4575.60,2396910000,44008570000
2018-04-13,801750.SI,4624.06,4661.09,4599.46,4623.27,2634780000,47576080000
2018-04-16,801750.SI,4599.15,4757.66,4593.21,4757.66,3673740000,65157700000
2018-04-17,801750.SI,4767.18,4781.45,4564.07,4569.82,3270000000,59418180000
2018-04-18,801750.SI,4600.16,4799.73,4535.28,4775.91,3646400000,66808330000
2018-04-19,801750.SI,4754.08,4855.69,4737.73,4744.78,3745010000,68172420000
2018-04-20,801750.SI,4713.52,4786.27,4627.97,4634.30,3204040000,57066990000
2018-04-23,801750.SI,4659.79,4685.52,4449.88,4539.85,3223140000,56273780000
2018-04-24,801750.SI,4513.53,4688.54,4478.70,4688.38,3217430000,56225280000
2018-04-25,801750.SI,4651.17,4765.05,4646.70,4733.03,3703520000,65430470000
2018-04-26,801750.SI,4725.16,4752.60,4646.09,4646.64,3360140000,56906470000
2018-04-27,801750.SI,4672.87,4689.01,4553.29,4607.68,2755050000,47493450000
2018-05-02,801750.SI,4607.22,4648.51,4490.49,4536.06,2568420000,42673840000
2018-05-03,801750.SI,4523.26,4620.54,4407.96,4620.45,2728720000,46002680000
2018-05-04,801750.SI,4592.13,4627.69,4556.29,4556.29,2169080000,38461690000
2018-05-07,801750.SI,4574.06,4687.42,4556.29,4676.87,2272480000,40154430000
2018-05-08,801750.SI,4680.51,4703.60,4647.53,4703.36,2299570000,40292270000
2018-05-09,801750.SI,4691.54,4714.23,4653.06,4682.89,2126410000,36060190000
2018-05-10,801750.SI,4686.47,4690.49,4590.77,4639.07,2258100000,37297300000
2018-05-11,801750.SI,4645.38,4645.60,4564.72,4564.74,2069300000,33977430000
2018-05-14,801750.SI,4554.35,4591.98,4483.21,4495.95,1953310000,33909120000
2018-05-15,801750.SI,4504.71,4591.24,4477.08,4591.24,1886970000,32743130000
2018-05-16,801750.SI,4562.87,4580.86,4521.50,4524.89,1754600000,31383410000
2018-05-17,801750.SI,4522.20,4549.60,4493.83,4508.48,1556160000,26529730000
2018-05-18,801750.SI,4503.48,4524.03,4435.96,4505.66,1585820000,28359650000
2018-05-21,801750.SI,4526.99,4618.66,4508.35,4603.27,1928000000,34850950000
2018-05-22,801750.SI,4596.00,4618.80,4573.11,4618.80,1759860000,31616830000
2018-05-23,801750.SI,4604.19,4654.94,4592.61,4599.20,2086930000,37865270000
2018-05-24,801750.SI,4602.41,4623.01,4580.32,4581.36,1590490000,30002950000
2018-05-25,801750.SI,4572.34,4577.53,4467.25,4467.42,1876390000,32904720000
2018-05-28,801750.SI,4473.38,4494.04,4417.30,4421.70,1959510000,31529040000
2018-05-29,801750.SI,4418.73,4479.19,4398.09,4399.77,1808970000,29813050000
2018-05-30,801750.SI,4327.36,4364.04,4252.79,4259.92,2090370000,35031870000
2018-05-31,801750.SI,4303.88,4329.72,4229.85,4309.97,1822220000,31510680000
2018-06-01,801750.SI,4283.36,4326.15,4233.16,4261.90,1643120000,28540020000
2018-06-04,801750.SI,4280.85,4289.31,4212.95,4243.66,1413260000,24609320000
2018-06-05,801750.SI,4250.01,4372.40,4249.56,4372.20,1618340000,27730150000
2018-06-06,801750.SI,4369.39,4398.23,4351.12,4370.15,1486360000,26286810000
2018-06-07,801750.SI,4390.46,4397.56,4329.27,4332.11,1361220000,23880300000
2018-06-08,801750.SI,4325.67,4335.03,4265.45,4299.57,1535700000,26168900000
2018-06-11,801750.SI,4282.33,4313.58,4253.36,4269.73,1324890000,23123960000
2018-06-12,801750.SI,4269.54,4298.64,4191.25,4294.47,1422220000,24467690000
2018-06-13,801750.SI,4278.52,4292.35,4199.11,4199.11,1408650000,24163860000
2018-06-14,801750.SI,4182.87,4236.47,4164.24,4174.19,1300810000,22091660000
2018-06-15,801750.SI,4177.29,4181.14,4030.69,4049.55,1655680000,25976850000
2018-06-19,801750.SI,3959.10,3982.35,3693.32,3733.93,1900620000,27833330000
2018-06-20,801750.SI,3706.82,3814.16,3677.67,3777.25,1710530000,25250710000
2018-06-21,801750.SI,3773.49,3790.75,3615.42,3615.59,1747960000,24585290000
2018-06-22,801750.SI,3591.82,3710.49,3567.49,3694.49,1426820000,19561500000
2018-06-25,801750.SI,3727.47,3744.75,3662.16,3666.27,1295240000,17890240000
2018-06-26,801750.SI,3606.12,3813.25,3595.38,3803.03,1862900000,25702410000
2018-06-27,801750.SI,3805.65,3840.91,3774.24,3793.25,1584020000,22333200000
2018-06-28,801750.SI,3785.53,3849.90,3752.38,3754.47,1419520000,20856210000
2018-06-29,801750.SI,3763.39,3954.52,3762.59,3952.70,2113340000,31739570000
2018-07-02,801750.SI,3954.00,3969.69,3859.31,3906.30,1881370000,28617230000
2018-07-03,801750.SI,3900.75,4058.84,3877.84,4036.03,2181630000,33742920000
2018-07-04,801750.SI,4003.00,4004.77,3889.63,3911.64,1844180000,28486880000
2018-07-05,801750.SI,3899.16,3965.70,3826.67,3826.83,1766180000,26198880000
2018-07-06,801750.SI,3834.73,3954.26,3815.29,3859.38,2198930000,34395640000
2018-07-09,801750.SI,3874.55,3940.12,3874.06,3932.78,1786400000,28647390000
2018-07-10,801750.SI,3929.36,3936.23,3889.93,3936.23,1547120000,24679570000
2018-07-11,801750.SI,3860.84,3861.25,3722.41,3794.02,1993900000,29223340000
2018-07-12,801750.SI,3793.24,3960.30,3793.24,3939.30,2200910000,34594400000
2018-07-13,801750.SI,3945.92,3957.28,3907.70,3931.36,1671170000,26425530000
2018-07-16,801750.SI,3940.99,3989.11,3914.53,3958.31,1823010000,28787420000
2018-07-17,801750.SI,3950.92,3973.18,3884.06,3973.18,1652750000,25475100000
2018-07-18,801750.SI,3972.53,3992.11,3925.59,3925.64,1713510000,26449520000
2018-07-19,801750.SI,3916.74,3941.33,3856.12,3879.09,1462100000,21521370000
2018-07-20,801750.SI,3873.11,3995.84,3853.91,3984.21,2122050000,31840030000
2018-07-23,801750.SI,3984.86,4077.01,3977.95,4066.14,2205090000,33962360000
2018-07-24,801750.SI,4068.15,4121.29,4040.34,4107.56,2179030000,32254370000
2018-07-25,801750.SI,4110.13,4177.07,4095.12,4112.06,2195460000,31919380000
2018-07-26,801750.SI,4103.59,4104.71,4017.53,4032.44,2082740000,29785870000
2018-07-27,801750.SI,4020.64,4025.51,3957.87,3969.97,1586800000,21479010000
2018-07-30,801750.SI,3962.97,3982.33,3892.59,3916.44,1450370000,19650020000
2018-07-31,801750.SI,3908.75,3924.04,3872.65,3895.00,1199300000,16403680000
2018-08-01,801750.SI,3906.76,3969.38,3850.19,3850.19,1397960000,19785840000
2018-08-02,801750.SI,3834.11,3834.54,3654.18,3740.48,1750560000,23456210000
2018-08-03,801750.SI,3735.31,3752.59,3654.77,3654.80,1155840000,16288600000
2018-08-06,801750.SI,3646.74,3678.07,3565.05,3585.92,1177640000,16227340000
2018-08-07,801750.SI,3600.20,3710.70,3569.14,3710.23,1396510000,20425290000
2018-08-08,801750.SI,3694.34,3712.61,3623.92,3626.44,1315030000,18474730000
2018-08-09,801750.SI,3617.07,3832.73,3612.56,3802.10,2130970000,30504190000
2018-08-10,801750.SI,3797.22,3848.45,3793.72,3846.41,1678750000,26357720000
2018-08-13,801750.SI,3801.62,3962.82,3790.89,3952.88,2149660000,34398260000
2018-08-14,801750.SI,3935.70,3935.89,3881.47,3900.74,1591790000,25174470000
2018-08-15,801750.SI,3896.68,3902.77,3798.01,3817.31,1528320000,23439710000
2018-08-16,801750.SI,3759.05,3849.02,3734.55,3778.93,1489060000,23266580000
2018-08-17,801750.SI,3820.01,3850.28,3696.20,3705.30,1573430000,23040610000
2018-08-20,801750.SI,3695.16,3791.20,3670.86,3791.20,1737250000,24916290000
2018-08-21,801750.SI,3782.11,3828.33,3750.66,3808.22,1690580000,24301270000
2018-08-22,801750.SI,3794.73,3810.84,3733.60,3735.52,1510230000,20500540000
2018-08-23,801750.SI,3732.70,3837.62,3732.69,3805.02,1722410000,26248930000
2018-08-24,801750.SI,3792.36,3835.41,3785.80,3797.46,1437410000,20727180000
2018-08-27,801750.SI,3801.63,3914.61,3801.07,3902.31,1873060000,28199030000
2018-08-28,801750.SI,3906.95,3930.64,3879.61,3902.29,1595140000,24544120000
2018-08-29,801750.SI,3901.58,3904.37,3870.29,3895.71,1528130000,23789350000
2018-08-30,801750.SI,3881.65,3888.29,3804.51,3811.75,1550060000,22127900000
2018-08-31,801750.SI,3798.17,3831.28,3771.28,3773.47,1214290000,18681850000
2018-09-03,801750.SI,3759.77,3832.48,3694.69,3832.48,1547510000,23705150000
2018-09-04,801750.SI,3821.57,3955.17,3819.49,3927.61,2035560000,32627670000
2018-09-05,801750.SI,3908.65,3939.11,3854.15,3854.40,1675000000,26070750000
2018-09-06,801750.SI,3838.76,3946.53,3837.38,3893.02,1938110000,29320210000
2018-09-07,801750.SI,3891.84,3954.98,3768.57,3794.53,2250860000,36460590000
2018-09-10,801750.SI,3775.56,3780.94,3680.37,3683.52,1607220000,23740900000
2018-09-11,801750.SI,3685.21,3750.52,3670.11,3715.68,1185540000,16891550000
2018-09-12,801750.SI,3716.40,3761.31,3685.92,3701.66,1166720000,17266260000
2018-09-13,801750.SI,3749.02,3769.73,3678.05,3753.94,1367260000,20352850000
2018-09-14,801750.SI,3760.55,3762.19,3643.22,3643.41,1600840000,23822000000
2018-09-17,801750.SI,3616.88,3627.55,3561.71,3592.84,1304880000,17331720000
2018-09-18,801750.SI,3580.47,3667.55,3571.61,3667.47,1408590000,19478890000
2018-09-19,801750.SI,3655.92,3751.91,3644.14,3710.48,1812100000,23619440000
2018-09-20,801750.SI,3705.05,3724.93,3675.13,3682.59,1313720000,16031290000
2018-09-21,801750.SI,3694.17,3723.53,3650.60,3719.65,1471520000,19107420000
2018-09-25,801750.SI,3690.99,3747.79,3681.50,3716.76,1160280000,16668580000
2018-09-26,801750.SI,3718.82,3743.78,3684.42,3717.60,1357360000,18145900000
2018-09-27,801750.SI,3716.75,3733.65,3650.93,3650.93,1455650000,18962100000
2018-09-28,801750.SI,3659.70,3671.86,3607.02,3669.06,1336620000,18502520000
2018-10-08,801750.SI,3587.83,3597.85,3501.71,3505.88,1245090000,16470340000
2018-10-09,801750.SI,3517.48,3551.06,3448.45,3477.19,1112220000,15580810000
2018-10-10,801750.SI,3478.46,3495.48,3431.04,3477.29,963630000,13291030000
2018-10-11,801750.SI,3341.09,3355.76,3165.30,3181.98,1847980000,21263780000
2018-10-12,801750.SI,3153.08,3185.46,3029.19,3160.22,1781560000,19429300000
2018-10-15,801750.SI,3170.70,3216.00,3114.74,3119.20,1404750000,16073110000
2018-10-16,801750.SI,3120.89,3142.02,2984.85,3006.99,1505760000,17658860000
2018-10-17,801750.SI,3056.69,3114.88,3001.65,3104.54,1710520000,20344730000
2018-10-18,801750.SI,3074.59,3104.62,3033.55,3049.51,1511990000,17615190000
2018-10-19,801750.SI,2995.76,3185.31,2988.32,3177.08,1870260000,22563170000
2018-10-22,801750.SI,3218.23,3373.55,3216.57,3337.58,2521470000,31670450000
2018-10-23,801750.SI,3330.82,3336.59,3247.19,3268.53,1787900000,21644110000
2018-10-24,801750.SI,3255.34,3281.95,3209.42,3240.55,1560810000,18502110000
2018-10-25,801750.SI,3124.26,3199.51,3088.20,3186.50,1664480000,19969160000
2018-10-26,801750.SI,3217.40,3244.20,3149.97,3169.53,1448030000,17369770000
2018-10-29,801750.SI,3155.15,3200.07,3124.57,3143.14,1261090000,15268990000
2018-10-30,801750.SI,3140.39,3201.71,3063.14,3171.04,1593300000,18842090000
2018-10-31,801750.SI,3175.90,3241.88,3168.29,3208.72,1545700000,17749230000
2018-11-01,801750.SI,3291.31,3360.17,3282.68,3286.55,2405140000,30240360000
2018-11-02,801750.SI,3363.06,3399.75,3353.34,3399.73,2681950000,32448180000
2018-11-05,801750.SI,3391.10,3442.54,3346.82,3411.92,2361650000,27718350000
2018-11-06,801750.SI,3397.15,3397.53,3338.39,3396.58,1946120000,21785120000
2018-11-07,801750.SI,3394.25,3438.59,3380.26,3382.16,2021810000,23530940000
2018-11-08,801750.SI,3410.49,3415.63,3341.46,3342.11,1679620000,18703000000
2018-11-09,801750.SI,3324.70,3375.82,3316.55,3348.14,1449500000,15636740000
2018-11-12,801750.SI,3337.11,3477.25,3332.04,3477.25,2069260000,24582680000
2018-11-13,801750.SI,3432.01,3546.66,3424.93,3517.38,2867280000,30839750000
2018-11-14,801750.SI,3516.62,3556.19,3500.65,3515.52,2370550000,24923520000
2018-11-15,801750.SI,3516.83,3615.61,3514.58,3615.61,2605780000,31101190000
2018-11-16,801750.SI,3618.65,3689.25,3611.49,3652.32,2928510000,35085800000
2018-11-19,801750.SI,3647.06,3653.17,3582.87,3631.30,2527140000,27805800000
2018-11-20,801750.SI,3593.47,3631.59,3529.74,3530.22,2390610000,27530960000
2018-11-21,801750.SI,3483.58,3535.86,3468.32,3525.93,2270180000,24845630000
2018-11-22,801750.SI,3540.43,3565.90,3518.44,3534.03,2011240000,21966000000
2018-11-23,801750.SI,3528.89,3531.32,3366.84,3379.30,2394820000,25803310000
2018-11-26,801750.SI,3371.74,3405.95,3348.74,3367.98,1593420000,17084710000
2018-11-27,801750.SI,3396.64,3439.84,3371.98,3405.35,1708360000,18746210000
2018-11-28,801750.SI,3402.35,3438.51,3343.90,3438.51,1901910000,20122420000
2018-11-29,801750.SI,3456.51,3463.21,3329.16,3329.16,1786370000,19575110000
2018-11-30,801750.SI,3315.67,3358.28,3264.20,3352.16,1530920000,16855530000
2018-12-03,801750.SI,3451.24,3484.87,3421.43,3467.26,2335740000,26295810000
2018-12-04,801750.SI,3459.24,3467.30,3432.88,3465.87,1894060000,20307810000
2018-12-05,801750.SI,3394.49,3459.14,3386.01,3438.72,1966820000,20332770000
2018-12-06,801750.SI,3416.65,3423.86,3356.22,3364.49,1774810000,18428680000
2018-12-07,801750.SI,3376.06,3401.01,3369.50,3382.60,1310170000,13377520000
2018-12-10,801750.SI,3347.56,3373.02,3332.39,3343.73,1320560000,13871520000
2018-12-11,801750.SI,3358.30,3371.80,3340.00,3368.00,1143850000,11758520000
2018-12-12,801750.SI,3378.67,3382.77,3343.37,3351.10,987750000,10476260000
2018-12-13,801750.SI,3362.28,3410.70,3337.25,3389.39,1414280000,15944430000
2018-12-14,801750.SI,3383.53,3384.51,3290.64,3291.86,1514510000,16497320000
2018-12-17,801750.SI,3276.50,3290.91,3238.83,3277.26,1080370000,11895340000
2018-12-18,801750.SI,3257.63,3295.09,3231.48,3262.34,1113700000,12157420000
2018-12-19,801750.SI,3268.35,3268.35,3208.07,3211.72,1007270000,10579190000
2018-12-20,801750.SI,3202.77,3244.01,3201.80,3236.08,1079630000,11583890000
2018-12-21,801750.SI,3226.07,3261.28,3214.62,3239.87,1222970000,13393180000
2018-12-24,801750.SI,3234.87,3279.88,3230.90,3279.88,1115160000,12734480000
2018-12-25,801750.SI,3242.88,3267.01,3164.14,3258.86,1676680000,17357410000
2018-12-26,801750.SI,3249.86,3267.51,3234.75,3236.41,1269350000,14339110000
2018-12-27,801750.SI,3285.97,3289.25,3176.16,3176.16,1427580000,16585490000
2018-12-28,801750.SI,3191.02,3197.18,3147.68,3155.42,1355700000,15456180000
2019-01-02,801750.SI,3165.67,3166.47,3134.90,3150.27,1138830000,12822200000
2019-01-03,801750.SI,3147.02,3204.05,3133.99,3133.99,1259460000,14311710000
2019-01-04,801750.SI,3103.14,3261.26,3099.71,3258.49,1837100000,20557940000
2019-01-07,801750.SI,3278.88,3356.22,3274.74,3348.51,2099760000,24772880000
2019-01-08,801750.SI,3339.88,3359.13,3321.10,3331.23,1706150000,18288180000
2019-01-09,801750.SI,3339.32,3384.24,3326.19,3329.93,1931040000,20993100000
2019-01-10,801750.SI,3329.09,3357.78,3310.91,3318.28,1571190000,17895850000
2019-01-11,801750.SI,3325.85,3357.73,3314.16,3345.65,1637950000,18363270000
2019-01-14,801750.SI,3352.10,3352.16,3294.56,3303.09,1409880000,15640630000
2019-01-15,801750.SI,3303.30,3377.69,3303.30,3377.12,1786630000,19390240000
2019-01-16,801750.SI,3391.46,3460.61,3387.48,3389.19,2299770000,27026600000
2019-01-17,801750.SI,3382.35,3382.35,3331.53,3334.15,1891200000,20630000000
2019-01-18,801750.SI,3334.02,3352.28,3307.89,3350.56,1483840000,16297510000
2019-01-21,801750.SI,3356.72,3398.46,3339.90,3370.05,1443730000,16604290000
2019-01-22,801750.SI,3368.66,3368.78,3302.28,3314.07,1388330000,15154790000
2019-01-23,801750.SI,3308.53,3319.32,3293.73,3310.45,1071160000,12236620000
2019-01-24,801750.SI,3318.93,3389.77,3307.41,3366.76,1639260000,20533520000
2019-01-25,801750.SI,3364.93,3375.64,3336.66,3337.68,1518610000,17146220000
2019-01-28,801750.SI,3366.02,3389.48,3327.09,3334.21,1641070000,19271130000
2019-01-29,801750.SI,3331.11,3331.27,3236.66,3289.08,1716020000,18460170000
2019-01-30,801750.SI,3269.53,3299.70,3228.17,3228.69,1357710000,15645740000
2019-01-31,801750.SI,3229.85,3248.74,3166.86,3183.99,1688570000,18077950000
2019-02-01,801750.SI,3197.69,3297.36,3196.74,3297.36,1555500000,17442020000
2019-02-11,801750.SI,3316.62,3422.39,3316.32,3422.39,1815480000,22482170000
2019-02-12,801750.SI,3422.27,3460.78,3414.57,3447.45,1809840000,21549570000
2019-02-13,801750.SI,3457.34,3552.42,3452.98,3541.23,2604130000,31165530000
2019-02-14,801750.SI,3538.61,3562.39,3519.66,3544.97,2071330000,24812800000
2019-02-15,801750.SI,3542.93,3568.87,3524.29,3528.99,2052100000,24176420000
2019-02-18,801750.SI,3560.03,3676.32,3559.80,3676.32,2933650000,35271290000
2019-02-19,801750.SI,3687.56,3757.25,3657.87,3713.67,3716470000,44363530000
2019-02-20,801750.SI,3701.37,3701.42,3630.74,3679.08,2626330000,30637460000
2019-02-21,801750.SI,3670.91,3764.16,3649.07,3667.67,3194010000,38189880000
2019-02-22,801750.SI,3662.95,3820.57,3658.90,3820.57,3406120000,41332550000
2019-02-25,801750.SI,3952.03,4111.12,3936.44,4102.62,5356190000,65258790000
2019-02-26,801750.SI,4151.10,4224.35,4054.07,4116.21,5509740000,74490470000
2019-02-27,801750.SI,4110.86,4177.49,4020.29,4083.12,4580990000,64220730000
2019-02-28,801750.SI,4076.72,4115.36,4044.09,4074.93,3861030000,46261790000
2019-03-01,801750.SI,4093.89,4114.56,4028.06,4102.88,3456980000,44083410000
2019-03-04,801750.SI,4193.98,4326.36,4181.85,4222.15,5532910000,75233510000
2019-03-05,801750.SI,4205.88,4419.19,4194.36,4419.19,5940030000,78376260000
2019-03-06,801750.SI,4475.49,4533.82,4392.74,4532.12,6775270000,92017050000
2019-03-07,801750.SI,4544.74,4774.01,4528.43,4707.67,7032630000,100386790000
2019-03-08,801750.SI,4539.95,4869.24,4508.74,4620.53,8132890000,118505300000
2019-03-11,801750.SI,4735.24,4783.10,4578.46,4781.22,7001310000,100408930000
2019-03-12,801750.SI,4822.76,4971.17,4819.10,4950.14,7660160000,114512370000
2019-03-13,801750.SI,4961.88,4961.88,4627.00,4666.08,7768570000,111130040000
2019-03-14,801750.SI,4592.11,4619.42,4393.19,4466.12,5287780000,71455330000
2019-03-15,801750.SI,4503.96,4536.76,4411.87,4453.81,3906080000,52821960000
2019-03-18,801750.SI,4457.38,4557.27,4401.77,4557.27,3699330000,51003060000
2019-03-19,801750.SI,4562.10,4724.01,4552.81,4646.27,4459070000,63265340000
2019-03-20,801750.SI,4663.74,4679.44,4533.13,4633.62,4962270000,63059340000
2019-03-21,801750.SI,4639.10,4805.39,4622.14,4743.23,6058060000,80191410000
2019-03-22,801750.SI,4735.56,4743.52,4624.41,4730.74,4937060000,65677520000
2019-03-25,801750.SI,4631.51,4785.81,4623.19,4707.84,4682700000,66892320000
2019-03-26,801750.SI,4722.76,4783.26,4597.70,4610.74,4992430000,70608570000
2019-03-27,801750.SI,4644.90,4646.46,4456.74,4561.15,4249370000,57590290000
2019-03-28,801750.SI,4530.55,4656.63,4505.05,4505.05,3893480000,51632470000
2019-03-29,801750.SI,4516.01,4684.55,4458.05,4684.55,4786210000,66645330000
2019-04-01,801750.SI,4765.71,4932.29,4765.57,4932.29,5689760000,84797740000
2019-04-02,801750.SI,4972.06,5108.08,4952.71,4966.77,6542160000,103640800000
2019-04-03,801750.SI,4946.54,5043.78,4934.65,5018.38,5003020000,77116680000
2019-04-04,801750.SI,5049.39,5064.33,4952.88,5010.56,5096740000,79370460000
2019-04-08,801750.SI,5033.11,5033.11,4804.58,4889.32,5038690000,78363170000
2019-04-09,801750.SI,4855.26,4930.73,4829.76,4888.56,3535590000,54704180000
2019-04-10,801750.SI,4842.67,4887.25,4775.41,4835.07,3884230000,58342920000
2019-04-11,801750.SI,4833.22,4849.59,4722.60,4724.66,3455590000,51994480000
2019-04-12,801750.SI,4719.58,4763.88,4694.47,4740.93,2727590000,41271370000
2019-04-15,801750.SI,4825.91,4869.89,4684.74,4687.41,3513360000,54968890000
2019-04-16,801750.SI,4652.15,4810.55,4602.32,4810.55,3552300000,55538390000
2019-04-17,801750.SI,4803.32,4834.17,4762.65,4789.73,3366760000,50259780000
2019-04-18,801750.SI,4784.06,4796.84,4729.79,4737.06,2994360000,43369530000
2019-04-19,801750.SI,4736.30,4790.60,4718.33,4774.12,2765340000,41769100000
2019-04-22,801750.SI,4782.44,4782.55,4665.40,4680.24,2965480000,44577380000
2019-04-23,801750.SI,4666.10,4677.85,4576.79,4593.16,2830440000,40243980000
2019-04-24,801750.SI,4605.06,4712.45,4548.05,4712.45,2879450000,46231570000
2019-04-25,801750.SI,4684.79,4698.75,4499.92,4499.92,3014050000,46921810000
2019-04-26,801750.SI,4475.63,4602.36,4475.63,4513.31,3025390000,47268740000
2019-04-29,801750.SI,4522.58,4539.78,4326.74,4336.16,3556340000,52438880000
2019-04-30,801750.SI,4315.02,4401.78,4288.99,4341.61,2572890000,37969460000
2019-05-06,801750.SI,4142.46,4165.17,3940.42,3950.08,3142790000,41913690000
2019-05-07,801750.SI,3968.64,3997.21,3888.67,3965.99,2922700000,39535850000
2019-05-08,801750.SI,3867.84,4067.78,3854.00,3982.82,2891430000,38221300000
2019-05-09,801750.SI,3954.81,4034.47,3954.77,3971.05,2377600000,31573320000
2019-05-10,801750.SI,4031.78,4189.58,3945.06,4187.38,3545010000,50258790000
2019-05-13,801750.SI,4142.97,4197.29,4111.96,4136.13,2538740000,36269600000
2019-05-14,801750.SI,4085.10,4167.54,4085.10,4110.81,2518500000,35524440000
2019-05-15,801750.SI,4155.27,4190.73,4134.96,4185.35,2754640000,37101510000
2019-05-16,801750.SI,4184.32,4189.82,4130.48,4173.18,2714230000,37610000000
2019-05-17,801750.SI,4193.36,4241.10,4008.78,4027.83,3223290000,44853580000
2019-05-20,801750.SI,4048.46,4113.58,4026.28,4101.00,2801590000,38441130000
2019-05-21,801750.SI,4094.86,4204.84,4063.45,4173.33,3172990000,43431560000
2019-05-22,801750.SI,4182.11,4248.71,4164.36,4248.27,3534620000,48544740000
2019-05-23,801750.SI,4243.29,4243.29,4092.41,4101.66,3692930000,51294000000
2019-05-24,801750.SI,4062.18,4101.37,4022.72,4023.34,2771700000,36491000000
2019-05-27,801750.SI,4032.68,4210.41,4030.16,4204.47,3270960000,44974170000
2019-05-28,801750.SI,4213.67,4239.52,4171.74,4210.14,3217420000,45321790000
2019-05-29,801750.SI,4185.66,4237.24,4176.38,4190.03,2802150000,40257690000
2019-05-30,801750.SI,4159.14,4159.20,4049.53,4106.95,2654960000,36174750000
2019-05-31,801750.SI,4109.93,4156.60,4088.28,4096.69,2205290000,31653880000
2019-06-03,801750.SI,4119.59,4130.48,4014.16,4038.89,2517200000,34460380000
2019-06-04,801750.SI,4031.64,4041.97,3947.74,3970.52,2262820000,30690710000
2019-06-05,801750.SI,4017.28,4034.58,3972.97,3984.97,2018110000,27300940000
2019-06-06,801750.SI,3978.71,3978.71,3879.14,3889.58,2236670000,28250140000
2019-06-10,801750.SI,3898.06,3958.57,3879.41,3938.24,1877940000,24557410000
2019-06-11,801750.SI,3937.47,4101.74,3915.76,4100.68,2982850000,40290410000
2019-06-12,801750.SI,4088.83,4111.15,4057.52,4062.90,2540260000,33838470000
2019-06-13,801750.SI,4058.79,4124.71,4058.65,4111.21,2631110000,36369760000
2019-06-14,801750.SI,4119.00,4151.41,4004.75,4005.37,2643000000,35108450000
2019-06-17,801750.SI,3998.06,4019.39,3967.75,3998.78,1936230000,25479300000
2019-06-18,801750.SI,4000.95,4054.76,3983.35,4026.39,1946510000,27157230000
2019-06-19,801750.SI,4151.70,4165.58,4090.30,4090.30,2900120000,41031210000
2019-06-20,801750.SI,4079.62,4206.24,4057.57,4178.75,3138370000,44828080000
2019-06-21,801750.SI,4224.72,4319.53,4224.64,4307.70,3856860000,55007500000
2019-06-24,801750.SI,4336.72,4368.33,4274.49,4304.21,3221880000,45774190000
2019-06-25,801750.SI,4291.97,4292.17,4171.27,4238.47,3016820000,42108100000
2019-06-26,801750.SI,4198.69,4270.52,4192.11,4226.22,2181650000,31173780000
2019-06-27,801750.SI,4233.98,4283.77,4233.88,4260.06,2461100000,34758840000
2019-06-28,801750.SI,4233.54,4233.68,4153.42,4189.47,2446120000,34336040000
2019-07-01,801750.SI,4299.75,4375.78,4279.03,4375.78,3523830000,52090140000
2019-07-02,801750.SI,4366.99,4374.14,4320.08,4339.80,2744850000,40532740000
2019-07-03,801750.SI,4323.76,4324.07,4235.46,4255.99,2201250000,31529930000
2019-07-04,801750.SI,4271.88,4285.11,4209.49,4235.33,1780750000,26004790000
2019-07-05,801750.SI,4239.62,4272.73,4214.80,4262.43,1707590000,24796030000
2019-07-08,801750.SI,4246.85,4247.06,4077.12,4091.12,2472160000,33483970000
2019-07-09,801750.SI,4093.54,4116.02,4045.75,4091.75,1746690000,23902100000
2019-07-10,801750.SI,4103.91,4112.76,4054.06,4070.60,1665370000,22098000000
2019-07-11,801750.SI,4093.56,4119.72,4027.09,4043.53,1845120000,24171130000
2019-07-12,801750.SI,4043.60,4057.66,4012.39,4037.65,1654730000,20535320000
2019-07-15,801750.SI,4031.16,4193.99,3991.83,4168.06,2449810000,35026930000
2019-07-16,801750.SI,4156.26,4181.20,4141.90,4159.56,1784590000,25181410000
2019-07-17,801750.SI,4158.26,4185.07,4145.15,4155.87,1875390000,26800000000
2019-07-18,801750.SI,4121.83,4121.90,4048.48,4048.48,1794570000,25426010000
2019-07-19,801750.SI,4060.99,4118.26,4060.52,4070.21,1623380000,23573190000
2019-07-22,801750.SI,4079.20,4081.17,3963.63,3978.96,1764040000,23653400000
2019-07-23,801750.SI,3980.30,4051.63,3980.12,4051.55,1417340000,21285990000
2019-07-24,801750.SI,4064.24,4155.36,4064.09,4127.09,2072590000,30653430000
2019-07-25,801750.SI,4128.23,4178.97,4122.23,4160.08,2047280000,29638900000
2019-07-26,801750.SI,4147.30,4152.46,4116.04,4145.08,1709590000,24358640000
2019-07-29,801750.SI,4146.09,4166.17,4106.38,4137.18,1521830000,21819610000
2019-07-30,801750.SI,4137.92,4196.70,4134.51,4151.54,1775260000,25720590000
2019-07-31,801750.SI,4143.81,4150.72,4129.15,4132.90,1519570000,22001480000
2019-08-01,801750.SI,4113.99,4147.25,4098.53,4120.18,1669690000,23703500000
2019-08-02,801750.SI,4018.61,4065.22,4006.26,4054.22,1947510000,27949830000
2019-08-05,801750.SI,4042.46,4108.75,4008.16,4008.16,1870400000,27553660000
2019-08-06,801750.SI,3923.93,3925.01,3794.63,3898.12,2588160000,34334130000
2019-08-07,801750.SI,3922.61,3927.97,3844.13,3844.13,1729820000,23702500000
2019-08-08,801750.SI,3869.44,3895.45,3855.93,3877.10,1499870000,20870970000
2019-08-09,801750.SI,3905.99,3913.89,3814.34,3820.97,1787920000,24966700000
2019-08-12,801750.SI,3833.74,3921.84,3813.12,3921.84,1667760000,23553720000
2019-08-13,801750.SI,3882.22,3895.16,3853.23,3872.86,1478350000,21700360000
2019-08-14,801750.SI,3938.37,3954.83,3899.35,3903.74,1732260000,25107490000
2019-08-15,801750.SI,3795.56,3974.36,3791.29,3974.36,2185600000,30350890000
2019-08-16,801750.SI,3966.69,4055.10,3962.54,4016.86,2289240000,34532320000
2019-08-19,801750.SI,4080.44,4222.30,4080.33,4217.18,3525490000,51508250000
2019-08-20,801750.SI,4233.27,4266.91,4204.44,4211.60,3496020000,48168010000
2019-08-21,801750.SI,4202.65,4234.68,4192.08,4213.73,2742740000,36681900000
2019-08-22,801750.SI,4228.64,4233.40,4178.64,4224.29,2584510000,35056960000
2019-08-23,801750.SI,4246.99,4274.39,4192.21,4203.85,2991660000,39904790000
2019-08-26,801750.SI,4108.75,4185.05,4108.75,4163.29,2586320000,33761670000
2019-08-27,801750.SI,4198.35,4315.82,4198.14,4288.20,3439920000,48803580000
2019-08-28,801750.SI,4273.12,4306.04,4253.28,4275.33,2979200000,40774160000
2019-08-29,801750.SI,4278.98,4364.39,4262.39,4329.71,3639310000,49345810000
2019-08-30,801750.SI,4363.55,4401.61,4236.65,4262.51,3894510000,56589750000
2019-09-02,801750.SI,4277.06,4452.59,4272.47,4444.91,3882450000,57691550000
2019-09-03,801750.SI,4452.46,4500.24,4425.23,4487.70,4013550000,58217910000
2019-09-04,801750.SI,4468.48,4530.41,4457.16,4530.41,3818380000,58260700000
2019-09-05,801750.SI,4578.75,4718.51,4578.72,4623.56,5119750000,79108210000
2019-09-06,801750.SI,4661.62,4703.71,4595.78,4658.03,4224250000,67086020000
2019-09-09,801750.SI,4722.21,4861.71,4696.34,4861.71,5616840000,82367080000
2019-09-10,801750.SI,4865.69,4871.91,4756.41,4811.74,5187420000,83713930000
2019-09-11,801750.SI,4831.60,4836.61,4735.45,4740.31,4000750000,62825630000
2019-09-12,801750.SI,4766.88,4790.36,4731.77,4777.81,3602450000,53716470000
2019-09-16,801750.SI,4799.77,4877.62,4793.51,4837.29,4809200000,69565350000
2019-09-17,801750.SI,4817.27,4817.27,4654.26,4691.20,4659120000,69654910000
2019-09-18,801750.SI,4704.55,4708.03,4630.55,4651.03,3725710000,52906440000
2019-09-19,801750.SI,4666.83,4730.93,4628.90,4730.93,3405060000,49693830000
2019-09-20,801750.SI,4768.45,4777.82,4716.20,4738.22,3825780000,60659030000
2019-09-23,801750.SI,4720.04,4720.04,4653.44,4716.10,3893880000,62002220000
2019-09-24,801750.SI,4712.34,4812.37,4705.25,4754.95,4295140000,68583770000
2019-09-25,801750.SI,4716.99,4728.06,4627.77,4646.06,4239020000,63862960000
2019-09-26,801750.SI,4653.79,4658.82,4443.49,4443.49,4100950000,59844830000
2019-09-27,801750.SI,4444.63,4533.27,4444.51,4492.04,2885910000,41819120000
2019-09-30,801750.SI,4504.07,4525.32,4415.67,4415.67,2499560000,36704880000
2019-10-08,801750.SI,4429.94,4467.07,4373.80,4375.09,2302310000,35808370000
2019-10-09,801750.SI,4355.27,4419.97,4328.01,4419.97,2513700000,35373270000
2019-10-10,801750.SI,4430.31,4527.71,4421.61,4521.23,2965640000,44625300000
2019-10-11,801750.SI,4527.68,4564.09,4473.59,4525.01,3313830000,49944290000
2019-10-14,801750.SI,4583.85,4631.47,4568.23,4622.35,3784620000,55124160000
2019-10-15,801750.SI,4590.21,4590.22,4484.82,4488.19,3622450000,51493170000
2019-10-16,801750.SI,4489.75,4551.38,4486.20,4498.12,3123080000,44878290000
2019-10-17,801750.SI,4497.94,4541.75,4490.66,4511.69,2834400000,39966300000
2019-10-18,801750.SI,4518.61,4531.80,4429.60,4435.54,2976450000,39785650000
2019-10-21,801750.SI,4433.60,4433.60,4355.99,4419.75,2574370000,34962090000
2019-10-22,801750.SI,4418.65,4520.15,4418.65,4520.15,2917580000,40906080000
2019-10-23,801750.SI,4521.33,4530.68,4468.65,4480.17,3138580000,43486030000
2019-10-24,801750.SI,4469.56,4473.29,4406.74,4459.36,2936390000,40032390000
2019-10-25,801750.SI,4457.15,4494.81,4412.06,4488.61,3000870000,43489300000
2019-10-28,801750.SI,4733.48,4763.22,4679.51,4760.82,5139280000,77011720000
2019-10-29,801750.SI,4787.22,4787.23,4627.55,4627.55,7405900000,101059720000
2019-10-30,801750.SI,4585.19,4628.36,4536.13,4551.91,5560540000,71135390000
2019-10-31,801750.SI,4548.07,4575.53,4463.42,4466.10,4399340000,56334790000
2019-11-01,801750.SI,4442.88,4516.14,4436.19,4505.72,3642510000,45008940000
2019-11-04,801750.SI,4526.25,4612.52,4523.64,4551.54,4039000000,54235560000
2019-11-05,801750.SI,4554.70,4587.31,4531.63,4572.55,3639150000,49993500000
2019-11-06,801750.SI,4561.42,4563.27,4481.30,4501.13,3443160000,46897430000
2019-11-07,801750.SI,4497.72,4568.49,4495.09,4555.66,3324420000,45324990000
2019-11-08,801750.SI,4591.04,4625.32,4552.18,4552.78,3620050000,53243200000
2019-11-11,801750.SI,4511.56,4511.59,4425.58,4430.42,3206180000,44864190000
2019-11-12,801750.SI,4427.79,4434.39,4350.37,4422.41,2716280000,38478620000
2019-11-13,801750.SI,4410.68,4420.17,4386.12,4413.02,2415650000,35056130000
2019-11-14,801750.SI,4410.34,4495.64,4410.32,4480.82,2701030000,39660110000
2019-11-15,801750.SI,4466.86,4516.71,4443.10,4443.10,2964160000,45477180000
2019-11-18,801750.SI,4432.64,4494.10,4428.59,4480.32,2367450000,35833390000
2019-11-19,801750.SI,4485.19,4572.90,4476.60,4572.90,3031060000,43151970000
2019-11-20,801750.SI,4574.91,4632.33,4549.29,4554.05,3336280000,51762860000
2019-11-21,801750.SI,4525.67,4577.04,4507.12,4545.84,2725050000,39729450000
2019-11-22,801750.SI,4544.56,4594.67,4438.43,4458.85,3199200000,49319130000
2019-11-25,801750.SI,4459.08,4459.38,4324.05,4338.70,2682790000,38558910000
2019-11-26,801750.SI,4350.64,4374.32,4315.98,4343.78,2082920000,30071800000
2019-11-27,801750.SI,4337.17,4370.47,4312.64,4341.30,2247770000,29757500000
2019-11-28,801750.SI,4333.11,4353.50,4305.27,4317.69,2057010000,27138030000
2019-11-29,801750.SI,4313.33,4346.01,4297.09,4338.19,2053810000,26841980000
2019-12-02,801750.SI,4347.29,4365.79,4347.24,4353.22,2043930000,27987960000
2019-12-03,801750.SI,4334.77,4379.12,4316.51,4379.12,2081480000,30404010000
2019-12-04,801750.SI,4347.50,4394.72,4347.50,4381.45,2004280000,30454160000
2019-12-05,801750.SI,4395.11,4475.12,4394.64,4465.68,2745150000,40857890000
2019-12-06,801750.SI,4464.80,4486.20,4429.60,4486.20,2659640000,40529540000
2019-12-09,801750.SI,4496.87,4568.45,4480.83,4559.11,3453450000,52049810000
2019-12-10,801750.SI,4551.17,4617.17,4536.24,4615.01,3554490000,52428240000
2019-12-11,801750.SI,4612.05,4630.65,4584.77,4590.57,3481170000,49686770000
2019-12-12,801750.SI,4591.56,4635.41,4568.29,4591.23,3179520000,46190510000
2019-12-13,801750.SI,4641.32,4675.11,4616.47,4672.99,3438990000,53813770000
2019-12-16,801750.SI,4689.75,4803.25,4683.25,4803.25,4148070000,65616770000
2019-12-17,801750.SI,4805.35,4867.97,4788.74,4836.53,4616160000,71533040000
2019-12-18,801750.SI,4832.51,4880.09,4815.95,4828.29,4144870000,60665530000
2019-12-19,801750.SI,4833.43,4865.49,4813.70,4840.42,3771730000,54806390000
2019-12-20,801750.SI,4839.17,4843.71,4718.91,4718.91,3583120000,52777150000
2019-12-23,801750.SI,4689.22,4689.35,4567.97,4573.47,3015530000,44175100000
2019-12-24,801750.SI,4585.73,4637.95,4570.57,4637.33,2241160000,32456960000
2019-12-25,801750.SI,4634.14,4706.49,4628.73,4687.98,3000560000,42537610000
2019-12-26,801750.SI,4691.50,4718.59,4659.33,4718.59,2721380000,40938810000
2019-12-27,801750.SI,4724.81,4734.86,4620.84,4622.94,3355010000,47874940000
2019-12-30,801750.SI,4596.77,4663.57,4523.29,4655.65,2950880000,42597740000
2019-12-31,801750.SI,4652.78,4694.79,4636.86,4671.44,2463930000,36162590000
2020-01-02,801750.SI,4714.39,4812.53,4698.00,4801.25,3981340000,57363550000
2020-01-03,801750.SI,4806.86,4836.06,4774.77,4830.90,3803460000,54801430000
2020-01-06,801750.SI,4801.39,4936.20,4784.35,4883.99,4565930000,67449590000
2020-01-07,801750.SI,4892.21,4988.35,4885.26,4988.35,4723220000,70097720000
2020-01-08,801750.SI,4951.02,4990.26,4894.44,4902.42,4793750000,71458650000
2020-01-09,801750.SI,4963.94,5058.28,4963.83,5055.43,5123080000,78760180000
2020-01-10,801750.SI,5088.94,5096.09,5010.31,5040.11,4410540000,66950570000
2020-01-13,801750.SI,5037.02,5142.79,5023.28,5142.79,4237100000,68032920000
2020-01-14,801750.SI,5164.03,5164.03,5088.70,5091.90,3965800000,64507260000
2020-01-15,801750.SI,5086.52,5173.50,5078.38,5166.64,4367950000,66807840000
2020-01-16,801750.SI,5168.75,5209.11,5163.33,5182.71,4428680000,69426870000
2020-01-17,801750.SI,5215.30,5270.70,5194.65,5211.35,4276380000,69451360000
2020-01-20,801750.SI,5205.78,5282.21,5152.06,5280.49,4262290000,68989550000
2020-01-21,801750.SI,5253.72,5262.40,5188.52,5188.52,3790420000,60100760000
2020-01-22,801750.SI,5140.10,5292.89,5104.76,5269.95,3949320000,63743280000
2020-01-23,801750.SI,5187.32,5240.53,4973.74,5032.71,4525850000,71545280000
2020-02-03,801750.SI,4536.41,4603.85,4536.41,4569.18,1293280000,25150580000
2020-02-04,801750.SI,4369.22,4690.21,4369.22,4665.46,5562850000,75199850000
2020-02-05,801750.SI,4702.90,4893.33,4702.86,4803.41,5029130000,74133090000
2020-02-06,801750.SI,4828.54,5047.93,4819.00,5045.00,5500490000,83162830000
2020-02-07,801750.SI,5081.64,5243.85,5069.84,5243.46,6237000000,97721210000
2020-02-10,801750.SI,5279.14,5324.33,5183.67,5277.00,5397310000,88508020000
2020-02-11,801750.SI,5284.02,5287.31,5187.68,5214.28,4385130000,69838140000
2020-02-12,801750.SI,5199.50,5450.33,5199.50,5450.33,5199010000,89202250000
2020-02-13,801750.SI,5450.60,5512.64,5376.58,5405.87,5455000000,93391590000
2020-02-14,801750.SI,5376.96,5538.21,5351.97,5406.22,4900890000,86125170000
2020-02-17,801750.SI,5468.52,5620.30,5468.52,5620.30,5668380000,93732260000
2020-02-18,801750.SI,5624.23,5757.81,5624.23,5757.81,6379360000,105255490000
2020-02-19,801750.SI,5721.42,5761.38,5645.90,5645.90,5723040000,98711130000
2020-02-20,801750.SI,5654.49,5776.15,5578.00,5761.85,5960620000,102059420000
2020-02-21,801750.SI,5784.36,6052.82,5784.36,5963.76,7508800000,132127730000
2020-02-24,801750.SI,5976.80,6195.83,5971.43,6152.05,7955700000,139345140000
2020-02-25,801750.SI,5988.79,6174.99,5796.36,6153.33,8656480000,152045650000
2020-02-26,801750.SI,6028.52,6082.02,5830.77,5863.03,7540940000,130758230000
2020-02-27,801750.SI,5896.58,6118.89,5782.27,5991.89,6460070000,119962230000
2020-02-28,801750.SI,5716.78,5844.14,5557.07,5566.93,6607610000,114454190000
2020-03-02,801750.SI,5671.92,5877.76,5584.09,5831.77,5512030000,98572470000
2020-03-03,801750.SI,5962.86,6195.62,5904.37,5979.67,6819820000,128978160000
2020-03-04,801750.SI,5952.92,6040.51,5785.72,5931.05,5726190000,105037220000
2020-03-05,801750.SI,6075.53,6086.51,5800.93,5883.09,5935310000,106444570000
2020-03-06,801750.SI,5779.07,5873.15,5775.20,5806.53,4719940000,77837430000
2020-03-09,801750.SI,5665.22,5683.17,5438.66,5438.66,5296790000,87806280000
2020-03-10,801750.SI,5398.56,5697.20,5385.32,5697.20,5140680000,86851900000
2020-03-11,801750.SI,5724.10,5770.05,5557.84,5559.40,4818490000,78907960000
2020-03-12,801750.SI,5452.88,5540.13,5410.59,5482.28,3888060000,63528900000
2020-03-13,801750.SI,5198.46,5565.14,5198.46,5510.49,4902010000,81163200000
2020-03-16,801750.SI,5549.36,5549.36,5167.34,5190.92,4739430000,79684270000
2020-03-17,801750.SI,5293.01,5335.65,5062.91,5278.09,4069680000,69209020000
2020-03-18,801750.SI,5338.56,5444.42,5193.57,5193.70,4383840000,77107010000
2020-03-19,801750.SI,5188.22,5316.53,5100.44,5289.28,4032680000,70421630000
2020-03-20,801750.SI,5354.81,5371.68,5203.61,5290.57,3525630000,61537180000
2020-03-23,801750.SI,5115.10,5173.64,4991.65,5013.25,3499940000,57905500000
2020-03-24,801750.SI,5132.01,5165.41,4933.91,5123.52,4084040000,63900200000
2020-03-25,801750.SI,5244.69,5260.58,5172.65,5227.57,3750030000,59662910000
2020-03-26,801750.SI,5188.76,5274.72,5168.73,5186.17,3159480000,50448930000
2020-03-27,801750.SI,5250.41,5250.41,5080.95,5083.11,3156360000,53627550000
2020-03-30,801750.SI,4980.52,4980.52,4797.30,4864.60,3241660000,51119460000
2020-03-31,801750.SI,4932.18,4945.30,4848.52,4853.74,2514540000,38473780000
2020-04-01,801750.SI,4840.80,4953.30,4830.90,4845.58,2527750000,39091710000
2020-04-02,801750.SI,4838.95,5047.40,4838.92,5047.40,2959710000,47434970000
2020-04-03,801750.SI,5030.62,5049.66,4946.50,4966.85,2488590000,40486080000
2020-04-07,801750.SI,5095.33,5181.33,5095.28,5179.18,3642610000,55690110000
2020-04-08,801750.SI,5163.11,5210.76,5158.47,5182.90,3910780000,57470440000
2020-04-09,801750.SI,5229.14,5279.05,5212.15,5269.19,4058740000,62684080000
2020-04-10,801750.SI,5252.64,5252.64,5044.30,5060.10,4173870000,61862420000
2020-04-13,801750.SI,5006.85,5006.85,4916.96,4937.55,3048800000,42112390000
2020-04-14,801750.SI,4973.81,5084.66,4973.81,5084.66,3211060000,46492690000
2020-04-15,801750.SI,5096.27,5141.48,5054.86,5056.62,3547640000,51481080000
2020-04-16,801750.SI,5029.07,5173.65,5017.50,5159.83,4172710000,55653100000
2020-04-17,801750.SI,5214.70,5276.28,5165.50,5174.62,5061370000,70689530000
2020-04-20,801750.SI,5179.94,5286.00,5162.47,5286.00,4262130000,60854990000
2020-04-21,801750.SI,5256.59,5326.79,5232.92,5319.04,4944750000,69343220000
2020-04-22,801750.SI,5253.64,5328.70,5238.46,5328.70,4560040000,58556080000
2020-04-23,801750.SI,5332.18,5332.18,5239.26,5242.87,4421040000,56747190000
2020-04-24,801750.SI,5224.30,5263.87,5104.72,5128.12,3840020000,50693760000
2020-04-27,801750.SI,5127.22,5135.04,5075.58,5089.33,3175200000,44543080000
2020-04-28,801750.SI,5078.17,5080.61,4849.79,5027.58,3760710000,52950350000
2020-04-29,801750.SI,5000.65,5056.25,4996.28,5009.84,2467750000,34681910000
2020-04-30,801750.SI,5032.61,5245.89,5032.61,5220.60,3434960000,56656540000
2020-05-06,801750.SI,5177.39,5349.40,5177.39,5347.77,3646470000,61351390000
2020-05-07,801750.SI,5362.01,5372.05,5299.09,5310.58,3192440000,51246090000
2020-05-08,801750.SI,5364.01,5482.66,5363.83,5420.23,4013650000,66294890000
2020-05-11,801750.SI,5466.54,5475.97,5335.81,5379.23,3627630000,60622330000
2020-05-12,801750.SI,5376.26,5386.62,5284.89,5384.48,3071220000,48027280000
2020-05-13,801750.SI,5360.42,5402.86,5340.62,5394.30,2774700000,42713030000
2020-05-14,801750.SI,5373.49,5414.42,5350.98,5355.20,3277730000,46525130000
2020-05-15,801750.SI,5385.07,5445.30,5367.44,5391.77,3382060000,53200890000
2020-05-18,801750.SI,5397.87,5397.87,5288.79,5300.05,3833800000,62936240000
2020-05-19,801750.SI,5348.87,5411.83,5332.10,5411.46,3158700000,53715850000
2020-05-20,801750.SI,5404.21,5411.10,5297.91,5321.88,3578040000,57473910000
2020-05-21,801750.SI,5343.66,5343.66,5192.26,5205.01,3131020000,49198590000
2020-05-22,801750.SI,5196.86,5223.17,5063.14,5084.47,2825270000,42389560000
2020-05-25,801750.SI,5082.88,5082.96,4998.88,5025.81,2332070000,36284980000
2020-05-26,801750.SI,5063.19,5164.24,5061.94,5163.53,2534180000,38914530000
2020-05-27,801750.SI,5166.53,5166.53,5049.74,5064.66,2559080000,38602680000
2020-05-28,801750.SI,5069.65,5101.05,4989.77,5066.77,2542430000,37753600000
2020-05-29,801750.SI,5041.26,5122.02,5026.74,5102.79,2531220000,35735070000
2020-06-01,801750.SI,5168.49,5310.50,5168.34,5299.31,3816440000,57121930000
2020-06-02,801750.SI,5312.25,5312.25,5254.41,5284.69,3517080000,50383050000
2020-06-03,801750.SI,5310.43,5315.67,5256.16,5259.97,3612720000,53284030000
2020-06-04,801750.SI,5267.56,5267.56,5198.28,5223.51,3015350000,40728600000
2020-06-05,801750.SI,5224.67,5242.06,5187.14,5241.34,2975900000,38796900000
2020-06-08,801750.SI,5267.61,5292.35,5206.19,5212.28,2914900000,42219660000
2020-06-09,801750.SI,5218.49,5248.21,5179.06,5243.10,2904680000,39408810000
2020-06-10,801750.SI,5239.96,5267.33,5209.40,5263.81,2763800000,41775750000
2020-06-11,801750.SI,5265.38,5376.98,5261.09,5297.13,3281150000,54818340000
2020-06-12,801750.SI,5187.00,5320.85,5184.80,5288.97,3143710000,51499340000
2020-06-15,801750.SI,5278.44,5356.50,5270.97,5270.97,3292750000,53383820000
2020-06-16,801750.SI,5335.57,5372.00,5315.74,5372.00,3111490000,48926960000
2020-06-17,801750.SI,5392.10,5392.10,5315.21,5391.09,3331430000,51039250000
2020-06-18,801750.SI,5378.65,5419.42,5349.13,5406.66,3110610000,49612150000
2020-06-19,801750.SI,5408.65,5445.06,5394.98,5430.79,2896000000,47447660000
2020-06-22,801750.SI,5451.40,5528.67,5451.37,5502.58,3243270000,55596450000
2020-06-23,801750.SI,5503.78,5592.77,5476.07,5581.95,3447260000,58715280000
2020-06-24,801750.SI,5586.40,5614.91,5578.31,5593.62,3011300000,53370830000
2020-06-29,801750.SI,5587.55,5598.63,5500.24,5526.13,3041180000,54578840000
2020-06-30,801750.SI,5556.72,5721.69,5556.52,5687.43,3311680000,61051850000
2020-07-01,801750.SI,5708.47,5709.68,5565.75,5672.05,3770510000,71337530000
2020-07-02,801750.SI,5662.83,5720.91,5612.89,5713.21,4261250000,76528110000
2020-07-03,801750.SI,5733.76,5795.56,5690.64,5793.35,4578770000,80995080000
2020-07-06,801750.SI,5839.93,6088.19,5837.97,6052.33,6083540000,106571150000
2020-07-07,801750.SI,6125.83,6366.33,6087.28,6215.81,7394150000,131819160000
2020-07-08,801750.SI,6235.26,6425.04,6200.90,6420.78,6632870000,118448450000
2020-07-09,801750.SI,6440.84,6686.57,6440.84,6640.28,7695850000,136760480000
2020-07-10,801750.SI,6632.91,6736.41,6543.69,6569.81,6582070000,129836530000
2020-07-13,801750.SI,6578.51,6724.39,6578.51,6724.39,6499970000,122658670000
2020-07-14,801750.SI,6703.60,6703.60,6453.52,6565.34,6553750000,124824840000
2020-07-15,801750.SI,6583.33,6606.08,6325.71,6355.00,5955530000,108745690000
2020-07-16,801750.SI,6382.54,6446.65,5996.00,6008.50,5321790000,99905830000
2020-07-17,801750.SI,6039.34,6099.74,5891.66,5967.86,4123050000,76731320000
2020-07-20,801750.SI,6056.05,6107.19,5902.41,6107.19,3910510000,73216270000
2020-07-21,801750.SI,6199.10,6237.05,6099.48,6146.16,4283480000,81062160000
2020-07-22,801750.SI,6105.51,6300.18,6090.66,6235.87,5032980000,89495020000
2020-07-23,801750.SI,6161.72,6196.71,5977.97,6131.92,5140230000,87352110000
2020-07-24,801750.SI,6095.85,6137.92,5793.81,5816.23,5055390000,85576810000
2020-07-27,801750.SI,5841.96,5900.19,5773.19,5830.75,3277200000,55849070000
2020-07-28,801750.SI,5888.06,5909.25,5813.65,5868.04,3092760000,50389530000
2020-07-29,801750.SI,5862.93,6055.55,5850.15,6055.55,3862670000,68906700000
2020-07-30,801750.SI,6069.52,6069.52,5949.00,5954.36,3566980000,63959830000
2020-07-31,801750.SI,5950.15,6099.42,5950.15,6053.96,3847980000,67730150000
2020-08-03,801750.SI,6093.38,6246.66,6072.03,6246.66,4955810000,88703550000
2020-08-04,801750.SI,6283.32,6284.33,6159.39,6185.03,4994950000,87066100000
2020-08-05,801750.SI,6271.44,6287.22,6182.27,6248.67,4634510000,81294810000
2020-08-06,801750.SI,6254.89,6300.91,6144.60,6285.98,5451560000,97349040000
2020-08-07,801750.SI,6235.16,6235.16,6040.06,6141.11,4694820000,87333010000
2020-08-10,801750.SI,6140.73,6226.64,6112.43,6159.83,4040490000,77578730000
2020-08-11,801750.SI,6149.83,6160.48,5959.91,5965.33,4011170000,70259190000
2020-08-12,801750.SI,5945.63,5951.79,5741.27,5874.51,3622490000,64656000000
2020-08-13,801750.SI,5898.93,5917.49,5852.96,5862.86,2663090000,44402750000
2020-08-14,801750.SI,5858.89,5984.91,5858.89,5984.51,2866780000,48950150000
2020-08-17,801750.SI,6020.36,6113.95,6013.98,6101.20,3980130000,68188870000
2020-08-18,801750.SI,6108.59,6141.57,6085.62,6111.02,3881470000,65442990000
2020-08-19,801750.SI,6100.14,6100.18,5932.97,5935.27,3793720000,60820650000
2020-08-20,801750.SI,5886.29,5982.93,5862.25,5902.02,3182930000,48657320000
2020-08-21,801750.SI,5928.39,5977.09,5877.19,5922.77,3145090000,52080670000
2020-08-24,801750.SI,5940.75,6052.43,5866.81,6019.37,3562680000,59853900000
2020-08-25,801750.SI,6032.61,6102.86,6020.94,6057.09,4528670000,71689340000
2020-08-26,801750.SI,6060.32,6069.26,5889.16,5902.93,4451630000,70261300000
2020-08-27,801750.SI,5899.39,6002.04,5863.61,5979.97,4038270000,60594510000
2020-08-28,801750.SI,5971.81,6056.84,5941.78,6056.84,3876430000,60308600000
2020-08-31,801750.SI,6093.98,6139.77,6036.99,6037.80,4355900000,73671860000
2020-09-01,801750.SI,6029.39,6063.29,5983.39,6063.29,3539100000,58019840000
2020-09-02,801750.SI,6077.81,6159.56,6047.32,6128.03,5472170000,77572370000
2020-09-03,801750.SI,6112.40,6112.40,6022.72,6040.15,4848860000,72014960000
2020-09-04,801750.SI,5921.43,6035.11,5921.43,6029.19,4337720000,63111390000
2020-09-07,801750.SI,6043.06,6098.88,5933.69,5958.42,5687670000,79128410000
2020-09-08,801750.SI,5975.67,6013.97,5907.12,6003.71,5868620000,76371900000
2020-09-09,801750.SI,5929.09,5929.09,5767.91,5783.10,6897980000,91301370000
2020-09-10,801750.SI,5818.14,5835.36,5547.25,5559.97,5622640000,74742850000
2020-09-11,801750.SI,5528.37,5645.89,5528.36,5636.24,3600780000,49718650000
2020-09-14,801750.SI,5672.44,5757.79,5658.52,5726.50,3886570000,57379490000
2020-09-15,801750.SI,5731.30,5749.82,5695.60,5744.11,3773080000,56090530000
2020-09-16,801750.SI,5728.83,5732.88,5628.64,5661.32,3200230000,48148920000
2020-09-17,801750.SI,5656.56,5730.42,5606.09,5684.23,3220960000,50435650000
2020-09-18,801750.SI,5683.57,5789.35,5653.54,5786.88,3412180000,55594850000
2020-09-21,801750.SI,5812.88,5832.30,5741.89,5749.95,3218310000,51113750000
2020-09-22,801750.SI,5697.75,5761.93,5649.68,5665.60,2896600000,45633390000
2020-09-23,801750.SI,5684.80,5704.07,5638.30,5685.32,2484100000,38966410000
2020-09-24,801750.SI,5644.12,5644.24,5526.58,5526.58,2905370000,43803670000
2020-09-25,801750.SI,5559.22,5570.14,5491.42,5516.82,2180810000,33866960000
2020-09-28,801750.SI,5524.83,5534.02,5452.54,5452.54,1994520000,30824370000
2020-09-29,801750.SI,5492.28,5563.68,5478.88,5531.91,2030430000,33643570000
2020-09-30,801750.SI,5546.49,5564.86,5478.64,5503.85,1940280000,31708440000
2020-10-09,801750.SI,5605.39,5679.43,5604.49,5676.32,2431160000,42865070000
2020-10-12,801750.SI,5757.93,5905.36,5756.06,5905.36,3815420000,68826780000
2020-10-13,801750.SI,5896.28,5938.50,5870.50,5929.75,3253440000,56777260000
2020-10-14,801750.SI,5906.99,5909.33,5827.94,5842.18,2889890000,51429910000
2020-10-15,801750.SI,5842.86,5848.11,5775.14,5776.64,2612250000,48232130000
2020-10-16,801750.SI,5769.62,5773.48,5700.48,5741.64,2519980000,41397460000
2020-10-19,801750.SI,5805.20,5820.33,5699.81,5709.85,3002540000,47876020000
2020-10-20,801750.SI,5707.30,5768.96,5681.76,5768.96,3261230000,47597110000
2020-10-21,801750.SI,5771.25,5771.26,5629.36,5665.95,3361010000,50775990000
2020-10-22,801750.SI,5647.95,5686.92,5611.31,5656.42,3135560000,47649450000
2020-10-23,801750.SI,5662.08,5702.81,5536.05,5544.24,3011620000,47394600000
2020-10-26,801750.SI,5535.61,5575.31,5492.14,5535.44,2846380000,45829900000
2020-10-27,801750.SI,5519.91,5547.38,5486.15,5526.94,2753620000,42909570000
2020-10-28,801750.SI,5525.76,5525.84,5422.85,5494.77,3363010000,52604360000
2020-10-29,801750.SI,5403.31,5483.93,5395.60,5464.08,3081740000,48372950000
2020-10-30,801750.SI,5462.15,5496.26,5333.23,5337.23,3616830000,57552960000
2020-11-02,801750.SI,5348.00,5348.00,5220.05,5288.43,3332930000,54034610000
2020-11-03,801750.SI,5307.67,5443.87,5298.43,5438.99,3164580000,51045810000
2020-11-04,801750.SI,5432.24,5432.39,5378.65,5401.44,2839390000,45134310000
2020-11-05,801750.SI,5464.74,5506.36,5410.20,5505.85,2972700000,49841240000
2020-11-06,801750.SI,5523.57,5530.88,5410.40,5440.51,2685120000,45306430000
2020-11-09,801750.SI,5476.38,5648.16,5476.33,5599.93,3475700000,60270850000
2020-11-10,801750.SI,5606.02,5606.02,5506.87,5529.30,3013680000,51047210000
2020-11-11,801750.SI,5515.03,5515.18,5366.55,5369.53,2514060000,43439380000
2020-11-12,801750.SI,5397.00,5427.64,5368.07,5381.72,2170980000,37331350000
2020-11-13,801750.SI,5365.56,5393.01,5319.22,5387.50,2091480000,37974610000
2020-11-16,801750.SI,5394.94,5414.83,5349.95,5405.29,2084030000,37186520000
2020-11-17,801750.SI,5400.09,5400.09,5270.90,5316.58,2208880000,35152520000
2020-11-18,801750.SI,5314.68,5349.95,5271.94,5287.22,2061300000,33954540000
2020-11-19,801750.SI,5267.42,5350.34,5228.20,5342.77,2126050000,33649030000
2020-11-20,801750.SI,5346.46,5368.02,5330.73,5349.83,2158010000,33328190000
2020-11-23,801750.SI,5350.71,5357.93,5284.51,5327.73,2546350000,39101610000
2020-11-24,801750.SI,5325.98,5355.65,5303.55,5311.04,2433120000,37683460000
2020-11-25,801750.SI,5315.65,5318.23,5220.02,5220.02,2470060000,40191690000
2020-11-26,801750.SI,5216.76,5239.27,5174.29,5188.60,2201130000,33364590000
2020-11-27,801750.SI,5194.02,5206.30,5134.33,5174.79,1943370000,28622940000
2020-11-30,801750.SI,5176.57,5243.79,5140.41,5195.42,2263280000,37197180000
2020-12-01,801750.SI,5189.69,5305.43,5187.31,5298.07,2528960000,40756030000
2020-12-02,801750.SI,5296.87,5304.67,5267.81,5289.52,2385100000,37520110000
2020-12-03,801750.SI,5292.82,5353.35,5280.39,5335.47,2304520000,37980340000
2020-12-04,801750.SI,5333.23,5348.84,5309.28,5327.20,2072690000,31898440000
2020-12-07,801750.SI,5341.23,5368.35,5328.50,5328.52,2103410000,34713380000
2020-12-08,801750.SI,5340.87,5356.48,5315.07,5325.76,1874100000,30641470000
2020-12-09,801750.SI,5333.55,5338.27,5229.97,5230.78,2416290000,39182760000
2020-12-10,801750.SI,5206.60,5243.97,5174.77,5201.37,1895050000,29556520000
2020-12-11,801750.SI,5216.41,5216.41,5062.09,5103.48,2523590000,39479570000
2020-12-14,801750.SI,5107.93,5137.13,5076.44,5135.98,1721140000,26821220000
2020-12-15,801750.SI,5130.79,5193.64,5120.13,5167.01,1780910000,29552300000
2020-12-16,801750.SI,5163.46,5163.46,5090.53,5094.52,2115130000,31391780000
2020-12-17,801750.SI,5093.93,5136.31,5019.51,5134.05,2437590000,32974090000
2020-12-18,801750.SI,5144.17,5146.59,5070.65,5084.05,1999350000,27107410000
2020-12-21,801750.SI,5079.48,5149.14,5063.33,5143.81,1917660000,29968200000
2020-12-22,801750.SI,5131.64,5142.49,4987.61,4987.61,2254400000,36270620000
2020-12-23,801750.SI,5002.23,5002.23,4933.62,4993.61,2127210000,33422690000
2020-12-24,801750.SI,4984.49,4986.70,4865.80,4867.58,2377590000,35631760000
2020-12-25,801750.SI,4851.05,4883.78,4831.33,4870.20,1837980000,28442160000
2020-12-28,801750.SI,4875.82,4878.95,4799.12,4811.53,2285490000,33094110000
2020-12-29,801750.SI,4813.01,4967.65,4813.01,4921.95,2633270000,37895210000
2020-12-30,801750.SI,4909.20,4995.20,4890.37,4985.97,2129320000,32515680000
2020-12-31,801750.SI,4998.94,5132.99,4998.89,5126.95,2463490000,42355700000
2021-01-04,801750.SI,5154.58,5243.42,5137.59,5227.08,2652670000,44999340000
2021-01-05,801750.SI,5203.57,5284.20,5197.73,5255.44,2699820000,45434780000
2021-01-06,801750.SI,5254.61,5254.61,5119.67,5137.49,2602280000,42276000000
2021-01-07,801750.SI,5118.15,5118.22,4906.90,4969.85,3124870000,49733050000
2021-01-08,801750.SI,4963.34,5105.75,4950.47,5060.32,2989000000,46802960000
2021-01-11,801750.SI,5074.64,5135.29,5025.37,5044.49,2955420000,51675450000
2021-01-12,801750.SI,5030.56,5100.79,5016.97,5100.79,2442520000,43182460000
2021-01-13,801750.SI,5097.01,5097.70,5010.32,5030.97,2787670000,50891470000
2021-01-14,801750.SI,5017.67,5125.58,4977.82,5082.67,2676530000,48373060000
2021-01-15,801750.SI,5084.56,5105.49,5019.73,5053.15,2509720000,43426250000
2021-01-18,801750.SI,5042.25,5198.96,5042.23,5181.75,2427750000,43698860000
2021-01-19,801750.SI,5192.07,5244.32,5179.96,5190.22,2980260000,49932540000
2021-01-20,801750.SI,5198.13,5206.94,5160.63,5206.94,2391040000,39740070000
2021-01-21,801750.SI,5209.15,5308.79,5209.07,5296.14,2782970000,49319110000
2021-01-22,801750.SI,5283.23,5288.40,5173.47,5212.10,2669030000,46979700000
2021-01-25,801750.SI,5207.51,5207.51,5131.24,5139.78,2653000000,49034130000
2021-01-26,801750.SI,5116.24,5160.71,5041.73,5047.02,2475230000,42393260000
2021-01-27,801750.SI,5040.98,5069.44,5020.78,5057.25,2731370000,36864200000
2021-01-28,801750.SI,4993.26,5052.60,4922.91,4925.04,2690660000,39540370000
2021-01-29,801750.SI,4961.92,4993.47,4826.06,4881.63,2957800000,42112160000
2021-02-01,801750.SI,4882.93,4962.91,4882.93,4935.19,2386240000,38445370000
2021-02-02,801750.SI,4951.95,5000.67,4928.37,4996.85,2339730000,41826750000
2021-02-03,801750.SI,4987.06,4988.07,4854.17,4854.61,2443580000,42838970000
2021-02-04,801750.SI,4854.19,4854.21,4672.10,4743.79,2568070000,41898620000
2021-02-05,801750.SI,4738.07,4757.21,4638.90,4638.90,1972690000,30738900000
2021-02-08,801750.SI,4657.85,4726.59,4631.06,4693.45,1773330000,28116390000
2021-02-09,801750.SI,4730.67,4808.13,4718.91,4799.05,1885330000,30238780000
2021-02-10,801750.SI,4810.58,4897.37,4809.57,4884.55,2051330000,32312280000
2021-02-18,801750.SI,4975.71,5028.29,4949.45,4972.68,2828140000,44769790000
2021-02-19,801750.SI,4965.04,5028.27,4926.64,5023.75,2806170000,43288270000
2021-02-22,801750.SI,5036.91,5088.93,4962.43,4962.43,3249440000,49531820000
2021-02-23,801750.SI,4931.23,4970.30,4906.19,4919.44,2352980000,36545480000
2021-02-24,801750.SI,4929.60,4986.21,4853.51,4896.73,2850010000,46567900000
2021-02-25,801750.SI,4922.98,4922.98,4814.83,4821.47,2335340000,36647140000
2021-02-26,801750.SI,4745.39,4819.09,4745.39,4797.51,2303630000,34654000000
2021-03-01,801750.SI,4836.32,4905.63,4836.32,4903.93,2408050000,36113720000
2021-03-02,801750.SI,4920.35,4924.76,4829.43,4865.11,2330710000,37279380000
2021-03-03,801750.SI,4853.44,4903.15,4841.95,4901.28,2005840000,31172560000
2021-03-04,801750.SI,4871.53,4872.94,4778.60,4789.31,2250440000,34880560000
2021-03-05,801750.SI,4744.79,4862.96,4744.79,4842.84,2454280000,33831170000
2021-03-08,801750.SI,4872.74,4882.12,4721.31,4722.34,2427480000,37333300000
2021-03-09,801750.SI,4716.56,4719.27,4560.19,4600.39,2574480000,37545950000
2021-03-10,801750.SI,4670.27,4673.02,4531.30,4533.92,2089390000,30518380000
2021-03-11,801750.SI,4540.20,4601.69,4509.06,4601.69,1967980000,28049100000
2021-03-12,801750.SI,4616.76,4616.76,4511.11,4544.17,1777740000,27023340000
2021-03-15,801750.SI,4514.76,4537.51,4441.03,4471.12,1640830000,24375610000
2021-03-16,801750.SI,4485.57,4518.63,4461.83,4514.89,2009770000,24304760000
2021-03-17,801750.SI,4519.58,4560.05,4476.37,4556.34,1881090000,24012760000
2021-03-18,801750.SI,4561.16,4570.73,4541.96,4551.34,1789260000,23936590000
2021-03-19,801750.SI,4501.77,4539.44,4484.70,4495.10,1864280000,24528150000
2021-03-22,801750.SI,4509.28,4602.39,4509.24,4602.39,1737490000,24151110000
2021-03-23,801750.SI,4605.18,4621.25,4583.89,4605.59,2441110000,31986980000
2021-03-24,801750.SI,4583.15,4603.39,4568.54,4575.23,2453390000,29397530000
2021-03-25,801750.SI,4550.83,4678.51,4545.48,4644.54,3238940000,37005400000
2021-03-26,801750.SI,4643.58,4723.61,4639.94,4705.68,2807150000,35358770000
2021-03-29,801750.SI,4717.04,4730.94,4659.44,4666.93,2766980000,33519490000
2021-03-30,801750.SI,4658.04,4665.19,4636.07,4641.95,2643880000,31848940000
2021-03-31,801750.SI,4637.80,4668.96,4629.69,4664.05,2356350000,29124410000
2021-04-01,801750.SI,4664.53,4692.58,4649.13,4689.26,2249500000,27148460000
2021-04-02,801750.SI,4706.53,4743.92,4690.26,4710.34,2275970000,29856800000
2021-04-06,801750.SI,4721.55,4768.40,4717.56,4765.24,2233640000,28361690000
2021-04-07,801750.SI,4766.23,4766.23,4685.74,4726.55,2304290000,28664500000
2021-04-08,801750.SI,4719.80,4743.90,4705.25,4711.72,2479240000,29412650000
2021-04-09,801750.SI,4705.43,4705.44,4657.54,4670.16,1993300000,25172490000
2021-04-12,801750.SI,4664.56,4672.87,4575.32,4586.55,2209340000,28568430000
2021-04-13,801750.SI,4583.76,4644.57,4583.76,4607.93,2171910000,27868810000
2021-04-14,801750.SI,4609.83,4667.40,4597.49,4667.40,2180090000,27229930000
2021-04-15,801750.SI,4664.60,4676.09,4632.33,4654.44,2483270000,31919600000
2021-04-16,801750.SI,4649.01,4716.65,4649.01,4713.27,3054950000,37304870000
2021-04-19,801750.SI,4716.99,4837.96,4714.60,4835.95,3509800000,47417330000
2021-04-20,801750.SI,4824.39,4857.52,4812.85,4812.85,3128860000,42378380000
2021-04-21,801750.SI,4787.02,4808.74,4783.47,4793.72,2634140000,34460680000
2021-04-22,801750.SI,4795.96,4815.95,4784.20,4806.53,2817820000,36810360000
2021-04-23,801750.SI,4798.55,4798.70,4735.20,4749.51,2782560000,34547840000
2021-04-26,801750.SI,4755.39,4793.26,4694.43,4694.89,2761580000,36304740000
2021-04-27,801750.SI,4690.31,4702.42,4641.15,4678.27,2634450000,36435360000
2021-04-28,801750.SI,4656.40,4663.25,4617.63,4657.86,2395960000,32187190000
2021-04-29,801750.SI,4651.76,4681.40,4639.86,4651.70,2267610000,30521970000
2021-04-30,801750.SI,4631.25,4631.25,4550.47,4567.86,2462510000,30487520000
2021-05-06,801750.SI,4562.68,4580.44,4508.53,4534.27,2122710000,27348900000
2021-05-07,801750.SI,4532.57,4548.99,4487.22,4487.22,2637200000,31969600000
2021-05-10,801750.SI,4496.27,4532.56,4473.67,4497.61,2897190000,34864780000
2021-05-11,801750.SI,4482.53,4564.35,4464.06,4555.20,3621940000,40614500000
2021-05-12,801750.SI,4536.22,4599.51,4518.62,4598.77,3239020000,36358320000
2021-05-13,801750.SI,4565.54,4612.15,4557.07,4564.53,3221150000,36797370000
2021-05-14,801750.SI,4571.37,4651.31,4558.32,4651.31,3456050000,41117380000
2021-05-17,801750.SI,4644.70,4719.58,4644.70,4674.70,3388860000,42368000000
2021-05-18,801750.SI,4665.24,4724.69,4650.92,4718.44,2811660000,36050800000
2021-05-19,801750.SI,4703.86,4715.04,4679.23,4683.28,2815610000,34929230000
2021-05-20,801750.SI,4678.70,4709.31,4678.54,4690.83,2632190000,34801410000
2021-05-21,801750.SI,4702.13,4707.86,4646.96,4649.78,2567150000,32353650000
2021-05-24,801750.SI,4649.27,4780.38,4649.27,4780.37,3350480000,44115720000
2021-05-25,801750.SI,4791.59,4917.76,4780.80,4912.87,3656340000,53686780000
2021-05-26,801750.SI,4927.39,4954.38,4878.50,4883.09,3583710000,49262890000
2021-05-27,801750.SI,4874.93,4926.88,4868.82,4903.17,3307380000,41142280000
2021-05-28,801750.SI,4901.10,4911.05,4868.58,4894.84,3554140000,46529850000
2021-05-31,801750.SI,4917.03,4948.98,4904.56,4948.91,3499400000,47560110000
2021-06-01,801750.SI,4934.27,4961.06,4915.41,4955.41,3860490000,51282990000
2021-06-02,801750.SI,4963.49,4963.52,4836.57,4847.96,3696990000,46148330000
2021-06-03,801750.SI,4859.18,4905.43,4810.90,4811.53,3755400000,46155450000
2021-06-04,801750.SI,4802.12,4829.86,4785.46,4800.08,3337810000,41538270000
2021-06-07,801750.SI,4810.66,4915.42,4807.93,4915.42,3888470000,49950010000
2021-06-08,801750.SI,4930.68,4972.46,4882.88,4922.30,4680920000,62455160000
2021-06-09,801750.SI,4918.97,4946.94,4892.78,4941.80,4026000000,52958010000
2021-06-10,801750.SI,4932.26,5150.55,4932.26,5145.76,6655480000,92952040000
2021-06-11,801750.SI,5172.18,5221.30,5116.64,5131.75,7197590000,105268710000
2021-06-15,801750.SI,5121.15,5136.52,5066.34,5075.46,5969310000,87843800000
2021-06-16,801750.SI,5056.46,5101.87,4997.11,5012.10,5578610000,77854160000
2021-06-17,801750.SI,4997.76,5121.60,4976.71,5102.76,5322710000,77001040000
2021-06-18,801750.SI,5100.83,5134.33,5080.77,5091.64,4995850000,67537530000
2021-06-21,801750.SI,5076.97,5175.85,5071.45,5166.86,4962190000,70489810000
2021-06-22,801750.SI,5167.77,5167.78,5104.94,5125.14,4779350000,64725810000
2021-06-23,801750.SI,5111.55,5150.92,5054.43,5132.05,4483920000,62427540000
2021-06-24,801750.SI,5121.21,5121.26,5021.39,5022.31,4060010000,54820000000
2021-06-25,801750.SI,5018.95,5046.08,4984.47,5006.25,3891680000,60650530000
2021-06-28,801750.SI,5000.28,5069.03,4985.98,5050.28,3675900000,54917410000
2021-06-29,801750.SI,5053.83,5111.01,5026.92,5028.80,4207010000,63842250000
2021-06-30,801750.SI,5031.10,5115.59,5031.07,5115.25,3830770000,59089310000
2021-07-01,801750.SI,5123.18,5123.18,5019.85,5020.14,4237700000,64558690000
2021-07-02,801750.SI,5000.01,5015.53,4942.23,4949.75,3743090000,58112620000
2021-07-05,801750.SI,4980.95,5037.61,4977.48,5023.06,4050990000,59094270000
2021-07-06,801750.SI,5024.69,5060.30,4972.53,5022.24,4240480000,64581810000
2021-07-07,801750.SI,4982.42,5032.56,4947.01,5030.19,3506560000,52687770000
2021-07-08,801750.SI,5046.97,5070.95,5022.39,5064.20,4129240000,64891170000
2021-07-09,801750.SI,5034.84,5038.19,4961.93,5019.42,3725590000,59503270000
2021-07-12,801750.SI,5045.70,5243.70,5044.95,5240.58,5397980000,84360100000
2021-07-13,801750.SI,5273.65,5340.67,5259.55,5278.35,5975480000,91372090000
2021-07-14,801750.SI,5259.17,5263.99,5198.96,5200.33,5102030000,78730370000
2021-07-15,801750.SI,5187.76,5199.35,5123.68,5170.17,4465950000,67869810000
2021-07-16,801750.SI,5177.69,5199.23,5132.43,5134.03,3945230000,64973340000
2021-07-19,801750.SI,5109.85,5161.79,5071.73,5156.44,4238030000,65704500000
2021-07-20,801750.SI,5107.34,5112.32,5049.38,5098.54,3305280000,49343480000
2021-07-21,801750.SI,5107.85,5202.10,5107.82,5188.10,3846250000,60117570000
2021-07-22,801750.SI,5207.77,5221.21,5182.21,5209.92,3810570000,62201070000
2021-07-23,801750.SI,5208.44,5208.44,5075.73,5078.98,4029240000,61635030000
2021-07-26,801750.SI,5064.35,5083.08,4900.15,4961.28,3737890000,59298380000
2021-07-27,801750.SI,4965.77,5042.55,4903.42,4903.42,3971160000,66642160000
2021-07-28,801750.SI,4867.15,4893.47,4723.19,4763.00,3746370000,55466830000
2021-07-29,801750.SI,4831.91,4878.81,4831.58,4859.27,3224510000,50105380000
2021-07-30,801750.SI,4859.05,4894.36,4814.27,4893.53,3540130000,58243550000
2021-08-02,801750.SI,4881.49,5017.88,4865.78,5017.85,3643640000,60267600000
2021-08-03,801750.SI,5022.91,5120.39,5022.91,5072.37,4687000000,70830160000
2021-08-04,801750.SI,5051.05,5103.06,5044.45,5103.06,3940200000,59395370000
2021-08-05,801750.SI,5081.27,5081.30,4965.39,4984.07,3754510000,55226620000
2021-08-06,801750.SI,4995.92,4998.66,4938.96,4976.98,3324210000,52518260000
2021-08-09,801750.SI,4974.97,5055.85,4974.97,5055.61,3294470000,54346110000
2021-08-10,801750.SI,5043.72,5092.88,5019.33,5092.81,3414280000,53568340000
2021-08-11,801750.SI,5085.13,5085.40,5021.60,5032.27,3196100000,47310980000
2021-08-12,801750.SI,5039.67,5135.79,5039.67,5059.94,4142180000,60410220000
2021-08-13,801750.SI,5044.61,5044.70,4933.38,4953.94,3803790000,56096700000
2021-08-16,801750.SI,4942.64,4958.34,4912.15,4927.87,2984160000,43851790000
2021-08-17,801750.SI,4924.77,4924.82,4789.52,4794.53,3408650000,49572880000
2021-08-18,801750.SI,4794.82,4859.42,4768.23,4859.42,3346550000,48726340000
2021-08-19,801750.SI,4848.87,4896.07,4848.87,4861.65,3124590000,46586470000
2021-08-20,801750.SI,4840.35,4883.88,4784.95,4838.60,2914150000,42879530000
2021-08-23,801750.SI,4847.40,4969.04,4847.18,4967.52,3395320000,49035900000
2021-08-24,801750.SI,4979.20,4986.34,4950.08,4975.14,3214290000,49166120000
2021-08-25,801750.SI,4982.38,4982.43,4949.68,4968.86,2886750000,42451090000
2021-08-26,801750.SI,4959.55,4960.43,4858.83,4858.83,3139870000,44981710000
2021-08-27,801750.SI,4843.15,4857.37,4818.04,4857.37,3350400000,45121610000
2021-08-30,801750.SI,4911.97,4934.46,4840.16,4862.69,4065420000,57359590000
2021-08-31,801750.SI,4837.74,4837.74,4768.61,4815.22,3823960000,53495770000
2021-09-01,801750.SI,4811.10,4845.18,4742.77,4836.20,3804250000,53907650000
2021-09-02,801750.SI,4829.04,4829.09,4795.30,4812.99,3474800000,48250680000
2021-09-03,801750.SI,4855.51,4884.02,4814.87,4845.12,4373020000,59075630000
2021-09-06,801750.SI,4847.01,4936.13,4824.16,4935.38,4164440000,56233080000
2021-09-07,801750.SI,4930.66,4975.13,4916.74,4967.19,4017770000,52992130000
2021-09-08,801750.SI,4975.07,5005.64,4956.91,4997.99,4630730000,60140050000
2021-09-09,801750.SI,4977.83,4978.79,4931.84,4947.78,3962140000,51643330000
2021-09-10,801750.SI,4947.63,4968.75,4929.91,4937.38,3614130000,48715510000
2021-09-13,801750.SI,4934.57,4934.58,4898.45,4923.81,3399850000,47544360000
2021-09-14,801750.SI,4928.02,5019.33,4916.73,4923.13,4224470000,60439660000
2021-09-15,801750.SI,4914.57,4914.57,4863.26,4877.29,3612590000,52290910000
2021-09-16,801750.SI,4868.11,4891.73,4789.81,4795.64,3473010000,46396620000
2021-09-17,801750.SI,4794.88,4804.03,4720.48,4795.90,2822410000,37150250000
2021-09-22,801750.SI,4733.94,4793.64,4733.94,4785.40,2269250000,29600580000
2021-09-23,801750.SI,4802.65,4867.40,4802.61,4855.45,3197750000,43619610000
2021-09-24,801750.SI,4854.84,4912.17,4854.83,4860.94,3129400000,46560370000
2021-09-27,801750.SI,4903.06,4924.61,4789.70,4811.60,3515680000,52668290000
2021-09-28,801750.SI,4788.80,4810.03,4762.24,4786.99,2296370000,33629090000
2021-09-29,801750.SI,4752.43,4752.74,4643.19,4650.95,2543460000,35945180000
2021-09-30,801750.SI,4677.14,4766.33,4676.32,4756.16,2109760000,31824370000
2021-10-08,801750.SI,4801.95,4853.12,4801.82,4851.50,2965060000,39515490000
2021-10-11,801750.SI,4851.38,4866.21,4826.36,4842.01,2715240000,34041520000
2021-10-12,801750.SI,4835.88,4835.98,4720.34,4752.22,2664060000,33923520000
2021-10-13,801750.SI,4767.10,4788.13,4738.28,4784.77,2217970000,27706440000
2021-10-14,801750.SI,4777.83,4798.30,4750.86,4793.37,2115960000,28289760000
2021-10-15,801750.SI,4798.23,4865.12,4779.03,4829.87,2797730000,39840030000
2021-10-18,801750.SI,4818.93,4819.05,4759.82,4785.73,2339100000,32683340000
2021-10-19,801750.SI,4785.40,4827.07,4781.71,4820.36,2424170000,36816260000
2021-10-20,801750.SI,4849.28,4878.22,4815.96,4815.96,2855390000,41933260000
2021-10-21,801750.SI,4796.90,4821.94,4761.31,4776.94,2559290000,35799880000
2021-10-22,801750.SI,4779.76,4819.76,4770.88,4779.09,2491610000,36327690000
2021-10-25,801750.SI,4769.15,4784.81,4729.79,4784.26,2226130000,33398130000
2021-10-26,801750.SI,4775.26,4801.51,4763.27,4765.16,2413720000,37929670000
2021-10-27,801750.SI,4764.81,4764.91,4664.59,4680.38,2556140000,35761470000
2021-10-28,801750.SI,4655.27,4706.62,4645.57,4657.15,2261450000,36258660000
2021-10-29,801750.SI,4646.47,4754.33,4646.24,4752.45,2447580000,37857940000
2021-11-01,801750.SI,4754.65,4797.88,4740.42,4789.02,2537060000,39960270000
2021-11-02,801750.SI,4781.93,4827.70,4720.43,4750.17,2598120000,38100370000
2021-11-03,801750.SI,4755.84,4806.07,4755.84,4804.79,2180710000,34053250000
2021-11-04,801750.SI,4808.20,4838.43,4805.06,4838.43,2399350000,37986780000
2021-11-05,801750.SI,4838.60,4914.23,4834.96,4885.18,3521720000,50319130000
2021-11-08,801750.SI,4883.79,4883.79,4863.02,4870.23,2904690000,41782080000
2021-11-09,801750.SI,4870.76,4941.71,4865.34,4936.05,3306610000,47505880000
2021-11-10,801750.SI,4934.91,4962.63,4922.96,4949.36,3877640000,47391360000
2021-11-11,801750.SI,4931.34,4988.11,4919.24,4974.28,3822290000,47607940000
2021-11-12,801750.SI,4973.77,5023.41,4973.77,5018.65,3898010000,50722780000
2021-11-15,801750.SI,5040.91,5072.22,5030.64,5049.23,4233870000,56404870000
2021-11-16,801750.SI,5046.05,5073.86,5009.22,5010.48,4191880000,55116560000
2021-11-17,801750.SI,5005.97,5048.60,5005.97,5048.60,3668560000,48607910000
2021-11-18,801750.SI,5047.92,5056.78,4952.91,4953.12,3863040000,50710340000
2021-11-19,801750.SI,4954.33,5029.59,4954.32,5017.29,3141280000,43123430000
2021-11-22,801750.SI,5022.54,5084.14,5007.46,5071.45,3195140000,49280280000
2021-11-23,801750.SI,5059.01,5067.85,5026.04,5061.64,3254300000,47999080000
2021-11-24,801750.SI,5059.72,5059.75,5011.30,5027.39,3464840000,50986180000
2021-11-25,801750.SI,5028.82,5066.00,5011.13,5030.14,3946420000,57253460000
2021-11-26,801750.SI,5018.09,5068.16,4959.48,5033.18,4714960000,64875120000
2021-11-29,801750.SI,4959.78,5013.72,4959.78,5009.75,3954540000,54172650000
2021-11-30,801750.SI,5024.70,5145.10,5024.54,5113.82,5384890000,70344480000
2021-12-01,801750.SI,5118.69,5179.71,5118.69,5166.29,5105900000,68909300000
2021-12-02,801750.SI,5152.76,5152.84,5056.06,5058.65,4345100000,58382630000
2021-12-03,801750.SI,5065.54,5104.15,5065.51,5081.20,3543370000,48814620000
2021-12-06,801750.SI,5071.45,5071.45,5004.53,5006.83,3684360000,51395110000
2021-12-07,801750.SI,5033.27,5034.20,4955.20,4985.02,3526310000,49442860000
2021-12-08,801750.SI,4995.53,5094.05,4994.34,5094.05,3544330000,49546480000
2021-12-09,801750.SI,5089.55,5154.71,5089.55,5130.69,3907820000,56183570000
2021-12-10,801750.SI,5114.91,5116.29,5075.99,5082.86,3407920000,47990030000
2021-12-13,801750.SI,5093.83,5159.97,5093.82,5140.79,4191230000,58506770000
2021-12-14,801750.SI,5129.44,5210.81,5124.20,5209.69,5125210000,71770250000
2021-12-15,801750.SI,5203.67,5234.48,5176.86,5184.16,5211100000,73341120000
2021-12-16,801750.SI,5189.50,5208.82,5166.91,5208.82,4730680000,65829480000
2021-12-17,801750.SI,5195.05,5195.06,5140.76,5144.58,4790370000,65300760000
2021-12-20,801750.SI,5122.28,5153.61,5061.60,5064.21,4158920000,57601720000
2021-12-21,801750.SI,5070.39,5159.84,5070.39,5158.24,4163920000,56270170000
2021-12-22,801750.SI,5170.93,5212.93,5170.93,5182.97,4690260000,64772540000
2021-12-23,801750.SI,5182.04,5200.61,5162.36,5165.86,4221320000,59115690000
2021-12-24,801750.SI,5172.87,5181.58,5107.08,5111.79,4320660000,57897820000
2021-12-27,801750.SI,5111.86,5116.50,5060.87,5080.13,3496520000,48616710000
2021-12-28,801750.SI,5088.62,5164.34,5088.57,5156.48,4058780000,56035830000
2021-12-29,801750.SI,5144.74,5144.74,5093.06,5105.92,3768990000,52904720000
2021-12-30,801750.SI,5101.98,5190.70,5101.89,5167.48,4473890000,61456310000
2021-12-31,801750.SI,5179.40,5202.06,5150.92,5197.11,4138610000,58335900000
2022-01-04,801750.SI,5227.44,5288.07,5212.74,5268.41,5762350000,76315110000
2022-01-05,801750.SI,5263.63,5288.29,5180.89,5215.65,5928570000,80546980000
2022-01-06,801750.SI,5180.17,5188.21,5126.41,5164.29,5595380000,69659160000
2022-01-07,801750.SI,5178.82,5213.21,5065.65,5067.15,5738510000,73722010000
2022-01-10,801750.SI,5042.72,5145.59,4986.92,5131.11,4691210000,67057430000
2022-01-11,801750.SI,5125.72,5141.06,5026.97,5034.45,4270560000,57846660000
2022-01-12,801750.SI,5045.14,5077.67,5044.70,5076.85,3807530000,51248920000
2022-01-13,801750.SI,5115.21,5128.91,5047.09,5047.09,4921840000,64879070000
2022-01-14,801750.SI,5016.10,5085.05,5010.21,5043.51,4483740000,61031070000
2022-01-17,801750.SI,5100.92,5307.89,5100.87,5304.07,7839300000,110766770000
2022-01-18,801750.SI,5342.72,5482.69,5338.28,5342.44,9861110000,143830200000
2022-01-19,801750.SI,5304.48,5378.93,5304.48,5361.57,7683770000,105846850000
2022-01-20,801750.SI,5353.37,5362.65,5271.45,5298.03,7226020000,102769760000
2022-01-21,801750.SI,5268.78,5342.22,5253.64,5265.59,6611440000,94480270000
2022-01-24,801750.SI,5227.22,5338.49,5227.22,5281.91,5764670000,84981500000
2022-01-25,801750.SI,5246.39,5257.97,5034.17,5035.96,6909780000,93295120000
2022-01-26,801750.SI,5042.45,5106.49,4957.92,5036.97,5770600000,78424610000
2022-01-27,801750.SI,5026.56,5026.56,4769.70,4771.52,5705270000,74562960000
2022-01-28,801750.SI,4795.64,4851.22,4750.43,4755.18,4755070000,62868800000
2022-02-07,801750.SI,4836.19,4836.19,4710.01,4726.34,4402070000,59470150000
2022-02-08,801750.SI,4710.36,4771.00,4651.40,4769.80,4982130000,64688030000
2022-02-09,801750.SI,4775.44,4926.70,4775.44,4922.99,6255550000,85705610000
2022-02-10,801750.SI,4907.58,4908.89,4850.31,4878.63,5292770000,72914740000
2022-02-11,801750.SI,4857.61,4891.51,4793.91,4804.27,6038080000,84873390000
2022-02-14,801750.SI,4752.42,4818.87,4723.47,4771.41,4860000000,69218670000
2022-02-15,801750.SI,4773.77,4813.67,4750.10,4808.16,4474530000,61472350000
2022-02-16,801750.SI,4860.75,4876.30,4789.77,4806.51,4594020000,63520940000
2022-02-17,801750.SI,4775.47,4825.15,4756.79,4769.00,4846450000,64131150000
2022-02-18,801750.SI,4774.84,4864.77,4774.84,4864.43,5402710000,73497340000
2022-02-21,801750.SI,4909.54,5025.94,4909.53,5025.15,7269390000,101514440000
2022-02-22,801750.SI,4979.09,4985.81,4918.14,4946.34,7089180000,97896620000
2022-02-23,801750.SI,4970.97,5052.36,4955.98,5042.96,6820870000,95717220000
2022-02-24,801750.SI,4999.12,5023.04,4766.36,4840.54,8087340000,108092080000
2022-02-25,801750.SI,4884.06,4925.60,4856.42,4864.36,4887870000,66005610000
2022-02-28,801750.SI,4885.98,4905.26,4806.18,4880.79,4638360000,64364900000
2022-03-01,801750.SI,4877.90,4907.71,4864.92,4899.50,4682450000,68520580000
2022-03-02,801750.SI,4863.13,4904.23,4852.38,4889.28,4576440000,67316600000
2022-03-03,801750.SI,4904.78,4907.73,4812.86,4820.24,4781610000,68079140000
2022-03-04,801750.SI,4779.81,4790.82,4706.46,4725.65,4521080000,64577270000
2022-03-07,801750.SI,4696.00,4696.00,4550.18,4573.69,4046130000,58747990000
2022-03-08,801750.SI,4578.75,4613.15,4476.88,4496.41,4774390000,65810860000
2022-03-09,801750.SI,4501.89,4513.61,4243.11,4467.52,5633280000,74530320000
2022-03-10,801750.SI,4563.79,4563.79,4497.56,4497.56,4869410000,67597240000
2022-03-11,801750.SI,4409.23,4550.81,4369.20,4550.18,5011660000,67252350000
2022-03-14,801750.SI,4499.06,4539.54,4408.77,4408.77,4397040000,61044170000
2022-03-15,801750.SI,4375.44,4447.98,4234.45,4234.45,5041220000,67602600000
2022-03-16,801750.SI,4310.10,4407.09,4181.67,4399.16,5634340000,75865580000
2022-03-17,801750.SI,4466.59,4539.03,4459.14,4493.78,6208030000,86401610000
2022-03-18,801750.SI,4465.43,4491.94,4433.66,4479.72,4831480000,61642210000
2022-03-21,801750.SI,4481.99,4495.32,4418.14,4469.81,4939210000,63611840000
2022-03-22,801750.SI,4455.44,4497.02,4434.81,4468.54,4804770000,63666380000
2022-03-23,801750.SI,4464.00,4494.29,4435.64,4458.33,4256740000,55074110000
2022-03-24,801750.SI,4427.85,4428.00,4343.71,4353.01,3806000000,48869280000
2022-03-25,801750.SI,4370.75,4384.63,4295.90,4296.08,3450510000,45087760000
2022-03-28,801750.SI,4259.28,4319.31,4237.35,4279.26,3327960000,44236350000
2022-03-29,801750.SI,4286.40,4286.40,4203.25,4222.40,3393820000,43495700000
2022-03-30,801750.SI,4248.73,4312.17,4231.74,4311.00,3039440000,41844170000
2022-03-31,801750.SI,4295.22,4319.24,4281.40,4315.16,3955370000,54006660000
2022-04-01,801750.SI,4285.35,4324.65,4271.16,4306.14,3626070000,48191330000
2022-04-06,801750.SI,4304.12,4326.18,4293.49,4309.54,3667430000,47922170000
2022-04-07,801750.SI,4294.06,4299.83,4182.71,4182.71,3690450000,46627240000
2022-04-08,801750.SI,4183.92,4183.92,4082.02,4112.79,3246390000,41598640000
2022-04-11,801750.SI,4089.45,4089.54,3896.80,3922.18,3442060000,41365650000
2022-04-12,801750.SI,3916.25,4001.59,3872.55,4001.59,2779150000,35393200000
2022-04-13,801750.SI,3971.09,3971.11,3902.49,3902.49,2716180000,33167610000
2022-04-14,801750.SI,3942.43,3971.28,3918.34,3947.58,2321220000,29595450000
2022-04-15,801750.SI,3915.77,3934.72,3863.13,3897.63,2927410000,34578040000
2022-04-18,801750.SI,3893.74,3950.25,3851.91,3948.88,2371290000,30543710000
2022-04-19,801750.SI,3951.31,3984.30,3920.32,3941.16,2175390000,27963560000
2022-04-20,801750.SI,3981.32,4004.12,3913.16,3920.24,2986660000,35338590000
2022-04-21,801750.SI,3883.58,3917.09,3776.02,3788.51,3165820000,35355860000
2022-04-22,801750.SI,3763.63,3769.69,3709.44,3715.19,2696060000,30867350000
2022-04-25,801750.SI,3658.10,3658.19,3446.49,3446.49,3568710000,37074410000
2022-04-26,801750.SI,3449.08,3469.04,3303.25,3305.63,3456820000,37218920000
2022-04-27,801750.SI,3263.99,3468.54,3263.99,3467.84,3734690000,38074820000
2022-04-28,801750.SI,3441.92,3445.50,3354.14,3388.72,2973530000,30535660000
2022-04-29,801750.SI,3423.69,3596.09,3418.24,3580.24,3305200000,37586180000
2022-05-05,801750.SI,3506.05,3566.43,3494.92,3539.49,3007100000,36424040000
2022-05-06,801750.SI,3432.96,3555.17,3422.94,3501.39,3871990000,45928050000
2022-05-09,801750.SI,3472.31,3530.00,3470.51,3492.18,3175090000,34748670000
2022-05-10,801750.SI,3439.79,3547.65,3427.38,3543.43,3160180000,34457340000
2022-05-11,801750.SI,3542.39,3656.12,3538.01,3566.76,3695720000,44149050000
2022-05-12,801750.SI,3538.55,3595.79,3538.55,3573.80,2817280000,33940320000
2022-05-13,801750.SI,3592.56,3596.55,3514.36,3546.20,2573560000,32383980000
2022-05-16,801750.SI,3563.17,3585.23,3525.66,3539.21,2657700000,30950800000
2022-05-17,801750.SI,3535.60,3537.15,3478.73,3537.15,2351430000,28309900000
2022-05-18,801750.SI,3574.01,3607.97,3553.80,3569.50,3314500000,39623390000
2022-05-19,801750.SI,3505.42,3550.50,3503.41,3550.50,2724040000,29640330000
2022-05-20,801750.SI,3559.66,3602.33,3548.58,3595.29,2680090000,30403200000
2022-05-23,801750.SI,3609.45,3641.71,3597.77,3641.30,2856520000,32010790000
2022-05-24,801750.SI,3640.80,3640.84,3445.47,3445.47,3299790000,36983250000
2022-05-25,801750.SI,3457.29,3512.70,3457.18,3512.70,2480550000,28618740000
2022-05-26,801750.SI,3511.74,3550.41,3446.68,3532.93,2659860000,30937060000
2022-05-27,801750.SI,3568.48,3587.23,3507.33,3533.66,2732430000,32189210000
2022-05-30,801750.SI,3545.05,3596.83,3535.30,3595.06,2486070000,30176950000
2022-05-31,801750.SI,3595.97,3663.17,3567.81,3658.49,2703320000,34312570000
2022-06-01,801750.SI,3656.19,3690.50,3642.37,3667.69,2747790000,33355970000
2022-06-02,801750.SI,3661.79,3711.97,3627.22,3709.23,2674860000,32125190000
2022-06-06,801750.SI,3714.48,3833.97,3714.48,3833.09,3518830000,47849580000
2022-06-07,801750.SI,3837.38,3837.38,3774.93,3821.27,3016520000,39909950000
2022-06-08,801750.SI,3821.57,3906.21,3800.28,3853.02,3596680000,48778800000
2022-06-09,801750.SI,3847.65,3847.75,3739.20,3750.57,2934210000,38683940000
2022-06-10,801750.SI,3725.96,3802.66,3725.96,3797.32,2833580000,35879190000
2022-06-13,801750.SI,3776.03,3817.32,3772.58,3814.90,2997510000,37788760000
2022-06-14,801750.SI,3774.69,3814.01,3669.93,3813.85,3374440000,40202840000
2022-06-15,801750.SI,3817.42,3925.16,3817.42,3870.59,4278390000,56241100000
2022-06-16,801750.SI,3871.82,3913.81,3854.89,3869.22,3764740000,47160480000
2022-06-17,801750.SI,3837.51,3868.31,3789.85,3860.42,3045880000,38705290000
2022-06-20,801750.SI,3884.26,3925.43,3862.58,3912.79,3013260000,41346730000
2022-06-21,801750.SI,3916.43,3943.62,3886.18,3934.52,3611910000,48542100000
2022-06-22,801750.SI,3944.66,3944.66,3838.40,3839.88,3237960000,42582390000
2022-06-23,801750.SI,3851.23,3937.08,3837.20,3936.24,3283210000,43992050000
2022-06-24,801750.SI,3955.96,3980.53,3942.66,3965.91,3586220000,47221440000
2022-06-27,801750.SI,3970.77,3991.85,3953.41,3973.93,3200250000,43067810000
2022-06-28,801750.SI,3969.95,4028.30,3923.55,4025.55,3671480000,46691930000
2022-06-29,801750.SI,4018.51,4070.59,3979.54,3980.72,4121350000,51971700000
2022-06-30,801750.SI,3982.58,4003.04,3954.16,3968.68,3437390000,43002880000
2022-07-01,801750.SI,3974.38,3990.70,3936.35,3945.98,3190620000,38823490000
2022-07-04,801750.SI,3964.40,3972.18,3934.84,3972.18,2914950000,37240910000
2022-07-05,801750.SI,3972.40,3976.45,3864.89,3915.57,3599480000,42797930000
2022-07-06,801750.SI,3902.66,3923.89,3847.65,3876.32,2749840000,32189390000
2022-07-07,801750.SI,3881.15,3898.18,3855.70,3881.89,2845100000,33483190000
2022-07-08,801750.SI,3888.42,3932.73,3884.32,3891.63,3317760000,36397130000
2022-07-11,801750.SI,3888.52,3888.52,3795.03,3819.30,3005030000,34789250000
2022-07-12,801750.SI,3812.57,3814.20,3752.90,3752.90,2586350000,29566620000
2022-07-13,801750.SI,3754.95,3783.83,3750.02,3773.35,2196190000,24660210000
2022-07-14,801750.SI,3767.56,3811.97,3754.09,3781.55,2243240000,26038140000
2022-07-15,801750.SI,3763.49,3775.30,3696.81,3696.81,2909020000,34073050000
2022-07-18,801750.SI,3702.41,3800.35,3702.27,3797.64,2676400000,32016490000
2022-07-19,801750.SI,3800.66,3899.82,3792.04,3898.67,3844190000,46628650000
2022-07-20,801750.SI,3914.14,3930.23,3897.99,3926.57,3832300000,45998040000
2022-07-21,801750.SI,3917.47,3950.43,3911.97,3911.97,3637450000,41542780000
2022-07-22,801750.SI,3916.69,3933.17,3846.21,3877.27,2875440000,34119490000
2022-07-25,801750.SI,3894.19,3896.36,3827.52,3852.67,2771340000,31533170000
2022-07-26,801750.SI,3854.82,3915.27,3854.67,3915.27,3065450000,36641870000
2022-07-27,801750.SI,3912.26,3941.80,3904.93,3931.88,2637010000,32547810000
2022-07-28,801750.SI,3952.43,3989.98,3952.34,3955.36,3187080000,38748860000
2022-07-29,801750.SI,3955.97,3970.09,3921.43,3928.56,3219190000,38824620000
2022-08-01,801750.SI,3922.41,3971.84,3895.44,3961.49,3417380000,39353350000
2022-08-02,801750.SI,3918.48,3918.49,3756.91,3792.23,4413890000,48135930000
2022-08-03,801750.SI,3801.21,3914.05,3801.21,3824.16,3919890000,47200390000
2022-08-04,801750.SI,3855.27,3879.16,3823.91,3873.10,3451830000,37751110000
2022-08-05,801750.SI,3892.70,4027.10,3892.70,4025.45,4791020000,60080240000
2022-08-08,801750.SI,4035.30,4060.25,4006.76,4059.59,3926390000,53107320000
2022-08-09,801750.SI,4057.96,4057.96,4009.29,4035.60,3755040000,48090370000
2022-08-10,801750.SI,4022.95,4031.87,3980.30,3994.53,3467850000,45499830000
2022-08-11,801750.SI,4016.21,4050.45,4015.37,4048.02,3861930000,49786320000
2022-08-12,801750.SI,4045.48,4065.12,4016.53,4029.51,4141810000,54620920000
2022-08-15,801750.SI,4015.64,4015.65,3959.67,3972.69,3543190000,50163970000
2022-08-16,801750.SI,3971.06,3980.89,3937.11,3952.95,3325280000,44808450000
2022-08-17,801750.SI,3957.32,3968.59,3915.16,3966.98,3038040000,40643870000
2022-08-18,801750.SI,3959.06,3959.07,3925.80,3949.26,3309800000,41644130000
2022-08-19,801750.SI,3951.08,3982.80,3883.52,3883.52,3780780000,48072470000
2022-08-22,801750.SI,3870.39,3919.24,3849.31,3909.84,2969890000,37980740000
2022-08-23,801750.SI,3904.76,3931.37,3892.98,3921.03,2910260000,37804020000
2022-08-24,801750.SI,3920.76,3920.92,3772.85,3778.50,3570300000,45658090000
2022-08-25,801750.SI,3788.82,3793.69,3713.71,3752.88,2862090000,36792660000
2022-08-26,801750.SI,3763.88,3791.67,3733.75,3737.82,2590510000,33435670000
2022-08-29,801750.SI,3690.22,3737.19,3672.12,3736.67,2299060000,27990160000
2022-08-30,801750.SI,3731.60,3768.86,3720.78,3751.40,2202760000,25835800000
2022-08-31,801750.SI,3742.66,3759.07,3683.39,3700.83,2579060000,31343600000
2022-09-01,801750.SI,3696.62,3750.70,3694.62,3698.70,2383220000,31638670000
2022-09-02,801750.SI,3706.72,3749.39,3701.84,3741.01,2670320000,31091740000
2022-09-05,801750.SI,3732.16,3732.16,3681.01,3704.37,2434550000,29405110000
2022-09-06,801750.SI,3717.51,3727.26,3687.14,3726.05,2190800000,27885550000
2022-09-07,801750.SI,3712.75,3739.45,3702.99,3730.47,2449730000,31401460000
2022-09-08,801750.SI,3728.13,3728.13,3682.74,3683.02,2214050000,28148440000
2022-09-09,801750.SI,3687.69,3731.92,3674.30,3719.55,2041540000,26474620000
2022-09-13,801750.SI,3735.52,3775.41,3732.13,3738.31,2163010000,29097670000
2022-09-14,801750.SI,3685.75,3716.45,3678.43,3716.37,2082400000,27644980000
2022-09-15,801750.SI,3723.20,3736.11,3624.61,3654.72,2653960000,35123690000
2022-09-16,801750.SI,3659.02,3723.61,3638.36,3638.36,3067860000,45616060000
2022-09-19,801750.SI,3631.24,3631.34,3536.91,3548.63,2680270000,36499420000
2022-09-20,801750.SI,3560.85,3587.40,3547.24,3559.57,1850790000,24927190000
2022-09-21,801750.SI,3546.28,3592.82,3474.29,3574.74,2168030000,27554400000
2022-09-22,801750.SI,3549.65,3625.69,3549.65,3574.04,2011250000,27317960000
2022-09-23,801750.SI,3575.08,3576.43,3479.23,3496.00,2145360000,27971630000
2022-09-26,801750.SI,3472.48,3483.31,3420.42,3422.28,2046090000,24513390000
2022-09-27,801750.SI,3431.27,3506.45,3431.23,3506.45,1805140000,23468060000
2022-09-28,801750.SI,3497.53,3497.62,3421.38,3421.38,1768020000,22800720000
2022-09-29,801750.SI,3454.43,3478.73,3400.58,3418.15,1951700000,23708000000
2022-09-30,801750.SI,3417.03,3443.03,3392.26,3392.26,1844710000,23074300000
2022-10-10,801750.SI,3394.20,3394.20,3298.93,3303.08,2185100000,28829140000
2022-10-11,801750.SI,3309.13,3340.79,3284.96,3317.39,1938300000,25206550000
2022-10-12,801750.SI,3313.55,3449.40,3296.26,3449.40,2868770000,36398190000
2022-10-13,801750.SI,3442.72,3579.95,3442.72,3541.67,4099940000,52231010000
2022-10-14,801750.SI,3552.75,3621.63,3550.68,3616.59,3871840000,50813130000
2022-10-17,801750.SI,3605.32,3713.67,3605.32,3701.29,3886660000,53078980000
2022-10-18,801750.SI,3705.71,3705.71,3658.30,3677.00,3334250000,43029650000
2022-10-19,801750.SI,3668.73,3686.72,3630.05,3655.81,3297060000,44022190000
2022-10-20,801750.SI,3639.02,3736.82,3625.34,3681.99,4026540000,55892120000
2022-10-21,801750.SI,3681.34,3723.88,3634.89,3696.83,3617710000,48210820000
2022-10-24,801750.SI,3702.80,3786.83,3667.41,3683.22,3894500000,56264080000
2022-10-25,801750.SI,3658.57,3676.22,3584.66,3629.84,3529540000,48284640000
2022-10-26,801750.SI,3628.03,3822.67,3628.02,3801.94,5068460000,69193210000
2022-10-27,801750.SI,3817.89,3922.57,3812.89,3875.96,5180430000,74745480000
2022-10-28,801750.SI,3846.30,3890.35,3763.57,3779.99,5191190000,72903540000
2022-10-31,801750.SI,3770.58,3962.62,3770.58,3936.29,6033740000,86313700000
2022-11-01,801750.SI,3946.17,4002.33,3901.18,3986.07,5905920000,84115430000
2022-11-02,801750.SI,3975.33,4017.53,3958.64,4016.08,5605640000,81809000000
2022-11-03,801750.SI,3971.42,3995.26,3902.65,3933.87,5065130000,76027140000
2022-11-04,801750.SI,3925.60,3997.93,3910.24,3988.91,4552470000,67991470000
2022-11-07,801750.SI,3973.66,4049.29,3967.55,3983.47,4701780000,66868010000
2022-11-08,801750.SI,3975.15,4026.85,3920.19,4026.85,5547140000,74401560000
2022-11-09,801750.SI,4007.63,4022.59,3951.76,3975.95,4622530000,60876590000
2022-11-10,801750.SI,3951.27,4017.85,3951.27,3988.63,5365300000,66379020000
2022-11-11,801750.SI,4083.32,4085.99,3971.66,3986.97,6479740000,85185880000
2022-11-14,801750.SI,3976.53,4038.81,3969.52,4035.28,5236980000,68978830000
2022-11-15,801750.SI,4018.67,4128.99,4018.67,4114.84,5545820000,79258780000
2022-11-16,801750.SI,4107.78,4165.53,4079.86,4093.87,5122750000,69003530000
2022-11-17,801750.SI,4103.98,4201.38,4063.30,4201.38,5707970000,80902130000
2022-11-18,801750.SI,4197.32,4273.03,4134.87,4140.82,6513620000,91987730000
2022-11-21,801750.SI,4111.49,4133.47,4044.84,4130.87,5004160000,69562690000
2022-11-22,801750.SI,4108.17,4142.29,4048.12,4063.70,4553220000,63064330000
2022-11-23,801750.SI,4053.52,4070.47,3962.16,4013.20,4153480000,56748220000
2022-11-24,801750.SI,4013.32,4029.44,3959.95,3964.43,3273730000,46469550000
2022-11-25,801750.SI,3958.55,3977.04,3914.49,3914.49,3060510000,42617400000
2022-11-28,801750.SI,3844.53,3902.64,3844.53,3872.47,3022590000,41914440000
2022-11-29,801750.SI,3875.73,3953.62,3868.54,3949.55,3157940000,44764770000
2022-11-30,801750.SI,3943.31,3948.66,3911.15,3937.12,3053330000,42844550000
2022-12-01,801750.SI,3969.80,4047.88,3969.78,4043.77,4117160000,59780540000
2022-12-02,801750.SI,4023.18,4109.75,4023.13,4051.06,4611700000,62054640000
2022-12-05,801750.SI,4079.75,4115.27,4073.03,4114.68,4417610000,58466680000
2022-12-06,801750.SI,4102.60,4131.23,4089.20,4099.63,3881460000,51198060000
2022-12-07,801750.SI,4094.18,4096.12,4061.06,4075.83,3557520000,46092980000
2022-12-08,801750.SI,4070.35,4070.48,4006.93,4011.66,3585100000,44502560000
2022-12-09,801750.SI,4009.66,4012.51,3970.75,3996.42,3223270000,41771170000
2022-12-12,801750.SI,3996.59,4070.13,3996.59,4054.50,3433710000,44620150000
2022-12-13,801750.SI,4057.23,4070.21,3955.76,3956.92,3569450000,44339890000
2022-12-14,801750.SI,3959.32,4012.45,3957.13,3972.42,3017900000,38697430000
2022-12-15,801750.SI,3967.54,4032.47,3959.31,4013.08,3246070000,42796790000
2022-12-16,801750.SI,3982.88,4008.03,3925.14,3933.82,3112750000,38054890000
2022-12-19,801750.SI,3939.93,3948.18,3848.49,3869.61,2697890000,32642500000
2022-12-20,801750.SI,3892.20,3907.94,3776.54,3791.97,2785500000,36313300000
2022-12-21,801750.SI,3789.59,3810.30,3744.60,3760.92,2217820000,26787490000
2022-12-22,801750.SI,3784.07,3819.02,3746.54,3756.13,2311050000,27646410000
2022-12-23,801750.SI,3743.94,3847.63,3743.94,3819.49,2509800000,31160230000
2022-12-26,801750.SI,3820.15,3867.15,3820.15,3862.12,2229230000,28873780000
2022-12-27,801750.SI,3871.90,3871.90,3826.78,3851.24,2348600000,29581750000
2022-12-28,801750.SI,3843.88,3844.29,3782.96,3793.92,2423230000,30205620000
2022-12-29,801750.SI,3783.50,3872.43,3783.50,3832.96,2558150000,33559220000
2022-12-30,801750.SI,3848.28,3896.59,3845.49,3873.45,2433000000,31010870000
2023-01-03,801750.SI,3876.49,4060.97,3876.45,4056.80,4439920000,59445690000
2023-01-04,801750.SI,4075.56,4090.07,4047.52,4087.09,4495870000,59510220000
2023-01-05,801750.SI,4091.40,4113.22,4073.91,4107.83,3866710000,55974750000
2023-01-06,801750.SI,4101.02,4102.91,4065.56,4073.10,3662190000,51145170000
2023-01-09,801750.SI,4078.38,4106.79,4065.97,4080.16,3378120000,46745100000
2023-01-10,801750.SI,4084.71,4105.70,4046.80,4087.44,3841970000,46204070000
2023-01-11,801750.SI,4086.56,4086.56,4007.85,4011.47,3717340000,45179610000
2023-01-12,801750.SI,4016.05,4066.84,3997.16,4035.38,4276740000,45152190000
2023-01-13,801750.SI,4043.37,4043.37,3998.48,4034.22,3341500000,36381280000
2023-01-16,801750.SI,4046.56,4167.13,4046.55,4136.54,4244290000,54561480000
2023-01-17,801750.SI,4139.53,4158.01,4103.03,4114.66,3442760000,41582060000
2023-01-18,801750.SI,4116.97,4209.57,4110.11,4199.24,3698270000,49294810000
2023-01-19,801750.SI,4191.49,4316.69,4191.49,4315.85,4502440000,64956410000
2023-01-20,801750.SI,4315.48,4398.53,4315.45,4355.95,4762380000,65736690000
2023-01-30,801750.SI,4438.44,4453.34,4414.39,4443.59,5643070000,83589050000
2023-01-31,801750.SI,4421.79,4428.15,4361.30,4369.17,6107040000,74760300000
2023-02-01,801750.SI,4375.98,4486.58,4372.24,4486.58,6487230000,83136810000
2023-02-02,801750.SI,4500.76,4546.33,4475.81,4485.46,6707780000,94271080000
2023-02-03,801750.SI,4475.19,4569.59,4469.81,4564.98,6696340000,91013480000
2023-02-06,801750.SI,4561.78,4637.22,4552.00,4598.53,7566880000,107824640000
2023-02-07,801750.SI,4576.84,4613.53,4546.60,4592.91,7580070000,107508750000
2023-02-08,801750.SI,4594.67,4594.70,4526.16,4543.32,7325820000,95216420000
2023-02-09,801750.SI,4517.63,4640.99,4494.36,4640.99,7414220000,101638170000
2023-02-10,801750.SI,4635.51,4665.95,4563.82,4586.43,7357260000,105059830000
2023-02-13,801750.SI,4567.63,4632.77,4567.62,4632.77,6542560000,93611170000
2023-02-14,801750.SI,4645.32,4659.44,4591.97,4612.62,6247370000,91716230000
2023-02-15,801750.SI,4615.72,4742.39,4609.23,4737.14,7878980000,116688460000
2023-02-16,801750.SI,4723.11,4820.18,4634.25,4670.65,9705620000,149364180000
2023-02-17,801750.SI,4661.03,4668.68,4493.66,4493.66,7523370000,110773440000
2023-02-20,801750.SI,4501.87,4636.50,4488.74,4635.46,6202830000,95488730000
2023-02-21,801750.SI,4634.59,4708.56,4590.74,4627.85,6965690000,102703420000
2023-02-22,801750.SI,4594.62,4661.88,4544.83,4648.92,5968360000,90701660000
2023-02-23,801750.SI,4635.79,4635.82,4522.08,4537.52,5721640000,83562260000
2023-02-24,801750.SI,4549.27,4604.52,4535.84,4579.15,5530920000,81531330000
2023-02-27,801750.SI,4551.32,4582.67,4510.80,4516.41,5475690000,77640090000
2023-02-28,801750.SI,4599.26,4661.13,4544.62,4617.62,6511950000,99047660000
2023-03-01,801750.SI,4609.34,4812.84,4609.33,4800.49,9395190000,144696440000
2023-03-02,801750.SI,4793.23,4853.93,4793.23,4825.39,8156110000,126138220000
2023-03-03,801750.SI,4776.16,4796.43,4709.99,4774.17,7092900000,107471710000
2023-03-06,801750.SI,4765.74,4787.18,4739.67,4757.04,5705790000,94798030000
2023-03-07,801750.SI,4752.39,4774.75,4628.21,4631.27,5847620000,89594840000
2023-03-08,801750.SI,4630.67,4710.32,4630.67,4710.32,5483500000,85650190000
2023-03-09,801750.SI,4704.81,4746.35,4640.26,4723.09,5491710000,84921890000
2023-03-10,801750.SI,4676.46,4753.00,4676.46,4696.95,6254190000,98245710000
2023-03-13,801750.SI,4678.59,4878.09,4658.18,4878.09,7632280000,124181170000
2023-03-14,801750.SI,4859.60,4867.57,4775.94,4830.90,7131910000,117576860000
2023-03-15,801750.SI,4867.41,4879.20,4766.48,4769.91,5546840000,89405700000
2023-03-16,801750.SI,4737.52,4788.97,4682.06,4714.41,5297470000,85359720000
2023-03-17,801750.SI,4757.22,4935.92,4757.22,4908.22,7496880000,124662250000
2023-03-20,801750.SI,4926.22,4974.90,4836.21,4841.22,7503110000,131856190000
2023-03-21,801750.SI,4834.22,4920.38,4818.08,4891.50,6869960000,106179350000
2023-03-22,801750.SI,4889.03,5008.52,4864.26,5008.52,9253750000,141646210000
2023-03-23,801750.SI,4981.31,5140.55,4967.99,5140.55,8965310000,157346580000
2023-03-24,801750.SI,5142.57,5243.92,5088.47,5237.54,10366030000,172794470000
2023-03-27,801750.SI,5261.70,5367.43,5194.97,5315.53,11274900000,197016410000
2023-03-28,801750.SI,5278.57,5316.36,5188.29,5219.84,9858150000,173684640000
2023-03-29,801750.SI,5205.16,5293.82,5115.57,5208.25,9384740000,166693770000
2023-03-30,801750.SI,5191.30,5197.85,5063.18,5100.08,8398490000,143217900000
2023-03-31,801750.SI,5094.60,5303.23,5046.23,5298.33,8366240000,143874840000
2023-04-03,801750.SI,5329.74,5536.70,5312.60,5536.70,11191130000,207123580000
2023-04-04,801750.SI,5542.14,5655.78,5485.69,5583.11,11357730000,217897290000
2023-04-06,801750.SI,5465.46,5541.33,5436.80,5483.82,9414170000,179550540000
2023-04-07,801750.SI,5496.16,5612.33,5441.01,5592.36,8868090000,159243760000
2023-04-10,801750.SI,5624.68,5633.75,5273.51,5293.71,9874110000,181692790000
2023-04-11,801750.SI,5279.65,5384.69,5251.05,5341.80,8178430000,151822450000
2023-04-12,801750.SI,5339.36,5527.77,5337.62,5506.40,9251640000,173601710000
2023-04-13,801750.SI,5455.20,5495.42,5348.67,5355.67,9080300000,166616590000
2023-04-14,801750.SI,5364.53,5410.51,5234.57,5355.49,7693650000,139572220000
2023-04-17,801750.SI,5328.30,5330.61,5238.63,5276.65,7092660000,126515920000
2023-04-18,801750.SI,5261.00,5332.12,5190.31,5295.01,6436530000,122563090000
2023-04-19,801750.SI,5270.23,5421.24,5270.23,5306.43,7586730000,150959120000
2023-04-20,801750.SI,5308.33,5417.90,5289.03,5417.90,7736690000,157778530000
2023-04-21,801750.SI,5408.37,5408.37,5106.60,5106.60,9308780000,173010250000
2023-04-24,801750.SI,5099.58,5154.36,5045.36,5079.59,6909760000,131092900000
2023-04-25,801750.SI,5052.81,5101.08,4953.50,5026.24,7664900000,141521930000
2023-04-26,801750.SI,5007.65,5025.18,4783.26,4824.52,7783600000,144680140000
2023-04-27,801750.SI,4778.22,4864.99,4712.53,4750.37,6439050000,115489880000
2023-04-28,801750.SI,4735.70,4933.99,4735.70,4927.84,6885420000,120392320000
2023-05-04,801750.SI,4909.53,4927.13,4806.98,4873.22,6860780000,114607330000
2023-05-05,801750.SI,4852.25,4914.43,4801.38,4870.98,6490170000,113922670000
2023-05-08,801750.SI,4890.86,4991.95,4846.39,4977.48,6662540000,122209380000
2023-05-09,801750.SI,4964.70,5030.87,4923.23,4929.30,6973770000,129611980000
2023-05-10,801750.SI,4908.14,4981.43,4856.37,4909.60,5603810000,106358780000
2023-05-11,801750.SI,4915.96,4938.78,4832.18,4835.82,5082580000,94087310000
2023-05-12,801750.SI,4817.83,4856.60,4782.47,4786.28,4464210000,78812260000
2023-05-15,801750.SI,4805.50,4807.80,4664.17,4782.73,4693270000,83392060000
2023-05-16,801750.SI,4772.40,4772.40,4628.08,4634.95,4619060000,79561750000
2023-05-17,801750.SI,4614.51,4698.79,4609.25,4677.06,4087930000,70608770000
2023-05-18,801750.SI,4678.48,4815.18,4673.96,4805.41,5724580000,100803350000
2023-05-19,801750.SI,4797.88,4818.69,4752.86,4785.10,4845380000,86471970000
2023-05-22,801750.SI,4777.85,4786.41,4704.83,4747.53,4380380000,75610910000
2023-05-23,801750.SI,4742.59,4755.49,4682.95,4682.95,4105120000,70636660000
2023-05-24,801750.SI,4660.64,4714.33,4613.88,4656.97,4336100000,76684080000
2023-05-25,801750.SI,4666.90,4705.80,4549.96,4633.67,4857520000,84584740000
2023-05-26,801750.SI,4633.80,4747.99,4622.72,4735.96,4763630000,89055460000
2023-05-29,801750.SI,4766.91,4783.26,4702.09,4720.27,5595840000,104410150000
2023-05-30,801750.SI,4702.88,4855.79,4659.97,4855.79,6250920000,115638620000
2023-05-31,801750.SI,4861.31,4938.33,4859.44,4929.19,6831360000,125181310000
2023-06-01,801750.SI,4893.81,5088.78,4891.66,5034.16,7733320000,141030370000
2023-06-02,801750.SI,5042.43,5072.05,5020.30,5038.80,6199060000,115892570000
2023-06-05,801750.SI,5037.45,5089.27,5037.18,5063.13,6099460000,103194260000
2023-06-06,801750.SI,5059.87,5064.26,4907.52,4928.11,6488350000,111617340000
2023-06-07,801750.SI,4927.41,5022.41,4912.00,4995.83,5590580000,100556340000
2023-06-08,801750.SI,4981.09,4982.09,4884.27,4958.69,5808070000,103463660000
2023-06-09,801750.SI,4964.36,5027.41,4921.56,5020.96,6572480000,122108110000
2023-06-12,801750.SI,5027.52,5076.37,5027.52,5041.20,6186320000,116237270000
2023-06-13,801750.SI,5038.28,5223.79,5009.20,5205.29,8183630000,155884600000
2023-06-14,801750.SI,5193.77,5253.61,5171.70,5233.42,7451440000,143584200000
2023-06-15,801750.SI,5228.94,5235.92,5162.07,5168.40,6474140000,118959160000
2023-06-16,801750.SI,5158.36,5331.27,5131.58,5325.47,6948620000,137957190000
2023-06-19,801750.SI,5346.29,5484.98,5332.79,5477.49,7771460000,163815270000
2023-06-20,801750.SI,5448.66,5579.64,5435.36,5556.70,7758440000,165544650000
2023-06-21,801750.SI,5516.22,5516.22,5318.51,5318.51,7048200000,142273040000
2023-06-26,801750.SI,5246.22,5274.67,5003.60,5014.76,6435780000,124428190000
2023-06-27,801750.SI,5034.34,5072.48,4993.78,5042.23,4519730000,85993710000
2023-06-28,801750.SI,5019.07,5019.07,4770.13,4891.07,5860220000,103754410000
2023-06-29,801750.SI,4882.68,4948.65,4846.61,4924.85,4840320000,92801310000
2023-06-30,801750.SI,4894.61,4963.28,4860.13,4941.44,4805740000,88763300000
2023-07-03,801750.SI,4946.06,4952.63,4815.84,4935.38,5244230000,96999050000
2023-07-04,801750.SI,4913.82,5000.84,4902.41,4993.68,5030650000,92269530000
2023-07-05,801750.SI,4996.32,5023.46,4900.71,4904.52,4857210000,87520050000
2023-07-06,801750.SI,4885.86,4991.31,4879.67,4920.85,4350720000,84595030000
2023-07-07,801750.SI,4907.28,4907.31,4758.99,4827.51,4659350000,86799160000
2023-07-10,801750.SI,4846.06,4846.06,4796.43,4811.26,3661650000,66080700000
2023-07-11,801750.SI,4803.64,4876.15,4802.91,4855.77,4144140000,81377590000
2023-07-12,801750.SI,4842.23,4855.77,4705.93,4710.78,5357880000,94748490000
2023-07-13,801750.SI,4723.12,4781.56,4690.35,4768.23,4524960000,82323960000
2023-07-14,801750.SI,4777.15,4915.38,4777.15,4867.24,5646190000,105148070000
2023-07-17,801750.SI,4863.55,4916.32,4848.63,4867.29,4922740000,88723520000
2023-07-18,801750.SI,4866.77,4867.12,4786.92,4786.92,4100980000,74426220000
2023-07-19,801750.SI,4814.89,4831.12,4768.96,4785.83,3619060000,65234020000
2023-07-20,801750.SI,4787.42,4787.43,4643.98,4650.55,3998400000,72560750000
2023-07-21,801750.SI,4634.01,4668.88,4592.99,4612.11,3161040000,53866260000
2023-07-24,801750.SI,4606.27,4718.77,4600.46,4649.56,3304140000,62552390000
2023-07-25,801750.SI,4713.51,4761.92,4686.80,4749.79,4268470000,79405850000
2023-07-26,801750.SI,4734.36,4734.40,4637.67,4649.88,3771200000,65018650000
2023-07-27,801750.SI,4652.75,4670.81,4601.45,4606.07,3317880000,55335220000
2023-07-28,801750.SI,4598.94,4704.01,4578.59,4694.80,4102330000,73165280000
2023-07-31,801750.SI,4693.23,4763.33,4684.12,4733.33,4520470000,78930790000
2023-08-01,801750.SI,4713.40,4761.96,4682.79,4739.43,4072820000,73781310000
2023-08-02,801750.SI,4719.90,4756.38,4717.00,4751.77,3624500000,62249710000
2023-08-03,801750.SI,4727.12,4769.07,4715.85,4749.66,3631370000,63854230000
2023-08-04,801750.SI,4766.90,4924.99,4766.86,4886.79,6646740000,110617450000
2023-08-07,801750.SI,4887.74,4938.07,4885.43,4900.21,5300560000,94024010000
2023-08-08,801750.SI,4890.11,4895.40,4845.05,4845.05,4168780000,72136090000
2023-08-09,801750.SI,4833.73,4902.99,4795.14,4802.14,4542930000,79610120000
2023-08-10,801750.SI,4781.87,4813.81,4759.38,4805.14,4387190000,72511840000
2023-08-11,801750.SI,4803.76,4803.98,4676.26,4676.61,4279200000,69630730000
2023-08-14,801750.SI,4623.13,4764.42,4623.13,4761.84,4401630000,75949890000
2023-08-15,801750.SI,4762.41,4764.36,4647.38,4702.05,4103180000,71675450000
2023-08-16,801750.SI,4681.52,4681.53,4572.19,4576.89,4508000000,77886090000
2023-08-17,801750.SI,4547.82,4618.89,4512.26,4606.30,4215400000,72640250000
2023-08-18,801750.SI,4601.23,4640.25,4477.41,4477.41,4085330000,67327700000
2023-08-21,801750.SI,4470.42,4567.07,4470.42,4479.98,3783080000,63427100000
2023-08-22,801750.SI,4522.45,4622.63,4492.85,4622.10,5735150000,98356060000
2023-08-23,801750.SI,4589.55,4592.71,4492.26,4492.26,5366680000,91968150000
2023-08-24,801750.SI,4523.32,4545.69,4462.92,4473.40,5717320000,96537950000
2023-08-25,801750.SI,4420.70,4420.70,4265.21,4289.51,5891640000,93779500000
2023-08-28,801750.SI,4581.76,4581.76,4308.85,4314.34,6468560000,109536510000
2023-08-29,801750.SI,4293.21,4501.18,4293.21,4481.94,6155810000,101691860000
2023-08-30,801750.SI,4486.93,4599.53,4486.81,4585.97,6548300000,110885510000
2023-08-31,801750.SI,4566.54,4595.70,4545.87,4557.13,5122770000,83076140000
2023-09-01,801750.SI,4557.31,4566.51,4489.54,4510.78,3956120000,64327380000
2023-09-04,801750.SI,4532.39,4585.27,4490.03,4585.27,4589990000,77590670000
2023-09-05,801750.SI,4574.44,4593.82,4517.86,4524.33,5100230000,85357240000
2023-09-06,801750.SI,4500.88,4541.89,4451.09,4535.10,4714770000,75596650000
2023-09-07,801750.SI,4522.32,4546.72,4473.22,4473.22,5067760000,79598250000
2023-09-08,801750.SI,4453.86,4500.06,4413.77,4476.17,5384180000,84468810000
2023-09-11,801750.SI,4477.54,4580.17,4448.11,4534.53,5442130000,89783120000
2023-09-12,801750.SI,4526.14,4550.58,4510.54,4518.25,5173050000,78276240000
2023-09-13,801750.SI,4496.19,4496.31,4354.95,4389.40,5025640000,73768850000
2023-09-14,801750.SI,4386.31,4389.05,4322.76,4350.35,3930250000,57731100000
2023-09-15,801750.SI,4356.67,4356.67,4284.70,4301.16,3801820000,55500040000
2023-09-18,801750.SI,4277.68,4337.72,4277.68,4300.90,3440630000,51353370000
2023-09-19,801750.SI,4290.84,4290.99,4212.55,4221.09,3398530000,49501730000
2023-09-20,801750.SI,4222.50,4258.92,4203.01,4205.38,3519940000,51281700000
2023-09-21,801750.SI,4186.55,4241.02,4184.39,4204.52,3731370000,53535320000
2023-09-22,801750.SI,4195.97,4353.59,4190.44,4353.59,5177570000,82751550000
2023-09-25,801750.SI,4355.11,4355.11,4293.80,4303.73,5111690000,79286670000
2023-09-26,801750.SI,4299.39,4391.90,4299.39,4343.22,4752910000,81787780000
2023-09-27,801750.SI,4324.13,4360.22,4316.14,4332.55,4464550000,71295450000
2023-09-28,801750.SI,4342.41,4372.08,4337.97,4362.90,4066770000,64130540000
2023-10-09,801750.SI,4358.85,4401.52,4344.69,4389.59,4720470000,71313920000
2023-10-10,801750.SI,4400.26,4445.55,4400.16,4421.54,6138750000,95229480000
2023-10-11,801750.SI,4422.48,4511.85,4393.81,4468.94,6639400000,106668760000
2023-10-12,801750.SI,4487.31,4493.44,4437.41,4450.71,5844950000,91469850000
2023-10-13,801750.SI,4424.57,4426.48,4375.35,4391.37,5503030000,85730450000
2023-10-16,801750.SI,4390.13,4393.96,4338.48,4360.87,5929880000,88180020000
2023-10-17,801750.SI,4375.24,4381.45,4325.77,4364.57,5864960000,86345480000
2023-10-18,801750.SI,4341.29,4341.57,4233.45,4299.57,6607040000,99996370000
2023-10-19,801750.SI,4270.95,4349.32,4245.94,4246.00,6674730000,99059430000
2023-10-20,801750.SI,4212.78,4242.09,4113.25,4117.16,5819310000,83507520000
2023-10-23,801750.SI,4105.11,4108.27,3999.52,4025.48,5273140000,74430030000
2023-10-24,801750.SI,4040.49,4094.92,3978.65,4049.27,5440980000,83139350000
2023-10-25,801750.SI,4082.05,4193.14,4082.00,4145.32,6213620000,95286430000
2023-10-26,801750.SI,4115.43,4176.02,4109.19,4175.61,6330320000,96213360000
2023-10-27,801750.SI,4154.00,4177.00,4098.22,4160.01,5904180000,89744170000
2023-10-30,801750.SI,4142.57,4254.07,4139.11,4241.58,5936900000,95141840000
2023-10-31,801750.SI,4243.24,4243.24,4164.36,4197.15,5867200000,88619480000
2023-11-01,801750.SI,4195.57,4222.53,4156.91,4156.91,4341590000,68127190000
2023-11-02,801750.SI,4158.32,4184.76,4107.60,4107.60,4368590000,65710150000
2023-11-03,801750.SI,4116.68,4214.23,4116.68,4200.86,4706950000,72825900000
2023-11-06,801750.SI,4230.14,4335.98,4230.11,4334.57,5661550000,92766230000
2023-11-07,801750.SI,4325.79,4397.95,4318.51,4384.02,5877880000,97909840000
2023-11-08,801750.SI,4390.92,4478.84,4389.12,4434.13,7280670000,117859290000
2023-11-09,801750.SI,4429.69,4470.92,4393.68,4430.92,6715030000,109153460000
2023-11-10,801750.SI,4401.77,4416.74,4370.97,4381.34,5391760000,88213040000
2023-11-13,801750.SI,4410.48,4519.61,4410.38,4496.80,6543990000,110254050000
2023-11-14,801750.SI,4509.60,4572.92,4509.60,4569.72,7471870000,125201110000
2023-11-15,801750.SI,4624.29,4633.20,4566.70,4581.72,7955870000,131365300000
2023-11-16,801750.SI,4558.04,4608.90,4549.61,4549.61,6840390000,112449570000
2023-11-17,801750.SI,4537.53,4579.27,4516.30,4551.29,6226100000,101428130000
2023-11-20,801750.SI,4556.13,4625.30,4543.55,4600.65,7086080000,113629620000
2023-11-21,801750.SI,4610.68,4613.18,4520.62,4533.15,7239140000,111425600000
2023-11-22,801750.SI,4516.42,4559.70,4474.33,4474.33,6983470000,98368630000
2023-11-23,801750.SI,4462.31,4508.36,4401.41,4505.22,5986050000,88259570000
2023-11-24,801750.SI,4513.99,4514.04,4373.20,4385.02,5477500000,85503090000
2023-11-27,801750.SI,4370.74,4416.14,4370.73,4387.91,4660860000,74955160000
2023-11-28,801750.SI,4383.08,4411.00,4349.67,4389.59,4255420000,67914200000
2023-11-29,801750.SI,4382.64,4395.65,4339.31,4342.98,4099650000,65188850000
2023-11-30,801750.SI,4333.72,4341.07,4263.85,4305.95,4154050000,64545450000
2023-12-01,801750.SI,4307.89,4438.96,4305.19,4429.56,4896160000,86031970000
2023-12-04,801750.SI,4435.59,4503.53,4435.57,4456.40,5388090000,96533390000
2023-12-05,801750.SI,4435.15,4435.61,4297.68,4297.68,5001200000,83318610000
2023-12-06,801750.SI,4286.08,4347.54,4264.30,4302.97,4230370000,68135740000
2023-12-07,801750.SI,4297.86,4391.14,4297.86,4369.96,4945280000,84343350000
2023-12-08,801750.SI,4376.26,4471.29,4376.26,4427.53,6111290000,113753150000
2023-12-11,801750.SI,4414.07,4514.44,4382.22,4510.28,5437100000,100197590000
2023-12-12,801750.SI,4503.84,4529.10,4498.32,4517.59,5241440000,95875180000
2023-12-13,801750.SI,4508.15,4526.34,4448.08,4448.08,4739870000,85149280000
2023-12-14,801750.SI,4464.70,4496.11,4407.95,4409.59,4821420000,77801440000
2023-12-15,801750.SI,4412.54,4416.98,4350.44,4361.81,4334580000,69551000000
2023-12-18,801750.SI,4346.85,4387.49,4280.62,4291.36,4138230000,65758230000
2023-12-19,801750.SI,4285.29,4334.47,4262.05,4319.14,3955970000,63797280000
2023-12-20,801750.SI,4321.99,4323.52,4186.49,4186.94,4299990000,69879760000
2023-12-21,801750.SI,4164.70,4241.28,4138.88,4218.50,4191760000,68112940000
2023-12-22,801750.SI,4208.54,4208.82,4093.71,4108.34,4576380000,70110840000
2023-12-25,801750.SI,4104.16,4134.53,4073.31,4103.72,3411240000,51120480000
2023-12-26,801750.SI,4102.94,4102.99,3987.29,4013.36,3550380000,54059470000
2023-12-27,801750.SI,4021.65,4071.01,4021.45,4051.72,3768020000,58279020000
2023-12-28,801750.SI,4041.38,4162.72,4013.88,4144.37,4616520000,69619680000
2023-12-29,801750.SI,4137.99,4220.84,4135.86,4220.78,4545310000,72013560000
2024-01-02,801750.SI,4221.39,4222.54,4141.54,4141.54,3943550000,60355410000
2024-01-03,801750.SI,4130.40,4135.51,4041.91,4077.55,3938190000,64337550000
2024-01-04,801750.SI,4072.32,4076.62,4022.49,4039.45,3976770000,63924610000
2024-01-05,801750.SI,4039.87,4046.42,3938.07,3960.59,4085720000,62266330000
2024-01-08,801750.SI,3947.59,3947.73,3859.61,3859.61,3915480000,59311900000
2024-01-09,801750.SI,3871.40,3891.60,3794.99,3825.71,3995360000,59795720000
2024-01-10,801750.SI,3808.04,3808.36,3728.68,3744.41,3566560000,51978070000
2024-01-11,801750.SI,3745.61,3875.61,3745.57,3865.26,4258360000,65735090000
2024-01-12,801750.SI,3857.49,3858.04,3790.97,3792.73,3668660000,55520190000
2024-01-15,801750.SI,3778.40,3795.48,3747.40,3761.90,2984730000,46967150000
2024-01-16,801750.SI,3759.01,3759.20,3675.13,3739.98,3594120000,54404850000
2024-01-17,801750.SI,3736.73,3740.23,3655.72,3655.72,3371470000,50686900000
2024-01-18,801750.SI,3633.09,3692.18,3570.87,3691.68,4637080000,67667320000
2024-01-19,801750.SI,3678.99,3689.20,3610.81,3610.81,3576860000,54040690000
2024-01-22,801750.SI,3609.02,3609.91,3402.33,3422.34,4373850000,60353010000
2024-01-23,801750.SI,3417.22,3507.14,3397.31,3492.74,4102200000,60554460000
2024-01-24,801750.SI,3508.84,3545.97,3403.86,3541.07,4472310000,63515870000
2024-01-25,801750.SI,3534.43,3661.21,3507.68,3653.54,5047100000,74112680000
2024-01-26,801750.SI,3641.10,3679.34,3606.35,3608.34,4501450000,63896790000
2024-01-29,801750.SI,3611.87,3628.38,3481.49,3481.49,4038580000,56666410000
2024-01-30,801750.SI,3468.16,3514.70,3396.33,3399.65,3495230000,47492080000
2024-01-31,801750.SI,3373.98,3375.29,3221.90,3222.55,4809800000,59556430000
2024-02-01,801750.SI,3200.21,3314.83,3174.36,3234.42,4308730000,55845660000
2024-02-02,801750.SI,3237.95,3278.66,2994.06,3095.84,5003850000,60319280000
2024-02-05,801750.SI,3068.49,3068.50,2811.16,2892.47,6147630000,66032180000
2024-02-06,801750.SI,2838.71,3094.59,2815.63,3057.21,6423150000,68048040000
2024-02-07,801750.SI,3061.16,3168.65,3057.87,3099.76,6581540000,73720040000
2024-02-08,801750.SI,3128.93,3279.03,3128.93,3275.81,6600240000,75288660000
2024-02-19,801750.SI,3384.35,3419.75,3335.60,3419.75,6665950000,86034150000
2024-02-20,801750.SI,3396.45,3435.85,3365.59,3426.70,5612550000,75678100000
2024-02-21,801750.SI,3383.29,3535.29,3378.86,3440.74,6290690000,82097260000
2024-02-22,801750.SI,3480.86,3582.64,3467.82,3567.71,6551400000,90886180000
2024-02-23,801750.SI,3604.94,3655.38,3558.49,3655.38,7185900000,99263290000
2024-02-26,801750.SI,3657.23,3737.24,3634.96,3683.56,7318500000,105480440000
2024-02-27,801750.SI,3658.06,3853.39,3651.88,3853.39,7912670000,118119170000
2024-02-28,801750.SI,3870.08,3933.32,3629.59,3629.59,10165930000,154187060000
2024-02-29,801750.SI,3604.71,3795.43,3604.70,3795.43,7232230000,113505850000
2024-03-01,801750.SI,3804.58,3939.31,3804.58,3930.60,7854770000,133304620000
2024-03-04,801750.SI,3969.24,3976.79,3869.84,3951.49,7939400000,137645610000
2024-03-05,801750.SI,3910.13,3975.26,3875.82,3917.77,7546980000,132731670000
2024-03-06,801750.SI,3882.30,3928.69,3834.13,3899.64,6198080000,104651470000
2024-03-07,801750.SI,3903.60,3929.97,3791.42,3791.42,6399020000,105537540000
2024-03-08,801750.SI,3799.52,3861.97,3764.55,3849.05,5308730000,87494380000
2024-03-11,801750.SI,3813.12,3922.92,3809.50,3922.92,6094960000,98113670000
2024-03-12,801750.SI,3936.26,3964.54,3899.57,3942.98,6797500000,105508770000
2024-03-13,801750.SI,3963.73,4022.28,3949.42,3972.91,7346190000,118754860000
2024-03-14,801750.SI,3939.35,3953.71,3858.95,3913.03,6584420000,101291780000
2024-03-15,801750.SI,3895.57,3940.40,3852.33,3940.40,5592320000,86369030000
2024-03-18,801750.SI,3953.80,4027.06,3943.62,4027.06,7029970000,113419540000
2024-03-19,801750.SI,4011.84,4055.03,4002.72,4008.35,6885750000,108975480000
2024-03-20,801750.SI,3995.37,4086.45,3995.35,4086.45,7227790000,118179970000
2024-03-21,801750.SI,4106.28,4152.35,4071.13,4077.99,7511200000,122722240000
2024-03-22,801750.SI,4063.75,4078.61,3969.92,4038.70,7700170000,123154210000
2024-03-25,801750.SI,4042.15,4060.90,3921.70,3921.70,7821090000,119992410000
2024-03-26,801750.SI,3898.72,3946.01,3800.53,3835.45,6763380000,105300470000
2024-03-27,801750.SI,3822.09,3823.81,3653.39,3653.39,6097120000,89145060000
2024-03-28,801750.SI,3654.34,3830.30,3654.34,3799.47,6600410000,100411440000
2024-03-29,801750.SI,3788.29,3788.57,3711.89,3777.26,5161840000,79464080000
2024-04-01,801750.SI,3793.36,3863.73,3793.36,3863.73,5115450000,80114210000
2024-04-02,801750.SI,3857.38,3857.38,3757.52,3780.73,4921480000,74213620000
2024-04-03,801750.SI,3767.32,3771.77,3659.99,3681.39,4317420000,64902880000
2024-04-08,801750.SI,3670.43,3681.26,3619.70,3627.36,4246390000,61434980000
2024-04-09,801750.SI,3625.04,3643.47,3596.02,3642.99,3504980000,52226710000
2024-04-10,801750.SI,3634.75,3635.05,3514.78,3543.63,4095220000,57605880000
2024-04-11,801750.SI,3523.56,3612.92,3523.53,3561.26,4070110000,58906120000
2024-04-12,801750.SI,3563.02,3592.29,3524.13,3525.93,3611600000,53170410000
2024-04-15,801750.SI,3514.11,3547.63,3430.69,3475.68,4923240000,65771930000
2024-04-16,801750.SI,3449.44,3456.94,3308.92,3309.62,5177420000,66176560000
2024-04-17,801750.SI,3351.06,3478.30,3350.80,3478.30,4709150000,64559380000
2024-04-18,801750.SI,3466.45,3516.85,3418.27,3458.93,4318890000,62801660000
2024-04-19,801750.SI,3434.23,3443.13,3365.00,3387.08,3701910000,55261960000
2024-04-22,801750.SI,3339.41,3409.26,3302.70,3376.24,3431310000,49266230000
2024-04-23,801750.SI,3379.87,3403.26,3367.28,3385.30,3265830000,46521020000
2024-04-24,801750.SI,3398.85,3496.47,3398.85,3496.47,4406470000,62780080000
2024-04-25,801750.SI,3471.60,3497.33,3452.24,3464.10,3832120000,53362580000
2024-04-26,801750.SI,3465.78,3594.25,3465.70,3582.72,5677480000,84138740000
2024-04-29,801750.SI,3600.69,3702.02,3600.69,3686.24,6000760000,90090420000
2024-04-30,801750.SI,3689.09,3696.55,3620.75,3649.96,5298380000,80257960000
2024-05-06,801750.SI,3704.53,3720.65,3659.39,3674.53,4730810000,72081640000
2024-05-07,801750.SI,3667.43,3700.44,3635.53,3658.37,4582590000,68037760000
2024-05-08,801750.SI,3635.53,3635.53,3552.73,3554.94,4421270000,60681030000
2024-05-09,801750.SI,3555.23,3599.77,3555.18,3588.11,3528590000,52235280000
2024-05-10,801750.SI,3588.85,3602.30,3523.39,3531.85,3950050000,55890080000
2024-05-13,801750.SI,3505.16,3505.97,3457.38,3471.64,3709850000,51932290000
2024-05-14,801750.SI,3484.69,3514.86,3466.32,3501.32,3333110000,49432980000
2024-05-15,801750.SI,3489.87,3500.37,3453.18,3453.99,2995870000,42208900000
2024-05-16,801750.SI,3472.73,3512.21,3465.52,3478.21,3753630000,52661480000
2024-05-17,801750.SI,3477.45,3531.41,3458.10,3531.41,4110810000,54560990000
2024-05-20,801750.SI,3525.60,3583.51,3515.13,3560.53,4188420000,59871660000
2024-05-21,801750.SI,3552.83,3558.82,3510.84,3518.63,3376500000,48688020000
2024-05-22,801750.SI,3511.02,3545.02,3496.95,3540.23,3186400000,46462140000
2024-05-23,801750.SI,3539.42,3539.45,3454.42,3458.27,3753550000,53662430000
2024-05-24,801750.SI,3454.75,3472.95,3384.16,3384.16,3677130000,51222460000
2024-05-27,801750.SI,3392.78,3406.92,3331.64,3406.60,3563880000,48147390000
2024-05-28,801750.SI,3394.51,3410.05,3355.88,3357.09,3281460000,41695950000
2024-05-29,801750.SI,3356.94,3383.09,3331.20,3347.59,3175290000,39796370000
2024-05-30,801750.SI,3332.63,3365.26,3304.54,3346.28,2827150000,36722610000
2024-05-31,801750.SI,3349.69,3411.97,3349.26,3395.09,3488420000,48027750000
2024-06-03,801750.SI,3395.81,3395.83,3333.41,3358.33,3874870000,50524180000
2024-06-04,801750.SI,3347.27,3357.83,3302.62,3344.01,3835200000,48185170000
2024-06-05,801750.SI,3341.92,3378.03,3331.36,3331.36,3741210000,45860450000
2024-06-06,801750.SI,3334.29,3342.43,3219.09,3229.28,5125560000,58673620000
2024-06-07,801750.SI,3252.11,3275.33,3200.67,3229.21,3710740000,44898630000
2024-06-11,801750.SI,3214.37,3291.77,3189.85,3291.77,3564770000,43699240000
2024-06-12,801750.SI,3290.20,3335.56,3290.18,3314.83,3356330000,44583740000
2024-06-13,801750.SI,3318.75,3340.01,3296.24,3320.11,3547350000,49070100000
2024-06-14,801750.SI,3309.96,3357.90,3295.46,3347.28,3694200000,54775900000
2024-06-17,801750.SI,3335.38,3352.93,3317.38,3324.88,3441850000,49239960000
2024-06-18,801750.SI,3324.34,3391.05,3324.34,3391.05,4362380000,59570520000
2024-06-19,801750.SI,3404.06,3413.41,3371.99,3372.47,4799920000,65366030000
2024-06-20,801750.SI,3361.21,3361.26,3286.45,3286.45,4879530000,64203910000
2024-06-21,801750.SI,3268.00,3297.41,3237.61,3283.27,3791930000,48383190000
2024-06-24,801750.SI,3258.02,3264.15,3169.05,3170.50,4489030000,54803050000
2024-06-25,801750.SI,3173.88,3190.95,3078.24,3108.43,4376550000,51782270000
2024-06-26,801750.SI,3110.10,3258.63,3089.91,3251.82,4874230000,60448730000
2024-06-27,801750.SI,3237.15,3247.04,3192.58,3192.58,4420340000,53558940000
2024-06-28,801750.SI,3183.48,3238.25,3162.32,3170.70,4371960000,54679670000
2024-07-01,801750.SI,3164.07,3175.63,3110.61,3163.70,3741880000,46580820000
2024-07-02,801750.SI,3172.69,3232.61,3172.69,3185.34,5057330000,58365150000
2024-07-03,801750.SI,3180.67,3180.68,3124.85,3127.09,4949220000,54810280000
2024-07-04,801750.SI,3130.19,3145.93,3046.46,3046.46,4682160000,50279990000
2024-07-05,801750.SI,3044.67,3099.25,3022.35,3083.68,4386810000,47662410000
2024-07-08,801750.SI,3064.86,3064.99,2967.47,2978.96,4278290000,45382390000
2024-07-09,801750.SI,2973.89,3044.01,2936.33,3041.02,4556460000,53516060000
2024-07-10,801750.SI,3024.97,3074.21,3018.21,3043.96,4401970000,50116280000
2024-07-11,801750.SI,3097.24,3125.11,3073.11,3118.62,4918760000,59132060000
2024-07-12,801750.SI,3106.27,3110.78,3077.21,3086.37,4130710000,49099770000
2024-07-15,801750.SI,3077.43,3077.53,3028.99,3035.91,3601030000,41408040000
2024-07-16,801750.SI,3025.81,3095.38,3016.86,3086.07,3696380000,49487550000
2024-07-17,801750.SI,3081.05,3102.89,3045.17,3045.17,3661740000,48058360000
2024-07-18,801750.SI,3018.84,3038.02,2962.90,3028.79,3777230000,46583470000
2024-07-19,801750.SI,3014.51,3096.87,3014.51,3078.41,3610680000,50271270000
2024-07-22,801750.SI,3111.25,3143.91,3099.80,3126.82,4497760000,59436280000
2024-07-23,801750.SI,3115.55,3122.53,3051.49,3051.61,5021880000,56807090000
2024-07-24,801750.SI,3035.63,3057.86,2989.06,2994.90,4511130000,49528120000
2024-07-25,801750.SI,2974.13,3030.11,2966.51,2998.25,3878420000,43112060000
2024-07-26,801750.SI,2994.74,3035.28,2994.64,3026.82,3775460000,40745520000
2024-07-29,801750.SI,3029.74,3048.33,3004.64,3031.80,4082440000,41050160000
2024-07-30,801750.SI,3021.09,3049.90,2997.61,3037.17,4154070000,43757250000
2024-07-31,801750.SI,3030.46,3161.17,3030.46,3161.17,5770710000,70889190000
2024-08-01,801750.SI,3159.80,3174.51,3130.08,3146.65,4701820000,57431800000
2024-08-02,801750.SI,3118.14,3152.25,3078.05,3081.20,4541340000,51800120000
2024-08-05,801750.SI,3049.03,3099.95,2974.32,2974.32,4625270000,52549190000
2024-08-06,801750.SI,3013.18,3023.64,2973.90,3011.21,3488560000,38899050000
2024-08-07,801750.SI,3008.69,3030.21,2994.32,2996.82,3372590000,38522830000
2024-08-08,801750.SI,2980.53,2997.00,2924.27,2969.32,3600350000,39510460000
2024-08-09,801750.SI,2983.78,2995.01,2938.50,2938.50,3000070000,31664170000
2024-08-12,801750.SI,2926.65,2926.92,2886.84,2897.88,2853320000,30463820000
2024-08-13,801750.SI,2897.32,2916.95,2877.68,2916.95,2364650000,25911260000
2024-08-14,801750.SI,2916.94,2931.52,2901.15,2905.63,2577930000,28293190000
2024-08-15,801750.SI,2895.72,2971.68,2884.05,2947.47,3734670000,40536530000
2024-08-16,801750.SI,2947.14,2965.06,2939.37,2941.24,3726310000,39030240000
2024-08-19,801750.SI,2935.91,2993.95,2935.90,2958.30,4178320000,46259700000
2024-08-20,801750.SI,2951.49,2951.54,2886.79,2892.48,3823440000,39988570000
2024-08-21,801750.SI,2883.92,2921.38,2879.39,2881.63,3172900000,34594830000
2024-08-22,801750.SI,2881.62,2915.42,2816.86,2818.47,3941790000,43114710000
2024-08-23,801750.SI,2820.26,2879.33,2820.25,2862.07,4009160000,43866650000
2024-08-26,801750.SI,2865.43,2878.28,2842.83,2859.62,3868290000,41839530000
2024-08-27,801750.SI,2844.78,2862.69,2798.99,2805.53,4197640000,42931820000
2024-08-28,801750.SI,2795.22,2829.77,2771.46,2810.39,3717260000,36599830000
2024-08-29,801750.SI,2795.39,2869.44,2794.63,2855.41,3841910000,39792680000
2024-08-30,801750.SI,2856.01,2976.40,2856.00,2941.32,5747230000,64792470000
2024-09-02,801750.SI,2935.81,2940.75,2856.75,2856.76,4511270000,48818080000
2024-09-03,801750.SI,2858.11,2915.00,2857.98,2914.98,4288600000,45950330000
2024-09-04,801750.SI,2889.73,2921.10,2884.19,2892.38,3872930000,41175770000
2024-09-05,801750.SI,2902.46,2953.42,2902.30,2931.58,4333480000,45976120000
2024-09-06,801750.SI,2934.72,2940.56,2876.63,2877.14,4625880000,48145440000
2024-09-09,801750.SI,2852.13,2877.45,2829.39,2844.68,3837250000,37404880000
2024-09-10,801750.SI,2849.78,2924.96,2811.45,2909.24,4497740000,47047930000
2024-09-11,801750.SI,2894.66,2911.28,2888.69,2904.29,3829600000,39406540000
2024-09-12,801750.SI,2912.64,2942.48,2905.54,2908.44,4832720000,48287000000
2024-09-13,801750.SI,2907.31,2907.32,2862.28,2862.28,4524130000,45490470000
2024-09-18,801750.SI,2858.13,2879.45,2811.07,2855.49,4140010000,41504480000
2024-09-19,801750.SI,2874.31,2943.68,2849.31,2931.85,5360770000,57888850000
2024-09-20,801750.SI,2937.22,2983.77,2937.22,2976.67,6105180000,68025640000
2024-09-23,801750.SI,2981.80,3026.29,2976.12,3001.77,6159510000,71594560000
2024-09-24,801750.SI,3007.76,3095.35,2964.14,3095.35,8584260000,102759580000
2024-09-25,801750.SI,3120.35,3207.70,3115.65,3140.47,9589310000,117884480000
2024-09-26,801750.SI,3126.09,3253.27,3126.09,3253.27,8659210000,111741490000
2024-09-27,801750.SI,3311.88,3522.12,3311.84,3504.87,11091580000,151254200000
2024-09-30,801750.SI,3729.58,3973.80,3705.39,3968.77,14926360000,214436830000
2024-10-08,801750.SI,4534.38,4534.38,4225.98,4493.74,16770070000,271355070000
2024-10-09,801750.SI,4419.37,4621.08,4263.79,4286.56,17887530000,333781590000
2024-10-10,801750.SI,4339.97,4362.45,4058.88,4081.44,13911490000,258995980000
2024-10-11,801750.SI,3988.00,4039.40,3853.10,3911.64,11105380000,194279500000
2024-10-14,801750.SI,3930.54,4127.56,3836.54,4127.56,11386740000,205643350000
2024-10-15,801750.SI,4098.59,4273.83,4051.27,4051.27,12978280000,255191810000
2024-10-16,801750.SI,3948.31,4122.82,3948.31,4056.65,9687070000,184624410000
2024-10-17,801750.SI,4134.99,4239.79,4107.61,4125.25,12516360000,250526380000
2024-10-18,801750.SI,4094.10,4438.21,4058.35,4314.01,14834960000,290671660000
2024-10-21,801750.SI,4340.57,4515.75,4334.90,4449.04,15319310000,304711980000
2024-10-22,801750.SI,4430.61,4430.62,4280.07,4335.39,12264680000,237534880000
2024-10-23,801750.SI,4321.89,4426.14,4285.42,4311.11,11372940000,216446010000
2024-10-24,801750.SI,4267.13,4282.69,4230.31,4270.69,9082630000,167921190000
2024-10-25,801750.SI,4283.17,4358.11,4260.96,4310.47,9247260000,172539710000
2024-10-28,801750.SI,4305.07,4395.89,4298.21,4395.85,10476810000,190863810000
2024-10-29,801750.SI,4408.52,4497.22,4388.27,4390.51,12823850000,246818370000
2024-10-30,801750.SI,4359.30,4473.77,4358.82,4461.87,12073570000,229993650000
2024-10-31,801750.SI,4480.48,4608.50,4435.72,4542.76,15482050000,298841720000
2024-11-01,801750.SI,4506.82,4527.13,4268.38,4268.38,14512870000,264435160000
2024-11-04,801750.SI,4227.61,4380.14,4227.61,4380.14,8993290000,178036910000
2024-11-05,801750.SI,4385.38,4640.34,4382.49,4625.54,12511010000,264365010000
2024-11-06,801750.SI,4640.22,4743.20,4619.50,4653.92,14101220000,293400110000
2024-11-07,801750.SI,4597.06,4810.23,4585.54,4809.92,14237740000,274591880000
2024-11-08,801750.SI,4871.60,4989.10,4855.66,4883.34,14970730000,312284460000
2024-11-11,801750.SI,4872.40,5110.90,4872.40,5095.65,14798350000,327701810000
2024-11-12,801750.SI,5112.20,5114.31,4921.46,4993.50,14529600000,298698920000
2024-11-13,801750.SI,4958.63,5039.30,4914.58,5029.71,12163480000,253387420000
2024-11-14,801750.SI,4999.39,5029.93,4853.77,4862.44,11747330000,247549240000
2024-11-15,801750.SI,4839.57,4951.90,4716.79,4716.79,12555910000,259811010000
2024-11-18,801750.SI,4726.82,4726.82,4420.73,4449.87,11275560000,209357510000
2024-11-19,801750.SI,4442.74,4587.03,4397.60,4585.97,9809650000,185438930000
2024-11-20,801750.SI,4562.67,4735.19,4552.48,4688.75,10953870000,202971570000
2024-11-21,801750.SI,4661.93,4784.92,4648.52,4734.77,10551260000,207578410000
2024-11-22,801750.SI,4705.58,4809.69,4561.64,4562.76,12482510000,228483400000
2024-11-25,801750.SI,4590.71,4601.81,4439.49,4565.87,10539540000,185176350000
2024-11-26,801750.SI,4538.19,4603.13,4473.57,4475.18,8910110000,149297920000
2024-11-27,801750.SI,4442.94,4622.31,4373.02,4622.12,9881790000,170774560000
2024-11-28,801750.SI,4635.16,4704.49,4593.80,4599.79,10338620000,190436700000
2024-11-29,801750.SI,4581.98,4800.17,4576.97,4742.35,12198000000,229869840000
2024-12-02,801750.SI,4716.33,4809.59,4712.56,4800.41,11538180000,209928650000
2024-12-03,801750.SI,4799.48,4833.43,4735.30,4782.03,12383280000,217289510000
2024-12-04,801750.SI,4776.80,4809.09,4687.64,4716.22,12885310000,204268930000
2024-12-05,801750.SI,4700.56,4833.61,4700.55,4811.75,11924840000,201079650000
2024-12-06,801750.SI,4848.75,4928.82,4791.84,4859.01,14880190000,239682250000
2024-12-09,801750.SI,4851.45,4905.66,4779.02,4827.67,12269170000,202132010000
2024-12-10,801750.SI,5025.40,5025.40,4892.57,4899.57,14413100000,267717860000
2024-12-11,801750.SI,4870.64,4900.49,4844.12,4896.26,11706350000,202748350000
2024-12-12,801750.SI,4893.55,4930.77,4832.55,4929.19,11870630000,209080970000
2024-12-13,801750.SI,4877.08,4903.56,4797.20,4798.21,12566060000,214317140000
2024-12-16,801750.SI,4798.41,4798.61,4695.42,4722.15,10594830000,172281310000
2024-12-17,801750.SI,4706.78,4707.74,4587.96,4595.16,9103590000,151696750000
2024-12-18,801750.SI,4608.20,4705.22,4562.32,4673.36,8712730000,147050880000
2024-12-19,801750.SI,4609.27,4768.23,4606.41,4755.13,10583500000,182665860000
2024-12-20,801750.SI,4726.74,4844.77,4725.01,4795.93,9818830000,179363310000
2024-12-23,801750.SI,4789.08,4792.51,4602.03,4613.32,9419200000,161761210000
2024-12-24,801750.SI,4626.79,4642.11,4541.32,4622.02,7774710000,136535680000
2024-12-25,801750.SI,4608.03,4608.13,4495.83,4543.29,7346690000,132161920000
2024-12-26,801750.SI,4534.94,4649.07,4533.89,4617.87,6584120000,129027760000
2024-12-27,801750.SI,4611.64,4694.88,4576.62,4591.97,7337790000,149923230000
2024-12-30,801750.SI,4587.89,4624.57,4529.52,4591.19,6592460000,126923540000
2024-12-31,801750.SI,4607.72,4607.74,4407.29,4407.29,7561590000,140058100000
2025-01-02,801750.SI,4385.76,4385.79,4181.94,4228.08,7298210000,134994100000
2025-01-03,801750.SI,4234.57,4234.57,4015.25,4018.44,7124950000,118393210000
2025-01-06,801750.SI,4003.81,4064.43,3933.28,3963.29,5662860000,90697900000
2025-01-07,801750.SI,3981.37,4071.70,3981.37,4071.49,5702030000,94222190000
2025-01-08,801750.SI,4049.19,4089.18,3915.35,4050.23,7137170000,113158760000
2025-01-09,801750.SI,4026.03,4115.34,4026.03,4084.78,6127860000,99204910000
2025-01-10,801750.SI,4069.02,4118.21,3966.07,3966.07,6121580000,99980060000
2025-01-13,801750.SI,3915.93,4020.26,3885.18,3994.26,5416870000,87232530000
2025-01-14,801750.SI,4022.08,4239.35,4013.78,4239.35,7864770000,142788700000
2025-01-15,801750.SI,4233.51,4237.04,4184.48,4195.85,6886750000,119828820000
2025-01-16,801750.SI,4234.23,4324.70,4181.42,4217.47,7182110000,127837130000
2025-01-17,801750.SI,4190.18,4256.65,4179.90,4209.51,5726100000,104416800000
2025-01-20,801750.SI,4254.26,4267.30,4210.53,4228.49,5643330000,98623420000
2025-01-21,801750.SI,4255.54,4263.65,4196.69,4260.61,5477200000,101699800000
2025-01-22,801750.SI,4230.11,4251.30,4210.16,4228.64,5301520000,102014040000
2025-01-23,801750.SI,4283.10,4370.30,4218.80,4218.80,7845080000,143953960000
2025-01-24,801750.SI,4203.54,4376.96,4203.44,4375.93,8304240000,149452470000
2025-01-27,801750.SI,4452.76,4459.56,4311.96,4311.96,8135410000,149141640000
2025-02-05,801750.SI,4470.48,4608.15,4465.66,4582.24,10469790000,201241120000
2025-02-06,801750.SI,4575.32,4743.79,4542.68,4740.40,12864810000,237045060000
2025-02-07,801750.SI,4746.05,4976.74,4744.25,4892.72,16094190000,326519340000
2025-02-10,801750.SI,4965.44,5088.23,4949.31,5086.72,16212640000,315795940000
2025-02-11,801750.SI,5054.44,5140.27,5000.65,5031.82,15524690000,300354290000
2025-02-12,801750.SI,5017.99,5160.60,5017.99,5160.60,14561100000,286924210000
2025-02-13,801750.SI,5151.12,5190.44,5030.85,5093.94,15633720000,313975250000
2025-02-14,801750.SI,5081.21,5293.38,5065.64,5273.09,17402080000,341451910000
2025-02-17,801750.SI,5388.01,5419.05,5254.62,5305.95,18505070000,376704870000
2025-02-18,801750.SI,5258.92,5308.76,5096.80,5112.52,15185720000,309261880000
2025-02-19,801750.SI,5124.59,5250.28,5110.00,5249.01,13550850000,272767620000
2025-02-20,801750.SI,5229.41,5278.61,5176.78,5233.25,13290990000,260290400000
2025-02-21,801750.SI,5283.46,5457.55,5213.91,5440.49,17281360000,362912630000
2025-02-24,801750.SI,5427.24,5490.74,5350.44,5419.23,15260050000,327235990000
2025-02-25,801750.SI,5275.08,5452.02,5271.33,5350.73,14883770000,303166970000
2025-02-26,801750.SI,5367.50,5407.32,5298.92,5400.50,13259630000,278430330000
2025-02-27,801750.SI,5394.70,5422.35,5205.62,5298.86,13460330000,281086120000
2025-02-28,801750.SI,5256.22,5256.23,4999.61,5015.04,13134200000,252174620000
2025-03-03,801750.SI,5055.77,5128.00,4975.58,5027.23,11432690000,213603040000
2025-03-04,801750.SI,4959.15,5117.44,4959.15,5114.93,10929170000,188556780000
2025-03-05,801750.SI,5118.22,5183.33,5074.30,5171.32,11979090000,213679690000
2025-03-06,801750.SI,5249.39,5462.22,5249.37,5430.23,15745130000,318837350000
2025-03-07,801750.SI,5426.61,5469.62,5305.77,5352.89,16651490000,309698190000
2025-03-10,801750.SI,5342.12,5342.12,5214.73,5265.56,13005960000,221986230000
2025-03-11,801750.SI,5164.74,5274.39,5164.74,5262.89,11508760000,186501530000
2025-03-12,801750.SI,5316.00,5393.25,5291.42,5304.84,13749400000,237768390000
2025-03-13,801750.SI,5279.84,5289.73,5138.43,5192.78,12273290000,219866430000
2025-03-14,801750.SI,5168.27,5288.64,5142.98,5280.35,10536430000,210007200000
2025-03-17,801750.SI,5281.93,5306.48,5247.54,5272.80,9184100000,184857370000
2025-03-18,801750.SI,5295.20,5349.80,5270.35,5296.84,9794760000,183575050000
2025-03-19,801750.SI,5273.44,5274.23,5200.58,5221.10,8974440000,165717440000
2025-03-20,801750.SI,5207.59,5249.26,5164.39,5164.39,9119620000,174636860000
2025-03-21,801750.SI,5126.71,5132.15,4999.51,4999.51,9321880000,174013930000
2025-03-24,801750.SI,4990.93,4993.85,4794.75,4903.71,8779150000,151158170000
2025-03-25,801750.SI,4902.09,4902.11,4785.15,4798.23,6589460000,114545570000
2025-03-26,801750.SI,4791.55,4843.78,4788.26,4802.03,5135710000,90163880000
2025-03-27,801750.SI,4791.30,4843.39,4748.24,4790.52,5484020000,99950460000
2025-03-28,801750.SI,4786.69,4821.59,4755.15,4755.15,4762640000,84055080000
2025-03-31,801750.SI,4700.56,4756.08,4614.71,4742.95,6774540000,117386600000
2025-04-01,801750.SI,4753.25,4765.27,4694.44,4696.74,5576010000,98818670000
2025-04-02,801750.SI,4689.34,4750.40,4689.34,4715.58,4747770000,80291900000
2025-04-03,801750.SI,4655.53,4745.54,4641.01,4666.19,4791000000,86841520000
2025-04-07,801750.SI,4339.86,4388.17,4032.56,4080.58,7463900000,128959570000
2025-04-08,801750.SI,4078.25,4200.26,3997.45,4111.79,8866060000,139168560000
2025-04-09,801750.SI,4046.69,4297.38,3917.76,4270.82,9372750000,153269030000
2025-04-10,801750.SI,4367.29,4460.69,4352.87,4358.65,8232780000,145111110000
2025-04-11,801750.SI,4319.07,4444.66,4319.07,4396.07,6366220000,111765800000
2025-04-14,801750.SI,4454.87,4482.91,4422.77,4437.53,5990880000,102941370000
2025-04-15,801750.SI,4433.28,4442.39,4365.64,4401.63,5119280000,85185900000
2025-04-16,801750.SI,4382.15,4396.02,4282.88,4346.05,5472620000,88253520000
2025-04-17,801750.SI,4311.09,4409.99,4311.09,4353.67,5069730000,83446840000
2025-04-18,801750.SI,4347.47,4382.28,4327.49,4358.98,5223000000,85354420000
2025-04-21,801750.SI,4352.23,4477.54,4331.10,4477.54,6284510000,102435090000
2025-04-22,801750.SI,4478.98,4479.03,4428.04,4437.35,6601950000,105584100000
2025-04-23,801750.SI,4470.66,4510.55,4449.87,4473.57,7087590000,118117000000
2025-04-24,801750.SI,4466.60,4466.60,4357.40,4368.05,6032440000,98588530000
2025-04-25,801750.SI,4382.40,4440.85,4366.72,4402.22,5989550000,100580880000
2025-04-28,801750.SI,4406.28,4433.99,4375.73,4378.60,5948710000,100086600000
2025-04-29,801750.SI,4354.96,4421.00,4331.97,4408.20,6265860000,98202750000
2025-04-30,801750.SI,4417.98,4522.02,4415.80,4510.79,7303890000,125947850000
2025-05-06,801750.SI,4560.78,4675.65,4560.78,4675.65,8496150000,149833570000
2025-05-07,801750.SI,4763.28,4769.91,4614.08,4656.16,9599070000,160265120000
2025-05-08,801750.SI,4635.01,4696.50,4635.01,4689.30,7889600000,125986660000
2025-05-09,801750.SI,4680.32,4680.44,4592.90,4597.56,7206090000,119064040000
2025-05-12,801750.SI,4633.60,4678.30,4624.56,4678.30,6550620000,112718500000
2025-05-13,801750.SI,4727.24,4727.24,4634.71,4640.66,6722530000,112735510000
2025-05-14,801750.SI,4637.65,4719.55,4613.76,4680.77,7201380000,124978140000
2025-05-15,801750.SI,4664.54,4664.57,4541.84,4541.84,6218850000,104304890000
2025-05-16,801750.SI,4521.53,4569.02,4521.48,4539.44,4732330000,78763530000
2025-05-19,801750.SI,4543.19,4552.43,4488.31,4548.23,5018160000,80274180000
2025-05-20,801750.SI,4544.06,4568.83,4509.85,4557.35,5335420000,82440630000
2025-05-21,801750.SI,4554.78,4554.80,4513.28,4530.66,4833450000,78535380000
2025-05-22,801750.SI,4515.68,4550.55,4488.89,4490.72,4753150000,73453190000
2025-05-23,801750.SI,4488.43,4515.07,4402.26,4402.26,5436640000,87724250000
2025-05-26,801750.SI,4413.22,4464.69,4413.22,4463.45,4544060000,74254720000
2025-05-27,801750.SI,4453.24,4453.43,4409.14,4427.49,4506870000,73266710000
2025-05-28,801750.SI,4426.86,4439.65,4388.32,4397.86,4894620000,73874850000
2025-05-29,801750.SI,4403.79,4557.18,4403.78,4557.07,7587920000,121895410000
2025-05-30,801750.SI,4543.28,4543.28,4472.59,4480.16,6583530000,109847920000
2025-06-03,801750.SI,4477.84,4546.41,4477.84,4494.29,5741030000,99161350000
2025-06-04,801750.SI,4495.49,4535.22,4494.86,4529.19,5711260000,94768700000
2025-06-05,801750.SI,4537.54,4639.69,4537.48,4625.35,8036870000,137021780000
2025-06-06,801750.SI,4618.06,4631.97,4586.34,4605.38,6975960000,115846370000
2025-06-09,801750.SI,4611.20,4659.91,4598.19,4645.13,6927590000,114659870000
2025-06-10,801750.SI,4660.40,4660.40,4511.28,4558.47,7413680000,122160560000
2025-06-11,801750.SI,4567.48,4619.27,4550.40,4575.87,6106590000,109111230000
2025-06-12,801750.SI,4553.10,4607.39,4539.94,4575.83,6215230000,106790360000
2025-06-13,801750.SI,4558.96,4563.96,4481.92,4489.30,7294770000,123774840000
2025-06-16,801750.SI,4469.12,4578.50,4469.11,4578.50,6773580000,121770400000
2025-06-17,801750.SI,4579.43,4601.49,4557.43,4575.18,7376930000,127129410000
2025-06-18,801750.SI,4560.14,4577.66,4538.34,4566.20,6839940000,114900440000
2025-06-19,801750.SI,4571.73,4593.34,4476.37,4487.61,7007440000,118394320000
2025-06-20,801750.SI,4473.51,4477.80,4396.83,4407.30,5803010000,97694690000
2025-06-23,801750.SI,4368.76,4514.85,4368.76,4506.51,6497420000,111659260000
2025-06-24,801750.SI,4519.33,4621.68,4519.32,4615.29,7802780000,145107830000
2025-06-25,801750.SI,4608.45,4765.90,4608.45,4753.06,9891090000,194880590000
2025-06-26,801750.SI,4752.46,4830.60,4733.20,4763.82,10793290000,210752180000
2025-06-27,801750.SI,4775.38,4840.18,4743.69,4746.88,9492180000,179999380000
2025-06-30,801750.SI,4759.42,4806.01,4758.77,4798.64,8018270000,151386760000
2025-07-01,801750.SI,4797.92,4797.92,4710.36,4741.92,7723890000,138426210000
2025-07-02,801750.SI,4724.35,4724.48,4643.33,4664.15,6833880000,112048630000
2025-07-03,801750.SI,4662.19,4699.01,4658.13,4688.53,6082600000,100184600000
2025-07-04,801750.SI,4691.82,4754.80,4644.77,4686.20,7702390000,143548720000
2025-07-07,801750.SI,4675.30,4707.58,4669.09,4691.12,6570320000,120580790000
2025-07-08,801750.SI,4684.66,4775.67,4684.66,4772.16,7418990000,142962430000
2025-07-09,801750.SI,4773.58,4789.26,4745.25,4757.88,7289600000,135476570000
2025-07-10,801750.SI,4742.90,4781.29,4712.19,4745.16,7738980000,144033970000
2025-07-11,801750.SI,4749.36,4864.29,4715.84,4836.94,9637580000,194514130000
2025-07-14,801750.SI,4837.42,4837.42,4770.70,4794.40,7457410000,144398600000
2025-07-15,801750.SI,4787.63,4862.39,4763.53,4862.39,9376310000,180151950000
2025-07-16,801750.SI,4862.48,4905.47,4834.22,4857.63,8371840000,154991270000
2025-07-17,801750.SI,4851.53,4932.12,4845.24,4922.23,8576340000,172073340000
2025-07-18,801750.SI,4935.37,4973.69,4930.24,4939.70,8813850000,175538890000
2025-07-21,801750.SI,4918.82,4943.48,4896.12,4924.37,7437200000,144484460000
2025-07-22,801750.SI,4910.62,4918.10,4868.26,4888.49,7375130000,142075500000
2025-07-23,801750.SI,4876.48,4940.35,4864.28,4893.79,7559890000,148391000000
2025-07-24,801750.SI,4882.83,4961.46,4882.83,4961.46,6920560000,136983130000
2025-07-25,801750.SI,4978.30,5024.12,4964.33,5024.09,8964820000,170473800000
2025-07-28,801750.SI,5047.43,5047.43,4984.81,5016.83,8169580000,159981050000
2025-07-29,801750.SI,4993.48,5044.94,4945.38,5044.94,7528550000,153077930000
2025-07-30,801750.SI,5025.95,5027.49,4931.41,4964.56,7326410000,145630270000
2025-07-31,801750.SI,4958.73,5060.59,4958.73,4983.80,8898410000,181824220000
2025-08-01,801750.SI,5015.72,5029.96,4927.37,5013.90,8263150000,168234140000
2025-08-04,801750.SI,4968.38,5044.89,4968.35,5044.89,6788930000,134767960000
2025-08-05,801750.SI,5041.96,5057.50,5006.36,5057.50,6786460000,138073990000
2025-08-06,801750.SI,5048.91,5123.24,5039.86,5123.24,8318260000,160898030000
2025-08-07,801750.SI,5122.80,5150.48,5085.97,5114.88,8872810000,163622200000
2025-08-08,801750.SI,5100.43,5100.43,4993.28,4993.28,9003970000,162907130000
2025-08-11,801750.SI,4986.64,5100.95,4986.64,5090.32,7846570000,156697860000
2025-08-12,801750.SI,5083.48,5120.84,5067.78,5119.40,8629250000,173164260000
2025-08-13,801750.SI,5123.36,5184.43,5108.06,5171.55,10069380000,210738590000
2025-08-14,801750.SI,5179.95,5248.29,5139.49,5141.81,11970590000,243202840000
2025-08-15,801750.SI,5121.59,5274.47,5121.52,5261.95,10722020000,235617550000
2025-08-18,801750.SI,5288.75,5478.69,5288.75,5437.13,13714750000,309096910000
2025-08-19,801750.SI,5425.82,5503.44,5418.06,5445.30,13300270000,285178110000
2025-08-20,801750.SI,5406.63,5477.00,5328.08,5477.00,11548220000,248350220000
2025-08-21,801750.SI,5513.24,5551.23,5452.05,5487.14,12370810000,279764590000
2025-08-22,801750.SI,5489.04,5679.41,5489.04,5679.41,13404260000,315821440000
2025-08-25,801750.SI,5774.80,5817.39,5697.41,5758.76,15211220000,353469780000
2025-08-26,801750.SI,5740.13,5853.72,5740.13,5804.00,13687980000,318775900000
2025-08-27,801750.SI,5870.45,5930.61,5724.15,5724.15,17143490000,385919060000
2025-08-28,801750.SI,5691.83,5841.52,5620.32,5841.52,15722510000,342321340000
2025-08-29,801750.SI,5835.83,5835.83,5728.42,5755.35,12088050000,281249180000
2025-09-01,801750.SI,5804.68,5857.41,5741.14,5786.18,12201620000,277510230000
2025-09-02,801750.SI,5760.39,5760.39,5525.31,5551.13,12453120000,271167980000
2025-09-03,801750.SI,5561.25,5587.76,5382.57,5400.47,9950920000,206960450000
2025-09-04,801750.SI,5403.34,5427.53,5144.78,5229.53,9627030000,202265660000
2025-09-05,801750.SI,5243.07,5343.90,5179.49,5336.87,7795860000,160142590000
2025-09-08,801750.SI,5331.90,5386.57,5312.49,5378.36,7206760000,154613440000
2025-09-09,801750.SI,5363.56,5363.56,5252.54,5267.07,7067640000,142092920000
2025-09-10,801750.SI,5287.39,5352.11,5281.60,5307.24,6380500000,133884230000
2025-09-11,801750.SI,5337.59,5504.39,5281.85,5504.39,8941800000,205371370000
2025-09-12,801750.SI,5519.09,5603.24,5516.68,5516.68,9266500000,217079170000
2025-09-15,801750.SI,5521.85,5535.34,5480.84,5503.47,7957850000,178974090000
2025-09-16,801750.SI,5506.51,5617.07,5503.62,5617.07,8297470000,190954940000
2025-09-17,801750.SI,5598.09,5660.45,5576.02,5648.76,8014610000,196573200000
2025-09-18,801750.SI,5639.66,5751.44,5510.86,5578.51,11363030000,275945440000
2025-09-19,801750.SI,5579.40,5603.02,5496.11,5508.00,7731070000,172665100000
2025-09-22,801750.SI,5527.01,5601.57,5527.01,5601.57,7426650000,172777200000
2025-09-23,801750.SI,5594.17,5594.17,5351.69,5467.80,9488440000,205874750000
2025-09-24,801750.SI,5433.05,5605.64,5423.29,5605.64,8445810000,192392400000
2025-09-25,801750.SI,5605.51,5750.09,5605.51,5692.50,9078360000,213077750000
2025-09-26,801750.SI,5664.02,5667.65,5507.08,5507.08,7533310000,174992370000
2025-09-29,801750.SI,5514.18,5606.97,5458.64,5579.48,6473960000,160965850000
2025-09-30,801750.SI,5620.15,5665.78,5618.41,5642.86,6443350000,166274910000
2025-10-09,801750.SI,5663.87,5797.32,5649.03,5752.42,8456220000,219037250000
2025-10-10,801750.SI,5698.32,5698.33,5520.41,5539.48,7394690000,186001430000
2025-10-13,801750.SI,5331.86,5579.28,5331.86,5551.76,7149690000,178966920000
2025-10-14,801750.SI,5571.94,5598.00,5365.71,5386.26,7272220000,178714750000
2025-10-15,801750.SI,5385.76,5468.52,5337.77,5468.37,6008990000,134699660000
2025-10-16,801750.SI,5432.45,5433.78,5371.43,5405.06,5870250000,132225770000
2025-10-17,801750.SI,5394.17,5395.65,5227.51,5228.93,6295130000,134752060000
2025-10-20,801750.SI,5303.71,5319.63,5229.93,5261.87,5227910000,111110410000
2025-10-21,801750.SI,5276.03,5339.99,5259.45,5338.64,5211510000,111679450000
2025-10-22,801750.SI,5306.75,5335.57,5282.48,5306.41,4457440000,95085640000
2025-10-23,801750.SI,5310.29,5339.67,5217.53,5333.27,5249400000,107434480000
2025-10-24,801750.SI,5359.79,5415.96,5359.78,5415.96,6001570000,132713180000
2025-10-27,801750.SI,5464.27,5490.24,5412.63,5473.28,7022660000,159854690000
2025-10-28,801750.SI,5454.27,5542.92,5451.95,5480.49,6788670000,162516290000
2025-10-29,801750.SI,5473.33,5521.08,5458.69,5521.08,7329100000,162979240000
2025-10-30,801750.SI,5507.00,5542.72,5444.19,5452.58,7964930000,175879230000
2025-10-31,801750.SI,5436.39,5548.78,5436.36,5514.40,8307530000,179348990000
2025-11-03,801750.SI,5526.64,5567.32,5485.28,5567.22,8300320000,171935140000
2025-11-04,801750.SI,5533.43,5533.43,5452.86,5490.04,7594490000,153211590000
2025-11-05,801750.SI,5399.81,5456.80,5370.22,5436.54,6912390000,136867970000
2025-11-06,801750.SI,5435.69,5476.28,5396.62,5474.49,6513270000,136849990000
2025-11-07,801750.SI,5434.06,5434.06,5374.20,5374.20,6054270000,123611650000
2025-11-10,801750.SI,5382.30,5404.11,5351.68,5384.32,5578410000,115908920000
2025-11-11,801750.SI,5392.79,5398.40,5302.27,5308.31,5799510000,120579170000
2025-11-12,801750.SI,5291.10,5293.35,5210.06,5252.89,5400770000,107670520000
2025-11-13,801750.SI,5249.77,5308.93,5236.41,5308.46,5419710000,104257670000
2025-11-14,801750.SI,5259.67,5284.34,5211.21,5211.21,5484700000,102714380000
2025-11-17,801750.SI,5213.16,5310.99,5213.16,5298.45,7001710000,126305980000
2025-11-18,801750.SI,5290.37,5367.16,5263.43,5347.59,8243620000,149535210000
2025-11-19,801750.SI,5354.81,5354.81,5249.51,5272.42,7591760000,131150880000
2025-11-20,801750.SI,5310.08,5310.08,5219.49,5225.67,6959610000,125834010000
2025-11-21,801750.SI,5152.19,5215.86,5065.60,5068.36,8198900000,144636350000
2025-11-24,801750.SI,5102.67,5215.78,5029.30,5190.30,8649440000,155335870000
2025-11-25,801750.SI,5208.10,5307.13,5208.08,5247.18,8930750000,163133180000
2025-11-26,801750.SI,5229.23,5291.76,5218.45,5225.23,7526390000,144757030000
2025-11-27,801750.SI,5217.24,5257.59,5178.65,5182.24,6393000000,123526170000
2025-11-28,801750.SI,5179.33,5224.25,5156.43,5224.25,6315770000,113339480000
2025-12-01,801750.SI,5222.70,5262.59,5205.62,5257.58,6490200000,123763420000
2025-12-02,801750.SI,5249.83,5249.84,5178.79,5187.37,5663980000,105510980000
2025-12-03,801750.SI,5186.25,5186.25,5057.10,5069.98,6323600000,110835160000
2025-12-04,801750.SI,5062.56,5075.64,5017.61,5062.68,5610570000,95667650000
2025-12-05,801750.SI,5061.20,5142.47,5014.41,5133.80,5977800000,117960460000
2025-12-08,801750.SI,5150.77,5236.87,5150.77,5210.38,6693020000,138445920000
2025-12-09,801750.SI,5200.72,5223.87,5153.53,5159.75,6023490000,118271520000
2025-12-10,801750.SI,5113.71,5132.86,5069.56,5127.47,5690790000,107348290000
2025-12-11,801750.SI,5124.66,5124.70,5026.36,5026.36,5399320000,106715470000
2025-12-12,801750.SI,5021.20,5090.14,5003.45,5075.14,5595530000,120450780000
2025-12-15,801750.SI,5035.54,5075.80,5010.88,5010.88,4986320000,100913490000
2025-12-16,801750.SI,5012.27,5012.35,4927.87,4949.85,5796460000,112386160000
2025-12-17,801750.SI,4934.13,5031.79,4905.56,5024.59,6120840000,119847830000
2025-12-18,801750.SI,4982.52,5054.76,4982.52,5000.24,5164160000,97744250000
2025-12-19,801750.SI,5014.93,5069.96,5014.83,5040.48,5151770000,102070460000
2025-12-22,801750.SI,5054.25,5098.74,5054.22,5073.15,4969190000,103038350000
2025-12-23,801750.SI,5079.49,5079.49,5004.77,5020.06,4856400000,96017900000
2025-12-24,801750.SI,5011.40,5094.09,5011.40,5088.35,4732940000,97609760000
2025-12-25,801750.SI,5088.24,5141.05,5081.20,5131.41,5100750000,104582470000
2025-12-26,801750.SI,5124.82,5199.46,5119.48,5151.58,6392770000,131869930000
2025-12-29,801750.SI,5150.35,5183.23,5140.33,5159.54,6102920000,129895530000
2025-12-30,801750.SI,5153.16,5203.76,5153.15,5168.31,6276210000,130413460000
2025-12-31,801750.SI,5170.00,5239.34,5162.31,5211.26,7234420000,141373660000
2026-01-05,801750.SI,5239.01,5352.35,5234.11,5352.35,8483010000,178973080000
2026-01-06,801750.SI,5360.46,5469.82,5355.61,5469.82,8797640000,202634030000
2026-01-07,801750.SI,5461.28,5473.25,5403.30,5425.46,8237530000,180290450000
2026-01-08,801750.SI,5423.95,5527.13,5422.14,5494.35,10787380000,216936060000
2026-01-09,801750.SI,5484.32,5653.73,5484.32,5653.73,13408680000,265518350000
2026-01-12,801750.SI,5753.29,6073.31,5753.29,6063.95,17037130000,388953860000
2026-01-13,801750.SI,6166.10,6166.10,5930.40,5947.69,18039810000,408055530000
2026-01-14,801750.SI,5954.01,6296.80,5954.01,6151.34,20357210000,472947410000
2026-01-15,801750.SI,6101.10,6120.43,5953.37,6003.54,13006020000,298645690000
2026-01-16,801750.SI,5966.70,6017.44,5845.57,5869.85,11570140000,261529000000
2026-01-19,801750.SI,5824.86,5854.67,5770.92,5778.90,9626200000,208281960000
2026-01-20,801750.SI,5797.66,5816.22,5621.79,5666.58,8930110000,186924510000
2026-01-21,801750.SI,5629.91,5757.81,5629.91,5704.30,7533940000,172494990000
2026-01-22,801750.SI,5747.04,5792.89,5721.49,5757.79,8328720000,183525060000
2026-01-23,801750.SI,5766.22,5859.14,5740.60,5851.99,9903230000,209924410000
2026-01-26,801750.SI,5870.82,5888.13,5673.12,5734.24,10511560000,220987970000
2026-01-27,801750.SI,5717.10,5757.13,5618.57,5742.82,9081630000,187234230000
2026-01-28,801750.SI,5768.99,5807.22,5680.65,5684.10,8883110000,191245410000
2026-01-29,801750.SI,5649.36,5841.60,5600.46,5684.39,10873400000,237738000000
2026-01-30,801750.SI,5643.69,5644.43,5525.13,5573.00,8142590000,176634030000
2026-02-02,801750.SI,5554.08,5595.29,5422.91,5424.14,7539490000,158636750000
2026-02-03,801750.SI,5483.53,5569.30,5437.35,5569.30,7553230000,157842270000
2026-02-04,801750.SI,5523.86,5526.21,5406.87,5474.84,7555000000,159678690000
2026-02-05,801750.SI,5414.02,5457.34,5410.62,5428.74,6366700000,127237130000
2026-02-06,801750.SI,5384.83,5462.15,5337.61,5390.69,6400280000,129083590000
2026-02-09,801750.SI,5489.55,5548.38,5463.77,5546.12,7535130000,158140130000
2026-02-10,801750.SI,5561.65,5618.89,5545.22,5583.90,7723370000,163200510000
2026-02-11,801750.SI,5578.73,5610.38,5567.51,5568.77,7216740000,147124270000
2026-02-12,801750.SI,5602.79,5687.19,5578.12,5656.62,7809350000,175287060000
2026-02-13,801750.SI,5628.93,5735.99,5623.10,5624.98,8461280000,181964420000
2026-02-24,801750.SI,5676.37,5676.37,5500.56,5523.07,8018630000,175167640000
2026-02-25,801750.SI,5531.87,5554.57,5510.95,5534.77,7398090000,153881850000
2026-02-26,801750.SI,5544.18,5571.94,5503.43,5556.59,7900400000,164004720000
2026-02-27,801750.SI,5535.98,5689.49,5535.98,5659.84,9148800000,206289950000
2026-03-02,801750.SI,5548.87,5581.51,5470.90,5496.70,9530540000,207679270000
2026-03-03,801750.SI,5500.89,5500.89,5217.04,5225.38,9365310000,200276620000
2026-03-04,801750.SI,5153.34,5273.30,5153.34,5184.22,6274260000,135155570000
2026-03-05,801750.SI,5286.65,5300.06,5240.53,5271.28,7279650000,152153190000
2026-03-06,801750.SI,5246.19,5360.52,5246.18,5360.52,6815350000,145337400000
2026-03-09,801750.SI,5281.82,5468.15,5243.04,5446.59,9686210000,214086520000
2026-03-10,801750.SI,5516.05,5571.20,5442.47,5517.35,9679100000,222976370000
2026-03-11,801750.SI,5515.51,5538.25,5476.20,5486.45,8664350000,190344040000
2026-03-12,801750.SI,5468.41,5528.72,5427.36,5458.60,8146520000,183202760000
2026-03-13,801750.SI,5418.10,5418.11,5301.23,5311.29,7714290000,159612950000
2026-03-16,801750.SI,5298.41,5324.68,5237.55,5323.44,6283110000,132691620000
2026-03-17,801750.SI,5339.90,5339.90,5209.24,5209.24,6234520000,135467010000
2026-03-18,801750.SI,5226.34,5340.87,5210.18,5337.53,6587760000,144699010000
2026-03-19,801750.SI,5249.42,5319.88,5240.50,5260.89,6983400000,152952040000
2026-03-20,801750.SI,5277.00,5293.12,5059.22,5059.61,7416150000,154631640000
2026-03-23,801750.SI,4953.65,4986.98,4766.96,4792.67,7469100000,147715690000
2026-03-24,801750.SI,4881.53,4898.22,4770.13,4898.22,6286050000,123150350000
2026-03-25,801750.SI,4913.88,5024.84,4913.85,4987.67,6218810000,129999970000
2026-03-26,801750.SI,4981.56,4989.98,4838.10,4850.76,5714170000,111029270000
2026-03-27,801750.SI,4780.87,4910.32,4780.86,4885.69,4704520000,91819830000
2026-03-30,801750.SI,4800.76,4886.57,4753.84,4883.70,5033170000,97116660000
2026-03-31,801750.SI,4877.93,4936.56,4812.03,4814.59,4927690000,97172350000
2026-04-01,801750.SI,4918.63,4928.61,4891.23,4920.73,5094350000,108553480000
2026-04-02,801750.SI,4897.18,4897.18,4743.84,4767.72,5073040000,99117480000
2026-04-03,801750.SI,4805.85,4805.85,4706.80,4719.83,4777030000,90695080000
2026-04-07,801750.SI,4725.96,4778.20,4706.19,4732.27,4436670000,85168800000
2026-04-08,801750.SI,4852.05,5037.35,4851.93,5037.35,7485030000,161330040000
2026-04-09,801750.SI,4969.47,4981.55,4931.23,4952.35,6504770000,129864650000
2026-04-10,801750.SI,4996.73,5068.69,4996.70,5011.25,6522340000,140022120000
2026-04-13,801750.SI,4963.53,5066.02,4963.53,5041.59,5700580000,126943470000
2026-04-14,801750.SI,5116.69,5126.10,5058.87,5116.38,6672830000,146767240000
2026-04-15,801750.SI,5147.10,5147.10,5054.96,5069.53,6113860000,136146030000
2026-04-16,801750.SI,5091.49,5189.16,5091.30,5186.12,7051910000,153378430000
2026-04-17,801750.SI,5167.94,5202.13,5141.88,5179.19,6206550000,139038020000
2026-04-20,801750.SI,5195.60,5264.58,5195.60,5239.50,6604280000,159058290000
2026-04-21,801750.SI,5213.92,5213.93,5113.11,5143.03,5751660000,128445920000
2026-04-22,801750.SI,5128.90,5243.23,5124.45,5242.55,6675380000,157725960000
2026-04-23,801750.SI,5241.00,5261.14,5156.30,5188.10,6706990000,158516030000
2026-04-24,801750.SI,5167.83,5205.19,5067.81,5165.25,6973480000,167841840000
2026-04-27,801750.SI,5157.73,5190.15,5092.40,5170.97,6278290000,151107670000
2026-04-28,801750.SI,5132.44,5134.59,5038.03,5060.07,6496360000,151393070000
2026-04-29,801750.SI,5017.32,5115.18,5017.32,5103.51,6157000000,137101610000
2026-04-30,801750.SI,5094.69,5144.76,5081.72,5132.48,6642530000,152551200000
2026-05-06,801750.SI,5199.49,5352.58,5199.49,5306.48,8159740000,206180250000
2026-05-07,801750.SI,5331.40,5405.66,5298.98,5405.66,8003690000,196953440000
2026-05-08,801750.SI,5396.53,5476.52,5372.66,5430.55,8838960000,209950590000
2026-05-11,801750.SI,5472.22,5488.41,5413.90,5460.79,9257400000,231133620000
2026-05-12,801750.SI,5453.68,5453.68,5347.59,5366.29,7927510000,192004400000
2026-05-13,801750.SI,5338.74,5462.76,5317.93,5461.19,8301120000,203647350000
2026-05-14,801750.SI,5507.94,5519.06,5265.41,5265.41,8310380000,203179710000
2026-05-15,801750.SI,5270.06,5336.72,5176.08,5207.80,7614950000,181712250000
2026-05-18,801750.SI,5198.02,5298.62,5198.02,5268.56,6775780000,161256760000
2026-05-19,801750.SI,5271.58,5378.44,5265.79,5378.29,7515680000,181359400000
2026-05-20,801750.SI,5339.68,5365.31,5269.49,5286.28,7419010000,168830310000
2026-05-21,801750.SI,5326.33,5368.43,5084.48,5089.98,8926730000,210273220000
2026-05-22,801750.SI,5132.53,5175.93,5055.62,5157.95,6724910000,156368540000
2026-05-25,801750.SI,5176.21,5220.30,5107.91,5193.28,7233120000,173868420000
2026-05-26,801750.SI,5150.26,5152.76,5003.94,5096.70,7364110000,170051770000
2026-05-27,801750.SI,5077.35,5101.07,4922.31,4940.29,6776470000,151589010000
2026-05-28,801750.SI,4937.39,4970.36,4819.50,4946.69,6610740000,142558010000
2026-05-29,801750.SI,4996.11,5008.34,4746.78,4768.07,6963080000,155761740000
2026-06-01,801750.SI,4783.80,4943.00,4783.76,4863.08,6613550000,154678580000
2026-06-02,801750.SI,4887.34,4887.34,4750.97,4826.25,6266070000,138606950000
2026-06-03,801750.SI,4792.57,4872.03,4747.59,4784.02,6540880000,148557840000
2026-06-04,801750.SI,4732.23,4747.11,4671.80,4698.46,5583000000,121876410000
2026-06-05,801750.SI,4693.24,4757.49,4635.42,4674.13,6146010000,131753760000
2026-06-08,801750.SI,4535.98,4639.09,4487.17,4538.34,6039790000,127727860000
2026-06-09,801750.SI,4582.05,4616.81,4532.64,4616.81,5864250000,117655220000
2026-06-10,801750.SI,4578.82,4654.90,4496.83,4535.63,6341110000,131961150000
2026-06-11,801750.SI,4488.39,4488.39,4362.43,4393.22,5360410000,111807980000
2026-06-12,801750.SI,4453.98,4501.70,4425.60,4445.85,6283030000,130501850000
2026-06-15,801750.SI,4479.64,4582.37,4479.60,4578.06,6059580000,129248470000
2026-06-16,801750.SI,4570.08,4615.85,4527.01,4610.01,5928940000,123153670000
2026-06-17,801750.SI,4578.19,4636.06,4575.40,4623.91,5866310000,126795780000
2026-06-18,801750.SI,4609.44,4684.26,4583.36,4655.11,6029610000,136854980000
2026-06-22,801750.SI,4645.96,4753.45,4554.03,4752.50,7824600000,178321630000
2026-06-23,801750.SI,4722.42,4772.94,4639.87,4659.63,6691780000,154752810000
2026-06-24,801750.SI,4637.73,4658.20,4554.99,4655.13,6660700000,149083940000
2026-06-25,801750.SI,4654.34,4677.29,4577.13,4623.90,6822110000,169366060000
2026-06-26,801750.SI,4589.22,4589.24,4423.59,4423.59,6499330000,156927010000
2026-06-29,801750.SI,4427.79,4463.43,4350.79,4408.93,5688810000,133285010000
2026-06-30,801750.SI,4413.65,4569.35,4407.53,4563.54,5770110000,145902290000
2026-07-01,801750.SI,4577.19,4687.04,4577.19,4627.70,7114270000,174882720000
2026-07-02,801750.SI,4595.14,4641.86,4494.53,4498.59,6762960000,153280000000
2026-07-03,801750.SI,4506.60,4561.02,4499.85,4511.27,5388920000,126495870000
2026-07-06,801750.SI,4526.30,4526.30,4397.52,4464.74,5430400000,129106300000
2026-07-07,801750.SI,4440.46,4473.54,4337.66,4356.87,4850520000,110477820000
2026-07-08,801750.SI,4414.53,4503.53,4392.73,4463.21,6500320000,149313600000
2026-07-09,801750.SI,4454.77,4586.50,4445.62,4580.91,7156050000,178560050000
2026-07-10,801750.SI,4567.35,4757.86,4567.35,4635.06,8463960000,212579530000
2026-07-13,801750.SI,4618.26,4649.87,4429.57,4454.98,7280550000,170376910000
2026-07-14,801750.SI,4469.95,4477.48,4256.02,4408.60,6469890000,149713470000
2026-07-15,801750.SI,4393.23,4458.82,4370.44,4402.82,5809480000,130546570000
2026-07-16,801750.SI,4345.18,4518.45,4345.18,4433.71,6130360000,138463920000
2026-07-17,801750.SI,4407.41,4434.45,4165.18,4183.77,7189101000,153344362600
